timestamp,packet_counter,right_thigh_q1,right_thigh_q2,right_thigh_q3,right_thigh_q4,right_calf_q1,right_calf_q2,right_calf_q3,right_calf_q4,left_thigh_q1,left_thigh_q2,left_thigh_q3,left_thigh_q4,left_calf_q1,left_calf_q2,left_calf_q3,left_calf_q4,trunk_q1,trunk_q2,trunk_q3,trunk_q4,right_foot_q0,right_foot_q1,right_foot_q2,right_foot_q3,right_pressure0,right_pressure1,right_pressure2,right_pressure3,right_pressure4,right_pressure5,right_pressure6,right_pressure7,right_pressure8,right_pressure9,right_pressure10,right_pressure11,right_pressure12,right_pressure13,right_pressure14,right_pressure15,right_pressure16,right_pressure17,right_pressure18,right_pressure19,right_pressure20,right_pressure21,right_pressure22,right_pressure23,right_pressure24,right_pressure25,right_pressure26,right_pressure27,right_pressure28,right_pressure29,right_pressure30,right_pressure31,right_pressure32,right_pressure33,right_pressure34,right_pressure35,right_pressure36,right_pressure37,right_pressure38,right_pressure39,right_pressure40,right_pressure41,right_pressure42,right_pressure43,right_pressure44,left_foot_q0,left_foot_q1,left_foot_q2,left_foot_q3,left_pressure0,left_pressure1,left_pressure2,left_pressure3,left_pressure4,left_pressure5,left_pressure6,left_pressure7,left_pressure8,left_pressure9,left_pressure10,left_pressure11,left_pressure12,left_pressure13,left_pressure14,left_pressure15,left_pressure16,left_pressure17,left_pressure18,left_pressure19,left_pressure20,left_pressure21,left_pressure22,left_pressure23,left_pressure24,left_pressure25,left_pressure26,left_pressure27,left_pressure28,left_pressure29,left_pressure30,left_pressure31,left_pressure32,left_pressure33,left_pressure34,left_pressure35,left_pressure36,left_pressure37,left_pressure38,left_pressure39,left_pressure40,left_pressure41,left_pressure42,left_pressure43,left_pressure44,right_pressure_sum,left_pressure_sum
13:12.8,12907,-0.188,-0.155,-0.768,-0.592,-0.53,-0.308,-0.604,-0.51,-0.743,-0.527,-0.396,-0.112,-0.465,-0.377,-0.623,-0.502,-0.413,-0.768,-0.373,-0.316,0.45,0.533,-0.506,0.508,0.01,0.006,0.007,0.001,0.424,0.114,0.128,0.028,0.009,0.16,0.396,0.244,0.179,0.375,0.341,0.392,0.12,0.006,0.278,0.422,0.194,0.001,0.27,0.53,0.759,0.261,0.377,0.137,0.118,0.031,0.001,0.1,0.619,0.74,0.391,0.38,0.005,0.711,0.737,1.397,0.408,0.437,0.178,0.27,0.535,-0.015,-0.846,0.065,-0.529,0,0.274,0.001,0,0,0,0,0.001,0,0.001,0.063,0.001,0,0,0,0.004,0.001,0,0,0,0.001,0,0,0,0.007,0.001,0,0,0,0,0,0.001,0.001,0.001,0,0,0,0.007,0.28,0.001,0.001,0,0.001,0,0,13.227,0.648
13:12.9,12908,-0.191,-0.154,-0.768,-0.591,-0.53,-0.306,-0.605,-0.509,-0.742,-0.53,-0.395,-0.111,-0.47,-0.376,-0.621,-0.502,-0.411,-0.769,-0.373,-0.316,0.45,0.533,-0.506,0.508,0.01,0.006,0.007,0.001,0.424,0.114,0.128,0.028,0.009,0.16,0.396,0.244,0.179,0.375,0.341,0.392,0.12,0.006,0.278,0.422,0.194,0.001,0.27,0.53,0.759,0.261,0.377,0.137,0.118,0.031,0.001,0.1,0.619,0.74,0.391,0.38,0.005,0.711,0.737,1.397,0.408,0.437,0.178,0.27,0.535,0.08,-0.78,0.076,-0.616,0.001,0.306,0.001,0.001,0,0.001,0.001,0.001,0.001,0.01,0.073,0.001,0.001,0.001,0,0.007,0,0,0.001,0.001,0,0.001,0,0.001,0.007,0,0,0.001,0,0.001,0,0,0,0,0.001,0,0,0.01,0.286,0,0,0.001,0,0.001,0,13.227,0.718
13:12.9,12909,-0.193,-0.153,-0.769,-0.59,-0.531,-0.304,-0.605,-0.509,-0.742,-0.532,-0.392,-0.111,-0.475,-0.373,-0.619,-0.502,-0.407,-0.771,-0.374,-0.315,0.45,0.533,-0.506,0.508,0.01,0.006,0.007,0.001,0.424,0.114,0.128,0.028,0.009,0.16,0.396,0.244,0.179,0.375,0.341,0.392,0.12,0.006,0.278,0.422,0.194,0.001,0.27,0.53,0.759,0.261,0.377,0.137,0.118,0.031,0.001,0.1,0.619,0.74,0.391,0.38,0.005,0.711,0.737,1.397,0.408,0.437,0.178,0.27,0.535,0.097,-0.775,0.078,-0.62,1.305,1.043,0.484,0.001,0,0.001,0,0,0.454,0.763,0.781,0,0,0.001,0.001,0.048,0.007,0.002,0.59,0.404,0,0.001,0,0,0.048,0,0.001,0.001,0.001,0.001,0,0.001,0.005,0.039,0.001,0.001,0,0.154,0.484,0.001,0,0,0.001,0,0.001,13.227,6.626
13:12.9,12910,-0.194,-0.153,-0.769,-0.59,-0.531,-0.302,-0.606,-0.509,-0.743,-0.533,-0.389,-0.11,-0.486,-0.372,-0.612,-0.501,-0.403,-0.774,-0.374,-0.315,0.45,0.507,-0.542,0.497,0.012,0.004,0.001,0.001,0.4,0.116,0.128,0.029,0.006,0.149,0.375,0.209,0.175,0.372,0.346,0.392,0.122,0.001,0.248,0.389,0.171,0.001,0.267,0.531,0.761,0.259,0.375,0.126,0.087,0.039,0.001,0.103,0.619,0.736,0.397,0.382,0.005,0.712,0.737,1.391,0.409,0.44,0.182,0.276,0.537,0.097,-0.775,0.078,-0.62,1.305,1.043,0.484,0.001,0,0.001,0,0,0.454,0.763,0.781,0,0,0.001,0.001,0.048,0.007,0.002,0.59,0.404,0,0.001,0,0,0.048,0,0.001,0.001,0.001,0.001,0,0.001,0.005,0.039,0.001,0.001,0,0.154,0.484,0.001,0,0,0.001,0,0.001,13.019,6.626
13:12.9,12911,-0.195,-0.154,-0.769,-0.589,-0.531,-0.3,-0.606,-0.51,-0.747,-0.523,-0.385,-0.107,-0.499,-0.375,-0.6,-0.5,-0.399,-0.776,-0.373,-0.315,0.451,0.501,-0.549,0.494,0.026,0.001,0.001,0.001,0.031,0.001,0.096,0.016,0.001,0.093,0.131,0.001,0.001,0.032,0.27,0.36,0.126,0.001,0.147,0.059,0.002,0.001,0.001,0.468,0.742,0.234,0.391,0.001,0.004,0.001,0.001,0.001,0.612,0.742,0.365,0.382,0.001,0.777,0.786,1.402,0.418,0.516,0.221,0.403,0.613,0.097,-0.775,0.078,-0.62,1.305,1.043,0.484,0.001,0,0.001,0,0,0.454,0.763,0.781,0,0,0.001,0.001,0.048,0.007,0.002,0.59,0.404,0,0.001,0,0,0.048,0,0.001,0.001,0.001,0.001,0,0.001,0.005,0.039,0.001,0.001,0,0.154,0.484,0.001,0,0,0.001,0,0.001,10.48,6.626
13:12.9,12912,-0.194,-0.154,-0.769,-0.589,-0.531,-0.298,-0.607,-0.51,-0.752,-0.528,-0.381,-0.101,-0.51,-0.384,-0.578,-0.499,-0.394,-0.778,-0.374,-0.315,0.453,0.492,-0.559,0.49,0.028,0.001,0.001,0.001,0.013,0.001,0.082,0.011,0.001,0.087,0.118,0.001,0.001,0.021,0.241,0.35,0.125,0.001,0.128,0.04,0.002,0.001,0.001,0.443,0.741,0.227,0.379,0.001,0.002,0.001,0.001,0.001,0.615,0.744,0.359,0.388,0.001,0.818,0.796,1.403,0.422,0.542,0.227,0.425,0.636,0.097,-0.775,0.078,-0.62,1.305,1.043,0.484,0.001,0,0.001,0,0,0.454,0.763,0.781,0,0,0.001,0.001,0.048,0.007,0.002,0.59,0.404,0,0.001,0,0,0.048,0,0.001,0.001,0.001,0.001,0,0.001,0.005,0.039,0.001,0.001,0,0.154,0.484,0.001,0,0,0.001,0,0.001,10.428,6.626
13:12.9,12913,-0.193,-0.155,-0.769,-0.59,-0.532,-0.295,-0.608,-0.511,-0.757,-0.525,-0.377,-0.093,-0.517,-0.396,-0.573,-0.499,-0.39,-0.78,-0.374,-0.316,0.455,0.485,-0.567,0.487,0.027,0.001,0.001,0.001,0.005,0.001,0.084,0.006,0.001,0.083,0.092,0.001,0.001,0.042,0.212,0.341,0.123,0.001,0.112,0.029,0.005,0.001,0.001,0.432,0.735,0.22,0.381,0.001,0.001,0.001,0.001,0.001,0.618,0.745,0.355,0.385,0.001,0.808,0.806,1.404,0.426,0.556,0.234,0.446,0.654,0.097,-0.775,0.078,-0.62,1.305,1.043,0.484,0.001,0,0.001,0,0,0.454,0.763,0.781,0,0,0.001,0.001,0.048,0.007,0.002,0.59,0.404,0,0.001,0,0,0.048,0,0.001,0.001,0.001,0.001,0,0.001,0.005,0.039,0.001,0.001,0,0.154,0.484,0.001,0,0,0.001,0,0.001,10.382,6.626
13:12.9,12914,-0.19,-0.155,-0.769,-0.59,-0.532,-0.293,-0.608,-0.511,-0.762,-0.522,-0.373,-0.084,-0.517,-0.409,-0.555,-0.499,-0.386,-0.781,-0.374,-0.318,0.458,0.472,-0.578,0.482,0.032,0.001,0.001,0.001,0.001,0.001,0.074,0.006,0,0.06,0.09,0.001,0.001,0.048,0.173,0.31,0.128,0.001,0.106,0.031,0.007,0.001,0.001,0.38,0.728,0.211,0.389,0.001,0.002,0.001,0.001,0.001,0.6,0.751,0.342,0.397,0.001,0.846,0.817,1.415,0.437,0.6,0.247,0.454,0.663,0.097,-0.775,0.078,-0.62,1.305,1.043,0.484,0.001,0,0.001,0,0,0.454,0.763,0.781,0,0,0.001,0.001,0.048,0.007,0.002,0.59,0.404,0,0.001,0,0,0.048,0,0.001,0.001,0.001,0.001,0,0.001,0.005,0.039,0.001,0.001,0,0.154,0.484,0.001,0,0,0.001,0,0.001,10.359,6.626
13:12.9,12915,-0.187,-0.155,-0.769,-0.591,-0.533,-0.29,-0.609,-0.51,-0.767,-0.519,-0.37,-0.076,-0.512,-0.422,-0.556,-0.5,-0.384,-0.781,-0.374,-0.32,0.46,0.463,-0.588,0.479,0.031,0.001,0.001,0.001,0.001,0.001,0.078,0.004,0.001,0.054,0.085,0.001,0.001,0.072,0.156,0.313,0.131,0.001,0.089,0.031,0.012,0.001,0.001,0.328,0.719,0.205,0.393,0.001,0.002,0.001,0.001,0.001,0.552,0.746,0.328,0.408,0.001,0.832,0.824,1.407,0.44,0.639,0.256,0.49,0.675,0.097,-0.775,0.078,-0.62,1.305,1.043,0.484,0.001,0,0.001,0,0,0.454,0.763,0.781,0,0,0.001,0.001,0.048,0.007,0.002,0.59,0.404,0,0.001,0,0,0.048,0,0.001,0.001,0.001,0.001,0,0.001,0.005,0.039,0.001,0.001,0,0.154,0.484,0.001,0,0,0.001,0,0.001,10.316,6.626
13:12.9,12916,-0.183,-0.155,-0.769,-0.592,-0.535,-0.286,-0.609,-0.51,-0.77,-0.516,-0.367,-0.072,-0.504,-0.435,-0.553,-0.501,-0.383,-0.781,-0.374,-0.322,0.464,0.448,-0.601,0.472,0.031,0.001,0.001,0.001,0.001,0.001,0.056,0.004,0.001,0.051,0.077,0.001,0.001,0.061,0.147,0.302,0.134,0.001,0.072,0.031,0.012,0.001,0.001,0.291,0.705,0.195,0.397,0.001,0.002,0.001,0.001,0.001,0.51,0.748,0.319,0.42,0.001,0.832,0.838,1.403,0.447,0.687,0.265,0.515,0.691,0.097,-0.775,0.078,-0.62,1.305,1.043,0.484,0.001,0,0.001,0,0,0.454,0.763,0.781,0,0,0.001,0.001,0.048,0.007,0.002,0.59,0.404,0,0.001,0,0,0.048,0,0.001,0.001,0.001,0.001,0,0.001,0.005,0.039,0.001,0.001,0,0.154,0.484,0.001,0,0,0.001,0,0.001,10.259,6.626
13:12.9,12917,-0.18,-0.155,-0.769,-0.593,-0.537,-0.283,-0.61,-0.51,-0.772,-0.515,-0.364,-0.073,-0.493,-0.448,-0.551,-0.503,-0.383,-0.78,-0.374,-0.324,0.464,0.448,-0.601,0.472,0.031,0.001,0.001,0.001,0.001,0.001,0.056,0.004,0.001,0.051,0.077,0.001,0.001,0.061,0.147,0.302,0.134,0.001,0.072,0.031,0.012,0.001,0.001,0.291,0.705,0.195,0.397,0.001,0.002,0.001,0.001,0.001,0.51,0.748,0.319,0.42,0.001,0.832,0.838,1.403,0.447,0.687,0.265,0.515,0.691,0.145,-0.756,0.071,-0.635,1.308,1.039,0.534,0.001,0.001,0.001,0,0.001,0.43,0.772,0.796,0.001,0,0,0.001,0.032,0,0.002,0.6,0.437,0,0.001,0.001,0,0.044,0.001,0,0.001,0.001,0,0,0,0.001,0.04,0,0,0,0.194,0.515,0.001,0.001,0.001,0.004,0.001,0,10.259,6.763
13:13.0,12918,-0.177,-0.155,-0.769,-0.595,-0.539,-0.28,-0.61,-0.509,-0.773,-0.515,-0.36,-0.08,-0.481,-0.458,-0.549,-0.507,-0.384,-0.779,-0.374,-0.326,0.464,0.448,-0.601,0.472,0.031,0.001,0.001,0.001,0.001,0.001,0.056,0.004,0.001,0.051,0.077,0.001,0.001,0.061,0.147,0.302,0.134,0.001,0.072,0.031,0.012,0.001,0.001,0.291,0.705,0.195,0.397,0.001,0.002,0.001,0.001,0.001,0.51,0.748,0.319,0.42,0.001,0.832,0.838,1.403,0.447,0.687,0.265,0.515,0.691,0.131,-0.755,0.086,-0.637,1.118,1.021,0.63,0,0,0.001,0.001,0.001,0.193,0.773,0.845,0.001,0,0,0,0.015,0,0.001,0.546,0.443,0,0,0.001,0.001,0.435,0.001,0.053,0.001,0.001,0,0,0,0.126,0.253,0.001,0.038,0,0.217,0.777,0.001,0,0.023,0.001,0,0,10.259,7.519
13:13.0,12919,-0.175,-0.155,-0.768,-0.597,-0.541,-0.277,-0.61,-0.509,-0.773,-0.518,-0.353,-0.094,-0.468,-0.467,-0.549,-0.511,-0.386,-0.777,-0.374,-0.327,0.464,0.448,-0.601,0.472,0.031,0.001,0.001,0.001,0.001,0.001,0.056,0.004,0.001,0.051,0.077,0.001,0.001,0.061,0.147,0.302,0.134,0.001,0.072,0.031,0.012,0.001,0.001,0.291,0.705,0.195,0.397,0.001,0.002,0.001,0.001,0.001,0.51,0.748,0.319,0.42,0.001,0.832,0.838,1.403,0.447,0.687,0.265,0.515,0.691,0.119,-0.753,0.101,-0.64,1.212,1.023,0.694,0,0,0.001,0,0.001,0.214,0.814,0.863,0.018,0,0.001,0.001,0.073,0.001,0.002,0.593,0.518,0,0,0.001,0,0.499,0,0.111,0.001,0.001,0,0,0,0.162,0.374,0,0.1,0,0.215,0.869,0,0.001,0.027,0.004,0,0,10.259,8.394
13:13.0,12920,-0.173,-0.156,-0.766,-0.599,-0.542,-0.274,-0.61,-0.508,-0.771,-0.525,-0.342,-0.112,-0.456,-0.474,-0.55,-0.515,-0.387,-0.776,-0.375,-0.327,0.464,0.448,-0.601,0.472,0.031,0.001,0.001,0.001,0.001,0.001,0.056,0.004,0.001,0.051,0.077,0.001,0.001,0.061,0.147,0.302,0.134,0.001,0.072,0.031,0.012,0.001,0.001,0.291,0.705,0.195,0.397,0.001,0.002,0.001,0.001,0.001,0.51,0.748,0.319,0.42,0.001,0.832,0.838,1.403,0.447,0.687,0.265,0.515,0.691,0.107,-0.749,0.116,-0.643,1.297,1.012,0.744,0.006,0.001,0.001,0.001,0.002,0.26,0.84,0.873,0.099,0.001,0.001,0.001,0.148,0,0.004,0.653,0.558,0,0.001,0.001,0.001,0.551,0.001,0.144,0.001,0.001,0,0,0,0.219,0.463,0.001,0.143,0,0.226,0.872,0.001,0,0.043,0.029,0.001,0,10.259,9.201
13:13.0,12921,-0.171,-0.157,-0.765,-0.601,-0.545,-0.271,-0.61,-0.508,-0.764,-0.536,-0.333,-0.136,-0.445,-0.479,-0.552,-0.518,-0.387,-0.776,-0.376,-0.327,0.464,0.448,-0.601,0.472,0.031,0.001,0.001,0.001,0.001,0.001,0.056,0.004,0.001,0.051,0.077,0.001,0.001,0.061,0.147,0.302,0.134,0.001,0.072,0.031,0.012,0.001,0.001,0.291,0.705,0.195,0.397,0.001,0.002,0.001,0.001,0.001,0.51,0.748,0.319,0.42,0.001,0.832,0.838,1.403,0.447,0.687,0.265,0.515,0.691,0.107,-0.749,0.116,-0.643,1.297,1.012,0.744,0.006,0.001,0.001,0.001,0.002,0.26,0.84,0.873,0.099,0.001,0.001,0.001,0.148,0,0.004,0.653,0.558,0,0.001,0.001,0.001,0.551,0.001,0.144,0.001,0.001,0,0,0,0.219,0.463,0.001,0.143,0,0.226,0.872,0.001,0,0.043,0.029,0.001,0,10.259,9.201
13:13.0,12922,-0.17,-0.158,-0.763,-0.603,-0.548,-0.268,-0.609,-0.507,-0.75,-0.55,-0.33,-0.162,-0.436,-0.482,-0.554,-0.521,-0.387,-0.776,-0.377,-0.326,0.464,0.448,-0.601,0.472,0.031,0.001,0.001,0.001,0.001,0.001,0.056,0.004,0.001,0.051,0.077,0.001,0.001,0.061,0.147,0.302,0.134,0.001,0.072,0.031,0.012,0.001,0.001,0.291,0.705,0.195,0.397,0.001,0.002,0.001,0.001,0.001,0.51,0.748,0.319,0.42,0.001,0.832,0.838,1.403,0.447,0.687,0.265,0.515,0.691,0.107,-0.749,0.116,-0.643,1.297,1.012,0.744,0.006,0.001,0.001,0.001,0.002,0.26,0.84,0.873,0.099,0.001,0.001,0.001,0.148,0,0.004,0.653,0.558,0,0.001,0.001,0.001,0.551,0.001,0.144,0.001,0.001,0,0,0,0.219,0.463,0.001,0.143,0,0.226,0.872,0.001,0,0.043,0.029,0.001,0,10.259,9.201
13:13.0,12923,-0.168,-0.16,-0.76,-0.606,-0.552,-0.266,-0.608,-0.505,-0.734,-0.563,-0.334,-0.185,-0.428,-0.483,-0.557,-0.523,-0.386,-0.776,-0.377,-0.326,0.464,0.448,-0.601,0.472,0.031,0.001,0.001,0.001,0.001,0.001,0.056,0.004,0.001,0.051,0.077,0.001,0.001,0.061,0.147,0.302,0.134,0.001,0.072,0.031,0.012,0.001,0.001,0.291,0.705,0.195,0.397,0.001,0.002,0.001,0.001,0.001,0.51,0.748,0.319,0.42,0.001,0.832,0.838,1.403,0.447,0.687,0.265,0.515,0.691,0.107,-0.749,0.116,-0.643,1.297,1.012,0.744,0.006,0.001,0.001,0.001,0.002,0.26,0.84,0.873,0.099,0.001,0.001,0.001,0.148,0,0.004,0.653,0.558,0,0.001,0.001,0.001,0.551,0.001,0.144,0.001,0.001,0,0,0,0.219,0.463,0.001,0.143,0,0.226,0.872,0.001,0,0.043,0.029,0.001,0,10.259,9.201
13:13.0,12924,-0.168,-0.163,-0.757,-0.61,-0.557,-0.265,-0.605,-0.502,-0.717,-0.574,-0.344,-0.201,-0.423,-0.484,-0.559,-0.524,-0.384,-0.776,-0.378,-0.326,0.442,0.362,-0.662,0.485,0.027,0.001,0.001,0.001,0.001,0.001,0.049,0.004,0.001,0.046,0.072,0.001,0.001,0.073,0.116,0.278,0.139,0.001,0.067,0.029,0.018,0.001,0.001,0.247,0.678,0.188,0.413,0.001,0.001,0.001,0.001,0.001,0.47,0.751,0.308,0.422,0.001,0.817,0.86,1.405,0.448,0.733,0.278,0.53,0.691,0.107,-0.749,0.116,-0.643,1.297,1.012,0.744,0.006,0.001,0.001,0.001,0.002,0.26,0.84,0.873,0.099,0.001,0.001,0.001,0.148,0,0.004,0.653,0.558,0,0.001,0.001,0.001,0.551,0.001,0.144,0.001,0.001,0,0,0,0.219,0.463,0.001,0.143,0,0.226,0.872,0.001,0,0.043,0.029,0.001,0,10.174,9.201
13:13.0,12925,-0.167,-0.168,-0.752,-0.615,-0.564,-0.265,-0.602,-0.499,-0.704,-0.578,-0.357,-0.21,-0.419,-0.485,-0.56,-0.525,-0.381,-0.777,-0.38,-0.326,0.436,0.35,-0.669,0.489,0.001,0.001,0.001,0.001,0.001,0.001,0.001,0.004,0.001,0.001,0.001,0.001,0.001,0.006,0.059,0.138,0.23,0.001,0.001,0.001,0.001,0.001,0.001,0.076,0.346,0.123,0.482,0.001,0.001,0.001,0.001,0.001,0.286,0.593,0.217,0.597,0.001,0.623,0.922,1.41,0.455,0.907,0.276,0.426,0.593,0.107,-0.749,0.116,-0.643,1.297,1.012,0.744,0.006,0.001,0.001,0.001,0.002,0.26,0.84,0.873,0.099,0.001,0.001,0.001,0.148,0,0.004,0.653,0.558,0,0.001,0.001,0.001,0.551,0.001,0.144,0.001,0.001,0,0,0,0.219,0.463,0.001,0.143,0,0.226,0.872,0.001,0,0.043,0.029,0.001,0,8.793,9.201
13:13.0,12926,-0.167,-0.173,-0.746,-0.62,-0.572,-0.266,-0.597,-0.496,-0.695,-0.58,-0.367,-0.213,-0.416,-0.486,-0.559,-0.527,-0.376,-0.779,-0.381,-0.325,0.436,0.35,-0.669,0.489,0.001,0.001,0.001,0.001,0.001,0.001,0.001,0.004,0.001,0.001,0.001,0.001,0.001,0.006,0.059,0.138,0.23,0.001,0.001,0.001,0.001,0.001,0.001,0.076,0.346,0.123,0.482,0.001,0.001,0.001,0.001,0.001,0.286,0.593,0.217,0.597,0.001,0.623,0.922,1.41,0.455,0.907,0.276,0.426,0.593,0.107,-0.749,0.116,-0.643,1.297,1.012,0.744,0.006,0.001,0.001,0.001,0.002,0.26,0.84,0.873,0.099,0.001,0.001,0.001,0.148,0,0.004,0.653,0.558,0,0.001,0.001,0.001,0.551,0.001,0.144,0.001,0.001,0,0,0,0.219,0.463,0.001,0.143,0,0.226,0.872,0.001,0,0.043,0.029,0.001,0,8.793,9.201
13:13.0,12927,-0.167,-0.18,-0.739,-0.627,-0.581,-0.267,-0.59,-0.492,-0.692,-0.581,-0.373,-0.211,-0.414,-0.488,-0.559,-0.528,-0.372,-0.781,-0.383,-0.323,0.436,0.35,-0.669,0.489,0.001,0.001,0.001,0.001,0.001,0.001,0.001,0.004,0.001,0.001,0.001,0.001,0.001,0.006,0.059,0.138,0.23,0.001,0.001,0.001,0.001,0.001,0.001,0.076,0.346,0.123,0.482,0.001,0.001,0.001,0.001,0.001,0.286,0.593,0.217,0.597,0.001,0.623,0.922,1.41,0.455,0.907,0.276,0.426,0.593,0.086,-0.725,0.121,-0.673,1.358,1.001,0.781,0.042,0.011,0.001,0.001,0.004,0.336,0.858,0.882,0.186,0.001,0.001,0.001,0.171,0.001,0.006,0.714,0.609,0.009,0,0.001,0.001,0.589,0.001,0.159,0.001,0.001,0.001,0,0.001,0.214,0.493,0.001,0.188,0,0.272,0.863,0.001,0.018,0.049,0.059,0,0.002,8.793,9.889
13:13.1,12928,-0.167,-0.19,-0.732,-0.633,-0.589,-0.269,-0.584,-0.49,-0.692,-0.581,-0.376,-0.206,-0.414,-0.488,-0.557,-0.529,-0.368,-0.783,-0.384,-0.322,0.436,0.35,-0.669,0.489,0.001,0.001,0.001,0.001,0.001,0.001,0.001,0.004,0.001,0.001,0.001,0.001,0.001,0.006,0.059,0.138,0.23,0.001,0.001,0.001,0.001,0.001,0.001,0.076,0.346,0.123,0.482,0.001,0.001,0.001,0.001,0.001,0.286,0.593,0.217,0.597,0.001,0.623,0.922,1.41,0.455,0.907,0.276,0.426,0.593,0.086,-0.725,0.121,-0.673,1.358,1.001,0.781,0.042,0.011,0.001,0.001,0.004,0.336,0.858,0.882,0.186,0.001,0.001,0.001,0.171,0.001,0.006,0.714,0.609,0.009,0,0.001,0.001,0.589,0.001,0.159,0.001,0.001,0.001,0,0.001,0.214,0.493,0.001,0.188,0,0.272,0.863,0.001,0.018,0.049,0.059,0,0.002,8.793,9.889
13:13.1,12929,-0.166,-0.201,-0.724,-0.639,-0.594,-0.271,-0.579,-0.488,-0.692,-0.581,-0.378,-0.201,-0.416,-0.489,-0.556,-0.528,-0.365,-0.784,-0.385,-0.32,0.436,0.35,-0.669,0.489,0.001,0.001,0.001,0.001,0.001,0.001,0.001,0.004,0.001,0.001,0.001,0.001,0.001,0.006,0.059,0.138,0.23,0.001,0.001,0.001,0.001,0.001,0.001,0.076,0.346,0.123,0.482,0.001,0.001,0.001,0.001,0.001,0.286,0.593,0.217,0.597,0.001,0.623,0.922,1.41,0.455,0.907,0.276,0.426,0.593,0.086,-0.725,0.121,-0.673,1.358,1.001,0.781,0.042,0.011,0.001,0.001,0.004,0.336,0.858,0.882,0.186,0.001,0.001,0.001,0.171,0.001,0.006,0.714,0.609,0.009,0,0.001,0.001,0.589,0.001,0.159,0.001,0.001,0.001,0,0.001,0.214,0.493,0.001,0.188,0,0.272,0.863,0.001,0.018,0.049,0.059,0,0.002,8.793,9.889
13:13.1,12930,-0.163,-0.214,-0.716,-0.644,-0.596,-0.272,-0.577,-0.488,-0.693,-0.582,-0.377,-0.198,-0.421,-0.49,-0.553,-0.525,-0.364,-0.785,-0.387,-0.318,0.436,0.35,-0.669,0.489,0.001,0.001,0.001,0.001,0.001,0.001,0.001,0.004,0.001,0.001,0.001,0.001,0.001,0.006,0.059,0.138,0.23,0.001,0.001,0.001,0.001,0.001,0.001,0.076,0.346,0.123,0.482,0.001,0.001,0.001,0.001,0.001,0.286,0.593,0.217,0.597,0.001,0.623,0.922,1.41,0.455,0.907,0.276,0.426,0.593,0.086,-0.725,0.121,-0.673,1.358,1.001,0.781,0.042,0.011,0.001,0.001,0.004,0.336,0.858,0.882,0.186,0.001,0.001,0.001,0.171,0.001,0.006,0.714,0.609,0.009,0,0.001,0.001,0.589,0.001,0.159,0.001,0.001,0.001,0,0.001,0.214,0.493,0.001,0.188,0,0.272,0.863,0.001,0.018,0.049,0.059,0,0.002,8.793,9.889
13:13.1,12931,-0.158,-0.227,-0.709,-0.648,-0.596,-0.27,-0.576,-0.49,-0.693,-0.583,-0.375,-0.197,-0.428,-0.491,-0.551,-0.521,-0.363,-0.786,-0.388,-0.316,0.436,0.35,-0.669,0.489,0.001,0.001,0.001,0.001,0.001,0.001,0.001,0.004,0.001,0.001,0.001,0.001,0.001,0.006,0.059,0.138,0.23,0.001,0.001,0.001,0.001,0.001,0.001,0.076,0.346,0.123,0.482,0.001,0.001,0.001,0.001,0.001,0.286,0.593,0.217,0.597,0.001,0.623,0.922,1.41,0.455,0.907,0.276,0.426,0.593,0.086,-0.725,0.121,-0.673,1.358,1.001,0.781,0.042,0.011,0.001,0.001,0.004,0.336,0.858,0.882,0.186,0.001,0.001,0.001,0.171,0.001,0.006,0.714,0.609,0.009,0,0.001,0.001,0.589,0.001,0.159,0.001,0.001,0.001,0,0.001,0.214,0.493,0.001,0.188,0,0.272,0.863,0.001,0.018,0.049,0.059,0,0.002,8.793,9.889
13:13.1,12932,-0.152,-0.241,-0.703,-0.652,-0.592,-0.266,-0.579,-0.493,-0.691,-0.587,-0.372,-0.199,-0.433,-0.494,-0.548,-0.517,-0.362,-0.786,-0.39,-0.313,0.402,0.181,-0.752,0.489,0.001,0.001,0.001,0.001,0.001,0.001,0.001,0.006,0.001,0.001,0.001,0.001,0.001,0.001,0.061,0.129,0.216,0.001,0.001,0.002,0.001,0.001,0.001,0.079,0.341,0.107,0.464,0.001,0.001,0.001,0.001,0,0.294,0.546,0.208,0.598,0.001,0.626,0.816,1.4,0.471,0.862,0.236,0.387,0.597,0.086,-0.725,0.121,-0.673,1.358,1.001,0.781,0.042,0.011,0.001,0.001,0.004,0.336,0.858,0.882,0.186,0.001,0.001,0.001,0.171,0.001,0.006,0.714,0.609,0.009,0,0.001,0.001,0.589,0.001,0.159,0.001,0.001,0.001,0,0.001,0.214,0.493,0.001,0.188,0,0.272,0.863,0.001,0.018,0.049,0.059,0,0.002,8.469,9.889
13:13.1,12933,-0.144,-0.253,-0.697,-0.655,-0.587,-0.261,-0.584,-0.496,-0.689,-0.591,-0.368,-0.203,-0.436,-0.497,-0.546,-0.513,-0.362,-0.787,-0.393,-0.31,0.4,0.161,-0.758,0.49,0.001,0.001,0.001,0.001,0.001,0.001,0.001,0.001,0.001,0.001,0.001,0.001,0.001,0.001,0.001,0.001,0.001,0.001,0.001,0.002,0.001,0.001,0.001,0.001,0.02,0.001,0.001,0.001,0.001,0.001,0.001,0.001,0.01,0.038,0.001,0.006,0.001,0.001,0.033,0.007,0.001,0.001,0.001,0.001,0.001,0.086,-0.725,0.121,-0.673,1.358,1.001,0.781,0.042,0.011,0.001,0.001,0.004,0.336,0.858,0.882,0.186,0.001,0.001,0.001,0.171,0.001,0.006,0.714,0.609,0.009,0,0.001,0.001,0.589,0.001,0.159,0.001,0.001,0.001,0,0.001,0.214,0.493,0.001,0.188,0,0.272,0.863,0.001,0.018,0.049,0.059,0,0.002,0.154,9.889
13:13.1,12934,-0.136,-0.263,-0.692,-0.658,-0.582,-0.253,-0.59,-0.499,-0.685,-0.595,-0.365,-0.208,-0.437,-0.502,-0.544,-0.511,-0.361,-0.787,-0.395,-0.306,0.394,0.142,-0.764,0.491,0.001,0.001,0.001,0.001,0.001,0.001,0.001,0.001,0.001,0.001,0.001,0.001,0.001,0.001,0.001,0.001,0.001,0.001,0.001,0.017,0.001,0.001,0.001,0.001,0.009,0.001,0.001,0.001,0.001,0.001,0.001,0.001,0.001,0.02,0.001,0.001,0.001,0.001,0.001,0.001,0.001,0.001,0.001,0.001,0.001,0.09,-0.722,0.08,-0.682,1.523,0.966,0.891,0.219,0.029,0,0.001,0.015,0.659,0.869,0.924,0.562,0,0.001,0.007,0.167,0.001,0.037,0.901,0.746,0.308,0.001,0,0.055,0.617,0,0.013,0.027,0.017,0.001,0,0,0.349,0.584,0,0.098,0.001,0.591,0.905,0.155,0.001,0.077,0.195,0.001,0.149,0.088,12.663
13:13.1,12935,-0.129,-0.272,-0.687,-0.661,-0.578,-0.244,-0.597,-0.5,-0.681,-0.6,-0.362,-0.215,-0.434,-0.507,-0.542,-0.51,-0.361,-0.787,-0.397,-0.304,0.386,0.134,-0.768,0.493,0.001,0.001,0.001,0.001,0.001,0.001,0.001,0.001,0.001,0.01,0.001,0.001,0.001,0.001,0.001,0.001,0.001,0.001,0.001,0.031,0.001,0.001,0.001,0.001,0.016,0.001,0.001,0.001,0.001,0.001,0.001,0.001,0.001,0.011,0.001,0.002,0.001,0.001,0.001,0.001,0.001,0.001,0.001,0.001,0.001,0.085,-0.721,0.081,-0.683,1.556,0.98,0.918,0.305,0.043,0.001,0.001,0.012,0.702,0.864,0.929,0.653,0,0.001,0.027,0.168,0,0.048,0.916,0.757,0.41,0.001,0,0.132,0.631,0.001,0.001,0.028,0.032,0.009,0,0,0.365,0.591,0,0.05,0,0.617,0.913,0.171,0.004,0.071,0.187,0.001,0.225,0.11,13.321
13:13.1,12936,-0.123,-0.28,-0.682,-0.664,-0.574,-0.233,-0.605,-0.499,-0.675,-0.605,-0.361,-0.222,-0.429,-0.512,-0.541,-0.512,-0.36,-0.787,-0.399,-0.303,0.386,0.134,-0.768,0.493,0.001,0.001,0.001,0.001,0.001,0.001,0.001,0.001,0.001,0.01,0.001,0.001,0.001,0.001,0.001,0.001,0.001,0.001,0.001,0.031,0.001,0.001,0.001,0.001,0.016,0.001,0.001,0.001,0.001,0.001,0.001,0.001,0.001,0.011,0.001,0.002,0.001,0.001,0.001,0.001,0.001,0.001,0.001,0.001,0.001,0.073,-0.721,0.088,-0.684,1.557,0.98,0.917,0.313,0.049,0,0.001,0.012,0.702,0.863,0.929,0.664,0,0,0.021,0.166,0,0.048,0.912,0.759,0.414,0,0.001,0.128,0.635,0,0.001,0.031,0.034,0.009,0,0.001,0.37,0.589,0,0.061,0,0.635,0.912,0.189,0.011,0.078,0.189,0,0.253,0.11,13.434
13:13.1,12937,-0.117,-0.286,-0.679,-0.666,-0.572,-0.221,-0.613,-0.497,-0.668,-0.609,-0.361,-0.228,-0.422,-0.515,-0.541,-0.514,-0.36,-0.786,-0.4,-0.303,0.386,0.134,-0.768,0.493,0.001,0.001,0.001,0.001,0.001,0.001,0.001,0.001,0.001,0.01,0.001,0.001,0.001,0.001,0.001,0.001,0.001,0.001,0.001,0.031,0.001,0.001,0.001,0.001,0.016,0.001,0.001,0.001,0.001,0.001,0.001,0.001,0.001,0.011,0.001,0.002,0.001,0.001,0.001,0.001,0.001,0.001,0.001,0.001,0.001,0.064,-0.72,0.094,-0.684,1.556,0.979,0.917,0.315,0.054,0.001,0.001,0.012,0.703,0.863,0.93,0.672,0,0.001,0.02,0.167,0,0.048,0.913,0.761,0.418,0.001,0.001,0.132,0.637,0.001,0.002,0.031,0.033,0.007,0.001,0,0.372,0.59,0.001,0.082,0.001,0.631,0.911,0.215,0.016,0.081,0.194,0.001,0.276,0.11,13.548
13:13.2,12938,-0.111,-0.292,-0.676,-0.668,-0.572,-0.207,-0.622,-0.494,-0.662,-0.613,-0.363,-0.234,-0.415,-0.517,-0.542,-0.516,-0.359,-0.786,-0.401,-0.304,0.386,0.134,-0.768,0.493,0.001,0.001,0.001,0.001,0.001,0.001,0.001,0.001,0.001,0.01,0.001,0.001,0.001,0.001,0.001,0.001,0.001,0.001,0.001,0.031,0.001,0.001,0.001,0.001,0.016,0.001,0.001,0.001,0.001,0.001,0.001,0.001,0.001,0.011,0.001,0.002,0.001,0.001,0.001,0.001,0.001,0.001,0.001,0.001,0.001,0.052,-0.719,0.101,-0.685,1.554,0.978,0.915,0.324,0.057,0,0.001,0.017,0.706,0.86,0.929,0.678,0,0,0.02,0.168,0.001,0.05,0.915,0.763,0.42,0.001,0,0.133,0.635,0,0.01,0.032,0.035,0.009,0.001,0,0.376,0.59,0.001,0.099,0,0.645,0.906,0.25,0.016,0.081,0.199,0,0.332,0.11,13.707
13:13.2,12939,-0.106,-0.297,-0.674,-0.669,-0.572,-0.194,-0.629,-0.489,-0.655,-0.617,-0.365,-0.239,-0.409,-0.519,-0.543,-0.519,-0.359,-0.785,-0.402,-0.305,0.386,0.134,-0.768,0.493,0.001,0.001,0.001,0.001,0.001,0.001,0.001,0.001,0.001,0.01,0.001,0.001,0.001,0.001,0.001,0.001,0.001,0.001,0.001,0.031,0.001,0.001,0.001,0.001,0.016,0.001,0.001,0.001,0.001,0.001,0.001,0.001,0.001,0.011,0.001,0.002,0.001,0.001,0.001,0.001,0.001,0.001,0.001,0.001,0.001,0.043,-0.718,0.108,-0.686,1.552,0.978,0.913,0.328,0.055,0.001,0.001,0.018,0.708,0.862,0.927,0.683,0.001,0,0.018,0.167,0.001,0.051,0.916,0.767,0.425,0,0.001,0.131,0.634,0,0.016,0.031,0.038,0.01,0.001,0.001,0.375,0.593,0,0.115,0,0.664,0.904,0.276,0.034,0.084,0.2,0.001,0.372,0.11,13.853
13:13.2,12940,-0.102,-0.3,-0.672,-0.669,-0.573,-0.182,-0.636,-0.484,-0.649,-0.62,-0.368,-0.243,-0.404,-0.519,-0.544,-0.521,-0.359,-0.785,-0.402,-0.306,0.386,0.134,-0.768,0.493,0.001,0.001,0.001,0.001,0.001,0.001,0.001,0.001,0.001,0.01,0.001,0.001,0.001,0.001,0.001,0.001,0.001,0.001,0.001,0.031,0.001,0.001,0.001,0.001,0.016,0.001,0.001,0.001,0.001,0.001,0.001,0.001,0.001,0.011,0.001,0.002,0.001,0.001,0.001,0.001,0.001,0.001,0.001,0.001,0.001,0.035,-0.717,0.112,-0.687,1.551,0.977,0.912,0.332,0.063,0,0.001,0.018,0.708,0.862,0.926,0.684,0.001,0.001,0.02,0.17,0,0.051,0.916,0.767,0.432,0,0.001,0.129,0.632,0.001,0.022,0.032,0.039,0.012,0.001,0,0.376,0.596,0,0.118,0.001,0.67,0.904,0.297,0.043,0.083,0.2,0,0.416,0.11,13.965
13:13.2,12941,-0.099,-0.304,-0.671,-0.669,-0.574,-0.171,-0.642,-0.478,-0.644,-0.623,-0.371,-0.247,-0.401,-0.519,-0.546,-0.521,-0.358,-0.784,-0.403,-0.307,0.386,0.134,-0.768,0.493,0.001,0.001,0.001,0.001,0.001,0.001,0.001,0.001,0.001,0.01,0.001,0.001,0.001,0.001,0.001,0.001,0.001,0.001,0.001,0.031,0.001,0.001,0.001,0.001,0.016,0.001,0.001,0.001,0.001,0.001,0.001,0.001,0.001,0.011,0.001,0.002,0.001,0.001,0.001,0.001,0.001,0.001,0.001,0.001,0.001,0.035,-0.717,0.112,-0.687,1.551,0.977,0.912,0.332,0.063,0,0.001,0.018,0.708,0.862,0.926,0.684,0.001,0.001,0.02,0.17,0,0.051,0.916,0.767,0.432,0,0.001,0.129,0.632,0.001,0.022,0.032,0.039,0.012,0.001,0,0.376,0.596,0,0.118,0.001,0.67,0.904,0.297,0.043,0.083,0.2,0,0.416,0.11,13.965
13:13.2,12942,-0.096,-0.307,-0.67,-0.669,-0.577,-0.162,-0.647,-0.472,-0.638,-0.625,-0.374,-0.251,-0.399,-0.519,-0.547,-0.521,-0.359,-0.783,-0.405,-0.307,0.342,0.187,-0.751,0.532,0.001,0.001,0.001,0.001,0.001,0.001,0.001,0.001,0.001,0.01,0.001,0.001,0.001,0.001,0.001,0.001,0.001,0.001,0.001,0.033,0.001,0.001,0.001,0.001,0.015,0.001,0.001,0.001,0.001,0.001,0.001,0.001,0.001,0.002,0.001,0.001,0.001,0.001,0.001,0.001,0.001,0.001,0.001,0.001,0.001,0.035,-0.717,0.112,-0.687,1.551,0.977,0.912,0.332,0.063,0,0.001,0.018,0.708,0.862,0.926,0.684,0.001,0.001,0.02,0.17,0,0.051,0.916,0.767,0.432,0,0.001,0.129,0.632,0.001,0.022,0.032,0.039,0.012,0.001,0,0.376,0.596,0,0.118,0.001,0.67,0.904,0.297,0.043,0.083,0.2,0,0.416,0.101,13.965
13:13.2,12943,-0.092,-0.309,-0.67,-0.669,-0.579,-0.154,-0.65,-0.466,-0.633,-0.627,-0.377,-0.254,-0.399,-0.518,-0.549,-0.521,-0.359,-0.782,-0.406,-0.307,0.336,0.207,-0.74,0.545,0.001,0.001,0.001,0.001,0.001,0.001,0.001,0.001,0.001,0.032,0.001,0.001,0.001,0.001,0.001,0.001,0.001,0.001,0.001,0.042,0.001,0.001,0.001,0.001,0.017,0.001,0.001,0.001,0.001,0.001,0.001,0.001,0.001,0.001,0.001,0.002,0.001,0.001,0.001,0.001,0.001,0.001,0.001,0.001,0.001,0.035,-0.717,0.112,-0.687,1.551,0.977,0.912,0.332,0.063,0,0.001,0.018,0.708,0.862,0.926,0.684,0.001,0.001,0.02,0.17,0,0.051,0.916,0.767,0.432,0,0.001,0.129,0.632,0.001,0.022,0.032,0.039,0.012,0.001,0,0.376,0.596,0,0.118,0.001,0.67,0.904,0.297,0.043,0.083,0.2,0,0.416,0.134,13.965
13:13.2,12944,-0.088,-0.312,-0.669,-0.669,-0.582,-0.148,-0.653,-0.462,-0.629,-0.628,-0.38,-0.256,-0.399,-0.518,-0.549,-0.52,-0.361,-0.78,-0.408,-0.308,0.335,0.236,-0.722,0.558,0.001,0.001,0.001,0.001,0.001,0.001,0.001,0.001,0.001,0.028,0.001,0.001,0.001,0.001,0.001,0.001,0.001,0.001,0.001,0.043,0.001,0.001,0.001,0.001,0.012,0.001,0.001,0.001,0.001,0.001,0.001,0.001,0.001,0.001,0.001,0.001,0.001,0.001,0.001,0.001,0.001,0.001,0.001,0.001,0.001,0.035,-0.717,0.112,-0.687,1.551,0.977,0.912,0.332,0.063,0,0.001,0.018,0.708,0.862,0.926,0.684,0.001,0.001,0.02,0.17,0,0.051,0.916,0.767,0.432,0,0.001,0.129,0.632,0.001,0.022,0.032,0.039,0.012,0.001,0,0.376,0.596,0,0.118,0.001,0.67,0.904,0.297,0.043,0.083,0.2,0,0.416,0.125,13.965
13:13.2,12945,-0.082,-0.314,-0.669,-0.669,-0.584,-0.143,-0.654,-0.458,-0.626,-0.629,-0.382,-0.258,-0.398,-0.519,-0.549,-0.52,-0.362,-0.779,-0.41,-0.308,0.338,0.258,-0.708,0.564,0.001,0.001,0.001,0.001,0.001,0.001,0.001,0.001,0.001,0.023,0.001,0.001,0.001,0.001,0.001,0.001,0.001,0.001,0.001,0.04,0.001,0.001,0.001,0.001,0.012,0.001,0,0.001,0.001,0.001,0.001,0.001,0.001,0.001,0.001,0.001,0.001,0.001,0.001,0.001,0.001,0.001,0.001,0.001,0.001,0.035,-0.717,0.112,-0.687,1.551,0.977,0.912,0.332,0.063,0,0.001,0.018,0.708,0.862,0.926,0.684,0.001,0.001,0.02,0.17,0,0.051,0.916,0.767,0.432,0,0.001,0.129,0.632,0.001,0.022,0.032,0.039,0.012,0.001,0,0.376,0.596,0,0.118,0.001,0.67,0.904,0.297,0.043,0.083,0.2,0,0.416,0.116,13.965
13:13.2,12946,-0.076,-0.315,-0.669,-0.669,-0.586,-0.139,-0.656,-0.455,-0.623,-0.63,-0.385,-0.26,-0.398,-0.52,-0.549,-0.52,-0.364,-0.777,-0.412,-0.307,0.338,0.258,-0.708,0.564,0.001,0.001,0.001,0.001,0.001,0.001,0.001,0.001,0.001,0.023,0.001,0.001,0.001,0.001,0.001,0.001,0.001,0.001,0.001,0.04,0.001,0.001,0.001,0.001,0.012,0.001,0,0.001,0.001,0.001,0.001,0.001,0.001,0.001,0.001,0.001,0.001,0.001,0.001,0.001,0.001,0.001,0.001,0.001,0.001,0.035,-0.717,0.112,-0.687,1.551,0.977,0.912,0.332,0.063,0,0.001,0.018,0.708,0.862,0.926,0.684,0.001,0.001,0.02,0.17,0,0.051,0.916,0.767,0.432,0,0.001,0.129,0.632,0.001,0.022,0.032,0.039,0.012,0.001,0,0.376,0.596,0,0.118,0.001,0.67,0.904,0.297,0.043,0.083,0.2,0,0.416,0.116,13.965
13:13.2,12947,-0.07,-0.316,-0.668,-0.669,-0.587,-0.137,-0.657,-0.452,-0.62,-0.631,-0.386,-0.262,-0.397,-0.521,-0.549,-0.52,-0.366,-0.775,-0.415,-0.307,0.338,0.258,-0.708,0.564,0.001,0.001,0.001,0.001,0.001,0.001,0.001,0.001,0.001,0.023,0.001,0.001,0.001,0.001,0.001,0.001,0.001,0.001,0.001,0.04,0.001,0.001,0.001,0.001,0.012,0.001,0,0.001,0.001,0.001,0.001,0.001,0.001,0.001,0.001,0.001,0.001,0.001,0.001,0.001,0.001,0.001,0.001,0.001,0.001,0.025,-0.713,0.099,-0.694,1.549,0.976,0.911,0.328,0.066,0.001,0.002,0.018,0.709,0.862,0.924,0.687,0.001,0.001,0.021,0.171,0.001,0.051,0.916,0.77,0.442,0.001,0.001,0.132,0.632,0.001,0.039,0.032,0.04,0.012,0.001,0,0.375,0.597,0.001,0.129,0,0.674,0.902,0.327,0.043,0.084,0.201,0.001,0.448,0.116,14.08
13:13.3,12948,-0.064,-0.317,-0.668,-0.67,-0.587,-0.135,-0.659,-0.45,-0.617,-0.633,-0.387,-0.263,-0.395,-0.521,-0.548,-0.521,-0.368,-0.772,-0.418,-0.306,0.338,0.258,-0.708,0.564,0.001,0.001,0.001,0.001,0.001,0.001,0.001,0.001,0.001,0.023,0.001,0.001,0.001,0.001,0.001,0.001,0.001,0.001,0.001,0.04,0.001,0.001,0.001,0.001,0.012,0.001,0,0.001,0.001,0.001,0.001,0.001,0.001,0.001,0.001,0.001,0.001,0.001,0.001,0.001,0.001,0.001,0.001,0.001,0.001,0.026,-0.712,0.097,-0.695,1.538,0.971,0.879,0.306,0.104,0.001,0.002,0.016,0.664,0.863,0.926,0.678,0.001,0,0.046,0.178,0,0.04,0.902,0.781,0.477,0.013,0,0.184,0.636,0.001,0.095,0.024,0.037,0.01,0.001,0.001,0.448,0.617,0.001,0.179,0,0.763,0.908,0.484,0.076,0.107,0.219,0.186,0.706,0.116,15.069
13:13.3,12949,-0.057,-0.318,-0.668,-0.67,-0.587,-0.134,-0.66,-0.45,-0.613,-0.635,-0.388,-0.265,-0.393,-0.522,-0.548,-0.522,-0.369,-0.77,-0.421,-0.305,0.338,0.258,-0.708,0.564,0.001,0.001,0.001,0.001,0.001,0.001,0.001,0.001,0.001,0.023,0.001,0.001,0.001,0.001,0.001,0.001,0.001,0.001,0.001,0.04,0.001,0.001,0.001,0.001,0.012,0.001,0,0.001,0.001,0.001,0.001,0.001,0.001,0.001,0.001,0.001,0.001,0.001,0.001,0.001,0.001,0.001,0.001,0.001,0.001,0.023,-0.712,0.097,-0.695,1.532,0.969,0.874,0.31,0.117,0,0.002,0.016,0.656,0.862,0.924,0.679,0.001,0.001,0.059,0.183,0.001,0.039,0.901,0.784,0.496,0.013,0,0.183,0.631,0.001,0.111,0.023,0.037,0.011,0.001,0,0.471,0.617,0.011,0.197,0,0.785,0.911,0.508,0.089,0.107,0.227,0.241,0.766,0.116,15.347
13:13.3,12950,-0.051,-0.318,-0.668,-0.671,-0.586,-0.134,-0.66,-0.451,-0.609,-0.638,-0.389,-0.267,-0.389,-0.523,-0.549,-0.523,-0.371,-0.768,-0.424,-0.304,0.338,0.258,-0.708,0.564,0.001,0.001,0.001,0.001,0.001,0.001,0.001,0.001,0.001,0.023,0.001,0.001,0.001,0.001,0.001,0.001,0.001,0.001,0.001,0.04,0.001,0.001,0.001,0.001,0.012,0.001,0,0.001,0.001,0.001,0.001,0.001,0.001,0.001,0.001,0.001,0.001,0.001,0.001,0.001,0.001,0.001,0.001,0.001,0.001,0.016,-0.711,0.102,-0.696,1.523,0.966,0.868,0.306,0.125,0,0.006,0.016,0.654,0.861,0.926,0.686,0,0,0.059,0.188,0,0.038,0.901,0.786,0.512,0.018,0.001,0.192,0.629,0.01,0.123,0.023,0.039,0.012,0.001,0,0.487,0.619,0.013,0.215,0,0.811,0.904,0.535,0.111,0.109,0.238,0.294,0.797,0.116,15.602
13:13.3,12951,-0.045,-0.318,-0.668,-0.671,-0.585,-0.135,-0.659,-0.453,-0.605,-0.641,-0.39,-0.269,-0.385,-0.524,-0.549,-0.524,-0.373,-0.765,-0.428,-0.303,0.338,0.258,-0.708,0.564,0.001,0.001,0.001,0.001,0.001,0.001,0.001,0.001,0.001,0.023,0.001,0.001,0.001,0.001,0.001,0.001,0.001,0.001,0.001,0.04,0.001,0.001,0.001,0.001,0.012,0.001,0,0.001,0.001,0.001,0.001,0.001,0.001,0.001,0.001,0.001,0.001,0.001,0.001,0.001,0.001,0.001,0.001,0.001,0.001,0.007,-0.71,0.109,-0.696,1.515,0.962,0.86,0.3,0.129,0,0.009,0.016,0.659,0.861,0.923,0.691,0.001,0,0.06,0.193,0.001,0.038,0.902,0.788,0.524,0.028,0.001,0.197,0.634,0.009,0.136,0.023,0.044,0.012,0,0.001,0.493,0.621,0.022,0.232,0.001,0.827,0.895,0.557,0.114,0.117,0.249,0.332,0.825,0.116,15.802
13:13.3,12952,-0.039,-0.318,-0.669,-0.671,-0.583,-0.134,-0.658,-0.457,-0.6,-0.644,-0.39,-0.271,-0.381,-0.526,-0.55,-0.526,-0.374,-0.764,-0.431,-0.302,0.409,0.42,-0.532,0.611,0.001,0.001,0.001,0.001,0.001,0.001,0.001,0.001,0.001,0.024,0.001,0.001,0.001,0.001,0.001,0.001,0.001,0.001,0.001,0.038,0.001,0.001,0.001,0.001,0.012,0.001,0.001,0.001,0.001,0.001,0.001,0.001,0.001,0.001,0.001,0.001,0.001,0.001,0.001,0.001,0.001,0.001,0.001,0.001,0.001,0.007,-0.71,0.109,-0.696,1.515,0.962,0.86,0.3,0.129,0,0.009,0.016,0.659,0.861,0.923,0.691,0.001,0,0.06,0.193,0.001,0.038,0.902,0.788,0.524,0.028,0.001,0.197,0.634,0.009,0.136,0.023,0.044,0.012,0,0.001,0.493,0.621,0.022,0.232,0.001,0.827,0.895,0.557,0.114,0.117,0.249,0.332,0.825,0.116,15.802
13:13.3,12953,-0.032,-0.317,-0.67,-0.67,-0.579,-0.134,-0.656,-0.465,-0.596,-0.647,-0.391,-0.272,-0.376,-0.526,-0.55,-0.528,-0.376,-0.762,-0.434,-0.3,0.421,0.437,-0.508,0.612,0.001,0.001,0.001,0.001,0.001,0.001,0.001,0.001,0.001,0.032,0.001,0.001,0.001,0.001,0.001,0.001,0.001,0.001,0.001,0.039,0.001,0.001,0.001,0.001,0.023,0.001,0.001,0.001,0.001,0.001,0.001,0.001,0.001,0.001,0.001,0.001,0.001,0.001,0.001,0.001,0.001,0.001,0.001,0.001,0.001,0.007,-0.71,0.109,-0.696,1.515,0.962,0.86,0.3,0.129,0,0.009,0.016,0.659,0.861,0.923,0.691,0.001,0,0.06,0.193,0.001,0.038,0.902,0.788,0.524,0.028,0.001,0.197,0.634,0.009,0.136,0.023,0.044,0.012,0,0.001,0.493,0.621,0.022,0.232,0.001,0.827,0.895,0.557,0.114,0.117,0.249,0.332,0.825,0.136,15.802
13:13.3,12954,-0.026,-0.314,-0.672,-0.67,-0.574,-0.134,-0.655,-0.473,-0.592,-0.649,-0.391,-0.274,-0.373,-0.526,-0.551,-0.53,-0.376,-0.761,-0.437,-0.297,0.433,0.458,-0.477,0.612,0.001,0.001,0.001,0.001,0.001,0.001,0.001,0.001,0.001,0.029,0.001,0.001,0.001,0.001,0.001,0.001,0.001,0.001,0.001,0.039,0.001,0.001,0.001,0.001,0.026,0.001,0.001,0.001,0.001,0.001,0.001,0.001,0.001,0.001,0.001,0.001,0.001,0.001,0.001,0.001,0.001,0.001,0.001,0.001,0.001,0.007,-0.71,0.109,-0.696,1.515,0.962,0.86,0.3,0.129,0,0.009,0.016,0.659,0.861,0.923,0.691,0.001,0,0.06,0.193,0.001,0.038,0.902,0.788,0.524,0.028,0.001,0.197,0.634,0.009,0.136,0.023,0.044,0.012,0,0.001,0.493,0.621,0.022,0.232,0.001,0.827,0.895,0.557,0.114,0.117,0.249,0.332,0.825,0.136,15.802
13:13.3,12955,-0.02,-0.311,-0.674,-0.669,-0.567,-0.135,-0.655,-0.481,-0.588,-0.652,-0.391,-0.276,-0.371,-0.526,-0.551,-0.532,-0.376,-0.76,-0.44,-0.294,0.44,0.476,-0.452,0.612,0.001,0.001,0.001,0.001,0.001,0.001,0.001,0.001,0.001,0.032,0.001,0.001,0.001,0.001,0.001,0.001,0.001,0.001,0.001,0.039,0.001,0.001,0.001,0.001,0.023,0.001,0.001,0.001,0.001,0.001,0.001,0.001,0.001,0.001,0.001,0.001,0.001,0.001,0.001,0.001,0.001,0.001,0.001,0.001,0.001,0.007,-0.71,0.109,-0.696,1.515,0.962,0.86,0.3,0.129,0,0.009,0.016,0.659,0.861,0.923,0.691,0.001,0,0.06,0.193,0.001,0.038,0.902,0.788,0.524,0.028,0.001,0.197,0.634,0.009,0.136,0.023,0.044,0.012,0,0.001,0.493,0.621,0.022,0.232,0.001,0.827,0.895,0.557,0.114,0.117,0.249,0.332,0.825,0.136,15.802
13:13.3,12956,-0.014,-0.308,-0.676,-0.669,-0.559,-0.138,-0.655,-0.489,-0.585,-0.654,-0.391,-0.279,-0.369,-0.525,-0.552,-0.533,-0.376,-0.76,-0.443,-0.291,0.451,0.496,-0.421,0.611,0.001,0.001,0.001,0.001,0.001,0.001,0.001,0.001,0.001,0.034,0.001,0.001,0.001,0.001,0.001,0.001,0.001,0.001,0.001,0.039,0.001,0.001,0.001,0.001,0.024,0.001,0.001,0.001,0.001,0.001,0.001,0.001,0.001,0.001,0.001,0.001,0.001,0.001,0.001,0.001,0.001,0.001,0.001,0.001,0.001,0.007,-0.71,0.109,-0.696,1.515,0.962,0.86,0.3,0.129,0,0.009,0.016,0.659,0.861,0.923,0.691,0.001,0,0.06,0.193,0.001,0.038,0.902,0.788,0.524,0.028,0.001,0.197,0.634,0.009,0.136,0.023,0.044,0.012,0,0.001,0.493,0.621,0.022,0.232,0.001,0.827,0.895,0.557,0.114,0.117,0.249,0.332,0.825,0.139,15.802
13:13.3,12957,-0.009,-0.304,-0.678,-0.669,-0.551,-0.142,-0.654,-0.498,-0.581,-0.656,-0.392,-0.282,-0.368,-0.524,-0.552,-0.534,-0.376,-0.759,-0.446,-0.288,0.461,0.507,-0.399,0.609,0.001,0.001,0.001,0.001,0.001,0.001,0.001,0.001,0.001,0.035,0.001,0.001,0.001,0.001,0.001,0.001,0.001,0.001,0.001,0.039,0.001,0.001,0.001,0.001,0.022,0.001,0.001,0.001,0.001,0.001,0.001,0.001,0.001,0.001,0.001,0,0.001,0.001,0.001,0.001,0.001,0.001,0.001,0.001,0.001,0.007,-0.71,0.109,-0.696,1.515,0.962,0.86,0.3,0.129,0,0.009,0.016,0.659,0.861,0.923,0.691,0.001,0,0.06,0.193,0.001,0.038,0.902,0.788,0.524,0.028,0.001,0.197,0.634,0.009,0.136,0.023,0.044,0.012,0,0.001,0.493,0.621,0.022,0.232,0.001,0.827,0.895,0.557,0.114,0.117,0.249,0.332,0.825,0.137,15.802
13:13.4,12958,-0.005,-0.3,-0.68,-0.669,-0.541,-0.147,-0.653,-0.509,-0.577,-0.658,-0.392,-0.285,-0.368,-0.524,-0.553,-0.533,-0.377,-0.759,-0.448,-0.286,0.475,0.518,-0.375,0.604,0.001,0.001,0.001,0.001,0.001,0.001,0.001,0.001,0.001,0.037,0.001,0.001,0.001,0.001,0.001,0.001,0.001,0.001,0.001,0.039,0.001,0.001,0.001,0.001,0.024,0.001,0.001,0.001,0.001,0.001,0.001,0.001,0.001,0.001,0.001,0.001,0.001,0.001,0.001,0.001,0.001,0.001,0.001,0.001,0.001,-0.019,-0.701,0.123,-0.702,1.515,0.962,0.86,0.3,0.129,0,0.009,0.016,0.659,0.861,0.923,0.691,0.001,0,0.06,0.193,0.001,0.038,0.902,0.788,0.524,0.028,0.001,0.197,0.634,0.009,0.136,0.023,0.044,0.012,0,0.001,0.493,0.621,0.022,0.232,0.001,0.827,0.895,0.557,0.114,0.117,0.249,0.332,0.825,0.142,15.802
13:13.4,12959,-0.002,-0.296,-0.682,-0.669,-0.531,-0.151,-0.651,-0.521,-0.573,-0.659,-0.393,-0.287,-0.368,-0.524,-0.553,-0.533,-0.377,-0.758,-0.45,-0.284,0.487,0.525,-0.357,0.599,0.001,0.001,0.001,0.001,0.001,0.001,0.001,0.001,0.001,0.038,0.001,0.001,0.001,0.001,0.001,0.001,0.001,0.001,0.001,0.038,0.001,0.001,0.001,0.001,0.026,0.001,0.001,0.001,0.001,0.001,0.001,0.001,0.001,0.001,0.001,0.001,0.001,0.001,0.001,0.001,0.001,0.001,0.001,0.001,0.001,-0.022,-0.7,0.124,-0.703,1.425,0.937,0.792,0.266,0.138,0,0.021,0.022,0.619,0.847,0.917,0.685,0.001,0.001,0.072,0.217,0.007,0.023,0.9,0.811,0.606,0.031,0,0.227,0.624,0.127,0.242,0.02,0.053,0.028,0,0,0.545,0.632,0.125,0.331,0,0.944,0.894,0.65,0.189,0.199,0.302,0.562,1.074,0.144,17.106
13:13.4,12960,0.001,-0.291,-0.684,-0.669,-0.52,-0.154,-0.649,-0.534,-0.57,-0.661,-0.394,-0.29,-0.368,-0.525,-0.553,-0.533,-0.378,-0.757,-0.451,-0.283,0.503,0.534,-0.335,0.591,0.001,0.001,0.001,0.001,0.001,0.001,0.001,0.001,0.001,0.038,0.001,0.001,0.001,0.001,0.001,0.001,0.001,0.001,0.001,0.037,0.001,0.001,0.001,0.001,0.023,0.001,0.001,0.001,0.001,0.001,0.001,0.001,0.001,0.001,0.001,0.001,0.001,0.001,0.001,0.001,0.001,0.001,0.001,0.001,0.001,-0.026,-0.699,0.126,-0.704,1.409,0.933,0.78,0.263,0.164,0.001,0.023,0.02,0.612,0.845,0.915,0.681,0.001,0.001,0.078,0.22,0.017,0.022,0.899,0.814,0.608,0.034,0.001,0.233,0.626,0.14,0.254,0.018,0.053,0.029,0,0.001,0.554,0.634,0.138,0.337,0,0.956,0.899,0.651,0.2,0.216,0.304,0.593,1.088,0.14,17.265
13:13.4,12961,0.003,-0.286,-0.686,-0.669,-0.509,-0.156,-0.647,-0.546,-0.566,-0.663,-0.395,-0.292,-0.367,-0.525,-0.552,-0.533,-0.379,-0.756,-0.453,-0.283,0.514,0.537,-0.323,0.585,0.001,0.001,0.001,0.001,0.001,0.001,0.001,0.001,0.001,0.039,0.001,0.001,0.001,0.001,0.001,0.001,0.001,0.001,0.001,0.038,0.001,0.001,0.001,0.001,0.026,0.001,0.001,0.001,0.001,0.001,0.001,0.001,0.001,0.001,0.001,0.001,0.001,0.001,0.001,0.001,0.001,0.001,0.001,0.001,0.001,-0.029,-0.697,0.128,-0.705,1.392,0.93,0.77,0.258,0.179,0,0.021,0.022,0.607,0.841,0.912,0.683,0.001,0.002,0.082,0.221,0.02,0.022,0.899,0.818,0.612,0.043,0.001,0.248,0.626,0.151,0.259,0.02,0.054,0.037,0,0.004,0.559,0.637,0.15,0.339,0,0.965,0.897,0.658,0.21,0.227,0.308,0.619,1.111,0.145,17.415
13:13.4,12962,0.004,-0.28,-0.688,-0.669,-0.499,-0.159,-0.644,-0.558,-0.563,-0.664,-0.395,-0.294,-0.367,-0.526,-0.552,-0.533,-0.379,-0.755,-0.453,-0.283,0.514,0.537,-0.323,0.585,0.001,0.001,0.001,0.001,0.001,0.001,0.001,0.001,0.001,0.039,0.001,0.001,0.001,0.001,0.001,0.001,0.001,0.001,0.001,0.038,0.001,0.001,0.001,0.001,0.026,0.001,0.001,0.001,0.001,0.001,0.001,0.001,0.001,0.001,0.001,0.001,0.001,0.001,0.001,0.001,0.001,0.001,0.001,0.001,0.001,-0.029,-0.697,0.128,-0.705,1.392,0.93,0.77,0.258,0.179,0,0.021,0.022,0.607,0.841,0.912,0.683,0.001,0.002,0.082,0.221,0.02,0.022,0.899,0.818,0.612,0.043,0.001,0.248,0.626,0.151,0.259,0.02,0.054,0.037,0,0.004,0.559,0.637,0.15,0.339,0,0.965,0.897,0.658,0.21,0.227,0.308,0.619,1.111,0.145,17.415
13:13.4,12963,0.003,-0.273,-0.69,-0.67,-0.489,-0.163,-0.641,-0.569,-0.56,-0.666,-0.396,-0.295,-0.366,-0.527,-0.551,-0.534,-0.38,-0.755,-0.454,-0.283,0.514,0.537,-0.323,0.585,0.001,0.001,0.001,0.001,0.001,0.001,0.001,0.001,0.001,0.039,0.001,0.001,0.001,0.001,0.001,0.001,0.001,0.001,0.001,0.038,0.001,0.001,0.001,0.001,0.026,0.001,0.001,0.001,0.001,0.001,0.001,0.001,0.001,0.001,0.001,0.001,0.001,0.001,0.001,0.001,0.001,0.001,0.001,0.001,0.001,-0.029,-0.697,0.128,-0.705,1.392,0.93,0.77,0.258,0.179,0,0.021,0.022,0.607,0.841,0.912,0.683,0.001,0.002,0.082,0.221,0.02,0.022,0.899,0.818,0.612,0.043,0.001,0.248,0.626,0.151,0.259,0.02,0.054,0.037,0,0.004,0.559,0.637,0.15,0.339,0,0.965,0.897,0.658,0.21,0.227,0.308,0.619,1.111,0.145,17.415
13:13.4,12964,0,-0.267,-0.693,-0.67,-0.479,-0.169,-0.637,-0.58,-0.557,-0.667,-0.397,-0.296,-0.365,-0.528,-0.551,-0.534,-0.38,-0.754,-0.454,-0.283,0.514,0.537,-0.323,0.585,0.001,0.001,0.001,0.001,0.001,0.001,0.001,0.001,0.001,0.039,0.001,0.001,0.001,0.001,0.001,0.001,0.001,0.001,0.001,0.038,0.001,0.001,0.001,0.001,0.026,0.001,0.001,0.001,0.001,0.001,0.001,0.001,0.001,0.001,0.001,0.001,0.001,0.001,0.001,0.001,0.001,0.001,0.001,0.001,0.001,-0.029,-0.697,0.128,-0.705,1.392,0.93,0.77,0.258,0.179,0,0.021,0.022,0.607,0.841,0.912,0.683,0.001,0.002,0.082,0.221,0.02,0.022,0.899,0.818,0.612,0.043,0.001,0.248,0.626,0.151,0.259,0.02,0.054,0.037,0,0.004,0.559,0.637,0.15,0.339,0,0.965,0.897,0.658,0.21,0.227,0.308,0.619,1.111,0.145,17.415
13:13.4,12965,-0.005,-0.262,-0.695,-0.669,-0.469,-0.175,-0.633,-0.59,-0.555,-0.668,-0.397,-0.296,-0.364,-0.528,-0.55,-0.535,-0.38,-0.754,-0.455,-0.283,0.514,0.537,-0.323,0.585,0.001,0.001,0.001,0.001,0.001,0.001,0.001,0.001,0.001,0.039,0.001,0.001,0.001,0.001,0.001,0.001,0.001,0.001,0.001,0.038,0.001,0.001,0.001,0.001,0.026,0.001,0.001,0.001,0.001,0.001,0.001,0.001,0.001,0.001,0.001,0.001,0.001,0.001,0.001,0.001,0.001,0.001,0.001,0.001,0.001,-0.029,-0.697,0.128,-0.705,1.392,0.93,0.77,0.258,0.179,0,0.021,0.022,0.607,0.841,0.912,0.683,0.001,0.002,0.082,0.221,0.02,0.022,0.899,0.818,0.612,0.043,0.001,0.248,0.626,0.151,0.259,0.02,0.054,0.037,0,0.004,0.559,0.637,0.15,0.339,0,0.965,0.897,0.658,0.21,0.227,0.308,0.619,1.111,0.145,17.415
13:13.4,12966,-0.01,-0.256,-0.698,-0.669,-0.46,-0.183,-0.629,-0.599,-0.553,-0.669,-0.397,-0.296,-0.364,-0.528,-0.549,-0.535,-0.38,-0.754,-0.455,-0.283,0.514,0.537,-0.323,0.585,0.001,0.001,0.001,0.001,0.001,0.001,0.001,0.001,0.001,0.039,0.001,0.001,0.001,0.001,0.001,0.001,0.001,0.001,0.001,0.038,0.001,0.001,0.001,0.001,0.026,0.001,0.001,0.001,0.001,0.001,0.001,0.001,0.001,0.001,0.001,0.001,0.001,0.001,0.001,0.001,0.001,0.001,0.001,0.001,0.001,-0.029,-0.697,0.128,-0.705,1.392,0.93,0.77,0.258,0.179,0,0.021,0.022,0.607,0.841,0.912,0.683,0.001,0.002,0.082,0.221,0.02,0.022,0.899,0.818,0.612,0.043,0.001,0.248,0.626,0.151,0.259,0.02,0.054,0.037,0,0.004,0.559,0.637,0.15,0.339,0,0.965,0.897,0.658,0.21,0.227,0.308,0.619,1.111,0.145,17.415
13:13.4,12967,-0.017,-0.252,-0.7,-0.668,-0.451,-0.192,-0.624,-0.609,-0.552,-0.67,-0.397,-0.296,-0.364,-0.529,-0.548,-0.535,-0.38,-0.753,-0.455,-0.284,0.514,0.537,-0.323,0.585,0.001,0.001,0.001,0.001,0.001,0.001,0.001,0.001,0.001,0.039,0.001,0.001,0.001,0.001,0.001,0.001,0.001,0.001,0.001,0.038,0.001,0.001,0.001,0.001,0.026,0.001,0.001,0.001,0.001,0.001,0.001,0.001,0.001,0.001,0.001,0.001,0.001,0.001,0.001,0.001,0.001,0.001,0.001,0.001,0.001,-0.029,-0.697,0.128,-0.705,1.392,0.93,0.77,0.258,0.179,0,0.021,0.022,0.607,0.841,0.912,0.683,0.001,0.002,0.082,0.221,0.02,0.022,0.899,0.818,0.612,0.043,0.001,0.248,0.626,0.151,0.259,0.02,0.054,0.037,0,0.004,0.559,0.637,0.15,0.339,0,0.965,0.897,0.658,0.21,0.227,0.308,0.619,1.111,0.145,17.415
13:13.5,12968,-0.024,-0.248,-0.701,-0.668,-0.442,-0.201,-0.619,-0.617,-0.552,-0.672,-0.397,-0.295,-0.364,-0.53,-0.547,-0.536,-0.381,-0.752,-0.456,-0.284,0.651,0.504,-0.284,0.491,0.001,0.001,0.001,0.001,0.001,0.001,0.001,0.001,0.001,0.039,0.001,0.001,0.001,0.001,0.001,0.001,0.001,0.001,0.001,0.038,0.001,0.001,0.001,0.001,0.024,0.001,0.001,0.001,0.001,0.001,0.001,0.001,0.001,0.001,0.001,0.001,0.001,0.001,0.001,0,0.001,0.001,0.001,0.001,0.001,-0.045,-0.688,0.134,-0.711,1.388,0.927,0.767,0.255,0.179,0,0.022,0.022,0.604,0.841,0.913,0.675,0.001,0.002,0.082,0.221,0.021,0.021,0.897,0.819,0.619,0.054,0,0.25,0.626,0.151,0.263,0.02,0.055,0.038,0,0.009,0.56,0.639,0.15,0.341,0,0.972,0.899,0.663,0.211,0.233,0.309,0.632,1.117,0.142,17.468
13:13.5,12969,-0.03,-0.245,-0.703,-0.667,-0.433,-0.211,-0.614,-0.626,-0.551,-0.673,-0.396,-0.294,-0.363,-0.531,-0.546,-0.536,-0.381,-0.751,-0.457,-0.285,0.675,0.492,-0.284,0.471,0.001,0.001,0.001,0.001,0.001,0.001,0.001,0.001,0.001,0.028,0.001,0.001,0.001,0.001,0.001,0.001,0.001,0.001,0.001,0.023,0.001,0.001,0.001,0.001,0.023,0.001,0.001,0.001,0.001,0.001,0.001,0.001,0.001,0.001,0.001,0.026,0.001,0.001,0.001,0.001,0.001,0.001,0.001,0.001,0.001,-0.046,-0.687,0.135,-0.712,1.284,0.895,0.634,0.219,0.159,0.001,0.022,0.02,0.513,0.819,0.908,0.639,0.013,0.015,0.098,0.231,0.04,0.015,0.895,0.857,0.641,0.127,0.001,0.289,0.635,0.215,0.277,0.013,0.054,0.038,0,0.045,0.608,0.658,0.244,0.313,0.001,1.022,0.889,0.725,0.223,0.295,0.35,0.698,1.214,0.141,17.852
13:13.5,12970,-0.037,-0.241,-0.703,-0.668,-0.424,-0.222,-0.608,-0.633,-0.55,-0.674,-0.395,-0.294,-0.362,-0.532,-0.545,-0.537,-0.381,-0.75,-0.458,-0.286,0.675,0.492,-0.284,0.471,0.001,0.001,0.001,0.001,0.001,0.001,0.001,0.001,0.001,0.028,0.001,0.001,0.001,0.001,0.001,0.001,0.001,0.001,0.001,0.023,0.001,0.001,0.001,0.001,0.023,0.001,0.001,0.001,0.001,0.001,0.001,0.001,0.001,0.001,0.001,0.026,0.001,0.001,0.001,0.001,0.001,0.001,0.001,0.001,0.001,-0.046,-0.687,0.135,-0.712,1.284,0.895,0.634,0.219,0.159,0.001,0.022,0.02,0.513,0.819,0.908,0.639,0.013,0.015,0.098,0.231,0.04,0.015,0.895,0.857,0.641,0.127,0.001,0.289,0.635,0.215,0.277,0.013,0.054,0.038,0,0.045,0.608,0.658,0.244,0.313,0.001,1.022,0.889,0.725,0.223,0.295,0.35,0.698,1.214,0.141,17.852
13:13.5,12971,-0.043,-0.238,-0.703,-0.668,-0.414,-0.233,-0.603,-0.64,-0.55,-0.675,-0.394,-0.294,-0.361,-0.534,-0.543,-0.539,-0.381,-0.749,-0.459,-0.287,0.675,0.492,-0.284,0.471,0.001,0.001,0.001,0.001,0.001,0.001,0.001,0.001,0.001,0.028,0.001,0.001,0.001,0.001,0.001,0.001,0.001,0.001,0.001,0.023,0.001,0.001,0.001,0.001,0.023,0.001,0.001,0.001,0.001,0.001,0.001,0.001,0.001,0.001,0.001,0.026,0.001,0.001,0.001,0.001,0.001,0.001,0.001,0.001,0.001,-0.046,-0.687,0.135,-0.712,1.284,0.895,0.634,0.219,0.159,0.001,0.022,0.02,0.513,0.819,0.908,0.639,0.013,0.015,0.098,0.231,0.04,0.015,0.895,0.857,0.641,0.127,0.001,0.289,0.635,0.215,0.277,0.013,0.054,0.038,0,0.045,0.608,0.658,0.244,0.313,0.001,1.022,0.889,0.725,0.223,0.295,0.35,0.698,1.214,0.141,17.852
13:13.5,12972,-0.049,-0.234,-0.703,-0.669,-0.405,-0.246,-0.598,-0.646,-0.549,-0.676,-0.393,-0.295,-0.359,-0.535,-0.542,-0.54,-0.382,-0.748,-0.46,-0.289,0.675,0.492,-0.284,0.471,0.001,0.001,0.001,0.001,0.001,0.001,0.001,0.001,0.001,0.028,0.001,0.001,0.001,0.001,0.001,0.001,0.001,0.001,0.001,0.023,0.001,0.001,0.001,0.001,0.023,0.001,0.001,0.001,0.001,0.001,0.001,0.001,0.001,0.001,0.001,0.026,0.001,0.001,0.001,0.001,0.001,0.001,0.001,0.001,0.001,-0.046,-0.687,0.135,-0.712,1.284,0.895,0.634,0.219,0.159,0.001,0.022,0.02,0.513,0.819,0.908,0.639,0.013,0.015,0.098,0.231,0.04,0.015,0.895,0.857,0.641,0.127,0.001,0.289,0.635,0.215,0.277,0.013,0.054,0.038,0,0.045,0.608,0.658,0.244,0.313,0.001,1.022,0.889,0.725,0.223,0.295,0.35,0.698,1.214,0.141,17.852
13:13.5,12973,-0.055,-0.23,-0.703,-0.671,-0.394,-0.259,-0.594,-0.651,-0.548,-0.677,-0.391,-0.296,-0.357,-0.536,-0.54,-0.541,-0.383,-0.746,-0.461,-0.29,0.675,0.492,-0.284,0.471,0.001,0.001,0.001,0.001,0.001,0.001,0.001,0.001,0.001,0.028,0.001,0.001,0.001,0.001,0.001,0.001,0.001,0.001,0.001,0.023,0.001,0.001,0.001,0.001,0.023,0.001,0.001,0.001,0.001,0.001,0.001,0.001,0.001,0.001,0.001,0.026,0.001,0.001,0.001,0.001,0.001,0.001,0.001,0.001,0.001,-0.046,-0.687,0.135,-0.712,1.284,0.895,0.634,0.219,0.159,0.001,0.022,0.02,0.513,0.819,0.908,0.639,0.013,0.015,0.098,0.231,0.04,0.015,0.895,0.857,0.641,0.127,0.001,0.289,0.635,0.215,0.277,0.013,0.054,0.038,0,0.045,0.608,0.658,0.244,0.313,0.001,1.022,0.889,0.725,0.223,0.295,0.35,0.698,1.214,0.141,17.852
13:13.5,12974,-0.061,-0.225,-0.702,-0.673,-0.384,-0.274,-0.59,-0.655,-0.547,-0.678,-0.391,-0.298,-0.355,-0.538,-0.531,-0.542,-0.384,-0.744,-0.461,-0.292,0.675,0.492,-0.284,0.471,0.001,0.001,0.001,0.001,0.001,0.001,0.001,0.001,0.001,0.028,0.001,0.001,0.001,0.001,0.001,0.001,0.001,0.001,0.001,0.023,0.001,0.001,0.001,0.001,0.023,0.001,0.001,0.001,0.001,0.001,0.001,0.001,0.001,0.001,0.001,0.026,0.001,0.001,0.001,0.001,0.001,0.001,0.001,0.001,0.001,-0.046,-0.687,0.135,-0.712,1.284,0.895,0.634,0.219,0.159,0.001,0.022,0.02,0.513,0.819,0.908,0.639,0.013,0.015,0.098,0.231,0.04,0.015,0.895,0.857,0.641,0.127,0.001,0.289,0.635,0.215,0.277,0.013,0.054,0.038,0,0.045,0.608,0.658,0.244,0.313,0.001,1.022,0.889,0.725,0.223,0.295,0.35,0.698,1.214,0.141,17.852
13:13.5,12975,-0.066,-0.222,-0.701,-0.674,-0.375,-0.289,-0.586,-0.657,-0.546,-0.679,-0.39,-0.299,-0.354,-0.539,-0.538,-0.543,-0.386,-0.742,-0.462,-0.294,0.675,0.492,-0.284,0.471,0.001,0.001,0.001,0.001,0.001,0.001,0.001,0.001,0.001,0.028,0.001,0.001,0.001,0.001,0.001,0.001,0.001,0.001,0.001,0.023,0.001,0.001,0.001,0.001,0.023,0.001,0.001,0.001,0.001,0.001,0.001,0.001,0.001,0.001,0.001,0.026,0.001,0.001,0.001,0.001,0.001,0.001,0.001,0.001,0.001,-0.059,-0.68,0.142,-0.717,1.281,0.894,0.63,0.215,0.16,0,0.023,0.021,0.509,0.821,0.907,0.639,0.013,0.016,0.098,0.228,0.04,0.016,0.894,0.858,0.636,0.128,0.001,0.293,0.635,0.216,0.278,0.013,0.053,0.037,0.001,0.045,0.608,0.661,0.247,0.313,0.001,1.023,0.888,0.725,0.223,0.295,0.35,0.696,1.211,0.141,17.84
13:13.5,12976,-0.072,-0.22,-0.701,-0.675,-0.367,-0.305,-0.582,-0.658,-0.545,-0.68,-0.389,-0.299,-0.352,-0.54,-0.537,-0.544,-0.388,-0.74,-0.463,-0.297,0.67,0.539,-0.156,0.486,0.001,0.001,0.001,0.001,0.001,0.001,0.001,0.001,0.001,0.028,0.001,0.001,0.001,0.001,0.001,0.001,0.001,0.001,0.001,0.017,0.001,0.001,0.001,0.001,0.024,0.001,0.001,0.001,0.001,0.001,0.001,0.001,0.001,0.001,0.001,0.027,0.001,0.001,0.001,0.001,0.001,0.001,0.001,0.001,0.001,-0.059,-0.68,0.142,-0.717,1.281,0.894,0.63,0.215,0.16,0,0.023,0.021,0.509,0.821,0.907,0.639,0.013,0.016,0.098,0.228,0.04,0.016,0.894,0.858,0.636,0.128,0.001,0.293,0.635,0.216,0.278,0.013,0.053,0.037,0.001,0.045,0.608,0.661,0.247,0.313,0.001,1.023,0.888,0.725,0.223,0.295,0.35,0.696,1.211,0.137,17.84
13:13.5,12977,-0.076,-0.219,-0.7,-0.675,-0.359,-0.321,-0.578,-0.659,-0.544,-0.68,-0.389,-0.299,-0.35,-0.542,-0.536,-0.544,-0.391,-0.736,-0.463,-0.301,0.662,0.551,-0.145,0.487,0.001,0.001,0.001,0.001,0.001,0.001,0.001,0.001,0.001,0.016,0.001,0.001,0.001,0.001,0.001,0.001,0.001,0.001,0.001,0.017,0.001,0.001,0.001,0.001,0.029,0.001,0.001,0.001,0.001,0.001,0.001,0.001,0.001,0.001,0.001,0.026,0.001,0.001,0.001,0.001,0.001,0.001,0.001,0.001,0.001,-0.059,-0.68,0.142,-0.717,1.281,0.894,0.63,0.215,0.16,0,0.023,0.021,0.509,0.821,0.907,0.639,0.013,0.016,0.098,0.228,0.04,0.016,0.894,0.858,0.636,0.128,0.001,0.293,0.635,0.216,0.278,0.013,0.053,0.037,0.001,0.045,0.608,0.661,0.247,0.313,0.001,1.023,0.888,0.725,0.223,0.295,0.35,0.696,1.211,0.129,17.84
13:13.6,12978,-0.08,-0.221,-0.701,-0.674,-0.349,-0.337,-0.573,-0.66,-0.543,-0.682,-0.388,-0.299,-0.348,-0.544,-0.534,-0.545,-0.394,-0.733,-0.464,-0.305,0.655,0.561,-0.137,0.487,0.001,0.001,0.001,0.001,0.001,0.001,0.001,0.001,0.001,0.015,0.001,0.001,0.001,0.001,0.001,0.001,0.001,0.001,0.001,0.017,0.001,0.001,0.001,0.001,0.031,0.001,0.001,0.001,0.001,0.001,0.001,0.001,0.001,0.001,0.001,0.042,0.001,0.001,0.001,0.001,0.001,0.001,0.001,0.001,0.001,-0.059,-0.68,0.142,-0.717,1.281,0.894,0.63,0.215,0.16,0,0.023,0.021,0.509,0.821,0.907,0.639,0.013,0.016,0.098,0.228,0.04,0.016,0.894,0.858,0.636,0.128,0.001,0.293,0.635,0.216,0.278,0.013,0.053,0.037,0.001,0.045,0.608,0.661,0.247,0.313,0.001,1.023,0.888,0.725,0.223,0.295,0.35,0.696,1.211,0.146,17.84
13:13.6,12979,-0.084,-0.224,-0.701,-0.672,-0.338,-0.352,-0.568,-0.662,-0.543,-0.683,-0.388,-0.298,-0.345,-0.546,-0.533,-0.546,-0.396,-0.729,-0.465,-0.309,0.655,0.561,-0.137,0.487,0.001,0.001,0.001,0.001,0.001,0.001,0.001,0.001,0.001,0.015,0.001,0.001,0.001,0.001,0.001,0.001,0.001,0.001,0.001,0.017,0.001,0.001,0.001,0.001,0.031,0.001,0.001,0.001,0.001,0.001,0.001,0.001,0.001,0.001,0.001,0.042,0.001,0.001,0.001,0.001,0.001,0.001,0.001,0.001,0.001,-0.059,-0.68,0.142,-0.717,1.281,0.894,0.63,0.215,0.16,0,0.023,0.021,0.509,0.821,0.907,0.639,0.013,0.016,0.098,0.228,0.04,0.016,0.894,0.858,0.636,0.128,0.001,0.293,0.635,0.216,0.278,0.013,0.053,0.037,0.001,0.045,0.608,0.661,0.247,0.313,0.001,1.023,0.888,0.725,0.223,0.295,0.35,0.696,1.211,0.146,17.84
13:13.6,12980,-0.088,-0.227,-0.702,-0.669,-0.326,-0.364,-0.564,-0.665,-0.543,-0.684,-0.387,-0.297,-0.342,-0.548,-0.531,-0.548,-0.399,-0.725,-0.466,-0.313,0.655,0.561,-0.137,0.487,0.001,0.001,0.001,0.001,0.001,0.001,0.001,0.001,0.001,0.015,0.001,0.001,0.001,0.001,0.001,0.001,0.001,0.001,0.001,0.017,0.001,0.001,0.001,0.001,0.031,0.001,0.001,0.001,0.001,0.001,0.001,0.001,0.001,0.001,0.001,0.042,0.001,0.001,0.001,0.001,0.001,0.001,0.001,0.001,0.001,-0.059,-0.68,0.142,-0.717,1.281,0.894,0.63,0.215,0.16,0,0.023,0.021,0.509,0.821,0.907,0.639,0.013,0.016,0.098,0.228,0.04,0.016,0.894,0.858,0.636,0.128,0.001,0.293,0.635,0.216,0.278,0.013,0.053,0.037,0.001,0.045,0.608,0.661,0.247,0.313,0.001,1.023,0.888,0.725,0.223,0.295,0.35,0.696,1.211,0.146,17.84
13:13.6,12981,-0.092,-0.231,-0.703,-0.666,-0.311,-0.373,-0.562,-0.67,-0.543,-0.684,-0.386,-0.297,-0.339,-0.55,-0.53,-0.549,-0.401,-0.722,-0.467,-0.317,0.655,0.561,-0.137,0.487,0.001,0.001,0.001,0.001,0.001,0.001,0.001,0.001,0.001,0.015,0.001,0.001,0.001,0.001,0.001,0.001,0.001,0.001,0.001,0.017,0.001,0.001,0.001,0.001,0.031,0.001,0.001,0.001,0.001,0.001,0.001,0.001,0.001,0.001,0.001,0.042,0.001,0.001,0.001,0.001,0.001,0.001,0.001,0.001,0.001,-0.059,-0.68,0.142,-0.717,1.281,0.894,0.63,0.215,0.16,0,0.023,0.021,0.509,0.821,0.907,0.639,0.013,0.016,0.098,0.228,0.04,0.016,0.894,0.858,0.636,0.128,0.001,0.293,0.635,0.216,0.278,0.013,0.053,0.037,0.001,0.045,0.608,0.661,0.247,0.313,0.001,1.023,0.888,0.725,0.223,0.295,0.35,0.696,1.211,0.146,17.84
13:13.6,12982,-0.093,-0.234,-0.704,-0.664,-0.298,-0.377,-0.561,-0.674,-0.543,-0.685,-0.385,-0.296,-0.336,-0.551,-0.528,-0.551,-0.403,-0.719,-0.467,-0.32,0.655,0.561,-0.137,0.487,0.001,0.001,0.001,0.001,0.001,0.001,0.001,0.001,0.001,0.015,0.001,0.001,0.001,0.001,0.001,0.001,0.001,0.001,0.001,0.017,0.001,0.001,0.001,0.001,0.031,0.001,0.001,0.001,0.001,0.001,0.001,0.001,0.001,0.001,0.001,0.042,0.001,0.001,0.001,0.001,0.001,0.001,0.001,0.001,0.001,-0.092,-0.667,0.171,-0.719,0.972,0.834,0.53,0.107,0.12,0,0.033,0.022,0.313,0.766,0.839,0.617,0.001,0.046,0.138,0.269,0.09,0.005,0.802,0.775,0.53,0.114,0,0.37,0.65,0.286,0.316,0.006,0.015,0.004,0,0.067,0.64,0.669,0.382,0.331,0,0.991,0.863,0.759,0.289,0.358,0.374,0.679,1.201,0.146,17.173
13:13.6,12983,-0.091,-0.238,-0.705,-0.662,-0.287,-0.377,-0.563,-0.677,-0.544,-0.685,-0.384,-0.296,-0.333,-0.552,-0.527,-0.553,-0.405,-0.716,-0.468,-0.322,0.655,0.561,-0.137,0.487,0.001,0.001,0.001,0.001,0.001,0.001,0.001,0.001,0.001,0.015,0.001,0.001,0.001,0.001,0.001,0.001,0.001,0.001,0.001,0.017,0.001,0.001,0.001,0.001,0.031,0.001,0.001,0.001,0.001,0.001,0.001,0.001,0.001,0.001,0.001,0.042,0.001,0.001,0.001,0.001,0.001,0.001,0.001,0.001,0.001,-0.092,-0.667,0.17,-0.72,0.071,0.471,0.101,0,0.026,0,0.053,0.027,0,0.21,0.497,0.083,0.001,0.009,0.193,0.303,0.114,0.001,0.432,0.537,0.061,0.001,0.006,0.429,0.67,0.319,0.303,0.001,0.004,0.001,0,0.095,0.615,0.673,0.407,0.331,0.001,0.961,0.849,0.801,0.379,0.402,0.383,0.808,1.306,0.146,12.935
13:13.6,12984,-0.085,-0.244,-0.706,-0.66,-0.279,-0.375,-0.566,-0.679,-0.544,-0.685,-0.383,-0.297,-0.331,-0.554,-0.526,-0.554,-0.407,-0.714,-0.468,-0.324,0.655,0.561,-0.137,0.487,0.001,0.001,0.001,0.001,0.001,0.001,0.001,0.001,0.001,0.015,0.001,0.001,0.001,0.001,0.001,0.001,0.001,0.001,0.001,0.017,0.001,0.001,0.001,0.001,0.031,0.001,0.001,0.001,0.001,0.001,0.001,0.001,0.001,0.001,0.001,0.042,0.001,0.001,0.001,0.001,0.001,0.001,0.001,0.001,0.001,-0.092,-0.666,0.17,-0.72,0.043,0.381,0.043,0,0.012,0.001,0.054,0.024,0,0.14,0.408,0.004,0,0.007,0.198,0.298,0.117,0.001,0.277,0.397,0.001,0,0,0.429,0.67,0.316,0.308,0.001,0.002,0,0,0.087,0.612,0.674,0.403,0.315,0,0.957,0.851,0.803,0.392,0.409,0.391,0.824,1.311,0.146,12.161
13:13.6,12985,-0.076,-0.25,-0.707,-0.657,-0.274,-0.37,-0.571,-0.679,-0.545,-0.684,-0.383,-0.297,-0.329,-0.555,-0.525,-0.555,-0.41,-0.712,-0.469,-0.324,0.535,0.646,-0.151,0.523,0.001,0.001,0.001,0.001,0.001,0.001,0.001,0.001,0.001,0.015,0.001,0.001,0.001,0.001,0.001,0.001,0.001,0.001,0.001,0.017,0.001,0.001,0.001,0.001,0.031,0.001,0.001,0.001,0.001,0.001,0.001,0.001,0.001,0.001,0.001,0.043,0.001,0.001,0.001,0.001,0.001,0.001,0.001,0.001,0.001,-0.095,-0.666,0.172,-0.72,0.02,0.283,0.001,0.001,0,0.001,0.055,0.027,0.001,0.101,0.309,0,0,0.001,0.201,0.293,0.118,0.001,0.123,0.189,0,0,0.001,0.426,0.663,0.313,0.303,0,0.001,0.001,0.001,0.018,0.593,0.68,0.391,0.303,0,0.967,0.856,0.799,0.41,0.422,0.398,0.862,1.315,0.147,11.448
13:13.6,12986,-0.065,-0.256,-0.71,-0.652,-0.272,-0.363,-0.578,-0.679,-0.546,-0.683,-0.383,-0.298,-0.326,-0.556,-0.524,-0.556,-0.412,-0.71,-0.47,-0.324,0.51,0.648,-0.184,0.535,0.866,0.442,0.001,0.001,0.001,0.001,0.001,0.001,0.832,0.597,0.129,0.001,0.001,0.001,0.001,0.001,0.001,0.177,0.532,0.065,0.001,0.001,0.01,0.001,0.016,0.001,0.001,0.001,0.001,0,0.001,0.001,0.001,0.001,0.001,0.054,0.001,0.001,0.001,0.001,0.001,0.001,0.001,0.001,0.001,-0.095,-0.666,0.174,-0.719,0.017,0.23,0.001,0,0.001,0,0.054,0.026,0,0.089,0.225,0.001,0.001,0,0.194,0.297,0.122,0,0.061,0.12,0,0.001,0,0.43,0.664,0.304,0.305,0.001,0.001,0.001,0.001,0.015,0.586,0.675,0.372,0.295,0.001,0.967,0.856,0.808,0.429,0.43,0.403,0.893,1.309,3.753,11.186
13:13.6,12987,-0.052,-0.262,-0.714,-0.647,-0.271,-0.353,-0.585,-0.678,-0.546,-0.682,-0.384,-0.299,-0.323,-0.558,-0.524,-0.556,-0.414,-0.708,-0.472,-0.324,0.499,0.647,-0.203,0.54,0.94,0.734,0.001,0.001,0.001,0.001,0.001,0.001,0.943,0.664,0.33,0.001,0.001,0.001,0.001,0.001,0.001,0.397,0.586,0.106,0.001,0.001,0.001,0.001,0.024,0.001,0.001,0.043,0.001,0.001,0.001,0.001,0.001,0.001,0.001,0.079,0.001,0.001,0.001,0.001,0.001,0.001,0.001,0.001,0.001,-0.088,-0.666,0.168,-0.721,0.022,0.21,0.001,0,0,0.001,0.045,0.026,0,0.101,0.22,0.001,0.001,0.001,0.181,0.292,0.126,0,0.07,0.062,0.001,0,0.001,0.424,0.657,0.291,0.304,0,0.001,0.001,0,0.001,0.589,0.678,0.35,0.277,0.001,0.973,0.862,0.814,0.444,0.444,0.409,0.928,1.316,4.88,11.126
13:13.7,12988,-0.041,-0.265,-0.717,-0.643,-0.273,-0.343,-0.594,-0.674,-0.547,-0.68,-0.386,-0.3,-0.32,-0.56,-0.523,-0.557,-0.416,-0.706,-0.473,-0.324,0.499,0.647,-0.203,0.54,0.94,0.734,0.001,0.001,0.001,0.001,0.001,0.001,0.943,0.664,0.33,0.001,0.001,0.001,0.001,0.001,0.001,0.397,0.586,0.106,0.001,0.001,0.001,0.001,0.024,0.001,0.001,0.043,0.001,0.001,0.001,0.001,0.001,0.001,0.001,0.079,0.001,0.001,0.001,0.001,0.001,0.001,0.001,0.001,0.001,-0.074,-0.665,0.158,-0.726,0.018,0.182,0,0.001,0,0,0.031,0.024,0,0.114,0.206,0,0,0.001,0.148,0.284,0.125,0,0.062,0.028,0,0.001,0.001,0.407,0.652,0.276,0.309,0.001,0.001,0.001,0.001,0,0.579,0.676,0.327,0.27,0,0.994,0.869,0.827,0.447,0.464,0.416,0.957,1.319,4.88,11.019
13:13.7,12989,-0.033,-0.261,-0.719,-0.643,-0.279,-0.34,-0.599,-0.67,-0.549,-0.677,-0.388,-0.299,-0.316,-0.563,-0.522,-0.558,-0.416,-0.704,-0.474,-0.325,0.499,0.647,-0.203,0.54,0.94,0.734,0.001,0.001,0.001,0.001,0.001,0.001,0.943,0.664,0.33,0.001,0.001,0.001,0.001,0.001,0.001,0.397,0.586,0.106,0.001,0.001,0.001,0.001,0.024,0.001,0.001,0.043,0.001,0.001,0.001,0.001,0.001,0.001,0.001,0.079,0.001,0.001,0.001,0.001,0.001,0.001,0.001,0.001,0.001,-0.056,-0.664,0.145,-0.731,0.022,0.16,0.001,0,0.001,0,0.021,0.023,0,0.114,0.187,0.001,0.001,0,0.123,0.278,0.123,0.001,0.06,0.001,0.001,0.001,0.001,0.379,0.643,0.272,0.298,0.001,0,0,0.001,0.001,0.564,0.678,0.313,0.267,0,1.006,0.879,0.824,0.448,0.486,0.424,0.984,1.339,4.88,10.927
13:13.7,12990,-0.027,-0.252,-0.72,-0.646,-0.284,-0.342,-0.598,-0.667,-0.55,-0.674,-0.391,-0.299,-0.311,-0.565,-0.52,-0.559,-0.415,-0.704,-0.476,-0.326,0.499,0.647,-0.203,0.54,0.94,0.734,0.001,0.001,0.001,0.001,0.001,0.001,0.943,0.664,0.33,0.001,0.001,0.001,0.001,0.001,0.001,0.397,0.586,0.106,0.001,0.001,0.001,0.001,0.024,0.001,0.001,0.043,0.001,0.001,0.001,0.001,0.001,0.001,0.001,0.079,0.001,0.001,0.001,0.001,0.001,0.001,0.001,0.001,0.001,-0.056,-0.664,0.145,-0.731,0.022,0.16,0.001,0,0.001,0,0.021,0.023,0,0.114,0.187,0.001,0.001,0,0.123,0.278,0.123,0.001,0.06,0.001,0.001,0.001,0.001,0.379,0.643,0.272,0.298,0.001,0,0,0.001,0.001,0.564,0.678,0.313,0.267,0,1.006,0.879,0.824,0.448,0.486,0.424,0.984,1.339,4.88,10.927
13:13.7,12991,-0.025,-0.244,-0.718,-0.652,-0.289,-0.344,-0.596,-0.666,-0.553,-0.671,-0.394,-0.297,-0.307,-0.568,-0.518,-0.561,-0.413,-0.704,-0.478,-0.326,0.499,0.647,-0.203,0.54,0.94,0.734,0.001,0.001,0.001,0.001,0.001,0.001,0.943,0.664,0.33,0.001,0.001,0.001,0.001,0.001,0.001,0.397,0.586,0.106,0.001,0.001,0.001,0.001,0.024,0.001,0.001,0.043,0.001,0.001,0.001,0.001,0.001,0.001,0.001,0.079,0.001,0.001,0.001,0.001,0.001,0.001,0.001,0.001,0.001,-0.056,-0.664,0.145,-0.731,0.022,0.16,0.001,0,0.001,0,0.021,0.023,0,0.114,0.187,0.001,0.001,0,0.123,0.278,0.123,0.001,0.06,0.001,0.001,0.001,0.001,0.379,0.643,0.272,0.298,0.001,0,0,0.001,0.001,0.564,0.678,0.313,0.267,0,1.006,0.879,0.824,0.448,0.486,0.424,0.984,1.339,4.88,10.927
13:13.7,12992,-0.027,-0.239,-0.715,-0.657,-0.294,-0.341,-0.594,-0.667,-0.556,-0.668,-0.397,-0.294,-0.302,-0.571,-0.508,-0.563,-0.411,-0.704,-0.479,-0.325,0.499,0.647,-0.203,0.54,0.94,0.734,0.001,0.001,0.001,0.001,0.001,0.001,0.943,0.664,0.33,0.001,0.001,0.001,0.001,0.001,0.001,0.397,0.586,0.106,0.001,0.001,0.001,0.001,0.024,0.001,0.001,0.043,0.001,0.001,0.001,0.001,0.001,0.001,0.001,0.079,0.001,0.001,0.001,0.001,0.001,0.001,0.001,0.001,0.001,-0.056,-0.664,0.145,-0.731,0.022,0.16,0.001,0,0.001,0,0.021,0.023,0,0.114,0.187,0.001,0.001,0,0.123,0.278,0.123,0.001,0.06,0.001,0.001,0.001,0.001,0.379,0.643,0.272,0.298,0.001,0,0,0.001,0.001,0.564,0.678,0.313,0.267,0,1.006,0.879,0.824,0.448,0.486,0.424,0.984,1.339,4.88,10.927
13:13.7,12993,-0.032,-0.238,-0.711,-0.661,-0.301,-0.333,-0.593,-0.668,-0.56,-0.664,-0.4,-0.29,-0.296,-0.574,-0.513,-0.566,-0.41,-0.706,-0.479,-0.323,0.499,0.647,-0.203,0.54,0.94,0.734,0.001,0.001,0.001,0.001,0.001,0.001,0.943,0.664,0.33,0.001,0.001,0.001,0.001,0.001,0.001,0.397,0.586,0.106,0.001,0.001,0.001,0.001,0.024,0.001,0.001,0.043,0.001,0.001,0.001,0.001,0.001,0.001,0.001,0.079,0.001,0.001,0.001,0.001,0.001,0.001,0.001,0.001,0.001,-0.056,-0.664,0.145,-0.731,0.022,0.16,0.001,0,0.001,0,0.021,0.023,0,0.114,0.187,0.001,0.001,0,0.123,0.278,0.123,0.001,0.06,0.001,0.001,0.001,0.001,0.379,0.643,0.272,0.298,0.001,0,0,0.001,0.001,0.564,0.678,0.313,0.267,0,1.006,0.879,0.824,0.448,0.486,0.424,0.984,1.339,4.88,10.927
13:13.7,12994,-0.037,-0.243,-0.706,-0.664,-0.307,-0.326,-0.592,-0.67,-0.566,-0.659,-0.403,-0.287,-0.289,-0.576,-0.51,-0.57,-0.409,-0.707,-0.48,-0.32,0.381,0.632,-0.305,0.602,0.915,0.767,0.044,0.001,0.001,0.001,0.001,0.001,0.937,0.757,0.515,0.001,0.001,0.001,0.001,0.001,0.001,0.499,0.614,0.215,0.001,0.001,0.001,0.001,0.027,0.001,0.001,0.139,0.001,0.001,0.001,0.001,0.001,0.001,0.001,0.06,0.001,0.001,0.001,0.001,0.001,0.001,0.001,0.001,0.001,-0.056,-0.664,0.145,-0.731,0.022,0.16,0.001,0,0.001,0,0.021,0.023,0,0.114,0.187,0.001,0.001,0,0.123,0.278,0.123,0.001,0.06,0.001,0.001,0.001,0.001,0.379,0.643,0.272,0.298,0.001,0,0,0.001,0.001,0.564,0.678,0.313,0.267,0,1.006,0.879,0.824,0.448,0.486,0.424,0.984,1.339,5.522,10.927
13:13.7,12995,-0.038,-0.25,-0.702,-0.666,-0.31,-0.32,-0.592,-0.672,-0.573,-0.653,-0.406,-0.283,-0.281,-0.578,-0.506,-0.575,-0.408,-0.708,-0.48,-0.317,0.356,0.636,-0.297,0.617,0.978,0.807,0.806,0.234,0.215,0.001,0.073,0.042,0.792,0.801,0.816,0.565,0.057,0.049,0.447,0.431,0.001,0.418,0.811,0.709,0.167,0.001,0.001,0.337,0.86,0.001,0.001,0.304,0.212,0.002,0.001,0.001,0.139,0.466,0.001,0.082,0.001,0.001,0.126,0.001,0.001,0.001,0.001,0.001,0.001,-0.056,-0.664,0.145,-0.731,0.022,0.16,0.001,0,0.001,0,0.021,0.023,0,0.114,0.187,0.001,0.001,0,0.123,0.278,0.123,0.001,0.06,0.001,0.001,0.001,0.001,0.379,0.643,0.272,0.298,0.001,0,0,0.001,0.001,0.564,0.678,0.313,0.267,0,1.006,0.879,0.824,0.448,0.486,0.424,0.984,1.339,11.763,10.927
13:13.7,12996,-0.033,-0.254,-0.698,-0.668,-0.308,-0.313,-0.595,-0.673,-0.581,-0.646,-0.407,-0.28,-0.271,-0.579,-0.504,-0.582,-0.409,-0.709,-0.48,-0.314,0.325,0.647,-0.291,0.625,0.993,0.811,0.801,0.291,0.266,0.001,0.103,0.051,0.788,0.799,0.821,0.606,0.073,0.085,0.475,0.466,0.001,0.422,0.813,0.718,0.198,0.001,0.001,0.402,0.866,0.001,0.001,0.306,0.221,0.004,0.001,0.001,0.226,0.546,0.001,0.101,0.001,0.001,0.187,0.011,0.001,0.001,0.001,0.001,0.001,0.175,-0.625,0.056,-0.759,0.022,0.122,0,0.001,0.001,0,0.021,0.022,0,0.112,0.178,0.001,0,0.001,0.1,0.276,0.129,0,0.054,0,0,0.001,0,0.349,0.635,0.267,0.293,0.001,0,0.001,0,0.001,0.547,0.678,0.297,0.26,0,1.016,0.885,0.825,0.446,0.501,0.429,1.001,1.343,12.466,10.816
13:13.7,12997,-0.028,-0.255,-0.699,-0.668,-0.303,-0.304,-0.601,-0.674,-0.59,-0.639,-0.408,-0.278,-0.261,-0.578,-0.501,-0.59,-0.41,-0.711,-0.48,-0.311,0.315,0.647,-0.291,0.63,1.005,0.816,0.807,0.321,0.314,0.001,0.128,0.061,0.792,0.799,0.822,0.615,0.105,0.109,0.509,0.475,0.001,0.414,0.817,0.719,0.223,0.002,0.001,0.421,0.856,0.001,0,0.297,0.223,0.004,0.001,0.001,0.271,0.557,0.001,0.1,0.001,0.001,0.237,0.018,0.001,0.001,0.001,0.001,0.001,0.221,-0.616,0.052,-0.755,0.001,0.015,0.001,0,0,0.001,0.037,0.001,0,0.001,0.006,0.001,0.001,0,0.055,0.178,0.156,0,0,0,0,0,0,0.112,0.386,0.103,0.32,0.001,0,0.001,0,0.001,0.243,0.525,0.099,0.315,0.001,0.834,1.136,0.814,0.366,0.338,0.485,1.016,1.063,12.851,8.613
13:13.8,12998,-0.029,-0.252,-0.702,-0.666,-0.298,-0.292,-0.609,-0.674,-0.598,-0.63,-0.409,-0.278,-0.251,-0.575,-0.499,-0.598,-0.409,-0.712,-0.481,-0.307,0.301,0.65,-0.282,0.637,1.02,0.822,0.816,0.379,0.383,0.002,0.161,0.067,0.788,0.803,0.823,0.621,0.128,0.144,0.547,0.493,0.001,0.402,0.819,0.714,0.222,0.002,0.002,0.465,0.827,0.001,0.027,0.284,0.216,0.005,0.001,0.001,0.313,0.587,0.001,0.122,0.001,0.005,0.255,0.018,0.001,0.001,0.002,0.001,0.001,0.221,-0.616,0.052,-0.755,0.001,0.015,0.001,0,0,0.001,0.037,0.001,0,0.001,0.006,0.001,0.001,0,0.055,0.178,0.156,0,0,0,0,0,0,0.112,0.386,0.103,0.32,0.001,0,0.001,0,0.001,0.243,0.525,0.099,0.315,0.001,0.834,1.136,0.814,0.366,0.338,0.485,1.016,1.063,13.294,8.613
13:13.8,12999,-0.035,-0.247,-0.705,-0.664,-0.295,-0.278,-0.617,-0.674,-0.607,-0.621,-0.41,-0.279,-0.241,-0.572,-0.497,-0.607,-0.408,-0.712,-0.483,-0.305,0.289,0.654,-0.274,0.643,1.044,0.842,0.841,0.455,0.404,0.002,0.182,0.065,0.795,0.802,0.823,0.643,0.144,0.179,0.564,0.505,0.001,0.374,0.819,0.707,0.2,0.004,0.002,0.501,0.823,0.001,0.073,0.264,0.194,0.005,0.001,0.001,0.339,0.602,0.001,0.123,0.001,0.027,0.26,0.023,0.001,0.001,0.002,0.001,0.001,0.244,-0.614,0.101,-0.743,0,0.004,0.001,0,0,0.001,0.01,0.001,0,0,0,0,0,0.001,0.044,0.277,0.181,0,0,0.001,0,0,0.001,0.131,0.391,0.017,0.328,0.001,0.001,0,0,0.001,0.335,0.418,0.001,0.427,0.001,0.766,0.857,0.818,0.319,0.121,0.261,0.534,0.971,13.642,7.221
13:13.8,13000,-0.045,-0.238,-0.708,-0.663,-0.298,-0.263,-0.625,-0.672,-0.614,-0.612,-0.411,-0.281,-0.231,-0.566,-0.496,-0.617,-0.406,-0.713,-0.485,-0.304,0.282,0.654,-0.268,0.649,1.072,0.858,0.864,0.513,0.453,0.002,0.212,0.077,0.789,0.801,0.824,0.647,0.16,0.21,0.57,0.518,0.001,0.35,0.818,0.698,0.197,0.004,0.002,0.519,0.814,0.001,0.094,0.247,0.181,0.005,0.001,0.001,0.352,0.603,0.001,0.133,0.001,0.037,0.27,0.02,0.001,0.001,0.002,0.001,0.001,0.247,-0.613,0.151,-0.735,0.001,0,0,0.001,0.001,0.001,0.001,0.001,0,0,0,0,0.001,0,0.022,0.331,0.155,0,0,0,0.001,0.001,0,0.089,0.393,0.021,0.295,0.001,0.001,0.001,0,0.001,0.242,0.426,0,0.43,0.001,0.64,0.626,0.526,0.344,0.001,0.122,0.189,0.976,13.926,5.842
13:13.8,13001,-0.058,-0.227,-0.712,-0.662,-0.305,-0.25,-0.63,-0.669,-0.621,-0.602,-0.413,-0.284,-0.224,-0.561,-0.495,-0.625,-0.403,-0.713,-0.487,-0.304,0.275,0.654,-0.259,0.655,1.094,0.872,0.874,0.547,0.48,0.027,0.228,0.088,0.779,0.8,0.829,0.652,0.186,0.23,0.575,0.52,0.001,0.348,0.819,0.695,0.178,0.005,0.002,0.568,0.817,0.001,0.095,0.232,0.173,0.005,0.001,0.001,0.359,0.601,0.001,0.144,0.001,0.034,0.271,0.015,0.001,0.001,0.002,0.001,0.001,0.265,-0.609,0.171,-0.728,0,0.006,0.001,0.001,0,0.001,0,0.001,0,0.001,0,0,0,0.001,0.001,0.263,0.129,0,0,0.001,0.001,0.001,0,0.034,0.355,0.001,0.223,0.001,0.001,0,0,0.001,0.159,0.381,0.001,0.363,0.001,0.443,0.562,0.294,0.386,0,0.096,0.004,0.89,14.154,4.604
13:13.8,13002,-0.072,-0.217,-0.714,-0.661,-0.315,-0.239,-0.633,-0.666,-0.628,-0.593,-0.415,-0.287,-0.22,-0.558,-0.495,-0.629,-0.399,-0.713,-0.488,-0.306,0.257,0.659,-0.241,0.665,1.1,0.877,0.888,0.573,0.519,0.071,0.232,0.09,0.779,0.807,0.83,0.657,0.193,0.228,0.58,0.523,0.001,0.344,0.817,0.694,0.172,0.005,0.004,0.589,0.824,0.001,0.114,0.222,0.164,0.005,0.001,0.001,0.363,0.598,0.001,0.147,0.001,0.037,0.271,0.015,0.001,0.001,0.002,0.001,0.001,0.316,-0.602,0.179,-0.711,0,0.029,0.001,0.001,0,0.001,0,0,0.001,0.001,0.001,0.001,0.001,0,0.001,0.203,0.133,0.001,0.001,0,0,0,0.001,0.001,0.249,0,0.189,0,0.001,0.001,0,0,0.094,0.275,0.001,0.276,0.001,0.25,0.476,0.142,0.355,0,0.082,0,0.589,14.344,3.359
13:13.8,13003,-0.084,-0.212,-0.715,-0.66,-0.327,-0.229,-0.635,-0.661,-0.632,-0.584,-0.416,-0.292,-0.219,-0.557,-0.495,-0.63,-0.396,-0.713,-0.489,-0.308,0.242,0.662,-0.226,0.673,1.109,0.884,0.897,0.614,0.547,0.11,0.25,0.098,0.784,0.808,0.83,0.665,0.194,0.231,0.595,0.525,0.001,0.338,0.814,0.69,0.166,0.006,0.004,0.6,0.828,0.001,0.137,0.221,0.16,0.005,0.001,0.001,0.371,0.6,0.001,0.181,0.001,0.033,0.267,0.001,0.001,0.001,0.002,0.001,0.001,0.348,-0.598,0.184,-0.698,0.001,0.034,0,0,0.001,0,0.001,0,0,0,0.006,0,0,0,0,0.131,0.094,0.001,0,0,0,0,0,0,0.198,0,0.175,0,0.001,0,0.001,0.001,0.057,0.23,0,0.206,0,0.134,0.462,0.081,0.166,0.001,0.074,0,0.159,14.575,2.215
13:13.8,13004,-0.09,-0.21,-0.715,-0.66,-0.339,-0.22,-0.637,-0.656,-0.634,-0.577,-0.418,-0.298,-0.219,-0.562,-0.493,-0.626,-0.393,-0.713,-0.49,-0.312,0.226,0.665,-0.211,0.68,1.116,0.888,0.905,0.632,0.591,0.165,0.276,0.105,0.788,0.808,0.829,0.672,0.208,0.255,0.596,0.529,0.001,0.337,0.812,0.694,0.171,0.007,0.004,0.62,0.828,0.001,0.131,0.219,0.158,0.005,0.002,0.001,0.374,0.596,0.001,0.183,0.001,0.033,0.269,0.001,0.001,0.001,0.002,0.001,0.001,0.348,-0.598,0.184,-0.698,0.001,0.034,0,0,0.001,0,0.001,0,0,0,0.006,0,0,0,0,0.131,0.094,0.001,0,0,0,0,0,0,0.198,0,0.175,0,0.001,0,0.001,0.001,0.057,0.23,0,0.206,0,0.134,0.462,0.081,0.166,0.001,0.074,0,0.159,14.818,2.215
13:13.8,13005,-0.092,-0.21,-0.715,-0.66,-0.349,-0.214,-0.639,-0.651,-0.634,-0.572,-0.422,-0.305,-0.213,-0.572,-0.492,-0.62,-0.389,-0.713,-0.49,-0.315,0.204,0.668,-0.192,0.689,1.123,0.889,0.91,0.657,0.608,0.193,0.286,0.103,0.788,0.807,0.828,0.681,0.216,0.256,0.602,0.531,0.001,0.339,0.812,0.692,0.175,0.007,0.005,0.629,0.833,0.001,0.127,0.22,0.156,0.006,0.002,0.001,0.381,0.602,0.001,0.177,0.001,0.037,0.274,0.001,0.001,0.001,0.004,0.001,0.001,0.348,-0.598,0.184,-0.698,0.001,0.034,0,0,0.001,0,0.001,0,0,0,0.006,0,0,0,0,0.131,0.094,0.001,0,0,0,0,0,0,0.198,0,0.175,0,0.001,0,0.001,0.001,0.057,0.23,0,0.206,0,0.134,0.462,0.081,0.166,0.001,0.074,0,0.159,14.966,2.215
13:13.8,13006,-0.09,-0.21,-0.716,-0.66,-0.358,-0.21,-0.641,-0.646,-0.633,-0.566,-0.427,-0.312,-0.199,-0.584,-0.492,-0.615,-0.386,-0.714,-0.491,-0.317,0.19,0.67,-0.179,0.695,1.125,0.891,0.913,0.681,0.624,0.226,0.278,0.106,0.791,0.806,0.829,0.684,0.221,0.274,0.611,0.531,0.001,0.338,0.813,0.692,0.176,0.009,0.006,0.642,0.836,0.001,0.137,0.22,0.156,0.006,0.002,0.001,0.386,0.603,0.001,0.179,0.001,0.037,0.277,0.006,0.001,0.001,0.005,0.001,0.001,0.348,-0.598,0.184,-0.698,0.001,0.034,0,0,0.001,0,0.001,0,0,0,0.006,0,0,0,0,0.131,0.094,0.001,0,0,0,0,0,0,0.198,0,0.175,0,0.001,0,0.001,0.001,0.057,0.23,0,0.206,0,0.134,0.462,0.081,0.166,0.001,0.074,0,0.159,15.126,2.215
13:13.8,13007,-0.087,-0.209,-0.717,-0.659,-0.363,-0.21,-0.642,-0.642,-0.631,-0.56,-0.432,-0.319,-0.185,-0.592,-0.491,-0.612,-0.384,-0.714,-0.491,-0.318,0.169,0.673,-0.16,0.702,1.125,0.89,0.915,0.695,0.651,0.258,0.294,0.104,0.791,0.805,0.83,0.684,0.225,0.281,0.615,0.536,0.001,0.344,0.814,0.691,0.176,0.009,0.006,0.648,0.839,0.001,0.134,0.221,0.156,0.006,0.002,0.001,0.385,0.6,0.001,0.176,0.001,0.042,0.274,0.002,0.001,0.001,0.002,0.001,0.001,0.348,-0.598,0.184,-0.698,0.001,0.034,0,0,0.001,0,0.001,0,0,0,0.006,0,0,0,0,0.131,0.094,0.001,0,0,0,0,0,0,0.198,0,0.175,0,0.001,0,0.001,0.001,0.057,0.23,0,0.206,0,0.134,0.462,0.081,0.166,0.001,0.074,0,0.159,15.235,2.215
13:13.9,13008,-0.086,-0.207,-0.719,-0.657,-0.366,-0.211,-0.644,-0.638,-0.629,-0.554,-0.438,-0.325,-0.173,-0.596,-0.49,-0.612,-0.384,-0.715,-0.491,-0.317,0.153,0.675,-0.146,0.707,1.122,0.889,0.912,0.694,0.674,0.261,0.302,0.107,0.791,0.802,0.829,0.69,0.222,0.28,0.619,0.537,0.001,0.353,0.814,0.694,0.181,0.009,0.006,0.652,0.845,0.001,0.136,0.226,0.16,0.006,0.002,0.001,0.385,0.595,0.001,0.177,0.001,0.035,0.265,0.004,0.001,0.001,0.002,0.001,0.001,0.348,-0.598,0.184,-0.698,0.001,0.034,0,0,0.001,0,0.001,0,0,0,0.006,0,0,0,0,0.131,0.094,0.001,0,0,0,0,0,0,0.198,0,0.175,0,0.001,0,0.001,0.001,0.057,0.23,0,0.206,0,0.134,0.462,0.081,0.166,0.001,0.074,0,0.159,15.287,2.215
13:13.9,13009,-0.086,-0.203,-0.722,-0.656,-0.365,-0.212,-0.645,-0.636,-0.627,-0.548,-0.445,-0.33,-0.162,-0.597,-0.489,-0.615,-0.384,-0.715,-0.491,-0.315,0.134,0.677,-0.13,0.712,1.121,0.886,0.911,0.697,0.684,0.258,0.302,0.107,0.794,0.8,0.829,0.691,0.225,0.287,0.619,0.536,0.001,0.355,0.816,0.695,0.189,0.009,0.006,0.654,0.846,0.001,0.139,0.231,0.161,0.006,0.002,0.001,0.388,0.595,0.001,0.183,0.001,0.033,0.266,0.002,0.001,0.001,0.002,0.001,0.001,0.348,-0.598,0.184,-0.698,0.001,0.034,0,0,0.001,0,0.001,0,0,0,0.006,0,0,0,0,0.131,0.094,0.001,0,0,0,0,0,0,0.198,0,0.175,0,0.001,0,0.001,0.001,0.057,0.23,0,0.206,0,0.134,0.462,0.081,0.166,0.001,0.074,0,0.159,15.334,2.215
13:13.9,13010,-0.088,-0.2,-0.724,-0.654,-0.363,-0.213,-0.647,-0.636,-0.626,-0.542,-0.452,-0.333,-0.154,-0.595,-0.489,-0.619,-0.385,-0.716,-0.492,-0.312,0.118,0.679,-0.116,0.715,1.117,0.885,0.91,0.696,0.689,0.255,0.305,0.11,0.797,0.799,0.827,0.691,0.226,0.294,0.614,0.531,0.001,0.361,0.816,0.698,0.195,0.009,0.007,0.656,0.846,0.001,0.137,0.236,0.164,0.007,0.002,0.002,0.387,0.593,0.001,0.177,0.001,0.034,0.267,0.004,0.001,0.001,0.002,0.001,0.001,0.348,-0.598,0.184,-0.698,0.001,0.034,0,0,0.001,0,0.001,0,0,0,0.006,0,0,0,0,0.131,0.094,0.001,0,0,0,0,0,0,0.198,0,0.175,0,0.001,0,0.001,0.001,0.057,0.23,0,0.206,0,0.134,0.462,0.081,0.166,0.001,0.074,0,0.159,15.354,2.215
13:13.9,13011,-0.09,-0.197,-0.727,-0.651,-0.36,-0.214,-0.649,-0.636,-0.625,-0.535,-0.459,-0.334,-0.146,-0.592,-0.49,-0.623,-0.385,-0.717,-0.492,-0.31,0.118,0.679,-0.116,0.715,1.117,0.885,0.91,0.696,0.689,0.255,0.305,0.11,0.797,0.799,0.827,0.691,0.226,0.294,0.614,0.531,0.001,0.361,0.816,0.698,0.195,0.009,0.007,0.656,0.846,0.001,0.137,0.236,0.164,0.007,0.002,0.002,0.387,0.593,0.001,0.177,0.001,0.034,0.267,0.004,0.001,0.001,0.002,0.001,0.001,0.347,-0.664,0.115,-0.652,0,0.062,0.001,0,0,0.001,0,0.001,0,0.001,0.06,0.001,0,0.001,0.001,0.101,0.035,0,0,0.001,0.001,0,0,0.001,0.131,0,0.082,0,0.001,0,0,0,0.015,0.165,0.001,0.062,0.001,0.016,0.444,0.004,0.027,0.001,0.062,0,0,15.354,1.28
13:13.9,13012,-0.092,-0.194,-0.73,-0.649,-0.357,-0.213,-0.65,-0.636,-0.626,-0.529,-0.465,-0.334,-0.138,-0.588,-0.493,-0.627,-0.386,-0.717,-0.491,-0.309,0.118,0.679,-0.116,0.715,1.117,0.885,0.91,0.696,0.689,0.255,0.305,0.11,0.797,0.799,0.827,0.691,0.226,0.294,0.614,0.531,0.001,0.361,0.816,0.698,0.195,0.009,0.007,0.656,0.846,0.001,0.137,0.236,0.164,0.007,0.002,0.002,0.387,0.593,0.001,0.177,0.001,0.034,0.267,0.004,0.001,0.001,0.002,0.001,0.001,0.328,-0.67,0.113,-0.656,0,0.115,0.001,0,0,0,0,0,0,0,0.072,0,0.001,0,0,0.001,0.001,0.001,0,0,0.001,0,0,0,0.031,0,0.001,0,0,0,0.001,0.001,0,0.002,0,0,0.001,0,0.232,0.001,0,0.001,0.011,0,0.001,15.354,0.476
13:13.9,13013,-0.093,-0.192,-0.732,-0.647,-0.356,-0.211,-0.652,-0.635,-0.628,-0.523,-0.471,-0.333,-0.129,-0.583,-0.497,-0.63,-0.386,-0.718,-0.49,-0.308,0.118,0.679,-0.116,0.715,1.117,0.885,0.91,0.696,0.689,0.255,0.305,0.11,0.797,0.799,0.827,0.691,0.226,0.294,0.614,0.531,0.001,0.361,0.816,0.698,0.195,0.009,0.007,0.656,0.846,0.001,0.137,0.236,0.164,0.007,0.002,0.002,0.387,0.593,0.001,0.177,0.001,0.034,0.267,0.004,0.001,0.001,0.002,0.001,0.001,0.301,-0.68,0.108,-0.66,0,0.115,0.001,0,0.001,0,0,0,0.001,0,0.077,0,0,0.001,0.001,0,0.001,0.001,0.001,0,0,0.001,0.001,0,0.028,0,0,0.001,0.001,0,0.001,0,0.001,0.001,0,0.001,0,0.001,0.226,0.001,0.001,0,0.012,0,0,15.354,0.477
13:13.9,13014,-0.094,-0.19,-0.733,-0.646,-0.356,-0.208,-0.653,-0.635,-0.63,-0.518,-0.475,-0.331,-0.122,-0.578,-0.503,-0.631,-0.387,-0.718,-0.489,-0.309,0.118,0.679,-0.116,0.715,1.117,0.885,0.91,0.696,0.689,0.255,0.305,0.11,0.797,0.799,0.827,0.691,0.226,0.294,0.614,0.531,0.001,0.361,0.816,0.698,0.195,0.009,0.007,0.656,0.846,0.001,0.137,0.236,0.164,0.007,0.002,0.002,0.387,0.593,0.001,0.177,0.001,0.034,0.267,0.004,0.001,0.001,0.002,0.001,0.001,0.279,-0.69,0.103,-0.66,0,0.122,0.001,0,0,0.001,0,0.001,0,0,0.076,0.001,0,0.001,0.001,0.001,0,0.001,0.001,0,0,0.001,0.001,0,0.028,0.001,0,0.001,0.001,0,0.001,0,0,0.001,0,0,0,0,0.227,0,0,0,0.012,0.001,0.001,15.354,0.483
13:13.9,13015,-0.095,-0.188,-0.735,-0.645,-0.358,-0.206,-0.654,-0.633,-0.633,-0.512,-0.479,-0.328,-0.117,-0.573,-0.509,-0.631,-0.387,-0.718,-0.487,-0.311,0.118,0.679,-0.116,0.715,1.117,0.885,0.91,0.696,0.689,0.255,0.305,0.11,0.797,0.799,0.827,0.691,0.226,0.294,0.614,0.531,0.001,0.361,0.816,0.698,0.195,0.009,0.007,0.656,0.846,0.001,0.137,0.236,0.164,0.007,0.002,0.002,0.387,0.593,0.001,0.177,0.001,0.034,0.267,0.004,0.001,0.001,0.002,0.001,0.001,0.244,-0.706,0.092,-0.659,0,0.125,0,0.001,0,0,0,0.001,0,0,0.077,0.001,0.001,0,0,0,0.001,0,0,0.001,0,0.001,0.001,0,0.027,0.001,0,0,0,0,0,0.001,0.001,0.001,0,0,0,0.001,0.215,0,0.001,0,0.012,0,0,15.354,0.47
13:13.9,13016,-0.097,-0.186,-0.735,-0.644,-0.361,-0.203,-0.655,-0.632,-0.637,-0.508,-0.482,-0.324,-0.115,-0.568,-0.516,-0.63,-0.388,-0.718,-0.485,-0.313,0.118,0.679,-0.116,0.715,1.117,0.885,0.91,0.696,0.689,0.255,0.305,0.11,0.797,0.799,0.827,0.691,0.226,0.294,0.614,0.531,0.001,0.361,0.816,0.698,0.195,0.009,0.007,0.656,0.846,0.001,0.137,0.236,0.164,0.007,0.002,0.002,0.387,0.593,0.001,0.177,0.001,0.034,0.267,0.004,0.001,0.001,0.002,0.001,0.001,0.215,-0.718,0.083,-0.656,0,0.123,0,0,0.001,0,0,0,0,0.001,0.076,0.001,0,0,0,0,0.001,0,0.001,0.001,0,0,0,0,0.028,0.001,0,0.001,0.001,0,0,0,0,0,0.001,0,0,0.001,0.21,0.001,0,0.001,0.012,0.001,0,15.354,0.463
13:13.9,13017,-0.1,-0.184,-0.736,-0.643,-0.365,-0.2,-0.655,-0.63,-0.64,-0.504,-0.484,-0.319,-0.114,-0.563,-0.523,-0.63,-0.389,-0.718,-0.483,-0.316,0.013,0.684,-0.023,0.729,1.116,0.884,0.91,0.697,0.69,0.256,0.306,0.11,0.806,0.797,0.827,0.698,0.225,0.294,0.604,0.531,0.001,0.361,0.816,0.692,0.195,0.009,0.007,0.656,0.846,0.001,0.137,0.238,0.164,0.006,0.002,0.001,0.388,0.595,0.001,0.176,0.001,0.032,0.264,0.005,0.001,0.001,0.002,0.001,0.001,0.178,-0.735,0.069,-0.651,0.001,0.122,0,0.001,0.001,0,0.001,0.001,0,0,0.077,0,0,0,0.001,0,0.001,0.001,0,0,0.001,0,0,0,0.027,0.001,0,0,0,0,0.001,0,0,0,0,0.001,0.001,0,0.206,0,0.001,0.001,0.012,0.001,0,15.351,0.46
13:14.0,13018,-0.104,-0.182,-0.737,-0.643,-0.37,-0.198,-0.655,-0.628,-0.644,-0.501,-0.485,-0.314,-0.116,-0.556,-0.53,-0.63,-0.39,-0.718,-0.481,-0.318,0,0.683,-0.011,0.731,1.088,0.888,0.916,0.742,0.786,0.36,0.349,0.117,0.775,0.802,0.829,0.698,0.249,0.35,0.641,0.546,0.006,0.348,0.807,0.694,0.198,0.01,0.01,0.687,0.85,0.001,0.14,0.208,0.143,0.006,0.002,0.002,0.396,0.604,0.001,0.177,0.001,0.044,0.281,0.012,0.001,0.001,0.004,0.001,0.001,0.148,-0.747,0.058,-0.645,0,0.117,0,0,0,0,0.001,0,0,0.001,0.076,0,0,0.001,0,0,0,0,0,0,0.001,0.001,0.001,0,0.027,0.001,0.001,0,0.001,0,0.001,0,0.001,0,0,0,0,0,0.208,0,0,0.001,0.012,0.001,0.001,15.772,0.454
13:14.0,13019,-0.109,-0.18,-0.737,-0.642,-0.373,-0.196,-0.655,-0.626,-0.648,-0.499,-0.484,-0.309,-0.119,-0.548,-0.536,-0.631,-0.391,-0.718,-0.478,-0.321,-0.016,0.681,0.003,0.732,1.088,0.89,0.915,0.758,0.816,0.398,0.359,0.126,0.757,0.805,0.828,0.702,0.261,0.381,0.648,0.553,0.007,0.336,0.801,0.694,0.205,0.011,0.01,0.7,0.845,0.001,0.144,0.201,0.137,0.007,0.002,0.002,0.398,0.612,0.001,0.182,0.001,0.05,0.289,0.026,0.001,0.001,0.005,0.001,0.001,0.118,-0.758,0.047,-0.64,0,0.115,0,0.001,0.001,0.001,0,0.001,0.001,0.001,0.074,0.001,0,0.001,0,0,0,0,0,0.001,0.001,0,0.001,0.001,0.022,0,0,0,0,0,0.001,0.001,0.001,0.001,0.001,0,0,0,0.204,0.001,0,0.001,0.012,0,0,15.956,0.446
13:14.0,13020,-0.114,-0.179,-0.738,-0.641,-0.377,-0.195,-0.655,-0.625,-0.653,-0.498,-0.483,-0.304,-0.124,-0.54,-0.542,-0.632,-0.391,-0.718,-0.476,-0.323,-0.029,0.68,0.014,0.733,1.081,0.889,0.915,0.764,0.844,0.448,0.377,0.126,0.745,0.802,0.824,0.701,0.276,0.398,0.663,0.56,0.007,0.322,0.794,0.697,0.222,0.011,0.012,0.702,0.845,0.001,0.156,0.2,0.134,0.006,0.002,0.002,0.402,0.624,0.001,0.193,0.001,0.056,0.293,0.033,0.001,0.001,0.006,0.001,0.001,0.082,-0.768,0.037,-0.634,0,0.107,0,0,0.001,0.001,0.001,0.001,0.001,0.001,0.077,0,0,0.001,0,0.001,0,0,0,0,0,0.001,0,0.001,0.024,0.001,0,0.001,0.001,0.001,0,0.001,0.001,0.001,0.001,0.001,0,0.001,0.194,0,0.001,0.001,0.012,0,0,16.139,0.436
13:14.0,13021,-0.119,-0.178,-0.738,-0.64,-0.379,-0.195,-0.655,-0.624,-0.657,-0.498,-0.481,-0.299,-0.134,-0.531,-0.548,-0.633,-0.392,-0.718,-0.474,-0.325,-0.042,0.679,0.025,0.733,1.079,0.889,0.912,0.772,0.858,0.485,0.386,0.129,0.731,0.801,0.822,0.7,0.283,0.415,0.669,0.563,0.006,0.311,0.791,0.697,0.232,0.012,0.012,0.711,0.845,0.001,0.159,0.199,0.136,0.007,0.002,0.002,0.404,0.632,0.001,0.2,0.001,0.063,0.294,0.035,0.001,0.001,0.007,0.001,0.001,0.059,-0.773,0.028,-0.63,0.001,0.109,0,0.001,0.001,0.001,0,0.001,0,0,0.078,0,0,0.001,0.001,0,0,0,0.001,0,0.001,0.001,0,0.001,0.026,0,0,0.001,0.001,0,0,0,0,0.001,0.001,0,0.001,0.001,0.187,0,0.001,0.001,0.011,0.001,0.001,16.258,0.432
13:14.0,13022,-0.123,-0.178,-0.739,-0.638,-0.381,-0.196,-0.655,-0.623,-0.661,-0.499,-0.478,-0.293,-0.152,-0.521,-0.554,-0.632,-0.392,-0.719,-0.473,-0.327,-0.042,0.679,0.025,0.733,1.079,0.889,0.912,0.772,0.858,0.485,0.386,0.129,0.731,0.801,0.822,0.7,0.283,0.415,0.669,0.563,0.006,0.311,0.791,0.697,0.232,0.012,0.012,0.711,0.845,0.001,0.159,0.199,0.136,0.007,0.002,0.002,0.404,0.632,0.001,0.2,0.001,0.063,0.294,0.035,0.001,0.001,0.007,0.001,0.001,0.059,-0.773,0.028,-0.63,0.001,0.109,0,0.001,0.001,0.001,0,0.001,0,0,0.078,0,0,0.001,0.001,0,0,0,0.001,0,0.001,0.001,0,0.001,0.026,0,0,0.001,0.001,0,0,0,0,0.001,0.001,0,0.001,0.001,0.187,0,0.001,0.001,0.011,0.001,0.001,16.258,0.432
13:14.0,13023,-0.127,-0.178,-0.74,-0.636,-0.383,-0.196,-0.655,-0.621,-0.664,-0.501,-0.474,-0.288,-0.174,-0.511,-0.559,-0.629,-0.391,-0.72,-0.471,-0.328,-0.042,0.679,0.025,0.733,1.079,0.889,0.912,0.772,0.858,0.485,0.386,0.129,0.731,0.801,0.822,0.7,0.283,0.415,0.669,0.563,0.006,0.311,0.791,0.697,0.232,0.012,0.012,0.711,0.845,0.001,0.159,0.199,0.136,0.007,0.002,0.002,0.404,0.632,0.001,0.2,0.001,0.063,0.294,0.035,0.001,0.001,0.007,0.001,0.001,0.059,-0.773,0.028,-0.63,0.001,0.109,0,0.001,0.001,0.001,0,0.001,0,0,0.078,0,0,0.001,0.001,0,0,0,0.001,0,0.001,0.001,0,0.001,0.026,0,0,0.001,0.001,0,0,0,0,0.001,0.001,0,0.001,0.001,0.187,0,0.001,0.001,0.011,0.001,0.001,16.258,0.432
13:14.0,13024,-0.13,-0.178,-0.74,-0.635,-0.385,-0.196,-0.655,-0.62,-0.668,-0.503,-0.47,-0.282,-0.192,-0.504,-0.564,-0.624,-0.39,-0.72,-0.469,-0.329,-0.042,0.679,0.025,0.733,1.079,0.889,0.912,0.772,0.858,0.485,0.386,0.129,0.731,0.801,0.822,0.7,0.283,0.415,0.669,0.563,0.006,0.311,0.791,0.697,0.232,0.012,0.012,0.711,0.845,0.001,0.159,0.199,0.136,0.007,0.002,0.002,0.404,0.632,0.001,0.2,0.001,0.063,0.294,0.035,0.001,0.001,0.007,0.001,0.001,0.059,-0.773,0.028,-0.63,0.001,0.109,0,0.001,0.001,0.001,0,0.001,0,0,0.078,0,0,0.001,0.001,0,0,0,0.001,0,0.001,0.001,0,0.001,0.026,0,0,0.001,0.001,0,0,0,0,0.001,0.001,0,0.001,0.001,0.187,0,0.001,0.001,0.011,0.001,0.001,16.258,0.432
13:14.0,13025,-0.131,-0.179,-0.741,-0.633,-0.387,-0.196,-0.655,-0.619,-0.672,-0.505,-0.465,-0.277,-0.205,-0.497,-0.57,-0.621,-0.389,-0.721,-0.468,-0.33,-0.042,0.679,0.025,0.733,1.079,0.889,0.912,0.772,0.858,0.485,0.386,0.129,0.731,0.801,0.822,0.7,0.283,0.415,0.669,0.563,0.006,0.311,0.791,0.697,0.232,0.012,0.012,0.711,0.845,0.001,0.159,0.199,0.136,0.007,0.002,0.002,0.404,0.632,0.001,0.2,0.001,0.063,0.294,0.035,0.001,0.001,0.007,0.001,0.001,0.059,-0.773,0.028,-0.63,0.001,0.109,0,0.001,0.001,0.001,0,0.001,0,0,0.078,0,0,0.001,0.001,0,0,0,0.001,0,0.001,0.001,0,0.001,0.026,0,0,0.001,0.001,0,0,0,0,0.001,0.001,0,0.001,0.001,0.187,0,0.001,0.001,0.011,0.001,0.001,16.258,0.432
13:14.0,13026,-0.132,-0.18,-0.742,-0.632,-0.388,-0.197,-0.655,-0.618,-0.677,-0.508,-0.459,-0.271,-0.214,-0.49,-0.576,-0.618,-0.388,-0.722,-0.467,-0.33,-0.042,0.679,0.025,0.733,1.079,0.889,0.912,0.772,0.858,0.485,0.386,0.129,0.731,0.801,0.822,0.7,0.283,0.415,0.669,0.563,0.006,0.311,0.791,0.697,0.232,0.012,0.012,0.711,0.845,0.001,0.159,0.199,0.136,0.007,0.002,0.002,0.404,0.632,0.001,0.2,0.001,0.063,0.294,0.035,0.001,0.001,0.007,0.001,0.001,0.059,-0.773,0.028,-0.63,0.001,0.109,0,0.001,0.001,0.001,0,0.001,0,0,0.078,0,0,0.001,0.001,0,0,0,0.001,0,0.001,0.001,0,0.001,0.026,0,0,0.001,0.001,0,0,0,0,0.001,0.001,0,0.001,0.001,0.187,0,0.001,0.001,0.011,0.001,0.001,16.258,0.432
13:14.0,13027,-0.132,-0.18,-0.743,-0.631,-0.389,-0.198,-0.655,-0.617,-0.681,-0.511,-0.452,-0.266,-0.22,-0.48,-0.582,-0.618,-0.388,-0.723,-0.466,-0.331,-0.042,0.679,0.025,0.733,1.079,0.889,0.912,0.772,0.858,0.485,0.386,0.129,0.731,0.801,0.822,0.7,0.283,0.415,0.669,0.563,0.006,0.311,0.791,0.697,0.232,0.012,0.012,0.711,0.845,0.001,0.159,0.199,0.136,0.007,0.002,0.002,0.404,0.632,0.001,0.2,0.001,0.063,0.294,0.035,0.001,0.001,0.007,0.001,0.001,0.059,-0.773,0.028,-0.63,0.001,0.109,0,0.001,0.001,0.001,0,0.001,0,0,0.078,0,0,0.001,0.001,0,0,0,0.001,0,0.001,0.001,0,0.001,0.026,0,0,0.001,0.001,0,0,0,0,0.001,0.001,0,0.001,0.001,0.187,0,0.001,0.001,0.011,0.001,0.001,16.258,0.432
13:14.1,13028,-0.131,-0.181,-0.744,-0.63,-0.389,-0.198,-0.655,-0.616,-0.685,-0.515,-0.444,-0.261,-0.226,-0.47,-0.587,-0.619,-0.387,-0.724,-0.465,-0.331,-0.132,0.667,0.099,0.726,1.078,0.888,0.911,0.778,0.875,0.514,0.393,0.132,0.725,0.8,0.822,0.705,0.292,0.419,0.669,0.565,0.007,0.305,0.789,0.697,0.233,0.011,0.012,0.712,0.846,0.001,0.158,0.198,0.136,0.007,0.002,0.002,0.407,0.639,0.001,0.206,0.001,0.074,0.294,0.042,0.001,0.001,0.007,0.001,0.001,0.099,-0.784,-0.185,-0.585,0,0.109,0,0.001,0,0,0.001,0,0,0,0.079,0.001,0.001,0,0.001,0,0.001,0,0.001,0,0.001,0.001,0,0.001,0.026,0,0,0.001,0,0.001,0.001,0,0.001,0,0.001,0,0.001,0,0.176,0,0.001,0.001,0.011,0.001,0,16.357,0.42
13:14.1,13029,-0.131,-0.181,-0.745,-0.629,-0.389,-0.199,-0.655,-0.616,-0.689,-0.518,-0.437,-0.258,-0.23,-0.459,-0.592,-0.621,-0.387,-0.725,-0.464,-0.331,-0.142,0.666,0.108,0.724,1.018,0.856,0.863,0.761,0.938,0.611,0.398,0.149,0.702,0.772,0.795,0.708,0.376,0.479,0.635,0.545,0.012,0.319,0.784,0.723,0.32,0.016,0.016,0.719,0.857,0.001,0.167,0.236,0.181,0.01,0.005,0.005,0.473,0.661,0.012,0.238,0.001,0.171,0.357,0.17,0.001,0.007,0.018,0.001,0.001,0.109,-0.78,-0.214,-0.578,0,0.127,0.001,0,0,0,0.001,0,0,0,0.081,0,0,0,0.001,0.001,0,0,0,0.001,0,0,0,0.001,0.032,0,0.001,0.001,0,0,0.001,0,0.001,0.001,0.001,0,0.001,0.001,0.142,0,0,0.001,0.005,0.001,0,17.088,0.403
13:14.1,13030,-0.129,-0.18,-0.745,-0.628,-0.388,-0.2,-0.656,-0.616,-0.691,-0.522,-0.43,-0.256,-0.235,-0.447,-0.597,-0.623,-0.387,-0.725,-0.463,-0.332,-0.152,0.665,0.116,0.722,1.006,0.842,0.847,0.72,0.888,0.567,0.379,0.147,0.706,0.768,0.789,0.713,0.372,0.46,0.629,0.543,0.02,0.336,0.789,0.731,0.346,0.015,0.015,0.718,0.858,0.001,0.168,0.25,0.199,0.01,0.005,0.004,0.48,0.665,0.038,0.255,0.001,0.19,0.366,0.215,0.001,0.012,0.018,0.001,0.001,0.109,-0.78,-0.214,-0.578,0,0.127,0.001,0,0,0,0.001,0,0,0,0.081,0,0,0,0.001,0.001,0,0,0,0.001,0,0,0,0.001,0.032,0,0.001,0.001,0,0,0.001,0,0.001,0.001,0.001,0,0.001,0.001,0.142,0,0,0.001,0.005,0.001,0,17.084,0.403
13:14.1,13031,-0.127,-0.179,-0.747,-0.628,-0.387,-0.2,-0.656,-0.616,-0.692,-0.525,-0.424,-0.255,-0.242,-0.436,-0.602,-0.624,-0.387,-0.725,-0.462,-0.332,-0.152,0.665,0.116,0.722,1.006,0.842,0.847,0.72,0.888,0.567,0.379,0.147,0.706,0.768,0.789,0.713,0.372,0.46,0.629,0.543,0.02,0.336,0.789,0.731,0.346,0.015,0.015,0.718,0.858,0.001,0.168,0.25,0.199,0.01,0.005,0.004,0.48,0.665,0.038,0.255,0.001,0.19,0.366,0.215,0.001,0.012,0.018,0.001,0.001,0.109,-0.78,-0.214,-0.578,0,0.127,0.001,0,0,0,0.001,0,0,0,0.081,0,0,0,0.001,0.001,0,0,0,0.001,0,0,0,0.001,0.032,0,0.001,0.001,0,0,0.001,0,0.001,0.001,0.001,0,0.001,0.001,0.142,0,0,0.001,0.005,0.001,0,17.084,0.403
13:14.1,13032,-0.124,-0.178,-0.748,-0.627,-0.383,-0.201,-0.658,-0.616,-0.692,-0.529,-0.419,-0.256,-0.25,-0.424,-0.607,-0.624,-0.388,-0.725,-0.461,-0.332,-0.152,0.665,0.116,0.722,1.006,0.842,0.847,0.72,0.888,0.567,0.379,0.147,0.706,0.768,0.789,0.713,0.372,0.46,0.629,0.543,0.02,0.336,0.789,0.731,0.346,0.015,0.015,0.718,0.858,0.001,0.168,0.25,0.199,0.01,0.005,0.004,0.48,0.665,0.038,0.255,0.001,0.19,0.366,0.215,0.001,0.012,0.018,0.001,0.001,0.109,-0.78,-0.214,-0.578,0,0.127,0.001,0,0,0,0.001,0,0,0,0.081,0,0,0,0.001,0.001,0,0,0,0.001,0,0,0,0.001,0.032,0,0.001,0.001,0,0,0.001,0,0.001,0.001,0.001,0,0.001,0.001,0.142,0,0,0.001,0.005,0.001,0,17.084,0.403
13:14.1,13033,-0.12,-0.177,-0.75,-0.626,-0.378,-0.202,-0.661,-0.616,-0.691,-0.532,-0.416,-0.258,-0.26,-0.412,-0.612,-0.623,-0.389,-0.726,-0.46,-0.332,-0.152,0.665,0.116,0.722,1.006,0.842,0.847,0.72,0.888,0.567,0.379,0.147,0.706,0.768,0.789,0.713,0.372,0.46,0.629,0.543,0.02,0.336,0.789,0.731,0.346,0.015,0.015,0.718,0.858,0.001,0.168,0.25,0.199,0.01,0.005,0.004,0.48,0.665,0.038,0.255,0.001,0.19,0.366,0.215,0.001,0.012,0.018,0.001,0.001,0.109,-0.78,-0.214,-0.578,0,0.127,0.001,0,0,0,0.001,0,0,0,0.081,0,0,0,0.001,0.001,0,0,0,0.001,0,0,0,0.001,0.032,0,0.001,0.001,0,0,0.001,0,0.001,0.001,0.001,0,0.001,0.001,0.142,0,0,0.001,0.005,0.001,0,17.084,0.403
13:14.1,13034,-0.116,-0.175,-0.753,-0.624,-0.37,-0.203,-0.664,-0.617,-0.688,-0.536,-0.414,-0.261,-0.273,-0.4,-0.616,-0.621,-0.39,-0.726,-0.459,-0.332,-0.152,0.665,0.116,0.722,1.006,0.842,0.847,0.72,0.888,0.567,0.379,0.147,0.706,0.768,0.789,0.713,0.372,0.46,0.629,0.543,0.02,0.336,0.789,0.731,0.346,0.015,0.015,0.718,0.858,0.001,0.168,0.25,0.199,0.01,0.005,0.004,0.48,0.665,0.038,0.255,0.001,0.19,0.366,0.215,0.001,0.012,0.018,0.001,0.001,0.109,-0.78,-0.214,-0.578,0,0.127,0.001,0,0,0,0.001,0,0,0,0.081,0,0,0,0.001,0.001,0,0,0,0.001,0,0,0,0.001,0.032,0,0.001,0.001,0,0,0.001,0,0.001,0.001,0.001,0,0.001,0.001,0.142,0,0,0.001,0.005,0.001,0,17.084,0.403
13:14.1,13035,-0.111,-0.173,-0.756,-0.622,-0.362,-0.204,-0.668,-0.617,-0.685,-0.539,-0.413,-0.265,-0.286,-0.389,-0.62,-0.618,-0.392,-0.725,-0.458,-0.332,-0.152,0.665,0.116,0.722,1.006,0.842,0.847,0.72,0.888,0.567,0.379,0.147,0.706,0.768,0.789,0.713,0.372,0.46,0.629,0.543,0.02,0.336,0.789,0.731,0.346,0.015,0.015,0.718,0.858,0.001,0.168,0.25,0.199,0.01,0.005,0.004,0.48,0.665,0.038,0.255,0.001,0.19,0.366,0.215,0.001,0.012,0.018,0.001,0.001,0.175,-0.734,-0.401,-0.52,0,0.127,0.001,0,0,0,0.001,0,0,0,0.081,0,0,0,0.001,0.001,0,0,0,0.001,0,0,0,0.001,0.032,0,0.001,0.001,0,0,0.001,0,0.001,0.001,0.001,0,0.001,0.001,0.142,0,0,0.001,0.005,0.001,0,17.084,0.403
13:14.1,13036,-0.105,-0.171,-0.759,-0.62,-0.356,-0.203,-0.671,-0.618,-0.682,-0.541,-0.413,-0.269,-0.3,-0.379,-0.623,-0.615,-0.394,-0.725,-0.457,-0.332,-0.152,0.665,0.116,0.722,1.006,0.842,0.847,0.72,0.888,0.567,0.379,0.147,0.706,0.768,0.789,0.713,0.372,0.46,0.629,0.543,0.02,0.336,0.789,0.731,0.346,0.015,0.015,0.718,0.858,0.001,0.168,0.25,0.199,0.01,0.005,0.004,0.48,0.665,0.038,0.255,0.001,0.19,0.366,0.215,0.001,0.012,0.018,0.001,0.001,0.184,-0.724,-0.424,-0.512,0,0.112,0.001,0.001,0,0,0.001,0,0,0.001,0.071,0,0,0,0,0.001,0,0,0.001,0,0,0,0.001,0,0.021,0,0,0.001,0.001,0.001,0.001,0.001,0.001,0,0.001,0,0.001,0.001,0.145,0,0,0.001,0.007,0.001,0,17.084,0.374
13:14.1,13037,-0.1,-0.168,-0.761,-0.618,-0.351,-0.201,-0.673,-0.619,-0.679,-0.542,-0.414,-0.272,-0.314,-0.369,-0.624,-0.612,-0.396,-0.725,-0.456,-0.332,-0.21,0.684,0.168,0.679,0.993,0.829,0.825,0.661,0.817,0.493,0.352,0.144,0.711,0.764,0.785,0.714,0.379,0.437,0.618,0.541,0.017,0.353,0.791,0.74,0.382,0.015,0.013,0.714,0.856,0.017,0.171,0.265,0.216,0.011,0.005,0.004,0.486,0.667,0.074,0.267,0.001,0.216,0.371,0.271,0.002,0.017,0.02,0.001,0.001,0.192,-0.716,-0.441,-0.506,0,0.099,0,0.001,0.001,0.001,0,0.001,0,0,0.063,0.001,0.001,0,0.001,0.001,0,0,0.001,0.001,0.001,0,0.001,0.001,0.018,0,0,0,0,0.001,0,0,0.001,0.001,0.001,0.001,0,0.001,0.149,0,0,0,0.009,0,0,17.027,0.357
13:14.2,13038,-0.095,-0.166,-0.764,-0.617,-0.348,-0.197,-0.674,-0.621,-0.675,-0.543,-0.415,-0.276,-0.328,-0.36,-0.625,-0.61,-0.397,-0.725,-0.455,-0.332,-0.206,0.688,0.165,0.676,0.841,0.648,0.607,0.187,0.331,0.002,0.093,0.059,0.795,0.774,0.769,0.625,0.237,0.214,0.298,0.396,0.021,0.563,0.846,0.825,0.656,0.037,0.013,0.469,0.768,0.112,0.217,0.402,0.376,0.177,0.002,0.001,0.549,0.657,0.294,0.364,0.001,0.657,0.656,1.15,0.177,0.236,0.076,0.049,0.298,0.2,-0.708,-0.455,-0.501,0,0.088,0.001,0.001,0,0.001,0,0,0,0.001,0.048,0.001,0,0.001,0.001,0,0.001,0,0,0,0.001,0.001,0,0.001,0.017,0,0,0,0.001,0,0.001,0,0.001,0.001,0.001,0,0.001,0,0.155,0,0.001,0.001,0.009,0,0,17.525,0.336
13:14.2,13039,-0.091,-0.163,-0.765,-0.616,-0.347,-0.193,-0.674,-0.623,-0.672,-0.544,-0.417,-0.28,-0.341,-0.352,-0.625,-0.607,-0.398,-0.725,-0.454,-0.332,-0.2,0.694,0.159,0.673,0.821,0.632,0.587,0.173,0.325,0.002,0.084,0.057,0.795,0.777,0.768,0.615,0.23,0.206,0.281,0.392,0.02,0.57,0.851,0.834,0.664,0.034,0.013,0.448,0.763,0.111,0.206,0.403,0.38,0.199,0.002,0.001,0.563,0.657,0.298,0.352,0.001,0.683,0.669,1.187,0.183,0.244,0.079,0.06,0.376,0.21,-0.7,-0.469,-0.497,0.001,0.089,0,0.001,0,0,0.001,0.001,0,0.001,0.044,0.001,0.001,0.001,0.001,0,0,0.001,0,0.001,0.001,0,0,0,0.018,0,0,0,0.001,0,0,0.001,0,0.001,0.001,0,0.001,0.001,0.159,0,0.001,0,0.007,0,0,17.596,0.336
13:14.2,13040,-0.086,-0.161,-0.766,-0.617,-0.346,-0.189,-0.674,-0.625,-0.669,-0.544,-0.419,-0.284,-0.354,-0.343,-0.625,-0.605,-0.399,-0.725,-0.453,-0.332,-0.2,0.694,0.159,0.673,0.821,0.632,0.587,0.173,0.325,0.002,0.084,0.057,0.795,0.777,0.768,0.615,0.23,0.206,0.281,0.392,0.02,0.57,0.851,0.834,0.664,0.034,0.013,0.448,0.763,0.111,0.206,0.403,0.38,0.199,0.002,0.001,0.563,0.657,0.298,0.352,0.001,0.683,0.669,1.187,0.183,0.244,0.079,0.06,0.376,0.21,-0.7,-0.469,-0.497,0.001,0.089,0,0.001,0,0,0.001,0.001,0,0.001,0.044,0.001,0.001,0.001,0.001,0,0,0.001,0,0.001,0.001,0,0,0,0.018,0,0,0,0.001,0,0,0.001,0,0.001,0.001,0,0.001,0.001,0.159,0,0.001,0,0.007,0,0,17.596,0.336
13:14.2,13041,-0.083,-0.159,-0.766,-0.618,-0.346,-0.185,-0.673,-0.628,-0.665,-0.544,-0.422,-0.288,-0.365,-0.335,-0.625,-0.603,-0.4,-0.725,-0.452,-0.333,-0.2,0.694,0.159,0.673,0.821,0.632,0.587,0.173,0.325,0.002,0.084,0.057,0.795,0.777,0.768,0.615,0.23,0.206,0.281,0.392,0.02,0.57,0.851,0.834,0.664,0.034,0.013,0.448,0.763,0.111,0.206,0.403,0.38,0.199,0.002,0.001,0.563,0.657,0.298,0.352,0.001,0.683,0.669,1.187,0.183,0.244,0.079,0.06,0.376,0.21,-0.7,-0.469,-0.497,0.001,0.089,0,0.001,0,0,0.001,0.001,0,0.001,0.044,0.001,0.001,0.001,0.001,0,0,0.001,0,0.001,0.001,0,0,0,0.018,0,0,0,0.001,0,0,0.001,0,0.001,0.001,0,0.001,0.001,0.159,0,0.001,0,0.007,0,0,17.596,0.336
13:14.2,13042,-0.08,-0.157,-0.765,-0.619,-0.345,-0.18,-0.672,-0.63,-0.663,-0.543,-0.425,-0.292,-0.375,-0.328,-0.624,-0.602,-0.402,-0.724,-0.451,-0.333,-0.2,0.694,0.159,0.673,0.821,0.632,0.587,0.173,0.325,0.002,0.084,0.057,0.795,0.777,0.768,0.615,0.23,0.206,0.281,0.392,0.02,0.57,0.851,0.834,0.664,0.034,0.013,0.448,0.763,0.111,0.206,0.403,0.38,0.199,0.002,0.001,0.563,0.657,0.298,0.352,0.001,0.683,0.669,1.187,0.183,0.244,0.079,0.06,0.376,0.21,-0.7,-0.469,-0.497,0.001,0.089,0,0.001,0,0,0.001,0.001,0,0.001,0.044,0.001,0.001,0.001,0.001,0,0,0.001,0,0.001,0.001,0,0,0,0.018,0,0,0,0.001,0,0,0.001,0,0.001,0.001,0,0.001,0.001,0.159,0,0.001,0,0.007,0,0,17.596,0.336
13:14.2,13043,-0.078,-0.154,-0.765,-0.62,-0.343,-0.176,-0.672,-0.632,-0.66,-0.543,-0.427,-0.294,-0.384,-0.32,-0.624,-0.6,-0.404,-0.724,-0.449,-0.333,-0.2,0.694,0.159,0.673,0.821,0.632,0.587,0.173,0.325,0.002,0.084,0.057,0.795,0.777,0.768,0.615,0.23,0.206,0.281,0.392,0.02,0.57,0.851,0.834,0.664,0.034,0.013,0.448,0.763,0.111,0.206,0.403,0.38,0.199,0.002,0.001,0.563,0.657,0.298,0.352,0.001,0.683,0.669,1.187,0.183,0.244,0.079,0.06,0.376,0.21,-0.7,-0.469,-0.497,0.001,0.089,0,0.001,0,0,0.001,0.001,0,0.001,0.044,0.001,0.001,0.001,0.001,0,0,0.001,0,0.001,0.001,0,0,0,0.018,0,0,0,0.001,0,0,0.001,0,0.001,0.001,0,0.001,0.001,0.159,0,0.001,0,0.007,0,0,17.596,0.336
13:14.2,13044,-0.077,-0.151,-0.765,-0.621,-0.342,-0.172,-0.674,-0.633,-0.659,-0.542,-0.429,-0.296,-0.391,-0.312,-0.624,-0.599,-0.406,-0.724,-0.448,-0.332,-0.2,0.694,0.159,0.673,0.821,0.632,0.587,0.173,0.325,0.002,0.084,0.057,0.795,0.777,0.768,0.615,0.23,0.206,0.281,0.392,0.02,0.57,0.851,0.834,0.664,0.034,0.013,0.448,0.763,0.111,0.206,0.403,0.38,0.199,0.002,0.001,0.563,0.657,0.298,0.352,0.001,0.683,0.669,1.187,0.183,0.244,0.079,0.06,0.376,0.21,-0.7,-0.469,-0.497,0.001,0.089,0,0.001,0,0,0.001,0.001,0,0.001,0.044,0.001,0.001,0.001,0.001,0,0,0.001,0,0.001,0.001,0,0,0,0.018,0,0,0,0.001,0,0,0.001,0,0.001,0.001,0,0.001,0.001,0.159,0,0.001,0,0.007,0,0,17.596,0.336
13:14.2,13045,-0.077,-0.148,-0.766,-0.621,-0.34,-0.167,-0.676,-0.632,-0.658,-0.541,-0.431,-0.297,-0.398,-0.305,-0.625,-0.598,-0.409,-0.723,-0.446,-0.332,-0.2,0.694,0.159,0.673,0.821,0.632,0.587,0.173,0.325,0.002,0.084,0.057,0.795,0.777,0.768,0.615,0.23,0.206,0.281,0.392,0.02,0.57,0.851,0.834,0.664,0.034,0.013,0.448,0.763,0.111,0.206,0.403,0.38,0.199,0.002,0.001,0.563,0.657,0.298,0.352,0.001,0.683,0.669,1.187,0.183,0.244,0.079,0.06,0.376,0.21,-0.7,-0.469,-0.497,0.001,0.089,0,0.001,0,0,0.001,0.001,0,0.001,0.044,0.001,0.001,0.001,0.001,0,0,0.001,0,0.001,0.001,0,0,0,0.018,0,0,0,0.001,0,0,0.001,0,0.001,0.001,0,0.001,0.001,0.159,0,0.001,0,0.007,0,0,17.596,0.336
13:14.2,13046,-0.077,-0.145,-0.767,-0.621,-0.341,-0.162,-0.678,-0.631,-0.658,-0.54,-0.432,-0.298,-0.404,-0.297,-0.627,-0.596,-0.412,-0.723,-0.445,-0.331,-0.186,0.71,0.146,0.663,0.816,0.629,0.584,0.167,0.322,0.002,0.085,0.056,0.795,0.777,0.769,0.615,0.225,0.206,0.28,0.393,0.022,0.571,0.853,0.835,0.667,0.034,0.015,0.443,0.763,0.11,0.204,0.408,0.382,0.197,0.002,0.001,0.562,0.659,0.303,0.353,0.001,0.685,0.664,1.192,0.178,0.252,0.081,0.057,0.376,0.237,-0.69,-0.492,-0.475,0,0.088,0,0,0.001,0,0.001,0,0,0.001,0.044,0.001,0,0.001,0,0.001,0,0.001,0.001,0,0,0.001,0.001,0,0.018,0,0,0.001,0.001,0,0.001,0,0.001,0,0.001,0,0,0.001,0.161,0,0,0.001,0.007,0,0,17.591,0.335
13:14.2,13047,-0.078,-0.142,-0.767,-0.62,-0.342,-0.157,-0.679,-0.631,-0.658,-0.539,-0.433,-0.298,-0.409,-0.29,-0.629,-0.594,-0.415,-0.722,-0.444,-0.329,-0.187,0.711,0.147,0.661,0.636,0.485,0.453,0.103,0.314,0.001,0.056,0.044,0.646,0.78,0.747,0.586,0.237,0.162,0.255,0.391,0.029,0.496,0.849,0.834,0.752,0.073,0.074,0.436,0.744,0.188,0.219,0.411,0.424,0.245,0.002,0.001,0.571,0.676,0.366,0.388,0.001,0.768,0.728,1.278,0.289,0.383,0.117,0.158,0.547,0.24,-0.689,-0.493,-0.473,0,0.072,0,0.001,0.001,0,0.001,0,0,0,0.029,0.001,0,0.001,0,0.001,0,0,0.001,0,0,0.001,0,0.001,0.01,0.001,0,0.001,0,0.001,0.001,0.001,0.001,0,0,0.001,0,0,0.145,0,0.001,0,0.007,0,0,17.943,0.28
13:14.3,13048,-0.078,-0.14,-0.767,-0.621,-0.345,-0.151,-0.679,-0.63,-0.66,-0.537,-0.433,-0.298,-0.415,-0.283,-0.632,-0.591,-0.418,-0.722,-0.443,-0.328,-0.188,0.712,0.148,0.66,0.597,0.453,0.441,0.092,0.315,0.001,0.056,0.045,0.614,0.781,0.697,0.586,0.247,0.162,0.256,0.394,0.034,0.468,0.835,0.818,0.742,0.066,0.07,0.447,0.744,0.198,0.225,0.411,0.451,0.249,0.002,0.001,0.578,0.679,0.38,0.382,0.001,0.767,0.734,1.282,0.3,0.393,0.123,0.176,0.578,0.245,-0.686,-0.497,-0.472,0,0.068,0,0.001,0,0,0.001,0,0.001,0,0.029,0.001,0.001,0.001,0.001,0,0,0.001,0.001,0.001,0,0.001,0,0,0.01,0,0.001,0,0,0,0,0,0.001,0.001,0,0,0,0,0.144,0,0.001,0.001,0.009,0.001,0,17.871,0.277
13:14.3,13049,-0.079,-0.139,-0.767,-0.621,-0.349,-0.146,-0.679,-0.629,-0.661,-0.536,-0.432,-0.297,-0.421,-0.276,-0.634,-0.586,-0.421,-0.721,-0.442,-0.328,-0.187,0.714,0.148,0.659,0.551,0.433,0.433,0.085,0.32,0.001,0.06,0.045,0.584,0.773,0.681,0.587,0.241,0.162,0.264,0.4,0.037,0.433,0.811,0.813,0.731,0.072,0.083,0.452,0.744,0.208,0.223,0.415,0.453,0.264,0.002,0.001,0.576,0.678,0.387,0.381,0.001,0.763,0.735,1.289,0.289,0.403,0.125,0.19,0.631,0.245,-0.686,-0.497,-0.472,0,0.068,0,0.001,0,0,0.001,0,0.001,0,0.029,0.001,0.001,0.001,0.001,0,0,0.001,0.001,0.001,0,0.001,0,0,0.01,0,0.001,0,0,0,0,0,0.001,0.001,0,0,0,0,0.144,0,0.001,0.001,0.009,0.001,0,17.81,0.277
13:14.3,13050,-0.079,-0.139,-0.767,-0.622,-0.353,-0.141,-0.679,-0.628,-0.664,-0.536,-0.431,-0.295,-0.428,-0.269,-0.637,-0.582,-0.423,-0.721,-0.44,-0.327,-0.185,0.715,0.146,0.658,0.507,0.404,0.422,0.078,0.317,0.001,0.062,0.049,0.542,0.737,0.675,0.575,0.244,0.171,0.271,0.404,0.037,0.393,0.806,0.801,0.734,0.071,0.084,0.459,0.745,0.219,0.233,0.425,0.455,0.258,0.002,0.001,0.58,0.676,0.408,0.388,0.001,0.763,0.735,1.287,0.3,0.402,0.128,0.203,0.643,0.245,-0.686,-0.497,-0.472,0,0.068,0,0.001,0,0,0.001,0,0.001,0,0.029,0.001,0.001,0.001,0.001,0,0,0.001,0.001,0.001,0,0.001,0,0,0.01,0,0.001,0,0,0,0,0,0.001,0.001,0,0,0,0,0.144,0,0.001,0.001,0.009,0.001,0,17.696,0.277
13:14.3,13051,-0.078,-0.139,-0.767,-0.622,-0.356,-0.136,-0.679,-0.627,-0.666,-0.536,-0.429,-0.291,-0.435,-0.265,-0.638,-0.577,-0.426,-0.721,-0.439,-0.326,-0.185,0.716,0.146,0.658,0.459,0.368,0.421,0.073,0.324,0.001,0.066,0.049,0.477,0.686,0.653,0.576,0.233,0.176,0.283,0.408,0.04,0.346,0.812,0.78,0.716,0.07,0.093,0.466,0.747,0.226,0.243,0.431,0.46,0.27,0.002,0.001,0.581,0.676,0.42,0.391,0.001,0.761,0.737,1.288,0.3,0.403,0.132,0.217,0.672,0.245,-0.686,-0.497,-0.472,0,0.068,0,0.001,0,0,0.001,0,0.001,0,0.029,0.001,0.001,0.001,0.001,0,0,0.001,0.001,0.001,0,0.001,0,0,0.01,0,0.001,0,0,0,0,0,0.001,0.001,0,0,0,0,0.144,0,0.001,0.001,0.009,0.001,0,17.535,0.277
13:14.3,13052,-0.077,-0.139,-0.767,-0.621,-0.359,-0.133,-0.679,-0.627,-0.669,-0.536,-0.427,-0.287,-0.441,-0.262,-0.638,-0.574,-0.43,-0.72,-0.437,-0.326,-0.185,0.716,0.146,0.657,0.42,0.339,0.396,0.07,0.324,0.001,0.068,0.049,0.418,0.657,0.642,0.574,0.232,0.183,0.287,0.409,0.05,0.3,0.8,0.772,0.684,0.062,0.107,0.471,0.747,0.228,0.236,0.426,0.469,0.265,0.002,0.001,0.586,0.678,0.425,0.391,0.001,0.761,0.739,1.288,0.308,0.4,0.136,0.231,0.697,0.245,-0.686,-0.497,-0.472,0,0.068,0,0.001,0,0,0.001,0,0.001,0,0.029,0.001,0.001,0.001,0.001,0,0,0.001,0.001,0.001,0,0.001,0,0,0.01,0,0.001,0,0,0,0,0,0.001,0.001,0,0,0,0,0.144,0,0.001,0.001,0.009,0.001,0,17.33,0.277
13:14.3,13053,-0.076,-0.139,-0.768,-0.621,-0.361,-0.129,-0.679,-0.626,-0.671,-0.537,-0.425,-0.282,-0.445,-0.26,-0.638,-0.572,-0.432,-0.72,-0.435,-0.325,-0.186,0.717,0.148,0.656,0.339,0.308,0.361,0.055,0.326,0.001,0.068,0.048,0.35,0.639,0.609,0.546,0.233,0.188,0.298,0.409,0.051,0.267,0.773,0.785,0.674,0.063,0.118,0.479,0.748,0.233,0.244,0.43,0.469,0.267,0.006,0.001,0.586,0.678,0.44,0.4,0.001,0.759,0.744,1.286,0.32,0.404,0.143,0.239,0.707,0.245,-0.686,-0.497,-0.472,0,0.068,0,0.001,0,0,0.001,0,0.001,0,0.029,0.001,0.001,0.001,0.001,0,0,0.001,0.001,0.001,0,0.001,0,0,0.01,0,0.001,0,0,0,0,0,0.001,0.001,0,0,0,0,0.144,0,0.001,0.001,0.009,0.001,0,17.093,0.277
13:14.3,13054,-0.075,-0.139,-0.769,-0.62,-0.362,-0.126,-0.681,-0.624,-0.673,-0.539,-0.422,-0.277,-0.446,-0.259,-0.638,-0.571,-0.435,-0.72,-0.433,-0.325,-0.189,0.716,0.15,0.655,0.302,0.25,0.344,0.044,0.316,0.001,0.067,0.048,0.253,0.591,0.586,0.529,0.228,0.188,0.305,0.413,0.053,0.223,0.746,0.768,0.652,0.056,0.127,0.48,0.747,0.239,0.255,0.436,0.48,0.263,0.007,0.001,0.586,0.68,0.435,0.394,0.001,0.762,0.746,1.293,0.328,0.409,0.148,0.256,0.723,0.245,-0.686,-0.497,-0.472,0,0.068,0,0.001,0,0,0.001,0,0.001,0,0.029,0.001,0.001,0.001,0.001,0,0,0.001,0.001,0.001,0,0.001,0,0,0.01,0,0.001,0,0,0,0,0,0.001,0.001,0,0,0,0,0.144,0,0.001,0.001,0.009,0.001,0,16.759,0.277
13:14.3,13055,-0.075,-0.139,-0.77,-0.618,-0.362,-0.123,-0.682,-0.623,-0.675,-0.542,-0.42,-0.273,-0.445,-0.258,-0.639,-0.572,-0.437,-0.72,-0.431,-0.324,-0.189,0.716,0.15,0.655,0.302,0.25,0.344,0.044,0.316,0.001,0.067,0.048,0.253,0.591,0.586,0.529,0.228,0.188,0.305,0.413,0.053,0.223,0.746,0.768,0.652,0.056,0.127,0.48,0.747,0.239,0.255,0.436,0.48,0.263,0.007,0.001,0.586,0.68,0.435,0.394,0.001,0.762,0.746,1.293,0.328,0.409,0.148,0.256,0.723,0.245,-0.686,-0.497,-0.472,0,0.068,0,0.001,0,0,0.001,0,0.001,0,0.029,0.001,0.001,0.001,0.001,0,0,0.001,0.001,0.001,0,0.001,0,0,0.01,0,0.001,0,0,0,0,0,0.001,0.001,0,0,0,0,0.144,0,0.001,0.001,0.009,0.001,0,16.759,0.277
13:14.3,13056,-0.075,-0.138,-0.771,-0.617,-0.363,-0.118,-0.684,-0.621,-0.675,-0.545,-0.418,-0.269,-0.443,-0.258,-0.639,-0.574,-0.438,-0.721,-0.429,-0.323,-0.189,0.716,0.15,0.655,0.302,0.25,0.344,0.044,0.316,0.001,0.067,0.048,0.253,0.591,0.586,0.529,0.228,0.188,0.305,0.413,0.053,0.223,0.746,0.768,0.652,0.056,0.127,0.48,0.747,0.239,0.255,0.436,0.48,0.263,0.007,0.001,0.586,0.68,0.435,0.394,0.001,0.762,0.746,1.293,0.328,0.409,0.148,0.256,0.723,0.305,-0.648,-0.538,-0.444,0,0.068,0.001,0,0,0,0,0.001,0,0,0.029,0,0.001,0.001,0,0,0,0.001,0,0.001,0.001,0.001,0.001,0,0.01,0.001,0,0,0.001,0,0.001,0,0.001,0,0,0.001,0.001,0,0.145,0,0.001,0,0.01,0,0,16.759,0.278
13:14.3,13057,-0.075,-0.138,-0.772,-0.616,-0.365,-0.114,-0.686,-0.619,-0.675,-0.547,-0.417,-0.266,-0.44,-0.258,-0.639,-0.576,-0.439,-0.721,-0.428,-0.323,-0.189,0.716,0.15,0.655,0.302,0.25,0.344,0.044,0.316,0.001,0.067,0.048,0.253,0.591,0.586,0.529,0.228,0.188,0.305,0.413,0.053,0.223,0.746,0.768,0.652,0.056,0.127,0.48,0.747,0.239,0.255,0.436,0.48,0.263,0.007,0.001,0.586,0.68,0.435,0.394,0.001,0.762,0.746,1.293,0.328,0.409,0.148,0.256,0.723,0.314,-0.646,-0.542,-0.437,0,0.105,0,0.001,0.001,0.001,0.001,0,0,0.001,0.04,0,0,0.001,0,0,0.001,0,0,0.001,0,0,0,0.001,0.011,0.001,0,0.001,0.001,0.001,0.001,0.001,0,0,0,0,0,0,0.138,0,0,0.001,0,0.001,0,16.759,0.311
13:14.4,13058,-0.075,-0.137,-0.772,-0.615,-0.368,-0.108,-0.687,-0.617,-0.675,-0.55,-0.415,-0.264,-0.436,-0.258,-0.639,-0.578,-0.44,-0.722,-0.426,-0.322,-0.189,0.716,0.15,0.655,0.302,0.25,0.344,0.044,0.316,0.001,0.067,0.048,0.253,0.591,0.586,0.529,0.228,0.188,0.305,0.413,0.053,0.223,0.746,0.768,0.652,0.056,0.127,0.48,0.747,0.239,0.255,0.436,0.48,0.263,0.007,0.001,0.586,0.68,0.435,0.394,0.001,0.762,0.746,1.293,0.328,0.409,0.148,0.256,0.723,0.325,-0.644,-0.547,-0.425,0.001,0.109,0,0.001,0,0.001,0,0.001,0.001,0,0.044,0,0.001,0.001,0.001,0,0.001,0.001,0.001,0.001,0.001,0,0.001,0,0.011,0.001,0.001,0,0.001,0,0.001,0.001,0,0.001,0,0,0.001,0,0.134,0.001,0,0.001,0,0,0.001,16.759,0.322
13:14.4,13059,-0.076,-0.137,-0.773,-0.615,-0.371,-0.102,-0.688,-0.615,-0.675,-0.551,-0.414,-0.263,-0.432,-0.259,-0.641,-0.58,-0.441,-0.722,-0.425,-0.322,-0.189,0.716,0.15,0.655,0.302,0.25,0.344,0.044,0.316,0.001,0.067,0.048,0.253,0.591,0.586,0.529,0.228,0.188,0.305,0.413,0.053,0.223,0.746,0.768,0.652,0.056,0.127,0.48,0.747,0.239,0.255,0.436,0.48,0.263,0.007,0.001,0.586,0.68,0.435,0.394,0.001,0.762,0.746,1.293,0.328,0.409,0.148,0.256,0.723,0.333,-0.643,-0.55,-0.416,0,0.117,0,0.001,0.001,0.001,0.001,0.001,0,0,0.042,0.001,0.001,0,0,0.001,0,0,0,0.001,0,0.001,0,0,0.01,0,0,0,0,0.001,0,0,0,0.001,0,0,0,0,0.136,0.001,0,0,0.004,0,0.001,16.759,0.323
13:14.4,13060,-0.078,-0.137,-0.773,-0.614,-0.375,-0.096,-0.688,-0.614,-0.675,-0.552,-0.412,-0.263,-0.428,-0.259,-0.643,-0.581,-0.441,-0.723,-0.423,-0.322,-0.189,0.716,0.15,0.655,0.302,0.25,0.344,0.044,0.316,0.001,0.067,0.048,0.253,0.591,0.586,0.529,0.228,0.188,0.305,0.413,0.053,0.223,0.746,0.768,0.652,0.056,0.127,0.48,0.747,0.239,0.255,0.436,0.48,0.263,0.007,0.001,0.586,0.68,0.435,0.394,0.001,0.762,0.746,1.293,0.328,0.409,0.148,0.256,0.723,0.345,-0.642,-0.554,-0.403,0,0.122,0,0,0,0.001,0,0.001,0,0.001,0.043,0.001,0,0.001,0.001,0.001,0,0,0,0.001,0.001,0.001,0,0,0.01,0,0,0,0.001,0,0,0.001,0,0,0,0.001,0.001,0,0.144,0,0.001,0,0.005,0,0,16.759,0.339
13:14.4,13061,-0.08,-0.136,-0.773,-0.614,-0.38,-0.091,-0.688,-0.612,-0.676,-0.553,-0.411,-0.263,-0.424,-0.26,-0.644,-0.581,-0.441,-0.724,-0.422,-0.322,-0.226,0.717,0.191,0.631,0.001,0.006,0.073,0.001,0.17,0.001,0.063,0.045,0,0.211,0.51,0.265,0.114,0.171,0.303,0.399,0.053,0.001,0.36,0.545,0.32,0.001,0.107,0.46,0.748,0.261,0.27,0.217,0.293,0.084,0.001,0.001,0.612,0.696,0.452,0.349,0.004,0.789,0.763,1.328,0.413,0.451,0.189,0.342,0.862,0.354,-0.639,-0.556,-0.395,0.001,0.126,0,0.001,0.001,0,0.001,0,0,0.001,0.043,0.001,0,0.001,0,0.001,0,0,0,0,0.001,0,0,0,0.01,0.001,0.001,0.001,0,0.001,0,0.001,0,0.001,0.001,0,0.001,0,0.132,0.001,0.001,0.001,0.002,0,0.001,13.305,0.334
13:14.4,13062,-0.083,-0.136,-0.773,-0.614,-0.384,-0.085,-0.688,-0.61,-0.677,-0.553,-0.409,-0.263,-0.423,-0.261,-0.645,-0.581,-0.441,-0.725,-0.42,-0.321,-0.23,0.718,0.195,0.628,0.001,0.001,0.013,0.001,0.136,0.001,0.066,0.045,0.001,0.186,0.484,0.21,0.072,0.161,0.313,0.399,0.054,0.001,0.305,0.502,0.281,0.001,0.1,0.455,0.75,0.265,0.264,0.171,0.245,0.051,0.001,0.001,0.612,0.698,0.447,0.354,0.005,0.79,0.763,1.331,0.413,0.451,0.19,0.348,0.871,0.369,-0.636,-0.555,-0.389,0,0.126,0,0,0,0,0.001,0.001,0,0,0.046,0.001,0,0,0,0,0.001,0,0.001,0.001,0.001,0,0.001,0.001,0.012,0,0.001,0,0,0.001,0.001,0.001,0.001,0,0.001,0.001,0,0,0.127,0.001,0,0.001,0,0.001,0,12.81,0.33
13:14.4,13063,-0.086,-0.135,-0.773,-0.613,-0.389,-0.079,-0.688,-0.608,-0.678,-0.552,-0.408,-0.263,-0.423,-0.263,-0.645,-0.58,-0.441,-0.726,-0.419,-0.321,-0.23,0.718,0.195,0.628,0.001,0.001,0.013,0.001,0.136,0.001,0.066,0.045,0.001,0.186,0.484,0.21,0.072,0.161,0.313,0.399,0.054,0.001,0.305,0.502,0.281,0.001,0.1,0.455,0.75,0.265,0.264,0.171,0.245,0.051,0.001,0.001,0.612,0.698,0.447,0.354,0.005,0.79,0.763,1.331,0.413,0.451,0.19,0.348,0.871,0.383,-0.632,-0.552,-0.386,0,0.125,0,0,0,0,0.001,0.001,0.001,0,0.046,0,0.001,0,0.001,0,0.001,0,0.001,0,0,0,0,0,0.012,0.001,0.001,0.001,0,0.001,0,0.001,0,0.001,0.001,0,0.001,0.001,0.118,0.001,0.001,0,0,0,0.001,12.81,0.32
13:14.4,13064,-0.091,-0.135,-0.773,-0.613,-0.394,-0.073,-0.688,-0.605,-0.68,-0.551,-0.406,-0.263,-0.423,-0.267,-0.644,-0.579,-0.441,-0.728,-0.417,-0.32,-0.23,0.718,0.195,0.628,0.001,0.001,0.013,0.001,0.136,0.001,0.066,0.045,0.001,0.186,0.484,0.21,0.072,0.161,0.313,0.399,0.054,0.001,0.305,0.502,0.281,0.001,0.1,0.455,0.75,0.265,0.264,0.171,0.245,0.051,0.001,0.001,0.612,0.698,0.447,0.354,0.005,0.79,0.763,1.331,0.413,0.451,0.19,0.348,0.871,0.383,-0.632,-0.552,-0.386,0,0.125,0,0,0,0,0.001,0.001,0.001,0,0.046,0,0.001,0,0.001,0,0.001,0,0.001,0,0,0,0,0,0.012,0.001,0.001,0.001,0,0.001,0,0.001,0,0.001,0.001,0,0.001,0.001,0.118,0.001,0.001,0,0,0,0.001,12.81,0.32
13:14.4,13065,-0.095,-0.135,-0.773,-0.612,-0.399,-0.068,-0.688,-0.602,-0.682,-0.549,-0.406,-0.262,-0.424,-0.272,-0.633,-0.579,-0.441,-0.729,-0.416,-0.319,-0.23,0.718,0.195,0.628,0.001,0.001,0.013,0.001,0.136,0.001,0.066,0.045,0.001,0.186,0.484,0.21,0.072,0.161,0.313,0.399,0.054,0.001,0.305,0.502,0.281,0.001,0.1,0.455,0.75,0.265,0.264,0.171,0.245,0.051,0.001,0.001,0.612,0.698,0.447,0.354,0.005,0.79,0.763,1.331,0.413,0.451,0.19,0.348,0.871,0.383,-0.632,-0.552,-0.386,0,0.125,0,0,0,0,0.001,0.001,0.001,0,0.046,0,0.001,0,0.001,0,0.001,0,0.001,0,0,0,0,0,0.012,0.001,0.001,0.001,0,0.001,0,0.001,0,0.001,0.001,0,0.001,0.001,0.118,0.001,0.001,0,0,0,0.001,12.81,0.32
13:14.4,13066,-0.1,-0.135,-0.773,-0.611,-0.405,-0.063,-0.688,-0.599,-0.684,-0.547,-0.405,-0.262,-0.425,-0.28,-0.637,-0.579,-0.441,-0.73,-0.415,-0.318,-0.23,0.718,0.195,0.628,0.001,0.001,0.013,0.001,0.136,0.001,0.066,0.045,0.001,0.186,0.484,0.21,0.072,0.161,0.313,0.399,0.054,0.001,0.305,0.502,0.281,0.001,0.1,0.455,0.75,0.265,0.264,0.171,0.245,0.051,0.001,0.001,0.612,0.698,0.447,0.354,0.005,0.79,0.763,1.331,0.413,0.451,0.19,0.348,0.871,0.383,-0.632,-0.552,-0.386,0,0.125,0,0,0,0,0.001,0.001,0.001,0,0.046,0,0.001,0,0.001,0,0.001,0,0.001,0,0,0,0,0,0.012,0.001,0.001,0.001,0,0.001,0,0.001,0,0.001,0.001,0,0.001,0.001,0.118,0.001,0.001,0,0,0,0.001,12.81,0.32
13:14.4,13067,-0.105,-0.136,-0.773,-0.611,-0.411,-0.059,-0.687,-0.596,-0.685,-0.546,-0.405,-0.261,-0.424,-0.29,-0.633,-0.579,-0.441,-0.731,-0.413,-0.317,-0.23,0.718,0.195,0.628,0.001,0.001,0.013,0.001,0.136,0.001,0.066,0.045,0.001,0.186,0.484,0.21,0.072,0.161,0.313,0.399,0.054,0.001,0.305,0.502,0.281,0.001,0.1,0.455,0.75,0.265,0.264,0.171,0.245,0.051,0.001,0.001,0.612,0.698,0.447,0.354,0.005,0.79,0.763,1.331,0.413,0.451,0.19,0.348,0.871,0.383,-0.632,-0.552,-0.386,0,0.125,0,0,0,0,0.001,0.001,0.001,0,0.046,0,0.001,0,0.001,0,0.001,0,0.001,0,0,0,0,0,0.012,0.001,0.001,0.001,0,0.001,0,0.001,0,0.001,0.001,0,0.001,0.001,0.118,0.001,0.001,0,0,0,0.001,12.81,0.32
13:14.5,13068,-0.108,-0.137,-0.772,-0.611,-0.417,-0.055,-0.686,-0.593,-0.686,-0.546,-0.405,-0.26,-0.423,-0.302,-0.627,-0.58,-0.441,-0.732,-0.412,-0.316,-0.23,0.718,0.195,0.628,0.001,0.001,0.013,0.001,0.136,0.001,0.066,0.045,0.001,0.186,0.484,0.21,0.072,0.161,0.313,0.399,0.054,0.001,0.305,0.502,0.281,0.001,0.1,0.455,0.75,0.265,0.264,0.171,0.245,0.051,0.001,0.001,0.612,0.698,0.447,0.354,0.005,0.79,0.763,1.331,0.413,0.451,0.19,0.348,0.871,0.383,-0.632,-0.552,-0.386,0,0.125,0,0,0,0,0.001,0.001,0.001,0,0.046,0,0.001,0,0.001,0,0.001,0,0.001,0,0,0,0,0,0.012,0.001,0.001,0.001,0,0.001,0,0.001,0,0.001,0.001,0,0.001,0.001,0.118,0.001,0.001,0,0,0,0.001,12.81,0.32
13:14.5,13069,-0.111,-0.139,-0.771,-0.611,-0.423,-0.052,-0.685,-0.591,-0.686,-0.547,-0.404,-0.26,-0.42,-0.316,-0.621,-0.58,-0.443,-0.732,-0.411,-0.316,-0.244,0.731,0.199,0.605,0.001,0.001,0.002,0.001,0.133,0.001,0.066,0.045,0.001,0.179,0.48,0.201,0.068,0.156,0.319,0.399,0.055,0.001,0.291,0.491,0.249,0.001,0.104,0.453,0.752,0.271,0.267,0.158,0.238,0.048,0.001,0.001,0.612,0.7,0.441,0.346,0.006,0.786,0.763,1.33,0.414,0.449,0.192,0.348,0.874,0.383,-0.632,-0.552,-0.386,0,0.125,0,0,0,0,0.001,0.001,0.001,0,0.046,0,0.001,0,0.001,0,0.001,0,0.001,0,0,0,0,0,0.012,0.001,0.001,0.001,0,0.001,0,0.001,0,0.001,0.001,0,0.001,0.001,0.118,0.001,0.001,0,0,0,0.001,12.695,0.32
13:14.5,13070,-0.113,-0.142,-0.77,-0.612,-0.429,-0.05,-0.683,-0.589,-0.684,-0.549,-0.403,-0.261,-0.417,-0.331,-0.616,-0.58,-0.445,-0.731,-0.409,-0.316,-0.243,0.735,0.195,0.603,0.001,0.001,0.001,0.001,0.068,0.001,0.088,0.048,0.001,0.076,0.118,0.001,0.021,0.083,0.377,0.403,0.061,0.001,0.14,0.144,0.001,0.001,0.001,0.532,0.761,0.291,0.316,0.001,0.01,0.001,0.001,0.001,0.567,0.702,0.377,0.286,0.001,0.733,0.764,1.414,0.44,0.408,0.199,0.348,0.895,0.455,-0.611,-0.534,-0.366,0,0.121,0.001,0,0.001,0,0.001,0,0,0.001,0.046,0.001,0.001,0,0,0,0,0,0,0.001,0,0.001,0.001,0.001,0.012,0.001,0.001,0,0.001,0.001,0.001,0.001,0.001,0,0,0.001,0,0,0.118,0,0.001,0,0,0.001,0.001,10.686,0.318
13:14.5,13071,-0.114,-0.145,-0.768,-0.614,-0.436,-0.048,-0.68,-0.587,-0.68,-0.554,-0.402,-0.264,-0.412,-0.341,-0.614,-0.58,-0.448,-0.731,-0.407,-0.316,-0.24,0.74,0.188,0.6,0.001,0.001,0.001,0.001,0.074,0.001,0.09,0.049,0.001,0.063,0.101,0.001,0.013,0.09,0.381,0.403,0.062,0,0.133,0.106,0.001,0.001,0.001,0.545,0.766,0.291,0.305,0.001,0.011,0.001,0.001,0.001,0.565,0.696,0.38,0.276,0.001,0.718,0.762,1.422,0.447,0.392,0.198,0.343,0.907,0.427,-0.635,-0.528,-0.368,1.4,1.044,0.039,0.001,0.001,0,0,0,0.891,0.725,0.58,0.001,0,0.001,0.001,0.001,0,0.004,0.575,0.016,0,0,0.001,0,0.002,0.001,0,0.001,0.001,0,0,0,0,0,0,0.001,0.001,0,0.128,0,0,0.001,0.001,0,0,10.604,5.418
13:14.5,13072,-0.114,-0.148,-0.765,-0.616,-0.442,-0.047,-0.678,-0.585,-0.672,-0.562,-0.4,-0.269,-0.409,-0.336,-0.617,-0.582,-0.452,-0.73,-0.404,-0.315,-0.237,0.744,0.181,0.598,0.001,0.001,0.001,0.001,0.074,0.001,0.084,0.051,0.001,0.051,0.083,0.001,0.013,0.082,0.375,0.404,0.063,0.001,0.133,0.083,0.001,0.001,0.001,0.557,0.769,0.289,0.303,0.001,0.009,0.001,0.001,0.001,0.57,0.698,0.377,0.271,0.001,0.698,0.757,1.433,0.446,0.382,0.193,0.332,0.911,0.408,-0.67,-0.508,-0.355,1.419,1.007,0.181,0,0,0,0.001,0.001,0.905,0.764,0.709,0,0,0.001,0.001,0,0.001,0.006,0.697,0.149,0.001,0,0,0.001,0.004,0,0,0.001,0.001,0,0,0,0.001,0.001,0,0,0.001,0.001,0.175,0,0.001,0,0,0.001,0.001,10.507,6.032
13:14.5,13073,-0.114,-0.152,-0.762,-0.618,-0.448,-0.046,-0.675,-0.584,-0.664,-0.571,-0.396,-0.276,-0.414,-0.319,-0.622,-0.582,-0.455,-0.731,-0.4,-0.313,-0.232,0.749,0.17,0.596,0,0.001,0.001,0.001,0.056,0.001,0.072,0.048,0.001,0.031,0.044,0.001,0.015,0.066,0.333,0.396,0.068,0.001,0.1,0.073,0.001,0.001,0.001,0.549,0.764,0.291,0.31,0.001,0.001,0.001,0.001,0.001,0.58,0.708,0.372,0.271,0.001,0.691,0.766,1.432,0.441,0.382,0.195,0.336,0.913,0.408,-0.67,-0.508,-0.355,1.419,1.007,0.181,0,0,0,0.001,0.001,0.905,0.764,0.709,0,0,0.001,0.001,0,0.001,0.006,0.697,0.149,0.001,0,0,0.001,0.004,0,0,0.001,0.001,0,0,0,0.001,0.001,0,0,0.001,0.001,0.175,0,0.001,0,0,0.001,0.001,10.319,6.032
13:14.5,13074,-0.114,-0.157,-0.759,-0.621,-0.454,-0.045,-0.673,-0.582,-0.66,-0.576,-0.39,-0.283,-0.43,-0.311,-0.62,-0.577,-0.456,-0.733,-0.398,-0.311,-0.229,0.754,0.159,0.595,0.001,0.001,0.001,0.001,0.035,0.001,0.068,0.042,0.001,0.015,0.015,0.001,0.012,0.044,0.278,0.392,0.073,0.001,0.076,0.045,0.001,0.001,0.016,0.504,0.761,0.288,0.315,0.001,0.001,0.001,0.001,0.005,0.584,0.708,0.368,0.274,0.001,0.692,0.772,1.433,0.437,0.389,0.201,0.337,0.91,0.408,-0.67,-0.508,-0.355,1.419,1.007,0.181,0,0,0,0.001,0.001,0.905,0.764,0.709,0,0,0.001,0.001,0,0.001,0.006,0.697,0.149,0.001,0,0,0.001,0.004,0,0,0.001,0.001,0,0,0,0.001,0.001,0,0,0.001,0.001,0.175,0,0.001,0,0,0.001,0.001,10.104,6.032
13:14.5,13075,-0.114,-0.161,-0.756,-0.624,-0.459,-0.043,-0.671,-0.581,-0.66,-0.579,-0.382,-0.289,-0.444,-0.316,-0.612,-0.574,-0.456,-0.735,-0.396,-0.31,-0.224,0.759,0.146,0.594,0.001,0.001,0.001,0.001,0.035,0.001,0.073,0.032,0.001,0.006,0.011,0.001,0.007,0.012,0.244,0.389,0.076,0.001,0.048,0.035,0.001,0.001,0.039,0.398,0.756,0.284,0.317,0.001,0.001,0.001,0.001,0.006,0.575,0.709,0.361,0.275,0.001,0.697,0.781,1.438,0.44,0.4,0.205,0.342,0.9,0.408,-0.67,-0.508,-0.355,1.419,1.007,0.181,0,0,0,0.001,0.001,0.905,0.764,0.709,0,0,0.001,0.001,0,0.001,0.006,0.697,0.149,0.001,0,0,0.001,0.004,0,0,0.001,0.001,0,0,0,0.001,0.001,0,0,0.001,0.001,0.175,0,0.001,0,0,0.001,0.001,9.906,6.032
13:14.5,13076,-0.113,-0.165,-0.753,-0.627,-0.465,-0.041,-0.669,-0.578,-0.662,-0.579,-0.375,-0.293,-0.448,-0.323,-0.605,-0.572,-0.455,-0.736,-0.393,-0.31,-0.218,0.766,0.128,0.591,0.001,0.001,0.001,0.001,0.027,0.001,0.083,0.02,0.001,0.001,0.001,0.001,0.001,0.001,0.192,0.37,0.076,0.001,0.028,0.021,0.001,0.001,0.034,0.319,0.752,0.277,0.32,0.001,0.001,0.001,0.001,0.002,0.501,0.722,0.357,0.271,0.001,0.686,0.79,1.443,0.427,0.429,0.211,0.343,0.895,0.408,-0.67,-0.508,-0.355,1.419,1.007,0.181,0,0,0,0.001,0.001,0.905,0.764,0.709,0,0,0.001,0.001,0,0.001,0.006,0.697,0.149,0.001,0,0,0.001,0.004,0,0,0.001,0.001,0,0,0,0.001,0.001,0,0,0.001,0.001,0.175,0,0.001,0,0,0.001,0.001,9.615,6.032
13:14.5,13077,-0.114,-0.168,-0.749,-0.63,-0.472,-0.039,-0.666,-0.576,-0.665,-0.576,-0.372,-0.296,-0.447,-0.33,-0.605,-0.571,-0.453,-0.738,-0.392,-0.311,-0.213,0.771,0.111,0.59,0.001,0.001,0.001,0.001,0.017,0.001,0.089,0.012,0.001,0.001,0.001,0.001,0.001,0.006,0.2,0.321,0.077,0.001,0.002,0.02,0.001,0.001,0.018,0.237,0.745,0.264,0.316,0.001,0.001,0.001,0.001,0.011,0.404,0.74,0.359,0.266,0.001,0.619,0.814,1.443,0.416,0.474,0.22,0.348,0.88,0.408,-0.67,-0.508,-0.355,1.419,1.007,0.181,0,0,0,0.001,0.001,0.905,0.764,0.709,0,0,0.001,0.001,0,0.001,0.006,0.697,0.149,0.001,0,0,0.001,0.004,0,0,0.001,0.001,0,0,0,0.001,0.001,0,0,0.001,0.001,0.175,0,0.001,0,0,0.001,0.001,9.336,6.032
13:14.6,13078,-0.116,-0.173,-0.746,-0.633,-0.48,-0.037,-0.663,-0.573,-0.67,-0.572,-0.372,-0.293,-0.443,-0.337,-0.604,-0.571,-0.449,-0.74,-0.391,-0.313,-0.207,0.778,0.084,0.587,0.001,0.001,0.001,0.001,0.002,0.001,0.11,0.007,0.001,0.001,0.001,0.001,0.001,0.002,0.216,0.287,0.085,0.001,0.001,0.022,0.001,0.001,0.013,0.173,0.713,0.245,0.315,0.001,0.001,0.001,0.001,0.017,0.343,0.746,0.359,0.274,0.001,0.527,0.85,1.451,0.385,0.501,0.225,0.348,0.861,0.445,-0.744,-0.347,-0.357,1.427,0.995,0.219,0,0.001,0,0.001,0,0.911,0.799,0.726,0,0,0.001,0.001,0.001,0.001,0.007,0.703,0.2,0,0.001,0,0.001,0.002,0.001,0,0.001,0.001,0,0.001,0.001,0,0,0.001,0,0.001,0,0.167,0,0,0.001,0.001,0,0.001,9.096,6.174
13:14.6,13079,-0.118,-0.178,-0.742,-0.635,-0.488,-0.036,-0.66,-0.57,-0.675,-0.567,-0.377,-0.283,-0.435,-0.342,-0.603,-0.575,-0.445,-0.741,-0.391,-0.315,-0.203,0.782,0.064,0.586,0.001,0.001,0.001,0.001,0.006,0.001,0.049,0.005,0.001,0.001,0.001,0.001,0.001,0.001,0.205,0.27,0.089,0.001,0.001,0.024,0.001,0.001,0.001,0.168,0.643,0.222,0.316,0.001,0.001,0.001,0.001,0.02,0.33,0.735,0.361,0.284,0.001,0.502,0.897,1.454,0.352,0.512,0.219,0.346,0.83,0.464,-0.738,-0.347,-0.345,1.498,1,0.937,0.271,0.081,0,0.158,0.01,0.683,0.86,0.91,0.51,0.001,0,0.197,0.304,0.001,0.049,0.852,0.69,0.159,0.001,0,0.162,0.52,0.001,0.044,0.027,0.002,0.001,0.001,0.001,0.123,0.253,0,0.083,0.001,0,0.321,0.001,0,0.001,0.001,0.001,0.001,8.86,10.717
13:14.6,13080,-0.12,-0.184,-0.737,-0.639,-0.497,-0.036,-0.655,-0.568,-0.678,-0.565,-0.384,-0.271,-0.427,-0.348,-0.602,-0.577,-0.44,-0.743,-0.392,-0.318,-0.198,0.786,0.028,0.584,0.001,0.001,0.001,0.001,0.004,0.001,0.027,0.006,0.001,0.001,0.001,0.001,0.001,0.001,0.201,0.233,0.099,0.001,0.001,0.023,0.001,0.001,0.001,0.151,0.613,0.199,0.316,0.001,0.001,0.001,0.001,0.022,0.31,0.706,0.36,0.304,0.001,0.459,0.952,1.464,0.341,0.56,0.186,0.331,0.806,0.461,-0.742,-0.342,-0.346,1.498,0.989,0.921,0.305,0.133,0,0.199,0.011,0.667,0.853,0.915,0.576,0.001,0,0.252,0.3,0,0.05,0.863,0.714,0.237,0.001,0.001,0.264,0.623,0.001,0.159,0.038,0.002,0.001,0,0,0.233,0.465,0.001,0.256,0,0.027,0.525,0,0.081,0.001,0.001,0,0.002,8.694,12.166
13:14.6,13081,-0.121,-0.192,-0.732,-0.643,-0.505,-0.037,-0.651,-0.566,-0.676,-0.567,-0.392,-0.262,-0.424,-0.357,-0.601,-0.575,-0.435,-0.744,-0.393,-0.32,-0.195,0.789,-0.002,0.583,0.001,0.001,0.001,0.001,0.001,0.001,0.009,0.012,0.001,0.001,0.001,0.001,0.001,0.001,0.17,0.227,0.104,0.001,0.001,0.022,0.001,0.001,0.001,0.136,0.543,0.171,0.341,0.001,0.001,0.001,0.001,0.022,0.299,0.642,0.357,0.38,0.001,0.476,0.93,1.475,0.336,0.56,0.2,0.316,0.783,0.457,-0.745,-0.33,-0.358,1.488,0.985,0.911,0.328,0.159,0.001,0.212,0.018,0.658,0.849,0.915,0.6,0.001,0.001,0.243,0.294,0.001,0.053,0.871,0.728,0.261,0.001,0,0.266,0.67,0.001,0.222,0.042,0.006,0.001,0,0.001,0.333,0.518,0.001,0.365,0.001,0.081,0.598,0.031,0.096,0,0,0.001,0.038,8.533,12.85
13:14.6,13082,-0.121,-0.2,-0.725,-0.647,-0.513,-0.038,-0.645,-0.565,-0.671,-0.571,-0.396,-0.26,-0.425,-0.368,-0.599,-0.57,-0.431,-0.746,-0.394,-0.321,-0.193,0.789,-0.044,0.581,0,0.001,0.001,0.001,0.001,0.001,0.001,0.01,0.001,0.001,0.001,0.001,0.001,0.001,0.166,0.289,0.093,0.001,0.001,0.011,0.001,0.001,0.001,0.123,0.382,0.116,0.353,0.001,0.001,0.001,0.001,0.011,0.305,0.44,0.316,0.497,0.001,0.484,0.805,1.469,0.358,0.453,0.136,0.269,0.766,0.464,-0.739,-0.325,-0.365,1.48,0.976,0.901,0.315,0.172,0,0.197,0.023,0.664,0.844,0.908,0.635,0.001,0.001,0.243,0.309,0.021,0.054,0.882,0.731,0.308,0.001,0,0.271,0.706,0.017,0.25,0.043,0.021,0.001,0,0,0.391,0.548,0,0.371,0,0.181,0.637,0.155,0.115,0,0.001,0,0.087,7.874,13.461
13:14.6,13083,-0.119,-0.209,-0.719,-0.652,-0.52,-0.039,-0.64,-0.564,-0.664,-0.576,-0.397,-0.264,-0.426,-0.378,-0.599,-0.562,-0.427,-0.748,-0.395,-0.32,-0.192,0.789,-0.08,0.578,0.005,0.001,0.001,0.001,0.001,0.001,0.001,0.009,0.001,0.001,0.001,0.001,0.001,0.001,0.139,0.33,0.095,0.001,0.001,0.011,0.001,0.001,0.001,0.116,0.37,0.053,0.352,0.001,0.001,0.001,0.001,0.001,0.304,0.332,0.216,0.617,0.001,0.443,0.513,1.388,0.396,0.331,0.104,0.221,0.753,0.462,-0.737,-0.322,-0.373,1.476,0.973,0.896,0.315,0.19,0,0.189,0.026,0.657,0.84,0.906,0.646,0,0.001,0.252,0.303,0.04,0.056,0.882,0.735,0.341,0,0,0.271,0.716,0.074,0.266,0.049,0.029,0.002,0,0,0.415,0.613,0.039,0.408,0,0.276,0.659,0.278,0.155,0.001,0.017,0.001,0.148,7.121,14.141
13:14.6,13084,-0.118,-0.219,-0.712,-0.656,-0.525,-0.04,-0.636,-0.564,-0.656,-0.583,-0.396,-0.272,-0.425,-0.387,-0.6,-0.556,-0.425,-0.75,-0.395,-0.317,-0.192,0.787,-0.117,0.574,0.006,0.001,0.001,0.001,0.001,0.001,0.001,0.002,0.001,0.001,0.001,0.001,0.001,0.001,0.121,0.222,0.089,0.001,0.001,0.007,0.001,0.001,0.001,0.081,0.316,0.026,0.328,0.001,0.001,0.001,0.001,0.001,0.233,0.341,0.082,0.726,0.001,0.382,0.408,1.032,0.486,0.181,0.079,0.122,0.667,0.462,-0.737,-0.322,-0.373,1.476,0.973,0.896,0.315,0.19,0,0.189,0.026,0.657,0.84,0.906,0.646,0,0.001,0.252,0.303,0.04,0.056,0.882,0.735,0.341,0,0,0.271,0.716,0.074,0.266,0.049,0.029,0.002,0,0,0.415,0.613,0.039,0.408,0,0.276,0.659,0.278,0.155,0.001,0.017,0.001,0.148,5.96,14.141
13:14.6,13085,-0.117,-0.227,-0.706,-0.66,-0.528,-0.039,-0.634,-0.564,-0.646,-0.592,-0.393,-0.282,-0.421,-0.394,-0.601,-0.554,-0.424,-0.752,-0.397,-0.305,-0.198,0.784,-0.154,0.569,0.001,0.001,0.001,0.001,0.001,0.001,0.001,0.001,0.001,0.001,0.001,0.001,0.001,0.001,0.079,0.137,0.049,0.001,0.001,0.007,0.001,0.001,0.001,0.034,0.249,0.015,0.278,0.001,0.001,0.001,0.001,0.001,0.158,0.267,0.022,0.79,0.001,0.263,0.282,0.723,0.529,0.084,0.033,0.027,0.559,0.462,-0.737,-0.322,-0.373,1.476,0.973,0.896,0.315,0.19,0,0.189,0.026,0.657,0.84,0.906,0.646,0,0.001,0.252,0.303,0.04,0.056,0.882,0.735,0.341,0,0,0.271,0.716,0.074,0.266,0.049,0.029,0.002,0,0,0.415,0.613,0.039,0.408,0,0.276,0.659,0.278,0.155,0.001,0.017,0.001,0.148,4.61,14.141
13:14.6,13086,-0.117,-0.236,-0.7,-0.664,-0.53,-0.038,-0.633,-0.564,-0.633,-0.601,-0.388,-0.295,-0.413,-0.4,-0.602,-0.555,-0.424,-0.753,-0.398,-0.307,-0.206,0.782,-0.172,0.563,0.001,0.001,0.001,0.001,0.001,0.001,0.001,0.001,0.001,0.001,0.001,0.001,0.001,0.001,0.039,0.106,0.032,0.001,0.001,0.002,0.001,0.001,0.001,0.001,0.208,0.001,0.261,0.001,0.001,0.001,0.001,0.001,0.115,0.234,0.001,0.811,0.001,0.184,0.215,0.497,0.513,0.029,0.004,0.015,0.415,0.462,-0.737,-0.322,-0.373,1.476,0.973,0.896,0.315,0.19,0,0.189,0.026,0.657,0.84,0.906,0.646,0,0.001,0.252,0.303,0.04,0.056,0.882,0.735,0.341,0,0,0.271,0.716,0.074,0.266,0.049,0.029,0.002,0,0,0.415,0.613,0.039,0.408,0,0.276,0.659,0.278,0.155,0.001,0.017,0.001,0.148,3.708,14.141
13:14.6,13087,-0.117,-0.243,-0.695,-0.666,-0.531,-0.034,-0.633,-0.562,-0.62,-0.61,-0.385,-0.309,-0.401,-0.406,-0.603,-0.558,-0.426,-0.755,-0.399,-0.3,-0.223,0.778,-0.194,0.554,0.001,0.001,0.001,0.001,0.001,0.001,0.001,0.001,0.001,0.001,0.001,0.001,0.001,0.001,0.009,0.045,0.02,0.001,0.001,0.002,0.001,0.001,0.001,0.001,0.149,0.001,0.267,0.001,0.001,0.001,0.001,0.001,0.054,0.19,0.001,0.821,0.001,0.092,0.158,0.37,0.46,0.001,0.001,0.021,0.216,0.462,-0.737,-0.322,-0.373,1.476,0.973,0.896,0.315,0.19,0,0.189,0.026,0.657,0.84,0.906,0.646,0,0.001,0.252,0.303,0.04,0.056,0.882,0.735,0.341,0,0,0.271,0.716,0.074,0.266,0.049,0.029,0.002,0,0,0.415,0.613,0.039,0.408,0,0.276,0.659,0.278,0.155,0.001,0.017,0.001,0.148,2.904,14.141
13:14.7,13088,-0.119,-0.251,-0.69,-0.668,-0.532,-0.028,-0.635,-0.559,-0.608,-0.616,-0.386,-0.32,-0.387,-0.411,-0.605,-0.562,-0.428,-0.756,-0.401,-0.291,-0.237,0.773,-0.209,0.55,0.001,0.001,0.001,0.001,0.001,0.001,0.001,0.001,0.001,0.001,0.001,0.001,0.001,0.001,0.001,0.001,0.007,0.001,0.001,0.006,0.001,0.001,0.001,0.001,0.127,0.001,0.236,0.001,0.001,0.001,0.001,0.001,0.029,0.165,0.001,0.762,0.001,0.032,0.125,0.264,0.392,0.001,0.001,0.012,0.106,0.462,-0.737,-0.322,-0.373,1.476,0.973,0.896,0.315,0.19,0,0.189,0.026,0.657,0.84,0.906,0.646,0,0.001,0.252,0.303,0.04,0.056,0.882,0.735,0.341,0,0,0.271,0.716,0.074,0.266,0.049,0.029,0.002,0,0,0.415,0.613,0.039,0.408,0,0.276,0.659,0.278,0.155,0.001,0.017,0.001,0.148,2.295,14.141
13:14.7,13089,-0.122,-0.259,-0.686,-0.669,-0.533,-0.019,-0.64,-0.553,-0.597,-0.62,-0.389,-0.327,-0.373,-0.415,-0.606,-0.568,-0.429,-0.758,-0.402,-0.274,-0.252,0.762,-0.229,0.55,0.001,0.001,0.001,0.001,0.001,0.001,0.001,0.001,0.001,0.001,0.001,0.001,0.001,0.001,0.001,0.001,0.001,0.001,0.001,0.007,0.001,0.001,0.001,0.001,0.089,0.001,0.182,0,0.001,0.001,0.001,0.001,0.017,0.096,0.001,0.674,0.001,0.002,0.073,0.138,0.302,0.001,0.001,0.001,0.02,0.462,-0.737,-0.322,-0.373,1.476,0.973,0.896,0.315,0.19,0,0.189,0.026,0.657,0.84,0.906,0.646,0,0.001,0.252,0.303,0.04,0.056,0.882,0.735,0.341,0,0,0.271,0.716,0.074,0.266,0.049,0.029,0.002,0,0,0.415,0.613,0.039,0.408,0,0.276,0.659,0.278,0.155,0.001,0.017,0.001,0.148,1.633,14.141
13:14.7,13090,-0.126,-0.268,-0.682,-0.669,-0.535,-0.01,-0.646,-0.545,-0.591,-0.623,-0.394,-0.328,-0.36,-0.417,-0.606,-0.574,-0.43,-0.761,-0.403,-0.272,-0.252,0.762,-0.229,0.55,0.001,0.001,0.001,0.001,0.001,0.001,0.001,0.001,0.001,0.001,0.001,0.001,0.001,0.001,0.001,0.001,0.001,0.001,0.001,0.007,0.001,0.001,0.001,0.001,0.089,0.001,0.182,0,0.001,0.001,0.001,0.001,0.017,0.096,0.001,0.674,0.001,0.002,0.073,0.138,0.302,0.001,0.001,0.001,0.02,0.453,-0.719,-0.311,-0.425,1.476,0.973,0.896,0.315,0.19,0,0.189,0.026,0.657,0.84,0.906,0.646,0,0.001,0.252,0.303,0.04,0.056,0.882,0.735,0.341,0,0,0.271,0.716,0.074,0.266,0.049,0.029,0.002,0,0,0.415,0.613,0.039,0.408,0,0.276,0.659,0.278,0.155,0.001,0.017,0.001,0.148,1.633,14.141
13:14.7,13091,-0.13,-0.276,-0.678,-0.668,-0.538,-0.003,-0.651,-0.536,-0.588,-0.626,-0.397,-0.325,-0.351,-0.416,-0.607,-0.58,-0.429,-0.764,-0.403,-0.264,-0.252,0.762,-0.229,0.55,0.001,0.001,0.001,0.001,0.001,0.001,0.001,0.001,0.001,0.001,0.001,0.001,0.001,0.001,0.001,0.001,0.001,0.001,0.001,0.007,0.001,0.001,0.001,0.001,0.089,0.001,0.182,0,0.001,0.001,0.001,0.001,0.017,0.096,0.001,0.674,0.001,0.002,0.073,0.138,0.302,0.001,0.001,0.001,0.02,0.455,-0.715,-0.315,-0.428,1.451,0.952,0.869,0.369,0.295,0.001,0.132,0.039,0.728,0.819,0.886,0.703,0.042,0.063,0.208,0.293,0.128,0.096,0.901,0.777,0.516,0.024,0,0.328,0.705,0.219,0.372,0.088,0.088,0.044,0.001,0,0.492,0.667,0.228,0.429,0.001,0.63,0.725,0.541,0.217,0.059,0.148,0.048,0.471,1.633,16.793
13:14.7,13092,-0.133,-0.285,-0.675,-0.668,-0.542,0.002,-0.655,-0.526,-0.588,-0.629,-0.397,-0.318,-0.345,-0.414,-0.609,-0.583,-0.427,-0.767,-0.403,-0.258,-0.252,0.762,-0.229,0.55,0.001,0.001,0.001,0.001,0.001,0.001,0.001,0.001,0.001,0.001,0.001,0.001,0.001,0.001,0.001,0.001,0.001,0.001,0.001,0.007,0.001,0.001,0.001,0.001,0.089,0.001,0.182,0,0.001,0.001,0.001,0.001,0.017,0.096,0.001,0.674,0.001,0.002,0.073,0.138,0.302,0.001,0.001,0.001,0.02,0.458,-0.709,-0.319,-0.43,1.451,0.954,0.868,0.375,0.324,0.001,0.128,0.039,0.728,0.817,0.886,0.708,0.043,0.061,0.208,0.293,0.128,0.096,0.901,0.775,0.519,0.013,0.001,0.338,0.708,0.222,0.375,0.088,0.089,0.045,0.001,0.001,0.498,0.668,0.232,0.43,0,0.635,0.723,0.549,0.22,0.059,0.151,0.054,0.485,1.633,16.888
13:14.7,13093,-0.136,-0.293,-0.672,-0.667,-0.548,0.008,-0.657,-0.517,-0.589,-0.631,-0.396,-0.311,-0.344,-0.41,-0.611,-0.584,-0.424,-0.769,-0.403,-0.255,-0.252,0.762,-0.229,0.55,0.001,0.001,0.001,0.001,0.001,0.001,0.001,0.001,0.001,0.001,0.001,0.001,0.001,0.001,0.001,0.001,0.001,0.001,0.001,0.007,0.001,0.001,0.001,0.001,0.089,0.001,0.182,0,0.001,0.001,0.001,0.001,0.017,0.096,0.001,0.674,0.001,0.002,0.073,0.138,0.302,0.001,0.001,0.001,0.02,0.461,-0.703,-0.325,-0.433,1.451,0.955,0.867,0.377,0.35,0.001,0.138,0.042,0.723,0.817,0.885,0.712,0.045,0.073,0.211,0.294,0.131,0.092,0.899,0.775,0.523,0.013,0,0.343,0.712,0.226,0.376,0.087,0.087,0.043,0.001,0.001,0.503,0.668,0.238,0.421,0.001,0.634,0.719,0.556,0.221,0.06,0.151,0.056,0.49,1.633,16.968
13:14.7,13094,-0.137,-0.301,-0.668,-0.666,-0.554,0.014,-0.659,-0.508,-0.591,-0.634,-0.393,-0.306,-0.347,-0.406,-0.612,-0.583,-0.421,-0.772,-0.403,-0.254,-0.252,0.762,-0.229,0.55,0.001,0.001,0.001,0.001,0.001,0.001,0.001,0.001,0.001,0.001,0.001,0.001,0.001,0.001,0.001,0.001,0.001,0.001,0.001,0.007,0.001,0.001,0.001,0.001,0.089,0.001,0.182,0,0.001,0.001,0.001,0.001,0.017,0.096,0.001,0.674,0.001,0.002,0.073,0.138,0.302,0.001,0.001,0.001,0.02,0.461,-0.703,-0.325,-0.433,1.451,0.955,0.867,0.377,0.35,0.001,0.138,0.042,0.723,0.817,0.885,0.712,0.045,0.073,0.211,0.294,0.131,0.092,0.899,0.775,0.523,0.013,0,0.343,0.712,0.226,0.376,0.087,0.087,0.043,0.001,0.001,0.503,0.668,0.238,0.421,0.001,0.634,0.719,0.556,0.221,0.06,0.151,0.056,0.49,1.633,16.968
13:14.7,13095,-0.139,-0.308,-0.665,-0.666,-0.56,0.019,-0.66,-0.501,-0.593,-0.636,-0.389,-0.303,-0.353,-0.403,-0.612,-0.58,-0.418,-0.773,-0.403,-0.254,-0.252,0.762,-0.229,0.55,0.001,0.001,0.001,0.001,0.001,0.001,0.001,0.001,0.001,0.001,0.001,0.001,0.001,0.001,0.001,0.001,0.001,0.001,0.001,0.007,0.001,0.001,0.001,0.001,0.089,0.001,0.182,0,0.001,0.001,0.001,0.001,0.017,0.096,0.001,0.674,0.001,0.002,0.073,0.138,0.302,0.001,0.001,0.001,0.02,0.461,-0.703,-0.325,-0.433,1.451,0.955,0.867,0.377,0.35,0.001,0.138,0.042,0.723,0.817,0.885,0.712,0.045,0.073,0.211,0.294,0.131,0.092,0.899,0.775,0.523,0.013,0,0.343,0.712,0.226,0.376,0.087,0.087,0.043,0.001,0.001,0.503,0.668,0.238,0.421,0.001,0.634,0.719,0.556,0.221,0.06,0.151,0.056,0.49,1.633,16.968
13:14.7,13096,-0.139,-0.313,-0.662,-0.666,-0.566,0.024,-0.658,-0.496,-0.595,-0.638,-0.385,-0.301,-0.36,-0.402,-0.613,-0.577,-0.415,-0.774,-0.404,-0.254,-0.252,0.762,-0.229,0.55,0.001,0.001,0.001,0.001,0.001,0.001,0.001,0.001,0.001,0.001,0.001,0.001,0.001,0.001,0.001,0.001,0.001,0.001,0.001,0.007,0.001,0.001,0.001,0.001,0.089,0.001,0.182,0,0.001,0.001,0.001,0.001,0.017,0.096,0.001,0.674,0.001,0.002,0.073,0.138,0.302,0.001,0.001,0.001,0.02,0.461,-0.703,-0.325,-0.433,1.451,0.955,0.867,0.377,0.35,0.001,0.138,0.042,0.723,0.817,0.885,0.712,0.045,0.073,0.211,0.294,0.131,0.092,0.899,0.775,0.523,0.013,0,0.343,0.712,0.226,0.376,0.087,0.087,0.043,0.001,0.001,0.503,0.668,0.238,0.421,0.001,0.634,0.719,0.556,0.221,0.06,0.151,0.056,0.49,1.633,16.968
13:14.7,13097,-0.138,-0.318,-0.66,-0.667,-0.565,0.037,-0.648,-0.51,-0.597,-0.64,-0.381,-0.299,-0.366,-0.401,-0.614,-0.572,-0.413,-0.775,-0.404,-0.255,-0.248,0.682,-0.254,0.639,0.001,0.001,0.001,0.001,0.001,0.001,0.001,0.001,0.001,0.001,0.001,0.001,0,0.001,0.001,0.001,0.001,0.001,0.001,0.027,0.001,0.001,0.001,0.001,0.07,0.001,0.101,0.001,0.002,0.001,0.001,0.001,0.001,0.05,0.001,0.527,0.001,0.001,0.031,0.065,0.236,0.001,0.001,0.001,0.001,0.461,-0.703,-0.325,-0.433,1.451,0.955,0.867,0.377,0.35,0.001,0.138,0.042,0.723,0.817,0.885,0.712,0.045,0.073,0.211,0.294,0.131,0.092,0.899,0.775,0.523,0.013,0,0.343,0.712,0.226,0.376,0.087,0.087,0.043,0.001,0.001,0.503,0.668,0.238,0.421,0.001,0.634,0.719,0.556,0.221,0.06,0.151,0.056,0.49,1.144,16.968
13:14.8,13098,-0.135,-0.32,-0.658,-0.668,-0.562,0.045,-0.634,-0.529,-0.598,-0.642,-0.377,-0.296,-0.37,-0.402,-0.614,-0.569,-0.411,-0.775,-0.406,-0.256,-0.25,0.68,-0.227,0.65,0.001,0.001,0.001,0.001,0.001,0.001,0.001,0.001,0.001,0.009,0.001,0.001,0.001,0.001,0.001,0.001,0.001,0.001,0.001,0.023,0.001,0.001,0.001,0.001,0.046,0.001,0.001,0.001,0.001,0.001,0.001,0.001,0.001,0.001,0.001,0.007,0.001,0.001,0.001,0.001,0.001,0.001,0.001,0.001,0.001,0.461,-0.703,-0.325,-0.433,1.451,0.955,0.867,0.377,0.35,0.001,0.138,0.042,0.723,0.817,0.885,0.712,0.045,0.073,0.211,0.294,0.131,0.092,0.899,0.775,0.523,0.013,0,0.343,0.712,0.226,0.376,0.087,0.087,0.043,0.001,0.001,0.503,0.668,0.238,0.421,0.001,0.634,0.719,0.556,0.221,0.06,0.151,0.056,0.49,0.126,16.968
13:14.8,13099,-0.133,-0.322,-0.656,-0.67,-0.573,0.014,-0.641,-0.51,-0.599,-0.644,-0.374,-0.294,-0.37,-0.404,-0.614,-0.568,-0.409,-0.775,-0.408,-0.257,-0.26,0.673,-0.193,0.665,0.001,0.001,0.001,0.001,0.001,0.001,0.001,0.001,0.001,0.017,0.001,0.001,0.001,0.001,0.001,0.001,0.001,0.001,0.001,0.027,0.001,0.001,0.001,0.001,0.049,0.001,0.001,0.001,0.001,0.001,0.001,0.001,0.001,0.001,0.001,0.009,0.001,0.001,0.001,0.001,0.001,0.001,0.001,0.001,0.001,0.461,-0.703,-0.325,-0.433,1.451,0.955,0.867,0.377,0.35,0.001,0.138,0.042,0.723,0.817,0.885,0.712,0.045,0.073,0.211,0.294,0.131,0.092,0.899,0.775,0.523,0.013,0,0.343,0.712,0.226,0.376,0.087,0.087,0.043,0.001,0.001,0.503,0.668,0.238,0.421,0.001,0.634,0.719,0.556,0.221,0.06,0.151,0.056,0.49,0.143,16.968
13:14.8,13100,-0.13,-0.322,-0.655,-0.671,-0.572,0.012,-0.632,-0.523,-0.598,-0.647,-0.372,-0.292,-0.366,-0.407,-0.614,-0.569,-0.407,-0.775,-0.41,-0.257,-0.265,0.667,-0.166,0.676,0.001,0.001,0.001,0.001,0.001,0.001,0.001,0.001,0.001,0.021,0.001,0.001,0.001,0.001,0.001,0.001,0.001,0.001,0.001,0.037,0.001,0.001,0.001,0.001,0.05,0.001,0.001,0.001,0.001,0.001,0.001,0.001,0.001,0.001,0.001,0.006,0.001,0.001,0.001,0.001,0.001,0.001,0.001,0.001,0.001,0.449,-0.689,-0.327,-0.466,1.452,0.955,0.867,0.38,0.357,0.001,0.139,0.043,0.719,0.817,0.886,0.713,0.046,0.074,0.215,0.295,0.132,0.092,0.897,0.775,0.524,0.013,0.001,0.344,0.713,0.226,0.38,0.087,0.087,0.043,0,0,0.504,0.668,0.239,0.419,0.001,0.635,0.718,0.558,0.22,0.06,0.151,0.057,0.488,0.155,16.991
13:14.8,13101,-0.127,-0.322,-0.654,-0.673,-0.568,0.016,-0.62,-0.541,-0.596,-0.65,-0.37,-0.292,-0.362,-0.408,-0.614,-0.571,-0.405,-0.774,-0.412,-0.257,-0.266,0.653,-0.134,0.696,0.001,0.001,0.001,0.001,0.001,0.001,0.001,0.001,0.001,0.023,0.001,0.001,0.001,0.001,0.001,0.001,0.001,0.001,0.001,0.037,0.001,0.001,0.001,0.001,0.045,0.001,0.001,0.001,0.001,0.001,0.001,0.001,0.001,0.001,0.001,0.006,0.001,0.001,0.001,0.001,0.001,0.001,0.001,0.001,0.001,0.444,-0.689,-0.324,-0.472,1.433,0.952,0.847,0.348,0.402,0.015,0.155,0.049,0.669,0.814,0.886,0.731,0.061,0.106,0.23,0.304,0.149,0.056,0.886,0.778,0.535,0.02,0.001,0.376,0.719,0.254,0.393,0.07,0.07,0.032,0,0.001,0.514,0.673,0.261,0.424,0.001,0.662,0.716,0.602,0.222,0.066,0.16,0.077,0.523,0.152,17.243
13:14.8,13102,-0.124,-0.321,-0.654,-0.674,-0.562,0.02,-0.609,-0.559,-0.593,-0.652,-0.369,-0.293,-0.357,-0.409,-0.614,-0.573,-0.405,-0.773,-0.415,-0.257,-0.266,0.653,-0.134,0.696,0.001,0.001,0.001,0.001,0.001,0.001,0.001,0.001,0.001,0.023,0.001,0.001,0.001,0.001,0.001,0.001,0.001,0.001,0.001,0.037,0.001,0.001,0.001,0.001,0.045,0.001,0.001,0.001,0.001,0.001,0.001,0.001,0.001,0.001,0.001,0.006,0.001,0.001,0.001,0.001,0.001,0.001,0.001,0.001,0.001,0.44,-0.689,-0.321,-0.478,1.429,0.947,0.842,0.343,0.403,0.012,0.151,0.049,0.673,0.813,0.884,0.725,0.063,0.103,0.223,0.304,0.151,0.056,0.889,0.78,0.543,0.028,0.001,0.377,0.718,0.258,0.393,0.073,0.072,0.037,0,0,0.515,0.673,0.265,0.421,0.001,0.67,0.719,0.612,0.223,0.072,0.162,0.083,0.551,0.152,17.307
13:14.8,13103,-0.121,-0.319,-0.655,-0.674,-0.553,0.023,-0.598,-0.579,-0.59,-0.655,-0.369,-0.295,-0.353,-0.409,-0.614,-0.576,-0.404,-0.772,-0.418,-0.255,-0.266,0.653,-0.134,0.696,0.001,0.001,0.001,0.001,0.001,0.001,0.001,0.001,0.001,0.023,0.001,0.001,0.001,0.001,0.001,0.001,0.001,0.001,0.001,0.037,0.001,0.001,0.001,0.001,0.045,0.001,0.001,0.001,0.001,0.001,0.001,0.001,0.001,0.001,0.001,0.006,0.001,0.001,0.001,0.001,0.001,0.001,0.001,0.001,0.001,0.44,-0.689,-0.321,-0.478,1.429,0.947,0.842,0.343,0.403,0.012,0.151,0.049,0.673,0.813,0.884,0.725,0.063,0.103,0.223,0.304,0.151,0.056,0.889,0.78,0.543,0.028,0.001,0.377,0.718,0.258,0.393,0.073,0.072,0.037,0,0,0.515,0.673,0.265,0.421,0.001,0.67,0.719,0.612,0.223,0.072,0.162,0.083,0.551,0.152,17.307
13:14.8,13104,-0.118,-0.316,-0.656,-0.675,-0.542,0.026,-0.586,-0.602,-0.587,-0.656,-0.369,-0.298,-0.35,-0.408,-0.615,-0.577,-0.403,-0.771,-0.422,-0.254,-0.266,0.653,-0.134,0.696,0.001,0.001,0.001,0.001,0.001,0.001,0.001,0.001,0.001,0.023,0.001,0.001,0.001,0.001,0.001,0.001,0.001,0.001,0.001,0.037,0.001,0.001,0.001,0.001,0.045,0.001,0.001,0.001,0.001,0.001,0.001,0.001,0.001,0.001,0.001,0.006,0.001,0.001,0.001,0.001,0.001,0.001,0.001,0.001,0.001,0.44,-0.689,-0.321,-0.478,1.429,0.947,0.842,0.343,0.403,0.012,0.151,0.049,0.673,0.813,0.884,0.725,0.063,0.103,0.223,0.304,0.151,0.056,0.889,0.78,0.543,0.028,0.001,0.377,0.718,0.258,0.393,0.073,0.072,0.037,0,0,0.515,0.673,0.265,0.421,0.001,0.67,0.719,0.612,0.223,0.072,0.162,0.083,0.551,0.152,17.307
13:14.8,13105,-0.116,-0.313,-0.657,-0.676,-0.527,0.027,-0.575,-0.625,-0.584,-0.657,-0.369,-0.301,-0.349,-0.406,-0.616,-0.578,-0.403,-0.771,-0.425,-0.251,-0.266,0.653,-0.134,0.696,0.001,0.001,0.001,0.001,0.001,0.001,0.001,0.001,0.001,0.023,0.001,0.001,0.001,0.001,0.001,0.001,0.001,0.001,0.001,0.037,0.001,0.001,0.001,0.001,0.045,0.001,0.001,0.001,0.001,0.001,0.001,0.001,0.001,0.001,0.001,0.006,0.001,0.001,0.001,0.001,0.001,0.001,0.001,0.001,0.001,0.44,-0.689,-0.321,-0.478,1.429,0.947,0.842,0.343,0.403,0.012,0.151,0.049,0.673,0.813,0.884,0.725,0.063,0.103,0.223,0.304,0.151,0.056,0.889,0.78,0.543,0.028,0.001,0.377,0.718,0.258,0.393,0.073,0.072,0.037,0,0,0.515,0.673,0.265,0.421,0.001,0.67,0.719,0.612,0.223,0.072,0.162,0.083,0.551,0.152,17.307
13:14.8,13106,-0.116,-0.308,-0.66,-0.675,-0.518,0.014,-0.574,-0.634,-0.581,-0.657,-0.37,-0.306,-0.35,-0.404,-0.617,-0.578,-0.403,-0.77,-0.429,-0.248,-0.266,0.653,-0.134,0.696,0.001,0.001,0.001,0.001,0.001,0.001,0.001,0.001,0.001,0.023,0.001,0.001,0.001,0.001,0.001,0.001,0.001,0.001,0.001,0.037,0.001,0.001,0.001,0.001,0.045,0.001,0.001,0.001,0.001,0.001,0.001,0.001,0.001,0.001,0.001,0.006,0.001,0.001,0.001,0.001,0.001,0.001,0.001,0.001,0.001,0.44,-0.689,-0.321,-0.478,1.429,0.947,0.842,0.343,0.403,0.012,0.151,0.049,0.673,0.813,0.884,0.725,0.063,0.103,0.223,0.304,0.151,0.056,0.889,0.78,0.543,0.028,0.001,0.377,0.718,0.258,0.393,0.073,0.072,0.037,0,0,0.515,0.673,0.265,0.421,0.001,0.67,0.719,0.612,0.223,0.072,0.162,0.083,0.551,0.152,17.307
13:14.8,13107,-0.116,-0.304,-0.663,-0.674,-0.52,-0.015,-0.589,-0.618,-0.579,-0.656,-0.372,-0.31,-0.352,-0.402,-0.617,-0.577,-0.403,-0.769,-0.432,-0.245,-0.266,0.653,-0.134,0.696,0.001,0.001,0.001,0.001,0.001,0.001,0.001,0.001,0.001,0.023,0.001,0.001,0.001,0.001,0.001,0.001,0.001,0.001,0.001,0.037,0.001,0.001,0.001,0.001,0.045,0.001,0.001,0.001,0.001,0.001,0.001,0.001,0.001,0.001,0.001,0.006,0.001,0.001,0.001,0.001,0.001,0.001,0.001,0.001,0.001,0.44,-0.689,-0.321,-0.478,1.429,0.947,0.842,0.343,0.403,0.012,0.151,0.049,0.673,0.813,0.884,0.725,0.063,0.103,0.223,0.304,0.151,0.056,0.889,0.78,0.543,0.028,0.001,0.377,0.718,0.258,0.393,0.073,0.072,0.037,0,0,0.515,0.673,0.265,0.421,0.001,0.67,0.719,0.612,0.223,0.072,0.162,0.083,0.551,0.152,17.307
13:14.9,13108,-0.118,-0.3,-0.668,-0.671,-0.52,-0.043,-0.6,-0.606,-0.576,-0.655,-0.374,-0.315,-0.354,-0.401,-0.617,-0.577,-0.403,-0.768,-0.435,-0.242,-0.21,0.554,0.002,0.806,0,0.001,0.001,0.001,0.001,0.001,0.001,0.001,0.001,0.023,0.001,0.001,0.001,0.001,0.001,0.001,0.001,0.001,0.001,0.034,0.001,0.001,0.001,0.001,0.045,0.001,0.001,0.001,0.001,0.001,0.001,0.001,0.001,0.001,0.001,0.006,0.001,0.001,0.001,0.001,0.001,0.001,0.001,0.001,0.001,0.44,-0.689,-0.321,-0.478,1.429,0.947,0.842,0.343,0.403,0.012,0.151,0.049,0.673,0.813,0.884,0.725,0.063,0.103,0.223,0.304,0.151,0.056,0.889,0.78,0.543,0.028,0.001,0.377,0.718,0.258,0.393,0.073,0.072,0.037,0,0,0.515,0.673,0.265,0.421,0.001,0.67,0.719,0.612,0.223,0.072,0.162,0.083,0.551,0.148,17.307
13:14.9,13109,-0.12,-0.294,-0.673,-0.668,-0.499,-0.046,-0.591,-0.631,-0.573,-0.653,-0.378,-0.319,-0.356,-0.401,-0.617,-0.576,-0.403,-0.767,-0.438,-0.239,-0.21,0.554,0.002,0.806,0,0.001,0.001,0.001,0.001,0.001,0.001,0.001,0.001,0.023,0.001,0.001,0.001,0.001,0.001,0.001,0.001,0.001,0.001,0.034,0.001,0.001,0.001,0.001,0.045,0.001,0.001,0.001,0.001,0.001,0.001,0.001,0.001,0.001,0.001,0.006,0.001,0.001,0.001,0.001,0.001,0.001,0.001,0.001,0.001,0.415,-0.684,-0.302,-0.518,1.427,0.946,0.84,0.338,0.403,0.012,0.148,0.049,0.674,0.813,0.884,0.731,0.061,0.105,0.223,0.303,0.151,0.055,0.89,0.781,0.547,0.032,0.001,0.376,0.717,0.259,0.393,0.074,0.072,0.038,0.001,0.001,0.515,0.673,0.264,0.424,0,0.674,0.719,0.615,0.223,0.076,0.164,0.085,0.556,0.148,17.333
13:14.9,13110,-0.124,-0.288,-0.678,-0.665,-0.479,-0.047,-0.585,-0.652,-0.571,-0.651,-0.381,-0.323,-0.357,-0.401,-0.616,-0.576,-0.403,-0.767,-0.44,-0.237,-0.21,0.554,0.002,0.806,0,0.001,0.001,0.001,0.001,0.001,0.001,0.001,0.001,0.023,0.001,0.001,0.001,0.001,0.001,0.001,0.001,0.001,0.001,0.034,0.001,0.001,0.001,0.001,0.045,0.001,0.001,0.001,0.001,0.001,0.001,0.001,0.001,0.001,0.001,0.006,0.001,0.001,0.001,0.001,0.001,0.001,0.001,0.001,0.001,0.413,-0.683,-0.301,-0.522,1.397,0.921,0.797,0.289,0.371,0.001,0.127,0.045,0.698,0.803,0.867,0.719,0.077,0.117,0.2,0.287,0.156,0.065,0.907,0.802,0.612,0.085,0.001,0.358,0.69,0.275,0.366,0.09,0.117,0.094,0.001,0,0.518,0.662,0.313,0.432,0,0.74,0.742,0.691,0.263,0.154,0.243,0.203,0.772,0.148,18.068
13:14.9,13111,-0.128,-0.28,-0.682,-0.663,-0.46,-0.048,-0.581,-0.67,-0.568,-0.649,-0.385,-0.327,-0.356,-0.402,-0.615,-0.577,-0.403,-0.766,-0.442,-0.235,-0.21,0.554,0.002,0.806,0,0.001,0.001,0.001,0.001,0.001,0.001,0.001,0.001,0.023,0.001,0.001,0.001,0.001,0.001,0.001,0.001,0.001,0.001,0.034,0.001,0.001,0.001,0.001,0.045,0.001,0.001,0.001,0.001,0.001,0.001,0.001,0.001,0.001,0.001,0.006,0.001,0.001,0.001,0.001,0.001,0.001,0.001,0.001,0.001,0.412,-0.68,-0.3,-0.526,1.394,0.917,0.792,0.289,0.37,0.002,0.122,0.045,0.706,0.801,0.863,0.716,0.079,0.122,0.198,0.284,0.159,0.067,0.91,0.803,0.619,0.094,0.001,0.354,0.687,0.286,0.368,0.093,0.128,0.101,0.001,0.004,0.516,0.658,0.314,0.444,0,0.758,0.747,0.694,0.264,0.161,0.25,0.222,0.795,0.148,18.198
13:14.9,13112,-0.133,-0.272,-0.686,-0.662,-0.44,-0.05,-0.578,-0.685,-0.566,-0.647,-0.389,-0.33,-0.355,-0.404,-0.614,-0.578,-0.403,-0.765,-0.444,-0.234,-0.21,0.554,0.002,0.806,0,0.001,0.001,0.001,0.001,0.001,0.001,0.001,0.001,0.023,0.001,0.001,0.001,0.001,0.001,0.001,0.001,0.001,0.001,0.034,0.001,0.001,0.001,0.001,0.045,0.001,0.001,0.001,0.001,0.001,0.001,0.001,0.001,0.001,0.001,0.006,0.001,0.001,0.001,0.001,0.001,0.001,0.001,0.001,0.001,0.412,-0.678,-0.3,-0.53,1.389,0.915,0.79,0.284,0.375,0.001,0.12,0.045,0.713,0.8,0.86,0.714,0.083,0.133,0.197,0.283,0.159,0.073,0.912,0.803,0.629,0.096,0.001,0.349,0.686,0.295,0.37,0.098,0.138,0.106,0,0.006,0.512,0.654,0.311,0.447,0,0.778,0.752,0.705,0.266,0.167,0.254,0.226,0.814,0.148,18.309
13:14.9,13113,-0.14,-0.263,-0.689,-0.661,-0.417,-0.053,-0.577,-0.7,-0.565,-0.645,-0.393,-0.332,-0.352,-0.405,-0.613,-0.58,-0.403,-0.764,-0.446,-0.234,-0.21,0.554,0.002,0.806,0,0.001,0.001,0.001,0.001,0.001,0.001,0.001,0.001,0.023,0.001,0.001,0.001,0.001,0.001,0.001,0.001,0.001,0.001,0.034,0.001,0.001,0.001,0.001,0.045,0.001,0.001,0.001,0.001,0.001,0.001,0.001,0.001,0.001,0.001,0.006,0.001,0.001,0.001,0.001,0.001,0.001,0.001,0.001,0.001,0.412,-0.678,-0.3,-0.53,1.389,0.915,0.79,0.284,0.375,0.001,0.12,0.045,0.713,0.8,0.86,0.714,0.083,0.133,0.197,0.283,0.159,0.073,0.912,0.803,0.629,0.096,0.001,0.349,0.686,0.295,0.37,0.098,0.138,0.106,0,0.006,0.512,0.654,0.311,0.447,0,0.778,0.752,0.705,0.266,0.167,0.254,0.226,0.814,0.148,18.309
13:14.9,13114,-0.148,-0.255,-0.692,-0.66,-0.392,-0.055,-0.577,-0.714,-0.565,-0.643,-0.396,-0.332,-0.35,-0.405,-0.613,-0.582,-0.403,-0.763,-0.447,-0.235,-0.21,0.554,0.002,0.806,0,0.001,0.001,0.001,0.001,0.001,0.001,0.001,0.001,0.023,0.001,0.001,0.001,0.001,0.001,0.001,0.001,0.001,0.001,0.034,0.001,0.001,0.001,0.001,0.045,0.001,0.001,0.001,0.001,0.001,0.001,0.001,0.001,0.001,0.001,0.006,0.001,0.001,0.001,0.001,0.001,0.001,0.001,0.001,0.001,0.412,-0.678,-0.3,-0.53,1.389,0.915,0.79,0.284,0.375,0.001,0.12,0.045,0.713,0.8,0.86,0.714,0.083,0.133,0.197,0.283,0.159,0.073,0.912,0.803,0.629,0.096,0.001,0.349,0.686,0.295,0.37,0.098,0.138,0.106,0,0.006,0.512,0.654,0.311,0.447,0,0.778,0.752,0.705,0.266,0.167,0.254,0.226,0.814,0.148,18.309
13:14.9,13115,-0.157,-0.248,-0.694,-0.657,-0.364,-0.057,-0.579,-0.727,-0.565,-0.642,-0.399,-0.331,-0.348,-0.405,-0.612,-0.583,-0.403,-0.762,-0.447,-0.237,-0.21,0.554,0.002,0.806,0,0.001,0.001,0.001,0.001,0.001,0.001,0.001,0.001,0.023,0.001,0.001,0.001,0.001,0.001,0.001,0.001,0.001,0.001,0.034,0.001,0.001,0.001,0.001,0.045,0.001,0.001,0.001,0.001,0.001,0.001,0.001,0.001,0.001,0.001,0.006,0.001,0.001,0.001,0.001,0.001,0.001,0.001,0.001,0.001,0.412,-0.678,-0.3,-0.53,1.389,0.915,0.79,0.284,0.375,0.001,0.12,0.045,0.713,0.8,0.86,0.714,0.083,0.133,0.197,0.283,0.159,0.073,0.912,0.803,0.629,0.096,0.001,0.349,0.686,0.295,0.37,0.098,0.138,0.106,0,0.006,0.512,0.654,0.311,0.447,0,0.778,0.752,0.705,0.266,0.167,0.254,0.226,0.814,0.148,18.309
13:14.9,13116,-0.165,-0.243,-0.697,-0.654,-0.334,-0.056,-0.583,-0.738,-0.566,-0.641,-0.401,-0.329,-0.346,-0.405,-0.612,-0.585,-0.403,-0.761,-0.448,-0.24,0.001,0.549,-0.059,0.834,0.001,0.001,0.001,0.001,0.001,0.001,0.001,0.001,0.001,0.022,0.001,0.001,0.001,0.001,0.001,0.001,0.001,0.001,0.001,0.018,0.001,0.001,0.001,0.001,0.049,0.001,0.001,0.001,0.001,0.001,0.001,0.001,0.001,0.001,0.001,0.009,0.001,0.001,0.001,0.001,0.001,0.001,0.001,0.001,0.001,0.412,-0.678,-0.3,-0.53,1.389,0.915,0.79,0.284,0.375,0.001,0.12,0.045,0.713,0.8,0.86,0.714,0.083,0.133,0.197,0.283,0.159,0.073,0.912,0.803,0.629,0.096,0.001,0.349,0.686,0.295,0.37,0.098,0.138,0.106,0,0.006,0.512,0.654,0.311,0.447,0,0.778,0.752,0.705,0.266,0.167,0.254,0.226,0.814,0.139,18.309
13:14.9,13117,-0.172,-0.24,-0.698,-0.652,-0.302,-0.054,-0.589,-0.748,-0.567,-0.64,-0.403,-0.327,-0.346,-0.404,-0.612,-0.585,-0.404,-0.759,-0.449,-0.243,0.009,0.55,-0.051,0.833,0.001,0.001,0.001,0.001,0.001,0.001,0.001,0.001,0.001,0.024,0.001,0.001,0.001,0.001,0.001,0.001,0.001,0.001,0.001,0.005,0.001,0.001,0.001,0.001,0.046,0.001,0.001,0.001,0.001,0.001,0.001,0.001,0.001,0.001,0.001,0.011,0.001,0.001,0.001,0.001,0.001,0.001,0.001,0.001,0.001,0.412,-0.678,-0.3,-0.53,1.389,0.915,0.79,0.284,0.375,0.001,0.12,0.045,0.713,0.8,0.86,0.714,0.083,0.133,0.197,0.283,0.159,0.073,0.912,0.803,0.629,0.096,0.001,0.349,0.686,0.295,0.37,0.098,0.138,0.106,0,0.006,0.512,0.654,0.311,0.447,0,0.778,0.752,0.705,0.266,0.167,0.254,0.226,0.814,0.127,18.309
13:15.0,13118,-0.176,-0.238,-0.699,-0.651,-0.269,-0.05,-0.595,-0.756,-0.569,-0.64,-0.403,-0.324,-0.346,-0.403,-0.612,-0.586,-0.404,-0.758,-0.449,-0.247,0.015,0.551,-0.043,0.833,0.001,0.001,0.001,0.001,0.001,0.001,0.001,0.001,0.001,0.023,0.001,0.001,0.001,0.001,0.001,0.001,0.001,0.001,0.001,0.002,0.001,0.001,0.001,0.001,0.046,0.001,0.001,0.001,0.001,0.001,0.001,0.001,0.001,0.001,0.001,0.013,0.001,0.001,0.001,0.001,0.001,0.001,0.001,0.001,0.001,0.412,-0.678,-0.3,-0.53,1.389,0.915,0.79,0.284,0.375,0.001,0.12,0.045,0.713,0.8,0.86,0.714,0.083,0.133,0.197,0.283,0.159,0.073,0.912,0.803,0.629,0.096,0.001,0.349,0.686,0.295,0.37,0.098,0.138,0.106,0,0.006,0.512,0.654,0.311,0.447,0,0.778,0.752,0.705,0.266,0.167,0.254,0.226,0.814,0.125,18.309
13:15.0,13119,-0.178,-0.236,-0.701,-0.649,-0.236,-0.043,-0.6,-0.763,-0.571,-0.64,-0.403,-0.32,-0.346,-0.402,-0.612,-0.586,-0.405,-0.756,-0.449,-0.25,0.016,0.553,-0.037,0.832,0,0.001,0.001,0.001,0.001,0.001,0.001,0.001,0.001,0.013,0.001,0.001,0.001,0.001,0.001,0.001,0.001,0.001,0.001,0.002,0.001,0.001,0.001,0.001,0.044,0.001,0.001,0.001,0.001,0.001,0.001,0.001,0.001,0.001,0.001,0.007,0.001,0.001,0.001,0.001,0.001,0.001,0.001,0.001,0.001,0.409,-0.663,-0.303,-0.549,1.391,0.913,0.79,0.282,0.377,0.001,0.117,0.045,0.713,0.799,0.86,0.713,0.082,0.138,0.197,0.283,0.159,0.076,0.913,0.802,0.631,0.098,0.001,0.348,0.685,0.297,0.37,0.098,0.139,0.109,0.001,0.004,0.509,0.654,0.315,0.447,0.001,0.784,0.753,0.705,0.266,0.17,0.254,0.227,0.824,0.106,18.341
13:15.0,13120,-0.178,-0.234,-0.702,-0.648,-0.205,-0.033,-0.605,-0.768,-0.572,-0.641,-0.402,-0.317,-0.347,-0.401,-0.612,-0.586,-0.405,-0.754,-0.45,-0.254,0.015,0.557,-0.033,0.829,0.001,0.001,0.001,0.001,0.001,0.001,0.001,0.001,0,0.011,0.001,0.001,0.001,0.001,0.001,0.001,0.001,0.001,0.001,0.002,0.001,0.001,0.001,0.001,0.042,0.001,0.001,0.001,0.001,0.001,0.001,0.001,0.001,0.001,0.001,0.009,0.001,0.001,0.001,0.001,0.001,0.001,0.001,0.001,0.001,0.408,-0.662,-0.303,-0.551,1.374,0.9,0.774,0.263,0.391,0.001,0.109,0.045,0.735,0.794,0.853,0.714,0.088,0.156,0.184,0.276,0.153,0.103,0.919,0.812,0.657,0.151,0.001,0.347,0.679,0.317,0.365,0.114,0.16,0.134,0.001,0,0.521,0.653,0.327,0.446,0.001,0.816,0.767,0.728,0.287,0.208,0.272,0.288,0.901,0.104,18.785
13:15.0,13121,-0.177,-0.232,-0.704,-0.647,-0.178,-0.022,-0.609,-0.772,-0.574,-0.642,-0.4,-0.315,-0.348,-0.401,-0.612,-0.586,-0.405,-0.752,-0.451,-0.258,0.012,0.561,-0.033,0.827,0.001,0.001,0.001,0.001,0.001,0,0.001,0.001,0.001,0.009,0.001,0.001,0.001,0.001,0.001,0.001,0.001,0.001,0.001,0.005,0.001,0.001,0.001,0.001,0.042,0.001,0.001,0.001,0.001,0.001,0.001,0.001,0.001,0.001,0.001,0.004,0.001,0.001,0.001,0.001,0.001,0.001,0.001,0.001,0.001,0.408,-0.659,-0.305,-0.553,1.374,0.9,0.773,0.263,0.391,0.002,0.109,0.045,0.736,0.794,0.853,0.716,0.089,0.159,0.186,0.276,0.153,0.101,0.919,0.812,0.657,0.154,0.002,0.346,0.679,0.317,0.361,0.112,0.161,0.133,0.001,0.001,0.523,0.654,0.327,0.449,0,0.819,0.766,0.733,0.287,0.206,0.275,0.288,0.905,0.1,18.807
13:15.0,13122,-0.176,-0.23,-0.706,-0.646,-0.156,-0.011,-0.611,-0.776,-0.575,-0.643,-0.398,-0.313,-0.348,-0.401,-0.612,-0.586,-0.406,-0.75,-0.452,-0.261,0.012,0.561,-0.033,0.827,0.001,0.001,0.001,0.001,0.001,0,0.001,0.001,0.001,0.009,0.001,0.001,0.001,0.001,0.001,0.001,0.001,0.001,0.001,0.005,0.001,0.001,0.001,0.001,0.042,0.001,0.001,0.001,0.001,0.001,0.001,0.001,0.001,0.001,0.001,0.004,0.001,0.001,0.001,0.001,0.001,0.001,0.001,0.001,0.001,0.408,-0.658,-0.305,-0.555,1.372,0.897,0.77,0.26,0.392,0.002,0.11,0.045,0.737,0.795,0.853,0.716,0.089,0.165,0.186,0.276,0.153,0.1,0.919,0.812,0.659,0.156,0.002,0.347,0.679,0.314,0.365,0.112,0.161,0.133,0.001,0,0.525,0.654,0.326,0.443,0.001,0.817,0.767,0.74,0.288,0.208,0.274,0.287,0.905,0.1,18.813
13:15.0,13123,-0.175,-0.229,-0.709,-0.644,-0.138,-0.001,-0.611,-0.78,-0.575,-0.644,-0.396,-0.312,-0.348,-0.401,-0.612,-0.586,-0.406,-0.748,-0.453,-0.265,0.012,0.561,-0.033,0.827,0.001,0.001,0.001,0.001,0.001,0,0.001,0.001,0.001,0.009,0.001,0.001,0.001,0.001,0.001,0.001,0.001,0.001,0.001,0.005,0.001,0.001,0.001,0.001,0.042,0.001,0.001,0.001,0.001,0.001,0.001,0.001,0.001,0.001,0.001,0.004,0.001,0.001,0.001,0.001,0.001,0.001,0.001,0.001,0.001,0.408,-0.658,-0.305,-0.555,1.372,0.897,0.77,0.26,0.392,0.002,0.11,0.045,0.737,0.795,0.853,0.716,0.089,0.165,0.186,0.276,0.153,0.1,0.919,0.812,0.659,0.156,0.002,0.347,0.679,0.314,0.365,0.112,0.161,0.133,0.001,0,0.525,0.654,0.326,0.443,0.001,0.817,0.767,0.74,0.288,0.208,0.274,0.287,0.905,0.1,18.813
13:15.0,13124,-0.174,-0.227,-0.711,-0.642,-0.125,0.008,-0.609,-0.783,-0.576,-0.646,-0.394,-0.311,-0.348,-0.401,-0.612,-0.586,-0.406,-0.746,-0.454,-0.269,0.012,0.561,-0.033,0.827,0.001,0.001,0.001,0.001,0.001,0,0.001,0.001,0.001,0.009,0.001,0.001,0.001,0.001,0.001,0.001,0.001,0.001,0.001,0.005,0.001,0.001,0.001,0.001,0.042,0.001,0.001,0.001,0.001,0.001,0.001,0.001,0.001,0.001,0.001,0.004,0.001,0.001,0.001,0.001,0.001,0.001,0.001,0.001,0.001,0.408,-0.658,-0.305,-0.555,1.372,0.897,0.77,0.26,0.392,0.002,0.11,0.045,0.737,0.795,0.853,0.716,0.089,0.165,0.186,0.276,0.153,0.1,0.919,0.812,0.659,0.156,0.002,0.347,0.679,0.314,0.365,0.112,0.161,0.133,0.001,0,0.525,0.654,0.326,0.443,0.001,0.817,0.767,0.74,0.288,0.208,0.274,0.287,0.905,0.1,18.813
13:15.0,13125,-0.174,-0.225,-0.714,-0.64,-0.115,0.016,-0.607,-0.786,-0.576,-0.647,-0.392,-0.311,-0.347,-0.402,-0.612,-0.586,-0.406,-0.744,-0.455,-0.274,0.012,0.561,-0.033,0.827,0.001,0.001,0.001,0.001,0.001,0,0.001,0.001,0.001,0.009,0.001,0.001,0.001,0.001,0.001,0.001,0.001,0.001,0.001,0.005,0.001,0.001,0.001,0.001,0.042,0.001,0.001,0.001,0.001,0.001,0.001,0.001,0.001,0.001,0.001,0.004,0.001,0.001,0.001,0.001,0.001,0.001,0.001,0.001,0.001,0.408,-0.658,-0.305,-0.555,1.372,0.897,0.77,0.26,0.392,0.002,0.11,0.045,0.737,0.795,0.853,0.716,0.089,0.165,0.186,0.276,0.153,0.1,0.919,0.812,0.659,0.156,0.002,0.347,0.679,0.314,0.365,0.112,0.161,0.133,0.001,0,0.525,0.654,0.326,0.443,0.001,0.817,0.767,0.74,0.288,0.208,0.274,0.287,0.905,0.1,18.813
