timestamp,packet_counter,right_thigh_q1,right_thigh_q2,right_thigh_q3,right_thigh_q4,right_calf_q1,right_calf_q2,right_calf_q3,right_calf_q4,left_thigh_q1,left_thigh_q2,left_thigh_q3,left_thigh_q4,left_calf_q1,left_calf_q2,left_calf_q3,left_calf_q4,trunk_q1,trunk_q2,trunk_q3,trunk_q4,right_foot_q0,right_foot_q1,right_foot_q2,right_foot_q3,right_pressure0,right_pressure1,right_pressure2,right_pressure3,right_pressure4,right_pressure5,right_pressure6,right_pressure7,right_pressure8,right_pressure9,right_pressure10,right_pressure11,right_pressure12,right_pressure13,right_pressure14,right_pressure15,right_pressure16,right_pressure17,right_pressure18,right_pressure19,right_pressure20,right_pressure21,right_pressure22,right_pressure23,right_pressure24,right_pressure25,right_pressure26,right_pressure27,right_pressure28,right_pressure29,right_pressure30,right_pressure31,right_pressure32,right_pressure33,right_pressure34,right_pressure35,right_pressure36,right_pressure37,right_pressure38,right_pressure39,right_pressure40,right_pressure41,right_pressure42,right_pressure43,right_pressure44,left_foot_q0,left_foot_q1,left_foot_q2,left_foot_q3,left_pressure0,left_pressure1,left_pressure2,left_pressure3,left_pressure4,left_pressure5,left_pressure6,left_pressure7,left_pressure8,left_pressure9,left_pressure10,left_pressure11,left_pressure12,left_pressure13,left_pressure14,left_pressure15,left_pressure16,left_pressure17,left_pressure18,left_pressure19,left_pressure20,left_pressure21,left_pressure22,left_pressure23,left_pressure24,left_pressure25,left_pressure26,left_pressure27,left_pressure28,left_pressure29,left_pressure30,left_pressure31,left_pressure32,left_pressure33,left_pressure34,left_pressure35,left_pressure36,left_pressure37,left_pressure38,left_pressure39,left_pressure40,left_pressure41,left_pressure42,left_pressure43,left_pressure44,right_pressure_sum,left_pressure_sum
12:57.7,11396,0.111,0.043,0.766,0.631,0.625,0.46,0.495,0.391,0.781,0.554,0.288,0,0.671,0.705,-0.133,-0.189,0.485,0.83,0.184,0.207,-0.047,-0.729,0.058,-0.681,0.441,0.289,0.313,0.031,0.363,0.001,0.044,0.006,0.667,0.7,0.669,0.526,0.248,0.243,0.238,0.335,0.035,0.65,0.857,0.849,0.757,0.138,0.15,0.429,0.708,0.133,0.426,0.525,0.515,0.36,0.01,0.104,0.604,0.72,0.17,0.315,0.002,0.77,0.756,1.527,0.287,0.462,0.137,0.105,0.293,-0.267,0.731,0.466,0.421,0,0.19,0,0.001,0,0,0,0.001,0,0.001,0.037,0.001,0.001,0,0.001,0.001,0,0.001,0.001,0.001,0.001,0.001,0,0.001,0.002,0,0.001,0.001,0,0.001,0.001,0,0,0,0.001,0,0,0,0.138,0,0,0,0.001,0,0,17.908,0.386
12:57.7,11397,0.111,0.043,0.767,0.63,0.627,0.46,0.494,0.389,0.777,0.556,0.294,0.003,0.67,0.705,-0.132,-0.191,0.486,0.829,0.183,0.206,-0.047,-0.729,0.058,-0.681,0.441,0.289,0.313,0.031,0.363,0.001,0.044,0.006,0.667,0.7,0.669,0.526,0.248,0.243,0.238,0.335,0.035,0.65,0.857,0.849,0.757,0.138,0.15,0.429,0.708,0.133,0.426,0.525,0.515,0.36,0.01,0.104,0.604,0.72,0.17,0.315,0.002,0.77,0.756,1.527,0.287,0.462,0.137,0.105,0.293,-0.276,0.726,0.467,0.423,0,0.484,0.001,0,0,0,0,0,0,0.059,0.111,0.001,0.001,0,0.001,0.001,0,0,0,0.001,0,0,0,0,0.004,0,0,0.001,0,0,0.001,0.001,0.001,0.001,0,0,0.001,0,0.149,0,0.001,0.001,0,0.001,0.001,17.908,0.823
12:57.8,11398,0.112,0.042,0.768,0.629,0.628,0.46,0.493,0.388,0.773,0.557,0.302,0.006,0.671,0.704,-0.132,-0.192,0.487,0.829,0.181,0.205,-0.047,-0.729,0.058,-0.681,0.441,0.289,0.313,0.031,0.363,0.001,0.044,0.006,0.667,0.7,0.669,0.526,0.248,0.243,0.238,0.335,0.035,0.65,0.857,0.849,0.757,0.138,0.15,0.429,0.708,0.133,0.426,0.525,0.515,0.36,0.01,0.104,0.604,0.72,0.17,0.315,0.002,0.77,0.756,1.527,0.287,0.462,0.137,0.105,0.293,-0.285,0.726,0.463,0.422,0.103,0.661,0,0.001,0.001,0.001,0,0,0.001,0.194,0.188,0.001,0,0.001,0.001,0,0.001,0,0,0,0,0.001,0.001,0,0.001,0,0,0.001,0,0,0,0.001,0,0.001,0,0,0,0,0.203,0,0.001,0,0.001,0.001,0,17.908,1.366
12:57.8,11399,0.111,0.041,0.769,0.628,0.63,0.46,0.492,0.386,0.77,0.558,0.31,0.007,0.671,0.703,-0.133,-0.193,0.488,0.829,0.179,0.203,-0.047,-0.729,0.058,-0.681,0.441,0.289,0.313,0.031,0.363,0.001,0.044,0.006,0.667,0.7,0.669,0.526,0.248,0.243,0.238,0.335,0.035,0.65,0.857,0.849,0.757,0.138,0.15,0.429,0.708,0.133,0.426,0.525,0.515,0.36,0.01,0.104,0.604,0.72,0.17,0.315,0.002,0.77,0.756,1.527,0.287,0.462,0.137,0.105,0.293,-0.303,0.728,0.439,0.431,0.451,0.895,0.001,0.001,0,0.001,0.001,0,0,0.422,0.365,0,0,0,0,0.005,0.001,0,0.057,0,0.001,0,0.001,0,0,0.001,0.001,0,0.001,0.001,0,0.001,0,0.001,0.001,0.001,0.001,0,0.232,0,0.001,0,0.001,0,0,17.908,2.445
12:57.8,11400,0.111,0.041,0.77,0.627,0.631,0.46,0.492,0.385,0.766,0.559,0.316,0.007,0.67,0.703,-0.135,-0.194,0.49,0.829,0.178,0.202,-0.047,-0.729,0.058,-0.681,0.441,0.289,0.313,0.031,0.363,0.001,0.044,0.006,0.667,0.7,0.669,0.526,0.248,0.243,0.238,0.335,0.035,0.65,0.857,0.849,0.757,0.138,0.15,0.429,0.708,0.133,0.426,0.525,0.515,0.36,0.01,0.104,0.604,0.72,0.17,0.315,0.002,0.77,0.756,1.527,0.287,0.462,0.137,0.105,0.293,-0.303,0.728,0.439,0.431,0.451,0.895,0.001,0.001,0,0.001,0.001,0,0,0.422,0.365,0,0,0,0,0.005,0.001,0,0.057,0,0.001,0,0.001,0,0,0.001,0.001,0,0.001,0.001,0,0.001,0,0.001,0.001,0.001,0.001,0,0.232,0,0.001,0,0.001,0,0,17.908,2.445
12:57.8,11401,0.111,0.04,0.771,0.626,0.632,0.459,0.492,0.384,0.764,0.56,0.322,0.006,0.668,0.704,-0.138,-0.195,0.49,0.829,0.176,0.201,-0.047,-0.729,0.058,-0.681,0.441,0.289,0.313,0.031,0.363,0.001,0.044,0.006,0.667,0.7,0.669,0.526,0.248,0.243,0.238,0.335,0.035,0.65,0.857,0.849,0.757,0.138,0.15,0.429,0.708,0.133,0.426,0.525,0.515,0.36,0.01,0.104,0.604,0.72,0.17,0.315,0.002,0.77,0.756,1.527,0.287,0.462,0.137,0.105,0.293,-0.321,0.73,0.418,0.434,0.835,0.95,0.089,0.001,0,0,0,0,0.031,0.63,0.612,0.001,0.001,0,0,0.01,0,0.001,0.313,0.012,0,0,0,0.001,0.001,0.001,0.001,0.001,0,0,0,0.001,0.001,0.001,0,0.001,0,0.001,0.109,0.001,0,0,0.001,0,0.001,17.908,3.608
12:57.8,11402,0.111,0.039,0.772,0.625,0.633,0.459,0.492,0.383,0.762,0.56,0.325,0.003,0.665,0.706,-0.144,-0.196,0.49,0.83,0.175,0.201,-0.047,-0.729,0.058,-0.681,0.441,0.289,0.313,0.031,0.363,0.001,0.044,0.006,0.667,0.7,0.669,0.526,0.248,0.243,0.238,0.335,0.035,0.65,0.857,0.849,0.757,0.138,0.15,0.429,0.708,0.133,0.426,0.525,0.515,0.36,0.01,0.104,0.604,0.72,0.17,0.315,0.002,0.77,0.756,1.527,0.287,0.462,0.137,0.105,0.293,-0.361,0.719,0.403,0.435,1.101,0.99,0.293,0.001,0.001,0.001,0,0,0.126,0.701,0.839,0.001,0.001,0.001,0,0.002,0,0.001,0.505,0.165,0,0,0,0,0.007,0.001,0.001,0.001,0.001,0.001,0.001,0.001,0.07,0,0,0.001,0,0.156,0.286,0.001,0,0.001,0.001,0,0.001,17.908,5.26
12:57.8,11403,0.112,0.037,0.773,0.623,0.633,0.458,0.493,0.382,0.762,0.559,0.327,-0.002,0.663,0.707,-0.15,-0.194,0.489,0.83,0.174,0.201,-0.047,-0.729,0.058,-0.681,0.441,0.289,0.313,0.031,0.363,0.001,0.044,0.006,0.667,0.7,0.669,0.526,0.248,0.243,0.238,0.335,0.035,0.65,0.857,0.849,0.757,0.138,0.15,0.429,0.708,0.133,0.426,0.525,0.515,0.36,0.01,0.104,0.604,0.72,0.17,0.315,0.002,0.77,0.756,1.527,0.287,0.462,0.137,0.105,0.293,-0.39,0.703,0.39,0.448,1.245,1.002,0.47,0.001,0.001,0.001,0.001,0,0.243,0.77,0.896,0,0,0.001,0,0.001,0,0.002,0.6,0.363,0,0,0,0.001,0.009,0,0.001,0.001,0.001,0.001,0.001,0.001,0.071,0.001,0.001,0.001,0,0.104,0.381,0.001,0.001,0.001,0,0.001,0.001,17.908,6.177
12:57.8,11404,0.113,0.035,0.775,0.621,0.633,0.457,0.494,0.382,0.762,0.559,0.327,-0.008,0.663,0.707,-0.156,-0.188,0.487,0.832,0.173,0.202,-0.056,-0.733,0.076,-0.674,0.414,0.28,0.305,0.028,0.372,0.001,0.049,0.007,0.64,0.691,0.669,0.525,0.263,0.271,0.245,0.338,0.055,0.625,0.842,0.846,0.756,0.147,0.165,0.442,0.716,0.161,0.429,0.524,0.504,0.358,0.01,0.103,0.602,0.72,0.189,0.33,0.002,0.766,0.756,1.514,0.298,0.465,0.136,0.085,0.322,-0.411,0.693,0.383,0.451,1.266,0.98,0.536,0.001,0,0,0,0,0.282,0.785,0.907,0.001,0,0,0,0,0,0.002,0.651,0.421,0.001,0.001,0,0.001,0.031,0,0.001,0.001,0.001,0.001,0,0,0.083,0.022,0,0,0,0.206,0.602,0,0.001,0.001,0.001,0,0,17.966,6.786
12:57.8,11405,0.115,0.033,0.777,0.618,0.634,0.456,0.495,0.381,0.763,0.558,0.326,-0.015,0.664,0.707,-0.161,-0.184,0.484,0.833,0.172,0.204,-0.056,-0.734,0.078,-0.672,0.039,0.034,0.07,0.001,0.359,0.037,0.093,0.009,0.059,0.245,0.476,0.338,0.193,0.32,0.308,0.374,0.126,0.048,0.382,0.546,0.399,0.035,0.223,0.488,0.742,0.25,0.455,0.243,0.321,0.175,0.001,0.125,0.609,0.726,0.336,0.441,0.022,0.746,0.774,1.435,0.386,0.48,0.178,0.232,0.504,-0.417,0.694,0.384,0.444,1.234,0.968,0.549,0,0,0.001,0,0,0.293,0.781,0.904,0,0.001,0,0,0.001,0,0.002,0.663,0.452,0,0,0,0,0.131,0,0.001,0.001,0.001,0.001,0.001,0,0.096,0.06,0,0,0.001,0.228,0.674,0,0,0.001,0,0,0,14.383,7.045
12:57.8,11406,0.116,0.032,0.778,0.616,0.634,0.455,0.496,0.381,0.765,0.556,0.325,-0.022,0.667,0.703,-0.165,-0.183,0.48,0.836,0.17,0.207,-0.057,-0.735,0.081,-0.671,0.024,0.005,0.017,0.001,0.269,0.024,0.096,0.009,0.024,0.171,0.389,0.225,0.151,0.287,0.306,0.372,0.129,0.012,0.242,0.436,0.234,0.016,0.193,0.491,0.742,0.253,0.446,0.178,0.183,0.056,0.001,0.115,0.612,0.731,0.339,0.435,0.004,0.748,0.775,1.435,0.398,0.48,0.187,0.242,0.515,-0.424,0.69,0.377,0.449,1.227,0.965,0.552,0,0.001,0,0.001,0.001,0.282,0.786,0.897,0.001,0,0,0.001,0,0.001,0.002,0.659,0.475,0,0,0,0.001,0.144,0,0,0.001,0.001,0.001,0,0.001,0.09,0.081,0.001,0,0,0.237,0.712,0,0.001,0.001,0,0,0.001,12.998,7.124
12:57.8,11407,0.116,0.03,0.78,0.614,0.634,0.453,0.498,0.381,0.767,0.552,0.324,-0.031,0.67,0.698,-0.173,-0.184,0.476,0.837,0.169,0.209,-0.057,-0.735,0.081,-0.671,0.024,0.005,0.017,0.001,0.269,0.024,0.096,0.009,0.024,0.171,0.389,0.225,0.151,0.287,0.306,0.372,0.129,0.012,0.242,0.436,0.234,0.016,0.193,0.491,0.742,0.253,0.446,0.178,0.183,0.056,0.001,0.115,0.612,0.731,0.339,0.435,0.004,0.748,0.775,1.435,0.398,0.48,0.187,0.242,0.515,-0.436,0.681,0.377,0.452,1.225,0.963,0.554,0,0,0.001,0.001,0.001,0.265,0.79,0.896,0,0.001,0.001,0.001,0,0.001,0.002,0.658,0.49,0.001,0,0.001,0.001,0.194,0,0,0.001,0.001,0,0.001,0.001,0.071,0.109,0.001,0.001,0,0.254,0.755,0,0.001,0.001,0,0,0.001,12.998,7.245
12:57.9,11408,0.116,0.029,0.781,0.613,0.634,0.451,0.499,0.38,0.77,0.549,0.323,-0.039,0.672,0.693,-0.183,-0.187,0.474,0.838,0.167,0.212,-0.057,-0.735,0.081,-0.671,0.024,0.005,0.017,0.001,0.269,0.024,0.096,0.009,0.024,0.171,0.389,0.225,0.151,0.287,0.306,0.372,0.129,0.012,0.242,0.436,0.234,0.016,0.193,0.491,0.742,0.253,0.446,0.178,0.183,0.056,0.001,0.115,0.612,0.731,0.339,0.435,0.004,0.748,0.775,1.435,0.398,0.48,0.187,0.242,0.515,-0.436,0.681,0.377,0.452,1.225,0.963,0.554,0,0,0.001,0.001,0.001,0.265,0.79,0.896,0,0.001,0.001,0.001,0,0.001,0.002,0.658,0.49,0.001,0,0.001,0.001,0.194,0,0,0.001,0.001,0,0.001,0.001,0.071,0.109,0.001,0.001,0,0.254,0.755,0,0.001,0.001,0,0,0.001,12.998,7.245
12:57.9,11409,0.116,0.028,0.782,0.611,0.635,0.449,0.5,0.38,0.773,0.546,0.32,-0.045,0.67,0.691,-0.193,-0.187,0.472,0.839,0.166,0.215,-0.057,-0.735,0.081,-0.671,0.024,0.005,0.017,0.001,0.269,0.024,0.096,0.009,0.024,0.171,0.389,0.225,0.151,0.287,0.306,0.372,0.129,0.012,0.242,0.436,0.234,0.016,0.193,0.491,0.742,0.253,0.446,0.178,0.183,0.056,0.001,0.115,0.612,0.731,0.339,0.435,0.004,0.748,0.775,1.435,0.398,0.48,0.187,0.242,0.515,-0.436,0.681,0.377,0.452,1.225,0.963,0.554,0,0,0.001,0.001,0.001,0.265,0.79,0.896,0,0.001,0.001,0.001,0,0.001,0.002,0.658,0.49,0.001,0,0.001,0.001,0.194,0,0,0.001,0.001,0,0.001,0.001,0.071,0.109,0.001,0.001,0,0.254,0.755,0,0.001,0.001,0,0,0.001,12.998,7.245
12:57.9,11410,0.115,0.029,0.783,0.611,0.636,0.447,0.501,0.379,0.776,0.545,0.314,-0.047,0.666,0.693,-0.204,-0.186,0.472,0.838,0.166,0.217,-0.057,-0.735,0.081,-0.671,0.024,0.005,0.017,0.001,0.269,0.024,0.096,0.009,0.024,0.171,0.389,0.225,0.151,0.287,0.306,0.372,0.129,0.012,0.242,0.436,0.234,0.016,0.193,0.491,0.742,0.253,0.446,0.178,0.183,0.056,0.001,0.115,0.612,0.731,0.339,0.435,0.004,0.748,0.775,1.435,0.398,0.48,0.187,0.242,0.515,-0.436,0.681,0.377,0.452,1.225,0.963,0.554,0,0,0.001,0.001,0.001,0.265,0.79,0.896,0,0.001,0.001,0.001,0,0.001,0.002,0.658,0.49,0.001,0,0.001,0.001,0.194,0,0,0.001,0.001,0,0.001,0.001,0.071,0.109,0.001,0.001,0,0.254,0.755,0,0.001,0.001,0,0,0.001,12.998,7.245
12:57.9,11411,0.115,0.03,0.783,0.611,0.637,0.445,0.503,0.378,0.779,0.547,0.303,-0.044,0.66,0.696,-0.214,-0.184,0.471,0.838,0.166,0.219,-0.057,-0.735,0.081,-0.671,0.024,0.005,0.017,0.001,0.269,0.024,0.096,0.009,0.024,0.171,0.389,0.225,0.151,0.287,0.306,0.372,0.129,0.012,0.242,0.436,0.234,0.016,0.193,0.491,0.742,0.253,0.446,0.178,0.183,0.056,0.001,0.115,0.612,0.731,0.339,0.435,0.004,0.748,0.775,1.435,0.398,0.48,0.187,0.242,0.515,-0.436,0.681,0.377,0.452,1.225,0.963,0.554,0,0,0.001,0.001,0.001,0.265,0.79,0.896,0,0.001,0.001,0.001,0,0.001,0.002,0.658,0.49,0.001,0,0.001,0.001,0.194,0,0,0.001,0.001,0,0.001,0.001,0.071,0.109,0.001,0.001,0,0.254,0.755,0,0.001,0.001,0,0,0.001,12.998,7.245
12:57.9,11412,0.116,0.031,0.782,0.611,0.639,0.443,0.503,0.377,0.781,0.552,0.289,-0.036,0.654,0.699,-0.225,-0.181,0.471,0.838,0.166,0.22,-0.107,-0.728,0.189,-0.65,0.021,0.005,0.013,0.001,0.265,0.026,0.098,0.009,0.016,0.162,0.377,0.208,0.143,0.292,0.306,0.374,0.131,0.009,0.222,0.424,0.221,0.01,0.193,0.49,0.742,0.254,0.444,0.17,0.149,0.046,0.001,0.114,0.614,0.733,0.341,0.433,0.004,0.748,0.775,1.435,0.398,0.484,0.187,0.243,0.514,-0.436,0.681,0.377,0.452,1.225,0.963,0.554,0,0,0.001,0.001,0.001,0.265,0.79,0.896,0,0.001,0.001,0.001,0,0.001,0.002,0.658,0.49,0.001,0,0.001,0.001,0.194,0,0,0.001,0.001,0,0.001,0.001,0.071,0.109,0.001,0.001,0,0.254,0.755,0,0.001,0.001,0,0,0.001,12.845,7.245
12:57.9,11413,0.116,0.033,0.781,0.612,0.642,0.44,0.504,0.375,0.782,0.56,0.272,-0.024,0.649,0.701,-0.236,-0.179,0.47,0.838,0.168,0.22,-0.117,-0.727,0.214,-0.642,0.024,0.001,0.001,0.001,0.002,0.001,0.055,0.004,0.001,0.048,0.089,0.001,0.001,0.004,0.144,0.289,0.175,0.001,0.062,0.046,0.011,0.001,0.027,0.335,0.676,0.21,0.458,0.001,0.002,0.001,0.001,0.001,0.595,0.756,0.287,0.462,0.001,0.879,0.852,1.437,0.413,0.531,0.245,0.396,0.615,-0.436,0.681,0.377,0.452,1.225,0.963,0.554,0,0,0.001,0.001,0.001,0.265,0.79,0.896,0,0.001,0.001,0.001,0,0.001,0.002,0.658,0.49,0.001,0,0.001,0.001,0.194,0,0,0.001,0.001,0,0.001,0.001,0.071,0.109,0.001,0.001,0,0.254,0.755,0,0.001,0.001,0,0,0.001,10.143,7.245
12:57.9,11414,0.117,0.036,0.78,0.613,0.645,0.437,0.504,0.373,0.781,0.568,0.26,-0.007,0.647,0.7,-0.247,-0.175,0.469,0.838,0.169,0.22,-0.127,-0.723,0.242,-0.635,0.012,0.001,0.001,0.001,0.002,0.001,0.038,0.002,0.001,0.033,0.084,0.001,0.001,0.007,0.11,0.266,0.187,0.001,0.049,0.024,0.012,0.001,0.054,0.259,0.656,0.203,0.458,0.001,0.001,0.001,0.001,0.001,0.553,0.755,0.269,0.475,0.001,0.886,0.877,1.444,0.416,0.626,0.255,0.411,0.618,-0.456,0.66,0.364,0.474,1.228,0.96,0.564,0.001,0.001,0,0,0.001,0.252,0.799,0.89,0.001,0.001,0.001,0.001,0.001,0.001,0.002,0.663,0.51,0,0,0.001,0.001,0.264,0,0.01,0.001,0.001,0,0,0.001,0.074,0.175,0.001,0.001,0,0.264,0.829,0,0,0.024,0.001,0,0,10.056,7.525
12:57.9,11415,0.116,0.039,0.779,0.615,0.649,0.434,0.503,0.372,0.775,0.578,0.255,0.011,0.646,0.698,-0.256,-0.171,0.468,0.839,0.17,0.22,-0.127,-0.723,0.242,-0.635,0.012,0.001,0.001,0.001,0.002,0.001,0.038,0.002,0.001,0.033,0.084,0.001,0.001,0.007,0.11,0.266,0.187,0.001,0.049,0.024,0.012,0.001,0.054,0.259,0.656,0.203,0.458,0.001,0.001,0.001,0.001,0.001,0.553,0.755,0.269,0.475,0.001,0.886,0.877,1.444,0.416,0.626,0.255,0.411,0.618,-0.462,0.653,0.368,0.474,1.421,0.908,0.731,0.017,0,0.001,0,0.004,0.505,0.889,0.934,0.28,0,0,0,0.104,0,0.012,0.873,0.731,0.149,0.001,0,0.001,0.444,0.001,0.201,0.002,0.001,0,0,0.001,0.184,0.513,0.001,0.284,0,0.589,1.017,0.33,0.09,0.1,0.223,0.001,0.232,10.056,11.775
12:57.9,11416,0.115,0.042,0.777,0.617,0.652,0.431,0.502,0.37,0.768,0.586,0.257,0.028,0.647,0.696,-0.264,-0.166,0.467,0.839,0.17,0.22,-0.127,-0.723,0.242,-0.635,0.012,0.001,0.001,0.001,0.002,0.001,0.038,0.002,0.001,0.033,0.084,0.001,0.001,0.007,0.11,0.266,0.187,0.001,0.049,0.024,0.012,0.001,0.054,0.259,0.656,0.203,0.458,0.001,0.001,0.001,0.001,0.001,0.553,0.755,0.269,0.475,0.001,0.886,0.877,1.444,0.416,0.626,0.255,0.411,0.618,-0.466,0.648,0.37,0.475,1.444,0.906,0.747,0.026,0,0,0.001,0.005,0.542,0.896,0.935,0.33,0,0,0.001,0.096,0,0.015,0.89,0.751,0.214,0,0.001,0.001,0.447,0,0.206,0.002,0.001,0,0,0,0.206,0.54,0,0.291,0.001,0.697,1.021,0.419,0.122,0.11,0.25,0.009,0.344,10.056,12.467
12:57.9,11417,0.113,0.046,0.775,0.62,0.657,0.427,0.5,0.369,0.76,0.594,0.261,0.04,0.648,0.694,-0.271,-0.158,0.467,0.84,0.17,0.22,-0.127,-0.723,0.242,-0.635,0.012,0.001,0.001,0.001,0.002,0.001,0.038,0.002,0.001,0.033,0.084,0.001,0.001,0.007,0.11,0.266,0.187,0.001,0.049,0.024,0.012,0.001,0.054,0.259,0.656,0.203,0.458,0.001,0.001,0.001,0.001,0.001,0.553,0.755,0.269,0.475,0.001,0.886,0.877,1.444,0.416,0.626,0.255,0.411,0.618,-0.466,0.648,0.37,0.475,1.444,0.906,0.747,0.026,0,0,0.001,0.005,0.542,0.896,0.935,0.33,0,0,0.001,0.096,0,0.015,0.89,0.751,0.214,0,0.001,0.001,0.447,0,0.206,0.002,0.001,0,0,0,0.206,0.54,0,0.291,0.001,0.697,1.021,0.419,0.122,0.11,0.25,0.009,0.344,10.056,12.467
12:58.0,11418,0.11,0.049,0.772,0.624,0.661,0.424,0.498,0.367,0.753,0.6,0.265,0.047,0.649,0.692,-0.278,-0.149,0.466,0.84,0.169,0.22,-0.127,-0.723,0.242,-0.635,0.012,0.001,0.001,0.001,0.002,0.001,0.038,0.002,0.001,0.033,0.084,0.001,0.001,0.007,0.11,0.266,0.187,0.001,0.049,0.024,0.012,0.001,0.054,0.259,0.656,0.203,0.458,0.001,0.001,0.001,0.001,0.001,0.553,0.755,0.269,0.475,0.001,0.886,0.877,1.444,0.416,0.626,0.255,0.411,0.618,-0.466,0.648,0.37,0.475,1.444,0.906,0.747,0.026,0,0,0.001,0.005,0.542,0.896,0.935,0.33,0,0,0.001,0.096,0,0.015,0.89,0.751,0.214,0,0.001,0.001,0.447,0,0.206,0.002,0.001,0,0,0,0.206,0.54,0,0.291,0.001,0.697,1.021,0.419,0.122,0.11,0.25,0.009,0.344,10.056,12.467
12:58.0,11419,0.108,0.054,0.768,0.628,0.667,0.42,0.496,0.364,0.748,0.605,0.267,0.049,0.65,0.691,-0.284,-0.139,0.465,0.841,0.17,0.22,-0.127,-0.723,0.242,-0.635,0.012,0.001,0.001,0.001,0.002,0.001,0.038,0.002,0.001,0.033,0.084,0.001,0.001,0.007,0.11,0.266,0.187,0.001,0.049,0.024,0.012,0.001,0.054,0.259,0.656,0.203,0.458,0.001,0.001,0.001,0.001,0.001,0.553,0.755,0.269,0.475,0.001,0.886,0.877,1.444,0.416,0.626,0.255,0.411,0.618,-0.466,0.648,0.37,0.475,1.444,0.906,0.747,0.026,0,0,0.001,0.005,0.542,0.896,0.935,0.33,0,0,0.001,0.096,0,0.015,0.89,0.751,0.214,0,0.001,0.001,0.447,0,0.206,0.002,0.001,0,0,0,0.206,0.54,0,0.291,0.001,0.697,1.021,0.419,0.122,0.11,0.25,0.009,0.344,10.056,12.467
12:58.0,11420,0.106,0.06,0.764,0.633,0.674,0.416,0.493,0.36,0.744,0.609,0.268,0.051,0.651,0.69,-0.288,-0.131,0.464,0.841,0.17,0.219,-0.127,-0.723,0.242,-0.635,0.012,0.001,0.001,0.001,0.002,0.001,0.038,0.002,0.001,0.033,0.084,0.001,0.001,0.007,0.11,0.266,0.187,0.001,0.049,0.024,0.012,0.001,0.054,0.259,0.656,0.203,0.458,0.001,0.001,0.001,0.001,0.001,0.553,0.755,0.269,0.475,0.001,0.886,0.877,1.444,0.416,0.626,0.255,0.411,0.618,-0.466,0.648,0.37,0.475,1.444,0.906,0.747,0.026,0,0,0.001,0.005,0.542,0.896,0.935,0.33,0,0,0.001,0.096,0,0.015,0.89,0.751,0.214,0,0.001,0.001,0.447,0,0.206,0.002,0.001,0,0,0,0.206,0.54,0,0.291,0.001,0.697,1.021,0.419,0.122,0.11,0.25,0.009,0.344,10.056,12.467
12:58.0,11421,0.103,0.067,0.76,0.638,0.681,0.414,0.489,0.354,0.74,0.613,0.27,0.053,0.652,0.689,-0.29,-0.124,0.462,0.842,0.171,0.218,-0.127,-0.723,0.242,-0.635,0.012,0.001,0.001,0.001,0.002,0.001,0.038,0.002,0.001,0.033,0.084,0.001,0.001,0.007,0.11,0.266,0.187,0.001,0.049,0.024,0.012,0.001,0.054,0.259,0.656,0.203,0.458,0.001,0.001,0.001,0.001,0.001,0.553,0.755,0.269,0.475,0.001,0.886,0.877,1.444,0.416,0.626,0.255,0.411,0.618,-0.466,0.648,0.37,0.475,1.444,0.906,0.747,0.026,0,0,0.001,0.005,0.542,0.896,0.935,0.33,0,0,0.001,0.096,0,0.015,0.89,0.751,0.214,0,0.001,0.001,0.447,0,0.206,0.002,0.001,0,0,0,0.206,0.54,0,0.291,0.001,0.697,1.021,0.419,0.122,0.11,0.25,0.009,0.344,10.056,12.467
12:58.0,11422,0.1,0.075,0.755,0.643,0.69,0.412,0.484,0.346,0.737,0.618,0.269,0.056,0.653,0.689,-0.292,-0.12,0.46,0.844,0.173,0.217,-0.178,-0.638,0.458,-0.593,0.012,0.001,0.001,0.001,0.009,0.001,0.043,0.002,0.001,0.033,0.078,0.001,0.001,0.009,0.098,0.243,0.195,0.001,0.038,0.024,0.011,0.001,0.042,0.209,0.639,0.199,0.46,0.001,0.001,0.001,0.001,0.002,0.496,0.756,0.263,0.49,0.001,0.846,0.897,1.442,0.41,0.662,0.264,0.415,0.62,-0.466,0.648,0.37,0.475,1.444,0.906,0.747,0.026,0,0,0.001,0.005,0.542,0.896,0.935,0.33,0,0,0.001,0.096,0,0.015,0.89,0.751,0.214,0,0.001,0.001,0.447,0,0.206,0.002,0.001,0,0,0,0.206,0.54,0,0.291,0.001,0.697,1.021,0.419,0.122,0.11,0.25,0.009,0.344,9.921,12.467
12:58.0,11423,0.097,0.084,0.749,0.65,0.698,0.411,0.479,0.339,0.733,0.623,0.267,0.06,0.653,0.688,-0.293,-0.12,0.457,0.845,0.175,0.214,-0.181,-0.618,0.488,-0.589,0.001,0.001,0.001,0.001,0.001,0.001,0.001,0.002,0.001,0.001,0.001,0.001,0.001,0.015,0.104,0.133,0.209,0.001,0.001,0.015,0.001,0.001,0.043,0.084,0.212,0.068,0.427,0.001,0.001,0.001,0.001,0.001,0.247,0.272,0.109,0.701,0.001,0.335,0.399,1.189,0.425,0.322,0.089,0.09,0.36,-0.504,0.601,0.405,0.469,1.436,0.905,0.755,0.045,0.001,0.001,0,0.007,0.556,0.894,0.938,0.337,0,0,0.001,0.099,0.001,0.016,0.895,0.757,0.228,0.001,0,0.001,0.449,0.001,0.211,0.005,0.002,0.001,0.001,0.001,0.204,0.551,0.001,0.293,0,0.736,1.011,0.441,0.131,0.117,0.256,0.048,0.385,5.872,12.719
12:58.0,11424,0.093,0.094,0.742,0.657,0.703,0.411,0.474,0.334,0.729,0.628,0.264,0.066,0.653,0.688,-0.294,-0.121,0.454,0.847,0.177,0.211,-0.184,-0.592,0.524,-0.585,0.001,0.001,0.001,0.001,0.001,0.001,0.001,0.001,0.001,0.001,0.001,0.001,0.001,0.007,0.068,0.077,0.15,0.001,0.001,0.012,0.001,0.001,0.004,0.049,0.162,0.016,0.377,0.001,0.001,0.001,0.001,0.001,0.166,0.219,0.021,0.74,0.001,0.221,0.255,0.701,0.431,0.128,0.061,0.054,0.256,-0.504,0.601,0.405,0.469,1.436,0.905,0.755,0.045,0.001,0.001,0,0.007,0.556,0.894,0.938,0.337,0,0,0.001,0.099,0.001,0.016,0.895,0.757,0.228,0.001,0,0.001,0.449,0.001,0.211,0.005,0.002,0.001,0.001,0.001,0.204,0.551,0.001,0.293,0,0.736,1.011,0.441,0.131,0.117,0.256,0.048,0.385,4.198,12.719
12:58.0,11425,0.088,0.103,0.735,0.664,0.705,0.413,0.471,0.333,0.725,0.633,0.261,0.073,0.652,0.687,-0.295,-0.123,0.451,0.849,0.179,0.207,-0.184,-0.592,0.524,-0.585,0.001,0.001,0.001,0.001,0.001,0.001,0.001,0.001,0.001,0.001,0.001,0.001,0.001,0.007,0.068,0.077,0.15,0.001,0.001,0.012,0.001,0.001,0.004,0.049,0.162,0.016,0.377,0.001,0.001,0.001,0.001,0.001,0.166,0.219,0.021,0.74,0.001,0.221,0.255,0.701,0.431,0.128,0.061,0.054,0.256,-0.504,0.601,0.405,0.469,1.436,0.905,0.755,0.045,0.001,0.001,0,0.007,0.556,0.894,0.938,0.337,0,0,0.001,0.099,0.001,0.016,0.895,0.757,0.228,0.001,0,0.001,0.449,0.001,0.211,0.005,0.002,0.001,0.001,0.001,0.204,0.551,0.001,0.293,0,0.736,1.011,0.441,0.131,0.117,0.256,0.048,0.385,4.198,12.719
12:58.0,11426,0.083,0.114,0.729,0.67,0.705,0.413,0.469,0.336,0.721,0.638,0.258,0.08,0.651,0.687,-0.297,-0.124,0.449,0.851,0.181,0.203,-0.184,-0.592,0.524,-0.585,0.001,0.001,0.001,0.001,0.001,0.001,0.001,0.001,0.001,0.001,0.001,0.001,0.001,0.007,0.068,0.077,0.15,0.001,0.001,0.012,0.001,0.001,0.004,0.049,0.162,0.016,0.377,0.001,0.001,0.001,0.001,0.001,0.166,0.219,0.021,0.74,0.001,0.221,0.255,0.701,0.431,0.128,0.061,0.054,0.256,-0.504,0.601,0.405,0.469,1.436,0.905,0.755,0.045,0.001,0.001,0,0.007,0.556,0.894,0.938,0.337,0,0,0.001,0.099,0.001,0.016,0.895,0.757,0.228,0.001,0,0.001,0.449,0.001,0.211,0.005,0.002,0.001,0.001,0.001,0.204,0.551,0.001,0.293,0,0.736,1.011,0.441,0.131,0.117,0.256,0.048,0.385,4.198,12.719
12:58.0,11427,0.076,0.125,0.724,0.674,0.7,0.411,0.473,0.343,0.717,0.643,0.255,0.087,0.65,0.688,-0.298,-0.125,0.446,0.853,0.183,0.199,-0.184,-0.592,0.524,-0.585,0.001,0.001,0.001,0.001,0.001,0.001,0.001,0.001,0.001,0.001,0.001,0.001,0.001,0.007,0.068,0.077,0.15,0.001,0.001,0.012,0.001,0.001,0.004,0.049,0.162,0.016,0.377,0.001,0.001,0.001,0.001,0.001,0.166,0.219,0.021,0.74,0.001,0.221,0.255,0.701,0.431,0.128,0.061,0.054,0.256,-0.504,0.601,0.405,0.469,1.436,0.905,0.755,0.045,0.001,0.001,0,0.007,0.556,0.894,0.938,0.337,0,0,0.001,0.099,0.001,0.016,0.895,0.757,0.228,0.001,0,0.001,0.449,0.001,0.211,0.005,0.002,0.001,0.001,0.001,0.204,0.551,0.001,0.293,0,0.736,1.011,0.441,0.131,0.117,0.256,0.048,0.385,4.198,12.719
12:58.1,11428,0.067,0.137,0.721,0.676,0.691,0.408,0.483,0.351,0.712,0.648,0.252,0.093,0.649,0.688,-0.3,-0.125,0.444,0.855,0.185,0.194,-0.184,-0.592,0.524,-0.585,0.001,0.001,0.001,0.001,0.001,0.001,0.001,0.001,0.001,0.001,0.001,0.001,0.001,0.007,0.068,0.077,0.15,0.001,0.001,0.012,0.001,0.001,0.004,0.049,0.162,0.016,0.377,0.001,0.001,0.001,0.001,0.001,0.166,0.219,0.021,0.74,0.001,0.221,0.255,0.701,0.431,0.128,0.061,0.054,0.256,-0.504,0.601,0.405,0.469,1.436,0.905,0.755,0.045,0.001,0.001,0,0.007,0.556,0.894,0.938,0.337,0,0,0.001,0.099,0.001,0.016,0.895,0.757,0.228,0.001,0,0.001,0.449,0.001,0.211,0.005,0.002,0.001,0.001,0.001,0.204,0.551,0.001,0.293,0,0.736,1.011,0.441,0.131,0.117,0.256,0.048,0.385,4.198,12.719
12:58.1,11429,0.058,0.147,0.719,0.676,0.681,0.403,0.496,0.358,0.708,0.653,0.251,0.098,0.648,0.689,-0.301,-0.122,0.443,0.856,0.187,0.19,-0.184,-0.592,0.524,-0.585,0.001,0.001,0.001,0.001,0.001,0.001,0.001,0.001,0.001,0.001,0.001,0.001,0.001,0.007,0.068,0.077,0.15,0.001,0.001,0.012,0.001,0.001,0.004,0.049,0.162,0.016,0.377,0.001,0.001,0.001,0.001,0.001,0.166,0.219,0.021,0.74,0.001,0.221,0.255,0.701,0.431,0.128,0.061,0.054,0.256,-0.504,0.601,0.405,0.469,1.436,0.905,0.755,0.045,0.001,0.001,0,0.007,0.556,0.894,0.938,0.337,0,0,0.001,0.099,0.001,0.016,0.895,0.757,0.228,0.001,0,0.001,0.449,0.001,0.211,0.005,0.002,0.001,0.001,0.001,0.204,0.551,0.001,0.293,0,0.736,1.011,0.441,0.131,0.117,0.256,0.048,0.385,4.198,12.719
12:58.1,11430,0.049,0.156,0.718,0.676,0.673,0.396,0.51,0.361,0.703,0.658,0.249,0.102,0.647,0.69,-0.302,-0.119,0.443,0.856,0.189,0.187,-0.163,-0.506,0.615,-0.583,0.001,0.001,0.001,0.001,0.001,0.001,0.001,0.001,0.001,0.001,0.001,0.001,0.001,0.007,0.054,0.07,0.125,0.001,0.001,0.015,0.001,0.001,0.001,0.034,0.151,0.011,0.352,0.001,0.001,0.001,0.001,0.001,0.15,0.215,0.017,0.731,0.001,0.184,0.237,0.62,0.421,0.11,0.048,0.042,0.275,-0.527,0.564,0.441,0.457,1.574,0.965,0.849,0.27,0.07,0,0.001,0.017,0.49,0.885,0.947,0.68,0.001,0,0.027,0.182,0.045,0.021,0.873,0.774,0.502,0.028,0,0.118,0.595,0.134,0.266,0.002,0.01,0.011,0,0,0.527,0.67,0.164,0.364,0.001,0.984,0.885,0.695,0.255,0.242,0.326,0.405,0.916,3.893,16.771
12:58.1,11431,0.041,0.164,0.717,0.677,0.668,0.386,0.524,0.359,0.699,0.662,0.248,0.105,0.647,0.691,-0.301,-0.115,0.443,0.857,0.191,0.184,-0.163,-0.506,0.615,-0.583,0.001,0.001,0.001,0.001,0.001,0.001,0.001,0.001,0.001,0.001,0.001,0.001,0.001,0.007,0.054,0.07,0.125,0.001,0.001,0.015,0.001,0.001,0.001,0.034,0.151,0.011,0.352,0.001,0.001,0.001,0.001,0.001,0.15,0.215,0.017,0.731,0.001,0.184,0.237,0.62,0.421,0.11,0.048,0.042,0.275,-0.528,0.562,0.443,0.457,1.57,0.965,0.849,0.275,0.081,0,0.002,0.017,0.485,0.885,0.946,0.678,0.001,0.001,0.031,0.188,0.051,0.021,0.867,0.775,0.505,0.027,0,0.125,0.6,0.14,0.272,0.004,0.009,0.009,0.001,0,0.535,0.673,0.172,0.363,0,0.988,0.878,0.7,0.26,0.25,0.328,0.414,0.928,3.893,16.869
12:58.1,11432,0.034,0.17,0.715,0.678,0.667,0.375,0.538,0.355,0.695,0.666,0.247,0.107,0.646,0.693,-0.3,-0.111,0.442,0.857,0.192,0.183,-0.163,-0.506,0.615,-0.583,0.001,0.001,0.001,0.001,0.001,0.001,0.001,0.001,0.001,0.001,0.001,0.001,0.001,0.007,0.054,0.07,0.125,0.001,0.001,0.015,0.001,0.001,0.001,0.034,0.151,0.011,0.352,0.001,0.001,0.001,0.001,0.001,0.15,0.215,0.017,0.731,0.001,0.184,0.237,0.62,0.421,0.11,0.048,0.042,0.275,-0.528,0.562,0.443,0.457,1.57,0.965,0.849,0.275,0.081,0,0.002,0.017,0.485,0.885,0.946,0.678,0.001,0.001,0.031,0.188,0.051,0.021,0.867,0.775,0.505,0.027,0,0.125,0.6,0.14,0.272,0.004,0.009,0.009,0.001,0,0.535,0.673,0.172,0.363,0,0.988,0.878,0.7,0.26,0.25,0.328,0.414,0.928,3.893,16.869
12:58.1,11433,0.029,0.175,0.712,0.679,0.667,0.363,0.55,0.348,0.691,0.671,0.245,0.11,0.645,0.695,-0.298,-0.108,0.442,0.857,0.193,0.182,-0.163,-0.506,0.615,-0.583,0.001,0.001,0.001,0.001,0.001,0.001,0.001,0.001,0.001,0.001,0.001,0.001,0.001,0.007,0.054,0.07,0.125,0.001,0.001,0.015,0.001,0.001,0.001,0.034,0.151,0.011,0.352,0.001,0.001,0.001,0.001,0.001,0.15,0.215,0.017,0.731,0.001,0.184,0.237,0.62,0.421,0.11,0.048,0.042,0.275,-0.528,0.562,0.443,0.457,1.57,0.965,0.849,0.275,0.081,0,0.002,0.017,0.485,0.885,0.946,0.678,0.001,0.001,0.031,0.188,0.051,0.021,0.867,0.775,0.505,0.027,0,0.125,0.6,0.14,0.272,0.004,0.009,0.009,0.001,0,0.535,0.673,0.172,0.363,0,0.988,0.878,0.7,0.26,0.25,0.328,0.414,0.928,3.893,16.869
12:58.1,11434,0.025,0.179,0.711,0.68,0.67,0.351,0.56,0.339,0.687,0.675,0.244,0.112,0.645,0.697,-0.295,-0.106,0.442,0.856,0.195,0.182,-0.163,-0.506,0.615,-0.583,0.001,0.001,0.001,0.001,0.001,0.001,0.001,0.001,0.001,0.001,0.001,0.001,0.001,0.007,0.054,0.07,0.125,0.001,0.001,0.015,0.001,0.001,0.001,0.034,0.151,0.011,0.352,0.001,0.001,0.001,0.001,0.001,0.15,0.215,0.017,0.731,0.001,0.184,0.237,0.62,0.421,0.11,0.048,0.042,0.275,-0.528,0.562,0.443,0.457,1.57,0.965,0.849,0.275,0.081,0,0.002,0.017,0.485,0.885,0.946,0.678,0.001,0.001,0.031,0.188,0.051,0.021,0.867,0.775,0.505,0.027,0,0.125,0.6,0.14,0.272,0.004,0.009,0.009,0.001,0,0.535,0.673,0.172,0.363,0,0.988,0.878,0.7,0.26,0.25,0.328,0.414,0.928,3.893,16.869
12:58.1,11435,0.021,0.182,0.709,0.681,0.674,0.342,0.566,0.33,0.683,0.679,0.243,0.115,0.644,0.699,-0.293,-0.106,0.442,0.856,0.196,0.182,-0.163,-0.506,0.615,-0.583,0.001,0.001,0.001,0.001,0.001,0.001,0.001,0.001,0.001,0.001,0.001,0.001,0.001,0.007,0.054,0.07,0.125,0.001,0.001,0.015,0.001,0.001,0.001,0.034,0.151,0.011,0.352,0.001,0.001,0.001,0.001,0.001,0.15,0.215,0.017,0.731,0.001,0.184,0.237,0.62,0.421,0.11,0.048,0.042,0.275,-0.528,0.562,0.443,0.457,1.57,0.965,0.849,0.275,0.081,0,0.002,0.017,0.485,0.885,0.946,0.678,0.001,0.001,0.031,0.188,0.051,0.021,0.867,0.775,0.505,0.027,0,0.125,0.6,0.14,0.272,0.004,0.009,0.009,0.001,0,0.535,0.673,0.172,0.363,0,0.988,0.878,0.7,0.26,0.25,0.328,0.414,0.928,3.893,16.869
12:58.1,11436,0.019,0.185,0.708,0.681,0.679,0.334,0.57,0.321,0.678,0.684,0.242,0.118,0.643,0.701,-0.29,-0.107,0.442,0.856,0.197,0.182,-0.163,-0.506,0.615,-0.583,0.001,0.001,0.001,0.001,0.001,0.001,0.001,0.001,0.001,0.001,0.001,0.001,0.001,0.007,0.054,0.07,0.125,0.001,0.001,0.015,0.001,0.001,0.001,0.034,0.151,0.011,0.352,0.001,0.001,0.001,0.001,0.001,0.15,0.215,0.017,0.731,0.001,0.184,0.237,0.62,0.421,0.11,0.048,0.042,0.275,-0.528,0.562,0.443,0.457,1.57,0.965,0.849,0.275,0.081,0,0.002,0.017,0.485,0.885,0.946,0.678,0.001,0.001,0.031,0.188,0.051,0.021,0.867,0.775,0.505,0.027,0,0.125,0.6,0.14,0.272,0.004,0.009,0.009,0.001,0,0.535,0.673,0.172,0.363,0,0.988,0.878,0.7,0.26,0.25,0.328,0.414,0.928,3.893,16.869
12:58.1,11437,0.018,0.188,0.708,0.681,0.684,0.328,0.571,0.313,0.673,0.688,0.242,0.122,0.642,0.702,-0.288,-0.108,0.442,0.856,0.198,0.182,-0.132,-0.581,0.515,-0.615,0.001,0.001,0.001,0.001,0.001,0.001,0.001,0.001,0.001,0.016,0.001,0.001,0.001,0.001,0.001,0.001,0.001,0.001,0.001,0.042,0.001,0.001,0.001,0.001,0.028,0.001,0.001,0.001,0.001,0.001,0.001,0.001,0.001,0.004,0.001,0.011,0.001,0.001,0.001,0.001,0.001,0.001,0.001,0.001,0.001,-0.528,0.562,0.443,0.457,1.57,0.965,0.849,0.275,0.081,0,0.002,0.017,0.485,0.885,0.946,0.678,0.001,0.001,0.031,0.188,0.051,0.021,0.867,0.775,0.505,0.027,0,0.125,0.6,0.14,0.272,0.004,0.009,0.009,0.001,0,0.535,0.673,0.172,0.363,0,0.988,0.878,0.7,0.26,0.25,0.328,0.414,0.928,0.141,16.869
12:58.2,11438,0.018,0.191,0.708,0.68,0.69,0.323,0.571,0.307,0.669,0.692,0.242,0.125,0.641,0.704,-0.286,-0.109,0.441,0.856,0.199,0.181,-0.132,-0.581,0.515,-0.615,0.001,0.001,0.001,0.001,0.001,0.001,0.001,0.001,0.001,0.016,0.001,0.001,0.001,0.001,0.001,0.001,0.001,0.001,0.001,0.042,0.001,0.001,0.001,0.001,0.028,0.001,0.001,0.001,0.001,0.001,0.001,0.001,0.001,0.004,0.001,0.011,0.001,0.001,0.001,0.001,0.001,0.001,0.001,0.001,0.001,-0.528,0.562,0.443,0.457,1.57,0.965,0.849,0.275,0.081,0,0.002,0.017,0.485,0.885,0.946,0.678,0.001,0.001,0.031,0.188,0.051,0.021,0.867,0.775,0.505,0.027,0,0.125,0.6,0.14,0.272,0.004,0.009,0.009,0.001,0,0.535,0.673,0.172,0.363,0,0.988,0.878,0.7,0.26,0.25,0.328,0.414,0.928,0.141,16.869
12:58.2,11439,0.017,0.194,0.708,0.679,0.694,0.32,0.57,0.302,0.664,0.695,0.242,0.129,0.64,0.704,-0.285,-0.111,0.441,0.856,0.2,0.18,-0.132,-0.581,0.515,-0.615,0.001,0.001,0.001,0.001,0.001,0.001,0.001,0.001,0.001,0.016,0.001,0.001,0.001,0.001,0.001,0.001,0.001,0.001,0.001,0.042,0.001,0.001,0.001,0.001,0.028,0.001,0.001,0.001,0.001,0.001,0.001,0.001,0.001,0.004,0.001,0.011,0.001,0.001,0.001,0.001,0.001,0.001,0.001,0.001,0.001,-0.541,0.536,0.462,0.454,1.565,0.965,0.847,0.272,0.081,0.001,0.002,0.017,0.477,0.885,0.949,0.68,0,0,0.033,0.189,0.055,0.02,0.864,0.774,0.502,0.024,0,0.136,0.604,0.147,0.276,0.004,0.006,0.007,0,0,0.537,0.674,0.177,0.365,0,0.987,0.878,0.698,0.263,0.256,0.328,0.43,0.935,0.141,16.91
12:58.2,11440,0.016,0.198,0.708,0.678,0.697,0.317,0.569,0.3,0.66,0.698,0.242,0.133,0.64,0.705,-0.284,-0.112,0.441,0.856,0.202,0.178,-0.132,-0.581,0.515,-0.615,0.001,0.001,0.001,0.001,0.001,0.001,0.001,0.001,0.001,0.016,0.001,0.001,0.001,0.001,0.001,0.001,0.001,0.001,0.001,0.042,0.001,0.001,0.001,0.001,0.028,0.001,0.001,0.001,0.001,0.001,0.001,0.001,0.001,0.004,0.001,0.011,0.001,0.001,0.001,0.001,0.001,0.001,0.001,0.001,0.001,-0.541,0.536,0.462,0.454,1.565,0.965,0.847,0.272,0.081,0.001,0.002,0.017,0.477,0.885,0.949,0.68,0,0,0.033,0.189,0.055,0.02,0.864,0.774,0.502,0.024,0,0.136,0.604,0.147,0.276,0.004,0.006,0.007,0,0,0.537,0.674,0.177,0.365,0,0.987,0.878,0.698,0.263,0.256,0.328,0.43,0.935,0.141,16.91
12:58.2,11441,0.014,0.201,0.708,0.677,0.699,0.316,0.568,0.299,0.657,0.701,0.242,0.137,0.639,0.705,-0.284,-0.112,0.442,0.856,0.204,0.176,-0.132,-0.581,0.515,-0.615,0.001,0.001,0.001,0.001,0.001,0.001,0.001,0.001,0.001,0.016,0.001,0.001,0.001,0.001,0.001,0.001,0.001,0.001,0.001,0.042,0.001,0.001,0.001,0.001,0.028,0.001,0.001,0.001,0.001,0.001,0.001,0.001,0.001,0.004,0.001,0.011,0.001,0.001,0.001,0.001,0.001,0.001,0.001,0.001,0.001,-0.541,0.536,0.462,0.454,1.565,0.965,0.847,0.272,0.081,0.001,0.002,0.017,0.477,0.885,0.949,0.68,0,0,0.033,0.189,0.055,0.02,0.864,0.774,0.502,0.024,0,0.136,0.604,0.147,0.276,0.004,0.006,0.007,0,0,0.537,0.674,0.177,0.365,0,0.987,0.878,0.698,0.263,0.256,0.328,0.43,0.935,0.141,16.91
12:58.2,11442,0.011,0.205,0.708,0.676,0.699,0.316,0.567,0.3,0.653,0.704,0.241,0.142,0.639,0.706,-0.284,-0.112,0.442,0.855,0.206,0.174,-0.132,-0.581,0.515,-0.615,0.001,0.001,0.001,0.001,0.001,0.001,0.001,0.001,0.001,0.016,0.001,0.001,0.001,0.001,0.001,0.001,0.001,0.001,0.001,0.042,0.001,0.001,0.001,0.001,0.028,0.001,0.001,0.001,0.001,0.001,0.001,0.001,0.001,0.004,0.001,0.011,0.001,0.001,0.001,0.001,0.001,0.001,0.001,0.001,0.001,-0.541,0.536,0.462,0.454,1.565,0.965,0.847,0.272,0.081,0.001,0.002,0.017,0.477,0.885,0.949,0.68,0,0,0.033,0.189,0.055,0.02,0.864,0.774,0.502,0.024,0,0.136,0.604,0.147,0.276,0.004,0.006,0.007,0,0,0.537,0.674,0.177,0.365,0,0.987,0.878,0.698,0.263,0.256,0.328,0.43,0.935,0.141,16.91
12:58.2,11443,0.006,0.208,0.708,0.675,0.698,0.316,0.566,0.302,0.65,0.706,0.241,0.146,0.639,0.706,-0.284,-0.111,0.443,0.854,0.209,0.173,-0.132,-0.581,0.515,-0.615,0.001,0.001,0.001,0.001,0.001,0.001,0.001,0.001,0.001,0.016,0.001,0.001,0.001,0.001,0.001,0.001,0.001,0.001,0.001,0.042,0.001,0.001,0.001,0.001,0.028,0.001,0.001,0.001,0.001,0.001,0.001,0.001,0.001,0.004,0.001,0.011,0.001,0.001,0.001,0.001,0.001,0.001,0.001,0.001,0.001,-0.541,0.536,0.462,0.454,1.565,0.965,0.847,0.272,0.081,0.001,0.002,0.017,0.477,0.885,0.949,0.68,0,0,0.033,0.189,0.055,0.02,0.864,0.774,0.502,0.024,0,0.136,0.604,0.147,0.276,0.004,0.006,0.007,0,0,0.537,0.674,0.177,0.365,0,0.987,0.878,0.698,0.263,0.256,0.328,0.43,0.935,0.141,16.91
12:58.2,11444,0.001,0.212,0.708,0.674,0.697,0.316,0.566,0.306,0.647,0.708,0.241,0.151,0.64,0.706,-0.284,-0.109,0.444,0.854,0.211,0.171,-0.18,-0.627,0.342,-0.676,0.001,0.001,0.001,0.001,0.001,0.001,0.001,0.001,0.001,0.027,0.001,0.001,0.001,0.001,0.001,0.001,0.001,0.001,0.001,0.044,0.001,0.001,0.001,0.001,0.023,0.001,0.001,0.002,0.001,0.001,0.001,0.001,0.001,0.002,0.001,0.01,0.001,0.001,0.001,0.001,0.001,0.001,0.001,0.001,0.001,-0.541,0.536,0.462,0.454,1.565,0.965,0.847,0.272,0.081,0.001,0.002,0.017,0.477,0.885,0.949,0.68,0,0,0.033,0.189,0.055,0.02,0.864,0.774,0.502,0.024,0,0.136,0.604,0.147,0.276,0.004,0.006,0.007,0,0,0.537,0.674,0.177,0.365,0,0.987,0.878,0.698,0.263,0.256,0.328,0.43,0.935,0.147,16.91
12:58.2,11445,-0.006,0.215,0.707,0.673,0.695,0.316,0.566,0.312,0.643,0.71,0.241,0.156,0.64,0.706,-0.284,-0.106,0.445,0.853,0.215,0.169,-0.193,-0.63,0.317,-0.683,0.001,0.001,0.001,0.001,0.001,0.001,0.001,0.001,0.001,0.055,0.001,0.001,0.001,0.001,0.001,0.001,0.001,0.001,0.002,0.046,0.001,0.001,0.001,0.001,0.026,0.001,0.001,0.001,0.001,0.001,0.001,0.001,0.001,0.002,0.001,0.009,0.001,0.001,0.001,0.001,0.001,0.001,0.001,0.001,0.001,-0.541,0.536,0.462,0.454,1.565,0.965,0.847,0.272,0.081,0.001,0.002,0.017,0.477,0.885,0.949,0.68,0,0,0.033,0.189,0.055,0.02,0.864,0.774,0.502,0.024,0,0.136,0.604,0.147,0.276,0.004,0.006,0.007,0,0,0.537,0.674,0.177,0.365,0,0.987,0.878,0.698,0.263,0.256,0.328,0.43,0.935,0.179,16.91
12:58.2,11446,-0.014,0.218,0.707,0.672,0.692,0.316,0.565,0.319,0.64,0.712,0.241,0.161,0.64,0.707,-0.284,-0.103,0.445,0.852,0.218,0.166,-0.21,-0.633,0.282,-0.689,0.001,0.001,0.001,0.001,0.001,0.001,0.001,0.001,0.001,0.055,0.001,0.001,0.001,0.001,0.001,0.001,0.001,0.001,0.002,0.045,0.001,0.001,0.001,0.001,0.027,0.001,0.001,0.001,0.001,0.001,0.001,0.001,0.001,0.002,0.001,0.009,0.001,0.001,0.001,0.001,0.001,0.001,0.001,0.001,0.001,-0.56,0.51,0.479,0.444,1.486,0.952,0.811,0.244,0.071,0,0.002,0.017,0.44,0.874,0.939,0.679,0,0.001,0.045,0.198,0.061,0.016,0.846,0.781,0.525,0.042,0,0.184,0.612,0.168,0.284,0.004,0.007,0.01,0.001,0.001,0.581,0.675,0.194,0.343,0,1.018,0.878,0.737,0.266,0.291,0.35,0.536,1.024,0.179,17.194
12:58.2,11447,-0.023,0.22,0.707,0.672,0.688,0.316,0.565,0.327,0.636,0.714,0.242,0.165,0.64,0.707,-0.283,-0.1,0.445,0.852,0.221,0.164,-0.222,-0.636,0.259,-0.693,0.001,0.001,0.001,0.001,0.001,0.001,0.001,0.001,0.001,0.056,0.001,0.001,0.001,0.001,0.001,0.001,0.001,0.001,0.002,0.049,0.001,0.001,0.001,0.001,0.027,0.001,0.001,0.001,0.001,0.001,0.001,0.001,0.001,0.001,0.001,0.006,0.001,0.001,0.001,0.001,0.001,0.001,0.001,0.001,0.001,-0.562,0.508,0.48,0.443,1.321,0.921,0.73,0.205,0.118,0.001,0.017,0.018,0.338,0.834,0.926,0.651,0,0.001,0.087,0.227,0.103,0.011,0.825,0.788,0.532,0.089,0.001,0.261,0.634,0.232,0.289,0.005,0.005,0.009,0,0.037,0.617,0.679,0.282,0.331,0,1.032,0.867,0.766,0.303,0.328,0.37,0.631,1.155,0.18,17.577
12:58.3,11448,-0.032,0.22,0.706,0.673,0.684,0.317,0.564,0.336,0.633,0.716,0.243,0.168,0.64,0.708,-0.282,-0.098,0.445,0.852,0.224,0.162,-0.237,-0.637,0.224,-0.698,0.001,0.001,0.001,0.001,0.001,0.001,0.001,0.001,0.001,0.055,0.001,0.001,0.001,0.001,0.001,0.001,0.001,0.001,0.005,0.05,0.001,0.001,0.001,0.001,0.028,0.001,0.001,0.001,0.001,0.001,0.001,0.001,0.001,0.001,0.001,0.002,0.001,0.001,0.001,0.001,0.001,0.001,0.001,0.001,0.001,-0.563,0.505,0.482,0.442,1.266,0.91,0.709,0.197,0.115,0,0.017,0.021,0.33,0.827,0.922,0.642,0.001,0.005,0.093,0.231,0.11,0.01,0.825,0.789,0.525,0.096,0.001,0.274,0.64,0.238,0.286,0.005,0.005,0.01,0.001,0.042,0.625,0.68,0.289,0.328,0,1.029,0.867,0.779,0.306,0.339,0.357,0.642,1.175,0.18,17.559
12:58.3,11449,-0.042,0.218,0.705,0.673,0.68,0.319,0.563,0.346,0.629,0.718,0.243,0.171,0.639,0.709,-0.281,-0.097,0.445,0.852,0.227,0.159,-0.237,-0.637,0.224,-0.698,0.001,0.001,0.001,0.001,0.001,0.001,0.001,0.001,0.001,0.055,0.001,0.001,0.001,0.001,0.001,0.001,0.001,0.001,0.005,0.05,0.001,0.001,0.001,0.001,0.028,0.001,0.001,0.001,0.001,0.001,0.001,0.001,0.001,0.001,0.001,0.002,0.001,0.001,0.001,0.001,0.001,0.001,0.001,0.001,0.001,-0.563,0.505,0.481,0.444,1.211,0.893,0.679,0.175,0.121,0,0.02,0.02,0.308,0.823,0.921,0.623,0,0.011,0.099,0.239,0.116,0.009,0.819,0.792,0.513,0.107,0,0.284,0.641,0.244,0.284,0.005,0.005,0.009,0.001,0.042,0.634,0.683,0.3,0.331,0,1.026,0.864,0.781,0.31,0.35,0.359,0.657,1.194,0.18,17.503
12:58.3,11450,-0.051,0.215,0.705,0.674,0.674,0.322,0.561,0.357,0.626,0.72,0.244,0.172,0.639,0.71,-0.28,-0.095,0.445,0.851,0.229,0.157,-0.237,-0.637,0.224,-0.698,0.001,0.001,0.001,0.001,0.001,0.001,0.001,0.001,0.001,0.055,0.001,0.001,0.001,0.001,0.001,0.001,0.001,0.001,0.005,0.05,0.001,0.001,0.001,0.001,0.028,0.001,0.001,0.001,0.001,0.001,0.001,0.001,0.001,0.001,0.001,0.002,0.001,0.001,0.001,0.001,0.001,0.001,0.001,0.001,0.001,-0.562,0.506,0.479,0.446,1.158,0.882,0.612,0.164,0.125,0.001,0.022,0.021,0.278,0.812,0.933,0.611,0.001,0.016,0.103,0.247,0.117,0.006,0.813,0.8,0.519,0.107,0.001,0.305,0.643,0.248,0.289,0.005,0.006,0.004,0.001,0.048,0.637,0.679,0.317,0.335,0,1.018,0.863,0.78,0.314,0.355,0.364,0.672,1.211,0.18,17.443
12:58.3,11451,-0.059,0.211,0.704,0.675,0.667,0.325,0.559,0.37,0.623,0.722,0.245,0.174,0.639,0.711,-0.279,-0.092,0.444,0.851,0.231,0.155,-0.237,-0.637,0.224,-0.698,0.001,0.001,0.001,0.001,0.001,0.001,0.001,0.001,0.001,0.055,0.001,0.001,0.001,0.001,0.001,0.001,0.001,0.001,0.005,0.05,0.001,0.001,0.001,0.001,0.028,0.001,0.001,0.001,0.001,0.001,0.001,0.001,0.001,0.001,0.001,0.002,0.001,0.001,0.001,0.001,0.001,0.001,0.001,0.001,0.001,-0.564,0.503,0.48,0.445,1.092,0.866,0.575,0.117,0.131,0,0.024,0.021,0.255,0.791,0.919,0.597,0.001,0.015,0.11,0.253,0.118,0.005,0.813,0.803,0.508,0.104,0.001,0.317,0.645,0.252,0.294,0.005,0.006,0.002,0,0.051,0.643,0.676,0.335,0.331,0,1.009,0.862,0.779,0.321,0.366,0.368,0.701,1.227,0.18,17.309
12:58.3,11452,-0.066,0.206,0.704,0.676,0.66,0.329,0.556,0.384,0.621,0.724,0.246,0.175,0.639,0.711,-0.278,-0.091,0.444,0.852,0.233,0.153,-0.237,-0.637,0.224,-0.698,0.001,0.001,0.001,0.001,0.001,0.001,0.001,0.001,0.001,0.055,0.001,0.001,0.001,0.001,0.001,0.001,0.001,0.001,0.005,0.05,0.001,0.001,0.001,0.001,0.028,0.001,0.001,0.001,0.001,0.001,0.001,0.001,0.001,0.001,0.001,0.002,0.001,0.001,0.001,0.001,0.001,0.001,0.001,0.001,0.001,-0.567,0.5,0.481,0.444,1.016,0.857,0.545,0.114,0.127,0.001,0.026,0.022,0.232,0.766,0.897,0.592,0.001,0.017,0.122,0.259,0.12,0.005,0.811,0.806,0.497,0.109,0.001,0.328,0.647,0.264,0.3,0.005,0.006,0.004,0,0.059,0.643,0.675,0.342,0.335,0.001,1,0.862,0.786,0.325,0.377,0.369,0.711,1.236,0.18,17.218
12:58.3,11453,-0.071,0.2,0.705,0.677,0.653,0.333,0.553,0.397,0.618,0.725,0.246,0.176,0.639,0.712,-0.277,-0.09,0.443,0.852,0.235,0.151,-0.237,-0.637,0.224,-0.698,0.001,0.001,0.001,0.001,0.001,0.001,0.001,0.001,0.001,0.055,0.001,0.001,0.001,0.001,0.001,0.001,0.001,0.001,0.005,0.05,0.001,0.001,0.001,0.001,0.028,0.001,0.001,0.001,0.001,0.001,0.001,0.001,0.001,0.001,0.001,0.002,0.001,0.001,0.001,0.001,0.001,0.001,0.001,0.001,0.001,-0.569,0.497,0.483,0.442,0.926,0.851,0.521,0.089,0.125,0.001,0.024,0.023,0.219,0.741,0.862,0.579,0.001,0.016,0.128,0.267,0.122,0.002,0.806,0.781,0.471,0.094,0.001,0.338,0.646,0.272,0.304,0.006,0.006,0.002,0,0.061,0.647,0.673,0.358,0.331,0,0.995,0.86,0.785,0.336,0.385,0.371,0.718,1.242,0.18,16.986
12:58.3,11454,-0.075,0.193,0.705,0.678,0.645,0.338,0.55,0.409,0.616,0.727,0.247,0.177,0.639,0.712,-0.276,-0.09,0.442,0.852,0.237,0.15,-0.237,-0.637,0.224,-0.698,0.001,0.001,0.001,0.001,0.001,0.001,0.001,0.001,0.001,0.055,0.001,0.001,0.001,0.001,0.001,0.001,0.001,0.001,0.005,0.05,0.001,0.001,0.001,0.001,0.028,0.001,0.001,0.001,0.001,0.001,0.001,0.001,0.001,0.001,0.001,0.002,0.001,0.001,0.001,0.001,0.001,0.001,0.001,0.001,0.001,-0.572,0.494,0.485,0.44,0.824,0.834,0.497,0.076,0.111,0.001,0.026,0.024,0.168,0.714,0.845,0.537,0.001,0.024,0.136,0.275,0.129,0.002,0.799,0.757,0.448,0.089,0.001,0.35,0.646,0.274,0.306,0.006,0.006,0.002,0,0.067,0.647,0.673,0.369,0.327,0.001,0.987,0.856,0.789,0.339,0.393,0.374,0.735,1.258,0.18,16.723
12:58.3,11455,-0.076,0.186,0.707,0.678,0.636,0.344,0.547,0.421,0.614,0.728,0.248,0.177,0.639,0.712,-0.276,-0.09,0.442,0.852,0.238,0.15,-0.31,-0.624,0.075,-0.713,0.001,0.001,0.001,0.001,0.001,0.001,0.001,0.001,0.001,0.059,0.001,0.001,0.001,0.001,0.001,0.001,0.001,0.001,0.006,0.053,0.001,0.001,0.001,0.001,0.027,0.001,0.001,0.001,0.001,0.001,0.001,0.001,0.001,0.001,0.001,0.005,0.001,0.001,0.001,0.001,0.001,0.001,0.001,0.001,0.001,-0.574,0.491,0.487,0.438,0.705,0.819,0.46,0.066,0.103,0.001,0.028,0.024,0.128,0.692,0.825,0.526,0.001,0.026,0.139,0.281,0.133,0.001,0.788,0.752,0.425,0.083,0.001,0.355,0.647,0.28,0.315,0.006,0.006,0.002,0.001,0.072,0.646,0.673,0.379,0.327,0.001,0.987,0.852,0.784,0.342,0.397,0.377,0.746,1.263,0.19,16.465
12:58.3,11456,-0.076,0.179,0.709,0.678,0.628,0.351,0.544,0.432,0.612,0.73,0.248,0.178,0.639,0.713,-0.276,-0.09,0.443,0.851,0.239,0.15,-0.339,-0.614,0.076,-0.708,0.001,0.001,0.001,0.001,0.001,0.001,0.001,0.001,0.001,0.06,0.001,0.001,0.001,0.001,0.001,0.001,0.001,0.001,0.006,0.048,0.001,0.001,0.001,0.001,0.028,0.001,0.001,0.001,0.001,0.001,0.001,0.001,0.001,0.001,0.001,0.021,0.001,0.001,0.001,0.001,0.001,0.001,0.001,0.001,0.001,-0.575,0.49,0.487,0.437,0.612,0.799,0.444,0.053,0.093,0,0.033,0.026,0.098,0.658,0.785,0.485,0,0.027,0.143,0.286,0.136,0.001,0.784,0.737,0.4,0.071,0.001,0.365,0.65,0.289,0.314,0.005,0.005,0.002,0,0.076,0.646,0.67,0.383,0.331,0,0.979,0.851,0.783,0.347,0.403,0.377,0.761,1.272,0.203,16.181
12:58.3,11457,-0.073,0.171,0.711,0.678,0.619,0.358,0.54,0.443,0.61,0.731,0.248,0.179,0.639,0.713,-0.276,-0.089,0.443,0.85,0.241,0.15,-0.362,-0.606,0.08,-0.704,0.001,0.001,0.001,0.001,0.001,0.001,0.001,0.001,0.001,0.06,0.001,0.001,0.001,0.001,0.001,0.001,0.001,0.001,0.004,0.048,0.001,0.001,0.001,0.001,0.027,0.001,0.001,0.001,0.001,0.001,0.001,0.001,0.001,0.001,0.001,0.029,0.001,0.001,0.001,0.001,0.001,0.001,0.001,0.001,0.001,-0.577,0.489,0.488,0.436,0.529,0.77,0.418,0.042,0.085,0.001,0.035,0.026,0.087,0.632,0.752,0.462,0,0.029,0.148,0.292,0.138,0.001,0.767,0.728,0.375,0.05,0.001,0.372,0.652,0.294,0.314,0.005,0.006,0.002,0.001,0.082,0.645,0.669,0.385,0.327,0.001,0.976,0.847,0.784,0.352,0.408,0.38,0.777,1.284,0.208,15.931
12:58.4,11458,-0.069,0.164,0.713,0.678,0.61,0.365,0.536,0.455,0.609,0.732,0.248,0.18,0.639,0.712,-0.277,-0.088,0.444,0.849,0.242,0.15,-0.391,-0.594,0.086,-0.698,0.001,0.001,0.001,0.001,0.001,0.001,0.001,0.001,0.001,0.062,0.001,0.001,0.001,0.001,0.001,0.001,0.001,0.001,0.002,0.045,0.001,0.001,0.001,0.001,0.024,0.001,0.001,0.001,0.001,0.001,0.001,0.001,0.001,0.001,0.001,0.042,0.001,0.001,0.001,0.001,0.001,0.001,0.001,0.001,0.001,-0.58,0.485,0.49,0.434,0.479,0.753,0.387,0.016,0.074,0.001,0.037,0.027,0.074,0.607,0.729,0.437,0,0.027,0.149,0.297,0.139,0,0.745,0.712,0.349,0.034,0.001,0.377,0.656,0.295,0.316,0.005,0.006,0.002,0.001,0.09,0.645,0.667,0.389,0.33,0.001,0.976,0.846,0.783,0.359,0.413,0.382,0.786,1.284,0.215,15.683
12:58.4,11459,-0.063,0.158,0.715,0.678,0.602,0.372,0.531,0.466,0.607,0.733,0.247,0.181,0.639,0.712,-0.278,-0.086,0.445,0.848,0.244,0.151,-0.43,-0.578,0.092,-0.687,0.001,0.001,0.001,0.001,0.001,0.001,0.001,0.001,0.001,0.053,0.001,0.001,0.001,0.001,0.001,0.001,0.001,0.001,0.001,0.048,0.001,0.001,0.001,0.001,0.024,0.001,0.001,0.001,0,0.001,0.001,0.001,0.001,0.001,0.001,0.04,0.001,0.001,0.001,0.001,0.001,0.001,0.001,0.001,0.001,-0.581,0.483,0.492,0.432,0.36,0.717,0.354,0.007,0.076,0,0.035,0.027,0.053,0.581,0.708,0.387,0.001,0.026,0.149,0.298,0.139,0.001,0.722,0.703,0.309,0.02,0.001,0.381,0.656,0.308,0.316,0.005,0.006,0.001,0,0.098,0.645,0.668,0.391,0.333,0,0.977,0.844,0.788,0.365,0.419,0.385,0.789,1.288,0.205,15.337
12:58.4,11460,-0.057,0.153,0.717,0.677,0.594,0.38,0.526,0.476,0.605,0.734,0.247,0.183,0.639,0.712,-0.279,-0.085,0.446,0.847,0.245,0.152,-0.443,-0.572,0.085,-0.685,0.001,0.001,0.001,0.001,0.001,0.001,0.001,0.001,0.001,0.046,0.001,0.001,0.001,0.001,0.001,0.001,0.001,0.001,0.001,0.046,0.001,0.001,0.001,0.001,0.024,0.001,0.001,0.001,0.001,0.001,0.001,0.001,0.001,0.001,0.001,0.043,0.001,0.001,0.001,0.001,0.001,0.001,0.001,0.001,0.001,-0.584,0.48,0.494,0.43,0.248,0.689,0.302,0,0.063,0,0.038,0.026,0.027,0.541,0.705,0.349,0,0.022,0.151,0.3,0.14,0,0.707,0.689,0.274,0.011,0.002,0.383,0.659,0.313,0.319,0.005,0.006,0.001,0.001,0.098,0.65,0.667,0.398,0.338,0.001,0.976,0.842,0.781,0.364,0.422,0.387,0.799,1.294,0.2,14.988
12:58.4,11461,-0.05,0.148,0.719,0.677,0.586,0.388,0.521,0.484,0.603,0.735,0.246,0.186,0.639,0.712,-0.28,-0.083,0.447,0.846,0.247,0.153,-0.432,-0.576,0.046,-0.693,0.001,0.001,0.001,0.001,0.001,0.001,0.001,0.001,0.001,0.043,0.001,0.001,0.001,0.001,0.001,0.001,0.001,0.001,0.001,0.043,0.001,0.001,0.001,0.001,0.024,0.001,0.001,0.001,0.001,0.001,0.001,0.001,0,0.001,0.001,0.048,0.001,0.001,0.001,0.001,0.001,0.001,0.001,0.001,0.001,-0.585,0.478,0.495,0.429,0.176,0.665,0.253,0.001,0.055,0.001,0.039,0.026,0.016,0.502,0.691,0.309,0.001,0.018,0.154,0.303,0.143,0.001,0.668,0.667,0.228,0.007,0.001,0.387,0.661,0.309,0.315,0.004,0.006,0.001,0,0.099,0.646,0.667,0.402,0.341,0.001,0.974,0.842,0.785,0.366,0.426,0.389,0.806,1.297,0.198,14.649
12:58.4,11462,-0.043,0.145,0.72,0.677,0.579,0.396,0.515,0.492,0.601,0.737,0.246,0.188,0.638,0.712,-0.281,-0.082,0.448,0.845,0.249,0.154,-0.432,-0.576,0.046,-0.693,0.001,0.001,0.001,0.001,0.001,0.001,0.001,0.001,0.001,0.043,0.001,0.001,0.001,0.001,0.001,0.001,0.001,0.001,0.001,0.043,0.001,0.001,0.001,0.001,0.024,0.001,0.001,0.001,0.001,0.001,0.001,0.001,0,0.001,0.001,0.048,0.001,0.001,0.001,0.001,0.001,0.001,0.001,0.001,0.001,-0.587,0.476,0.497,0.427,0.116,0.63,0.221,0,0.038,0,0.04,0.026,0.004,0.457,0.663,0.232,0.001,0.011,0.159,0.303,0.145,0,0.636,0.642,0.176,0.001,0,0.389,0.662,0.313,0.313,0.004,0.005,0.001,0,0.096,0.643,0.665,0.407,0.337,0.001,0.971,0.842,0.781,0.374,0.431,0.389,0.819,1.3,0.198,14.244
12:58.4,11463,-0.036,0.143,0.721,0.677,0.572,0.405,0.509,0.499,0.6,0.738,0.245,0.189,0.639,0.711,-0.282,-0.08,0.45,0.843,0.25,0.154,-0.432,-0.576,0.046,-0.693,0.001,0.001,0.001,0.001,0.001,0.001,0.001,0.001,0.001,0.043,0.001,0.001,0.001,0.001,0.001,0.001,0.001,0.001,0.001,0.043,0.001,0.001,0.001,0.001,0.024,0.001,0.001,0.001,0.001,0.001,0.001,0.001,0,0.001,0.001,0.048,0.001,0.001,0.001,0.001,0.001,0.001,0.001,0.001,0.001,-0.588,0.474,0.498,0.426,0.07,0.595,0.167,0.001,0.035,0,0.043,0.028,0,0.4,0.641,0.177,0.001,0.007,0.165,0.304,0.143,0,0.6,0.615,0.133,0.001,0.001,0.389,0.661,0.32,0.313,0.004,0.005,0,0.001,0.101,0.637,0.667,0.408,0.335,0.001,0.971,0.845,0.781,0.38,0.436,0.391,0.825,1.306,0.198,13.904
12:58.4,11464,-0.029,0.142,0.722,0.676,0.566,0.415,0.503,0.504,0.598,0.739,0.244,0.19,0.639,0.711,-0.283,-0.078,0.451,0.842,0.252,0.156,-0.432,-0.576,0.046,-0.693,0.001,0.001,0.001,0.001,0.001,0.001,0.001,0.001,0.001,0.043,0.001,0.001,0.001,0.001,0.001,0.001,0.001,0.001,0.001,0.043,0.001,0.001,0.001,0.001,0.024,0.001,0.001,0.001,0.001,0.001,0.001,0.001,0,0.001,0.001,0.048,0.001,0.001,0.001,0.001,0.001,0.001,0.001,0.001,0.001,-0.588,0.474,0.498,0.426,0.07,0.595,0.167,0.001,0.035,0,0.043,0.028,0,0.4,0.641,0.177,0.001,0.007,0.165,0.304,0.143,0,0.6,0.615,0.133,0.001,0.001,0.389,0.661,0.32,0.313,0.004,0.005,0,0.001,0.101,0.637,0.667,0.408,0.335,0.001,0.971,0.845,0.781,0.38,0.436,0.391,0.825,1.306,0.198,13.904
12:58.4,11465,-0.023,0.142,0.723,0.675,0.559,0.424,0.497,0.51,0.597,0.741,0.243,0.191,0.639,0.711,-0.284,-0.076,0.452,0.841,0.254,0.157,-0.432,-0.576,0.046,-0.693,0.001,0.001,0.001,0.001,0.001,0.001,0.001,0.001,0.001,0.043,0.001,0.001,0.001,0.001,0.001,0.001,0.001,0.001,0.001,0.043,0.001,0.001,0.001,0.001,0.024,0.001,0.001,0.001,0.001,0.001,0.001,0.001,0,0.001,0.001,0.048,0.001,0.001,0.001,0.001,0.001,0.001,0.001,0.001,0.001,-0.588,0.474,0.498,0.426,0.07,0.595,0.167,0.001,0.035,0,0.043,0.028,0,0.4,0.641,0.177,0.001,0.007,0.165,0.304,0.143,0,0.6,0.615,0.133,0.001,0.001,0.389,0.661,0.32,0.313,0.004,0.005,0,0.001,0.101,0.637,0.667,0.408,0.335,0.001,0.971,0.845,0.781,0.38,0.436,0.391,0.825,1.306,0.198,13.904
12:58.4,11466,-0.018,0.143,0.724,0.674,0.551,0.434,0.491,0.516,0.596,0.742,0.241,0.191,0.639,0.71,-0.286,-0.074,0.453,0.839,0.255,0.159,-0.432,-0.576,0.046,-0.693,0.001,0.001,0.001,0.001,0.001,0.001,0.001,0.001,0.001,0.043,0.001,0.001,0.001,0.001,0.001,0.001,0.001,0.001,0.001,0.043,0.001,0.001,0.001,0.001,0.024,0.001,0.001,0.001,0.001,0.001,0.001,0.001,0,0.001,0.001,0.048,0.001,0.001,0.001,0.001,0.001,0.001,0.001,0.001,0.001,-0.588,0.474,0.498,0.426,0.07,0.595,0.167,0.001,0.035,0,0.043,0.028,0,0.4,0.641,0.177,0.001,0.007,0.165,0.304,0.143,0,0.6,0.615,0.133,0.001,0.001,0.389,0.661,0.32,0.313,0.004,0.005,0,0.001,0.101,0.637,0.667,0.408,0.335,0.001,0.971,0.845,0.781,0.38,0.436,0.391,0.825,1.306,0.198,13.904
12:58.4,11467,-0.015,0.144,0.725,0.673,0.542,0.445,0.485,0.522,0.594,0.743,0.239,0.192,0.639,0.71,-0.287,-0.071,0.454,0.838,0.256,0.161,-0.432,-0.576,0.046,-0.693,0.001,0.001,0.001,0.001,0.001,0.001,0.001,0.001,0.001,0.043,0.001,0.001,0.001,0.001,0.001,0.001,0.001,0.001,0.001,0.043,0.001,0.001,0.001,0.001,0.024,0.001,0.001,0.001,0.001,0.001,0.001,0.001,0,0.001,0.001,0.048,0.001,0.001,0.001,0.001,0.001,0.001,0.001,0.001,0.001,-0.588,0.474,0.498,0.426,0.07,0.595,0.167,0.001,0.035,0,0.043,0.028,0,0.4,0.641,0.177,0.001,0.007,0.165,0.304,0.143,0,0.6,0.615,0.133,0.001,0.001,0.389,0.661,0.32,0.313,0.004,0.005,0,0.001,0.101,0.637,0.667,0.408,0.335,0.001,0.971,0.845,0.781,0.38,0.436,0.391,0.825,1.306,0.198,13.904
12:58.5,11468,-0.012,0.145,0.726,0.672,0.532,0.456,0.479,0.528,0.593,0.745,0.238,0.193,0.639,0.71,-0.288,-0.069,0.455,0.837,0.257,0.164,-0.432,-0.576,0.046,-0.693,0.001,0.001,0.001,0.001,0.001,0.001,0.001,0.001,0.001,0.043,0.001,0.001,0.001,0.001,0.001,0.001,0.001,0.001,0.001,0.043,0.001,0.001,0.001,0.001,0.024,0.001,0.001,0.001,0.001,0.001,0.001,0.001,0,0.001,0.001,0.048,0.001,0.001,0.001,0.001,0.001,0.001,0.001,0.001,0.001,-0.588,0.474,0.498,0.426,0.07,0.595,0.167,0.001,0.035,0,0.043,0.028,0,0.4,0.641,0.177,0.001,0.007,0.165,0.304,0.143,0,0.6,0.615,0.133,0.001,0.001,0.389,0.661,0.32,0.313,0.004,0.005,0,0.001,0.101,0.637,0.667,0.408,0.335,0.001,0.971,0.845,0.781,0.38,0.436,0.391,0.825,1.306,0.198,13.904
12:58.5,11469,-0.011,0.145,0.727,0.671,0.522,0.467,0.474,0.533,0.591,0.747,0.236,0.194,0.639,0.709,-0.289,-0.067,0.456,0.835,0.258,0.167,-0.348,-0.59,-0.144,-0.714,0.001,0.001,0.001,0.001,0.001,0.001,0.001,0.001,0.001,0.043,0.001,0.001,0.001,0.001,0.001,0.001,0.001,0.001,0.001,0.042,0.001,0.001,0.001,0.001,0.028,0.001,0.001,0.001,0.001,0.001,0.001,0.001,0.001,0.001,0.001,0.048,0.001,0.001,0.001,0.001,0.001,0.001,0.001,0.001,0.001,-0.588,0.474,0.498,0.426,0.07,0.595,0.167,0.001,0.035,0,0.043,0.028,0,0.4,0.641,0.177,0.001,0.007,0.165,0.304,0.143,0,0.6,0.615,0.133,0.001,0.001,0.389,0.661,0.32,0.313,0.004,0.005,0,0.001,0.101,0.637,0.667,0.408,0.335,0.001,0.971,0.845,0.781,0.38,0.436,0.391,0.825,1.306,0.202,13.904
12:58.5,11470,-0.01,0.146,0.728,0.67,0.513,0.478,0.468,0.538,0.589,0.748,0.235,0.195,0.639,0.709,-0.29,-0.064,0.458,0.833,0.259,0.17,-0.334,-0.592,-0.162,-0.715,0.001,0.001,0.001,0.001,0.001,0.001,0.001,0.001,0.001,0.013,0.001,0.001,0.001,0.001,0.001,0.001,0.001,0.001,0.001,0.032,0.001,0.001,0.001,0.001,0.032,0.001,0.001,0.001,0.001,0.001,0.001,0.001,0.001,0.001,0.001,0.035,0.001,0.001,0.001,0.001,0.001,0,0.001,0.001,0.001,-0.594,0.463,0.51,0.415,0.059,0.556,0.121,0,0.027,0.001,0.044,0.029,0.001,0.358,0.592,0.123,0.001,0.007,0.17,0.303,0.144,0,0.541,0.578,0.087,0,0,0.394,0.661,0.326,0.31,0.002,0.004,0.001,0,0.105,0.632,0.667,0.409,0.336,0.001,0.968,0.845,0.78,0.386,0.44,0.393,0.832,1.304,0.152,13.538
12:58.5,11471,-0.009,0.145,0.728,0.67,0.504,0.487,0.462,0.543,0.587,0.75,0.233,0.196,0.639,0.709,-0.292,-0.061,0.46,0.831,0.26,0.174,-0.322,-0.595,-0.174,-0.716,0.001,0.001,0.001,0.001,0.001,0.001,0.001,0.001,0.001,0.02,0.001,0.001,0.001,0.001,0.001,0.001,0.001,0.001,0.001,0.033,0.001,0.001,0.001,0.001,0.029,0.001,0.001,0.001,0.001,0.001,0.001,0.001,0.001,0.001,0.001,0.035,0.001,0.001,0.001,0.001,0.001,0.001,0.001,0.001,0.001,-0.596,0.46,0.512,0.413,0,0.25,0,0,0.001,0,0.048,0.031,0.001,0.11,0.294,0.001,0,0,0.189,0.302,0.132,0,0.033,0.005,0.001,0.001,0,0.432,0.661,0.314,0.298,0.001,0,0,0,0.009,0.597,0.669,0.388,0.293,0.001,0.954,0.851,0.811,0.433,0.459,0.407,0.919,1.335,0.158,11.231
12:58.5,11472,-0.008,0.144,0.729,0.669,0.496,0.496,0.456,0.547,0.585,0.752,0.23,0.196,0.639,0.709,-0.293,-0.058,0.462,0.829,0.261,0.177,-0.309,-0.598,-0.185,-0.716,0.001,0.001,0.001,0.001,0.001,0.001,0.001,0.001,0.001,0.02,0.001,0.001,0.001,0.001,0.001,0.001,0.001,0.001,0.001,0.035,0.001,0.001,0.001,0.001,0.027,0.001,0.001,0.001,0.001,0.001,0.001,0.001,0.001,0.001,0.001,0.046,0.001,0.001,0.001,0.001,0.001,0.001,0.001,0.001,0.001,-0.599,0.458,0.514,0.409,0,0.22,0,0,0,0.001,0.048,0.029,0.001,0.109,0.287,0.001,0.001,0,0.188,0.302,0.132,0,0.028,0.002,0,0,0.001,0.433,0.661,0.314,0.299,0,0.001,0,0.001,0.001,0.595,0.67,0.376,0.287,0.001,0.954,0.852,0.823,0.437,0.463,0.409,0.929,1.343,0.169,11.199
12:58.5,11473,-0.006,0.143,0.73,0.668,0.488,0.505,0.451,0.551,0.584,0.754,0.228,0.197,0.639,0.709,-0.293,-0.055,0.464,0.827,0.262,0.181,-0.309,-0.598,-0.185,-0.716,0.001,0.001,0.001,0.001,0.001,0.001,0.001,0.001,0.001,0.02,0.001,0.001,0.001,0.001,0.001,0.001,0.001,0.001,0.001,0.035,0.001,0.001,0.001,0.001,0.027,0.001,0.001,0.001,0.001,0.001,0.001,0.001,0.001,0.001,0.001,0.046,0.001,0.001,0.001,0.001,0.001,0.001,0.001,0.001,0.001,-0.599,0.458,0.514,0.409,0,0.22,0,0,0,0.001,0.048,0.029,0.001,0.109,0.287,0.001,0.001,0,0.188,0.302,0.132,0,0.028,0.002,0,0,0.001,0.433,0.661,0.314,0.299,0,0.001,0,0.001,0.001,0.595,0.67,0.376,0.287,0.001,0.954,0.852,0.823,0.437,0.463,0.409,0.929,1.343,0.169,11.199
12:58.5,11474,-0.004,0.143,0.731,0.667,0.482,0.513,0.446,0.553,0.582,0.756,0.225,0.199,0.639,0.709,-0.294,-0.052,0.466,0.824,0.263,0.184,-0.309,-0.598,-0.185,-0.716,0.001,0.001,0.001,0.001,0.001,0.001,0.001,0.001,0.001,0.02,0.001,0.001,0.001,0.001,0.001,0.001,0.001,0.001,0.001,0.035,0.001,0.001,0.001,0.001,0.027,0.001,0.001,0.001,0.001,0.001,0.001,0.001,0.001,0.001,0.001,0.046,0.001,0.001,0.001,0.001,0.001,0.001,0.001,0.001,0.001,-0.599,0.458,0.514,0.409,0,0.22,0,0,0,0.001,0.048,0.029,0.001,0.109,0.287,0.001,0.001,0,0.188,0.302,0.132,0,0.028,0.002,0,0,0.001,0.433,0.661,0.314,0.299,0,0.001,0,0.001,0.001,0.595,0.67,0.376,0.287,0.001,0.954,0.852,0.823,0.437,0.463,0.409,0.929,1.343,0.169,11.199
12:58.5,11475,-0.004,0.144,0.732,0.666,0.476,0.519,0.442,0.556,0.581,0.757,0.223,0.2,0.64,0.708,-0.294,-0.048,0.468,0.822,0.264,0.188,-0.309,-0.598,-0.185,-0.716,0.001,0.001,0.001,0.001,0.001,0.001,0.001,0.001,0.001,0.02,0.001,0.001,0.001,0.001,0.001,0.001,0.001,0.001,0.001,0.035,0.001,0.001,0.001,0.001,0.027,0.001,0.001,0.001,0.001,0.001,0.001,0.001,0.001,0.001,0.001,0.046,0.001,0.001,0.001,0.001,0.001,0.001,0.001,0.001,0.001,-0.599,0.458,0.514,0.409,0,0.22,0,0,0,0.001,0.048,0.029,0.001,0.109,0.287,0.001,0.001,0,0.188,0.302,0.132,0,0.028,0.002,0,0,0.001,0.433,0.661,0.314,0.299,0,0.001,0,0.001,0.001,0.595,0.67,0.376,0.287,0.001,0.954,0.852,0.823,0.437,0.463,0.409,0.929,1.343,0.169,11.199
12:58.5,11476,-0.005,0.145,0.733,0.664,0.47,0.525,0.438,0.558,0.58,0.758,0.221,0.202,0.64,0.708,-0.294,-0.045,0.469,0.82,0.265,0.191,-0.309,-0.598,-0.185,-0.716,0.001,0.001,0.001,0.001,0.001,0.001,0.001,0.001,0.001,0.02,0.001,0.001,0.001,0.001,0.001,0.001,0.001,0.001,0.001,0.035,0.001,0.001,0.001,0.001,0.027,0.001,0.001,0.001,0.001,0.001,0.001,0.001,0.001,0.001,0.001,0.046,0.001,0.001,0.001,0.001,0.001,0.001,0.001,0.001,0.001,-0.599,0.458,0.514,0.409,0,0.22,0,0,0,0.001,0.048,0.029,0.001,0.109,0.287,0.001,0.001,0,0.188,0.302,0.132,0,0.028,0.002,0,0,0.001,0.433,0.661,0.314,0.299,0,0.001,0,0.001,0.001,0.595,0.67,0.376,0.287,0.001,0.954,0.852,0.823,0.437,0.463,0.409,0.929,1.343,0.169,11.199
12:58.5,11477,-0.008,0.147,0.734,0.663,0.464,0.529,0.437,0.561,0.579,0.758,0.219,0.204,0.641,0.708,-0.294,-0.043,0.47,0.818,0.267,0.194,-0.309,-0.598,-0.185,-0.716,0.001,0.001,0.001,0.001,0.001,0.001,0.001,0.001,0.001,0.02,0.001,0.001,0.001,0.001,0.001,0.001,0.001,0.001,0.001,0.035,0.001,0.001,0.001,0.001,0.027,0.001,0.001,0.001,0.001,0.001,0.001,0.001,0.001,0.001,0.001,0.046,0.001,0.001,0.001,0.001,0.001,0.001,0.001,0.001,0.001,-0.599,0.458,0.514,0.409,0,0.22,0,0,0,0.001,0.048,0.029,0.001,0.109,0.287,0.001,0.001,0,0.188,0.302,0.132,0,0.028,0.002,0,0,0.001,0.433,0.661,0.314,0.299,0,0.001,0,0.001,0.001,0.595,0.67,0.376,0.287,0.001,0.954,0.852,0.823,0.437,0.463,0.409,0.929,1.343,0.169,11.199
12:58.6,11478,-0.013,0.15,0.735,0.661,0.459,0.531,0.437,0.563,0.578,0.759,0.218,0.204,0.641,0.707,-0.294,-0.04,0.471,0.817,0.268,0.197,-0.309,-0.598,-0.185,-0.716,0.001,0.001,0.001,0.001,0.001,0.001,0.001,0.001,0.001,0.02,0.001,0.001,0.001,0.001,0.001,0.001,0.001,0.001,0.001,0.035,0.001,0.001,0.001,0.001,0.027,0.001,0.001,0.001,0.001,0.001,0.001,0.001,0.001,0.001,0.001,0.046,0.001,0.001,0.001,0.001,0.001,0.001,0.001,0.001,0.001,-0.599,0.458,0.514,0.409,0,0.22,0,0,0,0.001,0.048,0.029,0.001,0.109,0.287,0.001,0.001,0,0.188,0.302,0.132,0,0.028,0.002,0,0,0.001,0.433,0.661,0.314,0.299,0,0.001,0,0.001,0.001,0.595,0.67,0.376,0.287,0.001,0.954,0.852,0.823,0.437,0.463,0.409,0.929,1.343,0.169,11.199
12:58.6,11479,-0.02,0.154,0.736,0.658,0.455,0.531,0.438,0.565,0.578,0.759,0.218,0.205,0.642,0.707,-0.294,-0.038,0.471,0.816,0.27,0.199,-0.192,-0.652,-0.212,-0.702,0.001,0.001,0.001,0.001,0.001,0.001,0.001,0.001,0.001,0.022,0.001,0.001,0.001,0.001,0.001,0.001,0.001,0.001,0.001,0.035,0.001,0.001,0.001,0.001,0.028,0.001,0.001,0,0.001,0.001,0.001,0.001,0.001,0.001,0.001,0.05,0.001,0.001,0.001,0.001,0.001,0.001,0.001,0.001,0.001,-0.599,0.458,0.514,0.409,0,0.22,0,0,0,0.001,0.048,0.029,0.001,0.109,0.287,0.001,0.001,0,0.188,0.302,0.132,0,0.028,0.002,0,0,0.001,0.433,0.661,0.314,0.299,0,0.001,0,0.001,0.001,0.595,0.67,0.376,0.287,0.001,0.954,0.852,0.823,0.437,0.463,0.409,0.929,1.343,0.175,11.199
12:58.6,11480,-0.029,0.158,0.738,0.655,0.452,0.528,0.442,0.567,0.578,0.759,0.218,0.205,0.642,0.707,-0.294,-0.035,0.471,0.815,0.271,0.201,-0.167,-0.663,-0.208,-0.699,0.109,0.02,0.001,0.001,0.001,0.001,0.001,0.001,0.027,0.265,0.083,0.001,0.001,0.001,0.001,0.001,0.001,0.001,0.206,0.002,0.001,0.001,0.002,0.001,0.028,0.001,0.001,0.001,0.001,0.001,0.001,0.001,0.001,0.001,0.001,0.048,0.001,0.001,0.001,0.001,0.001,0.001,0.001,0.001,0.001,-0.639,0.423,0.532,0.36,0,0.21,0.001,0.001,0.001,0.001,0.048,0.029,0,0.106,0.271,0,0.001,0.001,0.186,0.302,0.131,0,0.028,0.001,0,0,0.001,0.433,0.657,0.311,0.288,0.001,0.001,0.001,0.001,0,0.592,0.672,0.365,0.281,0,0.952,0.853,0.828,0.441,0.466,0.41,0.939,1.36,0.825,11.171
12:58.6,11481,-0.039,0.163,0.739,0.652,0.449,0.523,0.447,0.569,0.579,0.758,0.219,0.204,0.642,0.707,-0.294,-0.033,0.472,0.814,0.273,0.202,-0.139,-0.679,-0.203,-0.692,0.615,0.178,0.001,0.001,0.001,0.001,0.001,0.001,0.554,0.509,0.148,0.001,0.001,0.001,0.001,0.001,0.001,0.044,0.418,0.023,0.001,0.001,0.013,0.001,0.021,0.001,0.001,0.004,0.001,0.001,0.001,0.001,0.001,0.001,0.001,0.046,0.001,0.001,0.001,0.001,0.001,0.001,0.001,0.001,0.001,-0.645,0.418,0.535,0.351,0.001,0.105,0,0.001,0.001,0,0.053,0.035,0,0.048,0.148,0,0,0.001,0.127,0.298,0.139,0,0.005,0,0,0.001,0.001,0.359,0.654,0.282,0.294,0.001,0.001,0.001,0.001,0,0.554,0.668,0.292,0.227,0,0.968,0.863,0.851,0.465,0.497,0.418,1.045,1.365,2.606,10.77
12:58.6,11482,-0.049,0.167,0.741,0.648,0.446,0.517,0.455,0.572,0.58,0.758,0.22,0.204,0.642,0.707,-0.294,-0.029,0.473,0.812,0.275,0.203,-0.139,-0.679,-0.203,-0.692,0.615,0.178,0.001,0.001,0.001,0.001,0.001,0.001,0.554,0.509,0.148,0.001,0.001,0.001,0.001,0.001,0.001,0.044,0.418,0.023,0.001,0.001,0.013,0.001,0.021,0.001,0.001,0.004,0.001,0.001,0.001,0.001,0.001,0.001,0.001,0.046,0.001,0.001,0.001,0.001,0.001,0.001,0.001,0.001,0.001,-0.649,0.415,0.536,0.345,0.001,0.084,0.001,0,0,0,0.057,0.034,0,0.043,0.126,0.001,0,0.001,0.116,0.297,0.138,0,0.005,0.001,0.001,0.001,0.001,0.33,0.653,0.28,0.291,0,0,0,0.001,0,0.527,0.669,0.289,0.221,0.001,0.972,0.868,0.852,0.465,0.51,0.418,1.055,1.368,2.606,10.678
12:58.6,11483,-0.056,0.169,0.743,0.645,0.442,0.51,0.464,0.574,0.581,0.756,0.221,0.204,0.642,0.707,-0.294,-0.026,0.474,0.811,0.276,0.204,-0.139,-0.679,-0.203,-0.692,0.615,0.178,0.001,0.001,0.001,0.001,0.001,0.001,0.554,0.509,0.148,0.001,0.001,0.001,0.001,0.001,0.001,0.044,0.418,0.023,0.001,0.001,0.013,0.001,0.021,0.001,0.001,0.004,0.001,0.001,0.001,0.001,0.001,0.001,0.001,0.046,0.001,0.001,0.001,0.001,0.001,0.001,0.001,0.001,0.001,-0.649,0.415,0.536,0.345,0.001,0.084,0.001,0,0,0,0.057,0.034,0,0.043,0.126,0.001,0,0.001,0.116,0.297,0.138,0,0.005,0.001,0.001,0.001,0.001,0.33,0.653,0.28,0.291,0,0,0,0.001,0,0.527,0.669,0.289,0.221,0.001,0.972,0.868,0.852,0.465,0.51,0.418,1.055,1.368,2.606,10.678
12:58.6,11484,-0.062,0.168,0.744,0.643,0.439,0.506,0.471,0.574,0.582,0.755,0.224,0.203,0.642,0.707,-0.295,-0.021,0.474,0.81,0.278,0.206,-0.139,-0.679,-0.203,-0.692,0.615,0.178,0.001,0.001,0.001,0.001,0.001,0.001,0.554,0.509,0.148,0.001,0.001,0.001,0.001,0.001,0.001,0.044,0.418,0.023,0.001,0.001,0.013,0.001,0.021,0.001,0.001,0.004,0.001,0.001,0.001,0.001,0.001,0.001,0.001,0.046,0.001,0.001,0.001,0.001,0.001,0.001,0.001,0.001,0.001,-0.649,0.415,0.536,0.345,0.001,0.084,0.001,0,0,0,0.057,0.034,0,0.043,0.126,0.001,0,0.001,0.116,0.297,0.138,0,0.005,0.001,0.001,0.001,0.001,0.33,0.653,0.28,0.291,0,0,0,0.001,0,0.527,0.669,0.289,0.221,0.001,0.972,0.868,0.852,0.465,0.51,0.418,1.055,1.368,2.606,10.678
12:58.6,11485,-0.065,0.162,0.745,0.644,0.437,0.506,0.472,0.574,0.584,0.753,0.226,0.201,0.642,0.707,-0.295,-0.017,0.474,0.809,0.279,0.207,-0.139,-0.679,-0.203,-0.692,0.615,0.178,0.001,0.001,0.001,0.001,0.001,0.001,0.554,0.509,0.148,0.001,0.001,0.001,0.001,0.001,0.001,0.044,0.418,0.023,0.001,0.001,0.013,0.001,0.021,0.001,0.001,0.004,0.001,0.001,0.001,0.001,0.001,0.001,0.001,0.046,0.001,0.001,0.001,0.001,0.001,0.001,0.001,0.001,0.001,-0.649,0.415,0.536,0.345,0.001,0.084,0.001,0,0,0,0.057,0.034,0,0.043,0.126,0.001,0,0.001,0.116,0.297,0.138,0,0.005,0.001,0.001,0.001,0.001,0.33,0.653,0.28,0.291,0,0,0,0.001,0,0.527,0.669,0.289,0.221,0.001,0.972,0.868,0.852,0.465,0.51,0.418,1.055,1.368,2.606,10.678
12:58.6,11486,-0.065,0.155,0.744,0.647,0.436,0.506,0.471,0.577,0.586,0.751,0.229,0.199,0.642,0.707,-0.296,-0.013,0.472,0.809,0.281,0.208,-0.139,-0.679,-0.203,-0.692,0.615,0.178,0.001,0.001,0.001,0.001,0.001,0.001,0.554,0.509,0.148,0.001,0.001,0.001,0.001,0.001,0.001,0.044,0.418,0.023,0.001,0.001,0.013,0.001,0.021,0.001,0.001,0.004,0.001,0.001,0.001,0.001,0.001,0.001,0.001,0.046,0.001,0.001,0.001,0.001,0.001,0.001,0.001,0.001,0.001,-0.649,0.415,0.536,0.345,0.001,0.084,0.001,0,0,0,0.057,0.034,0,0.043,0.126,0.001,0,0.001,0.116,0.297,0.138,0,0.005,0.001,0.001,0.001,0.001,0.33,0.653,0.28,0.291,0,0,0,0.001,0,0.527,0.669,0.289,0.221,0.001,0.972,0.868,0.852,0.465,0.51,0.418,1.055,1.368,2.606,10.678
12:58.6,11487,-0.063,0.149,0.741,0.651,0.439,0.501,0.471,0.579,0.589,0.748,0.233,0.196,0.643,0.706,-0.297,-0.008,0.47,0.81,0.282,0.209,-0.049,-0.743,-0.074,-0.663,0.663,0.208,0.001,0.001,0.001,0.001,0.001,0.001,0.604,0.521,0.144,0.001,0.001,0.001,0.001,0.001,0.001,0.056,0.433,0.024,0.001,0.001,0.017,0.001,0.016,0.001,0.001,0.001,0.001,0.001,0.001,0.001,0.001,0.001,0.001,0.046,0,0.001,0.001,0.001,0.001,0.001,0.001,0,0.001,-0.649,0.415,0.536,0.345,0.001,0.084,0.001,0,0,0,0.057,0.034,0,0.043,0.126,0.001,0,0.001,0.116,0.297,0.138,0,0.005,0.001,0.001,0.001,0.001,0.33,0.653,0.28,0.291,0,0,0,0.001,0,0.527,0.669,0.289,0.221,0.001,0.972,0.868,0.852,0.465,0.51,0.418,1.055,1.368,2.764,10.678
12:58.7,11488,-0.058,0.147,0.737,0.657,0.445,0.491,0.474,0.58,0.593,0.745,0.237,0.191,0.643,0.706,-0.298,-0.002,0.468,0.811,0.283,0.208,-0.026,-0.744,-0.065,-0.665,0.897,0.733,0.643,0.023,0.049,0.001,0.001,0.001,0.9,0.795,0.835,0.258,0.001,0.001,0.001,0.001,0.001,0.591,0.836,0.734,0.015,0.001,0.001,0.001,0.021,0.001,0.001,0.379,0.243,0.001,0.001,0.001,0.001,0.001,0.001,0.056,0.001,0.001,0.001,0.001,0.001,0.001,0.001,0.001,0.001,-0.699,0.394,0.535,0.264,0.005,0.085,0,0.001,0,0.001,0.06,0.033,0,0.042,0.123,0,0,0,0.112,0.302,0.139,0,0.004,0,0.001,0.001,0,0.319,0.654,0.282,0.293,0,0,0.001,0.001,0,0.521,0.668,0.287,0.221,0.001,0.977,0.868,0.855,0.465,0.513,0.418,1.057,1.361,8.036,10.671
12:58.7,11489,-0.054,0.149,0.733,0.661,0.452,0.48,0.478,0.581,0.598,0.741,0.241,0.187,0.644,0.705,-0.298,0.005,0.466,0.812,0.284,0.205,-0.011,-0.745,-0.058,-0.664,0.895,0.747,0.691,0.066,0.078,0.001,0.001,0.002,0.875,0.795,0.814,0.44,0.001,0.001,0.15,0.002,0.001,0.538,0.834,0.745,0.085,0.001,0.001,0.001,0.582,0.001,0.001,0.364,0.265,0.002,0.001,0.001,0.001,0.068,0.001,0.073,0.001,0.001,0.001,0.001,0.001,0.001,0.001,0.001,0.001,-0.7,0.406,0.526,0.263,0,0.018,0.001,0.001,0.001,0.001,0.072,0.006,0,0,0.016,0.001,0,0,0.098,0.217,0.162,0,0,0,0,0,0,0.179,0.575,0.223,0.314,0.001,0.001,0,0,0.001,0.265,0.674,0.198,0.2,0,0.863,0.982,0.905,0.458,0.468,0.444,1.046,1.194,9.134,9.585
12:58.7,11490,-0.055,0.156,0.728,0.665,0.458,0.469,0.481,0.583,0.605,0.735,0.246,0.182,0.644,0.704,-0.298,0.013,0.465,0.814,0.285,0.202,-0.001,-0.742,-0.047,-0.669,0.896,0.752,0.694,0.098,0.153,0.001,0.006,0.012,0.836,0.791,0.791,0.527,0.031,0.001,0.354,0.33,0.001,0.525,0.836,0.759,0.175,0.001,0.001,0.245,0.838,0.001,0.001,0.357,0.299,0.002,0.001,0.001,0.06,0.322,0.001,0.063,0.001,0.001,0.062,0.001,0.001,0.001,0.001,0.001,0.001,-0.7,0.406,0.526,0.263,0,0.018,0.001,0.001,0.001,0.001,0.072,0.006,0,0,0.016,0.001,0,0,0.098,0.217,0.162,0,0,0,0,0,0,0.179,0.575,0.223,0.314,0.001,0.001,0,0,0.001,0.265,0.674,0.198,0.2,0,0.863,0.982,0.905,0.458,0.468,0.444,1.046,1.194,10.832,9.585
12:58.7,11491,-0.061,0.162,0.724,0.667,0.461,0.46,0.485,0.584,0.613,0.728,0.25,0.177,0.645,0.703,-0.298,0.023,0.464,0.815,0.286,0.197,-0.001,-0.742,-0.047,-0.669,0.896,0.752,0.694,0.098,0.153,0.001,0.006,0.012,0.836,0.791,0.791,0.527,0.031,0.001,0.354,0.33,0.001,0.525,0.836,0.759,0.175,0.001,0.001,0.245,0.838,0.001,0.001,0.357,0.299,0.002,0.001,0.001,0.06,0.322,0.001,0.063,0.001,0.001,0.062,0.001,0.001,0.001,0.001,0.001,0.001,-0.7,0.406,0.526,0.263,0,0.018,0.001,0.001,0.001,0.001,0.072,0.006,0,0,0.016,0.001,0,0,0.098,0.217,0.162,0,0,0,0,0,0,0.179,0.575,0.223,0.314,0.001,0.001,0,0,0.001,0.265,0.674,0.198,0.2,0,0.863,0.982,0.905,0.458,0.468,0.444,1.046,1.194,10.832,9.585
12:58.7,11492,-0.071,0.165,0.723,0.667,0.459,0.451,0.492,0.586,0.623,0.719,0.255,0.173,0.648,0.701,-0.296,0.036,0.463,0.816,0.287,0.193,-0.001,-0.742,-0.047,-0.669,0.896,0.752,0.694,0.098,0.153,0.001,0.006,0.012,0.836,0.791,0.791,0.527,0.031,0.001,0.354,0.33,0.001,0.525,0.836,0.759,0.175,0.001,0.001,0.245,0.838,0.001,0.001,0.357,0.299,0.002,0.001,0.001,0.06,0.322,0.001,0.063,0.001,0.001,0.062,0.001,0.001,0.001,0.001,0.001,0.001,-0.7,0.406,0.526,0.263,0,0.018,0.001,0.001,0.001,0.001,0.072,0.006,0,0,0.016,0.001,0,0,0.098,0.217,0.162,0,0,0,0,0,0,0.179,0.575,0.223,0.314,0.001,0.001,0,0,0.001,0.265,0.674,0.198,0.2,0,0.863,0.982,0.905,0.458,0.468,0.444,1.046,1.194,10.832,9.585
12:58.7,11493,-0.076,0.161,0.726,0.664,0.453,0.444,0.502,0.588,0.632,0.71,0.26,0.169,0.651,0.699,-0.292,0.048,0.461,0.817,0.289,0.188,-0.001,-0.742,-0.047,-0.669,0.896,0.752,0.694,0.098,0.153,0.001,0.006,0.012,0.836,0.791,0.791,0.527,0.031,0.001,0.354,0.33,0.001,0.525,0.836,0.759,0.175,0.001,0.001,0.245,0.838,0.001,0.001,0.357,0.299,0.002,0.001,0.001,0.06,0.322,0.001,0.063,0.001,0.001,0.062,0.001,0.001,0.001,0.001,0.001,0.001,-0.7,0.406,0.526,0.263,0,0.018,0.001,0.001,0.001,0.001,0.072,0.006,0,0,0.016,0.001,0,0,0.098,0.217,0.162,0,0,0,0,0,0,0.179,0.575,0.223,0.314,0.001,0.001,0,0,0.001,0.265,0.674,0.198,0.2,0,0.863,0.982,0.905,0.458,0.468,0.444,1.046,1.194,10.832,9.585
12:58.7,11494,-0.07,0.154,0.73,0.662,0.445,0.439,0.514,0.588,0.642,0.699,0.266,0.166,0.654,0.697,-0.288,0.059,0.459,0.819,0.291,0.185,-0.001,-0.742,-0.047,-0.669,0.896,0.752,0.694,0.098,0.153,0.001,0.006,0.012,0.836,0.791,0.791,0.527,0.031,0.001,0.354,0.33,0.001,0.525,0.836,0.759,0.175,0.001,0.001,0.245,0.838,0.001,0.001,0.357,0.299,0.002,0.001,0.001,0.06,0.322,0.001,0.063,0.001,0.001,0.062,0.001,0.001,0.001,0.001,0.001,0.001,-0.7,0.406,0.526,0.263,0,0.018,0.001,0.001,0.001,0.001,0.072,0.006,0,0,0.016,0.001,0,0,0.098,0.217,0.162,0,0,0,0,0,0,0.179,0.575,0.223,0.314,0.001,0.001,0,0,0.001,0.265,0.674,0.198,0.2,0,0.863,0.982,0.905,0.458,0.468,0.444,1.046,1.194,10.832,9.585
12:58.7,11495,-0.058,0.144,0.733,0.662,0.441,0.432,0.528,0.584,0.652,0.688,0.273,0.164,0.657,0.695,-0.284,0.068,0.456,0.82,0.294,0.184,-0.001,-0.742,-0.047,-0.669,0.896,0.752,0.694,0.098,0.153,0.001,0.006,0.012,0.836,0.791,0.791,0.527,0.031,0.001,0.354,0.33,0.001,0.525,0.836,0.759,0.175,0.001,0.001,0.245,0.838,0.001,0.001,0.357,0.299,0.002,0.001,0.001,0.06,0.322,0.001,0.063,0.001,0.001,0.062,0.001,0.001,0.001,0.001,0.001,0.001,-0.7,0.406,0.526,0.263,0,0.018,0.001,0.001,0.001,0.001,0.072,0.006,0,0,0.016,0.001,0,0,0.098,0.217,0.162,0,0,0,0,0,0,0.179,0.575,0.223,0.314,0.001,0.001,0,0,0.001,0.265,0.674,0.198,0.2,0,0.863,0.982,0.905,0.458,0.468,0.444,1.046,1.194,10.832,9.585
12:58.7,11496,-0.042,0.133,0.736,0.663,0.444,0.423,0.541,0.575,0.66,0.678,0.28,0.162,0.658,0.694,-0.282,0.075,0.452,0.821,0.297,0.185,-0.001,-0.742,-0.047,-0.669,0.896,0.752,0.694,0.098,0.153,0.001,0.006,0.012,0.836,0.791,0.791,0.527,0.031,0.001,0.354,0.33,0.001,0.525,0.836,0.759,0.175,0.001,0.001,0.245,0.838,0.001,0.001,0.357,0.299,0.002,0.001,0.001,0.06,0.322,0.001,0.063,0.001,0.001,0.062,0.001,0.001,0.001,0.001,0.001,0.001,-0.722,0.512,0.417,0.207,0,0.018,0.001,0.001,0.001,0.001,0.072,0.006,0,0,0.016,0.001,0,0,0.098,0.217,0.162,0,0,0,0,0,0,0.179,0.575,0.223,0.314,0.001,0.001,0,0,0.001,0.265,0.674,0.198,0.2,0,0.863,0.982,0.905,0.458,0.468,0.444,1.046,1.194,10.832,9.585
12:58.7,11497,-0.023,0.122,0.737,0.664,0.453,0.414,0.55,0.566,0.666,0.669,0.287,0.161,0.658,0.694,-0.283,0.077,0.448,0.821,0.3,0.188,0.107,-0.746,-0.077,-0.653,0.895,0.751,0.695,0.114,0.156,0.001,0.006,0.013,0.824,0.786,0.786,0.547,0.045,0.006,0.4,0.37,0.001,0.525,0.838,0.762,0.212,0.001,0.001,0.302,0.877,0,0.001,0.355,0.304,0.002,0.001,0.001,0.128,0.427,0.001,0.063,0.001,0.001,0.136,0.013,0.001,0.001,0.001,0.001,0.001,-0.723,0.54,0.38,0.203,0,0.007,0.001,0,0.001,0,0,0.001,0,0.001,0.001,0,0.001,0,0,0.212,0.11,0,0.001,0,0.001,0.001,0.001,0.006,0.236,0.001,0.198,0.001,0,0,0,0,0.099,0.26,0.001,0.204,0,0.245,0.421,0.182,0.394,0,0.103,0,0.657,11.353,3.347
12:58.8,11498,-0.005,0.113,0.74,0.663,0.466,0.406,0.554,0.557,0.671,0.662,0.293,0.161,0.655,0.694,-0.288,0.078,0.443,0.822,0.302,0.192,0.119,-0.745,-0.087,-0.651,0.869,0.745,0.685,0.239,0.232,0.001,0.077,0.06,0.813,0.758,0.767,0.63,0.205,0.125,0.379,0.435,0.002,0.573,0.839,0.813,0.526,0.005,0.002,0.504,0.788,0.024,0.094,0.398,0.353,0.11,0.001,0.001,0.529,0.669,0.154,0.204,0.001,0.465,0.575,0.639,0.071,0.179,0.065,0.015,0.001,-0.722,0.563,0.349,0.199,0,0.012,0,0.001,0.001,0.001,0,0.001,0,0.001,0.001,0,0.001,0,0,0.153,0.081,0.001,0.001,0,0.001,0,0,0,0.197,0.001,0.193,0.001,0.001,0,0.001,0,0.051,0.219,0.001,0.199,0.001,0.16,0.386,0.137,0.302,0,0.083,0,0.319,15.62,2.508
12:58.8,11499,0.006,0.109,0.741,0.662,0.482,0.399,0.557,0.547,0.674,0.655,0.299,0.162,0.65,0.696,-0.296,0.079,0.438,0.823,0.303,0.197,0.119,-0.744,-0.086,-0.651,0.878,0.745,0.689,0.253,0.239,0.001,0.088,0.061,0.806,0.757,0.767,0.629,0.214,0.126,0.376,0.431,0.002,0.567,0.838,0.813,0.531,0.005,0.002,0.51,0.786,0.046,0.098,0.397,0.353,0.116,0.002,0.001,0.545,0.674,0.181,0.198,0.001,0.488,0.59,0.678,0.099,0.179,0.066,0.022,0.005,-0.719,0.585,0.322,0.193,0,0.034,0.001,0,0,0.001,0,0.001,0,0.001,0.001,0,0.001,0.001,0.001,0.083,0.045,0,0.001,0,0.001,0,0,0,0.162,0.001,0.133,0.001,0,0,0.001,0,0.033,0.175,0,0.094,0.001,0.034,0.387,0.089,0.172,0,0.076,0,0.037,15.853,1.568
12:58.8,11500,0.009,0.108,0.743,0.661,0.496,0.393,0.557,0.537,0.677,0.65,0.305,0.165,0.644,0.697,-0.304,0.082,0.434,0.824,0.303,0.201,0.119,-0.743,-0.086,-0.653,0.88,0.746,0.691,0.254,0.252,0.002,0.087,0.061,0.802,0.757,0.767,0.632,0.221,0.133,0.369,0.43,0.002,0.557,0.838,0.812,0.543,0.007,0.002,0.52,0.785,0.05,0.109,0.394,0.354,0.122,0.002,0.001,0.553,0.679,0.194,0.215,0.001,0.509,0.597,0.726,0.12,0.184,0.07,0.028,0.023,-0.713,0.608,0.297,0.182,0,0.067,0.001,0.001,0,0.001,0,0,0.001,0.001,0.001,0.001,0.001,0,0.001,0.037,0.01,0.001,0.001,0,0,0,0,0.001,0.128,0.001,0.046,0.001,0,0,0.001,0,0.001,0.116,0,0.013,0,0.001,0.349,0.001,0.006,0,0.035,0,0.001,16.081,0.826
12:58.8,11501,0.005,0.108,0.744,0.659,0.507,0.391,0.557,0.529,0.678,0.645,0.31,0.169,0.639,0.698,-0.311,0.085,0.431,0.825,0.303,0.204,0.119,-0.743,-0.086,-0.653,0.88,0.746,0.691,0.254,0.252,0.002,0.087,0.061,0.802,0.757,0.767,0.632,0.221,0.133,0.369,0.43,0.002,0.557,0.838,0.812,0.543,0.007,0.002,0.52,0.785,0.05,0.109,0.394,0.354,0.122,0.002,0.001,0.553,0.679,0.194,0.215,0.001,0.509,0.597,0.726,0.12,0.184,0.07,0.028,0.023,-0.71,0.622,0.279,0.176,0,0.094,0.001,0.001,0.001,0.001,0.001,0.001,0,0.001,0.033,0.001,0.001,0.001,0.001,0.015,0,0,0.001,0,0.001,0,0.001,0,0.118,0.001,0.012,0,0,0.001,0,0.001,0,0.061,0,0,0.001,0,0.249,0,0.001,0.001,0.013,0.001,0,16.081,0.616
12:58.8,11502,0,0.107,0.746,0.657,0.51,0.392,0.556,0.526,0.678,0.639,0.317,0.175,0.635,0.699,-0.318,0.09,0.428,0.826,0.304,0.205,0.119,-0.743,-0.086,-0.653,0.88,0.746,0.691,0.254,0.252,0.002,0.087,0.061,0.802,0.757,0.767,0.632,0.221,0.133,0.369,0.43,0.002,0.557,0.838,0.812,0.543,0.007,0.002,0.52,0.785,0.05,0.109,0.394,0.354,0.122,0.002,0.001,0.553,0.679,0.194,0.215,0.001,0.509,0.597,0.726,0.12,0.184,0.07,0.028,0.023,-0.708,0.639,0.247,0.173,0,0.118,0,0,0.001,0,0,0,0.001,0,0.051,0,0,0,0,0.001,0.001,0,0,0.001,0.001,0,0,0.001,0.093,0.001,0.007,0.001,0,0.001,0,0,0,0.04,0.001,0,0,0,0.155,0.001,0.001,0,0.013,0.001,0.001,16.081,0.492
12:58.8,11503,-0.006,0.104,0.747,0.656,0.507,0.395,0.557,0.526,0.678,0.634,0.325,0.181,0.63,0.699,-0.325,0.095,0.427,0.827,0.305,0.204,0.119,-0.743,-0.086,-0.653,0.88,0.746,0.691,0.254,0.252,0.002,0.087,0.061,0.802,0.757,0.767,0.632,0.221,0.133,0.369,0.43,0.002,0.557,0.838,0.812,0.543,0.007,0.002,0.52,0.785,0.05,0.109,0.394,0.354,0.122,0.002,0.001,0.553,0.679,0.194,0.215,0.001,0.509,0.597,0.726,0.12,0.184,0.07,0.028,0.023,-0.72,0.625,0.247,0.175,0,0.114,0,0.001,0.001,0,0,0,0,0.001,0.033,0,0,0,0.001,0.001,0,0,0,0,0,0,0.001,0.001,0.072,0.001,0.001,0,0.001,0.001,0,0,0.001,0.035,0,0,0,0,0.143,0.001,0.001,0,0.001,0.001,0,16.081,0.413
12:58.8,11504,-0.008,0.101,0.749,0.655,0.501,0.397,0.559,0.529,0.677,0.628,0.334,0.187,0.626,0.699,-0.331,0.103,0.426,0.827,0.306,0.202,0.119,-0.743,-0.086,-0.653,0.88,0.746,0.691,0.254,0.252,0.002,0.087,0.061,0.802,0.757,0.767,0.632,0.221,0.133,0.369,0.43,0.002,0.557,0.838,0.812,0.543,0.007,0.002,0.52,0.785,0.05,0.109,0.394,0.354,0.122,0.002,0.001,0.553,0.679,0.194,0.215,0.001,0.509,0.597,0.726,0.12,0.184,0.07,0.028,0.023,-0.735,0.599,0.26,0.183,0,0.112,0.001,0,0.001,0.001,0.001,0.001,0,0.001,0.031,0.001,0,0.001,0,0,0,0,0,0,0.001,0,0,0.001,0.06,0,0,0,0.001,0.001,0,0,0.001,0.023,0.001,0.001,0,0.001,0.179,0,0,0.001,0.007,0.001,0.001,16.081,0.431
12:58.8,11505,-0.008,0.096,0.75,0.654,0.495,0.397,0.561,0.531,0.676,0.623,0.343,0.192,0.622,0.698,-0.336,0.113,0.426,0.827,0.306,0.2,0.119,-0.743,-0.086,-0.653,0.88,0.746,0.691,0.254,0.252,0.002,0.087,0.061,0.802,0.757,0.767,0.632,0.221,0.133,0.369,0.43,0.002,0.557,0.838,0.812,0.543,0.007,0.002,0.52,0.785,0.05,0.109,0.394,0.354,0.122,0.002,0.001,0.553,0.679,0.194,0.215,0.001,0.509,0.597,0.726,0.12,0.184,0.07,0.028,0.023,-0.741,0.581,0.279,0.191,0,0.12,0.001,0.001,0,0,0,0,0,0.001,0.031,0.001,0,0.001,0.001,0,0.001,0,0.001,0,0.001,0,0,0.001,0.037,0,0.001,0.001,0,0,0,0,0,0.007,0.001,0.001,0,0,0.187,0,0,0.001,0.011,0,0,16.081,0.408
12:58.8,11506,-0.004,0.09,0.751,0.654,0.49,0.396,0.565,0.533,0.675,0.618,0.352,0.195,0.618,0.698,-0.34,0.124,0.427,0.827,0.307,0.198,0.119,-0.743,-0.086,-0.653,0.88,0.746,0.691,0.254,0.252,0.002,0.087,0.061,0.802,0.757,0.767,0.632,0.221,0.133,0.369,0.43,0.002,0.557,0.838,0.812,0.543,0.007,0.002,0.52,0.785,0.05,0.109,0.394,0.354,0.122,0.002,0.001,0.553,0.679,0.194,0.215,0.001,0.509,0.597,0.726,0.12,0.184,0.07,0.028,0.023,-0.745,0.552,0.313,0.206,0,0.126,0.001,0,0,0.001,0.001,0.001,0,0.001,0.026,0.001,0,0.001,0.001,0,0,0,0,0.001,0.001,0,0.001,0,0.024,0,0,0.001,0,0.001,0,0.001,0,0.006,0.001,0.001,0.001,0.001,0.19,0,0.001,0.001,0.006,0,0.001,16.081,0.399
12:58.8,11507,0,0.085,0.753,0.653,0.487,0.393,0.569,0.533,0.675,0.613,0.36,0.197,0.614,0.699,-0.34,0.135,0.428,0.827,0.307,0.197,0.206,-0.72,-0.168,-0.641,0.878,0.746,0.69,0.255,0.254,0.001,0.094,0.062,0.801,0.756,0.764,0.637,0.226,0.121,0.354,0.429,0.002,0.559,0.838,0.821,0.551,0.006,0.001,0.521,0.784,0.049,0.109,0.396,0.354,0.126,0.002,0.001,0.554,0.68,0.206,0.216,0.001,0.518,0.597,0.745,0.123,0.187,0.07,0.027,0.027,-0.745,0.552,0.313,0.206,0,0.126,0.001,0,0,0.001,0.001,0.001,0,0.001,0.026,0.001,0,0.001,0.001,0,0,0,0,0.001,0.001,0,0.001,0,0.024,0,0,0.001,0,0.001,0,0.001,0,0.006,0.001,0.001,0.001,0.001,0.19,0,0.001,0.001,0.006,0,0.001,16.139,0.399
12:58.9,11508,0.005,0.081,0.755,0.651,0.487,0.389,0.574,0.531,0.675,0.608,0.368,0.197,0.611,0.701,-0.338,0.145,0.428,0.827,0.306,0.197,0.206,-0.72,-0.168,-0.641,0.878,0.746,0.69,0.255,0.254,0.001,0.094,0.062,0.801,0.756,0.764,0.637,0.226,0.121,0.354,0.429,0.002,0.559,0.838,0.821,0.551,0.006,0.001,0.521,0.784,0.049,0.109,0.396,0.354,0.126,0.002,0.001,0.554,0.68,0.206,0.216,0.001,0.518,0.597,0.745,0.123,0.187,0.07,0.027,0.027,-0.745,0.552,0.313,0.206,0,0.126,0.001,0,0,0.001,0.001,0.001,0,0.001,0.026,0.001,0,0.001,0.001,0,0,0,0,0.001,0.001,0,0.001,0,0.024,0,0,0.001,0,0.001,0,0.001,0,0.006,0.001,0.001,0.001,0.001,0.19,0,0.001,0.001,0.006,0,0.001,16.139,0.399
12:58.9,11509,0.008,0.078,0.757,0.648,0.489,0.384,0.578,0.528,0.676,0.604,0.374,0.195,0.61,0.703,-0.333,0.152,0.43,0.827,0.305,0.198,0.206,-0.72,-0.168,-0.641,0.878,0.746,0.69,0.255,0.254,0.001,0.094,0.062,0.801,0.756,0.764,0.637,0.226,0.121,0.354,0.429,0.002,0.559,0.838,0.821,0.551,0.006,0.001,0.521,0.784,0.049,0.109,0.396,0.354,0.126,0.002,0.001,0.554,0.68,0.206,0.216,0.001,0.518,0.597,0.745,0.123,0.187,0.07,0.027,0.027,-0.745,0.552,0.313,0.206,0,0.126,0.001,0,0,0.001,0.001,0.001,0,0.001,0.026,0.001,0,0.001,0.001,0,0,0,0,0.001,0.001,0,0.001,0,0.024,0,0,0.001,0,0.001,0,0.001,0,0.006,0.001,0.001,0.001,0.001,0.19,0,0.001,0.001,0.006,0,0.001,16.139,0.399
12:58.9,11510,0.011,0.075,0.76,0.646,0.492,0.38,0.582,0.524,0.678,0.599,0.38,0.191,0.611,0.703,-0.327,0.157,0.431,0.826,0.303,0.199,0.206,-0.72,-0.168,-0.641,0.878,0.746,0.69,0.255,0.254,0.001,0.094,0.062,0.801,0.756,0.764,0.637,0.226,0.121,0.354,0.429,0.002,0.559,0.838,0.821,0.551,0.006,0.001,0.521,0.784,0.049,0.109,0.396,0.354,0.126,0.002,0.001,0.554,0.68,0.206,0.216,0.001,0.518,0.597,0.745,0.123,0.187,0.07,0.027,0.027,-0.745,0.552,0.313,0.206,0,0.126,0.001,0,0,0.001,0.001,0.001,0,0.001,0.026,0.001,0,0.001,0.001,0,0,0,0,0.001,0.001,0,0.001,0,0.024,0,0,0.001,0,0.001,0,0.001,0,0.006,0.001,0.001,0.001,0.001,0.19,0,0.001,0.001,0.006,0,0.001,16.139,0.399
12:58.9,11511,0.014,0.073,0.762,0.643,0.496,0.377,0.585,0.52,0.681,0.595,0.385,0.185,0.614,0.703,-0.321,0.159,0.432,0.826,0.301,0.202,0.206,-0.72,-0.168,-0.641,0.878,0.746,0.69,0.255,0.254,0.001,0.094,0.062,0.801,0.756,0.764,0.637,0.226,0.121,0.354,0.429,0.002,0.559,0.838,0.821,0.551,0.006,0.001,0.521,0.784,0.049,0.109,0.396,0.354,0.126,0.002,0.001,0.554,0.68,0.206,0.216,0.001,0.518,0.597,0.745,0.123,0.187,0.07,0.027,0.027,-0.745,0.552,0.313,0.206,0,0.126,0.001,0,0,0.001,0.001,0.001,0,0.001,0.026,0.001,0,0.001,0.001,0,0,0,0,0.001,0.001,0,0.001,0,0.024,0,0,0.001,0,0.001,0,0.001,0,0.006,0.001,0.001,0.001,0.001,0.19,0,0.001,0.001,0.006,0,0.001,16.139,0.399
12:58.9,11512,0.016,0.07,0.764,0.641,0.499,0.374,0.587,0.516,0.684,0.591,0.389,0.178,0.616,0.704,-0.315,0.159,0.433,0.826,0.299,0.204,0.206,-0.72,-0.168,-0.641,0.878,0.746,0.69,0.255,0.254,0.001,0.094,0.062,0.801,0.756,0.764,0.637,0.226,0.121,0.354,0.429,0.002,0.559,0.838,0.821,0.551,0.006,0.001,0.521,0.784,0.049,0.109,0.396,0.354,0.126,0.002,0.001,0.554,0.68,0.206,0.216,0.001,0.518,0.597,0.745,0.123,0.187,0.07,0.027,0.027,-0.745,0.552,0.313,0.206,0,0.126,0.001,0,0,0.001,0.001,0.001,0,0.001,0.026,0.001,0,0.001,0.001,0,0,0,0,0.001,0.001,0,0.001,0,0.024,0,0,0.001,0,0.001,0,0.001,0,0.006,0.001,0.001,0.001,0.001,0.19,0,0.001,0.001,0.006,0,0.001,16.139,0.399
12:58.9,11513,0.02,0.067,0.766,0.639,0.502,0.372,0.589,0.513,0.688,0.587,0.392,0.17,0.616,0.707,-0.309,0.16,0.433,0.825,0.297,0.207,0.206,-0.72,-0.168,-0.641,0.878,0.746,0.69,0.255,0.254,0.001,0.094,0.062,0.801,0.756,0.764,0.637,0.226,0.121,0.354,0.429,0.002,0.559,0.838,0.821,0.551,0.006,0.001,0.521,0.784,0.049,0.109,0.396,0.354,0.126,0.002,0.001,0.554,0.68,0.206,0.216,0.001,0.518,0.597,0.745,0.123,0.187,0.07,0.027,0.027,-0.723,0.38,0.458,0.351,0,0.127,0,0.001,0,0,0.001,0,0,0.001,0.028,0,0,0.001,0,0.001,0,0,0,0.001,0.001,0.001,0,0.001,0.026,0,0.001,0.001,0.001,0,0,0.001,0,0.005,0.001,0,0,0,0.172,0.001,0,0.001,0.002,0.001,0,16.139,0.377
12:58.9,11514,0.025,0.064,0.767,0.638,0.503,0.371,0.589,0.511,0.693,0.584,0.392,0.161,0.616,0.71,-0.302,0.161,0.434,0.825,0.296,0.21,0.206,-0.72,-0.168,-0.641,0.878,0.746,0.69,0.255,0.254,0.001,0.094,0.062,0.801,0.756,0.764,0.637,0.226,0.121,0.354,0.429,0.002,0.559,0.838,0.821,0.551,0.006,0.001,0.521,0.784,0.049,0.109,0.396,0.354,0.126,0.002,0.001,0.554,0.68,0.206,0.216,0.001,0.518,0.597,0.745,0.123,0.187,0.07,0.027,0.027,-0.713,0.357,0.477,0.369,0,0.117,0.001,0,0.001,0,0.001,0.001,0,0,0.039,0.001,0,0.001,0.001,0,0,0,0.001,0.001,0,0.001,0,0.001,0.023,0,0,0,0.001,0,0,0,0.001,0.001,0.001,0.001,0,0,0.105,0,0,0,0.001,0,0.001,16.139,0.302
12:58.9,11515,0.03,0.062,0.768,0.637,0.503,0.371,0.59,0.512,0.698,0.581,0.39,0.151,0.618,0.711,-0.295,0.16,0.434,0.825,0.294,0.213,0.296,-0.694,-0.259,-0.602,0.838,0.718,0.654,0.187,0.212,0.001,0.062,0.054,0.785,0.757,0.756,0.621,0.228,0.11,0.321,0.415,0.004,0.564,0.838,0.822,0.593,0.016,0.001,0.498,0.769,0.067,0.115,0.4,0.368,0.147,0.002,0.001,0.576,0.684,0.209,0.211,0.001,0.602,0.651,1.081,0.155,0.233,0.079,0.023,0.106,-0.699,0.329,0.503,0.387,0.001,0.117,0.001,0,0.001,0.001,0,0.001,0,0,0.032,0.001,0,0.001,0.001,0,0,0,0.001,0,0.001,0,0,0,0.026,0,0,0,0,0,0,0,0,0.001,0,0,0,0.001,0.09,0.001,0,0.001,0,0,0.001,16.535,0.28
12:58.9,11516,0.035,0.06,0.768,0.637,0.502,0.37,0.59,0.513,0.705,0.579,0.385,0.141,0.623,0.711,-0.288,0.155,0.433,0.825,0.292,0.216,0.299,-0.694,-0.263,-0.6,0.72,0.607,0.552,0.06,0.148,0.001,0.009,0.043,0.773,0.766,0.744,0.568,0.184,0.028,0.237,0.387,0.004,0.6,0.857,0.847,0.659,0.029,0.001,0.407,0.75,0.077,0.137,0.437,0.415,0.253,0.001,0.001,0.571,0.663,0.209,0.244,0.001,0.713,0.703,1.354,0.254,0.321,0.109,0.095,0.352,-0.689,0.312,0.52,0.396,0,0.116,0.001,0,0,0,0,0.001,0,0,0.031,0,0,0.001,0,0,0,0,0,0,0.001,0.001,0.001,0.001,0.023,0.001,0,0,0,0.001,0.001,0,0.001,0,0,0,0,0,0.089,0,0,0,0.001,0.001,0,16.891,0.272
12:58.9,11517,0.04,0.058,0.768,0.636,0.501,0.369,0.59,0.514,0.71,0.577,0.38,0.131,0.63,0.709,-0.281,0.145,0.432,0.825,0.29,0.219,0.301,-0.693,-0.267,-0.598,0.701,0.591,0.542,0.055,0.151,0.001,0.009,0.042,0.763,0.768,0.739,0.558,0.181,0.024,0.231,0.382,0.005,0.604,0.858,0.849,0.674,0.032,0.001,0.403,0.751,0.087,0.149,0.441,0.422,0.258,0.001,0.001,0.569,0.657,0.212,0.259,0.001,0.723,0.709,1.394,0.261,0.336,0.115,0.068,0.383,-0.677,0.287,0.546,0.4,0,0.116,0.001,0,0,0.001,0,0,0.001,0.001,0.032,0.001,0.001,0.001,0.001,0,0.001,0.001,0,0.001,0,0.001,0,0,0.024,0,0,0,0,0,0.001,0,0.001,0,0,0,0.001,0,0.088,0,0,0,0,0,0,16.961,0.275
12:59.0,11518,0.044,0.058,0.768,0.636,0.5,0.368,0.591,0.516,0.716,0.577,0.375,0.122,0.639,0.708,-0.273,0.13,0.431,0.826,0.289,0.222,0.301,-0.693,-0.267,-0.598,0.701,0.591,0.542,0.055,0.151,0.001,0.009,0.042,0.763,0.768,0.739,0.558,0.181,0.024,0.231,0.382,0.005,0.604,0.858,0.849,0.674,0.032,0.001,0.403,0.751,0.087,0.149,0.441,0.422,0.258,0.001,0.001,0.569,0.657,0.212,0.259,0.001,0.723,0.709,1.394,0.261,0.336,0.115,0.068,0.383,-0.662,0.283,0.556,0.414,0.001,0.116,0.001,0.001,0,0.001,0,0,0,0.001,0.032,0.001,0.001,0.001,0,0,0,0,0,0,0.001,0.001,0.001,0,0.023,0,0,0,0,0.001,0,0.001,0,0,0.001,0,0.001,0,0.084,0,0,0,0.001,0,0,16.961,0.271
12:59.0,11519,0.046,0.058,0.768,0.636,0.499,0.367,0.591,0.517,0.72,0.577,0.368,0.113,0.646,0.707,-0.265,0.112,0.429,0.827,0.287,0.224,0.301,-0.693,-0.267,-0.598,0.701,0.591,0.542,0.055,0.151,0.001,0.009,0.042,0.763,0.768,0.739,0.558,0.181,0.024,0.231,0.382,0.005,0.604,0.858,0.849,0.674,0.032,0.001,0.403,0.751,0.087,0.149,0.441,0.422,0.258,0.001,0.001,0.569,0.657,0.212,0.259,0.001,0.723,0.709,1.394,0.261,0.336,0.115,0.068,0.383,-0.641,0.286,0.563,0.436,0,0.117,0,0.001,0.001,0,0.001,0,0,0,0.032,0,0,0,0.001,0,0,0,0,0.001,0.001,0,0.001,0,0.026,0,0,0.001,0,0,0.001,0.001,0.001,0,0,0,0,0,0.081,0.001,0,0,0,0,0,16.961,0.268
12:59.0,11520,0.047,0.059,0.768,0.635,0.498,0.365,0.592,0.517,0.724,0.578,0.361,0.104,0.652,0.707,-0.257,0.094,0.427,0.828,0.285,0.227,0.301,-0.693,-0.267,-0.598,0.701,0.591,0.542,0.055,0.151,0.001,0.009,0.042,0.763,0.768,0.739,0.558,0.181,0.024,0.231,0.382,0.005,0.604,0.858,0.849,0.674,0.032,0.001,0.403,0.751,0.087,0.149,0.441,0.422,0.258,0.001,0.001,0.569,0.657,0.212,0.259,0.001,0.723,0.709,1.394,0.261,0.336,0.115,0.068,0.383,-0.641,0.286,0.563,0.436,0,0.117,0,0.001,0.001,0,0.001,0,0,0,0.032,0,0,0,0.001,0,0,0,0,0.001,0.001,0,0.001,0,0.026,0,0,0.001,0,0,0.001,0.001,0.001,0,0,0,0,0,0.081,0.001,0,0,0,0,0,16.961,0.268
12:59.0,11521,0.047,0.059,0.769,0.635,0.499,0.364,0.593,0.516,0.728,0.58,0.351,0.098,0.656,0.708,-0.249,0.079,0.426,0.828,0.284,0.228,0.301,-0.693,-0.267,-0.598,0.701,0.591,0.542,0.055,0.151,0.001,0.009,0.042,0.763,0.768,0.739,0.558,0.181,0.024,0.231,0.382,0.005,0.604,0.858,0.849,0.674,0.032,0.001,0.403,0.751,0.087,0.149,0.441,0.422,0.258,0.001,0.001,0.569,0.657,0.212,0.259,0.001,0.723,0.709,1.394,0.261,0.336,0.115,0.068,0.383,-0.641,0.286,0.563,0.436,0,0.117,0,0.001,0.001,0,0.001,0,0,0,0.032,0,0,0,0.001,0,0,0,0,0.001,0.001,0,0.001,0,0.026,0,0,0.001,0,0,0.001,0.001,0.001,0,0,0,0,0,0.081,0.001,0,0,0,0,0,16.961,0.268
12:59.0,11522,0.046,0.06,0.769,0.635,0.5,0.362,0.594,0.516,0.732,0.583,0.341,0.092,0.66,0.708,-0.239,0.068,0.425,0.829,0.283,0.23,0.301,-0.693,-0.267,-0.598,0.701,0.591,0.542,0.055,0.151,0.001,0.009,0.042,0.763,0.768,0.739,0.558,0.181,0.024,0.231,0.382,0.005,0.604,0.858,0.849,0.674,0.032,0.001,0.403,0.751,0.087,0.149,0.441,0.422,0.258,0.001,0.001,0.569,0.657,0.212,0.259,0.001,0.723,0.709,1.394,0.261,0.336,0.115,0.068,0.383,-0.641,0.286,0.563,0.436,0,0.117,0,0.001,0.001,0,0.001,0,0,0,0.032,0,0,0,0.001,0,0,0,0,0.001,0.001,0,0.001,0,0.026,0,0,0.001,0,0,0.001,0.001,0.001,0,0,0,0,0,0.081,0.001,0,0,0,0,0,16.961,0.268
12:59.0,11523,0.044,0.06,0.769,0.634,0.501,0.361,0.595,0.515,0.735,0.587,0.329,0.088,0.664,0.709,-0.228,0.061,0.424,0.829,0.282,0.231,0.301,-0.693,-0.267,-0.598,0.701,0.591,0.542,0.055,0.151,0.001,0.009,0.042,0.763,0.768,0.739,0.558,0.181,0.024,0.231,0.382,0.005,0.604,0.858,0.849,0.674,0.032,0.001,0.403,0.751,0.087,0.149,0.441,0.422,0.258,0.001,0.001,0.569,0.657,0.212,0.259,0.001,0.723,0.709,1.394,0.261,0.336,0.115,0.068,0.383,-0.641,0.286,0.563,0.436,0,0.117,0,0.001,0.001,0,0.001,0,0,0,0.032,0,0,0,0.001,0,0,0,0,0.001,0.001,0,0.001,0,0.026,0,0,0.001,0,0,0.001,0.001,0.001,0,0,0,0,0,0.081,0.001,0,0,0,0,0,16.961,0.268
12:59.0,11524,0.042,0.06,0.77,0.634,0.502,0.36,0.596,0.514,0.737,0.591,0.316,0.087,0.668,0.71,-0.215,0.056,0.424,0.829,0.281,0.231,0.321,-0.685,-0.295,-0.584,0.687,0.58,0.532,0.053,0.15,0.001,0.009,0.04,0.757,0.768,0.739,0.554,0.184,0.022,0.227,0.385,0.005,0.608,0.86,0.851,0.675,0.042,0.001,0.397,0.751,0.09,0.153,0.443,0.425,0.263,0.001,0.001,0.569,0.657,0.214,0.258,0.001,0.733,0.716,1.408,0.278,0.347,0.088,0.084,0.41,-0.641,0.286,0.563,0.436,0,0.117,0,0.001,0.001,0,0.001,0,0,0,0.032,0,0,0,0.001,0,0,0,0,0.001,0.001,0,0.001,0,0.026,0,0,0.001,0,0,0.001,0.001,0.001,0,0,0,0,0,0.081,0.001,0,0,0,0,0,17.017,0.268
12:59.0,11525,0.039,0.06,0.77,0.633,0.502,0.359,0.596,0.513,0.738,0.596,0.303,0.089,0.673,0.71,-0.201,0.054,0.425,0.829,0.28,0.232,0.323,-0.684,-0.298,-0.583,0.54,0.454,0.396,0.031,0.145,0.001,0.01,0.037,0.646,0.762,0.733,0.505,0.211,0.039,0.223,0.382,0.012,0.565,0.857,0.879,0.72,0.074,0.034,0.426,0.725,0.178,0.198,0.463,0.454,0.333,0.001,0.001,0.565,0.657,0.311,0.341,0.001,0.77,0.774,1.43,0.308,0.436,0.139,0.159,0.628,-0.641,0.286,0.563,0.436,0,0.117,0,0.001,0.001,0,0.001,0,0,0,0.032,0,0,0,0.001,0,0,0,0,0.001,0.001,0,0.001,0,0.026,0,0,0.001,0,0,0.001,0.001,0.001,0,0,0,0,0,0.081,0.001,0,0,0,0,0,17.554,0.268
12:59.0,11526,0.036,0.06,0.771,0.633,0.503,0.358,0.597,0.513,0.739,0.601,0.291,0.093,0.677,0.71,-0.187,0.051,0.426,0.829,0.279,0.232,0.325,-0.682,-0.302,-0.581,0.515,0.426,0.376,0.029,0.154,0.001,0.011,0.038,0.624,0.767,0.728,0.491,0.214,0.042,0.227,0.382,0.015,0.559,0.856,0.878,0.723,0.076,0.048,0.43,0.725,0.188,0.199,0.463,0.462,0.343,0.002,0.001,0.563,0.659,0.326,0.342,0.001,0.773,0.774,1.421,0.321,0.442,0.14,0.168,0.656,-0.641,0.286,0.563,0.436,0,0.117,0,0.001,0.001,0,0.001,0,0,0,0.032,0,0,0,0.001,0,0,0,0,0.001,0.001,0,0.001,0,0.026,0,0,0.001,0,0,0.001,0.001,0.001,0,0,0,0,0,0.081,0.001,0,0,0,0,0,17.579,0.268
12:59.0,11527,0.033,0.059,0.772,0.632,0.503,0.357,0.597,0.512,0.738,0.606,0.28,0.099,0.682,0.709,-0.173,0.045,0.427,0.828,0.279,0.232,0.325,-0.682,-0.302,-0.581,0.515,0.426,0.376,0.029,0.154,0.001,0.011,0.038,0.624,0.767,0.728,0.491,0.214,0.042,0.227,0.382,0.015,0.559,0.856,0.878,0.723,0.076,0.048,0.43,0.725,0.188,0.199,0.463,0.462,0.343,0.002,0.001,0.563,0.659,0.326,0.342,0.001,0.773,0.774,1.421,0.321,0.442,0.14,0.168,0.656,-0.538,0.267,0.597,0.532,0,0.116,0.001,0,0.001,0,0,0.001,0,0.001,0.032,0,0,0,0,0.001,0.001,0,0,0.001,0,0.001,0,0.001,0.022,0,0,0.001,0.001,0,0,0,0.001,0,0.001,0.001,0.001,0,0.081,0.001,0.001,0,0.001,0,0,17.579,0.269
12:59.1,11528,0.029,0.058,0.773,0.632,0.503,0.356,0.598,0.512,0.735,0.612,0.272,0.108,0.687,0.708,-0.16,0.036,0.428,0.828,0.278,0.231,0.325,-0.682,-0.302,-0.581,0.515,0.426,0.376,0.029,0.154,0.001,0.011,0.038,0.624,0.767,0.728,0.491,0.214,0.042,0.227,0.382,0.015,0.559,0.856,0.878,0.723,0.076,0.048,0.43,0.725,0.188,0.199,0.463,0.462,0.343,0.002,0.001,0.563,0.659,0.326,0.342,0.001,0.773,0.774,1.421,0.321,0.442,0.14,0.168,0.656,-0.524,0.269,0.595,0.547,0.001,0.107,0,0,0.001,0.001,0,0.001,0.001,0.001,0.022,0.001,0,0,0,0.001,0.001,0,0.001,0.001,0.001,0.001,0.001,0,0.02,0.001,0,0.001,0,0.001,0,0,0,0.001,0.001,0,0,0,0.092,0,0.001,0,0,0,0,17.579,0.261
12:59.1,11529,0.024,0.057,0.773,0.631,0.503,0.355,0.598,0.512,0.73,0.617,0.267,0.118,0.691,0.708,-0.146,0.021,0.43,0.828,0.277,0.231,0.325,-0.682,-0.302,-0.581,0.515,0.426,0.376,0.029,0.154,0.001,0.011,0.038,0.624,0.767,0.728,0.491,0.214,0.042,0.227,0.382,0.015,0.559,0.856,0.878,0.723,0.076,0.048,0.43,0.725,0.188,0.199,0.463,0.462,0.343,0.002,0.001,0.563,0.659,0.326,0.342,0.001,0.773,0.774,1.421,0.321,0.442,0.14,0.168,0.656,-0.505,0.277,0.591,0.565,0,0.098,0,0,0.001,0,0,0,0.001,0,0.012,0.001,0.001,0,0.001,0.001,0,0,0,0.001,0,0.001,0,0,0.02,0,0,0.001,0.001,0,0,0,0.001,0,0,0.001,0,0.001,0.094,0,0,0.001,0,0,0.001,17.579,0.239
12:59.1,11530,0.019,0.055,0.774,0.63,0.504,0.354,0.599,0.512,0.725,0.623,0.264,0.13,0.694,0.707,-0.133,0.004,0.431,0.827,0.276,0.231,0.325,-0.682,-0.302,-0.581,0.515,0.426,0.376,0.029,0.154,0.001,0.011,0.038,0.624,0.767,0.728,0.491,0.214,0.042,0.227,0.382,0.015,0.559,0.856,0.878,0.723,0.076,0.048,0.43,0.725,0.188,0.199,0.463,0.462,0.343,0.002,0.001,0.563,0.659,0.326,0.342,0.001,0.773,0.774,1.421,0.321,0.442,0.14,0.168,0.656,-0.489,0.286,0.585,0.581,0,0.09,0.001,0.001,0,0.001,0,0.001,0,0,0.011,0.001,0,0.001,0.001,0,0,0,0,0.001,0,0.001,0.001,0.001,0.018,0,0,0.001,0,0.001,0.001,0.001,0,0,0,0.001,0.001,0,0.084,0.001,0,0.001,0,0,0,17.579,0.222
12:59.1,11531,0.014,0.053,0.775,0.629,0.504,0.352,0.6,0.512,0.719,0.628,0.263,0.142,0.697,0.706,-0.121,-0.016,0.434,0.827,0.275,0.23,0.325,-0.682,-0.302,-0.581,0.515,0.426,0.376,0.029,0.154,0.001,0.011,0.038,0.624,0.767,0.728,0.491,0.214,0.042,0.227,0.382,0.015,0.559,0.856,0.878,0.723,0.076,0.048,0.43,0.725,0.188,0.199,0.463,0.462,0.343,0.002,0.001,0.563,0.659,0.326,0.342,0.001,0.773,0.774,1.421,0.321,0.442,0.14,0.168,0.656,-0.467,0.301,0.575,0.6,0,0.092,0.001,0,0,0,0.001,0.001,0,0.001,0.001,0.001,0,0,0,0,0,0.001,0,0,0,0.001,0.001,0,0.017,0.001,0,0,0.001,0.001,0.001,0.001,0,0.001,0,0,0.001,0,0.078,0,0.001,0,0.001,0,0,17.579,0.205
12:59.1,11532,0.01,0.05,0.776,0.629,0.504,0.35,0.6,0.513,0.712,0.632,0.265,0.153,0.699,0.705,-0.111,-0.035,0.436,0.826,0.273,0.229,0.325,-0.682,-0.302,-0.581,0.515,0.426,0.376,0.029,0.154,0.001,0.011,0.038,0.624,0.767,0.728,0.491,0.214,0.042,0.227,0.382,0.015,0.559,0.856,0.878,0.723,0.076,0.048,0.43,0.725,0.188,0.199,0.463,0.462,0.343,0.002,0.001,0.563,0.659,0.326,0.342,0.001,0.773,0.774,1.421,0.321,0.442,0.14,0.168,0.656,-0.453,0.314,0.566,0.614,0,0.088,0.001,0.001,0,0.001,0,0.001,0,0.001,0,0.001,0.001,0,0.001,0.001,0,0.001,0.001,0.001,0,0.001,0,0,0.017,0.001,0,0,0,0.001,0.001,0,0.001,0.001,0,0,0,0,0.079,0,0.001,0,0.001,0,0,17.579,0.204
12:59.1,11533,0.005,0.048,0.776,0.629,0.504,0.348,0.602,0.513,0.706,0.634,0.269,0.163,0.702,0.703,-0.102,-0.053,0.438,0.826,0.271,0.228,0.339,-0.675,-0.327,-0.568,0.492,0.405,0.355,0.026,0.156,0.001,0.011,0.035,0.612,0.769,0.729,0.492,0.212,0.053,0.228,0.383,0.016,0.543,0.855,0.877,0.716,0.079,0.055,0.432,0.728,0.193,0.204,0.46,0.466,0.348,0.002,0.001,0.564,0.662,0.337,0.347,0.001,0.773,0.774,1.415,0.322,0.447,0.142,0.175,0.665,-0.436,0.33,0.552,0.629,0.001,0.087,0.001,0.001,0.001,0.001,0,0,0,0,0.001,0,0,0.001,0,0,0,0,0.001,0,0,0.001,0,0,0.015,0.001,0,0,0,0,0,0,0.001,0,0.001,0.001,0,0,0.076,0.001,0,0.001,0,0,0,17.558,0.193
12:59.1,11534,0.001,0.046,0.776,0.629,0.503,0.346,0.603,0.513,0.701,0.635,0.274,0.172,0.704,0.701,-0.094,-0.069,0.441,0.825,0.27,0.227,0.341,-0.674,-0.329,-0.567,0.256,0.237,0.263,0.002,0.145,0.001,0.021,0.035,0.245,0.593,0.587,0.446,0.203,0.065,0.252,0.389,0.038,0.314,0.779,0.778,0.672,0.074,0.063,0.458,0.728,0.263,0.25,0.485,0.515,0.311,0.017,0.001,0.582,0.678,0.431,0.402,0.001,0.784,0.779,1.343,0.376,0.465,0.173,0.197,0.643,-0.423,0.345,0.54,0.641,0,0.089,0,0,0.001,0,0.001,0,0,0,0.001,0,0.001,0,0.001,0.001,0.001,0,0.001,0.001,0,0.001,0,0.001,0.015,0.001,0,0,0.001,0.001,0,0.001,0.001,0,0.001,0,0.001,0,0.082,0,0.001,0.001,0.001,0,0,16.34,0.207
12:59.1,11535,-0.002,0.043,0.777,0.628,0.502,0.343,0.605,0.513,0.696,0.636,0.28,0.18,0.706,0.699,-0.087,-0.081,0.443,0.825,0.268,0.226,0.341,-0.674,-0.329,-0.567,0.256,0.237,0.263,0.002,0.145,0.001,0.021,0.035,0.245,0.593,0.587,0.446,0.203,0.065,0.252,0.389,0.038,0.314,0.779,0.778,0.672,0.074,0.063,0.458,0.728,0.263,0.25,0.485,0.515,0.311,0.017,0.001,0.582,0.678,0.431,0.402,0.001,0.784,0.779,1.343,0.376,0.465,0.173,0.197,0.643,-0.407,0.362,0.522,0.656,0.001,0.089,0,0.001,0,0,0,0.001,0.001,0,0.001,0.001,0.001,0.001,0,0.001,0,0,0,0.001,0,0,0.001,0,0.015,0,0,0,0.001,0,0,0.001,0,0,0,0.001,0.001,0,0.082,0.001,0.001,0,0.001,0,0,16.34,0.204
12:59.1,11536,-0.004,0.039,0.778,0.627,0.502,0.34,0.607,0.513,0.693,0.635,0.286,0.185,0.707,0.696,-0.08,-0.091,0.445,0.824,0.267,0.225,0.341,-0.674,-0.329,-0.567,0.256,0.237,0.263,0.002,0.145,0.001,0.021,0.035,0.245,0.593,0.587,0.446,0.203,0.065,0.252,0.389,0.038,0.314,0.779,0.778,0.672,0.074,0.063,0.458,0.728,0.263,0.25,0.485,0.515,0.311,0.017,0.001,0.582,0.678,0.431,0.402,0.001,0.784,0.779,1.343,0.376,0.465,0.173,0.197,0.643,-0.397,0.373,0.508,0.667,0,0.087,0.001,0,0,0.001,0,0,0,0.001,0.001,0.001,0,0.001,0,0.001,0,0,0,0,0.001,0,0.001,0,0.015,0.001,0.001,0,0.001,0,0,0,0.001,0,0.001,0,0,0,0.077,0.001,0,0,0.001,0,0,16.34,0.195
12:59.1,11537,-0.004,0.036,0.778,0.627,0.503,0.336,0.609,0.512,0.69,0.634,0.292,0.19,0.709,0.695,-0.074,-0.098,0.447,0.824,0.266,0.223,0.341,-0.674,-0.329,-0.567,0.256,0.237,0.263,0.002,0.145,0.001,0.021,0.035,0.245,0.593,0.587,0.446,0.203,0.065,0.252,0.389,0.038,0.314,0.779,0.778,0.672,0.074,0.063,0.458,0.728,0.263,0.25,0.485,0.515,0.311,0.017,0.001,0.582,0.678,0.431,0.402,0.001,0.784,0.779,1.343,0.376,0.465,0.173,0.197,0.643,-0.386,0.384,0.492,0.679,0,0.079,0.001,0.001,0,0.001,0.001,0.001,0,0.001,0,0.001,0,0.001,0,0.001,0.001,0,0,0,0.001,0.001,0.001,0,0.015,0.001,0.001,0,0.001,0,0,0,0,0,0,0,0.001,0.001,0.071,0.001,0.001,0,0,0,0.001,16.34,0.186
12:59.2,11538,-0.004,0.033,0.779,0.627,0.505,0.332,0.611,0.512,0.689,0.633,0.297,0.192,0.71,0.693,-0.067,-0.103,0.449,0.824,0.265,0.223,0.341,-0.674,-0.329,-0.567,0.256,0.237,0.263,0.002,0.145,0.001,0.021,0.035,0.245,0.593,0.587,0.446,0.203,0.065,0.252,0.389,0.038,0.314,0.779,0.778,0.672,0.074,0.063,0.458,0.728,0.263,0.25,0.485,0.515,0.311,0.017,0.001,0.582,0.678,0.431,0.402,0.001,0.784,0.779,1.343,0.376,0.465,0.173,0.197,0.643,-0.372,0.396,0.469,0.696,0,0.076,0.001,0,0.001,0,0,0.001,0.001,0,0.001,0.001,0.001,0.001,0.001,0,0,0,0.001,0,0.001,0.001,0,0,0.015,0,0,0,0,0.001,0.001,0,0,0,0,0.001,0,0.001,0.07,0.001,0,0.001,0,0.001,0,16.34,0.18
12:59.2,11539,-0.003,0.03,0.778,0.627,0.507,0.327,0.612,0.51,0.688,0.631,0.301,0.194,0.712,0.692,-0.06,-0.106,0.451,0.823,0.264,0.222,0.341,-0.674,-0.329,-0.567,0.256,0.237,0.263,0.002,0.145,0.001,0.021,0.035,0.245,0.593,0.587,0.446,0.203,0.065,0.252,0.389,0.038,0.314,0.779,0.778,0.672,0.074,0.063,0.458,0.728,0.263,0.25,0.485,0.515,0.311,0.017,0.001,0.582,0.678,0.431,0.402,0.001,0.784,0.779,1.343,0.376,0.465,0.173,0.197,0.643,-0.363,0.404,0.454,0.706,0,0.072,0,0.001,0,0,0.001,0.001,0,0.001,0.001,0,0.001,0.001,0,0,0.001,0,0.001,0,0,0.001,0.001,0.001,0.015,0,0.001,0,0,0.001,0,0,0,0,0.001,0.001,0,0.001,0.078,0.001,0,0.001,0.001,0.001,0,16.34,0.186
12:59.2,11540,0,0.028,0.778,0.627,0.51,0.322,0.614,0.509,0.689,0.63,0.303,0.193,0.713,0.691,-0.052,-0.107,0.453,0.822,0.264,0.222,0.341,-0.674,-0.329,-0.567,0.256,0.237,0.263,0.002,0.145,0.001,0.021,0.035,0.245,0.593,0.587,0.446,0.203,0.065,0.252,0.389,0.038,0.314,0.779,0.778,0.672,0.074,0.063,0.458,0.728,0.263,0.25,0.485,0.515,0.311,0.017,0.001,0.582,0.678,0.431,0.402,0.001,0.784,0.779,1.343,0.376,0.465,0.173,0.197,0.643,-0.363,0.404,0.454,0.706,0,0.072,0,0.001,0,0,0.001,0.001,0,0.001,0.001,0,0.001,0.001,0,0,0.001,0,0.001,0,0,0.001,0.001,0.001,0.015,0,0.001,0,0,0.001,0,0,0,0,0.001,0.001,0,0.001,0.078,0.001,0,0.001,0.001,0.001,0,16.34,0.186
12:59.2,11541,0.002,0.026,0.778,0.627,0.514,0.318,0.615,0.507,0.69,0.628,0.304,0.191,0.714,0.691,-0.045,-0.107,0.456,0.821,0.263,0.222,0.349,-0.669,-0.347,-0.557,0.239,0.22,0.241,0.002,0.144,0.001,0.022,0.034,0.221,0.587,0.585,0.433,0.198,0.062,0.252,0.388,0.04,0.297,0.775,0.772,0.669,0.072,0.06,0.458,0.726,0.264,0.264,0.479,0.515,0.305,0.016,0.001,0.585,0.679,0.441,0.405,0.001,0.784,0.783,1.342,0.376,0.47,0.181,0.198,0.64,-0.363,0.404,0.454,0.706,0,0.072,0,0.001,0,0,0.001,0.001,0,0.001,0.001,0,0.001,0.001,0,0,0.001,0,0.001,0,0,0.001,0.001,0.001,0.015,0,0.001,0,0,0.001,0,0,0,0,0.001,0.001,0,0.001,0.078,0.001,0,0.001,0.001,0.001,0,16.227,0.186
12:59.2,11542,0.003,0.026,0.778,0.627,0.516,0.315,0.616,0.505,0.692,0.627,0.304,0.188,0.714,0.691,-0.037,-0.107,0.458,0.821,0.261,0.221,0.35,-0.668,-0.349,-0.556,0.077,0.099,0.172,0.001,0.143,0.001,0.028,0.038,0.07,0.455,0.512,0.383,0.158,0.077,0.278,0.383,0.048,0.144,0.646,0.726,0.582,0.049,0.081,0.474,0.733,0.283,0.269,0.452,0.497,0.278,0.01,0.001,0.596,0.69,0.46,0.392,0.001,0.779,0.781,1.343,0.405,0.469,0.188,0.244,0.737,-0.363,0.404,0.454,0.706,0,0.072,0,0.001,0,0,0.001,0.001,0,0.001,0.001,0,0.001,0.001,0,0,0.001,0,0.001,0,0,0.001,0.001,0.001,0.015,0,0.001,0,0,0.001,0,0,0,0,0.001,0.001,0,0.001,0.078,0.001,0,0.001,0.001,0.001,0,15.233,0.186
12:59.2,11543,0.003,0.026,0.779,0.627,0.518,0.312,0.617,0.503,0.695,0.627,0.302,0.182,0.714,0.692,-0.03,-0.107,0.459,0.82,0.26,0.22,0.353,-0.667,-0.352,-0.554,0.044,0.073,0.151,0.001,0.138,0.001,0.028,0.037,0.037,0.407,0.501,0.366,0.153,0.072,0.278,0.385,0.048,0.122,0.617,0.698,0.558,0.044,0.082,0.476,0.734,0.286,0.272,0.437,0.499,0.27,0.001,0.001,0.597,0.691,0.455,0.383,0.001,0.78,0.783,1.341,0.41,0.47,0.19,0.259,0.758,-0.363,0.404,0.454,0.706,0,0.072,0,0.001,0,0,0.001,0.001,0,0.001,0.001,0,0.001,0.001,0,0,0.001,0,0.001,0,0,0.001,0.001,0.001,0.015,0,0.001,0,0,0.001,0,0,0,0,0.001,0.001,0,0.001,0.078,0.001,0,0.001,0.001,0.001,0,14.935,0.186
12:59.2,11544,0.001,0.026,0.779,0.627,0.519,0.309,0.619,0.501,0.697,0.626,0.301,0.175,0.713,0.693,-0.024,-0.107,0.461,0.82,0.259,0.219,0.353,-0.667,-0.352,-0.554,0.044,0.073,0.151,0.001,0.138,0.001,0.028,0.037,0.037,0.407,0.501,0.366,0.153,0.072,0.278,0.385,0.048,0.122,0.617,0.698,0.558,0.044,0.082,0.476,0.734,0.286,0.272,0.437,0.499,0.27,0.001,0.001,0.597,0.691,0.455,0.383,0.001,0.78,0.783,1.341,0.41,0.47,0.19,0.259,0.758,-0.363,0.404,0.454,0.706,0,0.072,0,0.001,0,0,0.001,0.001,0,0.001,0.001,0,0.001,0.001,0,0,0.001,0,0.001,0,0,0.001,0.001,0.001,0.015,0,0.001,0,0,0.001,0,0,0,0,0.001,0.001,0,0.001,0.078,0.001,0,0.001,0.001,0.001,0,14.935,0.186
12:59.2,11545,-0.002,0.026,0.779,0.626,0.52,0.307,0.621,0.499,0.7,0.627,0.299,0.167,0.711,0.695,-0.019,-0.105,0.463,0.819,0.258,0.219,0.353,-0.667,-0.352,-0.554,0.044,0.073,0.151,0.001,0.138,0.001,0.028,0.037,0.037,0.407,0.501,0.366,0.153,0.072,0.278,0.385,0.048,0.122,0.617,0.698,0.558,0.044,0.082,0.476,0.734,0.286,0.272,0.437,0.499,0.27,0.001,0.001,0.597,0.691,0.455,0.383,0.001,0.78,0.783,1.341,0.41,0.47,0.19,0.259,0.758,-0.363,0.404,0.454,0.706,0,0.072,0,0.001,0,0,0.001,0.001,0,0.001,0.001,0,0.001,0.001,0,0,0.001,0,0.001,0,0,0.001,0.001,0.001,0.015,0,0.001,0,0,0.001,0,0,0,0,0.001,0.001,0,0.001,0.078,0.001,0,0.001,0.001,0.001,0,14.935,0.186
12:59.2,11546,-0.005,0.026,0.78,0.625,0.522,0.304,0.623,0.497,0.702,0.628,0.297,0.157,0.709,0.698,-0.014,-0.103,0.464,0.819,0.258,0.217,0.353,-0.667,-0.352,-0.554,0.044,0.073,0.151,0.001,0.138,0.001,0.028,0.037,0.037,0.407,0.501,0.366,0.153,0.072,0.278,0.385,0.048,0.122,0.617,0.698,0.558,0.044,0.082,0.476,0.734,0.286,0.272,0.437,0.499,0.27,0.001,0.001,0.597,0.691,0.455,0.383,0.001,0.78,0.783,1.341,0.41,0.47,0.19,0.259,0.758,-0.291,0.467,0.363,0.752,0,0.07,0.001,0.001,0.001,0,0,0.001,0,0.001,0.001,0.001,0.001,0,0.001,0.001,0.001,0,0,0,0,0,0,0,0.015,0.001,0,0.001,0.001,0,0,0.001,0,0,0.001,0,0.001,0,0.076,0,0,0.001,0.001,0,0,14.935,0.18
12:59.2,11547,-0.009,0.025,0.781,0.624,0.523,0.301,0.625,0.496,0.704,0.629,0.295,0.148,0.707,0.7,-0.009,-0.099,0.465,0.819,0.257,0.216,0.353,-0.667,-0.352,-0.554,0.044,0.073,0.151,0.001,0.138,0.001,0.028,0.037,0.037,0.407,0.501,0.366,0.153,0.072,0.278,0.385,0.048,0.122,0.617,0.698,0.558,0.044,0.082,0.476,0.734,0.286,0.272,0.437,0.499,0.27,0.001,0.001,0.597,0.691,0.455,0.383,0.001,0.78,0.783,1.341,0.41,0.47,0.19,0.259,0.758,-0.285,0.475,0.358,0.752,0,0.105,0.001,0,0.001,0,0.001,0,0.001,0,0,0.001,0,0.001,0.001,0,0,0,0.001,0,0.001,0.001,0,0,0.011,0.001,0,0.001,0,0.001,0.001,0,0.001,0,0,0.001,0.001,0,0.082,0.001,0.001,0,0.009,0.001,0.001,14.935,0.228
12:59.3,11548,-0.013,0.024,0.782,0.623,0.525,0.297,0.627,0.494,0.705,0.631,0.293,0.139,0.706,0.702,-0.004,-0.095,0.466,0.819,0.256,0.215,0.353,-0.667,-0.352,-0.554,0.044,0.073,0.151,0.001,0.138,0.001,0.028,0.037,0.037,0.407,0.501,0.366,0.153,0.072,0.278,0.385,0.048,0.122,0.617,0.698,0.558,0.044,0.082,0.476,0.734,0.286,0.272,0.437,0.499,0.27,0.001,0.001,0.597,0.691,0.455,0.383,0.001,0.78,0.783,1.341,0.41,0.47,0.19,0.259,0.758,-0.285,0.475,0.358,0.752,0,0.105,0.001,0,0.001,0,0.001,0,0.001,0,0,0.001,0,0.001,0.001,0,0,0,0.001,0,0.001,0.001,0,0,0.011,0.001,0,0.001,0,0.001,0.001,0,0.001,0,0,0.001,0.001,0,0.082,0.001,0.001,0,0.009,0.001,0.001,14.935,0.228
12:59.3,11549,-0.015,0.022,0.782,0.622,0.527,0.292,0.628,0.492,0.705,0.633,0.291,0.132,0.706,0.703,0.001,-0.091,0.469,0.818,0.255,0.214,0.353,-0.667,-0.352,-0.554,0.044,0.073,0.151,0.001,0.138,0.001,0.028,0.037,0.037,0.407,0.501,0.366,0.153,0.072,0.278,0.385,0.048,0.122,0.617,0.698,0.558,0.044,0.082,0.476,0.734,0.286,0.272,0.437,0.499,0.27,0.001,0.001,0.597,0.691,0.455,0.383,0.001,0.78,0.783,1.341,0.41,0.47,0.19,0.259,0.758,-0.285,0.475,0.358,0.752,0,0.105,0.001,0,0.001,0,0.001,0,0.001,0,0,0.001,0,0.001,0.001,0,0,0,0.001,0,0.001,0.001,0,0,0.011,0.001,0,0.001,0,0.001,0.001,0,0.001,0,0,0.001,0.001,0,0.082,0.001,0.001,0,0.009,0.001,0.001,14.935,0.228
12:59.3,11550,-0.016,0.02,0.783,0.622,0.53,0.287,0.629,0.49,0.705,0.634,0.29,0.128,0.705,0.703,0.006,-0.088,0.471,0.818,0.254,0.212,0.353,-0.667,-0.352,-0.554,0.044,0.073,0.151,0.001,0.138,0.001,0.028,0.037,0.037,0.407,0.501,0.366,0.153,0.072,0.278,0.385,0.048,0.122,0.617,0.698,0.558,0.044,0.082,0.476,0.734,0.286,0.272,0.437,0.499,0.27,0.001,0.001,0.597,0.691,0.455,0.383,0.001,0.78,0.783,1.341,0.41,0.47,0.19,0.259,0.758,-0.285,0.475,0.358,0.752,0,0.105,0.001,0,0.001,0,0.001,0,0.001,0,0,0.001,0,0.001,0.001,0,0,0,0.001,0,0.001,0.001,0,0,0.011,0.001,0,0.001,0,0.001,0.001,0,0.001,0,0,0.001,0.001,0,0.082,0.001,0.001,0,0.009,0.001,0.001,14.935,0.228
12:59.3,11551,-0.015,0.018,0.783,0.621,0.533,0.282,0.631,0.488,0.705,0.636,0.289,0.127,0.705,0.703,0.009,-0.088,0.474,0.817,0.252,0.211,0.36,-0.665,-0.366,-0.542,0.031,0.05,0.131,0.001,0.136,0.001,0.029,0.037,0.009,0.381,0.487,0.353,0.142,0.07,0.28,0.385,0.048,0.096,0.57,0.689,0.529,0.039,0.074,0.477,0.735,0.288,0.272,0.424,0.48,0.259,0.001,0.001,0.598,0.692,0.458,0.383,0.001,0.781,0.781,1.342,0.415,0.474,0.194,0.261,0.769,-0.285,0.475,0.358,0.752,0,0.105,0.001,0,0.001,0,0.001,0,0.001,0,0,0.001,0,0.001,0.001,0,0,0,0.001,0,0.001,0.001,0,0,0.011,0.001,0,0.001,0,0.001,0.001,0,0.001,0,0,0.001,0.001,0,0.082,0.001,0.001,0,0.009,0.001,0.001,14.654,0.228
12:59.3,11552,-0.013,0.016,0.783,0.621,0.536,0.277,0.632,0.486,0.704,0.637,0.288,0.127,0.705,0.703,0.01,-0.088,0.476,0.817,0.251,0.21,0.361,-0.665,-0.367,-0.541,0.001,0.001,0.001,0.001,0.106,0.001,0.04,0.037,0.001,0.248,0.458,0.177,0.062,0.078,0.282,0.381,0.05,0.001,0.376,0.56,0.305,0.001,0.049,0.462,0.744,0.287,0.277,0.272,0.332,0.142,0.001,0.001,0.609,0.7,0.442,0.364,0.001,0.791,0.78,1.377,0.448,0.479,0.203,0.286,0.81,-0.285,0.475,0.358,0.752,0,0.105,0.001,0,0.001,0,0.001,0,0.001,0,0,0.001,0,0.001,0.001,0,0,0,0.001,0,0.001,0.001,0,0,0.011,0.001,0,0.001,0,0.001,0.001,0,0.001,0,0,0.001,0.001,0,0.082,0.001,0.001,0,0.009,0.001,0.001,13.025,0.228
12:59.3,11553,-0.009,0.014,0.784,0.621,0.539,0.272,0.634,0.483,0.703,0.638,0.287,0.129,0.705,0.703,0.009,-0.089,0.478,0.816,0.249,0.209,0.362,-0.665,-0.369,-0.539,0.001,0.001,0.001,0.001,0.106,0.001,0.04,0.037,0.001,0.226,0.442,0.144,0.059,0.087,0.286,0.385,0.049,0.001,0.361,0.542,0.298,0.001,0.061,0.462,0.745,0.286,0.275,0.25,0.327,0.116,0.001,0.001,0.609,0.7,0.438,0.355,0.001,0.791,0.778,1.382,0.458,0.477,0.204,0.288,0.816,-0.285,0.475,0.358,0.752,0,0.105,0.001,0,0.001,0,0.001,0,0.001,0,0,0.001,0,0.001,0.001,0,0,0,0.001,0,0.001,0.001,0,0,0.011,0.001,0,0.001,0,0.001,0.001,0,0.001,0,0,0.001,0.001,0,0.082,0.001,0.001,0,0.009,0.001,0.001,12.891,0.228
12:59.3,11554,-0.006,0.013,0.784,0.621,0.542,0.268,0.635,0.48,0.703,0.638,0.286,0.132,0.706,0.703,0.006,-0.089,0.48,0.816,0.247,0.207,0.364,-0.664,-0.372,-0.537,0.001,0.001,0.001,0.001,0.104,0.001,0.04,0.037,0.001,0.212,0.441,0.129,0.053,0.093,0.287,0.386,0.048,0.001,0.339,0.549,0.269,0.001,0.072,0.454,0.747,0.291,0.272,0.23,0.286,0.095,0.001,0.001,0.614,0.7,0.437,0.358,0.001,0.795,0.779,1.381,0.464,0.477,0.204,0.291,0.814,-0.275,0.493,0.275,0.778,0,0.105,0.001,0,0,0,0,0,0,0,0,0,0,0.001,0.001,0.001,0.001,0,0,0.001,0,0.001,0.001,0,0.012,0,0.001,0,0,0.001,0.001,0,0,0.001,0.001,0,0.001,0,0.077,0,0,0,0.01,0,0.001,12.759,0.219
12:59.3,11555,-0.002,0.012,0.784,0.621,0.545,0.264,0.637,0.477,0.702,0.638,0.285,0.134,0.706,0.703,0.001,-0.09,0.482,0.815,0.246,0.206,0.366,-0.663,-0.376,-0.534,0.001,0.001,0.001,0.001,0.093,0.001,0.043,0.038,0.001,0.205,0.429,0.118,0.048,0.103,0.292,0.386,0.048,0.001,0.321,0.542,0.22,0.001,0.071,0.451,0.747,0.288,0.271,0.209,0.264,0.079,0.001,0.001,0.618,0.701,0.435,0.35,0.001,0.794,0.778,1.387,0.47,0.477,0.204,0.282,0.816,-0.276,0.496,0.263,0.78,0,0.123,0.001,0,0.001,0,0.001,0.001,0,0,0.022,0.001,0,0,0.001,0,0.001,0.001,0,0,0.001,0.001,0.001,0.001,0.01,0.001,0,0.001,0,0.001,0,0.001,0.001,0.001,0,0,0.001,0,0.073,0.001,0,0,0,0,0,12.589,0.248
12:59.3,11556,0.002,0.012,0.783,0.622,0.548,0.259,0.639,0.474,0.702,0.638,0.285,0.136,0.705,0.703,-0.005,-0.09,0.484,0.815,0.244,0.204,0.367,-0.664,-0.378,-0.531,0.001,0.001,0.001,0.001,0.098,0.001,0.045,0.035,0.001,0.19,0.394,0.083,0.042,0.115,0.303,0.388,0.046,0.001,0.302,0.525,0.204,0.001,0.065,0.447,0.75,0.291,0.284,0.183,0.221,0.062,0.001,0.001,0.618,0.703,0.425,0.343,0.001,0.791,0.779,1.408,0.473,0.476,0.201,0.284,0.806,-0.277,0.501,0.246,0.782,0,0.132,0,0.001,0.001,0,0,0,0,0.001,0.022,0.001,0,0.001,0,0.001,0,0.001,0.001,0.001,0,0.001,0.001,0,0.01,0,0.001,0.001,0.001,0.001,0,0.001,0,0,0,0,0,0,0.068,0,0.001,0,0,0,0,12.391,0.249
12:59.3,11557,0.006,0.012,0.783,0.622,0.552,0.255,0.64,0.47,0.702,0.637,0.285,0.137,0.705,0.704,-0.013,-0.09,0.486,0.815,0.243,0.203,0.368,-0.665,-0.379,-0.528,0.001,0.001,0.001,0.001,0.107,0.001,0.046,0.035,0.001,0.183,0.38,0.05,0.037,0.121,0.305,0.388,0.046,0.001,0.292,0.499,0.167,0.001,0.065,0.442,0.75,0.295,0.291,0.164,0.162,0.044,0.001,0.001,0.62,0.705,0.42,0.347,0.001,0.794,0.778,1.414,0.498,0.476,0.201,0.283,0.784,-0.278,0.504,0.233,0.784,0,0.138,0.001,0,0,0,0.001,0,0,0.001,0.023,0.001,0,0,0.001,0,0.001,0.001,0.001,0.001,0.001,0,0.001,0,0.011,0,0,0.001,0,0.001,0.001,0.001,0.001,0.001,0.001,0,0,0.001,0.06,0,0,0.001,0.001,0,0.001,12.2,0.254
12:59.4,11558,0.009,0.012,0.782,0.623,0.556,0.251,0.64,0.467,0.703,0.637,0.285,0.138,0.704,0.705,-0.023,-0.089,0.488,0.814,0.241,0.201,0.369,-0.666,-0.38,-0.525,0.001,0.001,0.001,0.001,0.112,0.001,0.05,0.035,0.001,0.155,0.337,0.02,0.035,0.125,0.32,0.391,0.045,0.001,0.256,0.471,0.117,0.001,0.063,0.446,0.751,0.295,0.289,0.133,0.125,0.024,0.001,0.001,0.617,0.705,0.425,0.341,0.001,0.789,0.779,1.425,0.501,0.471,0.2,0.274,0.784,-0.279,0.507,0.217,0.786,0.001,0.189,0.001,0,0.001,0,0.001,0,0,0.033,0.054,0,0,0.001,0,0,0.001,0.001,0.001,0.001,0.001,0,0,0,0.01,0.001,0.001,0,0.001,0,0,0.001,0,0.001,0,0,0,0,0.006,0,0,0.001,0.001,0,0.001,11.917,0.31
12:59.4,11559,0.013,0.013,0.782,0.623,0.561,0.247,0.64,0.463,0.703,0.637,0.286,0.138,0.702,0.706,-0.034,-0.086,0.489,0.814,0.24,0.2,0.369,-0.668,-0.38,-0.522,0.001,0.001,0.001,0.001,0.114,0.001,0.055,0.037,0.001,0.128,0.28,0.012,0.027,0.12,0.331,0.391,0.048,0.001,0.225,0.42,0.085,0.001,0.05,0.449,0.753,0.299,0.309,0.104,0.077,0.011,0.001,0.001,0.613,0.706,0.41,0.361,0.001,0.781,0.778,1.441,0.529,0.465,0.199,0.27,0.642,-0.282,0.509,0.212,0.785,0.475,0.546,0,0.001,0,0,0,0,0.039,0.336,0.175,0,0,0,0,0,0,0.001,0.101,0,0.001,0.001,0,0.001,0.01,0,0.001,0.001,0,0,0,0,0,0,0,0.001,0.001,0.001,0,0.001,0.001,0.001,0.001,0,0.001,11.531,1.697
12:59.4,11560,0.016,0.016,0.781,0.624,0.565,0.244,0.64,0.459,0.702,0.637,0.286,0.138,0.701,0.707,-0.046,-0.083,0.491,0.814,0.239,0.199,0.369,-0.669,-0.38,-0.521,0.001,0.001,0.001,0.001,0.115,0.001,0.057,0.038,0.001,0.109,0.178,0.001,0.037,0.131,0.348,0.392,0.051,0.001,0.214,0.333,0.056,0.001,0.05,0.457,0.757,0.309,0.327,0.087,0.033,0.001,0.001,0.001,0.606,0.706,0.409,0.359,0.001,0.775,0.775,1.447,0.534,0.458,0.197,0.258,0.637,-0.282,0.509,0.212,0.785,0.475,0.546,0,0.001,0,0,0,0,0.039,0.336,0.175,0,0,0,0,0,0,0.001,0.101,0,0.001,0.001,0,0.001,0.01,0,0.001,0.001,0,0,0,0,0,0,0,0.001,0.001,0.001,0,0.001,0.001,0.001,0.001,0,0.001,11.253,1.697
12:59.4,11561,0.018,0.019,0.78,0.625,0.57,0.241,0.64,0.455,0.7,0.639,0.286,0.139,0.698,0.71,-0.056,-0.079,0.492,0.814,0.237,0.197,0.369,-0.669,-0.38,-0.521,0.001,0.001,0.001,0.001,0.115,0.001,0.057,0.038,0.001,0.109,0.178,0.001,0.037,0.131,0.348,0.392,0.051,0.001,0.214,0.333,0.056,0.001,0.05,0.457,0.757,0.309,0.327,0.087,0.033,0.001,0.001,0.001,0.606,0.706,0.409,0.359,0.001,0.775,0.775,1.447,0.534,0.458,0.197,0.258,0.637,-0.282,0.509,0.212,0.785,0.475,0.546,0,0.001,0,0,0,0,0.039,0.336,0.175,0,0,0,0,0,0,0.001,0.101,0,0.001,0.001,0,0.001,0.01,0,0.001,0.001,0,0,0,0,0,0,0,0.001,0.001,0.001,0,0.001,0.001,0.001,0.001,0,0.001,11.253,1.697
12:59.4,11562,0.019,0.022,0.78,0.625,0.574,0.238,0.64,0.452,0.696,0.643,0.284,0.143,0.696,0.712,-0.059,-0.074,0.494,0.814,0.235,0.196,0.369,-0.669,-0.38,-0.521,0.001,0.001,0.001,0.001,0.115,0.001,0.057,0.038,0.001,0.109,0.178,0.001,0.037,0.131,0.348,0.392,0.051,0.001,0.214,0.333,0.056,0.001,0.05,0.457,0.757,0.309,0.327,0.087,0.033,0.001,0.001,0.001,0.606,0.706,0.409,0.359,0.001,0.775,0.775,1.447,0.534,0.458,0.197,0.258,0.637,-0.282,0.509,0.212,0.785,0.475,0.546,0,0.001,0,0,0,0,0.039,0.336,0.175,0,0,0,0,0,0,0.001,0.101,0,0.001,0.001,0,0.001,0.01,0,0.001,0.001,0,0,0,0,0,0,0,0.001,0.001,0.001,0,0.001,0.001,0.001,0.001,0,0.001,11.253,1.697
12:59.4,11563,0.019,0.025,0.78,0.625,0.578,0.235,0.64,0.448,0.692,0.649,0.28,0.149,0.698,0.711,-0.046,-0.07,0.496,0.814,0.233,0.194,0.369,-0.669,-0.38,-0.521,0.001,0.001,0.001,0.001,0.115,0.001,0.057,0.038,0.001,0.109,0.178,0.001,0.037,0.131,0.348,0.392,0.051,0.001,0.214,0.333,0.056,0.001,0.05,0.457,0.757,0.309,0.327,0.087,0.033,0.001,0.001,0.001,0.606,0.706,0.409,0.359,0.001,0.775,0.775,1.447,0.534,0.458,0.197,0.258,0.637,-0.282,0.509,0.212,0.785,0.475,0.546,0,0.001,0,0,0,0,0.039,0.336,0.175,0,0,0,0,0,0,0.001,0.101,0,0.001,0.001,0,0.001,0.01,0,0.001,0.001,0,0,0,0,0,0,0,0.001,0.001,0.001,0,0.001,0.001,0.001,0.001,0,0.001,11.253,1.697
12:59.4,11564,0.019,0.028,0.78,0.625,0.582,0.233,0.64,0.444,0.689,0.653,0.273,0.156,0.702,0.708,-0.028,-0.074,0.495,0.816,0.23,0.191,0.369,-0.669,-0.38,-0.521,0.001,0.001,0.001,0.001,0.115,0.001,0.057,0.038,0.001,0.109,0.178,0.001,0.037,0.131,0.348,0.392,0.051,0.001,0.214,0.333,0.056,0.001,0.05,0.457,0.757,0.309,0.327,0.087,0.033,0.001,0.001,0.001,0.606,0.706,0.409,0.359,0.001,0.775,0.775,1.447,0.534,0.458,0.197,0.258,0.637,-0.282,0.509,0.212,0.785,0.475,0.546,0,0.001,0,0,0,0,0.039,0.336,0.175,0,0,0,0,0,0,0.001,0.101,0,0.001,0.001,0,0.001,0.01,0,0.001,0.001,0,0,0,0,0,0,0,0.001,0.001,0.001,0,0.001,0.001,0.001,0.001,0,0.001,11.253,1.697
12:59.4,11565,0.018,0.031,0.781,0.624,0.584,0.231,0.641,0.441,0.69,0.653,0.266,0.161,0.707,0.702,-0.024,-0.086,0.493,0.818,0.227,0.188,0.369,-0.669,-0.38,-0.521,0.001,0.001,0.001,0.001,0.115,0.001,0.057,0.038,0.001,0.109,0.178,0.001,0.037,0.131,0.348,0.392,0.051,0.001,0.214,0.333,0.056,0.001,0.05,0.457,0.757,0.309,0.327,0.087,0.033,0.001,0.001,0.001,0.606,0.706,0.409,0.359,0.001,0.775,0.775,1.447,0.534,0.458,0.197,0.258,0.637,-0.282,0.509,0.212,0.785,0.475,0.546,0,0.001,0,0,0,0,0.039,0.336,0.175,0,0,0,0,0,0,0.001,0.101,0,0.001,0.001,0,0.001,0.01,0,0.001,0.001,0,0,0,0,0,0,0,0.001,0.001,0.001,0,0.001,0.001,0.001,0.001,0,0.001,11.253,1.697
12:59.4,11566,0.016,0.034,0.781,0.623,0.587,0.228,0.641,0.439,0.695,0.65,0.26,0.166,0.711,0.696,-0.03,-0.094,0.491,0.82,0.225,0.187,0.357,-0.697,-0.353,-0.512,0.001,0.001,0.001,0.001,0.115,0.001,0.057,0.038,0,0.11,0.172,0.001,0.032,0.132,0.349,0.392,0.049,0.001,0.212,0.324,0.05,0.001,0.05,0.459,0.756,0.31,0.331,0.087,0.035,0.001,0.001,0.001,0.604,0.707,0.407,0.358,0.001,0.772,0.777,1.452,0.535,0.463,0.197,0.254,0.639,-0.435,0.464,0.23,0.737,1.123,0.813,0.001,0,0,0.001,0.001,0.001,0.482,0.529,0.28,0.001,0.001,0,0,0,0.001,0.001,0.347,0.001,0,0.001,0,0,0.01,0,0,0.001,0,0,0.001,0,0.001,0.001,0.001,0,0,0.001,0.001,0,0,0.001,0.005,0.001,0,11.237,3.608
12:59.4,11567,0.013,0.037,0.781,0.623,0.589,0.226,0.642,0.437,0.7,0.643,0.261,0.168,0.714,0.693,-0.037,-0.093,0.488,0.823,0.224,0.188,0.354,-0.703,-0.344,-0.512,0.001,0.001,0.001,0.001,0.046,0.001,0.037,0.027,0.001,0.009,0.001,0.001,0.01,0.029,0.209,0.366,0.061,0.001,0.067,0.074,0.001,0.001,0.01,0.365,0.733,0.306,0.333,0.001,0.001,0,0.001,0.004,0.559,0.705,0.377,0.383,0.001,0.758,0.802,1.496,0.53,0.471,0.22,0.271,0.718,-0.439,0.476,0.215,0.731,1.447,0.962,0.9,0.211,0.053,0,0.126,0.004,0.731,0.851,0.9,0.436,0.001,0,0.089,0.209,0.001,0.045,0.879,0.679,0.107,0.001,0.001,0.032,0.243,0,0.164,0.035,0.001,0,0.001,0.001,0.001,0.051,0,0.127,0,0.001,0.056,0,0.022,0,0.001,0.001,0,9.991,9.37
12:59.5,11568,0.009,0.04,0.78,0.624,0.591,0.223,0.642,0.435,0.703,0.637,0.268,0.167,0.713,0.694,-0.042,-0.088,0.483,0.825,0.223,0.191,0.35,-0.713,-0.329,-0.511,0.001,0.001,0.001,0.001,0.034,0.001,0.039,0.017,0.001,0.001,0.001,0.001,0.001,0.001,0.166,0.36,0.066,0.001,0.04,0.05,0.001,0.001,0.028,0.258,0.728,0.309,0.327,0.001,0.001,0.001,0.001,0.005,0.49,0.709,0.386,0.36,0.001,0.748,0.81,1.487,0.49,0.49,0.217,0.266,0.734,-0.438,0.489,0.188,0.73,1.442,0.954,0.885,0.238,0.125,0.001,0.209,0.009,0.72,0.846,0.908,0.513,0.001,0.001,0.199,0.299,0.015,0.05,0.889,0.717,0.233,0,0.001,0.153,0.484,0.001,0.287,0.045,0.002,0,0,0.001,0.103,0.233,0,0.25,0.001,0,0.358,0,0.095,0.001,0,0.001,0.001,9.633,11.271
12:59.5,11569,0.005,0.043,0.779,0.626,0.595,0.22,0.641,0.433,0.705,0.633,0.278,0.159,0.708,0.7,-0.048,-0.083,0.479,0.826,0.223,0.195,0.348,-0.719,-0.318,-0.51,0.001,0.001,0.001,0.001,0.017,0.001,0.046,0.012,0.001,0.001,0.001,0.001,0.001,0.001,0.134,0.326,0.072,0.001,0.002,0.04,0.001,0.001,0.007,0.179,0.74,0.304,0.338,0.001,0.001,0.001,0.001,0.001,0.394,0.723,0.396,0.36,0.001,0.698,0.838,1.493,0.469,0.504,0.228,0.254,0.712,-0.432,0.495,0.171,0.734,1.419,0.949,0.874,0.252,0.142,0.001,0.22,0.017,0.719,0.842,0.904,0.551,0.001,0,0.234,0.302,0.055,0.05,0.893,0.736,0.282,0.012,0,0.228,0.582,0,0.294,0.049,0.013,0.001,0,0.001,0.197,0.385,0,0.325,0,0.009,0.524,0.006,0.137,0,0.001,0.001,0.043,9.306,12.251
12:59.5,11570,0,0.046,0.777,0.628,0.6,0.217,0.639,0.43,0.706,0.631,0.285,0.148,0.701,0.707,-0.054,-0.08,0.475,0.827,0.224,0.2,0.344,-0.728,-0.303,-0.51,0.001,0.001,0.001,0.001,0.017,0.001,0.084,0.007,0.001,0.001,0.001,0.001,0.001,0.001,0.133,0.297,0.077,0.001,0.001,0.042,0.001,0.001,0.012,0.123,0.687,0.3,0.364,0.001,0.001,0.001,0.001,0.002,0.255,0.725,0.394,0.355,0.001,0.531,0.857,1.497,0.411,0.538,0.228,0.243,0.68,-0.424,0.497,0.155,0.741,1.414,0.94,0.863,0.248,0.17,0,0.228,0.024,0.707,0.841,0.902,0.569,0.001,0,0.252,0.304,0.079,0.05,0.899,0.745,0.315,0.012,0.001,0.245,0.617,0.001,0.302,0.05,0.022,0.001,0.001,0.001,0.289,0.455,0,0.346,0,0.042,0.582,0.107,0.144,0.001,0.001,0,0.092,8.879,12.863
12:59.5,11571,-0.003,0.05,0.774,0.631,0.605,0.214,0.636,0.428,0.708,0.629,0.289,0.139,0.696,0.711,-0.063,-0.08,0.47,0.828,0.224,0.205,0.341,-0.74,-0.278,-0.51,0.001,0.001,0.001,0.001,0.005,0.001,0.037,0.005,0.001,0.001,0.001,0.001,0.001,0.001,0.142,0.252,0.085,0.001,0.001,0.028,0.001,0.001,0.001,0.101,0.585,0.281,0.385,0.001,0.001,0.001,0.001,0.012,0.259,0.711,0.402,0.388,0.001,0.503,0.933,1.501,0.36,0.491,0.233,0.222,0.625,-0.414,0.503,0.144,0.744,1.41,0.93,0.852,0.27,0.187,0,0.225,0.024,0.707,0.834,0.889,0.575,0.001,0,0.241,0.306,0.092,0.05,0.906,0.757,0.359,0.009,0,0.254,0.662,0.017,0.308,0.061,0.039,0.002,0.001,0,0.335,0.512,0,0.354,0.001,0.125,0.621,0.244,0.161,0,0.001,0.001,0.201,8.567,13.524
12:59.5,11572,-0.007,0.056,0.771,0.634,0.61,0.213,0.633,0.426,0.708,0.631,0.291,0.131,0.693,0.713,-0.072,-0.082,0.466,0.83,0.224,0.208,0.339,-0.747,-0.257,-0.51,0.001,0.001,0.001,0.001,0.007,0.001,0.013,0.007,0.001,0.001,0.001,0.001,0.001,0.001,0.136,0.223,0.104,0.001,0.001,0.027,0.001,0.001,0.001,0.078,0.537,0.247,0.4,0.001,0.001,0.001,0.001,0.001,0.232,0.625,0.392,0.425,0.001,0.453,0.991,1.513,0.348,0.518,0.186,0.208,0.591,-0.402,0.51,0.131,0.749,1.404,0.93,0.851,0.27,0.228,0.001,0.217,0.024,0.712,0.828,0.878,0.603,0.001,0.006,0.243,0.302,0.12,0.051,0.911,0.762,0.374,0.013,0.001,0.281,0.669,0.055,0.335,0.067,0.053,0.006,0.001,0,0.38,0.567,0.016,0.359,0.001,0.219,0.673,0.343,0.184,0.001,0.001,0,0.271,8.283,14.212
12:59.5,11573,-0.01,0.064,0.767,0.639,0.616,0.212,0.629,0.424,0.705,0.636,0.287,0.128,0.69,0.715,-0.079,-0.083,0.463,0.832,0.223,0.21,0.337,-0.761,-0.22,-0.509,0.001,0.001,0.001,0.001,0.001,0.001,0.001,0.013,0.001,0.001,0.001,0.001,0.001,0.001,0.139,0.234,0.101,0.001,0.001,0.022,0.001,0.001,0.001,0.077,0.44,0.199,0.414,0.001,0.001,0.001,0.001,0.004,0.227,0.442,0.354,0.509,0.001,0.402,0.956,1.548,0.348,0.497,0.161,0.17,0.568,-0.387,0.517,0.115,0.755,1.398,0.926,0.849,0.277,0.233,0.001,0.203,0.032,0.719,0.823,0.867,0.614,0.004,0.016,0.245,0.295,0.14,0.056,0.913,0.764,0.398,0.018,0.001,0.291,0.665,0.085,0.339,0.076,0.073,0.017,0.001,0.001,0.392,0.621,0.054,0.375,0,0.297,0.707,0.422,0.183,0.001,0.023,0.001,0.396,7.848,14.812
12:59.5,11574,-0.013,0.073,0.761,0.644,0.623,0.212,0.624,0.421,0.7,0.644,0.277,0.133,0.686,0.718,-0.084,-0.08,0.461,0.834,0.222,0.209,0.337,-0.761,-0.22,-0.509,0.001,0.001,0.001,0.001,0.001,0.001,0.001,0.013,0.001,0.001,0.001,0.001,0.001,0.001,0.139,0.234,0.101,0.001,0.001,0.022,0.001,0.001,0.001,0.077,0.44,0.199,0.414,0.001,0.001,0.001,0.001,0.004,0.227,0.442,0.354,0.509,0.001,0.402,0.956,1.548,0.348,0.497,0.161,0.17,0.568,-0.377,0.521,0.106,0.758,1.399,0.922,0.84,0.264,0.236,0,0.182,0.035,0.724,0.819,0.863,0.624,0.01,0.021,0.219,0.277,0.156,0.057,0.918,0.772,0.43,0.024,0,0.295,0.668,0.1,0.327,0.081,0.085,0.032,0,0,0.403,0.634,0.081,0.374,0,0.383,0.718,0.481,0.222,0.024,0.077,0.005,0.458,7.848,15.24
12:59.5,11575,-0.017,0.083,0.755,0.651,0.63,0.21,0.619,0.419,0.694,0.653,0.266,0.146,0.683,0.721,-0.09,-0.07,0.46,0.835,0.221,0.205,0.337,-0.761,-0.22,-0.509,0.001,0.001,0.001,0.001,0.001,0.001,0.001,0.013,0.001,0.001,0.001,0.001,0.001,0.001,0.139,0.234,0.101,0.001,0.001,0.022,0.001,0.001,0.001,0.077,0.44,0.199,0.414,0.001,0.001,0.001,0.001,0.004,0.227,0.442,0.354,0.509,0.001,0.402,0.956,1.548,0.348,0.497,0.161,0.17,0.568,-0.377,0.521,0.106,0.758,1.399,0.922,0.84,0.264,0.236,0,0.182,0.035,0.724,0.819,0.863,0.624,0.01,0.021,0.219,0.277,0.156,0.057,0.918,0.772,0.43,0.024,0,0.295,0.668,0.1,0.327,0.081,0.085,0.032,0,0,0.403,0.634,0.081,0.374,0,0.383,0.718,0.481,0.222,0.024,0.077,0.005,0.458,7.848,15.24
12:59.5,11576,-0.02,0.094,0.748,0.657,0.637,0.207,0.614,0.416,0.685,0.661,0.258,0.164,0.681,0.724,-0.097,-0.055,0.46,0.836,0.221,0.198,0.337,-0.761,-0.22,-0.509,0.001,0.001,0.001,0.001,0.001,0.001,0.001,0.013,0.001,0.001,0.001,0.001,0.001,0.001,0.139,0.234,0.101,0.001,0.001,0.022,0.001,0.001,0.001,0.077,0.44,0.199,0.414,0.001,0.001,0.001,0.001,0.004,0.227,0.442,0.354,0.509,0.001,0.402,0.956,1.548,0.348,0.497,0.161,0.17,0.568,-0.377,0.521,0.106,0.758,1.399,0.922,0.84,0.264,0.236,0,0.182,0.035,0.724,0.819,0.863,0.624,0.01,0.021,0.219,0.277,0.156,0.057,0.918,0.772,0.43,0.024,0,0.295,0.668,0.1,0.327,0.081,0.085,0.032,0,0,0.403,0.634,0.081,0.374,0,0.383,0.718,0.481,0.222,0.024,0.077,0.005,0.458,7.848,15.24
12:59.5,11577,-0.022,0.104,0.741,0.663,0.645,0.204,0.61,0.413,0.673,0.669,0.255,0.184,0.68,0.725,-0.102,-0.042,0.462,0.837,0.221,0.19,0.337,-0.761,-0.22,-0.509,0.001,0.001,0.001,0.001,0.001,0.001,0.001,0.013,0.001,0.001,0.001,0.001,0.001,0.001,0.139,0.234,0.101,0.001,0.001,0.022,0.001,0.001,0.001,0.077,0.44,0.199,0.414,0.001,0.001,0.001,0.001,0.004,0.227,0.442,0.354,0.509,0.001,0.402,0.956,1.548,0.348,0.497,0.161,0.17,0.568,-0.377,0.521,0.106,0.758,1.399,0.922,0.84,0.264,0.236,0,0.182,0.035,0.724,0.819,0.863,0.624,0.01,0.021,0.219,0.277,0.156,0.057,0.918,0.772,0.43,0.024,0,0.295,0.668,0.1,0.327,0.081,0.085,0.032,0,0,0.403,0.634,0.081,0.374,0,0.383,0.718,0.481,0.222,0.024,0.077,0.005,0.458,7.848,15.24
12:59.6,11578,-0.023,0.112,0.735,0.669,0.651,0.199,0.608,0.409,0.663,0.675,0.257,0.199,0.68,0.725,-0.104,-0.031,0.465,0.838,0.221,0.182,0.337,-0.761,-0.22,-0.509,0.001,0.001,0.001,0.001,0.001,0.001,0.001,0.013,0.001,0.001,0.001,0.001,0.001,0.001,0.139,0.234,0.101,0.001,0.001,0.022,0.001,0.001,0.001,0.077,0.44,0.199,0.414,0.001,0.001,0.001,0.001,0.004,0.227,0.442,0.354,0.509,0.001,0.402,0.956,1.548,0.348,0.497,0.161,0.17,0.568,-0.377,0.521,0.106,0.758,1.399,0.922,0.84,0.264,0.236,0,0.182,0.035,0.724,0.819,0.863,0.624,0.01,0.021,0.219,0.277,0.156,0.057,0.918,0.772,0.43,0.024,0,0.295,0.668,0.1,0.327,0.081,0.085,0.032,0,0,0.403,0.634,0.081,0.374,0,0.383,0.718,0.481,0.222,0.024,0.077,0.005,0.458,7.848,15.24
12:59.6,11579,-0.021,0.12,0.729,0.673,0.654,0.193,0.608,0.406,0.655,0.678,0.26,0.207,0.679,0.726,-0.104,-0.026,0.467,0.839,0.22,0.173,0.337,-0.761,-0.22,-0.509,0.001,0.001,0.001,0.001,0.001,0.001,0.001,0.013,0.001,0.001,0.001,0.001,0.001,0.001,0.139,0.234,0.101,0.001,0.001,0.022,0.001,0.001,0.001,0.077,0.44,0.199,0.414,0.001,0.001,0.001,0.001,0.004,0.227,0.442,0.354,0.509,0.001,0.402,0.956,1.548,0.348,0.497,0.161,0.17,0.568,-0.377,0.521,0.106,0.758,1.399,0.922,0.84,0.264,0.236,0,0.182,0.035,0.724,0.819,0.863,0.624,0.01,0.021,0.219,0.277,0.156,0.057,0.918,0.772,0.43,0.024,0,0.295,0.668,0.1,0.327,0.081,0.085,0.032,0,0,0.403,0.634,0.081,0.374,0,0.383,0.718,0.481,0.222,0.024,0.077,0.005,0.458,7.848,15.24
12:59.6,11580,-0.016,0.127,0.725,0.677,0.656,0.184,0.612,0.401,0.65,0.681,0.264,0.209,0.678,0.727,-0.102,-0.024,0.467,0.84,0.219,0.164,0.378,-0.802,-0.014,-0.463,0.001,0.001,0.001,0.001,0.001,0.001,0.001,0.017,0.001,0.001,0.001,0.001,0.001,0.001,0.12,0.258,0.085,0.001,0.001,0.028,0.001,0.001,0.001,0.07,0.325,0.151,0.425,0.001,0.001,0.001,0.001,0.001,0.231,0.363,0.342,0.547,0.001,0.433,0.841,1.541,0.36,0.44,0.122,0.154,0.571,-0.377,0.521,0.106,0.758,1.399,0.922,0.84,0.264,0.236,0,0.182,0.035,0.724,0.819,0.863,0.624,0.01,0.021,0.219,0.277,0.156,0.057,0.918,0.772,0.43,0.024,0,0.295,0.668,0.1,0.327,0.081,0.085,0.032,0,0,0.403,0.634,0.081,0.374,0,0.383,0.718,0.481,0.222,0.024,0.077,0.005,0.458,7.448,15.24
12:59.6,11581,-0.009,0.135,0.722,0.679,0.657,0.174,0.617,0.395,0.648,0.683,0.267,0.207,0.678,0.728,-0.101,-0.023,0.467,0.842,0.217,0.157,0.396,-0.795,0.001,-0.46,0.001,0.001,0.001,0.001,0.001,0.001,0.001,0.001,0.001,0.048,0.001,0.001,0.001,0.001,0.001,0.001,0.001,0.001,0.001,0.05,0.001,0.001,0.001,0.001,0.056,0.001,0.015,0.001,0.001,0.001,0.001,0.001,0.001,0.034,0.001,0.057,0.001,0.001,0.002,0.001,0.001,0.001,0.001,0.001,0.001,-0.293,0.557,0.048,0.775,1.394,0.919,0.835,0.271,0.23,0.001,0.173,0.037,0.733,0.818,0.864,0.626,0.013,0.022,0.217,0.277,0.155,0.061,0.919,0.777,0.457,0.023,0.001,0.302,0.667,0.109,0.341,0.083,0.092,0.035,0,0,0.41,0.63,0.09,0.394,0.001,0.42,0.731,0.52,0.232,0.028,0.093,0.024,0.492,0.3,15.517
12:59.6,11582,0,0.143,0.719,0.68,0.658,0.162,0.625,0.388,0.647,0.684,0.269,0.202,0.677,0.728,-0.1,-0.023,0.466,0.845,0.215,0.153,0.402,-0.788,0.017,-0.467,0.001,0.001,0.001,0.001,0.001,0.001,0.001,0.001,0.001,0.023,0.001,0.001,0.001,0.001,0.001,0.001,0.001,0.001,0.001,0.05,0.001,0.001,0.001,0.001,0.044,0.001,0.001,0.001,0.001,0.001,0.001,0.001,0.001,0.01,0.001,0.015,0.001,0.001,0.001,0.001,0.001,0.001,0.001,0.001,0.001,-0.285,0.561,0.044,0.776,1.36,0.905,0.791,0.266,0.31,0.001,0.121,0.043,0.77,0.796,0.839,0.643,0.083,0.071,0.181,0.263,0.149,0.115,0.924,0.811,0.628,0.09,0,0.314,0.651,0.186,0.331,0.126,0.178,0.123,0.001,0,0.465,0.63,0.172,0.394,0.001,0.703,0.766,0.718,0.306,0.142,0.216,0.234,0.851,0.182,17.668
12:59.6,11583,0.011,0.152,0.717,0.68,0.654,0.139,0.627,0.399,0.648,0.686,0.269,0.195,0.677,0.729,-0.099,-0.025,0.463,0.847,0.213,0.151,0.397,-0.781,0.023,-0.482,0.001,0.001,0.001,0.001,0.001,0.001,0.001,0.001,0.001,0.015,0.001,0.001,0.001,0.001,0.001,0.001,0.001,0.001,0.001,0.021,0.001,0.001,0.001,0.001,0.051,0.001,0.001,0.001,0.001,0.001,0.001,0.001,0.001,0.011,0.001,0.024,0.001,0.001,0.001,0.001,0.001,0.001,0.001,0.001,0.001,-0.274,0.566,0.038,0.776,1.357,0.901,0.789,0.264,0.314,0.001,0.115,0.044,0.77,0.799,0.838,0.645,0.085,0.081,0.179,0.261,0.151,0.112,0.926,0.81,0.636,0.098,0.001,0.311,0.65,0.193,0.333,0.127,0.179,0.125,0,0.001,0.479,0.629,0.188,0.391,0,0.711,0.773,0.716,0.302,0.15,0.223,0.252,0.889,0.162,17.799
12:59.6,11584,0.021,0.162,0.716,0.678,0.651,0.116,0.627,0.41,0.649,0.687,0.267,0.188,0.676,0.729,-0.099,-0.027,0.46,0.849,0.211,0.152,0.389,-0.76,0.018,-0.52,0.001,0.001,0.001,0.001,0.001,0.001,0.001,0.001,0.001,0.017,0.001,0.001,0.001,0.001,0.001,0.001,0.001,0.001,0.001,0.017,0.001,0.001,0.001,0.001,0.048,0.001,0.006,0.001,0.001,0.001,0.001,0.001,0.001,0.017,0.001,0.029,0.001,0.001,0.001,0.001,0.001,0.001,0.001,0.001,0.001,-0.265,0.57,0.032,0.777,1.353,0.899,0.783,0.259,0.319,0.001,0.114,0.043,0.767,0.797,0.836,0.643,0.092,0.088,0.172,0.261,0.15,0.106,0.927,0.808,0.64,0.105,0.001,0.305,0.65,0.194,0.331,0.127,0.184,0.134,0,0.001,0.48,0.628,0.192,0.392,0.001,0.735,0.773,0.735,0.3,0.158,0.237,0.265,0.907,0.173,17.893
12:59.6,11585,0.029,0.173,0.715,0.677,0.65,0.099,0.629,0.414,0.65,0.689,0.265,0.181,0.676,0.73,-0.099,-0.029,0.457,0.85,0.21,0.155,0.382,-0.753,0.015,-0.536,0.001,0.001,0.001,0.001,0.001,0.001,0.001,0.001,0.001,0.018,0.001,0.001,0.001,0.001,0.001,0.001,0.001,0.001,0.001,0.016,0.001,0.001,0.001,0.001,0.05,0.001,0.001,0.001,0.001,0.001,0.001,0.001,0.001,0.015,0.001,0.031,0,0.001,0.001,0.001,0.001,0.001,0.001,0.001,0.001,-0.254,0.574,0.026,0.778,1.344,0.895,0.778,0.256,0.316,0.001,0.112,0.04,0.763,0.797,0.835,0.641,0.089,0.085,0.17,0.261,0.153,0.103,0.927,0.81,0.64,0.1,0.001,0.306,0.646,0.193,0.336,0.127,0.186,0.138,0.001,0.001,0.486,0.629,0.195,0.387,0.001,0.742,0.777,0.752,0.299,0.165,0.247,0.276,0.919,0.169,17.926
12:59.6,11586,0.035,0.184,0.713,0.675,0.653,0.092,0.631,0.409,0.65,0.691,0.261,0.176,0.675,0.731,-0.1,-0.03,0.455,0.852,0.209,0.157,0.387,-0.748,0,-0.54,0.001,0.001,0.001,0.001,0.001,0.001,0.001,0.001,0.001,0.021,0.001,0.001,0.001,0.001,0.001,0.001,0.001,0.001,0.001,0.021,0.001,0.001,0.001,0.001,0.05,0.001,0.001,0.001,0.001,0.001,0.001,0.001,0.001,0.015,0.001,0.023,0.001,0.001,0.001,0.001,0.001,0.001,0.001,0.001,0.001,-0.242,0.579,0.017,0.778,1.342,0.891,0.774,0.252,0.299,0.001,0.105,0.039,0.756,0.795,0.833,0.646,0.087,0.088,0.159,0.259,0.153,0.092,0.927,0.808,0.64,0.1,0,0.308,0.646,0.197,0.335,0.126,0.187,0.133,0,0.001,0.493,0.635,0.197,0.38,0,0.77,0.777,0.764,0.3,0.168,0.253,0.289,0.941,0.17,17.946
12:59.6,11587,0.038,0.194,0.711,0.674,0.656,0.092,0.631,0.403,0.65,0.695,0.257,0.17,0.674,0.731,-0.101,-0.03,0.452,0.853,0.208,0.158,0.408,-0.729,-0.028,-0.548,0.001,0.001,0.001,0.001,0.001,0.001,0.001,0.001,0.001,0.026,0.001,0.001,0.001,0.001,0.001,0.001,0.001,0.001,0.001,0.021,0.001,0.001,0.001,0.001,0.05,0.001,0.001,0.001,0.001,0.001,0.001,0.001,0.001,0.013,0.001,0.026,0.001,0.001,0.001,0.001,0.001,0.001,0.001,0.001,0.001,-0.232,0.582,0.011,0.779,1.336,0.89,0.77,0.243,0.287,0.001,0.096,0.039,0.748,0.795,0.832,0.64,0.082,0.087,0.158,0.258,0.154,0.084,0.926,0.808,0.645,0.104,0.001,0.304,0.645,0.195,0.335,0.126,0.187,0.138,0,0,0.499,0.635,0.203,0.376,0,0.779,0.783,0.774,0.3,0.175,0.259,0.303,0.952,0.176,17.952
12:59.7,11588,0.038,0.204,0.709,0.673,0.661,0.095,0.629,0.397,0.649,0.698,0.252,0.166,0.674,0.731,-0.102,-0.028,0.45,0.853,0.208,0.159,0.42,-0.717,-0.047,-0.555,0.001,0.001,0.001,0.001,0.001,0.001,0.001,0.001,0.001,0.026,0.001,0.001,0.001,0.001,0.001,0.001,0.001,0.001,0.001,0.022,0.001,0.001,0.001,0.001,0.05,0.001,0.001,0.001,0.001,0.001,0.001,0.001,0.001,0.013,0.001,0.015,0.001,0.001,0.001,0.001,0.001,0.001,0.001,0.001,0.001,-0.22,0.587,0.004,0.779,1.333,0.89,0.762,0.232,0.277,0.001,0.09,0.038,0.736,0.795,0.832,0.639,0.079,0.087,0.154,0.256,0.156,0.071,0.924,0.808,0.65,0.109,0,0.308,0.647,0.198,0.332,0.12,0.188,0.142,0,0.001,0.503,0.635,0.206,0.375,0.001,0.788,0.785,0.783,0.303,0.187,0.265,0.316,0.963,0.166,17.965
12:59.7,11589,0.036,0.212,0.707,0.673,0.667,0.101,0.626,0.391,0.648,0.702,0.246,0.163,0.673,0.732,-0.102,-0.025,0.449,0.854,0.209,0.159,0.42,-0.717,-0.047,-0.555,0.001,0.001,0.001,0.001,0.001,0.001,0.001,0.001,0.001,0.026,0.001,0.001,0.001,0.001,0.001,0.001,0.001,0.001,0.001,0.022,0.001,0.001,0.001,0.001,0.05,0.001,0.001,0.001,0.001,0.001,0.001,0.001,0.001,0.013,0.001,0.015,0.001,0.001,0.001,0.001,0.001,0.001,0.001,0.001,0.001,-0.21,0.59,-0.002,0.78,1.331,0.885,0.751,0.217,0.263,0.001,0.082,0.035,0.725,0.794,0.833,0.639,0.073,0.087,0.149,0.256,0.156,0.066,0.926,0.812,0.654,0.11,0.001,0.306,0.647,0.198,0.332,0.12,0.187,0.145,0,0,0.505,0.639,0.214,0.375,0,0.8,0.786,0.791,0.305,0.19,0.269,0.324,0.969,0.166,17.948
12:59.7,11590,0.033,0.219,0.705,0.674,0.674,0.109,0.621,0.385,0.645,0.707,0.241,0.162,0.673,0.732,-0.102,-0.022,0.449,0.854,0.21,0.159,0.42,-0.717,-0.047,-0.555,0.001,0.001,0.001,0.001,0.001,0.001,0.001,0.001,0.001,0.026,0.001,0.001,0.001,0.001,0.001,0.001,0.001,0.001,0.001,0.022,0.001,0.001,0.001,0.001,0.05,0.001,0.001,0.001,0.001,0.001,0.001,0.001,0.001,0.013,0.001,0.015,0.001,0.001,0.001,0.001,0.001,0.001,0.001,0.001,0.001,-0.199,0.593,-0.009,0.78,1.324,0.882,0.745,0.21,0.242,0,0.079,0.034,0.724,0.794,0.834,0.64,0.073,0.088,0.147,0.255,0.151,0.065,0.927,0.811,0.654,0.121,0.001,0.303,0.647,0.198,0.33,0.12,0.188,0.144,0,0,0.508,0.641,0.217,0.374,0.001,0.811,0.785,0.796,0.305,0.194,0.275,0.343,0.977,0.166,17.958
12:59.7,11591,0.029,0.224,0.703,0.675,0.679,0.117,0.617,0.38,0.642,0.711,0.235,0.162,0.673,0.732,-0.101,-0.019,0.449,0.853,0.212,0.157,0.42,-0.717,-0.047,-0.555,0.001,0.001,0.001,0.001,0.001,0.001,0.001,0.001,0.001,0.026,0.001,0.001,0.001,0.001,0.001,0.001,0.001,0.001,0.001,0.022,0.001,0.001,0.001,0.001,0.05,0.001,0.001,0.001,0.001,0.001,0.001,0.001,0.001,0.013,0.001,0.015,0.001,0.001,0.001,0.001,0.001,0.001,0.001,0.001,0.001,-0.189,0.596,-0.015,0.78,1.316,0.877,0.739,0.2,0.236,0.001,0.077,0.033,0.724,0.791,0.834,0.635,0.072,0.089,0.143,0.253,0.154,0.065,0.928,0.814,0.654,0.127,0.001,0.304,0.647,0.199,0.335,0.12,0.186,0.155,0.001,0,0.512,0.642,0.221,0.371,0.001,0.819,0.79,0.805,0.303,0.203,0.276,0.346,0.984,0.166,17.983
12:59.7,11592,0.025,0.227,0.701,0.676,0.684,0.121,0.612,0.378,0.639,0.715,0.23,0.164,0.673,0.732,-0.1,-0.017,0.451,0.853,0.214,0.156,0.42,-0.717,-0.047,-0.555,0.001,0.001,0.001,0.001,0.001,0.001,0.001,0.001,0.001,0.026,0.001,0.001,0.001,0.001,0.001,0.001,0.001,0.001,0.001,0.022,0.001,0.001,0.001,0.001,0.05,0.001,0.001,0.001,0.001,0.001,0.001,0.001,0.001,0.013,0.001,0.015,0.001,0.001,0.001,0.001,0.001,0.001,0.001,0.001,0.001,-0.177,0.599,-0.023,0.78,1.308,0.874,0.737,0.194,0.22,0.001,0.071,0.033,0.728,0.789,0.834,0.631,0.073,0.089,0.144,0.253,0.151,0.065,0.93,0.814,0.657,0.127,0.001,0.304,0.647,0.198,0.333,0.118,0.186,0.159,0.001,0.001,0.509,0.645,0.225,0.37,0.001,0.827,0.791,0.811,0.3,0.21,0.278,0.355,0.995,0.166,17.988
12:59.7,11593,0.021,0.229,0.699,0.677,0.685,0.115,0.605,0.388,0.636,0.719,0.226,0.168,0.674,0.732,-0.098,-0.017,0.452,0.852,0.216,0.154,0.42,-0.717,-0.047,-0.555,0.001,0.001,0.001,0.001,0.001,0.001,0.001,0.001,0.001,0.026,0.001,0.001,0.001,0.001,0.001,0.001,0.001,0.001,0.001,0.022,0.001,0.001,0.001,0.001,0.05,0.001,0.001,0.001,0.001,0.001,0.001,0.001,0.001,0.013,0.001,0.015,0.001,0.001,0.001,0.001,0.001,0.001,0.001,0.001,0.001,-0.177,0.599,-0.023,0.78,1.308,0.874,0.737,0.194,0.22,0.001,0.071,0.033,0.728,0.789,0.834,0.631,0.073,0.089,0.144,0.253,0.151,0.065,0.93,0.814,0.657,0.127,0.001,0.304,0.647,0.198,0.333,0.118,0.186,0.159,0.001,0.001,0.509,0.645,0.225,0.37,0.001,0.827,0.791,0.811,0.3,0.21,0.278,0.355,0.995,0.166,17.988
12:59.7,11594,0.017,0.229,0.698,0.678,0.683,0.108,0.596,0.408,0.633,0.721,0.223,0.172,0.674,0.732,-0.097,-0.018,0.453,0.851,0.218,0.151,0.42,-0.717,-0.047,-0.555,0.001,0.001,0.001,0.001,0.001,0.001,0.001,0.001,0.001,0.026,0.001,0.001,0.001,0.001,0.001,0.001,0.001,0.001,0.001,0.022,0.001,0.001,0.001,0.001,0.05,0.001,0.001,0.001,0.001,0.001,0.001,0.001,0.001,0.013,0.001,0.015,0.001,0.001,0.001,0.001,0.001,0.001,0.001,0.001,0.001,-0.163,0.604,-0.03,0.78,1.303,0.873,0.73,0.184,0.208,0.001,0.066,0.032,0.726,0.788,0.833,0.628,0.066,0.093,0.139,0.25,0.153,0.063,0.932,0.816,0.662,0.131,0.001,0.304,0.645,0.201,0.336,0.116,0.186,0.161,0,0.001,0.514,0.647,0.231,0.36,0,0.841,0.797,0.822,0.298,0.219,0.286,0.35,1.004,0.166,17.997
12:59.7,11595,0.014,0.228,0.698,0.679,0.679,0.101,0.586,0.431,0.63,0.723,0.22,0.178,0.675,0.731,-0.095,-0.019,0.454,0.851,0.22,0.148,0.42,-0.717,-0.047,-0.555,0.001,0.001,0.001,0.001,0.001,0.001,0.001,0.001,0.001,0.026,0.001,0.001,0.001,0.001,0.001,0.001,0.001,0.001,0.001,0.022,0.001,0.001,0.001,0.001,0.05,0.001,0.001,0.001,0.001,0.001,0.001,0.001,0.001,0.013,0.001,0.015,0.001,0.001,0.001,0.001,0.001,0.001,0.001,0.001,0.001,-0.163,0.604,-0.03,0.78,1.303,0.873,0.73,0.184,0.208,0.001,0.066,0.032,0.726,0.788,0.833,0.628,0.066,0.093,0.139,0.25,0.153,0.063,0.932,0.816,0.662,0.131,0.001,0.304,0.645,0.201,0.336,0.116,0.186,0.161,0,0.001,0.514,0.647,0.231,0.36,0,0.841,0.797,0.822,0.298,0.219,0.286,0.35,1.004,0.166,17.997
12:59.7,11596,0.011,0.225,0.699,0.679,0.672,0.095,0.575,0.456,0.628,0.724,0.219,0.184,0.676,0.731,-0.093,-0.021,0.454,0.851,0.222,0.145,0.432,-0.533,-0.179,-0.705,0.001,0.001,0.001,0.001,0.001,0.001,0.001,0,0.001,0.018,0.001,0.001,0.001,0.001,0.001,0.001,0.001,0.001,0.001,0.016,0.001,0.001,0.001,0.001,0.05,0.001,0.001,0.001,0.001,0.001,0.001,0.001,0.001,0.013,0.001,0.007,0.001,0.001,0.001,0.001,0.001,0.001,0.001,0.001,0.001,-0.147,0.609,-0.038,0.779,1.3,0.871,0.724,0.182,0.204,0.001,0.066,0.031,0.726,0.786,0.834,0.631,0.066,0.093,0.142,0.25,0.154,0.063,0.933,0.817,0.661,0.136,0.001,0.305,0.645,0.209,0.333,0.115,0.186,0.164,0.001,0.001,0.521,0.651,0.234,0.359,0,0.842,0.797,0.825,0.293,0.223,0.289,0.355,1.016,0.143,18.036
12:59.7,11597,0.01,0.221,0.701,0.678,0.663,0.091,0.564,0.483,0.626,0.724,0.22,0.189,0.676,0.73,-0.092,-0.022,0.454,0.851,0.224,0.143,0.43,-0.509,-0.198,-0.719,0.001,0.001,0.001,0.001,0.001,0.001,0.001,0.001,0.001,0.02,0.001,0.001,0.001,0.001,0.001,0.001,0.001,0.001,0.001,0.012,0.001,0.001,0.001,0.001,0.05,0.001,0.001,0.001,0.001,0.001,0.001,0.001,0.001,0.01,0.001,0.006,0.001,0.001,0.001,0.001,0.001,0.001,0.001,0.001,0.001,-0.139,0.611,-0.042,0.778,1.3,0.871,0.724,0.186,0.211,0.001,0.067,0.032,0.728,0.784,0.833,0.632,0.067,0.093,0.142,0.252,0.154,0.063,0.933,0.818,0.659,0.134,0.001,0.305,0.647,0.215,0.336,0.117,0.187,0.165,0.001,0,0.519,0.652,0.242,0.357,0.001,0.849,0.799,0.818,0.288,0.228,0.287,0.359,1.027,0.138,18.084
12:59.8,11598,0.011,0.215,0.704,0.677,0.652,0.087,0.554,0.509,0.623,0.724,0.222,0.194,0.677,0.73,-0.091,-0.023,0.453,0.851,0.226,0.141,0.43,-0.489,-0.215,-0.727,0,0.001,0.001,0.001,0.001,0.001,0.001,0.001,0.001,0.021,0.001,0.001,0.001,0.001,0.001,0.001,0.001,0.001,0.001,0.012,0.001,0.001,0.001,0.001,0.049,0.001,0.001,0.001,0.001,0.001,0.001,0.001,0.001,0.009,0.001,0.007,0.001,0.001,0.001,0.001,0.001,0.001,0.001,0.001,0.001,-0.132,0.613,-0.046,0.777,1.3,0.871,0.724,0.184,0.219,0.001,0.068,0.032,0.728,0.784,0.833,0.63,0.067,0.093,0.142,0.252,0.155,0.063,0.934,0.819,0.659,0.131,0.001,0.306,0.648,0.222,0.341,0.116,0.186,0.172,0,0.001,0.521,0.653,0.247,0.358,0,0.85,0.795,0.823,0.286,0.234,0.289,0.361,1.037,0.137,18.136
12:59.8,11599,0.013,0.208,0.707,0.676,0.639,0.084,0.546,0.535,0.621,0.724,0.225,0.199,0.677,0.73,-0.09,-0.023,0.451,0.851,0.228,0.139,0.432,-0.47,-0.234,-0.734,0.001,0.001,0.001,0.001,0.001,0.001,0.001,0.001,0.001,0.02,0.001,0.001,0.001,0.001,0.001,0.001,0.001,0.001,0.001,0.013,0.001,0.001,0.001,0.001,0.05,0.001,0.001,0.001,0.001,0.001,0.001,0.001,0.001,0.004,0.001,0.007,0.001,0.001,0.001,0.001,0.001,0.001,0.001,0.001,0.001,-0.123,0.615,-0.051,0.777,1.3,0.868,0.725,0.184,0.242,0,0.072,0.033,0.73,0.783,0.832,0.636,0.068,0.092,0.143,0.253,0.159,0.065,0.934,0.821,0.662,0.123,0.001,0.311,0.651,0.222,0.338,0.12,0.184,0.172,0.001,0,0.523,0.654,0.252,0.365,0,0.85,0.794,0.821,0.289,0.237,0.289,0.365,1.039,0.134,18.203
12:59.8,11600,0.016,0.199,0.71,0.675,0.624,0.081,0.542,0.556,0.62,0.723,0.229,0.202,0.677,0.73,-0.09,-0.022,0.45,0.852,0.23,0.139,0.397,-0.471,-0.221,-0.756,0.001,0.001,0.001,0.001,0.001,0.001,0.001,0.001,0.001,0.021,0.001,0.001,0.001,0.001,0.001,0.001,0.001,0.001,0.001,0.011,0.001,0.001,0.001,0.001,0.046,0.001,0.001,0.001,0.001,0.001,0.001,0.001,0.001,0.002,0.001,0.01,0.001,0.001,0.001,0.001,0.001,0.001,0.001,0.001,0.001,-0.115,0.617,-0.055,0.776,1.299,0.867,0.724,0.186,0.249,0.001,0.074,0.033,0.733,0.781,0.832,0.637,0.07,0.103,0.145,0.253,0.161,0.066,0.934,0.822,0.662,0.131,0.001,0.315,0.652,0.223,0.342,0.122,0.186,0.172,0.001,0,0.525,0.656,0.253,0.364,0,0.851,0.79,0.823,0.294,0.237,0.292,0.371,1.045,0.13,18.278
