timestamp,packet_counter,right_thigh_q1,right_thigh_q2,right_thigh_q3,right_thigh_q4,right_calf_q1,right_calf_q2,right_calf_q3,right_calf_q4,left_thigh_q1,left_thigh_q2,left_thigh_q3,left_thigh_q4,left_calf_q1,left_calf_q2,left_calf_q3,left_calf_q4,trunk_q1,trunk_q2,trunk_q3,trunk_q4,right_foot_q0,right_foot_q1,right_foot_q2,right_foot_q3,right_pressure0,right_pressure1,right_pressure2,right_pressure3,right_pressure4,right_pressure5,right_pressure6,right_pressure7,right_pressure8,right_pressure9,right_pressure10,right_pressure11,right_pressure12,right_pressure13,right_pressure14,right_pressure15,right_pressure16,right_pressure17,right_pressure18,right_pressure19,right_pressure20,right_pressure21,right_pressure22,right_pressure23,right_pressure24,right_pressure25,right_pressure26,right_pressure27,right_pressure28,right_pressure29,right_pressure30,right_pressure31,right_pressure32,right_pressure33,right_pressure34,right_pressure35,right_pressure36,right_pressure37,right_pressure38,right_pressure39,right_pressure40,right_pressure41,right_pressure42,right_pressure43,right_pressure44,left_foot_q0,left_foot_q1,left_foot_q2,left_foot_q3,left_pressure0,left_pressure1,left_pressure2,left_pressure3,left_pressure4,left_pressure5,left_pressure6,left_pressure7,left_pressure8,left_pressure9,left_pressure10,left_pressure11,left_pressure12,left_pressure13,left_pressure14,left_pressure15,left_pressure16,left_pressure17,left_pressure18,left_pressure19,left_pressure20,left_pressure21,left_pressure22,left_pressure23,left_pressure24,left_pressure25,left_pressure26,left_pressure27,left_pressure28,left_pressure29,left_pressure30,left_pressure31,left_pressure32,left_pressure33,left_pressure34,left_pressure35,left_pressure36,left_pressure37,left_pressure38,left_pressure39,left_pressure40,left_pressure41,left_pressure42,left_pressure43,left_pressure44,right_pressure_sum,left_pressure_sum
11:23.6,1985,-0.382,-0.47,0.606,0.515,-0.102,0.083,-0.674,-0.727,0.67,0.611,-0.056,-0.417,0.749,0.569,0.305,0.149,0.326,0.369,-0.734,-0.468,-0.582,0.39,0.625,0.345,0.537,0.324,0.295,0.011,0.209,0.001,0.012,0.007,0.751,0.701,0.67,0.457,0.211,0.079,0.123,0.231,0.022,0.634,0.869,0.869,0.719,0.161,0.12,0.3,0.611,0.059,0.321,0.552,0.527,0.41,0.046,0.127,0.557,0.713,0.175,0.241,0.07,0.866,0.866,1.485,0.244,0.609,0.208,0.183,0.377,-0.265,-0.593,-0.107,-0.753,0,0.22,0.001,0,0.001,0,0,0.001,0,0.001,0.073,0.001,0.001,0,0.001,0.013,0,0,0.001,0,0.001,0,0,0.001,0.013,0,0,0.001,0.001,0,0,0.001,0.001,0.001,0.001,0.001,0,0.001,0,0.001,0,0.001,0.001,0,0,17.56,0.34
11:23.6,1986,-0.381,-0.47,0.607,0.515,-0.104,0.084,-0.673,-0.727,0.671,0.61,-0.059,-0.416,0.75,0.569,0.304,0.147,0.325,0.367,-0.735,-0.469,-0.58,0.392,0.625,0.345,0.502,0.302,0.282,0.01,0.212,0.001,0.012,0.006,0.703,0.69,0.667,0.437,0.215,0.083,0.129,0.236,0.029,0.621,0.862,0.867,0.724,0.168,0.14,0.317,0.614,0.078,0.324,0.545,0.534,0.427,0.06,0.123,0.559,0.716,0.181,0.263,0.065,0.868,0.862,1.499,0.258,0.607,0.22,0.189,0.394,-0.287,-0.586,-0.085,-0.753,0,0.265,0.001,0.001,0,0,0.001,0,0,0,0.089,0.001,0,0.001,0,0.013,0,0,0,0,0,0.001,0,0.001,0.012,0.001,0,0,0,0.001,0,0.001,0.001,0.001,0,0.001,0,0.001,0.001,0,0.001,0,0,0.001,0,17.601,0.396
11:23.6,1987,-0.38,-0.471,0.607,0.515,-0.106,0.086,-0.672,-0.727,0.672,0.61,-0.061,-0.415,0.75,0.569,0.303,0.147,0.324,0.365,-0.736,-0.469,-0.578,0.394,0.626,0.345,0.474,0.281,0.264,0.01,0.221,0.001,0.012,0.006,0.663,0.684,0.659,0.429,0.212,0.096,0.131,0.244,0.031,0.589,0.847,0.853,0.726,0.179,0.14,0.337,0.613,0.093,0.335,0.542,0.532,0.437,0.056,0.137,0.565,0.718,0.206,0.287,0.074,0.866,0.856,1.493,0.267,0.611,0.232,0.204,0.431,-0.304,-0.581,-0.066,-0.752,0,0.289,0.001,0.001,0.001,0,0,0,0,0.007,0.107,0,0,0.001,0.001,0.015,0,0.001,0.001,0.001,0.001,0.001,0,0,0.013,0.001,0.001,0.001,0.001,0,0.001,0,0,0.001,0,0.001,0,0,0.006,0,0,0,0,0.001,0.001,17.644,0.456
11:23.7,1988,-0.379,-0.471,0.607,0.515,-0.11,0.089,-0.671,-0.727,0.673,0.61,-0.062,-0.414,0.75,0.57,0.302,0.147,0.323,0.363,-0.737,-0.469,-0.576,0.396,0.626,0.344,0.418,0.256,0.241,0.009,0.225,0.001,0.016,0.006,0.597,0.656,0.647,0.422,0.214,0.106,0.14,0.252,0.039,0.573,0.825,0.838,0.711,0.186,0.158,0.341,0.62,0.107,0.335,0.551,0.545,0.436,0.072,0.133,0.564,0.719,0.232,0.293,0.076,0.864,0.856,1.491,0.272,0.614,0.237,0.211,0.458,-0.322,-0.573,-0.039,-0.752,0,0.375,0,0,0,0.001,0.001,0.001,0.001,0.042,0.114,0,0.001,0,0.001,0.013,0.001,0,0.001,0,0.001,0,0,0.001,0.015,0,0,0,0,0.001,0.001,0.001,0,0,0,0.001,0,0.001,0.01,0.001,0,0,0,0.001,0,17.563,0.586
11:23.7,1989,-0.377,-0.472,0.607,0.515,-0.113,0.091,-0.67,-0.728,0.674,0.61,-0.063,-0.412,0.749,0.571,0.301,0.148,0.322,0.361,-0.738,-0.469,-0.574,0.398,0.627,0.344,0.372,0.238,0.22,0.002,0.216,0.001,0.017,0.005,0.545,0.624,0.634,0.425,0.212,0.111,0.144,0.253,0.057,0.557,0.806,0.832,0.697,0.195,0.171,0.348,0.623,0.121,0.338,0.551,0.549,0.44,0.076,0.153,0.564,0.724,0.253,0.298,0.081,0.858,0.853,1.468,0.277,0.631,0.241,0.226,0.49,-0.333,-0.566,-0.02,-0.754,0.002,0.462,0,0.001,0,0.001,0,0,0,0.107,0.123,0.001,0,0,0,0.015,0,0.001,0.001,0,0.001,0.001,0.001,0,0.012,0.001,0.001,0.001,0.001,0.001,0,0,0,0.001,0.001,0,0,0,0.012,0,0,0,0.001,0,0,17.497,0.749
11:23.7,1990,-0.375,-0.474,0.607,0.515,-0.117,0.093,-0.669,-0.728,0.674,0.611,-0.064,-0.41,0.747,0.574,0.301,0.151,0.322,0.359,-0.74,-0.469,-0.573,0.4,0.628,0.343,0.326,0.217,0.195,0.002,0.21,0.001,0.018,0.006,0.465,0.569,0.621,0.404,0.206,0.123,0.15,0.259,0.063,0.515,0.783,0.823,0.689,0.2,0.175,0.359,0.624,0.136,0.361,0.552,0.552,0.443,0.081,0.165,0.565,0.723,0.265,0.298,0.09,0.856,0.856,1.427,0.295,0.629,0.244,0.299,0.514,-0.345,-0.556,0.005,-0.756,0.056,0.549,0.001,0,0.001,0.001,0,0,0,0.173,0.161,0.001,0.001,0.001,0.001,0.015,0.001,0,0.01,0.001,0,0,0,0,0.001,0.001,0,0.001,0,0.001,0.001,0.001,0,0,0.001,0,0.001,0,0.012,0,0.001,0.001,0.001,0,0,17.354,0.996
11:23.7,1991,-0.373,-0.476,0.607,0.516,-0.12,0.096,-0.668,-0.728,0.674,0.612,-0.064,-0.409,0.744,0.576,0.301,0.154,0.322,0.357,-0.742,-0.468,-0.571,0.402,0.628,0.343,0.291,0.204,0.179,0.002,0.2,0.001,0.018,0.005,0.402,0.54,0.602,0.396,0.21,0.122,0.156,0.265,0.067,0.469,0.735,0.812,0.659,0.195,0.184,0.365,0.63,0.14,0.348,0.551,0.549,0.436,0.079,0.172,0.569,0.726,0.267,0.315,0.112,0.855,0.853,1.43,0.309,0.63,0.249,0.317,0.543,-0.352,-0.547,0.026,-0.759,0.16,0.592,0.001,0,0.001,0.001,0.001,0.001,0.001,0.305,0.203,0,0,0.001,0.001,0.016,0,0,0.032,0,0.001,0.001,0.001,0.001,0,0.001,0,0.001,0,0.001,0,0.001,0,0.001,0.001,0.001,0.001,0.001,0.023,0.001,0.001,0.001,0,0.001,0,17.159,1.356
11:23.7,1992,-0.37,-0.478,0.606,0.516,-0.122,0.098,-0.667,-0.728,0.674,0.613,-0.065,-0.407,0.742,0.579,0.3,0.156,0.322,0.356,-0.743,-0.466,-0.569,0.405,0.629,0.342,0.233,0.181,0.155,0.001,0.187,0.001,0.02,0.006,0.308,0.538,0.6,0.38,0.195,0.125,0.159,0.267,0.072,0.405,0.701,0.783,0.623,0.183,0.189,0.368,0.635,0.148,0.353,0.513,0.542,0.426,0.079,0.177,0.574,0.722,0.28,0.332,0.122,0.86,0.856,1.435,0.326,0.635,0.255,0.328,0.569,-0.36,-0.534,0.057,-0.763,0.578,0.708,0.001,0.001,0.001,0,0.001,0.001,0.033,0.431,0.302,0.001,0,0,0,0.017,0.001,0,0.139,0,0,0,0,0,0.001,0.001,0.001,0,0.001,0.001,0.001,0.001,0,0.001,0,0,0,0,0.023,0,0.001,0.001,0.001,0.001,0.001,16.847,2.251
11:23.7,1993,-0.367,-0.48,0.605,0.517,-0.124,0.1,-0.667,-0.728,0.674,0.613,-0.065,-0.406,0.739,0.582,0.299,0.159,0.322,0.355,-0.745,-0.464,-0.567,0.407,0.629,0.342,0.19,0.142,0.121,0.001,0.173,0.001,0.021,0.006,0.259,0.492,0.578,0.352,0.178,0.117,0.165,0.269,0.072,0.33,0.653,0.758,0.58,0.167,0.184,0.369,0.641,0.154,0.354,0.493,0.537,0.393,0.076,0.182,0.578,0.722,0.291,0.338,0.131,0.858,0.858,1.431,0.336,0.641,0.261,0.342,0.589,-0.362,-0.526,0.078,-0.766,0.961,0.807,0,0,0.001,0,0,0,0.171,0.447,0.361,0,0,0.001,0,0.018,0,0,0.287,0.001,0,0,0.001,0.001,0,0,0,0,0,0,0.001,0.001,0.001,0,0,0,0,0,0,0,0.001,0,0,0.001,0,16.384,3.062
11:23.7,1994,-0.364,-0.483,0.605,0.518,-0.126,0.103,-0.666,-0.728,0.674,0.613,-0.064,-0.406,0.737,0.585,0.298,0.161,0.323,0.354,-0.747,-0.461,-0.564,0.41,0.63,0.342,0.132,0.109,0.082,0.001,0.182,0.001,0.022,0.006,0.187,0.43,0.538,0.321,0.171,0.114,0.17,0.274,0.076,0.219,0.589,0.733,0.509,0.125,0.182,0.375,0.646,0.17,0.364,0.466,0.524,0.366,0.076,0.179,0.576,0.723,0.297,0.342,0.136,0.86,0.858,1.424,0.337,0.642,0.266,0.355,0.6,-0.363,-0.518,0.093,-0.769,1.193,0.899,0,0,0.001,0.001,0,0.001,0.372,0.504,0.407,0,0,0.001,0.001,0.017,0,0.001,0.409,0.001,0.001,0.001,0,0.001,0.005,0,0.001,0.001,0,0,0.001,0,0,0,0.001,0,0,0.001,0.001,0,0,0,0.001,0,0,15.755,3.823
11:23.7,1995,-0.361,-0.485,0.604,0.519,-0.128,0.105,-0.665,-0.728,0.674,0.614,-0.064,-0.406,0.734,0.589,0.296,0.163,0.323,0.353,-0.749,-0.458,-0.563,0.412,0.63,0.341,0.078,0.078,0.056,0.001,0.168,0.001,0.027,0.005,0.131,0.342,0.509,0.255,0.142,0.094,0.178,0.275,0.081,0.156,0.509,0.661,0.459,0.074,0.162,0.379,0.647,0.175,0.365,0.409,0.497,0.344,0.05,0.178,0.576,0.725,0.302,0.347,0.147,0.855,0.858,1.421,0.349,0.642,0.27,0.376,0.611,-0.362,-0.513,0.109,-0.771,1.261,0.962,0.021,0,0,0.001,0.001,0,0.505,0.554,0.477,0,0,0,0,0.018,0,0.001,0.464,0,0.001,0,0.001,0,0.009,0,0.001,0.001,0.001,0,0.001,0,0,0,0,0.001,0.001,0,0.007,0,0.001,0,0,0.001,0,14.965,4.291
11:23.7,1996,-0.359,-0.487,0.603,0.52,-0.13,0.107,-0.664,-0.728,0.674,0.614,-0.064,-0.406,0.732,0.591,0.295,0.164,0.324,0.352,-0.751,-0.455,-0.56,0.415,0.63,0.341,0.032,0.046,0.027,0.001,0.136,0.001,0.028,0.005,0.061,0.263,0.463,0.197,0.128,0.085,0.183,0.278,0.081,0.079,0.399,0.598,0.37,0.044,0.154,0.387,0.652,0.181,0.375,0.319,0.393,0.283,0.023,0.17,0.58,0.728,0.311,0.35,0.134,0.853,0.858,1.418,0.366,0.642,0.274,0.387,0.617,-0.346,-0.517,0.109,-0.775,1.3,0.996,0.076,0,0,0,0.001,0.001,0.547,0.618,0.52,0,0,0,0,0.017,0.001,0.001,0.503,0.007,0,0.001,0.001,0,0.001,0.001,0,0.001,0.001,0.001,0.001,0,0,0,0,0.001,0,0,0.037,0,0,0,0,0,0.001,13.96,4.635
11:23.7,1997,-0.356,-0.489,0.602,0.521,-0.132,0.109,-0.663,-0.729,0.673,0.614,-0.064,-0.407,0.732,0.591,0.297,0.165,0.324,0.351,-0.754,-0.451,-0.558,0.419,0.63,0.341,0.015,0.021,0.006,0.001,0.126,0.001,0.027,0.005,0.034,0.19,0.4,0.107,0.084,0.085,0.184,0.278,0.083,0.018,0.295,0.493,0.253,0.023,0.151,0.398,0.654,0.188,0.368,0.245,0.325,0.228,0.009,0.138,0.582,0.734,0.322,0.355,0.111,0.851,0.858,1.437,0.379,0.643,0.277,0.354,0.623,-0.319,-0.526,0.107,-0.781,1.319,1.004,0.106,0.001,0.001,0.001,0,0.001,0.538,0.656,0.584,0.001,0.001,0.001,0,0.016,0,0.001,0.541,0.028,0,0,0.001,0.001,0.007,0.001,0,0.001,0.001,0.001,0.001,0,0,0,0.001,0.001,0.001,0.001,0.063,0,0,0.001,0,0,0.001,12.959,4.883
11:23.8,1998,-0.354,-0.491,0.601,0.522,-0.134,0.11,-0.661,-0.729,0.672,0.615,-0.065,-0.408,0.733,0.589,0.299,0.165,0.324,0.351,-0.757,-0.446,-0.556,0.425,0.628,0.342,0.004,0.005,0.001,0.001,0.115,0.001,0.028,0.004,0.012,0.137,0.308,0.045,0.059,0.085,0.192,0.278,0.084,0.001,0.201,0.346,0.154,0.004,0.142,0.399,0.656,0.183,0.369,0.16,0.161,0.116,0.001,0.122,0.591,0.74,0.332,0.372,0.095,0.856,0.862,1.437,0.383,0.643,0.28,0.372,0.614,-0.297,-0.531,0.102,-0.787,1.327,0.994,0.165,0.001,0.001,0,0,0.001,0.519,0.695,0.587,0,0.001,0,0.001,0.015,0,0.002,0.565,0.048,0,0,0,0,0.011,0.001,0.001,0.001,0.001,0.001,0,0.001,0.001,0.001,0,0,0.001,0,0.024,0,0,0.001,0.001,0,0,11.951,4.968
11:23.8,1999,-0.353,-0.492,0.6,0.523,-0.137,0.112,-0.66,-0.73,0.672,0.614,-0.067,-0.408,0.736,0.586,0.298,0.163,0.324,0.351,-0.759,-0.441,-0.554,0.43,0.625,0.343,0.01,0.005,0.001,0.001,0.081,0.001,0.034,0.004,0.005,0.077,0.245,0.001,0.023,0.066,0.194,0.278,0.09,0.001,0.159,0.242,0.054,0.001,0.094,0.404,0.663,0.182,0.391,0.062,0.055,0.033,0.001,0.106,0.585,0.742,0.335,0.385,0.067,0.85,0.86,1.435,0.387,0.643,0.28,0.394,0.621,-0.297,-0.531,0.102,-0.787,1.327,0.994,0.165,0.001,0.001,0,0,0.001,0.519,0.695,0.587,0,0.001,0,0.001,0.015,0,0.002,0.565,0.048,0,0,0,0,0.011,0.001,0.001,0.001,0.001,0.001,0,0.001,0.001,0.001,0,0,0.001,0,0.024,0,0,0.001,0.001,0,0,11.148,4.968
11:23.8,2000,-0.351,-0.493,0.599,0.524,-0.139,0.113,-0.658,-0.731,0.672,0.613,-0.068,-0.41,0.739,0.585,0.292,0.161,0.324,0.351,-0.762,-0.437,-0.554,0.43,0.625,0.343,0.01,0.005,0.001,0.001,0.081,0.001,0.034,0.004,0.005,0.077,0.245,0.001,0.023,0.066,0.194,0.278,0.09,0.001,0.159,0.242,0.054,0.001,0.094,0.404,0.663,0.182,0.391,0.062,0.055,0.033,0.001,0.106,0.585,0.742,0.335,0.385,0.067,0.85,0.86,1.435,0.387,0.643,0.28,0.394,0.621,-0.297,-0.531,0.102,-0.787,1.327,0.994,0.165,0.001,0.001,0,0,0.001,0.519,0.695,0.587,0,0.001,0,0.001,0.015,0,0.002,0.565,0.048,0,0,0,0,0.011,0.001,0.001,0.001,0.001,0.001,0,0.001,0.001,0.001,0,0,0.001,0,0.024,0,0,0.001,0.001,0,0,11.148,4.968
11:23.8,2001,-0.35,-0.494,0.598,0.525,-0.141,0.114,-0.656,-0.733,0.673,0.611,-0.069,-0.412,0.742,0.585,0.285,0.16,0.325,0.351,-0.764,-0.433,-0.554,0.43,0.625,0.343,0.01,0.005,0.001,0.001,0.081,0.001,0.034,0.004,0.005,0.077,0.245,0.001,0.023,0.066,0.194,0.278,0.09,0.001,0.159,0.242,0.054,0.001,0.094,0.404,0.663,0.182,0.391,0.062,0.055,0.033,0.001,0.106,0.585,0.742,0.335,0.385,0.067,0.85,0.86,1.435,0.387,0.643,0.28,0.394,0.621,-0.297,-0.531,0.102,-0.787,1.327,0.994,0.165,0.001,0.001,0,0,0.001,0.519,0.695,0.587,0,0.001,0,0.001,0.015,0,0.002,0.565,0.048,0,0,0,0,0.011,0.001,0.001,0.001,0.001,0.001,0,0.001,0.001,0.001,0,0,0.001,0,0.024,0,0,0.001,0.001,0,0,11.148,4.968
11:23.8,2002,-0.35,-0.494,0.596,0.527,-0.142,0.115,-0.654,-0.734,0.673,0.608,-0.069,-0.415,0.743,0.587,0.277,0.161,0.326,0.351,-0.765,-0.43,-0.554,0.43,0.625,0.343,0.01,0.005,0.001,0.001,0.081,0.001,0.034,0.004,0.005,0.077,0.245,0.001,0.023,0.066,0.194,0.278,0.09,0.001,0.159,0.242,0.054,0.001,0.094,0.404,0.663,0.182,0.391,0.062,0.055,0.033,0.001,0.106,0.585,0.742,0.335,0.385,0.067,0.85,0.86,1.435,0.387,0.643,0.28,0.394,0.621,-0.297,-0.531,0.102,-0.787,1.327,0.994,0.165,0.001,0.001,0,0,0.001,0.519,0.695,0.587,0,0.001,0,0.001,0.015,0,0.002,0.565,0.048,0,0,0,0,0.011,0.001,0.001,0.001,0.001,0.001,0,0.001,0.001,0.001,0,0,0.001,0,0.024,0,0,0.001,0.001,0,0,11.148,4.968
11:23.8,2003,-0.349,-0.494,0.594,0.529,-0.143,0.115,-0.651,-0.736,0.674,0.605,-0.069,-0.418,0.743,0.59,0.27,0.163,0.327,0.351,-0.767,-0.426,-0.554,0.43,0.625,0.343,0.01,0.005,0.001,0.001,0.081,0.001,0.034,0.004,0.005,0.077,0.245,0.001,0.023,0.066,0.194,0.278,0.09,0.001,0.159,0.242,0.054,0.001,0.094,0.404,0.663,0.182,0.391,0.062,0.055,0.033,0.001,0.106,0.585,0.742,0.335,0.385,0.067,0.85,0.86,1.435,0.387,0.643,0.28,0.394,0.621,-0.297,-0.531,0.102,-0.787,1.327,0.994,0.165,0.001,0.001,0,0,0.001,0.519,0.695,0.587,0,0.001,0,0.001,0.015,0,0.002,0.565,0.048,0,0,0,0,0.011,0.001,0.001,0.001,0.001,0.001,0,0.001,0.001,0.001,0,0,0.001,0,0.024,0,0,0.001,0.001,0,0,11.148,4.968
11:23.8,2004,-0.349,-0.494,0.593,0.532,-0.144,0.116,-0.649,-0.738,0.674,0.603,-0.068,-0.43,0.741,0.594,0.264,0.166,0.327,0.351,-0.768,-0.424,-0.554,0.43,0.625,0.343,0.01,0.005,0.001,0.001,0.081,0.001,0.034,0.004,0.005,0.077,0.245,0.001,0.023,0.066,0.194,0.278,0.09,0.001,0.159,0.242,0.054,0.001,0.094,0.404,0.663,0.182,0.391,0.062,0.055,0.033,0.001,0.106,0.585,0.742,0.335,0.385,0.067,0.85,0.86,1.435,0.387,0.643,0.28,0.394,0.621,-0.297,-0.531,0.102,-0.787,1.327,0.994,0.165,0.001,0.001,0,0,0.001,0.519,0.695,0.587,0,0.001,0,0.001,0.015,0,0.002,0.565,0.048,0,0,0,0,0.011,0.001,0.001,0.001,0.001,0.001,0,0.001,0.001,0.001,0,0,0.001,0,0.024,0,0,0.001,0.001,0,0,11.148,4.968
11:23.8,2005,-0.349,-0.494,0.592,0.533,-0.144,0.117,-0.647,-0.739,0.674,0.601,-0.068,-0.424,0.739,0.599,0.258,0.169,0.327,0.351,-0.769,-0.422,-0.554,0.43,0.625,0.343,0.01,0.005,0.001,0.001,0.081,0.001,0.034,0.004,0.005,0.077,0.245,0.001,0.023,0.066,0.194,0.278,0.09,0.001,0.159,0.242,0.054,0.001,0.094,0.404,0.663,0.182,0.391,0.062,0.055,0.033,0.001,0.106,0.585,0.742,0.335,0.385,0.067,0.85,0.86,1.435,0.387,0.643,0.28,0.394,0.621,-0.224,-0.534,0.137,-0.804,1.322,0.995,0.209,0,0.001,0,0.001,0.001,0.516,0.711,0.592,0.001,0,0.001,0,0.013,0.001,0.002,0.568,0.065,0,0.001,0.001,0,0.016,0,0,0.001,0.001,0.001,0,0.001,0.001,0,0.001,0,0,0.001,0.015,0,0.001,0.001,0.001,0.001,0.001,11.148,5.044
11:23.8,2006,-0.349,-0.493,0.59,0.535,-0.145,0.118,-0.645,-0.741,0.674,0.6,-0.068,-0.425,0.735,0.604,0.253,0.174,0.327,0.351,-0.769,-0.422,-0.55,0.482,0.587,0.347,0.012,0.009,0.001,0.001,0.082,0.001,0.035,0.005,0.001,0.081,0.227,0.001,0.027,0.063,0.194,0.281,0.096,0.001,0.137,0.204,0.033,0.001,0.078,0.404,0.663,0.182,0.394,0.028,0.039,0.007,0.001,0.105,0.584,0.744,0.336,0.388,0.06,0.846,0.86,1.432,0.388,0.645,0.281,0.402,0.628,-0.219,-0.536,0.144,-0.802,0.873,1.059,0.576,0,0,0.001,0,0,0.034,0.653,0.795,0,0.001,0,0,0.001,0,0,0.399,0.217,0.001,0.001,0,0,0.182,0,0,0.001,0.001,0.001,0,0,0.004,0.042,0,0,0.001,0.001,0.007,0.001,0,0.001,0.001,0,0,10.988,4.854
11:23.8,2007,-0.35,-0.493,0.589,0.536,-0.146,0.12,-0.643,-0.742,0.675,0.6,-0.068,-0.424,0.731,0.61,0.248,0.178,0.327,0.35,-0.769,-0.422,-0.55,0.489,0.581,0.348,0.01,0.001,0.001,0.001,0.001,0.001,0.023,0.002,0.001,0.071,0.074,0.001,0.001,0.001,0.117,0.254,0.143,0.001,0.085,0.049,0.011,0.001,0.001,0.275,0.65,0.162,0.498,0.001,0.001,0.001,0.001,0.001,0.505,0.746,0.309,0.437,0.001,0.871,0.896,1.436,0.372,0.744,0.298,0.502,0.679,-0.222,-0.536,0.162,-0.798,0.915,1.062,0.63,0.001,0.001,0,0,0.001,0.031,0.687,0.814,0,0.001,0.001,0.001,0.001,0.001,0.001,0.411,0.263,0.001,0,0,0,0.344,0,0.001,0.001,0.001,0.001,0,0,0.015,0.088,0,0,0,0,0.118,0.001,0,0.001,0.001,0.001,0,10.237,5.396
11:23.9,2008,-0.35,-0.493,0.588,0.537,-0.148,0.121,-0.641,-0.743,0.677,0.599,-0.07,-0.421,0.727,0.615,0.244,0.183,0.327,0.35,-0.77,-0.422,-0.551,0.497,0.573,0.348,0.011,0.001,0.001,0.001,0.001,0.001,0.02,0.002,0.001,0.068,0.067,0.001,0.001,0.001,0.107,0.242,0.145,0,0.076,0.042,0.011,0.001,0.001,0.239,0.642,0.164,0.501,0.001,0.001,0.001,0.001,0.001,0.465,0.746,0.293,0.451,0.001,0.862,0.907,1.441,0.375,0.774,0.304,0.513,0.686,-0.232,-0.536,0.179,-0.792,0.943,1.065,0.673,0,0,0.001,0,0,0.032,0.708,0.83,0.001,0,0,0,0.018,0.001,0.001,0.438,0.302,0,0.001,0,0.001,0.454,0,0,0.001,0.001,0,0.001,0,0.059,0.219,0,0,0,0.015,0.298,0.001,0.032,0,0,0,0.001,10.171,6.097
11:23.9,2009,-0.351,-0.492,0.588,0.538,-0.149,0.123,-0.639,-0.744,0.679,0.6,-0.073,-0.416,0.721,0.622,0.241,0.187,0.326,0.35,-0.77,-0.423,-0.552,0.504,0.566,0.348,0.009,0.001,0.001,0.001,0.001,0.001,0.011,0.002,0.001,0.056,0.061,0.001,0.001,0.001,0.096,0.223,0.158,0.001,0.068,0.035,0.011,0.001,0.001,0.19,0.634,0.164,0.501,0.001,0.001,0.001,0.001,0.001,0.426,0.748,0.277,0.463,0.001,0.836,0.928,1.437,0.383,0.828,0.308,0.51,0.659,-0.249,-0.531,0.205,-0.784,0.99,1.065,0.708,0.001,0,0,0.001,0.001,0.043,0.739,0.834,0,0,0,0.001,0.071,0,0.001,0.465,0.348,0.001,0,0,0.001,0.537,0,0.001,0.001,0.001,0.001,0,0.001,0.085,0.346,0.001,0.018,0.001,0.031,0.485,0.001,0.122,0.016,0,0.001,0.001,10.04,6.92
11:23.9,2010,-0.351,-0.492,0.588,0.538,-0.151,0.124,-0.638,-0.745,0.682,0.601,-0.076,-0.408,0.715,0.628,0.241,0.19,0.326,0.349,-0.77,-0.422,-0.552,0.504,0.566,0.348,0.009,0.001,0.001,0.001,0.001,0.001,0.011,0.002,0.001,0.056,0.061,0.001,0.001,0.001,0.096,0.223,0.158,0.001,0.068,0.035,0.011,0.001,0.001,0.19,0.634,0.164,0.501,0.001,0.001,0.001,0.001,0.001,0.426,0.748,0.277,0.463,0.001,0.836,0.928,1.437,0.383,0.828,0.308,0.51,0.659,-0.26,-0.521,0.222,-0.782,1.037,1.062,0.731,0,0.001,0,0,0.002,0.061,0.762,0.85,0.001,0,0,0.001,0.131,0,0.001,0.486,0.394,0,0,0.001,0,0.574,0.001,0.001,0.001,0.001,0.001,0,0,0.104,0.433,0,0.045,0.001,0.077,0.574,0.001,0.158,0.021,0.001,0,0.001,10.04,7.516
11:23.9,2011,-0.351,-0.491,0.587,0.539,-0.152,0.125,-0.636,-0.746,0.686,0.603,-0.08,-0.399,0.709,0.635,0.24,0.192,0.326,0.349,-0.771,-0.422,-0.552,0.504,0.566,0.348,0.009,0.001,0.001,0.001,0.001,0.001,0.011,0.002,0.001,0.056,0.061,0.001,0.001,0.001,0.096,0.223,0.158,0.001,0.068,0.035,0.011,0.001,0.001,0.19,0.634,0.164,0.501,0.001,0.001,0.001,0.001,0.001,0.426,0.748,0.277,0.463,0.001,0.836,0.928,1.437,0.383,0.828,0.308,0.51,0.659,-0.273,-0.511,0.237,-0.78,1.092,1.049,0.766,0.001,0,0.001,0.001,0.002,0.087,0.801,0.86,0.037,0,0.001,0.001,0.181,0,0.001,0.515,0.432,0.001,0.001,0,0.001,0.618,0,0.039,0.001,0.001,0.001,0,0,0.134,0.488,0,0.082,0.001,0.099,0.619,0,0.164,0.022,0,0.001,0.02,10.04,8.121
11:23.9,2012,-0.352,-0.49,0.588,0.539,-0.153,0.126,-0.635,-0.746,0.688,0.606,-0.083,-0.39,0.703,0.641,0.239,0.194,0.327,0.349,-0.771,-0.42,-0.552,0.504,0.566,0.348,0.009,0.001,0.001,0.001,0.001,0.001,0.011,0.002,0.001,0.056,0.061,0.001,0.001,0.001,0.096,0.223,0.158,0.001,0.068,0.035,0.011,0.001,0.001,0.19,0.634,0.164,0.501,0.001,0.001,0.001,0.001,0.001,0.426,0.748,0.277,0.463,0.001,0.836,0.928,1.437,0.383,0.828,0.308,0.51,0.659,-0.284,-0.507,0.25,-0.774,1.17,1.049,0.784,0.005,0.001,0,0.001,0.002,0.123,0.833,0.869,0.088,0,0,0.001,0.19,0,0.002,0.545,0.487,0,0.001,0,0.001,0.634,0,0.099,0.001,0.001,0,0.001,0.001,0.151,0.515,0.001,0.112,0.001,0.127,0.67,0.012,0.142,0.035,0.001,0.001,0.038,10.04,8.695
11:23.9,2013,-0.353,-0.488,0.588,0.54,-0.154,0.126,-0.634,-0.747,0.689,0.611,-0.084,-0.381,0.698,0.646,0.237,0.197,0.328,0.35,-0.772,-0.418,-0.552,0.504,0.566,0.348,0.009,0.001,0.001,0.001,0.001,0.001,0.011,0.002,0.001,0.056,0.061,0.001,0.001,0.001,0.096,0.223,0.158,0.001,0.068,0.035,0.011,0.001,0.001,0.19,0.634,0.164,0.501,0.001,0.001,0.001,0.001,0.001,0.426,0.748,0.277,0.463,0.001,0.836,0.928,1.437,0.383,0.828,0.308,0.51,0.659,-0.296,-0.502,0.264,-0.768,1.252,1.042,0.799,0.027,0,0.001,0,0.004,0.145,0.851,0.877,0.123,0.001,0,0.001,0.188,0,0.002,0.589,0.531,0,0.001,0,0,0.608,0,0.116,0.001,0.001,0.001,0.001,0,0.182,0.558,0,0.143,0,0.216,0.739,0.037,0.148,0.035,0.001,0.001,0.042,10.04,9.264
11:23.9,2014,-0.354,-0.486,0.588,0.54,-0.155,0.125,-0.633,-0.748,0.687,0.618,-0.084,-0.374,0.694,0.65,0.236,0.199,0.329,0.35,-0.772,-0.416,-0.552,0.504,0.566,0.348,0.009,0.001,0.001,0.001,0.001,0.001,0.011,0.002,0.001,0.056,0.061,0.001,0.001,0.001,0.096,0.223,0.158,0.001,0.068,0.035,0.011,0.001,0.001,0.19,0.634,0.164,0.501,0.001,0.001,0.001,0.001,0.001,0.426,0.748,0.277,0.463,0.001,0.836,0.928,1.437,0.383,0.828,0.308,0.51,0.659,-0.316,-0.49,0.285,-0.761,1.332,1.034,0.818,0.046,0.001,0,0.001,0.009,0.179,0.868,0.893,0.216,0.001,0,0.001,0.193,0,0.004,0.632,0.571,0.002,0.001,0,0,0.606,0,0.133,0.001,0.001,0,0,0,0.199,0.582,0,0.168,0,0.275,0.781,0.109,0.16,0.06,0.006,0.001,0.094,10.04,9.978
11:23.9,2015,-0.356,-0.483,0.588,0.542,-0.158,0.123,-0.631,-0.749,0.682,0.627,-0.083,-0.36,0.691,0.654,0.235,0.2,0.331,0.35,-0.773,-0.413,-0.552,0.504,0.566,0.348,0.009,0.001,0.001,0.001,0.001,0.001,0.011,0.002,0.001,0.056,0.061,0.001,0.001,0.001,0.096,0.223,0.158,0.001,0.068,0.035,0.011,0.001,0.001,0.19,0.634,0.164,0.501,0.001,0.001,0.001,0.001,0.001,0.426,0.748,0.277,0.463,0.001,0.836,0.928,1.437,0.383,0.828,0.308,0.51,0.659,-0.327,-0.484,0.295,-0.756,1.394,1.024,0.839,0.073,0,0,0.001,0.011,0.225,0.894,0.899,0.314,0,0,0.001,0.193,0,0.005,0.668,0.606,0.039,0,0.001,0.001,0.623,0.001,0.144,0.001,0.001,0.001,0,0,0.225,0.602,0.001,0.183,0,0.344,0.786,0.173,0.176,0.078,0.028,0,0.177,10.04,10.732
11:23.9,2016,-0.358,-0.479,0.589,0.544,-0.16,0.121,-0.629,-0.751,0.675,0.637,-0.082,-0.363,0.689,0.657,0.233,0.2,0.332,0.351,-0.773,-0.411,-0.586,0.53,0.541,0.288,0.007,0.001,0.001,0.001,0.001,0.001,0.012,0.002,0.001,0.059,0.05,0.001,0.001,0.001,0.094,0.219,0.161,0.001,0.053,0.033,0.012,0.001,0.001,0.173,0.629,0.16,0.504,0.001,0.001,0.001,0.001,0.001,0.413,0.748,0.277,0.462,0.001,0.844,0.934,1.442,0.376,0.871,0.31,0.516,0.686,-0.336,-0.48,0.304,-0.751,1.449,1.023,0.851,0.098,0.001,0.001,0.001,0.013,0.26,0.906,0.912,0.385,0.001,0,0.001,0.184,0.001,0.007,0.697,0.629,0.057,0.001,0.001,0.001,0.624,0.001,0.145,0.002,0.002,0.001,0,0,0.265,0.617,0.009,0.216,0,0.397,0.791,0.231,0.177,0.09,0.048,0.001,0.253,10.065,11.35
11:23.9,2017,-0.361,-0.473,0.589,0.547,-0.164,0.117,-0.627,-0.752,0.668,0.646,-0.081,-0.352,0.687,0.659,0.231,0.199,0.333,0.352,-0.774,-0.408,-0.577,0.553,0.523,0.294,0.001,0.001,0.001,0.001,0.001,0.001,0.001,0.002,0.001,0.001,0.001,0.001,0.001,0.001,0.024,0.081,0.234,0.001,0.001,0.024,0.001,0.001,0.016,0.044,0.283,0.103,0.481,0.001,0.01,0.001,0.001,0.001,0.241,0.604,0.138,0.625,0.001,0.67,1.206,1.449,0.475,1.048,0.393,0.554,0.631,-0.342,-0.479,0.309,-0.747,1.505,1.02,0.873,0.131,0.001,0.001,0,0.013,0.295,0.913,0.912,0.42,0,0.001,0.001,0.177,0.001,0.009,0.726,0.656,0.111,0,0.001,0.004,0.608,0,0.15,0.002,0.002,0,0,0.001,0.271,0.641,0.024,0.23,0.001,0.448,0.799,0.278,0.182,0.103,0.085,0,0.314,9.358,11.91
11:24.0,2018,-0.364,-0.466,0.59,0.55,-0.168,0.113,-0.625,-0.754,0.662,0.654,-0.081,-0.357,0.687,0.661,0.227,0.197,0.333,0.353,-0.774,-0.406,-0.569,0.578,0.502,0.299,0.001,0.001,0.001,0.001,0.001,0.001,0.001,0.007,0.001,0,0.001,0.001,0.001,0.001,0.023,0.085,0.211,0.001,0.001,0.027,0.001,0.001,0.001,0.05,0.276,0.094,0.457,0.001,0.01,0.001,0.001,0.001,0.253,0.56,0.116,0.631,0.001,0.667,1.126,1.468,0.484,1.038,0.364,0.535,0.639,-0.347,-0.478,0.313,-0.743,1.535,1.017,0.89,0.162,0.001,0,0.001,0.013,0.325,0.919,0.917,0.46,0,0.001,0.001,0.179,0,0.011,0.741,0.663,0.153,0,0.001,0.009,0.604,0,0.156,0.002,0.001,0,0,0,0.278,0.643,0.027,0.231,0.001,0.487,0.806,0.32,0.182,0.104,0.101,0.001,0.361,9.143,12.304
11:24.0,2019,-0.369,-0.457,0.591,0.553,-0.173,0.108,-0.622,-0.755,0.657,0.66,-0.082,-0.355,0.687,0.664,0.224,0.195,0.333,0.354,-0.775,-0.404,-0.563,0.598,0.484,0.302,0,0.001,0.001,0.001,0.001,0.001,0.001,0.009,0.001,0.001,0.001,0.001,0.001,0.001,0.028,0.096,0.201,0.001,0.001,0.028,0.001,0.001,0.001,0.056,0.254,0.071,0.436,0.001,0.01,0.001,0.001,0.001,0.274,0.529,0.079,0.625,0.001,0.667,0.982,1.47,0.484,0.972,0.28,0.492,0.656,-0.349,-0.48,0.315,-0.741,1.562,1.018,0.902,0.188,0.004,0.001,0.001,0.017,0.354,0.917,0.926,0.499,0,0.001,0.002,0.177,0,0.012,0.759,0.672,0.198,0.001,0,0.007,0.603,0.001,0.162,0.002,0.002,0,0,0.001,0.302,0.64,0.04,0.253,0,0.52,0.819,0.372,0.184,0.11,0.12,0,0.403,8.721,12.752
11:24.0,2020,-0.374,-0.446,0.593,0.556,-0.179,0.103,-0.621,-0.756,0.654,0.664,-0.084,-0.353,0.687,0.666,0.219,0.193,0.33,0.355,-0.777,-0.402,-0.556,0.618,0.465,0.304,0.001,0.001,0.001,0.001,0.001,0.001,0.001,0.009,0.001,0.001,0.001,0.001,0.001,0.001,0.032,0.12,0.204,0.001,0.001,0.013,0.001,0.001,0.02,0.062,0.228,0.067,0.416,0.001,0.01,0.001,0.001,0.001,0.286,0.43,0.049,0.613,0.001,0.634,0.784,1.37,0.487,0.789,0.233,0.437,0.675,-0.351,-0.482,0.317,-0.737,1.586,1.02,0.919,0.211,0.013,0,0,0.02,0.375,0.921,0.932,0.524,0,0.001,0.009,0.178,0,0.013,0.769,0.67,0.211,0,0.001,0.024,0.607,0,0.165,0.002,0.001,0,0,0.001,0.306,0.636,0.046,0.256,0.001,0.559,0.821,0.414,0.183,0.121,0.134,0.001,0.437,7.99,13.088
11:24.0,2021,-0.381,-0.435,0.595,0.559,-0.184,0.098,-0.619,-0.757,0.652,0.666,-0.086,-0.35,0.687,0.668,0.214,0.19,0.327,0.356,-0.778,-0.401,-0.546,0.644,0.438,0.307,0.001,0.001,0.001,0.001,0.001,0.001,0.001,0.001,0.001,0.001,0.001,0.001,0.001,0.001,0.033,0.107,0.184,0.001,0.001,0.01,0.001,0.001,0.031,0.059,0.214,0.057,0.342,0.001,0.002,0.001,0.001,0.001,0.231,0.358,0.024,0.647,0.001,0.558,0.582,1.199,0.485,0.639,0.208,0.332,0.692,-0.351,-0.482,0.317,-0.737,1.586,1.02,0.919,0.211,0.013,0,0,0.02,0.375,0.921,0.932,0.524,0,0.001,0.009,0.178,0,0.013,0.769,0.67,0.211,0,0.001,0.024,0.607,0,0.165,0.002,0.001,0,0,0.001,0.306,0.636,0.046,0.256,0.001,0.559,0.821,0.414,0.183,0.121,0.134,0.001,0.437,7.017,13.088
11:24.0,2022,-0.388,-0.423,0.598,0.56,-0.188,0.094,-0.618,-0.757,0.652,0.668,-0.09,-0.347,0.688,0.67,0.208,0.188,0.322,0.358,-0.78,-0.4,-0.539,0.665,0.415,0.309,0.001,0.001,0.001,0.001,0.001,0.001,0.001,0.001,0.001,0.001,0.001,0.001,0.001,0.001,0.016,0.093,0.161,0.001,0.001,0.007,0.001,0.001,0.05,0.042,0.168,0.045,0.306,0.001,0.001,0.001,0.001,0.001,0.188,0.346,0.021,0.629,0.001,0.449,0.398,0.999,0.51,0.486,0.065,0.107,0.611,-0.351,-0.482,0.317,-0.737,1.586,1.02,0.919,0.211,0.013,0,0,0.02,0.375,0.921,0.932,0.524,0,0.001,0.009,0.178,0,0.013,0.769,0.67,0.211,0,0.001,0.024,0.607,0,0.165,0.002,0.001,0,0,0.001,0.306,0.636,0.046,0.256,0.001,0.559,0.821,0.414,0.183,0.121,0.134,0.001,0.437,5.721,13.088
11:24.0,2023,-0.396,-0.411,0.602,0.559,-0.19,0.092,-0.618,-0.758,0.652,0.669,-0.094,-0.344,0.687,0.672,0.203,0.186,0.316,0.36,-0.782,-0.4,-0.53,0.69,0.381,0.313,0,0.001,0.001,0.001,0.001,0.001,0.001,0.001,0.001,0.001,0.001,0.001,0.001,0.001,0.012,0.057,0.103,0.001,0.001,0.002,0.001,0.001,0.006,0.032,0.162,0.038,0.276,0.001,0.001,0.001,0.001,0.001,0.125,0.288,0.01,0.586,0.001,0.365,0.317,0.77,0.475,0.295,0.056,0.088,0.543,-0.351,-0.482,0.317,-0.737,1.586,1.02,0.919,0.211,0.013,0,0,0.02,0.375,0.921,0.932,0.524,0,0.001,0.009,0.178,0,0.013,0.769,0.67,0.211,0,0.001,0.024,0.607,0,0.165,0.002,0.001,0,0,0.001,0.306,0.636,0.046,0.256,0.001,0.559,0.821,0.414,0.183,0.121,0.134,0.001,0.437,4.629,13.088
11:24.0,2024,-0.404,-0.399,0.607,0.556,-0.191,0.092,-0.617,-0.758,0.653,0.67,-0.099,-0.338,0.686,0.675,0.198,0.185,0.31,0.362,-0.783,-0.399,-0.524,0.706,0.359,0.314,0.001,0.001,0.001,0.001,0.001,0.001,0.001,0.001,0.001,0.001,0.001,0.001,0.001,0.001,0.001,0.037,0.049,0.001,0.001,0.001,0.001,0.001,0.018,0.004,0.137,0.024,0.236,0.001,0.001,0.001,0.001,0.001,0.093,0.217,0.001,0.512,0.001,0.252,0.245,0.6,0.408,0.148,0.046,0.022,0.365,-0.351,-0.482,0.317,-0.737,1.586,1.02,0.919,0.211,0.013,0,0,0.02,0.375,0.921,0.932,0.524,0,0.001,0.009,0.178,0,0.013,0.769,0.67,0.211,0,0.001,0.024,0.607,0,0.165,0.002,0.001,0,0,0.001,0.306,0.636,0.046,0.256,0.001,0.559,0.821,0.414,0.183,0.121,0.134,0.001,0.437,3.44,13.088
11:24.0,2025,-0.413,-0.389,0.612,0.551,-0.191,0.093,-0.617,-0.758,0.654,0.672,-0.103,-0.332,0.684,0.678,0.194,0.185,0.303,0.365,-0.785,-0.398,-0.518,0.725,0.325,0.318,0.001,0.001,0.001,0.001,0.001,0.001,0.001,0.001,0.001,0.001,0.001,0.001,0.001,0.001,0.001,0.002,0.011,0.001,0.001,0.001,0.001,0.001,0.001,0.001,0.071,0.001,0.148,0.001,0.001,0.001,0.001,0.001,0.059,0.199,0.001,0.421,0.001,0.139,0.184,0.424,0.256,0.062,0.001,0.017,0.199,-0.351,-0.482,0.317,-0.737,1.586,1.02,0.919,0.211,0.013,0,0,0.02,0.375,0.921,0.932,0.524,0,0.001,0.009,0.178,0,0.013,0.769,0.67,0.211,0,0.001,0.024,0.607,0,0.165,0.002,0.001,0,0,0.001,0.306,0.636,0.046,0.256,0.001,0.559,0.821,0.414,0.183,0.121,0.134,0.001,0.437,2.223,13.088
11:24.0,2026,-0.42,-0.38,0.618,0.545,-0.19,0.097,-0.616,-0.758,0.654,0.674,-0.108,-0.325,0.681,0.682,0.19,0.185,0.296,0.367,-0.787,-0.396,-0.515,0.736,0.302,0.319,0.001,0.001,0.001,0.001,0.001,0.001,0.001,0.001,0.001,0.001,0.001,0.001,0.001,0.001,0.001,0.001,0.001,0.001,0.001,0.001,0.001,0.001,0.001,0.001,0.044,0.001,0.078,0.001,0.001,0.001,0.001,0.001,0.034,0.114,0.001,0.303,0.001,0.048,0.151,0.302,0.122,0.004,0.001,0.01,0.048,-0.351,-0.482,0.317,-0.737,1.586,1.02,0.919,0.211,0.013,0,0,0.02,0.375,0.921,0.932,0.524,0,0.001,0.009,0.178,0,0.013,0.769,0.67,0.211,0,0.001,0.024,0.607,0,0.165,0.002,0.001,0,0,0.001,0.306,0.636,0.046,0.256,0.001,0.559,0.821,0.414,0.183,0.121,0.134,0.001,0.437,1.291,13.088
11:24.0,2027,-0.426,-0.373,0.624,0.539,-0.189,0.101,-0.615,-0.759,0.653,0.678,-0.112,-0.318,0.678,0.686,0.187,0.188,0.29,0.37,-0.789,-0.395,-0.514,0.747,0.276,0.318,0.001,0.001,0.001,0.001,0.001,0.001,0.001,0.001,0.001,0.001,0.001,0.001,0.001,0.001,0.001,0.001,0.001,0.001,0.001,0.004,0.001,0.001,0.001,0.001,0.038,0.001,0.022,0.001,0.001,0,0.001,0.001,0.021,0.057,0.001,0.081,0.001,0.002,0.093,0.162,0.032,0.001,0.001,0.001,0.001,-0.351,-0.482,0.317,-0.737,1.586,1.02,0.919,0.211,0.013,0,0,0.02,0.375,0.921,0.932,0.524,0,0.001,0.009,0.178,0,0.013,0.769,0.67,0.211,0,0.001,0.024,0.607,0,0.165,0.002,0.001,0,0,0.001,0.306,0.636,0.046,0.256,0.001,0.559,0.821,0.414,0.183,0.121,0.134,0.001,0.437,0.546,13.088
11:24.1,2028,-0.43,-0.367,0.629,0.534,-0.186,0.107,-0.614,-0.759,0.652,0.681,-0.115,-0.311,0.674,0.69,0.184,0.191,0.285,0.372,-0.791,-0.393,-0.514,0.747,0.276,0.318,0.001,0.001,0.001,0.001,0.001,0.001,0.001,0.001,0.001,0.001,0.001,0.001,0.001,0.001,0.001,0.001,0.001,0.001,0.001,0.004,0.001,0.001,0.001,0.001,0.038,0.001,0.022,0.001,0.001,0,0.001,0.001,0.021,0.057,0.001,0.081,0.001,0.002,0.093,0.162,0.032,0.001,0.001,0.001,0.001,-0.4,-0.477,0.368,-0.691,1.656,1.022,0.962,0.341,0.06,0,0.001,0.018,0.482,0.912,0.955,0.656,0.001,0.001,0.024,0.19,0,0.022,0.827,0.687,0.353,0.001,0.001,0.095,0.634,0.024,0.139,0.002,0.002,0.001,0,0.001,0.388,0.653,0.1,0.249,0.001,0.722,0.832,0.57,0.233,0.158,0.177,0.12,0.684,0.546,14.957
11:24.1,2029,-0.433,-0.362,0.633,0.529,-0.184,0.114,-0.614,-0.759,0.651,0.685,-0.117,-0.305,0.669,0.693,0.182,0.196,0.281,0.373,-0.793,-0.391,-0.514,0.747,0.276,0.318,0.001,0.001,0.001,0.001,0.001,0.001,0.001,0.001,0.001,0.001,0.001,0.001,0.001,0.001,0.001,0.001,0.001,0.001,0.001,0.004,0.001,0.001,0.001,0.001,0.038,0.001,0.022,0.001,0.001,0,0.001,0.001,0.021,0.057,0.001,0.081,0.001,0.002,0.093,0.162,0.032,0.001,0.001,0.001,0.001,-0.408,-0.474,0.376,-0.683,1.656,1.02,0.96,0.348,0.063,0.001,0.002,0.018,0.49,0.91,0.957,0.651,0.001,0,0.024,0.188,0,0.022,0.83,0.692,0.364,0.001,0,0.09,0.639,0.029,0.151,0.004,0.002,0.001,0,0,0.394,0.652,0.1,0.249,0,0.731,0.833,0.589,0.237,0.155,0.176,0.128,0.696,0.546,15.054
11:24.1,2030,-0.435,-0.357,0.637,0.526,-0.182,0.123,-0.613,-0.759,0.649,0.689,-0.119,-0.3,0.665,0.696,0.182,0.201,0.278,0.374,-0.795,-0.389,-0.514,0.747,0.276,0.318,0.001,0.001,0.001,0.001,0.001,0.001,0.001,0.001,0.001,0.001,0.001,0.001,0.001,0.001,0.001,0.001,0.001,0.001,0.001,0.004,0.001,0.001,0.001,0.001,0.038,0.001,0.022,0.001,0.001,0,0.001,0.001,0.021,0.057,0.001,0.081,0.001,0.002,0.093,0.162,0.032,0.001,0.001,0.001,0.001,-0.411,-0.474,0.38,-0.679,1.657,1.021,0.96,0.346,0.067,0.001,0.002,0.02,0.493,0.91,0.957,0.664,0.001,0.001,0.024,0.19,0.001,0.022,0.832,0.692,0.379,0,0,0.103,0.639,0.035,0.162,0.004,0.002,0.001,0,0.001,0.397,0.656,0.106,0.26,0.001,0.741,0.832,0.606,0.241,0.153,0.175,0.128,0.695,0.546,15.178
11:24.1,2031,-0.437,-0.353,0.641,0.524,-0.182,0.133,-0.612,-0.758,0.647,0.692,-0.12,-0.296,0.661,0.698,0.182,0.206,0.275,0.374,-0.796,-0.388,-0.514,0.747,0.276,0.318,0.001,0.001,0.001,0.001,0.001,0.001,0.001,0.001,0.001,0.001,0.001,0.001,0.001,0.001,0.001,0.001,0.001,0.001,0.001,0.004,0.001,0.001,0.001,0.001,0.038,0.001,0.022,0.001,0.001,0,0.001,0.001,0.021,0.057,0.001,0.081,0.001,0.002,0.093,0.162,0.032,0.001,0.001,0.001,0.001,-0.415,-0.475,0.383,-0.675,1.656,1.02,0.96,0.346,0.074,0.001,0.002,0.02,0.496,0.908,0.958,0.663,0.001,0,0.026,0.193,0.001,0.022,0.833,0.694,0.377,0.001,0,0.103,0.64,0.035,0.17,0.002,0.002,0.001,0.001,0.001,0.403,0.656,0.105,0.266,0,0.736,0.834,0.615,0.243,0.151,0.175,0.134,0.705,0.546,15.23
11:24.1,2032,-0.438,-0.348,0.644,0.522,-0.182,0.144,-0.611,-0.756,0.645,0.695,-0.121,-0.292,0.657,0.7,0.182,0.211,0.273,0.374,-0.797,-0.387,-0.514,0.747,0.276,0.318,0.001,0.001,0.001,0.001,0.001,0.001,0.001,0.001,0.001,0.001,0.001,0.001,0.001,0.001,0.001,0.001,0.001,0.001,0.001,0.004,0.001,0.001,0.001,0.001,0.038,0.001,0.022,0.001,0.001,0,0.001,0.001,0.021,0.057,0.001,0.081,0.001,0.002,0.093,0.162,0.032,0.001,0.001,0.001,0.001,-0.415,-0.475,0.383,-0.675,1.656,1.02,0.96,0.346,0.074,0.001,0.002,0.02,0.496,0.908,0.958,0.663,0.001,0,0.026,0.193,0.001,0.022,0.833,0.694,0.377,0.001,0,0.103,0.64,0.035,0.17,0.002,0.002,0.001,0.001,0.001,0.403,0.656,0.105,0.266,0,0.736,0.834,0.615,0.243,0.151,0.175,0.134,0.705,0.546,15.23
11:24.1,2033,-0.439,-0.343,0.647,0.52,-0.184,0.156,-0.61,-0.755,0.643,0.698,-0.121,-0.289,0.654,0.702,0.183,0.215,0.272,0.375,-0.797,-0.387,-0.514,0.747,0.276,0.318,0.001,0.001,0.001,0.001,0.001,0.001,0.001,0.001,0.001,0.001,0.001,0.001,0.001,0.001,0.001,0.001,0.001,0.001,0.001,0.004,0.001,0.001,0.001,0.001,0.038,0.001,0.022,0.001,0.001,0,0.001,0.001,0.021,0.057,0.001,0.081,0.001,0.002,0.093,0.162,0.032,0.001,0.001,0.001,0.001,-0.415,-0.475,0.383,-0.675,1.656,1.02,0.96,0.346,0.074,0.001,0.002,0.02,0.496,0.908,0.958,0.663,0.001,0,0.026,0.193,0.001,0.022,0.833,0.694,0.377,0.001,0,0.103,0.64,0.035,0.17,0.002,0.002,0.001,0.001,0.001,0.403,0.656,0.105,0.266,0,0.736,0.834,0.615,0.243,0.151,0.175,0.134,0.705,0.546,15.23
11:24.1,2034,-0.441,-0.338,0.651,0.518,-0.186,0.166,-0.608,-0.753,0.641,0.701,-0.121,-0.286,0.651,0.703,0.185,0.218,0.271,0.375,-0.797,-0.388,-0.5,0.758,0.221,0.356,0.001,0.001,0.001,0.001,0.001,0.001,0.001,0.001,0.001,0.001,0.001,0.001,0.001,0.001,0.001,0.001,0.001,0.001,0.001,0.01,0.001,0.001,0.001,0.001,0.033,0.001,0.012,0.001,0.001,0.001,0.001,0.001,0.021,0.042,0.001,0.034,0.001,0.001,0.078,0.087,0.009,0.001,0.001,0.001,0.001,-0.415,-0.475,0.383,-0.675,1.656,1.02,0.96,0.346,0.074,0.001,0.002,0.02,0.496,0.908,0.958,0.663,0.001,0,0.026,0.193,0.001,0.022,0.833,0.694,0.377,0.001,0,0.103,0.64,0.035,0.17,0.002,0.002,0.001,0.001,0.001,0.403,0.656,0.105,0.266,0,0.736,0.834,0.615,0.243,0.151,0.175,0.134,0.705,0.362,15.23
11:24.1,2035,-0.442,-0.333,0.654,0.516,-0.189,0.176,-0.607,-0.752,0.639,0.704,-0.122,-0.284,0.649,0.704,0.186,0.22,0.269,0.375,-0.797,-0.39,-0.501,0.751,0.228,0.364,0.001,0.001,0.001,0.001,0.001,0.001,0.001,0.001,0.001,0.011,0.001,0.001,0.001,0.001,0.001,0.001,0.001,0,0.001,0.032,0.001,0.001,0.001,0.001,0.005,0.001,0.001,0.001,0.001,0.001,0.001,0,0.001,0.001,0.001,0.004,0.001,0.001,0.001,0.001,0.001,0.001,0.001,0.001,0.001,-0.415,-0.475,0.383,-0.675,1.656,1.02,0.96,0.346,0.074,0.001,0.002,0.02,0.496,0.908,0.958,0.663,0.001,0,0.026,0.193,0.001,0.022,0.833,0.694,0.377,0.001,0,0.103,0.64,0.035,0.17,0.002,0.002,0.001,0.001,0.001,0.403,0.656,0.105,0.266,0,0.736,0.834,0.615,0.243,0.151,0.175,0.134,0.705,0.091,15.23
11:24.1,2036,-0.444,-0.329,0.657,0.513,-0.191,0.185,-0.605,-0.751,0.637,0.707,-0.122,-0.282,0.647,0.705,0.187,0.222,0.268,0.376,-0.796,-0.392,-0.503,0.743,0.238,0.371,0.001,0.001,0.001,0.001,0.001,0.001,0.001,0.001,0.001,0.012,0.001,0.001,0.001,0.001,0.001,0.001,0.001,0.001,0.001,0.029,0.001,0.001,0.001,0.001,0.006,0.001,0.001,0.001,0.001,0.001,0.001,0.001,0.001,0.001,0.001,0.001,0.001,0.001,0.001,0.001,0.001,0.001,0.001,0.001,0.001,-0.415,-0.475,0.383,-0.675,1.656,1.02,0.96,0.346,0.074,0.001,0.002,0.02,0.496,0.908,0.958,0.663,0.001,0,0.026,0.193,0.001,0.022,0.833,0.694,0.377,0.001,0,0.103,0.64,0.035,0.17,0.002,0.002,0.001,0.001,0.001,0.403,0.656,0.105,0.266,0,0.736,0.834,0.615,0.243,0.151,0.175,0.134,0.705,0.089,15.23
11:24.1,2037,-0.446,-0.325,0.66,0.51,-0.193,0.193,-0.603,-0.75,0.635,0.709,-0.123,-0.28,0.645,0.706,0.189,0.223,0.267,0.376,-0.794,-0.396,-0.507,0.732,0.249,0.381,0.001,0.001,0.001,0.001,0.001,0.001,0.001,0.001,0.001,0.012,0.001,0.001,0.001,0.001,0.001,0.001,0.001,0.001,0.001,0.027,0.001,0.001,0.001,0.001,0.01,0.001,0.001,0.001,0.001,0.001,0.001,0.001,0.001,0.001,0.001,0.001,0.001,0.001,0.001,0.001,0.001,0.001,0.001,0.001,0.001,-0.415,-0.475,0.383,-0.675,1.656,1.02,0.96,0.346,0.074,0.001,0.002,0.02,0.496,0.908,0.958,0.663,0.001,0,0.026,0.193,0.001,0.022,0.833,0.694,0.377,0.001,0,0.103,0.64,0.035,0.17,0.002,0.002,0.001,0.001,0.001,0.403,0.656,0.105,0.266,0,0.736,0.834,0.615,0.243,0.151,0.175,0.134,0.705,0.091,15.23
11:24.2,2038,-0.449,-0.321,0.662,0.506,-0.195,0.201,-0.6,-0.749,0.634,0.711,-0.124,-0.279,0.643,0.707,0.189,0.223,0.265,0.376,-0.793,-0.399,-0.507,0.732,0.249,0.381,0.001,0.001,0.001,0.001,0.001,0.001,0.001,0.001,0.001,0.012,0.001,0.001,0.001,0.001,0.001,0.001,0.001,0.001,0.001,0.027,0.001,0.001,0.001,0.001,0.01,0.001,0.001,0.001,0.001,0.001,0.001,0.001,0.001,0.001,0.001,0.001,0.001,0.001,0.001,0.001,0.001,0.001,0.001,0.001,0.001,-0.415,-0.475,0.383,-0.675,1.656,1.02,0.96,0.346,0.074,0.001,0.002,0.02,0.496,0.908,0.958,0.663,0.001,0,0.026,0.193,0.001,0.022,0.833,0.694,0.377,0.001,0,0.103,0.64,0.035,0.17,0.002,0.002,0.001,0.001,0.001,0.403,0.656,0.105,0.266,0,0.736,0.834,0.615,0.243,0.151,0.175,0.134,0.705,0.091,15.23
11:24.2,2039,-0.453,-0.319,0.664,0.502,-0.195,0.209,-0.598,-0.749,0.632,0.713,-0.126,-0.276,0.642,0.709,0.188,0.224,0.263,0.377,-0.792,-0.402,-0.507,0.732,0.249,0.381,0.001,0.001,0.001,0.001,0.001,0.001,0.001,0.001,0.001,0.012,0.001,0.001,0.001,0.001,0.001,0.001,0.001,0.001,0.001,0.027,0.001,0.001,0.001,0.001,0.01,0.001,0.001,0.001,0.001,0.001,0.001,0.001,0.001,0.001,0.001,0.001,0.001,0.001,0.001,0.001,0.001,0.001,0.001,0.001,0.001,-0.428,-0.48,0.4,-0.653,1.656,1.02,0.958,0.346,0.079,0,0.002,0.018,0.496,0.907,0.958,0.664,0,0.001,0.026,0.192,0.001,0.022,0.833,0.696,0.385,0.001,0,0.105,0.637,0.037,0.175,0.004,0.002,0.001,0,0.001,0.403,0.658,0.107,0.272,0.001,0.736,0.835,0.618,0.238,0.153,0.173,0.14,0.707,0.091,15.264
11:24.2,2040,-0.457,-0.316,0.665,0.498,-0.195,0.216,-0.595,-0.749,0.631,0.714,-0.128,-0.273,0.64,0.711,0.187,0.226,0.261,0.377,-0.79,-0.405,-0.507,0.732,0.249,0.381,0.001,0.001,0.001,0.001,0.001,0.001,0.001,0.001,0.001,0.012,0.001,0.001,0.001,0.001,0.001,0.001,0.001,0.001,0.001,0.027,0.001,0.001,0.001,0.001,0.01,0.001,0.001,0.001,0.001,0.001,0.001,0.001,0.001,0.001,0.001,0.001,0.001,0.001,0.001,0.001,0.001,0.001,0.001,0.001,0.001,-0.429,-0.481,0.402,-0.651,1.601,1.024,0.935,0.374,0.209,0,0.05,0.029,0.407,0.896,0.951,0.697,0.001,0,0.09,0.253,0.043,0.018,0.786,0.692,0.415,0.022,0,0.232,0.679,0.144,0.225,0.004,0.004,0.001,0,0,0.516,0.702,0.217,0.332,0,0.8,0.788,0.676,0.303,0.177,0.19,0.241,0.877,0.091,16.601
11:24.2,2041,-0.462,-0.314,0.666,0.494,-0.194,0.224,-0.592,-0.749,0.63,0.716,-0.13,-0.27,0.637,0.712,0.185,0.227,0.259,0.378,-0.79,-0.408,-0.507,0.732,0.249,0.381,0.001,0.001,0.001,0.001,0.001,0.001,0.001,0.001,0.001,0.012,0.001,0.001,0.001,0.001,0.001,0.001,0.001,0.001,0.001,0.027,0.001,0.001,0.001,0.001,0.01,0.001,0.001,0.001,0.001,0.001,0.001,0.001,0.001,0.001,0.001,0.001,0.001,0.001,0.001,0.001,0.001,0.001,0.001,0.001,0.001,-0.431,-0.481,0.405,-0.647,1.579,1.023,0.929,0.375,0.254,0,0.059,0.032,0.389,0.895,0.95,0.706,0.001,0,0.101,0.264,0.05,0.017,0.775,0.69,0.415,0.023,0,0.269,0.69,0.155,0.225,0.004,0.004,0.002,0,0.001,0.529,0.703,0.238,0.332,0,0.812,0.779,0.692,0.311,0.179,0.195,0.255,0.905,0.091,16.807
11:24.2,2042,-0.467,-0.312,0.666,0.49,-0.192,0.232,-0.59,-0.75,0.629,0.718,-0.133,-0.265,0.635,0.715,0.183,0.23,0.257,0.379,-0.789,-0.409,-0.507,0.732,0.249,0.381,0.001,0.001,0.001,0.001,0.001,0.001,0.001,0.001,0.001,0.012,0.001,0.001,0.001,0.001,0.001,0.001,0.001,0.001,0.001,0.027,0.001,0.001,0.001,0.001,0.01,0.001,0.001,0.001,0.001,0.001,0.001,0.001,0.001,0.001,0.001,0.001,0.001,0.001,0.001,0.001,0.001,0.001,0.001,0.001,0.001,-0.432,-0.482,0.407,-0.645,1.563,1.023,0.923,0.376,0.277,0,0.065,0.035,0.375,0.893,0.947,0.707,0.001,0,0.117,0.27,0.063,0.016,0.768,0.687,0.419,0.023,0.001,0.295,0.7,0.165,0.238,0.004,0.004,0.002,0,0.001,0.534,0.701,0.263,0.33,0,0.812,0.774,0.696,0.326,0.183,0.201,0.275,0.915,0.091,16.968
11:24.2,2043,-0.472,-0.311,0.667,0.486,-0.19,0.238,-0.587,-0.75,0.629,0.72,-0.135,-0.261,0.632,0.717,0.181,0.232,0.255,0.379,-0.789,-0.411,-0.507,0.732,0.249,0.381,0.001,0.001,0.001,0.001,0.001,0.001,0.001,0.001,0.001,0.012,0.001,0.001,0.001,0.001,0.001,0.001,0.001,0.001,0.001,0.027,0.001,0.001,0.001,0.001,0.01,0.001,0.001,0.001,0.001,0.001,0.001,0.001,0.001,0.001,0.001,0.001,0.001,0.001,0.001,0.001,0.001,0.001,0.001,0.001,0.001,-0.434,-0.482,0.41,-0.642,1.546,1.022,0.921,0.374,0.309,0,0.065,0.037,0.364,0.89,0.944,0.711,0.001,0,0.127,0.278,0.072,0.016,0.764,0.685,0.42,0.022,0.001,0.315,0.707,0.188,0.238,0.005,0.005,0.002,0,0.001,0.54,0.701,0.283,0.327,0.001,0.814,0.77,0.701,0.336,0.19,0.205,0.282,0.928,0.091,17.108
11:24.2,2044,-0.476,-0.31,0.667,0.482,-0.186,0.244,-0.586,-0.75,0.628,0.721,-0.138,-0.256,0.629,0.719,0.179,0.236,0.253,0.38,-0.788,-0.412,-0.492,0.629,0.369,0.475,0.001,0.001,0.001,0.001,0.001,0.001,0.001,0.001,0.001,0.011,0.001,0.001,0.001,0.001,0.001,0.001,0.001,0.001,0.001,0.031,0.001,0.001,0.001,0.001,0.007,0.001,0.001,0.001,0.001,0.001,0.001,0.001,0.001,0.001,0.001,0.001,0.001,0.001,0.001,0.001,0.001,0.001,0.001,0.001,0.001,-0.438,-0.48,0.415,-0.636,1.525,1.02,0.911,0.375,0.336,0.001,0.07,0.04,0.353,0.886,0.944,0.709,0.001,0,0.134,0.286,0.078,0.015,0.759,0.686,0.422,0.023,0,0.325,0.711,0.211,0.242,0.005,0.005,0.002,0,0,0.551,0.703,0.299,0.336,0,0.822,0.762,0.722,0.342,0.195,0.211,0.289,0.946,0.091,17.253
11:24.2,2045,-0.481,-0.309,0.667,0.478,-0.181,0.247,-0.585,-0.751,0.627,0.723,-0.141,-0.251,0.626,0.721,0.177,0.239,0.251,0.381,-0.788,-0.413,-0.492,0.629,0.369,0.475,0.001,0.001,0.001,0.001,0.001,0.001,0.001,0.001,0.001,0.011,0.001,0.001,0.001,0.001,0.001,0.001,0.001,0.001,0.001,0.031,0.001,0.001,0.001,0.001,0.007,0.001,0.001,0.001,0.001,0.001,0.001,0.001,0.001,0.001,0.001,0.001,0.001,0.001,0.001,0.001,0.001,0.001,0.001,0.001,0.001,-0.441,-0.479,0.418,-0.633,1.512,1.017,0.904,0.375,0.359,0.001,0.085,0.044,0.336,0.883,0.94,0.712,0.001,0.001,0.142,0.294,0.084,0.013,0.753,0.687,0.427,0.011,0,0.335,0.709,0.231,0.245,0.005,0.005,0.002,0.001,0,0.557,0.705,0.314,0.341,0,0.829,0.755,0.736,0.344,0.201,0.219,0.288,0.966,0.091,17.369
11:24.2,2046,-0.486,-0.308,0.667,0.474,-0.175,0.25,-0.584,-0.752,0.627,0.725,-0.144,-0.246,0.623,0.722,0.175,0.243,0.249,0.382,-0.788,-0.413,-0.492,0.629,0.369,0.475,0.001,0.001,0.001,0.001,0.001,0.001,0.001,0.001,0.001,0.011,0.001,0.001,0.001,0.001,0.001,0.001,0.001,0.001,0.001,0.031,0.001,0.001,0.001,0.001,0.007,0.001,0.001,0.001,0.001,0.001,0.001,0.001,0.001,0.001,0.001,0.001,0.001,0.001,0.001,0.001,0.001,0.001,0.001,0.001,0.001,-0.445,-0.477,0.423,-0.629,1.495,1.013,0.893,0.376,0.388,0.001,0.088,0.045,0.311,0.877,0.935,0.713,0.007,0.009,0.15,0.303,0.104,0.013,0.75,0.692,0.427,0.001,0,0.354,0.712,0.249,0.254,0.005,0.005,0.002,0,0,0.564,0.703,0.332,0.353,0,0.839,0.751,0.744,0.346,0.201,0.222,0.299,0.983,0.091,17.509
11:24.2,2047,-0.49,-0.309,0.667,0.469,-0.168,0.251,-0.583,-0.754,0.626,0.727,-0.147,-0.241,0.62,0.724,0.173,0.246,0.247,0.383,-0.788,-0.414,-0.492,0.629,0.369,0.475,0.001,0.001,0.001,0.001,0.001,0.001,0.001,0.001,0.001,0.011,0.001,0.001,0.001,0.001,0.001,0.001,0.001,0.001,0.001,0.031,0.001,0.001,0.001,0.001,0.007,0.001,0.001,0.001,0.001,0.001,0.001,0.001,0.001,0.001,0.001,0.001,0.001,0.001,0.001,0.001,0.001,0.001,0.001,0.001,0.001,-0.445,-0.477,0.423,-0.629,1.495,1.013,0.893,0.376,0.388,0.001,0.088,0.045,0.311,0.877,0.935,0.713,0.007,0.009,0.15,0.303,0.104,0.013,0.75,0.692,0.427,0.001,0,0.354,0.712,0.249,0.254,0.005,0.005,0.002,0,0,0.564,0.703,0.332,0.353,0,0.839,0.751,0.744,0.346,0.201,0.222,0.299,0.983,0.091,17.509
11:24.3,2048,-0.495,-0.31,0.666,0.465,-0.159,0.251,-0.582,-0.757,0.625,0.729,-0.15,-0.236,0.618,0.726,0.172,0.249,0.246,0.384,-0.788,-0.413,-0.492,0.629,0.369,0.475,0.001,0.001,0.001,0.001,0.001,0.001,0.001,0.001,0.001,0.011,0.001,0.001,0.001,0.001,0.001,0.001,0.001,0.001,0.001,0.031,0.001,0.001,0.001,0.001,0.007,0.001,0.001,0.001,0.001,0.001,0.001,0.001,0.001,0.001,0.001,0.001,0.001,0.001,0.001,0.001,0.001,0.001,0.001,0.001,0.001,-0.445,-0.477,0.423,-0.629,1.495,1.013,0.893,0.376,0.388,0.001,0.088,0.045,0.311,0.877,0.935,0.713,0.007,0.009,0.15,0.303,0.104,0.013,0.75,0.692,0.427,0.001,0,0.354,0.712,0.249,0.254,0.005,0.005,0.002,0,0,0.564,0.703,0.332,0.353,0,0.839,0.751,0.744,0.346,0.201,0.222,0.299,0.983,0.091,17.509
11:24.3,2049,-0.499,-0.312,0.664,0.461,-0.149,0.251,-0.579,-0.761,0.625,0.73,-0.152,-0.231,0.616,0.727,0.17,0.252,0.244,0.385,-0.789,-0.413,-0.492,0.629,0.369,0.475,0.001,0.001,0.001,0.001,0.001,0.001,0.001,0.001,0.001,0.011,0.001,0.001,0.001,0.001,0.001,0.001,0.001,0.001,0.001,0.031,0.001,0.001,0.001,0.001,0.007,0.001,0.001,0.001,0.001,0.001,0.001,0.001,0.001,0.001,0.001,0.001,0.001,0.001,0.001,0.001,0.001,0.001,0.001,0.001,0.001,-0.445,-0.477,0.423,-0.629,1.495,1.013,0.893,0.376,0.388,0.001,0.088,0.045,0.311,0.877,0.935,0.713,0.007,0.009,0.15,0.303,0.104,0.013,0.75,0.692,0.427,0.001,0,0.354,0.712,0.249,0.254,0.005,0.005,0.002,0,0,0.564,0.703,0.332,0.353,0,0.839,0.751,0.744,0.346,0.201,0.222,0.299,0.983,0.091,17.509
11:24.3,2050,-0.502,-0.315,0.663,0.458,-0.138,0.25,-0.577,-0.765,0.624,0.732,-0.154,-0.226,0.614,0.728,0.169,0.254,0.242,0.386,-0.789,-0.413,-0.492,0.629,0.369,0.475,0.001,0.001,0.001,0.001,0.001,0.001,0.001,0.001,0.001,0.011,0.001,0.001,0.001,0.001,0.001,0.001,0.001,0.001,0.001,0.031,0.001,0.001,0.001,0.001,0.007,0.001,0.001,0.001,0.001,0.001,0.001,0.001,0.001,0.001,0.001,0.001,0.001,0.001,0.001,0.001,0.001,0.001,0.001,0.001,0.001,-0.445,-0.477,0.423,-0.629,1.495,1.013,0.893,0.376,0.388,0.001,0.088,0.045,0.311,0.877,0.935,0.713,0.007,0.009,0.15,0.303,0.104,0.013,0.75,0.692,0.427,0.001,0,0.354,0.712,0.249,0.254,0.005,0.005,0.002,0,0,0.564,0.703,0.332,0.353,0,0.839,0.751,0.744,0.346,0.201,0.222,0.299,0.983,0.091,17.509
11:24.3,2051,-0.505,-0.318,0.661,0.455,-0.126,0.249,-0.576,-0.768,0.623,0.733,-0.156,-0.222,0.612,0.729,0.168,0.256,0.241,0.386,-0.789,-0.413,-0.421,0.513,0.473,0.58,0.001,0.001,0.001,0.001,0.001,0.001,0.001,0.001,0.001,0.044,0.001,0.002,0.001,0.001,0.001,0.001,0.001,0.001,0.001,0.032,0.001,0.001,0.001,0.001,0.017,0.001,0.001,0.001,0.001,0.001,0.001,0.001,0.001,0.001,0.001,0.001,0.001,0.001,0.001,0.001,0.001,0.001,0.001,0.001,0.001,-0.445,-0.477,0.423,-0.629,1.495,1.013,0.893,0.376,0.388,0.001,0.088,0.045,0.311,0.877,0.935,0.713,0.007,0.009,0.15,0.303,0.104,0.013,0.75,0.692,0.427,0.001,0,0.354,0.712,0.249,0.254,0.005,0.005,0.002,0,0,0.564,0.703,0.332,0.353,0,0.839,0.751,0.744,0.346,0.201,0.222,0.299,0.983,0.136,17.509
11:24.3,2052,-0.507,-0.321,0.658,0.454,-0.116,0.246,-0.576,-0.771,0.623,0.734,-0.158,-0.218,0.61,0.73,0.167,0.257,0.24,0.387,-0.788,-0.413,-0.421,0.513,0.473,0.58,0.001,0.001,0.001,0.001,0.001,0.001,0.001,0.001,0.001,0.044,0.001,0.002,0.001,0.001,0.001,0.001,0.001,0.001,0.001,0.032,0.001,0.001,0.001,0.001,0.017,0.001,0.001,0.001,0.001,0.001,0.001,0.001,0.001,0.001,0.001,0.001,0.001,0.001,0.001,0.001,0.001,0.001,0.001,0.001,0.001,-0.445,-0.477,0.423,-0.629,1.495,1.013,0.893,0.376,0.388,0.001,0.088,0.045,0.311,0.877,0.935,0.713,0.007,0.009,0.15,0.303,0.104,0.013,0.75,0.692,0.427,0.001,0,0.354,0.712,0.249,0.254,0.005,0.005,0.002,0,0,0.564,0.703,0.332,0.353,0,0.839,0.751,0.744,0.346,0.201,0.222,0.299,0.983,0.136,17.509
11:24.3,2053,-0.508,-0.324,0.656,0.454,-0.105,0.241,-0.577,-0.773,0.622,0.736,-0.16,-0.215,0.609,0.731,0.166,0.259,0.24,0.388,-0.788,-0.413,-0.421,0.513,0.473,0.58,0.001,0.001,0.001,0.001,0.001,0.001,0.001,0.001,0.001,0.044,0.001,0.002,0.001,0.001,0.001,0.001,0.001,0.001,0.001,0.032,0.001,0.001,0.001,0.001,0.017,0.001,0.001,0.001,0.001,0.001,0.001,0.001,0.001,0.001,0.001,0.001,0.001,0.001,0.001,0.001,0.001,0.001,0.001,0.001,0.001,-0.464,-0.467,0.445,-0.607,1.481,1.012,0.885,0.371,0.4,0,0.094,0.045,0.303,0.873,0.934,0.713,0.017,0.009,0.156,0.305,0.107,0.012,0.751,0.694,0.433,0.001,0,0.36,0.713,0.264,0.254,0.005,0.005,0.002,0,0.001,0.567,0.706,0.341,0.355,0,0.842,0.751,0.744,0.348,0.204,0.223,0.309,1.002,0.136,17.592
11:24.3,2054,-0.507,-0.328,0.654,0.455,-0.092,0.235,-0.578,-0.776,0.621,0.737,-0.161,-0.212,0.607,0.733,0.166,0.259,0.241,0.389,-0.787,-0.413,-0.421,0.513,0.473,0.58,0.001,0.001,0.001,0.001,0.001,0.001,0.001,0.001,0.001,0.044,0.001,0.002,0.001,0.001,0.001,0.001,0.001,0.001,0.001,0.032,0.001,0.001,0.001,0.001,0.017,0.001,0.001,0.001,0.001,0.001,0.001,0.001,0.001,0.001,0.001,0.001,0.001,0.001,0.001,0.001,0.001,0.001,0.001,0.001,0.001,-0.468,-0.464,0.449,-0.604,1.281,0.98,0.789,0.283,0.433,0.001,0.112,0.056,0.227,0.823,0.908,0.687,0.039,0.049,0.19,0.331,0.134,0.007,0.734,0.711,0.449,0.022,0.001,0.418,0.707,0.31,0.27,0.006,0.007,0.004,0.001,0,0.581,0.691,0.404,0.358,0.001,0.857,0.756,0.786,0.381,0.259,0.258,0.409,1.118,0.136,17.829
11:24.3,2055,-0.505,-0.332,0.653,0.456,-0.078,0.228,-0.58,-0.778,0.62,0.739,-0.163,-0.208,0.606,0.734,0.165,0.26,0.241,0.39,-0.787,-0.414,-0.421,0.513,0.473,0.58,0.001,0.001,0.001,0.001,0.001,0.001,0.001,0.001,0.001,0.044,0.001,0.002,0.001,0.001,0.001,0.001,0.001,0.001,0.001,0.032,0.001,0.001,0.001,0.001,0.017,0.001,0.001,0.001,0.001,0.001,0.001,0.001,0.001,0.001,0.001,0.001,0.001,0.001,0.001,0.001,0.001,0.001,0.001,0.001,0.001,-0.471,-0.462,0.453,-0.6,1.243,0.971,0.753,0.27,0.427,0.001,0.111,0.054,0.222,0.816,0.913,0.67,0.031,0.055,0.187,0.33,0.138,0.007,0.739,0.722,0.453,0.022,0.001,0.416,0.703,0.305,0.269,0.006,0.007,0.004,0.001,0,0.582,0.691,0.404,0.363,0.001,0.868,0.758,0.785,0.381,0.27,0.266,0.441,1.134,0.136,17.791
11:24.3,2056,-0.503,-0.335,0.651,0.458,-0.063,0.22,-0.581,-0.781,0.619,0.74,-0.164,-0.205,0.604,0.735,0.164,0.26,0.242,0.39,-0.786,-0.414,-0.421,0.513,0.473,0.58,0.001,0.001,0.001,0.001,0.001,0.001,0.001,0.001,0.001,0.044,0.001,0.002,0.001,0.001,0.001,0.001,0.001,0.001,0.001,0.032,0.001,0.001,0.001,0.001,0.017,0.001,0.001,0.001,0.001,0.001,0.001,0.001,0.001,0.001,0.001,0.001,0.001,0.001,0.001,0.001,0.001,0.001,0.001,0.001,0.001,-0.474,-0.459,0.456,-0.597,1.214,0.958,0.716,0.254,0.413,0,0.103,0.051,0.221,0.811,0.912,0.658,0.028,0.054,0.176,0.326,0.136,0.007,0.746,0.737,0.459,0.029,0,0.409,0.7,0.311,0.267,0.006,0.007,0.002,0,0.001,0.586,0.689,0.4,0.359,0,0.884,0.763,0.796,0.388,0.278,0.275,0.457,1.15,0.136,17.737
11:24.3,2057,-0.5,-0.339,0.65,0.461,-0.047,0.213,-0.584,-0.782,0.618,0.742,-0.164,-0.202,0.603,0.736,0.163,0.26,0.243,0.391,-0.785,-0.414,-0.421,0.513,0.473,0.58,0.001,0.001,0.001,0.001,0.001,0.001,0.001,0.001,0.001,0.044,0.001,0.002,0.001,0.001,0.001,0.001,0.001,0.001,0.001,0.032,0.001,0.001,0.001,0.001,0.017,0.001,0.001,0.001,0.001,0.001,0.001,0.001,0.001,0.001,0.001,0.001,0.001,0.001,0.001,0.001,0.001,0.001,0.001,0.001,0.001,-0.477,-0.457,0.459,-0.594,1.188,0.943,0.695,0.238,0.404,0.001,0.098,0.051,0.211,0.811,0.908,0.646,0.02,0.05,0.166,0.324,0.128,0.006,0.752,0.75,0.462,0.033,0.001,0.403,0.697,0.308,0.264,0.006,0.007,0.002,0.001,0,0.591,0.686,0.404,0.358,0.001,0.894,0.768,0.808,0.386,0.292,0.283,0.47,1.168,0.136,17.683
11:24.4,2058,-0.496,-0.342,0.649,0.464,-0.033,0.205,-0.587,-0.783,0.616,0.744,-0.165,-0.199,0.602,0.738,0.161,0.26,0.244,0.392,-0.784,-0.415,-0.416,0.384,0.548,0.616,0.001,0.001,0.001,0.001,0.001,0.001,0.001,0.001,0.001,0.043,0.001,0.002,0.001,0.001,0.001,0.001,0.001,0.001,0.001,0.029,0.001,0.001,0.001,0.001,0.016,0.001,0.001,0.001,0.001,0.001,0.001,0.001,0.001,0.001,0.001,0.001,0.001,0.001,0.001,0.001,0.001,0.001,0.001,0.001,0.001,-0.48,-0.455,0.461,-0.592,1.168,0.932,0.675,0.228,0.383,0.001,0.094,0.048,0.212,0.81,0.905,0.641,0.013,0.039,0.159,0.32,0.131,0.006,0.757,0.757,0.466,0.039,0.001,0.398,0.692,0.304,0.255,0.006,0.007,0.002,0.001,0.001,0.591,0.684,0.407,0.355,0,0.904,0.774,0.81,0.391,0.304,0.294,0.501,1.187,0.131,17.653
11:24.4,2059,-0.491,-0.345,0.649,0.467,-0.019,0.197,-0.59,-0.783,0.615,0.746,-0.166,-0.195,0.601,0.739,0.16,0.26,0.244,0.393,-0.783,-0.416,-0.423,0.363,0.561,0.612,0.001,0.001,0.001,0.001,0.001,0.001,0.001,0.001,0.001,0.057,0.001,0.001,0.001,0.001,0.001,0.001,0.001,0.001,0.001,0.02,0.001,0.001,0.001,0.001,0.02,0.001,0.001,0.001,0.001,0.001,0.001,0.001,0.001,0.001,0.001,0.007,0.001,0.001,0.001,0.001,0.001,0.001,0.001,0.001,0.001,-0.484,-0.451,0.465,-0.589,1.137,0.918,0.658,0.223,0.365,0.001,0.079,0.046,0.208,0.812,0.896,0.632,0.012,0.04,0.158,0.316,0.132,0.005,0.759,0.757,0.462,0.04,0,0.396,0.687,0.303,0.255,0.006,0.007,0.002,0,0.011,0.596,0.684,0.399,0.354,0.001,0.916,0.778,0.819,0.393,0.313,0.303,0.518,1.195,0.145,17.592
11:24.4,2060,-0.486,-0.348,0.649,0.471,-0.004,0.188,-0.594,-0.782,0.613,0.747,-0.167,-0.193,0.6,0.74,0.158,0.26,0.245,0.394,-0.782,-0.416,-0.411,0.356,0.554,0.63,0.001,0.001,0.001,0.001,0.001,0.001,0.001,0.001,0.001,0.059,0.001,0.001,0.001,0.001,0.001,0.001,0.001,0.001,0.001,0.017,0.001,0.001,0.001,0.001,0.015,0.001,0.001,0.001,0.001,0.001,0.001,0.001,0.001,0.001,0.001,0.018,0.001,0.001,0.001,0.001,0.001,0.001,0.001,0.001,0.001,-0.487,-0.448,0.467,-0.586,1.111,0.912,0.654,0.206,0.352,0,0.078,0.044,0.201,0.807,0.863,0.614,0.011,0.045,0.156,0.314,0.132,0.005,0.755,0.751,0.459,0.042,0,0.396,0.685,0.302,0.253,0.006,0.006,0.002,0.001,0.015,0.596,0.683,0.407,0.35,0.001,0.922,0.783,0.821,0.399,0.321,0.31,0.532,1.204,0.15,17.507
11:24.4,2061,-0.482,-0.35,0.648,0.474,0.01,0.18,-0.597,-0.781,0.612,0.749,-0.167,-0.19,0.599,0.74,0.156,0.261,0.245,0.395,-0.781,-0.417,-0.399,0.357,0.542,0.648,0.001,0.001,0.001,0.001,0.001,0.001,0.001,0.001,0.001,0.054,0.002,0.001,0.001,0.001,0.001,0.001,0.001,0.001,0.001,0.018,0.001,0.001,0.001,0.001,0.02,0.001,0.001,0.001,0.001,0.001,0.001,0.001,0.001,0.001,0.001,0.026,0.001,0.001,0.001,0.001,0.001,0.001,0.001,0.001,0.001,-0.488,-0.448,0.467,-0.585,1.071,0.901,0.645,0.204,0.309,0,0.076,0.043,0.199,0.801,0.855,0.607,0.01,0.046,0.158,0.314,0.133,0.004,0.747,0.746,0.466,0.043,0,0.392,0.683,0.306,0.255,0.006,0.006,0.002,0,0.015,0.601,0.68,0.411,0.355,0,0.926,0.786,0.822,0.403,0.332,0.316,0.543,1.215,0.16,17.433
11:24.4,2062,-0.477,-0.351,0.648,0.478,0.024,0.171,-0.601,-0.78,0.612,0.75,-0.168,-0.188,0.598,0.741,0.154,0.262,0.246,0.397,-0.779,-0.418,-0.386,0.356,0.529,0.666,0.001,0.001,0.001,0.001,0.001,0.001,0.001,0.001,0.001,0.048,0.004,0.001,0.001,0.001,0.001,0.001,0.001,0.001,0.001,0.016,0.001,0.001,0.001,0.001,0.022,0.001,0.001,0.001,0.001,0.001,0.001,0.001,0.001,0.001,0.001,0.029,0.001,0.001,0.001,0.001,0.001,0.001,0.001,0.001,0.001,-0.489,-0.447,0.469,-0.584,1.023,0.893,0.626,0.188,0.28,0,0.073,0.044,0.182,0.79,0.851,0.586,0.009,0.046,0.16,0.315,0.133,0.004,0.741,0.737,0.469,0.046,0,0.394,0.679,0.306,0.258,0.006,0.006,0.002,0,0.024,0.606,0.678,0.409,0.354,0.001,0.926,0.788,0.827,0.407,0.342,0.325,0.562,1.222,0.159,17.318
11:24.4,2063,-0.473,-0.352,0.648,0.482,0.038,0.162,-0.605,-0.779,0.611,0.75,-0.169,-0.187,0.597,0.742,0.152,0.264,0.246,0.398,-0.778,-0.419,-0.377,0.356,0.52,0.679,0.001,0.001,0.001,0.001,0.001,0.001,0.001,0.001,0.001,0.04,0.001,0.001,0.001,0.001,0.001,0.001,0.001,0.001,0.001,0.017,0.001,0.001,0.001,0.001,0.021,0.001,0.001,0.001,0.001,0.001,0.001,0.001,0.001,0.001,0.001,0.034,0.001,0.001,0.001,0.001,0.001,0.001,0.001,0.001,0.001,-0.49,-0.447,0.469,-0.583,0.976,0.891,0.611,0.176,0.287,0.001,0.072,0.043,0.167,0.773,0.844,0.585,0.004,0.05,0.161,0.319,0.136,0.004,0.731,0.726,0.453,0.039,0,0.391,0.675,0.303,0.255,0.006,0.007,0.002,0.001,0.028,0.607,0.676,0.416,0.358,0,0.93,0.791,0.829,0.415,0.348,0.33,0.578,1.228,0.153,17.223
11:24.4,2064,-0.469,-0.352,0.648,0.486,0.05,0.152,-0.609,-0.777,0.61,0.751,-0.169,-0.186,0.596,0.742,0.151,0.265,0.247,0.399,-0.776,-0.42,-0.377,0.356,0.52,0.679,0.001,0.001,0.001,0.001,0.001,0.001,0.001,0.001,0.001,0.04,0.001,0.001,0.001,0.001,0.001,0.001,0.001,0.001,0.001,0.017,0.001,0.001,0.001,0.001,0.021,0.001,0.001,0.001,0.001,0.001,0.001,0.001,0.001,0.001,0.001,0.034,0.001,0.001,0.001,0.001,0.001,0.001,0.001,0.001,0.001,-0.491,-0.446,0.471,-0.582,0.91,0.882,0.579,0.156,0.254,0.001,0.071,0.043,0.147,0.751,0.833,0.563,0.001,0.051,0.166,0.32,0.133,0.002,0.72,0.729,0.437,0.045,0,0.393,0.678,0.303,0.254,0.006,0.007,0.002,0.001,0.039,0.609,0.673,0.42,0.355,0.001,0.932,0.79,0.83,0.421,0.354,0.336,0.596,1.238,0.153,17.032
11:24.4,2065,-0.466,-0.352,0.648,0.489,0.061,0.142,-0.613,-0.775,0.61,0.751,-0.17,-0.186,0.595,0.743,0.149,0.266,0.249,0.401,-0.775,-0.421,-0.377,0.356,0.52,0.679,0.001,0.001,0.001,0.001,0.001,0.001,0.001,0.001,0.001,0.04,0.001,0.001,0.001,0.001,0.001,0.001,0.001,0.001,0.001,0.017,0.001,0.001,0.001,0.001,0.021,0.001,0.001,0.001,0.001,0.001,0.001,0.001,0.001,0.001,0.001,0.034,0.001,0.001,0.001,0.001,0.001,0.001,0.001,0.001,0.001,-0.491,-0.446,0.471,-0.582,0.91,0.882,0.579,0.156,0.254,0.001,0.071,0.043,0.147,0.751,0.833,0.563,0.001,0.051,0.166,0.32,0.133,0.002,0.72,0.729,0.437,0.045,0,0.393,0.678,0.303,0.254,0.006,0.007,0.002,0.001,0.039,0.609,0.673,0.42,0.355,0.001,0.932,0.79,0.83,0.421,0.354,0.336,0.596,1.238,0.153,17.032
11:24.4,2066,-0.463,-0.352,0.648,0.492,0.072,0.131,-0.617,-0.772,0.609,0.752,-0.171,-0.186,0.594,0.744,0.147,0.267,0.251,0.402,-0.773,-0.422,-0.377,0.356,0.52,0.679,0.001,0.001,0.001,0.001,0.001,0.001,0.001,0.001,0.001,0.04,0.001,0.001,0.001,0.001,0.001,0.001,0.001,0.001,0.001,0.017,0.001,0.001,0.001,0.001,0.021,0.001,0.001,0.001,0.001,0.001,0.001,0.001,0.001,0.001,0.001,0.034,0.001,0.001,0.001,0.001,0.001,0.001,0.001,0.001,0.001,-0.491,-0.446,0.471,-0.582,0.91,0.882,0.579,0.156,0.254,0.001,0.071,0.043,0.147,0.751,0.833,0.563,0.001,0.051,0.166,0.32,0.133,0.002,0.72,0.729,0.437,0.045,0,0.393,0.678,0.303,0.254,0.006,0.007,0.002,0.001,0.039,0.609,0.673,0.42,0.355,0.001,0.932,0.79,0.83,0.421,0.354,0.336,0.596,1.238,0.153,17.032
11:24.4,2067,-0.461,-0.351,0.648,0.494,0.082,0.119,-0.621,-0.77,0.608,0.752,-0.172,-0.186,0.593,0.745,0.145,0.269,0.253,0.403,-0.771,-0.422,-0.377,0.356,0.52,0.679,0.001,0.001,0.001,0.001,0.001,0.001,0.001,0.001,0.001,0.04,0.001,0.001,0.001,0.001,0.001,0.001,0.001,0.001,0.001,0.017,0.001,0.001,0.001,0.001,0.021,0.001,0.001,0.001,0.001,0.001,0.001,0.001,0.001,0.001,0.001,0.034,0.001,0.001,0.001,0.001,0.001,0.001,0.001,0.001,0.001,-0.491,-0.446,0.471,-0.582,0.91,0.882,0.579,0.156,0.254,0.001,0.071,0.043,0.147,0.751,0.833,0.563,0.001,0.051,0.166,0.32,0.133,0.002,0.72,0.729,0.437,0.045,0,0.393,0.678,0.303,0.254,0.006,0.007,0.002,0.001,0.039,0.609,0.673,0.42,0.355,0.001,0.932,0.79,0.83,0.421,0.354,0.336,0.596,1.238,0.153,17.032
11:24.5,2068,-0.46,-0.351,0.647,0.496,0.093,0.108,-0.626,-0.767,0.608,0.752,-0.174,-0.185,0.592,0.746,0.144,0.271,0.256,0.404,-0.769,-0.423,-0.377,0.356,0.52,0.679,0.001,0.001,0.001,0.001,0.001,0.001,0.001,0.001,0.001,0.04,0.001,0.001,0.001,0.001,0.001,0.001,0.001,0.001,0.001,0.017,0.001,0.001,0.001,0.001,0.021,0.001,0.001,0.001,0.001,0.001,0.001,0.001,0.001,0.001,0.001,0.034,0.001,0.001,0.001,0.001,0.001,0.001,0.001,0.001,0.001,-0.496,-0.442,0.478,-0.574,0.534,0.767,0.473,0.094,0.193,0.001,0.078,0.044,0.063,0.668,0.758,0.508,0.001,0.056,0.186,0.335,0.133,0.001,0.685,0.708,0.343,0.017,0.005,0.402,0.686,0.314,0.261,0.006,0.007,0.002,0,0.06,0.62,0.67,0.414,0.337,0.001,0.926,0.796,0.846,0.419,0.374,0.33,0.669,1.282,0.153,16.073
11:24.5,2069,-0.46,-0.351,0.647,0.497,0.103,0.096,-0.63,-0.763,0.608,0.752,-0.175,-0.185,0.59,0.746,0.142,0.273,0.259,0.405,-0.767,-0.424,-0.377,0.356,0.52,0.679,0.001,0.001,0.001,0.001,0.001,0.001,0.001,0.001,0.001,0.04,0.001,0.001,0.001,0.001,0.001,0.001,0.001,0.001,0.001,0.017,0.001,0.001,0.001,0.001,0.021,0.001,0.001,0.001,0.001,0.001,0.001,0.001,0.001,0.001,0.001,0.034,0.001,0.001,0.001,0.001,0.001,0.001,0.001,0.001,0.001,-0.497,-0.441,0.48,-0.573,0.435,0.726,0.443,0.066,0.155,0,0.082,0.044,0.034,0.634,0.729,0.47,0,0.06,0.189,0.335,0.129,0,0.661,0.697,0.33,0.01,0.009,0.408,0.687,0.319,0.259,0.005,0.006,0.002,0,0.073,0.621,0.67,0.416,0.332,0.001,0.923,0.797,0.845,0.419,0.377,0.332,0.689,1.294,0.153,15.713
11:24.5,2070,-0.46,-0.352,0.646,0.497,0.113,0.085,-0.635,-0.759,0.608,0.752,-0.177,-0.184,0.589,0.747,0.14,0.275,0.263,0.406,-0.765,-0.425,-0.315,0.366,0.443,0.755,0.001,0.001,0.001,0.001,0.001,0.001,0.001,0.001,0.001,0.039,0.001,0.001,0.001,0.001,0.001,0.001,0.001,0.001,0.001,0.016,0.001,0.001,0.001,0.001,0.02,0.001,0.001,0.001,0.001,0.001,0.001,0.001,0.001,0.001,0.001,0.034,0.001,0.001,0.001,0.001,0.001,0.001,0.001,0.001,0.001,-0.497,-0.441,0.48,-0.573,0.435,0.726,0.443,0.066,0.155,0,0.082,0.044,0.034,0.634,0.729,0.47,0,0.06,0.189,0.335,0.129,0,0.661,0.697,0.33,0.01,0.009,0.408,0.687,0.319,0.259,0.005,0.006,0.002,0,0.073,0.621,0.67,0.416,0.332,0.001,0.923,0.797,0.845,0.419,0.377,0.332,0.689,1.294,0.15,15.713
11:24.5,2071,-0.46,-0.352,0.645,0.498,0.122,0.073,-0.641,-0.754,0.608,0.751,-0.179,-0.183,0.587,0.748,0.138,0.277,0.266,0.407,-0.763,-0.426,-0.307,0.364,0.433,0.765,0.001,0.001,0.001,0.001,0.001,0.001,0.001,0.001,0.001,0.027,0.001,0.001,0.001,0.001,0.001,0.001,0.001,0.001,0.001,0.012,0.001,0.001,0.001,0.001,0.016,0.001,0.001,0.001,0.001,0.001,0.001,0.001,0.001,0.001,0.001,0.033,0.001,0.001,0.001,0.001,0.001,0.001,0.001,0.001,0,-0.497,-0.441,0.48,-0.573,0.435,0.726,0.443,0.066,0.155,0,0.082,0.044,0.034,0.634,0.729,0.47,0,0.06,0.189,0.335,0.129,0,0.661,0.697,0.33,0.01,0.009,0.408,0.687,0.319,0.259,0.005,0.006,0.002,0,0.073,0.621,0.67,0.416,0.332,0.001,0.923,0.797,0.845,0.419,0.377,0.332,0.689,1.294,0.128,15.713
11:24.5,2072,-0.461,-0.353,0.645,0.497,0.132,0.062,-0.646,-0.749,0.609,0.751,-0.18,-0.18,0.585,0.749,0.136,0.279,0.27,0.408,-0.76,-0.427,-0.296,0.363,0.423,0.776,0.001,0.001,0.001,0.001,0.001,0.001,0.001,0.001,0.001,0.027,0.001,0.001,0.001,0.001,0.001,0.001,0.001,0.001,0.001,0.012,0.001,0.001,0.001,0.001,0.017,0.001,0.001,0.001,0.001,0.001,0.001,0.001,0.001,0.001,0.001,0.029,0.001,0.001,0.001,0.002,0.001,0.001,0.001,0.001,0.001,-0.497,-0.441,0.48,-0.573,0.435,0.726,0.443,0.066,0.155,0,0.082,0.044,0.034,0.634,0.729,0.47,0,0.06,0.189,0.335,0.129,0,0.661,0.697,0.33,0.01,0.009,0.408,0.687,0.319,0.259,0.005,0.006,0.002,0,0.073,0.621,0.67,0.416,0.332,0.001,0.923,0.797,0.845,0.419,0.377,0.332,0.689,1.294,0.127,15.713
11:24.5,2073,-0.462,-0.353,0.644,0.497,0.142,0.052,-0.651,-0.744,0.609,0.752,-0.181,-0.178,0.583,0.751,0.134,0.281,0.274,0.409,-0.758,-0.428,-0.296,0.363,0.423,0.776,0.001,0.001,0.001,0.001,0.001,0.001,0.001,0.001,0.001,0.027,0.001,0.001,0.001,0.001,0.001,0.001,0.001,0.001,0.001,0.012,0.001,0.001,0.001,0.001,0.017,0.001,0.001,0.001,0.001,0.001,0.001,0.001,0.001,0.001,0.001,0.029,0.001,0.001,0.001,0.002,0.001,0.001,0.001,0.001,0.001,-0.497,-0.441,0.48,-0.573,0.435,0.726,0.443,0.066,0.155,0,0.082,0.044,0.034,0.634,0.729,0.47,0,0.06,0.189,0.335,0.129,0,0.661,0.697,0.33,0.01,0.009,0.408,0.687,0.319,0.259,0.005,0.006,0.002,0,0.073,0.621,0.67,0.416,0.332,0.001,0.923,0.797,0.845,0.419,0.377,0.332,0.689,1.294,0.127,15.713
11:24.5,2074,-0.463,-0.354,0.643,0.496,0.154,0.043,-0.656,-0.738,0.608,0.752,-0.182,-0.176,0.581,0.752,0.131,0.283,0.277,0.41,-0.756,-0.428,-0.296,0.363,0.423,0.776,0.001,0.001,0.001,0.001,0.001,0.001,0.001,0.001,0.001,0.027,0.001,0.001,0.001,0.001,0.001,0.001,0.001,0.001,0.001,0.012,0.001,0.001,0.001,0.001,0.017,0.001,0.001,0.001,0.001,0.001,0.001,0.001,0.001,0.001,0.001,0.029,0.001,0.001,0.001,0.002,0.001,0.001,0.001,0.001,0.001,-0.497,-0.441,0.48,-0.573,0.435,0.726,0.443,0.066,0.155,0,0.082,0.044,0.034,0.634,0.729,0.47,0,0.06,0.189,0.335,0.129,0,0.661,0.697,0.33,0.01,0.009,0.408,0.687,0.319,0.259,0.005,0.006,0.002,0,0.073,0.621,0.67,0.416,0.332,0.001,0.923,0.797,0.845,0.419,0.377,0.332,0.689,1.294,0.127,15.713
11:24.5,2075,-0.464,-0.355,0.643,0.495,0.167,0.035,-0.659,-0.732,0.607,0.753,-0.184,-0.174,0.578,0.753,0.129,0.286,0.28,0.412,-0.754,-0.429,-0.296,0.363,0.423,0.776,0.001,0.001,0.001,0.001,0.001,0.001,0.001,0.001,0.001,0.027,0.001,0.001,0.001,0.001,0.001,0.001,0.001,0.001,0.001,0.012,0.001,0.001,0.001,0.001,0.017,0.001,0.001,0.001,0.001,0.001,0.001,0.001,0.001,0.001,0.001,0.029,0.001,0.001,0.001,0.002,0.001,0.001,0.001,0.001,0.001,-0.504,-0.436,0.494,-0.558,0.42,0.718,0.438,0.062,0.149,0.001,0.083,0.044,0.031,0.623,0.718,0.457,0.001,0.06,0.189,0.337,0.128,0.001,0.657,0.696,0.328,0.01,0.009,0.411,0.687,0.322,0.264,0.005,0.007,0.002,0.001,0.068,0.621,0.67,0.414,0.331,0,0.923,0.797,0.846,0.418,0.377,0.332,0.692,1.293,0.127,15.641
11:24.5,2076,-0.465,-0.356,0.643,0.493,0.18,0.028,-0.663,-0.726,0.607,0.754,-0.185,-0.173,0.575,0.755,0.127,0.289,0.282,0.414,-0.752,-0.429,-0.296,0.363,0.423,0.776,0.001,0.001,0.001,0.001,0.001,0.001,0.001,0.001,0.001,0.027,0.001,0.001,0.001,0.001,0.001,0.001,0.001,0.001,0.001,0.012,0.001,0.001,0.001,0.001,0.017,0.001,0.001,0.001,0.001,0.001,0.001,0.001,0.001,0.001,0.001,0.029,0.001,0.001,0.001,0.002,0.001,0.001,0.001,0.001,0.001,-0.506,-0.435,0.496,-0.556,0.022,0.459,0.125,0,0.026,0.001,0.118,0.051,0,0.238,0.492,0.034,0,0.022,0.233,0.347,0.134,0,0.205,0.43,0.012,0.001,0.007,0.449,0.686,0.365,0.288,0.001,0.004,0.001,0,0.039,0.587,0.665,0.402,0.291,0.001,0.891,0.803,0.863,0.452,0.425,0.361,0.767,1.326,0.127,12.624
11:24.5,2077,-0.466,-0.357,0.644,0.49,0.193,0.023,-0.665,-0.721,0.606,0.754,-0.187,-0.171,0.572,0.756,0.125,0.292,0.284,0.416,-0.75,-0.429,-0.296,0.363,0.423,0.776,0.001,0.001,0.001,0.001,0.001,0.001,0.001,0.001,0.001,0.027,0.001,0.001,0.001,0.001,0.001,0.001,0.001,0.001,0.001,0.012,0.001,0.001,0.001,0.001,0.017,0.001,0.001,0.001,0.001,0.001,0.001,0.001,0.001,0.001,0.001,0.029,0.001,0.001,0.001,0.002,0.001,0.001,0.001,0.001,0.001,-0.506,-0.434,0.499,-0.553,0.007,0.392,0.056,0.001,0.01,0.001,0.12,0.051,0,0.186,0.44,0.001,0,0.016,0.237,0.344,0.129,0,0.116,0.304,0.001,0,0.001,0.451,0.685,0.363,0.281,0.001,0.002,0,0.001,0.031,0.582,0.667,0.4,0.291,0.001,0.89,0.806,0.872,0.46,0.43,0.365,0.777,1.333,0.127,12.102
11:24.6,2078,-0.468,-0.358,0.644,0.487,0.205,0.019,-0.666,-0.717,0.605,0.755,-0.188,-0.17,0.57,0.757,0.122,0.295,0.285,0.418,-0.748,-0.429,-0.296,0.363,0.423,0.776,0.001,0.001,0.001,0.001,0.001,0.001,0.001,0.001,0.001,0.027,0.001,0.001,0.001,0.001,0.001,0.001,0.001,0.001,0.001,0.012,0.001,0.001,0.001,0.001,0.017,0.001,0.001,0.001,0.001,0.001,0.001,0.001,0.001,0.001,0.001,0.029,0.001,0.001,0.001,0.002,0.001,0.001,0.001,0.001,0.001,-0.506,-0.434,0.499,-0.553,0.007,0.392,0.056,0.001,0.01,0.001,0.12,0.051,0,0.186,0.44,0.001,0,0.016,0.237,0.344,0.129,0,0.116,0.304,0.001,0,0.001,0.451,0.685,0.363,0.281,0.001,0.002,0,0.001,0.031,0.582,0.667,0.4,0.291,0.001,0.89,0.806,0.872,0.46,0.43,0.365,0.777,1.333,0.127,12.102
11:24.6,2079,-0.47,-0.358,0.645,0.485,0.217,0.018,-0.667,-0.713,0.604,0.755,-0.19,-0.168,0.567,0.759,0.12,0.298,0.287,0.42,-0.746,-0.429,-0.296,0.363,0.423,0.776,0.001,0.001,0.001,0.001,0.001,0.001,0.001,0.001,0.001,0.027,0.001,0.001,0.001,0.001,0.001,0.001,0.001,0.001,0.001,0.012,0.001,0.001,0.001,0.001,0.017,0.001,0.001,0.001,0.001,0.001,0.001,0.001,0.001,0.001,0.001,0.029,0.001,0.001,0.001,0.002,0.001,0.001,0.001,0.001,0.001,-0.506,-0.434,0.499,-0.553,0.007,0.392,0.056,0.001,0.01,0.001,0.12,0.051,0,0.186,0.44,0.001,0,0.016,0.237,0.344,0.129,0,0.116,0.304,0.001,0,0.001,0.451,0.685,0.363,0.281,0.001,0.002,0,0.001,0.031,0.582,0.667,0.4,0.291,0.001,0.89,0.806,0.872,0.46,0.43,0.365,0.777,1.333,0.127,12.102
11:24.6,2080,-0.472,-0.358,0.645,0.482,0.226,0.019,-0.667,-0.71,0.603,0.756,-0.192,-0.166,0.564,0.76,0.118,0.301,0.288,0.422,-0.745,-0.429,-0.257,0.407,0.375,0.792,0.001,0.001,0.001,0.001,0.001,0.001,0.001,0.001,0.001,0.031,0.001,0.001,0.001,0.001,0.001,0.001,0.001,0.001,0.001,0.012,0.001,0.001,0.001,0.001,0.015,0,0.001,0.001,0.001,0.001,0.001,0.001,0.001,0.001,0.001,0.033,0.001,0.001,0.001,0.001,0.001,0.001,0.001,0.001,0.001,-0.506,-0.434,0.499,-0.553,0.007,0.392,0.056,0.001,0.01,0.001,0.12,0.051,0,0.186,0.44,0.001,0,0.016,0.237,0.344,0.129,0,0.116,0.304,0.001,0,0.001,0.451,0.685,0.363,0.281,0.001,0.002,0,0.001,0.031,0.582,0.667,0.4,0.291,0.001,0.89,0.806,0.872,0.46,0.43,0.365,0.777,1.333,0.131,12.102
11:24.6,2081,-0.476,-0.357,0.645,0.48,0.232,0.023,-0.667,-0.707,0.603,0.756,-0.194,-0.163,0.561,0.761,0.117,0.305,0.288,0.423,-0.744,-0.43,-0.261,0.415,0.364,0.792,0.001,0.001,0.001,0.001,0.001,0.001,0.001,0.001,0.001,0.029,0.001,0.001,0.001,0.001,0.001,0.001,0.001,0.001,0.001,0.016,0.001,0,0.001,0.001,0.021,0.001,0.001,0.001,0.001,0.001,0.001,0.001,0.001,0.001,0.001,0.04,0.001,0.001,0.001,0.006,0.001,0.001,0.001,0.001,0.001,-0.506,-0.434,0.499,-0.553,0.007,0.392,0.056,0.001,0.01,0.001,0.12,0.051,0,0.186,0.44,0.001,0,0.016,0.237,0.344,0.129,0,0.116,0.304,0.001,0,0.001,0.451,0.685,0.363,0.281,0.001,0.002,0,0.001,0.031,0.582,0.667,0.4,0.291,0.001,0.89,0.806,0.872,0.46,0.43,0.365,0.777,1.333,0.151,12.102
11:24.6,2082,-0.48,-0.356,0.645,0.476,0.236,0.028,-0.667,-0.706,0.603,0.757,-0.196,-0.161,0.558,0.761,0.116,0.309,0.289,0.424,-0.743,-0.43,-0.266,0.425,0.348,0.792,0.001,0.001,0.001,0.001,0.001,0.001,0.001,0.001,0.001,0.031,0.001,0.001,0.001,0.001,0.001,0.001,0.001,0.001,0.001,0.018,0.001,0.001,0.001,0.001,0.022,0.001,0.001,0.001,0.001,0.001,0.001,0.001,0.001,0.001,0.001,0.042,0.001,0.001,0.001,0.007,0.001,0.001,0.001,0.001,0.001,-0.506,-0.434,0.499,-0.553,0.007,0.392,0.056,0.001,0.01,0.001,0.12,0.051,0,0.186,0.44,0.001,0,0.016,0.237,0.344,0.129,0,0.116,0.304,0.001,0,0.001,0.451,0.685,0.363,0.281,0.001,0.002,0,0.001,0.031,0.582,0.667,0.4,0.291,0.001,0.89,0.806,0.872,0.46,0.43,0.365,0.777,1.333,0.16,12.102
11:24.6,2083,-0.486,-0.354,0.646,0.471,0.237,0.034,-0.667,-0.705,0.603,0.757,-0.197,-0.16,0.556,0.762,0.115,0.312,0.29,0.426,-0.741,-0.43,-0.27,0.436,0.335,0.791,0.001,0.001,0.001,0.001,0.001,0.001,0.001,0.001,0.001,0.093,0.011,0.001,0.001,0.001,0,0.001,0.001,0.001,0.002,0.007,0.001,0.001,0.001,0.001,0.023,0.001,0.001,0.015,0.001,0.001,0.001,0.001,0.001,0.001,0.001,0.035,0.001,0.001,0.001,0.005,0.001,0.001,0.001,0.001,0.001,-0.506,-0.434,0.499,-0.553,0.007,0.392,0.056,0.001,0.01,0.001,0.12,0.051,0,0.186,0.44,0.001,0,0.016,0.237,0.344,0.129,0,0.116,0.304,0.001,0,0.001,0.451,0.685,0.363,0.281,0.001,0.002,0,0.001,0.031,0.582,0.667,0.4,0.291,0.001,0.89,0.806,0.872,0.46,0.43,0.365,0.777,1.333,0.227,12.102
11:24.6,2084,-0.492,-0.353,0.647,0.464,0.238,0.042,-0.667,-0.704,0.603,0.757,-0.198,-0.159,0.554,0.762,0.114,0.315,0.291,0.427,-0.74,-0.431,-0.273,0.447,0.322,0.788,0.001,0.009,0.001,0.001,0.001,0.001,0.001,0.001,0,0.234,0.074,0.001,0.001,0.001,0.001,0.001,0.001,0.001,0.077,0.001,0.001,0.001,0.001,0.001,0.021,0.001,0.001,0.012,0.001,0.001,0.001,0.001,0.001,0.001,0.001,0.031,0.001,0.001,0.001,0.001,0.001,0.001,0.001,0.001,0.001,-0.506,-0.434,0.499,-0.553,0.007,0.392,0.056,0.001,0.01,0.001,0.12,0.051,0,0.186,0.44,0.001,0,0.016,0.237,0.344,0.129,0,0.116,0.304,0.001,0,0.001,0.451,0.685,0.363,0.281,0.001,0.002,0,0.001,0.031,0.582,0.667,0.4,0.291,0.001,0.89,0.806,0.872,0.46,0.43,0.365,0.777,1.333,0.495,12.102
11:24.6,2085,-0.498,-0.352,0.648,0.455,0.237,0.051,-0.667,-0.705,0.603,0.756,-0.198,-0.158,0.552,0.762,0.113,0.318,0.292,0.428,-0.739,-0.432,-0.285,0.459,0.309,0.782,0.216,0.109,0.001,0.001,0.001,0.001,0.001,0.001,0.034,0.358,0.156,0.001,0.001,0.001,0.001,0.001,0.001,0.001,0.22,0.01,0.001,0.001,0.001,0.001,0.016,0.001,0.001,0.01,0.001,0.001,0.001,0.001,0.001,0.001,0.001,0.028,0.001,0.001,0.001,0.001,0.001,0.001,0.001,0.001,0.001,-0.495,-0.436,0.498,-0.563,0,0.335,0.017,0.001,0.001,0.001,0.122,0.05,0.001,0.153,0.368,0.001,0,0.013,0.241,0.344,0.133,0,0.083,0.167,0.001,0.001,0,0.447,0.683,0.355,0.281,0.001,0.001,0.001,0.001,0.018,0.57,0.669,0.397,0.286,0.001,0.893,0.808,0.884,0.462,0.436,0.368,0.784,1.331,1.192,11.71
11:24.6,2086,-0.503,-0.353,0.649,0.448,0.237,0.062,-0.665,-0.705,0.603,0.756,-0.199,-0.158,0.551,0.762,0.112,0.321,0.293,0.428,-0.737,-0.433,-0.285,0.459,0.309,0.782,0.216,0.109,0.001,0.001,0.001,0.001,0.001,0.001,0.034,0.358,0.156,0.001,0.001,0.001,0.001,0.001,0.001,0.001,0.22,0.01,0.001,0.001,0.001,0.001,0.016,0.001,0.001,0.01,0.001,0.001,0.001,0.001,0.001,0.001,0.001,0.028,0.001,0.001,0.001,0.001,0.001,0.001,0.001,0.001,0.001,-0.486,-0.441,0.49,-0.574,0,0.085,0.001,0,0.001,0.001,0.074,0.042,0,0.096,0.184,0,0.001,0,0.166,0.314,0.127,0,0.01,0,0,0.001,0,0.429,0.669,0.304,0.28,0.001,0,0.001,0,0,0.523,0.674,0.326,0.206,0.001,0.937,0.841,0.929,0.501,0.509,0.399,0.913,1.379,1.192,10.925
11:24.6,2087,-0.507,-0.355,0.65,0.441,0.238,0.074,-0.664,-0.705,0.603,0.756,-0.199,-0.159,0.549,0.763,0.11,0.324,0.294,0.429,-0.736,-0.433,-0.285,0.459,0.309,0.782,0.216,0.109,0.001,0.001,0.001,0.001,0.001,0.001,0.034,0.358,0.156,0.001,0.001,0.001,0.001,0.001,0.001,0.001,0.22,0.01,0.001,0.001,0.001,0.001,0.016,0.001,0.001,0.01,0.001,0.001,0.001,0.001,0.001,0.001,0.001,0.028,0.001,0.001,0.001,0.001,0.001,0.001,0.001,0.001,0.001,-0.476,-0.445,0.483,-0.584,0,0.071,0.001,0.001,0,0,0.076,0.039,0,0.077,0.17,0.001,0,0,0.147,0.311,0.132,0,0.006,0.001,0.001,0,0,0.402,0.664,0.298,0.284,0,0.001,0.001,0,0.001,0.515,0.674,0.32,0.193,0.001,0.943,0.847,0.929,0.499,0.525,0.403,0.922,1.385,1.192,10.841
11:24.7,2088,-0.508,-0.358,0.65,0.437,0.237,0.087,-0.663,-0.705,0.603,0.756,-0.198,-0.16,0.547,0.763,0.109,0.328,0.295,0.43,-0.735,-0.434,-0.285,0.459,0.309,0.782,0.216,0.109,0.001,0.001,0.001,0.001,0.001,0.001,0.034,0.358,0.156,0.001,0.001,0.001,0.001,0.001,0.001,0.001,0.22,0.01,0.001,0.001,0.001,0.001,0.016,0.001,0.001,0.01,0.001,0.001,0.001,0.001,0.001,0.001,0.001,0.028,0.001,0.001,0.001,0.001,0.001,0.001,0.001,0.001,0.001,-0.466,-0.45,0.477,-0.594,0,0.059,0,0,0,0.001,0.074,0.038,0,0.067,0.148,0,0.001,0.001,0.132,0.311,0.137,0,0.005,0.001,0.001,0.001,0.001,0.363,0.659,0.3,0.283,0,0.001,0.001,0.001,0,0.477,0.674,0.294,0.178,0,0.95,0.852,0.929,0.493,0.549,0.404,0.939,1.389,1.192,10.714
11:24.7,2089,-0.507,-0.362,0.649,0.437,0.234,0.096,-0.663,-0.705,0.603,0.755,-0.198,-0.163,0.545,0.763,0.108,0.332,0.297,0.43,-0.733,-0.434,-0.285,0.459,0.309,0.782,0.216,0.109,0.001,0.001,0.001,0.001,0.001,0.001,0.034,0.358,0.156,0.001,0.001,0.001,0.001,0.001,0.001,0.001,0.22,0.01,0.001,0.001,0.001,0.001,0.016,0.001,0.001,0.01,0.001,0.001,0.001,0.001,0.001,0.001,0.001,0.028,0.001,0.001,0.001,0.001,0.001,0.001,0.001,0.001,0.001,-0.45,-0.456,0.467,-0.609,0,0.065,0,0.001,0,0,0.078,0.034,0.001,0.049,0.138,0,0.001,0,0.116,0.313,0.144,0.001,0,0,0,0,0,0.308,0.651,0.298,0.283,0,0.001,0.001,0,0,0.437,0.674,0.28,0.172,0,0.958,0.858,0.926,0.492,0.574,0.41,0.952,1.386,1.192,10.602
11:24.7,2090,-0.505,-0.367,0.646,0.439,0.23,0.101,-0.663,-0.705,0.603,0.755,-0.197,-0.166,0.543,0.762,0.107,0.336,0.298,0.431,-0.733,-0.434,-0.285,0.459,0.309,0.782,0.216,0.109,0.001,0.001,0.001,0.001,0.001,0.001,0.034,0.358,0.156,0.001,0.001,0.001,0.001,0.001,0.001,0.001,0.22,0.01,0.001,0.001,0.001,0.001,0.016,0.001,0.001,0.01,0.001,0.001,0.001,0.001,0.001,0.001,0.001,0.028,0.001,0.001,0.001,0.001,0.001,0.001,0.001,0.001,0.001,-0.45,-0.456,0.467,-0.609,0,0.065,0,0.001,0,0,0.078,0.034,0.001,0.049,0.138,0,0.001,0,0.116,0.313,0.144,0.001,0,0,0,0,0,0.308,0.651,0.298,0.283,0,0.001,0.001,0,0,0.437,0.674,0.28,0.172,0,0.958,0.858,0.926,0.492,0.574,0.41,0.952,1.386,1.192,10.602
11:24.7,2091,-0.502,-0.37,0.643,0.444,0.227,0.102,-0.663,-0.706,0.603,0.754,-0.196,-0.17,0.541,0.762,0.106,0.34,0.298,0.432,-0.732,-0.434,-0.285,0.459,0.309,0.782,0.216,0.109,0.001,0.001,0.001,0.001,0.001,0.001,0.034,0.358,0.156,0.001,0.001,0.001,0.001,0.001,0.001,0.001,0.22,0.01,0.001,0.001,0.001,0.001,0.016,0.001,0.001,0.01,0.001,0.001,0.001,0.001,0.001,0.001,0.001,0.028,0.001,0.001,0.001,0.001,0.001,0.001,0.001,0.001,0.001,-0.45,-0.456,0.467,-0.609,0,0.065,0,0.001,0,0,0.078,0.034,0.001,0.049,0.138,0,0.001,0,0.116,0.313,0.144,0.001,0,0,0,0,0,0.308,0.651,0.298,0.283,0,0.001,0.001,0,0,0.437,0.674,0.28,0.172,0,0.958,0.858,0.926,0.492,0.574,0.41,0.952,1.386,1.192,10.602
11:24.7,2092,-0.497,-0.372,0.642,0.451,0.224,0.104,-0.661,-0.708,0.604,0.753,-0.195,-0.174,0.539,0.761,0.105,0.345,0.297,0.434,-0.732,-0.432,-0.426,0.49,0.307,0.696,0.491,0.206,0.001,0.001,0.001,0.001,0.001,0.001,0.265,0.465,0.189,0.001,0.001,0.001,0.001,0.001,0.001,0.001,0.322,0.012,0.001,0.001,0.001,0.001,0.012,0.001,0.001,0.001,0.001,0.001,0.001,0.001,0.001,0.001,0.001,0.029,0.001,0.001,0.001,0.001,0.001,0.001,0.001,0.001,0.001,-0.45,-0.456,0.467,-0.609,0,0.065,0,0.001,0,0,0.078,0.034,0.001,0.049,0.138,0,0.001,0,0.116,0.313,0.144,0.001,0,0,0,0,0,0.308,0.651,0.298,0.283,0,0.001,0.001,0,0,0.437,0.674,0.28,0.172,0,0.958,0.858,0.926,0.492,0.574,0.41,0.952,1.386,2.027,10.602
11:24.7,2093,-0.491,-0.371,0.641,0.458,0.22,0.107,-0.659,-0.711,0.606,0.751,-0.193,-0.178,0.537,0.76,0.104,0.35,0.296,0.435,-0.733,-0.431,-0.426,0.49,0.307,0.696,0.491,0.206,0.001,0.001,0.001,0.001,0.001,0.001,0.265,0.465,0.189,0.001,0.001,0.001,0.001,0.001,0.001,0.001,0.322,0.012,0.001,0.001,0.001,0.001,0.012,0.001,0.001,0.001,0.001,0.001,0.001,0.001,0.001,0.001,0.001,0.029,0.001,0.001,0.001,0.001,0.001,0.001,0.001,0.001,0.001,-0.45,-0.456,0.467,-0.609,0,0.065,0,0.001,0,0,0.078,0.034,0.001,0.049,0.138,0,0.001,0,0.116,0.313,0.144,0.001,0,0,0,0,0,0.308,0.651,0.298,0.283,0,0.001,0.001,0,0,0.437,0.674,0.28,0.172,0,0.958,0.858,0.926,0.492,0.574,0.41,0.952,1.386,2.027,10.602
11:24.7,2094,-0.486,-0.367,0.642,0.466,0.217,0.112,-0.655,-0.715,0.608,0.749,-0.19,-0.183,0.535,0.759,0.103,0.356,0.293,0.437,-0.734,-0.43,-0.426,0.49,0.307,0.696,0.491,0.206,0.001,0.001,0.001,0.001,0.001,0.001,0.265,0.465,0.189,0.001,0.001,0.001,0.001,0.001,0.001,0.001,0.322,0.012,0.001,0.001,0.001,0.001,0.012,0.001,0.001,0.001,0.001,0.001,0.001,0.001,0.001,0.001,0.001,0.029,0.001,0.001,0.001,0.001,0.001,0.001,0.001,0.001,0.001,-0.45,-0.456,0.467,-0.609,0,0.065,0,0.001,0,0,0.078,0.034,0.001,0.049,0.138,0,0.001,0,0.116,0.313,0.144,0.001,0,0,0,0,0,0.308,0.651,0.298,0.283,0,0.001,0.001,0,0,0.437,0.674,0.28,0.172,0,0.958,0.858,0.926,0.492,0.574,0.41,0.952,1.386,2.027,10.602
11:24.7,2095,-0.484,-0.36,0.644,0.47,0.215,0.118,-0.651,-0.718,0.611,0.746,-0.187,-0.188,0.533,0.757,0.104,0.363,0.289,0.439,-0.735,-0.428,-0.426,0.49,0.307,0.696,0.491,0.206,0.001,0.001,0.001,0.001,0.001,0.001,0.265,0.465,0.189,0.001,0.001,0.001,0.001,0.001,0.001,0.001,0.322,0.012,0.001,0.001,0.001,0.001,0.012,0.001,0.001,0.001,0.001,0.001,0.001,0.001,0.001,0.001,0.001,0.029,0.001,0.001,0.001,0.001,0.001,0.001,0.001,0.001,0.001,-0.45,-0.456,0.467,-0.609,0,0.065,0,0.001,0,0,0.078,0.034,0.001,0.049,0.138,0,0.001,0,0.116,0.313,0.144,0.001,0,0,0,0,0,0.308,0.651,0.298,0.283,0,0.001,0.001,0,0,0.437,0.674,0.28,0.172,0,0.958,0.858,0.926,0.492,0.574,0.41,0.952,1.386,2.027,10.602
11:24.7,2096,-0.486,-0.354,0.646,0.47,0.216,0.124,-0.647,-0.721,0.615,0.743,-0.182,-0.192,0.531,0.754,0.105,0.371,0.286,0.441,-0.736,-0.426,-0.426,0.49,0.307,0.696,0.491,0.206,0.001,0.001,0.001,0.001,0.001,0.001,0.265,0.465,0.189,0.001,0.001,0.001,0.001,0.001,0.001,0.001,0.322,0.012,0.001,0.001,0.001,0.001,0.012,0.001,0.001,0.001,0.001,0.001,0.001,0.001,0.001,0.001,0.001,0.029,0.001,0.001,0.001,0.001,0.001,0.001,0.001,0.001,0.001,-0.305,-0.476,0.415,-0.713,0,0.057,0.001,0.001,0.001,0,0.082,0.032,0,0.042,0.123,0.001,0.001,0,0.116,0.31,0.147,0,0.001,0.001,0.001,0,0.001,0.275,0.648,0.293,0.283,0,0.001,0,0,0.001,0.414,0.675,0.274,0.172,0,0.955,0.861,0.93,0.493,0.581,0.411,0.957,1.385,2.027,10.527
11:24.7,2097,-0.491,-0.349,0.647,0.467,0.216,0.132,-0.642,-0.724,0.619,0.74,-0.175,-0.197,0.529,0.751,0.107,0.379,0.283,0.443,-0.738,-0.424,-0.426,0.49,0.307,0.696,0.491,0.206,0.001,0.001,0.001,0.001,0.001,0.001,0.265,0.465,0.189,0.001,0.001,0.001,0.001,0.001,0.001,0.001,0.322,0.012,0.001,0.001,0.001,0.001,0.012,0.001,0.001,0.001,0.001,0.001,0.001,0.001,0.001,0.001,0.001,0.029,0.001,0.001,0.001,0.001,0.001,0.001,0.001,0.001,0.001,-0.307,-0.46,0.438,-0.708,0.001,0.012,0,0,0.001,0.001,0.073,0.001,0,0.001,0.001,0,0,0,0.079,0.243,0.165,0,0.001,0.001,0.001,0,0.001,0.172,0.537,0.201,0.342,0,0,0.001,0,0,0.237,0.645,0.231,0.271,0.001,0.811,1.001,0.987,0.466,0.411,0.363,0.791,1.017,2.027,9.067
11:24.8,2098,-0.496,-0.349,0.645,0.464,0.216,0.141,-0.636,-0.727,0.625,0.735,-0.168,-0.2,0.528,0.748,0.11,0.387,0.281,0.444,-0.738,-0.423,-0.426,0.49,0.307,0.696,0.491,0.206,0.001,0.001,0.001,0.001,0.001,0.001,0.265,0.465,0.189,0.001,0.001,0.001,0.001,0.001,0.001,0.001,0.322,0.012,0.001,0.001,0.001,0.001,0.012,0.001,0.001,0.001,0.001,0.001,0.001,0.001,0.001,0.001,0.001,0.029,0.001,0.001,0.001,0.001,0.001,0.001,0.001,0.001,0.001,-0.306,-0.441,0.465,-0.704,0,0.007,0,0.001,0.001,0,0.066,0.001,0,0.001,0.001,0.001,0.001,0,0.074,0.254,0.175,0,0.001,0,0,0.001,0,0.172,0.537,0.19,0.359,0,0.001,0,0.001,0,0.277,0.604,0.216,0.357,0.001,0.779,0.949,0.938,0.446,0.35,0.325,0.734,0.962,2.027,8.783
11:24.8,2099,-0.496,-0.351,0.642,0.467,0.215,0.15,-0.63,-0.731,0.633,0.73,-0.159,-0.203,0.527,0.745,0.112,0.394,0.28,0.445,-0.738,-0.423,-0.4,0.537,0.185,0.719,1.009,0.85,0.559,0.006,0.062,0.001,0.001,0.001,0.945,0.814,0.792,0.056,0.001,0.001,0.001,0.001,0.001,0.447,0.774,0.631,0.001,0.001,0.001,0.001,0.015,0.001,0.001,0.243,0.033,0.001,0.001,0.001,0.001,0.001,0.001,0.029,0.001,0.001,0,0.001,0.001,0.001,0.001,0.001,0.001,-0.302,-0.428,0.482,-0.703,0,0,0,0.001,0,0.001,0.059,0.001,0,0.001,0.001,0.001,0.001,0,0.059,0.313,0.166,0.001,0.001,0,0.001,0.001,0.001,0.173,0.496,0.115,0.376,0,0.001,0.001,0,0.001,0.286,0.547,0.149,0.48,0,0.736,0.81,0.965,0.424,0.252,0.222,0.552,0.933,7.293,8.128
11:24.8,2100,-0.49,-0.356,0.638,0.476,0.214,0.16,-0.626,-0.732,0.641,0.725,-0.141,-0.205,0.527,0.742,0.114,0.398,0.281,0.445,-0.737,-0.424,-0.395,0.538,0.177,0.723,1.198,0.943,0.971,0.582,0.564,0.021,0.252,0.029,0.777,0.851,0.88,0.659,0.151,0.142,0.615,0.474,0.001,0.195,0.775,0.62,0.125,0.004,0.001,0.333,0.788,0.001,0.068,0.144,0.072,0.002,0.001,0.001,0.001,0.187,0.001,0.186,0.001,0.005,0.001,0.001,0,0.001,0.001,0.021,0.001,-0.297,-0.404,0.508,-0.7,0,0.001,0.001,0.001,0.001,0.001,0.035,0.001,0,0,0.001,0,0,0,0.04,0.403,0.154,0.001,0.001,0,0,0.001,0,0.138,0.52,0.023,0.377,0.001,0,0,0,0.001,0.247,0.446,0.015,0.584,0.001,0.661,0.512,0.853,0.433,0.15,0.145,0.263,0.907,12.647,6.919
11:24.8,2101,-0.48,-0.361,0.634,0.488,0.212,0.171,-0.624,-0.732,0.647,0.721,-0.139,-0.205,0.526,0.741,0.115,0.401,0.282,0.446,-0.735,-0.425,-0.389,0.538,0.169,0.728,1.205,0.945,0.993,0.656,0.646,0.099,0.289,0.068,0.758,0.846,0.879,0.683,0.182,0.199,0.63,0.574,0.006,0.187,0.778,0.613,0.131,0.005,0.002,0.446,0.835,0.001,0.078,0.136,0.068,0.002,0.001,0.001,0.06,0.245,0.001,0.21,0.001,0.016,0.002,0.001,0.001,0.001,0.001,0.033,0.001,-0.297,-0.404,0.508,-0.7,0,0.001,0.001,0.001,0.001,0.001,0.035,0.001,0,0,0.001,0,0,0,0.04,0.403,0.154,0.001,0.001,0,0,0.001,0,0.138,0.52,0.023,0.377,0.001,0,0,0,0.001,0.247,0.446,0.015,0.584,0.001,0.661,0.512,0.853,0.433,0.15,0.145,0.263,0.907,13.515,6.919
11:24.8,2102,-0.468,-0.366,0.631,0.499,0.207,0.182,-0.625,-0.73,0.652,0.718,-0.129,-0.205,0.525,0.742,0.114,0.4,0.284,0.447,-0.734,-0.425,-0.387,0.538,0.169,0.729,1.22,0.95,0.996,0.722,0.681,0.167,0.342,0.106,0.747,0.85,0.883,0.675,0.209,0.228,0.646,0.612,0.001,0.181,0.77,0.618,0.142,0.007,0.004,0.501,0.874,0.001,0.095,0.134,0.067,0.002,0.001,0.001,0.137,0.328,0.001,0.245,0.001,0.018,0.013,0.001,0.001,0.001,0.001,0.037,0.001,-0.297,-0.404,0.508,-0.7,0,0.001,0.001,0.001,0.001,0.001,0.035,0.001,0,0,0.001,0,0,0,0.04,0.403,0.154,0.001,0.001,0,0,0.001,0,0.138,0.52,0.023,0.377,0.001,0,0,0,0.001,0.247,0.446,0.015,0.584,0.001,0.661,0.512,0.853,0.433,0.15,0.145,0.263,0.907,14.218,6.919
11:24.8,2103,-0.458,-0.372,0.629,0.506,0.197,0.192,-0.628,-0.728,0.656,0.717,-0.12,-0.204,0.522,0.747,0.111,0.397,0.287,0.448,-0.734,-0.423,-0.385,0.538,0.169,0.731,1.228,0.95,0.995,0.766,0.719,0.227,0.36,0.12,0.747,0.847,0.882,0.67,0.22,0.253,0.683,0.609,0.007,0.184,0.773,0.629,0.15,0.007,0.004,0.547,0.875,0.001,0.098,0.138,0.07,0.002,0.001,0.001,0.168,0.426,0.001,0.266,0.001,0.013,0.029,0.001,0.001,0.001,0.001,0.033,0.001,-0.297,-0.404,0.508,-0.7,0,0.001,0.001,0.001,0.001,0.001,0.035,0.001,0,0,0.001,0,0,0,0.04,0.403,0.154,0.001,0.001,0,0,0.001,0,0.138,0.52,0.023,0.377,0.001,0,0,0,0.001,0.247,0.446,0.015,0.584,0.001,0.661,0.512,0.853,0.433,0.15,0.145,0.263,0.907,14.705,6.919
11:24.8,2104,-0.452,-0.377,0.63,0.507,0.183,0.2,-0.63,-0.728,0.658,0.716,-0.102,-0.202,0.516,0.754,0.105,0.393,0.289,0.45,-0.734,-0.419,-0.382,0.539,0.169,0.732,1.233,0.95,0.988,0.788,0.747,0.253,0.359,0.138,0.751,0.841,0.884,0.676,0.233,0.269,0.698,0.595,0.011,0.189,0.781,0.636,0.167,0.009,0.005,0.603,0.86,0.001,0.09,0.139,0.073,0.004,0.001,0.001,0.192,0.497,0.001,0.266,0.001,0.01,0.067,0.001,0.001,0.001,0.001,0.024,0.001,-0.297,-0.404,0.508,-0.7,0,0.001,0.001,0.001,0.001,0.001,0.035,0.001,0,0,0.001,0,0,0,0.04,0.403,0.154,0.001,0.001,0,0,0.001,0,0.138,0.52,0.023,0.377,0.001,0,0,0,0.001,0.247,0.446,0.015,0.584,0.001,0.661,0.512,0.853,0.433,0.15,0.145,0.263,0.907,15.036,6.919
11:24.8,2105,-0.448,-0.382,0.631,0.504,0.17,0.206,-0.631,-0.728,0.66,0.717,-0.101,-0.2,0.507,0.761,0.097,0.391,0.291,0.451,-0.734,-0.415,-0.38,0.539,0.17,0.732,1.232,0.946,0.985,0.794,0.762,0.274,0.363,0.139,0.756,0.836,0.883,0.69,0.242,0.287,0.686,0.584,0.011,0.198,0.788,0.642,0.177,0.01,0.006,0.634,0.858,0.001,0.095,0.145,0.077,0.004,0.001,0.001,0.232,0.534,0.001,0.274,0.001,0.005,0.092,0.001,0.001,0.001,0.001,0.012,0.001,-0.297,-0.404,0.508,-0.7,0,0.001,0.001,0.001,0.001,0.001,0.035,0.001,0,0,0.001,0,0,0,0.04,0.403,0.154,0.001,0.001,0,0,0.001,0,0.138,0.52,0.023,0.377,0.001,0,0,0,0.001,0.247,0.446,0.015,0.584,0.001,0.661,0.512,0.853,0.433,0.15,0.145,0.263,0.907,15.263,6.919
11:24.8,2106,-0.447,-0.387,0.632,0.501,0.158,0.21,-0.632,-0.729,0.662,0.717,-0.091,-0.197,0.499,0.768,0.09,0.391,0.291,0.453,-0.735,-0.411,-0.377,0.54,0.172,0.732,1.233,0.944,0.983,0.802,0.784,0.289,0.375,0.143,0.761,0.833,0.883,0.698,0.25,0.294,0.672,0.578,0.015,0.204,0.791,0.648,0.181,0.01,0.006,0.653,0.853,0.001,0.101,0.149,0.079,0.005,0.002,0.001,0.256,0.549,0.001,0.276,0.001,0.005,0.132,0.001,0.001,0.001,0.002,0.001,0.001,-0.297,-0.404,0.508,-0.7,0,0.001,0.001,0.001,0.001,0.001,0.035,0.001,0,0,0.001,0,0,0,0.04,0.403,0.154,0.001,0.001,0,0,0.001,0,0.138,0.52,0.023,0.377,0.001,0,0,0,0.001,0.247,0.446,0.015,0.584,0.001,0.661,0.512,0.853,0.433,0.15,0.145,0.263,0.907,15.448,6.919
11:24.8,2107,-0.446,-0.392,0.633,0.497,0.148,0.212,-0.632,-0.73,0.663,0.718,-0.082,-0.194,0.492,0.773,0.082,0.393,0.291,0.455,-0.736,-0.409,-0.376,0.541,0.174,0.732,1.233,0.943,0.98,0.818,0.795,0.3,0.374,0.136,0.762,0.83,0.879,0.698,0.264,0.308,0.662,0.57,0.017,0.21,0.792,0.653,0.186,0.011,0.007,0.667,0.851,0.001,0.1,0.155,0.082,0.005,0.002,0.001,0.284,0.569,0.001,0.267,0.001,0.004,0.166,0.001,0.001,0.001,0.001,0.001,0.001,-0.286,-0.224,0.635,-0.682,0.001,0,0.001,0,0,0.001,0.02,0.001,0.001,0,0.001,0,0.001,0,0.029,0.393,0.134,0,0,0,0.001,0,0.001,0.107,0.518,0.021,0.346,0,0.001,0.001,0.001,0.001,0.193,0.429,0.001,0.596,0.001,0.608,0.411,0.667,0.446,0.088,0.117,0.107,0.866,15.59,6.111
11:24.9,2108,-0.446,-0.398,0.632,0.493,0.142,0.212,-0.633,-0.73,0.665,0.718,-0.074,-0.192,0.485,0.776,0.075,0.395,0.289,0.457,-0.736,-0.406,-0.374,0.542,0.177,0.731,1.231,0.943,0.98,0.822,0.802,0.306,0.37,0.138,0.764,0.828,0.878,0.705,0.26,0.327,0.663,0.568,0.018,0.211,0.792,0.653,0.188,0.011,0.009,0.679,0.849,0.001,0.1,0.155,0.087,0.005,0.002,0.001,0.302,0.578,0.001,0.263,0.001,0.004,0.187,0.001,0.001,0.001,0.001,0.001,0.001,-0.283,-0.255,0.617,-0.688,0,0.103,0.001,0,0,0.001,0.001,0,0,0,0.055,0.001,0,0.001,0,0.017,0.001,0.001,0.001,0,0.001,0,0,0.001,0.105,0.001,0,0.001,0.001,0,0,0.001,0.001,0.053,0,0.001,0,0,0.051,0,0,0.001,0.01,0,0.001,15.688,0.412
11:24.9,2109,-0.445,-0.404,0.63,0.491,0.14,0.211,-0.635,-0.73,0.665,0.718,-0.066,-0.191,0.479,0.778,0.069,0.4,0.288,0.459,-0.737,-0.405,-0.372,0.543,0.18,0.731,1.231,0.943,0.98,0.819,0.818,0.314,0.375,0.131,0.766,0.828,0.877,0.708,0.266,0.331,0.658,0.567,0.018,0.21,0.794,0.656,0.192,0.011,0.007,0.685,0.846,0.001,0.098,0.155,0.085,0.005,0.002,0.002,0.315,0.589,0.001,0.256,0.001,0.007,0.199,0.001,0.001,0.001,0.001,0.001,0.001,-0.287,-0.27,0.61,-0.687,0.001,0.111,0,0.001,0.001,0,0.001,0.001,0,0,0.049,0,0.001,0,0,0.017,0.001,0.001,0,0,0.001,0,0,0.001,0.093,0,0,0,0,0,0,0.001,0,0.039,0,0,0.001,0.001,0.039,0,0.001,0,0.01,0.001,0.001,15.753,0.374
11:24.9,2110,-0.444,-0.409,0.628,0.491,0.141,0.211,-0.636,-0.729,0.666,0.719,-0.058,-0.191,0.473,0.779,0.065,0.406,0.286,0.46,-0.737,-0.405,-0.371,0.544,0.182,0.73,1.232,0.943,0.982,0.825,0.832,0.322,0.379,0.14,0.764,0.827,0.877,0.707,0.272,0.338,0.661,0.564,0.02,0.209,0.794,0.651,0.189,0.011,0.009,0.686,0.846,0.001,0.094,0.153,0.085,0.005,0.002,0.001,0.322,0.587,0.001,0.247,0.001,0.013,0.204,0.001,0.001,0.001,0.001,0.001,0.001,-0.295,-0.288,0.602,-0.684,0,0.104,0,0,0,0,0,0.001,0,0.001,0.048,0.001,0.001,0,0.001,0.013,0,0.001,0.001,0.001,0.001,0,0.001,0.001,0.07,0.001,0,0,0.001,0,0.001,0.001,0,0.029,0,0,0.001,0.001,0.029,0.001,0,0,0.01,0.001,0,15.802,0.322
11:24.9,2111,-0.443,-0.413,0.626,0.491,0.144,0.212,-0.637,-0.727,0.666,0.719,-0.051,-0.192,0.468,0.779,0.064,0.412,0.285,0.46,-0.737,-0.405,-0.369,0.545,0.184,0.73,1.232,0.946,0.985,0.834,0.839,0.333,0.385,0.144,0.763,0.829,0.878,0.711,0.274,0.346,0.661,0.565,0.021,0.203,0.79,0.65,0.183,0.012,0.01,0.689,0.844,0.001,0.094,0.147,0.081,0.005,0.002,0.001,0.324,0.584,0.001,0.245,0.001,0.015,0.205,0.001,0.001,0.001,0.001,0.001,0.001,-0.295,-0.288,0.602,-0.684,0,0.104,0,0,0,0,0,0.001,0,0.001,0.048,0.001,0.001,0,0.001,0.013,0,0.001,0.001,0.001,0.001,0,0.001,0.001,0.07,0.001,0,0,0.001,0,0.001,0.001,0,0.029,0,0,0.001,0.001,0.029,0.001,0,0,0.01,0.001,0,15.839,0.322
11:24.9,2112,-0.442,-0.417,0.624,0.491,0.147,0.214,-0.637,-0.726,0.666,0.719,-0.044,-0.194,0.464,0.779,0.064,0.416,0.284,0.46,-0.737,-0.406,-0.367,0.546,0.186,0.73,1.237,0.951,0.99,0.839,0.85,0.341,0.392,0.145,0.756,0.833,0.883,0.713,0.272,0.358,0.663,0.568,0.021,0.193,0.788,0.641,0.173,0.012,0.009,0.689,0.85,0.001,0.095,0.138,0.073,0.005,0.002,0.001,0.326,0.574,0.001,0.236,0.001,0.015,0.198,0.001,0.001,0.001,0.001,0.001,0.001,-0.295,-0.288,0.602,-0.684,0,0.104,0,0,0,0,0,0.001,0,0.001,0.048,0.001,0.001,0,0.001,0.013,0,0.001,0.001,0.001,0.001,0,0.001,0.001,0.07,0.001,0,0,0.001,0,0.001,0.001,0,0.029,0,0,0.001,0.001,0.029,0.001,0,0,0.01,0.001,0,15.839,0.322
11:24.9,2113,-0.44,-0.421,0.622,0.492,0.148,0.217,-0.636,-0.725,0.667,0.718,-0.037,-0.196,0.463,0.778,0.067,0.42,0.284,0.46,-0.737,-0.406,-0.365,0.547,0.189,0.73,1.243,0.956,0.996,0.846,0.857,0.353,0.403,0.148,0.747,0.839,0.886,0.713,0.274,0.364,0.665,0.575,0.021,0.176,0.783,0.631,0.154,0.011,0.009,0.686,0.858,0.001,0.095,0.127,0.067,0.005,0.001,0.001,0.325,0.556,0.001,0.221,0.001,0.012,0.183,0.001,0.001,0.001,0.001,0.001,0.001,-0.295,-0.288,0.602,-0.684,0,0.104,0,0,0,0,0,0.001,0,0.001,0.048,0.001,0.001,0,0.001,0.013,0,0.001,0.001,0.001,0.001,0,0.001,0.001,0.07,0.001,0,0,0.001,0,0.001,0.001,0,0.029,0,0,0.001,0.001,0.029,0.001,0,0,0.01,0.001,0,15.796,0.322
11:24.9,2114,-0.438,-0.424,0.62,0.493,0.148,0.221,-0.636,-0.725,0.667,0.717,-0.031,-0.2,0.463,0.776,0.07,0.421,0.284,0.458,-0.737,-0.407,-0.363,0.547,0.19,0.729,1.243,0.958,1.004,0.851,0.873,0.377,0.407,0.153,0.734,0.842,0.888,0.712,0.264,0.374,0.67,0.582,0.022,0.17,0.775,0.621,0.139,0.011,0.01,0.687,0.864,0.001,0.089,0.121,0.059,0.004,0.002,0.001,0.325,0.537,0.001,0.197,0.001,0.01,0.173,0.001,0.001,0.001,0.001,0.001,0.001,-0.295,-0.288,0.602,-0.684,0,0.104,0,0,0,0,0,0.001,0,0.001,0.048,0.001,0.001,0,0.001,0.013,0,0.001,0.001,0.001,0.001,0,0.001,0.001,0.07,0.001,0,0,0.001,0,0.001,0.001,0,0.029,0,0,0.001,0.001,0.029,0.001,0,0,0.01,0.001,0,15.758,0.322
11:24.9,2115,-0.436,-0.428,0.618,0.495,0.146,0.225,-0.635,-0.725,0.667,0.716,-0.026,-0.205,0.466,0.775,0.074,0.421,0.285,0.457,-0.738,-0.407,-0.361,0.548,0.193,0.73,1.238,0.962,1.01,0.857,0.882,0.389,0.414,0.154,0.72,0.846,0.89,0.707,0.264,0.383,0.675,0.586,0.021,0.164,0.766,0.614,0.128,0.011,0.01,0.685,0.869,0.001,0.09,0.118,0.051,0.004,0.002,0.001,0.32,0.524,0.001,0.192,0.001,0.007,0.165,0.001,0.001,0.001,0.001,0.001,0.001,-0.295,-0.288,0.602,-0.684,0,0.104,0,0,0,0,0,0.001,0,0.001,0.048,0.001,0.001,0,0.001,0.013,0,0.001,0.001,0.001,0.001,0,0.001,0.001,0.07,0.001,0,0,0.001,0,0.001,0.001,0,0.029,0,0,0.001,0.001,0.029,0.001,0,0,0.01,0.001,0,15.728,0.322
11:24.9,2116,-0.432,-0.432,0.617,0.497,0.142,0.229,-0.634,-0.725,0.666,0.715,-0.022,-0.211,0.469,0.773,0.078,0.419,0.286,0.455,-0.737,-0.409,-0.361,0.548,0.193,0.73,1.238,0.962,1.01,0.857,0.882,0.389,0.414,0.154,0.72,0.846,0.89,0.707,0.264,0.383,0.675,0.586,0.021,0.164,0.766,0.614,0.128,0.011,0.01,0.685,0.869,0.001,0.09,0.118,0.051,0.004,0.002,0.001,0.32,0.524,0.001,0.192,0.001,0.007,0.165,0.001,0.001,0.001,0.001,0.001,0.001,-0.295,-0.288,0.602,-0.684,0,0.104,0,0,0,0,0,0.001,0,0.001,0.048,0.001,0.001,0,0.001,0.013,0,0.001,0.001,0.001,0.001,0,0.001,0.001,0.07,0.001,0,0,0.001,0,0.001,0.001,0,0.029,0,0,0.001,0.001,0.029,0.001,0,0,0.01,0.001,0,15.728,0.322
11:24.9,2117,-0.428,-0.435,0.615,0.499,0.137,0.232,-0.633,-0.726,0.665,0.714,-0.019,-0.218,0.472,0.772,0.082,0.418,0.288,0.454,-0.737,-0.41,-0.361,0.548,0.193,0.73,1.238,0.962,1.01,0.857,0.882,0.389,0.414,0.154,0.72,0.846,0.89,0.707,0.264,0.383,0.675,0.586,0.021,0.164,0.766,0.614,0.128,0.011,0.01,0.685,0.869,0.001,0.09,0.118,0.051,0.004,0.002,0.001,0.32,0.524,0.001,0.192,0.001,0.007,0.165,0.001,0.001,0.001,0.001,0.001,0.001,-0.42,-0.422,0.487,-0.639,0,0.099,0.001,0.001,0.001,0,0.001,0.001,0,0,0.046,0,0,0.001,0,0.011,0.001,0.001,0,0.001,0.001,0,0,0.001,0.062,0.001,0.001,0.001,0.001,0.001,0.001,0,0,0.028,0,0.001,0.001,0,0.029,0,0,0.001,0.011,0,0.001,15.728,0.307
11:25.0,2118,-0.422,-0.439,0.614,0.502,0.132,0.235,-0.633,-0.726,0.665,0.712,-0.017,-0.226,0.474,0.771,0.087,0.417,0.289,0.452,-0.737,-0.411,-0.361,0.548,0.193,0.73,1.238,0.962,1.01,0.857,0.882,0.389,0.414,0.154,0.72,0.846,0.89,0.707,0.264,0.383,0.675,0.586,0.021,0.164,0.766,0.614,0.128,0.011,0.01,0.685,0.869,0.001,0.09,0.118,0.051,0.004,0.002,0.001,0.32,0.524,0.001,0.192,0.001,0.007,0.165,0.001,0.001,0.001,0.001,0.001,0.001,-0.436,-0.446,0.466,-0.628,0,0.107,0,0,0,0.001,0.001,0,0.001,0,0.072,0.001,0,0.001,0,0.001,0.001,0.001,0.001,0.001,0.001,0,0,0,0.049,0.001,0,0.001,0,0.001,0,0.001,0.001,0,0.001,0,0.001,0,0,0,0.001,0.001,0.013,0.001,0.001,15.728,0.263
11:25.0,2119,-0.416,-0.441,0.614,0.505,0.127,0.237,-0.633,-0.726,0.664,0.71,-0.017,-0.234,0.477,0.768,0.092,0.417,0.291,0.451,-0.736,-0.412,-0.361,0.548,0.193,0.73,1.238,0.962,1.01,0.857,0.882,0.389,0.414,0.154,0.72,0.846,0.89,0.707,0.264,0.383,0.675,0.586,0.021,0.164,0.766,0.614,0.128,0.011,0.01,0.685,0.869,0.001,0.09,0.118,0.051,0.004,0.002,0.001,0.32,0.524,0.001,0.192,0.001,0.007,0.165,0.001,0.001,0.001,0.001,0.001,0.001,-0.447,-0.464,0.447,-0.62,0,0.105,0.001,0.001,0,0,0.001,0.001,0,0.001,0.07,0.001,0,0,0,0.001,0,0,0.001,0.001,0.001,0.001,0,0,0.048,0.001,0,0,0.001,0.001,0.001,0,0,0.001,0,0,0.001,0,0.001,0.001,0,0,0.012,0,0.001,15.728,0.255
11:25.0,2120,-0.41,-0.443,0.614,0.508,0.123,0.238,-0.633,-0.726,0.664,0.707,-0.018,-0.243,0.482,0.764,0.099,0.417,0.292,0.45,-0.736,-0.413,-0.361,0.548,0.193,0.73,1.238,0.962,1.01,0.857,0.882,0.389,0.414,0.154,0.72,0.846,0.89,0.707,0.264,0.383,0.675,0.586,0.021,0.164,0.766,0.614,0.128,0.011,0.01,0.685,0.869,0.001,0.09,0.118,0.051,0.004,0.002,0.001,0.32,0.524,0.001,0.192,0.001,0.007,0.165,0.001,0.001,0.001,0.001,0.001,0.001,-0.456,-0.482,0.43,-0.612,0,0.106,0.001,0,0.001,0.001,0,0.001,0.001,0,0.068,0,0.001,0,0.001,0.002,0.001,0,0,0.001,0,0.001,0,0.001,0.042,0.001,0.001,0.001,0,0,0.001,0.001,0,0,0,0.001,0.001,0,0.001,0.001,0,0.001,0.013,0,0,15.728,0.252
11:25.0,2121,-0.405,-0.445,0.614,0.511,0.121,0.238,-0.634,-0.726,0.664,0.704,-0.021,-0.252,0.489,0.76,0.105,0.416,0.293,0.449,-0.737,-0.412,-0.361,0.548,0.193,0.73,1.238,0.962,1.01,0.857,0.882,0.389,0.414,0.154,0.72,0.846,0.89,0.707,0.264,0.383,0.675,0.586,0.021,0.164,0.766,0.614,0.128,0.011,0.01,0.685,0.869,0.001,0.09,0.118,0.051,0.004,0.002,0.001,0.32,0.524,0.001,0.192,0.001,0.007,0.165,0.001,0.001,0.001,0.001,0.001,0.001,-0.46,-0.504,0.408,-0.606,0,0.114,0,0.001,0.001,0.001,0.001,0,0.001,0.001,0.07,0,0,0,0.001,0.005,0,0,0.001,0.001,0,0.001,0,0,0.043,0,0.001,0.001,0.001,0.001,0.001,0,0,0,0.001,0.001,0.001,0,0,0.001,0,0.001,0.013,0,0.001,15.728,0.266
11:25.0,2122,-0.4,-0.445,0.616,0.513,0.12,0.238,-0.635,-0.725,0.664,0.701,-0.024,-0.261,0.499,0.754,0.11,0.413,0.294,0.447,-0.737,-0.412,-0.353,0.554,0.209,0.724,1.175,0.937,0.971,0.784,0.849,0.372,0.413,0.147,0.734,0.828,0.869,0.719,0.267,0.379,0.663,0.562,0.01,0.195,0.777,0.643,0.168,0.011,0.01,0.696,0.863,0.001,0.107,0.15,0.082,0.005,0.002,0.002,0.319,0.576,0.001,0.241,0.001,0.016,0.215,0.001,0.001,0.001,0.001,0.001,0.001,-0.457,-0.525,0.387,-0.605,0,0.116,0,0.001,0,0,0,0,0.001,0.001,0.066,0,0.001,0.001,0,0.007,0,0,0,0,0,0.001,0,0,0.043,0.001,0.001,0.001,0,0,0.001,0.001,0,0,0,0.001,0,0.001,0.001,0,0.001,0.001,0.015,0,0,15.766,0.263
11:25.0,2123,-0.396,-0.445,0.617,0.514,0.12,0.238,-0.636,-0.724,0.663,0.697,-0.029,-0.27,0.51,0.749,0.115,0.407,0.296,0.446,-0.738,-0.412,-0.353,0.557,0.211,0.722,1.161,0.919,0.949,0.724,0.796,0.313,0.389,0.133,0.751,0.817,0.861,0.731,0.267,0.357,0.641,0.549,0.002,0.208,0.783,0.667,0.19,0.01,0.009,0.701,0.857,0.001,0.114,0.175,0.094,0.006,0.002,0.002,0.341,0.612,0.001,0.275,0.001,0.031,0.242,0.001,0.001,0.001,0.002,0.001,0.001,-0.462,-0.542,0.37,-0.597,0,0.122,0.001,0,0.001,0,0,0.001,0,0.001,0.068,0.001,0,0.001,0,0.007,0,0,0,0,0.001,0,0,0,0.046,0,0,0.001,0,0.001,0.001,0.001,0,0,0.001,0,0.001,0,0,0.001,0.001,0,0.012,0,0,15.689,0.27
11:25.0,2124,-0.394,-0.445,0.619,0.514,0.122,0.238,-0.638,-0.722,0.663,0.694,-0.035,-0.28,0.521,0.744,0.121,0.402,0.298,0.444,-0.738,-0.411,-0.352,0.56,0.214,0.719,1.142,0.905,0.921,0.665,0.729,0.252,0.333,0.127,0.768,0.806,0.849,0.74,0.274,0.324,0.62,0.525,0.002,0.238,0.791,0.684,0.239,0.01,0.007,0.713,0.845,0.001,0.125,0.199,0.132,0.006,0.002,0.002,0.359,0.651,0.001,0.28,0.001,0.054,0.282,0.001,0.001,0.001,0.007,0.001,0.001,-0.48,-0.541,0.374,-0.581,0,0.136,0,0.001,0,0.001,0.001,0,0.001,0.001,0.071,0,0.001,0,0.001,0.006,0.001,0,0,0.001,0.001,0.001,0.001,0.001,0.046,0.001,0,0,0.001,0.001,0.001,0.001,0.001,0.001,0,0,0.001,0.001,0.001,0,0.001,0.001,0.011,0,0.001,15.616,0.296
11:25.0,2125,-0.393,-0.445,0.621,0.512,0.126,0.238,-0.641,-0.719,0.663,0.69,-0.041,-0.289,0.529,0.738,0.129,0.397,0.3,0.442,-0.739,-0.41,-0.352,0.565,0.217,0.714,1.12,0.893,0.9,0.614,0.665,0.189,0.288,0.118,0.78,0.799,0.841,0.745,0.277,0.317,0.6,0.507,0.002,0.267,0.8,0.696,0.275,0.009,0.006,0.714,0.84,0.001,0.136,0.219,0.155,0.007,0.002,0.001,0.382,0.674,0.001,0.308,0.001,0.082,0.311,0.001,0.001,0.001,0.013,0.001,0.001,-0.501,-0.542,0.377,-0.559,0,0.139,0,0.001,0.001,0,0.001,0.001,0.001,0.001,0.068,0.001,0,0,0,0.007,0.001,0.001,0,0,0,0.001,0.001,0.001,0.048,0,0,0,0.001,0,0,0.001,0,0.001,0.001,0.001,0,0,0,0,0.001,0,0.013,0,0,15.56,0.293
11:25.0,2126,-0.393,-0.445,0.623,0.509,0.13,0.239,-0.643,-0.716,0.663,0.685,-0.049,-0.299,0.537,0.733,0.138,0.394,0.303,0.44,-0.74,-0.409,-0.351,0.57,0.218,0.71,1.099,0.879,0.871,0.558,0.602,0.122,0.239,0.11,0.791,0.79,0.833,0.744,0.275,0.304,0.559,0.498,0.006,0.304,0.805,0.707,0.317,0.01,0.006,0.716,0.829,0.001,0.153,0.241,0.19,0.009,0.002,0.002,0.403,0.685,0.002,0.337,0.001,0.139,0.352,0.005,0.001,0.001,0.018,0.001,0.001,-0.514,-0.544,0.378,-0.544,0.001,0.143,0.001,0.001,0.001,0,0,0.001,0.001,0,0.073,0.001,0.001,0,0,0.007,0,0,0,0,0.001,0.001,0.001,0.001,0.051,0,0,0.001,0.001,0,0,0.001,0.001,0.001,0.001,0,0.001,0.001,0.001,0,0,0,0.015,0,0.001,15.518,0.311
11:25.0,2127,-0.395,-0.445,0.625,0.504,0.133,0.24,-0.646,-0.712,0.663,0.681,-0.057,-0.307,0.544,0.727,0.148,0.392,0.305,0.438,-0.74,-0.408,-0.349,0.575,0.22,0.706,1.077,0.868,0.842,0.493,0.52,0.078,0.199,0.101,0.81,0.784,0.824,0.741,0.26,0.272,0.524,0.49,0.005,0.335,0.81,0.724,0.364,0.007,0.005,0.698,0.818,0.001,0.153,0.26,0.22,0.009,0.002,0.001,0.418,0.691,0.07,0.374,0.001,0.192,0.389,0.089,0.001,0.001,0.021,0.001,0.001,-0.531,-0.544,0.38,-0.526,0.001,0.144,0,0,0.001,0,0,0,0.001,0.001,0.073,0,0,0,0,0.007,0,0,0,0.001,0.001,0.001,0.001,0.001,0.049,0,0,0,0,0,0.001,0,0.001,0,0.001,0,0,0.001,0,0,0.001,0,0.015,0,0.001,15.544,0.303
11:25.1,2128,-0.397,-0.446,0.627,0.5,0.135,0.242,-0.647,-0.71,0.663,0.677,-0.066,-0.314,0.551,0.72,0.158,0.39,0.308,0.437,-0.741,-0.407,-0.349,0.575,0.22,0.706,1.077,0.868,0.842,0.493,0.52,0.078,0.199,0.101,0.81,0.784,0.824,0.741,0.26,0.272,0.524,0.49,0.005,0.335,0.81,0.724,0.364,0.007,0.005,0.698,0.818,0.001,0.153,0.26,0.22,0.009,0.002,0.001,0.418,0.691,0.07,0.374,0.001,0.192,0.389,0.089,0.001,0.001,0.021,0.001,0.001,-0.545,-0.544,0.382,-0.512,0,0.139,0.001,0,0,0.001,0.001,0.001,0,0,0.067,0,0.001,0,0.001,0.007,0,0.001,0.001,0.001,0,0.001,0,0,0.053,0.001,0,0.001,0,0,0,0,0.001,0,0,0,0.001,0,0,0,0,0.001,0.015,0,0.001,15.544,0.297
11:25.1,2129,-0.401,-0.447,0.628,0.495,0.136,0.244,-0.648,-0.709,0.664,0.673,-0.075,-0.318,0.558,0.714,0.168,0.388,0.311,0.435,-0.741,-0.406,-0.349,0.575,0.22,0.706,1.077,0.868,0.842,0.493,0.52,0.078,0.199,0.101,0.81,0.784,0.824,0.741,0.26,0.272,0.524,0.49,0.005,0.335,0.81,0.724,0.364,0.007,0.005,0.698,0.818,0.001,0.153,0.26,0.22,0.009,0.002,0.001,0.418,0.691,0.07,0.374,0.001,0.192,0.389,0.089,0.001,0.001,0.021,0.001,0.001,-0.558,-0.542,0.384,-0.496,0,0.138,0,0,0.001,0,0,0.001,0,0.001,0.068,0.001,0.001,0,0,0.007,0,0,0,0,0,0.001,0.001,0,0.054,0,0.001,0.001,0.001,0,0.001,0.001,0.001,0.001,0.001,0,0.001,0,0,0.001,0,0,0.015,0.001,0.001,15.544,0.301
11:25.1,2130,-0.405,-0.448,0.629,0.489,0.137,0.247,-0.647,-0.708,0.665,0.67,-0.082,-0.32,0.566,0.707,0.178,0.384,0.313,0.434,-0.741,-0.406,-0.349,0.575,0.22,0.706,1.077,0.868,0.842,0.493,0.52,0.078,0.199,0.101,0.81,0.784,0.824,0.741,0.26,0.272,0.524,0.49,0.005,0.335,0.81,0.724,0.364,0.007,0.005,0.698,0.818,0.001,0.153,0.26,0.22,0.009,0.002,0.001,0.418,0.691,0.07,0.374,0.001,0.192,0.389,0.089,0.001,0.001,0.021,0.001,0.001,-0.577,-0.539,0.388,-0.477,0,0.142,0,0,0,0.001,0.001,0.001,0,0.001,0.072,0,0.001,0,0,0.006,0.001,0.001,0,0,0.001,0,0,0,0.054,0,0,0.001,0,0,0.001,0,0,0.001,0.001,0,0,0.001,0.001,0,0,0.001,0.013,0.001,0,15.544,0.303
11:25.1,2131,-0.411,-0.45,0.629,0.483,0.138,0.249,-0.647,-0.707,0.666,0.668,-0.089,-0.319,0.575,0.701,0.189,0.378,0.314,0.433,-0.741,-0.405,-0.349,0.575,0.22,0.706,1.077,0.868,0.842,0.493,0.52,0.078,0.199,0.101,0.81,0.784,0.824,0.741,0.26,0.272,0.524,0.49,0.005,0.335,0.81,0.724,0.364,0.007,0.005,0.698,0.818,0.001,0.153,0.26,0.22,0.009,0.002,0.001,0.418,0.691,0.07,0.374,0.001,0.192,0.389,0.089,0.001,0.001,0.021,0.001,0.001,-0.588,-0.536,0.39,-0.463,0,0.144,0,0.001,0,0,0,0.001,0,0.001,0.074,0,0.001,0,0,0.001,0,0,0.001,0.001,0,0.001,0,0.001,0.051,0,0.001,0,0,0,0,0,0.001,0.001,0.001,0,0.001,0,0,0.001,0,0,0.012,0.001,0,15.544,0.297
11:25.1,2132,-0.416,-0.452,0.628,0.477,0.14,0.25,-0.647,-0.707,0.668,0.667,-0.094,-0.315,0.584,0.695,0.199,0.369,0.315,0.433,-0.741,-0.404,-0.349,0.575,0.22,0.706,1.077,0.868,0.842,0.493,0.52,0.078,0.199,0.101,0.81,0.784,0.824,0.741,0.26,0.272,0.524,0.49,0.005,0.335,0.81,0.724,0.364,0.007,0.005,0.698,0.818,0.001,0.153,0.26,0.22,0.009,0.002,0.001,0.418,0.691,0.07,0.374,0.001,0.192,0.389,0.089,0.001,0.001,0.021,0.001,0.001,-0.606,-0.53,0.395,-0.443,0,0.144,0.001,0.001,0.001,0.001,0.001,0,0,0.001,0.076,0,0.001,0.001,0.001,0,0.001,0,0,0,0,0,0,0,0.049,0,0,0,0.001,0,0,0.001,0.001,0.001,0,0,0,0.001,0.001,0,0,0.001,0.009,0.001,0.001,15.544,0.297
11:25.1,2133,-0.422,-0.454,0.628,0.47,0.144,0.252,-0.646,-0.706,0.67,0.667,-0.097,-0.31,0.594,0.689,0.208,0.36,0.315,0.434,-0.742,-0.403,-0.349,0.575,0.22,0.706,1.077,0.868,0.842,0.493,0.52,0.078,0.199,0.101,0.81,0.784,0.824,0.741,0.26,0.272,0.524,0.49,0.005,0.335,0.81,0.724,0.364,0.007,0.005,0.698,0.818,0.001,0.153,0.26,0.22,0.009,0.002,0.001,0.418,0.691,0.07,0.374,0.001,0.192,0.389,0.089,0.001,0.001,0.021,0.001,0.001,-0.619,-0.526,0.398,-0.426,0,0.148,0.001,0,0.001,0.001,0,0.001,0,0,0.076,0,0,0,0.001,0,0,0,0,0,0.001,0,0,0,0.051,0,0,0,0.001,0,0,0.001,0,0,0,0.001,0.001,0,0,0.001,0,0.001,0.001,0.001,0.001,15.544,0.29
11:25.1,2134,-0.429,-0.457,0.627,0.463,0.148,0.254,-0.645,-0.705,0.673,0.668,-0.098,-0.303,0.603,0.683,0.217,0.35,0.316,0.434,-0.742,-0.402,-0.349,0.575,0.22,0.706,1.077,0.868,0.842,0.493,0.52,0.078,0.199,0.101,0.81,0.784,0.824,0.741,0.26,0.272,0.524,0.49,0.005,0.335,0.81,0.724,0.364,0.007,0.005,0.698,0.818,0.001,0.153,0.26,0.22,0.009,0.002,0.001,0.418,0.691,0.07,0.374,0.001,0.192,0.389,0.089,0.001,0.001,0.021,0.001,0.001,-0.634,-0.521,0.404,-0.405,0.001,0.151,0,0,0.001,0.001,0,0.001,0,0,0.079,0.001,0,0,0,0,0.001,0,0,0.001,0,0,0,0,0.05,0.001,0.001,0,0,0,0.001,0,0.001,0,0.001,0.001,0.001,0.001,0,0.001,0,0,0,0,0.001,15.544,0.297
11:25.1,2135,-0.434,-0.461,0.625,0.457,0.153,0.257,-0.644,-0.704,0.674,0.669,-0.098,-0.296,0.611,0.678,0.224,0.342,0.317,0.434,-0.742,-0.402,-0.333,0.621,0.234,0.67,1.056,0.855,0.819,0.437,0.446,0.04,0.165,0.093,0.821,0.778,0.822,0.737,0.258,0.264,0.484,0.464,0.007,0.363,0.813,0.73,0.409,0.007,0.004,0.678,0.81,0.016,0.16,0.281,0.249,0.01,0.002,0.001,0.426,0.695,0.132,0.374,0.001,0.237,0.431,0.148,0.015,0.018,0.024,0.001,0.001,-0.645,-0.516,0.409,-0.388,0,0.158,0,0,0.001,0.001,0,0,0.001,0.001,0.085,0.001,0.001,0.001,0,0,0.001,0,0.001,0,0,0,0.001,0,0.045,0,0,0,0.001,0.001,0.001,0,0,0.001,0.001,0.001,0.001,0.001,0.001,0,0.012,0.001,0.001,0,0,15.582,0.321
11:25.1,2136,-0.439,-0.464,0.622,0.452,0.158,0.261,-0.642,-0.703,0.676,0.67,-0.095,-0.29,0.618,0.674,0.231,0.334,0.318,0.434,-0.741,-0.402,-0.333,0.621,0.234,0.67,1.056,0.855,0.819,0.437,0.446,0.04,0.165,0.093,0.821,0.778,0.822,0.737,0.258,0.264,0.484,0.464,0.007,0.363,0.813,0.73,0.409,0.007,0.004,0.678,0.81,0.016,0.16,0.281,0.249,0.01,0.002,0.001,0.426,0.695,0.132,0.374,0.001,0.237,0.431,0.148,0.015,0.018,0.024,0.001,0.001,-0.656,-0.511,0.414,-0.369,0,0.161,0,0.001,0,0.001,0.001,0.001,0,0,0.093,0,0.001,0.001,0.001,0.001,0,0,0.001,0,0.001,0.001,0,0.001,0.049,0.001,0,0,0.001,0.001,0,0,0,0,0,0.001,0,0,0,0,0.024,0,0,0,0,15.582,0.343
11:25.1,2137,-0.443,-0.468,0.62,0.447,0.162,0.267,-0.64,-0.702,0.678,0.671,-0.091,-0.284,0.624,0.669,0.237,0.328,0.319,0.434,-0.74,-0.403,-0.333,0.621,0.234,0.67,1.056,0.855,0.819,0.437,0.446,0.04,0.165,0.093,0.821,0.778,0.822,0.737,0.258,0.264,0.484,0.464,0.007,0.363,0.813,0.73,0.409,0.007,0.004,0.678,0.81,0.016,0.16,0.281,0.249,0.01,0.002,0.001,0.426,0.695,0.132,0.374,0.001,0.237,0.431,0.148,0.015,0.018,0.024,0.001,0.001,-0.656,-0.511,0.414,-0.369,0,0.161,0,0.001,0,0.001,0.001,0.001,0,0,0.093,0,0.001,0.001,0.001,0.001,0,0,0.001,0,0.001,0.001,0,0.001,0.049,0.001,0,0,0.001,0.001,0,0,0,0,0,0.001,0,0,0,0,0.024,0,0,0,0,15.582,0.343
11:25.2,2138,-0.446,-0.473,0.617,0.443,0.165,0.273,-0.637,-0.702,0.679,0.673,-0.086,-0.28,0.629,0.664,0.243,0.324,0.32,0.433,-0.739,-0.405,-0.333,0.621,0.234,0.67,1.056,0.855,0.819,0.437,0.446,0.04,0.165,0.093,0.821,0.778,0.822,0.737,0.258,0.264,0.484,0.464,0.007,0.363,0.813,0.73,0.409,0.007,0.004,0.678,0.81,0.016,0.16,0.281,0.249,0.01,0.002,0.001,0.426,0.695,0.132,0.374,0.001,0.237,0.431,0.148,0.015,0.018,0.024,0.001,0.001,-0.656,-0.511,0.414,-0.369,0,0.161,0,0.001,0,0.001,0.001,0.001,0,0,0.093,0,0.001,0.001,0.001,0.001,0,0,0.001,0,0.001,0.001,0,0.001,0.049,0.001,0,0,0.001,0.001,0,0,0,0,0,0.001,0,0,0,0,0.024,0,0,0,0,15.582,0.343
11:25.2,2139,-0.448,-0.478,0.614,0.44,0.167,0.28,-0.634,-0.701,0.68,0.673,-0.08,-0.277,0.633,0.66,0.249,0.32,0.322,0.433,-0.737,-0.406,-0.333,0.621,0.234,0.67,1.056,0.855,0.819,0.437,0.446,0.04,0.165,0.093,0.821,0.778,0.822,0.737,0.258,0.264,0.484,0.464,0.007,0.363,0.813,0.73,0.409,0.007,0.004,0.678,0.81,0.016,0.16,0.281,0.249,0.01,0.002,0.001,0.426,0.695,0.132,0.374,0.001,0.237,0.431,0.148,0.015,0.018,0.024,0.001,0.001,-0.656,-0.511,0.414,-0.369,0,0.161,0,0.001,0,0.001,0.001,0.001,0,0,0.093,0,0.001,0.001,0.001,0.001,0,0,0.001,0,0.001,0.001,0,0.001,0.049,0.001,0,0,0.001,0.001,0,0,0,0,0,0.001,0,0,0,0,0.024,0,0,0,0,15.582,0.343
11:25.2,2140,-0.449,-0.483,0.61,0.439,0.167,0.288,-0.63,-0.702,0.681,0.674,-0.073,-0.275,0.637,0.655,0.255,0.317,0.323,0.433,-0.736,-0.408,-0.333,0.621,0.234,0.67,1.056,0.855,0.819,0.437,0.446,0.04,0.165,0.093,0.821,0.778,0.822,0.737,0.258,0.264,0.484,0.464,0.007,0.363,0.813,0.73,0.409,0.007,0.004,0.678,0.81,0.016,0.16,0.281,0.249,0.01,0.002,0.001,0.426,0.695,0.132,0.374,0.001,0.237,0.431,0.148,0.015,0.018,0.024,0.001,0.001,-0.656,-0.511,0.414,-0.369,0,0.161,0,0.001,0,0.001,0.001,0.001,0,0,0.093,0,0.001,0.001,0.001,0.001,0,0,0.001,0,0.001,0.001,0,0.001,0.049,0.001,0,0,0.001,0.001,0,0,0,0,0,0.001,0,0,0,0,0.024,0,0,0,0,15.582,0.343
11:25.2,2141,-0.449,-0.487,0.606,0.44,0.165,0.295,-0.626,-0.703,0.681,0.676,-0.067,-0.274,0.641,0.65,0.261,0.314,0.325,0.433,-0.735,-0.409,-0.333,0.621,0.234,0.67,1.056,0.855,0.819,0.437,0.446,0.04,0.165,0.093,0.821,0.778,0.822,0.737,0.258,0.264,0.484,0.464,0.007,0.363,0.813,0.73,0.409,0.007,0.004,0.678,0.81,0.016,0.16,0.281,0.249,0.01,0.002,0.001,0.426,0.695,0.132,0.374,0.001,0.237,0.431,0.148,0.015,0.018,0.024,0.001,0.001,-0.656,-0.511,0.414,-0.369,0,0.161,0,0.001,0,0.001,0.001,0.001,0,0,0.093,0,0.001,0.001,0.001,0.001,0,0,0.001,0,0.001,0.001,0,0.001,0.049,0.001,0,0,0.001,0.001,0,0,0,0,0,0.001,0,0,0,0,0.024,0,0,0,0,15.582,0.343
11:25.2,2142,-0.448,-0.491,0.603,0.442,0.161,0.302,-0.622,-0.704,0.68,0.677,-0.06,-0.274,0.645,0.645,0.267,0.31,0.326,0.433,-0.733,-0.411,-0.278,0.662,0.191,0.669,0.906,0.741,0.69,0.189,0.291,0.002,0.048,0.062,0.836,0.781,0.801,0.687,0.225,0.153,0.258,0.376,0.022,0.463,0.839,0.791,0.634,0.029,0.002,0.464,0.736,0.137,0.194,0.348,0.338,0.184,0.002,0.001,0.518,0.703,0.424,0.426,0.001,0.667,0.681,0.746,0.081,0.256,0.065,0.027,0.127,-0.656,-0.511,0.414,-0.369,0,0.161,0,0.001,0,0.001,0.001,0.001,0,0,0.093,0,0.001,0.001,0.001,0.001,0,0,0.001,0,0.001,0.001,0,0.001,0.049,0.001,0,0,0.001,0.001,0,0,0,0,0,0.001,0,0,0,0,0.024,0,0,0,0,16.952,0.343
11:25.2,2143,-0.446,-0.495,0.6,0.443,0.157,0.309,-0.618,-0.706,0.68,0.678,-0.054,-0.275,0.65,0.64,0.273,0.305,0.327,0.433,-0.732,-0.412,-0.275,0.664,0.189,0.669,0.753,0.632,0.538,0.107,0.258,0.001,0.024,0.05,0.639,0.772,0.797,0.601,0.233,0.139,0.232,0.359,0.045,0.302,0.845,0.817,0.712,0.054,0.01,0.421,0.705,0.209,0.188,0.313,0.369,0.247,0.002,0.001,0.556,0.72,0.575,0.488,0.001,0.796,0.747,0.952,0.142,0.4,0.134,0.068,0.258,-0.739,-0.45,0.461,-0.198,0,0.162,0,0,0.001,0,0.001,0.001,0,0.001,0.093,0,0,0,0,0,0,0.001,0,0,0,0,0.001,0,0.048,0,0,0.001,0.001,0.001,0.001,0,0,0,0,0,0.001,0.001,0,0,0.039,0.001,0.001,0.001,0,17.212,0.357
11:25.2,2144,-0.444,-0.498,0.598,0.444,0.153,0.314,-0.614,-0.707,0.678,0.679,-0.048,-0.277,0.655,0.636,0.278,0.299,0.327,0.433,-0.731,-0.414,-0.272,0.667,0.188,0.668,0.714,0.62,0.509,0.077,0.245,0.001,0.023,0.048,0.603,0.767,0.79,0.6,0.226,0.136,0.231,0.36,0.048,0.272,0.829,0.821,0.717,0.05,0.011,0.422,0.705,0.219,0.183,0.313,0.377,0.256,0.004,0.001,0.556,0.72,0.579,0.49,0.001,0.806,0.751,0.976,0.158,0.419,0.142,0.079,0.328,-0.747,-0.438,0.468,-0.175,0,0.153,0,0,0.001,0.001,0,0,0,0.001,0.088,0.001,0,0,0,0.001,0.001,0,0.001,0,0,0,0.001,0,0.024,0,0.001,0.001,0.001,0,0,0.001,0.001,0.001,0,0,0,0.001,0.001,0,0.071,0.001,0,0.001,0.001,17.183,0.355
11:25.2,2145,-0.442,-0.501,0.596,0.446,0.15,0.319,-0.611,-0.708,0.677,0.679,-0.044,-0.28,0.66,0.632,0.284,0.291,0.326,0.434,-0.73,-0.415,-0.271,0.669,0.188,0.666,0.664,0.595,0.482,0.062,0.242,0.001,0.021,0.045,0.578,0.766,0.788,0.602,0.215,0.131,0.227,0.36,0.049,0.252,0.801,0.81,0.716,0.046,0.015,0.42,0.706,0.23,0.182,0.313,0.383,0.258,0.007,0.001,0.557,0.718,0.584,0.505,0.001,0.812,0.757,0.989,0.176,0.432,0.145,0.1,0.343,-0.756,-0.422,0.479,-0.145,0.001,0.149,0.001,0,0.001,0.001,0,0,0,0.001,0.073,0.001,0,0,0,0,0,0,0,0.001,0,0.001,0.001,0,0.023,0,0,0.001,0.001,0,0,0.001,0,0.001,0,0.001,0,0.001,0.001,0.001,0.068,0,0,0,0,17.087,0.33
11:25.2,2146,-0.44,-0.503,0.594,0.447,0.147,0.324,-0.609,-0.709,0.677,0.678,-0.04,-0.283,0.665,0.628,0.289,0.284,0.325,0.435,-0.729,-0.417,-0.27,0.671,0.189,0.665,0.623,0.574,0.464,0.055,0.219,0.001,0.018,0.044,0.545,0.75,0.777,0.586,0.21,0.123,0.223,0.36,0.048,0.237,0.796,0.795,0.714,0.049,0.017,0.418,0.708,0.232,0.189,0.317,0.391,0.256,0.012,0.001,0.559,0.72,0.596,0.513,0.001,0.818,0.761,1.004,0.179,0.446,0.149,0.115,0.361,-0.762,-0.408,0.487,-0.124,0.001,0.149,0.001,0.001,0.001,0,0,0,0,0,0.073,0,0,0.001,0.001,0,0,0,0.001,0,0.001,0.001,0.001,0,0.021,0.001,0.001,0.001,0.001,0.001,0.001,0,0,0.001,0.001,0,0.001,0.001,0.001,0,0.056,0.001,0,0,0,16.974,0.321
11:25.2,2147,-0.438,-0.505,0.593,0.448,0.145,0.329,-0.606,-0.71,0.677,0.677,-0.038,-0.287,0.67,0.624,0.294,0.275,0.324,0.435,-0.728,-0.419,-0.267,0.673,0.188,0.664,0.564,0.53,0.452,0.043,0.209,0.001,0.018,0.043,0.492,0.744,0.729,0.593,0.206,0.117,0.221,0.359,0.049,0.22,0.79,0.774,0.7,0.055,0.018,0.42,0.707,0.231,0.194,0.322,0.416,0.254,0.012,0.001,0.563,0.718,0.608,0.513,0.001,0.819,0.766,1.021,0.192,0.451,0.156,0.132,0.383,-0.768,-0.391,0.497,-0.099,0,0.15,0,0.001,0.001,0,0,0,0,0.001,0.072,0,0.001,0.001,0,0.001,0,0,0.001,0.001,0,0,0.001,0.001,0.013,0,0.001,0,0.001,0.001,0.001,0,0.001,0,0,0,0,0.001,0,0,0.029,0,0.001,0.001,0.001,16.807,0.283
11:25.3,2148,-0.437,-0.507,0.593,0.448,0.143,0.333,-0.604,-0.71,0.677,0.675,-0.038,-0.291,0.675,0.62,0.298,0.267,0.323,0.435,-0.727,-0.422,-0.265,0.675,0.186,0.663,0.515,0.498,0.426,0.032,0.206,0.001,0.017,0.042,0.431,0.726,0.711,0.585,0.2,0.126,0.219,0.359,0.049,0.194,0.768,0.767,0.679,0.059,0.02,0.421,0.708,0.237,0.203,0.325,0.427,0.256,0.012,0.001,0.567,0.717,0.607,0.513,0.001,0.821,0.77,1.034,0.206,0.46,0.164,0.145,0.403,-0.773,-0.376,0.505,-0.081,0,0.15,0,0.001,0.001,0.001,0,0.001,0,0.001,0.073,0.001,0.001,0,0,0,0.001,0,0.001,0,0,0.001,0.001,0,0.012,0.001,0.001,0.001,0.001,0.001,0,0.001,0.001,0.001,0.001,0,0,0,0.001,0.001,0.024,0.001,0.001,0,0,16.628,0.283
11:25.3,2149,-0.436,-0.508,0.592,0.448,0.142,0.337,-0.601,-0.711,0.677,0.673,-0.038,-0.295,0.68,0.617,0.301,0.258,0.322,0.435,-0.725,-0.425,-0.26,0.678,0.184,0.663,0.48,0.459,0.414,0.022,0.194,0.001,0.016,0.04,0.388,0.705,0.69,0.557,0.188,0.126,0.219,0.36,0.057,0.178,0.764,0.77,0.678,0.056,0.018,0.421,0.708,0.241,0.214,0.321,0.422,0.253,0.012,0.001,0.568,0.716,0.613,0.512,0.001,0.825,0.772,1.033,0.21,0.468,0.17,0.159,0.419,-0.778,-0.355,0.514,-0.059,0,0.148,0.001,0.001,0.001,0,0,0.001,0,0.001,0.074,0,0,0.001,0,0,0,0,0,0,0,0.001,0,0.001,0.013,0,0,0,0.001,0.001,0.001,0,0,0.001,0,0,0.001,0,0,0,0.022,0,0.001,0.001,0,16.439,0.272
11:25.3,2150,-0.436,-0.508,0.592,0.448,0.14,0.341,-0.599,-0.711,0.678,0.67,-0.047,-0.299,0.684,0.615,0.304,0.249,0.321,0.435,-0.724,-0.429,-0.26,0.678,0.184,0.663,0.48,0.459,0.414,0.022,0.194,0.001,0.016,0.04,0.388,0.705,0.69,0.557,0.188,0.126,0.219,0.36,0.057,0.178,0.764,0.77,0.678,0.056,0.018,0.421,0.708,0.241,0.214,0.321,0.422,0.253,0.012,0.001,0.568,0.716,0.613,0.512,0.001,0.825,0.772,1.033,0.21,0.468,0.17,0.159,0.419,-0.782,-0.341,0.52,-0.046,0.001,0.148,0,0.001,0,0.001,0.001,0,0,0,0.073,0.001,0,0,0,0,0,0,0,0.001,0,0,0.001,0,0.012,0,0,0,0.001,0,0,0.001,0.001,0,0,0.001,0,0,0,0.001,0.018,0.001,0,0,0.001,16.439,0.265
11:25.3,2151,-0.436,-0.509,0.593,0.447,0.138,0.344,-0.596,-0.712,0.679,0.668,-0.041,-0.303,0.687,0.612,0.306,0.242,0.32,0.434,-0.723,-0.432,-0.26,0.678,0.184,0.663,0.48,0.459,0.414,0.022,0.194,0.001,0.016,0.04,0.388,0.705,0.69,0.557,0.188,0.126,0.219,0.36,0.057,0.178,0.764,0.77,0.678,0.056,0.018,0.421,0.708,0.241,0.214,0.321,0.422,0.253,0.012,0.001,0.568,0.716,0.613,0.512,0.001,0.825,0.772,1.033,0.21,0.468,0.17,0.159,0.419,-0.785,-0.326,0.526,-0.033,0,0.151,0.001,0,0.001,0,0.001,0.001,0,0.001,0.072,0,0.001,0,0.001,0.001,0.001,0,0.001,0.001,0.001,0.001,0.001,0,0.013,0,0,0,0.001,0,0,0.001,0,0,0.001,0.001,0.001,0,0,0.001,0.015,0.001,0,0,0,16.439,0.272
11:25.3,2152,-0.437,-0.509,0.593,0.445,0.136,0.348,-0.594,-0.712,0.679,0.665,-0.044,-0.307,0.69,0.611,0.308,0.236,0.32,0.432,-0.722,-0.436,-0.26,0.678,0.184,0.663,0.48,0.459,0.414,0.022,0.194,0.001,0.016,0.04,0.388,0.705,0.69,0.557,0.188,0.126,0.219,0.36,0.057,0.178,0.764,0.77,0.678,0.056,0.018,0.421,0.708,0.241,0.214,0.321,0.422,0.253,0.012,0.001,0.568,0.716,0.613,0.512,0.001,0.825,0.772,1.033,0.21,0.468,0.17,0.159,0.419,-0.787,-0.308,0.534,-0.018,0.001,0.154,0,0.001,0.001,0.001,0.001,0,0,0.001,0.072,0.001,0,0,0.001,0,0.001,0,0,0.001,0,0,0.001,0,0.012,0,0.001,0.001,0.001,0.001,0.001,0,0,0.001,0.001,0.001,0,0,0,0.001,0.034,0.001,0.001,0.001,0,16.439,0.295
11:25.3,2153,-0.439,-0.509,0.593,0.443,0.134,0.352,-0.592,-0.712,0.678,0.664,-0.055,-0.311,0.693,0.61,0.308,0.23,0.319,0.429,-0.721,-0.44,-0.26,0.678,0.184,0.663,0.48,0.459,0.414,0.022,0.194,0.001,0.016,0.04,0.388,0.705,0.69,0.557,0.188,0.126,0.219,0.36,0.057,0.178,0.764,0.77,0.678,0.056,0.018,0.421,0.708,0.241,0.214,0.321,0.422,0.253,0.012,0.001,0.568,0.716,0.613,0.512,0.001,0.825,0.772,1.033,0.21,0.468,0.17,0.159,0.419,-0.787,-0.308,0.534,-0.018,0.001,0.154,0,0.001,0.001,0.001,0.001,0,0,0.001,0.072,0.001,0,0,0.001,0,0.001,0,0,0.001,0,0,0.001,0,0.012,0,0.001,0.001,0.001,0.001,0.001,0,0,0.001,0.001,0.001,0,0,0,0.001,0.034,0.001,0.001,0.001,0,16.439,0.295
11:25.3,2154,-0.44,-0.51,0.593,0.44,0.131,0.356,-0.591,-0.712,0.676,0.664,-0.05,-0.315,0.695,0.608,0.308,0.226,0.318,0.426,-0.721,-0.444,-0.26,0.678,0.184,0.663,0.48,0.459,0.414,0.022,0.194,0.001,0.016,0.04,0.388,0.705,0.69,0.557,0.188,0.126,0.219,0.36,0.057,0.178,0.764,0.77,0.678,0.056,0.018,0.421,0.708,0.241,0.214,0.321,0.422,0.253,0.012,0.001,0.568,0.716,0.613,0.512,0.001,0.825,0.772,1.033,0.21,0.468,0.17,0.159,0.419,-0.787,-0.308,0.534,-0.018,0.001,0.154,0,0.001,0.001,0.001,0.001,0,0,0.001,0.072,0.001,0,0,0.001,0,0.001,0,0,0.001,0,0,0.001,0,0.012,0,0.001,0.001,0.001,0.001,0.001,0,0,0.001,0.001,0.001,0,0,0,0.001,0.034,0.001,0.001,0.001,0,16.439,0.295
11:25.3,2155,-0.442,-0.512,0.592,0.438,0.128,0.359,-0.589,-0.712,0.673,0.665,-0.055,-0.318,0.697,0.607,0.308,0.224,0.318,0.423,-0.72,-0.449,-0.26,0.678,0.184,0.663,0.48,0.459,0.414,0.022,0.194,0.001,0.016,0.04,0.388,0.705,0.69,0.557,0.188,0.126,0.219,0.36,0.057,0.178,0.764,0.77,0.678,0.056,0.018,0.421,0.708,0.241,0.214,0.321,0.422,0.253,0.012,0.001,0.568,0.716,0.613,0.512,0.001,0.825,0.772,1.033,0.21,0.468,0.17,0.159,0.419,-0.787,-0.308,0.534,-0.018,0.001,0.154,0,0.001,0.001,0.001,0.001,0,0,0.001,0.072,0.001,0,0,0.001,0,0.001,0,0,0.001,0,0,0.001,0,0.012,0,0.001,0.001,0.001,0.001,0.001,0,0,0.001,0.001,0.001,0,0,0,0.001,0.034,0.001,0.001,0.001,0,16.439,0.295
11:25.3,2156,-0.442,-0.513,0.592,0.437,0.125,0.363,-0.587,-0.712,0.67,0.667,-0.061,-0.32,0.698,0.607,0.308,0.222,0.316,0.419,-0.719,-0.455,-0.256,0.686,0.188,0.655,0.447,0.433,0.4,0.022,0.188,0.001,0.016,0.039,0.341,0.69,0.69,0.534,0.181,0.126,0.22,0.359,0.06,0.156,0.755,0.757,0.652,0.056,0.017,0.424,0.709,0.244,0.21,0.321,0.42,0.244,0.012,0.001,0.57,0.717,0.613,0.507,0.001,0.825,0.773,1.035,0.215,0.47,0.173,0.166,0.429,-0.787,-0.308,0.534,-0.018,0.001,0.154,0,0.001,0.001,0.001,0.001,0,0,0.001,0.072,0.001,0,0,0.001,0,0.001,0,0,0.001,0,0,0.001,0,0.012,0,0.001,0.001,0.001,0.001,0.001,0,0,0.001,0.001,0.001,0,0,0,0.001,0.034,0.001,0.001,0.001,0,16.219,0.295
11:25.3,2157,-0.44,-0.515,0.591,0.438,0.122,0.368,-0.585,-0.712,0.667,0.669,-0.069,-0.321,0.699,0.606,0.307,0.222,0.315,0.415,-0.719,-0.46,-0.259,0.686,0.192,0.652,0.033,0.107,0.173,0.001,0.132,0.001,0.016,0.035,0.001,0.396,0.584,0.361,0.115,0.082,0.219,0.354,0.074,0.001,0.504,0.748,0.436,0.032,0.018,0.431,0.711,0.256,0.231,0.274,0.363,0.203,0.001,0.001,0.591,0.723,0.613,0.497,0.001,0.836,0.785,1.087,0.306,0.504,0.215,0.275,0.646,-0.787,-0.308,0.534,-0.018,0.001,0.154,0,0.001,0.001,0.001,0.001,0,0,0.001,0.072,0.001,0,0,0.001,0,0.001,0,0,0.001,0,0,0.001,0,0.012,0,0.001,0.001,0.001,0.001,0.001,0,0,0.001,0.001,0.001,0,0,0,0.001,0.034,0.001,0.001,0.001,0,13.973,0.295
11:25.4,2158,-0.438,-0.516,0.591,0.439,0.118,0.372,-0.583,-0.713,0.664,0.671,-0.077,-0.32,0.7,0.606,0.306,0.222,0.312,0.412,-0.719,-0.464,-0.259,0.688,0.194,0.65,0.01,0.066,0.145,0.001,0.125,0.001,0.02,0.035,0.001,0.36,0.569,0.327,0.105,0.077,0.219,0.35,0.07,0.001,0.471,0.731,0.4,0.013,0.02,0.425,0.713,0.259,0.231,0.248,0.355,0.2,0.001,0.001,0.596,0.724,0.607,0.496,0.001,0.84,0.788,1.089,0.314,0.51,0.217,0.295,0.673,-0.787,-0.308,0.534,-0.018,0.001,0.154,0,0.001,0.001,0.001,0.001,0,0,0.001,0.072,0.001,0,0,0.001,0,0.001,0,0,0.001,0,0,0.001,0,0.012,0,0.001,0.001,0.001,0.001,0.001,0,0,0.001,0.001,0.001,0,0,0,0.001,0.034,0.001,0.001,0.001,0,13.7,0.295
11:25.4,2159,-0.435,-0.517,0.59,0.441,0.114,0.375,-0.58,-0.714,0.662,0.673,-0.084,-0.319,0.7,0.607,0.304,0.223,0.31,0.409,-0.72,-0.468,-0.259,0.69,0.194,0.648,0.001,0.042,0.123,0.001,0.126,0.001,0.021,0.034,0.001,0.353,0.564,0.31,0.088,0.07,0.221,0.353,0.073,0.001,0.444,0.695,0.355,0.01,0.017,0.413,0.713,0.255,0.244,0.217,0.332,0.166,0.001,0.001,0.6,0.723,0.613,0.495,0.001,0.844,0.789,1.104,0.316,0.515,0.22,0.308,0.696,-0.787,-0.308,0.534,-0.018,0.001,0.154,0,0.001,0.001,0.001,0.001,0,0,0.001,0.072,0.001,0,0,0.001,0,0.001,0,0,0.001,0,0,0.001,0,0.012,0,0.001,0.001,0.001,0.001,0.001,0,0,0.001,0.001,0.001,0,0,0,0.001,0.034,0.001,0.001,0.001,0,13.47,0.295
11:25.4,2160,-0.433,-0.517,0.59,0.444,0.109,0.379,-0.577,-0.715,0.66,0.674,-0.09,-0.318,0.699,0.608,0.302,0.225,0.308,0.406,-0.721,-0.47,-0.257,0.692,0.193,0.646,0.001,0.022,0.088,0.001,0.114,0.001,0.021,0.034,0.001,0.322,0.548,0.277,0.071,0.077,0.226,0.352,0.076,0.001,0.405,0.679,0.338,0.001,0.017,0.41,0.716,0.256,0.239,0.201,0.3,0.123,0.001,0.001,0.602,0.725,0.601,0.479,0.001,0.846,0.79,1.112,0.33,0.515,0.223,0.327,0.723,-0.817,-0.183,0.545,0.041,0,0.148,0.001,0,0.001,0,0,0.001,0,0,0.073,0,0,0.001,0.001,0.001,0.001,0.001,0,0,0,0.001,0.001,0,0.011,0,0,0,0,0,0,0,0.001,0,0,0,0,0.001,0.001,0.001,0.029,0.001,0.001,0,0,13.194,0.277
11:25.4,2161,-0.43,-0.517,0.59,0.447,0.105,0.382,-0.574,-0.716,0.659,0.676,-0.093,-0.317,0.696,0.61,0.301,0.228,0.305,0.403,-0.722,-0.472,-0.255,0.694,0.192,0.644,0.001,0.013,0.044,0.001,0.089,0.001,0.022,0.033,0.001,0.282,0.505,0.234,0.065,0.089,0.238,0.353,0.081,0.001,0.365,0.669,0.288,0.002,0.02,0.407,0.719,0.261,0.25,0.161,0.27,0.088,0.001,0.001,0.602,0.725,0.587,0.473,0.001,0.845,0.79,1.125,0.342,0.518,0.222,0.336,0.742,-0.818,-0.168,0.548,0.044,0,0.16,0.001,0.001,0.001,0,0,0.001,0,0,0.09,0,0.001,0,0.001,0,0,0,0.001,0.001,0.001,0,0,0.001,0.011,0,0,0.001,0,0.001,0,0,0.001,0,0.001,0,0,0.001,0.001,0,0.006,0.001,0.001,0.001,0,12.863,0.286
11:25.4,2162,-0.427,-0.516,0.589,0.451,0.101,0.385,-0.572,-0.718,0.658,0.676,-0.095,-0.316,0.693,0.613,0.301,0.231,0.303,0.4,-0.724,-0.473,-0.254,0.696,0.192,0.643,0.001,0.007,0.004,0.001,0.084,0.001,0.023,0.034,0.001,0.236,0.488,0.176,0.055,0.096,0.263,0.35,0.085,0,0.338,0.645,0.247,0.001,0.018,0.403,0.723,0.269,0.274,0.139,0.201,0.072,0.001,0.001,0.601,0.726,0.578,0.468,0.001,0.842,0.792,1.123,0.357,0.515,0.222,0.352,0.756,-0.819,-0.148,0.552,0.047,0,0.161,0,0,0,0.001,0.001,0.001,0.001,0.001,0.092,0.001,0.001,0.001,0.001,0,0,0,0,0.001,0,0.001,0.001,0.001,0.01,0.001,0,0.001,0,0.001,0.001,0,0,0,0,0.001,0,0.001,0,0,0.004,0.001,0,0,0.001,12.57,0.288
11:25.4,2163,-0.424,-0.516,0.589,0.455,0.096,0.388,-0.569,-0.719,0.658,0.677,-0.095,-0.316,0.688,0.617,0.301,0.235,0.301,0.397,-0.727,-0.473,-0.255,0.699,0.193,0.64,0.001,0.001,0.001,0.001,0.083,0.001,0.024,0.035,0.001,0.226,0.465,0.134,0.044,0.096,0.269,0.352,0.09,0.001,0.289,0.601,0.212,0.001,0.01,0.4,0.725,0.272,0.289,0.117,0.16,0.062,0.001,0.001,0.598,0.728,0.567,0.479,0.001,0.842,0.79,1.128,0.371,0.515,0.222,0.363,0.766,-0.819,-0.148,0.552,0.047,0,0.161,0,0,0,0.001,0.001,0.001,0.001,0.001,0.092,0.001,0.001,0.001,0.001,0,0,0,0,0.001,0,0.001,0.001,0.001,0.01,0.001,0,0.001,0,0.001,0.001,0,0,0,0,0.001,0,0.001,0,0,0.004,0.001,0,0,0.001,12.335,0.288
11:25.4,2164,-0.421,-0.515,0.59,0.459,0.091,0.391,-0.567,-0.72,0.658,0.676,-0.095,-0.318,0.683,0.62,0.302,0.24,0.299,0.394,-0.73,-0.472,-0.257,0.7,0.195,0.637,0.001,0.001,0.001,0.001,0.077,0.001,0.024,0.037,0.001,0.215,0.419,0.088,0.033,0.096,0.277,0.343,0.092,0.001,0.27,0.525,0.156,0.001,0.001,0.405,0.729,0.276,0.298,0.099,0.111,0.031,0.001,0.001,0.593,0.73,0.567,0.468,0.001,0.84,0.795,1.131,0.398,0.516,0.223,0.37,0.795,-0.819,-0.148,0.552,0.047,0,0.161,0,0,0,0.001,0.001,0.001,0.001,0.001,0.092,0.001,0.001,0.001,0.001,0,0,0,0,0.001,0,0.001,0.001,0.001,0.01,0.001,0,0.001,0,0.001,0.001,0,0,0,0,0.001,0,0.001,0,0,0.004,0.001,0,0,0.001,12.039,0.288
11:25.4,2165,-0.417,-0.514,0.59,0.462,0.086,0.394,-0.564,-0.72,0.658,0.676,-0.094,-0.319,0.678,0.624,0.302,0.246,0.297,0.392,-0.732,-0.471,-0.26,0.702,0.199,0.633,0.001,0.002,0.001,0.001,0.073,0.001,0.028,0.038,0.001,0.197,0.372,0.051,0.016,0.099,0.281,0.343,0.098,0.001,0.236,0.449,0.12,0.001,0.001,0.425,0.73,0.277,0.306,0.063,0.071,0.026,0.001,0.001,0.586,0.73,0.551,0.48,0.001,0.828,0.792,1.143,0.418,0.512,0.225,0.377,0.812,-0.819,-0.148,0.552,0.047,0,0.161,0,0,0,0.001,0.001,0.001,0.001,0.001,0.092,0.001,0.001,0.001,0.001,0,0,0,0,0.001,0,0.001,0.001,0.001,0.01,0.001,0,0.001,0,0.001,0.001,0,0,0,0,0.001,0,0.001,0,0,0.004,0.001,0,0,0.001,11.766,0.288
11:25.4,2166,-0.414,-0.512,0.591,0.465,0.079,0.397,-0.562,-0.722,0.658,0.675,-0.095,-0.32,0.673,0.627,0.303,0.25,0.296,0.389,-0.735,-0.47,-0.269,0.703,0.208,0.625,0.001,0.001,0.001,0.001,0.073,0.001,0.028,0.039,0.001,0.17,0.303,0.034,0.022,0.095,0.287,0.341,0.11,0.001,0.194,0.38,0.088,0.001,0.001,0.441,0.733,0.27,0.316,0.043,0.05,0.001,0.001,0.001,0.578,0.731,0.547,0.498,0.001,0.827,0.792,1.151,0.443,0.508,0.226,0.38,0.813,-0.819,-0.148,0.552,0.047,0,0.161,0,0,0,0.001,0.001,0.001,0.001,0.001,0.092,0.001,0.001,0.001,0.001,0,0,0,0,0.001,0,0.001,0.001,0.001,0.01,0.001,0,0.001,0,0.001,0.001,0,0,0,0,0.001,0,0.001,0,0,0.004,0.001,0,0,0.001,11.524,0.288
11:25.4,2167,-0.412,-0.511,0.592,0.468,0.073,0.399,-0.559,-0.723,0.659,0.674,-0.096,-0.319,0.668,0.63,0.303,0.255,0.295,0.387,-0.737,-0.469,-0.274,0.704,0.214,0.619,0.001,0.001,0.001,0.001,0.095,0.001,0.032,0.039,0.001,0.123,0.256,0.001,0.029,0.089,0.291,0.343,0.118,0.001,0.173,0.32,0.07,0.001,0.001,0.46,0.736,0.271,0.319,0.011,0.017,0.001,0.001,0.001,0.56,0.73,0.535,0.501,0.001,0.822,0.788,1.159,0.481,0.507,0.225,0.382,0.821,-0.819,-0.148,0.552,0.047,0,0.161,0,0,0,0.001,0.001,0.001,0.001,0.001,0.092,0.001,0.001,0.001,0.001,0,0,0,0,0.001,0,0.001,0.001,0.001,0.01,0.001,0,0.001,0,0.001,0.001,0,0,0,0,0.001,0,0.001,0,0,0.004,0.001,0,0,0.001,11.317,0.288
11:25.5,2168,-0.41,-0.51,0.593,0.47,0.066,0.401,-0.557,-0.725,0.66,0.673,-0.099,-0.317,0.664,0.633,0.302,0.258,0.294,0.385,-0.738,-0.469,-0.273,0.708,0.212,0.616,0.001,0.001,0.001,0.001,0.094,0.001,0.033,0.04,0.001,0.096,0.193,0.001,0.027,0.092,0.293,0.343,0.128,0.001,0.149,0.245,0.018,0.001,0.001,0.476,0.737,0.27,0.325,0.001,0.011,0.001,0.001,0.001,0.56,0.731,0.531,0.502,0.001,0.813,0.789,1.162,0.52,0.498,0.227,0.379,0.819,-0.821,-0.047,0.567,0.048,0,0.162,0.001,0,0.001,0.001,0.001,0.001,0,0,0.092,0.001,0.001,0,0,0.001,0.001,0,0,0.001,0.001,0.001,0.001,0,0.011,0,0.001,0,0,0,0.001,0.001,0,0,0.001,0.001,0,0.001,0,0.001,0.004,0.001,0,0,0,11.116,0.29
11:25.5,2169,-0.409,-0.508,0.594,0.471,0.06,0.402,-0.554,-0.726,0.662,0.673,-0.102,-0.314,0.661,0.636,0.301,0.26,0.294,0.383,-0.74,-0.469,-0.273,0.711,0.212,0.613,0.001,0.001,0.001,0.001,0.095,0.001,0.037,0.042,0.001,0.084,0.126,0.001,0.024,0.077,0.3,0.348,0.133,0.001,0.128,0.212,0.016,0.001,0.001,0.479,0.736,0.271,0.341,0.001,0.007,0.001,0.001,0.001,0.562,0.728,0.524,0.504,0.001,0.806,0.785,1.175,0.54,0.485,0.226,0.374,0.817,-0.821,-0.047,0.567,0.048,0,0.162,0.001,0,0.001,0.001,0.001,0.001,0,0,0.092,0.001,0.001,0,0,0.001,0.001,0,0,0.001,0.001,0.001,0.001,0,0.011,0,0.001,0,0,0,0.001,0.001,0,0,0.001,0.001,0,0.001,0,0.001,0.004,0.001,0,0,0,10.997,0.29
11:25.5,2170,-0.408,-0.505,0.596,0.472,0.055,0.402,-0.552,-0.728,0.663,0.673,-0.105,-0.31,0.658,0.639,0.3,0.261,0.293,0.382,-0.741,-0.469,-0.273,0.711,0.212,0.613,0.001,0.001,0.001,0.001,0.095,0.001,0.037,0.042,0.001,0.084,0.126,0.001,0.024,0.077,0.3,0.348,0.133,0.001,0.128,0.212,0.016,0.001,0.001,0.479,0.736,0.271,0.341,0.001,0.007,0.001,0.001,0.001,0.562,0.728,0.524,0.504,0.001,0.806,0.785,1.175,0.54,0.485,0.226,0.374,0.817,-0.821,-0.047,0.567,0.048,0,0.162,0.001,0,0.001,0.001,0.001,0.001,0,0,0.092,0.001,0.001,0,0,0.001,0.001,0,0,0.001,0.001,0.001,0.001,0,0.011,0,0.001,0,0,0,0.001,0.001,0,0,0.001,0.001,0,0.001,0,0.001,0.004,0.001,0,0,0,10.997,0.29
11:25.5,2171,-0.409,-0.503,0.597,0.472,0.05,0.402,-0.551,-0.73,0.663,0.675,-0.109,-0.304,0.656,0.642,0.297,0.261,0.294,0.38,-0.741,-0.469,-0.273,0.711,0.212,0.613,0.001,0.001,0.001,0.001,0.095,0.001,0.037,0.042,0.001,0.084,0.126,0.001,0.024,0.077,0.3,0.348,0.133,0.001,0.128,0.212,0.016,0.001,0.001,0.479,0.736,0.271,0.341,0.001,0.007,0.001,0.001,0.001,0.562,0.728,0.524,0.504,0.001,0.806,0.785,1.175,0.54,0.485,0.226,0.374,0.817,-0.821,-0.047,0.567,0.048,0,0.162,0.001,0,0.001,0.001,0.001,0.001,0,0,0.092,0.001,0.001,0,0,0.001,0.001,0,0,0.001,0.001,0.001,0.001,0,0.011,0,0.001,0,0,0,0.001,0.001,0,0,0.001,0.001,0,0.001,0,0.001,0.004,0.001,0,0,0,10.997,0.29
11:25.5,2172,-0.409,-0.501,0.599,0.472,0.045,0.403,-0.549,-0.731,0.663,0.677,-0.113,-0.298,0.655,0.645,0.294,0.261,0.294,0.378,-0.741,-0.47,-0.273,0.711,0.212,0.613,0.001,0.001,0.001,0.001,0.095,0.001,0.037,0.042,0.001,0.084,0.126,0.001,0.024,0.077,0.3,0.348,0.133,0.001,0.128,0.212,0.016,0.001,0.001,0.479,0.736,0.271,0.341,0.001,0.007,0.001,0.001,0.001,0.562,0.728,0.524,0.504,0.001,0.806,0.785,1.175,0.54,0.485,0.226,0.374,0.817,-0.821,-0.047,0.567,0.048,0,0.162,0.001,0,0.001,0.001,0.001,0.001,0,0,0.092,0.001,0.001,0,0,0.001,0.001,0,0,0.001,0.001,0.001,0.001,0,0.011,0,0.001,0,0,0,0.001,0.001,0,0,0.001,0.001,0,0.001,0,0.001,0.004,0.001,0,0,0,10.997,0.29
11:25.5,2173,-0.409,-0.5,0.6,0.473,0.04,0.403,-0.547,-0.732,0.661,0.681,-0.118,-0.292,0.654,0.647,0.292,0.26,0.295,0.376,-0.741,-0.471,-0.273,0.711,0.212,0.613,0.001,0.001,0.001,0.001,0.095,0.001,0.037,0.042,0.001,0.084,0.126,0.001,0.024,0.077,0.3,0.348,0.133,0.001,0.128,0.212,0.016,0.001,0.001,0.479,0.736,0.271,0.341,0.001,0.007,0.001,0.001,0.001,0.562,0.728,0.524,0.504,0.001,0.806,0.785,1.175,0.54,0.485,0.226,0.374,0.817,-0.821,-0.047,0.567,0.048,0,0.162,0.001,0,0.001,0.001,0.001,0.001,0,0,0.092,0.001,0.001,0,0,0.001,0.001,0,0,0.001,0.001,0.001,0.001,0,0.011,0,0.001,0,0,0,0.001,0.001,0,0,0.001,0.001,0,0.001,0,0.001,0.004,0.001,0,0,0,10.997,0.29
11:25.5,2174,-0.409,-0.498,0.6,0.474,0.036,0.404,-0.545,-0.734,0.659,0.685,-0.124,-0.285,0.656,0.645,0.294,0.26,0.296,0.373,-0.741,-0.474,-0.273,0.711,0.212,0.613,0.001,0.001,0.001,0.001,0.095,0.001,0.037,0.042,0.001,0.084,0.126,0.001,0.024,0.077,0.3,0.348,0.133,0.001,0.128,0.212,0.016,0.001,0.001,0.479,0.736,0.271,0.341,0.001,0.007,0.001,0.001,0.001,0.562,0.728,0.524,0.504,0.001,0.806,0.785,1.175,0.54,0.485,0.226,0.374,0.817,-0.821,-0.047,0.567,0.048,0,0.162,0.001,0,0.001,0.001,0.001,0.001,0,0,0.092,0.001,0.001,0,0,0.001,0.001,0,0,0.001,0.001,0.001,0.001,0,0.011,0,0.001,0,0,0,0.001,0.001,0,0,0.001,0.001,0,0.001,0,0.001,0.004,0.001,0,0,0,10.997,0.29
