"Time,s",Activities,Activity Names,"Hip Flexion LT,deg","Hip Flexion RT,deg","Hip Abduction LT,deg","Hip Abduction RT,deg","Hip Rotation Ext LT,deg","Hip Rotation Ext RT,deg","Knee Flexion LT,deg","Knee Flexion RT,deg","Ankle Dorsiflexion LT,deg","Ankle Dorsiflexion RT,deg","Ankle Inversion LT,deg","Ankle Inversion RT,deg","Ankle Abduction LT,deg","Ankle Abduction RT,deg","Pelvic Tilt LT,deg","Pelvic Tilt RT,deg","Pelvic Obliquity LT,deg","Pelvic Obliquity RT,deg","Pelvic Rotation LT,deg","Pelvic Rotation RT,deg","Foot Pitch Down LT,deg","Foot Pitch Down RT,deg","Foot Roll Med LT,deg","Foot Roll Med RT,deg","Foot Rotation Ext LT,deg","Foot Rotation Ext RT,deg","Pelvis Accel Sensor X,mG","Pelvis Accel Sensor Y,mG","Pelvis Accel Sensor Z,mG","Thigh Accel Sensor X LT,mG","Thigh Accel Sensor Y LT,mG","Thigh Accel Sensor Z LT,mG","Shank Accel Sensor X LT,mG","Shank Accel Sensor Y LT,mG","Shank Accel Sensor Z LT,mG","Foot Accel Sensor X LT,mG","Foot Accel Sensor Y LT,mG","Foot Accel Sensor Z LT,mG","Thigh Accel Sensor X RT,mG","Thigh Accel Sensor Y RT,mG","Thigh Accel Sensor Z RT,mG","Shank Accel Sensor X RT,mG","Shank Accel Sensor Y RT,mG","Shank Accel Sensor Z RT,mG","Foot Accel Sensor X RT,mG","Foot Accel Sensor Y RT,mG","Foot Accel Sensor Z RT,mG","Pelvis Rot X,","Pelvis Rot Y,","Pelvis Rot Z,","LT Thigh Rot X,","LT Thigh Rot Y,","LT Thigh Rot Z,","LT Shank Rot X,","LT Shank Rot Y,","LT Shank Rot Z,","LT Foot Rot X,","LT Foot Rot Y,","LT Foot Rot Z,","RT Thigh Rot X,","RT Thigh Rot Y,","RT Thigh Rot Z,","RT Shank Rot X,","RT Shank Rot Y,","RT Shank Rot Z,","RT Foot Rot X,","RT Foot Rot Y,","RT Foot Rot Z,",,,,,,,,,,,,,,,,,,,,,
27.52,0,,14.3806,2.73638,1.74848,-2.6201,-3.61219,-3.47732,24.9331,-0.162765,12.3331,1.25823,6.68707,-2.36276,-1.87353,8.19393,3.56233,3.56233,2.02425,-2.02425,5.65257,-5.65257,1.93256,-0.122021,-3.15527,-4.55402,0.575876,-0.707241,145.003,-3.3457,2.36555,149.269,10.7384,4.84632,147.415,-14.1228,3.72291,150.084,-1.93101,-3.13635,141.651,-0.308646,5.00954,141.667,-0.144849,6.82654,149.95,0.122021,4.55212,43.9306,-31.2416,-21.9731,229.988,97.1701,44.44,529.791,62.0081,32.7121,-21.9585,21.8845,-3.98959,-47.3583,-12.2208,-21.4744,6.36336,28.8004,-39.0716,-0.429107,-10.2462,12.2638,-0.302755,-0.563637,-0.342187,0.676862,0.060856,0.732408,-0.681382,-0.0306418,-0.695299,0.101692,0.00439484,0.903994,0.350787,-0.682714,0.30275,0.170056,-0.746756,0.186536,0.0126347,-0.124516,0.737271
27.53,0,,15.7386,2.76158,1.80937,-2.67997,-2.96976,-3.38627,27.3427,-0.200157,13.402,1.2571,6.49807,-2.42654,-2.32114,8.09836,3.63344,3.63344,2.02036,-2.02036,5.75901,-5.75901,1.96098,-0.105476,-2.93537,-4.60059,0.928904,-0.814398,145.003,-3.41233,2.37482,148.692,12.0765,4.8753,146.641,-15.1858,3.80193,149.842,-1.96071,-2.90324,141.744,-0.354085,5.08014,141.766,-0.155411,6.94004,149.955,0.105476,4.59974,48.3474,-33.2078,-20.9934,261.707,47.8627,71.7803,566.393,230.436,-27.8254,-21.0038,72.6566,61.9437,-29.2995,-39.0459,-61.03,20.4944,-5.38978,-27.8337,2.36009,-4.35111,-14.1149,-0.302507,-0.563263,-0.342426,0.671243,0.0621985,0.736799,-0.68241,-0.0284439,-0.690955,0.100713,0.00280775,0.90501,0.35048,-0.683381,0.301833,0.169687,-0.747478,0.185618,0.0126346,-0.124942,0.737203
27.54,0,,17.1342,2.76438,1.87487,-2.75273,-2.25909,-3.32266,29.75,-0.241948,14.3571,1.2729,6.11535,-2.502,-2.82434,8.02413,3.69045,3.69045,2.03052,-2.03052,5.86685,-5.86685,2.0503,-0.107544,-2.45849,-4.63839,1.29738,-0.923504,145.014,-3.46367,2.39733,148.055,13.4743,4.88118,145.789,-16.1894,3.95507,149.59,-2.04984,-2.41223,141.821,-0.402097,5.17766,141.843,-0.162956,7.05355,149.966,0.107544,4.63616,50.7936,-28.3286,-42.4766,291.011,16.1148,73.7373,481.432,323.238,52.7187,-43.4396,38.0791,117.168,-21.4986,-53.726,-63.9543,11.2346,-19.0494,-39.0716,-5.79294,5.33362,0.462785,-0.302257,-0.563008,-0.342725,0.665144,0.0637249,0.741382,-0.682899,-0.026857,-0.686867,0.0988831,-0.000915584,0.906184,0.35036,-0.684118,0.30098,0.169447,-0.748167,0.184829,0.0125127,-0.125249,0.737149
27.55,0,,18.5748,2.75505,1.97158,-2.82119,-1.65666,-3.27527,32.162,-0.292537,15.166,1.26162,5.51259,-2.54423,-3.17633,7.95842,3.74112,3.74112,2.05691,-2.05691,5.97609,-5.97609,2.23503,-0.0930671,-1.78519,-4.68564,1.72542,-1.04235,145.025,-3.50664,2.43528,147.533,14.915,4.93099,145.037,-17.1496,4.09282,149.283,-2.23403,-1.71739,141.881,-0.45268,5.28649,141.909,-0.161447,7.14577,149.966,0.093067,4.68378,56.6375,-13.1812,-85.4431,303.714,1.48182,62.0146,419.445,358.432,32.2521,-106.928,33.2645,133.336,-11.7321,-42.4889,-57.1236,-0.482738,10.2447,-12.684,-10.2986,-4.91254,10.1813,-0.30196,-0.562841,-0.3431,0.658431,0.0656783,0.746267,-0.683443,-0.0249645,-0.682893,0.0967429,-0.00653091,0.907613,0.350486,-0.684796,0.300312,0.169196,-0.748747,0.184211,0.0125131,-0.12568,0.737111
27.56,0,,20.062,2.75785,2.10616,-2.87246,-1.28486,-3.24284,34.567,-0.334328,15.5898,1.24695,4.92198,-2.56759,-3.23131,7.91491,3.801,3.801,2.08849,-2.08849,6.08533,-6.08533,2.75471,-0.066181,-1.21442,-4.74301,2.26158,-1.1573,145.03,-3.55827,2.47986,147.253,16.3752,5.06502,144.515,-18.0826,4.16764,148.86,-2.75292,-1.10589,141.925,-0.499834,5.38478,141.958,-0.167482,7.22988,149.972,0.0661809,4.74121,46.8864,-9.27295,-97.1644,269.54,-8.77976,36.1372,385.253,311.507,3.39194,-228.416,20.5714,206.619,4.88324,-33.6733,-44.4443,18.0807,14.647,-14.6518,-1.50187,3.3686,-3.0081,-0.301589,-0.562648,-0.343522,0.651203,0.0683004,0.751365,-0.684363,-0.0220959,-0.679053,0.0974165,-0.0131231,0.909159,0.350728,-0.685341,0.299822,0.169077,-0.749249,0.183665,0.0125738,-0.126226,0.737032
27.57,0,,21.5971,2.75225,2.23357,-2.89538,-1.15543,-3.16301,36.9953,-0.378318,15.3873,1.25372,4.57909,-2.62598,-2.97135,7.83299,3.85916,3.85916,2.13586,-2.13586,6.19318,-6.19318,3.86309,-0.0579084,-1.00934,-4.77001,2.91469,-1.25667,145.019,-3.60615,2.53988,147.215,17.8672,5.27059,144.218,-19.0075,4.18093,148.3,-3.86003,-0.813087,141.991,-0.556419,5.46943,142.035,-0.181062,7.31805,149.966,0.0579083,4.76922,40.533,8.30196,-101.556,214.829,-18.0782,32.7172,354.966,191.89,-131.826,-293.575,79.0031,235.806,18.5502,-38.5919,-34.1759,24.8829,29.2941,-33.1919,-19.9535,10.8076,-10.644,-0.301036,-0.562581,-0.343885,0.643594,0.0720259,0.756516,-0.685661,-0.0181288,-0.675345,0.103948,-0.0202036,0.910626,0.35104,-0.685783,0.29934,0.168831,-0.74979,0.182931,0.0125739,-0.126472,0.737039
27.58,0,,23.1473,2.75505,2.3528,-2.90769,-1.1919,-3.04702,39.3724,-0.400313,14.4209,1.24243,4.57842,-2.64215,-2.50282,7.72122,3.91127,3.91127,2.18149,-2.18149,6.30242,-6.30242,5.66371,-0.026886,-1.23295,-4.81861,3.66046,-1.35798,145.003,-3.64826,2.59791,147.347,19.3635,5.52144,144.081,-19.8714,4.18303,147.636,-5.6524,-0.870521,142.096,-0.602716,5.54042,142.139,-0.205203,7.389,149.961,0.026886,4.81825,46.3768,31.2416,-104.495,152.325,-49.789,43.452,264.646,41.9672,-208.978,-307.18,126.93,343.315,15.1411,-30.2682,-8.79511,9.25979,21.4768,-26.8617,-35.1868,8.84257,-11.3382,-0.300503,-0.56255,-0.344208,0.635879,0.076906,0.761492,-0.686933,-0.0136117,-0.6721,0.117192,-0.0279552,0.911655,0.351215,-0.686194,0.298905,0.168401,-0.750267,0.182012,0.0126957,-0.126957,0.737022
27.59,0,,24.6764,2.74851,2.43058,-2.89223,-1.30486,-2.86368,41.6659,-0.444304,12.8131,1.20745,4.57437,-2.63227,-1.9548,7.55056,3.96857,3.96857,2.23578,-2.23578,6.41446,-6.41446,8.05302,0.0186134,-1.56034,-4.89151,4.42388,-1.4515,144.986,-3.69383,2.66522,147.566,20.8292,5.77456,144.043,-20.6823,4.14317,146.939,-8.02903,-0.934712,142.26,-0.669589,5.59268,142.315,-0.229345,7.46095,149.955,-0.0186134,4.89248,57.1131,52.7247,-117.668,119.631,-106.431,53.2178,127.919,-91.8251,-254.395,-290.473,172.888,431.086,4.88324,-27.3549,13.1927,9.25979,51.7584,-10.7399,1.50187,14.1762,13.6521,-0.299884,-0.562535,-0.344565,0.628398,0.0828301,0.766041,-0.68835,-0.00897291,-0.669,0.134716,-0.0382723,0.912005,0.351334,-0.686554,0.298292,0.167553,-0.750845,0.180737,0.0128787,-0.127688,0.736953
27.6,0,,26.1605,2.73731,2.4664,-2.8696,-1.41664,-2.60051,43.7897,-0.494893,10.6178,1.1973,4.4036,-2.58286,-1.3799,7.30738,4.04026,4.04026,2.29288,-2.29288,6.5279,-6.5279,10.9295,0.0496358,-1.81484,-5.0076,5.19613,-1.53528,144.959,-3.75353,2.73759,147.786,22.2353,5.99915,144.037,-21.3873,4.06695,146.198,-10.883,-0.813087,142.502,-0.763898,5.64222,142.557,-0.271593,7.53594,149.955,-0.0496357,5.00874,62.5153,53.72,-113.767,113.279,-138.179,33.6862,19.0279,-137.214,-320.337,-368.759,247.076,598.649,10.7493,-28.3386,22.4566,44.9385,54.6795,-41.9877,6.86571,0,-4.39645,-0.299152,-0.562474,-0.344931,0.621362,0.089542,0.770049,-0.689794,-0.00494411,-0.666112,0.154859,-0.0519453,0.911577,0.351393,-0.686976,0.297374,0.166329,-0.751502,0.178964,0.0128181,-0.128731,0.73686
27.61,0,,27.5831,2.73918,2.48379,-2.85012,-1.50841,-2.30616,45.7323,-0.527886,7.65863,1.24469,4.1282,-2.52087,-0.88507,7.04201,4.12347,4.12347,2.33116,-2.33116,6.64135,-6.64135,14.478,0.039295,-2.0681,-5.11425,5.89336,-1.60737,144.921,-3.8265,2.79276,147.973,23.5678,6.18479,144.026,-21.983,3.97605,145.485,-14.4004,-0.549566,142.76,-0.86335,5.67616,142.82,-0.339491,7.58358,149.961,-0.0392949,5.11519,58.6081,52.2392,-83.0114,68.856,-113.766,-8.30281,-57.6239,-143.08,-260.719,-614.838,242.699,1209.9,14.6497,-43.9267,19.0412,36.6003,-26.3729,-52.7276,-4.93473,-9.26365,0.462785,-0.298428,-0.562307,-0.345185,0.614852,0.0969309,0.773494,-0.691145,-0.00164805,-0.663494,0.179147,-0.0695225,0.90953,0.351226,-0.687435,0.296228,0.165048,-0.751994,0.177012,0.0124517,-0.129583,0.736784
27.62,0,,28.9157,2.70465,2.42955,-2.80257,-1.40722,-2.00058,47.5401,-0.558679,3.51177,1.28983,3.75494,-2.47865,-0.843237,6.76982,4.1845,4.1845,2.39043,-2.39043,6.75479,-6.75479,19.1653,0.0454995,-2.36337,-5.19457,6.28169,-1.67556,144.882,-3.87438,2.86624,147.956,24.8588,6.23596,143.856,-22.4953,3.95087,145.002,-19.0467,-0.18469,143.024,-0.974805,5.70034,143.089,-0.420968,7.62614,149.972,-0.0454994,5.19642,42.4696,48.8165,-77.6406,4.40335,-68.8304,-57.6257,-146.49,-237.279,-151.832,-674.746,524.353,1707.13,10.2579,-66.8926,21.0056,-4.38853,-103.023,-46.3975,-12.2295,-3.3686,12.2638,-0.297681,-0.562341,-0.345474,0.608967,0.105167,0.77627,-0.691988,0.000366228,-0.661103,0.21089,-0.0931458,0.903869,0.350852,-0.687969,0.294757,0.163771,-0.752444,0.174942,0.0122691,-0.13026,0.736695
27.63,0,,30.2032,2.66732,2.32875,-2.77221,-1.1319,-1.70873,49.341,-0.580674,-1.80777,1.31691,2.81333,-2.41396,-1.19225,6.49166,4.23604,4.23604,2.44277,-2.44277,6.86403,-6.86403,25.0665,0.0682492,-2.31642,-5.28974,6.35891,-1.76128,144.86,-3.91389,2.93178,147.758,26.1318,6.14404,143.548,-23.0203,3.95786,144.722,-24.9031,0.648668,143.299,-1.0794,5.73233,143.364,-0.503955,7.66364,149.972,-0.0682491,5.29167,30.748,50.7827,-85.933,-56.6591,-31.7479,-83.0091,-229.498,-269.54,-142.576,-192.853,754.359,1285.7,4.39185,-87.3993,8.30402,-15.6232,-127.915,-49.3136,3.00375,2.94752,6.94177,-0.297081,-0.56236,-0.345791,0.603606,0.114202,0.778419,-0.692659,0.0017701,-0.658478,0.24862,-0.125745,0.893275,0.350178,-0.688697,0.293046,0.162487,-0.752861,0.172864,0.0122077,-0.131111,0.736615
27.64,0,,31.4278,2.62252,2.15579,-2.73927,-0.781268,-1.47674,51.1116,-0.585073,-6.4372,1.36544,0.153896,-2.3403,-1.03926,6.26554,4.28182,4.28182,2.50333,-2.50333,6.97328,-6.97328,30.2978,0.0889308,-0.643656,-5.39368,6.79358,-1.8548,144.849,-3.9462,3.00504,147.495,27.3576,5.93711,143.279,-23.5743,3.83969,143.981,-30.0643,3.31091,143.518,-1.17971,5.77016,143.589,-0.599012,7.70012,149.977,-0.0889306,5.39672,27.3504,49.8118,-57.6094,-78.5979,25.3761,-91.8059,-227.546,-251.454,-234.389,1760.26,-504.438,664.583,-6.35743,-105.939,-27.8363,4.38853,-117.176,-82.5292,9.86946,0,10.644,-0.296526,-0.56241,-0.346211,0.598895,0.123661,0.77987,-0.694074,0.00311299,-0.655131,0.273395,-0.166698,0.8822,0.349271,-0.68957,0.2911,0.161575,-0.75318,0.170975,0.0120858,-0.132028,0.736502
27.65,0,,32.6027,2.57306,1.9373,-2.7175,-0.256501,-1.28965,52.8381,-0.569677,-6.95977,1.44894,-2.34692,-2.24956,-0.264744,6.06673,4.32788,4.32788,2.56259,-2.56259,7.08252,-7.08252,31.4204,0.0951352,1.28731,-5.50168,7.89017,-1.96391,144.855,-3.97879,3.07698,147.033,28.5488,5.57261,142.933,-24.1267,3.65508,142.724,-31.0902,6.08238,143.711,-1.27916,5.81814,143.776,-0.713685,7.7214,149.983,-0.0951351,5.50457,11.7216,29.2996,-76.6609,-81.5594,41.0093,-80.5581,-177.234,-219.752,-224.098,699.33,-518.006,-1246.64,-7.30951,-128.413,-38.0824,3.42305,-89.3634,-91.3013,0,-11.2287,-3.0081,-0.296043,-0.56242,-0.346706,0.594651,0.132823,0.780823,-0.695858,0.00372345,-0.651176,0.269855,-0.188245,0.881346,0.348218,-0.690577,0.288951,0.160958,-0.753335,0.169198,0.0118413,-0.13294,0.736417
27.66,0,,33.6982,2.52079,1.68963,-2.69916,0.562419,-1.1113,54.4275,-0.547681,-4.42065,1.55163,-3.75359,-2.17948,0.39861,5.88754,4.36963,4.36963,2.62489,-2.62489,7.19176,-7.19176,29.4026,0.0909989,2.49185,-5.59888,9.15666,-2.06132,144.86,-4.00677,3.15157,146.226,29.6872,4.9885,142.34,-24.6052,3.50264,141.577,-28.9909,7.61621,143.892,-1.3769,5.87158,143.957,-0.832884,7.75079,149.999,-0.0909988,5.60261,26.3651,20.9976,-94.7327,-53.6975,13.6698,-67.8664,-181.139,-198.244,-148.9,-902.923,426.748,1246.64,-6.84883,-159.173,-43.4621,-19.0462,-85.9485,-48.8394,-1.50187,-12.2112,9.71848,-0.295549,-0.562471,-0.347188,0.590791,0.140938,0.781475,-0.697353,0.00250254,-0.646997,0.249949,-0.187751,0.889133,0.347127,-0.69163,0.28676,0.160466,-0.753499,0.167424,0.0115359,-0.133731,0.736285
27.67,0,,34.7381,2.47319,1.4256,-2.66594,1.6249,-0.917973,55.831,-0.503691,-3.50177,1.65996,-4.69114,-2.1157,0.79722,5.67764,4.42577,4.42577,2.70513,-2.70513,7.3024,-7.3024,28.9154,0.109612,3.0132,-5.68932,10.3525,-2.17628,144.877,-4.04628,3.24601,145.144,30.7647,4.22779,141.549,-24.9585,3.45299,140.403,-28.4007,8.68269,144.106,-1.48236,5.92931,144.165,-0.98226,7.78221,150.016,-0.107544,5.69366,35.1648,-2.45175,-111.825,-11.7293,43.9359,-31.2543,-131.368,-88.4035,-124.984,-535.119,351.028,630.776,-4.88324,-160.156,-33.6848,-28.7887,-102.529,-24.8939,-3.86196,-11.6497,12.7266,-0.294997,-0.562467,-0.347918,0.587188,0.148018,0.781961,-0.698108,-0.000366237,-0.643234,0.242877,-0.190505,0.893194,0.346025,-0.692721,0.284498,0.159925,-0.75366,0.165296,0.0114142,-0.134529,0.736124
27.68,0,,35.7346,2.45546,1.12574,-2.60492,2.71444,-0.695963,57.0277,-0.41351,-2.77666,1.79087,-4.62094,-2.08156,1.12352,5.45494,4.48825,4.48825,2.79575,-2.79575,7.41164,-7.41164,28.483,0.126158,2.59068,-5.75749,11.5043,-2.27369,144.877,-4.09041,3.35149,143.996,31.7769,3.3797,140.72,-25.1641,3.46698,139.261,-27.86,8.76602,144.331,-1.56638,5.9687,144.379,-1.15578,7.82173,150.027,-0.124089,5.76229,44.4402,-12.6957,-89.3619,43.449,11.2248,34.1802,-85.9581,-2.93282,-111.301,-377.829,753.921,-109.819,14.1583,-144.039,-21.0056,-4.87126,-116.683,-15.6239,-6.4366,-9.82508,-13.1894,-0.294262,-0.562522,-0.348585,0.583778,0.154002,0.782338,-0.698293,-0.00408965,-0.640244,0.24049,-0.186471,0.897749,0.344812,-0.693713,0.282429,0.159493,-0.753822,0.162972,0.0113533,-0.13514,0.736008
27.69,0,,36.6815,2.43493,0.832537,-2.51698,3.74632,-0.455245,58.0431,-0.301335,-1.53648,1.93869,-4.71476,-2.05102,1.20181,5.22968,4.54497,4.54497,2.90347,-2.90347,7.52229,-7.52229,27.3868,0.144771,2.53138,-5.80879,12.3957,-2.35552,144.866,-4.12617,3.47374,142.886,32.7268,2.54881,139.945,-25.2427,3.51173,138.493,-26.6954,8.87751,144.562,-1.64868,5.9964,144.594,-1.35042,7.84808,150.043,-0.144771,5.81551,52.2546,-17.0894,-90.8139,72.7527,-15.6332,32.7172,-98.131,71.7842,-22.4788,-709.355,928.122,115.278,16.1239,-162.616,-10.7372,5.354,-127.421,-0.497878,-9.2258,-1.40358,-9.25569,-0.293407,-0.562704,-0.349256,0.580284,0.15882,0.782867,-0.698117,-0.00817939,-0.637992,0.232802,-0.180919,0.902764,0.343715,-0.694572,0.280539,0.159126,-0.753878,0.160529,0.0113531,-0.135626,0.735874
27.7,0,,37.6284,2.42746,0.545473,-2.4004,4.69231,-0.210784,58.9796,-0.160565,-0.390057,2.10683,-5.08128,-2.01688,1.06376,5.01039,4.59938,4.59938,3.03324,-3.03324,7.63293,-7.63293,26.2885,0.153044,2.81059,-5.87291,13.0025,-2.42761,144.838,-4.15588,3.61739,141.864,33.66,1.7623,139.242,-25.2476,3.55089,138.037,-25.5646,9.15229,144.782,-1.71127,6.01629,144.802,-1.5511,7.88254,150.054,-0.153043,5.87994,60.069,-4.87922,-89.8517,79.1045,-14.1513,-41.0201,-177.733,163.12,72.7254,-774.991,797.909,325.257,19.533,-151.379,7.81292,-12.6828,-149.885,21.4799,1.07277,5.89505,8.33012,-0.292376,-0.563022,-0.349936,0.576449,0.162668,0.783675,-0.697845,-0.0122686,-0.636197,0.224072,-0.177439,0.906605,0.342608,-0.695349,0.278884,0.158882,-0.753943,0.158089,0.0112312,-0.136178,0.735764
27.71,0,,38.5498,2.4116,0.304462,-2.26577,5.47829,-0.0112252,59.7975,0,0.591337,2.2998,-5.20683,-1.98723,0.886863,4.83547,4.64861,4.64861,3.17231,-3.17231,7.74357,-7.74357,25.2492,0.159248,2.87854,-5.92961,13.4349,-2.49775,144.816,-4.17896,3.76965,141.024,34.5628,1.10347,138.704,-25.1608,3.5383,137.774,-24.5129,9.13202,144.963,-1.77128,6.0276,144.961,-1.76988,7.91294,150.071,-0.159248,5.93597,48.3474,2.45175,-87.4025,29.3037,29.3029,-88.386,-277.816,263.185,111.301,-705.536,784.56,273.392,22.4506,-144.039,22.4566,-6.8461,-151.86,17.0938,-8.36759,0.421075,-3.47088,-0.291341,-0.563393,-0.350671,0.572229,0.165168,0.784885,-0.697722,-0.016114,-0.634914,0.216867,-0.172493,0.909891,0.341699,-0.695972,0.277425,0.159006,-0.753892,0.155771,0.0111089,-0.136664,0.73563
27.72,0,,39.4411,2.42746,0.0644743,-2.11911,6.14895,0.124725,60.4714,0.191359,1.6715,2.49615,-5.27365,-1.97016,0.621521,4.73051,4.70649,4.70649,3.32263,-3.32263,7.85281,-7.85281,23.9906,0.171657,2.92301,-5.98293,13.6511,-2.56399,144.8,-4.20866,3.93471,140.326,35.4169,0.514834,138.341,-24.9794,3.42222,137.774,-23.2731,8.91805,145.089,-1.80043,6.04125,145.066,-1.99017,7.95247,150.098,-0.171657,5.99059,47.3621,26.3624,-78.1304,-35.1489,46.8624,-79.0952,-334.941,356.477,130.388,-757.329,832.049,55.6443,6.35743,-115.246,41.0067,-15.1404,-120.591,14.6518,-9.2258,-6.31612,7.40455,-0.290237,-0.563749,-0.351519,0.56795,0.16657,0.786218,-0.698023,-0.0198982,-0.633934,0.20869,-0.165841,0.912951,0.340772,-0.696559,0.276255,0.159551,-0.753807,0.153752,0.0110477,-0.137151,0.735438
27.73,0,,40.277,2.43866,-0.204168,-1.96844,6.66666,0.236977,60.964,0.389316,2.80666,2.70266,-5.58482,-1.94411,0.305382,4.65201,4.76551,4.76551,3.47382,-3.47382,7.96486,-7.96486,22.5351,0.188202,3.22693,-6.04368,13.6335,-2.62634,144.772,-4.23866,4.10043,139.799,36.2032,-0.0099616,138.188,-24.6871,3.17258,138.026,-21.8669,8.81332,145.183,-1.8313,6.05218,145.132,-2.21801,7.99098,150.115,-0.188202,6.05222,41.9939,22.9396,-81.052,-62.9718,36.6379,-42.483,-375.989,442.855,135.735,-851.607,701.617,-119.058,-21.0072,-95.2312,56.1414,-28.7887,-84.4673,9.76789,3.00375,0.421075,3.47088,-0.289082,-0.564126,-0.352319,0.563944,0.167248,0.78741,-0.6989,-0.0235612,-0.633283,0.198443,-0.159743,0.915486,0.339987,-0.697065,0.275164,0.16035,-0.753651,0.151866,0.0109869,-0.137703,0.735269
27.74,0,,41.0573,2.44986,-0.50863,-1.81692,6.9867,0.333015,61.28,0.591672,3.82931,2.93174,-6.00398,-1.93243,0.0191237,4.60167,4.8251,4.8251,3.62587,-3.62587,8.0755,-8.0755,21.0633,0.188202,3.57779,-6.10308,13.3974,-2.67505,144.728,-4.26837,4.2677,139.502,36.9256,-0.430613,138.319,-24.2905,2.74114,138.493,-20.4647,8.67818,145.243,-1.86045,6.06427,145.17,-2.44735,8.04064,150.137,-0.188202,6.11245,14.1679,0,-74.7015,-83.5078,-20.5232,-29.2973,-361.323,535.169,117.166,-883.352,558.055,-217.748,-24.4162,-78.6216,49.8018,-29.7981,-28.8004,0,7.72392,-10.8076,16.6602,-0.287855,-0.564541,-0.353044,0.560314,0.167728,0.788345,-0.700654,-0.0268567,-0.632841,0.188064,-0.153699,0.91731,0.339201,-0.697569,0.274071,0.161382,-0.753503,0.15009,0.0108041,-0.138195,0.735107
27.75,0,,41.8031,2.44986,-0.820768,-1.6694,7.06318,0.417827,61.3939,0.787429,4.60568,3.1642,-6.31515,-1.94411,-0.155978,4.56327,4.88701,4.88701,3.771,-3.771,8.19034,-8.19034,19.6667,0.192339,3.75198,-6.15235,13.0157,-2.72375,144.69,-4.30038,4.42835,139.502,37.6107,-0.683728,138.742,-23.7381,2.15864,139.091,-19.1417,8.35272,145.293,-1.90246,6.07402,145.197,-2.68273,8.10347,150.159,-0.192338,6.16147,0.985295,-6.33571,-69.3307,-89.8596,-78.1288,-41.0201,-365.727,516.106,134.298,-843.731,462.857,-148.875,-23.4334,-75.6704,28.8185,-15.1404,-1.93374,7.8238,8.79669,-6.31612,21.0567,-0.286644,-0.564926,-0.353727,0.556913,0.168283,0.789103,-0.703059,-0.0298486,-0.632985,0.178961,-0.146673,0.918551,0.338591,-0.697997,0.272973,0.162545,-0.753394,0.148323,0.0106815,-0.138615,0.734949
27.76,0,,42.4874,2.40973,-1.14877,-1.52732,6.89257,0.52509,61.3242,0.976588,5.17951,3.40005,-6.55544,-1.97645,-0.198409,4.50696,4.92415,4.92415,3.91635,-3.91635,8.30519,-8.30519,18.3167,0.204748,3.79769,-6.178,12.5082,-2.77051,144.635,-4.30759,4.58612,139.805,38.2582,-0.757082,139.445,-23.0396,1.45518,139.794,-17.8663,7.89888,145.353,-1.96076,6.08533,145.23,-2.92867,8.1663,150.175,-0.204747,6.18809,-34.6552,-11.2392,-57.137,-91.808,-129.881,-77.1572,-338.847,467.784,127.916,-733.938,359.344,-85.8813,-12.1928,-63.9793,15.6258,-12.2001,-5.84236,7.32592,-1.50187,-4.35111,-4.39645,-0.285483,-0.565472,-0.354275,0.553739,0.16871,0.789713,-0.705988,-0.0324122,-0.633716,0.170725,-0.138924,0.919301,0.338094,-0.698406,0.271806,0.163703,-0.753266,0.146429,0.0106817,-0.138862,0.734838
27.77,0,,43.1132,2.35933,-1.47012,-1.39097,6.45017,0.656051,61.0662,1.17455,5.68459,3.62687,-6.81531,-1.99891,-0.0842639,4.43614,4.94919,4.94919,4.05304,-4.05304,8.42143,-8.42143,16.8856,0.229565,3.85082,-6.205,11.9081,-2.81338,144.58,-4.30298,4.73375,140.447,38.8642,-0.604035,140.418,-22.1966,0.666404,140.573,-16.5116,7.43378,145.425,-2.02163,6.09118,145.28,-3.18518,8.22103,150.186,-0.229565,6.2161,-44.4402,-15.1474,-71.2901,-93.7563,-150.886,-105.961,-324.223,371.071,117.166,-689.544,230.444,-117.588,-5.86604,-55.6556,-5.84853,-8.29431,-8.31096,5.85599,1.93098,0,6.24759,-0.28438,-0.566073,-0.354696,0.550711,0.168717,0.790297,-0.709266,-0.0344257,-0.635105,0.161933,-0.130742,0.919774,0.337782,-0.698698,0.270824,0.164806,-0.7531,0.144419,0.0108038,-0.139168,0.73472
27.78,0,,43.6684,2.29027,-1.7756,-1.26207,5.82186,0.789506,60.634,1.3615,6.18966,3.87287,-7.07383,-2.03125,0.150002,4.34569,4.96215,4.96215,4.18001,-4.18001,8.53487,-8.53487,15.3346,0.233702,3.90023,-6.23335,11.2704,-2.86793,144.525,-4.2874,4.86968,141.343,39.4119,-0.272133,141.56,-21.2219,-0.151741,141.385,-15.0321,6.96755,145.507,-2.08936,6.09313,145.335,-3.43866,8.28589,150.192,-0.233701,6.24551,-40.533,-3.42274,-98.634,-124.502,-161.629,-101.078,-306.649,245.1,93.2495,-685.487,116.207,-117.588,-9.76649,-35.1489,-5.37975,4.38853,3.4149,-8.29796,-5.36384,1.40358,-4.39645,-0.283406,-0.56669,-0.355066,0.547898,0.168288,0.790839,-0.712611,-0.0361341,-0.637047,0.152288,-0.121892,0.920139,0.337662,-0.698885,0.269971,0.165848,-0.753,0.142347,0.0107429,-0.139413,0.734667
27.79,0,,44.1951,2.25387,-2.10002,-1.15408,5.09118,0.94167,60.0299,1.55726,6.61472,4.13016,-7.3364,-2.07078,0.484069,4.26122,5.00303,5.00303,4.28793,-4.28793,8.64832,-8.64832,13.7594,0.233702,3.92,-6.24752,10.6283,-2.89715,144.459,-4.30211,4.99083,142.359,39.8973,0.131765,142.79,-20.1251,-0.981075,142.175,-13.519,6.50582,145.595,-2.15709,6.09976,145.401,-3.7012,8.34163,150.214,-0.233701,6.25952,-40.0234,19.0314,-123.529,-135.725,-155.776,-100.584,-290.031,112.774,55.1908,-649.446,0,-107.929,-19.0416,-18.0852,-21.4744,14.6577,37.1113,-10.7399,-16.0915,-1.96502,-2.54532,-0.282364,-0.567109,-0.355366,0.545448,0.167492,0.791192,-0.715918,-0.0379048,-0.639315,0.14252,-0.112735,0.920371,0.337676,-0.699037,0.26925,0.166878,-0.752845,0.140205,0.0106818,-0.139534,0.734539
27.8,0,,44.6993,2.21934,-2.41983,-1.06328,4.35933,1.09882,59.2747,1.72663,6.94977,4.37165,-7.58412,-2.09683,0.855189,4.15968,5.05889,5.05889,4.37272,-4.37272,8.76316,-8.76316,12.1719,0.23577,3.88788,-6.27519,10.0282,-2.93612,144.399,-4.3347,5.09167,143.375,40.3382,0.54019,144.004,-18.9048,-1.78523,142.911,-11.9821,6.03846,145.688,-2.24197,6.1021,145.472,-3.95469,8.39939,150.225,-0.23577,6.28753,-20.0117,40.5388,-113.767,-148.935,-139.661,-101.572,-243.666,25.4177,13.1653,-594.789,-110.298,-86.5112,-24.4162,-7.34003,-17.0991,8.29431,64.9242,7.8238,-3.43286,1.96502,5.78481,-0.28139,-0.567358,-0.355613,0.543236,0.166572,0.791415,-0.718958,-0.0402846,-0.641807,0.132763,-0.103219,0.920551,0.337841,-0.699121,0.268503,0.167795,-0.752729,0.138069,0.0106204,-0.139775,0.734457
27.81,0,,45.1856,2.20628,-2.70945,-1.00656,3.70043,1.23851,58.3661,1.87619,7.19606,4.58944,-7.75287,-2.11121,1.19464,4.06838,5.14267,5.14267,4.43566,-4.43566,8.87801,-8.87801,10.5743,0.250247,3.76557,-6.30759,9.49424,-2.98483,144.349,-4.39758,5.17552,144.309,40.7307,0.914203,145.103,-17.5704,-2.52017,143.569,-10.4294,5.52944,145.782,-2.33285,6.122,145.543,-4.19309,8.45108,150.241,-0.250247,6.32115,-17.5654,43.4518,-100.104,-156.261,-139.661,-98.1517,-212.382,-53.6985,-15.6374,-524.856,-178.14,-130.817,-36.609,-11.2371,-15.6258,14.6577,86.8948,-10.7399,1.50187,-0.421075,16.6602,-0.280469,-0.567347,-0.355912,0.541246,0.165603,0.791573,-0.721468,-0.0436421,-0.644499,0.123239,-0.0930852,0.920719,0.337977,-0.699333,0.267598,0.168649,-0.752604,0.136055,0.0106205,-0.140081,0.73434
27.82,0,,45.6177,2.16148,-3.01443,-0.963312,3.18978,1.4019,57.3135,1.99937,7.35608,4.81175,-7.78999,-2.12738,1.45042,3.95745,5.17866,5.17866,4.54056,-4.54056,8.45084,-8.45084,8.96246,0.262656,3.6235,-6.34269,8.49914,-2.48801,144.289,-4.45613,5.25143,145.028,41.0746,1.15102,146.009,-16.1348,-3.14461,144.135,-8.86283,4.95848,145.88,-2.45459,6.14501,145.626,-4.43752,8.50479,150.252,-0.262656,6.35476,-8.7997,59.0847,-121.097,-166.509,-146.478,-113.769,-166.972,-86.9371,-60.5374,-475.21,-191.927,-109.399,-45.8841,-16.1178,-7.32182,-0.965476,83.0273,-14.154,-2.36009,-0.982508,12.7266,-0.27956,-0.56736,-0.356103,0.539589,0.164562,0.791559,-0.723178,-0.0483421,-0.64743,0.114081,-0.082219,0.92095,0.338093,-0.699626,0.266312,0.169446,-0.752496,0.133921,0.010621,-0.140392,0.734252
27.83,0,,46.0169,2.11015,-3.29689,-0.953,2.8368,1.54783,56.1284,2.10054,7.40859,5.03406,-7.73262,-2.14445,1.57831,3.84056,5.22069,5.22069,4.62794,-4.62794,7.98586,-7.98586,7.38109,0.266792,3.43324,-6.37982,7.53494,-1.9717,144.245,-4.52795,5.30748,145.556,41.3782,1.25697,146.69,-14.6173,-3.61732,144.634,-7.31802,4.40553,145.985,-2.59434,6.18129,145.714,-4.67592,8.56053,150.263,-0.266792,6.38838,-14.1679,56.633,-114.746,-185.564,-181.152,-116.22,-141.131,-131.348,-91.2948,-415.54,-213.812,-76.2223,-30.2823,-28.3386,-12.7016,2.45757,62.4968,-19.5358,5.36384,3.93003,9.25569,-0.278831,-0.567183,-0.356351,0.538185,0.163403,0.791438,-0.723845,-0.0543234,-0.650783,0.105111,-0.071417,0.921097,0.338154,-0.700051,0.264724,0.170174,-0.752418,0.131781,0.0105595,-0.140692,0.734163
27.84,0,,46.359,2.03549,-3.58293,-0.925215,2.64502,1.70374,54.8109,2.16653,7.38609,5.24169,-7.64554,-2.14984,1.56635,3.69977,5.26906,5.26906,4.72051,-4.72051,7.5531,-7.5531,5.80784,0.279201,3.27387,-6.41491,6.65678,-1.5041,144.218,-4.6038,5.37148,145.874,41.6223,1.23162,147.157,-13.034,-3.93619,145.079,-5.76727,3.94944,146.106,-2.76323,6.20547,145.823,-4.9113,8.6031,150.263,-0.279201,6.42199,-15.1532,53.2345,-91.7936,-187.513,-206.047,-123.535,-125.967,-169.894,-110.842,-368.759,-265.24,-31.7068,-13.6669,-36.6245,-9.28621,5.88062,33.2027,-11.2378,1.93098,0,3.93367,-0.278089,-0.566982,-0.356706,0.537182,0.162235,0.791154,-0.723428,-0.0615268,-0.654576,0.0957669,-0.061159,0.921169,0.338279,-0.700425,0.262896,0.170727,-0.75231,0.129587,0.0105596,-0.140998,0.734103
27.85,0,,46.6337,1.95242,-3.8311,-0.92235,2.60383,1.86837,53.3702,2.23252,7.25107,5.45272,-7.5227,-2.14085,1.41456,3.53253,5.31024,5.31024,4.78561,-4.78561,7.15815,-7.15815,4.28736,0.283338,3.12439,-6.45204,5.88012,-1.09106,144.207,-4.6736,5.40921,145.984,41.8136,1.0754,147.404,-11.3978,-4.13408,145.468,-4.26406,3.56429,146.249,-2.93385,6.2277,145.961,-5.14668,8.63451,150.268,-0.283337,6.45701,-15.1532,55.1765,-118.648,-203.139,-210.455,-144.036,-144.039,-206.065,-102.563,-289.518,-305.07,35.6964,-19.533,-34.1652,10.7372,-6.8461,15.6345,-20.5078,0.429107,-4.91254,-1.85114,-0.277609,-0.566694,-0.357022,0.536531,0.161142,0.790758,-0.722063,-0.070009,-0.658646,0.0864939,-0.0515179,0.921156,0.338329,-0.700829,0.260995,0.171091,-0.752177,0.127265,0.0104986,-0.141303,0.734044
27.86,0,,46.8408,1.85256,-4.06188,-0.940969,2.71208,2.02802,51.825,2.2853,7.02228,5.6581,-7.38027,-2.14535,1.15699,3.35078,5.34939,5.34939,4.83796,-4.83796,6.7688,-6.7688,2.81967,0.295747,2.99961,-6.48714,5.18951,-0.707241,144.218,-4.74282,5.43393,145.896,41.9412,0.78425,147.459,-9.72777,-4.23687,145.787,-2.80838,3.25573,146.408,-3.12161,6.25696,146.109,-5.38659,8.67708,150.274,-0.295746,6.49063,-9.75102,53.2345,-141.111,-212.881,-185.042,-127.449,-172.872,-208.509,-79.5668,-204.071,-330.018,116.118,-32.2171,-30.2682,26.8541,-9.78641,-1.93374,-4.88394,1.93098,0,3.47088,-0.277302,-0.566324,-0.357386,0.536356,0.160229,0.79016,-0.719882,-0.0795935,-0.662873,0.0772751,-0.042544,0.921137,0.338529,-0.70123,0.259055,0.171395,-0.752113,0.124823,0.0104986,-0.141609,0.733984
27.87,0,,46.9818,1.75643,-4.29573,-0.976775,2.97447,2.17894,50.1612,2.34689,6.71849,5.87589,-7.23043,-2.14355,0.806782,3.18354,5.39776,5.39776,4.8823,-4.8823,6.43827,-6.43827,1.38243,0.306087,2.88348,-6.51548,4.6357,-0.374078,144.223,-4.81723,5.45599,145.589,41.9981,0.344581,147.333,-8.01762,-4.29491,146.028,-1.37646,2.99558,146.562,-3.31022,6.30064,146.257,-5.63555,8.70748,150.29,-0.306087,6.51724,-13.1826,51.2682,-136.719,-239.262,-178.707,-102.047,-194.808,-181.625,-69.3335,-97.6198,-322.797,138.586,-23.9248,-50.7748,47.3686,-9.25979,-32.709,-13.1819,-6.4366,-10.2462,6.94177,-0.277005,-0.565912,-0.357762,0.536709,0.159432,0.789347,-0.717092,-0.0903994,-0.667039,0.0680576,-0.0339373,0.921189,0.338765,-0.7017,0.257095,0.171767,-0.751955,0.122386,0.0104987,-0.141855,0.733873
27.88,0,,47.0598,1.65471,-4.52957,-1.04552,3.36392,2.29867,48.4045,2.39528,6.41094,6.09368,-7.05898,-2.15253,0.382475,3.01459,5.46024,5.46024,4.89203,-4.89203,6.23659,-6.23659,-0.0730801,0.31436,2.77106,-6.53641,4.29591,-0.202625,144.261,-4.89713,5.45555,145.105,41.9814,-0.24089,147.064,-6.29141,-4.31799,146.198,0.0732792,2.76585,146.704,-3.50741,6.35525,146.389,-5.88149,8.73991,150.296,-0.314359,6.53685,-6.35345,56.1475,-144.54,-231.429,-153.813,-77.6322,-200.209,-134.77,-51.7414,-45.8264,-253.423,85.4613,-11.7321,-65.9089,34.667,4.87126,-52.7458,7.32592,-2.36009,-0.421075,1.38835,-0.276934,-0.565343,-0.358177,0.537691,0.158823,0.788194,-0.713771,-0.102055,-0.671106,0.0585963,-0.0253917,0.921305,0.339055,-0.70222,0.25507,0.172188,-0.751806,0.120001,0.0104989,-0.142041,0.733826
27.89,0,,47.0748,1.55671,-4.75574,-1.12859,3.83221,2.38473,46.5433,2.46127,6.05464,6.32614,-6.95773,-2.14984,-0.0651402,2.85077,5.54344,5.54344,4.87862,-4.87862,6.22679,-6.22679,-1.51438,0.320564,2.74882,-6.55598,4.23192,-0.253282,144.322,-4.98221,5.45025,144.529,41.8927,-0.895186,146.707,-4.53149,-4.33407,146.313,1.51114,2.63746,146.842,-3.70203,6.42039,146.515,-6.14101,8.76322,150.296,-0.320564,6.55646,-2.92191,51.7537,-153.812,-208.984,-127.918,-49.7978,-188.493,-86.4483,-48.8094,-9.30849,-216.219,95.1203,-18.5502,-82.0267,43.4621,-3.90579,-53.2395,0.972047,-3.43286,0.982508,-1.38835,-0.276994,-0.56467,-0.358725,0.539217,0.158457,0.78679,-0.710043,-0.114383,-0.675069,0.0487686,-0.0175787,0.921476,0.339368,-0.702785,0.253061,0.172736,-0.751554,0.117619,0.0104986,-0.14222,0.733806
27.9,0,,47.0343,1.44845,-4.95428,-1.2151,4.32168,2.43088,44.6053,2.51406,5.61208,6.53717,-6.90374,-2.14804,-0.505584,2.70827,5.60937,5.60937,4.86867,-4.86867,6.03071,-6.03071,-2.88666,0.345382,2.7797,-6.57826,4.04217,-0.136382,144.41,-5.06758,5.43039,143.941,41.7429,-1.55673,146.317,-2.7555,-4.35225,146.396,2.8777,2.57665,146.968,-3.90265,6.47617,146.636,-6.3945,8.78856,150.307,-0.345382,6.57887,0.985295,40.5388,-176.275,-186.032,-97.1701,-33.6862,-193.354,-52.7209,-17.5921,72.7971,-173.763,187.511,-3.90045,-80.5511,42.971,0,-27.8129,3.41402,-5.79294,-5.33362,8.79291,-0.277298,-0.563874,-0.359395,0.541172,0.158274,0.785206,-0.706018,-0.126957,-0.678917,0.0391251,-0.0105595,0.921607,0.339736,-0.703276,0.251048,0.173288,-0.751321,0.115301,0.0106209,-0.142466,0.733694
27.91,0,,46.9308,1.31686,-5.15027,-1.29244,4.78527,2.47952,42.5976,2.56904,5.12951,6.78768,-6.85851,-2.15343,-0.888656,2.54018,5.6684,5.6684,4.85742,-4.85742,5.83044,-5.83044,-4.22647,0.345382,2.81182,-6.60053,3.89875,-0.0350698,144.509,-5.14661,5.40767,143.397,41.5308,-2.18883,145.938,-0.965069,-4.38791,146.434,4.21653,2.52372,147.105,-4.12127,6.51908,146.762,-6.66609,8.82099,150.307,-0.345382,6.60128,14.6435,34.6643,-164.553,-154.78,-51.2709,-17.5746,-187.496,-32.68,20.5241,172.326,-133.714,218.798,0.982791,-92.2801,51.7662,-0.482738,-20.9831,18.5637,7.29482,3.93003,6.24759,-0.27767,-0.563091,-0.360073,0.543489,0.158029,0.783493,-0.70183,-0.139536,-0.682602,0.0296651,-0.00372339,0.921753,0.340109,-0.703717,0.248856,0.173902,-0.751091,0.112801,0.0105596,-0.142646,0.733675
27.92,0,,46.7837,1.1778,-5.33294,-1.36806,5.1912,2.52318,40.5389,2.62843,4.68694,7.02466,-6.78224,-2.1696,-1.19882,2.36526,5.72915,5.72915,4.83796,-4.83796,5.63156,-5.63156,-5.6089,0.3702,2.80688,-6.60863,3.80387,0.0506564,144.624,-5.22737,5.37633,142.93,41.2701,-2.76072,145.603,0.83179,-4.44456,146.44,5.59695,2.43363,147.248,-4.34676,6.55145,146.894,-6.94975,8.85139,150.312,-0.3702,6.60828,18.0751,30.7561,-165.043,-127.931,-7.81658,13.1857,-171.875,-13.6865,49.7867,229.609,-93.6657,220.688,-18.5502,-105.485,54.6904,-8.77705,-15.1408,20.5078,-7.72392,-7.29863,0.925569,-0.278157,-0.562235,-0.360805,0.546046,0.157539,0.781713,-0.697552,-0.151865,-0.686138,0.0200816,0.00360126,0.921861,0.340412,-0.704141,0.246535,0.17451,-0.750837,0.110175,0.0107429,-0.142771,0.733633
27.93,0,,46.5871,1.01914,-5.48901,-1.44196,5.50182,2.57681,38.4313,2.69662,4.27938,7.28759,-6.65332,-2.18757,-1.43069,2.15962,5.77579,5.77579,4.80919,-4.80919,5.41448,-5.41448,-7.03396,0.380541,2.73523,-6.6201,3.70458,0.136382,144.756,-5.29688,5.3322,142.6,40.9719,-3.23027,145.344,2.64149,-4.52078,146.44,7.01896,2.27822,147.419,-4.58081,6.56783,147.053,-7.25001,8.88686,150.312,-0.38054,6.61949,5.84382,20.5121,-179.686,-107.434,44.4175,20.0255,-138.68,-3.42162,64.4468,273.049,-56.6809,178.692,-9.76649,-102.042,48.3508,5.354,-50.2772,14.154,1.50187,0.982508,5.32202,-0.278825,-0.561373,-0.361532,0.548734,0.156746,0.779948,-0.693229,-0.16377,-0.689567,0.0104986,0.0115973,0.9218,0.340586,-0.704548,0.244025,0.175062,-0.750605,0.107308,0.0108038,-0.142891,0.73362
27.94,0,,46.353,0.840886,-5.64354,-1.50956,5.69008,2.6242,36.326,2.756,3.91058,7.55504,-6.41707,-2.20554,-1.58667,1.95398,5.81552,5.81552,4.78453,-4.78453,5.2114,-5.2114,-8.46511,0.390882,2.55856,-6.63225,3.58985,0.202625,144.888,-5.35745,5.2927,142.436,40.6502,-3.57893,145.185,4.42551,-4.59,146.473,8.44692,2.02483,147.578,-4.82602,6.58227,147.207,-7.5548,8.92334,150.301,-0.390881,6.63069,-12.7069,26.8479,-161.124,-122.553,95.2067,32.7172,-89.8634,10.2649,75.6574,330.571,-4.3769,121.998,-6.35743,-122.548,50.2929,1.97484,-83.9736,-5.38182,4.29107,11.2287,-1.38835,-0.279494,-0.560575,-0.362262,0.55147,0.155522,0.778223,-0.688874,-0.174813,-0.692964,0.00134283,0.0203256,0.921427,0.340732,-0.704965,0.241357,0.175672,-0.750358,0.104439,0.0108651,-0.143016,0.733636
27.95,0,,46.0874,0.655163,-5.78119,-1.58461,5.76185,2.66162,34.2417,2.81979,3.57053,7.82587,-6.1167,-2.2289,-1.68468,1.762,5.85439,5.85439,4.73652,-4.73652,5.02513,-5.02513,-9.8719,0.407427,2.30777,-6.6417,3.46408,0.25523,145.014,-5.41773,5.23091,142.403,40.305,-3.83567,145.119,6.16295,-4.66063,146.533,9.85507,1.705,147.726,-5.07636,6.58227,147.344,-7.86864,8.96185,150.301,-0.407426,6.6405,-46.3768,17.5749,-141.111,-176.251,96.6885,42.483,-65.4345,9.28725,87.9029,404.323,73.7508,75.5923,3.40906,-136.245,47.8597,2.94031,-105.944,-8.29796,-8.79669,-2.38609,-3.47088,-0.280286,-0.559717,-0.36287,0.554237,0.153758,0.776542,-0.684604,-0.185007,-0.696201,-0.00732444,0.0294198,0.920743,0.340846,-0.705313,0.238604,0.176398,-0.750088,0.101566,0.0109869,-0.143135,0.733622
27.96,0,,45.7843,0.439575,-5.9434,-1.65651,5.77479,2.68906,32.1783,2.89897,3.22673,8.12152,-5.82241,-2.24956,-1.80301,1.58537,5.86965,5.86965,4.70364,-4.70364,4.84866,-4.84866,-11.2482,0.421904,2.06316,-6.65993,3.26109,0.305886,145.146,-5.45148,5.18281,142.463,39.95,-4.04531,145.114,7.86989,-4.71727,146.676,11.2295,1.41558,147.869,-5.32842,6.59397,147.47,-8.19908,9.00847,150.307,-0.421904,6.6573,-44.4402,28.3286,-154.301,-192.89,101.06,42.977,-68.8412,5.37683,99.6309,453.013,118.176,123.048,6.84883,-143.055,27.3452,12.2001,-108.413,-21.9778,-7.29482,-0.421075,-7.40455,-0.281084,-0.559054,-0.363486,0.556969,0.151374,0.774874,-0.680266,-0.194588,-0.699371,-0.0158705,0.0381502,0.919634,0.340958,-0.705721,0.23579,0.177316,-0.749794,0.0986378,0.0110482,-0.143321,0.733574
27.97,0,,45.4542,0.210921,-6.0877,-1.74015,5.6889,2.68906,30.1358,2.98695,2.87542,8.42282,-5.59427,-2.25675,-1.93508,1.42837,5.87166,5.87166,4.66038,-4.66038,4.66099,-4.66099,-12.584,0.438449,1.8939,-6.68423,2.95881,0.356543,145.294,-5.47397,5.12212,142.65,39.588,-4.17029,145.196,9.54631,-4.74244,146.928,12.5664,1.23314,147.995,-5.57963,6.60684,147.586,-8.53555,9.04698,150.312,-0.438449,6.68112,-39.072,24.9059,-173.825,-208.477,75.6838,36.6122,-73.7436,-19.5521,118.66,545.859,79.6596,160.634,-26.3818,-145.514,26.8541,-12.6828,-110.84,-32.7177,-10.2986,-2.94752,-7.40455,-0.282061,-0.558385,-0.364098,0.559668,0.148569,0.773245,-0.67584,-0.203387,-0.702576,-0.024599,0.0459628,0.918097,0.341095,-0.706117,0.232992,0.178351,-0.749416,0.0957675,0.0111089,-0.143561,0.73349
27.98,0,,45.112,0.00839953,-6.22381,-1.86303,5.50417,2.69156,28.1188,3.09913,2.55788,8.73879,-5.3938,-2.27921,-2.06716,1.26625,5.88519,5.88519,4.59831,-4.59831,4.47472,-4.47472,-13.9055,0.452926,1.74936,-6.70178,2.58152,0.405251,145.437,-5.50887,5.04334,142.952,39.2095,-4.22915,145.355,11.1794,-4.74314,147.257,13.8914,1.11039,148.122,-5.81797,6.64156,147.695,-8.8856,9.09563,150.323,-0.452926,6.69932,-16.6141,37.6016,-199.7,-193.864,46.8624,35.1492,-44.9109,-40.9896,138.207,611.735,59.0882,156.644,-56.142,-134.769,34.667,-43.9291,-117.176,1.94409,-3.86196,5.89505,-9.25569,-0.283097,-0.557587,-0.364644,0.562416,0.145335,0.771598,-0.671426,-0.211377,-0.70573,-0.0334491,0.0533476,0.916187,0.341274,-0.706598,0.230365,0.179452,-0.74906,0.0927779,0.0111696,-0.143741,0.733412
27.99,0,,44.7564,-0.180123,-6.32052,-2.00683,5.22767,2.70902,26.1507,3.2311,2.27283,9.06491,-5.27162,-2.29268,-2.18429,1.08706,5.91255,5.91255,4.52542,-4.52542,4.30385,-4.30385,-15.1946,0.475676,1.66412,-6.71798,2.15788,0.436424,145.596,-5.55675,4.9564,143.37,38.8171,-4.18795,145.608,12.7482,-4.73405,147.669,15.1827,1.07773,148.281,-6.05803,6.6868,147.833,-9.25678,9.13414,150.34,-0.475676,6.71473,-19.0264,37.6016,-188.468,-159.183,22.4495,44.44,15.6212,-50.7657,113.774,687.396,-7.87842,234.336,-34.1827,-140.633,33.1937,-29.7981,-134.786,7.8238,-15.6624,0,-11.801,-0.284189,-0.556658,-0.365246,0.565105,0.141734,0.770076,-0.667206,-0.218455,-0.708712,-0.042421,0.0599998,0.913975,0.34151,-0.70713,0.227795,0.18049,-0.748636,0.0895433,0.0112925,-0.143933,0.733278
28,0,,44.3767,-0.374246,-6.36146,-2.16781,4.8641,2.70278,24.2685,3.38067,2.0578,9.40571,-5.20008,-2.31604,-2.27871,0.907876,5.93241,5.93241,4.43761,-4.43761,4.12318,-4.12318,-16.4532,0.496358,1.63323,-6.74767,1.69233,0.457856,145.783,-5.59828,4.85269,143.908,38.4149,-4.04848,145.954,14.2207,-4.6872,148.147,16.4462,1.13292,148.446,-6.29465,6.73517,147.975,-9.64154,9.19697,150.367,-0.496357,6.74414,-23.4432,27.3333,-172.356,-148.428,-22.4495,64.4465,80.5571,-73.2506,82.0388,797.905,-124.085,225.097,-11.2407,-163.562,38.0824,-0.965476,-157.209,-1.46993,-9.86946,-2.94752,-3.93367,-0.285541,-0.555639,-0.365929,0.567764,0.138004,0.768635,-0.66316,-0.22437,-0.711623,-0.0515162,0.0659823,0.911483,0.341827,-0.707642,0.225361,0.181586,-0.748317,0.0861236,0.0113531,-0.144234,0.733071
28.01,0,,43.9655,-0.5861,-6.35685,-2.33252,4.50053,2.65913,22.4607,3.53683,1.98029,9.76907,-5.07115,-2.32502,-2.37433,0.758555,5.95429,5.95429,4.3472,-4.3472,3.9215,-3.9215,-17.7422,0.525312,1.55046,-6.79087,1.22456,0.494874,145.992,-5.64328,4.74434,144.463,37.9823,-3.8737,146.311,15.5872,-4.61867,148.629,17.7395,1.15882,148.594,-6.54929,6.78627,148.096,-10.0504,9.25981,150.411,-0.525311,6.78616,-7.81441,47.36,-191.897,-161.638,-59.0874,102.541,107.894,-81.5602,36.6214,876.43,-151.879,90.9208,21.4986,-160.648,42.971,0.965476,-166.507,-0.972047,-5.36384,-1.40358,-8.79291,-0.287001,-0.554531,-0.366717,0.570446,0.134036,0.767289,-0.659267,-0.229623,-0.714322,-0.0606115,0.0723919,0.908806,0.342307,-0.708115,0.222854,0.182933,-0.747906,0.0826462,0.0114142,-0.144661,0.732765
28.02,0,,43.5259,-0.789556,-6.32666,-2.46056,4.17108,2.57182,20.7481,3.73479,2.0478,10.1663,-4.93008,-2.36186,-2.51597,0.616912,5.97272,5.97272,4.26868,-4.26868,3.71423,-3.71423,-19.0617,0.543925,1.46892,-6.82935,0.75239,0.504615,146.217,-5.68394,4.64681,145.001,37.5275,-3.69304,146.663,16.8365,-4.53196,149.145,19.0605,1.20837,148.726,-6.78334,6.81747,148.195,-10.4789,9.34798,150.444,-0.543925,6.82398,1.46095,57.6282,-169.434,-215.336,-101.06,132.807,87.9107,-68.8514,12.188,888.125,-160.195,-86.9312,20.5158,-162.124,49.8018,-20.9772,-178.727,-6.82804,-14.1605,-5.89505,-1.38835,-0.288521,-0.553421,-0.367686,0.57316,0.129953,0.765984,-0.655566,-0.23427,-0.716789,-0.0699514,0.0788632,0.905889,0.342598,-0.708512,0.220403,0.184578,-0.74753,0.079105,0.0114142,-0.145028,0.732524
28.03,0,,43.0366,-1.00794,-6.27601,-2.56138,3.87575,2.49075,19.1378,3.95254,2.18407,10.5782,-4.76606,-2.396,-2.68688,0.453938,5.98251,5.98251,4.19515,-4.19515,3.49294,-3.49294,-20.3061,0.568743,1.37256,-6.86579,0.278009,0.514357,146.464,-5.71625,4.55214,145.506,37.0283,-3.51871,146.992,17.9413,-4.42498,149.667,20.3063,1.26918,148.874,-7.02254,6.8241,148.305,-10.9331,9.4331,150.477,-0.568743,6.8604,-7.33875,41.9953,-129.879,-246.081,-115.248,167.481,44.9109,-68.3626,-6.32395,919.87,-91.2584,-243.155,3.90045,-169.918,53.7082,-19.5289,-192.386,-25.3918,-22.5281,2.38609,-2.54532,-0.290114,-0.552333,-0.36873,0.576009,0.125615,0.764676,-0.652127,-0.23823,-0.719024,-0.0787405,0.0849665,0.902891,0.342683,-0.708867,0.217733,0.186226,-0.7471,0.0753204,0.0114753,-0.145394,0.732282
28.04,0,,42.4994,-1.22726,-6.19925,-2.62612,3.61101,2.36852,17.6111,4.20109,2.30909,10.9912,-4.66481,-2.44002,-2.89964,0.325095,5.97531,5.97531,4.12658,-4.12658,3.24504,-3.24504,-21.4226,0.60597,1.31943,-6.89752,-0.231674,0.543582,146.722,-5.7324,4.45858,145.979,36.4944,-3.34664,147.305,18.9256,-4.32009,150.227,21.4233,1.40995,148.995,-7.24202,6.80265,148.393,-11.3978,9.52431,150.521,-0.605969,6.89261,-17.0898,33.2078,-128.899,-227.533,-86.9085,184.562,27.3371,-52.7209,20.5241,952.569,-17.5076,-384.681,-20.5158,-176.274,61.5211,-5.354,-200.697,-53.6997,-8.36759,-15.5798,-3.0081,-0.291824,-0.551298,-0.369831,0.57901,0.121344,0.763346,-0.649017,-0.241649,-0.720981,-0.0869181,0.08997,0.899883,0.342428,-0.709149,0.214979,0.18812,-0.746622,0.071598,0.0116585,-0.145761,0.731981
28.05,0,,41.9082,-1.46338,-6.09998,-2.70231,3.31098,2.21137,16.1984,4.47383,2.3766,11.4392,-4.66211,-2.48763,-3.1351,0.240621,5.94335,5.94335,4.04655,-4.04655,2.94953,-2.94953,-22.3422,0.634924,1.34043,-6.93329,-0.836234,0.635153,146.986,-5.7275,4.34736,146.484,35.9328,-3.15149,147.657,19.7719,-4.19072,150.847,22.3403,1.68361,149.089,-7.45293,6.78003,148.442,-11.8776,9.62465,150.576,-0.634923,6.92623,2.44625,9.75844,-199.7,-206.529,-33.6743,197.747,52.7215,-33.1688,34.6667,1009.85,29.3252,-454.184,-16.6153,-177.75,46.3864,10.2692,-179.673,-36.1317,3.00375,-2.94752,-24.9904,-0.293717,-0.550322,-0.370808,0.582188,0.117194,0.761947,-0.646272,-0.244092,-0.722814,-0.0942436,0.093206,0.896901,0.342055,-0.70944,0.212167,0.190321,-0.746085,0.0679369,0.0117192,-0.146123,0.731593
28.06,0,,41.3064,-1.67617,-5.98536,-2.77593,2.93681,2.04798,14.8994,4.77516,2.38785,11.9346,-4.75729,-2.56669,-3.35143,0.171507,5.92262,5.92262,3.98015,-3.98015,2.63581,-2.63581,-23.071,0.634924,1.44174,-6.94949,-1.52905,0.761794,147.233,-5.73355,4.2485,147.077,35.3518,-2.88026,148.085,20.4832,-4.0159,151.538,23.0632,2.0924,149.16,-7.65098,6.76989,148.464,-12.3741,9.73714,150.636,-0.634923,6.94024,13.1826,-7.33097,-222.652,-195.306,13.1882,200.198,76.6518,-18.0857,49.3268,1048.28,26.2614,-529.776,30.7737,-181.155,30.7606,71.7963,-77.1438,-17.568,-15.2333,1.40358,-25.9159,-0.295428,-0.549349,-0.371787,0.585469,0.113407,0.760585,-0.643856,-0.245322,-0.724673,-0.100776,0.094672,0.893982,0.341568,-0.709809,0.20936,0.192761,-0.745529,0.0642739,0.0115972,-0.146246,0.731232
28.07,0,,40.7167,-1.88243,-5.87995,-2.84783,2.49206,1.91452,13.7585,5.10069,2.3766,12.465,-4.90511,-2.62508,-3.56956,0.106658,5.91686,5.91686,3.91873,-3.91873,2.32909,-2.32909,-23.6191,0.632856,1.58628,-6.98054,-2.3013,0.919608,147.458,-5.75288,4.15604,147.731,34.7694,-2.57145,148.59,21.0356,-3.79773,152.307,23.5999,2.59242,149.242,-7.86017,6.7613,148.492,-12.9022,9.8476,150.713,-0.632855,6.97105,18.0751,10.7537,-207.52,-151.351,59.0874,209.964,47.8606,-56.1425,66.4015,1095.78,-19.9149,-605.369,68.8568,-157.243,11.7194,96.6792,-14.647,23.9218,-13.7314,1.96502,-7.86734,-0.296952,-0.54837,-0.372701,0.588859,0.110117,0.759163,-0.641866,-0.245247,-0.726524,-0.10639,0.0947317,0.89104,0.341086,-0.71019,0.206434,0.195327,-0.744868,0.0603683,0.0114145,-0.146496,0.730772
28.08,0,,40.1374,-2.08775,-5.76431,-2.92488,1.96376,1.82223,12.7918,5.44162,2.32159,13.019,-5.11503,-2.66461,-3.65443,-0.00426634,5.916,5.916,3.85103,-3.85103,1.99437,-1.99437,-23.954,0.624584,1.77283,-7.01361,-3.0559,1.09885,147.683,-5.77855,4.05498,148.467,34.1953,-2.21736,149.195,21.4226,-3.5376,153.025,23.9187,3.13072,149.358,-8.0788,6.74414,148.557,-13.4559,9.94084,150.785,-0.624583,7.00186,51.2693,47.36,-221.183,-105.953,84.9451,225.582,4.40384,-86.4483,54.2135,1212.49,-123.429,-1403.71,64.9564,-121.565,7.81292,115.243,-0.987441,50.7835,-50.8492,17.1237,-41.882,-0.29848,-0.547335,-0.373557,0.592328,0.10743,0.757684,0.64036,0.243729,0.728378,-0.110724,0.0934499,0.888537,0.340544,-0.710571,0.203386,0.197761,-0.744107,0.0561544,0.0111698,-0.146733,0.730369
28.09,0,,39.6137,-2.26227,-5.63894,-3.01311,1.33074,1.80975,12.032,5.79354,2.07281,13.5923,-5.2372,-2.65563,-3.60482,-0.189425,5.95717,5.95717,3.76906,-3.76906,1.69465,-1.69465,-23.9033,0.616311,1.83337,-7.06963,-3.77519,1.25472,147.898,-5.84315,3.94398,149.319,33.6351,-1.80894,149.92,21.6185,-3.26978,153.722,23.8474,3.50461,149.556,-8.31542,6.71684,148.695,-14.0413,10.0118,150.851,-0.61631,7.05649,80.0807,54.2055,-213.38,-37.0973,107.432,248.533,47.8606,-74.717,8.27862,1013.67,-82.5046,-827.106,87.8984,-106.43,13.1927,152.852,29.2941,52.2535,-22.9572,22.4573,-0.925569,-0.299884,-0.546055,-0.374413,0.595786,0.105228,0.756192,0.639688,0.240493,0.730025,-0.111581,0.0912551,0.886364,0.340106,-0.710915,0.200328,0.199839,-0.743262,0.0513941,0.0108647,-0.147161,0.729948
28.1,0,,39.1365,-2.44053,-5.48031,-3.09789,0.650664,1.82597,11.5092,6.12127,1.02015,14.1735,-5.05158,-2.57927,-3.41598,-0.377997,6.01389,6.01389,3.67757,-3.67757,1.42855,-1.42855,-22.8396,0.593561,1.58011,-7.18168,-4.4327,1.40864,148.095,-5.92045,3.82659,150.203,33.1081,-1.35885,150.694,21.6105,-3.01245,154.337,22.7681,3.44492,149.764,-8.57177,6.6751,148.859,-14.6207,10.0706,150.939,-0.59356,7.16714,101.078,78.6016,-194.819,60.0493,153.331,254.385,91.3175,-51.7433,-25.4108,1735.91,-60.6201,-972.621,113.758,-98.6364,5.84853,174.795,47.356,51.2577,10.2986,-2.38609,24.9904,-0.301224,-0.544706,-0.375203,0.599032,0.103643,0.754864,0.63982,0.235858,0.73138,-0.103399,0.0865527,0.88512,0.339694,-0.711191,0.197102,0.201728,-0.742397,0.0465715,0.0102543,-0.148015,0.729395
28.11,0,,38.7268,-2.62905,-5.26591,-3.17523,0.00352982,1.8322,11.2536,6.4358,0.267539,14.776,-4.94898,-2.49122,-3.2845,-0.575102,6.08472,6.08472,3.56726,-3.56726,1.17785,-1.17785,-21.8672,0.556334,1.42197,-7.3052,-5.09022,1.53723,148.293,-6.01015,3.69176,151.027,32.6283,-0.907411,151.436,21.3873,-2.79008,154.952,21.7778,3.46069,149.962,-8.84955,6.60879,149.002,-15.2092,10.1334,151.01,-0.556334,7.2904,136.242,98.6282,-210.441,152.831,229.015,250.984,43.4568,-58.5865,-20.5241,1565.02,20.5714,-1258.82,119.624,-88.383,-2.43317,194.807,26.8666,74.2075,14.1605,1.96502,24.9904,-0.302571,-0.543248,-0.375879,0.60185,0.102546,0.753838,0.640713,0.230295,0.732331,-0.0962561,0.0817292,0.883761,0.339326,-0.711308,0.193682,0.203746,-0.741494,0.0417502,0.00952161,-0.148928,0.728953
28.12,0,,38.4027,-2.81851,-4.99368,-3.21133,-0.630662,1.86089,11.2815,6.75254,-0.325048,15.4204,-4.92671,-2.40049,-3.21458,-0.829376,6.18433,6.18433,3.44981,-3.44981,0.956567,-0.956567,-20.8278,0.496358,1.36144,-7.41387,-5.772,1.61126,148.485,-6.1261,3.55274,151.84,32.2026,-0.420651,152.172,20.9312,-2.59149,155.621,20.7182,3.55303,150.182,-9.15477,6.49294,149.178,-15.8263,10.182,151.059,-0.496357,7.39965,169.437,90.3263,-176.764,194.839,350.079,231.928,58.5794,-30.3058,-13.1653,1024.41,170.918,-281.161,148.432,-77.146,-0.982195,204.11,37.1113,62.4955,15.2333,17.1237,33.7833,-0.303859,-0.541611,-0.376619,0.604169,0.101875,0.753167,0.642416,0.223457,0.732934,-0.0890541,0.075992,0.88224,0.338954,-0.711176,0.190017,0.205704,-0.740474,0.0366239,0.00866745,-0.149666,0.728676
28.13,0,,38.1986,-3.01916,-4.69383,-3.19786,-1.2272,1.93323,11.6858,7.07367,0.0312546,16.102,-5.12043,-2.27381,-3.13032,-1.14764,6.30612,6.30612,3.33583,-3.33583,0.761892,-0.761892,-20.4624,0.428109,1.42321,-7.50971,-6.3545,1.64049,148.677,-6.26137,3.41946,152.609,31.8698,0.072448,152.886,20.1958,-2.4887,156.22,20.332,3.78727,150.44,-9.49428,6.32444,149.403,-16.4842,10.1831,151.081,-0.428108,7.4977,192.37,71.7804,-103.025,192.384,466.809,227.045,158.206,31.2834,-36.1615,51.316,221.252,119.058,168.948,-79.6053,-23.9298,186.03,-32.2153,66.4074,-7.29482,-13.6148,5.78481,-0.305012,-0.53989,-0.377404,0.605816,0.101631,0.75286,0.645417,0.21522,0.732763,-0.0872858,0.0728195,0.880426,0.338633,-0.710775,0.186102,0.20753,-0.739174,0.0311296,0.00781295,-0.150277,0.728557
28.14,0,,38.1341,-3.18435,-4.41546,-3.1274,-1.70138,2.03925,12.3643,7.397,1.3852,16.7745,-6.63914,-2.19835,-3.35024,-1.51114,6.4757,6.4757,3.21752,-3.21752,0.60083,-0.60083,-20.9415,0.372268,2.62404,-7.54144,-7.04732,1.62685,148.848,-6.44163,3.28529,153.23,31.6272,0.46729,153.479,19.2773,-2.57051,156.993,20.7757,5.31209,150.72,-9.84322,6.09079,149.65,-17.1526,10.1719,151.081,-0.372268,7.52991,238.781,3.42274,-19.0515,216.777,516.598,218.267,282.22,242.656,-106.472,-1621.59,-312.073,-590.88,198.739,-93.7556,-38.0824,219.734,-167.988,24.4197,-24.8882,-12.6322,-13.1894,-0.305931,-0.537943,-0.378202,0.606899,0.101323,0.752718,0.64974,0.206733,0.731408,-0.0979069,0.0658003,0.878354,0.338157,-0.710069,0.182019,0.209234,-0.737813,0.0254524,0.00726347,-0.150397,0.728605
28.15,0,,38.1731,-3.30288,-4.24967,-2.97214,-1.93199,2.12655,13.0312,7.72253,1.28644,17.4155,-8.67894,-2.19835,-3.69447,-1.86524,6.70056,6.70056,3.14441,-3.14441,0.462177,-0.462177,-20.0402,0.355723,4.32769,-7.49487,-7.75116,1.57814,148.985,-6.67496,3.19857,153.565,31.4317,0.655202,153.841,18.423,-2.84043,157.696,19.8488,7.14435,150.945,-10.1956,5.82165,149.842,-17.8301,10.1587,151.032,-0.355723,7.48509,291.511,-93.2635,69.3307,377.948,523.933,203.618,624.016,668.962,-115.728,-1767.66,-1294.47,-62.5736,219.715,-166.513,-63.9543,276.872,-285.165,-59.5794,-26.8192,-7.86007,-3.93367,-0.306232,-0.535922,-0.379174,0.607757,0.100347,0.752479,0.654472,0.200089,0.729063,-0.10114,0.0492576,0.877785,0.337725,-0.709081,0.177926,0.211315,-0.736308,0.0200206,0.00732484,-0.149976,0.728944
28.16,0,,38.2376,-3.42141,-4.19953,-2.74385,-1.61431,2.16522,13.3542,8.05685,-2.88543,18.0418,-8.69514,-2.26393,-3.79307,-2.12976,6.91534,6.91534,3.14247,-3.14247,0.397753,-0.397753,-15.3976,0.357791,4.37711,-7.38215,-7.94754,1.48852,149.062,-6.8933,3.19062,153.257,31.2805,0.488118,153.605,17.9525,-3.21174,157.701,15.246,6.55762,151.055,-10.5274,5.56772,149.924,-18.4924,10.1456,150.949,-0.357791,7.37304,271.5,-147.954,62.5078,561.525,529.786,225.107,835.443,1032.7,140.162,615.315,-1966.32,-270.033,276.379,-268.062,-104.492,296.884,-384.773,-83.9754,6.4366,-11.2287,-16.6602,-0.305869,-0.534402,-0.380155,0.60819,0.0982724,0.752364,0.65762,0.199105,0.726531,-0.0672041,0.0275897,0.880062,0.337241,-0.708053,0.1739,0.214064,-0.734606,0.0153208,0.00775195,-0.149057,0.729477
28.17,0,,38.3067,-3.5838,-4.27014,-2.43506,-0.781268,2.13528,13.4866,8.41978,-6.98853,18.6636,-5.99791,-2.42474,-4.00523,-2.27737,7.05181,7.05181,3.22422,-3.22422,0.324925,-0.324925,-11.098,0.368132,1.74318,-7.20058,-7.79088,1.4476,149.067,-7.03347,3.26433,152.345,31.2084,-0.0081504,152.809,17.7518,-3.61103,157.328,10.9939,3.26586,151.022,-10.8172,5.329,149.848,-19.1412,10.1608,150.84,-0.368132,7.19095,213.367,-131.836,-1.95938,516.128,565.424,255.867,514.668,1010.29,882.306,2122.1,-570.31,831.516,266.121,-341.803,-166.013,260.722,-368.151,-71.7655,1.07277,-28.7735,-35.1716,-0.305012,-0.533786,-0.380944,0.607938,0.0951581,0.752476,0.659155,0.202953,0.7241,-0.020753,0.0258192,0.880905,0.33687,-0.706884,0.170358,0.21773,-0.732786,0.0114755,0.00848444,-0.147593,0.730211
28.18,0,,38.5362,-3.73219,-4.46049,-2.09276,-0.555359,2.08789,14.0094,8.81349,-8.53501,19.326,-4.59732,-2.74008,-3.79666,-2.34307,7.16841,7.16841,3.34491,-3.34491,0.317922,-0.317922,-9.11877,0.345382,0.401513,-6.89482,-7.61437,1.41253,148.991,-7.14971,3.38459,152.104,31.3179,-0.191082,152.628,17.3391,-3.69913,157.015,9.03711,1.62054,150.879,-11.0684,5.1094,149.666,-19.781,10.2124,150.719,-0.345382,6.88701,186.051,-57.6282,-23.4426,358.386,560.534,214.847,350.604,733.903,1094.22,1239.22,155.818,1575.68,195.79,-359.359,-194.341,223.157,-273.439,-30.2757,15.6624,-17.5448,-51.8319,-0.303611,-0.53367,-0.381437,0.606774,0.0922887,0.752776,-0.66054,-0.201788,-0.723164,0.0014039,0.0260637,0.881465,0.336932,-0.705542,0.167611,0.222061,-0.730945,0.00817926,0.0092778,-0.145027,0.731115
28.19,0,,39.0044,-3.83578,-4.71532,-1.77996,-1.499,2.038,15.169,9.25999,-8.61752,20.0313,-4.56559,-3.19286,-2.71676,-2.41645,7.2902,7.2902,3.46214,-3.46214,0.329126,-0.329126,-8.12813,0.29161,0.691837,-6.45879,-7.60995,1.35214,148.903,-7.27027,3.50419,153.252,31.6591,0.293867,153.682,16.5186,-3.27538,156.917,8.05676,1.77595,150.731,-11.2801,4.921,149.463,-20.4328,10.2763,150.587,-0.29161,6.45141,209.97,29.2996,-103.515,277.84,510.264,157.715,194.808,203.132,623.541,404.8,138.748,1527.8,152.333,-383.8,-159.183,215.345,-224.108,-0.972047,7.29482,-21.4748,-48.361,-0.302149,-0.533552,-0.381867,0.604841,0.0911321,0.753106,-0.662187,-0.190617,-0.724688,0.00720274,0.0196549,0.882153,0.33766,-0.704131,0.165961,0.226577,-0.729049,0.00488312,0.0101934,-0.141304,0.732217
28.2,0,,39.6602,-3.89738,-4.99164,-1.55568,-3.00506,2.0168,16.7909,9.75488,-8.55876,20.784,-3.73671,-3.75346,-1.06495,-2.5598,7.42091,7.42091,3.53265,-3.53265,0.354336,-0.354336,-6.969,0.200611,0.264381,-5.89316,-7.58568,1.23913,148.815,-7.3989,3.57856,155.064,32.1694,1.09351,155.33,15.409,-2.75652,156.818,6.90805,1.1881,150.621,-11.4636,4.77044,149.288,-21.1058,10.3229,150.411,-0.200611,5.88975,191.419,67.3867,-126.468,230.962,448.731,159.672,145.992,-163.12,-10.7507,393.105,601.168,664.163,184.581,-399.918,-117.194,253.92,-206.046,-24.8939,22.5281,-11.6497,-37.0228,-0.30092,-0.533233,-0.382101,0.6025,0.0919223,0.753323,0.664756,0.1742,0.726465,0.0181889,0.0173344,0.882285,0.339318,-0.702686,0.165539,0.230971,-0.727034,0.00134286,0.0111701,-0.136422,0.733624
28.21,0,,40.4,-3.94591,-5.32885,-1.39212,-4.30639,2.01555,18.6103,10.329,-8.19371,21.6089,-3.02865,-4.40568,0.335263,-2.74411,7.51132,7.51132,3.57483,-3.57483,0.358538,-0.358538,-6.07783,0.0579084,-0.166782,-5.21819,-7.64084,1.12223,148.749,-7.4886,3.62203,156.668,32.7975,1.7229,156.791,14.2239,-2.40968,156.796,6.02276,0.644163,150.544,-11.5974,4.64679,149.145,-21.8059,10.3574,150.235,-0.0579083,5.21743,203.616,81.0533,-129.879,183.109,326.666,222.162,-1.95265,-364.717,-304.182,107.406,737.727,-12.1788,201.165,-376.46,-74.2227,260.24,-236.821,-31.7456,0,0,-31.238,-0.300073,-0.533002,-0.382172,0.600049,0.0939351,0.75319,0.667869,0.158514,0.727198,0.0271629,0.0161756,0.88203,0.341508,-0.701267,0.166207,0.235301,-0.724887,-0.00250256,0.0120244,-0.130499,0.735139
28.22,0,,41.1744,-3.99631,-5.74281,-1.22569,-5.29709,2.04922,20.46,10.9756,-7.8024,22.541,-3.3621,-5.14416,1.29444,-3.01289,7.55882,7.55882,3.62046,-3.62046,0.369742,-0.369742,-5.29831,-0.171657,0.35086,-4.43185,-7.86369,0.956626,148.705,-7.53533,3.66947,157.959,33.5117,2.13586,157.972,13.0951,-2.21319,156.977,5.24838,1.07773,150.533,-11.6925,4.51885,149.052,-22.5392,10.3746,150.038,0.171657,4.43447,217.274,93.749,-148.931,10.7551,131.363,199.21,-156.752,-460.941,-348.162,-153.232,-6.7842,-148.035,224.599,-288.569,-20.0234,275.38,-272.451,-55.1696,-9.2258,-0.421075,-67.7979,-0.299453,-0.532985,-0.382282,0.597555,0.0965,0.752712,0.671044,0.14478,0.727137,0.0300922,0.00897273,0.881586,0.343947,-0.699796,0.167609,0.239451,-0.722626,-0.00677519,0.0124522,-0.123424,0.736879
28.23,0,,41.8782,-4.04577,-6.13734,-1.07073,-6.1972,2.06669,22.1865,11.6641,-7.69988,23.5498,-3.51127,-5.96528,2.2315,-3.31068,7.57034,7.57034,3.62847,-3.62847,0.337529,-0.337529,-4.32188,-0.473608,0.691837,-3.54292,-8.05786,0.80076,148.705,-7.5486,3.67322,159.168,34.1939,2.48723,159.081,12.0577,-2.08452,157.131,4.2799,1.29846,150.544,-11.7517,4.36243,148.986,-23.28,10.3786,149.851,0.473607,3.54926,192.88,107.416,-183.587,-190.903,-114.73,78.6202,-321.273,-421.418,-261.696,-117.669,-380.791,-133.336,277.331,-218.763,44.9131,294.909,-294.916,-25.8897,-28.7502,-0.982508,-14.1149,-0.299387,-0.532916,-0.382337,0.595419,0.0991245,0.751918,0.674047,0.132026,0.726784,0.0354637,0.00213637,0.881038,0.34627,-0.698217,0.169381,0.243419,-0.720308,-0.011231,0.0125126,-0.115299,0.738609
28.24,0,,42.2773,-4.08964,-6.45766,-0.907742,-7.12083,2.08664,23.5203,12.4053,-7.83615,24.6027,-3.25612,-6.80258,3.28629,-3.62553,7.55162,7.55162,3.61744,-3.61744,0.264702,-0.264702,-3.21958,-0.806581,0.646127,-2.62833,-8.15273,0.676068,148.754,-7.53475,3.65248,160.393,34.5974,2.86894,160.202,11.136,-2.00131,157.185,3.18666,1.10251,150.61,-11.7757,4.17365,148.969,-24.0359,10.3817,149.697,0.80658,2.63743,168.451,120.111,-222.652,-350.593,-443.841,14.6487,-437.975,-376.937,-147.463,28.4028,-473.143,-65.5133,307.614,-151.87,97.1704,308.601,-281.75,-8.29796,-33.2558,-13.6148,63.4015,-0.299764,-0.532812,-0.382473,0.594412,0.0999842,0.750858,0.676843,0.119877,0.726283,0.0439471,-0.00256358,0.880529,0.348159,-0.696623,0.171211,0.247146,-0.717999,-0.0160532,0.0123297,-0.106878,0.740087
28.25,0,,42.2923,-4.11764,-6.61066,-0.734156,-8.18449,2.15898,24.3661,13.1883,-8.00368,25.6194,-2.94091,-7.56621,4.50543,-3.99073,7.52254,7.52254,3.58975,-3.58975,0.13025,-0.13025,-2.17616,-1.08578,0.532468,-1.76505,-8.20128,0.607876,148.842,-7.51427,3.6068,161.744,34.603,3.40641,161.416,10.3107,-1.95306,157.18,2.15283,0.842367,150.775,-11.7808,3.93883,149.057,-24.8175,10.3614,149.582,1.08578,1.77603,201.17,82.5098,-197.268,-494.617,-769.026,-104.498,-417.95,-342.79,-131.826,-93.8009,-344.681,-11.1289,305.187,-93.7556,163.089,306.144,-305.654,13.1819,-25.961,-13.1937,77.7478,-0.300492,-0.532561,-0.382711,0.594455,0.0978449,0.749982,0.679519,0.107729,0.725663,0.0523726,-0.00647027,0.880201,0.349446,-0.695047,0.1728,0.250324,-0.715691,-0.021547,0.0123912,-0.0990074,0.741212
28.26,0,,41.8977,-4.1335,-6.61168,-0.504428,-9.47405,2.33734,24.7355,14.0396,-8.38749,26.5831,-1.76508,-8.26425,5.96182,-4.44382,7.46727,7.46727,3.57786,-3.57786,-0.0168064,0.0168064,-0.974401,-1.29467,-0.343448,-0.953057,-8.16818,0.559168,148.93,-7.46841,3.57569,163.293,34.187,4.15489,162.772,9.54631,-1.88523,157.087,0.964513,-0.204961,151.05,-11.7525,3.64199,149.26,-25.6293,10.327,149.472,1.29466,0.966451,274.897,21.9686,-162.594,-447.272,-936.026,-76.6632,-273.911,-339.858,-186.499,310.044,868.159,1430.58,287.589,-87.8912,207.511,309.084,-395.511,28.3316,-24.03,3.3686,79.5989,-0.301229,-0.532507,-0.382961,0.59576,0.0936979,0.749339,0.681855,0.0950361,0.725192,0.066167,-0.00585981,0.879704,0.349884,-0.69348,0.174087,0.252949,-0.713433,-0.0278342,0.012879,-0.0917401,0.742161
28.27,0,,41.1488,-4.11484,-6.52316,-0.172726,-10.7683,2.61547,24.703,14.9304,-9.1651,27.522,-1.57069,-8.83113,7.19829,-4.94639,7.42149,7.42149,3.61787,-3.61787,-0.133051,0.133051,0.600881,-1.47046,-0.13219,-0.235564,-8.30498,0.52215,148.996,-7.42977,3.6004,164.76,33.3771,4.91786,164.069,8.79481,-1.87264,157.169,-0.594156,-0.219601,151.401,-11.6985,3.28002,149.551,-26.4592,10.255,149.39,1.47046,0.249316,336.903,11.2392,-106.926,-216.777,-861.343,-96.6888,-43.4568,-335.458,-283.198,1643.07,-11.8176,775.871,294.93,-87.3993,229.499,314.438,-488.783,69.3473,-26.8192,10.2462,74.7397,-0.30154,-0.532639,-0.383395,0.599082,0.0901523,0.748502,0.684228,0.0827666,0.72439,0.0767873,-0.0143442,0.878843,0.349263,-0.691933,0.174753,0.25508,-0.7111,-0.0346089,0.0133676,-0.0853326,0.742906
28.28,0,,40.1509,-4.04671,-6.39472,0.24491,-11.8626,2.98092,24.4544,15.8784,-7.93242,28.4157,-2.86328,-9.16803,8.11862,-5.45238,7.37485,7.37485,3.67994,-3.67994,-0.20868,0.20868,0.19691,-1.59662,0.916684,0.277413,-8.45501,0.520202,149.04,-7.38823,3.65292,165.908,32.3191,5.49518,165.123,8.0128,-2.00271,157.284,-0.194091,0.888539,151.813,-11.5896,2.84471,149.924,-27.289,10.1547,149.351,1.59662,-0.263323,303.233,51.2682,-95.6949,22.952,-592.764,-237.305,85.9581,-407.243,-361.327,-166.121,-252.547,-723.586,305.679,-137.682,221.195,297.849,-518.077,107.423,-38.6196,-57.1258,39.5681,-0.301598,-0.53294,-0.383819,0.604604,0.0897293,0.747073,0.687151,0.0718402,0.722736,0.0679967,-0.0197154,0.879074,0.347311,-0.69041,0.174876,0.256727,-0.708775,-0.0417501,0.0136725,-0.0807532,0.743259
28.29,0,,39.0855,-3.94031,-6.25963,0.748765,-12.5556,3.36008,24.1221,16.8461,-6.79975,29.0736,-4.03235,-9.38903,8.66903,-5.90376,7.3426,7.3426,3.75045,-3.75045,-0.305317,0.305317,-0.1218,-1.49528,1.72218,0.642571,-8.60726,0.59229,149.1,-7.36228,3.71118,166.561,31.2126,5.76686,165.793,7.25809,-2.26563,157.399,0.120812,1.73992,152.264,-11.4507,2.32905,150.347,-28.1053,10.0645,149.384,1.49528,-0.627493,232.428,72.7514,15.1327,221.687,-226.57,-336.919,24.4289,-614.774,-452.162,-571.398,-550.833,583.531,278.806,-186.528,210.926,283.192,-512.194,120.605,-149.973,-80.1446,101.581,-0.301656,-0.533116,-0.384425,0.611304,0.0920465,0.745101,0.690454,0.0634788,0.720362,0.0611626,-0.0238058,0.879105,0.344309,-0.68874,0.174443,0.25801,-0.706643,-0.049136,0.0154427,-0.0780072,0.743022
28.3,0,,38.0455,-3.79659,-6.23098,1.33225,-12.7344,3.67937,23.7898,17.8491,-6.65598,29.1876,-4.14035,-9.66843,9.02222,-6.30735,7.31208,7.31208,3.81967,-3.81967,-0.411758,0.411758,0.479081,-0.86449,1.62211,0.976681,-8.53224,0.607876,149.216,-7.3392,3.76679,166.677,30.2017,5.61789,166.04,6.58688,-2.64813,157.334,-0.473344,1.55185,152.709,-11.263,1.74747,150.781,-28.908,9.99962,149.406,0.864489,-0.967851,156.254,53.72,101.556,313.495,159.666,-337.394,73.7436,-721.682,-509.25,416.018,-557.617,289.141,192.873,-225.573,177.733,258.791,-571.769,77.6452,-307.026,-63.0209,236.252,-0.301967,-0.533126,-0.385348,0.61856,0.0956467,0.742284,0.694026,0.0582933,0.717405,0.0662253,-0.0257577,0.879057,0.340291,-0.68693,0.173655,0.25917,-0.704691,-0.0565828,0.021546,-0.0768455,0.742514
28.31,0,,37.1407,-3.58753,-6.40342,1.99881,-12.3509,3.9388,23.6411,18.9599,-6.36094,28.5489,-2.87881,-10.2066,9.03178,-6.7246,7.28876,7.28876,3.86639,-3.86639,-0.521,0.521,0.897261,0.52738,0.0630066,1.42959,-8.28071,0.469545,149.381,-7.32363,3.79967,166.226,29.414,4.97446,165.821,5.93654,-3.0649,157.142,-0.889253,-0.0664434,153.154,-11.0032,1.07696,151.226,-29.7364,9.97327,149.329,-0.527379,-1.43427,86.4341,-21.9686,136.719,371.596,362.786,-203.124,250.978,-729.014,-474.124,283.79,563.964,-98.69,116.706,-242.183,146.481,270.991,-678.207,-11.712,-287.073,-49.2658,159.661,-0.302633,-0.532874,-0.386501,0.625959,0.0995553,0.738394,0.697503,0.0560957,0.714289,0.0779442,-0.0169683,0.878932,0.335399,-0.684775,0.172979,0.260395,-0.702872,-0.0643968,0.0343646,-0.0766031,0.742043
28.32,0,,36.4474,-3.25902,-6.69048,2.73898,-11.4519,4.10843,23.7712,20.24,-5.62208,27.5197,-2.71749,-10.5758,8.49392,-6.80907,7.28732,7.28732,3.87958,-3.87958,-0.595228,0.595228,0.874931,2.39699,-0.449694,1.57268,-8.00049,0.520202,149.562,-7.32709,3.80342,165.238,28.8732,3.98464,165.112,5.24124,-3.39425,156.966,-0.865487,-0.570963,153.522,-10.6303,0.329211,151.599,-30.61,10.032,149.483,-2.39699,-1.59394,-0.985295,-57.6282,197.268,389.171,364.749,-114.738,249.523,-573.226,-319.819,209.083,157.131,321.687,80.5582,-251.945,124.024,274.415,-712.891,-199.696,-380.832,-375.458,-88.8546,-0.303431,-0.532394,-0.387606,0.632315,0.102059,0.734374,0.700271,0.0565807,0.711623,0.0805724,-0.0133067,0.879399,0.329662,-0.682212,0.172918,0.262287,-0.701161,-0.0723929,0.0501733,-0.080204,0.739721
28.33,0,,35.9251,-2.81011,-6.86293,3.49806,-10.3118,4.0997,24.1151,21.7489,-4.63568,25.8067,-3.36952,-10.8633,7.53535,-6.35002,7.29423,7.29423,3.84432,-3.84432,-0.663855,0.663855,0.633361,5.10628,-0.0988339,1.43229,-7.81956,0.843623,149.765,-7.33805,3.75928,164.013,28.4711,2.99437,164.151,4.47047,-3.61662,156.922,-0.627825,-0.18469,153.747,-10.1364,-0.443889,151.797,-31.5741,10.2145,149.95,-5.10627,-1.5071,-74.2029,-78.1161,222.652,215.336,229.496,-120.115,164.064,-351.1,-44.9,-130.319,-169.824,-128.507,75.6749,-266.095,109.872,302.238,-726.551,-347.661,-794.491,-248.013,167.991,-0.304582,-0.531645,-0.388632,0.636791,0.102175,0.731397,-0.702377,-0.0581092,-0.709397,0.0768481,-0.0145883,0.879877,0.323332,-0.679382,0.173783,0.265582,-0.699387,-0.0804497,0.0720262,-0.0882626,0.734545
28.34,0,,35.4359,-2.20254,-6.92638,4.24252,-9.17637,3.8702,24.4892,23.5503,-3.87307,22.5613,-3.23992,-11.043,6.68135,-5.40289,7.30719,7.30719,3.75824,-3.75824,-0.746486,0.746486,0.637421,9.52593,-0.405219,0.869361,-7.51508,1.19042,150.001,-7.35535,3.66241,162.804,28.062,2.0856,163.173,3.67079,-3.78375,156.763,-0.631786,-0.487627,153.78,-9.49342,-1.2088,151.764,-32.659,10.5722,150.455,-9.52385,-1.0687,-134.782,-101.08,187.996,-4.40335,47.8627,-106.93,37.5989,-196.778,158.674,21.9585,-100.669,60.0539,84.95,-288.077,118.154,326.682,-745.6,-203.134,-907.132,-92.7768,562.977,-0.306115,-0.53062,-0.389557,0.640352,0.100286,0.729041,-0.704189,-0.0595115,-0.707302,0.0785557,-0.0124517,0.880349,0.316239,-0.676486,0.17579,0.270759,-0.697528,-0.0886253,0.10682,-0.10389,0.726434
28.35,0,,34.8747,-1.42232,-6.98727,4.92741,-8.23626,3.61452,24.6984,25.664,-3.21672,18.3702,-2.74381,-10.2721,6.04131,-4.15029,7.3308,7.3308,3.62522,-3.62522,-0.795505,0.795505,0.686141,15.0748,-1.06741,-0.759341,-7.14661,1.53723,150.215,-7.38016,3.52273,161.771,27.5559,1.24294,162.366,2.94177,-3.95157,156.56,-0.681299,-1.15319,153.78,-8.69437,-1.94835,151.659,-33.8766,11.0161,151.004,-15.0686,0.345961,-137.194,-86.9035,175.785,-33.7071,-152.849,-119.621,-40.0501,-52.2321,303.722,104.064,131.307,47.4552,107.923,-300.79,116.703,257.826,-628.424,-128.429,-311.103,246.048,1266.18,-0.307762,-0.529458,-0.390166,0.644161,0.0972987,0.726505,-0.705966,-0.0603667,-0.705173,0.0825236,-0.00805703,0.88078,0.308497,-0.673762,0.179092,0.276869,-0.695408,-0.0976,0.14771,-0.13068,0.714134
28.36,0,,34.2279,-0.473173,-6.99546,5.50431,-7.59618,3.37255,24.7193,27.9801,-2.44786,14.7828,-2.69589,-8.68919,5.60624,-2.79189,7.35239,7.35239,3.47469,-3.47469,-0.819314,0.819314,0.548101,20.0901,-1.31326,-3.10689,-6.81785,1.98924,150.424,-7.40121,3.3687,161.057,26.9416,0.597696,161.833,2.29786,-4.1117,156.417,-0.544643,-1.37842,153.796,-7.735,-2.5939,151.522,-35.1154,11.5208,151.718,-20.0776,2.37971,-98.6314,-73.2369,186.036,39.5522,-332.52,-129.881,-20.025,70.8066,355.463,-7.87641,48.3648,66.9832,91.3075,-326.669,101.077,186.512,-550.786,-222.172,-755.872,-703.616,851.524,-0.309465,-0.528288,-0.390646,0.648115,0.0938173,0.724047,-0.707691,-0.0600628,-0.703175,0.0828301,-0.00567664,0.881282,0.300312,-0.671613,0.183789,0.283105,-0.693357,-0.106821,0.181585,-0.161321,0.698569
28.37,0,,33.4761,0.581434,-6.89056,5.89875,-7.4044,3.01459,24.5171,30.2456,-1.80027,9.81985,-2.80118,-8.04325,5.54528,-0.985524,7.37254,7.37254,3.3142,-3.3142,-0.857129,0.857129,0.448631,26.4083,-1.33673,-4.63772,-6.53322,2.37111,150.633,-7.4214,3.20298,160.843,26.1997,0.275302,161.701,1.75511,-4.2145,156.307,-0.445617,-1.38743,153.697,-6.68989,-3.0569,151.182,-36.1973,12.2332,152.416,-26.3834,3.46101,-62.0056,-66.4157,185.057,82.5336,-430.171,-174.796,12.713,66.8962,337.871,-80.1962,-82.9423,9.23906,19.0416,-360.834,124.024,230.968,-488.289,-212.902,-1398.46,-472.165,961.898,-0.311239,-0.527073,-0.391078,0.652136,0.0900929,0.721903,-0.709117,-0.0578011,-0.701731,0.082219,-0.00500517,0.881764,0.292189,-0.67038,0.189401,0.289627,-0.692297,-0.114691,0.227794,-0.187448,0.679047
28.38,0,,32.6118,1.67804,-6.67718,6.04426,-7.65619,2.55935,24.1058,32.432,-1.34145,3.34814,-2.64324,-7.33532,5.93553,0.833642,7.37513,7.37513,3.14463,-3.14463,-0.91175,0.91175,0.466901,34.0874,-1.56158,-6.17327,-6.22432,2.1451,150.874,-7.42429,3.02645,161.134,25.3483,0.253115,161.998,1.31513,-4.28163,156.181,-0.463442,-1.61266,153.527,-5.60792,-3.28236,150.649,-37.1448,13.1382,152.542,-34.0604,4.7216,-20.997,-64.9349,186.036,112.812,-386.236,-151.369,12.2144,-33.6576,232.894,-14.0821,-58.6505,30.6569,0.491396,-378.428,71.7672,237.288,-365.23,-344.247,-1189.91,-71.7231,1330.97,-0.31325,-0.525847,-0.391562,0.656349,0.0866139,0.719951,-0.71036,-0.0534693,-0.700777,0.0835616,-0.00347919,0.882128,0.284925,-0.670257,0.195932,0.296471,-0.692071,-0.121408,0.284146,-0.216696,0.655947
28.39,0,,31.6498,2.73638,-6.42747,6.04397,-8.2139,2.04673,23.5505,34.5875,-0.953891,-4.199,-2.41172,-5.72182,6.60605,2.45826,7.34289,7.34289,2.97895,-2.97895,-0.985978,0.985978,0.501411,42.7281,-1.85437,-8.31563,-5.95514,1.22355,151.111,-7.39314,2.85168,161.766,24.4262,0.391672,162.591,0.952223,-4.34736,156.077,-0.499091,-1.90659,153.302,-4.54223,-3.37129,149.941,-38.0577,14.1932,151.784,-42.7157,7.18535,0,-91.2973,170.414,168.457,-297.845,-133.301,-1.95265,-146.501,95.7216,4.29623,0.43769,63.4136,88.3898,-328.107,-21.4744,160.664,-161.611,-299.794,-961.843,-357.914,1764.13,-0.315386,-0.524809,-0.39199,0.660748,0.0833183,0.718002,-0.711575,-0.0477313,-0.700039,0.0853906,-0.00158696,0.882349,0.279616,-0.670321,0.203806,0.303923,-0.692143,-0.127637,0.344748,-0.253373,0.627542
28.4,0,,30.6399,3.76392,-6.1706,6.04082,-8.91398,1.5391,22.9161,36.7606,-0.593837,-12.7347,-2.31587,-3.34289,7.37817,4.5701,7.27293,7.27293,2.83101,-2.83101,-1.06721,1.06721,0.511561,52.4112,-2.03598,-10.7766,-5.74553,0.376026,151.347,-7.32449,2.69434,162.551,23.4888,0.600866,163.327,0.651943,-4.43197,156.016,-0.508994,-2.08677,153.06,-3.47312,-3.45788,149.15,-38.9464,15.3942,150.884,-52.4091,10.2892,0.47566,-113.29,150.383,197.761,-185.042,-169.913,-4.90239,-258.297,-97.6762,30.3123,0.875381,7.34925,200.182,-224.628,-99.6035,93.2562,-19.0494,-212.902,-59.0022,-128.428,2407.64,-0.317517,-0.524068,-0.392349,0.665093,0.0803287,0.716122,-0.71281,-0.0415063,-0.69932,0.0864284,-0.000366222,0.882473,0.276202,-0.66972,0.213331,0.311542,-0.692607,-0.133919,0.409629,-0.292679,0.5878
28.41,0,,29.5835,4.8064,-5.90861,6.08894,-9.64583,1.10506,22.212,38.9953,-0.245036,-21.188,-2.28482,1.10771,8.13715,6.28517,7.16093,7.16093,2.68545,-2.68545,-1.11063,1.11063,0.475021,61.8565,-2.17682,-14.8122,-5.54695,-0.890383,151.539,-7.21172,2.54539,163.331,22.5417,0.815493,164.063,0.412683,-4.52847,155.967,-0.473344,-2.22304,152.857,-2.34056,-3.60728,148.338,-39.7838,16.7005,148.533,-61.842,16.4773,-14.6435,-138.172,133.78,202.632,-96.2069,-153.326,17.0753,-414.575,-271.01,-5.48962,-17.0699,19.528,260.255,-130.38,-148.445,157.724,49.8246,-230.47,5314.92,107.936,1625.07,-0.319595,-0.523707,-0.392414,0.669222,0.0772132,0.71439,-0.713978,-0.035647,-0.698596,0.0869158,0.000793473,0.882586,0.273518,-0.66832,0.224259,0.318814,-0.693541,-0.140332,0.46439,-0.341822,0.537942
28.42,0,,28.5135,5.82834,-5.67834,6.15368,-10.2071,0.843138,21.5265,41.1641,0.0450066,-21.7759,-2.218,2.43373,8.68516,8.39274,7.01208,7.01208,2.54032,-2.54032,-1.09522,1.09522,0.472991,63.6868,-2.34113,-16.4443,-5.34837,0.167556,151.671,-7.05943,2.40549,163.875,21.6237,0.922806,164.579,0.184664,-4.62147,155.918,-0.469383,-2.3852,152.758,-1.18057,-3.78358,147.63,-40.505,17.9612,150.949,-63.6867,16.1047,-54.1912,-136.23,123.039,177.732,-92.7617,-149.413,79.103,-593.756,-343.735,-33.1764,4.81459,51.2348,263.664,-37.6082,-148.445,233.908,120.097,-141.113,3431.57,-1329.05,1555.19,-0.32149,-0.523771,-0.39205,0.673064,0.0737336,0.712738,-0.714998,-0.0311904,-0.697846,0.0877738,0.00195324,0.882682,0.271318,-0.666423,0.235854,0.324856,-0.694821,-0.146496,0.471165,-0.351466,0.517739
28.43,0,,27.4316,6.84375,-5.43938,6.19951,-10.4295,0.886791,20.8504,43.2536,0.208781,-15.2105,-2.10392,-2.8407,8.84951,10.1556,6.8402,6.8402,2.3807,-2.3807,-1.02379,1.02379,0.554191,58.5475,-2.49308,-12.52,-5.14097,2.94586,151.759,-6.88147,2.25764,164.018,20.7252,0.890657,164.711,-0.0401443,-4.67601,155.874,-0.552565,-2.54287,152.917,0.0180043,-3.95872,147.256,-41.1357,18.9554,156.365,-58.4233,7.7162,-89.356,-141.595,86.9127,121.579,-125.473,-149.907,118.655,-760.228,-354.486,-31.267,-1.53192,65.9333,218.763,71.2815,-151.37,214.336,203.125,-86.4174,-979.007,-1358.39,2459.47,-0.32332,-0.524075,-0.391316,0.67666,0.0701319,0.711207,-0.715665,-0.0291149,-0.697232,0.0891767,0.00262464,0.882734,0.269364,-0.664224,0.247878,0.328643,-0.695986,-0.152846,0.446872,-0.306419,0.54185
28.44,0,,26.3226,7.7873,-5.20348,6.21784,-10.2483,1.24101,20.216,45.2266,0.346301,-10.1629,-2.02563,-8.66134,8.52141,10.9184,6.64326,6.64326,2.20139,-2.20139,-0.88514,0.88514,0.653661,54.62,-2.5635,-7.8094,-4.95342,4.76754,151.803,-6.67641,2.0981,163.677,19.8349,0.694595,164.387,-0.301885,-4.6914,155.863,-0.651591,-2.62057,153.324,1.19429,-4.10889,147.223,-41.7151,19.6719,159.105,-54.3408,1.13453,-115.721,-148.44,66.899,37.0973,-174.299,-153.326,110.345,-755.34,-289.579,-25.3,-25.386,-1.04989,183.106,190.916,-145.03,70.7869,189.465,-126.461,-1158.16,-603.541,1326.57,-0.325093,-0.524628,-0.39016,0.680223,0.066716,0.709644,-0.716029,-0.0296031,-0.69668,0.0902765,0.00262467,0.882683,0.267786,-0.661804,0.259728,0.330343,-0.696942,-0.159556,0.433318,-0.260699,0.563087
28.45,0,,25.1896,8.68511,-4.96503,6.2336,-9.70113,1.82846,19.5886,47.116,0.468819,-6.8836,-1.87983,-12.4426,7.78157,11.3194,6.43741,6.43741,2.00565,-2.00565,-0.70447,0.70447,0.751101,52.2623,-2.65122,-4.92256,-4.76367,6.02031,151.808,-6.46153,1.92598,162.919,18.9322,0.37039,163.657,-0.586107,-4.65224,155.863,-0.746656,-2.71404,153.923,2.35514,-4.24542,147.437,-42.2568,20.2242,160.874,-51.8569,-2.7943,-125.982,-130.865,53.2183,-21.9778,-208.492,-158.684,43.4568,-553.744,-299.813,-30.3123,-30.8572,-40.9458,145.023,285.164,-111.323,8.29431,132.317,-66.9053,-1031.14,-418.408,761.281,-0.3268,-0.525297,-0.388693,0.683872,0.0637239,0.707982,-0.715991,-0.0324119,-0.696275,0.091434,0.00274668,0.882601,0.266194,-0.659168,0.2712,0.330531,-0.697931,-0.166639,0.425024,-0.232136,0.572619
28.46,0,,23.9741,9.5148,-4.69178,6.23732,-8.90928,2.72149,18.8706,48.9372,0.54383,-4.02522,-1.69961,-14.3077,6.73155,11.3937,6.20247,6.20247,1.7753,-1.7753,-0.455175,0.455175,0.834331,50.2149,-2.77847,-3.8804,-4.56288,7.12696,151.77,-6.21637,1.72584,161.865,17.9726,-0.0144896,162.63,-0.836607,-4.61098,155.874,-0.831818,-2.84468,154.774,3.50398,-4.35736,147.975,-42.7939,20.5566,162.368,-49.6853,-4.59274,-117.692,-109.867,40.0449,-47.8524,-205.565,-164.061,18.0724,-265.629,-226.052,-17.6623,-28.8876,14.0686,117.689,350.089,-60.0479,98.1274,-19.0494,-53.6997,-966.778,-1005.81,-500.502,-0.328576,-0.526162,-0.386747,0.687681,0.0611014,0.706237,-0.715784,-0.0372938,-0.695764,0.0927171,0.00317399,0.88243,0.264363,-0.656421,0.282064,0.328877,-0.698832,-0.17451,0.412742,-0.21809,0.575348
28.47,0,,22.6956,10.2978,-4.39909,6.24563,-8.00329,3.90014,18.0875,50.6484,0.585086,-1.64417,-1.48496,-15.9814,5.55485,10.7623,5.94681,5.94681,1.52268,-1.52268,-0.172266,0.172266,0.931771,48.3639,-2.9576,-2.79168,-4.34445,7.78744,151.715,-5.95131,1.50473,160.684,16.9631,-0.409331,161.471,-1.07105,-4.58301,155.885,-0.928864,-3.02824,155.884,4.6554,-4.4385,148.947,-43.3266,20.4482,163.17,-47.7723,-5.87434,-99.1071,-91.807,31.735,-55.6459,-170.409,-175.29,44.9109,24.9289,-157.236,33.6538,13.1307,33.1766,61.0252,365.223,-14.1525,182.607,-191.893,83.0034,-1011.62,-1089.32,-956.113,-0.330455,-0.527117,-0.384534,0.691685,0.0589019,0.70432,-0.715554,-0.0430932,-0.695045,0.094363,0.00390636,0.882227,0.261673,-0.653785,0.291948,0.325041,-0.698914,-0.182816,0.402007,-0.205643,0.579267
28.48,0,,21.3765,11.0603,-4.08388,6.24334,-7.14554,5.28707,17.2487,52.1991,0.67635,-0.393832,-1.31824,-17.6614,4.39427,9.65216,5.67963,5.67963,1.24431,-1.24431,0.134452,-0.134452,0.960191,47.3194,-3.09227,-1.39786,-4.12822,7.93162,151.638,-5.67673,1.2578,159.536,15.9148,-0.759346,160.339,-1.28622,-4.54036,155.901,-0.958572,-3.16113,157.175,5.81711,-4.46931,150.292,-43.7973,19.909,163.389,-46.7279,-7.11252,-102.539,-87.4133,17.582,-79.1045,-115.73,-180.173,20.9806,265.629,-74.2202,26.2547,14.2249,-18.0582,2.42627,371.58,40.5379,90.7986,-376.955,42.9597,-969.782,-683.124,-134.208,-0.33241,-0.528096,-0.382033,0.695791,0.057011,0.702261,-0.715171,-0.0488296,-0.694357,0.09528,0.00463887,0.882057,0.257886,-0.651461,0.300796,0.3193,-0.698237,-0.190872,0.398404,-0.193922,0.58378
28.49,0,,20.0394,11.8265,-3.77379,6.22987,-6.48782,6.55303,16.3726,53.5606,0.826372,0.442356,-1.23252,-18.6424,3.41598,8.56595,5.40122,5.40122,0.964001,-0.964001,0.441169,-0.441169,0.917561,46.4963,-3.13921,-0.489353,-3.93626,7.9472,151.55,-5.3935,1.00558,158.613,14.8568,-1.02967,159.4,-1.4741,-4.48302,155.929,-0.916981,-3.2028,158.334,6.98482,-4.45371,151.582,-44.1157,19.227,163.455,-45.9192,-7.79744,-100.602,-59.5702,20.0137,-79.5721,-48.3443,-176.278,-28.3342,428.68,-22.4788,-4.29623,-7.87842,-5.8794,-46.8669,343.733,50.2929,-89.8331,-491.704,64.4633,-788.484,-547.397,-174.701,-0.334366,-0.529138,-0.379412,0.699934,0.0554844,0.700056,-0.714706,-0.0534702,-0.69383,0.0952188,0.00512717,0.881933,0.252755,-0.649679,0.308665,0.313555,-0.697304,-0.197093,0.394854,-0.186471,0.587063
28.5,0,,18.7159,12.5732,-3.49696,6.2124,-6.12542,7.58076,15.471,54.7197,0.95264,1.34287,-1.13262,-19.4051,2.73529,7.54886,5.11618,5.11618,0.690611,-0.690611,0.742285,-0.742285,0.876961,45.4395,-3.20716,0.272688,-3.76857,7.85758,151.451,-5.10681,0.756888,158.003,13.8182,-1.22618,158.768,-1.61541,-4.43547,155.967,-0.87539,-3.26473,159.24,8.11823,-4.41704,152.593,-44.2409,18.6818,163.324,-44.8955,-8.17561,-128.904,-43.9373,6.84035,-80.5853,0.963181,-131.838,-65.4345,455.564,14.1426,0,-0.43769,17.0083,-115.232,296.401,53.2171,-192.393,-603.532,86.9153,-807.579,-473.569,-277.902,-0.33626,-0.53024,-0.376729,0.704071,0.0541405,0.697662,-0.714341,-0.0565222,-0.693466,0.0952809,0.00573761,0.88176,0.246475,-0.648477,0.315388,0.308627,-0.696975,-0.201133,0.389004,-0.179883,0.591288
28.51,0,,17.4464,13.3189,-3.2319,6.1723,-6.05953,8.35155,14.5787,55.6963,1.07266,2.23774,-1.02665,-20.1409,2.38329,6.65548,4.84353,4.84353,0.425008,-0.425008,0.929957,-0.929957,0.834331,44.2462,-3.27758,0.957107,-3.70238,7.72899,151.352,-4.83598,0.503783,157.717,12.8253,-1.3498,158.45,-1.71978,-4.39071,155.989,-0.831818,-3.33118,159.894,9.21393,-4.36751,153.273,-44.176,18.3595,163.016,-43.7415,-8.42073,-157.715,-27.3333,16.6023,-89.353,40.0461,-123.041,-64.4374,343.279,-11.728,7.39905,7.87842,-1.88981,-146.497,210.439,32.2339,-187.522,-631.345,69.8214,-926.227,-362.826,-102.97,-0.338151,-0.531214,-0.374102,0.708035,0.0527974,0.695217,-0.714086,-0.0578032,-0.693333,0.0953405,0.00640893,0.881625,0.239335,-0.647811,0.321189,0.304643,-0.697547,-0.203075,0.381983,-0.17329,0.596474
28.52,0,,16.2519,14.1,-2.98782,6.12962,-6.19367,8.86916,13.7097,56.4662,1.22768,2.92045,-0.953077,-20.662,2.25361,6.00785,4.6109,4.6109,0.165894,-0.165894,1.16105,-1.16105,0.757191,43.1045,-3.32452,1.49168,-3.58323,7.51857,151.264,-4.6064,0.259504,157.663,11.8699,-1.43402,158.356,-1.8081,-4.35295,156.011,-0.754578,-3.37172,160.295,10.283,-4.32421,153.663,-43.8894,18.2217,162.675,-42.6453,-8.47395,-182.619,-8.78745,6.3505,-115.228,72.7572,-105.467,-31.2424,161.165,-59.1002,11.6953,5.47113,10.7089,-155.772,136.736,-7.32182,-168.476,-607.893,32.7177,-913.998,-279.313,160.123,-0.339868,-0.53196,-0.37167,0.71184,0.0514561,0.692735,-0.713962,-0.057803,-0.693331,0.0950372,0.00708048,0.88152,0.231705,-0.647444,0.326499,0.301338,-0.699052,-0.202703,0.374723,-0.168225,0.601241
28.53,0,,15.1174,14.9185,-2.76011,6.07061,-6.33486,9.06623,12.8616,57.0292,1.41521,3.4813,-0.880854,-20.9171,2.18548,5.67849,4.42116,4.42116,-0.0759175,0.0759175,1.37253,-1.37253,0.657721,41.9588,-3.36529,1.79947,-3.44423,7.314,151.21,-4.42181,0.0302314,157.668,10.9297,-1.51914,158.318,-1.90445,-4.3096,156.033,-0.657533,-3.40438,160.416,11.3153,-4.29651,153.707,-43.3869,18.2804,162.379,-41.541,-8.32828,-227.059,-11.7247,14.6429,-118.15,97.6517,-81.0521,-46.4066,-23.4625,-98.6536,14.5594,1.96961,-18.0582,-174.323,70.7897,-34.667,-154.301,-563.006,34.6618,-820.882,-301.77,248.053,-0.341516,-0.532387,-0.369655,0.715532,0.0498669,0.690202,-0.713841,-0.0573758,-0.693393,0.0945471,0.0078128,0.881443,0.224194,-0.647189,0.331743,0.298958,-0.701433,-0.199834,0.366597,-0.164804,0.605318
28.54,0,,14.0234,15.7463,-2.55543,5.9695,-6.37839,8.97892,12.0413,57.3834,1.64149,4.06245,-0.82888,-21.0483,2.057,5.59743,4.24784,4.24784,-0.307131,0.307131,1.58401,-1.58401,0.519681,40.6579,-3.39247,2.04111,-3.28095,7.10553,151.182,-4.25481,-0.189553,157.608,10.0131,-1.63461,158.224,-2.0024,-4.26904,156.049,-0.518896,-3.4224,160.267,12.3098,-4.27389,153.444,-42.6793,18.4872,162.104,-40.2814,-8.10558,-239.732,-3.90823,8.29239,-131.828,107.432,-61.0266,-42.9583,-93.7803,-137.69,-7.87641,-0.43769,-25.8274,-180.189,25.8793,-73.7316,-152.852,-479.485,57.1374,-746.002,-394.968,137.678,-0.343153,-0.532674,-0.367873,0.719109,0.0479772,0.687613,-0.713714,-0.0573144,-0.693388,0.0936939,0.00866745,0.881394,0.217118,-0.64702,0.337183,0.297441,-0.704508,-0.19453,0.357015,-0.161569,0.609471
28.55,0,,13.0015,16.6367,-2.3748,5.84203,-6.28426,8.67958,11.2512,57.5901,1.89403,4.71696,-0.793781,-21.2953,1.80181,5.6529,4.12059,4.12059,-0.533369,0.533369,1.86412,-1.86412,0.35728,39.1544,-3.40483,2.47849,-3.05148,6.80744,151.166,-4.13569,-0.398745,157.432,9.11597,-1.78267,158.021,-2.11159,-4.22848,156.082,-0.356494,-3.42352,159.916,13.2975,-4.26648,152.955,-41.8011,18.7943,161.786,-38.8275,-7.99073,-240.242,7.81646,20.9934,-147.454,83.5004,-42.483,-79.103,-104.464,-136.252,-14.0821,-7.87842,-40.5259,-176.749,6.35631,-91.2995,-135.254,-388.188,72.2634,-735.918,-394.968,-57.6167,-0.344623,-0.532682,-0.366353,0.722576,0.045718,0.684977,-0.713548,-0.0578651,-0.693283,0.0925982,0.0095223,0.881301,0.210639,-0.646689,0.343212,0.29653,-0.708119,-0.187269,0.346326,-0.156805,0.614462
28.56,0,,12.0336,17.5392,-2.21157,5.67532,-6.00188,8.24055,10.4798,57.5857,2.15657,5.33987,-0.809981,-21.6646,1.39424,5.76041,4.01377,4.01377,-0.744035,0.744035,2.19044,-2.19044,0.16646,37.5081,-3.40359,3.09879,-2.75362,6.39244,151.171,-4.03907,-0.589843,157.108,8.24237,-1.94976,157.67,-2.21597,-4.22778,156.121,-0.166364,-3.41226,159.443,14.256,-4.24971,152.362,-40.7359,19.1135,161.407,-37.2351,-7.98232,-240.242,16.6039,22.4629,-140.635,61.0508,-30.7603,-139.635,-82.049,-75.1975,-7.39905,-21.4468,-37.1662,-158.69,0.491858,-127.44,-106.948,-297.837,87.8873,-787.197,-382.757,-204.088,-0.346022,-0.532552,-0.365126,0.725853,0.0430922,0.682395,-0.713527,-0.0594504,-0.692836,0.0912526,0.0104376,0.881213,0.205034,-0.646233,0.349761,0.295555,-0.712213,-0.178236,0.334976,-0.150642,0.620267
28.57,0,,11.0987,18.4902,-2.05601,5.50116,-5.5783,7.76535,9.71065,57.4252,2.44536,5.81269,-0.841705,-22.0105,0.843835,5.8628,3.93287,3.93287,-0.94713,0.94713,2.51256,-2.51256,-0.0548101,35.8412,-3.42212,3.72043,-2.46678,5.90926,151.171,-3.97043,-0.773438,156.635,7.36876,-2.12454,157.181,-2.32195,-4.26414,156.154,0.0554546,-3.42014,158.916,15.2325,-4.24113,151.78,-39.5122,19.3496,160.967,-35.6219,-7.97392,-240.242,18.0604,32.7147,-121.112,26.8579,-27.3404,-29.2897,-6.35444,-142.576,-20.0491,-12.2553,-7.34925,-114.249,0.491858,-144.048,-93.7389,-220.199,116.219,-826.674,-320.298,-199.692,-0.347244,-0.532311,-0.363969,0.729018,0.0401009,0.679823,-0.71365,-0.0619531,-0.692043,0.0897903,0.0116587,0.881116,0.200026,-0.645429,0.357019,0.29402,-0.716525,-0.167855,0.323439,-0.144293,0.626369
28.58,0,,10.1983,19.4561,-1.89585,5.30838,-5.00058,7.27643,9.00425,57.1018,2.75291,5.98309,-0.793106,-22.2081,0.188847,5.93703,3.86463,3.86463,-1.13444,1.13444,2.78427,-2.78427,-0.25172,34.3252,-3.47401,4.21991,-2.18877,5.35594,151.193,-3.91534,-0.945117,156.053,6.50487,-2.28438,156.566,-2.47931,-4.25995,156.176,0.251526,-3.46407,158.4,16.2056,-4.22435,151.281,-38.1588,19.4591,160.462,-34.1535,-7.86747,-220.706,30.7561,49.8068,-96.1723,-21.4863,-20.9945,71.2924,45.8776,-104.978,-31.267,2.84499,6.29936,-79.5754,11.2371,-162.107,-93.7389,-134.786,121.577,-780.331,-223.17,-18.0486,-0.348472,-0.531955,-0.36306,0.731989,0.0369291,0.677358,-0.71355,-0.0648238,-0.69127,0.088691,0.0130015,0.88105,0.195813,-0.644268,0.364892,0.291645,-0.720873,-0.156504,0.312645,-0.139048,0.632309
28.59,0,,9.34144,20.4547,-1.75104,5.08868,-4.30992,6.81869,8.36756,56.6487,3.03295,5.93344,-0.664859,-22.1811,-0.546221,5.97628,3.81396,3.81396,-1.3079,1.3079,3.01116,-3.01116,-0.37555,32.8982,-3.56667,4.53242,-1.93503,4.78313,151.226,-3.87755,-1.10532,155.372,5.66177,-2.43969,155.863,-2.68806,-4.22638,156.181,0.376299,-3.55416,157.922,17.1933,-4.1756,150.88,-36.7042,19.4236,159.935,-32.7699,-7.61955,-200.185,22.9396,53.2183,-23.4196,-27.8211,-10.7348,70.2953,90.3587,14.6601,-17.1849,-3.50152,37.5862,-61.0252,21.4904,-181.639,-96.6792,-55.1732,140.141,-683.138,-175.729,122.175,-0.349619,-0.531509,-0.362314,0.73485,0.0339377,0.674909,-0.713291,-0.0679354,-0.690463,0.0883233,0.0142831,0.880974,0.192274,-0.642804,0.373438,0.288357,-0.725104,-0.144423,0.301959,-0.135201,0.637917
28.6,0,,8.49058,21.4459,-1.63284,4.85924,-3.61454,6.42082,7.74946,56.0768,3.26798,5.79577,-0.471814,-21.9826,-1.24543,5.92509,3.76559,3.76559,-1.45541,1.45541,3.10499,-3.10499,-0.438481,31.4567,-3.71368,4.67349,-1.7872,4.29215,151.27,-3.8389,-1.24898,154.713,4.82145,-2.58368,155.165,-2.91126,-4.18653,156.17,0.437695,-3.70056,157.515,18.1775,-4.09992,150.616,-35.1803,19.2209,159.413,-31.3594,-7.2946,-166.99,-15.6329,53.7081,6.35174,-42.4911,4.3889,30.2868,208.998,125.962,8.35377,17.5076,46.8252,-66.8912,54.6719,-189.452,-94.2217,39.0451,129.401,-626.067,-157.763,167.528,-0.350725,-0.531093,-0.361712,0.7377,0.0311902,0.67239,-0.713012,-0.0708678,-0.689634,0.0886896,0.015626,0.880914,0.189585,-0.640901,0.382588,0.284013,-0.729046,-0.131966,0.290736,-0.13197,0.643429
28.61,0,,7.66973,22.3969,-1.54687,4.61605,-2.998,6.10402,7.19643,55.3774,3.50552,5.61634,-0.311843,-21.7562,-1.85261,5.74931,3.69851,3.69851,-1.5828,1.5828,3.11059,-3.11059,-0.485171,29.9449,-3.81993,4.78216,-1.72542,3.83819,151.314,-3.77891,-1.37961,154.13,4.0366,-2.71952,154.561,-3.1441,-4.13688,156.154,0.485227,-3.80529,157.186,19.1472,-3.9872,150.479,-33.5869,18.8976,158.853,-29.8704,-6.99066,-122.55,-64.4494,44.9259,20.497,-44.4175,-11.7227,32.6965,314.44,154.764,20.0491,0.875381,31.7068,-69.8089,118.651,-183.604,-78.1158,73.2352,100.595,-556.123,-95.1629,133.282,-0.351826,-0.530852,-0.361104,0.740441,0.0291147,0.669882,-0.71274,-0.0731845,-0.688874,0.088933,0.0166024,0.880906,0.187637,-0.638661,0.392121,0.278589,-0.732852,-0.119212,0.278942,-0.128362,0.649258
28.62,0,,6.90741,23.3152,-1.49826,4.38174,-2.56971,5.86829,6.72007,54.5548,3.79306,5.4798,-0.207895,-21.5271,-2.30321,5.44982,3.62624,3.62624,-1.68987,1.68987,3.09099,-3.09099,-0.564341,28.2862,-3.87552,4.92728,-1.72763,3.40956,151.33,-3.712,-1.49171,153.719,3.32385,-2.84313,154.127,-3.38336,-4.09352,156.154,0.564448,-3.85935,156.917,20.0971,-3.8499,150.457,-31.9287,18.4406,158.293,-28.2303,-6.76095,-87.3855,-123.049,20.0137,14.6519,-30.2661,2.43194,30.2868,303.686,180.692,-9.30849,-11.1611,22.8877,-90.3247,183.122,-174.317,-45.904,89.8571,76.1753,-524.369,-5.89505,33.7833,-0.352739,-0.530787,-0.36043,0.743015,0.0277112,0.66745,-0.712619,-0.0744053,-0.688204,0.088687,0.0173956,0.880889,0.186344,-0.636062,0.401925,0.272114,-0.73638,-0.106148,0.266137,-0.12379,0.655455
28.63,0,,6.18261,24.1748,-1.47421,4.18237,-2.36616,5.71114,6.32737,53.6222,4.08935,5.40871,-0.100573,-21.2073,-2.56796,5.01295,3.5367,3.5367,-1.77833,1.77833,3.04197,-3.04197,-0.623211,26.4724,-3.93112,5.03595,-1.80706,3.0199,151.308,-3.62605,-1.58792,153.504,2.67905,-2.95271,153.891,-3.63707,-4.04387,156.165,0.623864,-3.91228,156.702,21.017,-3.71337,150.545,-30.2237,17.8457,157.727,-26.4331,-6.53825,-67.8834,-167.957,36.1261,-4.87097,-10.7432,17.0806,22.9332,215.841,144.531,-9.30849,-14.2249,33.5966,-112.806,243.167,-167.978,-32.6945,86.4422,78.1194,-528.231,69.7581,83.5326,-0.353484,-0.530989,-0.359588,0.745398,0.0268568,0.665133,-0.712618,-0.0742832,-0.687715,0.0885694,0.0180679,0.88081,0.185553,-0.633077,0.411756,0.264604,-0.739486,-0.0929012,0.252026,-0.11878,0.661896
28.64,0,,5.48931,24.9942,-1.49058,4.00163,-2.30851,5.62383,5.98579,52.6038,4.38065,5.2022,0.0337492,-20.7051,-2.71318,4.53597,3.44889,3.44889,-1.86268,1.86268,2.96634,-2.96634,-0.655691,24.7476,-4.00895,5.013,-1.94607,2.67894,151.264,-3.54068,-1.68148,153.411,2.07169,-3.089,153.781,-3.90203,-3.98863,156.181,0.655552,-3.9866,156.532,21.9027,-3.57568,150.721,-28.4916,17.1505,157.183,-24.7186,-6.24691,-59.0837,-191.406,31.735,2.45497,15.1516,32.7172,47.3621,123.527,56.6281,-20.5264,-13.1307,9.23906,-131.848,282.705,-166.504,-66.8811,45.4223,77.1474,-433.183,113.831,343.849,-0.354085,-0.53128,-0.358602,0.747828,0.0265512,0.662681,-0.712684,-0.073307,-0.687353,0.0887519,0.0187392,0.880683,0.18507,-0.62986,0.421413,0.256248,-0.742191,-0.0795968,0.238232,-0.114752,0.667879
28.65,0,,4.77952,25.7334,-1.53305,3.8564,-2.30733,5.56396,5.69998,51.4666,4.70569,4.72712,0.183596,-20.025,-2.84585,4.13749,3.32969,3.32969,-1.92541,1.92541,2.95373,-2.95373,-0.684111,23.2461,-4.09049,4.88678,-2.07404,2.35162,151.171,-3.42444,-1.75099,153.328,1.48374,-3.22439,153.688,-4.20552,-3.9215,156.203,0.683279,-4.06543,156.356,22.742,-3.44384,150.918,-26.6975,16.3965,156.689,-23.2254,-5.89675,-62.5153,-187.498,20.9934,10.7551,61.0508,28.3283,30.7438,46.8552,-3.39194,-10.2632,3.50152,18.4781,-152.333,315.432,-155.276,-109.845,-28.8004,70.7935,-227.641,157.201,456.537,-0.354463,-0.531969,-0.357393,0.750169,0.026674,0.660259,-0.712753,-0.071965,-0.686994,0.0889925,0.0194099,0.880525,0.184826,-0.626566,0.430753,0.24727,-0.744616,-0.0658612,0.22585,-0.11207,0.673033
28.66,0,,4.09373,26.4025,-1.55762,3.73609,-2.28262,5.47416,5.4467,50.1733,5.00824,4.19448,0.311168,-19.2892,-3.03171,3.82946,3.20215,3.20215,-1.99051,1.99051,3.16802,-3.16802,-0.684111,21.7384,-4.15596,4.83278,-2.00785,1.89961,151.05,-3.30734,-1.81035,153.197,0.917976,-3.33125,153.539,-4.51704,-3.86346,156.231,0.683279,-4.13188,156.115,23.5136,-3.34945,151.077,-24.8175,15.61,156.266,-21.726,-5.59001,-62.0056,-171.38,8.29239,-6.35174,116.693,4.3889,6.35649,28.8394,-33.2295,-16.7075,1.96961,15.5384,-158.199,330.566,-144.048,-118.666,-67.8865,55.6675,-40.1215,147.517,265.176,-0.354631,-0.532802,-0.356035,0.752246,0.0272235,0.658063,-0.712858,-0.0709257,-0.68649,0.0893618,0.0198378,0.880373,0.184945,-0.623196,0.439656,0.237875,-0.746831,-0.0513351,0.213447,-0.109256,0.677756
28.67,0,,3.44395,27.0054,-1.57911,3.63412,-2.21555,5.34195,5.24686,48.7084,5.29328,3.81081,0.423215,-18.8095,-3.29287,3.57007,3.06107,3.06107,-2.04977,2.04977,3.56577,-3.56577,-0.655691,19.9929,-4.1955,5.11627,-1.79824,1.35214,150.885,-3.18246,-1.85515,152.988,0.392428,-3.41864,153.314,-4.84461,-3.79703,156.252,0.655552,-4.17467,155.796,24.2252,-3.28392,151.187,-22.8213,14.8013,155.893,-19.9866,-5.60822,-78.6197,-159.679,0.979692,-45.3974,119.62,41.989,-0.997097,111.796,-58.1228,-27.9255,-12.2553,1.04989,-164.556,329.582,-130.364,-93.2562,-45.4223,41.0157,-21.8845,148.499,18.5114,-0.354574,-0.533845,-0.354513,0.754057,0.0280162,0.656092,-0.712888,-0.0702572,-0.685908,0.0897875,0.0199595,0.880234,0.185255,-0.619917,0.448091,0.228042,-0.748889,-0.0357689,0.20002,-0.103275,0.682766
28.68,0,,2.8527,27.5598,-1.62465,3.5499,-2.10613,5.12119,5.11441,47.0588,5.59207,3.40795,0.566312,-18.6667,-3.60602,3.40454,2.93756,2.93756,-2.0807,2.0807,3.95792,-3.95792,-0.615091,18.1708,-4.25356,5.73522,-1.60628,0.831933,150.704,-3.0743,-1.87302,152.713,-0.0942936,-3.5006,153.034,-5.19788,-3.71592,156.269,0.613961,-4.23548,155.367,24.8657,-3.25817,151.198,-20.6999,14.0037,155.541,-18.1687,-6.0088,-98.6314,-129.894,-6.3505,-45.904,89.3535,52.7428,-21.4791,190.424,-55.6507,-20.0491,-4.3769,26.8773,-167.965,309.568,-120.609,-84.4791,17.5682,50.2857,-131.736,200.712,162.206,-0.354215,-0.534954,-0.353055,0.755697,0.0286873,0.654254,-0.712849,-0.0697651,-0.68526,0.0903971,0.0201425,0.880105,0.185737,-0.616844,0.455949,0.217966,-0.750888,-0.0189828,0.187018,-0.0940585,0.687952
28.69,0,,2.28847,28.0358,-1.65484,3.46569,-2.02377,4.78069,5.02611,45.2354,5.87962,2.6925,0.699958,-18.5274,-3.90124,3.4745,2.81462,2.81462,-2.10839,2.10839,4.35847,-4.35847,-0.544041,16.6094,-4.30669,6.37847,-1.42094,0.362388,150.49,-2.96671,-1.88847,152.439,-0.554668,-3.56263,152.754,-5.57042,-3.639,156.274,0.542663,-4.29292,154.785,25.4221,-3.29913,151.061,-18.4773,13.2183,155.233,-16.6093,-6.48642,-109.877,-81.0533,-24.4223,-63.946,59.0874,47.3659,-35.6462,272.961,-38.0587,-26.9707,1.53192,40.5259,-152.824,288.569,-109.872,-77.633,75.2101,34.6618,-89.8979,263.733,541.921,-0.35371,-0.53615,-0.351452,0.757145,0.0293604,0.652583,-0.712858,-0.0691556,-0.684537,0.0911889,0.0201421,0.880028,0.186477,-0.614,0.46317,0.208079,-0.75266,-0.000915571,0.17622,-0.0850885,0.692306
28.7,0,,1.76024,28.4445,-1.68554,3.37231,-2.01435,4.31048,4.99358,43.2888,6.12965,1.71639,0.809981,-18.1375,-4.12654,3.79789,2.68938,2.68938,-2.1311,2.1311,4.73942,-4.73942,-0.41818,15.2961,-4.34869,6.78277,-1.26207,-0.0116899,150.276,-2.85625,-1.90171,152.23,-0.969282,-3.62149,152.545,-5.9542,-3.56907,156.28,0.41789,-4.33909,154.044,25.9056,-3.40484,150.775,-16.1914,12.4491,155.008,-15.2961,-6.77916,-138.179,-39.5435,-27.3439,-126.45,40.5277,19.5315,-69.8383,368.627,-39.036,-19.0943,9.84803,43.0456,-171.866,242.675,-103.51,-22.4693,160.171,45.4017,148.042,308.086,755.959,-0.353172,-0.537389,-0.349815,-0.758453,-0.0300915,-0.651027,-0.712976,-0.0680565,-0.6838,0.0922915,0.0197767,0.879943,0.187447,-0.611356,0.46987,0.198561,-0.754139,0.0181897,0.1667,-0.0784972,0.695549
28.71,0,,1.23202,28.774,-1.70294,3.27606,-2.14613,3.72303,4.99591,41.2345,6.35469,0.947906,0.895029,-17.3963,-4.17435,4.24159,2.55061,2.55061,-2.14516,2.14516,5.15258,-5.15258,-0.24563,13.7532,-4.38699,6.85162,-1.03702,-0.356543,150.056,-2.7328,-1.90745,152.158,-1.36587,-3.66225,152.474,-6.35243,-3.51732,156.252,0.245584,-4.38301,153.17,26.3155,-3.57139,150.369,-13.8633,11.6657,154.844,-13.7532,-6.76375,-135.733,16.1184,-23.9325,-156.728,83.0188,-34.1802,-107.437,425.747,-42.9454,9.78585,21.8845,32.1267,-169.439,213.391,-103.019,60.5617,305.16,21.4799,324.19,188.922,543.541,-0.352625,-0.538734,-0.348169,-0.759602,-0.0308236,-0.649614,-0.713297,-0.0660437,-0.683083,0.0936952,0.0191663,0.880003,0.188617,-0.608946,0.475999,0.189341,-0.755165,0.0381489,0.154309,-0.0738585,0.698359
28.72,0,,0.691792,29.0381,-1.71727,3.15117,-2.40734,3.0807,5.00985,39.1119,6.59222,0.70303,0.957127,-16.6381,-4.05782,4.62044,2.4006,2.4006,-2.16419,2.16419,5.57834,-5.57834,-0.0710501,11.6665,-4.42529,6.89482,-0.765629,-0.738414,149.847,-2.59955,-1.92069,152.23,-1.75414,-3.71387,152.545,-6.75388,-3.48796,156.192,0.0712987,-4.42355,152.242,26.6644,-3.75901,149.908,-11.5261,10.8266,154.673,-11.6665,-6.74274,-153.332,55.662,-40.0449,-180.654,175.299,-87.398,-121.563,376.937,-42.4854,41.5302,34.1398,4.40955,-170.914,189.933,-86.4332,128.891,446.282,21.9778,311.961,49.8272,49.7493,-0.352197,-0.540076,-0.34652,-0.760768,-0.0313731,-0.648154,-0.713826,-0.0631732,-0.682392,0.0950966,0.0185554,0.880162,0.18989,-0.606843,0.481592,0.18012,-0.755575,0.0584733,0.137455,-0.06769,0.701681
28.73,0,,0.151564,29.2294,-1.75769,3.01053,-2.81798,2.4234,5.054,36.9344,6.88351,0.68836,0.978727,-16.0308,-3.75004,4.87557,2.25319,2.25319,-2.1869,2.1869,6.00831,-6.00831,0.0812001,9.346,-4.43641,7.10676,-0.447904,-1.22744,149.666,-2.46976,-1.939,152.472,-2.13409,-3.80578,152.798,-7.1778,-3.47327,156.121,-0.0812013,-4.43707,151.313,26.9345,-3.95755,149.441,-9.21604,9.90131,154.432,-9.34392,-6.90522,-154.284,83.5051,-52.7284,-192.89,289.547,-110.843,-71.2924,217.308,-5.86402,46.7811,15.538,19.1081,-172.848,170.902,-81.5445,131.349,547.371,-28.3316,208.975,83.9343,-88.3919,-0.351898,-0.541306,-0.345,-0.762098,-0.0314947,-0.646496,-0.71456,-0.0590838,-0.681783,0.0961956,0.0178841,0.88041,0.191357,-0.605017,0.48648,0.170602,-0.755227,0.0786784,0.119211,-0.0592695,0.705497
28.74,0,,-0.391665,29.348,-1.8631,2.83723,-3.26038,1.81349,5.15159,34.7107,7.25982,0.557459,0.966577,-15.2438,-3.36458,5.02148,2.10665,2.10665,-2.2055,2.2055,6.43547,-6.43547,0.20097,7.13514,-4.42282,7.21273,-0.0882569,-1.7944,149.507,-2.34055,-1.95555,152.779,-2.50987,-3.96834,153.111,-7.6499,-3.46977,156.033,-0.202013,-4.42355,150.462,27.1342,-4.10655,149.046,-6.93466,8.85443,154.135,-7.131,-6.98786,-151.362,75.2031,-56.6472,-21.0036,366.713,-78.6202,15.1226,13.1977,35.1841,24.8226,16.1945,-22.4677,-181.141,174.799,-66.4098,95.7138,564.94,38.0758,207.044,77.1971,-71.7316,-0.351708,-0.542456,-0.343651,-0.763788,-0.0307639,-0.644456,-0.715439,-0.0543247,-0.681074,0.0969268,0.0172124,0.880764,0.193067,-0.603556,0.490755,0.160292,-0.754031,0.098458,0.101568,-0.0518218,0.709207
28.75,0,,-0.892876,29.4133,-1.98233,2.61581,-3.60866,1.2884,5.32819,32.4628,7.73864,0.098176,0.983452,-14.075,-3.04008,5.05902,1.9673,1.9673,-2.23773,2.23773,6.83742,-6.83742,0.26796,5.25105,-4.4117,7.00011,0.275803,-2.42566,149.392,-2.2197,-1.98755,153.026,-2.85654,-4.15897,153.38,-8.17338,-3.4432,155.956,-0.26737,-4.41116,149.742,27.2757,-4.1873,148.744,-4.68195,7.73052,153.794,-5.24691,-6.77776,-139.164,39.5435,-48.8271,69.3236,381.827,-86.429,80.0586,-182.114,127.916,19.0943,-26.918,-2.51974,-187.99,181.155,-55.6726,98.1274,544.45,41.0157,328.052,22.0363,-207.096,-0.351771,-0.543373,-0.342493,-0.765585,-0.0291146,-0.642352,-0.716208,-0.049501,-0.680318,0.0972942,0.0168464,0.88108,0.194838,-0.602519,0.494357,0.149057,-0.752242,0.1175,0.0856962,-0.0477921,0.71267
28.76,0,,-1.35507,29.3872,-2.08978,2.37978,-3.81456,0.810709,5.58612,30.1775,8.29872,-0.612754,1.04083,-12.6601,-2.86736,4.97881,1.8196,1.8196,-2.25503,2.25503,7.19176,-7.19176,0.28217,3.62341,-4.41911,6.59581,0.582496,-3.10952,149.293,-2.0876,-2.00939,153.153,-3.16161,-4.32107,153.528,-8.73379,-3.39705,155.901,-0.281234,-4.4168,149.094,27.3434,-4.22162,148.481,-2.45339,6.54683,153.366,-3.6172,-6.39958,-114.26,-31.7271,-51.7662,46.3716,306.143,-41.989,141.588,-258.297,141.139,-40.0981,-21.4468,-18.4781,-188.481,204.575,-35.6492,46.3867,481.46,16.5959,402.288,-51.2308,-427.844,-0.351889,-0.544344,-0.341451,-0.767193,-0.0265518,-0.640538,-0.716837,-0.0451686,-0.679421,0.0974187,0.0168468,0.881285,0.196793,-0.601917,0.497233,0.137217,-0.74987,0.136057,0.0714129,-0.0458995,0.716326
28.77,0,,-1.80076,29.2752,-2.19212,2.12828,-3.83927,0.370432,5.86264,27.846,8.8213,-1.78184,1.16705,-11.2433,-2.87872,4.77062,1.65866,1.65866,-2.25698,2.25698,7.48307,-7.48307,0.3248,2.44249,-4.44876,6.29274,0.816377,-3.85183,149.194,-1.93849,-2.02175,153.092,-3.44726,-4.45736,153.49,-9.29421,-3.30055,155.857,-0.324805,-4.44382,148.495,27.3451,-4.21148,148.228,-0.230854,5.29523,152.817,-2.43835,-6.12786,-82.5269,-95.691,-63.47,26.3811,179.189,32.7172,81.0557,-116.195,103.54,-16.2302,-23.8541,7.34925,-181.632,212.407,-8.30402,-39.0579,415.054,23.9218,509.779,-22.4573,5.78481,-0.352012,-0.545444,-0.340414,-0.768681,-0.0232564,-0.638909,-0.717083,-0.0418726,-0.678568,0.0978479,0.0168472,0.881425,0.199044,-0.601648,0.499593,0.124826,-0.746882,0.154369,0.0611589,-0.0444348,0.720357
28.78,0,,-2.27496,29.0726,-2.33694,1.91975,-3.76868,-0.0449008,6.12754,25.4903,9.34263,-3.41133,1.31352,-9.66933,-3.0347,4.51122,1.46864,1.46864,-2.20658,2.20658,7.75758,-7.75758,0.35119,1.73105,-4.49571,5.88304,0.979652,-4.59999,149.067,-1.75303,-1.98821,152.911,-3.7343,-4.5846,153.331,-9.84659,-3.20056,155.841,-0.350552,-4.49,147.929,27.2971,-4.1795,147.959,1.99168,4.04971,152.218,-1.72484,-5.74408,-52.7303,-157.713,-85.933,-5.37755,26.8579,128.418,47.3621,112.285,72.2655,-2.86415,-11.8176,-11.7588,-191.89,218.763,10.7372,-65.4329,363.296,65.4354,682.709,83.5132,463.479,-0.351896,-0.54698,-0.339383,-0.770169,-0.0194099,-0.637291,-0.717243,-0.0393687,-0.677569,0.098271,0.0170296,0.881448,0.20136,-0.6017,0.501417,0.11219,-0.743637,0.172435,0.0544448,-0.0452893,0.724385
28.79,0,,-2.79268,28.7721,-2.48635,1.73213,-3.70043,-0.536316,6.39244,23.0906,9.91146,-5.32746,1.47821,-7.79799,-3.2104,4.31753,1.25069,1.25069,-2.12634,2.12634,8.04048,-8.04048,0.34104,1.32569,-4.53277,5.16487,1.12969,-5.35983,148.93,-1.53585,-1.93039,152.724,-4.03244,-4.69146,153.16,-10.407,-3.07469,155.841,-0.340649,-4.52603,147.287,27.1814,-4.17716,147.558,4.2127,2.85486,151.609,-1.31948,-5.04095,-24.4285,-182.133,-127.447,15.6261,-133.771,176.278,9.26469,263.185,38.5761,-24.8226,-5.90882,-8.8191,-193.364,213.391,35.6492,-28.306,326.185,34.1876,913.998,99.093,784.188,-0.351711,-0.548808,-0.338343,-0.771597,-0.0151988,-0.635723,-0.717253,-0.0368057,-0.676663,0.0983914,0.0173345,0.881433,0.203742,-0.60213,0.502579,0.100101,-0.740323,0.190742,0.0493794,-0.0496846,0.728301
28.8,0,,-3.34791,28.3456,-2.59739,1.58318,-3.73808,-1.15495,6.66663,20.6667,10.484,-7.27292,1.61186,-5.66612,-3.32633,4.25012,1.00769,1.00769,-2.00349,2.00349,8.38502,-8.38502,0.3451,1.02374,-4.56365,4.12744,1.304,-6.1567,148.754,-1.28896,-1.83507,152.603,-4.33612,-4.7304,153.05,-10.9851,-2.97259,155.835,-0.34461,-4.55531,146.485,26.9619,-4.2302,146.949,6.37639,1.72994,150.982,-1.0196,-4.01707,6.35345,-164.558,-177.254,63.4784,-213.382,149.413,-20.9806,309.552,-1.95467,-10.2632,-4.81459,14.0686,-191.399,211.915,54.1993,63.9847,291.994,3.9119,1243.55,-75.2321,821.674,-0.351217,-0.551057,-0.337178,-0.772657,-0.0114748,-0.634532,-0.717439,-0.033815,-0.675628,0.0985805,0.0175186,0.881426,0.206367,-0.603049,0.502887,0.0894845,-0.736935,0.209367,0.044375,-0.057071,0.732218
28.81,0,,-3.88964,27.8267,-2.65368,1.4749,-3.88281,-1.9694,6.98033,18.2472,11.0679,-8.53792,1.74551,-3.98794,-3.32454,4.31156,0.765268,0.765268,-1.8616,1.8616,8.79818,-8.79818,0.3654,0.138567,-4.60689,3.37957,1.55994,-7.05487,148.579,-1.04092,-1.72275,152.576,-4.62177,-4.70595,153.045,-11.584,-2.88379,155.813,-0.366396,-4.59698,145.479,26.6387,-4.39247,146.098,8.44804,0.640494,150.318,-0.136498,-3.36297,17.0898,-148.925,-180.176,41.033,-188.487,116.22,16.6183,278.338,-3.39194,-1.43208,-4.81459,-7.76921,-158.69,200.678,64.9365,181.158,343.753,-62.9934,1407.69,-146.955,17.123,-0.350608,-0.55338,-0.336081,-0.773268,-0.00921647,-0.6338,-0.71774,-0.0300915,-0.674587,0.0989459,0.0177016,0.881479,0.209121,-0.604289,0.502292,0.0806919,-0.733307,0.228403,0.0356466,-0.0598789,0.736676
28.82,0,,-4.43737,27.2098,-2.66494,1.42391,-4.12401,-2.8986,7.3312,15.8366,11.708,-9.17776,1.87106,-3.18208,-3.25103,4.43102,0.522271,0.522271,-1.7102,1.7102,9.29817,-9.29817,0.36743,-1.28019,-4.65261,3.3357,1.88429,-8.09917,148.381,-0.79172,-1.60337,152.636,-4.90604,-4.63939,153.116,-12.2183,-2.80757,155.791,-0.368377,-4.63977,144.337,26.2083,-4.64406,145.077,10.4141,-0.437806,149.576,1.26571,-3.51564,38.5624,-107.416,-158.693,8.80671,-100.097,64.9405,56.6268,203.132,-35.1841,-2.38679,-0.875381,-18.0582,-103.531,198.256,95.206,232.899,463.398,-106.925,1155.8,136.288,249.904,-0.349885,-0.555775,-0.33493,-0.773564,-0.00854497,-0.633365,-0.718161,-0.0256966,-0.673482,0.0991873,0.0180063,0.881516,0.212104,-0.605672,0.50081,0.0733076,-0.729414,0.247451,0.0247813,-0.0546899,0.741792
28.83,0,,-4.9701,26.5341,-2.64651,1.40959,-4.36404,-3.84526,7.7239,13.5051,12.3843,-9.90562,2.00605,-2.29358,-3.1584,4.5573,0.284168,0.284168,-1.56593,1.56593,9.82197,-9.82197,0.37149,-2.48179,-4.7082,3.20206,2.25276,-9.19023,148.2,-0.547138,-1.49458,152.702,-5.18337,-4.55562,153.199,-12.8895,-2.73135,155.77,-0.370357,-4.6927,143.194,25.7085,-4.93075,144.001,12.2398,-1.52928,148.824,2.45076,-3.59828,24.4285,-90.3263,-122.077,20.497,18.0782,-8.30281,76.1533,129.882,-49.3268,-7.87641,-0.43769,1.88981,-47.8497,161.14,127.931,216.793,605.959,-167.975,1365.2,411.671,736.753,-0.349257,-0.558066,-0.333814,-0.773661,-0.00921679,-0.63309,-0.718607,-0.0209973,-0.672279,0.0994919,0.0183724,0.881571,0.215154,-0.607069,0.498668,0.0667154,-0.725202,0.265702,0.0155036,-0.0507836,0.746739
28.84,0,,-5.4668,25.8164,-2.61325,1.45943,-4.56289,-4.69588,8.17237,11.3121,13.0882,-10.4484,2.16602,-1.10861,-3.10342,4.65799,0.0532636,0.0532636,-1.42145,1.42145,10.336,-10.336,0.37555,-3.69993,-4.76379,2.68571,2.6102,-10.215,148.013,-0.307458,-1.38888,152.719,-5.43436,-4.456,153.232,-13.5896,-2.62995,155.737,-0.374318,-4.74563,142.162,25.1649,-5.21706,142.979,13.8859,-2.59339,148.11,3.63995,-3.34196,7.81441,-81.0533,-112.297,-3.42916,99.1335,-69.3294,69.3398,87.4259,-6.84136,-3.34151,3.93921,10.289,-3.90045,98.6364,156.258,143.066,687.506,-159.179,1676.74,358.335,192.287,-0.348591,-0.560334,-0.33266,-0.77356,-0.010743,-0.632985,-0.718905,-0.0163582,-0.671051,0.0997992,0.0187391,0.881651,0.218393,-0.608179,0.496175,0.060612,-0.720935,0.282307,0.0052492,-0.0498063,0.751368
28.85,0,,-5.91099,25.0838,-2.55441,1.57659,-4.71114,-5.31202,8.69288,9.31498,13.8295,-10.4484,2.34354,-0.225495,-3.10402,4.57949,-0.171019,-0.171019,-1.27632,1.27632,10.8486,-10.8486,0.36946,-5.25932,-4.81815,2.2328,2.96102,-11.2262,147.821,-0.0721056,-1.28583,152.675,-5.64652,-4.32605,153.199,-14.3187,-2.51038,155.704,-0.370357,-4.79969,141.381,24.6128,-5.44641,142.156,15.3299,-3.55008,147.39,5.15798,-3.25932,3.9072,-63.9639,-114.746,-4.87097,156.258,-101.078,57.1253,120.106,-11.2106,-1.90943,0,7.34925,13.6669,-1.47557,175.3,108.397,714.372,-150.383,1709.56,309.63,17.5858,-0.347862,-0.562597,-0.331442,-0.773189,-0.0125742,-0.633164,-0.7191,-0.0119026,-0.66972,0.100041,0.0191658,0.881749,0.221871,-0.608786,0.49367,0.0545098,-0.717113,0.296294,-0.00732476,-0.0466954,0.756038
28.86,0,,-6.34768,24.3437,-2.47612,1.72697,-4.79821,-5.69368,9.24823,7.51797,14.6047,-10.0726,2.51769,0.407867,-3.18291,4.29705,-0.405667,-0.405667,-1.13552,1.13552,11.371,-11.371,0.35322,-7.00692,-4.85521,1.82579,3.30522,-12.2647,147.606,0.173919,-1.19315,152.554,-5.84343,-4.18025,153.089,-15.0734,-2.37612,155.671,-0.352533,-4.83573,140.832,24.0829,-5.604,141.53,16.5928,-4.3882,146.622,6.84766,-3.32095,1.93661,-63.4784,-109.376,13.1711,203.602,-80.5581,77.6489,143.08,12.188,-2.86415,-1.53192,5.45945,7.30951,-119.635,177.733,68.856,637.681,-176.272,1592.2,206.046,-172.85,-0.347138,-0.564932,-0.330047,-0.772726,-0.0142216,-0.63344,-0.71921,-0.00775182,-0.668243,0.100106,0.0195329,0.88185,0.225787,-0.608751,0.491616,0.0484053,-0.713811,0.307829,-0.0209969,-0.0421158,0.760832
28.87,0,,-6.76185,23.6111,-2.40346,1.90829,-4.88292,-5.9082,9.85936,5.91452,15.4398,-9.68331,2.70871,0.910065,-3.29944,3.82605,-0.633981,-0.633981,-0.98563,0.98563,11.9158,-11.9158,0.31262,-8.57872,-4.88363,1.47143,3.62957,-13.3694,147.365,0.416771,-1.09517,152.395,-6.02231,-4.03354,152.941,-15.8634,-2.21738,155.649,-0.310942,-4.86388,140.442,23.5685,-5.70775,141.041,17.6807,-5.12294,145.759,8.345,-3.46942,-9.27536,-98.1427,-134.76,7.32593,208.973,-26.3714,111.342,174.293,14.6601,-7.39905,-6.7842,-19.528,-6.84883,-191.408,150.387,25.4096,515.156,-189.454,1755.91,86.8818,-295.951,-0.346213,-0.567357,-0.328511,-0.772242,-0.0155645,-0.633748,-0.719198,-0.00354014,-0.666706,0.0999794,0.0199593,0.88193,0.230242,-0.60814,0.490089,0.0427267,-0.710911,0.317398,-0.0328996,-0.0374775,0.765848
28.88,0,,-7.14901,22.9064,-2.33387,2.06698,-4.95587,-6.07159,10.5286,4.53322,16.3474,-9.34026,2.88691,1.11759,-3.45542,3.23815,-0.859991,-0.859991,-0.842446,0.842446,12.3906,-12.3906,0.22939,-9.8982,-4.88239,1.39989,3.85462,-14.4936,147.085,0.659046,-1.00734,152.186,-6.17623,-3.8968,152.743,-16.6856,-2.04886,155.621,-0.22974,-4.86726,140.063,23.0875,-5.77835,140.553,18.5769,-5.78269,144.771,9.57969,-3.90082,10.2607,-117.198,-126.468,37.6039,216.308,26.3714,118.156,195.8,15.12,-38.666,10.2857,-34.6465,-42.9664,-215.32,149.405,-41.5155,375.474,-183.101,1955.65,29.3349,-471.115,-0.345163,-0.56984,-0.32673,-0.771801,-0.0165408,-0.634042,-0.719146,0.000610377,-0.665006,0.0994294,0.0204474,0.882047,0.234818,-0.607401,0.488985,0.0382722,-0.708188,0.32571,-0.0419954,-0.0313134,0.771238
28.89,0,,-7.52717,22.227,-2.2699,2.19302,-5.03118,-6.28612,11.2512,3.38067,17.3288,-8.84261,3.00638,0.873231,-3.64785,2.64342,-1.08312,-1.08312,-0.709645,0.709645,12.7169,-12.7169,0.11774,-11.1598,-4.81321,1.71982,3.88772,-15.5612,146.777,0.900167,-0.930773,151.955,-6.31906,-3.7768,152.523,-17.5511,-1.87474,155.61,-0.116851,-4.80419,139.596,22.6271,-5.85168,139.982,19.2665,-6.3715,143.65,10.7461,-4.74961,24.9042,-153.805,-143.07,78.5979,221.198,65.4345,177.234,217.308,48.3495,-23.3906,2.4073,0,-82.0324,-217.288,139.65,-93.7389,288.086,-145.997,2036.54,53.1958,-550.251,-0.344016,-0.572363,-0.324727,-0.771454,-0.0173347,-0.634242,-0.719086,0.00488303,-0.663115,0.0983304,0.0206305,0.882166,0.239208,-0.60684,0.487999,0.0357676,-0.705585,0.333261,-0.0496867,-0.0220355,0.77692
28.9,0,,-7.86332,21.5523,-2.20799,2.30129,-5.12648,-6.64408,12.032,2.48766,18.3852,-8.19036,3.0597,0.141047,-3.85761,2.17071,-1.2979,-1.2979,-0.572085,0.572085,13.1216,-13.1216,-0.0446601,-12.3179,-4.65631,2.40964,3.95612,-16.7575,146.448,1.13408,-0.851775,151.714,-6.4286,-3.65591,152.287,-18.4407,-1.68594,155.61,0.045552,-4.66005,138.942,22.1505,-5.95973,139.241,19.6799,-6.86809,142.436,11.7864,-6.013,48.8231,-196.771,-141.6,123.06,249.019,13.6797,198.256,230.436,82.4988,-19.0943,5.47113,3.35966,-97.1735,-184.068,150.879,-158.689,348.649,-71.2914,2048.34,206.607,-593.29,-0.342676,-0.574931,-0.322594,-0.771014,-0.0184331,-0.634537,-0.718953,0.00927761,-0.661152,0.0964405,0.0205089,0.882308,0.243246,-0.606742,0.486676,0.0361961,-0.703107,0.34017,-0.0556656,-0.0097659,0.782554
28.91,0,,-8.15744,20.8887,-2.11076,2.40012,-5.25238,-7.14921,12.8639,1.8674,19.5029,-7.35868,3.05295,-0.863349,-4.09427,1.91814,-1.5029,-1.5029,-0.437986,0.437986,13.5432,-13.5432,-0.24563,-13.3934,-4.42899,3.26348,3.98701,-17.9246,146.09,1.35847,-0.777631,151.483,-6.50487,-3.50558,152.056,-19.3512,-1.49084,155.654,0.245584,-4.44608,138.107,21.6609,-6.11654,138.34,19.8066,-7.2836,141.245,12.7316,-7.45428,62.0056,-245.126,-159.182,107.434,284.657,-16.6056,216.328,266.607,106.472,-7.87641,-0.875381,8.8191,-83.5066,-164.545,175.791,-176.287,511.7,-106.451,2150.47,449.287,-950.791,-0.341209,-0.577492,-0.320334,-0.770301,-0.0200815,-0.635102,-0.718791,0.0138558,-0.659095,0.0939376,0.0200815,0.882366,0.246666,-0.607173,0.484847,0.0395525,-0.700652,0.346389,-0.060733,0.00366229,0.787637
28.92,0,,-8.41705,20.2447,-1.99768,2.48949,-5.43593,-7.74165,13.7608,1.56386,20.7218,-6.37015,2.98613,-2.29178,-4.30882,1.90279,-1.68802,-1.68802,-0.296316,0.296316,13.9774,-13.9774,-0.503441,-14.3261,-4.13373,4.41295,3.99363,-18.9689,145.712,1.56642,-0.695542,151.28,-6.56311,-3.33668,151.848,-20.305,-1.29784,155.698,0.501072,-4.16904,137.157,21.1662,-6.28036,137.358,19.6135,-7.56027,140.163,13.5319,-9.15747,77.6344,-271.489,-186.526,77.6237,292.474,-28.3283,209.972,291.536,129.411,-11.6953,5.90882,-10.289,-36.1176,-165.037,187.51,-172.381,616.698,-52.7276,1974.54,711.897,-2575.63,-0.339501,-0.580057,-0.318015,-0.769398,-0.0220351,-0.635844,-0.71865,0.0188604,-0.656881,0.0907053,0.0195328,0.882454,0.249407,-0.608259,0.482456,0.0457794,-0.698472,0.351281,-0.0643348,0.018922,0.791611
28.93,0,,-8.62564,19.5774,-1.84417,2.55193,-5.67125,-8.15698,14.7182,1.49348,22.0245,-4.28476,2.86868,-4.43264,-4.54308,1.8678,-1.85645,-1.85645,-0.15097,0.15097,14.4339,-14.4339,-0.812001,-16.1502,-3.76434,5.70147,3.95391,-19.9235,145.3,1.76024,-0.609262,151.098,-6.58807,-3.12613,151.655,-21.2877,-1.08666,155.786,0.810033,-3.81993,136.372,20.657,-6.33107,136.567,19.1759,-7.57344,139.07,15.1596,-11.3369,94.2485,-243.16,-152.342,65.9334,288.102,-19.5315,201.164,327.149,123.547,16.7075,-16.6322,31.7068,32.7085,-188.003,190.925,-72.7618,643.564,-52.7276,1945.36,798.358,-2593.68,-0.337556,-0.582635,-0.315581,-0.768172,-0.0241713,-0.636939,-0.718411,0.0241708,-0.654627,0.0867354,0.0187387,0.88243,0.252022,-0.609882,0.479507,0.053225,-0.697418,0.353531,-0.0744079,0.039554,0.794193
28.94,0,,-8.82372,18.87,-1.68452,2.5969,-5.95128,-8.22808,15.7545,1.60565,23.4435,-2.32801,2.68846,-5.55113,-4.79049,1.58537,-2.04503,-2.04503,0.0242244,-0.0242244,14.9031,-14.9031,-1.19161,-17.6497,-3.32082,5.88304,3.87227,-20.7613,144.871,1.98233,-0.502679,150.934,-6.57698,-2.89067,151.469,-22.3154,-0.874786,155.912,1.18831,-3.401,135.943,20.1803,-6.20937,136.139,18.586,-7.32109,138.092,16.4687,-12.3173,87.8951,-175.773,-139.169,81.5594,287.584,26.8464,200.209,369.116,159.191,18.617,-3.50152,-5.8794,118.15,-208.51,147.463,18.5635,613.283,-158.681,1294.83,265.137,-1675.74,-0.335472,-0.585488,-0.31307,-0.766719,-0.0263691,-0.638292,-0.718174,0.0298476,-0.652191,0.0819152,0.0178236,0.882328,0.254652,-0.611786,0.476404,0.0602443,-0.697722,0.352554,-0.0841735,0.049381,0.797176
28.95,0,,-8.97678,18.2279,-1.48495,2.64588,-6.21484,-8.10834,16.8838,1.95098,24.9987,-3.07844,2.48462,-5.31216,-5.0648,0.860947,-2.23304,-2.23304,0.20634,-0.20634,15.3527,-15.3527,-1.65242,-16.0737,-2.82788,5.78584,3.76195,-21.8037,144.465,2.20788,-0.392567,150.78,-6.52567,-2.60451,151.271,-23.3945,-0.648922,156.066,1.64779,-2.93702,135.723,19.791,-6.02955,135.958,17.8527,-6.91673,137.224,14.8969,-11.8943,95.1999,-119.14,-146.481,89.353,291.51,57.6257,226.549,386.713,186.499,12.1726,-19.4772,-12.1788,219.715,-190.916,122.06,-4.38853,511.7,-247.066,831.609,253.487,-211.03,-0.333462,-0.588304,-0.310694,-0.764887,-0.0287496,-0.640061,-0.717869,0.0358294,-0.649567,0.0762993,0.01703,0.882142,0.256852,-0.613563,0.473662,0.0671439,-0.698724,0.34927,-0.0718431,0.0426053,0.803337
28.96,0,,-9.06532,17.6969,-1.22399,2.69859,-6.50194,-7.9225,18.1177,2.58884,26.6852,-4.2746,2.2936,-5.91857,-5.33552,0.495748,-2.40463,-2.40463,0.383481,-0.383481,15.7869,-15.7869,-2.17616,-13.7925,-2.3263,6.6606,3.62074,-22.4154,144.042,2.41814,-0.285543,150.626,-6.43276,-2.25675,151.062,-24.5378,-0.407674,156.22,2.17263,-2.46404,135.553,19.5021,-5.85246,135.842,16.9278,-6.32387,136.829,12.7316,-12.0078,82.0173,-51.7537,-92.7733,62.9718,321.776,68.8544,261.239,404.31,190.926,-5.48962,-23.4164,-19.948,316.889,-161.14,97.6615,74.21,251.962,-202.138,-178.723,405.776,373.004,-0.331328,-0.591056,-0.308255,-0.762617,-0.0312518,-0.64231,-0.717504,0.0421774,-0.646699,0.0701948,0.0165416,0.881952,0.258558,-0.615143,0.471581,0.0753804,-0.700457,0.344247,-0.0532866,0.0397971,0.806623
28.97,0,,-9.06682,17.1892,-0.917479,2.70489,-6.73961,-7.5633,19.484,3.19591,28.4254,-3.91688,2.16467,-9.43844,-5.61341,-0.145909,-2.56558,-2.56558,0.534667,-0.534667,16.172,-16.172,-2.68163,-13.2259,-1.8939,9.59267,3.47512,-23.1344,143.652,2.61282,-0.201469,150.461,-6.27746,-1.87278,150.82,-25.7518,-0.171321,156.357,2.67568,-2.05637,135.586,19.2398,-5.59697,135.908,16.0587,-5.49183,136.142,12.1463,-14.8679,126.457,35.1498,25.3845,79.1045,400.387,88.8609,346.2,438.945,196.79,-21.0038,-34.5775,19.528,534.178,-66.8926,99.6035,877.442,29.2941,92.2734,-1906.31,1875.05,-756.884,-0.329428,-0.593545,-0.305928,-0.760004,-0.033999,-0.644944,-0.71719,0.0487689,-0.643395,0.0645775,0.016419,0.881745,0.260516,-0.616558,0.469758,0.082893,-0.703675,0.33792,-0.0438856,0.0627461,0.807337
28.98,0,,-8.95878,16.6012,-0.565429,2.65018,-6.85727,-6.28612,20.9828,3.09913,30.1919,-3.65734,2.17075,-13.6007,-5.90206,-1.72957,-2.69399,-2.69399,0.640216,-0.640216,16.4843,-16.4843,-3.13432,-13.1969,-1.58381,13.1916,3.3648,-23.7987,143.344,2.76482,-0.151157,150.263,-6.06391,-1.45439,150.524,-27.038,0.0888072,156.477,3.12922,-1.76694,136.657,18.938,-4.99082,136.935,15.8489,-4.70135,135.478,12.0573,-18.5979,270.514,185.071,71.7799,118.15,485.851,127.449,479.479,513.173,172.874,-31.7443,-17.0699,30.2369,817.867,63.9793,12.2105,1437.99,-629.411,295.408,-2108.42,2620.07,3072.2,-0.328023,-0.595434,-0.304035,-0.757122,-0.0366231,-0.647924,-0.716774,0.055545,-0.639744,0.0599394,0.0168465,0.881511,0.263565,-0.617772,0.467434,0.080388,-0.708416,0.32967,-0.0375991,0.0938757,0.806
28.99,0,,-8.63014,16.0898,-0.134577,2.44022,-6.79491,-4.3454,22.6373,2.51845,31.9247,-7.2323,2.299,-8.59845,-6.19011,-2.91135,-2.72508,-2.72508,0.610368,-0.610368,16.686,-16.686,-3.47942,-9.44321,-1.38862,9.4786,3.30522,-23.2552,143.185,2.78559,-0.19838,150.044,-5.763,-1.02514,150.178,-28.3949,0.374808,156.576,3.47185,-1.58901,138.547,18.6182,-4.12255,138.741,16.1069,-4.30814,136.351,8.6697,-13.2362,494.142,358.392,-13.1909,182.603,549.791,134.764,617.66,590.334,211.91,1.43208,-8.75381,41.5758,809.574,95.2312,32.725,756.362,-877.917,438.488,1154.73,219.24,1720.17,-0.327532,-0.595856,-0.302811,-0.754054,-0.0391249,-0.651206,-0.71625,0.0625666,-0.635737,0.0566431,0.0174568,0.881264,0.267297,-0.618831,0.465008,0.0689139,-0.712151,0.320398,-0.0166634,0.0435201,0.80979
29,0,,-7.92634,16.0011,0.378658,2.1088,-6.52782,-3.72926,24.5078,2.48546,33.6437,-9.75215,2.54536,-3.71303,-6.48832,-2.71766,-2.565,-2.565,0.421548,-0.421548,16.7518,-16.7518,-3.7352,-6.46713,-1.29967,5.53273,3.30081,-22.5051,143.179,2.57734,-0.336076,149.78,-5.31788,-0.568264,149.755,-29.8208,0.692277,156.637,3.72932,-1.51468,139.151,18.3773,-3.70791,139.334,15.8972,-4.15207,137.312,5.97283,-8.01734,582.513,450.685,30.2655,198.229,579.576,130.85,709.975,589.845,258.764,26.2547,-4.81459,45.3554,796.399,34.1652,110.832,-316.895,-792.956,296.38,2706.59,-1898.49,-1446.66,-0.327653,-0.594268,-0.302567,-0.750576,-0.0418106,-0.655053,-0.7156,0.0696434,-0.631307,0.0545072,0.0183115,0.881087,0.270283,-0.619369,0.464084,0.0669598,-0.713058,0.315816,-0.00207525,-0.00524916,0.809042
29.01,0,,-6.90591,16.3184,1.0234,1.66166,-5.99953,-4.97776,26.5968,3.2355,35.4227,-9.26239,2.90243,-4.74707,-6.8212,-1.63657,-2.27191,-2.27191,0.0845691,-0.0845691,16.6818,-16.6818,-3.96865,-6.1507,-1.29102,6.36564,3.39569,-22.7525,143.366,2.20038,-0.571528,149.45,-4.72716,-0.0448272,149.211,-31.3206,1.04541,156.653,3.96302,-1.52595,137.954,18.2495,-3.91699,138.187,15.0221,-3.95749,137.186,5.66881,-8.75268,440.902,394.052,291.021,178.706,543.938,153.801,891.612,577.625,150.855,77.5707,38.9544,14.6985,654.293,-143.055,147.463,-333.967,-474.63,236.824,179.152,-1108.41,2068.88,-0.328817,-0.590858,-0.303364,-0.746492,-0.0443745,-0.659696,-0.714837,0.076605,-0.62633,0.052981,0.0196542,0.881022,0.272233,-0.619239,0.464932,0.0798398,-0.712088,0.317162,0.00177012,0.00048831,0.809312
29.02,0,,-5.91399,16.6992,1.73518,1.25634,-5.17708,-6.4757,28.9228,4.49143,37.318,-8.90693,3.38167,-5.18369,-7.20008,-0.526466,-2.16682,-2.16682,-0.235972,0.235972,16.4661,-16.4661,-4.2427,-5.37307,-1.33302,6.51481,3.6075,-23.1266,143.712,2.01088,-0.840741,148.983,-3.96726,0.536568,148.459,-32.8846,1.46707,156.565,4.23435,-1.60027,136.635,18.343,-4.31251,136.951,13.8618,-3.49029,136.966,4.94082,-8.63083,170.898,214.346,537.116,221.687,478.997,187.982,1068.35,591.801,25.4108,-341.311,56.6809,-99.5299,525.885,-205.067,-7.81292,192.393,-223.162,-86.9153,-303.164,-710.494,967.22,-0.331562,-0.587925,-0.304461,-0.741792,-0.046877,-0.665128,-0.713858,0.0829528,-0.620711,0.0515158,0.0216684,0.881323,0.273201,-0.617755,0.467848,0.09577,-0.711835,0.316914,0.00781293,-0.00177012,0.81047
29.03,0,,-5.17868,16.9633,2.46384,0.958442,-4.10989,-7.59697,31.4998,5.9893,38.5369,-9.48696,4.1174,-4.19726,-7.62499,0.277312,-2.44408,-2.44408,-0.377425,0.377425,16.221,-16.221,-3.74535,-3.61514,-1.60976,5.64882,4.01569,-23.3526,144.113,2.24133,-1.04552,148.319,-3.02987,1.20354,147.377,-34.5161,2.09291,156.318,3.73724,-1.8728,135.767,18.7536,-4.67682,136.183,12.7784,-2.97141,136.95,3.31732,-7.0831,52.2546,-11.7247,442.383,213.855,407.24,204.093,1137.19,702.619,54.2135,-122.442,20.5714,349.195,281.263,2.91331,-14.1525,375.965,195.308,-349.605,505.273,-267.102,-814.964,-0.335531,-0.587378,-0.305195,-0.736228,-0.0494399,-0.671529,-0.712062,0.0885042,-0.614769,0.0563377,0.0209359,0.882116,0.272233,-0.615699,0.472563,0.108463,-0.712123,0.314342,0.0191046,-0.0177007,0.810938
29.04,0,,-4.53341,17.2974,3.14542,0.65653,-2.86975,-8.66586,34.2649,7.64114,39.4833,-9.72619,5.10895,-4.29878,-8.07978,0.862653,-2.9295,-2.9295,-0.349091,0.349091,16.0334,-16.0334,-2.93132,-2.39906,-1.99892,5.89654,4.61584,-23.7481,144.448,2.71925,-1.14504,147.412,-1.91083,1.9081,145.877,-36.1459,3.01105,155.879,2.92127,-2.2343,134.894,19.4927,-4.98614,135.425,11.8731,-2.65217,136.735,2.19638,-6.8632,-24.9042,-203.616,187.016,166.977,311.033,267.571,1100.09,759.739,94.2268,-300.258,126.93,-25.4074,-270.513,97.6527,-93.755,8.29431,468.253,-183.101,-119.721,585.435,-285.538,-0.339371,-0.588711,-0.305495,-0.72992,-0.0524336,-0.678646,-0.709084,0.0927785,-0.608859,0.0637842,0.0192268,0.883579,0.268089,-0.615103,0.478007,0.119393,-0.711474,0.31301,0.0283825,-0.0214242,0.811802
29.05,0,,-3.81461,17.5961,3.74104,0.222281,-1.46841,-9.92059,37.0743,9.27099,39.8271,-9.97107,6.22335,-3.1165,-8.34452,1.8533,-3.41693,-3.41693,-0.198986,0.198986,15.9241,-15.9241,-1.5834,-1.23262,-2.43131,5.04135,5.65065,-23.9605,144.695,3.2312,-1.12982,146.242,-0.648962,2.59726,143.933,-37.6602,4.25575,154.996,1.57649,-2.58679,133.757,20.2523,-5.14958,134.398,11.0086,-2.50624,136.681,1.12714,-5.54238,-183.605,-330.573,173.335,113.786,150.886,242.681,929.211,830.546,87.3855,-537.028,124.085,211.029,-665.043,466.811,-358.39,-398.917,493.144,-78.1194,-368.603,-1066.44,1391.59,-0.342187,-0.590861,-0.305746,-0.723103,-0.0559707,-0.686115,-0.704797,0.0951571,-0.603353,0.0747716,0.0149543,0.886699,0.263631,-0.61638,0.483008,0.131171,-0.709509,0.313737,0.0353405,-0.0344859,0.811915
29.06,0,,-2.93074,17.5643,4.23074,-0.0469768,-0.0670667,-11.2726,39.9022,10.5247,38.8645,-11.8522,7.59019,-1.37094,-8.60867,3.22876,-3.83699,-3.83699,0.0458533,-0.0458533,15.9087,-15.9087,0.954101,1.71864,-3.37765,4.39878,6.88845,-23.8962,144.827,3.70248,-1.00911,144.946,0.769602,3.22484,141.725,-39.017,5.69205,153.882,-0.946689,-3.26361,132.444,20.633,-5.35709,133.169,10.1425,-2.27315,136.862,-1.5718,-3.70193,-221.691,-354.484,76.171,57.6333,-11.7064,137.215,598.133,942.901,-19.0293,-1186.47,-120.146,308.669,-696.768,990.223,-455.56,-478.525,515.156,-245.122,1654.21,400.863,728.423,-0.343648,-0.593479,-0.305926,-0.715777,-0.0607315,-0.693804,-0.699803,0.0960741,-0.598113,0.0956469,0.00708044,0.889999,0.261677,-0.617539,0.486059,0.144419,-0.70757,0.315269,0.0552401,-0.0548129,0.809497
29.07,0,,-1.71822,17.247,4.65187,0.0842146,0.891869,-12.5623,42.7254,11.1208,35.9528,-11.6254,8.94826,-0.703436,-8.85787,5.31159,-4.03018,-4.03018,0.317945,-0.317945,16.0502,-16.0502,5.30846,2.24188,-5.07512,3.55372,8.09978,-23.3273,144.789,3.96062,-0.81051,143.919,2.30187,3.80714,139.753,-40.2406,7.02836,152.74,-5.25432,-4.32558,131.109,20.4683,-5.7452,131.862,9.38805,-1.78568,137.532,-2.05781,-2.66544,-201.17,-240.733,8.78224,6.35174,-116.693,-0.493989,362.777,978.025,-173.334,-1487.21,-105.921,524.947,-630.369,1170.89,-239.745,-110.854,549.305,-354.489,835.9,744.18,-895.951,-0.343103,-0.595684,-0.306052,-0.707863,-0.0668982,-0.701698,-0.695242,0.0974804,-0.593123,0.130992,-0.0068975,0.891731,0.262585,-0.617582,0.486167,0.158271,-0.706879,0.317091,0.0572534,-0.0648221,0.805576
29.08,0,,-0.226596,16.7048,4.96452,0.445707,1.02718,-13.5276,45.5905,11.1516,31.2396,-9.63366,9.96614,-1.74916,-9.00907,7.25619,-4.03968,-4.03968,0.554782,-0.554782,16.3359,-16.3359,11.3903,0.761082,-7.47555,3.2655,8.91174,-22.7915,144.575,4.03215,-0.60551,143.551,3.88268,4.29028,138.578,-41.4675,7.88706,151.862,-11.2513,-5.6871,129.988,19.8811,-6.11341,130.715,8.77998,-1.13505,138.158,-0.703173,-2.97079,-181.634,-33.2078,63.9599,34.6813,-178.707,-79.0952,261.738,858.408,-103.54,-551.826,95.6353,1129.9,-353.037,887.198,-62.9944,339.365,625.009,-474.122,-204.04,701.23,1337.45,-0.341028,-0.597395,-0.305686,-0.699928,-0.0748332,-0.709145,-0.692658,0.101811,-0.587917,0.179515,-0.0270401,0.889639,0.264723,-0.618014,0.482753,0.170781,-0.707355,0.318246,0.0458999,-0.0601215,0.80337
29.09,0,,1.43761,16.086,5.16971,0.82009,0.374161,-13.9791,48.5858,10.903,25.8976,-8.521,10.3077,-1.29547,-8.7264,8.58387,-3.93143,-3.93143,0.696451,-0.696451,16.6174,-16.6174,18.1462,0.17993,-9.95257,1.91556,9.29346,-22.2752,144.311,3.9661,-0.458987,143.924,5.43436,4.67471,138.424,-42.8853,8.01572,151.198,-17.8999,-6.9225,129.368,19.1189,-6.29674,130.028,8.27452,-0.525976,138.691,-0.165452,-1.84746,-102.063,110.838,129.879,124.034,-237.795,-90.8179,319.32,646.965,-63.9869,-617.702,560.462,1426.18,81.541,368.174,-144.539,292.495,848.129,-535.645,-280.85,360.861,1035.71,-0.338582,-0.598302,-0.305072,-0.692487,-0.0844168,-0.71562,-0.693143,0.110234,-0.581383,0.231456,-0.0509668,0.88377,0.265583,-0.620344,0.475742,0.179705,-0.708381,0.317474,0.0390031,-0.0689116,0.800816
29.1,0,,3.14533,15.5373,5.27051,1.04581,-0.809506,-13.8606,51.5647,10.6457,20.388,-8.68124,9.56317,1.13556,-8.18615,9.29805,-3.75955,-3.75955,0.729543,-0.729543,16.8555,-16.8555,25.0766,0.914126,-11.6093,-0.699269,9.07061,-21.7433,144.069,3.80949,-0.393449,144.858,6.88482,4.97265,139.121,-44.4189,7.53603,150.967,-24.7407,-7.38986,129.335,18.4133,-6.216,129.924,7.8279,0.0405376,139.213,-0.847943,1.03788,11.246,159.679,150.383,223.636,-270.506,-91.8059,362.777,299.776,-193.858,-1186.47,172.888,1543.97,395.512,-55.6556,-319.816,147.937,1072.77,-400.389,292.436,-15.5798,643.965,-0.336447,-0.598365,-0.304401,-0.686006,-0.09467,-0.720798,-0.695848,0.121712,-0.574074,0.279985,-0.0816088,0.873586,0.264784,-0.624361,0.466943,0.184589,-0.710153,0.314057,0.0390638,-0.0948518,0.796841
29.11,0,,4.88156,15.1901,5.3749,1.06529,-2.36851,-13.1123,54.3671,10.6325,14.2834,-8.47473,8.80382,3.03115,-7.24192,9.24259,-3.52806,-3.52806,0.62248,-0.62248,17.0403,-17.0403,32.4942,1.32155,-13.2252,-2.94287,8.49252,-21.3185,143.85,3.55539,-0.44001,146.198,8.22573,5.27603,140.434,-45.8946,6.67802,150.885,-32.0943,-7.85271,129.944,17.8937,-5.88133,130.445,7.32093,0.589822,139.602,-1.23262,3.4232,114.736,205.558,157.223,259.291,-263.171,-136.721,232.407,-13.1977,-325.223,-945.886,431.563,1421.98,405.77,-324.21,-458.507,143.549,1046.89,-138.173,639.584,-420.373,-583.571,-0.334795,-0.597442,-0.303543,-0.680196,-0.104984,-0.725058,-0.69945,0.134775,-0.567177,0.330714,-0.114816,0.858769,0.263571,-0.62853,0.4589,0.185806,-0.712705,0.307032,0.0374164,-0.115912,0.793435
29.12,0,,6.56527,15.0426,5.50846,0.910892,-4.22638,-11.7229,56.9069,10.9734,7.25107,-7.27969,6.65939,2.43463,-6.42796,8.32703,-3.33056,-3.33056,0.393214,-0.393214,17.1972,-17.1972,40.5879,0.777627,-13.245,-3.21623,7.09144,-21.1081,143.635,3.29782,-0.610144,147.835,9.47512,5.60747,142.258,-47.192,5.48996,151.56,-40.2125,-7.20854,131.164,17.6297,-5.36567,131.571,6.71437,1.16343,139.751,-0.723854,3.49603,182.144,256.341,187.506,269.54,-172.854,-172.858,-85.4595,-184.558,-335.917,-1576.24,255.392,2045.82,216.306,-302.719,-506.835,176.287,810.565,-50.2857,162.632,-148.92,-703.201,-0.333869,-0.596082,-0.302069,-0.674967,-0.115119,-0.728559,-0.703591,0.148324,-0.561127,0.378688,-0.161449,0.835812,0.262886,-0.631489,0.453566,0.183782,-0.716146,0.296151,0.0328374,-0.115602,0.793102
29.13,0,,8.09741,14.9493,5.64917,0.627886,-6.19014,-9.92932,59.2259,11.5123,-0.686351,-6.04403,3.07793,1.01248,-6.47996,6.85942,-3.23238,-3.23238,0.123285,-0.123285,17.305,-17.305,49.2418,0.188202,-11.4697,-2.68638,4.28708,-21.0029,143.443,3.12275,-0.844934,149.599,10.6371,5.98058,144.405,-48.3369,3.98863,154.227,-49.0555,-6.51258,132.801,17.5302,-4.70725,133.103,6.07613,1.75933,139.773,-0.175793,2.75368,228.011,259.278,199.227,276.866,-42.0095,-174.796,-308.602,-312.485,-360.867,-2907.11,381.885,1191,40.0487,-144.53,-426.273,145.524,493.638,-29.7778,-225.496,177.694,183.031,-0.333706,-0.594896,-0.300195,-0.670208,-0.124703,-0.731491,-0.708338,0.161566,-0.555195,0.424764,-0.218944,0.799783,0.263196,-0.63333,0.450644,0.179396,-0.72027,0.282859,0.0296028,-0.108279,0.793844
29.14,0,,9.47049,14.7748,5.7249,0.301626,-8.04094,-8.06469,61.3706,12.0446,-10.5953,-5.32633,0.633135,0.501299,-6.30784,5.30391,-3.2318,-3.2318,-0.107279,0.107279,17.3373,-17.3373,59.6658,0.0909989,-10.4603,-2.81327,1.18926,-20.847,143.295,3.05295,-1.06648,151.302,11.7506,6.35776,146.624,-49.3245,2.34675,158.305,-59.6453,-8.42817,134.553,17.4436,-3.98564,134.728,5.45448,2.35321,139.811,-0.0847943,2.84613,213.877,193.858,177.727,286.608,44.9361,-150.382,-415.54,-460.452,-383.806,3643.44,-1526.88,848.734,-54.2071,-20.9985,-338.857,118.183,63.4842,-83.0034,-82.6031,65.407,417.432,-0.334007,-0.594218,-0.29836,-0.665906,-0.13312,-0.734023,-0.713182,0.173717,-0.549352,0.484148,-0.274912,0.751003,0.264534,-0.634539,0.448865,0.174149,-0.724553,0.269067,0.0286272,-0.108893,0.793688
29.15,0,,10.7145,14.4761,5.7116,0.0295037,-9.55053,-6.47819,63.3527,12.4691,-14.6247,-4.83094,4.91186,0.504893,-3.84925,3.97708,-3.2842,-3.2842,-0.230781,0.230781,17.3106,-17.3106,64.5947,0.169589,-14.9721,-3.26483,1.44741,-20.6483,143.196,3.06651,-1.19844,152.735,12.8433,6.73404,148.612,-50.1322,0.738428,157.164,-64.5551,-11.9283,136.097,17.279,-3.31668,136.15,4.86151,2.83459,139.883,-0.159248,3.32515,148.915,98.6282,135.25,309.56,78.1288,-112.306,-396.969,-537.124,-312.518,3224.08,1464.29,1973.59,-94.7165,53.2341,-242.669,82.5043,-357.412,-189.454,112.855,-112.287,-67.3352,-0.334309,-0.594151,-0.297075,-0.661769,-0.139898,-0.73654,-0.717811,0.183603,-0.543608,0.527735,-0.271802,0.739171,0.266754,-0.635386,0.447377,0.16963,-0.727963,0.256795,0.0282611,-0.113105,0.793019
29.16,0,,11.918,14.0589,5.59749,-0.136634,-10.5436,-5.40556,65.2372,12.7066,-10.094,-4.2227,3.057,0.197645,-1.47193,3.01374,-3.33718,-3.33718,-0.236404,0.236404,17.2182,-17.2182,61.0178,0.0537721,-12.6396,-3.35055,3.4685,-20.473,143.146,3.11756,-1.21455,153.729,13.9818,7.06458,150.046,-50.7873,-0.546129,153.261,-60.8277,-6.40559,137.19,16.9875,-2.794,137.143,4.33341,3.17916,139.921,-0.0517039,3.36997,81.5416,50.2972,109.376,280.256,38.0827,-90.8179,-324.721,-601.577,-260.259,-1445.92,1565.84,2116.79,-89.3419,93.2638,-176.751,-31.729,-627.93,-192.394,31.3248,-11.6497,-172.85,-0.334312,-0.594522,-0.29659,0.657558,0.14527,0.739227,-0.721487,0.190626,-0.538368,0.493577,-0.271999,0.759045,0.269673,-0.636032,0.445589,0.167062,-0.730139,0.24751,0.0272219,-0.113282,0.792916
29.17,0,,13.1215,13.5736,5.41072,-0.209104,-11.026,-4.96528,66.9823,12.7792,-5.81711,-3.63702,-1.92505,-0.1671,-0.344227,2.58881,-3.38353,-3.38353,-0.151835,0.151835,17.0571,-17.0571,57.3374,-0.103408,-7.30877,-3.3168,4.63349,-20.2898,143.141,3.19024,-1.13864,154.273,15.1951,7.33038,150.809,-51.2418,-1.32162,151.686,-57.0469,-0.127256,137.684,16.612,-2.46713,137.572,3.88377,3.44772,139.937,0.0972033,3.28033,45.9011,55.662,98.634,206.529,-20.5232,-72.2743,-332.532,-612.33,-262.674,-2356.48,-187.113,593.82,-13.1755,110.365,-128.422,-151.36,-691.908,-163.565,-70.3735,37.616,56.2283,-0.334066,-0.595191,-0.296771,0.653117,0.14979,0.742112,-0.723722,0.194588,-0.534567,0.447974,-0.288842,0.771365,0.272784,-0.636639,0.44345,0.167432,-0.731254,0.2419,0.026124,-0.112248,0.792996
29.18,0,,14.3115,13.0743,5.14515,-0.24004,-11.1013,-5.14738,68.5229,12.7572,-4.75945,-3.20708,-3.28515,-0.320724,0.503791,2.76288,-3.40628,-3.40628,0.000216289,-0.000216289,16.8541,-16.8541,56.6391,-0.117885,-5.8905,-3.43222,5.34837,-20.0852,143.174,3.25975,-0.988367,154.471,16.4417,7.49882,151.051,-51.4923,-1.66916,150.397,-56.2606,2.16898,137.586,16.1936,-2.29004,137.423,3.48996,3.71021,139.976,0.11168,3.39098,0.985295,72.7514,114.746,175.277,-69.8306,-59.5636,-385.752,-474.628,-250.486,-1483.39,-266.116,94.2804,-5.86604,92.7719,-109.872,-123.537,-492.692,-158.207,12.2295,-11.6497,92.7883,-0.333573,-0.595975,-0.29756,0.648701,0.153813,0.744895,-0.724832,0.195995,-0.532317,0.436129,-0.295249,0.775388,0.275839,-0.637501,0.441013,0.17115,-0.731598,0.239695,0.0257584,-0.113166,0.792773
29.19,0,,15.473,12.5844,4.83762,-0.267252,-10.8142,-5.79844,69.8311,12.6759,-4.41565,-2.80986,-1.72526,-0.424937,1.30579,3.36699,-3.42499,-3.42499,0.18536,-0.18536,16.6258,-16.6258,56.4544,-0.130294,-7.49779,-3.56114,6.19122,-19.8885,143.234,3.33474,-0.803449,154.339,17.7147,7.55134,150.875,-51.518,-1.7251,148.783,-55.9537,1.74104,137.025,15.7769,-2.21398,136.836,3.15651,3.93316,139.998,0.122021,3.51704,-29.287,86.4181,56.6472,146.48,-132.326,-37.1061,-399.42,-267.096,-235.366,-975.482,1176.73,-375.022,-19.0416,91.2963,-131.837,-3.90579,-185.063,-170.416,62.4351,-25.8259,-30.7752,-0.333022,-0.596828,-0.298658,0.64433,0.15742,0.747547,-0.725389,0.194776,-0.531284,0.440292,-0.284941,0.782063,0.278519,-0.638707,0.438379,0.177254,-0.731172,0.240306,0.0253922,-0.114204,0.79259
29.2,0,,16.624,12.1149,4.49324,-0.297902,-10.1188,-6.69272,70.9349,12.5417,-3.75555,-2.37089,-1.98243,-0.641448,1.3291,4.18101,-3.42298,-3.42298,0.379371,-0.379371,16.2448,-16.2448,55.6728,-0.223361,-7.17287,-3.57464,6.57294,-19.5592,143.306,3.39243,-0.594477,153.812,19.0154,7.44041,150.194,-51.3574,-1.41462,148.031,-55.1258,2.34466,136.234,15.3611,-2.16756,136.018,2.87737,4.11964,140.02,0.210952,3.50023,-71.7906,77.6306,24.8947,144.531,-175.781,-20.0255,-297.841,-52.7209,-212.887,-924.404,1065.34,47.8751,-46.3755,123.04,-148.937,66.8811,107.919,-183.598,4.93473,-2.94752,-44.8901,-0.33235,-0.59762,-0.3,0.640052,0.160532,0.750044,-0.725137,0.190928,-0.531401,0.434426,-0.282496,0.786874,0.281023,-0.640175,0.435573,0.184396,-0.730261,0.242505,0.0246592,-0.113896,0.792575
29.21,0,,17.7435,11.6287,4.15552,-0.345452,-9.14225,-7.56579,71.7923,12.3679,-2.80791,-1.9827,-3.87373,-0.837296,0.669928,4.97028,-3.42787,-3.42787,0.560405,-0.560405,15.7126,-15.7126,54.3147,-0.297815,-4.96764,-3.56992,6.56632,-19.0819,143.372,3.45155,-0.389919,152.977,20.3216,7.19544,149.03,-50.9833,-0.666404,147.954,-53.7949,4.07895,135.46,14.9376,-2.08877,135.222,2.62992,4.27368,140.031,0.281269,3.47222,-79.0954,92.2925,22.4629,116.202,-237.313,-7.80882,-219.237,68.8514,-177.76,-1172.87,232.851,-188.561,-65.9084,158.681,-142.083,57.6213,398.432,-123.047,-10.7277,11.6497,30.7752,-0.331683,-0.59842,-0.301285,0.635764,0.163275,0.752468,-0.723621,0.184827,-0.5333,0.41861,-0.287985,0.790219,0.283403,-0.641884,0.43246,0.191169,-0.729213,0.244882,0.0241103,-0.113532,0.792589
29.22,0,,18.8524,11.1182,3.82138,-0.404459,-8.08095,-8.2181,72.3779,12.1568,-2.13907,-1.65884,-4.64186,-0.969358,-0.171516,5.54368,-3.42355,-3.42355,0.757877,-0.757877,15.3793,-15.3793,53.0095,-0.332973,-3.91135,-3.60906,6.6281,-18.8013,143.438,3.50174,-0.178299,152.054,21.6113,6.88301,147.657,-50.3634,0.365718,147.916,-52.5036,4.80194,134.916,14.4986,-1.91715,134.645,2.39907,4.42265,140.047,0.316428,3.50163,-81.066,90.3263,15.6226,72.2462,-283.694,-1.46297,-260.741,168.427,-93.2495,-1249.49,288,227.617,-60.0731,197.765,-120.609,27.3405,592.3,-63.4676,1.50187,-7.29863,2.54532,-0.33094,-0.599196,-0.302619,0.6314,0.165968,0.754823,-0.721054,0.177257,-0.537144,0.407378,-0.28713,0.794551,0.285855,-0.643799,0.428996,0.196422,-0.728495,0.246168,0.0237441,-0.113715,0.792528
29.23,0,,19.9404,10.5909,3.49798,-0.486096,-7.07494,-8.53241,72.752,11.9742,-1.77276,-1.33045,-4.55682,-1.12119,-1.07272,5.76979,-3.41319,-3.41319,0.950158,-0.950158,15.2617,-15.2617,51.8503,-0.361928,-3.7631,-3.62391,6.74504,-18.7467,143.509,3.54269,0.017212,151.186,22.862,6.53753,146.317,-49.5605,1.46777,147.965,-51.3489,4.74,134.718,14.0494,-1.64215,134.409,2.132,4.57366,140.053,0.343314,3.50724,-77.1588,83.0196,13.6632,12.1969,-317.887,9.76577,-369.134,222.685,-12.188,-865.689,522.383,440.955,-54.6985,195.305,-71.2985,14.6577,649.901,-23.4477,-2.36009,9.82508,3.93367,-0.330293,-0.599851,-0.303923,0.627105,0.168648,0.756994,-0.717943,0.169201,-0.542333,0.400303,-0.281946,0.79908,0.288224,-0.64591,0.425134,0.199718,-0.728252,0.245436,0.0234992,-0.113712,0.792504
29.24,0,,20.9969,10.0701,3.16691,-0.589502,-6.16896,-8.45632,72.9449,11.8488,-1.06391,-0.995301,-4.64051,-1.29098,-2.01158,5.59146,-3.39447,-3.39447,1.12752,-1.12752,15.2364,-15.2364,50.2141,-0.374337,-3.37641,-3.63809,6.85094,-18.8032,143.597,3.57125,0.194628,150.423,24.0546,6.1608,145.191,-48.6163,2.45304,148.234,-49.7249,4.77491,134.932,13.607,-1.26419,134.569,1.81213,4.75304,140.058,0.353654,3.51704,-76.1735,66.9012,11.7213,-18.081,-324.221,10.7348,-489.741,212.42,8.27862,-876.43,393.484,286.201,-37.1004,176.766,-42.971,-0.965476,508.285,-7.32592,-19.5244,0,8.79291,-0.3298,-0.600329,-0.305262,0.62309,0.171521,0.758781,-0.714894,0.161083,-0.548256,0.389259,-0.276089,0.804521,0.290237,-0.648287,0.420859,0.200815,-0.728733,0.242199,0.0233782,-0.113778,0.792478
29.25,0,,22.0008,9.5764,2.85989,-0.71296,-5.37475,-8.02478,72.9123,11.7674,-0.187528,-0.701902,-4.73569,-1.43562,-2.89007,5.0795,-3.36309,-3.36309,1.26594,-1.26594,15.1958,-15.1958,48.2552,-0.335042,-2.88224,-3.65294,6.91052,-18.8286,143.674,3.57702,0.339165,149.747,25.1542,5.77773,144.295,-47.5196,3.23132,148.58,-47.79,4.79744,135.493,13.1697,-0.819127,135.068,1.45604,4.93343,140.069,0.318496,3.54505,-65.9128,65.9059,12.2112,-54.6717,-308.588,2.92593,-570.298,206.065,25.4108,-870.702,298.286,353.604,-16.1239,138.666,-28.3274,16.5886,249.041,-36.1317,-1.50187,5.89505,-5.78481,-0.329361,-0.600614,-0.306411,0.619366,0.174206,0.760305,-0.712328,0.152537,-0.554542,0.37606,-0.268937,0.810717,0.29183,-0.650865,0.416229,0.199963,-0.729718,0.236952,0.0236217,-0.11408,0.792394
29.26,0,,22.9597,9.14055,2.57078,-0.848448,-4.60877,-7.41612,72.673,11.7235,0.737609,-0.384805,-4.72961,-1.55151,-3.73869,4.3875,-3.28939,-3.28939,1.38101,-1.38101,15.2673,-15.2673,46.1399,-0.310224,-2.55486,-3.68331,7.02084,-18.9689,143.756,3.53664,0.465166,149.088,26.1554,5.36477,143.559,-46.3089,3.83619,148.975,-45.6946,4.6927,136.234,12.7402,-0.350274,135.743,1.06826,5.09761,140.08,0.293678,3.58287,-75.1882,52.7247,15.1327,-79.5721,-276.84,-14.6487,-635.234,195.8,55.1908,-729.404,299.818,340.375,7.80091,104.009,-41.9888,27.8233,-15.6345,-21.0057,16.0915,15.1587,-5.78481,-0.328935,-0.600556,-0.307633,0.616003,0.176463,0.761581,-0.710193,0.143442,-0.560952,0.36226,-0.260205,0.817237,0.292809,-0.653739,0.411166,0.198065,-0.730856,0.230597,0.0237441,-0.114448,0.792284
29.27,0,,23.8586,8.75791,2.29446,-0.984222,-3.86045,-6.76755,72.1943,11.6971,1.71525,-0.0801206,-4.83221,-1.65932,-4.53232,3.6571,-3.19869,-3.19869,1.47877,-1.47877,15.4003,-15.4003,43.8115,-0.285406,-2.16323,-3.70626,7.16426,-19.1715,143.85,3.47665,0.575279,148.44,27.0678,4.92103,142.994,-44.9391,4.21939,149.392,-43.3833,4.65892,137.014,12.333,0.0963449,136.468,0.685017,5.24354,140.102,0.26886,3.61228,-66.4225,58.5992,16.6023,-91.3014,-241.684,-28.3283,-651.852,214.864,118.143,-672.359,214.906,219.218,0,80.0593,-61.03,-18.0807,-222.174,14.154,-13.0878,2.38609,-20.5939,-0.328573,-0.600319,-0.308857,0.61296,0.178053,0.76269,-0.708715,0.13343,-0.567473,0.346636,-0.250867,0.824016,0.293345,-0.656639,0.406081,0.195815,-0.731986,0.224076,0.0238658,-0.114751,0.792151
29.28,0,,24.7094,8.43219,2.03196,-1.11427,-3.15919,-6.2487,71.4833,11.6531,2.68915,0.186196,-5.0779,-1.7788,-5.22675,3.06238,-3.07863,-3.07863,1.54539,-1.54539,15.3989,-15.3989,41.3207,-0.239906,-1.57022,-3.71638,7.19735,-19.2358,143.932,3.37858,0.67149,147.824,27.8859,4.46778,142.637,-43.4345,4.33617,149.809,-40.9255,4.7141,137.652,11.9352,0.484455,137.05,0.328929,5.39657,140.119,0.225429,3.6375,-58.6081,62.5074,25.3845,-94.224,-219.716,-58.1007,-657.71,234.835,202.654,-593.356,86.8815,208.929,-31.7257,44.4185,-58.1058,-69.8214,-359.881,-11.712,-1.93098,7.86007,20.5939,-0.328151,-0.599839,-0.310083,0.610201,0.178781,0.763712,-0.708123,0.122629,-0.573835,0.329555,-0.24123,0.830816,0.293591,-0.659512,0.400956,0.194291,-0.732973,0.218402,0.0241706,-0.115054,0.792014
29.29,0,,25.4942,8.13074,1.77662,-1.25033,-2.52265,-5.97306,70.5515,11.5959,3.60928,0.415273,-5.37422,-1.85337,-5.73473,2.71595,-2.96146,-2.96146,1.5921,-1.5921,15.2855,-15.2855,38.7182,-0.165453,-0.943864,-3.76228,7.1775,-19.189,144.025,3.27648,0.75424,147.264,28.6223,4.01452,142.527,-41.7918,4.14317,150.161,-38.3587,4.77604,138.042,11.5536,0.804694,137.396,0.00603539,5.54859,140.141,0.155112,3.70753,-50.7936,67.3867,33.6944,-82.0271,-213.382,-78.1262,-618.159,270.517,280.783,-465.424,-16.6322,27.2972,-61.0252,-14.6422,-52.2349,-97.162,-442.867,-25.3918,13.0878,-6.31612,20.1311,-0.327836,-0.599272,-0.311294,0.607708,0.178662,0.764641,-0.708638,0.111148,-0.579911,0.311784,-0.230725,0.837751,0.293725,-0.662285,0.395967,0.194102,-0.73362,0.214183,0.0245985,-0.11579,0.79179
29.3,0,,26.2446,7.84796,1.51719,-1.35946,-1.98258,-6.01172,69.4338,11.5277,4.52567,0.62968,-5.69551,-1.94051,-5.9666,2.6639,-2.83852,-2.83852,1.64358,-1.64358,15.0558,-15.0558,35.9595,-0.0723855,-0.343448,-3.8129,7.14881,-19.0448,144.135,3.16775,0.849347,146.841,29.3031,3.60429,142.719,-40.0239,3.60473,150.402,-35.6375,4.81433,138.129,11.1867,1.04341,137.451,-0.291208,5.71986,140.163,0.0682491,3.78877,-49.3327,65.4204,35.1639,-54.2041,-218.753,-121.103,-591.32,314.929,315.91,-416.495,-48.8025,-145.095,-62.9908,-73.7408,-70.3163,-96.6792,-431.141,-10.7399,24.03,-24.4223,2.54532,-0.327526,-0.598654,-0.312694,0.605319,0.177927,0.765545,-0.710478,0.0992473,-0.585534,0.293235,-0.218827,0.845094,0.293832,-0.664875,0.391125,0.195691,-0.733934,0.211623,0.025148,-0.116645,0.791551
29.31,0,,26.9559,7.57638,1.26236,-1.46717,-1.6649,-6.30233,68.1511,11.4749,5.36579,0.903896,-6.1302,-2.08875,-5.84051,2.84821,-2.71068,-2.71068,1.69333,-1.69333,14.7757,-14.7757,33.152,-0.0124089,0.281677,-3.8372,7.15102,-18.8656,144.267,3.05295,0.945558,146.682,29.923,3.31133,143.279,-38.1515,2.74883,150.534,-32.8608,4.93032,137.981,10.83,1.23298,137.27,-0.594486,5.91343,140.196,0.0124089,3.83359,-55.6522,52.7247,24.8947,-29.7713,-233.386,-172.364,-527.34,388.668,278.311,-373.056,-159.1,-128.927,-43.4578,-139.158,-65.9187,-58.5868,-326.678,-6.35387,13.7314,2.38609,-14.5777,-0.327295,-0.597945,-0.314233,0.603058,0.176645,0.766396,-0.713549,0.0877134,-0.59086,0.274004,-0.206739,0.85241,0.294088,-0.667284,0.386502,0.198867,-0.73394,0.21022,0.0255147,-0.117135,0.79132
29.32,0,,27.6402,7.32812,1.02084,-1.57917,-1.58489,-6.73887,66.7221,11.4375,6.07464,1.19278,-6.54194,-2.26483,-5.35225,3.18269,-2.58544,-2.58544,1.73377,-1.73377,14.4241,-14.4241,30.3587,0.039295,0.819086,-3.85813,7.18632,-18.6084,144.404,2.93585,1.03471,146.797,30.497,3.15511,144.136,-36.1652,1.68454,150.528,-30.096,5.01028,137.69,10.4999,1.39408,136.94,-0.882676,6.12929,140.229,-0.0372268,3.87141,-37.6111,56.1475,3.41143,-18.081,-275.877,-228.508,-415.54,407.243,169.942,-221.733,-203.088,-336.386,-27.8253,-187.511,-56.1414,-37.1269,-179.673,14.154,1.50187,3.93003,21.9823,-0.327104,-0.597199,-0.315751,0.600812,0.174878,0.767267,-0.71744,0.0766026,-0.596097,0.255142,-0.193981,0.85973,0.294645,-0.669375,0.382422,0.202956,-0.733814,0.209609,0.0258196,-0.117561,0.791067
29.33,0,,28.2959,7.12467,0.810022,-1.69174,-1.72373,-7.22903,65.1303,11.4463,6.71849,1.47038,-6.77009,-2.43463,-4.5622,3.55898,-2.45847,-2.45847,1.76232,-1.76232,14.0124,-14.0124,27.5207,0.117885,1.18724,-3.8885,7.27678,-18.3064,144.542,2.81212,1.11437,147.171,31.0226,3.14741,145.158,-34.0472,0.588785,150.369,-27.2797,4.96298,137.344,10.211,1.53684,136.561,-1.17841,6.3563,140.262,-0.11168,3.92603,-46.3768,51.2682,4.39112,-27.823,-334.965,-256.342,-232.407,389.646,-27.8254,-182.112,-132.401,-429.616,-34.1827,-203.137,-37.5913,-9.78641,-38.5925,3.41402,5.79294,-9.82508,6.94177,-0.326991,-0.59636,-0.317286,0.598587,0.172856,0.768147,-0.721361,0.0658612,-0.601785,0.236641,-0.179693,0.867277,0.295669,-0.670931,0.379291,0.207408,-0.733619,0.209178,0.0263078,-0.118172,0.790822
29.34,0,,28.9232,6.98001,0.60483,-1.79916,-2.08966,-7.6743,63.3853,11.5299,7.23482,1.7604,-6.95368,-2.61251,-3.55164,3.9037,-2.31653,-2.31653,1.79585,-1.79585,13.6524,-13.6524,24.7234,0.208884,1.51957,-3.9047,7.45109,-18.0454,144.679,2.67483,1.19822,147.808,31.4941,3.2914,146.306,-31.8103,-0.423757,150.15,-24.501,4.93596,137.047,9.96925,1.68545,136.216,-1.49979,6.5823,140.294,-0.198543,3.96945,-59.0837,45.9035,13.6632,-56.1525,-394.052,-261.225,-105.485,234.835,-120.615,-196.672,-157.787,-460.483,-55.1899,-208.018,6.83072,-30.2808,25.3855,14.154,1.93098,-6.87756,-10.644,-0.326789,-0.595472,-0.318855,0.596469,0.170725,0.768964,-0.724757,0.055727,-0.608236,0.218214,-0.165537,0.874442,0.296947,-0.672144,0.376967,0.211749,-0.7334,0.208392,0.0269186,-0.118723,0.790528
29.35,0,,29.4769,6.85308,0.43341,-1.89511,-2.60736,-7.99484,61.4636,11.6619,7.42609,2.07749,-7.00296,-2.79039,-2.44067,4.14261,-2.18669,-2.18669,1.83175,-1.83175,13.3345,-13.3345,22.1595,0.283338,1.71106,-3.92225,7.63864,-17.8038,144.8,2.55023,1.27788,148.61,31.8934,3.56399,147.448,-29.4482,-1.28526,149.897,-21.9521,4.80982,136.849,9.7532,1.83913,135.974,-1.8423,6.80424,140.333,-0.270928,4.00867,-75.1882,36.6306,26.8541,-100.576,-457.992,-265.633,-120.109,-53.2097,-118.143,-155.858,-78.1277,-323.787,-66.3998,-185.052,30.2695,-49.8098,22.4643,54.6954,-2.36009,-8.28114,-8.33012,-0.326552,-0.594692,-0.320266,0.594446,0.168464,0.769807,-0.727311,0.0456553,-0.615431,0.201729,-0.151739,0.880772,0.298361,-0.673081,0.375148,0.215532,-0.733274,0.206926,0.0274052,-0.119204,0.790235
29.36,0,,29.9556,6.72896,0.287064,-1.99566,-3.11919,-8.19191,59.3444,11.8356,7.12855,2.40023,-6.88619,-2.99522,-1.31416,4.26634,-2.07613,-2.07613,1.86247,-1.86247,12.9718,-12.9718,19.9671,0.3702,1.71971,-3.94925,7.79529,-17.5154,144.921,2.44121,1.34872,149.401,32.2304,3.85378,148.475,-26.9481,-1.97614,149.612,-19.7755,4.54067,136.784,9.55258,2.00959,135.853,-2.21046,7.06773,140.382,-0.353654,4.06049,-69.82,22.9396,-1.46954,-154.78,-497.557,-238.273,-172.373,-329.593,-114.751,-21.0038,-7.87842,167.563,-47.8497,-171.885,30.7606,-46.3867,-43.9411,116.219,-16.0915,1.96502,-9.25569,-0.326432,-0.593962,-0.32161,0.592663,0.166324,0.770523,-0.728881,0.0348539,-0.62322,0.188426,-0.13868,0.886158,0.299878,-0.673855,0.373672,0.218763,-0.733504,0.204541,0.027955,-0.119816,0.789883
29.37,0,,30.3503,6.6039,0.14737,-2.08388,-3.52159,-8.28296,57.0835,12.0512,6.53096,2.77601,-6.76401,-3.21083,-0.38606,4.32265,-1.97766,-1.97766,1.8802,-1.8802,12.6174,-12.6174,18.0183,0.438449,1.74689,-3.99312,7.86149,-17.192,145.019,2.34055,1.40278,150.033,32.5008,4.06207,149.266,-24.3853,-2.45094,149.376,-17.8445,4.29517,136.8,9.35282,2.16795,135.804,-2.62087,7.3515,140.448,-0.419835,4.12212,-82.5269,10.2439,-18.0718,-191.409,-514.153,-205.081,-158.705,-514.64,-205.586,226.984,-121.678,678.231,-19.533,-125.499,27.3452,8.29431,-136.226,30.7499,-16.5206,-8.84257,-16.1975,-0.326311,-0.593292,-0.32271,0.591299,0.164382,0.771002,-0.729221,0.0230724,-0.631316,0.176524,-0.127083,0.890556,0.301648,-0.674283,0.372574,0.221755,-0.733872,0.201429,0.028321,-0.120486,0.789447
29.38,0,,30.6669,6.52923,0.0230265,-2.16466,-3.6063,-8.32661,54.7482,12.3349,6.06839,3.17661,-6.68977,-3.38512,0.157173,4.34825,-1.872,-1.872,1.8696,-1.8696,12.2043,-12.2043,15.9396,0.514971,1.92232,-4.05589,7.8306,-16.7906,145.118,2.22489,1.43169,150.274,32.6991,4.04803,149.645,-21.8417,-2.6775,149.189,-15.7867,4.15102,136.866,9.1822,2.29746,135.804,-3.06749,7.61601,140.536,-0.492221,4.20476,-99.1071,1.45648,-22.4629,-200.684,-468.254,-167.975,-213.379,-658.208,-290.499,403.368,-186.456,752.354,-33.1999,-76.6541,43.9532,-7.81158,-123.554,-5.85599,12.6587,-17.5448,24.5276,-0.326314,-0.592444,-0.32375,0.590555,0.162792,0.771109,-0.728118,0.00970498,-0.639369,0.163093,-0.115667,0.894693,0.303294,-0.674461,0.371839,0.224565,-0.734126,0.197891,0.0286883,-0.121345,0.788866
29.39,0,,30.8815,6.4863,-0.0997816,-2.21651,-3.2898,-8.36029,52.3385,12.6627,5.83961,3.59527,-6.59527,-3.54593,0.259963,4.36702,-1.76662,-1.76662,1.85187,-1.85187,11.8471,-11.8471,13.6335,0.591493,2.1064,-4.11867,7.82618,-16.4399,145.212,2.10923,1.44956,150.011,32.8253,3.75371,149.563,-19.3255,-2.74044,149.008,-13.5032,3.99899,136.926,9.03646,2.38444,135.804,-3.5307,7.86734,140.619,-0.566674,4.286,-110.353,1.45648,-23.9325,-210.465,-400.387,-130.85,-246.574,-658.697,-223.638,384.273,-179.234,490.3,-32.7085,-47.3697,64.4454,-88.8677,-108.413,73.2355,28.3211,-15.1587,0.462785,-0.326316,-0.591593,-0.324668,0.590479,0.161628,0.770845,-0.72587,-0.0058597,-0.646947,0.148021,-0.103096,0.898809,0.304764,-0.674412,0.371357,0.227436,-0.734252,0.194291,0.0290542,-0.122198,0.788308
29.4,0,,31.0151,6.47324,-0.238452,-2.28754,-2.68855,-8.42514,49.8986,13.0212,5.69959,4.06133,-6.65399,-3.79748,0.0412355,4.43016,-1.65347,-1.65347,1.8045,-1.8045,11.6119,-11.6119,11.2828,0.641129,2.39796,-4.15106,7.89017,-16.1964,145.283,1.98262,1.43478,149.368,32.8779,3.21171,149.173,-16.8654,-2.76281,148.854,-11.1741,3.96746,136.937,8.90957,2.45036,135.738,-4.0075,8.17137,140.701,-0.61631,4.32942,-117.692,18.0604,-2.92158,-193.864,-309.07,-92.2809,-171.875,-423.373,-130.388,371.146,-180.766,296.91,-37.5918,-52.7423,66.4098,-89.8331,-161.611,100.595,21.4553,-2.38609,-4.39645,-0.326383,-0.590626,-0.325345,0.591169,0.160961,0.770076,-0.723041,-0.0228888,-0.653703,0.131905,-0.0911919,0.902519,0.30593,-0.674426,0.370815,0.230849,-0.734481,0.190746,0.0292979,-0.122685,0.787809
