"Time,s",Activities,Activity Names,"Hip Flexion LT,deg","Hip Flexion RT,deg","Hip Abduction LT,deg","Hip Abduction RT,deg","Hip Rotation Ext LT,deg","Hip Rotation Ext RT,deg","Knee Flexion LT,deg","Knee Flexion RT,deg","Ankle Dorsiflexion LT,deg","Ankle Dorsiflexion RT,deg","Ankle Inversion LT,deg","Ankle Inversion RT,deg","Ankle Abduction LT,deg","Ankle Abduction RT,deg","Pelvic Tilt LT,deg","Pelvic Tilt RT,deg","Pelvic Obliquity LT,deg","Pelvic Obliquity RT,deg","Pelvic Rotation LT,deg","Pelvic Rotation RT,deg","Foot Pitch Down LT,deg","Foot Pitch Down RT,deg","Foot Roll Med LT,deg","Foot Roll Med RT,deg","Foot Rotation Ext LT,deg","Foot Rotation Ext RT,deg","Pelvis Accel Sensor X,mG","Pelvis Accel Sensor Y,mG","Pelvis Accel Sensor Z,mG","Thigh Accel Sensor X LT,mG","Thigh Accel Sensor Y LT,mG","Thigh Accel Sensor Z LT,mG","Shank Accel Sensor X LT,mG","Shank Accel Sensor Y LT,mG","Shank Accel Sensor Z LT,mG","Foot Accel Sensor X LT,mG","Foot Accel Sensor Y LT,mG","Foot Accel Sensor Z LT,mG","Thigh Accel Sensor X RT,mG","Thigh Accel Sensor Y RT,mG","Thigh Accel Sensor Z RT,mG","Shank Accel Sensor X RT,mG","Shank Accel Sensor Y RT,mG","Shank Accel Sensor Z RT,mG","Foot Accel Sensor X RT,mG","Foot Accel Sensor Y RT,mG","Foot Accel Sensor Z RT,mG","Pelvis Rot X,","Pelvis Rot Y,","Pelvis Rot Z,","LT Thigh Rot X,","LT Thigh Rot Y,","LT Thigh Rot Z,","LT Shank Rot X,","LT Shank Rot Y,","LT Shank Rot Z,","LT Foot Rot X,","LT Foot Rot Y,","LT Foot Rot Z,","RT Thigh Rot X,","RT Thigh Rot Y,","RT Thigh Rot Z,","RT Shank Rot X,","RT Shank Rot Y,","RT Shank Rot Z,","RT Foot Rot X,","RT Foot Rot Y,","RT Foot Rot Z,"
68.92,0,,7.2856,5.42046,2.52898,-2.86453,11.7599,-2.76321,1.01167,-2.1117,-0.167012,-2.97799,1.37817,-4.39995,-11.9632,-10.1645,5.62545,5.62545,1.47573,-1.47573,-15.1505,15.1505,-0.296349,0.411011,0.889919,0.318609,-15.3731,2.24065,-6.83111,1.45648,-2.92101,-17.6007,215.346,59.0727,31.7513,342.767,12.2126,-5.43732,-2.86022,-4.90114,-3.43119,-75.6608,-40.5181,13.6801,-24.8788,-39.5636,-18.6992,-8.2965,-6.34746,-0.371118,-0.574501,-0.363244,-0.730446,-0.0226452,-0.68131,-0.684342,-0.0939963,-0.706925,0.0366238,-0.136668,0.684255,0.154186,-0.738152,0.123483,0.0970483,-0.688799,0.0111697,0.110905,-0.0390028,0.947419
68.93,0,,7.58455,5.52007,2.58549,-2.90968,11.7451,-3.0842,1.62834,-1.92421,0.239489,-2.86464,1.53708,-4.47177,-11.9656,-9.84799,5.67974,5.67974,1.43533,-1.43533,-14.321,14.321,-0.321044,0.419231,0.884426,0.329596,-14.5492,1.39972,5.86465,3.91093,5.85973,-30.7443,228.542,50.7706,27.8475,383.77,36.1224,0.988603,-10.828,-13.144,-18.0765,-70.8114,-22.4578,-4.86836,-12.165,-37.0965,-13.3565,-15.0127,-11.2301,-0.370811,-0.574376,-0.363548,-0.729353,-0.023561,-0.682536,-0.684488,-0.0916801,-0.706584,0.0363787,-0.136603,0.684237,0.155099,-0.738446,0.124763,0.0998568,-0.68856,0.0124516,0.111027,-0.0390029,0.947423
68.94,0,,7.9351,5.63493,2.65043,-2.96406,11.7269,-3.36147,2.32563,-1.70909,0.671198,-2.76675,1.71043,-4.58189,-11.9681,-9.57973,5.74456,5.74456,1.36938,-1.36938,-13.2608,13.2608,-0.337508,0.452112,0.873439,0.357062,-13.4953,0.328702,0,-0.970989,12.6931,-45.3888,237.813,55.6764,22.4862,430.658,24.8889,0,1.02151,-2.89613,-21.0056,-66.4029,-19.5261,-12.7064,-3.38425,-17.5704,-41.5961,-13.0374,-28.8077,-0.370517,-0.57421,-0.363864,-0.728113,-0.0246591,-0.683922,-0.684713,-0.089175,-0.706137,0.0362576,-0.136424,0.684195,0.156009,-0.738784,0.126162,0.10254,-0.688422,0.0133058,0.111331,-0.0390023,0.947409
68.95,0,,8.35545,5.77205,2.71473,-3.00048,11.7137,-3.62646,3.12368,-1.492,1.15648,-2.68431,1.91557,-4.67764,-11.9582,-9.34097,5.82323,5.82323,1.30714,-1.30714,-12.1622,12.1622,-0.362204,0.501433,0.856959,0.368049,-12.3812,-0.810799,-16.1223,-8.30735,10.7458,-46.3893,254.877,63.485,35.6552,445.338,-0.463768,0,-18.5914,-6.23782,-22.4701,-67.3949,-10.7311,-21.4695,-31.2814,-5.86684,-35.4902,-1.97536,-20.9955,-0.370197,-0.573943,-0.364337,-0.726702,-0.0258185,-0.685503,-0.684885,-0.0863049,-0.705698,0.036135,-0.136239,0.684185,0.156929,-0.739052,0.127692,0.105046,-0.688261,0.0140387,0.111698,-0.0391857,0.947415
68.96,0,,8.84561,5.91035,2.77837,-3.0364,11.6642,-3.86549,4.06078,-1.26702,1.72369,-2.64825,2.13804,-4.80212,-11.9189,-9.13709,5.9019,5.9019,1.24159,-1.24159,-11.047,11.047,-0.386899,0.591856,0.829493,0.395515,-11.2589,-1.97495,-38.5705,-8.30735,8.30276,-57.1225,256.811,57.6213,24.8805,428.2,20.9726,2.47151,0.408602,10.6934,-23.9346,-47.3362,1.46584,-32.7154,-61.0079,12.2151,-7.25069,-1.58029,21.4837,-0.369832,-0.573701,-0.364766,-0.725115,-0.0271613,-0.687272,-0.685232,-0.082892,-0.70507,0.0359506,-0.135929,0.68422,0.157966,-0.739291,0.129339,0.107547,-0.688191,0.0145878,0.112432,-0.0394915,0.947429
68.97,0,,9.38888,6.0463,2.85111,-3.08544,11.5504,-4.11545,5.11276,-1.04401,2.35077,-2.59673,2.35184,-4.91703,-11.8106,-8.93858,5.95342,5.95342,1.31126,-1.31126,-11.3162,11.3162,-0.419827,0.665838,0.796533,0.384528,-11.5216,-1.75856,-55.6593,-14.1603,34.1847,-60.0787,262.669,59.0727,40.548,395.993,17.1079,2.47151,-9.80646,0.445558,-21.968,-42.9828,12.6947,-21.4695,-65.9471,4.39261,-20.9889,-6.71622,-33.2021,-0.369533,-0.573405,-0.365199,-0.723373,-0.0286883,-0.689191,-0.685832,-0.0787401,-0.704266,0.0357692,-0.13563,0.684253,0.159184,-0.739522,0.131107,0.110112,-0.688142,0.0151374,0.11298,-0.0398574,0.947483
68.98,0,,9.9883,6.17053,2.92125,-3.13836,11.3887,-4.40912,6.26952,-0.828891,3.02827,-2.54005,2.58298,-5.00321,-11.663,-8.69177,5.99663,5.99663,1.38504,-1.38504,-11.6458,11.6458,-0.452755,0.73982,0.752586,0.357062,-11.8474,-1.4819,-71.7816,-24.4096,27.8293,-70.8119,253.91,54.1959,35.6552,322.783,42.4605,-7.74406,-0.408602,-18.9362,-15.1474,-25.4039,32.7187,-27.3602,-68.874,29.7855,1.90808,-1.58029,34.1786,-0.369229,-0.573162,-0.365567,-0.721478,-0.0302752,-0.691263,-0.686494,-0.0741,-0.703401,0.035585,-0.13526,0.684294,0.160532,-0.73973,0.132943,0.112922,-0.688033,0.0160533,0.11341,-0.0403464,0.947561
68.99,0,,10.6408,6.31117,2.98815,-3.20293,11.189,-4.74513,7.51497,-0.594038,3.74358,-2.50914,2.78812,-5.1229,-11.4761,-8.42083,6.04483,6.04483,1.45966,-1.45966,-12.0578,12.0578,-0.485682,0.846682,0.703146,0.346076,-12.2498,-1.14772,-80.5676,-38.0844,15.6319,-76.6788,246.572,37.0982,49.2926,245.111,37.1014,-1.97721,-3.88172,2.89613,-10.7538,-11.2417,32.7187,-27.3602,-37.1352,38.5707,8.77716,-20.1487,14.648,-0.368976,-0.572844,-0.365924,-0.719506,-0.0320445,-0.693382,-0.687407,-0.0690337,-0.7023,0.0354008,-0.134889,0.684335,0.161753,-0.739975,0.134774,0.116037,-0.687921,0.0171523,0.114144,-0.0408355,0.947641
69,0,,11.3328,6.45767,3.02647,-3.251,10.9316,-5.10436,8.839,-0.353265,4.49356,-2.43701,2.97303,-5.23781,-11.235,-8.11232,6.09082,6.09082,1.54127,-1.54127,-12.5247,12.5247,-0.51861,0.912444,0.659199,0.324103,-12.7151,-0.73958,-68.355,-31.746,6.8334,-73.2224,240.714,13.6724,86.9257,174.294,-11.6973,-1.97721,-4.90323,-0.445558,-10.2517,5.3453,21.96,-42.9876,-3.93304,22.4745,12.5933,12.2472,21.972,-0.368679,-0.57255,-0.366237,-0.71755,-0.0338755,-0.695455,-0.688516,-0.0634802,-0.701029,0.0352182,-0.134525,0.684406,0.162849,-0.740146,0.136603,0.119391,-0.687842,0.0184336,0.114569,-0.0412011,0.947747
69.01,0,,12.0673,6.61003,3.06608,-3.28644,10.6659,-5.48954,10.2416,-0.134201,5.29396,-2.40094,3.15794,-5.37187,-10.9865,-7.78772,6.14566,6.14566,1.62949,-1.62949,-13.0301,13.0301,-0.551538,0.994646,0.620746,0.302129,-13.2161,-0.306789,-79.5791,-27.835,4.39037,-51.2557,224.105,-3.42535,161.619,163.105,-37.6167,-6.42592,-1.02151,-7.35171,-10.7538,10.2497,41.9839,-35.1495,56.1602,54.1855,5.72423,-12.2472,20.0189,-0.368371,-0.572181,-0.366601,-0.71548,-0.0357679,-0.697597,-0.689671,-0.0575591,-0.699621,0.0350368,-0.134226,0.684438,0.163953,-0.740229,0.138438,0.122809,-0.687839,0.0198984,0.115117,-0.0416276,0.947853
69.02,0,,12.8367,6.7448,3.08687,-3.33597,10.3937,-5.82555,11.7249,0.06118,6.15738,-2.36488,3.36019,-5.5155,-10.7455,-7.498,6.20162,6.20162,1.70822,-1.70822,-13.53,13.53,-0.600929,1.06863,0.582293,0.291143,-13.7335,0.142438,-71.2983,-8.30735,1.46936,-31.2446,196.291,-29.2896,245.11,179.662,-76.6763,-8.73266,6.33334,7.79727,-0.962406,16.091,37.5864,-46.8823,102.076,72.2674,-3.43454,4.74086,12.6949,-0.367994,-0.571859,-0.366774,-0.713414,-0.0377826,-0.699681,-0.690774,-0.0514555,-0.698099,0.0347305,-0.133917,0.684538,0.165105,-0.740318,0.14008,0.126044,-0.687843,0.0212414,0.115727,-0.0419328,0.947973
69.03,0,,13.6258,6.8749,3.09986,-3.36315,10.166,-6.11512,13.2525,0.262482,7.05231,-2.2979,3.57688,-5.64477,-10.5634,-7.24851,6.25758,6.25758,1.7816,-1.7816,-14.0683,14.0683,-0.642088,1.13439,0.549333,0.280156,-14.3001,0.627274,-67.3886,-1.94198,4.88606,14.1442,185.086,-38.5787,307.103,202.168,-68.8438,-1.97721,8.37635,5.3467,-0.502125,26.8367,24.4215,-34.1759,176.713,44.4376,-17.1727,-2.37043,-4.3944,-0.367647,-0.571522,-0.366853,-0.711345,-0.0399804,-0.701701,-0.691731,-0.0454725,-0.696492,0.0344268,-0.133678,0.684568,0.166208,-0.740215,0.141732,0.129094,-0.687767,0.0222786,0.116217,-0.0421775,0.948109
69.04,0,,14.4483,6.98623,3.13038,-3.41122,9.95807,-6.32274,14.8465,0.461811,7.9756,-2.25668,3.84847,-5.75968,-10.406,-7.07146,6.29857,6.29857,1.86033,-1.86033,-14.755,14.755,-0.69148,1.22481,0.51088,0.241704,-15.0228,1.27646,-45.4016,9.27834,11.7195,64.4448,173.824,-30.2766,343.279,220.729,-79.0982,3.46011,2.45161,0,16.612,40.999,36.1206,-22.4431,215.86,41.4891,-17.9359,5.531,6.83573,-0.367328,-0.571257,-0.366779,0.709054,0.042481,0.703866,-0.692365,-0.0394922,-0.69499,0.0341202,-0.133429,0.684662,0.16737,-0.740164,0.143321,0.131777,-0.687757,0.0228276,0.116768,-0.0426664,0.948244
69.05,0,,15.3224,7.0882,3.17195,-3.47094,9.80792,-6.45387,16.5112,0.641404,8.90519,-2.18455,4.13451,-5.91288,-10.2977,-6.95342,6.33292,6.33292,1.94689,-1.94689,-15.6449,15.6449,-0.724407,1.27413,0.47792,0.230717,-15.9288,2.1393,-20.0101,-5.36741,6.8334,145.49,169.899,-20.494,367.691,232.435,-30.248,-3.46011,-3.88172,0.891117,25.3991,72.7402,19.5261,5.35519,214.854,23.9187,-97.6936,53.3347,-9.27706,-0.367092,-0.570963,-0.366603,0.706566,0.0452896,0.706139,-0.692843,-0.0338151,-0.693393,0.0339368,-0.133245,0.68484,0.168584,-0.740073,0.144902,0.133982,-0.687856,0.0229509,0.117194,-0.0427271,0.948359
69.06,0,,16.2663,7.18782,3.23299,-3.53745,9.67591,-6.49484,18.2322,0.787446,9.83794,-2.15879,4.44943,-5.87937,-10.2288,-6.90513,6.37503,6.37503,2.04706,-2.04706,-16.6721,16.6721,-0.757335,1.34812,0.44496,0.0274663,-16.9909,3.16376,-2.92134,-38.5699,10.7458,254.868,182.64,-17.5912,423.854,276.865,53.694,-5.43732,-11.2366,13.5895,15.6077,90.815,13.6628,14.6538,187.048,2.437,-37.7799,-2.7655,57.1272,-0.366839,-0.570584,-0.366412,0.703783,0.0484042,0.708605,-0.693086,-0.0282606,-0.691865,0.0337548,-0.133066,0.684924,0.169867,-0.739958,0.146368,0.135566,-0.688083,0.0225841,0.116951,-0.0443143,0.948484
69.07,0,,17.2299,7.25345,3.32717,-3.60154,9.53731,-6.47572,20.0097,0.915727,10.777,-2.22061,4.74991,-5.74531,-10.1673,-6.89172,6.38444,6.38444,2.16166,-2.16166,-17.8367,17.8367,-0.798495,1.5043,0.401013,-0.28565,-18.2009,4.34709,30.751,-61.0375,-13.1888,303.213,200.216,-23.4259,471.169,279.323,53.694,-3.46011,-6.33334,-5.79226,14.6453,101.561,8.79505,7.78937,126.498,5.38546,-10.3036,-23.3092,9.76533,-0.366593,-0.570398,-0.366105,0.700582,0.0516373,0.711386,-0.693363,-0.0228293,-0.690189,0.0335104,-0.132882,0.685041,0.171211,-0.739838,0.147772,0.136784,-0.688316,0.0219734,0.11683,-0.0470005,0.948556
69.08,0,,18.2254,7.27923,3.43108,-3.6666,9.35745,-6.40469,21.8416,0.996642,11.716,-2.23092,5.0764,-5.62083,-10.1132,-6.90513,6.36672,6.36672,2.2845,-2.2845,-19.1057,19.1057,-0.831422,1.57828,0.357066,-0.565806,-19.5477,5.6619,70.3099,-73.2288,-30.768,257.825,195.324,-12.2209,465.339,259.792,8.81159,-4.94301,-3.47312,-2.89613,18.5368,87.8943,-8.79505,7.78937,97.137,25.3929,-17.1727,8.69158,20.9955,-0.366223,-0.570453,-0.365551,0.697042,0.0551774,0.714376,-0.693457,-0.0173959,-0.688574,0.0333255,-0.132692,0.685126,0.172372,-0.739785,0.14875,0.137697,-0.688608,0.0214236,0.116275,-0.0490734,0.948692
69.09,0,,19.2436,7.26048,3.51681,-3.74768,9.14625,-6.30908,23.7339,1.04203,12.6677,-2.16394,5.41155,-5.33835,-10.0566,-6.82465,6.32073,6.32073,2.41022,-2.41022,-20.479,20.479,-0.86435,1.57828,0.3296,-1.00527,-21.0341,7.21228,83.0057,-75.1977,-55.6586,249.502,216.313,24.4128,499.537,248.991,-42.9758,-4.44871,-2.45161,-8.24283,4.89572,54.2245,-21.4898,-12.7064,79.5755,13.6592,-23.2785,22.5191,40.5261,-0.365808,-0.570716,-0.36477,0.693342,0.0588416,0.717391,-0.693386,-0.0118413,-0.686977,0.0331429,-0.132633,0.685198,0.173468,-0.739833,0.149358,0.138562,-0.688963,0.0209369,0.114385,-0.0520041,0.948708
69.1,0,,20.3211,7.22884,3.55383,-3.80012,8.92184,-6.20117,25.6928,1.06966,13.6319,-2.01968,5.80738,-4.87394,-10.0124,-6.63687,6.25314,6.25314,2.56934,-2.56934,-21.9952,21.9952,-0.897277,1.5043,0.285653,-1.59854,-22.6957,9.04205,82.0392,-59.581,-48.8252,238.268,254.422,30.2766,516.61,264.642,-87.9098,-2.96581,-10.828,2.00501,-12.2184,39.0703,-9.76306,-10.2722,75.1852,4.87399,-8.77716,24.4944,18.5541,-0.365124,-0.571185,-0.363903,0.689414,0.0623799,0.720482,-0.692974,-0.006287,-0.685527,0.0330216,-0.132514,0.685274,0.174568,-0.739837,0.149847,0.139468,-0.689281,0.0206302,0.11115,-0.0558498,0.948593
69.11,0,,21.4577,7.18665,3.5798,-3.85304,8.66938,-6.08917,27.7101,1.07361,14.5899,-1.79813,6.26099,-4.33292,-9.95332,-6.39543,6.16395,6.16395,2.74907,-2.74907,-23.6981,23.6981,-0.930205,1.3399,0.241706,-2.23576,-24.5543,11.1266,78.6127,-27.835,-60.0667,195.29,249.53,32.715,453.627,279.323,-142.583,7.24975,-7.76344,18.4907,-3.89147,24.412,-19.0559,-0.973672,58.6298,-22.4745,-28.2395,15.0127,10.7419,-0.364351,-0.571768,-0.362948,0.685093,0.0656161,0.723791,-0.692089,-0.000671397,-0.684398,0.0329,-0.132455,0.685407,0.175733,-0.739861,0.150341,0.140325,-0.689662,0.0205086,0.106942,-0.0598191,0.948438
69.12,0,,22.696,7.13156,3.56097,-3.88897,8.33442,-5.9717,29.7717,1.03809,15.5037,-1.53021,6.77816,-3.83978,-9.82786,-6.14863,6.06035,6.06035,2.96795,-2.96795,-25.6042,25.6042,-0.963133,1.11795,0.18128,-2.81255,-26.632,13.4357,58.0974,-5.36741,-62.014,210.935,250.497,28.3317,355.979,299.307,-179.684,1.97721,-10.2151,12.6984,-0.962406,-0.991911,-38.5821,-3.89469,34.6657,-3.42985,-83.1922,37.5318,-48.3384,-0.363357,-0.572411,-0.362015,0.680378,0.0687276,0.727255,-0.690765,0.00512718,-0.683746,0.0328372,-0.132264,0.685552,0.177015,-0.73986,0.150645,0.141182,-0.690101,0.0205089,0.102484,-0.0631752,0.948299
69.13,0,,23.995,7.05421,3.49083,-3.9113,7.879,-5.86926,31.8716,0.970986,16.3703,-1.37565,7.31556,-3.56209,-9.59661,-5.97157,5.92794,5.92794,3.21652,-3.21652,-27.7302,27.7302,-0.99606,0.986426,0.104373,-3.20257,-28.9478,15.8708,32.2226,20.4987,-54.6849,187.013,235.367,-26.8512,261.246,287.601,-134.75,-7.74406,-13.2796,-9.35672,6.36025,-41.9909,-46.3815,0.973672,35.6718,2.91838,-153.791,151.312,14.1597,-0.362213,-0.573168,-0.361053,0.675384,0.0717195,0.730745,-0.689233,0.011414,-0.683434,0.0328383,-0.132025,0.685699,0.178353,-0.739841,0.150764,0.142158,-0.690587,0.020753,0.0996745,-0.0653713,0.948281
69.14,0,,25.3577,6.96045,3.31418,-3.90693,7.33284,-5.76136,33.9957,0.872309,17.1896,-1.53021,7.8154,-3.57646,-9.26943,-5.97694,5.77171,5.77171,3.49806,-3.49806,-30.0923,30.0923,-1.03722,1.15083,0.0219733,-3.40033,-31.5073,18.3306,15.1339,36.6279,-66.4044,139.668,232.41,-80.5537,150.376,204.108,-167.987,-18.6187,-2.04301,-11.8073,3.89147,-74.724,-60.542,4.86836,53.2333,3.42985,-286.212,414.035,218.255,-0.360926,-0.573954,-0.360133,0.670429,0.0748312,0.733907,-0.687768,0.018067,-0.683251,0.0328381,-0.13178,0.685816,0.179814,-0.739705,0.150761,0.143074,-0.691014,0.0210582,0.100285,-0.0667141,0.948464
69.15,0,,26.7705,6.85732,3.02452,-3.89868,6.64146,-5.64525,36.1037,0.755869,17.9112,-2.29274,8.22856,-3.64827,-8.78234,-6.10302,5.58999,5.58999,3.78538,-3.78538,-32.6357,32.6357,-1.08661,1.93175,-0.06592,-3.85078,-34.2529,20.7877,21.965,55.6701,-100.589,108.378,193.845,-105.46,23.9436,124.043,-232.915,0,-3.47312,-3.34169,11.2141,-66.8989,-68.8393,16.1143,80.5816,-7.82245,-452.978,948.172,954.072,-0.359646,-0.57475,-0.359158,0.665615,0.0781892,0.736602,-0.686492,0.0252086,-0.683318,0.032778,-0.1316,0.685958,0.181523,-0.73946,0.150944,0.143923,-0.69154,0.0213627,0.105106,-0.0706811,0.948518
69.16,0,,28.1924,6.74832,2.66472,-3.89625,5.81149,-5.51549,38.1149,0.629562,18.4784,-4.53912,8.51749,-3.23653,-8.15503,-6.20764,5.39331,5.39331,4.07764,-4.07764,-35.3219,35.3219,-1.12777,4.3485,-0.142827,-5.66355,-37.149,23.1982,10.2576,58.0975,-114.752,70.8119,91.8035,-93.2681,-125.964,-24.3817,-237.81,-8.23836,3.47312,12.2529,10.7538,-68.3868,-58.606,23.9036,84.5147,-8.30384,-1073.87,1833.53,2361.26,-0.358363,-0.575481,-0.35818,0.660914,0.0815461,0.73892,-0.685592,0.0325339,-0.683578,0.032777,-0.131535,0.686058,0.183546,-0.73913,0.151256,0.14472,-0.692042,0.0215462,0.117803,-0.0861246,0.947248
69.17,0,,29.581,6.63112,2.24647,-3.89771,4.96501,-5.33246,39.9992,0.495361,18.9291,-9.60376,8.68506,-1.66614,-7.4859,-5.96352,5.18113,5.18113,4.36083,-4.36083,-38.1784,38.1784,-1.18539,10.004,-0.23072,-10.5526,-40.1957,25.5402,21.965,64.9484,-128.914,51.2557,-21.5004,-62.498,-288.573,-188.004,-139.646,9.72126,0.408602,1.55945,-13.1808,-68.8276,-50.779,26.3865,67.8679,-5.86684,-1071.19,2140.1,2245.54,-0.357192,-0.576134,-0.357131,0.656509,0.0849628,0.740739,-0.685151,0.0394305,-0.683747,0.0327774,-0.131476,0.686188,0.185737,-0.738674,0.151678,0.145146,-0.692524,0.0213629,0.144352,-0.125126,0.941007
69.18,0,,30.9361,6.54088,1.77237,-3.9011,4.12678,-5.13031,41.9057,0.36708,19.4458,-16.5696,8.6475,1.32621,-6.76265,-5.26335,4.96451,4.96451,4.68277,-4.68277,-41.2656,41.2656,-1.25948,18.1091,-0.340586,-18.6771,-43.4587,27.6357,29.3013,60.552,-128.418,25.3777,-114.726,-29.7831,-290.551,-266.129,-248.064,-6.75545,-7.76344,-2.89613,-16.612,-69.8195,-51.2768,25.4128,29.2692,-26.8671,-292.317,1538.41,1537.06,-0.35597,-0.576499,-0.356337,0.652536,0.0885022,0.742015,-0.686005,0.0468771,-0.682708,0.0327168,-0.131416,0.686319,0.188118,-0.738189,0.152106,0.145453,-0.692963,0.0208139,0.177249,-0.184207,0.926773
69.19,0,,32.2093,6.45767,1.24955,-3.90936,3.35786,-4.91723,43.8262,0.234852,20.0603,-22.0155,8.48281,4.77818,-6.05662,-4.46124,4.72407,4.72407,5.0245,-5.0245,-44.611,44.611,-1.35003,24.9977,-0.46144,-27.1257,-46.9708,29.8517,41.0086,46.3917,-94.7294,15.1448,-224.617,9.75352,-77.1401,-260.762,-347.156,-2.96581,-0.408602,-2.00501,-2.42694,-78.1406,-45.4134,40.9916,-41.5256,-68.3562,897.56,-316.057,5.8592,-0.354763,-0.576704,-0.355618,0.649196,0.09235,0.742645,-0.687771,0.0546896,-0.680568,0.0327157,-0.131351,0.686419,0.190567,-0.737669,0.152478,0.145575,-0.693268,0.0201425,0.197764,-0.237439,0.910143
69.2,0,,33.3793,6.36508,0.688424,-3.90887,2.82159,-4.74103,45.6097,0.0927568,20.6685,-23.4221,8.34124,6.31027,-5.50065,-3.11187,4.43432,4.43432,5.38519,-5.38519,-48.1927,48.1927,-1.46528,28.2282,-0.60976,-31.9488,-50.6827,33.8536,52.7379,28.3205,-87.4003,10.2329,-301.746,32.2215,167.501,-150.365,-241.675,-6.42592,-2.45161,5.79226,23.4325,-64.4742,-67.3734,42.9876,-84.5147,-97.179,344.599,-157.634,-1130.34,-0.353605,-0.576828,-0.355131,0.646531,0.0966256,0.742668,-0.689291,0.0614033,-0.678366,0.0326548,-0.131352,0.686545,0.192948,-0.737181,0.1526,0.145757,-0.693504,0.0195319,0.200688,-0.255499,0.901387
69.21,0,,34.4127,6.26312,0.116902,-3.90887,2.33813,-4.6222,47.097,-0.0374974,21.1097,-20.9593,8.34413,6.09961,-4.96682,-1.60959,4.09692,4.09692,5.73186,-5.73186,-51.8842,51.8842,-1.61345,27.6775,-0.785546,-32.8058,-54.4822,39.6306,57.1309,3.91093,-72.7598,-28.3339,-338.376,69.3487,144.026,87.3732,-127.433,-6.42592,-5.31183,0,12.2184,-49.32,-68.8393,41.5271,-91.2832,-103.016,-639.206,1670.36,-1008.27,-0.352564,-0.576946,-0.354762,0.644559,0.101262,0.742158,-0.689615,0.0672035,-0.677529,0.032594,-0.131353,0.686671,0.195262,-0.736732,0.152657,0.146183,-0.693681,0.0191045,0.186106,-0.242201,0.903309
69.22,0,,35.3308,6.15998,-0.507225,-3.90159,1.77876,-4.51293,48.3787,-0.132228,21.409,-18.7747,8.30079,6.4539,-4.34197,-0.0160959,3.70302,3.70302,6.05133,-6.05133,-55.6636,55.6636,-1.78632,27.7679,-0.994293,-34.5801,-58.3638,45.4541,56.1425,0,-68.8474,-31.2446,-349.126,31.2635,-31.2308,296.849,-23.9098,-14.6643,-4.49463,-11.8073,-18.5368,-29.3165,-64.4417,37.5837,-67.4105,-114.268,-1216.21,1191.54,1195.76,-0.351586,-0.577187,-0.354455,0.643274,0.106144,0.741055,-0.689935,0.0730038,-0.677177,0.0325954,-0.131358,0.686701,0.197395,-0.736355,0.152777,0.146675,-0.693759,0.0186166,0.170355,-0.234505,0.903168
69.23,0,,36.1822,6.05802,-1.16188,-3.89673,1.08574,-4.39273,49.4891,-0.177619,21.5603,-18.986,8.15344,7.07152,-3.54492,1.68202,3.26868,3.26868,6.34111,-6.34111,-59.5089,59.5089,-2.01682,31.6067,-1.24699,-39.3977,-62.2755,50.2038,46.8733,8.30735,-79.0975,-26.3782,-299.812,-59.5662,-248.025,468.75,65.4428,-10.2156,1.02151,7.35171,-41.0069,-11.2417,-41.0159,26.8733,-39.5134,-86.9195,-678.894,493.049,561.506,-0.350727,-0.577424,-0.354267,0.642426,0.111089,0.739538,-0.690528,0.0791059,-0.677161,0.0325938,-0.131413,0.68679,0.199352,-0.736065,0.152841,0.147161,-0.693688,0.0177618,0.169867,-0.240181,0.896759
69.24,0,,36.9895,5.97246,-1.82562,-3.87926,0.191406,-4.21243,50.5008,-0.159857,21.6075,-19.4548,7.80095,6.98534,-2.54368,2.96701,2.77893,2.77893,6.59298,-6.59298,-63.3926,63.3926,-2.31316,36.5389,-1.57109,-44.6053,-66.2146,54.2688,40.5254,27.835,-80.5669,-37.6117,-187.475,-145.519,-453.107,457.497,114.757,-11.6985,-3.88172,0,-28.3282,1.48787,-20.992,12.7064,-43.9037,-79.5784,-64.1114,234.277,977.509,-0.349883,-0.577808,-0.354217,0.641522,0.115486,0.738025,-0.691991,0.0860029,-0.676914,0.0325947,-0.131539,0.686809,0.200822,-0.735962,0.152845,0.147349,-0.693531,0.0163586,0.17475,-0.242257,0.891267
69.25,0,,37.7513,5.89277,-2.48872,-3.86712,-0.907529,-3.94198,51.3996,-0.0888097,21.5603,-18.7129,7.21444,7.0811,-1.3112,4.14737,2.26813,2.26813,6.80279,-6.80279,-67.2599,67.2599,-2.71653,41.06,-1.99408,-49.9557,-70.1099,58.7473,53.2212,44.4228,-98.1461,-22.467,-77.6405,-135.737,-536.129,311.53,58.1256,-21.914,-2.04301,-5.79226,-16.612,10.2497,-8.29722,9.7854,-84.5147,-81.0527,-88.9164,50.9642,233.88,-0.349145,-0.578164,-0.354272,0.640606,0.118965,0.736498,-0.694572,0.0937572,-0.676138,0.0326552,-0.131659,0.686859,0.201857,-0.736012,0.152537,0.147163,-0.69333,0.0140387,0.170238,-0.240494,0.887996
69.26,0,,38.4858,5.84003,-3.13493,-3.83119,-2.06917,-3.59231,52.1412,0.039471,21.409,-16.8942,6.4459,7.69393,0.00492008,5.31432,1.73849,1.73849,6.98252,-6.98252,-71.0832,71.0832,-3.30099,45.688,-2.58736,-56.1466,-73.9422,63.7244,32.2226,56.641,-71.7861,9.77814,-16.0969,-70.3067,-423.854,148.425,0.979066,-17.6301,1.02151,-9.35672,5.356,6.33721,27.8233,20.9826,-154.303,-99.6159,-581.2,-217.684,122.067,-0.34841,-0.578465,-0.354514,0.639563,0.12165,0.735089,-0.697919,0.101325,-0.674969,0.0327168,-0.131844,0.686871,0.202217,-0.736173,0.151861,0.146618,-0.693046,0.0109261,0.155286,-0.23769,0.885996
69.27,0,,39.2066,5.82128,-3.71554,-3.7671,-3.1945,-3.23718,52.7075,0.246694,21.1475,-14.9312,5.59357,8.00992,1.29398,6.13521,1.2011,1.2011,7.12226,-7.12226,-74.7802,74.7802,-4.22297,51.5243,-3.51573,-63.1945,-77.6267,68.2304,21.965,67.8614,-63.9614,46.8896,17.0638,-42.004,-282.222,-17.0737,-66.4219,-21.4197,-1.02151,-20.9412,18.5368,16.091,42.4818,18.0616,-228.482,-110.357,-660.576,-258.772,68.3573,-0.347745,-0.578721,-0.354948,0.638149,0.123785,0.73404,-0.701511,0.107915,-0.673739,0.0327158,-0.132084,0.686848,0.201736,-0.736445,0.150829,0.146125,-0.692535,0.00744661,0.140942,-0.232503,0.885207
69.28,0,,39.9213,5.84706,-4.1812,-3.69039,-4.18619,-2.93805,53.0945,0.522991,20.7567,-13.0867,4.74414,7.55987,2.46496,6.53761,0.677004,0.677004,7.22532,-7.22532,-78.3014,78.3014,-5.72117,58.8485,-5.00442,-70.8741,-81.0841,71.9365,17.0888,69.3448,-54.6849,32.2451,43.9678,-33.7019,-175.309,-167.956,-78.6345,-23.8912,-1.02151,-10.6934,-7.82478,-2.92063,20.992,38.0706,-235.8,-121.579,-578.147,13.0374,-215.325,-0.347322,-0.578788,-0.355684,0.636323,0.125617,0.733434,-0.704883,0.112984,-0.672776,0.0327765,-0.132449,0.686781,0.200264,-0.736906,0.149359,0.145881,-0.691989,0.0038454,0.131659,-0.222972,0.885967
69.29,0,,40.6103,5.89628,-4.59036,-3.61174,-4.94026,-2.72223,53.2879,0.85652,20.2305,-11.067,4.00449,6.98055,3.42929,6.81929,0.169528,0.169528,7.29374,-7.29374,-81.6688,81.6688,-8.79167,68.4086,-8.05322,-80.5642,-84.3443,75.1907,0,61.523,-38.0794,4.86633,40.5551,-14.1658,-149.908,-271.497,-88.8889,-3.46011,-2.04301,-6.23782,-25.8594,-59.5698,-2.93168,32.2285,-210.921,-95.2233,-620.125,104.299,-272.941,-0.347075,-0.578722,-0.356597,0.634498,0.127449,0.732893,-0.707565,0.115974,-0.672468,0.0328384,-0.13288,0.686677,0.19801,-0.737532,0.147409,0.146126,-0.691259,0.000427268,0.122195,-0.211858,0.887409
69.3,0,,41.2658,5.96074,-4.97613,-3.54085,-5.41713,-2.6034,53.2496,1.19597,19.5215,-8.9958,3.38619,6.4539,4.13779,7.06609,-0.318003,-0.318003,7.33126,-7.33126,-84.8055,84.8055,-18.1102,81.224,-17.3479,-93.4514,-87.3253,77.8093,-11.7293,51.7591,-29.7766,7.32224,11.2053,-0.493482,-198.732,-288.571,-65.9066,-4.94301,-12.6667,-16.0401,-47.8692,-95.7194,-8.29722,-1.46051,-160.615,-68.3562,-677.749,108.25,-185.053,-0.346891,-0.5786,-0.357635,0.632803,0.129283,0.732298,-0.709536,0.116404,-0.672973,0.0329609,-0.13337,0.686503,0.195439,-0.738298,0.145267,0.146793,-0.690508,-0.00244147,0.112063,-0.20075,0.889
69.31,0,,41.8607,6.02051,-5.34373,-3.47725,-5.61348,-2.55833,53.0219,1.58476,18.6896,-7.00704,2.88635,5.85543,4.59781,7.26729,-0.78559,-0.78559,7.31477,-7.31477,-87.7829,87.7829,247.402,98.0343,-111.828,-110.162,-89.121,79.4583,-34.6607,20.0132,-46.8779,0,-25.3682,9.28907,-267.596,-250.026,-44.4187,-9.72126,-1.43011,-10.6934,-26.3616,-116.219,-35.6504,-33.2022,-80.0329,-15.1334,-652.181,94.4221,-100.583,-0.346872,-0.578567,-0.358652,0.6312,0.130867,0.731669,-0.711019,0.114444,-0.67403,0.0330204,-0.133669,0.686349,0.19276,-0.739116,0.143258,0.148015,-0.68966,-0.0050661,0.103091,-0.18964,0.890583
69.32,0,,42.4207,6.07325,-5.69963,-3.41947,-5.55573,-2.52281,52.6249,1.97158,17.7127,-5.05434,2.46452,5.16121,4.82168,7.40142,-1.22049,-1.22049,7.27231,-7.27231,-90.5515,90.5515,194.635,117.081,-164.58,-128.932,-86.8955,80.0281,-42.9635,-1.45648,-47.8515,-26.833,-74.6827,21.9745,-278.319,-160.648,-28.8052,4.94301,-11.2366,-6.90615,-14.1432,-138.206,-32.7187,-39.0442,-38.0499,24.9115,-569.37,84.5453,2.9296,-0.346885,-0.578529,-0.359643,0.629546,0.131781,0.731113,-0.712075,0.110235,-0.675574,0.0331435,-0.134039,0.686186,0.190194,-0.739902,0.141303,0.149362,-0.688886,-0.00769091,0.0949153,-0.178172,0.892143
69.33,0,,42.9366,6.12248,-6.05228,-3.33742,-5.28842,-2.43813,52.0687,2.36629,16.6476,-3.06043,2.11204,4.4191,4.85366,7.44166,-1.62437,-1.62437,7.20759,-7.20759,-93.0674,93.0674,188.157,135.231,-171.057,-146.681,-84.5249,79.661,-49.3114,-19.5277,-73.7335,-45.889,-112.792,48.3322,-250.471,-88.8607,8.2963,5.43732,-8.37635,6.90615,-21.0056,-165.043,-16.5944,-17.5748,-61.5567,14.1707,-494.192,38.717,130.367,-0.346886,-0.57853,-0.36062,0.627851,0.131906,0.730641,-0.712841,0.104128,-0.67744,0.033144,-0.134224,0.686074,0.187872,-0.740503,0.139653,0.150522,-0.688153,-0.0106818,0.0866749,-0.166269,0.893667
69.34,0,,43.3995,6.15998,-6.3861,-3.23595,-4.87261,-2.28515,51.3472,2.77481,15.4628,-0.994381,1.82889,3.7153,4.7528,7.36923,-1.99832,-1.99832,7.12845,-7.12845,-95.3197,95.3197,185.745,150.307,-173.474,-161.321,-82.3953,78.6448,-43.9519,-22.4676,-79.5932,-52.2562,-131.847,34.6598,-226.059,-26.8393,31.7423,0,-9.80646,0.445558,-39.5423,-166.035,16.1243,8.81173,-110.857,-14.1707,-422.448,20.9388,158.687,-0.346893,-0.578541,-0.361664,0.626144,0.131296,0.730278,-0.713249,0.0965038,-0.679677,0.0332656,-0.134283,0.686004,0.18592,-0.740934,0.138311,0.151374,-0.687409,-0.0142829,0.0778255,-0.154308,0.895085
69.35,0,,43.8244,6.2303,-6.69784,-3.14613,-4.39409,-2.12124,50.4625,3.20899,14.1771,1.1438,1.56019,3.17907,4.56829,7.26461,-2.34901,-2.34901,7.06002,-7.06002,-97.3522,97.3522,184.477,162.21,-174.748,-172.857,-80.4736,77.2231,-37.604,-19.0422,-90.339,-66.4004,-146.977,24.4128,-209.455,41.0027,64.4638,-0.494301,-5.92473,-4.90114,-62.5145,-164.051,35.1526,15.6274,-153.846,-52.26,-375.51,-62.0262,55.6624,-0.346768,-0.578476,-0.362761,0.624486,0.130134,0.730022,-0.713371,0.0878362,-0.68218,0.0333883,-0.134408,0.685895,0.184395,-0.741366,0.137457,0.15223,-0.686498,-0.0179453,0.0677552,-0.142957,0.896322
69.36,0,,44.2098,6.31234,-6.96997,-3.09418,-3.92053,-2.02153,49.4247,3.65896,12.8032,3.33865,1.2886,2.77211,4.38133,7.18681,-2.65705,-2.65705,6.99942,-6.99942,-99.1814,99.1814,183.728,171.498,-175.512,178.174,-78.7491,75.5933,-23.9199,-20.9842,-116.203,-70.8119,-146.977,21.9745,-192.382,100.114,109.398,-13.6757,-16.5484,-17.154,-72.2641,-155.289,15.6264,2.92101,-152.84,-83.0083,-349.56,-141.436,-52.7328,-0.346702,-0.578285,-0.363793,0.622967,0.128854,0.729785,-0.713364,0.0784353,-0.684798,0.0335088,-0.134401,0.685862,0.18336,-0.7418,0.137031,0.153507,-0.685443,-0.0212408,0.0567648,-0.132085,0.897433
69.37,0,,44.5634,6.4354,-7.21936,-3.07185,-3.49151,-2.01606,48.2296,4.11485,11.3253,5.49743,0.99101,2.36037,4.21405,7.12243,-2.94901,-2.94901,6.96026,-6.96026,-100.835,100.835,183.185,178.691,-176.072,171.346,-77.1942,73.9306,-39.0537,-21.9821,-114.752,-84.4559,-150.389,28.7961,-179.213,143.057,142.583,14.6643,-12.2581,-11.8073,-62.0124,-128.893,-38.0842,-22.4431,-107.381,-81.534,-298.042,-191.215,-46.8736,-0.346518,-0.577977,-0.364891,0.621637,0.127453,0.729557,-0.713275,0.0686053,-0.687457,0.0336933,-0.134346,0.685769,0.18257,-0.742367,0.136912,0.155342,-0.684419,-0.0238659,0.0459632,-0.121287,0.898571
69.38,0,,44.8912,6.54908,-7.45511,-3.07767,-3.1582,-2.09529,46.9197,4.53127,9.78122,7.57894,0.68764,1.85286,4.12549,7.04195,-3.2105,-3.2105,6.92852,-6.92852,-102.296,102.296,182.855,184.421,-176.451,166.111,-75.8146,72.3611,-39.0537,-19.0422,-107.423,-87.9123,-139.184,20.0296,-166.981,149.912,181.643,-3.46011,-19.6129,-11.139,-51.7607,-113.794,-56.1445,-28.3338,-41.5256,-74.2231,-207.599,-147.362,-63.9629,-0.346339,-0.577619,-0.365933,0.620453,0.126044,0.729284,-0.713054,0.0587192,-0.690165,0.0338151,-0.134039,0.68564,0.182138,-0.742956,0.136908,0.157601,-0.683509,-0.0258193,0.0360119,-0.110172,0.899809
69.39,0,,45.1901,6.65691,-7.66618,-3.11506,-2.93544,-2.23871,45.5049,4.92401,8.16467,9.66044,0.34382,1.35494,4.13287,6.98025,-3.44818,-3.44818,6.9042,-6.9042,-103.571,103.571,182.608,189.353,-176.759,161.683,-74.6074,70.8682,-22.9534,-10.7348,-127.445,-74.2229,-122.063,-2.43838,-127.942,127.471,166.029,14.17,1.02151,6.90615,-25.8594,-93.7356,-85.9315,-21.9563,59.5444,-31.2597,-171.345,-22.5191,-258.781,-0.346101,-0.577262,-0.366916,0.619298,0.124519,0.729106,-0.712859,0.0488912,-0.692717,0.0339983,-0.133613,0.685521,0.182018,-0.743637,0.136971,0.160225,-0.682591,-0.0272231,0.0258802,-0.0990652,0.900987
69.4,0,,45.4618,6.73777,-7.86946,-3.17963,-2.86449,-2.36573,44.0056,5.27924,6.50401,11.7265,-0.0231139,1.00543,4.25833,6.94269,-3.65316,-3.65316,6.89142,-6.89142,-104.647,104.647,182.452,193.627,-176.962,157.783,-73.5617,69.4,-10.2576,5.36741,-142.085,-70.3117,-104.999,-10.7405,-75.2142,81.5527,133.771,4.44871,-14.7097,5.3467,-7.32265,-61.4985,-72.2688,-13.1933,158.694,-8.30384,-257.209,-17.3832,-382.801,-0.345779,-0.576929,-0.367691,0.618146,0.122689,0.728993,-0.712445,0.0393701,-0.695293,0.0340593,-0.133246,0.685398,0.182449,-0.744261,0.137157,0.162915,-0.681753,-0.0285666,0.0148935,-0.0890557,0.901849
69.41,0,,45.7091,6.79286,-8.04676,-3.25828,-2.84634,-2.46681,42.4337,5.58317,4.79923,13.5864,-0.369823,0.608046,4.44775,6.8783,-3.83321,-3.83321,6.89554,-6.89554,-105.548,105.548,182.345,197.022,-177.143,154.844,-72.7159,68.0934,-1.95488,14.1603,-140.634,-84.0011,-115.238,-21.9745,-31.7513,36.6049,129.907,12.1928,-7.76344,31.1891,7.32265,-7.32912,-49.3131,-3.40785,182.109,32.2225,-230.114,-16.9881,-239.739,-0.345481,-0.576514,-0.368493,0.617047,0.120675,0.728932,-0.711771,0.0298479,-0.697854,0.0341819,-0.13276,0.685348,0.183422,-0.744798,0.13746,0.165232,-0.68089,-0.0299701,0.00567641,-0.0794698,0.902427
69.42,0,,45.9307,6.81044,-8.19874,-3.34471,-2.87109,-2.50915,40.7872,5.83973,3.03772,15.1476,-0.719421,0,4.65931,6.74417,-3.64374,-3.64374,7.09835,-7.09835,-103.45,103.45,182.633,202.078,-176.869,150.285,-74.8401,69.6466,6.83111,23.4386,-144.528,-104.967,-138.16,-26.8512,-25.4011,-32.2072,114.757,1.4829,-10.828,5.79226,25.8594,33.229,4.39753,-23.4168,169.395,108.401,-93.8774,120.497,-137.203,-0.345177,-0.576088,-0.369226,0.616009,0.11866,0.728931,-0.710727,0.0201425,-0.700472,0.0343034,-0.132514,0.685275,0.184639,-0.745269,0.137518,0.167183,-0.680026,-0.0316788,-0.000183115,-0.0697057,0.902817
69.43,0,,46.1098,6.79051,-8.34681,-3.42676,-2.93544,-2.49823,39.0802,6.04893,1.24471,16.5747,-1.01123,-0.493139,4.86842,6.68515,-3.40773,-3.40773,7.3024,-7.3024,-101.165,101.165,183.069,207.618,-176.462,145.066,-77.1176,71.1312,14.1674,35.6569,-137.199,-93.7337,-150.389,-19.0426,-25.4011,-99.1437,83.4783,-2.96581,-7.35484,2.00501,46.4047,40.0622,34.1845,-35.1495,144.059,120.616,-54.1894,224.006,-235.833,-0.34487,-0.575719,-0.369774,0.615154,0.116646,0.72887,-0.7092,0.0103154,-0.703218,0.0344251,-0.132207,0.685145,0.185988,-0.745601,0.137401,0.168829,-0.679283,-0.0335705,-0.00585978,-0.0614056,0.90265
69.44,0,,46.2554,6.7366,-8.46307,-3.50056,-2.99815,-2.45179,37.3229,6.20089,-0.56721,17.8679,-1.28282,-0.646348,5.05784,6.77368,-3.10857,-3.10857,7.52087,-7.52087,-98.5772,98.5772,183.769,213.849,-175.765,138.743,-79.6989,72.5967,25.3915,49.8171,-154.778,-91.3233,-161.14,-35.6468,-22.4862,-137.689,61.0113,0,1.43011,2.00501,56.6564,54.6653,59.574,-33.689,124.028,104.971,-112.958,153.683,-322.256,-0.344623,-0.575288,-0.370259,0.614481,0.114754,0.728807,-0.707299,0.000244149,-0.705956,0.0345477,-0.132026,0.685034,0.18745,-0.745772,0.137032,0.170117,-0.678575,-0.035586,-0.0125742,-0.0560345,0.901802
69.45,0,,46.3526,6.65691,-8.54879,-3.58066,-3.04105,-2.4231,35.5213,6.30352,-2.37598,18.8211,-1.52841,-0.679862,5.22266,7.01244,-2.72519,-2.72519,7.74842,-7.74842,-95.4899,95.4899,185.308,221.116,-174.237,131.168,-82.7785,74.3333,18.0772,51.2736,-154.3,-126.934,-159.661,-27.3447,-31.7513,-161.1,47.8712,-6.42592,-6.74194,6.90615,37.6175,50.3119,48.3451,-18.0616,76.6486,88.3937,-73.6518,37.1367,-309.561,-0.344384,-0.574869,-0.370692,0.614057,0.113045,0.72875,-0.705111,-0.0100713,-0.70859,0.034669,-0.13184,0.685018,0.188855,-0.745958,0.1363,0.171391,-0.677935,-0.0373545,-0.0177621,-0.0532252,0.900494
69.46,0,,46.4087,6.5526,-8.59815,-3.65204,-3.01465,-2.4354,33.6571,6.36667,-4.20366,19.4548,-1.76533,-0.828282,5.31368,7.32362,-2.20663,-2.20663,7.99327,-7.99327,-91.6172,91.6172,191.178,231.605,-168.349,120.368,-86.6273,76.4918,18.5604,63.4649,-140.138,-143.534,-145.498,-21.9745,-59.0783,-192.855,55.6522,-2.96581,-5.92473,-2.89613,29.7927,42.9828,45.4134,-28.8207,59.5444,79.5784,37.0167,-75.8538,-294.425,-0.344315,-0.574306,-0.371232,0.613927,0.111396,0.728619,-0.702605,-0.0208749,-0.71115,0.0347911,-0.131779,0.684958,0.190318,-0.746013,0.135383,0.172673,-0.677387,-0.0390026,-0.0201419,-0.0513925,0.898941
69.47,0,,46.4239,6.40962,-8.59166,-3.72632,-2.9602,-2.47091,31.7547,6.40022,-6.03763,19.9598,-1.97335,-1.2113,5.37519,7.61872,-2.26702,-2.26702,8.05181,-8.05181,-92.0511,92.0511,189.819,229.689,-169.722,122.577,-86.2769,75.8563,7.31434,62.4939,-131.339,-142.579,-115.238,-8.30211,-70.3214,-212.386,15.1498,-2.96581,0,1.55945,11.2141,13.1704,24.8917,-15.1406,105.003,36.6151,136.618,-119.312,-205.072,-0.34445,-0.573656,-0.371857,0.613929,0.109748,0.728559,-0.699785,-0.0318611,-0.71364,0.0349742,-0.131718,0.684897,0.191784,-0.746018,0.134103,0.174021,-0.67698,-0.0407738,-0.0203867,-0.0488914,0.897319
69.48,0,,46.3905,6.22913,-8.51762,-3.82342,-2.87604,-2.5515,29.81,6.38049,-7.86531,20.3462,-2.16693,-1.84808,5.40963,7.92722,-2.31522,-2.31522,8.1054,-8.1054,-92.5181,92.5181,188.782,227.733,-170.766,125.098,-85.9347,75.2838,-0.966459,63.4649,-140.634,-149.901,-98.1171,12.2209,-81.5645,-218.724,-23.4461,0.988603,-1.02151,2.89613,5.85812,0.991911,21.4898,-9.29856,121.558,37.608,202.256,-142.621,84.9583,-0.344876,-0.57286,-0.372588,0.61407,0.107981,0.728582,0.696654,0.0429724,0.716065,0.0350976,-0.131723,0.684862,0.193431,-0.746012,0.132637,0.175244,-0.676622,-0.0423614,-0.0184339,-0.0452302,0.89557
69.49,0,,46.307,6.017,-8.41695,-3.9346,-2.73909,-2.62799,27.8431,6.32325,-9.66463,20.5471,-2.34318,-2.60933,5.38503,8.25182,-2.35788,-2.35788,8.1528,-8.1528,-93.0125,93.0125,187.967,225.39,-171.59,128.136,-85.5761,74.8099,-17.0888,62.4939,-138.669,-172.868,-89.8696,33.2084,-98.6373,-211.416,-53.694,2.96581,-0.408602,-0.445558,1.46453,-3.41658,22.9556,1.94734,107.381,41.4891,384.668,-224.796,473.13,-0.34548,-0.571995,-0.373375,0.614416,0.106024,0.728558,0.693279,0.0542635,0.718366,0.0351585,-0.131722,0.684798,0.195256,-0.745988,0.131045,0.176222,-0.67632,-0.0440707,-0.0144052,-0.0416285,0.893608
69.5,0,,46.1872,5.77205,-8.25979,-4.0453,-2.51138,-2.69765,25.8903,6.23444,-11.4135,20.7017,-2.51075,-3.31313,5.28908,8.54423,-2.41882,-2.41882,8.18743,-8.18743,-93.6936,93.6936,187.095,222.735,-172.469,131.476,-85.0724,74.21,-12.2125,63.9774,-136.226,-193.38,-81.5652,44.9359,-132.315,-200.68,-21.4879,-3.46011,1.02151,-4.01003,6.82053,-4.40849,32.2209,15.1406,57.1663,8.30384,597.228,-346.083,740.212,-0.346334,-0.571018,-0.37429,0.614841,0.103949,0.728617,0.689797,0.0657386,0.720439,0.0352198,-0.131662,0.684802,0.197096,-0.7459,0.12922,0.176886,-0.676048,-0.046022,-0.0103766,-0.0384545,0.891596
69.51,0,,46.04,5.52828,-8.07209,-4.16522,-2.28697,-2.73589,23.9717,6.16734,-13.0931,21.1448,-2.69855,-3.72488,5.20298,8.7347,-2.4914,-2.4914,8.22494,-8.22494,-94.4957,94.4957,186.23,220.795,-173.331,133.81,-84.4729,73.3445,-9.26922,67.3759,-146.476,-171.868,-40.0431,45.4003,-157.247,-199.71,-7.31723,-3.95441,-2.86022,7.79727,-15.1474,-20.0035,30.755,28.8207,37.1352,-2.91838,700.264,-477.642,719.216,-0.347303,-0.569907,-0.375319,0.615394,0.101691,0.728682,0.686369,0.0767244,0.722198,0.0352789,-0.131716,0.684765,0.198927,-0.745841,0.127328,0.177382,-0.675712,-0.0484657,-0.00982697,-0.0357067,0.889799
69.52,0,,45.8624,5.2845,-7.84219,-4.29146,-2.09227,-2.76048,22.1036,6.10221,-14.6844,21.9537,-2.91236,-3.89724,5.18084,8.78567,-2.58835,-2.58835,8.26534,-8.26534,-95.4735,95.4735,185.391,219.8,-174.166,135.013,-83.7311,72.1529,-13.6622,67.8614,-150.388,-183.602,-20.9885,52.7445,-151.365,-201.65,-34.1642,1.4829,-5.31183,4.01003,-29.2906,-38.0784,29.787,16.1143,7.31729,-30.2669,760.178,-644.362,563.459,-0.348404,-0.568628,-0.376542,0.616059,0.0991872,0.728797,0.683186,0.0868555,0.723532,0.0353408,-0.131841,0.68472,0.200751,-0.745814,0.125309,0.177622,-0.67527,-0.0512114,-0.0130621,-0.0323501,0.888347
69.53,0,,45.6651,5.03721,-7.60254,-4.43905,-1.91901,-2.80692,20.3039,6.01933,-16.1655,23.0253,-3.13194,-4.00257,5.2079,8.66226,-2.68031,-2.68031,8.31851,-8.31851,-96.4952,96.4952,184.749,219.85,-174.814,135.14,-82.9619,70.8518,-13.6622,55.1846,-155.274,-190.424,-15.6419,61.0466,-103.01,-204.108,-58.1256,5.43732,-2.45161,0.445558,-42.9735,-59.0738,17.0923,2.43418,-46.8307,-16.1263,796.813,-738.389,289.542,-0.349625,-0.567164,-0.377825,0.616914,0.0964404,0.728797,0.680275,0.0961968,0.724467,0.0354017,-0.131841,0.684719,0.202586,-0.745827,0.123114,0.177802,-0.674769,-0.0538961,-0.0185556,-0.0276502,0.887493
69.54,0,,45.4436,4.80516,-7.35964,-4.58519,-1.74081,-2.86429,18.5808,5.93841,-17.5362,24.3288,-3.35441,-4.26589,5.23742,8.30816,-2.72242,-2.72242,8.39889,-8.39889,-97.1654,97.1654,184.436,221.477,-175.133,133.838,-82.5486,69.7999,-19.0436,52.2446,-141.112,-203.112,-15.1299,75.1834,-49.2926,-228.037,-94.7117,-3.46011,-4.49463,-4.01003,-29.7927,-92.7988,15.1286,-5.84203,-92.2893,-13.6592,808.643,-649.498,25.8781,-0.35086,-0.565601,-0.379183,0.617893,0.093389,0.728739,0.677633,0.104862,0.725059,0.0354629,-0.13178,0.68466,0.204304,-0.745858,0.120861,0.177988,-0.674293,-0.0565827,-0.0247206,-0.0203258,0.887255
69.55,0,,45.2023,4.57076,-7.1031,-4.74104,-1.49165,-2.96673,16.9424,5.85749,-18.7841,25.7406,-3.58844,-4.70158,5.21528,7.78772,-2.7335,-2.7335,8.49288,-8.49288,-97.6268,97.6268,184.345,223.927,-175.243,131.882,-82.3515,68.9261,-20.0101,36.1424,-153.327,-236.313,-53.6942,68.3618,12.7005,-254.876,-100.586,-2.96581,-1.02151,-2.45057,-12.2184,-104.977,-1.46584,12.7064,-130.888,-28.8227,833.83,-478.037,-197.26,-0.352196,-0.563942,-0.380641,0.618921,0.0900304,0.728666,0.675272,0.113227,0.725324,0.0354634,-0.13166,0.684609,0.206003,-0.745943,0.118535,0.178352,-0.673857,-0.0591456,-0.0306418,-0.0110481,0.887452
69.56,0,,44.9489,4.33754,-6.83033,-4.89835,-1.16659,-3.11288,15.3886,5.76868,-19.9217,27.1574,-3.81669,-5.25696,5.1095,7.18144,-2.713,-2.713,8.61572,-8.61572,-97.8576,97.8576,184.403,226.862,-175.204,129.542,-82.3925,68.2496,4.393,35.1444,-157.221,-214.846,-86.9118,64.9364,58.6098,-271.497,-101.565,2.47151,4.49463,5.79226,-29.2906,-97.1522,0,37.5837,-125.492,-24.4,838.791,-321.193,-365.223,-0.353479,-0.562172,-0.382167,0.619985,0.0864329,0.728636,0.673064,0.121404,0.725435,0.0354624,-0.131535,0.68459,0.207778,-0.746024,0.116097,0.179028,-0.673446,-0.0615276,-0.0358906,-0.000854537,0.887864
69.57,0,,44.6848,4.11486,-6.53613,-5.04692,-0.780475,-3.28089,13.9074,5.69369,-20.9584,28.5176,-4.03916,-5.85543,4.93238,6.55102,-2.71909,-2.71909,8.7501,-8.7501,-98.2805,98.2805,184.362,229.254,-175.265,127.828,-82.2447,67.4936,4.393,30.775,-131.835,-187.013,-87.4237,49.3192,82.0329,-256.817,-116.2,-6.42592,-11.2366,0.445558,-18.0765,-90.815,-11.7267,43.4744,-98.6005,-21.963,851.384,-146.572,-486.802,-0.354702,-0.560284,-0.383696,0.621142,0.0827701,0.728634,0.671017,0.129406,0.725404,0.0354617,-0.131349,0.684576,0.20949,-0.746034,0.113535,0.179947,-0.672908,-0.0638481,-0.0402232,0.00939965,0.888328
69.58,0,,44.3859,3.89452,-6.22049,-5.19548,-0.30856,-3.48714,12.4846,5.62462,-21.9006,29.6408,-4.25296,-6.59275,4.65193,5.99035,-2.72519,-2.72519,8.88861,-8.88861,-98.709,98.709,184.312,231.087,-175.336,126.812,-82.0969,66.8855,-3.90977,24.8951,-114.256,-186.058,-78.1524,52.251,65.897,-196.8,-102.544,-7.74406,-7.76344,-1.55945,-3.43119,-106.961,-16.5944,33.2022,-80.5816,-40.5263,950.986,54.1248,-259.758,-0.355979,-0.558323,-0.385278,0.622544,0.0792295,0.72857,0.669051,0.137338,0.725329,0.0354625,-0.131169,0.684531,0.211069,-0.746065,0.110845,0.181043,-0.672348,-0.0660446,-0.0421157,0.0192267,0.888519
69.59,0,,44.0915,3.66481,-5.89577,-5.3557,0.231007,-3.73436,11.1828,5.55554,-22.7231,30.5991,-4.4581,-7.10504,4.31491,5.6121,-2.69638,-2.69638,9.03824,-9.03824,-98.9507,98.9507,184.411,232.632,-175.27,125.796,-82.1462,66.4527,-4.393,10.2493,-125.975,-202.658,-67.4022,54.6894,-3.43539,-128.441,-40.0386,0.494301,-3.47312,-2.45057,-0.962406,-111.314,-19.5261,37.5837,-77.6547,-54.1855,1093.33,316.452,-673.808,-0.357319,-0.556304,-0.386862,0.624058,0.076115,0.728433,0.667321,0.144964,0.725123,0.0354639,-0.130869,0.684558,0.212656,-0.746127,0.108037,0.182383,-0.671729,-0.068058,-0.0441311,0.0263688,0.88842
69.6,0,,43.7986,3.43393,-5.58208,-5.50427,0.742524,-3.97066,10.0038,5.50028,-23.4321,31.5008,-4.65746,-7.16249,4.00986,5.45382,-2.6443,-2.6443,9.18787,-9.18787,-99.0661,99.0661,184.584,233.783,-175.133,124.675,-82.3214,66.0281,-0.966459,-7.82186,-118.646,-201.157,-30.2599,63.485,-39.559,-48.8281,-8.81159,-4.94301,-6.33334,-11.8073,-14.6453,-108.394,9.76306,34.1759,-83.5086,-68.8376,1002.89,192.4,-605.939,-0.358723,-0.554291,-0.388449,0.625772,0.073552,0.728134,0.665919,0.151678,0.724759,0.0354623,-0.130557,0.684525,0.214126,-0.746146,0.105232,0.183661,-0.671105,-0.070254,-0.0483429,0.029787,0.887873
69.61,0,,43.5285,3.22063,-5.31775,-5.66158,1.15504,-4.16599,8.98209,5.46476,-23.9835,31.9387,-4.83948,-6.99013,3.79338,5.58527,-2.61771,-2.61771,9.34946,-9.34946,-99.3078,99.3078,184.765,233.421,-174.979,124.801,-82.3487,65.798,-1.95488,1.45648,-125.48,-166.501,0.966951,97.6514,-35.1347,28.7795,-15.1498,-5.43732,-15.5269,0.445558,-5.356,-120.131,-41.0159,40.9916,-78.1121,-51.7485,1338.33,66.372,-597.638,-0.359957,-0.552236,-0.389989,0.627845,0.0717206,0.727522,0.664948,0.156929,0.724276,0.0353417,-0.130258,0.684493,0.215519,-0.74623,0.102297,0.184942,-0.670431,-0.0726952,-0.0504785,0.0286269,0.886883
69.62,0,,43.2553,2.98858,-5.10797,-5.80141,1.4141,-4.34765,8.13567,5.43713,-24.3711,32.4282,-4.9695,-6.50657,3.71466,5.9045,-2.61771,-2.61771,9.49374,-9.49374,-99.7472,99.7472,184.79,232.32,-175.001,125.351,-82.1653,65.3159,2.92134,10.2493,-104.484,-95.6894,63.4775,115.243,-16.6044,86.9205,-0.979066,1.97721,-5.31183,-0.445558,11.7162,-101.561,-23.9237,47.3691,-70.7948,-53.2228,1475.71,-9.08665,-995.087,-0.361167,-0.550266,-0.391382,0.630212,0.0703762,0.72659,0.6644,0.160286,0.72379,0.0352793,-0.129886,0.684467,0.216867,-0.746188,0.0992475,0.186346,-0.669697,-0.0752585,-0.0547521,0.0251481,0.885433
69.63,0,,43.011,2.78699,-4.96964,-5.93395,1.43885,-4.52795,7.49481,5.43121,-24.5539,32.9022,-4.99839,-5.75489,3.85242,6.43835,-2.6432,-2.6432,9.65368,-9.65368,-100.275,100.275,184.823,230.676,-175.017,126.153,-81.8888,64.6914,23.9199,18.0712,-111.813,1.45535,143.052,124.503,34.1977,110.85,-13.1916,-1.4829,-2.45161,-17.5996,4.39359,-117.652,-33.6867,57.1058,-79.5755,-42.9633,1543.63,29.2353,-1387.65,-0.362199,-0.548243,-0.392779,0.632883,0.069398,0.725292,0.664226,0.161021,0.723495,0.0351578,-0.129461,0.684478,0.218154,-0.746142,0.0962587,0.187873,-0.668847,-0.0777616,-0.0604898,0.0194104,0.88348
69.64,0,,42.8076,2.5983,-4.86703,-6.06941,1.17484,-4.71371,7.08571,5.42134,-24.5318,33.2268,-4.90593,-4.93618,4.24111,7.20022,-2.69029,-2.69029,9.83176,-9.83176,-100.901,100.901,184.79,228.333,-175.105,127.57,-81.4947,63.9874,44.4352,7.82186,-119.638,113.29,228.542,119.132,134.292,110.332,-53.2303,-2.47151,-9.19355,0.891117,12.2184,-109.882,-59.0762,65.9176,-86.4355,-47.8373,1729.1,74.6685,-1909.12,-0.363118,-0.546112,-0.394187,0.635667,0.0687917,0.723808,0.664399,0.158699,0.723484,0.0350365,-0.128976,0.684432,0.219497,-0.746084,0.093207,0.189466,-0.667953,-0.0802057,-0.0656796,0.0119639,0.880815
69.65,0,,42.6802,2.43305,-4.78714,-6.17282,0.663321,-4.91586,6.94061,5.4095,-24.286,33.4174,-4.6719,-4.08875,4.8512,8.22499,-2.7612,-2.7612,10.0424,-10.0424,-101.5,101.5,184.782,225.522,-175.166,129.366,-81.1333,63.2478,59.0858,-7.82186,-97.6504,217.302,323.246,110.83,222.155,85.4331,-98.1642,2.47151,-0.408602,8.24283,13.1808,-120.131,-64.4417,81.545,-84.972,-50.3044,1184.92,-278.13,-1722.12,-0.363792,-0.543857,-0.395776,0.638299,0.0684262,0.722351,0.664764,0.153388,0.72391,0.0349137,-0.128485,0.684418,0.220834,-0.745941,0.0900305,0.191234,-0.66697,-0.0825854,-0.0701941,0.00299088,0.877243
69.66,0,,42.6513,2.29945,-4.73129,-6.26798,-0.0165005,-5.13168,7.10183,5.41147,-23.8039,33.4071,-4.34253,-3.00193,5.59167,9.11027,-2.85372,-2.85372,10.291,-10.291,-102.093,102.093,184.757,222.842,-175.237,130.828,-80.761,62.7192,110.835,-36.1424,-58.1016,289.069,386.724,87.4044,291.488,101.084,-22.9308,2.96581,-9.19355,-6.90615,21.968,-120.627,-85.9315,96.1988,-67.4105,-46.3932,122.88,-1131.49,291.983,-0.364156,-0.541473,-0.397422,0.640651,0.0683011,0.720976,0.665445,0.145577,0.724591,0.0347921,-0.12806,0.684429,0.22236,-0.745756,0.0869174,0.193304,-0.665851,-0.0848412,-0.0745301,-0.00799627,0.874585
69.67,0,,42.7211,2.201,-4.69297,-6.34809,-0.673222,-5.34749,7.50086,5.40555,-23.1453,33.268,-4.00449,-1.88159,6.31,9.76752,-2.96397,-2.96397,10.582,-10.582,-102.642,102.642,184.765,220.524,-175.276,131.921,-80.438,62.4206,161.618,-74.7122,4.88606,379.392,415.049,54.1959,430.673,128.893,141.604,1.97721,-2.86022,8.68839,41.509,-129.885,-89.3611,114.26,-74.7278,-72.2674,-1105.92,-1791.65,412.097,-0.364227,-0.538924,-0.399203,0.64273,0.0683626,0.719699,0.666553,0.13679,0.725151,0.0346691,-0.127629,0.684471,0.223952,-0.745529,0.0837454,0.195447,-0.664716,-0.0870417,-0.0780673,-0.0191048,0.87284
69.68,0,,42.8183,2.12951,-4.70271,-6.38159,-0.955381,-5.53325,7.83539,5.42529,-22.5623,32.897,-3.73001,-1.03416,6.61997,10.2262,-3.10912,-3.10912,10.8829,-10.8829,-103.087,103.087,184.823,218.321,-175.259,133.217,-80.1643,62.4589,174.797,-121.104,66.4044,469.715,413.059,68.3618,524.886,192.855,339.375,-8.23836,-9.19355,5.3467,85.4449,-153.801,-100.59,139.625,-95.2162,-77.1414,-823.145,-1920.84,697.244,-0.363785,-0.536583,-0.401018,0.644626,0.0683019,0.718544,0.667283,0.130868,0.725758,0.0344864,-0.127264,0.684478,0.225474,-0.745274,0.0805702,0.197764,-0.663363,-0.0891768,-0.0780083,-0.0291158,0.871887
69.69,0,,42.9108,2.04161,-4.7248,-6.39567,-0.782125,-5.68896,7.92004,5.48252,-22.2504,31.0422,-3.53643,-2.70987,6.4699,9.82117,-3.24319,-3.24319,11.1517,-11.1517,-103.395,103.395,184.938,215.271,-175.21,138.029,-80.0028,64.2038,207.525,-181.629,71.7861,531.749,377.907,134.285,422.345,223.122,645.514,0.494301,-12.6667,-5.79226,112.811,-170.884,-112.787,182.612,-121.558,-53.7042,1512.34,99.163,706.033,-0.363174,-0.534628,-0.402604,0.646159,0.0680586,0.717636,0.667262,0.129583,0.726407,0.0343639,-0.126713,0.684593,0.227124,-0.744973,0.0777018,0.200328,-0.661961,-0.0913744,-0.0514539,-0.0292366,0.874167
69.7,0,,43.0474,1.95722,-4.78909,-6.37965,-0.886079,-5.79004,8.09738,5.56344,-21.9006,30.4497,-3.29951,-4.21802,6.556,9.29805,-3.38945,-3.38945,11.3936,-11.3936,-103.538,103.538,185.193,214.334,-175.034,140.529,-79.9015,65.2145,256.837,-202.64,12.6931,562.493,349.126,218.758,452.638,142.604,776.863,-8.73266,-12.2581,-37.2041,140.135,-188.463,-113.285,234.363,-168.481,-51.7485,764.757,958.444,836.4,-0.361951,-0.533282,-0.403822,0.646999,0.0676908,0.717193,0.667393,0.126777,0.726967,0.0341192,-0.125917,0.684703,0.228955,-0.744669,0.0751993,0.203196,-0.660494,-0.0932663,-0.0350977,-0.0240496,0.876161
69.71,0,,43.3266,1.91034,-4.91184,-6.34712,-1.5296,-5.79823,8.73219,5.6779,-21.2452,30.1045,-2.85457,-3.63391,7.07999,9.83726,-3.53571,-3.53571,11.6455,-11.6455,-103.461,103.461,185.531,212.139,-174.82,142.006,-79.8988,65.3871,249.522,-182.141,-34.6627,579.594,382.344,292.49,464.35,6.33796,449.7,-20.1016,-5.92473,-37.2041,205.076,-193.368,-102.056,294.925,-232.873,-37.608,-821.237,-1487.44,1401.32,-0.359888,-0.532447,-0.404569,0.64678,0.0672661,0.717342,0.667874,0.119146,0.727874,0.0339369,-0.124761,0.684841,0.230912,-0.744376,0.0730032,0.206374,-0.658918,-0.094977,-0.0333268,-0.0329605,0.875041
69.72,0,,43.8092,1.92675,-5.09369,-6.29809,-2.33318,-5.72448,9.84261,5.84565,-20.2746,28.9092,-2.3374,-2.92532,7.71222,10.135,-3.66202,-3.66202,11.9254,-11.9254,-103.131,103.131,186.132,208.859,-174.391,144.473,-80.0466,66.4006,241.219,-140.632,-29.7766,541.027,430.691,275.392,309.081,-92.7411,214.828,-22.9026,-10.2151,-20.4957,266.126,-204.113,-97.1604,335.43,-266.075,21.4817,965.869,-593.398,661.601,-0.357077,-0.531953,-0.40487,0.645316,0.0668999,0.718075,0.668986,0.109199,0.728621,0.0336316,-0.123174,0.685145,0.232918,-0.744044,0.0712305,0.209909,-0.657255,-0.0965618,-0.0259418,-0.0461458,0.875428
69.73,0,,44.4951,2.02989,-5.3814,-6.24516,-3.0559,-5.54281,11.2533,6.07656,-19.1433,27.3687,-1.89245,-6.90874,8.23375,9.66289,-3.73294,-3.73294,12.2605,-12.2605,-102.483,102.483,187.045,205.908,-173.705,151.394,-80.3942,68.3674,234.872,-69.3448,2.92101,465.803,391.615,148.915,199.721,-63.9616,105.945,-14.17,3.88172,-47.452,286.127,-247.537,-67.8713,367.658,-243.666,27.8299,1752.38,1688.54,406.726,-0.353538,-0.531649,-0.404627,0.642915,0.0665927,0.71903,0.67099,0.0994919,0.728549,0.0332661,-0.12104,0.685526,0.234879,-0.74364,0.0698899,0.213698,-0.655437,-0.0982119,0.0124519,-0.0307026,0.876336
69.74,0,,45.2766,2.12247,-5.77756,-6.17574,-3.63012,-5.33793,12.8212,6.37456,-17.9333,28.1879,-1.59486,-7.96204,8.66918,9.40268,-4.29194,-4.29194,12.3863,-12.3863,-104.213,104.213,186.65,204.914,-174.397,153.559,-78.3877,66.6718,141.608,58.0975,-59.571,335.959,274.898,83.0211,92.287,-22.9589,-132.792,-5.43732,8.37635,-42.9964,288.554,-287.599,-45.9113,375.983,-271.929,22.4745,-22.8969,751.031,1872.01,-0.350052,-0.531701,-0.403948,0.640235,0.0671426,0.719707,0.673806,0.0907645,0.72752,0.0325945,-0.118476,0.686011,0.236768,-0.743082,0.0689734,0.217789,-0.653489,-0.0999217,0.0161751,-0.0227062,0.877057
69.75,0,,46.0566,2.17756,-6.18347,-6.1267,-4.05418,-5.0866,14.4415,6.75743,-16.6697,27.6623,-1.36372,-7.37794,8.99882,9.91238,-4.85204,-4.85204,12.411,-12.411,-106.169,106.169,186.535,200.138,-174.897,157.805,-76.165,64.7927,120.61,150.395,-149.91,173.323,61.5436,66.8813,-88.8516,-107.939,-296.863,3.95441,17.1613,-57.0315,279.307,-310.523,-55.1765,378.904,-290.496,71.7861,321.32,-119.312,654.277,-0.347015,-0.532029,-0.402806,0.637436,0.0684253,0.720266,0.677116,0.0831974,0.725826,0.0316179,-0.115179,0.686682,0.238726,-0.742426,0.0686087,0.221928,-0.651258,-0.102114,0.0205084,-0.0328989,0.876247
69.76,0,,46.8928,2.29945,-6.57899,-6.08592,-4.44194,-4.79703,16.1686,7.24687,-15.2769,27.8787,-1.13836,-6.07567,9.35799,10.3309,-5.42766,-5.42766,12.4242,-12.4242,-108.322,108.322,186.584,197.293,-175.336,159.436,-73.7944,62.3274,163.09,233.388,-158.691,-40.5224,-88.8457,60.0597,-185.043,-265.612,-353.031,3.95441,8.78495,-48.3431,259.264,-307.107,-9.26523,384.746,-268.545,51.7485,-93.8774,-93.2369,-1285.12,-0.344186,-0.532057,-0.401561,0.634803,0.0707439,0.720624,0.68096,0.0754452,0.723566,0.0304571,-0.111025,0.687635,0.240742,-0.741636,0.0689752,0.22609,-0.648728,-0.104927,0.0156864,-0.0440074,0.875693
69.77,0,,47.7092,2.47173,-6.90892,-6.06358,-4.62675,-4.55937,17.8574,7.83499,-13.8462,28.6773,-0.774317,-5.90331,9.56463,10.2343,-5.98168,-5.98168,12.4275,-12.4275,-110.597,110.597,186.798,196.282,-175.721,160.469,-71.432,59.9882,183.583,229.504,-117.195,-315.447,-242.648,23.4259,-264.161,-327.633,-417.958,13.6757,15.5269,-57.6998,269.516,-305.178,38.5821,377.444,-267.081,37.608,-585.017,-211.363,-493.149,-0.342118,-0.531519,-0.400593,0.633042,0.0745904,0.72045,0.684287,0.0686668,0.721703,0.0291159,-0.105965,0.688832,0.242443,-0.740819,0.0697665,0.230181,-0.645924,-0.108224,0.0137949,-0.0443758,0.876162
69.78,0,,48.3314,2.65221,-7.15831,-6.05921,-4.60035,-4.43234,19.264,8.52573,-12.5385,28.5073,-0.262921,-6.69329,9.63597,9.89092,-6.51353,-6.51353,12.3863,-12.3863,-112.975,112.975,187.037,193.882,-176.133,163.82,-69.1573,58.2762,196.784,170.894,-111.335,-491.227,-502.928,21.9745,-422.345,-296.396,-315.414,-4.94301,23.9032,-32.303,273.909,-315.924,69.8349,382.312,-278.789,58.0968,-279.724,-6.71622,144.039,-0.341148,-0.530491,-0.400234,0.632965,0.0794716,0.719395,0.686581,0.0632987,0.720641,0.0277725,-0.10053,0.690222,0.243781,-0.740133,0.0708638,0.234257,-0.642894,-0.112062,0.0252082,-0.0429089,0.87716
69.79,0,,48.6182,2.82098,-7.27391,-6.06455,-4.52115,-4.36131,20.2132,9.29542,-11.3379,27.4202,0.210915,-7.50721,9.72945,9.61997,-7.03596,-7.03596,12.2844,-12.2844,-115.464,115.464,187.342,190.035,-176.506,168.495,-66.9017,56.7121,220.221,116.708,-124.506,-537.116,-722.654,19.5361,-488.294,-242.2,-104.502,3.46011,5.92473,-12.2529,280.771,-343.256,73.2368,387.229,-290.039,50.3044,3.43454,66.372,239.739,-0.341033,-0.529221,-0.400365,0.634548,0.0839269,0.717865,0.688647,0.0588421,0.719533,0.0261236,-0.0949728,0.691665,0.244703,-0.739601,0.0720252,0.238181,-0.639768,-0.116527,0.0437035,-0.0458398,0.87767
69.8,0,,48.4862,3.00264,-7.25378,-6.01697,-4.4997,-4.2698,20.5941,10.1263,-10.2665,26.163,0.586516,-8.12483,9.90658,9.3061,-7.61158,-7.61158,12.1092,-12.1092,-118.128,118.128,187.597,186.163,-176.951,172.906,-64.5174,54.9179,233.883,96.1819,-113.778,-510.237,-812.011,-38.5787,-311.059,-173.324,0,28.34,-1.02151,7.79727,314.958,-361.331,76.1685,410.646,-326.168,92.7863,154.173,12.6423,184.076,-0.341088,-0.527991,-0.400846,0.637429,0.0861259,0.716413,0.69083,0.0550564,0.718053,0.0243541,-0.0894203,0.693084,0.245193,-0.739057,0.0732465,0.241894,-0.636506,-0.121527,0.0624426,-0.0507842,0.878041
69.81,0,,47.9384,3.19719,-7.13428,-5.89171,-4.6383,-4.12091,20.5195,11.0124,-9.18565,25.5293,0.988121,-8.63712,10.2559,8.89297,-8.26643,-8.26643,11.8318,-11.8318,-121.028,121.028,187.885,183.582,-177.451,175.922,-61.9415,52.6691,255.365,84.9616,-127.923,-343.736,-704.111,-156.724,-66.4175,-117.188,-1.95813,-19.6073,3.88172,-4.01003,334.959,-365.74,68.8393,434.55,-357.45,189.935,383.905,-47.4086,209.466,-0.341088,-0.526953,-0.401701,0.641467,0.0857609,0.715081,0.692925,0.0506021,0.716548,0.0222787,-0.0833163,0.694608,0.24513,-0.738503,0.0744057,0.245309,-0.633262,-0.127202,0.0761145,-0.0535304,0.878339
69.82,0,,47.0825,3.43276,-6.9953,-5.66255,-4.91881,-3.83817,20.187,11.9794,-8.09534,25.7663,1.27993,-8.96269,10.679,8.3323,-8.96891,-8.96891,11.4604,-11.4604,-124.126,124.126,187.992,182.53,-178.083,177.328,-59.1029,49.9984,264.151,73.2288,-94.7294,-43.4786,-463.852,-260.733,109.88,-133.291,-18.5507,-123.575,1.43011,86.8839,329.603,-348.657,95.2244,455.094,-359.828,258.803,228.969,42.6677,-44.4322,-0.340896,-0.526146,-0.402545,0.64679,0.0845418,0.713447,0.695342,0.04529,0.714691,0.020326,-0.0778856,0.695782,0.244339,-0.737655,0.0756272,0.248308,-0.629988,-0.133859,0.0826457,-0.0534084,0.878828
69.83,0,,46.0688,3.71755,-6.81669,-5.34988,-5.26367,-3.37923,19.7074,13.0609,-7.18466,26.5443,1.49374,-9.02493,11.1268,7.61335,-9.6714,-9.6714,11.0033,-11.0033,-127.34,127.34,187.77,182.324,-178.94,177.784,-56.1301,47.0811,247.567,78.1377,-17.5792,255.869,-137.193,-363.29,161.619,-192.402,-97.1852,-86.0085,-8.78495,131.885,296.379,-316.916,131.345,497.546,-377.938,249.025,124.025,-8.2965,60.545,-0.340662,-0.52555,-0.403288,0.653057,0.0847222,0.711532,0.697782,0.0398575,0.712736,0.0195928,-0.0736102,0.696733,0.242444,-0.736611,0.0767863,0.250624,-0.626498,-0.141792,0.084293,-0.0521872,0.879492
69.84,0,,45.046,4.04923,-6.67966,-4.97215,-5.59698,-2.79736,19.1693,14.2589,-6.46934,27.1677,1.78844,-8.93875,11.6409,6.82733,-10.3318,-10.3318,10.4789,-10.4789,-130.658,130.658,187.399,181.864,-179.95,178.322,-53.1381,44.0269,201.177,55.1846,37.1057,398.448,170.411,-207.03,158.184,-204.108,-83.0145,-69.367,-2.04301,8.68839,258.301,-305.674,155.766,553.24,-439.952,196.765,135.092,-117.731,342.763,-0.340786,-0.524944,-0.403963,0.660019,0.0869811,0.708851,0.699798,0.0348526,0.71109,0.0198983,-0.0692778,0.697967,0.239331,-0.735328,0.0778848,0.252263,-0.622874,-0.150943,0.0866749,-0.0526764,0.879872
69.85,0,,44.2235,4.45474,-6.69005,-4.53616,-5.81809,-2.12807,18.8247,15.5674,-5.9494,27.8478,2.19293,-8.92438,12.1772,5.91524,-10.944,-10.944,9.91956,-9.91956,-133.97,133.97,186.872,181.527,178.907,178.888,-50.2611,41.0056,149.911,-4.88192,57.128,549.304,472.668,-51.2641,123.518,-241.683,-27.8261,-281.752,28.3979,247.953,208.005,-304.682,146.971,625,-551.266,43.4447,135.092,39.1121,48.8266,-0.341213,-0.524211,-0.404756,0.666805,0.0908281,0.705382,0.701397,0.0302142,0.70982,0.0216074,-0.0651275,0.699495,0.234877,-0.733931,0.0788622,0.253124,-0.618986,-0.160957,0.0895464,-0.0518844,0.880204
69.86,0,,43.6833,4.95635,-6.68226,-4.07055,-6.0392,-1.37956,18.7925,17.0021,-5.8013,28.8164,2.40674,-8.62754,12.711,4.99509,-11.4808,-11.4808,9.37007,-9.37007,-137.173,137.173,185.852,181.552,177.731,178.965,-47.4635,37.9733,74.2197,-50.3026,60.5447,495.593,475.114,-50.3061,71.3103,-287.083,43.4396,-142.524,37.5914,306.099,95.1945,-301.265,159.168,704.111,-788.072,-191.891,5.34262,-34.3712,-60.0568,-0.341805,-0.523388,-0.405283,0.67178,0.0946083,0.702604,0.702867,0.0253923,0.708666,0.0258191,-0.0643953,0.700718,0.22914,-0.732406,0.0799609,0.253502,-0.61474,-0.171463,0.0893009,-0.0512122,0.880496
69.87,0,,43.3509,5.55523,-6.58809,-3.57532,-6.28505,-0.603727,19,18.5987,-5.92104,29.816,2.10048,-8.21101,13.1366,4.13396,-11.9351,-11.9351,8.82801,-8.82801,-140.244,140.244,184.576,181.576,177.028,179.014,-44.6467,34.9958,-28.3129,-56.1555,67.3781,222.169,313.975,-12.6854,27.8475,-310.042,56.1675,-228.038,32.2796,267.112,-21.968,-265.612,139.642,679.671,-979.511,-333.507,-21.3705,-55.31,54.1976,-0.342484,-0.522668,-0.405414,0.674437,0.096383,0.701234,0.704384,0.0205089,0.707436,0.0308856,-0.069279,0.701214,0.221994,-0.730804,0.0812412,0.253861,-0.609901,-0.182018,0.0888719,-0.050845,0.880662
69.88,0,,43.102,6.25257,-6.51535,-3.03106,-6.51606,0.121565,19.26,20.4065,-6.45989,30.7743,1.26549,-7.82799,13.3064,3.37745,-12.2016,-12.2016,8.49865,-8.49865,-142.282,142.282,182.987,181.437,176.863,179.212,-42.591,33.0209,-118.655,-58.583,81.0626,-50.8009,70.303,66.8813,-42.0054,-252.936,33.7005,-699.766,-145.462,399.443,-118.167,-248.529,92.7629,578.117,-1010.24,-380.382,40.0696,10.2719,116.696,-0.343169,-0.521956,-0.405308,0.6758,0.0950954,0.70052,0.705783,0.016053,0.706271,0.0372939,-0.0803864,0.699978,0.213633,-0.729039,0.0827677,0.254958,-0.604282,-0.192577,0.0899111,-0.0508459,0.880616
69.89,0,,42.8152,7.0589,-6.52054,-2.42951,-6.75037,0.700705,19.4111,22.384,-8.01657,31.8614,0,-7.37315,13.2571,2.77654,-12.447,-12.447,8.19114,-8.19114,-144.188,144.188,180.32,181.371,176.72,179.278,-40.36,31.15,-181.145,-46.8772,124.028,-116.201,-178.203,136.724,-112.327,-147.972,30.248,-838.335,-351.602,564.968,-155.742,-245.608,14.6584,494.625,-1015.09,-401.382,58.7688,-4.74086,-6.83573,-0.34376,-0.521256,-0.405163,0.677056,0.09156,0.699701,0.707081,0.0120248,0.705128,0.0495014,-0.0990639,0.69595,0.204047,-0.727198,0.0845366,0.257097,-0.598184,-0.202467,0.0900311,-0.0510888,0.880595
69.9,0,,42.4465,7.96368,-6.5108,-1.81242,-7.04738,0.954762,19.4091,24.5174,-11.111,33.1134,-1.28282,-7.03801,13.4072,2.43584,-12.6847,-12.6847,7.89022,-7.89022,-146.017,146.017,175.973,181.404,176.028,179.251,-38.1619,29.3476,-231.445,-20.0132,171.88,-149.401,-294.408,69.3487,-136.739,-29.8143,17.5717,-663.023,-486.237,471.623,-149.424,-231.942,-33.2165,427.247,-1020.03,-290.514,9.922,-9.08665,11.7184,-0.344314,-0.52053,-0.405108,0.678568,0.0874686,0.698833,0.708396,0.00799585,0.703879,0.0728777,-0.123904,0.689774,0.193244,-0.72555,0.0863678,0.261434,-0.592027,-0.210832,0.0894231,-0.0510902,0.880619
69.91,0,,41.9548,8.99737,-6.42637,-1.24534,-7.40544,0.804514,19.2701,26.8205,-15.6518,34.4015,-2.18716,-7.00928,13.9214,2.36878,-12.9135,-12.9135,7.60126,-7.60126,-147.748,147.748,170.088,181.387,174.605,179.273,-36.0924,27.6904,-251.96,18.0712,185.051,-159.679,-301.291,-38.0852,-80.5755,-1.48748,-9.79066,-1024.36,-550.796,478.084,-101.094,-240.208,-61.5101,402.808,-1027.35,-197.758,15.2646,-12.2472,51.7562,-0.344937,-0.519695,-0.405306,0.680595,0.0836246,0.69793,0.709978,0.00354012,0.702288,0.108096,-0.151493,0.681476,0.181413,-0.724492,0.0885701,0.268576,-0.586473,-0.217486,0.0892966,-0.0512097,0.880637
69.92,0,,41.3432,10.0932,-6.30297,-0.776337,-7.7404,0.269082,19.0121,29.2381,-21.3397,35.7926,-2.64366,-7.33485,14.711,2.55924,-13.1318,-13.1318,7.30982,-7.30982,-149.368,149.368,163.099,181.379,172.743,179.295,-34.0804,26.1538,-225.097,55.6701,183.103,-119.612,-304.191,-121.106,26.39,-51.2857,-66.4219,-1054.67,-435.57,861.264,17.0722,-259.771,-94.2288,363.764,-859.416,-173.839,3.43454,-14.6177,-53.221,-0.345543,-0.518895,-0.405728,0.683208,0.0802661,0.696881,0.711755,-0.000854521,0.700463,0.152657,-0.180368,0.67081,0.169258,-0.724216,0.0909466,0.278758,-0.581748,-0.222543,0.0891195,-0.0512742,0.880635
69.93,0,,40.6482,11.23,-6.14126,-0.382099,-7.98956,-0.651533,18.6856,31.6794,-27.9666,37.2507,-2.78523,-8.03386,15.6606,2.96701,-13.3484,-13.3484,7.01509,-7.01509,-150.895,150.895,155.278,181.396,170.837,179.306,-32.0602,24.7376,-187.01,67.8614,150.884,-52.7565,-289.573,-111.324,96.1909,-156.25,-114.757,-1134.26,-515.656,791.534,109.38,-238.775,-108.887,288.109,-512.21,-202.632,-27.4763,-28.8402,-6.83573,-0.346159,-0.518049,-0.406467,0.686188,0.077213,0.695771,0.713418,-0.0050662,0.698769,0.204055,-0.211379,0.657089,0.15711,-0.724511,0.0935089,0.291579,-0.578152,-0.225841,0.0888705,-0.0511494,0.880648
69.94,0,,39.9153,12.354,-5.98409,-0.0237902,-8.10836,-1.89996,18.331,33.9845,-35.3592,38.5696,-2.61188,-9.02972,16.4773,3.59206,-13.5246,-13.5246,6.73519,-6.73519,-152.269,152.269,146.923,181.346,169.002,179.361,-29.8868,23.4803,-150.394,71.2868,147.467,-12.6888,-234.4,-80.0892,81.5645,-227.067,-152.322,-1161.61,-677.667,639.153,149.884,-185.047,-104.987,263.183,-212.384,-214.365,11.8301,-4.74086,58.1037,-0.34688,-0.517299,-0.407247,0.689372,0.0745893,0.694499,0.714949,-0.00848441,0.697247,0.260207,-0.242933,0.638951,0.14545,-0.724932,0.096499,0.305867,-0.575781,-0.226882,0.0891144,-0.0512713,0.880585
69.95,0,,39.1793,13.4544,-5.83602,0.327722,-8.08526,-3.30547,17.9682,36.1495,-43.8453,39.7804,-2.02536,-10.0734,17.2006,4.33247,-13.6647,-13.6647,6.47343,-6.47343,-153.499,153.499,137.695,181.272,167.069,179.393,-27.5244,22.3682,-128.407,40.5388,125.002,7.32224,-156.248,-101.077,7.33924,-240.713,-142.068,-1294.41,-981.463,702.645,144.026,-149.393,-79.1002,220.683,-49.3002,-254.38,66.0195,4.74086,81.0522,-0.347685,-0.516644,-0.408054,0.692546,0.072331,0.693157,0.716319,-0.0109865,0.695933,0.323028,-0.274989,0.615475,0.13435,-0.725282,0.0999231,0.320271,-0.573827,-0.226515,0.0893589,-0.0517598,0.880466
69.96,0,,38.4372,14.5315,-5.73145,0.667582,-7.95656,-4.75196,17.6135,38.2217,-53.8629,40.9963,-1.78555,-11.0837,17.5032,5.12385,-13.7606,-13.7606,6.23394,-6.23394,-154.565,154.565,127.273,181.264,165.866,179.339,-24.4914,21.3629,-109.386,9.27834,98.6241,7.82251,-45.3898,-93.2681,-47.8352,-167.503,-93.2689,2282.68,1323.26,3630.41,122.56,-124.044,-46.3815,149.41,71.2521,-264.64,20.9889,-7.50636,-7.324,-0.348472,-0.516207,-0.408656,0.695821,0.0705587,0.691609,0.717681,-0.0126348,0.69467,0.392722,-0.313433,0.580049,0.123905,-0.725544,0.103946,0.334432,-0.571995,-0.225356,0.088869,-0.0523082,0.880328
69.97,0,,37.724,15.5781,-5.63598,0.963745,-7.7437,-6.13151,17.3233,40.2071,-59.9131,42.2174,-3.9756,-11.9838,17.2277,5.86963,-13.8126,-13.8126,6.01258,-6.01258,-155.565,155.565,121.19,181.33,168.052,179.185,-22.0277,20.3932,-90.8252,-4.88192,79.5932,-5.86689,37.5973,-77.6508,-35.1347,-82.5228,-53.694,4380.33,469.688,1924.37,92.7676,-106.961,-23.4258,73.7069,228.482,-129.401,-38.5432,-25.2846,-62.0098,-0.349392,-0.515909,-0.409028,0.698871,0.0690326,0.690082,0.719146,-0.0137335,0.693328,0.428743,-0.351223,0.545268,0.11414,-0.725799,0.108464,0.347674,-0.570158,-0.224071,0.0875305,-0.0529212,0.880188
69.98,0,,37.0259,16.6012,-5.58013,1.21524,-7.50774,-7.34716,17.0835,42.1096,-57.7924,43.2788,-5.04751,-12.8073,16.465,6.51078,-13.8221,-13.8221,5.81265,-5.81265,-156.438,156.438,123.33,181.338,169.799,179.119,-21.3242,19.5523,-97.1731,-45.4207,77.1502,-5.86689,57.6189,-72.2516,-1.45744,-1.94019,-35.6586,53.2198,-1945.76,-144.584,76.1556,-77.6446,-18.5581,-13.1933,374.554,-125.49,-20.9889,-11.062,14.1597,-0.350348,-0.515817,-0.409187,0.701712,0.0671436,0.688527,0.720611,-0.014649,0.691984,0.416341,-0.349077,0.545497,0.104863,-0.726168,0.113347,0.359332,-0.568205,-0.222973,0.0869195,-0.0534091,0.88006
69.99,0,,36.3415,17.6209,-5.54246,1.38808,-7.31139,-8.347,16.8739,43.9312,-54.011,44.1186,-1.02857,-13.5254,16.1772,7.05804,-13.7933,-13.7933,5.63746,-5.63746,-157.213,157.213,126.969,181.256,166.486,179.13,-21.4857,18.7936,-101.566,-76.6542,58.1016,-14.6445,20.5335,-61.5111,1.97795,35.1821,1.44283,-1733.84,-959.398,2621.67,47.8692,-41.4949,-34.6547,-83.4923,431.629,-44.9189,24.805,-4.74086,32.2256,-0.351339,-0.5159,-0.409082,0.704339,0.0650074,0.687003,0.722,-0.0156253,0.690688,0.406579,-0.304339,0.572178,0.0960116,-0.726832,0.118656,0.369162,-0.566316,-0.22212,0.0871629,-0.05408,0.879869
70,0,,35.6237,18.5866,-5.50349,1.50704,-7.22723,-9.07502,16.6462,45.6206,-53.1539,44.8605,3.18394,-14.0425,16.5069,7.44971,-13.7273,-13.7273,5.48412,-5.48412,-157.932,157.932,127.553,181.223,162.712,179.08,-21.4885,18.054,-98.1395,-82.5071,52.7376,-18.0555,-41.522,-60.0597,11.7116,53.2259,0,-1407.77,100.516,1524.92,63.9791,-15.1542,-51.2768,-97.6593,387.725,-12.2151,4.57939,-11.062,-41.5026,-0.35238,-0.516148,-0.408658,0.706907,0.0625663,0.685482,0.723301,-0.0170296,0.689424,0.414703,-0.269978,0.589214,0.0879572,-0.727524,0.124214,0.376853,-0.564669,-0.221876,0.0868588,-0.0546911,0.879697
70.01,0,,34.8923,19.5312,-5.45933,1.57306,-7.24703,-9.51211,16.4164,47.2448,-52.7474,45.4942,4.06516,-14.4447,16.3445,7.65359,-13.637,-13.637,5.3518,-5.3518,-158.591,158.591,127.833,181.231,162.311,179.025,-20.8862,17.35,-93.2633,-100.093,41.0181,-23.9223,-79.5744,-69.3487,29.3049,32.7245,-4.89533,-751.503,-245.161,875.522,79.5868,17.5789,-48.8153,-79.1108,367.694,-51.7485,-24.805,-15.8029,-16.6011,-0.353419,-0.516516,-0.407988,0.709387,0.0600006,0.683995,0.724516,-0.0188606,0.688199,0.417134,-0.261731,0.59097,0.0804496,-0.728319,0.130074,0.382652,-0.563448,-0.222547,0.0863667,-0.055116,0.879536
70.02,0,,34.1032,20.4243,-5.40283,1.60559,-7.37244,-9.63367,16.1424,48.7486,-51.5058,45.8961,3.85136,-14.6793,15.9706,7.68846,-13.5273,-13.5273,5.21041,-5.21041,-159.311,159.311,129.043,181.165,163.223,179.02,-20.169,16.5584,-79.5791,-96.1819,33.2111,-9.27787,-93.7374,-47.8387,11.7116,-4.39777,0,-601.071,-938.559,-96.2406,89.3364,61.0576,-62.0079,3.40785,384.249,-62.4894,9.15877,-14.6177,42.9674,-0.354453,-0.51706,-0.407007,0.711953,0.0574373,0.682472,0.725621,-0.0210581,0.687045,0.411288,-0.258444,0.59099,0.0736102,-0.729083,0.136112,0.386194,-0.562535,-0.224074,0.086489,-0.0557265,0.879356
70.03,0,,33.2974,21.3115,-5.33788,1.64104,-7.54404,-9.45884,15.8703,50.1459,-50.2044,46.0867,5.03017,-14.617,15.9042,7.6053,-13.4066,-13.4066,5.04758,-5.04758,-160.152,160.152,130.278,181.091,162.828,179.053,-19.6462,15.638,-71.2983,-92.2979,15.1362,-7.82251,-77.6405,-38.5787,-8.27616,-47.858,-0.979066,-807.689,-551.817,-315.901,92.7676,82.9899,-83.9955,32.7154,365.224,-90.3193,20.6072,-15.8029,-7.81226,-0.355499,-0.517744,-0.405796,0.714512,0.0551784,0.680941,0.726655,-0.0233775,0.685943,0.408172,-0.245013,0.596784,0.0672031,-0.729651,0.142707,0.386986,-0.561313,-0.226149,0.0868567,-0.0562158,0.879188
70.04,0,,32.4794,22.1846,-5.24566,1.66483,-7.7239,-9.1078,15.5882,51.3912,-48.7674,46.1486,6.26966,-14.2675,15.9435,7.49531,-13.2248,-13.2248,5.02244,-5.02244,-160.498,160.498,131.488,181.067,161.943,179.031,-19.5504,15.1943,-59.569,-82.5071,14.1625,-4.86633,-50.2814,-33.2084,-23.9436,-104.964,-10.7182,-1051.21,-354.054,143.024,86.4073,100.569,-43.9476,-6.32887,321.778,-131.357,-9.922,-24.4944,-45.897,-0.356637,-0.518444,-0.404367,0.717032,0.0530434,0.679431,0.727743,-0.0255745,0.684773,0.404199,-0.230604,0.603612,0.0614671,-0.729975,0.149914,0.385573,-0.559774,-0.228097,0.0867354,-0.0565825,0.879012
70.05,0,,31.6584,23.0542,-5.12811,1.6658,-7.8757,-8.6953,15.3221,52.4905,-47.2391,46.0301,6.78105,-13.7696,15.9115,7.42288,-13.0647,-13.0647,4.92309,-4.92309,-161.217,161.217,132.871,181.017,162.059,179.031,-19.159,14.3698,-57.1309,-74.7122,14.1625,-14.6445,-32.2507,-27.3447,-19.5193,-139.629,-32.2061,-978.552,-486.237,407.24,69.3351,89.8231,-39.0522,-84.466,242.66,-140.142,-18.6992,-27.655,8.78879,-0.357869,-0.519133,-0.402855,0.719477,0.0510293,0.67797,0.728803,-0.0276506,0.683635,0.397965,-0.221261,0.608361,0.0564597,-0.73013,0.157782,0.382777,-0.558142,-0.229446,0.0868561,-0.0570088,0.878815
70.06,0,,30.842,23.9074,-5.00991,1.64783,-7.97141,-8.235,15.0763,53.4733,-45.6761,45.7724,6.96018,-13.1903,15.8697,7.36655,-12.8985,-12.8985,4.81715,-4.81715,-162.003,162.003,134.271,180.952,162.493,179.08,-18.7292,13.4878,-53.2212,-56.1555,13.1888,-21.9667,-32.2507,-31.728,-17.0728,-139.629,-28.8052,-741.617,-527.914,434.642,56.6564,69.8195,-25.3895,-177.257,153.297,-84.4825,-7.25069,-22.124,-27.8312,-0.359151,-0.519866,-0.401268,0.721892,0.0491963,0.67648,0.729899,-0.0294206,0.682472,0.390836,-0.214188,0.612471,0.0521266,-0.730139,0.166146,0.378941,-0.556447,-0.230368,0.0873479,-0.0573164,0.878607
70.07,0,,30.0104,24.7384,-4.88911,1.6153,-7.98956,-7.71049,14.8224,54.32,-43.8831,45.3963,7.15087,-12.5487,15.8181,7.28607,-12.6974,-12.6974,4.77923,-4.77923,-162.486,162.486,135.802,180.886,162.619,179.146,-18.5814,12.9235,-63.962,-40.5388,8.30276,-29.7892,-26.8471,-50.7706,-6.35026,-126.436,-50.7568,-708.005,-535.678,164.634,64.9415,67.3949,-24.8917,-233.876,78.1121,-54.1855,-16.7911,-27.655,-43.4557,-0.360444,-0.520675,-0.399632,0.724293,0.0474276,0.674973,0.731006,-0.0307027,0.68132,0.382292,-0.205765,0.617661,0.0484635,-0.730004,0.174932,0.374053,-0.554976,-0.230914,0.0879549,-0.0574362,0.878451
70.08,0,,29.1773,25.5787,-4.77675,1.57452,-7.95161,-7.1573,14.5523,55.0364,-41.8695,44.876,7.43113,-11.9215,15.7885,7.19754,-12.4802,-12.4802,4.82334,-4.82334,-162.585,162.585,137.44,180.812,162.339,179.251,-18.8058,12.7619,-59.569,-18.0712,17.0835,-29.2889,-70.303,-34.6598,-0.988976,-107.422,-59.5684,-756.281,-515.656,-32.7485,83.4783,76.1567,-21.96,-252.911,16.098,-55.1784,8.39554,-18.9634,11.2301,-0.361604,-0.52147,-0.398046,0.726713,0.0455951,0.673427,0.732088,-0.0316176,0.680206,0.372464,-0.195632,0.624069,0.0452899,-0.729766,0.18409,0.368361,-0.553916,-0.230905,0.0889315,-0.0573141,0.878328
70.09,0,,28.3472,26.4026,-4.64037,1.51772,-7.8361,-6.68607,14.2944,55.5613,-39.8591,44.2216,7.76917,-11.3278,15.7811,7.16267,-12.242,-12.242,4.91897,-4.91897,-162.464,162.464,138.996,180.746,161.795,179.372,-19.2849,12.8605,-59.569,-13.1893,22.9432,-21.0116,-84.9779,-43.9489,14.158,-103.024,-60.5475,-786.598,-427.807,-289.167,73.7287,79.0774,-19.5261,-274.916,-33.2022,-49.7929,-3.43454,-18.9634,-35.6434,-0.362878,-0.522191,-0.396572,0.729026,0.0437635,0.671956,0.733202,-0.0322897,0.679061,0.362872,-0.184946,0.63083,0.0423614,-0.729421,0.193251,0.362139,-0.553494,-0.229687,0.089972,-0.0570107,0.878234
70.1,0,,27.5475,27.2136,-4.50723,1.46285,-7.63975,-6.3364,14.0566,55.8593,-37.8896,43.4179,8.03787,-10.806,15.6926,7.21364,-12.0182,-12.0182,5.01419,-5.01419,-162.343,162.343,140.502,180.713,161.306,179.492,-19.7612,12.9646,-59.569,-5.85291,21.9696,-36.1109,-95.2162,-42.4685,29.3049,-97.6563,-53.694,-764.684,-325.247,-264.216,54.1876,91.8069,-19.0559,-317.855,-77.1059,-32.2225,-7.63231,-27.2599,-22.4603,-0.364086,-0.522843,-0.395154,0.731279,0.0421152,0.670486,0.734232,-0.0325335,0.678016,0.353406,-0.17475,0.637169,0.039675,-0.728922,0.202343,0.355612,-0.553926,-0.22682,0.0908855,-0.0564601,0.878214
70.11,0,,26.7705,28.027,-4.37669,1.38517,-7.39554,-6.14381,13.8389,55.9363,-35.8288,42.4389,8.15344,-10.4277,15.5007,7.39069,-11.8082,-11.8082,5.1057,-5.1057,-162.266,162.266,142.107,180.664,161.02,179.657,-20.18,13.0467,-70.3099,-7.82186,14.6405,-32.2451,-114.271,-41.0171,34.1977,-88.8607,-54.2093,-667.966,-251.903,158.619,22.9304,124.485,-18.5581,-337.426,-88.9051,15.1334,8.39554,-14.2226,10.2536,-0.365262,-0.523416,-0.393768,0.733505,0.0405909,0.668987,0.735197,-0.032594,0.677028,0.342966,-0.165288,0.642963,0.0371106,-0.728417,0.211372,0.349089,-0.555404,-0.222003,0.092105,-0.0557269,0.878202
70.12,0,,25.9936,28.8216,-4.25719,1.2905,-7.10843,-6.07278,13.6092,55.7686,-33.6954,41.2642,8.10721,-10.107,15.2006,7.67505,-11.6232,-11.6232,5.14857,-5.14857,-162.387,162.387,143.861,180.606,161.059,179.811,-20.3908,12.9207,-89.8368,-7.82186,19.5265,-21.9667,-97.1501,-55.1829,13.169,-81.0353,-36.6377,-521.982,-296.441,325.703,-25.8594,129.885,-34.1845,-350.57,-116.711,58.0968,19.844,-3.95072,17.0893,-0.366419,-0.523962,-0.392483,0.735771,0.0391874,0.667407,0.736065,-0.0324726,0.676125,0.3315,-0.156747,0.648106,0.0348526,-0.727876,0.220347,0.342235,-0.55794,-0.2154,0.0932681,-0.0551185,0.878173
70.13,0,,25.2105,29.5763,-4.1182,1.17737,-6.82792,-6.11785,13.3552,55.3719,-31.4959,39.9504,8.01765,-9.80054,14.8611,8.08818,-11.4902,-11.4902,5.07602,-5.07602,-163.085,163.085,145.845,180.582,161.542,179.937,-20.1088,12.1949,-94.2298,0.970989,17.5792,-26.833,-75.7066,-69.8132,-8.79668,-50.7683,-28.3414,-459.041,-349.151,48.3431,-42.9735,185.047,-32.2209,-357.435,-146.529,10.2594,20.9889,-5.92607,7.324,-0.367505,-0.524554,-0.391126,0.737944,0.0379043,0.66592,-0.736803,0.0322287,-0.675337,0.319112,-0.148386,0.653117,0.0330826,-0.727267,0.229259,0.335168,-0.561136,-0.207046,0.0941206,-0.054568,0.878154
70.14,0,,24.4381,30.2889,-3.98506,1.04288,-6.54576,-6.34186,13.0973,54.7857,-29.1262,38.5284,7.98587,-9.60903,14.5118,8.67568,-11.406,-11.406,4.90207,-4.90207,-164.239,164.239,148.075,180.541,162.245,-179.937,-19.4272,10.9759,-98.6228,-10.7348,16.6055,-41.523,-37.5973,-75.1834,-20.5082,-12.6759,-39.5749,-490.677,-397.366,-115.622,-45.9026,232.934,-21.4898,-351.057,-99.6066,6.8296,10.3036,-8.69158,16.6011,-0.368446,-0.5252,-0.38981,0.740042,0.0368068,0.664476,-0.737527,0.0319231,-0.674535,0.305441,-0.138986,0.658492,0.0318,-0.726701,0.237981,0.32863,-0.56503,-0.196848,0.0949724,-0.0540781,0.878068
70.15,0,,23.693,30.9523,-3.85258,0.881693,-6.2273,-6.72705,12.8514,54.0239,-26.7439,37.0446,7.91652,-9.48455,14.1403,9.38926,-11.3384,-11.3384,4.70338,-4.70338,-165.551,165.551,150.347,180.524,163.009,-179.844,-18.5786,9.61454,-102.049,-21.4966,28.325,-44.934,-5.85859,-39.5366,3.43539,61.504,-31.2271,-464.314,-442.312,-56.5859,-35.6509,283.191,-18.5581,-339.373,-45.916,3.91123,5.34262,-10.2719,6.83573,-0.369406,-0.525787,-0.388572,0.742044,0.0358295,0.66306,-0.738238,0.0314339,-0.673723,0.291335,-0.129889,0.663668,0.0310072,-0.726105,0.246471,0.322598,-0.569567,-0.185135,0.0955237,-0.053713,0.878025
70.16,0,,22.9843,31.598,-3.73762,0.726814,-5.92369,-7.16686,12.6237,53.1122,-24.4058,35.4525,7.83563,-9.41274,13.7664,10.1726,-11.2836,-11.2836,4.50717,-4.50717,-166.82,166.82,152.537,180.5,163.745,-179.762,-17.7191,8.26413,-108.397,-45.4207,20.0222,-25.3777,8.3044,-48.8257,20.5082,108.909,-4.38003,-348.153,-407.172,45.4469,-36.153,328.102,-23.4258,-306.171,18.1103,5.38546,15.6462,-12.6423,20.9955,-0.37014,-0.526399,-0.387352,0.74392,0.0347911,0.661703,-0.738759,0.031008,-0.673081,0.277177,-0.121467,0.668619,0.0303968,-0.725494,0.25471,0.316494,-0.574694,-0.172378,0.0960772,-0.0534101,0.87794
70.17,0,,22.2999,32.2028,-3.63371,0.574848,-5.64318,-7.61351,12.406,52.0287,-22.0519,33.7162,7.75762,-9.28347,13.4589,10.9693,-11.2287,-11.2287,4.30683,-4.30683,-168.084,168.084,154.735,180.467,164.448,-179.685,-16.8678,6.93014,-98.6228,-63.4649,7.32909,-35.6561,28.781,-25.8933,17.0728,139.176,-8.81159,-241.219,-391.645,131.44,-56.1543,374.998,-23.4258,-300.28,62.4714,12.6964,10.6852,0,-0.488266,-0.37087,-0.527006,-0.386251,0.745704,0.0338152,0.660373,-0.739176,0.0307634,-0.672522,0.262531,-0.11335,0.673632,0.0299091,-0.724838,0.26259,0.309585,-0.580167,-0.158882,0.0966248,-0.053226,0.877863
70.18,0,,21.6459,32.804,-3.54928,0.43502,-5.44848,-8.02601,12.1823,50.7873,-19.6822,31.8511,7.71717,-9.05365,13.2571,11.7634,-11.1922,-11.1922,4.11762,-4.11762,-169.292,169.292,156.941,180.442,165.086,-179.641,-16.0684,5.63451,-96.6898,-77.6252,-11.2238,-41.0227,47.3806,-18.5491,-11.7116,157.22,-1.44283,-191.459,-344.247,2.45057,-62.0124,422.83,-18.0603,-305.684,86.4355,10.7408,6.48746,0,-1.4648,-0.37137,-0.527573,-0.385165,0.747459,0.0328379,0.659016,-0.739435,0.0308861,-0.672108,0.247387,-0.105352,0.678803,0.0292984,-0.724219,0.270033,0.301707,-0.585835,-0.144719,0.0969302,-0.0531041,0.877804
70.19,0,,21.0146,33.3759,-3.4681,0.30199,-5.32142,-8.41939,11.9788,49.4315,-17.2684,29.8623,7.68538,-8.73287,13.1686,12.5414,-11.1434,-11.1434,3.95851,-3.95851,-170.364,170.364,159.156,180.409,165.607,-179.602,-15.406,4.48953,-82.5224,-78.1377,-10.2501,-48.345,46.8687,-13.6724,-42.4739,140.599,13.1916,-175.312,-246.591,-66.3882,-64.4394,452.642,-0.968009,-320.289,114.241,1.47423,22.8969,-10.2719,28.8077,-0.371843,-0.528162,-0.384051,0.749129,0.0319843,0.657693,-0.73977,0.0313731,-0.671591,0.231766,-0.0972968,0.684129,0.0283834,-0.723686,0.276876,0.293046,-0.591464,-0.130073,0.0972954,-0.0531646,0.877795
70.2,0,,20.4076,33.8951,-3.39016,0.186437,-5.25707,-8.74857,11.7954,47.973,-14.8294,27.7911,7.58137,-8.34028,13.1563,13.2657,-11.0542,-11.0542,3.9144,-3.9144,-170.803,170.803,161.321,180.36,165.948,-179.575,-15.3266,3.9636,-80.5676,-82.5071,-10.7458,-70.3117,48.8026,-3.42535,-31.7513,132.838,5.8744,-139.723,-175.699,38.0952,-81.0513,457.051,0.968009,-301.254,188.512,5.86684,17.5543,-5.92607,36.1317,-0.372226,-0.528795,-0.382969,0.750656,0.0311298,0.656473,-0.740127,0.0322272,-0.671034,0.215648,-0.0899092,0.689304,0.0271623,-0.723312,0.282794,0.283587,-0.597083,-0.115486,0.0977232,-0.0532869,0.877739
70.21,0,,19.8218,34.3534,-3.30963,0.0762257,-5.24552,-8.97804,11.6503,46.412,-12.4313,25.6478,7.39357,-7.8232,13.1956,13.9015,-10.9362,-10.9362,3.96675,-3.96675,-170.825,170.825,163.395,180.327,166.239,-179.575,-15.6359,3.85404,-77.141,-71.7723,-17.5792,-57.1225,61.9986,3.42535,-4.89283,116.67,15.6135,-60.4695,-128.914,73.7399,-95.1945,463.884,8.79505,-268.052,286.655,-14.1707,10.6852,-16.593,-4.88266,-0.372639,-0.529385,-0.381794,0.752124,0.0302144,0.655255,-0.740534,0.0334498,-0.6704,0.199655,-0.0834999,0.694124,0.0255746,-0.723107,0.287668,0.273089,-0.602578,-0.101142,0.0979057,-0.0535308,0.877673
70.22,0,,19.2649,34.7718,-3.24014,-0.0218481,-5.27687,-9.06136,11.5536,44.766,-10.1089,23.4221,7.18555,-7.21037,13.2621,14.387,-10.8282,-10.8282,4.00674,-4.00674,-170.869,170.869,165.371,180.302,166.58,-179.58,-15.8933,3.71708,-79.5791,-58.583,-30.768,-49.8003,82.5321,4.87676,-6.81873,106.904,13.6554,-18.6187,-69.871,25.3968,-110.844,465.317,23.9237,-249.99,338.882,-19.526,2.28969,-9.87679,0,-0.372946,-0.529998,-0.380636,0.753508,0.029298,0.654078,-0.740923,0.035096,-0.669754,0.184276,-0.0778246,0.698529,0.0236225,-0.723141,0.291649,0.261248,-0.608011,-0.087286,0.0980309,-0.0537156,0.877639
70.23,0,,18.7186,35.1234,-3.1674,-0.122835,-5.31977,-9.0518,11.4689,43.0135,-7.81174,21.1035,7.00352,-6.4922,13.2818,14.7653,-10.6991,-10.6991,4.08547,-4.08547,-170.721,170.721,167.33,180.278,166.854,-179.586,-16.271,3.78008,-83.0057,-52.7301,-38.0794,-50.8009,97.662,11.7275,-19.5193,99.1437,7.31723,0,5.31183,234.364,-136.703,441.4,28.3212,-267.565,320.772,-0.481382,-2.28969,-14.6177,8.30053,-0.37332,-0.530619,-0.379485,0.754818,0.0284446,0.652943,-0.741309,0.0368061,-0.669101,0.16902,-0.0719664,0.702329,0.0213636,-0.723434,0.294635,0.248242,-0.61331,-0.0736729,0.098153,-0.0539597,0.877578
70.24,0,,18.1905,35.414,-3.13622,-0.218967,-5.37422,-8.95892,11.4125,41.1702,-5.51454,18.7181,6.77816,-5.70701,13.1956,15.0496,-10.6021,-10.6021,4.0628,-4.0628,-171.023,171.023,169.322,180.245,167.294,-179.591,-16.0684,3.36372,-84.9605,-35.6569,-49.3209,-49.3,101.075,16.6042,-16.6044,114.73,22.9308,84.5256,77.2258,531.328,-158.671,422.83,41.9839,-331.535,281.258,15.1334,3.81615,0,-15.1363,-0.373492,-0.531398,-0.378253,0.756159,0.027712,0.65172,-0.741688,0.0385157,-0.668441,0.153572,-0.0664706,0.705358,0.0187995,-0.724145,0.29658,0.234386,-0.618436,-0.0601223,0.0982726,-0.0542025,0.877556
70.25,0,,17.6943,35.6812,-3.1109,-0.3117,-5.44023,-8.83736,11.3863,39.248,-3.17638,16.2656,6.42856,-4.89788,13.0333,15.2562,-10.544,-10.544,3.99025,-3.99025,-171.611,171.611,171.364,180.212,167.893,-179.613,-15.4799,2.67071,-92.2749,-31.746,-52.2419,-56.6223,96.1832,4.87676,-15.1469,111.302,10.2544,203.652,72.3226,567.419,-145.993,390.648,44.9156,-364.251,268.545,23.9187,9.15877,-1.97536,19.0424,-0.373613,-0.532067,-0.377092,0.757481,0.0271009,0.650482,-0.74208,0.0404061,-0.667738,0.137522,-0.061955,0.707691,0.0158704,-0.725095,0.297692,0.219979,-0.623558,-0.0465105,0.0983318,-0.0545067,0.8776
70.26,0,,17.2026,35.8781,-3.11155,-0.40152,-5.53758,-8.74038,11.3984,37.231,-0.73107,13.7668,5.99229,-4.07438,12.8389,15.4547,-10.4852,-10.4852,3.88472,-3.88472,-172.314,172.314,173.479,180.179,168.541,-179.635,-14.6998,1.85169,-94.2298,-24.8951,-52.2419,-44.4337,103.521,2.43838,-19.0508,86.4031,-7.83253,246.162,64.3549,122.529,-139.633,354.498,47.8473,-406.751,267.081,-22.4745,20.6072,-5.92607,4.3944,-0.373671,-0.532856,-0.375929,0.758815,0.0266123,0.649192,-0.742578,0.0426039,-0.666892,0.120608,-0.0578014,0.709609,0.0128178,-0.72634,0.297921,0.205395,-0.628575,-0.0325336,0.0983958,-0.0548746,0.877627
70.27,0,,16.7079,35.9942,-3.12713,-0.486485,-5.65638,-8.64476,11.4448,35.1272,1.77726,11.2576,5.55312,-3.26046,12.5979,15.621,-10.4093,-10.4093,3.78703,-3.78703,-172.934,172.934,175.628,180.163,169.145,-179.657,-13.9278,1.11211,-99.6112,-18.0712,-56.1543,-47.8447,98.1171,-8.79559,-5.8818,78.125,-6.85346,125.058,27.785,-194.263,-124.527,317.852,53.2128,-416.001,269.002,-40.5263,3.05292,-13.8275,-1.95307,-0.373674,-0.533777,-0.374712,0.760138,0.0261254,0.647884,-0.743057,0.0450448,-0.666029,0.103216,-0.053653,0.711101,0.00988825,-0.727763,0.297441,0.190627,-0.633472,-0.018373,0.0983344,-0.0551185,0.877685
70.28,0,,16.198,36.0481,-3.15636,-0.549116,-5.80489,-8.53823,11.5052,32.9405,4.07446,8.71758,5.00995,-2.48485,12.3297,15.7471,-10.3202,-10.3202,3.68933,-3.68933,-173.489,173.489,177.546,180.154,169.804,-179.685,-13.1312,0.421835,-94.735,0,-68.3517,-50.8009,97.662,-4.87676,-11.7116,73.7272,12.2126,238.253,-19.6129,194.263,-128.418,280.766,49.811,-391.124,304.216,-29.7855,8.39554,-3.55564,9.76533,-0.373615,-0.534818,-0.373493,0.761445,0.0253917,0.646572,-0.743522,0.0477329,-0.665148,0.0872224,-0.0513324,0.711879,0.0071417,-0.729186,0.296533,0.175664,-0.638507,-0.00415051,0.0982702,-0.0553609,0.877717
70.29,0,,15.7093,36.0375,-3.19403,-0.603008,-5.95834,-8.3511,11.5757,30.6591,6.17944,6.12601,4.40032,-1.74753,12.0493,15.7525,-10.2199,-10.2199,3.64193,-3.64193,-173.775,173.775,179.258,180.121,170.474,-179.696,-12.5619,0.0109567,-96.1847,-8.30735,-88.374,-37.6117,91.8035,16.6042,-26.39,66.4192,35.1433,407.634,-8.78495,662.1,-139.633,251.449,41.0159,-361.33,353.517,-8.30384,15.6462,-15.0127,6.34746,-0.373559,-0.535801,-0.372338,0.76274,0.0245986,0.64524,-0.744007,0.0504795,-0.664229,0.0725148,-0.0502965,0.712208,0.0047609,-0.730554,0.295176,0.160044,-0.643718,0.00964417,0.0983953,-0.0556068,0.877745
70.3,0,,15.2177,35.9649,-3.27586,-0.602523,-6.13985,-8.06972,11.6644,28.2968,8.31593,3.52413,3.81091,-1.00543,11.7688,15.6184,-10.1024,-10.1024,3.60812,-3.60812,-173.83,173.83,180.987,180.121,171.09,-179.712,-12.195,-0.180786,-96.6898,-3.42543,-92.7821,-48.345,95.7281,33.2084,-29.7734,51.2857,49.314,548.839,-25.9462,807.129,-151.851,212.875,28.819,-345.215,386.261,7.31099,10.3036,-14.6177,13.6715,-0.373314,-0.53696,-0.371239,0.764077,0.0236828,0.643832,-0.744595,0.0534077,-0.663171,0.0576805,-0.0488911,0.712369,0.00274678,-0.731743,0.293601,0.143501,-0.648835,0.0229503,0.0983317,-0.0557274,0.877783
70.31,0,,14.723,35.8277,-3.36548,-0.577276,-6.3131,-7.74054,11.7652,25.8614,10.6478,0.896489,3.3833,-0.282478,11.5154,15.385,-9.97334,-9.97334,3.57515,-3.57515,-173.791,173.791,182.896,180.113,171.529,-179.718,-11.9678,-0.271179,-93.7465,-13.1893,-95.2074,-52.7565,89.3576,54.1959,-24.4121,35.1821,50.2931,575.696,68.4409,527.764,-150.386,170.388,13.6628,-336.89,387.176,-4.39261,4.961,-14.6177,-7.324,-0.37307,-0.53818,-0.370262,0.765348,0.0225228,0.64248,-0.745198,0.056398,-0.662066,0.0417502,-0.0454125,0.712745,0.00115974,-0.732771,0.291827,0.126348,-0.653836,0.0358902,0.0983342,-0.0557898,0.877805
70.32,0,,14.2252,35.6156,-3.47134,-0.516101,-6.48306,-7.35399,11.878,23.3649,13.1278,-1.71569,2.99614,0.402172,11.2325,15.0631,-9.84813,-9.84813,3.53846,-3.53846,-173.72,173.72,184.938,180.097,171.925,-179.723,-11.7543,-0.342398,-89.8368,-27.835,-111.335,-51.2557,87.8788,57.6213,-16.6044,35.1821,50.7568,452.121,66.3979,153.272,-143.566,124.044,0.968009,-314.934,395.5,-12.2151,8.39554,-7.50636,0.976533,-0.372691,-0.539444,-0.369273,0.766641,0.0209972,0.641085,-0.74587,0.0593888,-0.660846,0.0248421,-0.0410779,0.713034,0.000305198,-0.733514,0.289938,0.108956,-0.658683,0.0483437,0.0983967,-0.0559128,0.877819
70.33,0,,13.7472,35.332,-3.57331,-0.435991,-6.60846,-6.91964,12.0131,20.8071,15.5352,-4.28666,2.53964,1.00543,10.8906,14.658,-9.7329,-9.7329,3.47086,-3.47086,-173.775,173.775,186.897,180.089,172.375,-179.734,-11.393,-0.531402,-81.0508,-29.777,-102.536,-46.3893,99.1409,43.9489,-11.2431,55.6835,39.0596,561.032,124.419,516.625,-151.851,82.4939,-22.4578,-273.943,376.017,-29.7855,8.77716,-13.0374,0,-0.372338,-0.540683,-0.368431,0.767812,0.0192884,0.639813,-0.746557,0.0622589,-0.659578,0.00830122,-0.0377217,0.712989,0.000305195,-0.733934,0.288104,0.0914353,-0.663608,0.0601837,0.0983908,-0.0560315,0.877827
70.34,0,,13.2419,34.9499,-3.7006,-0.318497,-6.74212,-6.39377,12.1481,18.1705,17.9238,-6.82671,1.9329,1.54166,10.529,14.1375,-9.61323,-9.61323,3.37275,-3.37275,-173.868,173.868,188.823,180.097,172.968,-179.734,-10.9632,-0.766972,-85.4438,-45.9062,-123.054,-50.8009,113.304,26.8512,0.988976,81.5527,28.3414,736.344,111.344,649.847,-159.676,53.7285,-24.8917,-218.248,372.084,0.962764,-3.05292,-18.1733,-15.1363,-0.371847,-0.542084,-0.367636,0.769034,0.0174572,0.638471,-0.74722,0.065249,-0.658289,-0.00836212,-0.03589,0.712795,0.00140389,-0.733991,0.286394,0.0734276,-0.668478,0.0712913,0.0983304,-0.0560318,0.877832
70.35,0,,12.7487,34.5022,-3.8279,-0.161676,-6.87742,-5.75862,12.3033,15.4628,20.4353,-9.341,1.24815,2.00607,10.1304,13.5018,-9.50631,-9.50631,3.25444,-3.25444,-174.006,174.006,190.857,180.097,173.628,-179.74,-10.4568,-1.07376,-69.3435,-48.3337,-120.116,-63.9445,122.063,25.3998,-10.2541,97.6563,29.3204,772.923,29.828,558.507,-161.14,37.5824,-23.4258,-193.858,318.394,26.8671,-2.28969,-16.593,5.8592,-0.371171,-0.543542,-0.366837,0.770163,0.0155034,0.637225,-0.747891,0.0682398,-0.656945,-0.0261241,-0.0344252,0.712554,0.00341815,-0.733682,0.284805,0.0549349,-0.673319,0.0816699,0.0982699,-0.0560322,0.877837
70.36,0,,12.2479,33.9936,-3.96493,0.0257322,-7.00778,-5.07841,12.4927,12.7294,23.0035,-11.8038,0.4565,2.40824,9.73437,12.8096,-9.38775,-9.38775,3.13078,-3.13078,-174.099,174.099,192.906,180.105,174.369,-179.745,-10.0106,-1.3422,-78.1294,-56.641,-108.396,-60.5335,133.781,24.9063,-25.4011,92.7411,23.9098,930.605,-56.5914,753.885,-168.965,8.76188,-9.26523,-179.204,225.098,65.4378,6.86908,-8.69158,6.83573,-0.370386,-0.545142,-0.365992,0.771259,0.013367,0.636002,-0.748704,0.0712935,-0.655376,-0.0442517,-0.0336923,0.712483,0.00616491,-0.733075,0.283403,0.0365019,-0.677971,0.0915599,0.0982123,-0.0560341,0.877867
70.37,0,,11.7395,33.4381,-4.13249,0.25004,-7.16783,-4.38863,12.6902,9.99405,25.6284,-14.1841,-0.430497,2.71466,9.39489,12.1282,-9.27362,-9.27362,2.9964,-2.9964,-174.159,174.159,194.989,180.113,175.182,-179.745,-9.63012,-1.60516,-79.0959,-64.4629,-116.699,-57.1225,112.792,44.4424,-20.0398,85.4331,26.847,1125.03,-41.0645,730.938,-175.786,-16.091,-24.4215,-157.248,105.918,63.9636,8.39554,-16.593,3.41786,-0.369403,-0.546841,-0.36513,0.77243,0.0109868,0.634668,-0.749551,0.0744668,-0.653721,-0.0628062,-0.0335089,0.71278,0.00952201,-0.732218,0.282059,0.0186164,-0.68246,0.101078,0.0981469,-0.0559706,0.87789
70.38,0,,11.2327,32.8403,-4.31369,0.501536,-7.32624,-3.73436,12.9199,7.31003,28.3605,-16.4408,-1.22504,2.9349,9.16611,11.5059,-9.15118,-9.15118,2.86201,-2.86201,-174.165,174.165,197.146,180.138,175.913,-179.751,-9.43029,-1.81882,-79.5791,-76.6542,-110.839,-53.7116,93.7374,59.0727,-7.33924,67.3893,23.9098,1086.97,26.7635,117.627,-166.998,-30.2533,-25.3895,-91.3304,19.025,14.1707,7.63231,-8.2965,4.3944,-0.368323,-0.548638,-0.364233,0.773589,0.00842317,0.633325,-0.750454,0.0777005,-0.65194,-0.0815474,-0.0321063,0.713723,0.0133675,-0.731123,0.280839,0.00183115,-0.686805,0.110296,0.0979686,-0.0559123,0.877933
70.39,0,,10.7243,32.1969,-4.50853,0.752546,-7.48134,-3.19347,13.1658,4.70099,31.0232,-18.5635,-1.852,3.09768,9.07754,11.0284,-9.0293,-9.0293,2.71403,-2.71403,-174.203,174.203,199.212,180.154,176.462,-179.762,-9.33448,-2.08178,-60.5575,-91.7855,-110.839,-55.6672,59.5528,54.1959,0.468462,65.4491,40.0386,1065.88,340.366,-35.1991,-149.884,-44.4156,-37.5864,-5.84203,-46.8307,-81.534,7.25069,-14.6177,4.3944,-0.367148,-0.550508,-0.363303,0.774767,0.00567662,0.631936,-0.7513,0.0809346,-0.650162,-0.0990036,-0.0295424,0.715304,0.0176397,-0.730004,0.279489,-0.0132454,-0.690774,0.119575,0.0977824,-0.0558495,0.877966
70.4,0,,10.2357,31.5312,-4.69622,0.998702,-7.648,-2.80419,13.4238,2.19459,33.6135,-20.5368,-2.69566,3.2461,9.04802,10.7333,-8.91961,-8.91961,2.57676,-2.57676,-174.236,174.236,201.188,180.187,177.22,-179.767,-9.29068,-2.35844,-63.962,-94.2399,-101.563,-40.5224,35.1515,27.3447,26.8585,108.392,25.4042,1133.27,364.678,-4.01003,-149.884,-66.4029,-49.811,83.4923,-62.4714,-85.4453,-1.52646,-15.0127,-2.9296,-0.365937,-0.552293,-0.362335,0.775936,0.00299094,0.630539,-0.752126,0.0842342,-0.648359,-0.116096,-0.0289325,0.71733,0.0220958,-0.728858,0.277907,-0.0264298,-0.694194,0.129097,0.0975384,-0.0557275,0.877968
70.41,0,,9.73943,30.855,-4.85404,1.2167,-7.8427,-2.51052,13.6837,-0.193408,36.0241,-22.3813,-3.64622,3.41846,9.14643,10.5428,-8.80825,-8.80825,2.45722,-2.45722,-174.176,174.176,202.966,180.212,178.121,-179.789,-9.41934,-2.54197,-50.2998,-90.8145,-84.9573,-35.6561,27.8141,0.493482,33.2088,108.909,8.2963,1392.61,332.602,80.6461,-154.278,-111.314,-37.1162,151.844,-109.851,-96.1861,2.28969,-15.8029,1.95307,-0.364709,-0.554052,-0.361352,0.777016,0.000366229,0.629242,-0.75283,0.0877712,-0.646626,-0.131601,-0.0297872,0.71996,0.0266122,-0.727869,0.276132,-0.0382109,-0.697074,0.13856,0.0972334,-0.0557276,0.877969
70.42,0,,9.24775,30.1834,-5.0125,1.41285,-8.06876,-2.29334,13.9739,-2.41168,38.2646,-24.0661,-4.39454,3.59082,9.38013,10.4409,-8.68526,-8.68526,2.3554,-2.3554,-173.934,173.934,204.563,180.236,178.879,-179.8,-9.80805,-2.55566,-43.4467,-80.0796,-78.6196,-36.6112,20.5335,14.1658,26.8585,90.3482,-7.31723,1595.28,411.054,-17.154,-128.921,-166.035,-35.1526,180.178,-200.219,-20.5189,1.14485,-20.9388,-5.8592,-0.363356,-0.555929,-0.360304,0.778036,-0.00201421,0.628007,-0.753504,0.0914948,-0.644858,-0.144846,-0.0293598,0.722948,0.0309467,-0.727155,0.274186,-0.0485265,-0.699392,0.147716,0.0969891,-0.0556665,0.877968
70.43,0,,8.76366,29.5447,-5.132,1.57112,-8.30472,-2.1827,14.2863,-4.38325,40.2278,-25.5551,-4.80481,3.79669,9.78358,10.4623,-8.5534,-8.5534,2.29439,-2.29439,-173.489,173.489,205.863,180.261,179.396,-179.816,-10.5143,-2.38035,-41.5138,-68.8593,-72.2641,-36.6112,8.3044,13.6724,19.0508,41.5201,0,1606.97,583.076,-498.58,-85.4449,-244.616,-29.2892,138.164,-301.289,-23.9187,1.14485,-9.08665,20.0189,-0.362029,-0.557785,-0.35916,0.778918,-0.00433377,0.626931,-0.754142,0.0953436,-0.643051,-0.154676,-0.0269798,0.726319,0.0350352,-0.726644,0.272286,-0.0569502,-0.701043,0.156445,0.0967469,-0.0556676,0.877925
70.44,0,,8.27199,28.9353,-5.24696,1.73086,-8.52748,-2.25646,14.6067,-6.04696,41.7246,-26.8019,-4.95794,4.03608,10.3223,10.6582,-8.4077,-8.4077,2.25152,-2.25152,-172.868,172.868,206.695,180.261,179.753,-179.822,-11.4724,-2.02152,-25.3915,-42.4808,-59.571,-34.2008,8.3044,17.5912,10.2541,9.24824,-2.4219,1677.66,808.011,-876.859,-30.253,-322.757,-20.024,64.4571,-331.565,-98.6231,-0.381615,-12.6423,7.324,-0.360675,-0.559721,-0.35799,0.779766,-0.00653111,0.625888,-0.754719,0.0991236,-0.641251,-0.160044,-0.0241103,0.730024,0.0386987,-0.726242,0.270403,-0.062747,-0.701937,0.164925,0.0966837,-0.0556664,0.877905
70.45,0,,7.79397,28.4032,-5.35737,1.86777,-8.70898,-2.53511,14.9473,-7.34752,42.8685,-27.7499,-5.12552,4.29462,10.8931,11.0498,-8.2692,-8.2692,2.20577,-2.20577,-172.248,172.248,207.181,180.286,-179.841,-179.822,-12.4469,-1.65447,-20.9985,-24.8951,-51.7639,-8.77759,15.6419,0,18.5303,8.27815,-18.087,1910.64,935.495,-1263.6,-2.42694,-419.909,-37.5864,6.32887,-293.972,-171.883,3.43454,-3.55564,0,-0.359396,-0.561556,-0.356954,0.780585,-0.0086067,0.624871,-0.7552,0.102907,-0.639475,-0.162606,-0.0228283,0.733864,0.041932,-0.725967,0.268865,-0.0657378,-0.70218,0.172981,0.0965631,-0.0555452,0.877858
70.46,0,,7.3205,27.9778,-5.45024,1.94254,-8.83604,-2.90936,15.2919,-8.21786,44.0344,-28.3991,-5.50979,4.55795,11.3826,11.5193,-8.13568,-8.13568,2.14435,-2.14435,-171.731,171.731,207.683,180.286,-179.225,-179.822,-13.29,-1.36959,-11.2241,-13.6748,-62.9877,14.6445,37.5973,-5.86373,28.7844,4.39777,-6.85346,2020.05,958.581,-1452.74,-27.324,-518.549,-49.3131,-33.689,-276.868,-161.624,5.72423,-14.6177,6.34746,-0.358231,-0.563318,-0.356034,0.78134,-0.0105595,0.623925,-0.755654,0.106512,-0.637667,-0.165839,-0.0234995,0.737702,0.044802,-0.725987,0.268018,-0.0664087,-0.70193,0.179694,0.0965628,-0.055545,0.877794
70.47,0,,6.86221,27.7141,-5.51389,1.95177,-8.92514,-3.28225,15.6265,-8.58494,45.2255,-28.6722,-5.9634,4.73988,11.8303,11.9834,-8.03928,-8.03928,2.05283,-2.05283,-171.534,171.534,208.185,180.286,-178.665,-179.811,-13.843,-1.37233,2.92134,-15.1313,-85.9309,22.467,67.4022,0.493482,60.0672,11.2531,1.95813,1941.95,887.28,-1352.49,-8.28506,-572.278,-63.4737,-60.5624,-229.488,-167.972,2.28969,-9.08665,9.76533,-0.357195,-0.564786,-0.355303,0.782069,-0.0124516,0.623006,-0.756073,0.110112,-0.635829,-0.16938,-0.0247814,0.741426,0.0474253,-0.726151,0.268316,-0.0650049,-0.701442,0.18415,0.0966233,-0.0554836,0.877728
70.48,0,,6.44186,27.6297,-5.56909,1.90419,-8.97959,-3.6729,15.9811,-8.42113,46.1646,-28.5588,-6.46901,4.84043,12.283,12.4528,-7.96892,-7.96892,1.94772,-1.94772,-171.402,171.402,208.424,180.286,-178.061,-179.784,-14.3466,-1.4052,8.30276,-8.30735,-87.896,27.8336,80.0863,25.3998,95.2019,25.8692,-2.4219,1856.43,792.076,-1145.53,-11.2141,-604.515,-44.9156,-90.8436,-139.12,-190.417,3.43454,-9.08665,9.27706,-0.356164,-0.566078,-0.354821,0.782685,-0.0142218,0.622217,-0.756428,0.113711,-0.633989,-0.171026,-0.0275888,0.745203,0.0499914,-0.726432,0.270161,-0.0614055,-0.70067,0.186414,0.0967476,-0.0553018,0.877687
70.49,0,,6.0291,27.7223,-5.61195,1.7896,-8.98784,-4.09633,16.3439,-7.76394,46.7286,-28.1363,-6.85328,4.89788,12.8045,12.9384,-7.91518,-7.91518,1.84755,-1.84755,-171.33,171.33,208.259,180.261,-177.583,-179.762,-14.864,-1.45999,0.966459,-20.0132,-108.892,58.5779,85.433,42.004,109.36,51.7384,0.979066,1872.08,610.452,-1057.53,5.85812,-575.694,-20.992,-121.563,-80.5816,-186.024,12.2117,-8.2965,7.81226,-0.355246,-0.567172,-0.354452,0.783323,-0.0161755,0.621385,-0.756677,0.117313,-0.632161,-0.169377,-0.0310678,0.749167,0.0524322,-0.726787,0.273575,-0.0557268,-0.699606,0.186895,0.0970527,-0.0553017,0.877686
70.5,0,,5.63302,27.925,-5.63209,1.61142,-8.96144,-4.59624,16.7228,-6.74362,46.7475,-27.4563,-6.96018,4.9266,13.454,13.5071,-7.86421,-7.86421,1.75357,-1.75357,-171.237,171.237,207.535,180.245,-177.385,-179.729,-15.5182,-1.48464,0.48323,-40.0263,-125.002,75.178,88.8457,40.0301,123.518,76.1848,12.2126,1397.39,370.194,-1832.58,48.3295,-500.97,9.76306,-114.747,-69.7887,-176.757,-21.3705,-18.1733,21.4837,-0.354385,-0.5682,-0.354141,0.783843,-0.0180671,0.62069,-0.756974,0.120791,-0.630201,-0.162791,-0.034304,0.753467,0.0548117,-0.727323,0.277965,-0.04816,-0.698167,0.186414,0.0973584,-0.05518,0.877691
70.51,0,,5.24302,28.1571,-5.65547,1.38857,-8.92514,-5.27919,17.1359,-5.43713,46.2434,-26.5185,-6.76372,4.97448,13.9509,14.2905,-7.80549,-7.80549,1.64433,-1.64433,-171.083,171.083,206.292,180.245,-177.456,-179.74,-16.0411,-1.45999,17.572,-53.2156,-92.7821,94.7343,115.75,57.1278,176.246,122.555,37.6167,1350.1,232.495,-352.437,96.1988,-387.231,14.6584,-77.6503,-62.4714,-124.497,-17.9359,-11.8521,-15.1363,-0.353412,-0.569366,-0.3539,0.784227,-0.0198987,0.620154,-0.757188,0.124336,-0.628213,-0.15217,-0.037783,0.756393,0.0570699,-0.728236,0.282481,-0.0379658,-0.696325,0.18574,0.0972977,-0.0552411,0.877693
70.52,0,,4.86364,28.3633,-5.69119,1.14193,-8.85419,-6.15337,17.5893,-3.96881,48.1309,-25.4057,-5.06195,5.03672,13.9263,15.3421,-7.74565,-7.74565,1.53509,-1.53509,-170.787,170.787,207.485,180.245,-178.835,-179.8,-16.3586,-1.33946,59.569,-59.0955,-43.9391,141.124,181.161,56.1408,238.76,179.209,42.4605,-384.237,389.602,-1168.03,194.824,-208.026,-18.5581,-12.7064,31.7387,-85.4453,-12.2117,-15.8029,10.7419,-0.352254,-0.57065,-0.353658,-0.784554,0.0216083,-0.619683,-0.75736,0.127753,-0.626128,-0.158578,-0.020509,0.755231,0.0591469,-0.729539,0.286395,-0.0252091,-0.694256,0.185375,0.0969295,-0.0556673,0.877615
70.53,0,,4.48578,28.4383,-5.70158,0.868584,-8.75188,-7.13272,18.0972,-2.6189,48.6918,-24.2876,-1.20192,5.03672,14.8783,16.5868,-7.66089,-7.66089,1.43327,-1.43327,-170.424,170.424,207.271,180.245,177.621,-179.91,-17.6205,-1.18333,153.316,-59.0955,32.7154,158.224,271.486,33.7019,307.103,228.49,36.6377,-3456.98,295.011,371.596,461.913,34.6618,-69.3371,1.94734,211.927,282.722,-9.922,-16.9881,11.2301,-0.351212,-0.572047,-0.353349,-0.784712,0.0231947,-0.61942,-0.757421,0.131232,-0.623992,-0.149484,0.0107428,0.755845,0.0615255,-0.731042,0.289316,-0.011353,-0.692594,0.185677,0.0962594,-0.0564005,0.877444
70.54,0,,4.15193,28.3047,-5.69768,0.662241,-8.65618,-7.80064,18.6977,-1.88079,44.7308,-23.453,0.780095,4.78776,15.9189,17.6625,-7.56837,-7.56837,1.3162,-1.3162,-170.155,170.155,202.423,180.269,175.693,179.915,-18.6142,-1.15868,294.441,0.970989,37.6014,165.546,375.973,5.86373,376.956,266.582,49.8293,-1523.44,1153.28,1433.14,655.775,350.585,-123.048,302.228,494.649,618.154,4.57939,-5.531,9.76533,-0.350251,-0.573476,-0.353059,-0.784659,0.0245377,-0.619425,-0.757367,0.135078,-0.6218,-0.10865,0.00824033,0.759942,0.0647033,-0.732124,0.290982,-0.000488317,-0.69335,0.185866,0.0949765,-0.0574376,0.877129
70.55,0,,3.89091,28.0785,-5.65871,0.59087,-8.50437,-8.06016,19.395,-1.99131,39.1879,-23.2263,-0.722311,4.55316,16.2264,18.2983,-7.50798,-7.50798,1.20944,-1.20944,-170.155,170.155,195.936,180.36,177.105,179.657,-18.5978,-1.37507,391.108,121.104,-16.6055,164.045,453.102,-23.4259,446.757,296.849,83.9936,1858.9,1110.38,841.882,515.138,689.929,10.2609,798.849,263.697,506.835,1.52646,-16.1979,3.90613,-0.34975,-0.574371,-0.353046,-0.784524,0.025636,-0.619538,-0.757249,0.139413,-0.619423,-0.0617091,-0.0316175,0.762849,0.0679358,-0.732156,0.291886,0.00366231,-0.6959,0.186839,0.0928366,-0.0587172,0.876729
70.56,0,,3.77862,27.9801,-5.54766,0.558827,-8.22552,-8.38115,20.2052,-2.34458,36.3172,-23.2881,-3.22151,4.6154,16.1182,18.8724,-7.52183,-7.52183,1.1472,-1.1472,-170.506,170.506,192.108,180.483,179.604,179.328,-18.1105,-1.86813,438.487,128.899,-17.0835,172.868,517.091,-13.1789,497.09,309.59,135.729,2574.65,-54.7527,-517.962,310.062,777.824,287.609,800.309,-430.622,261.24,5.72423,-23.3092,-11.2301,-0.349996,-0.574191,-0.353536,-0.784231,0.0266741,-0.619853,-0.757117,0.144111,-0.616791,-0.0369882,-0.069948,0.76247,0.0694029,-0.731874,0.292078,0.00512707,-0.69777,0.189396,0.0899095,-0.0602448,0.876205
70.57,0,,3.7513,27.9895,-5.36646,0.489398,-7.83775,-8.82506,21.1463,-2.16104,35.3939,-22.8914,-2.47319,4.91703,16.2363,19.5458,-7.53568,-7.53568,1.09526,-1.09526,-171.347,171.347,190.165,180.68,178.912,178.91,-17.5822,-2.84601,452.632,145.514,141.112,190.924,545.872,29.7831,537.586,336.429,168.966,1070.82,310.946,-1471.23,334.959,480.471,464.838,643.548,-454.129,130.846,24.805,-34.3712,-23.4368,-0.350983,-0.573536,-0.354035,-0.783722,0.0277111,-0.620447,-0.756818,0.148995,-0.614049,-0.0214855,-0.073124,0.762186,0.0676931,-0.732416,0.290488,0.00878927,-0.697648,0.190373,0.0859437,-0.0620162,0.875491
70.58,0,,3.78621,27.9977,-5.14889,0.330149,-7.32294,-9.25532,22.2587,-1.23347,35.583,-21.6806,0.144462,5.21387,16.3789,20.2432,-7.50355,-7.50355,1.07506,-1.07506,-172.363,172.363,189.276,180.976,176.418,178.438,-17.084,-3.98278,407.231,120.618,189.937,219.713,521.983,64.9364,622.534,382.8,196.277,-245.668,906.28,2259.87,466.307,-101.561,490.227,435.036,-152.84,103.527,31.2925,-13.8275,-17.5776,-0.352738,-0.572719,-0.354447,-0.783029,0.0287479,-0.621284,-0.756458,0.154002,-0.611002,-0.0111086,-0.0563367,0.762407,0.0633576,-0.734106,0.286696,0.0160531,-0.696021,0.187327,0.0808728,-0.0637216,0.874647
70.59,0,,3.82111,27.9414,-4.893,0.122835,-6.67777,-9.57358,23.5525,0.126307,35.0095,-19.9031,0.392937,5.42453,16.2609,20.9085,-7.35895,-7.35895,1.06104,-1.06104,-173.44,173.44,187.58,181.396,176.358,177.894,-16.3258,-5.21815,323.72,54.6991,183.599,314.947,498.549,119.626,862.283,480.973,217.301,171.852,412.688,1497.52,488.777,-644.522,290.541,294.925,409.677,220.714,26.3315,-20.9388,-26.3664,-0.355126,-0.572364,-0.354515,-0.781964,0.0297868,-0.622593,-0.756043,0.158826,-0.607593,0.00170913,-0.0634819,0.762149,0.058048,-0.736191,0.282427,0.0250864,-0.694057,0.181342,0.0744666,-0.0652499,0.873701
70.6,0,,3.92733,27.9602,-4.61569,-0.0383556,-5.89564,-9.77573,25.0902,1.57884,34.4076,-18.0277,-0.982342,5.63519,15.7811,21.4826,-7.13402,-7.13402,1.04497,-1.04497,-174.533,174.533,185.811,181.963,178.044,177.317,-15.3047,-6.50283,216.794,-9.27834,150.884,335.959,461.406,152.834,1064.92,537.627,263.163,750.514,-576.129,-94.2356,262.695,-750.491,-86.9272,88.8475,757.339,18.0518,55.7159,5.531,-54.1976,-0.357747,-0.57248,-0.354268,-0.780385,0.0305196,-0.624552,-0.755414,0.1634,-0.603855,0.0123908,-0.0856369,0.760722,0.0535913,-0.737278,0.281019,0.0330821,-0.692162,0.174994,0.0667142,-0.066348,0.872778
70.61,0,,4.17317,28.1313,-4.31824,-0.148567,-4.89406,-10.1992,26.8959,3.0294,34.4391,-16.3274,-0.907222,5.85543,15.2596,22.1855,-6.87973,-6.87973,0.997974,-0.997974,-175.61,175.61,184.609,182.571,178.462,176.867,-14.4753,-7.73272,105.959,-95.2109,111.813,308.125,403.787,278.817,1285.67,685.534,290.525,389.674,-467.85,-735.84,-77.1599,-412.084,-266.59,-170.879,674.837,-59.571,-43.1226,-39.5072,-19.5307,-0.360187,-0.572966,-0.354022,0.778048,-0.0303358,0.627468,-0.754325,0.167248,-0.599896,0.0209355,-0.0943012,0.760147,0.05176,-0.736786,0.284497,0.040958,-0.689816,0.171157,0.0593276,-0.0664689,0.872031
70.62,0,,4.61932,28.2497,-3.96039,-0.311214,-3.73407,-10.807,29.0059,4.29839,34.7322,-14.8024,0.104013,5.79798,14.6594,22.9661,-6.59164,-6.59164,0.920065,-0.920065,-176.505,176.505,183.637,183.163,178.193,176.691,-13.8703,-8.69966,44.4352,-187.023,115.23,215.347,328.593,325.698,1262.19,772.972,308.612,118.632,28.3979,748.092,-236.333,165.539,-186.024,-361.816,341.352,73.7417,-154.173,-1.97536,-9.27706,-0.362143,-0.574009,-0.353659,0.774519,-0.0286271,0.631872,-0.752304,0.17042,-0.596166,0.0289934,-0.0958308,0.760238,0.0534694,-0.735571,0.290908,0.0493196,-0.687728,0.169628,0.0537126,-0.0649435,0.871732
70.63,0,,5.24909,28.2016,-3.60189,-0.551058,-2.49653,-11.4776,31.3537,5.33056,35.0032,-13.4061,0.335152,5.43411,13.7196,23.7817,-6.29636,-6.29636,0.827729,-0.827729,-177.175,177.175,182.625,183.681,178.868,176.707,-13.2079,-9.39815,5.86465,-250.974,143.059,137.212,238.268,265.145,1070.33,871.598,300.316,826.637,-1502.43,1502.87,-102.057,676.759,-3.89969,-348.136,126.955,10.7408,-110.287,11.8521,21.4837,-0.363487,-0.575476,-0.353111,0.770238,-0.0251476,0.637175,-0.749555,0.173045,-0.592503,0.0357691,-0.105476,0.759026,0.0574372,-0.734598,0.297257,0.0584132,-0.686309,0.169258,0.0498686,-0.0625647,0.871755
70.64,0,,6.0382,27.952,-3.25313,-0.692828,-1.4042,-12.2507,33.8909,6.1259,34.9118,-12.0665,2.50497,4.90745,12.9447,24.6401,-6.01769,-6.01769,0.730858,-0.730858,-177.576,177.576,181.217,184.133,177.643,176.861,-12.852,-9.79807,-14.6506,-265.134,142.085,70.3117,148.455,174.315,959.462,948.236,243.169,904.737,622.506,-1067.78,26.3616,1086.42,209.947,-219.709,26.3422,-130.846,-95.4039,70.3228,-56.1506,-0.364031,-0.577298,-0.352251,0.765401,-0.019959,0.643084,-0.746416,0.17603,-0.588698,0.048952,-0.0999793,0.758329,0.0616509,-0.733829,0.301357,0.0686705,-0.684752,0.170059,0.0474863,-0.0595715,0.872209
70.65,0,,7.01852,27.5066,-2.84527,-0.662241,-0.519767,-13.1795,36.543,6.57192,36.2825,-10.5569,4.539,4.06481,11.941,25.4154,-5.81381,-5.81381,0.676858,-0.676858,-177.648,177.648,181.258,184.741,176.567,177.213,-12.4222,-9.63646,-6.34788,-208.007,97.6504,-34.2008,82.5321,158.698,722.16,1050.29,177.262,-541.919,850.097,-165.97,3.43119,1200.21,283.682,24.3905,199.671,-221.676,-115.629,126.818,-49.3149,-0.363741,-0.579032,-0.350984,0.759926,-0.0133063,0.64963,-0.742906,0.179333,-0.584937,0.0500501,-0.0908226,0.757343,0.0641544,-0.733655,0.300873,0.080325,-0.683006,0.172613,0.0454725,-0.0541398,0.874049
70.66,0,,8.14148,26.8245,-2.3939,-0.575334,0.216157,-14.0728,39.2213,6.59758,37.7195,-8.79486,5.68603,2.84872,10.9816,25.8258,-5.67143,-5.67143,0.715606,-0.715606,-177.466,177.466,181.423,185.629,176.451,177.773,-12.1266,-8.8777,-105.959,-175.291,135.748,-14.1442,23.9463,93.7616,485.327,957.549,-18.087,-169.875,375.914,1197.22,-120.133,952.124,160.164,105.449,425.775,-54.1855,-585.017,128.793,-77.1461,-0.363115,-0.580472,-0.349077,0.754254,-0.0053714,0.656226,-0.738808,0.182627,-0.581635,0.0487098,-0.0894235,0.756162,0.0643339,-0.734712,0.294691,0.0919234,-0.68143,0.175973,0.0431532,-0.0454726,0.87759
70.67,0,,9.36156,25.9783,-1.92499,-0.500079,0.646821,-14.5263,41.9177,6.32523,38.6869,-7.13069,5.32776,1.33579,10.0985,25.8714,-5.56284,-5.56284,0.836798,-0.836798,-177.076,177.076,181.135,186.467,177.753,178.46,-11.8611,-7.98747,-120.61,-66.4049,129.392,65.9001,-84.466,17.0977,275.872,660.182,46.8921,338.432,-382.86,-40.9914,-94.2321,535.136,-44.9156,100.58,733.375,-50.7858,-1055.55,165.93,812.964,-0.362329,-0.581704,-0.346581,0.748503,0.00347914,0.662684,-0.734672,0.186781,-0.578472,0.0486483,-0.101691,0.753835,0.0634792,-0.736419,0.285168,0.101323,-0.681184,0.177376,0.0419941,-0.0360124,0.880838
70.68,0,,10.6894,25.1369,-1.39763,-0.552029,0.541218,-14.3911,44.6565,5.98183,39.8591,-7.86746,5.76693,0.4692,9.76143,25.6568,-5.52074,-5.52074,1.05651,-1.05651,-176.664,176.664,181.011,185.152,177.907,179.185,-11.7735,-7.36293,-99.128,30.775,135.748,216.302,-187.02,-53.7024,68.3434,337.917,180.663,260.332,72.7312,-527.764,26.3616,165.043,-122.08,117.668,989.755,-101.06,-1690.94,600.904,1362.75,-0.361657,-0.582313,-0.34365,0.742689,0.0130007,0.668957,-0.731779,0.193123,-0.574486,0.0491947,-0.103516,0.752692,0.0638476,-0.737849,0.275961,0.107549,-0.68204,0.175485,0.0560953,-0.0374172,0.881837
70.69,0,,12.0931,24.4747,-0.825459,-0.80741,0.061052,-13.7655,47.3912,5.78447,41.4252,-13.2979,6.10497,2.68593,9.77866,25.3537,-5.57337,-5.57337,1.3599,-1.3599,-176.417,176.417,181.217,179.587,177.759,178.399,-11.6503,-7.30815,-73.2312,75.6832,158.691,334.458,-272.965,-122.064,-42.4739,82.0054,36.6377,-112.866,91.7312,478.084,142.562,-127.461,-197.253,42.9876,982.895,-26.8671,-1370,297.489,804.175,-0.361349,-0.581942,-0.340718,0.737105,0.0229506,0.674723,-0.730695,0.201123,-0.569003,0.047733,-0.101631,0.752375,0.0656786,-0.739006,0.268818,0.11054,-0.683141,0.17048,0.0908867,-0.0704997,0.878713
70.7,0,,13.5241,24.1043,-0.217568,-1.22495,-0.62702,-12.7438,50.0635,5.86934,42.7676,-21.1757,5.66869,5.75489,9.88936,24.5221,-5.71575,-5.71575,1.71482,-1.71482,-176.324,176.324,181.135,171.687,178.039,177.394,-11.4341,-7.45059,-37.0989,96.1819,163.577,333.503,-327.171,-150.396,25.4011,-65.4491,-207.047,171.852,-46.3764,165.97,171.894,-342.76,-312.003,-47.3691,757.339,81.0527,-857.872,-175.412,674.784,-0.361291,-0.580727,-0.337974,0.73179,0.033266,0.679969,-0.731131,0.209854,-0.562173,0.0478537,-0.104375,0.751743,0.0679985,-0.74011,0.264181,0.111153,-0.684495,0.16267,0.140391,-0.116464,0.869693
70.71,0,,14.9035,23.9742,0.414353,-1.69736,-1.34974,-11.4776,52.5241,6.193,44.1006,-29.6614,5.26131,8.12004,10.0665,22.824,-5.91076,-5.91076,2.09941,-2.09941,-176.351,176.351,181.11,162.999,178.121,176.878,-11.226,-7.29171,18.5604,113.768,170.906,312.992,-359.364,-140.613,157.716,-93.7759,-342.261,87.8209,3.47312,-112.281,92.7676,-382.823,-262.22,-58.615,438.489,79.097,-1223.08,-98.7679,268.546,-0.361594,-0.578893,-0.335531,0.726879,0.0438239,0.684581,-0.732393,0.218149,-0.554956,0.0478526,-0.105166,0.751542,0.0708023,-0.740677,0.262213,0.110416,-0.686179,0.152715,0.197824,-0.162361,0.855876
70.72,0,,16.2147,23.9578,1.05537,-2.18578,-1.89426,-10.1937,54.6986,6.65086,45.3075,-38.4357,4.95216,9.9346,10.1452,20.8012,-6.11686,-6.11686,2.46464,-2.46464,-176.604,176.604,181.168,153.817,178.149,176.488,-10.8838,-7.19036,37.0989,132.324,158.195,261.736,-395.483,-157.711,186.5,-111.82,-349.114,-20.4311,14.7097,77.0816,51.7607,-164.547,-170.397,-4.38152,142.596,52.26,-1688.65,-40.6924,350.087,-0.362378,-0.576741,-0.333568,0.722223,0.0547527,0.688713,-0.733506,0.224685,-0.548619,0.0473045,-0.105291,0.751439,0.0745285,-0.740585,0.262528,0.10932,-0.687904,0.141915,0.2585,-0.20857,0.835867
70.73,0,,17.4484,23.9027,1.72301,-2.66547,-2.26222,-9.04497,56.5507,7.10083,46.1299,-49.3223,4.79614,10.8347,10.1575,18.4808,-6.26976,-6.26976,2.81956,-2.81956,-176.95,176.95,181.176,142.473,178.226,177.009,-10.5362,-7.08901,32.2226,184.083,143.059,170.413,-358.909,-180.179,61.0562,-137.689,-333.501,36.084,-11.2366,18.4907,34.6885,118.644,-96.6903,55.1585,-98.6005,7.82245,-2288.55,310.921,544.417,-0.363801,-0.574635,-0.331877,0.717585,0.0664725,0.692559,-0.733661,0.229132,-0.544447,0.04706,-0.105961,0.751311,0.0793473,-0.739761,0.264348,0.108282,-0.689369,0.131599,0.337054,-0.257216,0.803632
70.74,0,,18.6078,23.802,2.2101,-2.97377,-2.52293,-8.15577,58.1367,7.54093,46.6782,-60.075,4.83659,8.85257,10.1526,14.8082,-6.36284,-6.36284,3.02525,-3.02525,-177.214,177.214,181.201,130.94,178.275,-179.959,-10.2734,-5.55507,27.8296,223.624,176.766,89.3677,-271.486,-159.191,-130.389,-127.923,-234.873,32.2944,2.04301,16.7084,-20.0013,296.857,-24.4215,66.8912,-278.331,-75.1858,591.122,-356.355,1932.56,-0.364647,-0.5734,-0.330831,0.713114,0.0791061,0.695901,-0.732953,0.231947,-0.542268,0.0467555,-0.10639,0.751261,0.0843556,-0.738631,0.26674,0.107977,-0.690102,0.12281,0.424705,-0.291763,0.769938
70.75,0,,19.6746,23.5863,2.57509,-3.21799,-2.63349,-7.66268,59.5897,7.8942,47.1131,-65.9434,4.94349,7.58381,10.1157,11.9244,-6.38223,-6.38223,3.14232,-3.14232,-177.488,177.488,181.242,124.191,178.313,-178.454,-10.0489,-3.92525,9.26922,177.259,130.861,40.0222,-173.824,-115.243,-293.934,-191.432,-126.454,8.73266,-7.35484,20.0501,-77.1599,323.253,15.6264,23.9036,-377.481,-70.7932,3733.34,72.2981,3707.41,-0.365632,-0.572681,-0.330351,0.708956,0.0923504,0.698579,-0.732084,0.233835,-0.540792,0.0463279,-0.106634,0.751257,0.0888715,-0.737707,0.268263,0.108891,-0.690092,0.116338,0.469824,-0.314783,0.749691
70.76,0,,20.6382,23.2113,2.77383,-3.37529,-2.60213,-7.58346,60.9621,8.133,47.4849,-65.1912,5.01572,7.45933,10.0394,11.0123,-6.33458,-6.33458,3.15922,-3.15922,-177.812,177.812,181.275,124.199,178.363,-178.789,-9.81078,-3.03776,4.393,122.075,126.471,69.3566,-124.509,-77.1573,-368.628,-254.424,-55.1884,14.6643,0,4.90114,-103.019,288.591,-7.79939,-19.0353,-344.278,-96.6675,203.019,782.637,2533.13,-0.366599,-0.572543,-0.330403,0.705308,0.10572,0.700425,-0.731422,0.235181,-0.539395,0.0459607,-0.106997,0.75124,0.0927174,-0.7371,0.268203,0.111577,-0.689607,0.112127,0.466832,-0.318078,0.753292
70.77,0,,21.5214,22.7214,2.84202,-3.45297,-2.41568,-7.86894,62.2217,8.28299,47.7843,-59.0291,5.13996,9.14462,9.92872,11.8117,-6.2537,-6.2537,3.07595,-3.07595,-178.263,178.263,181.324,129.74,178.407,178.443,-9.48504,-3.00215,18.5604,38.0844,99.1198,73.7226,-160.173,-40.0301,-404.283,-268.522,-37.1014,24.8798,-6.33334,25.3968,-88.374,248.529,-45.9113,-39.0442,-188.512,-107.408,-2139.72,980.963,2362.23,-0.367462,-0.572801,-0.331021,0.702042,0.118594,0.701675,-0.730629,0.235791,-0.53848,0.045474,-0.107245,0.751267,0.0960757,-0.736743,0.266863,0.115972,-0.688815,0.109807,0.421106,-0.309894,0.775436
70.78,0,,22.3348,22.1541,2.78747,-3.49182,-2.05432,-8.40846,63.2938,8.36785,47.9355,-56.216,5.26131,11.9167,9.72945,12.4984,-6.14456,-6.14456,2.9222,-2.9222,-178.735,178.735,181.374,132.017,178.445,175.186,-9.14286,-3.19937,20.0101,13.6748,66.4044,106.923,-115.238,-20.9875,-449.724,-212.386,-34.6795,25.8684,-4.90323,8.68839,-40.0445,202.129,-82.5297,-44.9349,-17.1042,-108.401,-2623.99,180.548,1345.17,-0.368132,-0.573409,-0.331996,0.699182,0.130498,0.702417,-0.730111,0.235008,-0.538015,0.0449852,-0.107488,0.75132,0.09925,-0.736684,0.264728,0.121771,-0.688021,0.108892,0.391369,-0.318857,0.782006
70.79,0,,23.0693,21.5564,2.66212,-3.50881,-1.53785,-9.02039,64.0898,8.43298,47.8851,-55.7472,5.3711,12.4578,9.39489,12.4287,-6.00384,-6.00384,2.74536,-2.74536,-179.125,179.125,181.431,131.943,178.473,174.62,-8.85544,-2.8378,21.965,-2.93994,39.0708,95.2346,-87.4237,13.6724,-440.406,-124.496,-47.8712,32.7887,3.47312,14.7034,-20.0013,126.469,-96.6903,-18.0616,119.638,-108.401,-1172.7,436.554,126.461,-0.368622,-0.574327,-0.332974,0.696628,0.140876,0.702915,-0.730041,0.232258,-0.538192,0.0444364,-0.107612,0.751329,0.102118,-0.736859,0.262161,0.128,-0.687182,0.108528,0.38906,-0.32265,0.783187
70.8,0,,23.784,20.9587,2.45949,-3.49327,-0.856378,-9.57358,64.5533,8.50994,47.5322,-54.6858,5.53868,11.2752,8.92748,12.1712,-5.85536,-5.85536,2.54708,-2.54708,-179.422,179.422,181.513,132.419,178.5,175.691,-8.62276,-2.20778,3.90977,-7.82186,22.9432,85.9567,10.7502,16.1107,-370.137,38.0924,-12.2126,10.7099,-5.31183,1.55945,-9.74959,85.4697,-112.787,-11.2459,204.061,-99.1346,-754.835,1136.62,175.288,-0.368749,-0.575495,-0.333894,0.694246,0.149787,0.703341,-0.730016,0.22694,-0.539822,0.043703,-0.107671,0.751375,0.10468,-0.737217,0.259289,0.13404,-0.686317,0.107977,0.391566,-0.314291,0.789053
70.81,0,,24.5216,20.3575,2.22179,-3.46074,-0.186456,-9.98198,64.7408,8.57113,46.8893,-52.5322,5.77271,10.5618,8.45023,12.5655,-5.70689,-5.70689,2.3587,-2.3587,-179.686,179.686,181.604,134.039,178.522,176.015,-8.38187,-2.17491,-9.26922,12.7038,1.46936,39.5674,82.5321,12.2209,-326.674,190.397,75.182,5.93162,-4.90323,-3.34169,-23.4325,78.1406,-108.389,8.81173,275.404,-83.4897,-1030.36,1283.59,523.91,-0.368677,-0.576759,-0.334556,0.691869,0.157235,0.703894,-0.729675,0.22005,-0.543197,0.042911,-0.107674,0.751401,0.107243,-0.737519,0.256358,0.139409,-0.68557,0.106815,0.383997,-0.304219,0.796683
70.82,0,,25.2636,19.7586,1.93928,-3.42724,0.29866,-10.1992,64.6884,8.65204,46.0007,-50.1467,5.94606,11.0693,8.09845,13.601,-5.56118,-5.56118,2.1765,-2.1765,-179.96,179.96,181.686,135.938,178.561,174.927,-8.08076,-2.94189,-51.7495,28.3205,8.30276,16.6001,145.498,13.1789,-367.17,285.661,116.715,-12.6871,-6.33334,-17.154,-12.2184,151.873,-77.6343,9.29856,339.888,-22.9559,-1164.69,702.042,344.228,-0.368433,-0.578103,-0.334983,0.689601,0.163275,0.704494,-0.729303,0.212785,-0.547954,0.0421167,-0.107794,0.751386,0.109933,-0.737788,0.253498,0.143806,-0.684788,0.104681,0.368246,-0.300249,0.801437
70.83,0,,26.0376,19.1656,1.62884,-3.39034,0.481816,-10.2128,64.4264,8.73493,44.8758,-47.9364,5.96051,11.3949,7.95085,14.6472,-5.42046,-5.42046,2.00419,-2.00419,179.713,-179.713,181.76,137.631,178.583,173.889,-7.70574,-3.98278,-63.4788,58.0975,-6.35542,26.3782,182.128,34.6598,-440.927,296.396,112.799,-27.3513,2.04301,-20.4957,-41.509,189.455,-34.6547,-42.0139,343.272,11.7337,-1063.94,261.537,360.341,-0.368129,-0.579447,-0.335228,0.687298,0.168101,0.705243,-0.729367,0.205705,-0.553755,0.0414461,-0.107919,0.751341,0.11243,-0.738056,0.250495,0.146977,-0.684041,0.101504,0.354087,-0.296161,0.804676
70.84,0,,26.8434,18.5737,1.34113,-3.36364,0.356412,-10.0312,64.0273,8.78427,43.5901,-45.7467,5.78426,10.9161,8.00251,15.4816,-5.29193,-5.29193,1.86157,-1.86157,179.477,-179.477,181.802,139.292,178.61,173.593,-7.41284,-4.9141,-69.3435,72.7433,6.8334,31.7449,159.206,26.8512,-523.949,305.192,180.663,-63.9297,1.43011,-63.0465,-54.6898,216.788,-7.79939,-87.8739,338.333,27.8299,-693.014,226.376,661.113,-0.367821,-0.580664,-0.335348,0.684741,0.17146,0.70641,-0.73003,0.199171,-0.559975,0.041019,-0.108102,0.751283,0.114691,-0.738383,0.247084,0.148995,-0.683631,0.0972953,0.343525,-0.288102,0.808393
70.85,0,,27.6568,18.0182,1.07615,-3.3617,0.0528017,-9.68421,63.5316,8.82966,42.2225,-43.2479,5.36821,10.2602,8.12797,16.2944,-5.1839,-5.1839,1.76181,-1.76181,179.455,-179.455,181.81,141.232,178.682,173.455,-7.30608,-5.77968,-81.534,63.9774,27.3513,32.2451,116.205,35.1533,-535.14,310.56,213.849,-21.914,4.49463,-9.80228,-59.0834,191.88,-7.32921,-83.0055,285.649,-18.0518,-365.206,109.83,655.742,-0.367456,-0.581703,-0.335349,0.682001,0.172988,0.708004,-0.731571,0.192888,-0.565785,0.0407733,-0.108709,0.751072,0.116583,-0.738867,0.243359,0.150155,-0.683509,0.0922292,0.331074,-0.278642,0.812609
70.86,0,,28.4459,17.4896,0.837799,-3.36315,-0.282159,-9.25122,62.9149,8.85137,40.7761,-40.3317,4.80192,9.87715,8.29033,17.1341,-5.10024,-5.10024,1.67153,-1.67153,179.543,-179.543,181.785,143.591,178.769,173.005,-7.33893,-6.70005,-79.5791,38.5699,45.4085,11.7338,56.652,11.234,-477.519,343.284,208.49,-11.2042,-7.35484,-2.45057,-35.6509,166.972,-36.6184,-52.2375,192.353,-53.7042,-216.758,-231.117,324.697,-0.367151,-0.582497,-0.335593,0.679078,0.172318,0.710087,-0.733724,0.186407,-0.571244,0.040774,-0.109504,0.750841,0.11799,-0.739495,0.239153,0.150404,-0.68347,0.0866164,0.313554,-0.26979,0.817061
70.87,0,,29.2137,16.9892,0.64491,-3.40345,-0.656721,-8.74857,62.1612,8.84545,39.2352,-37.1991,4.18073,9.96333,8.47237,17.9657,-5.0465,-5.0465,1.58414,-1.58414,179.499,-179.499,181.752,146.147,178.852,171.967,-7.24038,-7.82312,-58.0974,35.6569,39.5488,-19.056,16.6088,-0.986964,-357.437,282.686,233.894,-10.7099,-6.74194,-15.5945,-20.5034,119.14,-30.2849,-41.5271,50.3064,-17.5704,-157.226,-709.154,-103.024,-0.366841,-0.5831,-0.335834,0.675881,0.169932,0.712626,-0.736013,0.179517,-0.576761,0.0408947,-0.110355,0.75057,0.119022,-0.74038,0.234504,0.150034,-0.683516,0.0808158,0.291282,-0.263265,0.821109
70.88,0,,29.9345,16.504,0.433837,-3.41608,-1.08904,-8.26095,61.214,8.83953,37.5304,-34.0305,3.56533,10.174,8.75282,18.521,-5.0188,-5.0188,1.43492,-1.43492,178.862,-178.862,181.678,148.671,178.879,170.505,-6.56698,-9.22832,-62.9956,25.3806,58.1016,-45.889,-14.6749,-19.0426,-253.438,150.365,210.448,-35.5897,-11.2366,-50.3481,-10.7538,56.6491,-56.6424,-34.6627,-46.3733,-6.8296,-66.7827,-1086.45,-534.163,-0.366476,-0.583652,-0.336201,0.672691,0.166265,0.715234,-0.738221,0.172317,-0.582751,0.0413837,-0.110967,0.750338,0.120002,-0.741131,0.229933,0.149732,-0.683593,0.0750188,0.267598,-0.257892,0.8255
70.89,0,,30.6053,16.0539,0.192889,-3.42045,-1.63355,-7.82249,60.0613,8.86716,35.6523,-30.7846,2.87769,9.59946,9.15135,18.4432,-4.99997,-4.99997,1.30384,-1.30384,178.4,-178.4,181.563,151.252,178.901,170.011,-6.05236,-9.8912,-73.2312,23.9241,56.6323,-53.7116,-59.5528,-32.2215,-156.727,21.0187,160.155,-33.283,-7.35484,-31.1891,4.39359,10.7457,-56.6424,-8.32489,-54.2394,-29.3041,-47.7019,-1200.62,-478.013,-0.366043,-0.584131,-0.336562,0.669653,0.161691,0.717691,-0.740569,0.164985,-0.589013,0.0422385,-0.111578,0.750038,0.121042,-0.741755,0.225664,0.149913,-0.683519,0.0694628,0.247997,-0.248058,0.832434
70.9,0,,31.2168,15.6133,-0.0636467,-3.44375,-2.20777,-7.48239,58.7352,8.89873,33.6355,-27.5593,2.16693,8.06738,9.62613,17.7108,-4.98612,-4.98612,1.1406,-1.1406,177.505,-177.505,181.406,153.817,178.901,170.418,-5.12438,-10.2747,-76.1746,35.1444,52.7376,-39.5674,-110.858,-56.1408,-100.563,-117.705,79.0982,25.8684,-4.90323,16.7084,13.1808,-39.5662,-83.4977,-16.6011,-35.123,-30.7483,87.0083,-771.18,265.617,-0.36569,-0.584578,-0.33694,0.666713,0.156378,0.719999,-0.74282,0.157292,-0.595477,0.0433978,-0.112187,0.749726,0.122319,-0.742337,0.221749,0.150525,-0.683283,0.0645804,0.234148,-0.232256,0.842102
70.91,0,,31.7571,15.189,-0.319533,-3.4656,-2.69619,-7.2297,57.2399,8.88295,31.5211,-24.5452,1.56019,6.86086,10.0788,16.729,-4.97504,-4.97504,0.977776,-0.977776,176.456,-176.456,181.267,156.283,178.885,170.604,-4.04312,-10.5541,-74.7029,51.7591,59.571,-25.878,-180.194,-80.0892,-92.287,-244.658,-5.3591,20.9254,-12.6667,-5.79226,14.1432,-76.1567,-91.2971,-20.9826,-52.776,-15.1334,275.908,-426.282,417.468,-0.365368,-0.584979,-0.33723,0.663804,0.149913,0.72228,-0.744479,0.148627,-0.602322,0.0445577,-0.112615,0.749486,0.124031,-0.74266,0.218458,0.15137,-0.683059,0.0606092,0.219742,-0.218338,0.851867
70.92,0,,32.2548,14.7729,-0.54944,-3.51124,-2.9932,-7.0453,55.6317,8.83558,29.2995,-21.4436,1.1557,6.38687,10.3887,15.782,-4.94844,-4.94844,0.878844,-0.878844,175.906,-175.906,181.11,158.954,178.835,170.39,-3.471,-10.4089,-79.0959,65.9194,58.1016,-13.6894,-289.061,-105.46,-124.975,-344.254,-63.9485,42.5099,1.43011,33.1941,-19.541,-95.7194,-83.4977,-5.84203,-103.54,-37.0965,157.226,-264.698,0.488266,-0.365134,-0.585362,-0.337362,0.660631,0.142283,0.724723,-0.745332,0.138434,-0.609523,0.0459004,-0.112615,0.7493,0.126226,-0.74283,0.215769,0.152412,-0.682833,0.0573758,0.200272,-0.20778,0.861213
70.93,0,,32.6949,14.3487,-0.75207,-3.55251,-2.9899,-6.96881,53.9469,8.80203,27.0307,-18.3213,0.962118,6.18579,10.4699,14.9128,-4.90468,-4.90468,0.801347,-0.801347,175.544,-175.544,180.97,161.683,178.786,170.066,-3.10967,-10.1186,-77.141,86.418,54.6849,-19.5108,-426.255,-154.286,-111.338,-423.802,-67.401,54.2084,7.35484,33.1941,-44.9402,-98.1441,-62.0079,-8.32489,-125.034,-60.0524,-1.52646,-79.4094,-165.034,-0.365008,-0.585782,-0.337479,0.657205,0.133736,0.727277,-0.745105,0.126412,-0.617106,0.047121,-0.112553,0.749236,0.128853,-0.742782,0.213636,0.154062,-0.682414,0.0547518,0.179335,-0.198136,0.870002
70.94,0,,33.0804,13.9291,-0.92028,-3.61902,-2.71434,-6.94559,52.1916,8.79216,24.7461,-15.4515,0.970785,5.91288,10.2903,14.1161,-4.85426,-4.85426,0.748171,-0.748171,175.17,-175.17,180.88,164.158,178.736,169.879,-2.73738,-9.86107,-69.8267,111.34,46.8779,-33.2002,-549.342,-181.166,-92.287,-491.709,-98.628,14.17,1.02151,2.89613,-53.2252,-110.378,-52.7427,16.1143,-128.876,-51.7485,26.3315,35.5564,-35.6434,-0.364995,-0.586189,-0.337407,0.65372,0.125129,0.729713,-0.743746,0.112615,-0.625089,0.0479746,-0.112368,0.749221,0.131905,-0.742599,0.212049,0.156258,-0.681979,0.0524317,0.160901,-0.188553,0.877755
