timestamp,packet_counter,right_thigh_q1,right_thigh_q2,right_thigh_q3,right_thigh_q4,right_calf_q1,right_calf_q2,right_calf_q3,right_calf_q4,left_thigh_q1,left_thigh_q2,left_thigh_q3,left_thigh_q4,left_calf_q1,left_calf_q2,left_calf_q3,left_calf_q4,trunk_q1,trunk_q2,trunk_q3,trunk_q4,right_foot_q0,right_foot_q1,right_foot_q2,right_foot_q3,right_pressure0,right_pressure1,right_pressure2,right_pressure3,right_pressure4,right_pressure5,right_pressure6,right_pressure7,right_pressure8,right_pressure9,right_pressure10,right_pressure11,right_pressure12,right_pressure13,right_pressure14,right_pressure15,right_pressure16,right_pressure17,right_pressure18,right_pressure19,right_pressure20,right_pressure21,right_pressure22,right_pressure23,right_pressure24,right_pressure25,right_pressure26,right_pressure27,right_pressure28,right_pressure29,right_pressure30,right_pressure31,right_pressure32,right_pressure33,right_pressure34,right_pressure35,right_pressure36,right_pressure37,right_pressure38,right_pressure39,right_pressure40,right_pressure41,right_pressure42,right_pressure43,right_pressure44,left_foot_q0,left_foot_q1,left_foot_q2,left_foot_q3,left_pressure0,left_pressure1,left_pressure2,left_pressure3,left_pressure4,left_pressure5,left_pressure6,left_pressure7,left_pressure8,left_pressure9,left_pressure10,left_pressure11,left_pressure12,left_pressure13,left_pressure14,left_pressure15,left_pressure16,left_pressure17,left_pressure18,left_pressure19,left_pressure20,left_pressure21,left_pressure22,left_pressure23,left_pressure24,left_pressure25,left_pressure26,left_pressure27,left_pressure28,left_pressure29,left_pressure30,left_pressure31,left_pressure32,left_pressure33,left_pressure34,left_pressure35,left_pressure36,left_pressure37,left_pressure38,left_pressure39,left_pressure40,left_pressure41,left_pressure42,left_pressure43,left_pressure44,right_pressure_sum,left_pressure_sum
01:09.0,3600,0.328,0.498,-0.626,-0.503,0.22,0.029,0.726,0.65,0.657,0.678,0.039,-0.327,0.012,-0.155,0.683,0.713,0.396,0.701,0.462,0.371,-0.372,0.688,0.349,0.516,0.001,0.001,0.001,0.001,0.451,0.823,0.402,0.143,0.001,0.001,0.026,0.001,0.01,0.471,0.502,0.473,0.239,0.001,0.001,0.001,0.001,0.001,0.168,0.593,0.836,0.288,0.438,0.001,0.001,0.001,0.001,0.005,0.518,0.654,0.359,0.294,0.005,0.535,0.6,0.929,0.707,0.338,0.077,0.424,0.072,0.657,0.064,-0.747,0.075,0,0,0.001,0.001,0,0,0,0,0,0,0,0,0.001,0.001,0,0.001,0,0,0.002,0.001,0.001,0.001,0.001,0,0,0,0,0,0,0.001,0.001,0,0,0,0.001,0.054,0,0,0,0,0.001,0,0.001,0.001,0,11.396,0.071
01:09.0,3601,0.328,0.496,-0.626,-0.505,0.221,0.028,0.726,0.651,0.656,0.679,0.037,-0.327,0.011,-0.146,0.688,0.711,0.396,0.703,0.462,0.369,-0.372,0.688,0.349,0.516,0.001,0.001,0.001,0.001,0.451,0.823,0.402,0.143,0.001,0.001,0.026,0.001,0.01,0.471,0.502,0.473,0.239,0.001,0.001,0.001,0.001,0.001,0.168,0.593,0.836,0.288,0.438,0.001,0.001,0.001,0.001,0.005,0.518,0.654,0.359,0.294,0.005,0.535,0.6,0.929,0.707,0.338,0.077,0.424,0.072,0.66,0.032,-0.748,0.056,0.442,0.379,0.001,0,0.001,0,0.001,0,0.531,0.565,0.081,0,0.001,0,0,0,0,0.1,0.595,0.012,0.001,0,0,0,0,0,0,0.001,0,0.001,0,0.001,0,0,0,0.01,0,0,0.001,0,0.001,0.001,0,0.001,0.001,11.396,2.728
01:09.0,3602,0.329,0.493,-0.626,-0.507,0.221,0.027,0.726,0.651,0.654,0.681,0.034,-0.326,0.01,-0.139,0.692,0.709,0.396,0.704,0.462,0.366,-0.372,0.688,0.349,0.516,0.001,0.001,0.001,0.001,0.451,0.823,0.402,0.143,0.001,0.001,0.026,0.001,0.01,0.471,0.502,0.473,0.239,0.001,0.001,0.001,0.001,0.001,0.168,0.593,0.836,0.288,0.438,0.001,0.001,0.001,0.001,0.005,0.518,0.654,0.359,0.294,0.005,0.535,0.6,0.929,0.707,0.338,0.077,0.424,0.072,0.662,0.001,-0.748,0.04,0.739,0.537,0.001,0.001,0,0,0.001,0,0.772,0.612,0.195,0,0,0,0.001,0,0,0.361,0.745,0.048,0,0.001,0,0,0,0.001,0,0.001,0.001,0.001,0.001,0.001,0,0.001,0,0,0,0,0,0,0,0.001,0,0,0.001,11.396,4.023
01:09.1,3603,0.329,0.49,-0.627,-0.508,0.221,0.025,0.725,0.652,0.653,0.683,0.029,-0.325,0.008,-0.135,0.695,0.706,0.396,0.705,0.461,0.364,-0.372,0.688,0.349,0.516,0.001,0.001,0.001,0.001,0.451,0.823,0.402,0.143,0.001,0.001,0.026,0.001,0.01,0.471,0.502,0.473,0.239,0.001,0.001,0.001,0.001,0.001,0.168,0.593,0.836,0.288,0.438,0.001,0.001,0.001,0.001,0.005,0.518,0.654,0.359,0.294,0.005,0.535,0.6,0.929,0.707,0.338,0.077,0.424,0.072,0.665,0.008,-0.744,0.063,0.75,0.597,0,0,0.001,0.001,0.001,0,0.83,0.683,0.322,0,0,0,0.001,0.001,0.001,0.512,0.792,0.056,0,0.001,0.001,0,0,0.001,0,0.056,0.001,0.001,0,0.001,0,0,0,0.001,0,0,0,0,0,0,0.001,0.001,0,11.396,4.613
01:09.1,3604,0.33,0.488,-0.627,-0.509,0.221,0.023,0.725,0.652,0.652,0.686,0.024,-0.322,0.006,-0.135,0.697,0.704,0.395,0.707,0.461,0.363,-0.372,0.688,0.349,0.516,0.001,0.001,0.001,0.001,0.451,0.823,0.402,0.143,0.001,0.001,0.026,0.001,0.01,0.471,0.502,0.473,0.239,0.001,0.001,0.001,0.001,0.001,0.168,0.593,0.836,0.288,0.438,0.001,0.001,0.001,0.001,0.005,0.518,0.654,0.359,0.294,0.005,0.535,0.6,0.929,0.707,0.338,0.077,0.424,0.072,0.664,0.013,-0.741,0.095,0.751,0.614,0.001,0,0.001,0,0.001,0.001,0.835,0.723,0.475,0,0.001,0.001,0,0,0,0.603,0.814,0.21,0,0,0.001,0,0.001,0.001,0,0.175,0.001,0,0.001,0.001,0.001,0,0,0,0.001,0,0.001,0,0.001,0.001,0,0,0,11.396,5.217
01:09.1,3605,0.332,0.485,-0.628,-0.51,0.221,0.02,0.724,0.653,0.652,0.688,0.018,-0.319,0.004,-0.139,0.696,0.704,0.394,0.708,0.461,0.361,-0.37,0.694,0.315,0.531,0.001,0.001,0.001,0.001,0.338,0.781,0.402,0.143,0.001,0.001,0.017,0.001,0.007,0.433,0.495,0.468,0.239,0.001,0.001,0.001,0.001,0.001,0.136,0.587,0.836,0.293,0.437,0.001,0.001,0.001,0.001,0.004,0.51,0.653,0.363,0.297,0.004,0.534,0.607,0.938,0.723,0.352,0.078,0.43,0.073,0.663,0.014,-0.739,0.12,0.761,0.601,0.002,0.001,0.001,0,0.001,0,0.846,0.757,0.576,0.001,0.001,0.001,0.001,0,0,0.63,0.829,0.394,0.001,0,0.001,0.001,0,0,0,0.269,0,0.001,0.001,0.001,0,0.001,0,0.001,0.001,0,0,0,0,0,0.001,0,0.001,11.194,5.683
01:09.1,3606,0.335,0.482,-0.628,-0.51,0.222,0.018,0.723,0.654,0.653,0.689,0.013,-0.315,0.004,-0.139,0.693,0.707,0.392,0.71,0.462,0.36,-0.368,0.698,0.298,0.537,0.001,0.001,0.001,0.001,0.024,0.189,0.232,0.066,0.001,0.001,0.009,0.001,0.001,0.078,0.322,0.387,0.266,0,0.001,0.004,0.001,0.001,0.001,0.502,0.797,0.325,0.419,0.001,0.001,0.001,0.001,0.001,0.567,0.673,0.365,0.277,0.001,0.695,0.737,0.978,0.844,0.525,0.133,0.463,0.166,0.66,0.011,-0.737,0.143,0.774,0.604,0.057,0,0,0,0,0.001,0.832,0.773,0.659,0.001,0,0.001,0.001,0,0,0.676,0.835,0.543,0,0,0.001,0,0,0,0,0.343,0.007,0,0.001,0.001,0.001,0.001,0,0,0,0,0.001,0,0.001,0.001,0,0,0,10.061,6.115
01:09.1,3607,0.339,0.479,-0.628,-0.51,0.222,0.015,0.722,0.655,0.653,0.689,0.012,-0.313,0.007,-0.134,0.69,0.711,0.389,0.711,0.463,0.36,-0.363,0.705,0.28,0.541,0.001,0.001,0.001,0,0.002,0.149,0.195,0.049,0.001,0.001,0.022,0.001,0.001,0.105,0.269,0.371,0.286,0.001,0.001,0.005,0.001,0.001,0.001,0.453,0.785,0.325,0.403,0.001,0.001,0.001,0.001,0.009,0.564,0.678,0.368,0.258,0.001,0.742,0.764,0.969,0.85,0.576,0.138,0.455,0.175,0.657,0.01,-0.737,0.155,0.791,0.614,0.145,0,0.001,0,0.001,0,0.845,0.773,0.73,0,0,0,0,0.001,0.001,0.691,0.844,0.626,0.001,0,0,0,0,0,0,0.389,0.026,0.001,0,0,0.001,0.001,0,0,0.001,0,0.001,0,0.001,0.001,0,0,0.001,9.982,6.487
01:09.1,3608,0.343,0.476,-0.628,-0.51,0.222,0.013,0.721,0.656,0.653,0.69,0.013,-0.313,0.009,-0.126,0.689,0.714,0.386,0.711,0.464,0.36,-0.354,0.715,0.258,0.544,0.001,0.001,0.001,0.001,0.001,0.072,0.162,0.027,0.001,0.001,0.026,0.001,0.001,0.105,0.223,0.349,0.294,0.001,0.001,0.004,0.001,0.001,0.034,0.396,0.769,0.317,0.375,0.001,0.001,0.001,0.001,0.022,0.556,0.683,0.361,0.237,0.001,0.779,0.79,0.969,0.862,0.604,0.144,0.449,0.17,0.654,0.013,-0.737,0.169,0.806,0.623,0.222,0,0.001,0.001,0,0.001,0.841,0.779,0.767,0,0.001,0.001,0,0,0.001,0.68,0.841,0.661,0,0.001,0,0.001,0,0.001,0,0.402,0.042,0.001,0,0,0,0,0,0.001,0,0,0,0.001,0.001,0.001,0.001,0,0,9.797,6.679
01:09.1,3609,0.348,0.473,-0.628,-0.51,0.223,0.011,0.721,0.656,0.652,0.69,0.017,-0.314,0.007,-0.117,0.69,0.714,0.384,0.711,0.465,0.361,-0.344,0.73,0.224,0.547,0.001,0.001,0.001,0.001,0.001,0.043,0.127,0.016,0.001,0.001,0.021,0.001,0.001,0.112,0.193,0.303,0.306,0.001,0.001,0.002,0.001,0.001,0.028,0.352,0.741,0.306,0.332,0.001,0.002,0.001,0.001,0.029,0.518,0.691,0.363,0.203,0.001,0.806,0.829,0.951,0.885,0.659,0.149,0.44,0.153,0.654,0.013,-0.737,0.169,0.806,0.623,0.222,0,0.001,0.001,0,0.001,0.841,0.779,0.767,0,0.001,0.001,0,0,0.001,0.68,0.841,0.661,0,0.001,0,0.001,0,0.001,0,0.402,0.042,0.001,0,0,0,0,0,0.001,0,0,0,0.001,0.001,0.001,0.001,0,0,9.577,6.679
01:09.1,3610,0.354,0.47,-0.627,-0.51,0.225,0.009,0.719,0.657,0.65,0.691,0.02,-0.316,0,-0.108,0.692,0.713,0.383,0.71,0.467,0.363,-0.337,0.739,0.199,0.548,0.001,0.001,0.001,0.001,0.001,0.012,0.088,0.009,0.001,0,0.015,0.001,0.001,0.095,0.175,0.282,0.308,0.001,0.001,0.005,0.001,0.001,0.033,0.31,0.691,0.295,0.28,0.001,0.002,0.001,0.001,0.043,0.48,0.68,0.361,0.177,0.001,0.816,0.868,0.941,0.896,0.709,0.137,0.42,0.148,0.654,0.013,-0.737,0.169,0.806,0.623,0.222,0,0.001,0.001,0,0.001,0.841,0.779,0.767,0,0.001,0.001,0,0,0.001,0.68,0.841,0.661,0,0.001,0,0.001,0,0.001,0,0.402,0.042,0.001,0,0,0,0,0,0.001,0,0,0,0.001,0.001,0.001,0.001,0,0,9.292,6.679
01:09.1,3611,0.36,0.465,-0.627,-0.511,0.228,0.009,0.718,0.657,0.65,0.69,0.022,-0.317,-0.008,-0.1,0.694,0.713,0.382,0.708,0.469,0.364,-0.328,0.754,0.159,0.546,0,0.001,0.001,0.001,0.001,0.006,0.063,0.005,0.001,0.001,0.012,0.001,0,0.077,0.164,0.249,0.293,0.001,0.001,0.006,0.001,0.001,0.042,0.293,0.654,0.253,0.237,0.001,0.002,0.001,0.001,0.05,0.437,0.626,0.354,0.145,0.001,0.784,0.91,0.957,0.915,0.753,0.128,0.41,0.145,0.654,0.013,-0.737,0.169,0.806,0.623,0.222,0,0.001,0.001,0,0.001,0.841,0.779,0.767,0,0.001,0.001,0,0,0.001,0.68,0.841,0.661,0,0.001,0,0.001,0,0.001,0,0.402,0.042,0.001,0,0,0,0,0,0.001,0,0,0,0.001,0.001,0.001,0.001,0,0,8.985,6.679
01:09.1,3612,0.367,0.46,-0.625,-0.512,0.232,0.01,0.717,0.657,0.653,0.689,0.021,-0.313,-0.015,-0.093,0.695,0.713,0.382,0.707,0.47,0.364,-0.328,0.754,0.159,0.546,0,0.001,0.001,0.001,0.001,0.006,0.063,0.005,0.001,0.001,0.012,0.001,0,0.077,0.164,0.249,0.293,0.001,0.001,0.006,0.001,0.001,0.042,0.293,0.654,0.253,0.237,0.001,0.002,0.001,0.001,0.05,0.437,0.626,0.354,0.145,0.001,0.784,0.91,0.957,0.915,0.753,0.128,0.41,0.145,0.654,0.013,-0.737,0.169,0.806,0.623,0.222,0,0.001,0.001,0,0.001,0.841,0.779,0.767,0,0.001,0.001,0,0,0.001,0.68,0.841,0.661,0,0.001,0,0.001,0,0.001,0,0.402,0.042,0.001,0,0,0,0,0,0.001,0,0,0,0.001,0.001,0.001,0.001,0,0,8.985,6.679
01:09.2,3613,0.374,0.454,-0.624,-0.514,0.236,0.012,0.716,0.656,0.659,0.689,0.014,-0.301,-0.018,-0.087,0.695,0.713,0.383,0.706,0.472,0.363,-0.328,0.754,0.159,0.546,0,0.001,0.001,0.001,0.001,0.006,0.063,0.005,0.001,0.001,0.012,0.001,0,0.077,0.164,0.249,0.293,0.001,0.001,0.006,0.001,0.001,0.042,0.293,0.654,0.253,0.237,0.001,0.002,0.001,0.001,0.05,0.437,0.626,0.354,0.145,0.001,0.784,0.91,0.957,0.915,0.753,0.128,0.41,0.145,0.654,0.013,-0.737,0.169,0.806,0.623,0.222,0,0.001,0.001,0,0.001,0.841,0.779,0.767,0,0.001,0.001,0,0,0.001,0.68,0.841,0.661,0,0.001,0,0.001,0,0.001,0,0.402,0.042,0.001,0,0,0,0,0,0.001,0,0,0,0.001,0.001,0.001,0.001,0,0,8.985,6.679
01:09.2,3614,0.382,0.447,-0.622,-0.517,0.24,0.016,0.716,0.655,0.667,0.689,0.003,-0.283,-0.018,-0.083,0.696,0.713,0.385,0.705,0.474,0.36,-0.328,0.754,0.159,0.546,0,0.001,0.001,0.001,0.001,0.006,0.063,0.005,0.001,0.001,0.012,0.001,0,0.077,0.164,0.249,0.293,0.001,0.001,0.006,0.001,0.001,0.042,0.293,0.654,0.253,0.237,0.001,0.002,0.001,0.001,0.05,0.437,0.626,0.354,0.145,0.001,0.784,0.91,0.957,0.915,0.753,0.128,0.41,0.145,0.654,0.013,-0.737,0.169,0.806,0.623,0.222,0,0.001,0.001,0,0.001,0.841,0.779,0.767,0,0.001,0.001,0,0,0.001,0.68,0.841,0.661,0,0.001,0,0.001,0,0.001,0,0.402,0.042,0.001,0,0,0,0,0,0.001,0,0,0,0.001,0.001,0.001,0.001,0,0,8.985,6.679
01:09.2,3615,0.389,0.438,-0.62,-0.521,0.245,0.02,0.717,0.652,0.674,0.692,-0.006,-0.258,-0.016,-0.079,0.699,0.711,0.387,0.704,0.476,0.357,-0.328,0.754,0.159,0.546,0,0.001,0.001,0.001,0.001,0.006,0.063,0.005,0.001,0.001,0.012,0.001,0,0.077,0.164,0.249,0.293,0.001,0.001,0.006,0.001,0.001,0.042,0.293,0.654,0.253,0.237,0.001,0.002,0.001,0.001,0.05,0.437,0.626,0.354,0.145,0.001,0.784,0.91,0.957,0.915,0.753,0.128,0.41,0.145,0.625,0.02,-0.75,0.216,0.814,0.63,0.27,0,0,0,0,0.001,0.838,0.789,0.784,0,0,0.001,0,0,0,0.673,0.84,0.678,0,0,0,0,0.001,0.001,0.001,0.408,0.076,0,0,0.001,0,0,0,0.001,0.001,0,0,0.001,0,0,0.001,0,0,8.985,6.81
01:09.2,3616,0.398,0.429,-0.618,-0.526,0.25,0.023,0.719,0.648,0.677,0.698,-0.009,-0.234,-0.013,-0.074,0.704,0.706,0.388,0.705,0.479,0.351,-0.328,0.754,0.159,0.546,0,0.001,0.001,0.001,0.001,0.006,0.063,0.005,0.001,0.001,0.012,0.001,0,0.077,0.164,0.249,0.293,0.001,0.001,0.006,0.001,0.001,0.042,0.293,0.654,0.253,0.237,0.001,0.002,0.001,0.001,0.05,0.437,0.626,0.354,0.145,0.001,0.784,0.91,0.957,0.915,0.753,0.128,0.41,0.145,0.627,0.014,-0.749,0.212,0.945,0.713,0.691,0.297,0.486,0.254,0.042,0,0.795,0.75,0.822,0.481,0.042,0.19,0.275,0,0,0.678,0.875,0.781,0.175,0.002,0.004,0.004,0.001,0,0,0.498,0.316,0.004,0.001,0.001,0.001,0,0,0.001,0,0,0,0,0.001,0.001,0,0,0.001,8.985,10.128
01:09.2,3617,0.406,0.418,-0.616,-0.53,0.256,0.024,0.721,0.643,0.672,0.707,-0.005,-0.221,-0.01,-0.068,0.71,0.701,0.388,0.706,0.481,0.344,-0.328,0.754,0.159,0.546,0,0.001,0.001,0.001,0.001,0.006,0.063,0.005,0.001,0.001,0.012,0.001,0,0.077,0.164,0.249,0.293,0.001,0.001,0.006,0.001,0.001,0.042,0.293,0.654,0.253,0.237,0.001,0.002,0.001,0.001,0.05,0.437,0.626,0.354,0.145,0.001,0.784,0.91,0.957,0.915,0.753,0.128,0.41,0.145,0.63,0.009,-0.748,0.208,0.95,0.708,0.692,0.33,0.499,0.249,0.039,0.001,0.797,0.741,0.821,0.512,0.051,0.198,0.303,0,0,0.694,0.873,0.785,0.193,0.002,0.004,0.004,0,0,0.001,0.519,0.335,0.004,0.001,0.001,0.001,0,0.001,0.001,0,0,0.001,0,0,0,0.001,0,0.001,8.985,10.313
01:09.2,3618,0.414,0.407,-0.615,-0.533,0.263,0.023,0.723,0.638,0.665,0.714,0,-0.218,-0.011,-0.062,0.717,0.694,0.386,0.709,0.484,0.337,-0.328,0.754,0.159,0.546,0,0.001,0.001,0.001,0.001,0.006,0.063,0.005,0.001,0.001,0.012,0.001,0,0.077,0.164,0.249,0.293,0.001,0.001,0.006,0.001,0.001,0.042,0.293,0.654,0.253,0.237,0.001,0.002,0.001,0.001,0.05,0.437,0.626,0.354,0.145,0.001,0.784,0.91,0.957,0.915,0.753,0.128,0.41,0.145,0.63,0.009,-0.748,0.208,0.95,0.708,0.692,0.33,0.499,0.249,0.039,0.001,0.797,0.741,0.821,0.512,0.051,0.198,0.303,0,0,0.694,0.873,0.785,0.193,0.002,0.004,0.004,0,0,0.001,0.519,0.335,0.004,0.001,0.001,0.001,0,0.001,0.001,0,0,0.001,0,0,0,0.001,0,0.001,8.985,10.313
01:09.2,3619,0.422,0.396,-0.616,-0.535,0.27,0.021,0.724,0.634,0.659,0.719,0.002,-0.222,-0.017,-0.057,0.724,0.688,0.384,0.712,0.486,0.331,-0.459,0.79,0.039,0.405,0.001,0.001,0.001,0.001,0.001,0.001,0.062,0.002,0.001,0.001,0.004,0.001,0.001,0.056,0.149,0.22,0.272,0.001,0.001,0.009,0.001,0.001,0.059,0.274,0.573,0.219,0.171,0.001,0.001,0.001,0.001,0.035,0.414,0.582,0.316,0.123,0.002,0.73,0.877,0.969,0.945,0.772,0.126,0.41,0.151,0.63,0.009,-0.748,0.208,0.95,0.708,0.692,0.33,0.499,0.249,0.039,0.001,0.797,0.741,0.821,0.512,0.051,0.198,0.303,0,0,0.694,0.873,0.785,0.193,0.002,0.004,0.004,0,0,0.001,0.519,0.335,0.004,0.001,0.001,0.001,0,0.001,0.001,0,0,0.001,0,0,0,0.001,0,0.001,8.54,10.313
01:09.2,3620,0.429,0.386,-0.617,-0.535,0.277,0.018,0.724,0.631,0.655,0.72,0.002,-0.229,-0.027,-0.052,0.729,0.682,0.381,0.715,0.487,0.325,-0.489,0.786,0.034,0.377,0.001,0.001,0.001,0.001,0.001,0.001,0.021,0.001,0.001,0.001,0.001,0.016,0.001,0.001,0.026,0.002,0.001,0.001,0.001,0.001,0.001,0.001,0.001,0.027,0.132,0.04,0.009,0.001,0.001,0.001,0.001,0.001,0.093,0.11,0.094,0.001,0.001,0.171,0.063,0.071,0.199,0.001,0.001,0.001,0.001,0.63,0.009,-0.748,0.208,0.95,0.708,0.692,0.33,0.499,0.249,0.039,0.001,0.797,0.741,0.821,0.512,0.051,0.198,0.303,0,0,0.694,0.873,0.785,0.193,0.002,0.004,0.004,0,0,0.001,0.519,0.335,0.004,0.001,0.001,0.001,0,0.001,0.001,0,0,0.001,0,0,0,0.001,0,0.001,1.104,10.313
01:09.2,3621,0.435,0.376,-0.62,-0.534,0.281,0.014,0.724,0.63,0.652,0.721,0,-0.236,-0.038,-0.047,0.732,0.678,0.38,0.718,0.488,0.32,-0.512,0.78,0.027,0.357,0,0.001,0.001,0.001,0.001,0.001,0.001,0.001,0.001,0.001,0.001,0.01,0.001,0.001,0.001,0.001,0.001,0,0.001,0.001,0.001,0.001,0.001,0.011,0.067,0.001,0.001,0.001,0.001,0.001,0.001,0.001,0.028,0.038,0.055,0.001,0.001,0.082,0.039,0.001,0,0.001,0.001,0.001,0.001,0.63,0.009,-0.748,0.208,0.95,0.708,0.692,0.33,0.499,0.249,0.039,0.001,0.797,0.741,0.821,0.512,0.051,0.198,0.303,0,0,0.694,0.873,0.785,0.193,0.002,0.004,0.004,0,0,0.001,0.519,0.335,0.004,0.001,0.001,0.001,0,0.001,0.001,0,0,0.001,0,0,0,0.001,0,0.001,0.364,10.313
01:09.2,3622,0.44,0.368,-0.622,-0.533,0.284,0.01,0.725,0.628,0.65,0.722,-0.004,-0.239,-0.045,-0.043,0.735,0.675,0.38,0.719,0.488,0.316,-0.531,0.774,0.018,0.346,0.001,0.001,0.001,0.001,0.001,0.001,0.001,0.001,0.001,0.001,0.001,0.004,0.001,0.001,0.001,0.001,0.001,0,0.001,0.001,0.001,0.001,0.001,0.001,0.055,0.001,0.001,0.001,0.001,0.001,0.001,0.001,0.007,0.009,0.013,0.001,0.001,0.009,0.017,0.001,0.001,0.001,0.001,0.001,0.001,0.63,0.009,-0.748,0.208,0.95,0.708,0.692,0.33,0.499,0.249,0.039,0.001,0.797,0.741,0.821,0.512,0.051,0.198,0.303,0,0,0.694,0.873,0.785,0.193,0.002,0.004,0.004,0,0,0.001,0.519,0.335,0.004,0.001,0.001,0.001,0,0.001,0.001,0,0,0.001,0,0,0,0.001,0,0.001,0.151,10.313
01:09.3,3623,0.445,0.361,-0.624,-0.532,0.285,0.003,0.727,0.625,0.649,0.723,-0.01,-0.237,-0.048,-0.041,0.737,0.673,0.381,0.719,0.489,0.313,-0.547,0.762,0.005,0.346,0.001,0.001,0.001,0.001,0.001,0.001,0,0.001,0.001,0.001,0.001,0.001,0.001,0.001,0.001,0.001,0.001,0.001,0.001,0.001,0.001,0.001,0.001,0.001,0.024,0.001,0.001,0.001,0.001,0.001,0.001,0.001,0.001,0.001,0.001,0.001,0.001,0.001,0.001,0.001,0.001,0.001,0.001,0.001,0.001,0.63,0.009,-0.748,0.208,0.95,0.708,0.692,0.33,0.499,0.249,0.039,0.001,0.797,0.741,0.821,0.512,0.051,0.198,0.303,0,0,0.694,0.873,0.785,0.193,0.002,0.004,0.004,0,0,0.001,0.519,0.335,0.004,0.001,0.001,0.001,0,0.001,0.001,0,0,0.001,0,0,0,0.001,0,0.001,0.067,10.313
01:09.3,3624,0.45,0.354,-0.625,-0.531,0.289,-0.007,0.73,0.62,0.649,0.724,-0.018,-0.231,-0.049,-0.037,0.739,0.671,0.384,0.719,0.489,0.31,-0.56,0.754,-0.006,0.344,0.001,0.001,0.001,0.001,0.001,0.001,0.001,0.001,0.001,0.001,0.001,0.001,0.001,0.001,0.001,0.001,0.001,0.001,0.001,0.002,0.001,0,0.001,0.001,0.026,0.001,0.001,0.001,0.001,0.001,0.001,0,0.001,0.001,0.001,0.001,0.001,0.001,0.001,0.001,0.001,0.001,0.001,0.001,0.001,0.646,-0.006,-0.742,0.177,0.95,0.707,0.692,0.335,0.509,0.249,0.038,0,0.799,0.74,0.819,0.52,0.054,0.204,0.304,0,0.001,0.7,0.873,0.788,0.19,0.002,0.004,0.004,0.001,0,0,0.521,0.339,0.005,0.001,0.001,0.001,0,0,0.001,0.001,0,0.001,0,0,0.001,0,0.001,0.001,0.069,10.357
01:09.3,3625,0.455,0.348,-0.625,-0.53,0.295,-0.017,0.733,0.613,0.649,0.727,-0.025,-0.223,-0.048,-0.033,0.74,0.67,0.387,0.718,0.49,0.307,-0.58,0.757,-0.01,0.3,0.001,0.001,0.001,0.001,0.001,0,0.001,0.001,0.001,0.001,0.001,0.001,0.001,0.001,0.001,0.001,0.001,0.001,0.001,0.001,0.001,0.001,0.001,0.001,0.018,0.001,0,0.001,0.001,0.001,0.001,0.001,0.001,0.001,0.001,0.001,0.001,0,0.001,0.001,0.001,0.001,0.001,0,0.001,0.648,-0.008,-0.741,0.173,0.922,0.7,0.684,0.41,0.643,0.35,0.021,0.001,0.785,0.72,0.8,0.602,0.145,0.27,0.426,0.001,0,0.748,0.872,0.808,0.328,0.011,0.007,0.158,0.001,0,0,0.556,0.392,0.038,0.002,0.002,0.004,0,0,0.001,0.001,0,0.001,0,0,0,0,0.001,0.07,0.058,11.481
01:09.3,3626,0.461,0.342,-0.624,-0.53,0.302,-0.026,0.735,0.607,0.649,0.729,-0.032,-0.214,-0.048,-0.027,0.742,0.668,0.391,0.717,0.49,0.304,-0.587,0.769,0.005,0.254,0.001,0.001,0.001,0.001,0.001,0.001,0.001,0.001,0.001,0.001,0.001,0.001,0.001,0.001,0.001,0.001,0.001,0.001,0.001,0.001,0.001,0.001,0.001,0.001,0.02,0.001,0.001,0.001,0.001,0.001,0.001,0.001,0.001,0.001,0.001,0.001,0.001,0.001,0.001,0.001,0.001,0.001,0.001,0.001,0.001,0.65,-0.009,-0.741,0.169,0.926,0.702,0.692,0.438,0.674,0.359,0.031,0,0.778,0.72,0.8,0.611,0.158,0.277,0.437,0.001,0,0.746,0.872,0.801,0.338,0.015,0.007,0.165,0.021,0.001,0,0.554,0.391,0.038,0.002,0.002,0.002,0.001,0,0.001,0.001,0.001,0,0,0.001,0,0,0,0.082,0.064,11.646
01:09.3,3627,0.467,0.337,-0.622,-0.53,0.31,-0.033,0.735,0.602,0.65,0.731,-0.039,-0.206,-0.048,-0.02,0.743,0.667,0.394,0.717,0.49,0.301,-0.572,0.785,0.043,0.234,0.001,0.001,0.001,0.001,0.001,0.001,0.001,0.001,0.001,0.001,0.001,0.001,0.001,0.001,0.001,0.001,0.001,0.001,0.001,0.001,0.001,0.001,0.001,0.001,0.02,0.001,0.001,0.001,0.001,0.001,0.001,0.001,0.001,0.001,0.001,0.001,0.001,0,0.001,0.001,0.001,0.001,0.001,0.001,0.001,0.651,-0.007,-0.74,0.169,0.927,0.705,0.7,0.455,0.681,0.353,0.034,0,0.77,0.72,0.806,0.613,0.168,0.284,0.463,0.001,0.001,0.744,0.872,0.806,0.336,0.021,0.009,0.172,0.045,0,0,0.549,0.385,0.042,0.002,0.002,0.004,0.001,0.001,0.006,0,0,0.001,0,0,0,0,0.001,0.088,0.063,11.768
01:09.3,3628,0.473,0.332,-0.621,-0.53,0.318,-0.039,0.735,0.598,0.649,0.733,-0.045,-0.199,-0.05,-0.012,0.745,0.665,0.397,0.716,0.49,0.299,-0.572,0.785,0.043,0.234,0.001,0.001,0.001,0.001,0.001,0.001,0.001,0.001,0.001,0.001,0.001,0.001,0.001,0.001,0.001,0.001,0.001,0.001,0.001,0.001,0.001,0.001,0.001,0.001,0.02,0.001,0.001,0.001,0.001,0.001,0.001,0.001,0.001,0.001,0.001,0.001,0.001,0,0.001,0.001,0.001,0.001,0.001,0.001,0.001,0.651,-0.004,-0.74,0.168,0.938,0.708,0.706,0.475,0.705,0.37,0.078,0,0.766,0.72,0.803,0.62,0.177,0.281,0.473,0,0,0.728,0.873,0.801,0.336,0.023,0.007,0.183,0.071,0.001,0,0.543,0.38,0.042,0.002,0.006,0.004,0,0,0.01,0.001,0,0,0,0,0.001,0.001,0,0.084,0.063,11.917
01:09.3,3629,0.48,0.327,-0.619,-0.529,0.327,-0.043,0.736,0.592,0.649,0.734,-0.051,-0.192,-0.053,-0.005,0.747,0.663,0.4,0.716,0.489,0.297,-0.572,0.785,0.043,0.234,0.001,0.001,0.001,0.001,0.001,0.001,0.001,0.001,0.001,0.001,0.001,0.001,0.001,0.001,0.001,0.001,0.001,0.001,0.001,0.001,0.001,0.001,0.001,0.001,0.02,0.001,0.001,0.001,0.001,0.001,0.001,0.001,0.001,0.001,0.001,0.001,0.001,0,0.001,0.001,0.001,0.001,0.001,0.001,0.001,0.652,-0.004,-0.74,0.166,0.941,0.714,0.712,0.488,0.742,0.385,0.099,0,0.766,0.72,0.807,0.628,0.175,0.294,0.498,0.001,0.001,0.709,0.875,0.8,0.336,0.024,0.015,0.183,0.103,0,0,0.534,0.369,0.04,0.002,0.01,0.004,0,0,0.023,0.001,0.001,0,0.001,0,0.001,0,0,0.076,0.063,12.078
01:09.3,3630,0.486,0.323,-0.617,-0.528,0.334,-0.045,0.736,0.587,0.649,0.736,-0.057,-0.185,-0.058,0.002,0.749,0.66,0.403,0.716,0.488,0.295,-0.572,0.785,0.043,0.234,0.001,0.001,0.001,0.001,0.001,0.001,0.001,0.001,0.001,0.001,0.001,0.001,0.001,0.001,0.001,0.001,0.001,0.001,0.001,0.001,0.001,0.001,0.001,0.001,0.02,0.001,0.001,0.001,0.001,0.001,0.001,0.001,0.001,0.001,0.001,0.001,0.001,0,0.001,0.001,0.001,0.001,0.001,0.001,0.001,0.652,-0.003,-0.74,0.164,0.946,0.717,0.719,0.501,0.773,0.427,0.111,0,0.762,0.723,0.811,0.631,0.186,0.293,0.513,0,0.001,0.696,0.878,0.796,0.328,0.026,0.043,0.2,0.138,0.001,0.001,0.52,0.355,0.039,0.002,0.009,0.004,0,0.001,0.033,0,0,0,0,0,0,0,0,0.072,0.063,12.256
01:09.3,3631,0.492,0.319,-0.616,-0.526,0.34,-0.045,0.736,0.583,0.649,0.737,-0.063,-0.176,-0.064,0.006,0.752,0.656,0.405,0.716,0.487,0.294,-0.572,0.785,0.043,0.234,0.001,0.001,0.001,0.001,0.001,0.001,0.001,0.001,0.001,0.001,0.001,0.001,0.001,0.001,0.001,0.001,0.001,0.001,0.001,0.001,0.001,0.001,0.001,0.001,0.02,0.001,0.001,0.001,0.001,0.001,0.001,0.001,0.001,0.001,0.001,0.001,0.001,0,0.001,0.001,0.001,0.001,0.001,0.001,0.001,0.652,-0.003,-0.74,0.164,0.946,0.717,0.719,0.501,0.773,0.427,0.111,0,0.762,0.723,0.811,0.631,0.186,0.293,0.513,0,0.001,0.696,0.878,0.796,0.328,0.026,0.043,0.2,0.138,0.001,0.001,0.52,0.355,0.039,0.002,0.009,0.004,0,0.001,0.033,0,0,0,0,0,0,0,0,0.072,0.063,12.256
01:09.3,3632,0.497,0.314,-0.615,-0.525,0.344,-0.045,0.736,0.581,0.649,0.739,-0.07,-0.167,-0.071,0.009,0.754,0.653,0.406,0.716,0.486,0.293,-0.572,0.785,0.043,0.234,0.001,0.001,0.001,0.001,0.001,0.001,0.001,0.001,0.001,0.001,0.001,0.001,0.001,0.001,0.001,0.001,0.001,0.001,0.001,0.001,0.001,0.001,0.001,0.001,0.02,0.001,0.001,0.001,0.001,0.001,0.001,0.001,0.001,0.001,0.001,0.001,0.001,0,0.001,0.001,0.001,0.001,0.001,0.001,0.001,0.652,-0.003,-0.74,0.164,0.946,0.717,0.719,0.501,0.773,0.427,0.111,0,0.762,0.723,0.811,0.631,0.186,0.293,0.513,0,0.001,0.696,0.878,0.796,0.328,0.026,0.043,0.2,0.138,0.001,0.001,0.52,0.355,0.039,0.002,0.009,0.004,0,0.001,0.033,0,0,0,0,0,0,0,0,0.072,0.063,12.256
01:09.4,3633,0.503,0.31,-0.613,-0.524,0.348,-0.044,0.736,0.579,0.648,0.742,-0.076,-0.156,-0.078,0.011,0.756,0.65,0.406,0.717,0.485,0.292,-0.572,0.785,0.043,0.234,0.001,0.001,0.001,0.001,0.001,0.001,0.001,0.001,0.001,0.001,0.001,0.001,0.001,0.001,0.001,0.001,0.001,0.001,0.001,0.001,0.001,0.001,0.001,0.001,0.02,0.001,0.001,0.001,0.001,0.001,0.001,0.001,0.001,0.001,0.001,0.001,0.001,0,0.001,0.001,0.001,0.001,0.001,0.001,0.001,0.652,-0.003,-0.74,0.164,0.946,0.717,0.719,0.501,0.773,0.427,0.111,0,0.762,0.723,0.811,0.631,0.186,0.293,0.513,0,0.001,0.696,0.878,0.796,0.328,0.026,0.043,0.2,0.138,0.001,0.001,0.52,0.355,0.039,0.002,0.009,0.004,0,0.001,0.033,0,0,0,0,0,0,0,0,0.072,0.063,12.256
01:09.4,3634,0.509,0.306,-0.612,-0.522,0.352,-0.043,0.735,0.578,0.647,0.744,-0.082,-0.144,-0.084,0.011,0.758,0.647,0.406,0.717,0.485,0.292,-0.44,0.807,0.102,0.38,0.001,0.001,0.001,0.001,0.001,0.001,0.001,0.001,0.001,0.001,0.001,0.001,0.001,0.001,0.001,0.001,0.001,0,0.001,0.001,0.001,0.001,0.001,0.001,0.023,0.001,0.001,0.001,0.001,0.001,0.001,0.001,0.001,0.001,0.001,0.001,0.001,0.001,0.001,0.001,0.001,0.001,0.001,0.001,0.001,0.652,-0.003,-0.74,0.164,0.946,0.717,0.719,0.501,0.773,0.427,0.111,0,0.762,0.723,0.811,0.631,0.186,0.293,0.513,0,0.001,0.696,0.878,0.796,0.328,0.026,0.043,0.2,0.138,0.001,0.001,0.52,0.355,0.039,0.002,0.009,0.004,0,0.001,0.033,0,0,0,0,0,0,0,0,0.072,0.066,12.256
01:09.4,3635,0.515,0.302,-0.611,-0.521,0.355,-0.04,0.734,0.578,0.646,0.747,-0.087,-0.132,-0.09,0.01,0.759,0.644,0.406,0.718,0.485,0.291,-0.413,0.808,0.112,0.405,0.001,0.001,0.001,0.001,0.001,0.001,0.001,0.001,0.001,0.001,0.001,0.001,0.001,0.001,0.001,0.001,0.001,0.001,0.001,0.001,0.001,0.001,0.001,0.001,0.024,0.001,0.001,0.001,0,0.001,0.001,0.001,0.001,0.001,0.001,0.001,0.001,0.001,0.001,0.001,0.001,0.001,0.001,0.001,0.001,0.652,-0.003,-0.74,0.164,0.946,0.717,0.719,0.501,0.773,0.427,0.111,0,0.762,0.723,0.811,0.631,0.186,0.293,0.513,0,0.001,0.696,0.878,0.796,0.328,0.026,0.043,0.2,0.138,0.001,0.001,0.52,0.355,0.039,0.002,0.009,0.004,0,0.001,0.033,0,0,0,0,0,0,0,0,0.072,0.067,12.256
01:09.4,3636,0.52,0.298,-0.609,-0.519,0.359,-0.037,0.732,0.578,0.644,0.749,-0.092,-0.122,-0.094,0.009,0.76,0.642,0.406,0.718,0.484,0.291,-0.389,0.809,0.114,0.424,0.001,0.001,0.001,0.001,0.001,0.001,0.001,0.001,0.001,0.001,0.001,0.001,0.001,0.001,0.001,0.001,0.001,0.001,0.001,0.001,0.001,0.001,0.001,0.001,0.023,0.001,0.001,0.001,0.001,0.001,0.001,0.001,0.001,0.001,0.001,0.001,0.001,0.001,0.001,0.001,0.001,0.001,0.001,0,0.001,0.652,-0.003,-0.74,0.164,0.946,0.717,0.719,0.501,0.773,0.427,0.111,0,0.762,0.723,0.811,0.631,0.186,0.293,0.513,0,0.001,0.696,0.878,0.796,0.328,0.026,0.043,0.2,0.138,0.001,0.001,0.52,0.355,0.039,0.002,0.009,0.004,0,0.001,0.033,0,0,0,0,0,0,0,0,0.072,0.066,12.256
01:09.4,3637,0.525,0.296,-0.607,-0.518,0.362,-0.032,0.73,0.579,0.642,0.752,-0.097,-0.113,-0.098,0.008,0.761,0.641,0.407,0.718,0.484,0.29,-0.364,0.81,0.117,0.444,0.001,0.001,0.001,0.001,0.001,0.001,0.001,0.001,0.001,0.001,0.001,0.001,0.001,0.001,0.001,0.001,0.001,0.001,0.001,0.001,0.001,0.001,0.001,0.001,0.024,0.001,0.001,0.001,0.001,0.001,0.001,0.001,0.001,0.001,0.001,0.001,0.001,0.001,0.001,0.001,0.001,0.001,0.001,0.001,0.001,0.652,-0.003,-0.74,0.164,0.946,0.717,0.719,0.501,0.773,0.427,0.111,0,0.762,0.723,0.811,0.631,0.186,0.293,0.513,0,0.001,0.696,0.878,0.796,0.328,0.026,0.043,0.2,0.138,0.001,0.001,0.52,0.355,0.039,0.002,0.009,0.004,0,0.001,0.033,0,0,0,0,0,0,0,0,0.072,0.068,12.256
01:09.4,3638,0.529,0.294,-0.605,-0.517,0.364,-0.026,0.727,0.582,0.641,0.754,-0.1,-0.105,-0.1,0.006,0.761,0.641,0.409,0.717,0.484,0.289,-0.336,0.808,0.128,0.468,0.001,0.001,0.001,0.001,0.001,0.001,0.001,0.001,0.001,0.001,0.001,0.001,0.001,0.001,0.001,0.001,0.001,0.001,0.001,0.001,0.001,0.001,0.001,0.001,0.023,0.001,0.001,0.001,0.001,0,0.001,0.001,0.001,0.001,0.001,0.001,0.001,0.001,0.001,0.001,0.001,0.001,0.001,0.001,0.001,0.657,-0.019,-0.742,0.13,0.933,0.72,0.73,0.576,0.938,0.667,0.365,0.004,0.718,0.748,0.845,0.672,0.265,0.359,0.606,0.098,0,0.584,0.894,0.759,0.314,0.032,0.073,0.313,0.416,0,0.051,0.408,0.282,0.013,0.002,0.002,0.088,0.071,0.001,0.094,0.001,0,0,0,0,0.001,0.001,0.001,0.01,0.066,13.655
01:09.4,3639,0.533,0.292,-0.603,-0.516,0.364,-0.02,0.724,0.585,0.64,0.755,-0.104,-0.097,-0.102,0.004,0.761,0.641,0.41,0.717,0.484,0.288,-0.32,0.804,0.139,0.482,0,0.001,0.001,0.001,0.001,0.001,0.001,0.001,0.001,0.001,0.001,0.001,0.001,0.001,0.001,0.001,0.001,0.001,0.001,0.001,0.001,0.001,0.001,0.001,0.018,0.001,0.001,0.001,0.001,0.001,0.001,0.001,0.001,0.001,0.001,0.001,0.001,0.001,0.001,0.001,0.001,0.001,0.001,0.001,0.001,0.657,-0.019,-0.742,0.13,0.933,0.72,0.73,0.576,0.938,0.667,0.365,0.004,0.718,0.748,0.845,0.672,0.265,0.359,0.606,0.098,0,0.584,0.894,0.759,0.314,0.032,0.073,0.313,0.416,0,0.051,0.408,0.282,0.013,0.002,0.002,0.088,0.071,0.001,0.094,0.001,0,0,0,0,0.001,0.001,0.001,0.01,0.061,13.655
01:09.4,3640,0.535,0.291,-0.602,-0.516,0.362,-0.013,0.722,0.589,0.638,0.757,-0.108,-0.09,-0.104,0.003,0.76,0.641,0.412,0.716,0.485,0.286,-0.298,0.797,0.159,0.5,0.001,0.001,0.001,0.001,0.001,0.001,0.001,0.001,0.001,0.001,0.001,0.001,0.001,0.001,0.001,0.001,0.001,0.001,0.001,0.001,0.001,0.001,0.001,0.001,0.018,0.001,0.001,0.001,0.001,0.001,0.001,0.001,0.001,0.001,0.001,0.001,0.001,0.001,0.001,0.001,0.001,0.001,0.001,0.001,0.001,0.657,-0.019,-0.742,0.13,0.933,0.72,0.73,0.576,0.938,0.667,0.365,0.004,0.718,0.748,0.845,0.672,0.265,0.359,0.606,0.098,0,0.584,0.894,0.759,0.314,0.032,0.073,0.313,0.416,0,0.051,0.408,0.282,0.013,0.002,0.002,0.088,0.071,0.001,0.094,0.001,0,0,0,0,0.001,0.001,0.001,0.01,0.062,13.655
01:09.4,3641,0.537,0.29,-0.601,-0.516,0.358,-0.005,0.72,0.595,0.638,0.758,-0.111,-0.083,-0.105,0.001,0.76,0.642,0.413,0.715,0.486,0.285,-0.283,0.791,0.175,0.513,0.001,0.001,0.001,0.001,0.001,0.001,0.001,0.001,0.001,0.001,0.001,0.001,0.001,0.001,0.001,0.001,0.001,0.001,0.001,0.001,0.001,0.001,0.001,0.001,0.018,0.001,0.001,0.001,0.001,0.001,0.001,0.001,0.001,0.001,0.001,0.001,0.001,0.001,0.001,0,0.001,0.001,0.001,0.001,0.001,0.657,-0.019,-0.742,0.13,0.933,0.72,0.73,0.576,0.938,0.667,0.365,0.004,0.718,0.748,0.845,0.672,0.265,0.359,0.606,0.098,0,0.584,0.894,0.759,0.314,0.032,0.073,0.313,0.416,0,0.051,0.408,0.282,0.013,0.002,0.002,0.088,0.071,0.001,0.094,0.001,0,0,0,0,0.001,0.001,0.001,0.01,0.061,13.655
01:09.4,3642,0.538,0.29,-0.601,-0.515,0.351,0.004,0.718,0.601,0.637,0.758,-0.114,-0.076,-0.105,-0.002,0.759,0.643,0.415,0.714,0.487,0.283,-0.267,0.782,0.194,0.528,0.001,0.001,0.001,0.001,0.001,0.001,0.001,0.001,0.001,0.001,0.001,0.001,0.001,0.001,0.001,0.001,0.001,0.001,0.001,0.001,0.001,0.001,0.001,0.001,0.017,0.001,0.001,0.001,0.001,0.001,0.001,0.001,0.001,0.001,0.001,0,0.001,0.001,0.001,0.001,0.001,0.001,0.001,0.001,0.001,0.657,-0.019,-0.742,0.13,0.933,0.72,0.73,0.576,0.938,0.667,0.365,0.004,0.718,0.748,0.845,0.672,0.265,0.359,0.606,0.098,0,0.584,0.894,0.759,0.314,0.032,0.073,0.313,0.416,0,0.051,0.408,0.282,0.013,0.002,0.002,0.088,0.071,0.001,0.094,0.001,0,0,0,0,0.001,0.001,0.001,0.01,0.06,13.655
01:09.5,3643,0.538,0.289,-0.601,-0.515,0.341,0.014,0.716,0.609,0.637,0.759,-0.116,-0.069,-0.106,-0.004,0.758,0.643,0.417,0.713,0.488,0.282,-0.256,0.774,0.211,0.54,0.001,0.001,0.001,0.001,0.001,0.001,0.001,0.001,0.001,0,0.001,0.001,0.001,0.001,0.001,0.001,0.001,0.001,0.001,0.001,0.001,0.001,0.001,0.001,0.018,0.001,0.001,0.001,0.001,0.001,0.001,0.001,0.001,0.001,0.001,0.001,0.001,0.001,0.001,0.001,0.001,0.001,0.001,0.001,0.001,0.657,-0.019,-0.742,0.13,0.933,0.72,0.73,0.576,0.938,0.667,0.365,0.004,0.718,0.748,0.845,0.672,0.265,0.359,0.606,0.098,0,0.584,0.894,0.759,0.314,0.032,0.073,0.313,0.416,0,0.051,0.408,0.282,0.013,0.002,0.002,0.088,0.071,0.001,0.094,0.001,0,0,0,0,0.001,0.001,0.001,0.01,0.061,13.655
01:09.5,3644,0.539,0.289,-0.602,-0.514,0.329,0.023,0.715,0.616,0.636,0.76,-0.118,-0.062,-0.107,-0.007,0.758,0.643,0.419,0.711,0.489,0.281,-0.247,0.764,0.229,0.55,0,0.001,0.001,0.001,0.001,0.001,0.001,0.001,0.001,0.001,0.001,0.001,0.001,0.001,0.001,0,0.001,0.001,0.001,0,0.001,0.001,0.001,0.001,0.018,0.001,0.001,0.001,0.001,0.001,0.001,0.001,0.001,0.001,0.001,0.001,0.001,0.001,0.001,0.001,0.001,0.001,0.001,0.001,0.001,0.657,-0.019,-0.742,0.13,0.933,0.72,0.73,0.576,0.938,0.667,0.365,0.004,0.718,0.748,0.845,0.672,0.265,0.359,0.606,0.098,0,0.584,0.894,0.759,0.314,0.032,0.073,0.313,0.416,0,0.051,0.408,0.282,0.013,0.002,0.002,0.088,0.071,0.001,0.094,0.001,0,0,0,0,0.001,0.001,0.001,0.01,0.059,13.655
01:09.5,3645,0.539,0.288,-0.603,-0.512,0.315,0.032,0.714,0.624,0.636,0.761,-0.119,-0.055,-0.107,-0.01,0.758,0.643,0.421,0.71,0.49,0.281,-0.247,0.764,0.229,0.55,0,0.001,0.001,0.001,0.001,0.001,0.001,0.001,0.001,0.001,0.001,0.001,0.001,0.001,0.001,0,0.001,0.001,0.001,0,0.001,0.001,0.001,0.001,0.018,0.001,0.001,0.001,0.001,0.001,0.001,0.001,0.001,0.001,0.001,0.001,0.001,0.001,0.001,0.001,0.001,0.001,0.001,0.001,0.001,0.657,-0.019,-0.742,0.13,0.933,0.72,0.73,0.576,0.938,0.667,0.365,0.004,0.718,0.748,0.845,0.672,0.265,0.359,0.606,0.098,0,0.584,0.894,0.759,0.314,0.032,0.073,0.313,0.416,0,0.051,0.408,0.282,0.013,0.002,0.002,0.088,0.071,0.001,0.094,0.001,0,0,0,0,0.001,0.001,0.001,0.01,0.059,13.655
01:09.5,3646,0.539,0.287,-0.604,-0.511,0.299,0.04,0.714,0.631,0.635,0.761,-0.12,-0.05,-0.107,-0.014,0.758,0.644,0.422,0.709,0.491,0.281,-0.247,0.764,0.229,0.55,0,0.001,0.001,0.001,0.001,0.001,0.001,0.001,0.001,0.001,0.001,0.001,0.001,0.001,0.001,0,0.001,0.001,0.001,0,0.001,0.001,0.001,0.001,0.018,0.001,0.001,0.001,0.001,0.001,0.001,0.001,0.001,0.001,0.001,0.001,0.001,0.001,0.001,0.001,0.001,0.001,0.001,0.001,0.001,0.656,-0.028,-0.747,0.106,0.934,0.723,0.734,0.587,0.955,0.679,0.383,0.002,0.716,0.759,0.847,0.675,0.261,0.359,0.609,0.094,0.001,0.575,0.891,0.755,0.303,0.029,0.074,0.309,0.413,0,0.046,0.398,0.272,0.01,0.002,0.002,0.09,0.061,0.001,0.092,0,0.001,0.001,0,0.001,0.001,0.001,0,0.009,0.059,13.655
01:09.5,3647,0.54,0.287,-0.605,-0.509,0.283,0.046,0.715,0.637,0.635,0.762,-0.12,-0.045,-0.107,-0.018,0.758,0.644,0.423,0.708,0.491,0.281,-0.247,0.764,0.229,0.55,0,0.001,0.001,0.001,0.001,0.001,0.001,0.001,0.001,0.001,0.001,0.001,0.001,0.001,0.001,0,0.001,0.001,0.001,0,0.001,0.001,0.001,0.001,0.018,0.001,0.001,0.001,0.001,0.001,0.001,0.001,0.001,0.001,0.001,0.001,0.001,0.001,0.001,0.001,0.001,0.001,0.001,0.001,0.001,0.656,-0.03,-0.747,0.103,0.896,0.73,0.747,0.691,1.096,0.943,0.596,0.007,0.618,0.764,0.864,0.713,0.331,0.47,0.692,0.244,0.001,0.475,0.907,0.726,0.261,0.038,0.06,0.393,0.54,0.001,0.073,0.278,0.206,0.004,0.002,0.002,0.132,0.158,0.001,0.112,0.001,0.001,0.001,0,0.001,0.001,0,0,0.001,0.059,14.778
01:09.5,3648,0.542,0.286,-0.607,-0.506,0.267,0.052,0.716,0.643,0.635,0.762,-0.119,-0.041,-0.108,-0.021,0.757,0.644,0.424,0.706,0.492,0.282,-0.247,0.764,0.229,0.55,0,0.001,0.001,0.001,0.001,0.001,0.001,0.001,0.001,0.001,0.001,0.001,0.001,0.001,0.001,0,0.001,0.001,0.001,0,0.001,0.001,0.001,0.001,0.018,0.001,0.001,0.001,0.001,0.001,0.001,0.001,0.001,0.001,0.001,0.001,0.001,0.001,0.001,0.001,0.001,0.001,0.001,0.001,0.001,0.656,-0.033,-0.747,0.099,0.877,0.725,0.747,0.712,1.137,0.978,0.632,0.01,0.589,0.763,0.863,0.718,0.344,0.501,0.685,0.298,0.011,0.457,0.907,0.725,0.265,0.044,0.057,0.427,0.595,0.001,0.092,0.265,0.201,0.004,0.002,0.002,0.165,0.209,0.001,0.121,0,0.005,0.013,0,0.001,0.001,0,0,0,0.059,15.15
01:09.5,3649,0.543,0.286,-0.608,-0.503,0.251,0.058,0.717,0.648,0.634,0.763,-0.118,-0.037,-0.109,-0.024,0.757,0.644,0.425,0.705,0.492,0.283,-0.247,0.764,0.229,0.55,0,0.001,0.001,0.001,0.001,0.001,0.001,0.001,0.001,0.001,0.001,0.001,0.001,0.001,0.001,0,0.001,0.001,0.001,0,0.001,0.001,0.001,0.001,0.018,0.001,0.001,0.001,0.001,0.001,0.001,0.001,0.001,0.001,0.001,0.001,0.001,0.001,0.001,0.001,0.001,0.001,0.001,0.001,0.001,0.656,-0.033,-0.747,0.099,0.877,0.725,0.747,0.712,1.137,0.978,0.632,0.01,0.589,0.763,0.863,0.718,0.344,0.501,0.685,0.298,0.011,0.457,0.907,0.725,0.265,0.044,0.057,0.427,0.595,0.001,0.092,0.265,0.201,0.004,0.002,0.002,0.165,0.209,0.001,0.121,0,0.005,0.013,0,0.001,0.001,0,0,0,0.059,15.15
01:09.5,3650,0.545,0.287,-0.61,-0.499,0.235,0.064,0.718,0.652,0.634,0.764,-0.117,-0.034,-0.11,-0.027,0.756,0.644,0.425,0.704,0.493,0.283,-0.247,0.764,0.229,0.55,0,0.001,0.001,0.001,0.001,0.001,0.001,0.001,0.001,0.001,0.001,0.001,0.001,0.001,0.001,0,0.001,0.001,0.001,0,0.001,0.001,0.001,0.001,0.018,0.001,0.001,0.001,0.001,0.001,0.001,0.001,0.001,0.001,0.001,0.001,0.001,0.001,0.001,0.001,0.001,0.001,0.001,0.001,0.001,0.656,-0.033,-0.747,0.099,0.877,0.725,0.747,0.712,1.137,0.978,0.632,0.01,0.589,0.763,0.863,0.718,0.344,0.501,0.685,0.298,0.011,0.457,0.907,0.725,0.265,0.044,0.057,0.427,0.595,0.001,0.092,0.265,0.201,0.004,0.002,0.002,0.165,0.209,0.001,0.121,0,0.005,0.013,0,0.001,0.001,0,0,0,0.059,15.15
01:09.5,3651,0.546,0.289,-0.611,-0.495,0.218,0.069,0.719,0.656,0.633,0.764,-0.116,-0.031,-0.111,-0.03,0.756,0.644,0.425,0.703,0.494,0.284,-0.262,0.631,0.438,0.584,0.001,0.001,0.001,0.001,0.001,0.001,0.001,0.001,0.001,0.001,0.001,0.001,0.001,0.001,0.001,0.001,0.001,0.001,0.001,0.001,0.001,0.001,0.001,0.001,0.018,0.001,0.001,0.001,0.001,0.001,0.001,0.001,0.001,0.001,0.001,0.001,0.001,0.001,0.001,0.001,0.001,0.001,0.001,0.001,0.001,0.656,-0.033,-0.747,0.099,0.877,0.725,0.747,0.712,1.137,0.978,0.632,0.01,0.589,0.763,0.863,0.718,0.344,0.501,0.685,0.298,0.011,0.457,0.907,0.725,0.265,0.044,0.057,0.427,0.595,0.001,0.092,0.265,0.201,0.004,0.002,0.002,0.165,0.209,0.001,0.121,0,0.005,0.013,0,0.001,0.001,0,0,0,0.062,15.15
01:09.5,3652,0.547,0.291,-0.613,-0.49,0.203,0.075,0.719,0.66,0.632,0.765,-0.115,-0.029,-0.11,-0.033,0.757,0.644,0.425,0.702,0.496,0.285,-0.269,0.61,0.467,0.58,0.001,0.001,0.001,0.001,0.001,0.001,0.001,0.001,0.001,0.001,0.001,0.001,0.001,0.001,0.001,0.001,0.001,0.001,0.001,0.001,0.001,0.001,0.001,0.001,0.017,0.001,0.001,0.001,0.001,0.001,0.001,0.001,0.001,0.001,0.001,0.001,0.001,0.001,0.001,0.001,0.001,0.001,0.001,0.001,0.001,0.656,-0.033,-0.747,0.099,0.877,0.725,0.747,0.712,1.137,0.978,0.632,0.01,0.589,0.763,0.863,0.718,0.344,0.501,0.685,0.298,0.011,0.457,0.907,0.725,0.265,0.044,0.057,0.427,0.595,0.001,0.092,0.265,0.201,0.004,0.002,0.002,0.165,0.209,0.001,0.121,0,0.005,0.013,0,0.001,0.001,0,0,0,0.061,15.15
01:09.6,3653,0.547,0.295,-0.615,-0.486,0.188,0.081,0.719,0.664,0.631,0.767,-0.114,-0.027,-0.109,-0.035,0.757,0.643,0.425,0.701,0.497,0.285,-0.279,0.582,0.505,0.573,0.001,0.001,0.001,0.001,0.001,0.001,0.001,0.001,0.001,0.001,0.001,0.001,0.001,0.001,0.001,0.001,0.001,0.001,0.001,0.001,0.001,0.001,0.001,0.001,0.017,0.001,0.001,0.001,0.001,0.001,0.001,0.001,0.001,0.001,0.001,0.001,0.001,0.001,0.001,0.001,0.001,0.001,0.001,0.001,0.001,0.656,-0.033,-0.747,0.099,0.877,0.725,0.747,0.712,1.137,0.978,0.632,0.01,0.589,0.763,0.863,0.718,0.344,0.501,0.685,0.298,0.011,0.457,0.907,0.725,0.265,0.044,0.057,0.427,0.595,0.001,0.092,0.265,0.201,0.004,0.002,0.002,0.165,0.209,0.001,0.121,0,0.005,0.013,0,0.001,0.001,0,0,0,0.061,15.15
01:09.6,3654,0.546,0.3,-0.616,-0.481,0.174,0.087,0.718,0.668,0.63,0.768,-0.113,-0.026,-0.109,-0.037,0.758,0.642,0.425,0.699,0.499,0.286,-0.279,0.582,0.505,0.573,0.001,0.001,0.001,0.001,0.001,0.001,0.001,0.001,0.001,0.001,0.001,0.001,0.001,0.001,0.001,0.001,0.001,0.001,0.001,0.001,0.001,0.001,0.001,0.001,0.017,0.001,0.001,0.001,0.001,0.001,0.001,0.001,0.001,0.001,0.001,0.001,0.001,0.001,0.001,0.001,0.001,0.001,0.001,0.001,0.001,0.663,-0.054,-0.742,0.076,0.873,0.72,0.751,0.712,1.147,0.989,0.65,0.009,0.575,0.758,0.863,0.72,0.349,0.519,0.683,0.299,0.02,0.463,0.908,0.723,0.274,0.044,0.057,0.443,0.62,0.001,0.099,0.261,0.2,0.002,0.002,0.002,0.167,0.23,0,0.116,0.001,0.006,0.021,0,0.001,0,0,0,0,0.061,15.278
01:09.6,3655,0.546,0.306,-0.617,-0.478,0.16,0.093,0.717,0.672,0.628,0.769,-0.112,-0.026,-0.11,-0.038,0.758,0.642,0.425,0.698,0.5,0.287,-0.279,0.582,0.505,0.573,0.001,0.001,0.001,0.001,0.001,0.001,0.001,0.001,0.001,0.001,0.001,0.001,0.001,0.001,0.001,0.001,0.001,0.001,0.001,0.001,0.001,0.001,0.001,0.001,0.017,0.001,0.001,0.001,0.001,0.001,0.001,0.001,0.001,0.001,0.001,0.001,0.001,0.001,0.001,0.001,0.001,0.001,0.001,0.001,0.001,0.665,-0.056,-0.741,0.073,0.515,0.617,0.64,0.674,1.195,1.101,0.67,0.046,0.346,0.733,0.832,0.745,0.491,0.641,0.637,0.431,0.271,0.372,0.899,0.737,0.363,0.093,0.137,0.586,0.855,0.14,0.21,0.249,0.221,0.024,0.004,0.005,0.33,0.607,0.001,0.219,0.001,0.168,0.243,0.001,0.039,0.038,0.001,0,0.175,0.061,17.303
01:09.6,3656,0.544,0.312,-0.618,-0.474,0.148,0.1,0.716,0.675,0.627,0.77,-0.112,-0.027,-0.111,-0.038,0.759,0.641,0.426,0.696,0.502,0.288,-0.279,0.582,0.505,0.573,0.001,0.001,0.001,0.001,0.001,0.001,0.001,0.001,0.001,0.001,0.001,0.001,0.001,0.001,0.001,0.001,0.001,0.001,0.001,0.001,0.001,0.001,0.001,0.001,0.017,0.001,0.001,0.001,0.001,0.001,0.001,0.001,0.001,0.001,0.001,0.001,0.001,0.001,0.001,0.001,0.001,0.001,0.001,0.001,0.001,0.665,-0.056,-0.741,0.073,0.515,0.617,0.64,0.674,1.195,1.101,0.67,0.046,0.346,0.733,0.832,0.745,0.491,0.641,0.637,0.431,0.271,0.372,0.899,0.737,0.363,0.093,0.137,0.586,0.855,0.14,0.21,0.249,0.221,0.024,0.004,0.005,0.33,0.607,0.001,0.219,0.001,0.168,0.243,0.001,0.039,0.038,0.001,0,0.175,0.061,17.303
01:09.6,3657,0.543,0.319,-0.618,-0.471,0.136,0.108,0.713,0.679,0.627,0.771,-0.112,-0.028,-0.112,-0.038,0.759,0.64,0.426,0.694,0.503,0.288,-0.279,0.582,0.505,0.573,0.001,0.001,0.001,0.001,0.001,0.001,0.001,0.001,0.001,0.001,0.001,0.001,0.001,0.001,0.001,0.001,0.001,0.001,0.001,0.001,0.001,0.001,0.001,0.001,0.017,0.001,0.001,0.001,0.001,0.001,0.001,0.001,0.001,0.001,0.001,0.001,0.001,0.001,0.001,0.001,0.001,0.001,0.001,0.001,0.001,0.665,-0.056,-0.741,0.073,0.515,0.617,0.64,0.674,1.195,1.101,0.67,0.046,0.346,0.733,0.832,0.745,0.491,0.641,0.637,0.431,0.271,0.372,0.899,0.737,0.363,0.093,0.137,0.586,0.855,0.14,0.21,0.249,0.221,0.024,0.004,0.005,0.33,0.607,0.001,0.219,0.001,0.168,0.243,0.001,0.039,0.038,0.001,0,0.175,0.061,17.303
01:09.6,3658,0.54,0.325,-0.619,-0.468,0.125,0.115,0.711,0.682,0.626,0.771,-0.113,-0.028,-0.114,-0.037,0.76,0.639,0.427,0.692,0.505,0.289,-0.279,0.582,0.505,0.573,0.001,0.001,0.001,0.001,0.001,0.001,0.001,0.001,0.001,0.001,0.001,0.001,0.001,0.001,0.001,0.001,0.001,0.001,0.001,0.001,0.001,0.001,0.001,0.001,0.017,0.001,0.001,0.001,0.001,0.001,0.001,0.001,0.001,0.001,0.001,0.001,0.001,0.001,0.001,0.001,0.001,0.001,0.001,0.001,0.001,0.665,-0.056,-0.741,0.073,0.515,0.617,0.64,0.674,1.195,1.101,0.67,0.046,0.346,0.733,0.832,0.745,0.491,0.641,0.637,0.431,0.271,0.372,0.899,0.737,0.363,0.093,0.137,0.586,0.855,0.14,0.21,0.249,0.221,0.024,0.004,0.005,0.33,0.607,0.001,0.219,0.001,0.168,0.243,0.001,0.039,0.038,0.001,0,0.175,0.061,17.303
01:09.6,3659,0.538,0.332,-0.619,-0.466,0.114,0.124,0.708,0.686,0.626,0.771,-0.114,-0.028,-0.115,-0.037,0.76,0.638,0.428,0.69,0.506,0.291,-0.279,0.582,0.505,0.573,0.001,0.001,0.001,0.001,0.001,0.001,0.001,0.001,0.001,0.001,0.001,0.001,0.001,0.001,0.001,0.001,0.001,0.001,0.001,0.001,0.001,0.001,0.001,0.001,0.017,0.001,0.001,0.001,0.001,0.001,0.001,0.001,0.001,0.001,0.001,0.001,0.001,0.001,0.001,0.001,0.001,0.001,0.001,0.001,0.001,0.665,-0.056,-0.741,0.073,0.515,0.617,0.64,0.674,1.195,1.101,0.67,0.046,0.346,0.733,0.832,0.745,0.491,0.641,0.637,0.431,0.271,0.372,0.899,0.737,0.363,0.093,0.137,0.586,0.855,0.14,0.21,0.249,0.221,0.024,0.004,0.005,0.33,0.607,0.001,0.219,0.001,0.168,0.243,0.001,0.039,0.038,0.001,0,0.175,0.061,17.303
01:09.6,3660,0.535,0.338,-0.619,-0.464,0.103,0.133,0.705,0.689,0.625,0.772,-0.115,-0.028,-0.116,-0.036,0.761,0.637,0.429,0.688,0.507,0.292,-0.279,0.582,0.505,0.573,0.001,0.001,0.001,0.001,0.001,0.001,0.001,0.001,0.001,0.001,0.001,0.001,0.001,0.001,0.001,0.001,0.001,0.001,0.001,0.001,0.001,0.001,0.001,0.001,0.017,0.001,0.001,0.001,0.001,0.001,0.001,0.001,0.001,0.001,0.001,0.001,0.001,0.001,0.001,0.001,0.001,0.001,0.001,0.001,0.001,0.665,-0.056,-0.741,0.073,0.515,0.617,0.64,0.674,1.195,1.101,0.67,0.046,0.346,0.733,0.832,0.745,0.491,0.641,0.637,0.431,0.271,0.372,0.899,0.737,0.363,0.093,0.137,0.586,0.855,0.14,0.21,0.249,0.221,0.024,0.004,0.005,0.33,0.607,0.001,0.219,0.001,0.168,0.243,0.001,0.039,0.038,0.001,0,0.175,0.061,17.303
01:09.6,3661,0.533,0.345,-0.62,-0.462,0.092,0.142,0.701,0.692,0.624,0.772,-0.117,-0.027,-0.116,-0.035,0.762,0.636,0.43,0.686,0.509,0.293,-0.32,0.375,0.697,0.52,0.001,0.001,0.001,0.001,0.001,0.001,0.001,0.001,0.001,0.001,0.001,0.001,0.001,0.001,0.001,0.001,0.001,0,0.001,0.001,0.001,0.001,0.001,0.001,0.017,0.001,0.001,0.001,0.001,0.001,0.001,0.001,0.001,0.001,0.001,0.001,0.001,0.001,0.001,0.001,0.001,0.001,0.001,0.001,0.001,0.665,-0.056,-0.741,0.073,0.515,0.617,0.64,0.674,1.195,1.101,0.67,0.046,0.346,0.733,0.832,0.745,0.491,0.641,0.637,0.431,0.271,0.372,0.899,0.737,0.363,0.093,0.137,0.586,0.855,0.14,0.21,0.249,0.221,0.024,0.004,0.005,0.33,0.607,0.001,0.219,0.001,0.168,0.243,0.001,0.039,0.038,0.001,0,0.175,0.06,17.303
01:09.6,3662,0.531,0.351,-0.619,-0.46,0.081,0.152,0.698,0.696,0.623,0.772,-0.118,-0.026,-0.116,-0.033,0.763,0.635,0.431,0.684,0.51,0.295,-0.323,0.351,0.714,0.512,0,0.001,0.001,0.001,0.001,0.001,0.001,0.001,0.001,0.001,0.001,0.001,0.001,0.001,0.001,0,0.001,0.001,0.001,0.001,0.001,0.001,0.001,0.001,0.016,0.001,0.001,0.001,0.001,0.001,0.001,0.001,0.001,0.001,0.001,0.001,0.001,0.001,0.001,0.001,0.001,0.001,0.001,0.001,0.001,0.686,-0.079,-0.722,0.05,0.503,0.614,0.635,0.674,1.194,1.103,0.669,0.049,0.343,0.731,0.833,0.74,0.493,0.642,0.637,0.431,0.276,0.37,0.899,0.739,0.37,0.093,0.139,0.585,0.863,0.153,0.206,0.25,0.222,0.026,0.004,0.005,0.331,0.608,0.001,0.221,0.001,0.172,0.244,0,0.039,0.042,0.001,0,0.171,0.058,17.322
01:09.7,3663,0.529,0.357,-0.619,-0.458,0.069,0.161,0.694,0.699,0.623,0.773,-0.119,-0.025,-0.116,-0.031,0.763,0.634,0.432,0.682,0.511,0.296,-0.328,0.314,0.738,0.499,0,0.001,0.001,0.001,0.001,0.001,0.001,0.001,0.001,0.001,0.001,0.001,0.001,0.001,0.001,0.001,0.001,0.001,0.001,0.001,0.001,0.001,0.001,0.001,0.015,0.001,0.001,0.001,0.001,0.001,0.001,0.001,0.001,0.001,0.001,0.001,0.001,0.001,0.001,0.001,0.001,0.001,0.001,0.001,0.001,0.689,-0.081,-0.718,0.048,0,0.407,0.474,0.419,1.026,0.988,0.536,0.071,0.101,0.618,0.664,0.629,0.527,0.687,0.558,0.442,0.4,0.189,0.896,0.668,0.458,0.172,0.254,0.59,0.828,0.314,0.255,0.256,0.341,0.078,0.005,0.007,0.414,0.681,0.002,0.493,0.002,0.355,0.418,0.026,0.161,0.178,0.127,0.287,0.794,0.058,17.796
01:09.7,3664,0.527,0.363,-0.617,-0.457,0.057,0.169,0.69,0.702,0.623,0.773,-0.12,-0.024,-0.119,-0.028,0.764,0.633,0.433,0.679,0.512,0.298,-0.331,0.287,0.755,0.487,0.001,0.001,0.001,0.001,0.001,0.001,0.001,0.001,0.001,0.001,0.001,0.001,0.001,0.001,0.001,0.001,0.001,0.001,0.001,0.001,0.001,0.001,0.001,0.001,0.016,0.001,0.001,0.001,0.001,0.001,0.001,0.001,0.001,0.001,0.001,0.001,0.001,0.001,0.001,0.001,0.001,0.001,0.001,0.001,0.001,0.694,-0.083,-0.713,0.046,0,0.361,0.448,0.398,0.999,0.972,0.514,0.072,0.067,0.571,0.652,0.602,0.523,0.68,0.543,0.435,0.407,0.161,0.899,0.651,0.437,0.177,0.274,0.58,0.811,0.313,0.264,0.238,0.335,0.085,0.005,0.006,0.419,0.675,0.004,0.514,0.004,0.393,0.454,0.056,0.195,0.21,0.155,0.332,0.862,0.06,17.753
01:09.7,3665,0.526,0.369,-0.615,-0.456,0.045,0.178,0.686,0.705,0.623,0.772,-0.122,-0.024,-0.122,-0.025,0.765,0.632,0.434,0.677,0.513,0.301,-0.331,0.287,0.755,0.487,0.001,0.001,0.001,0.001,0.001,0.001,0.001,0.001,0.001,0.001,0.001,0.001,0.001,0.001,0.001,0.001,0.001,0.001,0.001,0.001,0.001,0.001,0.001,0.001,0.016,0.001,0.001,0.001,0.001,0.001,0.001,0.001,0.001,0.001,0.001,0.001,0.001,0.001,0.001,0.001,0.001,0.001,0.001,0.001,0.001,0.694,-0.083,-0.713,0.046,0,0.361,0.448,0.398,0.999,0.972,0.514,0.072,0.067,0.571,0.652,0.602,0.523,0.68,0.543,0.435,0.407,0.161,0.899,0.651,0.437,0.177,0.274,0.58,0.811,0.313,0.264,0.238,0.335,0.085,0.005,0.006,0.419,0.675,0.004,0.514,0.004,0.393,0.454,0.056,0.195,0.21,0.155,0.332,0.862,0.06,17.753
01:09.7,3666,0.526,0.375,-0.613,-0.456,0.032,0.185,0.682,0.707,0.623,0.772,-0.123,-0.023,-0.126,-0.021,0.765,0.631,0.434,0.675,0.514,0.302,-0.331,0.287,0.755,0.487,0.001,0.001,0.001,0.001,0.001,0.001,0.001,0.001,0.001,0.001,0.001,0.001,0.001,0.001,0.001,0.001,0.001,0.001,0.001,0.001,0.001,0.001,0.001,0.001,0.016,0.001,0.001,0.001,0.001,0.001,0.001,0.001,0.001,0.001,0.001,0.001,0.001,0.001,0.001,0.001,0.001,0.001,0.001,0.001,0.001,0.694,-0.083,-0.713,0.046,0,0.361,0.448,0.398,0.999,0.972,0.514,0.072,0.067,0.571,0.652,0.602,0.523,0.68,0.543,0.435,0.407,0.161,0.899,0.651,0.437,0.177,0.274,0.58,0.811,0.313,0.264,0.238,0.335,0.085,0.005,0.006,0.419,0.675,0.004,0.514,0.004,0.393,0.454,0.056,0.195,0.21,0.155,0.332,0.862,0.06,17.753
01:09.7,3667,0.526,0.38,-0.61,-0.455,0.02,0.191,0.678,0.71,0.623,0.772,-0.125,-0.021,-0.129,-0.018,0.766,0.629,0.434,0.674,0.515,0.304,-0.331,0.287,0.755,0.487,0.001,0.001,0.001,0.001,0.001,0.001,0.001,0.001,0.001,0.001,0.001,0.001,0.001,0.001,0.001,0.001,0.001,0.001,0.001,0.001,0.001,0.001,0.001,0.001,0.016,0.001,0.001,0.001,0.001,0.001,0.001,0.001,0.001,0.001,0.001,0.001,0.001,0.001,0.001,0.001,0.001,0.001,0.001,0.001,0.001,0.694,-0.083,-0.713,0.046,0,0.361,0.448,0.398,0.999,0.972,0.514,0.072,0.067,0.571,0.652,0.602,0.523,0.68,0.543,0.435,0.407,0.161,0.899,0.651,0.437,0.177,0.274,0.58,0.811,0.313,0.264,0.238,0.335,0.085,0.005,0.006,0.419,0.675,0.004,0.514,0.004,0.393,0.454,0.056,0.195,0.21,0.155,0.332,0.862,0.06,17.753
01:09.7,3668,0.526,0.384,-0.607,-0.455,0.01,0.196,0.675,0.712,0.624,0.771,-0.126,-0.018,-0.133,-0.014,0.767,0.628,0.434,0.672,0.516,0.306,-0.331,0.287,0.755,0.487,0.001,0.001,0.001,0.001,0.001,0.001,0.001,0.001,0.001,0.001,0.001,0.001,0.001,0.001,0.001,0.001,0.001,0.001,0.001,0.001,0.001,0.001,0.001,0.001,0.016,0.001,0.001,0.001,0.001,0.001,0.001,0.001,0.001,0.001,0.001,0.001,0.001,0.001,0.001,0.001,0.001,0.001,0.001,0.001,0.001,0.694,-0.083,-0.713,0.046,0,0.361,0.448,0.398,0.999,0.972,0.514,0.072,0.067,0.571,0.652,0.602,0.523,0.68,0.543,0.435,0.407,0.161,0.899,0.651,0.437,0.177,0.274,0.58,0.811,0.313,0.264,0.238,0.335,0.085,0.005,0.006,0.419,0.675,0.004,0.514,0.004,0.393,0.454,0.056,0.195,0.21,0.155,0.332,0.862,0.06,17.753
01:09.7,3669,0.527,0.387,-0.604,-0.456,0.002,0.2,0.672,0.713,0.624,0.77,-0.127,-0.014,-0.138,-0.01,0.767,0.626,0.433,0.671,0.517,0.307,-0.331,0.287,0.755,0.487,0.001,0.001,0.001,0.001,0.001,0.001,0.001,0.001,0.001,0.001,0.001,0.001,0.001,0.001,0.001,0.001,0.001,0.001,0.001,0.001,0.001,0.001,0.001,0.001,0.016,0.001,0.001,0.001,0.001,0.001,0.001,0.001,0.001,0.001,0.001,0.001,0.001,0.001,0.001,0.001,0.001,0.001,0.001,0.001,0.001,0.694,-0.083,-0.713,0.046,0,0.361,0.448,0.398,0.999,0.972,0.514,0.072,0.067,0.571,0.652,0.602,0.523,0.68,0.543,0.435,0.407,0.161,0.899,0.651,0.437,0.177,0.274,0.58,0.811,0.313,0.264,0.238,0.335,0.085,0.005,0.006,0.419,0.675,0.004,0.514,0.004,0.393,0.454,0.056,0.195,0.21,0.155,0.332,0.862,0.06,17.753
01:09.7,3670,0.528,0.39,-0.6,-0.457,-0.004,0.203,0.67,0.714,0.625,0.77,-0.128,-0.01,-0.143,-0.007,0.767,0.625,0.433,0.67,0.519,0.308,-0.331,0.287,0.755,0.487,0.001,0.001,0.001,0.001,0.001,0.001,0.001,0.001,0.001,0.001,0.001,0.001,0.001,0.001,0.001,0.001,0.001,0.001,0.001,0.001,0.001,0.001,0.001,0.001,0.016,0.001,0.001,0.001,0.001,0.001,0.001,0.001,0.001,0.001,0.001,0.001,0.001,0.001,0.001,0.001,0.001,0.001,0.001,0.001,0.001,0.694,-0.083,-0.713,0.046,0,0.361,0.448,0.398,0.999,0.972,0.514,0.072,0.067,0.571,0.652,0.602,0.523,0.68,0.543,0.435,0.407,0.161,0.899,0.651,0.437,0.177,0.274,0.58,0.811,0.313,0.264,0.238,0.335,0.085,0.005,0.006,0.419,0.675,0.004,0.514,0.004,0.393,0.454,0.056,0.195,0.21,0.155,0.332,0.862,0.06,17.753
01:09.7,3671,0.53,0.391,-0.597,-0.458,-0.008,0.207,0.669,0.714,0.626,0.769,-0.128,-0.006,-0.147,-0.004,0.768,0.624,0.432,0.669,0.52,0.309,-0.363,0.068,0.851,0.374,0,0.001,0.001,0.001,0.001,0.001,0.001,0.001,0,0.001,0.001,0.001,0.001,0.001,0.001,0.001,0.001,0.001,0.001,0.001,0.001,0.001,0.001,0.001,0.016,0.001,0.001,0.001,0.001,0.001,0.001,0.001,0.001,0.001,0.001,0.001,0.001,0.001,0.001,0.001,0.001,0.001,0.001,0.001,0.001,0.72,-0.083,-0.688,0.043,0,0.337,0.424,0.386,0.977,0.954,0.499,0.068,0.028,0.546,0.636,0.563,0.518,0.686,0.536,0.426,0.408,0.105,0.883,0.648,0.42,0.182,0.276,0.578,0.8,0.316,0.284,0.215,0.319,0.087,0.005,0.006,0.424,0.669,0.01,0.529,0.004,0.413,0.482,0.073,0.214,0.228,0.182,0.369,0.879,0.058,17.592
01:09.7,3672,0.532,0.391,-0.594,-0.459,-0.012,0.209,0.668,0.714,0.626,0.769,-0.128,-0.002,-0.15,-0.001,0.768,0.622,0.431,0.668,0.522,0.31,-0.366,0.048,0.858,0.356,0.001,0.001,0.001,0.001,0.001,0,0.001,0.001,0.001,0.001,0.001,0.001,0.001,0.001,0.001,0.001,0.001,0.001,0.001,0.001,0.001,0.001,0.001,0.001,0.02,0.001,0.001,0.001,0.001,0.001,0.001,0.001,0.001,0.001,0.001,0.001,0.001,0.001,0.001,0.001,0.001,0.001,0.001,0.001,0.001,0.723,-0.084,-0.685,0.042,0.001,0,0.042,0.027,0.781,0.805,0.374,0.063,0,0.17,0.462,0.256,0.27,0.659,0.491,0.397,0.426,0,0.363,0.371,0.107,0.056,0.322,0.564,0.74,0.383,0.276,0.001,0.007,0,0.001,0.011,0.466,0.651,0.153,0.541,0.005,0.545,0.601,0.215,0.485,0.35,0.326,0.567,1.057,0.063,14.388
01:09.8,3673,0.535,0.391,-0.591,-0.461,-0.016,0.211,0.668,0.713,0.627,0.769,-0.127,0.002,-0.154,0.002,0.769,0.62,0.43,0.666,0.524,0.311,-0.369,0.024,0.868,0.331,0.001,0.001,0.001,0.001,0.001,0.001,0.001,0.001,0.001,0.001,0.001,0.001,0.001,0.001,0.001,0.001,0.001,0.001,0.001,0.001,0.001,0.001,0.001,0.001,0.021,0.001,0.001,0.001,0.001,0.001,0.001,0.001,0.001,0.001,0.001,0.001,0.001,0.001,0.001,0.001,0.001,0.001,0.001,0.001,0.001,0.723,-0.084,-0.685,0.042,0.001,0,0.042,0.027,0.781,0.805,0.374,0.063,0,0.17,0.462,0.256,0.27,0.659,0.491,0.397,0.426,0,0.363,0.371,0.107,0.056,0.322,0.564,0.74,0.383,0.276,0.001,0.007,0,0.001,0.011,0.466,0.651,0.153,0.541,0.005,0.545,0.601,0.215,0.485,0.35,0.326,0.567,1.057,0.065,14.388
01:09.8,3674,0.538,0.39,-0.588,-0.462,-0.02,0.212,0.668,0.713,0.627,0.769,-0.127,0.006,-0.159,0.006,0.769,0.619,0.429,0.665,0.526,0.312,-0.371,0.011,0.874,0.314,0.001,0.001,0.001,0.001,0.001,0.001,0.001,0.001,0.001,0.001,0.001,0.001,0.001,0.001,0.001,0.001,0.001,0.001,0.001,0.001,0.001,0.001,0.001,0.001,0.02,0.001,0.001,0.001,0.001,0.001,0.001,0.001,0.001,0.001,0.001,0.001,0.001,0.001,0.001,0.001,0.001,0.001,0.001,0.001,0.001,0.723,-0.084,-0.685,0.042,0.001,0,0.042,0.027,0.781,0.805,0.374,0.063,0,0.17,0.462,0.256,0.27,0.659,0.491,0.397,0.426,0,0.363,0.371,0.107,0.056,0.322,0.564,0.74,0.383,0.276,0.001,0.007,0,0.001,0.011,0.466,0.651,0.153,0.541,0.005,0.545,0.601,0.215,0.485,0.35,0.326,0.567,1.057,0.064,14.388
01:09.8,3675,0.541,0.388,-0.586,-0.462,-0.023,0.211,0.669,0.712,0.627,0.768,-0.126,0.009,-0.164,0.01,0.77,0.617,0.428,0.664,0.528,0.312,-0.371,-0.006,0.883,0.287,0.001,0.001,0.001,0.001,0.001,0.001,0.001,0.001,0.001,0.001,0.001,0.001,0.001,0.001,0.001,0.001,0.001,0.001,0.001,0.001,0.001,0.001,0.001,0.001,0.022,0.001,0.001,0.001,0.001,0.001,0.001,0.001,0.001,0.001,0.001,0.001,0.001,0.001,0.001,0.001,0.001,0.001,0.001,0.001,0.001,0.723,-0.084,-0.685,0.042,0.001,0,0.042,0.027,0.781,0.805,0.374,0.063,0,0.17,0.462,0.256,0.27,0.659,0.491,0.397,0.426,0,0.363,0.371,0.107,0.056,0.322,0.564,0.74,0.383,0.276,0.001,0.007,0,0.001,0.011,0.466,0.651,0.153,0.541,0.005,0.545,0.601,0.215,0.485,0.35,0.326,0.567,1.057,0.066,14.388
01:09.8,3676,0.544,0.386,-0.585,-0.462,-0.025,0.209,0.67,0.712,0.627,0.769,-0.126,0.012,-0.169,0.013,0.77,0.614,0.427,0.663,0.53,0.312,-0.371,-0.016,0.889,0.267,0.001,0.001,0.001,0.001,0.001,0.001,0.001,0.001,0.001,0.001,0.001,0.001,0.001,0.001,0.001,0.001,0.001,0.001,0.001,0.001,0.001,0.001,0.001,0.001,0.02,0.001,0.001,0.001,0.001,0.001,0.001,0.001,0.001,0.001,0.001,0.001,0.001,0.001,0.001,0.001,0.001,0.001,0.001,0.001,0.001,0.723,-0.084,-0.685,0.042,0.001,0,0.042,0.027,0.781,0.805,0.374,0.063,0,0.17,0.462,0.256,0.27,0.659,0.491,0.397,0.426,0,0.363,0.371,0.107,0.056,0.322,0.564,0.74,0.383,0.276,0.001,0.007,0,0.001,0.011,0.466,0.651,0.153,0.541,0.005,0.545,0.601,0.215,0.485,0.35,0.326,0.567,1.057,0.064,14.388
01:09.8,3677,0.547,0.383,-0.584,-0.462,-0.025,0.204,0.671,0.712,0.627,0.769,-0.126,0.014,-0.174,0.017,0.771,0.612,0.427,0.662,0.532,0.311,-0.369,-0.025,0.898,0.239,0.001,0.001,0.001,0.001,0.001,0.001,0.001,0.001,0.001,0.001,0.001,0.001,0.001,0.001,0.001,0.001,0.001,0.001,0.001,0.001,0.001,0.001,0.001,0,0.018,0.001,0.001,0.001,0.001,0.001,0.001,0.001,0.001,0.001,0.001,0.001,0.001,0.001,0.001,0.001,0.001,0.001,0.001,0.001,0.001,0.723,-0.084,-0.685,0.042,0.001,0,0.042,0.027,0.781,0.805,0.374,0.063,0,0.17,0.462,0.256,0.27,0.659,0.491,0.397,0.426,0,0.363,0.371,0.107,0.056,0.322,0.564,0.74,0.383,0.276,0.001,0.007,0,0.001,0.011,0.466,0.651,0.153,0.541,0.005,0.545,0.601,0.215,0.485,0.35,0.326,0.567,1.057,0.061,14.388
01:09.8,3678,0.549,0.38,-0.584,-0.461,-0.023,0.197,0.674,0.712,0.627,0.769,-0.126,0.016,-0.18,0.021,0.771,0.61,0.427,0.66,0.533,0.311,-0.369,-0.025,0.898,0.239,0.001,0.001,0.001,0.001,0.001,0.001,0.001,0.001,0.001,0.001,0.001,0.001,0.001,0.001,0.001,0.001,0.001,0.001,0.001,0.001,0.001,0.001,0.001,0,0.018,0.001,0.001,0.001,0.001,0.001,0.001,0.001,0.001,0.001,0.001,0.001,0.001,0.001,0.001,0.001,0.001,0.001,0.001,0.001,0.001,0.723,-0.084,-0.685,0.042,0.001,0,0.042,0.027,0.781,0.805,0.374,0.063,0,0.17,0.462,0.256,0.27,0.659,0.491,0.397,0.426,0,0.363,0.371,0.107,0.056,0.322,0.564,0.74,0.383,0.276,0.001,0.007,0,0.001,0.011,0.466,0.651,0.153,0.541,0.005,0.545,0.601,0.215,0.485,0.35,0.326,0.567,1.057,0.061,14.388
01:09.8,3679,0.551,0.376,-0.585,-0.461,-0.02,0.187,0.677,0.711,0.626,0.769,-0.126,0.017,-0.186,0.024,0.771,0.608,0.428,0.659,0.535,0.311,-0.369,-0.025,0.898,0.239,0.001,0.001,0.001,0.001,0.001,0.001,0.001,0.001,0.001,0.001,0.001,0.001,0.001,0.001,0.001,0.001,0.001,0.001,0.001,0.001,0.001,0.001,0.001,0,0.018,0.001,0.001,0.001,0.001,0.001,0.001,0.001,0.001,0.001,0.001,0.001,0.001,0.001,0.001,0.001,0.001,0.001,0.001,0.001,0.001,0.747,-0.082,-0.657,0.054,0,0,0.001,0.009,0.764,0.795,0.36,0.065,0.001,0.114,0.422,0.206,0.236,0.661,0.485,0.397,0.418,0,0.27,0.317,0.072,0.035,0.313,0.567,0.735,0.394,0.271,0,0.002,0,0.001,0.011,0.469,0.647,0.176,0.546,0.006,0.553,0.606,0.234,0.503,0.364,0.337,0.584,1.079,0.061,14.026
01:09.8,3680,0.552,0.372,-0.587,-0.461,-0.014,0.176,0.681,0.711,0.626,0.769,-0.127,0.019,-0.192,0.027,0.771,0.607,0.429,0.657,0.536,0.311,-0.369,-0.025,0.898,0.239,0.001,0.001,0.001,0.001,0.001,0.001,0.001,0.001,0.001,0.001,0.001,0.001,0.001,0.001,0.001,0.001,0.001,0.001,0.001,0.001,0.001,0.001,0.001,0,0.018,0.001,0.001,0.001,0.001,0.001,0.001,0.001,0.001,0.001,0.001,0.001,0.001,0.001,0.001,0.001,0.001,0.001,0.001,0.001,0.001,0.75,-0.084,-0.654,0.056,0,0,0,0,0.11,0.563,0.308,0.053,0,0,0.001,0,0,0.379,0.448,0.344,0.429,0,0.001,0,0.001,0,0.059,0.531,0.691,0.452,0.264,0,0,0,0.001,0.001,0.479,0.647,0.238,0.532,0.002,0.601,0.665,0.375,0.578,0.438,0.429,0.723,1.19,0.061,11.533
01:09.8,3681,0.552,0.368,-0.589,-0.462,-0.008,0.164,0.684,0.71,0.627,0.768,-0.127,0.02,-0.197,0.031,0.77,0.606,0.431,0.655,0.537,0.312,-0.369,-0.025,0.898,0.239,0.001,0.001,0.001,0.001,0.001,0.001,0.001,0.001,0.001,0.001,0.001,0.001,0.001,0.001,0.001,0.001,0.001,0.001,0.001,0.001,0.001,0.001,0.001,0,0.018,0.001,0.001,0.001,0.001,0.001,0.001,0.001,0.001,0.001,0.001,0.001,0.001,0.001,0.001,0.001,0.001,0.001,0.001,0.001,0.001,0.749,-0.079,-0.655,0.069,0,0,0.001,0,0.101,0.499,0.305,0.053,0,0,0.001,0,0,0.272,0.447,0.339,0.418,0,0.001,0,0,0,0.022,0.534,0.687,0.463,0.256,0,0,0,0,0.001,0.47,0.648,0.232,0.534,0.001,0.596,0.669,0.392,0.578,0.442,0.436,0.735,1.197,0.061,11.33
01:09.8,3682,0.55,0.364,-0.592,-0.463,-0.001,0.152,0.689,0.709,0.627,0.768,-0.127,0.021,-0.201,0.034,0.769,0.605,0.433,0.653,0.538,0.312,-0.369,-0.025,0.898,0.239,0.001,0.001,0.001,0.001,0.001,0.001,0.001,0.001,0.001,0.001,0.001,0.001,0.001,0.001,0.001,0.001,0.001,0.001,0.001,0.001,0.001,0.001,0.001,0,0.018,0.001,0.001,0.001,0.001,0.001,0.001,0.001,0.001,0.001,0.001,0.001,0.001,0.001,0.001,0.001,0.001,0.001,0.001,0.001,0.001,0.749,-0.079,-0.655,0.069,0,0,0.001,0,0.101,0.499,0.305,0.053,0,0,0.001,0,0,0.272,0.447,0.339,0.418,0,0.001,0,0,0,0.022,0.534,0.687,0.463,0.256,0,0,0,0,0.001,0.47,0.648,0.232,0.534,0.001,0.596,0.669,0.392,0.578,0.442,0.436,0.735,1.197,0.061,11.33
01:09.9,3683,0.546,0.362,-0.596,-0.464,0.004,0.146,0.692,0.707,0.628,0.767,-0.127,0.022,-0.206,0.037,0.768,0.605,0.433,0.651,0.539,0.313,-0.369,-0.025,0.898,0.239,0.001,0.001,0.001,0.001,0.001,0.001,0.001,0.001,0.001,0.001,0.001,0.001,0.001,0.001,0.001,0.001,0.001,0.001,0.001,0.001,0.001,0.001,0.001,0,0.018,0.001,0.001,0.001,0.001,0.001,0.001,0.001,0.001,0.001,0.001,0.001,0.001,0.001,0.001,0.001,0.001,0.001,0.001,0.001,0.001,0.749,-0.079,-0.655,0.069,0,0,0.001,0,0.101,0.499,0.305,0.053,0,0,0.001,0,0,0.272,0.447,0.339,0.418,0,0.001,0,0,0,0.022,0.534,0.687,0.463,0.256,0,0,0,0,0.001,0.47,0.648,0.232,0.534,0.001,0.596,0.669,0.392,0.578,0.442,0.436,0.735,1.197,0.061,11.33
01:09.9,3684,0.54,0.363,-0.599,-0.467,0.007,0.148,0.691,0.707,0.629,0.767,-0.126,0.021,-0.212,0.039,0.767,0.604,0.433,0.649,0.54,0.314,-0.381,0.034,0.906,0.181,0.001,0.001,0.001,0.001,0.001,0.001,0.001,0.001,0.001,0.001,0.001,0.001,0.001,0.001,0.001,0.001,0.001,0,0.001,0.001,0.001,0.001,0.001,0.001,0.018,0.001,0.001,0.001,0.001,0.001,0.001,0.001,0.001,0.001,0.001,0.001,0.001,0.001,0.001,0.001,0.001,0.001,0.001,0.001,0.001,0.749,-0.079,-0.655,0.069,0,0,0.001,0,0.101,0.499,0.305,0.053,0,0,0.001,0,0,0.272,0.447,0.339,0.418,0,0.001,0,0,0,0.022,0.534,0.687,0.463,0.256,0,0,0,0,0.001,0.47,0.648,0.232,0.534,0.001,0.596,0.669,0.392,0.578,0.442,0.436,0.735,1.197,0.061,11.33
01:09.9,3685,0.534,0.365,-0.602,-0.469,0.01,0.152,0.689,0.709,0.631,0.766,-0.124,0.02,-0.217,0.042,0.766,0.604,0.432,0.649,0.542,0.313,-0.39,0.045,0.908,0.147,0.84,0.78,0.414,0.001,0.001,0.001,0.001,0.001,0.836,0.864,0.713,0.001,0.001,0.001,0.001,0.001,0.001,0.418,0.823,0.402,0.001,0.001,0.001,0.001,0.023,0.001,0.001,0.221,0.002,0.001,0.001,0.001,0.001,0.001,0.001,0.001,0.001,0.001,0.001,0.001,0.001,0.001,0.001,0.001,0.001,0.749,-0.079,-0.655,0.069,0,0,0.001,0,0.101,0.499,0.305,0.053,0,0,0.001,0,0,0.272,0.447,0.339,0.418,0,0.001,0,0,0,0.022,0.534,0.687,0.463,0.256,0,0,0,0,0.001,0.47,0.648,0.232,0.534,0.001,0.596,0.669,0.392,0.578,0.442,0.436,0.735,1.197,6.369,11.33
01:09.9,3686,0.529,0.367,-0.602,-0.472,0.01,0.151,0.686,0.712,0.633,0.765,-0.121,0.019,-0.224,0.043,0.764,0.603,0.43,0.649,0.544,0.312,-0.39,0.045,0.908,0.147,0.84,0.78,0.414,0.001,0.001,0.001,0.001,0.001,0.836,0.864,0.713,0.001,0.001,0.001,0.001,0.001,0.001,0.418,0.823,0.402,0.001,0.001,0.001,0.001,0.023,0.001,0.001,0.221,0.002,0.001,0.001,0.001,0.001,0.001,0.001,0.001,0.001,0.001,0.001,0.001,0.001,0.001,0.001,0.001,0.001,0.749,-0.079,-0.655,0.069,0,0,0.001,0,0.101,0.499,0.305,0.053,0,0,0.001,0,0,0.272,0.447,0.339,0.418,0,0.001,0,0,0,0.022,0.534,0.687,0.463,0.256,0,0,0,0,0.001,0.47,0.648,0.232,0.534,0.001,0.596,0.669,0.392,0.578,0.442,0.436,0.735,1.197,6.369,11.33
01:09.9,3687,0.528,0.366,-0.601,-0.476,0.008,0.14,0.686,0.714,0.635,0.763,-0.117,0.016,-0.233,0.044,0.762,0.603,0.427,0.65,0.546,0.31,-0.39,0.045,0.908,0.147,0.84,0.78,0.414,0.001,0.001,0.001,0.001,0.001,0.836,0.864,0.713,0.001,0.001,0.001,0.001,0.001,0.001,0.418,0.823,0.402,0.001,0.001,0.001,0.001,0.023,0.001,0.001,0.221,0.002,0.001,0.001,0.001,0.001,0.001,0.001,0.001,0.001,0.001,0.001,0.001,0.001,0.001,0.001,0.001,0.001,0.749,-0.079,-0.655,0.069,0,0,0.001,0,0.101,0.499,0.305,0.053,0,0,0.001,0,0,0.272,0.447,0.339,0.418,0,0.001,0,0,0,0.022,0.534,0.687,0.463,0.256,0,0,0,0,0.001,0.47,0.648,0.232,0.534,0.001,0.596,0.669,0.392,0.578,0.442,0.436,0.735,1.197,6.369,11.33
01:09.9,3688,0.533,0.36,-0.598,-0.478,0.005,0.126,0.687,0.716,0.638,0.762,-0.112,0.012,-0.244,0.043,0.759,0.601,0.425,0.652,0.548,0.306,-0.39,0.045,0.908,0.147,0.84,0.78,0.414,0.001,0.001,0.001,0.001,0.001,0.836,0.864,0.713,0.001,0.001,0.001,0.001,0.001,0.001,0.418,0.823,0.402,0.001,0.001,0.001,0.001,0.023,0.001,0.001,0.221,0.002,0.001,0.001,0.001,0.001,0.001,0.001,0.001,0.001,0.001,0.001,0.001,0.001,0.001,0.001,0.001,0.001,0.749,-0.079,-0.655,0.069,0,0,0.001,0,0.101,0.499,0.305,0.053,0,0,0.001,0,0,0.272,0.447,0.339,0.418,0,0.001,0,0,0,0.022,0.534,0.687,0.463,0.256,0,0,0,0,0.001,0.47,0.648,0.232,0.534,0.001,0.596,0.669,0.392,0.578,0.442,0.436,0.735,1.197,6.369,11.33
01:09.9,3689,0.54,0.354,-0.597,-0.476,0.002,0.11,0.688,0.717,0.642,0.759,-0.105,0.006,-0.259,0.042,0.756,0.6,0.424,0.655,0.548,0.302,-0.39,0.045,0.908,0.147,0.84,0.78,0.414,0.001,0.001,0.001,0.001,0.001,0.836,0.864,0.713,0.001,0.001,0.001,0.001,0.001,0.001,0.418,0.823,0.402,0.001,0.001,0.001,0.001,0.023,0.001,0.001,0.221,0.002,0.001,0.001,0.001,0.001,0.001,0.001,0.001,0.001,0.001,0.001,0.001,0.001,0.001,0.001,0.001,0.001,0.751,-0.088,-0.643,0.123,0,0,0,0,0.096,0.408,0.295,0.048,0,0.001,0.002,0.001,0.001,0.236,0.448,0.331,0.414,0,0.001,0,0.001,0.001,0.012,0.537,0.684,0.459,0.256,0,0.001,0,0.001,0.001,0.463,0.653,0.239,0.531,0.001,0.593,0.669,0.403,0.578,0.444,0.442,0.745,1.2,6.369,11.196
01:09.9,3690,0.547,0.353,-0.596,-0.47,0,0.093,0.688,0.72,0.648,0.755,-0.096,0,-0.277,0.038,0.75,0.599,0.423,0.657,0.548,0.298,-0.39,0.045,0.908,0.147,0.84,0.78,0.414,0.001,0.001,0.001,0.001,0.001,0.836,0.864,0.713,0.001,0.001,0.001,0.001,0.001,0.001,0.418,0.823,0.402,0.001,0.001,0.001,0.001,0.023,0.001,0.001,0.221,0.002,0.001,0.001,0.001,0.001,0.001,0.001,0.001,0.001,0.001,0.001,0.001,0.001,0.001,0.001,0.001,0.001,0.751,-0.088,-0.643,0.123,0,0,0,0,0.096,0.408,0.295,0.048,0,0.001,0.002,0.001,0.001,0.236,0.448,0.331,0.414,0,0.001,0,0.001,0.001,0.012,0.537,0.684,0.459,0.256,0,0.001,0,0.001,0.001,0.463,0.653,0.239,0.531,0.001,0.593,0.669,0.403,0.578,0.444,0.442,0.745,1.2,6.369,11.196
01:09.9,3691,0.548,0.358,-0.595,-0.466,0,0.074,0.69,0.719,0.655,0.751,-0.086,-0.015,-0.294,0.033,0.744,0.599,0.423,0.659,0.548,0.295,-0.39,0.045,0.908,0.147,0.84,0.78,0.414,0.001,0.001,0.001,0.001,0.001,0.836,0.864,0.713,0.001,0.001,0.001,0.001,0.001,0.001,0.418,0.823,0.402,0.001,0.001,0.001,0.001,0.023,0.001,0.001,0.221,0.002,0.001,0.001,0.001,0.001,0.001,0.001,0.001,0.001,0.001,0.001,0.001,0.001,0.001,0.001,0.001,0.001,0.751,-0.088,-0.643,0.123,0,0,0,0,0.096,0.408,0.295,0.048,0,0.001,0.002,0.001,0.001,0.236,0.448,0.331,0.414,0,0.001,0,0.001,0.001,0.012,0.537,0.684,0.459,0.256,0,0.001,0,0.001,0.001,0.463,0.653,0.239,0.531,0.001,0.593,0.669,0.403,0.578,0.444,0.442,0.745,1.2,6.369,11.196
01:09.9,3692,0.54,0.367,-0.595,-0.469,0.001,0.058,0.699,0.713,0.662,0.745,-0.076,-0.015,-0.305,0.027,0.739,0.6,0.422,0.66,0.548,0.293,-0.39,0.045,0.908,0.147,0.84,0.78,0.414,0.001,0.001,0.001,0.001,0.001,0.836,0.864,0.713,0.001,0.001,0.001,0.001,0.001,0.001,0.418,0.823,0.402,0.001,0.001,0.001,0.001,0.023,0.001,0.001,0.221,0.002,0.001,0.001,0.001,0.001,0.001,0.001,0.001,0.001,0.001,0.001,0.001,0.001,0.001,0.001,0.001,0.001,0.753,-0.19,-0.623,0.098,0,0.001,0.001,0,0.001,0.001,0.092,0,0,0,0.001,0.001,0,0.018,0.253,0.117,0.341,0,0.001,0,0,0.001,0,0.241,0.371,0.322,0.203,0.001,0,0.001,0.001,0,0.236,0.473,0.12,0.48,0.001,0.38,0.466,0.346,0.567,0.275,0.148,0.383,0.978,6.369,6.822
01:10.0,3693,0.524,0.376,-0.596,-0.478,0.003,0.046,0.711,0.702,0.669,0.74,-0.065,-0.022,-0.309,0.022,0.736,0.602,0.42,0.661,0.548,0.293,-0.452,0.028,0.89,-0.054,0.901,0.838,0.745,0.001,0.001,0.001,0.001,0.001,0.81,0.85,0.808,0.001,0.001,0.001,0.001,0.001,0.001,0.363,0.842,0.575,0.001,0.001,0.001,0.001,0.032,0.001,0.001,0.221,0.002,0.001,0.001,0.001,0.001,0.001,0.001,0.001,0.001,0.001,0.001,0.001,0.001,0.001,0.001,0.001,0.001,0.753,-0.19,-0.623,0.098,0,0.001,0.001,0,0.001,0.001,0.092,0,0,0,0.001,0.001,0,0.018,0.253,0.117,0.341,0,0.001,0,0,0.001,0,0.241,0.371,0.322,0.203,0.001,0,0.001,0.001,0,0.236,0.473,0.12,0.48,0.001,0.38,0.466,0.346,0.567,0.275,0.148,0.383,0.978,7.02,6.822
01:10.0,3694,0.504,0.384,-0.6,-0.487,0.011,0.036,0.72,0.693,0.675,0.735,-0.053,-0.029,-0.307,0.02,0.736,0.603,0.417,0.661,0.55,0.294,-0.45,0.017,0.89,-0.071,0.95,0.844,0.872,0.702,0.735,0.637,0.477,0.006,0.565,0.829,0.847,0.41,0.09,0.375,0.442,0.187,0.221,0.237,0.861,0.722,0.095,0.004,0.081,0.324,0.598,0.002,0.001,0.22,0.153,0.002,0.001,0.002,0.247,0.067,0.001,0.001,0.001,0.232,0.004,0.001,0,0.034,0.001,0.001,0.001,0.753,-0.19,-0.623,0.098,0,0.001,0.001,0,0.001,0.001,0.092,0,0,0,0.001,0.001,0,0.018,0.253,0.117,0.341,0,0.001,0,0,0.001,0,0.241,0.371,0.322,0.203,0.001,0,0.001,0.001,0,0.236,0.473,0.12,0.48,0.001,0.38,0.466,0.346,0.567,0.275,0.148,0.383,0.978,13.083,6.822
01:10.0,3695,0.489,0.39,-0.607,-0.49,0.025,0.029,0.726,0.687,0.679,0.732,-0.043,-0.034,-0.302,0.022,0.738,0.603,0.413,0.661,0.551,0.296,-0.441,-0.003,0.892,-0.102,0.919,0.828,0.851,0.712,0.764,0.619,0.438,0.013,0.573,0.818,0.838,0.442,0.136,0.366,0.418,0.261,0.255,0.26,0.858,0.734,0.134,0.005,0.085,0.339,0.658,0.002,0.001,0.253,0.184,0.002,0.001,0.002,0.276,0.178,0.001,0.005,0.001,0.305,0.024,0.001,0.001,0.081,0,0.001,0.001,0.753,-0.19,-0.623,0.098,0,0.001,0.001,0,0.001,0.001,0.092,0,0,0,0.001,0.001,0,0.018,0.253,0.117,0.341,0,0.001,0,0,0.001,0,0.241,0.371,0.322,0.203,0.001,0,0.001,0.001,0,0.236,0.473,0.12,0.48,0.001,0.38,0.466,0.346,0.567,0.275,0.148,0.383,0.978,13.644,6.822
01:10.0,3696,0.481,0.395,-0.615,-0.484,0.045,0.025,0.73,0.681,0.681,0.73,-0.034,-0.038,-0.294,0.029,0.742,0.601,0.408,0.661,0.553,0.3,-0.435,-0.018,0.892,-0.122,0.904,0.817,0.839,0.717,0.768,0.6,0.416,0.029,0.575,0.81,0.832,0.454,0.171,0.36,0.424,0.283,0.258,0.278,0.858,0.742,0.178,0.006,0.094,0.357,0.716,0.004,0.001,0.271,0.201,0.004,0.002,0.002,0.289,0.265,0.001,0.031,0.001,0.328,0.077,0.001,0.001,0.101,0.001,0.001,0.001,0.753,-0.19,-0.623,0.098,0,0.001,0.001,0,0.001,0.001,0.092,0,0,0,0.001,0.001,0,0.018,0.253,0.117,0.341,0,0.001,0,0,0.001,0,0.241,0.371,0.322,0.203,0.001,0,0.001,0.001,0,0.236,0.473,0.12,0.48,0.001,0.38,0.466,0.346,0.567,0.275,0.148,0.383,0.978,14.069,6.822
01:10.0,3697,0.477,0.4,-0.621,-0.476,0.068,0.022,0.733,0.676,0.682,0.73,-0.025,-0.042,-0.287,0.039,0.748,0.597,0.403,0.662,0.554,0.304,-0.431,-0.037,0.89,-0.144,0.883,0.812,0.828,0.734,0.78,0.582,0.413,0.032,0.576,0.806,0.83,0.471,0.19,0.359,0.408,0.284,0.27,0.284,0.858,0.751,0.198,0.007,0.125,0.369,0.753,0.004,0.001,0.28,0.211,0.004,0.001,0.002,0.324,0.333,0.001,0.048,0.001,0.336,0.142,0.001,0.001,0.125,0.001,0.001,0.001,0.753,-0.19,-0.623,0.098,0,0.001,0.001,0,0.001,0.001,0.092,0,0,0,0.001,0.001,0,0.018,0.253,0.117,0.341,0,0.001,0,0,0.001,0,0.241,0.371,0.322,0.203,0.001,0,0.001,0.001,0,0.236,0.473,0.12,0.48,0.001,0.38,0.466,0.346,0.567,0.275,0.148,0.383,0.978,14.421,6.822
01:10.0,3698,0.474,0.406,-0.624,-0.47,0.086,0.021,0.734,0.674,0.682,0.73,-0.018,-0.048,-0.281,0.051,0.754,0.592,0.396,0.663,0.555,0.31,-0.431,-0.037,0.89,-0.144,0.883,0.812,0.828,0.734,0.78,0.582,0.413,0.032,0.576,0.806,0.83,0.471,0.19,0.359,0.408,0.284,0.27,0.284,0.858,0.751,0.198,0.007,0.125,0.369,0.753,0.004,0.001,0.28,0.211,0.004,0.001,0.002,0.324,0.333,0.001,0.048,0.001,0.336,0.142,0.001,0.001,0.125,0.001,0.001,0.001,0.753,-0.19,-0.623,0.098,0,0.001,0.001,0,0.001,0.001,0.092,0,0,0,0.001,0.001,0,0.018,0.253,0.117,0.341,0,0.001,0,0,0.001,0,0.241,0.371,0.322,0.203,0.001,0,0.001,0.001,0,0.236,0.473,0.12,0.48,0.001,0.38,0.466,0.346,0.567,0.275,0.148,0.383,0.978,14.421,6.822
01:10.0,3699,0.472,0.413,-0.624,-0.465,0.096,0.023,0.732,0.674,0.682,0.729,-0.011,-0.055,-0.277,0.064,0.759,0.585,0.39,0.664,0.555,0.315,-0.431,-0.037,0.89,-0.144,0.883,0.812,0.828,0.734,0.78,0.582,0.413,0.032,0.576,0.806,0.83,0.471,0.19,0.359,0.408,0.284,0.27,0.284,0.858,0.751,0.198,0.007,0.125,0.369,0.753,0.004,0.001,0.28,0.211,0.004,0.001,0.002,0.324,0.333,0.001,0.048,0.001,0.336,0.142,0.001,0.001,0.125,0.001,0.001,0.001,0.753,-0.19,-0.623,0.098,0,0.001,0.001,0,0.001,0.001,0.092,0,0,0,0.001,0.001,0,0.018,0.253,0.117,0.341,0,0.001,0,0,0.001,0,0.241,0.371,0.322,0.203,0.001,0,0.001,0.001,0,0.236,0.473,0.12,0.48,0.001,0.38,0.466,0.346,0.567,0.275,0.148,0.383,0.978,14.421,6.822
01:10.0,3700,0.471,0.421,-0.623,-0.462,0.094,0.024,0.731,0.676,0.683,0.728,-0.005,-0.064,-0.276,0.078,0.765,0.577,0.385,0.665,0.555,0.319,-0.431,-0.037,0.89,-0.144,0.883,0.812,0.828,0.734,0.78,0.582,0.413,0.032,0.576,0.806,0.83,0.471,0.19,0.359,0.408,0.284,0.27,0.284,0.858,0.751,0.198,0.007,0.125,0.369,0.753,0.004,0.001,0.28,0.211,0.004,0.001,0.002,0.324,0.333,0.001,0.048,0.001,0.336,0.142,0.001,0.001,0.125,0.001,0.001,0.001,0.661,-0.316,-0.623,0.272,0.001,0,0,0.001,0,0.001,0.065,0.001,0,0,0,0.001,0.001,0.046,0.189,0.049,0.23,0,0.001,0,0.001,0,0.016,0.145,0.212,0.165,0.219,0.001,0,0.001,0.001,0.001,0.121,0.272,0.02,0.553,0,0.294,0.243,0.149,0.53,0.227,0.015,0.263,0.851,14.421,4.886
01:10.0,3701,0.469,0.427,-0.621,-0.461,0.085,0.024,0.729,0.678,0.684,0.725,-0.001,-0.073,-0.277,0.09,0.77,0.567,0.382,0.666,0.554,0.322,-0.431,-0.037,0.89,-0.144,0.883,0.812,0.828,0.734,0.78,0.582,0.413,0.032,0.576,0.806,0.83,0.471,0.19,0.359,0.408,0.284,0.27,0.284,0.858,0.751,0.198,0.007,0.125,0.369,0.753,0.004,0.001,0.28,0.211,0.004,0.001,0.002,0.324,0.333,0.001,0.048,0.001,0.336,0.142,0.001,0.001,0.125,0.001,0.001,0.001,0.651,-0.311,-0.626,0.296,0,0,0.001,0,0.001,0.001,0,0,0,0.012,0.001,0,0,0,0,0,0,0.001,0.028,0.011,0.001,0,0,0,0.001,0,0,0,0.001,0,0,0,0,0,0,0.02,0,0,0,0,0.001,0.001,0.001,0,0.001,14.421,0.083
01:10.0,3702,0.468,0.434,-0.618,-0.46,0.075,0.022,0.73,0.679,0.686,0.723,0.003,-0.082,-0.281,0.099,0.775,0.557,0.379,0.666,0.554,0.325,-0.431,-0.037,0.89,-0.144,0.883,0.812,0.828,0.734,0.78,0.582,0.413,0.032,0.576,0.806,0.83,0.471,0.19,0.359,0.408,0.284,0.27,0.284,0.858,0.751,0.198,0.007,0.125,0.369,0.753,0.004,0.001,0.28,0.211,0.004,0.001,0.002,0.324,0.333,0.001,0.048,0.001,0.336,0.142,0.001,0.001,0.125,0.001,0.001,0.001,0.662,-0.301,-0.614,0.306,0,0,0.001,0,0,0.001,0,0.001,0,0,0.001,0,0.001,0.001,0.001,0,0,0.001,0.004,0.006,0,0.001,0,0,0.001,0.001,0,0,0,0,0,0,0,0.001,0,0.02,0.001,0.001,0,0,0,0.001,0,0.001,0.001,14.421,0.047
01:10.1,3703,0.466,0.441,-0.614,-0.46,0.068,0.016,0.731,0.679,0.689,0.719,0.007,-0.089,-0.287,0.105,0.778,0.549,0.377,0.667,0.554,0.326,-0.431,-0.037,0.89,-0.144,0.883,0.812,0.828,0.734,0.78,0.582,0.413,0.032,0.576,0.806,0.83,0.471,0.19,0.359,0.408,0.284,0.27,0.284,0.858,0.751,0.198,0.007,0.125,0.369,0.753,0.004,0.001,0.28,0.211,0.004,0.001,0.002,0.324,0.333,0.001,0.048,0.001,0.336,0.142,0.001,0.001,0.125,0.001,0.001,0.001,0.662,-0.301,-0.614,0.306,0,0,0.001,0,0,0.001,0,0.001,0,0,0.001,0,0.001,0.001,0.001,0,0,0.001,0.004,0.006,0,0.001,0,0,0.001,0.001,0,0,0,0,0,0,0,0.001,0,0.02,0.001,0.001,0,0,0,0.001,0,0.001,0.001,14.421,0.047
01:10.1,3704,0.462,0.448,-0.611,-0.46,0.069,0.009,0.732,0.677,0.691,0.716,0.01,-0.095,-0.295,0.11,0.779,0.542,0.376,0.668,0.554,0.326,-0.453,-0.104,0.861,-0.208,0.869,0.807,0.825,0.731,0.788,0.58,0.413,0.038,0.574,0.803,0.827,0.484,0.2,0.346,0.404,0.283,0.272,0.292,0.857,0.753,0.212,0.007,0.142,0.371,0.751,0.002,0.001,0.283,0.219,0.004,0.002,0.002,0.32,0.369,0.001,0.061,0.001,0.353,0.184,0.001,0.001,0.127,0.001,0.001,0.001,0.662,-0.301,-0.614,0.306,0,0,0.001,0,0,0.001,0,0.001,0,0,0.001,0,0.001,0.001,0.001,0,0,0.001,0.004,0.006,0,0.001,0,0,0.001,0.001,0,0,0,0,0,0,0,0.001,0,0.02,0.001,0.001,0,0,0,0.001,0,0.001,0.001,14.563,0.047
01:10.1,3705,0.457,0.456,-0.609,-0.461,0.08,0.004,0.734,0.675,0.693,0.714,0.012,-0.1,-0.304,0.111,0.78,0.536,0.375,0.668,0.554,0.326,-0.453,-0.104,0.861,-0.208,0.869,0.807,0.825,0.731,0.788,0.58,0.413,0.038,0.574,0.803,0.827,0.484,0.2,0.346,0.404,0.283,0.272,0.292,0.857,0.753,0.212,0.007,0.142,0.371,0.751,0.002,0.001,0.283,0.219,0.004,0.002,0.002,0.32,0.369,0.001,0.061,0.001,0.353,0.184,0.001,0.001,0.127,0.001,0.001,0.001,0.662,-0.301,-0.614,0.306,0,0,0.001,0,0,0.001,0,0.001,0,0,0.001,0,0.001,0.001,0.001,0,0,0.001,0.004,0.006,0,0.001,0,0,0.001,0.001,0,0,0,0,0,0,0,0.001,0,0.02,0.001,0.001,0,0,0,0.001,0,0.001,0.001,14.563,0.047
01:10.1,3706,0.449,0.463,-0.607,-0.464,0.095,0.002,0.734,0.672,0.695,0.712,0.014,-0.103,-0.316,0.107,0.779,0.53,0.374,0.668,0.555,0.326,-0.453,-0.104,0.861,-0.208,0.869,0.807,0.825,0.731,0.788,0.58,0.413,0.038,0.574,0.803,0.827,0.484,0.2,0.346,0.404,0.283,0.272,0.292,0.857,0.753,0.212,0.007,0.142,0.371,0.751,0.002,0.001,0.283,0.219,0.004,0.002,0.002,0.32,0.369,0.001,0.061,0.001,0.353,0.184,0.001,0.001,0.127,0.001,0.001,0.001,0.662,-0.301,-0.614,0.306,0,0,0.001,0,0,0.001,0,0.001,0,0,0.001,0,0.001,0.001,0.001,0,0,0.001,0.004,0.006,0,0.001,0,0,0.001,0.001,0,0,0,0,0,0,0,0.001,0,0.02,0.001,0.001,0,0,0,0.001,0,0.001,0.001,14.563,0.047
01:10.1,3707,0.44,0.47,-0.607,-0.467,0.11,0.003,0.735,0.669,0.696,0.71,0.016,-0.106,-0.327,0.101,0.778,0.527,0.373,0.668,0.556,0.326,-0.453,-0.104,0.861,-0.208,0.869,0.807,0.825,0.731,0.788,0.58,0.413,0.038,0.574,0.803,0.827,0.484,0.2,0.346,0.404,0.283,0.272,0.292,0.857,0.753,0.212,0.007,0.142,0.371,0.751,0.002,0.001,0.283,0.219,0.004,0.002,0.002,0.32,0.369,0.001,0.061,0.001,0.353,0.184,0.001,0.001,0.127,0.001,0.001,0.001,0.662,-0.301,-0.614,0.306,0,0,0.001,0,0,0.001,0,0.001,0,0,0.001,0,0.001,0.001,0.001,0,0,0.001,0.004,0.006,0,0.001,0,0,0.001,0.001,0,0,0,0,0,0,0,0.001,0,0.02,0.001,0.001,0,0,0,0.001,0,0.001,0.001,14.563,0.047
01:10.1,3708,0.43,0.475,-0.607,-0.47,0.12,0.007,0.735,0.667,0.698,0.708,0.019,-0.109,-0.337,0.094,0.774,0.527,0.372,0.667,0.557,0.326,-0.453,-0.104,0.861,-0.208,0.869,0.807,0.825,0.731,0.788,0.58,0.413,0.038,0.574,0.803,0.827,0.484,0.2,0.346,0.404,0.283,0.272,0.292,0.857,0.753,0.212,0.007,0.142,0.371,0.751,0.002,0.001,0.283,0.219,0.004,0.002,0.002,0.32,0.369,0.001,0.061,0.001,0.353,0.184,0.001,0.001,0.127,0.001,0.001,0.001,0.662,-0.301,-0.614,0.306,0,0,0.001,0,0,0.001,0,0.001,0,0,0.001,0,0.001,0.001,0.001,0,0,0.001,0.004,0.006,0,0.001,0,0,0.001,0.001,0,0,0,0,0,0,0,0.001,0,0.02,0.001,0.001,0,0,0,0.001,0,0.001,0.001,14.563,0.047
01:10.1,3709,0.419,0.478,-0.608,-0.475,0.121,0.012,0.736,0.666,0.699,0.706,0.022,-0.111,-0.344,0.087,0.771,0.528,0.371,0.667,0.557,0.327,-0.453,-0.104,0.861,-0.208,0.869,0.807,0.825,0.731,0.788,0.58,0.413,0.038,0.574,0.803,0.827,0.484,0.2,0.346,0.404,0.283,0.272,0.292,0.857,0.753,0.212,0.007,0.142,0.371,0.751,0.002,0.001,0.283,0.219,0.004,0.002,0.002,0.32,0.369,0.001,0.061,0.001,0.353,0.184,0.001,0.001,0.127,0.001,0.001,0.001,0.656,-0.265,-0.69,0.148,0.001,0,0,0.001,0.001,0,0,0,0,0,0.001,0.001,0.001,0,0,0.001,0,0,0.005,0,0,0,0.001,0.001,0,0.001,0.001,0,0,0,0,0.001,0,0,0,0.032,0,0.001,0,0,0.001,0.001,0.001,0.001,0.001,14.563,0.055
01:10.1,3710,0.409,0.48,-0.61,-0.479,0.116,0.017,0.737,0.665,0.7,0.704,0.025,-0.114,-0.35,0.08,0.768,0.53,0.371,0.667,0.557,0.328,-0.453,-0.104,0.861,-0.208,0.869,0.807,0.825,0.731,0.788,0.58,0.413,0.038,0.574,0.803,0.827,0.484,0.2,0.346,0.404,0.283,0.272,0.292,0.857,0.753,0.212,0.007,0.142,0.371,0.751,0.002,0.001,0.283,0.219,0.004,0.002,0.002,0.32,0.369,0.001,0.061,0.001,0.353,0.184,0.001,0.001,0.127,0.001,0.001,0.001,0.659,-0.249,-0.696,0.138,0,0.001,0,0.001,0,0,0.001,0,0,0,0.001,0,0,0,0,0.001,0,0,0.006,0,0.001,0,0,0,0.001,0,0,0.001,0,0,0,0,0.001,0,0,0.068,0.001,0,0,0,0,0.001,0,0.001,0,14.563,0.086
01:10.1,3711,0.401,0.481,-0.613,-0.482,0.11,0.02,0.738,0.666,0.701,0.703,0.028,-0.118,-0.354,0.073,0.766,0.531,0.37,0.667,0.556,0.329,-0.453,-0.104,0.861,-0.208,0.869,0.807,0.825,0.731,0.788,0.58,0.413,0.038,0.574,0.803,0.827,0.484,0.2,0.346,0.404,0.283,0.272,0.292,0.857,0.753,0.212,0.007,0.142,0.371,0.751,0.002,0.001,0.283,0.219,0.004,0.002,0.002,0.32,0.369,0.001,0.061,0.001,0.353,0.184,0.001,0.001,0.127,0.001,0.001,0.001,0.663,-0.233,-0.7,0.129,0,0,0,0.001,0,0,0.001,0,0.001,0,0,0.001,0,0,0,0,0,0,0.007,0.002,0.001,0,0.001,0.001,0.001,0,0.001,0.001,0,0.001,0,0,0.001,0.001,0,0.072,0.001,0.001,0,0,0.001,0,0,0,0,14.563,0.097
01:10.1,3712,0.395,0.48,-0.615,-0.484,0.105,0.022,0.738,0.666,0.702,0.701,0.03,-0.123,-0.358,0.066,0.765,0.532,0.369,0.668,0.555,0.329,-0.454,-0.203,0.813,-0.302,0.783,0.806,0.81,0.821,0.988,0.818,0.507,0.11,0.372,0.81,0.828,0.538,0.272,0.425,0.471,0.338,0.466,0.139,0.825,0.737,0.221,0.009,0.154,0.44,0.778,0.022,0.046,0.172,0.158,0.004,0.002,0.002,0.394,0.579,0.001,0.162,0.001,0.392,0.394,0.001,0.098,0.134,0.006,0.001,0.001,0.664,-0.218,-0.705,0.117,0,0.001,0,0,0,0,0,0.001,0,0,0,0.001,0,0,0.001,0.001,0,0,0.009,0.006,0.001,0,0,0,0,0,0,0,0.001,0.001,0,0.001,0.001,0.001,0,0.077,0.001,0.001,0,0,0,0,0,0,0,16.036,0.105
01:10.2,3713,0.391,0.479,-0.618,-0.486,0.104,0.022,0.739,0.665,0.703,0.699,0.032,-0.129,-0.361,0.058,0.764,0.531,0.368,0.67,0.554,0.33,-0.454,-0.203,0.813,-0.302,0.783,0.806,0.81,0.821,0.988,0.818,0.507,0.11,0.372,0.81,0.828,0.538,0.272,0.425,0.471,0.338,0.466,0.139,0.825,0.737,0.221,0.009,0.154,0.44,0.778,0.022,0.046,0.172,0.158,0.004,0.002,0.002,0.394,0.579,0.001,0.162,0.001,0.392,0.394,0.001,0.098,0.134,0.006,0.001,0.001,0.662,-0.204,-0.715,0.092,0,0,0,0,0,0,0.001,0,0,0,0.001,0,0,0,0.001,0,0,0,0.009,0.006,0.001,0,0,0.001,0,0,0,0,0,0,0,0,0,0.001,0,0.082,0,0,0.001,0,0,0.001,0,0.001,0,16.036,0.106
01:10.2,3714,0.388,0.477,-0.621,-0.485,0.108,0.021,0.739,0.664,0.703,0.697,0.034,-0.136,-0.364,0.049,0.763,0.532,0.367,0.672,0.552,0.331,-0.454,-0.203,0.813,-0.302,0.783,0.806,0.81,0.821,0.988,0.818,0.507,0.11,0.372,0.81,0.828,0.538,0.272,0.425,0.471,0.338,0.466,0.139,0.825,0.737,0.221,0.009,0.154,0.44,0.778,0.022,0.046,0.172,0.158,0.004,0.002,0.002,0.394,0.579,0.001,0.162,0.001,0.392,0.394,0.001,0.098,0.134,0.006,0.001,0.001,0.657,-0.195,-0.725,0.069,0,0.001,0,0,0.001,0.001,0,0.001,0.001,0.001,0,0.001,0,0,0.001,0,0,0.001,0.01,0.006,0,0,0.001,0,0,0,0.001,0.001,0.001,0,0.001,0.001,0,0.001,0.001,0.084,0,0,0,0,0,0.001,0,0,0,16.036,0.118
01:10.2,3715,0.387,0.475,-0.624,-0.484,0.113,0.021,0.739,0.663,0.704,0.695,0.034,-0.143,-0.364,0.041,0.762,0.533,0.365,0.674,0.549,0.333,-0.454,-0.203,0.813,-0.302,0.783,0.806,0.81,0.821,0.988,0.818,0.507,0.11,0.372,0.81,0.828,0.538,0.272,0.425,0.471,0.338,0.466,0.139,0.825,0.737,0.221,0.009,0.154,0.44,0.778,0.022,0.046,0.172,0.158,0.004,0.002,0.002,0.394,0.579,0.001,0.162,0.001,0.392,0.394,0.001,0.098,0.134,0.006,0.001,0.001,0.65,-0.174,-0.738,0.049,0,0.001,0,0.001,0.001,0.001,0.001,0,0,0.001,0,0,0,0,0,0,0.001,0,0.007,0.006,0,0.001,0,0,0,0,0,0,0,0,0,0.001,0,0,0,0.093,0.001,0,0,0,0,0,0.001,0,0,16.036,0.117
01:10.2,3716,0.386,0.474,-0.627,-0.483,0.119,0.022,0.74,0.662,0.703,0.694,0.034,-0.15,-0.362,0.032,0.761,0.537,0.364,0.676,0.547,0.334,-0.454,-0.203,0.813,-0.302,0.783,0.806,0.81,0.821,0.988,0.818,0.507,0.11,0.372,0.81,0.828,0.538,0.272,0.425,0.471,0.338,0.466,0.139,0.825,0.737,0.221,0.009,0.154,0.44,0.778,0.022,0.046,0.172,0.158,0.004,0.002,0.002,0.394,0.579,0.001,0.162,0.001,0.392,0.394,0.001,0.098,0.134,0.006,0.001,0.001,0.646,-0.155,-0.746,0.041,0,0.001,0,0,0.001,0,0,0,0,0,0,0.001,0,0,0,0.001,0.001,0,0.007,0.006,0,0.001,0,0.001,0.001,0.001,0.001,0.001,0,0.001,0,0.001,0.001,0.001,0,0.089,0.001,0,0,0,0,0,0.001,0,0,16.036,0.119
01:10.2,3717,0.386,0.473,-0.629,-0.482,0.122,0.024,0.74,0.661,0.703,0.693,0.033,-0.157,-0.358,0.022,0.76,0.542,0.362,0.679,0.544,0.335,-0.454,-0.203,0.813,-0.302,0.783,0.806,0.81,0.821,0.988,0.818,0.507,0.11,0.372,0.81,0.828,0.538,0.272,0.425,0.471,0.338,0.466,0.139,0.825,0.737,0.221,0.009,0.154,0.44,0.778,0.022,0.046,0.172,0.158,0.004,0.002,0.002,0.394,0.579,0.001,0.162,0.001,0.392,0.394,0.001,0.098,0.134,0.006,0.001,0.001,0.644,-0.122,-0.754,0.037,0,0.001,0.001,0.001,0.001,0,0,0,0,0.001,0.001,0,0,0.001,0,0,0,0,0.004,0.001,0,0.001,0.001,0,0,0.001,0,0,0,0,0,0,0,0,0,0.098,0.001,0,0.001,0.001,0,0,0,0,0,16.036,0.116
01:10.2,3718,0.385,0.472,-0.631,-0.481,0.123,0.027,0.74,0.66,0.702,0.692,0.031,-0.171,-0.351,0.012,0.759,0.548,0.36,0.681,0.542,0.337,-0.454,-0.203,0.813,-0.302,0.783,0.806,0.81,0.821,0.988,0.818,0.507,0.11,0.372,0.81,0.828,0.538,0.272,0.425,0.471,0.338,0.466,0.139,0.825,0.737,0.221,0.009,0.154,0.44,0.778,0.022,0.046,0.172,0.158,0.004,0.002,0.002,0.394,0.579,0.001,0.162,0.001,0.392,0.394,0.001,0.098,0.134,0.006,0.001,0.001,0.643,-0.095,-0.759,0.036,0,0.001,0.001,0,0.001,0,0,0.001,0,0,0,0,0,0.001,0,0,0,0,0.002,0.001,0,0.001,0,0,0.001,0,0,0,0.001,0,0,0,0.001,0.001,0,0.095,0.001,0,0,0,0,0.001,0.001,0.001,0.001,16.036,0.113
01:10.2,3719,0.384,0.471,-0.633,-0.48,0.121,0.03,0.741,0.66,0.701,0.692,0.029,-0.169,-0.342,0.002,0.758,0.555,0.357,0.683,0.539,0.338,-0.431,-0.284,0.771,-0.374,0.519,0.703,0.768,0.816,1.073,0.894,0.527,0.128,0.134,0.773,0.805,0.537,0.298,0.526,0.501,0.396,0.538,0.07,0.795,0.716,0.226,0.007,0.165,0.505,0.79,0.093,0.12,0.136,0.128,0.002,0.002,0.004,0.441,0.646,0.013,0.267,0.002,0.402,0.442,0.001,0.11,0.131,0.012,0.007,0.001,0.642,-0.069,-0.763,0.033,0,0.001,0,0,0,0.001,0,0,0,0,0,0.001,0,0,0,0,0.001,0,0.001,0,0,0.001,0,0.001,0.001,0,0,0,0,0,0,0,0.001,0,0,0.087,0,0,0.001,0,0.001,0.001,0,0.001,0.001,16.17,0.101
01:10.2,3720,0.383,0.47,-0.634,-0.479,0.117,0.031,0.742,0.66,0.7,0.692,0.026,-0.173,-0.333,-0.009,0.757,0.562,0.355,0.685,0.537,0.34,-0.424,-0.296,0.765,-0.384,0.197,0.507,0.629,0.65,0.995,0.867,0.476,0.144,0.022,0.695,0.747,0.515,0.325,0.568,0.484,0.451,0.457,0.068,0.79,0.719,0.309,0.028,0.199,0.525,0.8,0.133,0.187,0.2,0.198,0.004,0.002,0.005,0.47,0.64,0.12,0.451,0.002,0.47,0.482,0.131,0.227,0.195,0.042,0.204,0.001,0.639,-0.069,-0.766,0.007,0,0,0,0.001,0,0.001,0,0,0,0,0,0,0,0.001,0.001,0,0,0.001,0.001,0,0,0,0.001,0,0,0,0,0,0,0,0,0.001,0.001,0,0.001,0.087,0.001,0,0,0,0.001,0,0,0,0.001,16.331,0.1
01:10.2,3721,0.382,0.47,-0.636,-0.478,0.113,0.032,0.742,0.66,0.699,0.693,0.022,-0.175,-0.324,-0.019,0.756,0.569,0.354,0.687,0.535,0.341,-0.416,-0.309,0.759,-0.393,0.173,0.486,0.606,0.613,0.973,0.846,0.464,0.14,0.021,0.683,0.744,0.512,0.324,0.562,0.477,0.454,0.452,0.077,0.792,0.726,0.324,0.033,0.206,0.521,0.797,0.129,0.198,0.226,0.206,0.005,0.002,0.005,0.473,0.632,0.139,0.465,0.004,0.485,0.498,0.166,0.254,0.215,0.046,0.243,0.001,0.634,-0.069,-0.77,-0.021,0,0.001,0,0.001,0,0.001,0,0.001,0.001,0,0,0,0,0,0.001,0,0,0,0.001,0,0,0,0,0,0,0,0.001,0,0,0.001,0.001,0,0,0,0,0.077,0,0,0.001,0,0,0,0,0,0,16.398,0.088
01:10.2,3722,0.383,0.469,-0.637,-0.477,0.11,0.031,0.743,0.659,0.697,0.694,0.019,-0.176,-0.315,-0.029,0.754,0.576,0.352,0.689,0.533,0.343,-0.412,-0.317,0.755,-0.399,0.153,0.466,0.575,0.595,0.947,0.827,0.447,0.139,0.022,0.667,0.736,0.513,0.325,0.559,0.465,0.454,0.432,0.083,0.806,0.74,0.327,0.04,0.215,0.52,0.794,0.148,0.198,0.239,0.217,0.012,0.002,0.005,0.475,0.628,0.131,0.493,0.002,0.502,0.516,0.188,0.313,0.228,0.053,0.271,0.001,0.626,-0.071,-0.774,-0.058,0,0,0,0,0.001,0.001,0.001,0,0,0.001,0.001,0,0,0.001,0,0,0,0,0.001,0.001,0,0,0,0.001,0,0,0,0,0.001,0,0.001,0,0,0,0,0.079,0,0,0,0,0,0,0.001,0.001,0,16.469,0.092
01:10.3,3723,0.384,0.469,-0.638,-0.475,0.11,0.028,0.744,0.659,0.696,0.696,0.016,-0.177,-0.307,-0.039,0.752,0.582,0.351,0.69,0.531,0.344,-0.407,-0.33,0.749,-0.406,0.136,0.44,0.56,0.565,0.932,0.807,0.435,0.133,0.02,0.668,0.72,0.514,0.324,0.557,0.459,0.453,0.418,0.085,0.801,0.745,0.342,0.044,0.232,0.519,0.789,0.153,0.209,0.265,0.237,0.013,0.002,0.005,0.476,0.625,0.149,0.52,0.002,0.52,0.537,0.232,0.352,0.236,0.057,0.291,0.001,0.626,-0.071,-0.774,-0.058,0,0,0,0,0.001,0.001,0.001,0,0,0.001,0.001,0,0,0.001,0,0,0,0,0.001,0.001,0,0,0,0.001,0,0,0,0,0.001,0,0.001,0,0,0,0,0.079,0,0,0,0,0,0,0.001,0.001,0,16.58,0.092
01:10.3,3724,0.385,0.469,-0.639,-0.473,0.112,0.026,0.744,0.658,0.694,0.698,0.013,-0.176,-0.301,-0.049,0.75,0.587,0.35,0.691,0.53,0.346,-0.404,-0.338,0.745,-0.41,0.115,0.422,0.545,0.548,0.922,0.794,0.426,0.132,0.017,0.648,0.707,0.508,0.317,0.557,0.454,0.449,0.409,0.094,0.803,0.748,0.349,0.048,0.237,0.516,0.781,0.148,0.216,0.278,0.248,0.024,0.002,0.005,0.477,0.625,0.161,0.53,0.004,0.526,0.552,0.248,0.399,0.253,0.063,0.315,0.001,0.626,-0.071,-0.774,-0.058,0,0,0,0,0.001,0.001,0.001,0,0,0.001,0.001,0,0,0.001,0,0,0,0,0.001,0.001,0,0,0,0.001,0,0,0,0,0.001,0,0.001,0,0,0,0,0.079,0,0,0,0,0,0,0.001,0.001,0,16.621,0.092
01:10.3,3725,0.387,0.469,-0.639,-0.471,0.116,0.023,0.743,0.658,0.692,0.7,0.01,-0.176,-0.296,-0.06,0.747,0.592,0.349,0.692,0.528,0.348,-0.401,-0.346,0.74,-0.414,0.105,0.413,0.531,0.493,0.911,0.78,0.416,0.131,0.013,0.635,0.686,0.504,0.321,0.552,0.449,0.447,0.405,0.094,0.79,0.752,0.36,0.049,0.254,0.514,0.78,0.16,0.226,0.289,0.258,0.033,0.002,0.005,0.48,0.621,0.188,0.529,0.004,0.532,0.562,0.264,0.44,0.267,0.067,0.346,0.001,0.626,-0.071,-0.774,-0.058,0,0,0,0,0.001,0.001,0.001,0,0,0.001,0.001,0,0,0.001,0,0,0,0,0.001,0.001,0,0,0,0.001,0,0,0,0,0.001,0,0.001,0,0,0,0,0.079,0,0,0,0,0,0,0.001,0.001,0,16.659,0.092
01:10.3,3726,0.388,0.47,-0.638,-0.47,0.12,0.021,0.743,0.659,0.69,0.702,0.009,-0.176,-0.29,-0.071,0.744,0.598,0.348,0.692,0.527,0.349,-0.399,-0.353,0.736,-0.418,0.093,0.368,0.52,0.459,0.905,0.773,0.409,0.132,0.004,0.63,0.667,0.497,0.311,0.548,0.447,0.443,0.394,0.079,0.777,0.74,0.361,0.049,0.263,0.514,0.779,0.16,0.241,0.303,0.266,0.037,0.002,0.005,0.48,0.626,0.208,0.541,0.004,0.538,0.568,0.287,0.466,0.278,0.071,0.36,0.002,0.626,-0.071,-0.774,-0.058,0,0,0,0,0.001,0.001,0.001,0,0,0.001,0.001,0,0,0.001,0,0,0,0,0.001,0.001,0,0,0,0.001,0,0,0,0,0.001,0,0.001,0,0,0,0,0.079,0,0,0,0,0,0,0.001,0.001,0,16.605,0.092
01:10.3,3727,0.39,0.471,-0.637,-0.469,0.123,0.019,0.742,0.659,0.688,0.704,0.008,-0.176,-0.283,-0.082,0.74,0.604,0.348,0.693,0.526,0.35,-0.397,-0.36,0.731,-0.422,0.084,0.36,0.51,0.436,0.875,0.77,0.407,0.132,0.001,0.598,0.654,0.474,0.315,0.547,0.444,0.442,0.403,0.06,0.761,0.733,0.36,0.049,0.274,0.514,0.777,0.16,0.261,0.308,0.272,0.037,0.002,0.005,0.48,0.628,0.22,0.54,0.004,0.543,0.578,0.313,0.509,0.287,0.073,0.377,0.007,0.626,-0.071,-0.774,-0.058,0,0,0,0,0.001,0.001,0.001,0,0,0.001,0.001,0,0,0.001,0,0,0,0,0.001,0.001,0,0,0,0.001,0,0,0,0,0.001,0,0.001,0,0,0,0,0.079,0,0,0,0,0,0,0.001,0.001,0,16.584,0.092
01:10.3,3728,0.391,0.471,-0.636,-0.469,0.124,0.018,0.741,0.659,0.685,0.706,0.007,-0.177,-0.272,-0.092,0.736,0.613,0.347,0.693,0.525,0.351,-0.397,-0.36,0.731,-0.422,0.084,0.36,0.51,0.436,0.875,0.77,0.407,0.132,0.001,0.598,0.654,0.474,0.315,0.547,0.444,0.442,0.403,0.06,0.761,0.733,0.36,0.049,0.274,0.514,0.777,0.16,0.261,0.308,0.272,0.037,0.002,0.005,0.48,0.628,0.22,0.54,0.004,0.543,0.578,0.313,0.509,0.287,0.073,0.377,0.007,0.595,0.029,-0.795,-0.11,0,0,0.001,0.001,0.001,0,0,0.001,0,0,0.001,0,0,0,0,0,0,0,0.001,0,0.001,0,0,0.001,0,0,0,0.001,0,0.001,0,0,0,0,0,0.082,0,0,0,0.001,0,0,0.001,0,0,16.584,0.094
01:10.3,3729,0.391,0.472,-0.635,-0.47,0.125,0.017,0.741,0.659,0.683,0.708,0.007,-0.179,-0.259,-0.102,0.732,0.622,0.347,0.694,0.524,0.352,-0.397,-0.36,0.731,-0.422,0.084,0.36,0.51,0.436,0.875,0.77,0.407,0.132,0.001,0.598,0.654,0.474,0.315,0.547,0.444,0.442,0.403,0.06,0.761,0.733,0.36,0.049,0.274,0.514,0.777,0.16,0.261,0.308,0.272,0.037,0.002,0.005,0.48,0.628,0.22,0.54,0.004,0.543,0.578,0.313,0.509,0.287,0.073,0.377,0.007,0.593,0.051,-0.797,-0.101,0,0,0.001,0.001,0.001,0,0,0,0,0,0,0.001,0,0,0.001,0,0,0,0,0,0,0,0,0.001,0,0.001,0,0.001,0,0.001,0,0,0.001,0,0,0.057,0.001,0,0,0.001,0,0,0,0,0,16.584,0.069
01:10.3,3730,0.391,0.472,-0.634,-0.471,0.126,0.016,0.741,0.659,0.68,0.71,0.006,-0.18,-0.242,-0.111,0.728,0.631,0.348,0.694,0.523,0.353,-0.397,-0.36,0.731,-0.422,0.084,0.36,0.51,0.436,0.875,0.77,0.407,0.132,0.001,0.598,0.654,0.474,0.315,0.547,0.444,0.442,0.403,0.06,0.761,0.733,0.36,0.049,0.274,0.514,0.777,0.16,0.261,0.308,0.272,0.037,0.002,0.005,0.48,0.628,0.22,0.54,0.004,0.543,0.578,0.313,0.509,0.287,0.073,0.377,0.007,0.59,0.079,-0.799,-0.089,0.001,0.001,0.001,0,0.001,0,0,0,0,0,0.001,0.001,0,0.001,0,0,0.001,0,0.001,0.001,0,0.001,0,0,0.001,0.001,0,0,0,0,0.001,0.001,0,0.001,0.001,0.056,0,0,0,0,0,0,0.001,0,0.001,16.584,0.075
01:10.3,3731,0.391,0.472,-0.633,-0.473,0.127,0.015,0.741,0.659,0.678,0.712,0.004,-0.181,-0.225,-0.119,0.725,0.64,0.348,0.694,0.522,0.353,-0.397,-0.36,0.731,-0.422,0.084,0.36,0.51,0.436,0.875,0.77,0.407,0.132,0.001,0.598,0.654,0.474,0.315,0.547,0.444,0.442,0.403,0.06,0.761,0.733,0.36,0.049,0.274,0.514,0.777,0.16,0.261,0.308,0.272,0.037,0.002,0.005,0.48,0.628,0.22,0.54,0.004,0.543,0.578,0.313,0.509,0.287,0.073,0.377,0.007,0.588,0.098,-0.799,-0.08,0,0,0.001,0,0,0,0.001,0,0,0,0.001,0.001,0,0,0,0,0,0,0.001,0,0,0,0.001,0,0,0,0,0.001,0,0,0,0,0,0,0.001,0.057,0,0,0,0,0,0,0,0,0.001,16.584,0.066
01:10.3,3732,0.391,0.471,-0.633,-0.475,0.129,0.013,0.741,0.658,0.676,0.714,0.002,-0.181,-0.207,-0.125,0.721,0.649,0.349,0.694,0.522,0.352,-0.397,-0.36,0.731,-0.422,0.084,0.36,0.51,0.436,0.875,0.77,0.407,0.132,0.001,0.598,0.654,0.474,0.315,0.547,0.444,0.442,0.403,0.06,0.761,0.733,0.36,0.049,0.274,0.514,0.777,0.16,0.261,0.308,0.272,0.037,0.002,0.005,0.48,0.628,0.22,0.54,0.004,0.543,0.578,0.313,0.509,0.287,0.073,0.377,0.007,0.586,0.118,-0.798,-0.069,0.001,0.001,0,0,0,0.001,0,0,0.001,0.001,0,0,0,0,0,0,0,0.001,0,0,0,0.001,0,0,0,0.001,0,0,0,0.001,0,0,0,0,0,0.056,0,0.001,0.001,0.001,0.001,0,0.001,0,0,16.584,0.07
01:10.4,3733,0.392,0.469,-0.632,-0.477,0.132,0.012,0.741,0.658,0.675,0.715,0,-0.181,-0.189,-0.13,0.717,0.658,0.351,0.694,0.521,0.352,-0.397,-0.36,0.731,-0.422,0.084,0.36,0.51,0.436,0.875,0.77,0.407,0.132,0.001,0.598,0.654,0.474,0.315,0.547,0.444,0.442,0.403,0.06,0.761,0.733,0.36,0.049,0.274,0.514,0.777,0.16,0.261,0.308,0.272,0.037,0.002,0.005,0.48,0.628,0.22,0.54,0.004,0.543,0.578,0.313,0.509,0.287,0.073,0.377,0.007,0.586,0.132,-0.797,-0.061,0,0.001,0.001,0,0,0,0.001,0.001,0,0,0.001,0.001,0,0,0,0,0.001,0,0,0.001,0,0,0,0,0,0,0,0,0,0.001,0.001,0.001,0.001,0.001,0.001,0.057,0,0,0,0,0.001,0,0,0.001,0,16.584,0.073
01:10.4,3734,0.392,0.467,-0.632,-0.478,0.135,0.01,0.741,0.658,0.674,0.716,-0.003,-0.18,-0.172,-0.134,0.714,0.665,0.353,0.694,0.521,0.351,-0.372,-0.416,0.694,-0.455,0.068,0.348,0.505,0.41,0.847,0.764,0.4,0.131,0.001,0.575,0.637,0.457,0.306,0.547,0.443,0.44,0.399,0.049,0.742,0.719,0.35,0.05,0.277,0.512,0.775,0.173,0.264,0.306,0.274,0.037,0.002,0.005,0.481,0.629,0.226,0.543,0.004,0.547,0.584,0.341,0.537,0.294,0.074,0.388,0.012,0.585,0.149,-0.796,-0.051,0,0.001,0.001,0,0,0,0.001,0.001,0,0,0,0,0,0,0,0,0,0,0,0,0,0,0,0.001,0,0,0,0,0,0,0,0,0.001,0,0,0.059,0.001,0,0,0,0.001,0,0.001,0,0.001,16.473,0.069
01:10.4,3735,0.394,0.464,-0.632,-0.48,0.138,0.009,0.741,0.658,0.674,0.717,-0.005,-0.179,-0.157,-0.137,0.711,0.671,0.355,0.694,0.52,0.349,-0.368,-0.423,0.69,-0.459,0.001,0.035,0.292,0.037,0.504,0.565,0.358,0.132,0.001,0.302,0.492,0.173,0.137,0.507,0.432,0.432,0.429,0.001,0.52,0.54,0.214,0.016,0.309,0.504,0.753,0.231,0.328,0.115,0.177,0.001,0.001,0.004,0.491,0.639,0.306,0.591,0.004,0.584,0.657,0.574,0.676,0.359,0.092,0.348,0.176,0.585,0.149,-0.796,-0.051,0,0.001,0.001,0,0,0,0.001,0.001,0,0,0,0,0,0,0,0,0,0,0,0,0,0,0,0.001,0,0,0,0,0,0,0,0,0.001,0,0,0.059,0.001,0,0,0,0.001,0,0.001,0,0.001,14.04,0.069
01:10.4,3736,0.395,0.461,-0.631,-0.482,0.14,0.007,0.741,0.657,0.674,0.717,-0.007,-0.178,-0.144,-0.139,0.708,0.677,0.357,0.694,0.519,0.348,-0.364,-0.428,0.686,-0.462,0.001,0.016,0.243,0.001,0.454,0.538,0.344,0.128,0.001,0.234,0.46,0.109,0.117,0.466,0.429,0.429,0.411,0.001,0.449,0.526,0.171,0.001,0.298,0.505,0.75,0.232,0.332,0.081,0.132,0.001,0.001,0.004,0.495,0.639,0.309,0.595,0.002,0.591,0.667,0.586,0.681,0.37,0.095,0.408,0.192,0.585,0.149,-0.796,-0.051,0,0.001,0.001,0,0,0,0.001,0.001,0,0,0,0,0,0,0,0,0,0,0,0,0,0,0,0.001,0,0,0,0,0,0,0,0,0.001,0,0,0.059,0.001,0,0,0,0.001,0,0.001,0,0.001,13.495,0.069
01:10.4,3737,0.398,0.458,-0.632,-0.483,0.141,0.006,0.741,0.656,0.673,0.718,-0.009,-0.176,-0.134,-0.142,0.706,0.681,0.36,0.693,0.519,0.347,-0.36,-0.434,0.682,-0.465,0,0.002,0.195,0.001,0.431,0.488,0.32,0.125,0.001,0.197,0.415,0.072,0.077,0.416,0.425,0.429,0.41,0.001,0.36,0.492,0.123,0.001,0.282,0.505,0.751,0.228,0.346,0.043,0.083,0.001,0.001,0.002,0.499,0.641,0.314,0.59,0.002,0.6,0.672,0.601,0.684,0.382,0.098,0.427,0.222,0.585,0.149,-0.796,-0.051,0,0.001,0.001,0,0,0,0.001,0.001,0,0,0,0,0,0,0,0,0,0,0,0,0,0,0,0.001,0,0,0,0,0,0,0,0,0.001,0,0,0.059,0.001,0,0,0,0.001,0,0.001,0,0.001,12.955,0.069
01:10.4,3738,0.4,0.454,-0.632,-0.484,0.142,0.004,0.742,0.655,0.673,0.719,-0.01,-0.173,-0.125,-0.145,0.703,0.685,0.363,0.693,0.518,0.346,-0.354,-0.442,0.677,-0.47,0,0.002,0.094,0.001,0.397,0.435,0.284,0.123,0.001,0.139,0.341,0.042,0.054,0.374,0.42,0.425,0.403,0.001,0.299,0.451,0.066,0.001,0.25,0.507,0.748,0.226,0.343,0.031,0.071,0.001,0.001,0.002,0.507,0.642,0.311,0.575,0.002,0.613,0.678,0.629,0.7,0.398,0.106,0.441,0.256,0.585,0.149,-0.796,-0.051,0,0.001,0.001,0,0,0,0.001,0.001,0,0,0,0,0,0,0,0,0,0,0,0,0,0,0,0.001,0,0,0,0,0,0,0,0,0.001,0,0,0.059,0.001,0,0,0,0.001,0,0.001,0,0.001,12.391,0.069
01:10.4,3739,0.404,0.45,-0.633,-0.484,0.143,0.002,0.742,0.654,0.672,0.72,-0.011,-0.171,-0.117,-0.15,0.7,0.688,0.366,0.692,0.517,0.345,-0.354,-0.442,0.677,-0.47,0,0.002,0.094,0.001,0.397,0.435,0.284,0.123,0.001,0.139,0.341,0.042,0.054,0.374,0.42,0.425,0.403,0.001,0.299,0.451,0.066,0.001,0.25,0.507,0.748,0.226,0.343,0.031,0.071,0.001,0.001,0.002,0.507,0.642,0.311,0.575,0.002,0.613,0.678,0.629,0.7,0.398,0.106,0.441,0.256,0.585,0.149,-0.796,-0.051,0,0.001,0.001,0,0,0,0.001,0.001,0,0,0,0,0,0,0,0,0,0,0,0,0,0,0,0.001,0,0,0,0,0,0,0,0,0.001,0,0,0.059,0.001,0,0,0,0.001,0,0.001,0,0.001,12.391,0.069
01:10.4,3740,0.408,0.446,-0.633,-0.483,0.146,-0.001,0.743,0.653,0.672,0.721,-0.012,-0.169,-0.109,-0.155,0.697,0.692,0.37,0.692,0.515,0.345,-0.354,-0.442,0.677,-0.47,0,0.002,0.094,0.001,0.397,0.435,0.284,0.123,0.001,0.139,0.341,0.042,0.054,0.374,0.42,0.425,0.403,0.001,0.299,0.451,0.066,0.001,0.25,0.507,0.748,0.226,0.343,0.031,0.071,0.001,0.001,0.002,0.507,0.642,0.311,0.575,0.002,0.613,0.678,0.629,0.7,0.398,0.106,0.441,0.256,0.585,0.149,-0.796,-0.051,0,0.001,0.001,0,0,0,0.001,0.001,0,0,0,0,0,0,0,0,0,0,0,0,0,0,0,0.001,0,0,0,0,0,0,0,0,0.001,0,0,0.059,0.001,0,0,0,0.001,0,0.001,0,0.001,12.391,0.069
01:10.4,3741,0.412,0.442,-0.633,-0.484,0.148,-0.004,0.743,0.652,0.671,0.722,-0.013,-0.168,-0.101,-0.16,0.694,0.695,0.373,0.692,0.514,0.345,-0.354,-0.442,0.677,-0.47,0,0.002,0.094,0.001,0.397,0.435,0.284,0.123,0.001,0.139,0.341,0.042,0.054,0.374,0.42,0.425,0.403,0.001,0.299,0.451,0.066,0.001,0.25,0.507,0.748,0.226,0.343,0.031,0.071,0.001,0.001,0.002,0.507,0.642,0.311,0.575,0.002,0.613,0.678,0.629,0.7,0.398,0.106,0.441,0.256,0.573,0.212,-0.792,0.002,0.001,0.001,0.001,0,0.001,0.001,0,0.001,0,0.001,0.001,0,0,0,0.001,0.001,0.001,0,0.001,0.001,0,0,0,0.001,0.001,0.001,0.001,0,0,0.001,0.001,0.001,0.001,0,0.001,0.062,0,0.001,0.001,0,0,0.001,0,0,0,12.391,0.087
01:10.4,3742,0.415,0.439,-0.633,-0.485,0.151,-0.009,0.744,0.651,0.67,0.723,-0.014,-0.167,-0.093,-0.166,0.69,0.698,0.376,0.691,0.512,0.344,-0.354,-0.442,0.677,-0.47,0,0.002,0.094,0.001,0.397,0.435,0.284,0.123,0.001,0.139,0.341,0.042,0.054,0.374,0.42,0.425,0.403,0.001,0.299,0.451,0.066,0.001,0.25,0.507,0.748,0.226,0.343,0.031,0.071,0.001,0.001,0.002,0.507,0.642,0.311,0.575,0.002,0.613,0.678,0.629,0.7,0.398,0.106,0.441,0.256,0.574,0.219,-0.788,0.012,0,0,0,0,0,0,0,0,0.001,0,0,0.001,0,0.001,0,0,0.001,0,0,0.001,0,0,0,0.001,0.001,0,0,0,0.001,0.001,0.001,0.001,0.001,0.001,0.001,0.051,0,0,0.001,0.001,0,0,0.001,0,0.001,12.391,0.069
01:10.5,3743,0.416,0.436,-0.633,-0.486,0.154,-0.014,0.745,0.649,0.669,0.724,-0.015,-0.167,-0.086,-0.171,0.687,0.701,0.38,0.691,0.509,0.344,-0.354,-0.442,0.677,-0.47,0,0.002,0.094,0.001,0.397,0.435,0.284,0.123,0.001,0.139,0.341,0.042,0.054,0.374,0.42,0.425,0.403,0.001,0.299,0.451,0.066,0.001,0.25,0.507,0.748,0.226,0.343,0.031,0.071,0.001,0.001,0.002,0.507,0.642,0.311,0.575,0.002,0.613,0.678,0.629,0.7,0.398,0.106,0.441,0.256,0.577,0.228,-0.784,0.026,0,0.001,0.001,0.001,0,0,0.001,0,0,0,0,0,0,0,0,0,0,0,0,0,0.001,0,0.001,0,0.001,0.001,0,0.001,0,0,0,0.001,0,0,0.001,0.054,0,0.001,0,0.001,0.001,0.001,0,0.001,0.001,12.391,0.071
01:10.5,3744,0.416,0.433,-0.633,-0.488,0.158,-0.021,0.745,0.648,0.669,0.724,-0.017,-0.167,-0.08,-0.176,0.684,0.704,0.384,0.691,0.507,0.343,-0.354,-0.442,0.677,-0.47,0,0.002,0.094,0.001,0.397,0.435,0.284,0.123,0.001,0.139,0.341,0.042,0.054,0.374,0.42,0.425,0.403,0.001,0.299,0.451,0.066,0.001,0.25,0.507,0.748,0.226,0.343,0.031,0.071,0.001,0.001,0.002,0.507,0.642,0.311,0.575,0.002,0.613,0.678,0.629,0.7,0.398,0.106,0.441,0.256,0.577,0.233,-0.782,0.036,0,0.001,0.001,0,0,0.001,0.001,0,0,0.001,0,0.001,0.001,0.001,0,0.001,0,0,0,0,0.001,0,0.001,0.001,0,0.001,0,0,0,0,0.001,0.001,0.001,0,0.001,0.051,0.001,0,0,0,0,0,0,0.001,0,12.391,0.07
01:10.5,3745,0.414,0.432,-0.634,-0.49,0.163,-0.027,0.745,0.646,0.668,0.724,-0.019,-0.168,-0.074,-0.179,0.68,0.707,0.388,0.691,0.505,0.342,-0.326,-0.472,0.655,-0.491,0.001,0.002,0.067,0.001,0.374,0.408,0.28,0.123,0.001,0.105,0.305,0.029,0.042,0.35,0.416,0.422,0.399,0.001,0.287,0.419,0.044,0.001,0.248,0.508,0.745,0.228,0.337,0.017,0.059,0.001,0.001,0.002,0.508,0.642,0.309,0.581,0.002,0.618,0.685,0.631,0.705,0.402,0.106,0.441,0.269,0.574,0.24,-0.781,0.05,0.001,0,0.001,0.001,0.001,0,0,0.001,0,0.001,0.001,0.001,0.001,0.001,0,0,0,0.001,0,0.001,0,0,0,0.001,0,0.001,0.001,0,0,0.001,0,0.001,0,0,0.001,0.05,0.001,0,0.001,0,0.001,0.001,0.001,0,0.001,12.122,0.074
01:10.5,3746,0.412,0.431,-0.635,-0.491,0.168,-0.034,0.745,0.644,0.668,0.724,-0.021,-0.168,-0.07,-0.183,0.677,0.709,0.392,0.691,0.503,0.341,-0.324,-0.474,0.654,-0.493,0.001,0.001,0.001,0.001,0.115,0.031,0.179,0.101,0.001,0.001,0.021,0.001,0.004,0.024,0.317,0.386,0.375,0.001,0.001,0.002,0.001,0.001,0.104,0.469,0.698,0.221,0.309,0.001,0.001,0.001,0.001,0.001,0.499,0.637,0.331,0.56,0.001,0.676,0.744,0.664,0.781,0.521,0.172,0.482,0.46,0.57,0.246,-0.782,0.061,0,0,0,0.001,0.001,0,0,0.001,0,0.001,0,0,0,0,0,0,0,0,0.001,0,0,0,0,0,0,0,0.001,0,0,0,0.001,0,0,0,0.001,0.051,0.001,0,0,0.001,0,0,0.001,0,0.001,9.9,0.063
01:10.5,3747,0.409,0.429,-0.637,-0.493,0.173,-0.041,0.746,0.642,0.669,0.724,-0.023,-0.169,-0.065,-0.186,0.675,0.711,0.397,0.69,0.501,0.34,-0.32,-0.477,0.651,-0.496,0.001,0.001,0.001,0.001,0.095,0.017,0.175,0.103,0,0.001,0.028,0.001,0.001,0.011,0.314,0.381,0.386,0.001,0.001,0.001,0.001,0.001,0.121,0.459,0.697,0.231,0.308,0.001,0.001,0.001,0.001,0.001,0.493,0.628,0.328,0.564,0.001,0.679,0.747,0.654,0.791,0.534,0.178,0.485,0.482,0.563,0.255,-0.783,0.075,0.001,0,0,0,0,0.001,0,0,0.001,0,0,0.001,0.001,0.001,0.001,0,0,0,0,0.001,0.001,0.001,0,0.001,0.001,0.001,0.001,0.001,0,0,0.001,0,0,0,0,0.051,0,0,0,0,0.001,0,0.001,0.001,0,9.907,0.07
01:10.5,3748,0.406,0.428,-0.639,-0.494,0.177,-0.048,0.746,0.64,0.669,0.723,-0.025,-0.17,-0.059,-0.19,0.672,0.713,0.401,0.69,0.499,0.338,-0.319,-0.479,0.649,-0.497,0.001,0.001,0.001,0.001,0.074,0.012,0.172,0.103,0.001,0.001,0.033,0.001,0.005,0.007,0.31,0.376,0.398,0.001,0.001,0.012,0.001,0.001,0.147,0.452,0.694,0.236,0.315,0.001,0.001,0.001,0.001,0.001,0.479,0.62,0.338,0.571,0.001,0.685,0.758,0.663,0.794,0.546,0.187,0.481,0.495,0.558,0.262,-0.783,0.084,0,0.001,0.001,0,0.001,0,0.001,0,0,0.001,0.001,0,0.001,0,0,0.001,0.001,0,0,0.001,0,0.001,0,0.001,0.001,0,0,0,0,0,0,0,0,0,0,0.053,0,0,0,0,0,0,0,0.001,0.001,9.98,0.068
01:10.5,3749,0.403,0.428,-0.641,-0.493,0.181,-0.056,0.746,0.639,0.67,0.722,-0.027,-0.17,-0.052,-0.193,0.669,0.716,0.405,0.689,0.497,0.337,-0.316,-0.482,0.645,-0.501,0.001,0.001,0.001,0.001,0.073,0.012,0.168,0.107,0.001,0.001,0.032,0.001,0.001,0.001,0.303,0.377,0.41,0.001,0.001,0.012,0.001,0.001,0.134,0.444,0.686,0.247,0.322,0.001,0.001,0.001,0.001,0.001,0.474,0.611,0.331,0.573,0.001,0.692,0.761,0.651,0.81,0.562,0.198,0.482,0.51,0.558,0.262,-0.783,0.084,0,0.001,0.001,0,0.001,0,0.001,0,0,0.001,0.001,0,0.001,0,0,0.001,0.001,0,0,0.001,0,0.001,0,0.001,0.001,0,0,0,0,0,0,0,0,0,0,0.053,0,0,0,0,0,0,0,0.001,0.001,10.001,0.068
01:10.5,3750,0.401,0.428,-0.643,-0.492,0.185,-0.064,0.746,0.637,0.671,0.721,-0.029,-0.17,-0.046,-0.195,0.667,0.718,0.409,0.688,0.496,0.336,-0.316,-0.482,0.645,-0.501,0.001,0.001,0.001,0.001,0.073,0.012,0.168,0.107,0.001,0.001,0.032,0.001,0.001,0.001,0.303,0.377,0.41,0.001,0.001,0.012,0.001,0.001,0.134,0.444,0.686,0.247,0.322,0.001,0.001,0.001,0.001,0.001,0.474,0.611,0.331,0.573,0.001,0.692,0.761,0.651,0.81,0.562,0.198,0.482,0.51,0.558,0.262,-0.783,0.084,0,0.001,0.001,0,0.001,0,0.001,0,0,0.001,0.001,0,0.001,0,0,0.001,0.001,0,0,0.001,0,0.001,0,0.001,0.001,0,0,0,0,0,0,0,0,0,0,0.053,0,0,0,0,0,0,0,0.001,0.001,10.001,0.068
01:10.5,3751,0.4,0.428,-0.645,-0.49,0.191,-0.071,0.746,0.634,0.671,0.721,-0.029,-0.169,-0.041,-0.196,0.665,0.72,0.414,0.687,0.494,0.335,-0.316,-0.482,0.645,-0.501,0.001,0.001,0.001,0.001,0.073,0.012,0.168,0.107,0.001,0.001,0.032,0.001,0.001,0.001,0.303,0.377,0.41,0.001,0.001,0.012,0.001,0.001,0.134,0.444,0.686,0.247,0.322,0.001,0.001,0.001,0.001,0.001,0.474,0.611,0.331,0.573,0.001,0.692,0.761,0.651,0.81,0.562,0.198,0.482,0.51,0.558,0.262,-0.783,0.084,0,0.001,0.001,0,0.001,0,0.001,0,0,0.001,0.001,0,0.001,0,0,0.001,0.001,0,0,0.001,0,0.001,0,0.001,0.001,0,0,0,0,0,0,0,0,0,0,0.053,0,0,0,0,0,0,0,0.001,0.001,10.001,0.068
01:10.5,3752,0.4,0.43,-0.645,-0.489,0.198,-0.079,0.745,0.632,0.672,0.721,-0.029,-0.167,-0.037,-0.197,0.663,0.721,0.417,0.687,0.493,0.333,-0.316,-0.482,0.645,-0.501,0.001,0.001,0.001,0.001,0.073,0.012,0.168,0.107,0.001,0.001,0.032,0.001,0.001,0.001,0.303,0.377,0.41,0.001,0.001,0.012,0.001,0.001,0.134,0.444,0.686,0.247,0.322,0.001,0.001,0.001,0.001,0.001,0.474,0.611,0.331,0.573,0.001,0.692,0.761,0.651,0.81,0.562,0.198,0.482,0.51,0.558,0.262,-0.783,0.084,0,0.001,0.001,0,0.001,0,0.001,0,0,0.001,0.001,0,0.001,0,0,0.001,0.001,0,0,0.001,0,0.001,0,0.001,0.001,0,0,0,0,0,0,0,0,0,0,0.053,0,0,0,0,0,0,0,0.001,0.001,10.001,0.068
01:10.6,3753,0.398,0.431,-0.645,-0.489,0.205,-0.086,0.745,0.629,0.673,0.721,-0.028,-0.164,-0.034,-0.196,0.662,0.723,0.419,0.687,0.492,0.331,-0.316,-0.482,0.645,-0.501,0.001,0.001,0.001,0.001,0.073,0.012,0.168,0.107,0.001,0.001,0.032,0.001,0.001,0.001,0.303,0.377,0.41,0.001,0.001,0.012,0.001,0.001,0.134,0.444,0.686,0.247,0.322,0.001,0.001,0.001,0.001,0.001,0.474,0.611,0.331,0.573,0.001,0.692,0.761,0.651,0.81,0.562,0.198,0.482,0.51,0.558,0.262,-0.783,0.084,0,0.001,0.001,0,0.001,0,0.001,0,0,0.001,0.001,0,0.001,0,0,0.001,0.001,0,0,0.001,0,0.001,0,0.001,0.001,0,0,0,0,0,0,0,0,0,0,0.053,0,0,0,0,0,0,0,0.001,0.001,10.001,0.068
01:10.6,3754,0.395,0.433,-0.644,-0.491,0.212,-0.093,0.744,0.627,0.674,0.721,-0.026,-0.162,-0.033,-0.195,0.661,0.723,0.419,0.689,0.491,0.328,-0.316,-0.482,0.645,-0.501,0.001,0.001,0.001,0.001,0.073,0.012,0.168,0.107,0.001,0.001,0.032,0.001,0.001,0.001,0.303,0.377,0.41,0.001,0.001,0.012,0.001,0.001,0.134,0.444,0.686,0.247,0.322,0.001,0.001,0.001,0.001,0.001,0.474,0.611,0.331,0.573,0.001,0.692,0.761,0.651,0.81,0.562,0.198,0.482,0.51,0.558,0.262,-0.783,0.084,0,0.001,0.001,0,0.001,0,0.001,0,0,0.001,0.001,0,0.001,0,0,0.001,0.001,0,0,0.001,0,0.001,0,0.001,0.001,0,0,0,0,0,0,0,0,0,0,0.053,0,0,0,0,0,0,0,0.001,0.001,10.001,0.068
01:10.6,3755,0.39,0.435,-0.644,-0.494,0.219,-0.099,0.743,0.625,0.674,0.72,-0.024,-0.161,-0.032,-0.194,0.661,0.724,0.419,0.691,0.491,0.325,-0.316,-0.482,0.645,-0.501,0.001,0.001,0.001,0.001,0.073,0.012,0.168,0.107,0.001,0.001,0.032,0.001,0.001,0.001,0.303,0.377,0.41,0.001,0.001,0.012,0.001,0.001,0.134,0.444,0.686,0.247,0.322,0.001,0.001,0.001,0.001,0.001,0.474,0.611,0.331,0.573,0.001,0.692,0.761,0.651,0.81,0.562,0.198,0.482,0.51,0.562,0.297,-0.755,0.16,0.001,0.001,0.001,0,0,0,0,0,0.001,0,0,0,0,0.001,0,0.001,0,0,0,0.001,0,0.001,0.001,0,0.001,0.001,0,0,0,0,0.001,0,0.001,0.001,0,0.053,0,0,0,0.001,0.001,0.001,0,0,0,10.001,0.07
01:10.6,3756,0.384,0.437,-0.643,-0.499,0.225,-0.104,0.742,0.623,0.674,0.72,-0.022,-0.162,-0.032,-0.191,0.661,0.725,0.419,0.694,0.489,0.321,-0.294,-0.512,0.619,-0.518,0.001,0.001,0.001,0.001,0.072,0.007,0.161,0.109,0.001,0.001,0.032,0.001,0.001,0.001,0.3,0.376,0.416,0.001,0.001,0.013,0.001,0.001,0.12,0.44,0.681,0.255,0.321,0.001,0.001,0.001,0.001,0.001,0.475,0.608,0.327,0.573,0.001,0.696,0.766,0.654,0.811,0.57,0.199,0.49,0.526,0.562,0.293,-0.754,0.17,0,0,0,0.001,0,0,0.001,0,0,0,0.001,0,0,0,0.001,0,0.001,0.001,0.001,0.001,0,0,0.001,0.001,0,0.001,0.001,0,0.001,0.001,0.001,0,0,0,0,0.055,0,0.001,0.001,0,0,0.001,0,0,0,10.017,0.073
01:10.6,3757,0.378,0.438,-0.642,-0.503,0.231,-0.109,0.74,0.622,0.673,0.721,-0.019,-0.166,-0.032,-0.189,0.662,0.725,0.417,0.698,0.488,0.318,-0.294,-0.512,0.619,-0.518,0.001,0.001,0.001,0.001,0.072,0.007,0.161,0.109,0.001,0.001,0.032,0.001,0.001,0.001,0.3,0.376,0.416,0.001,0.001,0.013,0.001,0.001,0.12,0.44,0.681,0.255,0.321,0.001,0.001,0.001,0.001,0.001,0.475,0.608,0.327,0.573,0.001,0.696,0.766,0.654,0.811,0.57,0.199,0.49,0.526,0.56,0.288,-0.755,0.185,0,0,0,0.001,0.001,0.001,0,0,0,0.001,0,0,0.001,0,0.001,0,0,0,0.001,0,0,0.001,0,0.001,0.001,0.001,0,0,0,0,0,0.001,0.001,0.001,0,0.054,0.001,0,0,0,0.001,0.001,0,0,0,10.017,0.071
01:10.6,3758,0.372,0.437,-0.642,-0.508,0.238,-0.113,0.738,0.621,0.672,0.721,-0.016,-0.171,-0.032,-0.185,0.664,0.724,0.415,0.701,0.487,0.314,-0.294,-0.512,0.619,-0.518,0.001,0.001,0.001,0.001,0.072,0.007,0.161,0.109,0.001,0.001,0.032,0.001,0.001,0.001,0.3,0.376,0.416,0.001,0.001,0.013,0.001,0.001,0.12,0.44,0.681,0.255,0.321,0.001,0.001,0.001,0.001,0.001,0.475,0.608,0.327,0.573,0.001,0.696,0.766,0.654,0.811,0.57,0.199,0.49,0.526,0.557,0.283,-0.756,0.197,0,0,0.001,0,0,0,0.001,0,0,0,0,0.001,0,0.001,0,0.001,0,0,0,0.001,0.001,0,0.001,0,0,0,0,0,0.001,0.001,0,0,0.001,0,0,0.048,0,0,0,0,0.001,0,0.001,0,0.001,10.017,0.062
01:10.6,3759,0.367,0.436,-0.641,-0.513,0.244,-0.116,0.736,0.62,0.67,0.72,-0.013,-0.176,-0.033,-0.18,0.666,0.723,0.413,0.705,0.486,0.311,-0.294,-0.512,0.619,-0.518,0.001,0.001,0.001,0.001,0.072,0.007,0.161,0.109,0.001,0.001,0.032,0.001,0.001,0.001,0.3,0.376,0.416,0.001,0.001,0.013,0.001,0.001,0.12,0.44,0.681,0.255,0.321,0.001,0.001,0.001,0.001,0.001,0.475,0.608,0.327,0.573,0.001,0.696,0.766,0.654,0.811,0.57,0.199,0.49,0.526,0.557,0.283,-0.756,0.197,0,0,0.001,0,0,0,0.001,0,0,0,0,0.001,0,0.001,0,0.001,0,0,0,0.001,0.001,0,0.001,0,0,0,0,0,0.001,0.001,0,0,0.001,0,0,0.048,0,0,0,0,0.001,0,0.001,0,0.001,10.017,0.062
01:10.6,3760,0.363,0.434,-0.641,-0.518,0.251,-0.118,0.734,0.62,0.669,0.72,-0.01,-0.183,-0.035,-0.174,0.669,0.722,0.411,0.708,0.484,0.309,-0.294,-0.512,0.619,-0.518,0.001,0.001,0.001,0.001,0.072,0.007,0.161,0.109,0.001,0.001,0.032,0.001,0.001,0.001,0.3,0.376,0.416,0.001,0.001,0.013,0.001,0.001,0.12,0.44,0.681,0.255,0.321,0.001,0.001,0.001,0.001,0.001,0.475,0.608,0.327,0.573,0.001,0.696,0.766,0.654,0.811,0.57,0.199,0.49,0.526,0.557,0.283,-0.756,0.197,0,0,0.001,0,0,0,0.001,0,0,0,0,0.001,0,0.001,0,0.001,0,0,0,0.001,0.001,0,0.001,0,0,0,0,0,0.001,0.001,0,0,0.001,0,0,0.048,0,0,0,0,0.001,0,0.001,0,0.001,10.017,0.062
01:10.6,3761,0.359,0.431,-0.641,-0.523,0.258,-0.12,0.732,0.619,0.667,0.72,-0.008,-0.189,-0.038,-0.166,0.673,0.72,0.41,0.71,0.483,0.307,-0.294,-0.512,0.619,-0.518,0.001,0.001,0.001,0.001,0.072,0.007,0.161,0.109,0.001,0.001,0.032,0.001,0.001,0.001,0.3,0.376,0.416,0.001,0.001,0.013,0.001,0.001,0.12,0.44,0.681,0.255,0.321,0.001,0.001,0.001,0.001,0.001,0.475,0.608,0.327,0.573,0.001,0.696,0.766,0.654,0.811,0.57,0.199,0.49,0.526,0.557,0.283,-0.756,0.197,0,0,0.001,0,0,0,0.001,0,0,0,0,0.001,0,0.001,0,0.001,0,0,0,0.001,0.001,0,0.001,0,0,0,0,0,0.001,0.001,0,0,0.001,0,0,0.048,0,0,0,0,0.001,0,0.001,0,0.001,10.017,0.062
01:10.6,3762,0.356,0.428,-0.641,-0.529,0.266,-0.121,0.729,0.619,0.666,0.72,-0.008,-0.193,-0.041,-0.158,0.677,0.717,0.41,0.712,0.481,0.306,-0.294,-0.512,0.619,-0.518,0.001,0.001,0.001,0.001,0.072,0.007,0.161,0.109,0.001,0.001,0.032,0.001,0.001,0.001,0.3,0.376,0.416,0.001,0.001,0.013,0.001,0.001,0.12,0.44,0.681,0.255,0.321,0.001,0.001,0.001,0.001,0.001,0.475,0.608,0.327,0.573,0.001,0.696,0.766,0.654,0.811,0.57,0.199,0.49,0.526,0.557,0.283,-0.756,0.197,0,0,0.001,0,0,0,0.001,0,0,0,0,0.001,0,0.001,0,0.001,0,0,0,0.001,0.001,0,0.001,0,0,0,0,0,0.001,0.001,0,0,0.001,0,0,0.048,0,0,0,0,0.001,0,0.001,0,0.001,10.017,0.062
01:10.7,3763,0.352,0.424,-0.641,-0.534,0.273,-0.121,0.727,0.618,0.665,0.72,-0.009,-0.196,-0.043,-0.149,0.682,0.715,0.411,0.713,0.479,0.305,-0.294,-0.512,0.619,-0.518,0.001,0.001,0.001,0.001,0.072,0.007,0.161,0.109,0.001,0.001,0.032,0.001,0.001,0.001,0.3,0.376,0.416,0.001,0.001,0.013,0.001,0.001,0.12,0.44,0.681,0.255,0.321,0.001,0.001,0.001,0.001,0.001,0.475,0.608,0.327,0.573,0.001,0.696,0.766,0.654,0.811,0.57,0.199,0.49,0.526,0.557,0.283,-0.756,0.197,0,0,0.001,0,0,0,0.001,0,0,0,0,0.001,0,0.001,0,0.001,0,0,0,0.001,0.001,0,0.001,0,0,0,0,0,0.001,0.001,0,0,0.001,0,0,0.048,0,0,0,0,0.001,0,0.001,0,0.001,10.017,0.062
01:10.7,3764,0.348,0.42,-0.642,-0.539,0.281,-0.122,0.724,0.618,0.665,0.72,-0.012,-0.197,-0.046,-0.141,0.687,0.711,0.412,0.715,0.477,0.304,-0.277,-0.532,0.609,-0.518,0.001,0.001,0.001,0.001,0.065,0.101,0.194,0.128,0.001,0.001,0.001,0.001,0.001,0.063,0.337,0.375,0.438,0,0.001,0.001,0.001,0.001,0.039,0.443,0.667,0.294,0.341,0.001,0.001,0.001,0.001,0.001,0.462,0.57,0.35,0.547,0,0.68,0.789,0.731,0.873,0.609,0.233,0.492,0.65,0.557,0.283,-0.756,0.197,0,0,0.001,0,0,0,0.001,0,0,0,0,0.001,0,0.001,0,0.001,0,0,0,0.001,0.001,0,0.001,0,0,0,0,0,0.001,0.001,0,0,0.001,0,0,0.048,0,0,0,0,0.001,0,0.001,0,0.001,10.489,0.062
01:10.7,3765,0.345,0.415,-0.643,-0.544,0.289,-0.121,0.722,0.617,0.666,0.72,-0.018,-0.195,-0.047,-0.14,0.691,0.707,0.414,0.716,0.474,0.304,-0.275,-0.535,0.609,-0.517,0.001,0.001,0.001,0.001,0.002,0.049,0.238,0.162,0.001,0,0.001,0,0.001,0.001,0.389,0.383,0.484,0.001,0.001,0.001,0.001,0.001,0.016,0.469,0.656,0.363,0.418,0.001,0.001,0.001,0.001,0.001,0.427,0.552,0.372,0.493,0.001,0.643,0.801,0.83,0.943,0.53,0.233,0.35,0.63,0.555,0.209,-0.766,0.247,0,0.001,0.001,0,0,0.001,0,0,0,0,0,0.001,0,0.001,0,0,0.001,0,0,0,0,0.001,0.001,0,0,0.001,0,0,0.001,0,0.001,0.001,0,0.001,0.001,0.05,0.001,0,0,0.001,0,0,0.001,0,0,10.452,0.067
01:10.7,3766,0.341,0.411,-0.644,-0.548,0.296,-0.121,0.72,0.616,0.667,0.719,-0.028,-0.191,-0.049,-0.152,0.692,0.704,0.417,0.717,0.47,0.303,-0.272,-0.538,0.608,-0.516,0.001,0.001,0.001,0.001,0.001,0.001,0.221,0.16,0.001,0.001,0.001,0.001,0.001,0.002,0.366,0.374,0.488,0.001,0.001,0.001,0.001,0.001,0.021,0.447,0.652,0.364,0.43,0.001,0.001,0.001,0.001,0.001,0.421,0.556,0.377,0.486,0.001,0.648,0.811,0.828,0.939,0.554,0.231,0.342,0.623,0.533,0.206,-0.771,0.28,0.808,0.591,0.029,0.001,0,0,0,0.001,0.915,0.778,0.716,0.001,0.001,0,0,0,0,0.816,0.857,0.586,0.001,0,0.001,0,0,0,0,0.457,0.018,0,0,0.001,0,0.001,0,0.001,0.001,0.001,0,0.001,0,0,0.001,0,0.001,10.363,6.585
01:10.7,3767,0.338,0.406,-0.645,-0.552,0.303,-0.12,0.718,0.615,0.67,0.717,-0.04,-0.185,-0.05,-0.166,0.687,0.706,0.418,0.718,0.466,0.302,-0.27,-0.541,0.608,-0.515,0.001,0.001,0.001,0,0.001,0.001,0.212,0.159,0.001,0.001,0.001,0.001,0.001,0.001,0.347,0.359,0.492,0.001,0.001,0.001,0.001,0.001,0.028,0.409,0.637,0.363,0.437,0.001,0.001,0.001,0.001,0.001,0.408,0.549,0.372,0.48,0.001,0.654,0.833,0.816,0.941,0.563,0.238,0.371,0.606,0.519,0.171,-0.785,0.29,0.8,0.592,0.184,0,0,0,0,0.001,0.902,0.758,0.751,0,0.001,0,0.001,0,0,0.829,0.885,0.766,0,0.001,0,0.001,0.001,0.001,0,0.545,0.15,0,0.001,0.001,0,0,0,0,0,0.001,0,0,0,0.001,0,0.001,0.001,10.296,7.175
01:10.7,3768,0.337,0.401,-0.647,-0.554,0.309,-0.118,0.716,0.614,0.675,0.715,-0.049,-0.177,-0.045,-0.167,0.682,0.711,0.419,0.721,0.463,0.301,-0.268,-0.546,0.608,-0.51,0,0.001,0.001,0.001,0.001,0.001,0.182,0.153,0.001,0.001,0.001,0.001,0.001,0.001,0.284,0.341,0.495,0.001,0.001,0,0.001,0.001,0.054,0.359,0.621,0.354,0.437,0.001,0.001,0.001,0.001,0.001,0.379,0.537,0.371,0.479,0.001,0.68,0.858,0.818,0.941,0.592,0.245,0.369,0.595,0.52,0.134,-0.795,0.283,0.816,0.611,0.369,0.013,0.023,0,0.001,0,0.875,0.752,0.8,0,0,0,0,0.001,0,0.828,0.88,0.799,0,0.001,0,0.001,0.001,0,0,0.571,0.267,0.065,0,0,0,0,0,0.001,0,0,0,0.001,0,0,0.001,0,0,10.165,7.677
01:10.7,3769,0.337,0.396,-0.648,-0.556,0.314,-0.117,0.715,0.614,0.679,0.712,-0.053,-0.168,-0.038,-0.159,0.679,0.716,0.419,0.723,0.46,0.3,-0.27,-0.549,0.609,-0.505,0.001,0.001,0.001,0.001,0.001,0.001,0.148,0.121,0.001,0.001,0.001,0.021,0.001,0.001,0.225,0.319,0.495,0.001,0.001,0.001,0.001,0.001,0.049,0.294,0.6,0.349,0.442,0.001,0.001,0.001,0.001,0.001,0.327,0.54,0.375,0.476,0.001,0.684,0.897,0.814,0.93,0.662,0.256,0.371,0.582,0.513,0.115,-0.798,0.295,0.825,0.631,0.51,0.001,0.024,0,0,0.001,0.852,0.744,0.799,0.093,0.001,0,0.004,0,0,0.791,0.884,0.786,0.001,0.001,0.001,0,0,0.001,0.001,0.571,0.37,0,0.001,0,0,0.001,0,0.001,0,0,0.001,0,0,0,0,0.001,0,9.999,7.897
01:10.7,3770,0.338,0.391,-0.649,-0.557,0.316,-0.116,0.714,0.614,0.682,0.711,-0.053,-0.162,-0.032,-0.15,0.679,0.718,0.417,0.726,0.458,0.299,-0.275,-0.547,0.613,-0.5,0.001,0.001,0.001,0.001,0.001,0.001,0.084,0.094,0.001,0.001,0.001,0.02,0.001,0.001,0.182,0.261,0.497,0.001,0.001,0.001,0.001,0.001,0.065,0.217,0.571,0.341,0.442,0.001,0.001,0.001,0.001,0.001,0.275,0.531,0.372,0.474,0.001,0.67,0.957,0.803,0.923,0.736,0.277,0.379,0.571,0.503,0.113,-0.799,0.309,0.799,0.645,0.586,0.023,0.156,0.001,0,0,0.83,0.746,0.788,0.332,0,0.001,0.031,0,0.001,0.762,0.88,0.807,0.1,0.001,0,0,0,0.001,0,0.564,0.394,0.001,0.001,0.001,0.001,0.001,0.001,0,0,0,0.001,0.001,0.001,0.001,0,0,0.001,9.764,8.459
01:10.7,3771,0.341,0.386,-0.651,-0.558,0.318,-0.115,0.713,0.614,0.682,0.711,-0.048,-0.162,-0.03,-0.141,0.681,0.718,0.413,0.728,0.457,0.299,-0.275,-0.547,0.613,-0.5,0.001,0.001,0.001,0.001,0.001,0.001,0.084,0.094,0.001,0.001,0.001,0.02,0.001,0.001,0.182,0.261,0.497,0.001,0.001,0.001,0.001,0.001,0.065,0.217,0.571,0.341,0.442,0.001,0.001,0.001,0.001,0.001,0.275,0.531,0.372,0.474,0.001,0.67,0.957,0.803,0.923,0.736,0.277,0.379,0.571,0.491,0.116,-0.798,0.329,0.772,0.645,0.591,0.101,0.26,0.057,0.028,0,0.792,0.741,0.784,0.404,0.007,0.179,0.183,0,0,0.755,0.883,0.817,0.189,0,0.001,0.001,0,0.001,0,0.564,0.42,0.002,0,0.001,0.001,0,0,0.002,0.001,0,0,0.001,0,0.001,0,0.001,0,9.764,9.185
01:10.7,3772,0.345,0.381,-0.652,-0.558,0.318,-0.114,0.713,0.614,0.678,0.714,-0.043,-0.168,-0.03,-0.131,0.685,0.716,0.409,0.73,0.457,0.302,-0.275,-0.547,0.613,-0.5,0.001,0.001,0.001,0.001,0.001,0.001,0.084,0.094,0.001,0.001,0.001,0.02,0.001,0.001,0.182,0.261,0.497,0.001,0.001,0.001,0.001,0.001,0.065,0.217,0.571,0.341,0.442,0.001,0.001,0.001,0.001,0.001,0.275,0.531,0.372,0.474,0.001,0.67,0.957,0.803,0.923,0.736,0.277,0.379,0.571,0.491,0.116,-0.798,0.329,0.772,0.645,0.591,0.101,0.26,0.057,0.028,0,0.792,0.741,0.784,0.404,0.007,0.179,0.183,0,0,0.755,0.883,0.817,0.189,0,0.001,0.001,0,0.001,0,0.564,0.42,0.002,0,0.001,0.001,0,0,0.002,0.001,0,0,0.001,0,0.001,0,0.001,0,9.764,9.185
01:10.8,3773,0.35,0.377,-0.652,-0.557,0.319,-0.114,0.713,0.615,0.673,0.717,-0.039,-0.175,-0.028,-0.119,0.69,0.714,0.404,0.731,0.457,0.306,-0.275,-0.547,0.613,-0.5,0.001,0.001,0.001,0.001,0.001,0.001,0.084,0.094,0.001,0.001,0.001,0.02,0.001,0.001,0.182,0.261,0.497,0.001,0.001,0.001,0.001,0.001,0.065,0.217,0.571,0.341,0.442,0.001,0.001,0.001,0.001,0.001,0.275,0.531,0.372,0.474,0.001,0.67,0.957,0.803,0.923,0.736,0.277,0.379,0.571,0.491,0.116,-0.798,0.329,0.772,0.645,0.591,0.101,0.26,0.057,0.028,0,0.792,0.741,0.784,0.404,0.007,0.179,0.183,0,0,0.755,0.883,0.817,0.189,0,0.001,0.001,0,0.001,0,0.564,0.42,0.002,0,0.001,0.001,0,0,0.002,0.001,0,0,0.001,0,0.001,0,0.001,0,9.764,9.185
01:10.8,3774,0.356,0.373,-0.653,-0.555,0.319,-0.115,0.712,0.615,0.669,0.721,-0.038,-0.178,-0.023,-0.105,0.694,0.712,0.398,0.731,0.459,0.31,-0.275,-0.547,0.613,-0.5,0.001,0.001,0.001,0.001,0.001,0.001,0.084,0.094,0.001,0.001,0.001,0.02,0.001,0.001,0.182,0.261,0.497,0.001,0.001,0.001,0.001,0.001,0.065,0.217,0.571,0.341,0.442,0.001,0.001,0.001,0.001,0.001,0.275,0.531,0.372,0.474,0.001,0.67,0.957,0.803,0.923,0.736,0.277,0.379,0.571,0.491,0.116,-0.798,0.329,0.772,0.645,0.591,0.101,0.26,0.057,0.028,0,0.792,0.741,0.784,0.404,0.007,0.179,0.183,0,0,0.755,0.883,0.817,0.189,0,0.001,0.001,0,0.001,0,0.564,0.42,0.002,0,0.001,0.001,0,0,0.002,0.001,0,0,0.001,0,0.001,0,0.001,0,9.764,9.185
01:10.8,3775,0.364,0.37,-0.653,-0.552,0.32,-0.115,0.711,0.615,0.665,0.724,-0.042,-0.175,-0.015,-0.092,0.699,0.709,0.392,0.732,0.46,0.315,-0.275,-0.547,0.613,-0.5,0.001,0.001,0.001,0.001,0.001,0.001,0.084,0.094,0.001,0.001,0.001,0.02,0.001,0.001,0.182,0.261,0.497,0.001,0.001,0.001,0.001,0.001,0.065,0.217,0.571,0.341,0.442,0.001,0.001,0.001,0.001,0.001,0.275,0.531,0.372,0.474,0.001,0.67,0.957,0.803,0.923,0.736,0.277,0.379,0.571,0.491,0.116,-0.798,0.329,0.772,0.645,0.591,0.101,0.26,0.057,0.028,0,0.792,0.741,0.784,0.404,0.007,0.179,0.183,0,0,0.755,0.883,0.817,0.189,0,0.001,0.001,0,0.001,0,0.564,0.42,0.002,0,0.001,0.001,0,0,0.002,0.001,0,0,0.001,0,0.001,0,0.001,0,9.764,9.185
01:10.8,3776,0.373,0.367,-0.652,-0.548,0.32,-0.115,0.711,0.615,0.662,0.729,-0.05,-0.165,-0.01,-0.081,0.705,0.704,0.388,0.732,0.461,0.318,-0.263,-0.442,0.698,-0.498,0.001,0.001,0.001,0.001,0.001,0.001,0.081,0.089,0.001,0.001,0.001,0.023,0.001,0.001,0.17,0.236,0.502,0.001,0.001,0.001,0.001,0.001,0.073,0.199,0.564,0.338,0.442,0.001,0.001,0.001,0.001,0.001,0.267,0.53,0.37,0.477,0.001,0.67,0.978,0.803,0.919,0.75,0.283,0.368,0.57,0.491,0.116,-0.798,0.329,0.772,0.645,0.591,0.101,0.26,0.057,0.028,0,0.792,0.741,0.784,0.404,0.007,0.179,0.183,0,0,0.755,0.883,0.817,0.189,0,0.001,0.001,0,0.001,0,0.564,0.42,0.002,0,0.001,0.001,0,0,0.002,0.001,0,0,0.001,0,0.001,0,0.001,0,9.724,9.185
01:10.8,3777,0.383,0.366,-0.649,-0.546,0.321,-0.115,0.711,0.615,0.66,0.733,-0.063,-0.15,-0.012,-0.072,0.713,0.697,0.387,0.731,0.462,0.32,-0.256,-0.421,0.712,-0.501,0.001,0.001,0.001,0.001,0.001,0.001,0.038,0.01,0.001,0.001,0.001,0.001,0.001,0.001,0.06,0.177,0.376,0,0.001,0.001,0.001,0.001,0.02,0.073,0.217,0.181,0.357,0.001,0.001,0.001,0.001,0.001,0.182,0.231,0.193,0.698,0.001,0.465,0.355,0.317,0.574,0.261,0.055,0.137,0.498,0.491,0.116,-0.798,0.329,0.772,0.645,0.591,0.101,0.26,0.057,0.028,0,0.792,0.741,0.784,0.404,0.007,0.179,0.183,0,0,0.755,0.883,0.817,0.189,0,0.001,0.001,0,0.001,0,0.564,0.42,0.002,0,0.001,0.001,0,0,0.002,0.001,0,0,0.001,0,0.001,0,0.001,0,5.497,9.185
01:10.8,3778,0.392,0.364,-0.646,-0.544,0.322,-0.116,0.711,0.614,0.659,0.736,-0.074,-0.133,-0.021,-0.065,0.721,0.689,0.388,0.73,0.463,0.319,-0.24,-0.399,0.725,-0.507,0.001,0.001,0.001,0.001,0.001,0.001,0.027,0.001,0.001,0.001,0.001,0.001,0.001,0.001,0.042,0.143,0.303,0.001,0.001,0.001,0.001,0.001,0.005,0.057,0.199,0.162,0.335,0.001,0.001,0.001,0.001,0.001,0.143,0.233,0.183,0.684,0.001,0.4,0.309,0.222,0.576,0.16,0.007,0.084,0.475,0.522,0.09,-0.787,0.316,0.763,0.641,0.589,0.121,0.277,0.083,0.044,0,0.777,0.744,0.788,0.388,0.002,0.212,0.225,0.001,0,0.757,0.884,0.817,0.195,0.001,0.002,0.002,0,0,0,0.565,0.43,0.002,0,0.001,0.001,0,0,0.002,0,0,0.001,0,0,0,0.001,0,0.001,4.773,9.317
01:10.8,3779,0.399,0.364,-0.643,-0.543,0.324,-0.119,0.712,0.612,0.658,0.739,-0.083,-0.119,-0.035,-0.062,0.729,0.681,0.392,0.729,0.463,0.316,-0.224,-0.389,0.732,-0.512,0,0.001,0.001,0.001,0.001,0.001,0.021,0.001,0,0.001,0.001,0.001,0.001,0.001,0.04,0.131,0.259,0.001,0.001,0.001,0.001,0.001,0.002,0.032,0.178,0.129,0.289,0.001,0.001,0.001,0.001,0.002,0.095,0.205,0.164,0.683,0.001,0.333,0.266,0.155,0.534,0.045,0.001,0.049,0.398,0.528,0.085,-0.786,0.31,0.731,0.62,0.575,0.225,0.535,0.243,0.021,0,0.687,0.741,0.779,0.576,0.103,0.325,0.336,0.059,0.001,0.73,0.878,0.835,0.42,0.017,0.035,0.142,0.057,0,0.001,0.571,0.457,0.111,0.001,0.021,0.006,0,0.001,0.055,0,0,0.001,0,0,0.001,0.001,0.001,0.328,4.032,11.227
01:10.8,3780,0.404,0.364,-0.639,-0.544,0.329,-0.122,0.711,0.609,0.654,0.742,-0.089,-0.113,-0.053,-0.063,0.736,0.672,0.398,0.728,0.464,0.311,-0.194,-0.377,0.742,-0.52,0.001,0.001,0.001,0.001,0.001,0.001,0.015,0.001,0.001,0.001,0.001,0.001,0.001,0.001,0.021,0.095,0.204,0.001,0.001,0.001,0.001,0.001,0.001,0.023,0.16,0.096,0.267,0.001,0.001,0.001,0.001,0.001,0.062,0.193,0.116,0.587,0.001,0.255,0.187,0.147,0.481,0.001,0.001,0.013,0.287,0.536,0.08,-0.784,0.303,0.726,0.62,0.574,0.223,0.534,0.223,0.016,0.001,0.697,0.737,0.778,0.59,0.112,0.319,0.319,0.068,0,0.746,0.875,0.835,0.432,0.026,0.043,0.145,0.089,0,0.001,0.578,0.462,0.12,0.002,0.021,0.02,0.017,0,0.044,0,0.001,0.016,0,0.01,0,0.001,0.001,0.387,3.236,11.409
01:10.8,3781,0.408,0.363,-0.635,-0.546,0.336,-0.125,0.709,0.607,0.651,0.745,-0.094,-0.111,-0.07,-0.065,0.741,0.665,0.405,0.726,0.464,0.305,-0.172,-0.367,0.749,-0.525,0.001,0.001,0.001,0.001,0.001,0.001,0.001,0.001,0.001,0.001,0.001,0.001,0.001,0.001,0.007,0.083,0.172,0.001,0.001,0.001,0.001,0.001,0.001,0.016,0.147,0.074,0.221,0.001,0.001,0.001,0.001,0.001,0.029,0.153,0.092,0.574,0.001,0.181,0.123,0.099,0.399,0.001,0.001,0.001,0.162,0.541,0.076,-0.783,0.297,0.728,0.62,0.575,0.226,0.537,0.221,0.013,0.001,0.706,0.736,0.779,0.596,0.112,0.32,0.316,0.07,0,0.752,0.874,0.834,0.442,0.029,0.044,0.147,0.099,0,0,0.582,0.465,0.138,0.001,0.022,0.037,0.042,0,0.045,0.001,0.001,0.057,0,0.011,0,0,0,0.444,2.561,11.623
01:10.8,3782,0.41,0.362,-0.632,-0.549,0.345,-0.128,0.706,0.605,0.649,0.746,-0.101,-0.109,-0.083,-0.069,0.744,0.66,0.412,0.725,0.465,0.297,-0.172,-0.367,0.749,-0.525,0.001,0.001,0.001,0.001,0.001,0.001,0.001,0.001,0.001,0.001,0.001,0.001,0.001,0.001,0.007,0.083,0.172,0.001,0.001,0.001,0.001,0.001,0.001,0.016,0.147,0.074,0.221,0.001,0.001,0.001,0.001,0.001,0.029,0.153,0.092,0.574,0.001,0.181,0.123,0.099,0.399,0.001,0.001,0.001,0.162,0.548,0.076,-0.78,0.293,0.733,0.617,0.581,0.252,0.553,0.219,0.017,0.001,0.711,0.735,0.778,0.604,0.121,0.325,0.33,0.07,0,0.755,0.873,0.833,0.449,0.035,0.023,0.156,0.128,0,0,0.584,0.466,0.145,0.001,0.022,0.046,0.057,0.001,0.043,0,0.002,0.07,0,0.011,0.001,0.001,0,0.493,2.561,11.842
01:10.9,3783,0.411,0.36,-0.629,-0.553,0.355,-0.13,0.702,0.604,0.647,0.747,-0.109,-0.106,-0.089,-0.075,0.743,0.659,0.418,0.724,0.466,0.288,-0.172,-0.367,0.749,-0.525,0.001,0.001,0.001,0.001,0.001,0.001,0.001,0.001,0.001,0.001,0.001,0.001,0.001,0.001,0.007,0.083,0.172,0.001,0.001,0.001,0.001,0.001,0.001,0.016,0.147,0.074,0.221,0.001,0.001,0.001,0.001,0.001,0.029,0.153,0.092,0.574,0.001,0.181,0.123,0.099,0.399,0.001,0.001,0.001,0.162,0.55,0.079,-0.778,0.293,0.744,0.626,0.587,0.266,0.584,0.238,0.024,0.001,0.712,0.733,0.779,0.609,0.137,0.327,0.337,0.074,0,0.75,0.872,0.832,0.457,0.042,0.028,0.168,0.171,0,0.001,0.582,0.463,0.147,0.002,0.02,0.068,0.088,0,0.042,0.001,0.02,0.078,0.001,0.01,0,0.001,0.009,0.537,2.561,12.168
01:10.9,3784,0.412,0.358,-0.626,-0.557,0.365,-0.133,0.697,0.602,0.647,0.747,-0.116,-0.102,-0.088,-0.08,0.741,0.661,0.423,0.724,0.467,0.28,-0.172,-0.367,0.749,-0.525,0.001,0.001,0.001,0.001,0.001,0.001,0.001,0.001,0.001,0.001,0.001,0.001,0.001,0.001,0.007,0.083,0.172,0.001,0.001,0.001,0.001,0.001,0.001,0.016,0.147,0.074,0.221,0.001,0.001,0.001,0.001,0.001,0.029,0.153,0.092,0.574,0.001,0.181,0.123,0.099,0.399,0.001,0.001,0.001,0.162,0.55,0.079,-0.778,0.293,0.744,0.626,0.587,0.266,0.584,0.238,0.024,0.001,0.712,0.733,0.779,0.609,0.137,0.327,0.337,0.074,0,0.75,0.872,0.832,0.457,0.042,0.028,0.168,0.171,0,0.001,0.582,0.463,0.147,0.002,0.02,0.068,0.088,0,0.042,0.001,0.02,0.078,0.001,0.01,0,0.001,0.009,0.537,2.561,12.168
01:10.9,3785,0.413,0.355,-0.623,-0.562,0.375,-0.136,0.693,0.6,0.647,0.746,-0.123,-0.099,-0.081,-0.083,0.739,0.664,0.426,0.725,0.467,0.274,-0.172,-0.367,0.749,-0.525,0.001,0.001,0.001,0.001,0.001,0.001,0.001,0.001,0.001,0.001,0.001,0.001,0.001,0.001,0.007,0.083,0.172,0.001,0.001,0.001,0.001,0.001,0.001,0.016,0.147,0.074,0.221,0.001,0.001,0.001,0.001,0.001,0.029,0.153,0.092,0.574,0.001,0.181,0.123,0.099,0.399,0.001,0.001,0.001,0.162,0.55,0.079,-0.778,0.293,0.744,0.626,0.587,0.266,0.584,0.238,0.024,0.001,0.712,0.733,0.779,0.609,0.137,0.327,0.337,0.074,0,0.75,0.872,0.832,0.457,0.042,0.028,0.168,0.171,0,0.001,0.582,0.463,0.147,0.002,0.02,0.068,0.088,0,0.042,0.001,0.02,0.078,0.001,0.01,0,0.001,0.009,0.537,2.561,12.168
01:10.9,3786,0.414,0.351,-0.62,-0.566,0.385,-0.139,0.69,0.597,0.647,0.745,-0.13,-0.095,-0.073,-0.084,0.737,0.667,0.428,0.725,0.467,0.27,-0.172,-0.367,0.749,-0.525,0.001,0.001,0.001,0.001,0.001,0.001,0.001,0.001,0.001,0.001,0.001,0.001,0.001,0.001,0.007,0.083,0.172,0.001,0.001,0.001,0.001,0.001,0.001,0.016,0.147,0.074,0.221,0.001,0.001,0.001,0.001,0.001,0.029,0.153,0.092,0.574,0.001,0.181,0.123,0.099,0.399,0.001,0.001,0.001,0.162,0.55,0.079,-0.778,0.293,0.744,0.626,0.587,0.266,0.584,0.238,0.024,0.001,0.712,0.733,0.779,0.609,0.137,0.327,0.337,0.074,0,0.75,0.872,0.832,0.457,0.042,0.028,0.168,0.171,0,0.001,0.582,0.463,0.147,0.002,0.02,0.068,0.088,0,0.042,0.001,0.02,0.078,0.001,0.01,0,0.001,0.009,0.537,2.561,12.168
01:10.9,3787,0.416,0.348,-0.617,-0.57,0.396,-0.143,0.688,0.591,0.646,0.745,-0.136,-0.092,-0.063,-0.083,0.735,0.669,0.428,0.726,0.466,0.267,-0.172,-0.367,0.749,-0.525,0.001,0.001,0.001,0.001,0.001,0.001,0.001,0.001,0.001,0.001,0.001,0.001,0.001,0.001,0.007,0.083,0.172,0.001,0.001,0.001,0.001,0.001,0.001,0.016,0.147,0.074,0.221,0.001,0.001,0.001,0.001,0.001,0.029,0.153,0.092,0.574,0.001,0.181,0.123,0.099,0.399,0.001,0.001,0.001,0.162,0.55,0.079,-0.778,0.293,0.744,0.626,0.587,0.266,0.584,0.238,0.024,0.001,0.712,0.733,0.779,0.609,0.137,0.327,0.337,0.074,0,0.75,0.872,0.832,0.457,0.042,0.028,0.168,0.171,0,0.001,0.582,0.463,0.147,0.002,0.02,0.068,0.088,0,0.042,0.001,0.02,0.078,0.001,0.01,0,0.001,0.009,0.537,2.561,12.168
01:10.9,3788,0.417,0.344,-0.615,-0.574,0.407,-0.146,0.686,0.584,0.645,0.746,-0.142,-0.088,-0.055,-0.081,0.735,0.67,0.427,0.728,0.466,0.266,-0.172,-0.367,0.749,-0.525,0.001,0.001,0.001,0.001,0.001,0.001,0.001,0.001,0.001,0.001,0.001,0.001,0.001,0.001,0.007,0.083,0.172,0.001,0.001,0.001,0.001,0.001,0.001,0.016,0.147,0.074,0.221,0.001,0.001,0.001,0.001,0.001,0.029,0.153,0.092,0.574,0.001,0.181,0.123,0.099,0.399,0.001,0.001,0.001,0.162,0.55,0.079,-0.778,0.293,0.744,0.626,0.587,0.266,0.584,0.238,0.024,0.001,0.712,0.733,0.779,0.609,0.137,0.327,0.337,0.074,0,0.75,0.872,0.832,0.457,0.042,0.028,0.168,0.171,0,0.001,0.582,0.463,0.147,0.002,0.02,0.068,0.088,0,0.042,0.001,0.02,0.078,0.001,0.01,0,0.001,0.009,0.537,2.561,12.168
01:10.9,3789,0.419,0.341,-0.612,-0.577,0.42,-0.147,0.685,0.578,0.644,0.746,-0.147,-0.083,-0.05,-0.079,0.737,0.669,0.426,0.729,0.465,0.266,-0.143,-0.245,0.756,-0.589,0.001,0.001,0.001,0.001,0.001,0.001,0.001,0.001,0.001,0.001,0.001,0.001,0.001,0.001,0.001,0.081,0.138,0.001,0.001,0.001,0.001,0.001,0.001,0.007,0.132,0.061,0.21,0.001,0.001,0.001,0.001,0.001,0.016,0.127,0.073,0.524,0.001,0.104,0.107,0.046,0.332,0.001,0.001,0.001,0.029,0.559,0.1,-0.772,0.284,0.744,0.626,0.587,0.266,0.584,0.238,0.024,0.001,0.712,0.733,0.779,0.609,0.137,0.327,0.337,0.074,0,0.75,0.872,0.832,0.457,0.042,0.028,0.168,0.171,0,0.001,0.582,0.463,0.147,0.002,0.02,0.068,0.088,0,0.042,0.001,0.02,0.078,0.001,0.01,0,0.001,0.009,0.537,2.017,12.168
01:10.9,3790,0.421,0.338,-0.611,-0.579,0.431,-0.144,0.681,0.573,0.643,0.747,-0.151,-0.078,-0.051,-0.077,0.74,0.666,0.424,0.73,0.465,0.266,-0.139,-0.258,0.745,-0.6,0.001,0.001,0.001,0.001,0.001,0.001,0.001,0.001,0,0.001,0.001,0.001,0.001,0.001,0.001,0.001,0,0.001,0.001,0.001,0.001,0.001,0.001,0.001,0.028,0.001,0.001,0.001,0.001,0.001,0.001,0.001,0.001,0.001,0.001,0.001,0.001,0.001,0.001,0.001,0.001,0.001,0.001,0.001,0.001,0.559,0.1,-0.772,0.284,0.744,0.626,0.587,0.266,0.584,0.238,0.024,0.001,0.712,0.733,0.779,0.609,0.137,0.327,0.337,0.074,0,0.75,0.872,0.832,0.457,0.042,0.028,0.168,0.171,0,0.001,0.582,0.463,0.147,0.002,0.02,0.068,0.088,0,0.042,0.001,0.02,0.078,0.001,0.01,0,0.001,0.009,0.537,0.07,12.168
01:10.9,3791,0.422,0.335,-0.61,-0.581,0.441,-0.141,0.677,0.572,0.641,0.748,-0.155,-0.073,-0.058,-0.077,0.743,0.662,0.423,0.731,0.465,0.266,-0.167,-0.247,0.757,-0.581,0.001,0.001,0.001,0.001,0.001,0.001,0.001,0.001,0.001,0.001,0.001,0.001,0.001,0.001,0.001,0.001,0.001,0.001,0.001,0.001,0.001,0.001,0.001,0.001,0.027,0.001,0.001,0.001,0.001,0.001,0.001,0.001,0.001,0.001,0.001,0.001,0.001,0.001,0.001,0.001,0.001,0.001,0.001,0.001,0.001,0.559,0.1,-0.772,0.284,0.744,0.626,0.587,0.266,0.584,0.238,0.024,0.001,0.712,0.733,0.779,0.609,0.137,0.327,0.337,0.074,0,0.75,0.872,0.832,0.457,0.042,0.028,0.168,0.171,0,0.001,0.582,0.463,0.147,0.002,0.02,0.068,0.088,0,0.042,0.001,0.02,0.078,0.001,0.01,0,0.001,0.009,0.537,0.071,12.168
01:10.9,3792,0.423,0.333,-0.609,-0.582,0.448,-0.136,0.673,0.573,0.64,0.749,-0.157,-0.068,-0.067,-0.078,0.745,0.658,0.421,0.732,0.466,0.265,-0.19,-0.239,0.766,-0.565,0.001,0.001,0.001,0.001,0.001,0.001,0.001,0.001,0.001,0.001,0.001,0.001,0.001,0.001,0.001,0.001,0.001,0.001,0.001,0.001,0.001,0.001,0.001,0.001,0.026,0.001,0,0.001,0.001,0.001,0.001,0.001,0.001,0.001,0.001,0.001,0.001,0.001,0.001,0.001,0.001,0.001,0.001,0.001,0.001,0.559,0.1,-0.772,0.284,0.744,0.626,0.587,0.266,0.584,0.238,0.024,0.001,0.712,0.733,0.779,0.609,0.137,0.327,0.337,0.074,0,0.75,0.872,0.832,0.457,0.042,0.028,0.168,0.171,0,0.001,0.582,0.463,0.147,0.002,0.02,0.068,0.088,0,0.042,0.001,0.02,0.078,0.001,0.01,0,0.001,0.009,0.537,0.069,12.168
01:11.0,3793,0.425,0.331,-0.609,-0.583,0.451,-0.131,0.668,0.577,0.638,0.751,-0.158,-0.063,-0.076,-0.082,0.747,0.655,0.42,0.732,0.466,0.264,-0.19,-0.239,0.766,-0.565,0.001,0.001,0.001,0.001,0.001,0.001,0.001,0.001,0.001,0.001,0.001,0.001,0.001,0.001,0.001,0.001,0.001,0.001,0.001,0.001,0.001,0.001,0.001,0.001,0.026,0.001,0,0.001,0.001,0.001,0.001,0.001,0.001,0.001,0.001,0.001,0.001,0.001,0.001,0.001,0.001,0.001,0.001,0.001,0.001,0.559,0.1,-0.772,0.284,0.744,0.626,0.587,0.266,0.584,0.238,0.024,0.001,0.712,0.733,0.779,0.609,0.137,0.327,0.337,0.074,0,0.75,0.872,0.832,0.457,0.042,0.028,0.168,0.171,0,0.001,0.582,0.463,0.147,0.002,0.02,0.068,0.088,0,0.042,0.001,0.02,0.078,0.001,0.01,0,0.001,0.009,0.537,0.069,12.168
