timestamp,packet_counter,right_thigh_q1,right_thigh_q2,right_thigh_q3,right_thigh_q4,right_calf_q1,right_calf_q2,right_calf_q3,right_calf_q4,left_thigh_q1,left_thigh_q2,left_thigh_q3,left_thigh_q4,left_calf_q1,left_calf_q2,left_calf_q3,left_calf_q4,trunk_q1,trunk_q2,trunk_q3,trunk_q4,right_foot_q0,right_foot_q1,right_foot_q2,right_foot_q3,right_pressure0,right_pressure1,right_pressure2,right_pressure3,right_pressure4,right_pressure5,right_pressure6,right_pressure7,right_pressure8,right_pressure9,right_pressure10,right_pressure11,right_pressure12,right_pressure13,right_pressure14,right_pressure15,right_pressure16,right_pressure17,right_pressure18,right_pressure19,right_pressure20,right_pressure21,right_pressure22,right_pressure23,right_pressure24,right_pressure25,right_pressure26,right_pressure27,right_pressure28,right_pressure29,right_pressure30,right_pressure31,right_pressure32,right_pressure33,right_pressure34,right_pressure35,right_pressure36,right_pressure37,right_pressure38,right_pressure39,right_pressure40,right_pressure41,right_pressure42,right_pressure43,right_pressure44,left_foot_q0,left_foot_q1,left_foot_q2,left_foot_q3,left_pressure0,left_pressure1,left_pressure2,left_pressure3,left_pressure4,left_pressure5,left_pressure6,left_pressure7,left_pressure8,left_pressure9,left_pressure10,left_pressure11,left_pressure12,left_pressure13,left_pressure14,left_pressure15,left_pressure16,left_pressure17,left_pressure18,left_pressure19,left_pressure20,left_pressure21,left_pressure22,left_pressure23,left_pressure24,left_pressure25,left_pressure26,left_pressure27,left_pressure28,left_pressure29,left_pressure30,left_pressure31,left_pressure32,left_pressure33,left_pressure34,left_pressure35,left_pressure36,left_pressure37,left_pressure38,left_pressure39,left_pressure40,left_pressure41,left_pressure42,left_pressure43,left_pressure44,right_pressure_sum,left_pressure_sum
02:41.8,12876,0.032,0.147,-0.789,-0.596,-0.189,0.025,-0.733,-0.653,0.547,0.209,0.647,0.489,-0.146,-0.262,0.636,0.711,-0.135,-0.084,0.837,0.523,0.089,-0.784,-0.027,-0.613,0.001,0.001,0.001,0.001,0.016,0.216,0.186,0.089,0.001,0.001,0.022,0.001,0.001,0.112,0.31,0.341,0.266,0.001,0.001,0.001,0.001,0.001,0.01,0.495,0.744,0.35,0.413,0.001,0.001,0.001,0.001,0.018,0.542,0.614,0.352,0.292,0.001,0.731,0.823,1.176,1.105,0.58,0.179,0.379,0.079,0.527,0.386,-0.619,0.435,0,0,0.001,0,0,0,0.001,0.001,0,0.001,0.001,0,0,0.001,0,0.001,0,0,0,0,0,0,0,0,0.001,0,0.001,0,0,0,0,0,0,0.001,0.001,0.015,0,0,0.001,0,0,0.001,0,0.001,0,10.458,0.029
02:41.8,12877,0.031,0.145,-0.788,-0.597,-0.192,0.026,-0.732,-0.654,0.545,0.214,0.646,0.489,-0.15,-0.259,0.643,0.705,-0.133,-0.083,0.838,0.523,0.088,-0.785,-0.014,-0.613,0.001,0.001,0.001,0.001,0.001,0.192,0.165,0.083,0.001,0.001,0.022,0.001,0.001,0.084,0.282,0.335,0.27,0.001,0.001,0.001,0.001,0.001,0.011,0.477,0.731,0.364,0.415,0.001,0.001,0.001,0.001,0.011,0.551,0.614,0.361,0.288,0.001,0.752,0.839,1.171,1.125,0.602,0.192,0.376,0.087,0.51,0.388,-0.618,0.455,0.742,0.547,0.002,0.001,0,0,0,0,0.871,0.753,0.524,0,0.001,0,0.001,0,0,0.797,0.852,0.382,0,0,0,0,0,0,0.001,0.393,0.001,0.001,0.001,0.001,0,0,0,0.001,0,0.001,0.001,0,0.001,0.001,0.001,0.001,0,10.419,5.878
02:41.8,12878,0.03,0.143,-0.788,-0.598,-0.195,0.027,-0.731,-0.654,0.542,0.22,0.646,0.491,-0.157,-0.265,0.646,0.698,-0.132,-0.083,0.839,0.522,0.087,-0.785,-0.002,-0.613,0.001,0.001,0.001,0.001,0.001,0.151,0.156,0.067,0.001,0.001,0.023,0.001,0.001,0.095,0.242,0.33,0.28,0.001,0.001,0.001,0.001,0.001,0.032,0.44,0.719,0.364,0.403,0.001,0.001,0.001,0.001,0.007,0.554,0.619,0.369,0.276,0.001,0.784,0.864,1.166,1.151,0.628,0.198,0.374,0.085,0.491,0.39,-0.616,0.476,0.742,0.538,0.04,0.001,0.001,0,0,0,0.882,0.756,0.683,0,0,0.001,0,0.001,0,0.818,0.849,0.642,0.001,0,0.001,0.001,0,0,0,0.509,0.045,0,0,0.001,0,0,0,0,0.001,0,0.001,0.001,0,0,0.001,0,0,10.396,6.516
02:41.8,12879,0.031,0.14,-0.787,-0.6,-0.197,0.028,-0.73,-0.654,0.537,0.226,0.645,0.495,-0.164,-0.273,0.644,0.696,-0.131,-0.083,0.84,0.52,0.087,-0.785,-0.002,-0.613,0.001,0.001,0.001,0.001,0.001,0.151,0.156,0.067,0.001,0.001,0.023,0.001,0.001,0.095,0.242,0.33,0.28,0.001,0.001,0.001,0.001,0.001,0.032,0.44,0.719,0.364,0.403,0.001,0.001,0.001,0.001,0.007,0.554,0.619,0.369,0.276,0.001,0.784,0.864,1.166,1.151,0.628,0.198,0.374,0.085,0.472,0.389,-0.617,0.495,0.736,0.549,0.147,0.001,0,0.001,0.001,0,0.872,0.758,0.757,0.001,0,0.001,0.001,0.001,0,0.814,0.879,0.717,0.001,0.001,0.001,0.001,0.001,0,0.001,0.524,0.131,0.001,0.001,0,0.001,0,0.001,0,0,0.001,0,0,0,0,0,0,0,10.396,6.902
02:41.8,12880,0.033,0.137,-0.787,-0.601,-0.198,0.028,-0.729,-0.655,0.531,0.229,0.645,0.5,-0.165,-0.272,0.64,0.699,-0.131,-0.083,0.842,0.517,0.087,-0.785,-0.002,-0.613,0.001,0.001,0.001,0.001,0.001,0.151,0.156,0.067,0.001,0.001,0.023,0.001,0.001,0.095,0.242,0.33,0.28,0.001,0.001,0.001,0.001,0.001,0.032,0.44,0.719,0.364,0.403,0.001,0.001,0.001,0.001,0.007,0.554,0.619,0.369,0.276,0.001,0.784,0.864,1.166,1.151,0.628,0.198,0.374,0.085,0.456,0.384,-0.622,0.507,0.764,0.578,0.269,0,0.001,0,0.001,0,0.851,0.761,0.827,0,0.001,0,0.001,0.001,0,0.792,0.871,0.773,0,0,0,0,0,0,0,0.545,0.17,0,0.001,0.001,0.001,0.001,0.001,0,0,0,0.001,0,0.001,0,0.001,0.001,0,10.396,7.215
02:41.8,12881,0.036,0.134,-0.786,-0.602,-0.2,0.029,-0.727,-0.656,0.526,0.228,0.646,0.504,-0.162,-0.265,0.64,0.703,-0.132,-0.085,0.844,0.513,0.087,-0.785,-0.002,-0.613,0.001,0.001,0.001,0.001,0.001,0.151,0.156,0.067,0.001,0.001,0.023,0.001,0.001,0.095,0.242,0.33,0.28,0.001,0.001,0.001,0.001,0.001,0.032,0.44,0.719,0.364,0.403,0.001,0.001,0.001,0.001,0.007,0.554,0.619,0.369,0.276,0.001,0.784,0.864,1.166,1.151,0.628,0.198,0.374,0.085,0.445,0.383,-0.625,0.514,0.786,0.606,0.393,0,0.001,0.001,0,0,0.838,0.762,0.813,0,0,0.001,0.001,0.001,0,0.781,0.868,0.768,0.001,0,0,0,0,0.001,0.001,0.536,0.223,0,0.001,0,0,0,0.001,0,0.001,0,0,0.001,0,0.001,0.001,0,0,10.396,7.388
02:41.9,12882,0.04,0.132,-0.786,-0.603,-0.202,0.029,-0.726,-0.656,0.522,0.224,0.65,0.505,-0.16,-0.256,0.642,0.704,-0.135,-0.086,0.845,0.51,0.087,-0.785,-0.002,-0.613,0.001,0.001,0.001,0.001,0.001,0.151,0.156,0.067,0.001,0.001,0.023,0.001,0.001,0.095,0.242,0.33,0.28,0.001,0.001,0.001,0.001,0.001,0.032,0.44,0.719,0.364,0.403,0.001,0.001,0.001,0.001,0.007,0.554,0.619,0.369,0.276,0.001,0.784,0.864,1.166,1.151,0.628,0.198,0.374,0.085,0.429,0.389,-0.623,0.526,0.797,0.619,0.454,0,0,0.001,0.001,0.001,0.834,0.762,0.808,0,0.001,0,0.001,0,0,0.75,0.872,0.774,0,0,0,0,0,0,0,0.523,0.248,0.001,0,0.001,0,0,0.001,0,0.001,0,0.001,0,0,0.001,0.001,0,0,10.396,7.453
02:41.9,12883,0.045,0.129,-0.784,-0.605,-0.205,0.028,-0.725,-0.657,0.52,0.219,0.654,0.503,-0.163,-0.249,0.647,0.702,-0.138,-0.089,0.845,0.508,0.072,-0.783,0.108,-0.608,0.001,0.001,0.001,0.001,0.001,0.01,0.045,0.009,0.001,0.001,0.021,0.001,0.001,0.074,0.158,0.227,0.313,0.001,0.001,0.001,0.001,0.001,0.023,0.27,0.554,0.311,0.3,0.001,0.001,0.001,0.001,0.001,0.405,0.632,0.366,0.216,0.001,0.841,1.046,1.15,1.109,0.85,0.21,0.359,0.068,0.422,0.391,-0.622,0.532,0.812,0.642,0.515,0.001,0.001,0.001,0,0,0.823,0.767,0.829,0.039,0,0,0,0,0.001,0.717,0.873,0.755,0.001,0.001,0,0.001,0,0.001,0.001,0.502,0.253,0.001,0.001,0.001,0.001,0,0,0,0.001,0.001,0,0.001,0.001,0,0,0,0,9.587,7.544
02:41.9,12884,0.05,0.125,-0.783,-0.608,-0.209,0.027,-0.723,-0.658,0.518,0.215,0.657,0.503,-0.171,-0.243,0.653,0.696,-0.14,-0.091,0.846,0.507,0.072,-0.783,0.108,-0.608,0.001,0.001,0.001,0.001,0.001,0.01,0.045,0.009,0.001,0.001,0.021,0.001,0.001,0.074,0.158,0.227,0.313,0.001,0.001,0.001,0.001,0.001,0.023,0.27,0.554,0.311,0.3,0.001,0.001,0.001,0.001,0.001,0.405,0.632,0.366,0.216,0.001,0.841,1.046,1.15,1.109,0.85,0.21,0.359,0.068,0.415,0.394,-0.622,0.534,0.84,0.659,0.587,0.002,0.129,0.001,0.001,0,0.806,0.769,0.823,0.156,0.001,0,0.021,0,0.001,0.692,0.875,0.746,0.001,0.001,0,0,0.001,0,0,0.491,0.259,0.001,0.001,0.001,0,0,0,0,0.001,0.001,0,0,0,0,0,0.001,0,9.587,7.868
02:41.9,12885,0.055,0.122,-0.78,-0.612,-0.215,0.024,-0.721,-0.658,0.515,0.215,0.658,0.506,-0.18,-0.237,0.659,0.691,-0.142,-0.094,0.845,0.506,0.072,-0.783,0.108,-0.608,0.001,0.001,0.001,0.001,0.001,0.01,0.045,0.009,0.001,0.001,0.021,0.001,0.001,0.074,0.158,0.227,0.313,0.001,0.001,0.001,0.001,0.001,0.023,0.27,0.554,0.311,0.3,0.001,0.001,0.001,0.001,0.001,0.405,0.632,0.366,0.216,0.001,0.841,1.046,1.15,1.109,0.85,0.21,0.359,0.068,0.407,0.401,-0.621,0.537,0.852,0.67,0.647,0.067,0.25,0.071,0,0,0.79,0.768,0.824,0.288,0.004,0.068,0.057,0,0,0.683,0.882,0.742,0.016,0.001,0,0,0,0,0,0.486,0.265,0.001,0,0,0.001,0.001,0,0,0.001,0,0,0.001,0,0.001,0.001,0.001,0.001,9.587,8.44
02:41.9,12886,0.06,0.117,-0.777,-0.616,-0.221,0.02,-0.719,-0.659,0.506,0.219,0.656,0.515,-0.187,-0.23,0.663,0.687,-0.141,-0.096,0.846,0.506,0.072,-0.783,0.108,-0.608,0.001,0.001,0.001,0.001,0.001,0.01,0.045,0.009,0.001,0.001,0.021,0.001,0.001,0.074,0.158,0.227,0.313,0.001,0.001,0.001,0.001,0.001,0.023,0.27,0.554,0.311,0.3,0.001,0.001,0.001,0.001,0.001,0.405,0.632,0.366,0.216,0.001,0.841,1.046,1.15,1.109,0.85,0.21,0.359,0.068,0.401,0.407,-0.621,0.537,0.869,0.678,0.67,0.183,0.444,0.248,0.001,0,0.786,0.763,0.828,0.382,0.044,0.171,0.195,0,0,0.678,0.883,0.764,0.081,0.001,0.002,0.002,0,0,0.001,0.488,0.27,0.001,0.001,0.001,0,0,0,0,0,0,0,0,0,0,0.001,0,0,9.587,9.436
02:41.9,12887,0.065,0.111,-0.772,-0.623,-0.227,0.015,-0.717,-0.658,0.49,0.227,0.657,0.526,-0.187,-0.226,0.667,0.684,-0.139,-0.098,0.846,0.505,0.072,-0.783,0.108,-0.608,0.001,0.001,0.001,0.001,0.001,0.01,0.045,0.009,0.001,0.001,0.021,0.001,0.001,0.074,0.158,0.227,0.313,0.001,0.001,0.001,0.001,0.001,0.023,0.27,0.554,0.311,0.3,0.001,0.001,0.001,0.001,0.001,0.405,0.632,0.366,0.216,0.001,0.841,1.046,1.15,1.109,0.85,0.21,0.359,0.068,0.401,0.406,-0.622,0.535,0.88,0.687,0.687,0.271,0.551,0.372,0.021,0,0.775,0.755,0.821,0.441,0.056,0.233,0.361,0.001,0,0.681,0.882,0.775,0.101,0.002,0.004,0.005,0.001,0,0,0.493,0.284,0.002,0.001,0.001,0.001,0.001,0.001,0,0,0,0,0,0.001,0,0.001,0,0,9.587,10.149
02:41.9,12888,0.07,0.104,-0.767,-0.63,-0.233,0.01,-0.717,-0.657,0.468,0.236,0.661,0.537,-0.184,-0.223,0.672,0.681,-0.136,-0.1,0.848,0.503,0.072,-0.783,0.108,-0.608,0.001,0.001,0.001,0.001,0.001,0.01,0.045,0.009,0.001,0.001,0.021,0.001,0.001,0.074,0.158,0.227,0.313,0.001,0.001,0.001,0.001,0.001,0.023,0.27,0.554,0.311,0.3,0.001,0.001,0.001,0.001,0.001,0.405,0.632,0.366,0.216,0.001,0.841,1.046,1.15,1.109,0.85,0.21,0.359,0.068,0.402,0.406,-0.624,0.534,0.886,0.691,0.707,0.349,0.62,0.47,0.07,0.001,0.773,0.751,0.828,0.502,0.056,0.249,0.46,0,0.001,0.685,0.882,0.775,0.127,0.002,0.006,0.007,0,0.001,0,0.498,0.283,0.004,0.001,0.001,0.002,0.001,0.001,0,0,0,0.001,0,0.001,0.001,0,0.001,0,9.587,10.694
02:41.9,12889,0.076,0.096,-0.761,-0.638,-0.239,0.006,-0.717,-0.654,0.448,0.242,0.669,0.541,-0.182,-0.22,0.678,0.677,-0.131,-0.102,0.85,0.5,0.072,-0.783,0.108,-0.608,0.001,0.001,0.001,0.001,0.001,0.01,0.045,0.009,0.001,0.001,0.021,0.001,0.001,0.074,0.158,0.227,0.313,0.001,0.001,0.001,0.001,0.001,0.023,0.27,0.554,0.311,0.3,0.001,0.001,0.001,0.001,0.001,0.405,0.632,0.366,0.216,0.001,0.841,1.046,1.15,1.109,0.85,0.21,0.359,0.068,0.403,0.408,-0.624,0.532,0.901,0.697,0.716,0.403,0.706,0.548,0.125,0,0.77,0.746,0.83,0.535,0.088,0.267,0.491,0.001,0,0.686,0.882,0.784,0.145,0.004,0.007,0.01,0,0,0.001,0.502,0.282,0.004,0.001,0.002,0.002,0,0.001,0.001,0.001,0,0.001,0,0.001,0,0.001,0.001,0.001,9.587,11.144
02:41.9,12890,0.081,0.087,-0.755,-0.646,-0.247,0.005,-0.718,-0.651,0.438,0.245,0.677,0.538,-0.182,-0.216,0.685,0.671,-0.126,-0.103,0.852,0.497,0.093,-0.737,0.349,-0.571,0,0.001,0.001,0.001,0.001,0.001,0.031,0.009,0.001,0.001,0.021,0.001,0.001,0.067,0.16,0.223,0.284,0.001,0.001,0.001,0.001,0.001,0.023,0.265,0.551,0.269,0.272,0.001,0.002,0.001,0.001,0.002,0.371,0.578,0.363,0.195,0.001,0.814,1.046,1.17,1.101,0.847,0.183,0.359,0.057,0.403,0.408,-0.624,0.532,0.901,0.697,0.716,0.403,0.706,0.548,0.125,0,0.77,0.746,0.83,0.535,0.088,0.267,0.491,0.001,0,0.686,0.882,0.784,0.145,0.004,0.007,0.01,0,0,0.001,0.502,0.282,0.004,0.001,0.002,0.002,0,0.001,0.001,0.001,0,0.001,0,0.001,0,0.001,0.001,0.001,9.281,11.144
02:41.9,12891,0.087,0.077,-0.749,-0.653,-0.254,0.005,-0.719,-0.647,0.435,0.247,0.683,0.533,-0.187,-0.213,0.693,0.663,-0.12,-0.104,0.854,0.495,0.099,-0.723,0.378,-0.57,0.001,0.001,0.001,0.001,0.001,0.001,0.001,0.001,0,0.001,0.001,0.001,0.001,0.001,0.017,0.067,0.005,0.001,0.001,0.001,0.001,0.001,0.022,0.084,0.176,0.082,0.061,0.001,0.001,0.001,0.001,0.001,0.142,0.131,0.105,0.027,0.001,0.275,0.126,0.22,0.739,0.001,0.001,0.001,0.001,0.403,0.408,-0.624,0.532,0.901,0.697,0.716,0.403,0.706,0.548,0.125,0,0.77,0.746,0.83,0.535,0.088,0.267,0.491,0.001,0,0.686,0.882,0.784,0.145,0.004,0.007,0.01,0,0,0.001,0.502,0.282,0.004,0.001,0.002,0.002,0,0.001,0.001,0.001,0,0.001,0,0.001,0,0.001,0.001,0.001,2.307,11.144
02:42.0,12892,0.093,0.068,-0.743,-0.66,-0.26,0.006,-0.72,-0.644,0.436,0.25,0.684,0.529,-0.194,-0.21,0.699,0.655,-0.114,-0.105,0.857,0.492,0.103,-0.698,0.418,-0.572,0.001,0.001,0.001,0.001,0.001,0.001,0.001,0.001,0.001,0.001,0.001,0.001,0.001,0.001,0.001,0.012,0.001,0.001,0.001,0.001,0.001,0.001,0.001,0.029,0.147,0.039,0.009,0.001,0.001,0.001,0.001,0.001,0.082,0.095,0.067,0.001,0.001,0.167,0.083,0.098,0.283,0.001,0.001,0.001,0.001,0.403,0.408,-0.624,0.532,0.901,0.697,0.716,0.403,0.706,0.548,0.125,0,0.77,0.746,0.83,0.535,0.088,0.267,0.491,0.001,0,0.686,0.882,0.784,0.145,0.004,0.007,0.01,0,0,0.001,0.502,0.282,0.004,0.001,0.002,0.002,0,0.001,0.001,0.001,0,0.001,0,0.001,0,0.001,0.001,0.001,1.144,11.144
02:42.0,12893,0.099,0.059,-0.738,-0.665,-0.264,0.007,-0.72,-0.642,0.438,0.255,0.684,0.524,-0.2,-0.208,0.704,0.649,-0.108,-0.105,0.859,0.488,0.103,-0.678,0.445,-0.577,0.001,0.001,0.001,0.001,0.001,0.001,0.001,0.001,0.001,0.001,0.001,0.001,0.001,0.001,0.001,0.001,0.001,0.001,0.001,0.001,0.001,0.001,0.001,0.017,0.081,0.006,0.001,0.001,0.001,0.001,0.001,0.001,0.028,0.045,0.044,0.001,0.001,0.079,0.04,0.001,0.02,0.001,0.001,0.001,0.001,0.403,0.408,-0.624,0.532,0.901,0.697,0.716,0.403,0.706,0.548,0.125,0,0.77,0.746,0.83,0.535,0.088,0.267,0.491,0.001,0,0.686,0.882,0.784,0.145,0.004,0.007,0.01,0,0,0.001,0.502,0.282,0.004,0.001,0.002,0.002,0,0.001,0.001,0.001,0,0.001,0,0.001,0,0.001,0.001,0.001,0.396,11.144
02:42.0,12894,0.105,0.051,-0.735,-0.668,-0.267,0.01,-0.721,-0.64,0.44,0.261,0.684,0.521,-0.205,-0.206,0.707,0.645,-0.103,-0.106,0.862,0.485,0.099,-0.651,0.474,-0.584,0.001,0.001,0.001,0.001,0.001,0.001,0.001,0.001,0.001,0.001,0.001,0.001,0.001,0.001,0.001,0.001,0.001,0.001,0.001,0.001,0.001,0.001,0.001,0.001,0.074,0.001,0.001,0.001,0.001,0.001,0.001,0.001,0.012,0.007,0.001,0.001,0.001,0.007,0.032,0.001,0.001,0.001,0.001,0.001,0.001,0.403,0.408,-0.624,0.532,0.901,0.697,0.716,0.403,0.706,0.548,0.125,0,0.77,0.746,0.83,0.535,0.088,0.267,0.491,0.001,0,0.686,0.882,0.784,0.145,0.004,0.007,0.01,0,0,0.001,0.502,0.282,0.004,0.001,0.002,0.002,0,0.001,0.001,0.001,0,0.001,0,0.001,0,0.001,0.001,0.001,0.172,11.144
02:42.0,12895,0.11,0.044,-0.732,-0.672,-0.267,0.015,-0.723,-0.637,0.439,0.268,0.682,0.52,-0.207,-0.204,0.709,0.643,-0.099,-0.107,0.864,0.483,0.079,-0.612,0.512,-0.597,0.001,0.001,0.001,0.001,0.001,0.001,0.001,0.001,0.001,0.001,0.001,0.001,0.001,0.001,0.001,0.001,0.001,0.001,0.001,0.001,0.001,0.001,0.001,0.001,0.037,0.001,0.001,0.001,0.001,0.001,0.001,0.001,0.001,0.001,0.001,0.001,0.001,0.001,0.001,0.001,0.001,0.001,0.001,0.001,0.001,0.403,0.408,-0.624,0.532,0.901,0.697,0.716,0.403,0.706,0.548,0.125,0,0.77,0.746,0.83,0.535,0.088,0.267,0.491,0.001,0,0.686,0.882,0.784,0.145,0.004,0.007,0.01,0,0,0.001,0.502,0.282,0.004,0.001,0.002,0.002,0,0.001,0.001,0.001,0,0.001,0,0.001,0,0.001,0.001,0.001,0.081,11.144
02:42.0,12896,0.114,0.038,-0.728,-0.675,-0.269,0.022,-0.725,-0.634,0.436,0.276,0.679,0.522,-0.208,-0.202,0.711,0.641,-0.094,-0.107,0.865,0.481,0.079,-0.612,0.512,-0.597,0.001,0.001,0.001,0.001,0.001,0.001,0.001,0.001,0.001,0.001,0.001,0.001,0.001,0.001,0.001,0.001,0.001,0.001,0.001,0.001,0.001,0.001,0.001,0.001,0.037,0.001,0.001,0.001,0.001,0.001,0.001,0.001,0.001,0.001,0.001,0.001,0.001,0.001,0.001,0.001,0.001,0.001,0.001,0.001,0.001,0.416,0.418,-0.619,0.518,0.908,0.698,0.723,0.426,0.725,0.551,0.155,0,0.775,0.742,0.825,0.554,0.094,0.286,0.493,0,0.001,0.687,0.883,0.785,0.151,0.005,0.007,0.013,0,0,0.001,0.507,0.288,0.005,0.002,0.002,0.002,0,0,0.001,0.001,0,0,0,0,0,0.001,0,0,0.081,11.297
02:42.0,12897,0.117,0.032,-0.725,-0.678,-0.272,0.031,-0.728,-0.629,0.43,0.285,0.677,0.525,-0.208,-0.199,0.712,0.64,-0.089,-0.108,0.865,0.481,0.079,-0.612,0.512,-0.597,0.001,0.001,0.001,0.001,0.001,0.001,0.001,0.001,0.001,0.001,0.001,0.001,0.001,0.001,0.001,0.001,0.001,0.001,0.001,0.001,0.001,0.001,0.001,0.001,0.037,0.001,0.001,0.001,0.001,0.001,0.001,0.001,0.001,0.001,0.001,0.001,0.001,0.001,0.001,0.001,0.001,0.001,0.001,0.001,0.001,0.418,0.42,-0.619,0.516,0.967,0.728,0.757,0.498,0.774,0.579,0.198,0.001,0.78,0.731,0.833,0.636,0.12,0.299,0.487,0.001,0,0.697,0.878,0.786,0.19,0.007,0.01,0.04,0.001,0,0,0.502,0.281,0.006,0.002,0.002,0.002,0.001,0,0.016,0.001,0.001,0.001,0.001,0.001,0,0,0,0,0.081,11.815
02:42.0,12898,0.121,0.027,-0.721,-0.682,-0.277,0.039,-0.73,-0.623,0.423,0.293,0.675,0.529,-0.21,-0.196,0.714,0.639,-0.085,-0.109,0.866,0.481,0.079,-0.612,0.512,-0.597,0.001,0.001,0.001,0.001,0.001,0.001,0.001,0.001,0.001,0.001,0.001,0.001,0.001,0.001,0.001,0.001,0.001,0.001,0.001,0.001,0.001,0.001,0.001,0.001,0.037,0.001,0.001,0.001,0.001,0.001,0.001,0.001,0.001,0.001,0.001,0.001,0.001,0.001,0.001,0.001,0.001,0.001,0.001,0.001,0.001,0.419,0.422,-0.618,0.514,0.974,0.731,0.767,0.523,0.803,0.602,0.22,0.001,0.781,0.734,0.836,0.639,0.123,0.308,0.505,0,0.001,0.687,0.879,0.783,0.187,0.007,0.011,0.043,0,0.001,0.001,0.492,0.27,0.006,0.002,0.002,0.002,0.001,0,0.016,0,0,0,0.001,0,0,0,0,0,0.081,11.939
02:42.0,12899,0.124,0.023,-0.718,-0.685,-0.283,0.047,-0.732,-0.618,0.415,0.3,0.673,0.533,-0.212,-0.192,0.716,0.637,-0.081,-0.11,0.866,0.482,0.079,-0.612,0.512,-0.597,0.001,0.001,0.001,0.001,0.001,0.001,0.001,0.001,0.001,0.001,0.001,0.001,0.001,0.001,0.001,0.001,0.001,0.001,0.001,0.001,0.001,0.001,0.001,0.001,0.037,0.001,0.001,0.001,0.001,0.001,0.001,0.001,0.001,0.001,0.001,0.001,0.001,0.001,0.001,0.001,0.001,0.001,0.001,0.001,0.001,0.419,0.422,-0.618,0.514,0.974,0.731,0.767,0.523,0.803,0.602,0.22,0.001,0.781,0.734,0.836,0.639,0.123,0.308,0.505,0,0.001,0.687,0.879,0.783,0.187,0.007,0.011,0.043,0,0.001,0.001,0.492,0.27,0.006,0.002,0.002,0.002,0.001,0,0.016,0,0,0,0.001,0,0,0,0,0,0.081,11.939
02:42.0,12900,0.128,0.019,-0.715,-0.688,-0.289,0.054,-0.732,-0.614,0.406,0.307,0.672,0.537,-0.214,-0.189,0.718,0.635,-0.077,-0.11,0.866,0.482,0.079,-0.612,0.512,-0.597,0.001,0.001,0.001,0.001,0.001,0.001,0.001,0.001,0.001,0.001,0.001,0.001,0.001,0.001,0.001,0.001,0.001,0.001,0.001,0.001,0.001,0.001,0.001,0.001,0.037,0.001,0.001,0.001,0.001,0.001,0.001,0.001,0.001,0.001,0.001,0.001,0.001,0.001,0.001,0.001,0.001,0.001,0.001,0.001,0.001,0.419,0.422,-0.618,0.514,0.974,0.731,0.767,0.523,0.803,0.602,0.22,0.001,0.781,0.734,0.836,0.639,0.123,0.308,0.505,0,0.001,0.687,0.879,0.783,0.187,0.007,0.011,0.043,0,0.001,0.001,0.492,0.27,0.006,0.002,0.002,0.002,0.001,0,0.016,0,0,0,0.001,0,0,0,0,0,0.081,11.939
02:42.0,12901,0.132,0.016,-0.711,-0.69,-0.296,0.06,-0.732,-0.61,0.397,0.313,0.672,0.541,-0.216,-0.186,0.72,0.633,-0.073,-0.11,0.866,0.483,0.079,-0.612,0.512,-0.597,0.001,0.001,0.001,0.001,0.001,0.001,0.001,0.001,0.001,0.001,0.001,0.001,0.001,0.001,0.001,0.001,0.001,0.001,0.001,0.001,0.001,0.001,0.001,0.001,0.037,0.001,0.001,0.001,0.001,0.001,0.001,0.001,0.001,0.001,0.001,0.001,0.001,0.001,0.001,0.001,0.001,0.001,0.001,0.001,0.001,0.419,0.422,-0.618,0.514,0.974,0.731,0.767,0.523,0.803,0.602,0.22,0.001,0.781,0.734,0.836,0.639,0.123,0.308,0.505,0,0.001,0.687,0.879,0.783,0.187,0.007,0.011,0.043,0,0.001,0.001,0.492,0.27,0.006,0.002,0.002,0.002,0.001,0,0.016,0,0,0,0.001,0,0,0,0,0,0.081,11.939
02:42.0,12902,0.136,0.013,-0.708,-0.693,-0.303,0.064,-0.732,-0.606,0.387,0.319,0.672,0.545,-0.218,-0.184,0.722,0.63,-0.07,-0.11,0.866,0.483,-0.028,-0.562,0.556,-0.612,0.001,0.001,0.001,0.001,0.001,0.001,0.001,0.001,0.001,0.001,0.001,0.001,0.001,0.001,0.001,0.001,0.001,0.001,0.001,0.001,0.001,0.001,0.001,0.001,0.039,0.001,0.001,0.001,0.001,0.001,0.001,0.001,0.001,0.001,0.001,0.001,0.001,0.001,0.001,0.001,0.001,0.001,0.001,0.001,0.001,0.419,0.422,-0.618,0.514,0.974,0.731,0.767,0.523,0.803,0.602,0.22,0.001,0.781,0.734,0.836,0.639,0.123,0.308,0.505,0,0.001,0.687,0.879,0.783,0.187,0.007,0.011,0.043,0,0.001,0.001,0.492,0.27,0.006,0.002,0.002,0.002,0.001,0,0.016,0,0,0,0.001,0,0,0,0,0,0.083,11.939
02:42.1,12903,0.142,0.011,-0.705,-0.695,-0.311,0.066,-0.731,-0.603,0.377,0.324,0.673,0.548,-0.22,-0.183,0.725,0.627,-0.067,-0.109,0.866,0.484,-0.02,-0.573,0.53,-0.625,0.001,0.001,0.001,0.001,0.001,0.001,0.001,0.001,0.001,0.001,0.001,0.001,0.001,0.001,0.001,0.001,0.001,0.001,0.001,0.001,0.001,0.001,0.001,0.001,0.023,0.001,0.001,0.001,0.001,0.001,0.001,0.001,0.001,0.001,0.001,0.001,0.001,0,0.001,0.001,0.001,0.001,0.001,0.001,0.001,0.419,0.422,-0.618,0.514,0.974,0.731,0.767,0.523,0.803,0.602,0.22,0.001,0.781,0.734,0.836,0.639,0.123,0.308,0.505,0,0.001,0.687,0.879,0.783,0.187,0.007,0.011,0.043,0,0.001,0.001,0.492,0.27,0.006,0.002,0.002,0.002,0.001,0,0.016,0,0,0,0.001,0,0,0,0,0,0.066,11.939
02:42.1,12904,0.147,0.008,-0.701,-0.698,-0.319,0.067,-0.73,-0.6,0.366,0.328,0.674,0.551,-0.223,-0.183,0.727,0.623,-0.064,-0.109,0.866,0.484,-0.018,-0.585,0.508,-0.632,0.001,0.001,0.001,0.001,0.001,0.001,0.001,0.001,0.001,0.001,0.001,0.001,0.001,0.001,0.001,0.001,0.001,0.001,0.001,0.001,0.001,0.001,0.001,0.001,0.026,0.001,0.001,0.001,0.001,0.001,0.001,0.001,0.001,0.001,0.001,0.001,0.001,0.001,0.001,0.001,0.001,0.001,0.001,0.001,0.001,0.419,0.422,-0.618,0.514,0.974,0.731,0.767,0.523,0.803,0.602,0.22,0.001,0.781,0.734,0.836,0.639,0.123,0.308,0.505,0,0.001,0.687,0.879,0.783,0.187,0.007,0.011,0.043,0,0.001,0.001,0.492,0.27,0.006,0.002,0.002,0.002,0.001,0,0.016,0,0,0,0.001,0,0,0,0,0,0.07,11.939
02:42.1,12905,0.153,0.005,-0.698,-0.7,-0.325,0.067,-0.729,-0.598,0.355,0.333,0.675,0.554,-0.225,-0.183,0.729,0.619,-0.062,-0.108,0.866,0.485,-0.024,-0.602,0.483,-0.635,0.001,0.001,0.001,0.001,0.001,0.001,0.001,0.001,0.001,0.001,0.001,0.001,0.001,0.001,0.001,0.001,0.001,0.001,0.001,0.001,0.001,0.001,0.001,0.001,0.028,0.001,0.001,0.001,0.001,0.001,0.001,0.001,0.001,0.001,0.001,0.001,0.001,0.001,0.001,0.001,0.001,0.001,0.001,0.001,0.001,0.419,0.422,-0.618,0.514,0.974,0.731,0.767,0.523,0.803,0.602,0.22,0.001,0.781,0.734,0.836,0.639,0.123,0.308,0.505,0,0.001,0.687,0.879,0.783,0.187,0.007,0.011,0.043,0,0.001,0.001,0.492,0.27,0.006,0.002,0.002,0.002,0.001,0,0.016,0,0,0,0.001,0,0,0,0,0,0.072,11.939
02:42.1,12906,0.16,0.003,-0.694,-0.702,-0.331,0.067,-0.728,-0.597,0.345,0.337,0.677,0.556,-0.228,-0.184,0.731,0.616,-0.061,-0.107,0.865,0.486,-0.025,-0.614,0.466,-0.636,0.001,0.001,0.001,0.001,0.001,0.001,0.001,0.001,0.001,0.001,0.001,0.001,0.001,0.001,0.001,0.001,0.001,0.001,0.001,0.001,0,0.001,0.001,0.001,0.033,0.001,0.001,0.001,0.001,0.001,0.001,0.001,0.001,0.001,0.001,0.001,0,0.001,0.001,0.001,0.001,0.001,0.001,0.001,0.001,0.432,0.427,-0.62,0.496,0.976,0.735,0.772,0.535,0.816,0.606,0.241,0,0.778,0.736,0.84,0.641,0.127,0.302,0.514,0,0,0.683,0.882,0.778,0.184,0.007,0.01,0.04,0,0,0.001,0.482,0.261,0.006,0.002,0.002,0.002,0,0.001,0.016,0,0.001,0.001,0.001,0.001,0,0,0,0.001,0.075,11.981
02:42.1,12907,0.167,0,-0.691,-0.703,-0.336,0.066,-0.726,-0.596,0.335,0.341,0.679,0.558,-0.232,-0.185,0.732,0.613,-0.06,-0.106,0.865,0.487,-0.044,-0.614,0.471,-0.632,0.001,0.001,0.001,0.001,0.001,0.001,0.001,0.001,0.001,0.001,0.001,0.001,0.001,0.001,0.001,0.001,0.001,0.001,0.001,0.001,0.001,0.001,0.001,0.001,0.029,0.001,0.001,0.001,0.001,0.001,0.001,0.001,0.001,0.001,0.001,0.001,0.001,0.001,0.001,0.001,0.001,0.001,0.001,0.001,0.001,0.434,0.426,-0.62,0.495,0.98,0.75,0.79,0.614,0.938,0.747,0.437,0,0.758,0.757,0.862,0.657,0.173,0.32,0.562,0.001,0.001,0.611,0.886,0.741,0.164,0.009,0.011,0.162,0.012,0,0,0.408,0.223,0.005,0.001,0.002,0.004,0.001,0,0.066,0.001,0,0.001,0,0.001,0,0.001,0.001,0,0.073,12.658
02:42.1,12908,0.174,-0.002,-0.688,-0.704,-0.339,0.065,-0.725,-0.595,0.327,0.344,0.68,0.559,-0.235,-0.187,0.733,0.61,-0.059,-0.105,0.865,0.487,-0.044,-0.614,0.471,-0.632,0.001,0.001,0.001,0.001,0.001,0.001,0.001,0.001,0.001,0.001,0.001,0.001,0.001,0.001,0.001,0.001,0.001,0.001,0.001,0.001,0.001,0.001,0.001,0.001,0.029,0.001,0.001,0.001,0.001,0.001,0.001,0.001,0.001,0.001,0.001,0.001,0.001,0.001,0.001,0.001,0.001,0.001,0.001,0.001,0.001,0.436,0.427,-0.62,0.493,0.978,0.75,0.791,0.621,0.944,0.75,0.455,0,0.758,0.758,0.864,0.658,0.182,0.319,0.57,0,0,0.608,0.885,0.739,0.162,0.009,0.01,0.164,0.015,0,0,0.403,0.221,0.005,0.002,0.001,0.004,0.001,0,0.068,0.001,0,0.001,0,0,0.001,0,0,0,0.073,12.698
02:42.1,12909,0.181,-0.003,-0.685,-0.705,-0.342,0.062,-0.724,-0.595,0.32,0.347,0.681,0.559,-0.237,-0.188,0.733,0.609,-0.057,-0.104,0.865,0.487,-0.044,-0.614,0.471,-0.632,0.001,0.001,0.001,0.001,0.001,0.001,0.001,0.001,0.001,0.001,0.001,0.001,0.001,0.001,0.001,0.001,0.001,0.001,0.001,0.001,0.001,0.001,0.001,0.001,0.029,0.001,0.001,0.001,0.001,0.001,0.001,0.001,0.001,0.001,0.001,0.001,0.001,0.001,0.001,0.001,0.001,0.001,0.001,0.001,0.001,0.438,0.427,-0.619,0.492,0.978,0.751,0.794,0.634,0.962,0.759,0.459,0,0.758,0.759,0.866,0.658,0.182,0.324,0.571,0,0.001,0.608,0.885,0.735,0.161,0.009,0.011,0.167,0.013,0,0.001,0.4,0.219,0.005,0.001,0.002,0.004,0.001,0,0.067,0.001,0,0,0,0,0,0,0.001,0,0.073,12.747
02:42.1,12910,0.187,-0.004,-0.683,-0.706,-0.344,0.058,-0.724,-0.595,0.315,0.351,0.682,0.56,-0.239,-0.189,0.733,0.608,-0.055,-0.104,0.865,0.487,-0.044,-0.614,0.471,-0.632,0.001,0.001,0.001,0.001,0.001,0.001,0.001,0.001,0.001,0.001,0.001,0.001,0.001,0.001,0.001,0.001,0.001,0.001,0.001,0.001,0.001,0.001,0.001,0.001,0.029,0.001,0.001,0.001,0.001,0.001,0.001,0.001,0.001,0.001,0.001,0.001,0.001,0.001,0.001,0.001,0.001,0.001,0.001,0.001,0.001,0.439,0.429,-0.618,0.491,0.979,0.753,0.796,0.636,0.98,0.767,0.465,0.001,0.758,0.759,0.866,0.664,0.187,0.328,0.576,0,0,0.607,0.885,0.731,0.151,0.01,0.011,0.162,0.005,0,0.001,0.394,0.216,0.005,0.002,0.002,0.002,0,0,0.07,0.001,0,0.001,0,0.001,0,0,0,0.001,0.073,12.773
02:42.1,12911,0.192,-0.004,-0.681,-0.707,-0.344,0.053,-0.723,-0.596,0.31,0.354,0.681,0.561,-0.24,-0.19,0.733,0.608,-0.053,-0.104,0.865,0.487,-0.044,-0.614,0.471,-0.632,0.001,0.001,0.001,0.001,0.001,0.001,0.001,0.001,0.001,0.001,0.001,0.001,0.001,0.001,0.001,0.001,0.001,0.001,0.001,0.001,0.001,0.001,0.001,0.001,0.029,0.001,0.001,0.001,0.001,0.001,0.001,0.001,0.001,0.001,0.001,0.001,0.001,0.001,0.001,0.001,0.001,0.001,0.001,0.001,0.001,0.439,0.43,-0.618,0.49,0.984,0.756,0.799,0.652,0.995,0.794,0.475,0.001,0.755,0.762,0.869,0.668,0.188,0.331,0.587,0,0,0.602,0.885,0.726,0.139,0.01,0.011,0.153,0,0.001,0.001,0.382,0.21,0.005,0.002,0.002,0.002,0.001,0,0.068,0.001,0.001,0.001,0.001,0,0.001,0.001,0,0,0.073,12.822
02:42.2,12912,0.196,-0.004,-0.679,-0.708,-0.343,0.039,-0.723,-0.598,0.306,0.357,0.68,0.562,-0.24,-0.191,0.732,0.608,-0.05,-0.105,0.865,0.488,-0.044,-0.614,0.471,-0.632,0.001,0.001,0.001,0.001,0.001,0.001,0.001,0.001,0.001,0.001,0.001,0.001,0.001,0.001,0.001,0.001,0.001,0.001,0.001,0.001,0.001,0.001,0.001,0.001,0.029,0.001,0.001,0.001,0.001,0.001,0.001,0.001,0.001,0.001,0.001,0.001,0.001,0.001,0.001,0.001,0.001,0.001,0.001,0.001,0.001,0.44,0.432,-0.617,0.489,0.988,0.758,0.803,0.668,1.017,0.817,0.515,0,0.755,0.764,0.874,0.672,0.187,0.338,0.589,0,0,0.585,0.888,0.723,0.133,0.009,0.011,0.148,0.001,0,0.001,0.369,0.197,0.004,0.002,0.001,0.004,0,0,0.071,0.001,0.001,0.001,0.001,0.001,0,0.001,0.001,0,0.073,12.899
02:42.2,12913,0.198,-0.004,-0.677,-0.709,-0.341,0.04,-0.722,-0.601,0.302,0.359,0.679,0.564,-0.241,-0.192,0.731,0.609,-0.046,-0.106,0.865,0.488,-0.044,-0.614,0.471,-0.632,0.001,0.001,0.001,0.001,0.001,0.001,0.001,0.001,0.001,0.001,0.001,0.001,0.001,0.001,0.001,0.001,0.001,0.001,0.001,0.001,0.001,0.001,0.001,0.001,0.029,0.001,0.001,0.001,0.001,0.001,0.001,0.001,0.001,0.001,0.001,0.001,0.001,0.001,0.001,0.001,0.001,0.001,0.001,0.001,0.001,0.44,0.434,-0.616,0.488,0.991,0.762,0.814,0.683,1.053,0.867,0.567,0,0.747,0.769,0.88,0.678,0.19,0.359,0.603,0,0.001,0.558,0.894,0.718,0.129,0.01,0.012,0.162,0.004,0.001,0.001,0.344,0.177,0.004,0.002,0.002,0.002,0,0.001,0.072,0,0.001,0,0,0,0.001,0.001,0.001,0.001,0.073,13.062
02:42.2,12914,0.199,-0.004,-0.676,-0.71,-0.338,0.032,-0.72,-0.605,0.298,0.362,0.678,0.566,-0.241,-0.193,0.729,0.61,-0.043,-0.107,0.865,0.489,-0.168,-0.641,0.363,-0.655,0.001,0.001,0.001,0.001,0.001,0,0.001,0.001,0.001,0.001,0.001,0.001,0.001,0.001,0.001,0.001,0.001,0.001,0.001,0.001,0.001,0.001,0.001,0.001,0.032,0.001,0,0.001,0.001,0.001,0.001,0.001,0.001,0.001,0.001,0.001,0.001,0.001,0.001,0.001,0.001,0.001,0.001,0.001,0.001,0.441,0.435,-0.616,0.487,0.99,0.763,0.822,0.712,1.089,0.911,0.617,0,0.729,0.778,0.884,0.683,0.214,0.383,0.631,0.001,0,0.526,0.902,0.716,0.128,0.01,0.012,0.184,0.029,0,0.001,0.31,0.159,0.002,0.001,0.002,0.002,0,0.001,0.073,0,0.001,0,0,0.001,0.001,0,0,0,0.074,13.268
02:42.2,12915,0.198,-0.004,-0.675,-0.711,-0.334,0.024,-0.719,-0.609,0.293,0.365,0.677,0.568,-0.241,-0.195,0.729,0.611,-0.04,-0.108,0.864,0.49,-0.173,-0.648,0.337,-0.661,0.001,0.001,0.001,0.001,0.001,0.001,0.001,0.001,0.001,0.001,0.001,0.001,0.001,0.001,0.001,0.001,0.001,0.001,0.001,0.001,0.001,0.001,0.001,0.001,0.024,0.001,0.001,0.001,0.001,0.001,0.001,0.001,0.001,0.001,0.001,0.001,0.001,0.001,0.001,0.001,0.001,0.001,0.001,0.001,0.001,0.443,0.435,-0.617,0.484,0.984,0.763,0.824,0.733,1.121,0.952,0.661,0.001,0.708,0.779,0.885,0.694,0.226,0.399,0.657,0.029,0,0.507,0.906,0.714,0.129,0.01,0.012,0.225,0.094,0,0.016,0.293,0.149,0.002,0.001,0.002,0.002,0.001,0.001,0.077,0.001,0,0,0,0.001,0,0,0,0.001,0.068,13.56
02:42.2,12916,0.196,-0.005,-0.675,-0.711,-0.328,0.015,-0.718,-0.614,0.287,0.368,0.676,0.57,-0.241,-0.197,0.729,0.61,-0.037,-0.109,0.864,0.49,-0.177,-0.658,0.296,-0.669,0.001,0.001,0.001,0.001,0.001,0.001,0.001,0.001,0.001,0.001,0.001,0.001,0.001,0.001,0.001,0.001,0.001,0.001,0.001,0.001,0.001,0.001,0.001,0,0.027,0.001,0.001,0.001,0.001,0.001,0.001,0.001,0.001,0.001,0.001,0.001,0.001,0.001,0.001,0.001,0.001,0.001,0.001,0.001,0.001,0.444,0.434,-0.618,0.482,0.974,0.764,0.823,0.746,1.159,0.989,0.694,0.001,0.679,0.779,0.886,0.706,0.242,0.409,0.674,0.061,0.001,0.491,0.904,0.712,0.137,0.01,0.012,0.283,0.181,0.001,0.026,0.275,0.144,0.002,0.001,0.001,0.002,0.001,0,0.088,0.001,0,0.001,0,0.001,0,0.001,0,0,0.07,13.862
02:42.2,12917,0.194,-0.007,-0.675,-0.712,-0.321,0.006,-0.716,-0.62,0.282,0.371,0.676,0.571,-0.24,-0.199,0.729,0.61,-0.036,-0.109,0.863,0.491,-0.18,-0.665,0.265,-0.675,0,0.001,0.001,0.001,0.001,0.001,0,0.001,0.001,0.001,0.001,0.001,0.001,0.001,0.001,0.001,0.001,0.001,0.001,0.001,0.001,0.001,0.001,0.001,0.026,0.001,0.001,0.001,0.001,0.001,0.001,0.001,0.001,0.001,0.001,0.001,0.001,0.001,0.001,0.001,0.001,0.001,0.001,0.001,0.001,0.444,0.434,-0.618,0.482,0.974,0.764,0.823,0.746,1.159,0.989,0.694,0.001,0.679,0.779,0.886,0.706,0.242,0.409,0.674,0.061,0.001,0.491,0.904,0.712,0.137,0.01,0.012,0.283,0.181,0.001,0.026,0.275,0.144,0.002,0.001,0.001,0.002,0.001,0,0.088,0.001,0,0.001,0,0.001,0,0.001,0,0,0.068,13.862
02:42.2,12918,0.192,-0.009,-0.676,-0.711,-0.312,-0.004,-0.715,-0.626,0.277,0.373,0.676,0.572,-0.24,-0.201,0.729,0.609,-0.034,-0.109,0.863,0.492,-0.181,-0.673,0.225,-0.681,0.001,0.001,0.001,0.001,0.001,0.001,0.001,0.001,0.001,0.001,0.001,0.001,0.001,0.001,0.001,0.001,0.001,0.001,0.001,0.001,0.001,0.001,0.001,0.001,0.024,0.001,0.001,0.001,0.001,0.001,0.001,0.001,0.001,0.001,0.001,0.001,0.001,0.001,0.001,0.001,0.001,0.001,0.001,0.001,0.001,0.444,0.434,-0.618,0.482,0.974,0.764,0.823,0.746,1.159,0.989,0.694,0.001,0.679,0.779,0.886,0.706,0.242,0.409,0.674,0.061,0.001,0.491,0.904,0.712,0.137,0.01,0.012,0.283,0.181,0.001,0.026,0.275,0.144,0.002,0.001,0.001,0.002,0.001,0,0.088,0.001,0,0.001,0,0.001,0,0.001,0,0,0.068,13.862
02:42.2,12919,0.19,-0.012,-0.678,-0.71,-0.302,-0.012,-0.713,-0.632,0.272,0.376,0.676,0.573,-0.24,-0.203,0.729,0.608,-0.034,-0.109,0.862,0.493,-0.181,-0.677,0.191,-0.687,0.001,0.001,0.001,0.001,0.001,0.001,0.001,0.001,0.001,0.001,0.001,0.001,0.001,0.001,0.001,0.001,0.001,0.001,0.001,0.001,0.001,0.001,0.001,0.001,0.026,0.001,0.001,0.001,0.001,0.001,0.001,0.001,0.001,0.001,0.001,0.001,0.001,0.001,0.001,0.001,0.001,0.001,0.001,0.001,0.001,0.444,0.434,-0.618,0.482,0.974,0.764,0.823,0.746,1.159,0.989,0.694,0.001,0.679,0.779,0.886,0.706,0.242,0.409,0.674,0.061,0.001,0.491,0.904,0.712,0.137,0.01,0.012,0.283,0.181,0.001,0.026,0.275,0.144,0.002,0.001,0.001,0.002,0.001,0,0.088,0.001,0,0.001,0,0.001,0,0.001,0,0,0.07,13.862
02:42.2,12920,0.19,-0.015,-0.679,-0.708,-0.291,-0.021,-0.712,-0.638,0.268,0.378,0.676,0.573,-0.24,-0.204,0.729,0.608,-0.033,-0.108,0.862,0.494,-0.179,-0.681,0.156,-0.693,0.001,0.001,0.001,0.001,0.001,0.001,0.001,0.001,0.001,0.001,0.001,0.001,0.001,0.001,0.001,0.001,0.001,0.001,0.001,0.001,0.001,0.001,0.001,0.001,0.024,0.001,0.001,0.001,0.001,0.001,0.001,0.001,0.001,0.001,0.001,0.001,0.001,0.001,0.001,0.001,0.001,0.001,0.001,0.001,0.001,0.444,0.434,-0.618,0.482,0.974,0.764,0.823,0.746,1.159,0.989,0.694,0.001,0.679,0.779,0.886,0.706,0.242,0.409,0.674,0.061,0.001,0.491,0.904,0.712,0.137,0.01,0.012,0.283,0.181,0.001,0.026,0.275,0.144,0.002,0.001,0.001,0.002,0.001,0,0.088,0.001,0,0.001,0,0.001,0,0.001,0,0,0.068,13.862
02:42.2,12921,0.191,-0.018,-0.681,-0.706,-0.278,-0.029,-0.711,-0.645,0.264,0.379,0.677,0.573,-0.239,-0.205,0.729,0.608,-0.033,-0.108,0.861,0.495,-0.207,-0.677,0.15,-0.69,0.001,0.001,0.001,0.001,0.001,0.001,0.001,0.001,0.001,0.001,0.001,0.001,0.001,0.001,0.001,0.001,0.001,0.001,0.001,0.001,0.001,0.001,0.001,0.001,0.026,0.001,0.001,0.001,0.001,0.001,0.001,0.001,0.001,0.001,0.001,0.001,0.001,0.001,0.001,0.001,0.001,0.001,0.001,0.001,0.001,0.444,0.434,-0.618,0.482,0.974,0.764,0.823,0.746,1.159,0.989,0.694,0.001,0.679,0.779,0.886,0.706,0.242,0.409,0.674,0.061,0.001,0.491,0.904,0.712,0.137,0.01,0.012,0.283,0.181,0.001,0.026,0.275,0.144,0.002,0.001,0.001,0.002,0.001,0,0.088,0.001,0,0.001,0,0.001,0,0.001,0,0,0.07,13.862
02:42.3,12922,0.194,-0.021,-0.683,-0.704,-0.264,-0.037,-0.711,-0.651,0.261,0.381,0.677,0.573,-0.238,-0.206,0.729,0.608,-0.033,-0.107,0.861,0.496,-0.232,-0.672,0.154,-0.686,0.001,0.001,0.001,0.001,0.001,0.001,0.001,0.001,0,0.001,0.001,0.001,0.001,0.001,0.001,0.001,0.001,0.001,0.001,0.001,0.001,0.001,0.001,0.001,0.026,0.001,0.001,0.001,0.001,0.001,0.001,0.001,0.001,0.001,0.001,0.001,0.001,0.001,0.001,0.001,0.001,0.001,0.001,0.001,0.001,0.444,0.434,-0.618,0.482,0.974,0.764,0.823,0.746,1.159,0.989,0.694,0.001,0.679,0.779,0.886,0.706,0.242,0.409,0.674,0.061,0.001,0.491,0.904,0.712,0.137,0.01,0.012,0.283,0.181,0.001,0.026,0.275,0.144,0.002,0.001,0.001,0.002,0.001,0,0.088,0.001,0,0.001,0,0.001,0,0.001,0,0,0.069,13.862
02:42.3,12923,0.198,-0.024,-0.685,-0.701,-0.249,-0.045,-0.71,-0.657,0.258,0.383,0.677,0.573,-0.237,-0.207,0.729,0.608,-0.033,-0.107,0.86,0.497,-0.232,-0.672,0.154,-0.686,0.001,0.001,0.001,0.001,0.001,0.001,0.001,0.001,0,0.001,0.001,0.001,0.001,0.001,0.001,0.001,0.001,0.001,0.001,0.001,0.001,0.001,0.001,0.001,0.026,0.001,0.001,0.001,0.001,0.001,0.001,0.001,0.001,0.001,0.001,0.001,0.001,0.001,0.001,0.001,0.001,0.001,0.001,0.001,0.001,0.458,0.427,-0.62,0.473,0.95,0.766,0.823,0.757,1.181,1.023,0.722,0.002,0.676,0.773,0.886,0.714,0.252,0.419,0.68,0.085,0.001,0.485,0.904,0.709,0.147,0.011,0.032,0.321,0.275,0,0.026,0.272,0.144,0.002,0.001,0.001,0.016,0,0,0.088,0,0.001,0.001,0,0,0.001,0.001,0.001,0,0.069,14.149
02:42.3,12924,0.203,-0.026,-0.686,-0.698,-0.232,-0.053,-0.71,-0.663,0.256,0.385,0.677,0.573,-0.235,-0.207,0.729,0.608,-0.034,-0.107,0.86,0.498,-0.232,-0.672,0.154,-0.686,0.001,0.001,0.001,0.001,0.001,0.001,0.001,0.001,0,0.001,0.001,0.001,0.001,0.001,0.001,0.001,0.001,0.001,0.001,0.001,0.001,0.001,0.001,0.001,0.026,0.001,0.001,0.001,0.001,0.001,0.001,0.001,0.001,0.001,0.001,0.001,0.001,0.001,0.001,0.001,0.001,0.001,0.001,0.001,0.001,0.458,0.427,-0.62,0.473,0.95,0.766,0.823,0.757,1.181,1.023,0.722,0.002,0.676,0.773,0.886,0.714,0.252,0.419,0.68,0.085,0.001,0.485,0.904,0.709,0.147,0.011,0.032,0.321,0.275,0,0.026,0.272,0.144,0.002,0.001,0.001,0.016,0,0,0.088,0,0.001,0.001,0,0,0.001,0.001,0.001,0,0.069,14.149
02:42.3,12925,0.207,-0.027,-0.688,-0.695,-0.214,-0.06,-0.71,-0.669,0.253,0.387,0.677,0.573,-0.234,-0.207,0.73,0.608,-0.034,-0.108,0.859,0.499,-0.232,-0.672,0.154,-0.686,0.001,0.001,0.001,0.001,0.001,0.001,0.001,0.001,0,0.001,0.001,0.001,0.001,0.001,0.001,0.001,0.001,0.001,0.001,0.001,0.001,0.001,0.001,0.001,0.026,0.001,0.001,0.001,0.001,0.001,0.001,0.001,0.001,0.001,0.001,0.001,0.001,0.001,0.001,0.001,0.001,0.001,0.001,0.001,0.001,0.458,0.427,-0.62,0.473,0.95,0.766,0.823,0.757,1.181,1.023,0.722,0.002,0.676,0.773,0.886,0.714,0.252,0.419,0.68,0.085,0.001,0.485,0.904,0.709,0.147,0.011,0.032,0.321,0.275,0,0.026,0.272,0.144,0.002,0.001,0.001,0.016,0,0,0.088,0,0.001,0.001,0,0,0.001,0.001,0.001,0,0.069,14.149
02:42.3,12926,0.212,-0.026,-0.69,-0.691,-0.196,-0.067,-0.709,-0.674,0.251,0.389,0.676,0.573,-0.233,-0.206,0.731,0.607,-0.033,-0.108,0.859,0.499,-0.232,-0.672,0.154,-0.686,0.001,0.001,0.001,0.001,0.001,0.001,0.001,0.001,0,0.001,0.001,0.001,0.001,0.001,0.001,0.001,0.001,0.001,0.001,0.001,0.001,0.001,0.001,0.001,0.026,0.001,0.001,0.001,0.001,0.001,0.001,0.001,0.001,0.001,0.001,0.001,0.001,0.001,0.001,0.001,0.001,0.001,0.001,0.001,0.001,0.458,0.427,-0.62,0.473,0.95,0.766,0.823,0.757,1.181,1.023,0.722,0.002,0.676,0.773,0.886,0.714,0.252,0.419,0.68,0.085,0.001,0.485,0.904,0.709,0.147,0.011,0.032,0.321,0.275,0,0.026,0.272,0.144,0.002,0.001,0.001,0.016,0,0,0.088,0,0.001,0.001,0,0,0.001,0.001,0.001,0,0.069,14.149
02:42.3,12927,0.217,-0.025,-0.692,-0.688,-0.179,-0.073,-0.709,-0.679,0.249,0.392,0.676,0.572,-0.233,-0.206,0.731,0.607,-0.033,-0.109,0.859,0.5,-0.232,-0.672,0.154,-0.686,0.001,0.001,0.001,0.001,0.001,0.001,0.001,0.001,0,0.001,0.001,0.001,0.001,0.001,0.001,0.001,0.001,0.001,0.001,0.001,0.001,0.001,0.001,0.001,0.026,0.001,0.001,0.001,0.001,0.001,0.001,0.001,0.001,0.001,0.001,0.001,0.001,0.001,0.001,0.001,0.001,0.001,0.001,0.001,0.001,0.458,0.427,-0.62,0.473,0.95,0.766,0.823,0.757,1.181,1.023,0.722,0.002,0.676,0.773,0.886,0.714,0.252,0.419,0.68,0.085,0.001,0.485,0.904,0.709,0.147,0.011,0.032,0.321,0.275,0,0.026,0.272,0.144,0.002,0.001,0.001,0.016,0,0,0.088,0,0.001,0.001,0,0,0.001,0.001,0.001,0,0.069,14.149
02:42.3,12928,0.221,-0.022,-0.694,-0.684,-0.163,-0.079,-0.707,-0.683,0.248,0.394,0.676,0.571,-0.233,-0.205,0.732,0.606,-0.033,-0.11,0.858,0.501,-0.232,-0.672,0.154,-0.686,0.001,0.001,0.001,0.001,0.001,0.001,0.001,0.001,0,0.001,0.001,0.001,0.001,0.001,0.001,0.001,0.001,0.001,0.001,0.001,0.001,0.001,0.001,0.001,0.026,0.001,0.001,0.001,0.001,0.001,0.001,0.001,0.001,0.001,0.001,0.001,0.001,0.001,0.001,0.001,0.001,0.001,0.001,0.001,0.001,0.458,0.427,-0.62,0.473,0.95,0.766,0.823,0.757,1.181,1.023,0.722,0.002,0.676,0.773,0.886,0.714,0.252,0.419,0.68,0.085,0.001,0.485,0.904,0.709,0.147,0.011,0.032,0.321,0.275,0,0.026,0.272,0.144,0.002,0.001,0.001,0.016,0,0,0.088,0,0.001,0.001,0,0,0.001,0.001,0.001,0,0.069,14.149
02:42.3,12929,0.224,-0.018,-0.697,-0.681,-0.148,-0.085,-0.706,-0.688,0.248,0.397,0.675,0.57,-0.232,-0.205,0.733,0.606,-0.033,-0.111,0.857,0.502,-0.375,-0.658,0.127,-0.64,0.001,0.001,0.001,0.001,0.001,0.001,0.001,0.001,0.001,0.001,0.001,0.001,0.001,0.001,0.001,0.001,0.001,0.001,0.001,0.001,0.001,0.001,0.001,0.001,0.028,0.001,0.001,0.001,0.001,0.001,0.001,0.001,0.001,0.001,0.001,0.001,0.001,0.001,0.001,0.001,0.001,0.001,0.001,0.001,0.001,0.458,0.427,-0.62,0.473,0.95,0.766,0.823,0.757,1.181,1.023,0.722,0.002,0.676,0.773,0.886,0.714,0.252,0.419,0.68,0.085,0.001,0.485,0.904,0.709,0.147,0.011,0.032,0.321,0.275,0,0.026,0.272,0.144,0.002,0.001,0.001,0.016,0,0,0.088,0,0.001,0.001,0,0,0.001,0.001,0.001,0,0.072,14.149
02:42.3,12930,0.225,-0.014,-0.7,-0.678,-0.134,-0.092,-0.703,-0.692,0.248,0.399,0.675,0.569,-0.23,-0.204,0.734,0.605,-0.033,-0.112,0.856,0.503,-0.379,-0.661,0.116,-0.637,0.001,0.001,0.001,0.001,0.001,0.001,0.001,0.001,0,0.001,0.001,0.001,0.001,0.001,0.001,0.001,0.001,0,0.001,0.001,0.001,0.001,0.001,0.001,0.027,0.001,0.001,0.001,0.001,0.001,0.001,0.001,0.001,0.001,0.001,0.001,0.001,0.001,0.001,0.001,0.001,0.001,0.001,0.001,0.001,0.475,0.413,-0.618,0.47,0.849,0.739,0.795,0.788,1.261,1.105,0.75,0.011,0.557,0.764,0.867,0.767,0.389,0.545,0.706,0.305,0.082,0.432,0.896,0.722,0.221,0.038,0.088,0.49,0.7,0.001,0.093,0.245,0.148,0.004,0.002,0.015,0.189,0.199,0,0.115,0.001,0.005,0.001,0.001,0.001,0.001,0.001,0,0,0.069,15.889
02:42.3,12931,0.227,-0.008,-0.702,-0.675,-0.121,-0.099,-0.701,-0.696,0.25,0.402,0.674,0.567,-0.228,-0.203,0.735,0.605,-0.033,-0.114,0.855,0.505,-0.382,-0.665,0.099,-0.634,0.001,0.001,0.001,0.001,0.001,0.001,0.001,0.001,0.001,0.001,0.001,0.001,0.001,0.001,0.001,0.001,0.001,0.001,0.001,0.001,0.001,0.001,0.001,0.001,0.027,0.001,0.001,0.001,0.001,0.001,0.001,0.001,0.001,0.001,0.001,0.001,0.001,0.001,0.001,0.001,0.001,0.001,0.001,0.001,0.001,0.478,0.411,-0.617,0.471,0.695,0.648,0.694,0.673,1.154,1.031,0.615,0.024,0.526,0.735,0.825,0.768,0.457,0.595,0.641,0.407,0.131,0.509,0.899,0.755,0.349,0.107,0.114,0.584,0.861,0.04,0.184,0.336,0.242,0.023,0.005,0.005,0.349,0.548,0.001,0.153,0.001,0.142,0.193,0,0,0.018,0.004,0.001,0.184,0.071,17.226
02:42.4,12932,0.227,-0.003,-0.704,-0.672,-0.109,-0.107,-0.698,-0.7,0.251,0.404,0.673,0.565,-0.225,-0.202,0.736,0.605,-0.033,-0.115,0.854,0.506,-0.382,-0.669,0.084,-0.632,0.001,0.001,0.001,0.001,0.001,0.001,0.001,0.001,0.001,0.001,0.001,0.001,0.001,0.001,0.001,0.001,0.001,0.001,0.001,0.001,0.001,0.001,0.001,0.001,0.029,0.001,0.001,0.001,0.001,0.001,0.001,0.001,0.001,0.001,0.001,0.001,0.001,0.001,0.001,0.001,0.001,0.001,0.001,0.001,0.001,0.478,0.411,-0.617,0.471,0.695,0.648,0.694,0.673,1.154,1.031,0.615,0.024,0.526,0.735,0.825,0.768,0.457,0.595,0.641,0.407,0.131,0.509,0.899,0.755,0.349,0.107,0.114,0.584,0.861,0.04,0.184,0.336,0.242,0.023,0.005,0.005,0.349,0.548,0.001,0.153,0.001,0.142,0.193,0,0,0.018,0.004,0.001,0.184,0.073,17.226
02:42.4,12933,0.227,0.003,-0.706,-0.67,-0.097,-0.116,-0.694,-0.703,0.253,0.407,0.673,0.563,-0.223,-0.201,0.737,0.605,-0.034,-0.116,0.853,0.507,-0.379,-0.674,0.066,-0.63,0,0.001,0.001,0.001,0.001,0.001,0.001,0.001,0.001,0.001,0.001,0.001,0.001,0.001,0.001,0.001,0.001,0.001,0.001,0.001,0.001,0.001,0.001,0.001,0.028,0.001,0.001,0.001,0.001,0.001,0.001,0.001,0.001,0.001,0.001,0.001,0.001,0.001,0.001,0.001,0.001,0.001,0.001,0.001,0.001,0.478,0.411,-0.617,0.471,0.695,0.648,0.694,0.673,1.154,1.031,0.615,0.024,0.526,0.735,0.825,0.768,0.457,0.595,0.641,0.407,0.131,0.509,0.899,0.755,0.349,0.107,0.114,0.584,0.861,0.04,0.184,0.336,0.242,0.023,0.005,0.005,0.349,0.548,0.001,0.153,0.001,0.142,0.193,0,0,0.018,0.004,0.001,0.184,0.071,17.226
02:42.4,12934,0.228,0.009,-0.708,-0.669,-0.085,-0.125,-0.691,-0.707,0.255,0.41,0.672,0.561,-0.221,-0.198,0.739,0.605,-0.035,-0.117,0.852,0.509,-0.379,-0.674,0.066,-0.63,0,0.001,0.001,0.001,0.001,0.001,0.001,0.001,0.001,0.001,0.001,0.001,0.001,0.001,0.001,0.001,0.001,0.001,0.001,0.001,0.001,0.001,0.001,0.001,0.028,0.001,0.001,0.001,0.001,0.001,0.001,0.001,0.001,0.001,0.001,0.001,0.001,0.001,0.001,0.001,0.001,0.001,0.001,0.001,0.001,0.478,0.411,-0.617,0.471,0.695,0.648,0.694,0.673,1.154,1.031,0.615,0.024,0.526,0.735,0.825,0.768,0.457,0.595,0.641,0.407,0.131,0.509,0.899,0.755,0.349,0.107,0.114,0.584,0.861,0.04,0.184,0.336,0.242,0.023,0.005,0.005,0.349,0.548,0.001,0.153,0.001,0.142,0.193,0,0,0.018,0.004,0.001,0.184,0.071,17.226
02:42.4,12935,0.228,0.014,-0.709,-0.667,-0.073,-0.134,-0.688,-0.71,0.257,0.413,0.671,0.559,-0.22,-0.196,0.74,0.604,-0.035,-0.118,0.851,0.51,-0.379,-0.674,0.066,-0.63,0,0.001,0.001,0.001,0.001,0.001,0.001,0.001,0.001,0.001,0.001,0.001,0.001,0.001,0.001,0.001,0.001,0.001,0.001,0.001,0.001,0.001,0.001,0.001,0.028,0.001,0.001,0.001,0.001,0.001,0.001,0.001,0.001,0.001,0.001,0.001,0.001,0.001,0.001,0.001,0.001,0.001,0.001,0.001,0.001,0.478,0.411,-0.617,0.471,0.695,0.648,0.694,0.673,1.154,1.031,0.615,0.024,0.526,0.735,0.825,0.768,0.457,0.595,0.641,0.407,0.131,0.509,0.899,0.755,0.349,0.107,0.114,0.584,0.861,0.04,0.184,0.336,0.242,0.023,0.005,0.005,0.349,0.548,0.001,0.153,0.001,0.142,0.193,0,0,0.018,0.004,0.001,0.184,0.071,17.226
02:42.4,12936,0.228,0.02,-0.71,-0.666,-0.061,-0.144,-0.684,-0.712,0.258,0.416,0.67,0.557,-0.221,-0.192,0.742,0.603,-0.036,-0.12,0.85,0.511,-0.379,-0.674,0.066,-0.63,0,0.001,0.001,0.001,0.001,0.001,0.001,0.001,0.001,0.001,0.001,0.001,0.001,0.001,0.001,0.001,0.001,0.001,0.001,0.001,0.001,0.001,0.001,0.001,0.028,0.001,0.001,0.001,0.001,0.001,0.001,0.001,0.001,0.001,0.001,0.001,0.001,0.001,0.001,0.001,0.001,0.001,0.001,0.001,0.001,0.478,0.411,-0.617,0.471,0.695,0.648,0.694,0.673,1.154,1.031,0.615,0.024,0.526,0.735,0.825,0.768,0.457,0.595,0.641,0.407,0.131,0.509,0.899,0.755,0.349,0.107,0.114,0.584,0.861,0.04,0.184,0.336,0.242,0.023,0.005,0.005,0.349,0.548,0.001,0.153,0.001,0.142,0.193,0,0,0.018,0.004,0.001,0.184,0.071,17.226
02:42.4,12937,0.228,0.025,-0.71,-0.666,-0.049,-0.153,-0.681,-0.715,0.26,0.419,0.669,0.556,-0.222,-0.189,0.743,0.602,-0.038,-0.121,0.849,0.512,-0.379,-0.674,0.066,-0.63,0,0.001,0.001,0.001,0.001,0.001,0.001,0.001,0.001,0.001,0.001,0.001,0.001,0.001,0.001,0.001,0.001,0.001,0.001,0.001,0.001,0.001,0.001,0.001,0.028,0.001,0.001,0.001,0.001,0.001,0.001,0.001,0.001,0.001,0.001,0.001,0.001,0.001,0.001,0.001,0.001,0.001,0.001,0.001,0.001,0.478,0.411,-0.617,0.471,0.695,0.648,0.694,0.673,1.154,1.031,0.615,0.024,0.526,0.735,0.825,0.768,0.457,0.595,0.641,0.407,0.131,0.509,0.899,0.755,0.349,0.107,0.114,0.584,0.861,0.04,0.184,0.336,0.242,0.023,0.005,0.005,0.349,0.548,0.001,0.153,0.001,0.142,0.193,0,0,0.018,0.004,0.001,0.184,0.071,17.226
02:42.4,12938,0.228,0.03,-0.71,-0.666,-0.038,-0.162,-0.678,-0.716,0.26,0.422,0.668,0.555,-0.224,-0.185,0.744,0.601,-0.039,-0.122,0.849,0.513,-0.379,-0.674,0.066,-0.63,0,0.001,0.001,0.001,0.001,0.001,0.001,0.001,0.001,0.001,0.001,0.001,0.001,0.001,0.001,0.001,0.001,0.001,0.001,0.001,0.001,0.001,0.001,0.001,0.028,0.001,0.001,0.001,0.001,0.001,0.001,0.001,0.001,0.001,0.001,0.001,0.001,0.001,0.001,0.001,0.001,0.001,0.001,0.001,0.001,0.498,0.398,-0.602,0.48,0.687,0.639,0.681,0.647,1.122,1.002,0.584,0.026,0.536,0.731,0.822,0.756,0.462,0.592,0.626,0.4,0.121,0.527,0.897,0.761,0.392,0.12,0.123,0.585,0.861,0.038,0.181,0.353,0.254,0.027,0.005,0.005,0.36,0.567,0.001,0.161,0.001,0.172,0.236,0,0.012,0.038,0.015,0,0.226,0.071,17.352
02:42.4,12939,0.228,0.034,-0.709,-0.667,-0.027,-0.171,-0.675,-0.717,0.26,0.425,0.666,0.555,-0.224,-0.182,0.746,0.6,-0.04,-0.123,0.848,0.513,-0.379,-0.674,0.066,-0.63,0,0.001,0.001,0.001,0.001,0.001,0.001,0.001,0.001,0.001,0.001,0.001,0.001,0.001,0.001,0.001,0.001,0.001,0.001,0.001,0.001,0.001,0.001,0.001,0.028,0.001,0.001,0.001,0.001,0.001,0.001,0.001,0.001,0.001,0.001,0.001,0.001,0.001,0.001,0.001,0.001,0.001,0.001,0.001,0.001,0.499,0.398,-0.6,0.483,0.477,0.497,0.519,0.407,0.863,0.713,0.322,0.013,0.469,0.725,0.734,0.646,0.465,0.571,0.459,0.32,0.117,0.578,0.907,0.747,0.512,0.228,0.255,0.525,0.769,0.14,0.17,0.418,0.4,0.109,0.006,0.006,0.46,0.652,0.002,0.242,0.001,0.487,0.486,0.042,0.095,0.315,0.25,0.626,0.889,0.071,18.634
02:42.4,12940,0.229,0.037,-0.707,-0.668,-0.018,-0.179,-0.673,-0.717,0.259,0.427,0.664,0.556,-0.224,-0.178,0.747,0.6,-0.041,-0.123,0.848,0.513,-0.326,-0.699,-0.063,-0.633,0.001,0.001,0.001,0.001,0.001,0.001,0.001,0.001,0.001,0.001,0.001,0.001,0.001,0.001,0.001,0.001,0.001,0.001,0.001,0.001,0.001,0.001,0.001,0.001,0.027,0.001,0.001,0.001,0.001,0.001,0.001,0.001,0.001,0.001,0.001,0.001,0.001,0.001,0.001,0.001,0.001,0.001,0.001,0.001,0.001,0.499,0.398,-0.6,0.483,0.477,0.497,0.519,0.407,0.863,0.713,0.322,0.013,0.469,0.725,0.734,0.646,0.465,0.571,0.459,0.32,0.117,0.578,0.907,0.747,0.512,0.228,0.255,0.525,0.769,0.14,0.17,0.418,0.4,0.109,0.006,0.006,0.46,0.652,0.002,0.242,0.001,0.487,0.486,0.042,0.095,0.315,0.25,0.626,0.889,0.071,18.634
02:42.4,12941,0.23,0.039,-0.705,-0.67,-0.01,-0.187,-0.671,-0.717,0.256,0.428,0.663,0.558,-0.225,-0.173,0.749,0.598,-0.042,-0.123,0.848,0.513,-0.32,-0.699,-0.07,-0.636,0.001,0.001,0.001,0.001,0.001,0,0.001,0.001,0.001,0.001,0.001,0.001,0.001,0.001,0.001,0.001,0.001,0,0.001,0.001,0.001,0.001,0.001,0.001,0.028,0.001,0.001,0.001,0.001,0.001,0.001,0.001,0.001,0.001,0.001,0.001,0.001,0.001,0.001,0.001,0.001,0.001,0.001,0.001,0.001,0.499,0.398,-0.6,0.483,0.477,0.497,0.519,0.407,0.863,0.713,0.322,0.013,0.469,0.725,0.734,0.646,0.465,0.571,0.459,0.32,0.117,0.578,0.907,0.747,0.512,0.228,0.255,0.525,0.769,0.14,0.17,0.418,0.4,0.109,0.006,0.006,0.46,0.652,0.002,0.242,0.001,0.487,0.486,0.042,0.095,0.315,0.25,0.626,0.889,0.07,18.634
02:42.4,12942,0.231,0.039,-0.703,-0.672,-0.004,-0.195,-0.669,-0.717,0.253,0.429,0.662,0.56,-0.226,-0.169,0.751,0.597,-0.042,-0.124,0.848,0.513,-0.313,-0.699,-0.076,-0.639,0,0.001,0.001,0.001,0.001,0.001,0.001,0.001,0.001,0.001,0.001,0.001,0.001,0.001,0.001,0.001,0.001,0.001,0.001,0.001,0.001,0.001,0.001,0.001,0.029,0.001,0.001,0.001,0.001,0.001,0.001,0.001,0.001,0.001,0.001,0.001,0.001,0.001,0.001,0.001,0.001,0.001,0.001,0.001,0.001,0.499,0.398,-0.6,0.483,0.477,0.497,0.519,0.407,0.863,0.713,0.322,0.013,0.469,0.725,0.734,0.646,0.465,0.571,0.459,0.32,0.117,0.578,0.907,0.747,0.512,0.228,0.255,0.525,0.769,0.14,0.17,0.418,0.4,0.109,0.006,0.006,0.46,0.652,0.002,0.242,0.001,0.487,0.486,0.042,0.095,0.315,0.25,0.626,0.889,0.072,18.634
02:42.5,12943,0.233,0.037,-0.7,-0.674,-0.001,-0.201,-0.668,-0.716,0.25,0.429,0.661,0.562,-0.23,-0.164,0.753,0.594,-0.043,-0.124,0.848,0.513,-0.303,-0.7,-0.081,-0.642,0.001,0.001,0.001,0.001,0.001,0.001,0.001,0.001,0.001,0.001,0.001,0.001,0.001,0.001,0.001,0.001,0.001,0.001,0.001,0.001,0.001,0.001,0.001,0.001,0.027,0.001,0.001,0.001,0.001,0.001,0.001,0.001,0.001,0.001,0.001,0.001,0.001,0.001,0.001,0.001,0.001,0.001,0.001,0.001,0.001,0.499,0.398,-0.6,0.483,0.477,0.497,0.519,0.407,0.863,0.713,0.322,0.013,0.469,0.725,0.734,0.646,0.465,0.571,0.459,0.32,0.117,0.578,0.907,0.747,0.512,0.228,0.255,0.525,0.769,0.14,0.17,0.418,0.4,0.109,0.006,0.006,0.46,0.652,0.002,0.242,0.001,0.487,0.486,0.042,0.095,0.315,0.25,0.626,0.889,0.071,18.634
02:42.5,12944,0.234,0.034,-0.697,-0.677,0.001,-0.208,-0.667,-0.715,0.248,0.429,0.66,0.564,-0.234,-0.159,0.755,0.591,-0.043,-0.124,0.848,0.513,-0.296,-0.701,-0.083,-0.644,0.001,0.001,0.001,0.001,0.001,0.001,0.001,0.001,0.001,0.001,0.001,0.001,0.001,0.001,0.001,0.001,0.001,0.001,0.001,0.001,0.001,0.001,0.001,0.001,0.026,0.001,0.001,0.001,0.001,0.001,0.001,0.001,0.001,0.001,0.001,0.001,0.001,0.001,0.001,0.001,0.001,0.001,0.001,0.001,0.001,0.499,0.398,-0.6,0.483,0.477,0.497,0.519,0.407,0.863,0.713,0.322,0.013,0.469,0.725,0.734,0.646,0.465,0.571,0.459,0.32,0.117,0.578,0.907,0.747,0.512,0.228,0.255,0.525,0.769,0.14,0.17,0.418,0.4,0.109,0.006,0.006,0.46,0.652,0.002,0.242,0.001,0.487,0.486,0.042,0.095,0.315,0.25,0.626,0.889,0.07,18.634
02:42.5,12945,0.236,0.029,-0.695,-0.679,0.002,-0.214,-0.667,-0.714,0.245,0.43,0.66,0.565,-0.24,-0.155,0.757,0.588,-0.044,-0.124,0.848,0.513,-0.284,-0.704,-0.083,-0.646,0.001,0.001,0.001,0.001,0.001,0.001,0.001,0.001,0.001,0.001,0.001,0.001,0.001,0.001,0.001,0.001,0.001,0.001,0.001,0.001,0.001,0.001,0.001,0.001,0.024,0.001,0.001,0.001,0.001,0.001,0.001,0.001,0.001,0.001,0.001,0.001,0.001,0,0.001,0.001,0.001,0.001,0.001,0.001,0.001,0.499,0.398,-0.6,0.483,0.477,0.497,0.519,0.407,0.863,0.713,0.322,0.013,0.469,0.725,0.734,0.646,0.465,0.571,0.459,0.32,0.117,0.578,0.907,0.747,0.512,0.228,0.255,0.525,0.769,0.14,0.17,0.418,0.4,0.109,0.006,0.006,0.46,0.652,0.002,0.242,0.001,0.487,0.486,0.042,0.095,0.315,0.25,0.626,0.889,0.067,18.634
02:42.5,12946,0.238,0.025,-0.693,-0.68,0.003,-0.219,-0.666,-0.713,0.243,0.43,0.66,0.566,-0.246,-0.151,0.759,0.584,-0.044,-0.124,0.848,0.513,-0.274,-0.707,-0.082,-0.647,0.001,0.001,0.001,0.001,0.001,0.001,0.001,0.001,0.001,0.001,0.001,0.001,0.001,0.001,0.001,0.001,0.001,0.001,0.001,0.001,0.001,0.001,0.001,0.001,0.028,0.001,0.001,0.001,0.001,0.001,0.001,0.001,0.001,0.001,0.001,0.001,0.001,0.001,0.001,0.001,0.001,0.001,0.001,0.001,0.001,0.52,0.378,-0.592,0.486,0.437,0.48,0.505,0.391,0.84,0.689,0.309,0.013,0.419,0.719,0.72,0.619,0.46,0.57,0.446,0.314,0.127,0.547,0.913,0.736,0.513,0.243,0.272,0.516,0.761,0.149,0.16,0.403,0.41,0.115,0.009,0.007,0.462,0.648,0.001,0.234,0.002,0.514,0.509,0.051,0.112,0.347,0.278,0.672,0.952,0.072,18.594
02:42.5,12947,0.239,0.02,-0.692,-0.68,0.003,-0.223,-0.666,-0.712,0.242,0.431,0.659,0.568,-0.252,-0.147,0.76,0.581,-0.044,-0.124,0.848,0.513,-0.262,-0.71,-0.079,-0.649,0.001,0.001,0.001,0.001,0.001,0.001,0.001,0.001,0.001,0.001,0.001,0.001,0.001,0.001,0.001,0.001,0.001,0,0.001,0.001,0.001,0.001,0.001,0.001,0.028,0.001,0.001,0.001,0.001,0.001,0.001,0.001,0.001,0.001,0.001,0.001,0.001,0.001,0.001,0.001,0.001,0.001,0.001,0.001,0.001,0.522,0.376,-0.59,0.487,0,0.219,0.288,0.158,0.714,0.658,0.291,0.018,0,0.385,0.559,0.44,0.394,0.587,0.426,0.327,0.222,0,0.546,0.529,0.286,0.199,0.372,0.51,0.716,0.233,0.22,0.103,0.221,0.046,0.002,0.061,0.492,0.652,0.078,0.372,0.005,0.596,0.634,0.256,0.327,0.454,0.389,0.994,1.208,0.071,16.187
02:42.5,12948,0.24,0.014,-0.692,-0.68,0.003,-0.227,-0.666,-0.711,0.24,0.431,0.658,0.569,-0.258,-0.144,0.761,0.578,-0.044,-0.124,0.848,0.513,-0.251,-0.713,-0.074,-0.651,0.001,0.001,0.001,0.001,0.001,0.001,0.001,0.001,0.001,0.001,0.001,0.001,0.001,0.001,0.001,0.001,0.001,0.001,0.001,0.001,0.001,0.001,0.001,0.001,0.027,0.001,0.001,0.001,0.001,0.001,0.001,0.001,0.001,0.001,0.001,0.001,0.001,0.001,0.001,0.001,0.001,0.001,0.001,0.001,0.001,0.525,0.373,-0.588,0.489,0,0.123,0.221,0.092,0.709,0.684,0.293,0.022,0,0.319,0.526,0.375,0.359,0.59,0.431,0.333,0.233,0,0.477,0.47,0.242,0.156,0.368,0.513,0.714,0.239,0.231,0.043,0.131,0.017,0.002,0.066,0.495,0.658,0.098,0.382,0.005,0.601,0.636,0.287,0.375,0.457,0.391,1.005,1.212,0.071,15.581
02:42.5,12949,0.241,0.008,-0.693,-0.68,0.002,-0.229,-0.666,-0.71,0.237,0.432,0.657,0.571,-0.262,-0.14,0.762,0.576,-0.045,-0.123,0.849,0.512,-0.24,-0.716,-0.069,-0.652,0.001,0.001,0.001,0.001,0.001,0.001,0.001,0.001,0.001,0.001,0.001,0.001,0.001,0.001,0.001,0.001,0.001,0.001,0.001,0.001,0.001,0.001,0.001,0.001,0.023,0.001,0.001,0.001,0.001,0.001,0.001,0.001,0.001,0.001,0.001,0.001,0.001,0.001,0.001,0.001,0.001,0.001,0.001,0.001,0.001,0.528,0.37,-0.586,0.49,0,0.048,0.117,0.043,0.72,0.714,0.292,0.024,0,0.195,0.452,0.282,0.306,0.575,0.435,0.336,0.243,0,0.357,0.402,0.139,0.114,0.352,0.52,0.716,0.247,0.244,0.001,0.034,0.001,0.001,0.072,0.496,0.656,0.115,0.408,0.005,0.604,0.643,0.304,0.398,0.46,0.399,1.032,1.206,0.067,14.708
02:42.5,12950,0.241,0.002,-0.693,-0.679,0,-0.23,-0.666,-0.709,0.235,0.433,0.656,0.572,-0.266,-0.137,0.763,0.573,-0.045,-0.123,0.849,0.511,-0.226,-0.719,-0.061,-0.654,0.001,0.001,0.001,0.001,0.001,0.001,0.001,0.001,0.001,0.001,0.001,0.001,0.001,0.001,0.001,0.001,0.001,0.001,0.001,0.001,0.001,0.001,0.001,0.001,0.024,0.001,0.001,0.001,0.001,0.001,0.001,0.001,0.001,0.001,0.001,0.001,0.001,0.001,0.001,0.001,0.001,0.001,0.001,0.001,0.001,0.531,0.367,-0.584,0.492,0,0.001,0.04,0.006,0.703,0.724,0.293,0.026,0,0.134,0.371,0.19,0.254,0.56,0.436,0.337,0.265,0,0.227,0.33,0.085,0.051,0.335,0.525,0.716,0.26,0.243,0.001,0.001,0.001,0.001,0.077,0.493,0.652,0.143,0.422,0.006,0.609,0.647,0.32,0.424,0.464,0.408,1.027,1.211,0.068,14.019
02:42.5,12951,0.241,-0.005,-0.693,-0.679,-0.002,-0.23,-0.667,-0.708,0.232,0.434,0.655,0.574,-0.27,-0.134,0.764,0.57,-0.045,-0.123,0.85,0.511,-0.226,-0.719,-0.061,-0.654,0.001,0.001,0.001,0.001,0.001,0.001,0.001,0.001,0.001,0.001,0.001,0.001,0.001,0.001,0.001,0.001,0.001,0.001,0.001,0.001,0.001,0.001,0.001,0.001,0.024,0.001,0.001,0.001,0.001,0.001,0.001,0.001,0.001,0.001,0.001,0.001,0.001,0.001,0.001,0.001,0.001,0.001,0.001,0.001,0.001,0.534,0.364,-0.583,0.493,0.001,0.001,0,0,0.676,0.742,0.289,0.029,0,0.022,0.274,0.117,0.179,0.542,0.432,0.338,0.255,0.001,0.085,0.192,0.004,0.021,0.304,0.53,0.713,0.277,0.249,0,0.001,0.001,0.001,0.072,0.493,0.65,0.158,0.432,0.005,0.614,0.654,0.346,0.443,0.471,0.418,1.057,1.216,0.068,13.305
02:42.6,12952,0.24,-0.012,-0.693,-0.68,-0.005,-0.228,-0.669,-0.707,0.229,0.435,0.654,0.575,-0.275,-0.13,0.766,0.567,-0.046,-0.123,0.85,0.51,-0.226,-0.719,-0.061,-0.654,0.001,0.001,0.001,0.001,0.001,0.001,0.001,0.001,0.001,0.001,0.001,0.001,0.001,0.001,0.001,0.001,0.001,0.001,0.001,0.001,0.001,0.001,0.001,0.001,0.024,0.001,0.001,0.001,0.001,0.001,0.001,0.001,0.001,0.001,0.001,0.001,0.001,0.001,0.001,0.001,0.001,0.001,0.001,0.001,0.001,0.537,0.361,-0.581,0.495,0,0.001,0,0.001,0.591,0.756,0.284,0.031,0,0,0.164,0.061,0.096,0.524,0.427,0.338,0.25,0,0.024,0.115,0,0.001,0.247,0.537,0.711,0.291,0.255,0.001,0,0.001,0,0.067,0.497,0.647,0.172,0.433,0.005,0.617,0.662,0.371,0.471,0.479,0.425,1.07,1.222,0.068,12.845
02:42.6,12953,0.24,-0.019,-0.692,-0.68,-0.009,-0.225,-0.671,-0.706,0.226,0.437,0.653,0.576,-0.28,-0.127,0.767,0.563,-0.048,-0.123,0.85,0.51,-0.226,-0.719,-0.061,-0.654,0.001,0.001,0.001,0.001,0.001,0.001,0.001,0.001,0.001,0.001,0.001,0.001,0.001,0.001,0.001,0.001,0.001,0.001,0.001,0.001,0.001,0.001,0.001,0.001,0.024,0.001,0.001,0.001,0.001,0.001,0.001,0.001,0.001,0.001,0.001,0.001,0.001,0.001,0.001,0.001,0.001,0.001,0.001,0.001,0.001,0.54,0.357,-0.579,0.496,0,0.001,0.001,0.001,0.498,0.768,0.28,0.033,0.001,0,0.087,0,0.033,0.525,0.42,0.335,0.272,0,0.018,0.051,0,0.001,0.189,0.54,0.713,0.294,0.254,0.001,0.001,0,0,0.063,0.501,0.646,0.181,0.44,0.005,0.621,0.669,0.387,0.492,0.486,0.431,1.068,1.227,0.068,12.534
02:42.6,12954,0.24,-0.025,-0.692,-0.681,-0.012,-0.221,-0.673,-0.706,0.223,0.438,0.652,0.577,-0.285,-0.123,0.768,0.56,-0.049,-0.124,0.85,0.509,-0.226,-0.719,-0.061,-0.654,0.001,0.001,0.001,0.001,0.001,0.001,0.001,0.001,0.001,0.001,0.001,0.001,0.001,0.001,0.001,0.001,0.001,0.001,0.001,0.001,0.001,0.001,0.001,0.001,0.024,0.001,0.001,0.001,0.001,0.001,0.001,0.001,0.001,0.001,0.001,0.001,0.001,0.001,0.001,0.001,0.001,0.001,0.001,0.001,0.001,0.542,0.354,-0.577,0.498,0,0,0,0.001,0.377,0.767,0.282,0.033,0,0.001,0.017,0,0.001,0.516,0.419,0.331,0.271,0,0.009,0,0,0,0.162,0.54,0.709,0.304,0.25,0,0.001,0,0.001,0.046,0.501,0.648,0.183,0.436,0.005,0.621,0.674,0.409,0.502,0.487,0.435,1.081,1.23,0.068,12.25
02:42.6,12955,0.24,-0.029,-0.692,-0.68,-0.016,-0.216,-0.675,-0.705,0.219,0.44,0.651,0.579,-0.29,-0.121,0.769,0.557,-0.051,-0.125,0.85,0.51,-0.226,-0.719,-0.061,-0.654,0.001,0.001,0.001,0.001,0.001,0.001,0.001,0.001,0.001,0.001,0.001,0.001,0.001,0.001,0.001,0.001,0.001,0.001,0.001,0.001,0.001,0.001,0.001,0.001,0.024,0.001,0.001,0.001,0.001,0.001,0.001,0.001,0.001,0.001,0.001,0.001,0.001,0.001,0.001,0.001,0.001,0.001,0.001,0.001,0.001,0.537,0.357,-0.57,0.509,0,0,0.001,0.001,0.211,0.747,0.284,0.035,0.001,0,0,0,0.001,0.495,0.42,0.328,0.274,0,0.009,0,0.001,0,0.111,0.54,0.707,0.322,0.253,0,0,0,0.001,0.027,0.503,0.648,0.199,0.438,0.004,0.623,0.681,0.424,0.521,0.486,0.437,1.076,1.23,0.068,12.039
02:42.6,12956,0.241,-0.032,-0.692,-0.68,-0.019,-0.208,-0.678,-0.705,0.215,0.44,0.65,0.581,-0.296,-0.118,0.769,0.554,-0.053,-0.126,0.849,0.51,-0.226,-0.719,-0.061,-0.654,0.001,0.001,0.001,0.001,0.001,0.001,0.001,0.001,0.001,0.001,0.001,0.001,0.001,0.001,0.001,0.001,0.001,0.001,0.001,0.001,0.001,0.001,0.001,0.001,0.024,0.001,0.001,0.001,0.001,0.001,0.001,0.001,0.001,0.001,0.001,0.001,0.001,0.001,0.001,0.001,0.001,0.001,0.001,0.001,0.001,0.532,0.358,-0.565,0.52,0,0.001,0.001,0,0.137,0.706,0.281,0.035,0,0.001,0.001,0,0,0.426,0.427,0.33,0.275,0,0.002,0,0.001,0,0.073,0.536,0.707,0.343,0.26,0,0,0,0.001,0.011,0.502,0.648,0.2,0.431,0.002,0.62,0.683,0.436,0.549,0.484,0.441,1.076,1.22,0.068,11.847
02:42.6,12957,0.242,-0.033,-0.692,-0.679,-0.022,-0.2,-0.681,-0.704,0.211,0.44,0.65,0.583,-0.301,-0.116,0.769,0.552,-0.055,-0.127,0.848,0.511,-0.148,-0.747,0.004,-0.648,0.001,0.001,0.001,0.001,0.001,0.001,0.001,0.001,0.001,0.001,0.001,0.001,0.001,0.001,0.001,0.001,0.001,0.001,0.001,0.001,0.001,0.001,0.001,0.001,0.022,0.001,0.001,0.001,0.001,0.001,0,0.001,0.001,0.001,0.001,0.001,0.001,0.001,0.001,0.001,0.001,0.001,0.001,0.001,0.001,0.526,0.358,-0.56,0.53,0.001,0.001,0,0,0.074,0.621,0.281,0.035,0.001,0,0,0.001,0.001,0.324,0.437,0.324,0.272,0,0.002,0,0.001,0.001,0.04,0.537,0.706,0.353,0.252,0,0,0,0,0.001,0.497,0.653,0.208,0.431,0.001,0.615,0.685,0.447,0.545,0.476,0.443,1.073,1.227,0.065,11.567
02:42.6,12958,0.245,-0.033,-0.692,-0.678,-0.026,-0.19,-0.684,-0.704,0.208,0.438,0.65,0.585,-0.306,-0.114,0.769,0.55,-0.057,-0.128,0.847,0.512,-0.122,-0.755,0.009,-0.644,0.631,0.303,0.001,0.001,0.001,0.001,0.001,0.001,0.68,0.519,0.053,0.001,0.001,0.001,0.001,0.001,0.001,0.09,0.446,0.038,0.001,0.001,0.001,0.001,0.001,0.001,0.001,0.001,0.001,0.001,0.001,0.001,0.001,0.001,0.001,0.001,0.001,0.001,0.001,0.001,0.001,0.001,0.001,0.001,0.001,0.52,0.359,-0.558,0.538,0,0,0,0,0.088,0.515,0.282,0.033,0,0,0.001,0,0.001,0.242,0.444,0.317,0.275,0,0.001,0,0,0.001,0.024,0.538,0.705,0.36,0.26,0,0,0,0,0.001,0.488,0.656,0.206,0.43,0.001,0.617,0.689,0.453,0.536,0.471,0.449,1.076,1.238,2.797,11.398
02:42.6,12959,0.247,-0.032,-0.693,-0.676,-0.027,-0.178,-0.687,-0.704,0.205,0.435,0.651,0.587,-0.312,-0.112,0.768,0.548,-0.059,-0.13,0.847,0.512,-0.093,-0.76,0.006,-0.643,0.739,0.547,0.001,0.001,0.001,0.001,0.001,0.001,0.844,0.709,0.155,0.001,0.001,0.001,0.001,0.001,0.001,0.338,0.537,0.109,0.001,0.001,0.001,0.001,0.001,0.001,0.001,0.038,0.001,0.001,0.001,0.001,0.001,0.001,0.001,0.001,0.001,0.001,0.001,0.001,0.001,0.001,0.001,0.001,0.001,0.514,0.361,-0.556,0.545,0,0,0,0,0.088,0.415,0.281,0.032,0.001,0,0.001,0,0.001,0.183,0.451,0.313,0.267,0,0.001,0,0,0,0.015,0.54,0.708,0.36,0.261,0.001,0,0,0.001,0,0.492,0.658,0.215,0.427,0.002,0.607,0.689,0.474,0.559,0.464,0.449,1.078,1.217,4.052,11.251
02:42.6,12960,0.248,-0.028,-0.695,-0.674,-0.025,-0.169,-0.69,-0.703,0.204,0.431,0.653,0.589,-0.316,-0.111,0.767,0.547,-0.061,-0.133,0.846,0.513,-0.113,-0.751,0.038,-0.649,0.744,0.718,0.027,0.001,0,0.001,0.001,0.001,0.851,0.814,0.344,0.001,0.001,0.001,0.001,0.001,0.001,0.471,0.643,0.172,0.001,0.001,0.001,0.001,0.001,0.001,0.001,0.116,0.001,0.001,0.001,0.001,0.001,0.001,0.001,0.001,0.001,0.001,0.001,0.001,0.001,0.001,0.001,0.001,0.001,0.506,0.363,-0.553,0.554,0,0.001,0.001,0.001,0.045,0.324,0.27,0.029,0,0.001,0,0,0.001,0.132,0.453,0.308,0.272,0,0.001,0,0,0.001,0.015,0.535,0.712,0.358,0.255,0,0,0,0,0.001,0.493,0.668,0.216,0.43,0.006,0.607,0.683,0.477,0.559,0.459,0.444,1.07,1.22,4.934,11.048
02:42.6,12961,0.249,-0.022,-0.698,-0.672,-0.022,-0.166,-0.691,-0.704,0.204,0.426,0.655,0.59,-0.321,-0.11,0.767,0.545,-0.063,-0.136,0.846,0.512,-0.102,-0.759,0.068,-0.64,0.779,0.731,0.145,0.001,0.001,0,0.001,0.001,0.863,0.846,0.518,0.001,0,0.001,0.001,0.001,0.001,0.477,0.745,0.303,0.001,0.001,0.001,0.001,0.001,0.001,0.001,0.198,0.001,0.001,0.001,0.001,0.001,0.001,0.001,0.001,0.001,0.001,0.001,0.001,0.001,0,0.001,0.001,0.001,0.506,0.363,-0.553,0.554,0,0.001,0.001,0.001,0.045,0.324,0.27,0.029,0,0.001,0,0,0.001,0.132,0.453,0.308,0.272,0,0.001,0,0,0.001,0.015,0.535,0.712,0.358,0.255,0,0,0,0,0.001,0.493,0.668,0.216,0.43,0.006,0.607,0.683,0.477,0.559,0.459,0.444,1.07,1.22,5.637,11.048
02:42.7,12962,0.248,-0.013,-0.7,-0.67,-0.017,-0.166,-0.689,-0.705,0.206,0.42,0.657,0.591,-0.325,-0.108,0.766,0.544,-0.064,-0.139,0.846,0.511,-0.073,-0.764,0.095,-0.634,0.806,0.735,0.295,0.001,0.001,0.001,0.001,0.001,0.853,0.847,0.667,0.001,0.001,0.001,0.001,0.001,0.001,0.485,0.827,0.435,0.001,0.001,0.001,0.001,0.006,0.001,0.001,0.26,0.002,0.001,0,0.001,0.001,0.001,0.001,0.001,0.001,0.001,0.001,0.001,0.001,0.001,0.001,0.001,0.001,0.506,0.363,-0.553,0.554,0,0.001,0.001,0.001,0.045,0.324,0.27,0.029,0,0.001,0,0,0.001,0.132,0.453,0.308,0.272,0,0.001,0,0,0.001,0.015,0.535,0.712,0.358,0.255,0,0,0,0,0.001,0.493,0.668,0.216,0.43,0.006,0.607,0.683,0.477,0.559,0.459,0.444,1.07,1.22,6.25,11.048
02:42.7,12963,0.247,-0.005,-0.7,-0.67,-0.011,-0.16,-0.686,-0.71,0.209,0.414,0.659,0.591,-0.33,-0.107,0.765,0.542,-0.064,-0.143,0.847,0.509,-0.054,-0.758,0.104,-0.642,0.819,0.745,0.399,0.001,0.001,0.001,0.001,0.001,0.85,0.85,0.758,0.001,0.001,0.001,0,0.001,0.001,0.475,0.842,0.537,0.001,0.001,0.001,0.001,0.01,0.001,0.001,0.276,0.018,0.001,0.001,0.001,0.001,0.001,0.001,0.001,0.001,0.001,0.001,0.001,0.001,0.001,0.001,0.001,0.001,0.506,0.363,-0.553,0.554,0,0.001,0.001,0.001,0.045,0.324,0.27,0.029,0,0.001,0,0,0.001,0.132,0.453,0.308,0.272,0,0.001,0,0,0.001,0.015,0.535,0.712,0.358,0.255,0,0,0,0,0.001,0.493,0.668,0.216,0.43,0.006,0.607,0.683,0.477,0.559,0.459,0.444,1.07,1.22,6.611,11.048
02:42.7,12964,0.248,-0.001,-0.697,-0.673,-0.006,-0.146,-0.685,-0.714,0.216,0.408,0.662,0.591,-0.337,-0.106,0.764,0.54,-0.063,-0.146,0.848,0.506,-0.04,-0.743,0.112,-0.658,0.824,0.747,0.493,0.001,0.001,0.001,0.001,0.001,0.834,0.832,0.819,0.001,0.001,0.001,0.001,0.001,0.001,0.46,0.861,0.63,0.001,0.001,0.001,0.001,0.015,0.001,0.001,0.294,0.009,0.001,0.001,0.001,0.001,0.001,0.001,0.001,0.001,0.001,0.001,0.001,0.001,0.001,0.001,0.001,0.001,0.506,0.363,-0.553,0.554,0,0.001,0.001,0.001,0.045,0.324,0.27,0.029,0,0.001,0,0,0.001,0.132,0.453,0.308,0.272,0,0.001,0,0,0.001,0.015,0.535,0.712,0.358,0.255,0,0,0,0,0.001,0.493,0.668,0.216,0.43,0.006,0.607,0.683,0.477,0.559,0.459,0.444,1.07,1.22,6.851,11.048
02:42.7,12965,0.252,-0.001,-0.693,-0.675,-0.002,-0.129,-0.687,-0.715,0.224,0.401,0.664,0.591,-0.345,-0.105,0.763,0.537,-0.059,-0.147,0.85,0.503,-0.042,-0.739,0.133,-0.659,0.847,0.77,0.62,0.001,0.001,0.001,0.001,0.001,0.803,0.833,0.767,0.001,0.001,0.001,0.001,0.001,0.001,0.427,0.869,0.681,0.001,0.001,0.001,0.001,0.018,0.001,0.001,0.265,0.031,0.001,0.001,0.001,0.001,0.001,0.001,0.001,0.001,0.001,0.001,0.001,0.001,0.001,0.001,0.001,0.001,0.506,0.363,-0.553,0.554,0,0.001,0.001,0.001,0.045,0.324,0.27,0.029,0,0.001,0,0,0.001,0.132,0.453,0.308,0.272,0,0.001,0,0,0.001,0.015,0.535,0.712,0.358,0.255,0,0,0,0,0.001,0.493,0.668,0.216,0.43,0.006,0.607,0.683,0.477,0.559,0.459,0.444,1.07,1.22,6.964,11.048
02:42.7,12966,0.26,-0.002,-0.689,-0.676,-0.003,-0.112,-0.69,-0.715,0.233,0.394,0.665,0.59,-0.355,-0.105,0.76,0.533,-0.054,-0.148,0.851,0.501,-0.042,-0.739,0.133,-0.659,0.847,0.77,0.62,0.001,0.001,0.001,0.001,0.001,0.803,0.833,0.767,0.001,0.001,0.001,0.001,0.001,0.001,0.427,0.869,0.681,0.001,0.001,0.001,0.001,0.018,0.001,0.001,0.265,0.031,0.001,0.001,0.001,0.001,0.001,0.001,0.001,0.001,0.001,0.001,0.001,0.001,0.001,0.001,0.001,0.001,0.506,0.363,-0.553,0.554,0,0.001,0.001,0.001,0.045,0.324,0.27,0.029,0,0.001,0,0,0.001,0.132,0.453,0.308,0.272,0,0.001,0,0,0.001,0.015,0.535,0.712,0.358,0.255,0,0,0,0,0.001,0.493,0.668,0.216,0.43,0.006,0.607,0.683,0.477,0.559,0.459,0.444,1.07,1.22,6.964,11.048
02:42.7,12967,0.265,0,-0.686,-0.677,-0.009,-0.095,-0.691,-0.716,0.244,0.385,0.666,0.59,-0.367,-0.106,0.758,0.529,-0.049,-0.148,0.851,0.501,-0.042,-0.739,0.133,-0.659,0.847,0.77,0.62,0.001,0.001,0.001,0.001,0.001,0.803,0.833,0.767,0.001,0.001,0.001,0.001,0.001,0.001,0.427,0.869,0.681,0.001,0.001,0.001,0.001,0.018,0.001,0.001,0.265,0.031,0.001,0.001,0.001,0.001,0.001,0.001,0.001,0.001,0.001,0.001,0.001,0.001,0.001,0.001,0.001,0.001,0.469,0.307,-0.574,0.596,0,0,0.001,0.001,0.044,0.27,0.261,0.028,0,0,0.001,0.001,0.001,0.129,0.452,0.306,0.275,0,0.001,0,0,0.001,0.011,0.538,0.712,0.363,0.255,0,0,0,0,0.001,0.492,0.669,0.212,0.431,0.01,0.606,0.685,0.484,0.554,0.458,0.44,1.078,1.22,6.964,10.991
02:42.7,12968,0.264,0.004,-0.685,-0.679,-0.017,-0.08,-0.694,-0.715,0.256,0.376,0.666,0.592,-0.379,-0.109,0.754,0.526,-0.045,-0.147,0.851,0.502,-0.042,-0.739,0.133,-0.659,0.847,0.77,0.62,0.001,0.001,0.001,0.001,0.001,0.803,0.833,0.767,0.001,0.001,0.001,0.001,0.001,0.001,0.427,0.869,0.681,0.001,0.001,0.001,0.001,0.018,0.001,0.001,0.265,0.031,0.001,0.001,0.001,0.001,0.001,0.001,0.001,0.001,0.001,0.001,0.001,0.001,0.001,0.001,0.001,0.001,0.47,0.28,-0.592,0.592,0,0,0,0,0.001,0,0.109,0.001,0,0,0,0,0.001,0.068,0.276,0.079,0.21,0.001,0.007,0,0,0.001,0.001,0.319,0.47,0.315,0.226,0,0,0,0,0,0.357,0.624,0.193,0.402,0.016,0.463,0.659,0.609,0.535,0.414,0.291,0.866,1.115,6.964,8.629
02:42.7,12969,0.25,0.013,-0.687,-0.682,-0.026,-0.067,-0.701,-0.71,0.268,0.366,0.665,0.594,-0.39,-0.112,0.749,0.523,-0.044,-0.146,0.851,0.503,-0.042,-0.739,0.133,-0.659,0.847,0.77,0.62,0.001,0.001,0.001,0.001,0.001,0.803,0.833,0.767,0.001,0.001,0.001,0.001,0.001,0.001,0.427,0.869,0.681,0.001,0.001,0.001,0.001,0.018,0.001,0.001,0.265,0.031,0.001,0.001,0.001,0.001,0.001,0.001,0.001,0.001,0.001,0.001,0.001,0.001,0.001,0.001,0.001,0.001,0.467,0.242,-0.614,0.588,0,0.001,0.001,0.001,0.001,0.001,0.094,0,0,0,0.001,0,0,0.051,0.253,0.12,0.208,0,0.007,0,0.001,0.001,0.001,0.283,0.283,0.269,0.204,0,0,0.001,0,0,0.308,0.452,0.145,0.442,0.012,0.432,0.403,0.564,0.538,0.332,0.132,0.736,1.106,6.964,7.384
02:42.7,12970,0.227,0.023,-0.691,-0.686,-0.035,-0.058,-0.709,-0.701,0.281,0.355,0.663,0.596,-0.397,-0.116,0.746,0.521,-0.044,-0.145,0.85,0.504,-0.042,-0.739,0.133,-0.659,0.847,0.77,0.62,0.001,0.001,0.001,0.001,0.001,0.803,0.833,0.767,0.001,0.001,0.001,0.001,0.001,0.001,0.427,0.869,0.681,0.001,0.001,0.001,0.001,0.018,0.001,0.001,0.265,0.031,0.001,0.001,0.001,0.001,0.001,0.001,0.001,0.001,0.001,0.001,0.001,0.001,0.001,0.001,0.001,0.001,0.463,0.214,-0.628,0.587,0,0,0.001,0,0,0.001,0.081,0.001,0,0.001,0.001,0,0.001,0.05,0.194,0.098,0.184,0,0.007,0,0,0.001,0.024,0.179,0.249,0.192,0.212,0.001,0.001,0.001,0,0,0.242,0.357,0.07,0.513,0.02,0.376,0.271,0.394,0.535,0.316,0.05,0.491,1.015,6.964,6.13
02:42.7,12971,0.2,0.028,-0.697,-0.688,-0.042,-0.05,-0.717,-0.694,0.294,0.344,0.661,0.598,-0.399,-0.119,0.746,0.52,-0.047,-0.144,0.85,0.504,-0.042,-0.739,0.133,-0.659,0.847,0.77,0.62,0.001,0.001,0.001,0.001,0.001,0.803,0.833,0.767,0.001,0.001,0.001,0.001,0.001,0.001,0.427,0.869,0.681,0.001,0.001,0.001,0.001,0.018,0.001,0.001,0.265,0.031,0.001,0.001,0.001,0.001,0.001,0.001,0.001,0.001,0.001,0.001,0.001,0.001,0.001,0.001,0.001,0.001,0.463,0.214,-0.628,0.587,0,0,0.001,0,0,0.001,0.081,0.001,0,0.001,0.001,0,0.001,0.05,0.194,0.098,0.184,0,0.007,0,0,0.001,0.024,0.179,0.249,0.192,0.212,0.001,0.001,0.001,0,0,0.242,0.357,0.07,0.513,0.02,0.376,0.271,0.394,0.535,0.316,0.05,0.491,1.015,6.964,6.13
02:42.7,12972,0.18,0.027,-0.707,-0.684,-0.047,-0.044,-0.724,-0.687,0.305,0.334,0.661,0.599,-0.398,-0.119,0.748,0.518,-0.051,-0.144,0.85,0.504,0.079,-0.717,0.124,-0.681,0.847,0.773,0.623,0.001,0.001,0.001,0.001,0.001,0.803,0.833,0.762,0.001,0.001,0.001,0.001,0.001,0.001,0.421,0.869,0.68,0.001,0.001,0.001,0.001,0.02,0.001,0.001,0.26,0.033,0.001,0.001,0.001,0.001,0.001,0.001,0.001,0.001,0.001,0.001,0.001,0.001,0.001,0,0.001,0.001,0.463,0.214,-0.628,0.587,0,0,0.001,0,0,0.001,0.081,0.001,0,0.001,0.001,0,0.001,0.05,0.194,0.098,0.184,0,0.007,0,0,0.001,0.024,0.179,0.249,0.192,0.212,0.001,0.001,0.001,0,0,0.242,0.357,0.07,0.513,0.02,0.376,0.271,0.394,0.535,0.316,0.05,0.491,1.015,6.956,6.13
02:42.8,12973,0.173,0.022,-0.715,-0.676,-0.056,-0.038,-0.729,-0.681,0.314,0.326,0.661,0.599,-0.394,-0.117,0.753,0.514,-0.058,-0.144,0.851,0.502,0.086,-0.719,0.123,-0.679,0.819,0.756,0.746,0.308,0.452,0.253,0.197,0.004,0.619,0.797,0.824,0.386,0.087,0.236,0.306,0.104,0.002,0.387,0.858,0.778,0.253,0.002,0.159,0.342,0.586,0.001,0.001,0.363,0.259,0.002,0.001,0.002,0.365,0.175,0.001,0.001,0.001,0.458,0.105,0.001,0.001,0.188,0.001,0.001,0.001,0.463,0.214,-0.628,0.587,0,0,0.001,0,0,0.001,0.081,0.001,0,0.001,0.001,0,0.001,0.05,0.194,0.098,0.184,0,0.007,0,0,0.001,0.024,0.179,0.249,0.192,0.212,0.001,0.001,0.001,0,0,0.242,0.357,0.07,0.513,0.02,0.376,0.271,0.394,0.535,0.316,0.05,0.491,1.015,12.189,6.13
02:42.8,12974,0.173,0.02,-0.722,-0.669,-0.068,-0.032,-0.733,-0.676,0.319,0.32,0.661,0.599,-0.392,-0.112,0.758,0.509,-0.065,-0.145,0.852,0.498,0.092,-0.721,0.117,-0.676,0.781,0.734,0.719,0.36,0.484,0.243,0.205,0.009,0.608,0.785,0.814,0.405,0.12,0.243,0.309,0.208,0.032,0.398,0.86,0.791,0.303,0.002,0.17,0.343,0.648,0.001,0.001,0.386,0.284,0.011,0.001,0.002,0.341,0.306,0.001,0.022,0.001,0.498,0.33,0.001,0.066,0.216,0.001,0.001,0.001,0.463,0.214,-0.628,0.587,0,0,0.001,0,0,0.001,0.081,0.001,0,0.001,0.001,0,0.001,0.05,0.194,0.098,0.184,0,0.007,0,0,0.001,0.024,0.179,0.249,0.192,0.212,0.001,0.001,0.001,0,0,0.242,0.357,0.07,0.513,0.02,0.376,0.271,0.394,0.535,0.316,0.05,0.491,1.015,13.045,6.13
02:42.8,12975,0.177,0.021,-0.727,-0.663,-0.08,-0.026,-0.735,-0.673,0.323,0.314,0.662,0.598,-0.392,-0.105,0.763,0.503,-0.071,-0.146,0.855,0.493,0.117,-0.727,0.101,-0.669,0.751,0.717,0.705,0.392,0.507,0.247,0.206,0.016,0.587,0.777,0.795,0.432,0.182,0.231,0.295,0.231,0.067,0.403,0.863,0.801,0.358,0.012,0.177,0.336,0.648,0.001,0.007,0.399,0.31,0.031,0.002,0.002,0.364,0.435,0.001,0.054,0.001,0.552,0.496,0.001,0.151,0.226,0.012,0.001,0.001,0.463,0.214,-0.628,0.587,0,0,0.001,0,0,0.001,0.081,0.001,0,0.001,0.001,0,0.001,0.05,0.194,0.098,0.184,0,0.007,0,0,0.001,0.024,0.179,0.249,0.192,0.212,0.001,0.001,0.001,0,0,0.242,0.357,0.07,0.513,0.02,0.376,0.271,0.394,0.535,0.316,0.05,0.491,1.015,13.783,6.13
02:42.8,12976,0.181,0.024,-0.731,-0.657,-0.091,-0.021,-0.735,-0.671,0.326,0.31,0.663,0.598,-0.392,-0.098,0.767,0.498,-0.077,-0.146,0.857,0.489,0.138,-0.733,0.089,-0.66,0.746,0.703,0.691,0.419,0.523,0.247,0.201,0.031,0.564,0.769,0.788,0.441,0.199,0.228,0.281,0.25,0.128,0.405,0.862,0.813,0.387,0.034,0.175,0.33,0.646,0.001,0.017,0.416,0.327,0.054,0.002,0.002,0.37,0.48,0.001,0.054,0.001,0.587,0.547,0.021,0.249,0.256,0.027,0.007,0.001,0.463,0.214,-0.628,0.587,0,0,0.001,0,0,0.001,0.081,0.001,0,0.001,0.001,0,0.001,0.05,0.194,0.098,0.184,0,0.007,0,0,0.001,0.024,0.179,0.249,0.192,0.212,0.001,0.001,0.001,0,0,0.242,0.357,0.07,0.513,0.02,0.376,0.271,0.394,0.535,0.316,0.05,0.491,1.015,14.281,6.13
02:42.8,12977,0.184,0.029,-0.734,-0.653,-0.096,-0.019,-0.735,-0.671,0.329,0.305,0.664,0.598,-0.393,-0.089,0.772,0.491,-0.081,-0.146,0.858,0.486,0.134,-0.735,0.093,-0.658,0.724,0.69,0.681,0.427,0.542,0.259,0.193,0.044,0.557,0.768,0.781,0.454,0.222,0.21,0.265,0.264,0.241,0.416,0.864,0.821,0.413,0.046,0.187,0.336,0.64,0.002,0.039,0.421,0.336,0.079,0.002,0.002,0.4,0.503,0.002,0.076,0.001,0.609,0.57,0.178,0.36,0.3,0.045,0.081,0.001,0.411,-0.044,-0.708,0.572,0.001,0.001,0.001,0.001,0,0,0.071,0,0.001,0,0.001,0,0,0.044,0.181,0.089,0.158,0,0.009,0,0.001,0,0.011,0.156,0.226,0.161,0.195,0,0.001,0,0,0.001,0.206,0.31,0.039,0.527,0.017,0.365,0.236,0.371,0.553,0.287,0.035,0.382,0.982,15.052,5.62
02:42.8,12978,0.185,0.034,-0.737,-0.649,-0.097,-0.016,-0.736,-0.67,0.332,0.3,0.664,0.598,-0.394,-0.082,0.778,0.482,-0.083,-0.147,0.859,0.483,0.13,-0.736,0.096,-0.657,0.708,0.684,0.676,0.432,0.571,0.276,0.201,0.048,0.54,0.766,0.775,0.466,0.221,0.199,0.269,0.261,0.264,0.398,0.863,0.827,0.424,0.057,0.199,0.331,0.652,0.012,0.083,0.42,0.343,0.099,0.002,0.002,0.402,0.531,0.002,0.103,0.001,0.621,0.589,0.282,0.469,0.331,0.051,0.145,0.001,0.39,-0.036,-0.703,0.593,0,0,0.001,0.001,0.001,0,0.001,0,0,0.001,0.001,0,0,0.001,0,0.001,0,0,0.02,0.009,0.001,0,0,0,0.004,0,0,0.001,0,0.001,0,0,0.001,0.023,0.001,0.048,0,0,0,0,0,0.001,0,0.001,0,15.597,0.119
02:42.8,12979,0.186,0.041,-0.739,-0.646,-0.094,-0.012,-0.737,-0.67,0.335,0.294,0.665,0.599,-0.395,-0.076,0.784,0.472,-0.086,-0.147,0.86,0.481,0.129,-0.738,0.094,-0.655,0.686,0.675,0.668,0.438,0.571,0.278,0.199,0.045,0.523,0.761,0.773,0.48,0.232,0.217,0.274,0.265,0.28,0.385,0.868,0.833,0.447,0.061,0.175,0.326,0.657,0.017,0.09,0.414,0.346,0.106,0.002,0.002,0.415,0.559,0.011,0.107,0.001,0.652,0.607,0.348,0.512,0.346,0.06,0.21,0.001,0.389,-0.02,-0.694,0.606,0,0,0.001,0.001,0,0.001,0,0,0,0,0.001,0.001,0,0,0,0,0.001,0,0.001,0.001,0,0.001,0.001,0.001,0.001,0.001,0.001,0,0.001,0,0,0,0.001,0.009,0.001,0.057,0,0,0,0,0.001,0,0.001,0,0.001,15.923,0.086
02:42.8,12980,0.185,0.049,-0.741,-0.643,-0.091,-0.008,-0.738,-0.669,0.338,0.288,0.666,0.599,-0.398,-0.072,0.788,0.464,-0.087,-0.147,0.861,0.479,0.125,-0.738,0.096,-0.656,0.657,0.664,0.653,0.43,0.553,0.288,0.195,0.05,0.49,0.759,0.774,0.49,0.234,0.21,0.28,0.266,0.298,0.369,0.867,0.83,0.466,0.073,0.175,0.327,0.651,0.026,0.104,0.405,0.352,0.121,0.002,0.001,0.437,0.589,0.018,0.117,0.001,0.661,0.631,0.398,0.542,0.355,0.071,0.254,0.001,0.389,-0.02,-0.694,0.606,0,0,0.001,0.001,0,0.001,0,0,0,0,0.001,0.001,0,0,0,0,0.001,0,0.001,0.001,0,0.001,0.001,0.001,0.001,0.001,0.001,0,0.001,0,0,0,0.001,0.009,0.001,0.057,0,0,0,0,0.001,0,0.001,0,0.001,16.135,0.086
02:42.8,12981,0.182,0.057,-0.744,-0.64,-0.091,-0.002,-0.74,-0.667,0.341,0.282,0.667,0.6,-0.403,-0.069,0.79,0.458,-0.089,-0.147,0.862,0.478,0.125,-0.738,0.092,-0.656,0.628,0.648,0.636,0.414,0.56,0.283,0.192,0.051,0.481,0.766,0.768,0.491,0.241,0.205,0.278,0.274,0.308,0.353,0.868,0.833,0.468,0.068,0.178,0.333,0.658,0.031,0.116,0.404,0.36,0.132,0.002,0.002,0.44,0.592,0.022,0.143,0.001,0.68,0.643,0.435,0.54,0.376,0.077,0.272,0.001,0.389,-0.02,-0.694,0.606,0,0,0.001,0.001,0,0.001,0,0,0,0,0.001,0.001,0,0,0,0,0.001,0,0.001,0.001,0,0.001,0.001,0.001,0.001,0.001,0.001,0,0.001,0,0,0,0.001,0.009,0.001,0.057,0,0,0,0,0.001,0,0.001,0,0.001,16.252,0.086
02:42.8,12982,0.177,0.065,-0.747,-0.637,-0.095,0.004,-0.742,-0.664,0.343,0.275,0.668,0.6,-0.407,-0.066,0.791,0.452,-0.09,-0.147,0.862,0.477,0.125,-0.739,0.089,-0.656,0.596,0.639,0.63,0.394,0.551,0.267,0.179,0.053,0.474,0.762,0.764,0.488,0.247,0.209,0.272,0.277,0.305,0.35,0.868,0.828,0.491,0.073,0.166,0.337,0.665,0.029,0.12,0.403,0.358,0.145,0.002,0.002,0.454,0.606,0.029,0.149,0.001,0.696,0.654,0.482,0.558,0.391,0.081,0.295,0.001,0.389,-0.02,-0.694,0.606,0,0,0.001,0.001,0,0.001,0,0,0,0,0.001,0.001,0,0,0,0,0.001,0,0.001,0.001,0,0.001,0.001,0.001,0.001,0.001,0.001,0,0.001,0,0,0,0.001,0.009,0.001,0.057,0,0,0,0,0.001,0,0.001,0,0.001,16.341,0.086
02:42.9,12983,0.169,0.073,-0.751,-0.634,-0.101,0.008,-0.743,-0.661,0.346,0.269,0.67,0.6,-0.413,-0.066,0.791,0.447,-0.092,-0.146,0.862,0.476,0.125,-0.739,0.085,-0.657,0.563,0.623,0.621,0.372,0.545,0.223,0.171,0.053,0.462,0.759,0.759,0.48,0.248,0.205,0.269,0.278,0.298,0.343,0.869,0.825,0.509,0.076,0.162,0.339,0.657,0.033,0.126,0.405,0.364,0.156,0.002,0.001,0.464,0.614,0.04,0.166,0.001,0.705,0.68,0.496,0.58,0.407,0.092,0.336,0.001,0.389,-0.02,-0.694,0.606,0,0,0.001,0.001,0,0.001,0,0,0,0,0.001,0.001,0,0,0,0,0.001,0,0.001,0.001,0,0.001,0.001,0.001,0.001,0.001,0.001,0,0.001,0,0,0,0.001,0.009,0.001,0.057,0,0,0,0,0.001,0,0.001,0,0.001,16.378,0.086
02:42.9,12984,0.159,0.079,-0.755,-0.631,-0.108,0.012,-0.744,-0.659,0.349,0.263,0.671,0.599,-0.419,-0.068,0.79,0.442,-0.094,-0.146,0.863,0.475,0.128,-0.739,0.078,-0.657,0.538,0.604,0.606,0.343,0.536,0.209,0.165,0.051,0.447,0.757,0.761,0.481,0.248,0.205,0.265,0.276,0.288,0.343,0.868,0.823,0.521,0.079,0.153,0.338,0.653,0.034,0.127,0.411,0.365,0.159,0.002,0.002,0.464,0.615,0.042,0.181,0.001,0.713,0.7,0.514,0.587,0.429,0.096,0.366,0.001,0.389,-0.02,-0.694,0.606,0,0,0.001,0.001,0,0.001,0,0,0,0,0.001,0.001,0,0,0,0,0.001,0,0.001,0.001,0,0.001,0.001,0.001,0.001,0.001,0.001,0,0.001,0,0,0,0.001,0.009,0.001,0.057,0,0,0,0,0.001,0,0.001,0,0.001,16.367,0.086
02:42.9,12985,0.149,0.085,-0.759,-0.628,-0.115,0.014,-0.745,-0.657,0.352,0.257,0.672,0.598,-0.424,-0.073,0.788,0.44,-0.096,-0.147,0.863,0.474,0.128,-0.739,0.078,-0.657,0.538,0.604,0.606,0.343,0.536,0.209,0.165,0.051,0.447,0.757,0.761,0.481,0.248,0.205,0.265,0.276,0.288,0.343,0.868,0.823,0.521,0.079,0.153,0.338,0.653,0.034,0.127,0.411,0.365,0.159,0.002,0.002,0.464,0.615,0.042,0.181,0.001,0.713,0.7,0.514,0.587,0.429,0.096,0.366,0.001,0.389,-0.02,-0.694,0.606,0,0,0.001,0.001,0,0.001,0,0,0,0,0.001,0.001,0,0,0,0,0.001,0,0.001,0.001,0,0.001,0.001,0.001,0.001,0.001,0.001,0,0.001,0,0,0,0.001,0.009,0.001,0.057,0,0,0,0,0.001,0,0.001,0,0.001,16.367,0.086
02:42.9,12986,0.139,0.089,-0.763,-0.626,-0.118,0.014,-0.745,-0.656,0.357,0.251,0.673,0.597,-0.429,-0.078,0.786,0.439,-0.099,-0.147,0.863,0.474,0.128,-0.739,0.078,-0.657,0.538,0.604,0.606,0.343,0.536,0.209,0.165,0.051,0.447,0.757,0.761,0.481,0.248,0.205,0.265,0.276,0.288,0.343,0.868,0.823,0.521,0.079,0.153,0.338,0.653,0.034,0.127,0.411,0.365,0.159,0.002,0.002,0.464,0.615,0.042,0.181,0.001,0.713,0.7,0.514,0.587,0.429,0.096,0.366,0.001,0.389,-0.02,-0.694,0.606,0,0,0.001,0.001,0,0.001,0,0,0,0,0.001,0.001,0,0,0,0,0.001,0,0.001,0.001,0,0.001,0.001,0.001,0.001,0.001,0.001,0,0.001,0,0,0,0.001,0.009,0.001,0.057,0,0,0,0,0.001,0,0.001,0,0.001,16.367,0.086
02:42.9,12987,0.129,0.092,-0.766,-0.624,-0.119,0.014,-0.745,-0.656,0.362,0.246,0.674,0.596,-0.432,-0.083,0.783,0.44,-0.101,-0.147,0.862,0.474,0.128,-0.739,0.078,-0.657,0.538,0.604,0.606,0.343,0.536,0.209,0.165,0.051,0.447,0.757,0.761,0.481,0.248,0.205,0.265,0.276,0.288,0.343,0.868,0.823,0.521,0.079,0.153,0.338,0.653,0.034,0.127,0.411,0.365,0.159,0.002,0.002,0.464,0.615,0.042,0.181,0.001,0.713,0.7,0.514,0.587,0.429,0.096,0.366,0.001,0.461,0.13,-0.644,0.596,0,0.001,0.001,0.001,0,0.001,0,0.001,0,0,0,0,0,0.001,0.001,0,0,0,0.002,0,0,0,0.001,0.001,0,0,0.001,0,0,0.001,0,0.001,0,0.002,0,0.056,0,0,0,0.001,0,0,0,0,0,16.367,0.073
02:42.9,12988,0.12,0.093,-0.768,-0.622,-0.117,0.014,-0.745,-0.656,0.368,0.241,0.674,0.593,-0.436,-0.09,0.78,0.439,-0.103,-0.148,0.862,0.474,0.128,-0.739,0.078,-0.657,0.538,0.604,0.606,0.343,0.536,0.209,0.165,0.051,0.447,0.757,0.761,0.481,0.248,0.205,0.265,0.276,0.288,0.343,0.868,0.823,0.521,0.079,0.153,0.338,0.653,0.034,0.127,0.411,0.365,0.159,0.002,0.002,0.464,0.615,0.042,0.181,0.001,0.713,0.7,0.514,0.587,0.429,0.096,0.366,0.001,0.471,0.15,-0.638,0.59,0,0.001,0,0,0,0,0,0,0,0,0,0.001,0.001,0,0,0.001,0,0,0.002,0.001,0.001,0,0,0,0.001,0,0,0.001,0,0.001,0,0,0.001,0.001,0.001,0.04,0,0,0,0,0,0.001,0.001,0,0.001,16.367,0.057
02:42.9,12989,0.114,0.094,-0.771,-0.62,-0.115,0.014,-0.746,-0.656,0.375,0.236,0.674,0.591,-0.439,-0.098,0.778,0.439,-0.105,-0.148,0.862,0.474,0.128,-0.739,0.078,-0.657,0.538,0.604,0.606,0.343,0.536,0.209,0.165,0.051,0.447,0.757,0.761,0.481,0.248,0.205,0.265,0.276,0.288,0.343,0.868,0.823,0.521,0.079,0.153,0.338,0.653,0.034,0.127,0.411,0.365,0.159,0.002,0.002,0.464,0.615,0.042,0.181,0.001,0.713,0.7,0.514,0.587,0.429,0.096,0.366,0.001,0.483,0.18,-0.627,0.584,0,0,0,0.001,0,0,0.001,0.001,0,0,0.001,0,0.001,0.001,0,0,0,0,0.002,0,0.001,0.001,0,0,0,0.001,0,0,0,0.001,0.001,0.001,0,0.001,0,0.044,0,0,0,0,0,0,0,0,0,16.367,0.059
02:42.9,12990,0.109,0.094,-0.773,-0.618,-0.114,0.015,-0.746,-0.656,0.383,0.233,0.673,0.588,-0.442,-0.106,0.775,0.438,-0.107,-0.148,0.861,0.474,0.128,-0.739,0.052,-0.659,0.534,0.601,0.606,0.341,0.535,0.205,0.165,0.05,0.447,0.756,0.761,0.482,0.245,0.206,0.263,0.277,0.287,0.342,0.867,0.821,0.52,0.078,0.153,0.337,0.653,0.034,0.126,0.415,0.365,0.159,0.002,0.001,0.466,0.615,0.04,0.183,0.001,0.712,0.702,0.515,0.586,0.431,0.098,0.372,0.001,0.489,0.202,-0.618,0.581,0,0.001,0,0,0,0,0,0,0,0,0.001,0.001,0.001,0,0,0.001,0.001,0,0.002,0,0.001,0.001,0,0,0,0,0.001,0,0.001,0,0,0,0,0,0,0.05,0.001,0,0,0.001,0,0.001,0.001,0.001,0,16.356,0.067
02:42.9,12991,0.106,0.094,-0.775,-0.616,-0.114,0.015,-0.746,-0.656,0.392,0.23,0.672,0.584,-0.444,-0.115,0.772,0.439,-0.108,-0.148,0.861,0.474,0.129,-0.739,0.048,-0.659,0.271,0.426,0.49,0.128,0.422,0.128,0.117,0.043,0.159,0.718,0.724,0.408,0.206,0.184,0.244,0.276,0.25,0.248,0.867,0.795,0.501,0.09,0.127,0.333,0.659,0.044,0.149,0.413,0.374,0.155,0.001,0.009,0.496,0.629,0.066,0.22,0.001,0.756,0.761,0.774,0.679,0.519,0.114,0.42,0.002,0.493,0.23,-0.607,0.579,0,0.001,0.001,0.001,0,0.001,0.001,0.001,0,0,0,0,0.001,0,0.001,0.001,0,0.001,0.002,0.001,0.001,0.001,0,0.001,0,0.001,0,0,0.001,0,0.001,0,0,0.001,0,0.055,0,0.001,0.001,0,0,0,0,0.001,0.001,15.396,0.079
02:43.0,12992,0.104,0.094,-0.777,-0.614,-0.117,0.016,-0.746,-0.655,0.401,0.228,0.671,0.581,-0.445,-0.123,0.769,0.441,-0.11,-0.147,0.861,0.473,0.131,-0.739,0.042,-0.659,0.234,0.4,0.466,0.111,0.411,0.126,0.118,0.046,0.128,0.707,0.719,0.394,0.209,0.188,0.243,0.276,0.263,0.231,0.85,0.795,0.503,0.089,0.129,0.336,0.659,0.043,0.164,0.416,0.376,0.156,0.001,0.011,0.498,0.629,0.067,0.237,0.001,0.761,0.772,0.803,0.698,0.523,0.115,0.425,0.002,0.493,0.23,-0.607,0.579,0,0.001,0.001,0.001,0,0.001,0.001,0.001,0,0,0,0,0.001,0,0.001,0.001,0,0.001,0.002,0.001,0.001,0.001,0,0.001,0,0.001,0,0,0.001,0,0.001,0,0,0.001,0,0.055,0,0.001,0.001,0,0,0,0,0.001,0.001,15.329,0.079
02:43.0,12993,0.103,0.094,-0.779,-0.612,-0.119,0.015,-0.746,-0.654,0.41,0.228,0.668,0.577,-0.444,-0.131,0.766,0.446,-0.112,-0.146,0.862,0.472,0.134,-0.739,0.037,-0.659,0.193,0.369,0.446,0.098,0.413,0.129,0.117,0.048,0.098,0.686,0.706,0.382,0.205,0.193,0.245,0.278,0.258,0.212,0.852,0.786,0.509,0.094,0.127,0.342,0.648,0.048,0.168,0.42,0.38,0.162,0.001,0.017,0.502,0.637,0.072,0.248,0.001,0.761,0.781,0.842,0.716,0.53,0.12,0.43,0.012,0.493,0.23,-0.607,0.579,0,0.001,0.001,0.001,0,0.001,0.001,0.001,0,0,0,0,0.001,0,0.001,0.001,0,0.001,0.002,0.001,0.001,0.001,0,0.001,0,0.001,0,0,0.001,0,0.001,0,0,0.001,0,0.055,0,0.001,0.001,0,0,0,0,0.001,0.001,15.282,0.079
02:43.0,12994,0.102,0.094,-0.78,-0.61,-0.12,0.014,-0.747,-0.654,0.419,0.228,0.665,0.574,-0.439,-0.14,0.763,0.453,-0.114,-0.144,0.862,0.471,0.136,-0.739,0.031,-0.659,0.178,0.355,0.431,0.095,0.414,0.129,0.12,0.045,0.072,0.662,0.703,0.372,0.203,0.211,0.244,0.287,0.259,0.19,0.845,0.775,0.502,0.096,0.131,0.343,0.648,0.044,0.181,0.418,0.379,0.168,0.001,0.018,0.505,0.636,0.087,0.269,0.001,0.761,0.79,0.847,0.722,0.537,0.121,0.444,0.026,0.493,0.23,-0.607,0.579,0,0.001,0.001,0.001,0,0.001,0.001,0.001,0,0,0,0,0.001,0,0.001,0.001,0,0.001,0.002,0.001,0.001,0.001,0,0.001,0,0.001,0,0,0.001,0,0.001,0,0,0.001,0,0.055,0,0.001,0.001,0,0,0,0,0.001,0.001,15.265,0.079
02:43.0,12995,0.101,0.094,-0.782,-0.608,-0.12,0.013,-0.747,-0.654,0.426,0.229,0.663,0.572,-0.432,-0.15,0.76,0.462,-0.116,-0.143,0.863,0.47,0.138,-0.74,0.026,-0.658,0.127,0.343,0.405,0.084,0.411,0.136,0.126,0.048,0.035,0.648,0.687,0.363,0.203,0.215,0.25,0.293,0.264,0.167,0.836,0.766,0.487,0.1,0.133,0.346,0.659,0.051,0.189,0.398,0.381,0.165,0.001,0.022,0.508,0.635,0.09,0.277,0.001,0.757,0.79,0.869,0.744,0.541,0.117,0.451,0.035,0.493,0.23,-0.607,0.579,0,0.001,0.001,0.001,0,0.001,0.001,0.001,0,0,0,0,0.001,0,0.001,0.001,0,0.001,0.002,0.001,0.001,0.001,0,0.001,0,0.001,0,0,0.001,0,0.001,0,0,0.001,0,0.055,0,0.001,0.001,0,0,0,0,0.001,0.001,15.154,0.079
02:43.0,12996,0.099,0.094,-0.783,-0.606,-0.119,0.012,-0.747,-0.653,0.432,0.23,0.66,0.569,-0.421,-0.16,0.758,0.472,-0.119,-0.141,0.864,0.468,0.138,-0.74,0.026,-0.658,0.127,0.343,0.405,0.084,0.411,0.136,0.126,0.048,0.035,0.648,0.687,0.363,0.203,0.215,0.25,0.293,0.264,0.167,0.836,0.766,0.487,0.1,0.133,0.346,0.659,0.051,0.189,0.398,0.381,0.165,0.001,0.022,0.508,0.635,0.09,0.277,0.001,0.757,0.79,0.869,0.744,0.541,0.117,0.451,0.035,0.493,0.23,-0.607,0.579,0,0.001,0.001,0.001,0,0.001,0.001,0.001,0,0,0,0,0.001,0,0.001,0.001,0,0.001,0.002,0.001,0.001,0.001,0,0.001,0,0.001,0,0,0.001,0,0.001,0,0,0.001,0,0.055,0,0.001,0.001,0,0,0,0,0.001,0.001,15.154,0.079
02:43.0,12997,0.098,0.094,-0.784,-0.605,-0.119,0.011,-0.747,-0.653,0.437,0.233,0.658,0.567,-0.408,-0.17,0.755,0.483,-0.121,-0.14,0.865,0.466,0.138,-0.74,0.026,-0.658,0.127,0.343,0.405,0.084,0.411,0.136,0.126,0.048,0.035,0.648,0.687,0.363,0.203,0.215,0.25,0.293,0.264,0.167,0.836,0.766,0.487,0.1,0.133,0.346,0.659,0.051,0.189,0.398,0.381,0.165,0.001,0.022,0.508,0.635,0.09,0.277,0.001,0.757,0.79,0.869,0.744,0.541,0.117,0.451,0.035,0.493,0.23,-0.607,0.579,0,0.001,0.001,0.001,0,0.001,0.001,0.001,0,0,0,0,0.001,0,0.001,0.001,0,0.001,0.002,0.001,0.001,0.001,0,0.001,0,0.001,0,0,0.001,0,0.001,0,0,0.001,0,0.055,0,0.001,0.001,0,0,0,0,0.001,0.001,15.154,0.079
02:43.0,12998,0.097,0.094,-0.785,-0.604,-0.119,0.011,-0.747,-0.653,0.44,0.236,0.656,0.566,-0.395,-0.179,0.754,0.494,-0.124,-0.138,0.866,0.465,0.138,-0.74,0.026,-0.658,0.127,0.343,0.405,0.084,0.411,0.136,0.126,0.048,0.035,0.648,0.687,0.363,0.203,0.215,0.25,0.293,0.264,0.167,0.836,0.766,0.487,0.1,0.133,0.346,0.659,0.051,0.189,0.398,0.381,0.165,0.001,0.022,0.508,0.635,0.09,0.277,0.001,0.757,0.79,0.869,0.744,0.541,0.117,0.451,0.035,0.522,0.407,-0.542,0.517,0,0,0,0,0,0.001,0.001,0,0,0.001,0.001,0.001,0,0,0.001,0,0.001,0,0.001,0.001,0.001,0.001,0,0,0.001,0,0.001,0,0,0,0,0.001,0,0,0,0.055,0.001,0.001,0,0,0,0.001,0.001,0.001,0,15.154,0.074
02:43.0,12999,0.097,0.094,-0.786,-0.604,-0.121,0.011,-0.747,-0.653,0.441,0.238,0.656,0.565,-0.382,-0.186,0.752,0.504,-0.125,-0.136,0.866,0.464,0.138,-0.74,0.026,-0.658,0.127,0.343,0.405,0.084,0.411,0.136,0.126,0.048,0.035,0.648,0.687,0.363,0.203,0.215,0.25,0.293,0.264,0.167,0.836,0.766,0.487,0.1,0.133,0.346,0.659,0.051,0.189,0.398,0.381,0.165,0.001,0.022,0.508,0.635,0.09,0.277,0.001,0.757,0.79,0.869,0.744,0.541,0.117,0.451,0.035,0.535,0.411,-0.544,0.5,0,0,0,0,0.001,0,0.001,0,0.001,0,0.001,0.001,0,0,0.001,0,0,0,0,0,0,0.001,0.001,0,0,0.001,0,0.001,0.001,0.001,0.001,0,0,0,0,0.059,0,0.001,0,0,0.001,0.001,0,0,0.001,15.154,0.076
02:43.0,13000,0.097,0.093,-0.786,-0.603,-0.122,0.011,-0.747,-0.653,0.44,0.241,0.656,0.564,-0.371,-0.193,0.75,0.513,-0.127,-0.135,0.867,0.463,0.138,-0.74,0.026,-0.658,0.127,0.343,0.405,0.084,0.411,0.136,0.126,0.048,0.035,0.648,0.687,0.363,0.203,0.215,0.25,0.293,0.264,0.167,0.836,0.766,0.487,0.1,0.133,0.346,0.659,0.051,0.189,0.398,0.381,0.165,0.001,0.022,0.508,0.635,0.09,0.277,0.001,0.757,0.79,0.869,0.744,0.541,0.117,0.451,0.035,0.554,0.414,-0.546,0.472,0,0,0,0,0.001,0.001,0.001,0.001,0,0.001,0,0,0.001,0,0.001,0.001,0.001,0.001,0,0,0.001,0.001,0,0,0.001,0,0,0,0,0.001,0,0.001,0,0,0,0.06,0,0.001,0,0,0,0.001,0.001,0,0,15.154,0.078
02:43.0,13001,0.097,0.093,-0.786,-0.603,-0.123,0.011,-0.747,-0.653,0.437,0.244,0.657,0.564,-0.36,-0.199,0.747,0.522,-0.128,-0.134,0.867,0.463,0.138,-0.74,0.026,-0.658,0.127,0.343,0.405,0.084,0.411,0.136,0.126,0.048,0.035,0.648,0.687,0.363,0.203,0.215,0.25,0.293,0.264,0.167,0.836,0.766,0.487,0.1,0.133,0.346,0.659,0.051,0.189,0.398,0.381,0.165,0.001,0.022,0.508,0.635,0.09,0.277,0.001,0.757,0.79,0.869,0.744,0.541,0.117,0.451,0.035,0.568,0.416,-0.549,0.451,0,0,0,0.001,0.001,0,0,0.001,0,0.001,0.001,0,0,0.001,0,0.001,0,0,0,0,0.001,0,0,0.001,0,0.001,0,0.001,0.001,0,0,0.001,0.001,0,0,0.063,0,0,0.001,0,0,0.001,0,0,0,15.154,0.079
02:43.1,13002,0.096,0.092,-0.787,-0.603,-0.124,0.011,-0.747,-0.653,0.433,0.246,0.659,0.563,-0.35,-0.205,0.744,0.531,-0.129,-0.133,0.867,0.463,0.139,-0.741,0.006,-0.656,0.122,0.337,0.407,0.084,0.41,0.137,0.126,0.048,0.032,0.647,0.687,0.357,0.2,0.216,0.252,0.294,0.264,0.162,0.834,0.767,0.481,0.094,0.134,0.344,0.658,0.051,0.189,0.4,0.379,0.167,0.001,0.022,0.51,0.635,0.092,0.28,0.001,0.759,0.789,0.873,0.745,0.54,0.118,0.449,0.042,0.568,0.416,-0.549,0.451,0,0,0,0.001,0.001,0,0,0.001,0,0.001,0.001,0,0,0.001,0,0.001,0,0,0,0,0.001,0,0,0.001,0,0.001,0,0.001,0.001,0,0,0.001,0.001,0,0,0.063,0,0,0.001,0,0,0.001,0,0,0,15.136,0.079
02:43.1,13003,0.096,0.092,-0.787,-0.603,-0.124,0.011,-0.748,-0.652,0.429,0.247,0.662,0.563,-0.34,-0.211,0.74,0.54,-0.13,-0.132,0.867,0.463,0.141,-0.742,0.002,-0.656,0.001,0.153,0.326,0.002,0.38,0.2,0.154,0.059,0.001,0.497,0.573,0.187,0.161,0.274,0.281,0.343,0.341,0.013,0.697,0.683,0.391,0.087,0.164,0.388,0.679,0.125,0.252,0.321,0.317,0.114,0.001,0.077,0.525,0.645,0.158,0.347,0.002,0.73,0.77,0.938,0.839,0.543,0.142,0.448,0.183,0.568,0.416,-0.549,0.451,0,0,0,0.001,0.001,0,0,0.001,0,0.001,0.001,0,0,0.001,0,0.001,0,0,0,0,0.001,0,0,0.001,0,0.001,0,0.001,0.001,0,0,0.001,0.001,0,0,0.063,0,0,0.001,0,0,0.001,0,0,0,14.512,0.079
02:43.1,13004,0.095,0.091,-0.787,-0.603,-0.125,0.012,-0.748,-0.652,0.426,0.248,0.665,0.562,-0.33,-0.216,0.736,0.55,-0.131,-0.131,0.866,0.464,0.144,-0.742,-0.003,-0.655,0.001,0.125,0.289,0.001,0.372,0.189,0.154,0.065,0.001,0.468,0.563,0.159,0.134,0.269,0.282,0.344,0.344,0.001,0.662,0.661,0.377,0.073,0.17,0.397,0.681,0.133,0.258,0.311,0.306,0.101,0.001,0.079,0.525,0.645,0.165,0.349,0.002,0.726,0.769,0.945,0.836,0.547,0.145,0.453,0.208,0.568,0.416,-0.549,0.451,0,0,0,0.001,0.001,0,0,0.001,0,0.001,0.001,0,0,0.001,0,0.001,0,0,0,0,0.001,0,0,0.001,0,0.001,0,0.001,0.001,0,0,0.001,0.001,0,0,0.063,0,0,0.001,0,0,0.001,0,0,0,14.286,0.079
02:43.1,13005,0.095,0.09,-0.787,-0.603,-0.126,0.013,-0.748,-0.651,0.423,0.248,0.668,0.56,-0.321,-0.222,0.732,0.559,-0.131,-0.131,0.866,0.465,0.144,-0.742,-0.003,-0.655,0.001,0.125,0.289,0.001,0.372,0.189,0.154,0.065,0.001,0.468,0.563,0.159,0.134,0.269,0.282,0.344,0.344,0.001,0.662,0.661,0.377,0.073,0.17,0.397,0.681,0.133,0.258,0.311,0.306,0.101,0.001,0.079,0.525,0.645,0.165,0.349,0.002,0.726,0.769,0.945,0.836,0.547,0.145,0.453,0.208,0.568,0.416,-0.549,0.451,0,0,0,0.001,0.001,0,0,0.001,0,0.001,0.001,0,0,0.001,0,0.001,0,0,0,0,0.001,0,0,0.001,0,0.001,0,0.001,0.001,0,0,0.001,0.001,0,0,0.063,0,0,0.001,0,0,0.001,0,0,0,14.286,0.079
02:43.1,13006,0.095,0.089,-0.787,-0.603,-0.128,0.014,-0.749,-0.65,0.421,0.247,0.672,0.557,-0.311,-0.228,0.727,0.568,-0.132,-0.13,0.865,0.466,0.144,-0.742,-0.003,-0.655,0.001,0.125,0.289,0.001,0.372,0.189,0.154,0.065,0.001,0.468,0.563,0.159,0.134,0.269,0.282,0.344,0.344,0.001,0.662,0.661,0.377,0.073,0.17,0.397,0.681,0.133,0.258,0.311,0.306,0.101,0.001,0.079,0.525,0.645,0.165,0.349,0.002,0.726,0.769,0.945,0.836,0.547,0.145,0.453,0.208,0.568,0.416,-0.549,0.451,0,0,0,0.001,0.001,0,0,0.001,0,0.001,0.001,0,0,0.001,0,0.001,0,0,0,0,0.001,0,0,0.001,0,0.001,0,0.001,0.001,0,0,0.001,0.001,0,0,0.063,0,0,0.001,0,0,0.001,0,0,0,14.286,0.079
02:43.1,13007,0.095,0.088,-0.787,-0.603,-0.131,0.015,-0.749,-0.65,0.42,0.247,0.675,0.554,-0.302,-0.233,0.722,0.577,-0.131,-0.129,0.864,0.468,0.144,-0.742,-0.003,-0.655,0.001,0.125,0.289,0.001,0.372,0.189,0.154,0.065,0.001,0.468,0.563,0.159,0.134,0.269,0.282,0.344,0.344,0.001,0.662,0.661,0.377,0.073,0.17,0.397,0.681,0.133,0.258,0.311,0.306,0.101,0.001,0.079,0.525,0.645,0.165,0.349,0.002,0.726,0.769,0.945,0.836,0.547,0.145,0.453,0.208,0.568,0.416,-0.549,0.451,0,0,0,0.001,0.001,0,0,0.001,0,0.001,0.001,0,0,0.001,0,0.001,0,0,0,0,0.001,0,0,0.001,0,0.001,0,0.001,0.001,0,0,0.001,0.001,0,0,0.063,0,0,0.001,0,0,0.001,0,0,0,14.286,0.079
02:43.1,13008,0.095,0.087,-0.787,-0.603,-0.133,0.016,-0.749,-0.649,0.42,0.247,0.678,0.55,-0.292,-0.238,0.716,0.587,-0.131,-0.129,0.864,0.469,0.144,-0.742,-0.003,-0.655,0.001,0.125,0.289,0.001,0.372,0.189,0.154,0.065,0.001,0.468,0.563,0.159,0.134,0.269,0.282,0.344,0.344,0.001,0.662,0.661,0.377,0.073,0.17,0.397,0.681,0.133,0.258,0.311,0.306,0.101,0.001,0.079,0.525,0.645,0.165,0.349,0.002,0.726,0.769,0.945,0.836,0.547,0.145,0.453,0.208,0.689,0.37,-0.564,0.265,0,0,0,0,0,0.001,0,0.001,0.001,0.001,0,0,0,0,0,0.001,0.001,0.001,0.001,0,0,0.001,0,0.001,0,0,0,0.001,0,0,0,0.001,0.001,0.001,0.001,0.062,0.001,0,0,0,0.001,0,0,0,0.001,14.286,0.08
02:43.1,13009,0.095,0.085,-0.787,-0.604,-0.136,0.017,-0.748,-0.649,0.42,0.248,0.681,0.546,-0.283,-0.243,0.71,0.597,-0.13,-0.129,0.863,0.471,0.144,-0.742,-0.003,-0.655,0.001,0.125,0.289,0.001,0.372,0.189,0.154,0.065,0.001,0.468,0.563,0.159,0.134,0.269,0.282,0.344,0.344,0.001,0.662,0.661,0.377,0.073,0.17,0.397,0.681,0.133,0.258,0.311,0.306,0.101,0.001,0.079,0.525,0.645,0.165,0.349,0.002,0.726,0.769,0.945,0.836,0.547,0.145,0.453,0.208,0.7,0.36,-0.566,0.244,0.001,0,0.001,0.001,0,0,0.001,0,0.001,0.001,0,0.001,0.001,0.001,0,0,0,0,0.002,0.001,0,0.001,0.001,0.001,0,0,0,0.001,0,0.001,0,0,0,0.001,0,0.05,0,0,0,0,0,0,0,0.001,0,14.286,0.069
02:43.1,13010,0.095,0.084,-0.787,-0.604,-0.14,0.018,-0.748,-0.649,0.42,0.25,0.683,0.543,-0.274,-0.248,0.704,0.606,-0.128,-0.128,0.862,0.473,0.144,-0.742,-0.003,-0.655,0.001,0.125,0.289,0.001,0.372,0.189,0.154,0.065,0.001,0.468,0.563,0.159,0.134,0.269,0.282,0.344,0.344,0.001,0.662,0.661,0.377,0.073,0.17,0.397,0.681,0.133,0.258,0.311,0.306,0.101,0.001,0.079,0.525,0.645,0.165,0.349,0.002,0.726,0.769,0.945,0.836,0.547,0.145,0.453,0.208,0.717,0.343,-0.568,0.214,0,0.001,0,0,0,0,0.001,0,0,0.001,0,0,0,0,0,0.001,0,0.001,0.004,0.001,0.001,0,0,0,0,0.001,0,0,0,0.001,0,0.001,0.001,0,0,0.051,0,0,0,0,0,0.001,0.001,0.001,0.001,14.286,0.07
02:43.1,13011,0.095,0.083,-0.786,-0.605,-0.145,0.02,-0.747,-0.648,0.42,0.253,0.684,0.54,-0.265,-0.252,0.698,0.615,-0.127,-0.128,0.861,0.475,0.161,-0.75,-0.04,-0.64,0.001,0.089,0.265,0.001,0.354,0.172,0.155,0.066,0.001,0.448,0.557,0.145,0.126,0.276,0.283,0.344,0.348,0.001,0.629,0.652,0.359,0.07,0.166,0.399,0.681,0.132,0.258,0.286,0.283,0.095,0.001,0.076,0.526,0.643,0.168,0.354,0.001,0.725,0.769,0.95,0.842,0.551,0.15,0.452,0.217,0.729,0.329,-0.569,0.193,0,0,0,0.001,0.001,0,0.001,0.001,0,0,0,0,0,0,0.001,0,0,0,0.004,0,0,0,0,0.001,0.001,0,0.001,0,0.001,0.001,0,0.001,0.001,0,0.001,0.043,0.001,0,0,0.001,0,0,0,0,0,14.067,0.062
02:43.1,13012,0.095,0.081,-0.785,-0.606,-0.152,0.021,-0.746,-0.648,0.42,0.257,0.684,0.537,-0.257,-0.256,0.692,0.624,-0.124,-0.127,0.86,0.478,0.161,-0.751,-0.043,-0.638,0.001,0.001,0.024,0.001,0.31,0.284,0.219,0.085,0.001,0.142,0.321,0.028,0.042,0.336,0.347,0.388,0.433,0.001,0.302,0.466,0.066,0.001,0.112,0.449,0.724,0.2,0.335,0.022,0.072,0.001,0.001,0.024,0.524,0.648,0.214,0.396,0.002,0.668,0.724,0.889,0.88,0.488,0.14,0.416,0.385,0.742,0.312,-0.569,0.167,0,0,0,0,0,0,0,0.001,0.001,0.001,0.001,0.001,0.001,0,0,0,0.001,0,0.005,0,0,0.001,0.001,0,0.001,0,0.001,0.001,0,0,0,0,0,0.001,0,0.038,0.001,0.001,0,0,0.001,0,0,0,0.001,12.113,0.06
02:43.2,13013,0.095,0.08,-0.785,-0.607,-0.16,0.023,-0.744,-0.648,0.42,0.261,0.684,0.536,-0.25,-0.259,0.686,0.632,-0.122,-0.127,0.858,0.482,0.162,-0.753,-0.045,-0.637,0.001,0.001,0.005,0.001,0.303,0.338,0.233,0.1,0.001,0.098,0.277,0.012,0.028,0.347,0.364,0.403,0.452,0.001,0.263,0.42,0.032,0.001,0.098,0.46,0.726,0.209,0.347,0.004,0.04,0.001,0.001,0.012,0.518,0.643,0.221,0.408,0.002,0.651,0.713,0.86,0.88,0.473,0.137,0.408,0.407,0.752,0.299,-0.569,0.147,0,0.001,0.001,0,0,0,0.001,0,0,0.001,0,0,0.001,0.001,0,0,0.001,0,0.005,0.001,0.001,0,0.001,0.001,0,0,0,0,0,0.001,0,0.001,0,0,0,0.04,0,0,0.001,0,0,0.001,0,0,0,11.9,0.06
02:43.2,13014,0.093,0.079,-0.784,-0.609,-0.167,0.024,-0.743,-0.648,0.421,0.265,0.682,0.536,-0.244,-0.263,0.681,0.639,-0.119,-0.127,0.857,0.485,0.164,-0.754,-0.05,-0.634,0.001,0.001,0.001,0.001,0.277,0.372,0.248,0.11,0.001,0.053,0.243,0.001,0.028,0.358,0.379,0.413,0.474,0.001,0.242,0.38,0.017,0.001,0.087,0.465,0.729,0.223,0.355,0.001,0.024,0.001,0.001,0.011,0.514,0.635,0.238,0.42,0.002,0.637,0.703,0.829,0.886,0.463,0.133,0.394,0.421,0.761,0.285,-0.569,0.127,0.001,0,0,0.001,0.001,0.001,0.001,0,0,0,0,0.001,0,0,0,0.001,0,0,0.005,0.001,0,0,0,0,0,0,0.001,0,0.001,0.001,0,0,0,0,0,0.04,0,0,0.001,0,0,0.001,0.001,0,0,11.774,0.059
02:43.2,13015,0.091,0.078,-0.783,-0.61,-0.173,0.025,-0.742,-0.647,0.422,0.269,0.68,0.536,-0.238,-0.266,0.675,0.645,-0.117,-0.126,0.856,0.488,0.166,-0.756,-0.055,-0.631,0.001,0.001,0.001,0.001,0.263,0.394,0.256,0.114,0.001,0.034,0.228,0.001,0.031,0.352,0.387,0.419,0.488,0.001,0.215,0.375,0.001,0.001,0.07,0.469,0.731,0.232,0.36,0.001,0.017,0.001,0.001,0.001,0.508,0.629,0.25,0.431,0.002,0.629,0.7,0.811,0.886,0.457,0.134,0.383,0.426,0.761,0.285,-0.569,0.127,0.001,0,0,0.001,0.001,0.001,0.001,0,0,0,0,0.001,0,0,0,0.001,0,0,0.005,0.001,0,0,0,0,0,0,0.001,0,0.001,0.001,0,0,0,0,0,0.04,0,0,0.001,0,0,0.001,0.001,0,0,11.694,0.059
02:43.2,13016,0.086,0.077,-0.782,-0.612,-0.179,0.026,-0.742,-0.646,0.423,0.272,0.676,0.538,-0.233,-0.269,0.67,0.651,-0.114,-0.125,0.854,0.492,0.167,-0.758,-0.059,-0.628,0.001,0.001,0.001,0.001,0.264,0.416,0.265,0.117,0.001,0.02,0.217,0.001,0.023,0.354,0.394,0.421,0.509,0.001,0.204,0.361,0.001,0.001,0.072,0.471,0.734,0.247,0.366,0.001,0.018,0.001,0.001,0.002,0.503,0.62,0.254,0.441,0.002,0.62,0.697,0.794,0.896,0.449,0.129,0.375,0.432,0.761,0.285,-0.569,0.127,0.001,0,0,0.001,0.001,0.001,0.001,0,0,0,0,0.001,0,0,0,0.001,0,0,0.005,0.001,0,0,0,0,0,0,0.001,0,0.001,0.001,0,0,0,0,0,0.04,0,0,0.001,0,0,0.001,0.001,0,0,11.699,0.059
02:43.2,13017,0.08,0.076,-0.782,-0.613,-0.183,0.027,-0.742,-0.644,0.424,0.276,0.673,0.539,-0.229,-0.273,0.666,0.655,-0.111,-0.124,0.852,0.496,0.166,-0.759,-0.06,-0.627,0.001,0.001,0.001,0.001,0.27,0.42,0.276,0.127,0.001,0.018,0.215,0.001,0.029,0.358,0.397,0.422,0.525,0.001,0.215,0.354,0.001,0.001,0.067,0.468,0.731,0.249,0.372,0.001,0.018,0.001,0.001,0.001,0.497,0.613,0.254,0.446,0.002,0.617,0.696,0.777,0.896,0.451,0.127,0.36,0.438,0.761,0.285,-0.569,0.127,0.001,0,0,0.001,0.001,0.001,0.001,0,0,0,0,0.001,0,0,0,0.001,0,0,0.005,0.001,0,0,0,0,0,0,0.001,0,0.001,0.001,0,0,0,0,0,0.04,0,0,0.001,0,0,0.001,0.001,0,0,11.718,0.059
02:43.2,13018,0.073,0.075,-0.782,-0.614,-0.187,0.028,-0.742,-0.643,0.424,0.281,0.67,0.54,-0.225,-0.277,0.662,0.659,-0.107,-0.122,0.85,0.5,0.165,-0.76,-0.061,-0.626,0.001,0.001,0.001,0.001,0.264,0.432,0.281,0.134,0,0.023,0.216,0.001,0.033,0.358,0.399,0.422,0.538,0.001,0.23,0.371,0.001,0.001,0.061,0.469,0.725,0.256,0.37,0.001,0.02,0.001,0.001,0.001,0.488,0.606,0.26,0.44,0.002,0.612,0.692,0.772,0.905,0.453,0.125,0.342,0.443,0.761,0.285,-0.569,0.127,0.001,0,0,0.001,0.001,0.001,0.001,0,0,0,0,0.001,0,0,0,0.001,0,0,0.005,0.001,0,0,0,0,0,0,0.001,0,0.001,0.001,0,0,0,0,0,0.04,0,0,0.001,0,0,0.001,0.001,0,0,11.754,0.059
02:43.2,13019,0.066,0.073,-0.782,-0.616,-0.191,0.029,-0.743,-0.641,0.423,0.287,0.668,0.541,-0.221,-0.281,0.658,0.663,-0.104,-0.12,0.849,0.504,0.165,-0.76,-0.062,-0.625,0.001,0.001,0.001,0.001,0.265,0.446,0.284,0.137,0.001,0.031,0.237,0.001,0.034,0.352,0.396,0.424,0.541,0.001,0.264,0.392,0.001,0.001,0.056,0.466,0.726,0.26,0.372,0.001,0.021,0.001,0.001,0.001,0.48,0.604,0.256,0.454,0.002,0.612,0.681,0.767,0.912,0.457,0.121,0.33,0.441,0.761,0.285,-0.569,0.127,0.001,0,0,0.001,0.001,0.001,0.001,0,0,0,0,0.001,0,0,0,0.001,0,0,0.005,0.001,0,0,0,0,0,0,0.001,0,0.001,0.001,0,0,0,0,0,0.04,0,0,0.001,0,0,0.001,0.001,0,0,11.834,0.059
02:43.2,13020,0.059,0.07,-0.782,-0.617,-0.194,0.03,-0.743,-0.64,0.421,0.293,0.666,0.542,-0.217,-0.285,0.654,0.666,-0.1,-0.118,0.848,0.507,0.165,-0.76,-0.062,-0.625,0.001,0.001,0.001,0.001,0.265,0.446,0.284,0.137,0.001,0.031,0.237,0.001,0.034,0.352,0.396,0.424,0.541,0.001,0.264,0.392,0.001,0.001,0.056,0.466,0.726,0.26,0.372,0.001,0.021,0.001,0.001,0.001,0.48,0.604,0.256,0.454,0.002,0.612,0.681,0.767,0.912,0.457,0.121,0.33,0.441,0.815,0.178,-0.551,-0.03,0,0.001,0,0.001,0.001,0.001,0.001,0,0,0.001,0,0,0.001,0,0.001,0.001,0,0,0.006,0,0,0,0,0.001,0,0,0,0,0,0.001,0.001,0,0,0.001,0,0.04,0,0.001,0,0,0,0.001,0,0,0,11.834,0.061
02:43.2,13021,0.054,0.066,-0.782,-0.617,-0.196,0.031,-0.744,-0.638,0.417,0.299,0.665,0.543,-0.213,-0.29,0.649,0.67,-0.096,-0.116,0.848,0.508,0.165,-0.76,-0.062,-0.625,0.001,0.001,0.001,0.001,0.265,0.446,0.284,0.137,0.001,0.031,0.237,0.001,0.034,0.352,0.396,0.424,0.541,0.001,0.264,0.392,0.001,0.001,0.056,0.466,0.726,0.26,0.372,0.001,0.021,0.001,0.001,0.001,0.48,0.604,0.256,0.454,0.002,0.612,0.681,0.767,0.912,0.457,0.121,0.33,0.441,0.818,0.165,-0.549,-0.045,0.001,0.001,0.001,0.001,0,0,0,0,0,0.001,0,0,0,0,0,0.001,0,0,0.001,0,0,0,0,0.001,0,0,0,0,0.001,0.001,0,0.001,0,0.001,0.001,0.042,0,0,0,0.001,0,0,0.001,0,0,11.834,0.057
02:43.3,13022,0.051,0.061,-0.783,-0.617,-0.197,0.033,-0.745,-0.637,0.413,0.305,0.664,0.544,-0.207,-0.294,0.645,0.674,-0.093,-0.114,0.848,0.509,0.165,-0.76,-0.062,-0.625,0.001,0.001,0.001,0.001,0.265,0.446,0.284,0.137,0.001,0.031,0.237,0.001,0.034,0.352,0.396,0.424,0.541,0.001,0.264,0.392,0.001,0.001,0.056,0.466,0.726,0.26,0.372,0.001,0.021,0.001,0.001,0.001,0.48,0.604,0.256,0.454,0.002,0.612,0.681,0.767,0.912,0.457,0.121,0.33,0.441,0.818,0.165,-0.549,-0.045,0.001,0.001,0.001,0.001,0,0,0,0,0,0.001,0,0,0,0,0,0.001,0,0,0.001,0,0,0,0,0.001,0,0,0,0,0.001,0.001,0,0.001,0,0.001,0.001,0.042,0,0,0,0.001,0,0,0.001,0,0,11.834,0.057
02:43.3,13023,0.05,0.055,-0.784,-0.616,-0.197,0.035,-0.746,-0.635,0.408,0.31,0.663,0.546,-0.203,-0.297,0.641,0.678,-0.089,-0.113,0.849,0.508,0.165,-0.76,-0.062,-0.625,0.001,0.001,0.001,0.001,0.265,0.446,0.284,0.137,0.001,0.031,0.237,0.001,0.034,0.352,0.396,0.424,0.541,0.001,0.264,0.392,0.001,0.001,0.056,0.466,0.726,0.26,0.372,0.001,0.021,0.001,0.001,0.001,0.48,0.604,0.256,0.454,0.002,0.612,0.681,0.767,0.912,0.457,0.121,0.33,0.441,0.818,0.165,-0.549,-0.045,0.001,0.001,0.001,0.001,0,0,0,0,0,0.001,0,0,0,0,0,0.001,0,0,0.001,0,0,0,0,0.001,0,0,0,0,0.001,0.001,0,0.001,0,0.001,0.001,0.042,0,0,0,0.001,0,0,0.001,0,0,11.834,0.057
02:43.3,13024,0.05,0.05,-0.785,-0.615,-0.199,0.039,-0.746,-0.634,0.404,0.314,0.662,0.548,-0.199,-0.302,0.637,0.681,-0.086,-0.111,0.851,0.506,0.165,-0.76,-0.062,-0.625,0.001,0.001,0.001,0.001,0.265,0.446,0.284,0.137,0.001,0.031,0.237,0.001,0.034,0.352,0.396,0.424,0.541,0.001,0.264,0.392,0.001,0.001,0.056,0.466,0.726,0.26,0.372,0.001,0.021,0.001,0.001,0.001,0.48,0.604,0.256,0.454,0.002,0.612,0.681,0.767,0.912,0.457,0.121,0.33,0.441,0.818,0.165,-0.549,-0.045,0.001,0.001,0.001,0.001,0,0,0,0,0,0.001,0,0,0,0,0,0.001,0,0,0.001,0,0,0,0,0.001,0,0,0,0,0.001,0.001,0,0.001,0,0.001,0.001,0.042,0,0,0,0.001,0,0,0.001,0,0,11.834,0.057
02:43.3,13025,0.05,0.046,-0.786,-0.615,-0.203,0.044,-0.746,-0.632,0.4,0.317,0.661,0.55,-0.197,-0.306,0.633,0.684,-0.083,-0.109,0.854,0.502,0.165,-0.76,-0.062,-0.625,0.001,0.001,0.001,0.001,0.265,0.446,0.284,0.137,0.001,0.031,0.237,0.001,0.034,0.352,0.396,0.424,0.541,0.001,0.264,0.392,0.001,0.001,0.056,0.466,0.726,0.26,0.372,0.001,0.021,0.001,0.001,0.001,0.48,0.604,0.256,0.454,0.002,0.612,0.681,0.767,0.912,0.457,0.121,0.33,0.441,0.818,0.165,-0.549,-0.045,0.001,0.001,0.001,0.001,0,0,0,0,0,0.001,0,0,0,0,0,0.001,0,0,0.001,0,0,0,0,0.001,0,0,0,0,0.001,0.001,0,0.001,0,0.001,0.001,0.042,0,0,0,0.001,0,0,0.001,0,0,11.834,0.057
02:43.3,13026,0.051,0.043,-0.786,-0.614,-0.208,0.049,-0.746,-0.631,0.396,0.319,0.66,0.553,-0.194,-0.309,0.63,0.686,-0.08,-0.108,0.857,0.498,0.171,-0.763,-0.081,-0.618,0.001,0.001,0.001,0.001,0.266,0.447,0.284,0.138,0.001,0.035,0.238,0.001,0.033,0.353,0.396,0.421,0.54,0.001,0.269,0.397,0.001,0.001,0.056,0.466,0.729,0.26,0.372,0.001,0.021,0.001,0.001,0.001,0.48,0.603,0.256,0.452,0.002,0.613,0.683,0.762,0.911,0.454,0.121,0.328,0.446,0.818,0.165,-0.549,-0.045,0.001,0.001,0.001,0.001,0,0,0,0,0,0.001,0,0,0,0,0,0.001,0,0,0.001,0,0,0,0,0.001,0,0,0,0,0.001,0.001,0,0.001,0,0.001,0.001,0.042,0,0,0,0.001,0,0,0.001,0,0,11.845,0.057
02:43.3,13027,0.049,0.041,-0.786,-0.615,-0.215,0.054,-0.745,-0.629,0.394,0.319,0.659,0.556,-0.191,-0.31,0.628,0.687,-0.078,-0.106,0.859,0.495,0.173,-0.764,-0.084,-0.616,0.001,0.001,0.001,0.001,0.276,0.42,0.26,0.144,0.001,0.001,0.144,0.001,0.026,0.376,0.385,0.402,0.509,0.001,0.184,0.286,0.001,0.001,0.074,0.471,0.713,0.306,0.372,0.001,0.005,0.001,0.001,0.015,0.498,0.607,0.281,0.431,0.002,0.628,0.718,0.8,1.011,0.501,0.156,0.381,0.509,0.818,0.165,-0.549,-0.045,0.001,0.001,0.001,0.001,0,0,0,0,0,0.001,0,0,0,0,0,0.001,0,0,0.001,0,0,0,0,0.001,0,0,0,0,0.001,0.001,0,0.001,0,0.001,0.001,0.042,0,0,0,0.001,0,0,0.001,0,0,11.904,0.057
02:43.3,13028,0.046,0.04,-0.786,-0.615,-0.222,0.06,-0.744,-0.627,0.393,0.318,0.658,0.558,-0.191,-0.311,0.628,0.687,-0.075,-0.103,0.861,0.493,0.174,-0.766,-0.088,-0.613,0.001,0.001,0.001,0.001,0.265,0.413,0.264,0.147,0.001,0.001,0.088,0.001,0.029,0.386,0.388,0.403,0.505,0.001,0.115,0.241,0.001,0.001,0.065,0.469,0.711,0.316,0.382,0.001,0.001,0.001,0.001,0.015,0.495,0.603,0.281,0.43,0.002,0.623,0.72,0.808,1.018,0.504,0.158,0.379,0.505,0.834,0.059,-0.526,-0.157,0.001,0.001,0.001,0.001,0,0,0,0,0,0.001,0,0,0,0,0,0.001,0,0,0.001,0,0,0,0,0.001,0,0,0,0,0.001,0.001,0,0.001,0,0.001,0.001,0.042,0,0,0,0.001,0,0,0.001,0,0,11.742,0.057
02:43.3,13029,0.04,0.039,-0.786,-0.616,-0.229,0.065,-0.743,-0.625,0.394,0.317,0.658,0.559,-0.192,-0.312,0.629,0.685,-0.073,-0.101,0.862,0.492,0.176,-0.767,-0.092,-0.61,0.001,0.001,0.001,0.001,0.256,0.416,0.276,0.154,0.001,0.001,0.065,0.001,0.031,0.393,0.393,0.407,0.502,0.001,0.096,0.176,0.001,0.001,0.067,0.47,0.706,0.322,0.383,0.001,0.001,0.001,0.001,0.013,0.482,0.598,0.295,0.426,0.002,0.624,0.725,0.81,1.021,0.507,0.156,0.381,0.501,0.834,0.045,-0.524,-0.168,0.001,0,0.001,0.001,0.001,0,0,0,0.001,0,0,0,0,0,0,0.001,0.001,0,0.001,0,0.001,0,0,0.001,0,0.001,0,0,0.001,0.001,0,0,0,0.001,0,0.044,0.001,0,0.001,0,0,0,0,0,0.001,11.668,0.061
02:43.3,13030,0.034,0.039,-0.786,-0.616,-0.237,0.07,-0.742,-0.624,0.395,0.315,0.658,0.558,-0.195,-0.314,0.631,0.683,-0.072,-0.098,0.863,0.491,0.177,-0.77,-0.095,-0.605,0.001,0.001,0.001,0.001,0.26,0.418,0.283,0.153,0.001,0.001,0.032,0.001,0.039,0.393,0.398,0.404,0.504,0.001,0.079,0.128,0.001,0.001,0.074,0.474,0.702,0.332,0.388,0.001,0.001,0.001,0.001,0.015,0.475,0.603,0.299,0.429,0.002,0.615,0.726,0.8,1.034,0.503,0.156,0.374,0.488,0.833,0.03,-0.523,-0.177,0,0,0.001,0,0.001,0,0,0,0,0,0,0.001,0,0,0,0.001,0.001,0.001,0.001,0,0,0.001,0,0,0.001,0,0,0,0.001,0,0,0.001,0,0.001,0.001,0.044,0.001,0,0.001,0.001,0.001,0.001,0,0.001,0.001,11.594,0.064
02:43.3,13031,0.027,0.039,-0.786,-0.616,-0.244,0.074,-0.74,-0.622,0.397,0.314,0.659,0.556,-0.198,-0.316,0.632,0.679,-0.072,-0.096,0.864,0.489,0.177,-0.772,-0.097,-0.602,0.001,0.001,0.001,0.001,0.269,0.424,0.291,0.155,0.001,0.001,0.02,0.001,0.042,0.392,0.4,0.41,0.512,0.001,0.039,0.078,0.001,0.001,0.071,0.477,0.701,0.335,0.397,0.001,0.001,0.001,0.001,0.015,0.465,0.593,0.311,0.431,0.004,0.613,0.729,0.797,1.054,0.503,0.158,0.368,0.47,0.832,0.013,-0.524,-0.183,0,0,0,0,0.001,0.001,0,0.001,0,0,0,0.001,0.001,0,0,0,0,0.001,0,0,0,0.001,0,0,0,0.001,0.001,0,0,0.001,0,0,0.001,0,0,0.046,0.001,0,0,0.001,0,0,0,0,0.001,11.538,0.06
02:43.4,13032,0.021,0.038,-0.787,-0.616,-0.25,0.078,-0.739,-0.62,0.4,0.313,0.66,0.554,-0.201,-0.318,0.634,0.675,-0.072,-0.094,0.865,0.488,0.176,-0.774,-0.099,-0.6,0,0.001,0.001,0.001,0.259,0.418,0.291,0.154,0.001,0.001,0.001,0.001,0.027,0.38,0.409,0.408,0.524,0.001,0.012,0.045,0.001,0.001,0.073,0.486,0.705,0.341,0.409,0.001,0.001,0.001,0.001,0.013,0.459,0.591,0.314,0.416,0.004,0.608,0.734,0.802,1.082,0.497,0.159,0.357,0.459,0.832,0.013,-0.524,-0.183,0,0,0,0,0.001,0.001,0,0.001,0,0,0,0.001,0.001,0,0,0,0,0.001,0,0,0,0.001,0,0,0,0.001,0.001,0,0,0.001,0,0,0.001,0,0,0.046,0.001,0,0,0.001,0,0,0,0,0.001,11.45,0.06
02:43.4,13033,0.016,0.037,-0.787,-0.615,-0.256,0.081,-0.738,-0.619,0.403,0.312,0.661,0.55,-0.204,-0.321,0.636,0.672,-0.074,-0.092,0.865,0.487,0.175,-0.777,-0.1,-0.597,0.001,0.001,0.001,0.001,0.228,0.404,0.289,0.159,0.001,0.001,0.001,0.001,0.023,0.364,0.414,0.413,0.527,0.001,0.001,0.037,0.001,0.001,0.06,0.493,0.705,0.353,0.418,0.001,0.001,0.001,0.001,0.01,0.457,0.586,0.315,0.422,0.002,0.606,0.731,0.796,1.103,0.497,0.159,0.349,0.438,0.832,0.013,-0.524,-0.183,0,0,0,0,0.001,0.001,0,0.001,0,0,0,0.001,0.001,0,0,0,0,0.001,0,0,0,0.001,0,0,0,0.001,0.001,0,0,0.001,0,0,0.001,0,0,0.046,0.001,0,0,0.001,0,0,0,0,0.001,11.374,0.06
02:43.4,13034,0.012,0.036,-0.788,-0.615,-0.261,0.084,-0.738,-0.617,0.407,0.312,0.663,0.546,-0.205,-0.322,0.638,0.668,-0.076,-0.09,0.865,0.487,0.175,-0.778,-0.101,-0.595,0.001,0.001,0.001,0.001,0.188,0.372,0.295,0.17,0.001,0.001,0.001,0.001,0.017,0.366,0.415,0.407,0.529,0.001,0.001,0.024,0.001,0.001,0.032,0.504,0.706,0.361,0.431,0.001,0.001,0.001,0.001,0.002,0.446,0.58,0.32,0.416,0.002,0.598,0.734,0.796,1.115,0.495,0.161,0.343,0.429,0.832,0.013,-0.524,-0.183,0,0,0,0,0.001,0.001,0,0.001,0,0,0,0.001,0.001,0,0,0,0,0.001,0,0,0,0.001,0,0,0,0.001,0.001,0,0,0.001,0,0,0.001,0,0,0.046,0.001,0,0,0.001,0,0,0,0,0.001,11.27,0.06
02:43.4,13035,0.009,0.036,-0.788,-0.614,-0.268,0.086,-0.737,-0.615,0.41,0.311,0.664,0.542,-0.207,-0.321,0.641,0.666,-0.078,-0.088,0.866,0.487,0.174,-0.78,-0.102,-0.593,0.001,0.001,0.001,0.001,0.165,0.363,0.294,0.166,0.001,0.001,0.001,0.001,0.017,0.337,0.413,0.407,0.534,0.001,0.001,0.017,0.001,0.001,0.02,0.512,0.703,0.37,0.44,0.001,0.001,0.001,0.001,0.002,0.444,0.578,0.324,0.404,0.002,0.598,0.736,0.799,1.129,0.495,0.16,0.337,0.416,0.832,0.013,-0.524,-0.183,0,0,0,0,0.001,0.001,0,0.001,0,0,0,0.001,0.001,0,0,0,0,0.001,0,0,0,0.001,0,0,0,0.001,0.001,0,0,0.001,0,0,0.001,0,0,0.046,0.001,0,0,0.001,0,0,0,0,0.001,11.198,0.06
02:43.4,13036,0.006,0.035,-0.788,-0.614,-0.275,0.089,-0.735,-0.614,0.414,0.312,0.665,0.539,-0.209,-0.318,0.644,0.663,-0.079,-0.087,0.865,0.487,0.174,-0.781,-0.102,-0.59,0.001,0.001,0.001,0.001,0.137,0.322,0.303,0.164,0.001,0.001,0.001,0.001,0.026,0.28,0.415,0.405,0.538,0.001,0.001,0.015,0.001,0.001,0.015,0.514,0.706,0.37,0.449,0.001,0.001,0.001,0.001,0.001,0.443,0.578,0.316,0.41,0.001,0.589,0.74,0.808,1.136,0.491,0.158,0.335,0.404,0.832,0.013,-0.524,-0.183,0,0,0,0,0.001,0.001,0,0.001,0,0,0,0.001,0.001,0,0,0,0,0.001,0,0,0,0.001,0,0,0,0.001,0.001,0,0,0.001,0,0,0.001,0,0,0.046,0.001,0,0,0.001,0,0,0,0,0.001,11.085,0.06
02:43.4,13037,0.002,0.035,-0.788,-0.614,-0.282,0.091,-0.732,-0.613,0.416,0.313,0.665,0.535,-0.212,-0.314,0.647,0.661,-0.08,-0.085,0.865,0.488,0.172,-0.786,-0.103,-0.585,0.001,0.001,0.001,0.001,0.126,0.28,0.299,0.164,0.001,0.001,0.001,0.001,0.027,0.193,0.414,0.409,0.527,0.001,0.001,0.01,0.001,0.001,0.001,0.52,0.705,0.376,0.457,0.001,0.001,0.001,0.001,0.001,0.444,0.578,0.314,0.393,0.001,0.589,0.735,0.835,1.155,0.484,0.158,0.328,0.388,0.832,0.013,-0.524,-0.183,0,0,0,0,0.001,0.001,0,0.001,0,0,0,0.001,0.001,0,0,0,0,0.001,0,0,0,0.001,0,0,0,0.001,0.001,0,0,0.001,0,0,0.001,0,0,0.046,0.001,0,0,0.001,0,0,0,0,0.001,10.927,0.06
02:43.4,13038,-0.003,0.035,-0.787,-0.615,-0.289,0.093,-0.73,-0.612,0.418,0.315,0.665,0.533,-0.214,-0.309,0.652,0.659,-0.081,-0.084,0.864,0.49,0.17,-0.79,-0.1,-0.58,0.001,0.001,0.001,0.001,0.096,0.219,0.304,0.168,0.001,0.001,0.001,0.001,0.02,0.139,0.414,0.407,0.521,0.001,0.001,0.001,0.001,0.001,0.001,0.524,0.705,0.375,0.464,0.001,0.001,0.001,0.001,0.001,0.443,0.579,0.32,0.397,0.001,0.585,0.733,0.856,1.156,0.475,0.156,0.328,0.374,0.833,-0.043,-0.521,-0.178,0,0.001,0,0.001,0.001,0,0.001,0.001,0,0.001,0.001,0.001,0.001,0,0,0.001,0,0,0,0,0,0.001,0.001,0.001,0,0,0.001,0,0,0,0.001,0,0,0,0,0.045,0,0,0.001,0,0.001,0,0,0,0,10.778,0.062
02:43.4,13039,-0.009,0.035,-0.786,-0.617,-0.297,0.095,-0.727,-0.612,0.417,0.32,0.665,0.531,-0.213,-0.31,0.654,0.656,-0.081,-0.082,0.862,0.493,0.169,-0.795,-0.096,-0.574,0.001,0.001,0.001,0.001,0.092,0.175,0.302,0.173,0.001,0.001,0.001,0.001,0.02,0.093,0.421,0.408,0.513,0.001,0.001,0.001,0.001,0.001,0.001,0.532,0.705,0.38,0.474,0.001,0.001,0.001,0.001,0.001,0.448,0.582,0.32,0.389,0.001,0.579,0.726,0.864,1.159,0.457,0.158,0.325,0.354,0.843,-0.037,-0.51,-0.167,0.901,0.668,0.004,0,0.001,0,0,0,0.91,0.795,0.531,0.001,0,0,0,0.001,0,0.78,0.867,0.168,0,0,0,0.001,0.001,0,0,0.223,0.001,0.001,0,0,0,0.001,0,0.044,0.001,0,0.001,0,0.001,0,0.001,0,0,10.669,5.903
02:43.4,13040,-0.015,0.034,-0.785,-0.618,-0.304,0.096,-0.724,-0.611,0.413,0.329,0.663,0.531,-0.21,-0.326,0.65,0.654,-0.079,-0.079,0.861,0.495,0.169,-0.795,-0.096,-0.574,0.001,0.001,0.001,0.001,0.092,0.175,0.302,0.173,0.001,0.001,0.001,0.001,0.02,0.093,0.421,0.408,0.513,0.001,0.001,0.001,0.001,0.001,0.001,0.532,0.705,0.38,0.474,0.001,0.001,0.001,0.001,0.001,0.448,0.582,0.32,0.389,0.001,0.579,0.726,0.864,1.159,0.457,0.158,0.325,0.354,0.843,-0.037,-0.51,-0.167,0.901,0.668,0.004,0,0.001,0,0,0,0.91,0.795,0.531,0.001,0,0,0,0.001,0,0.78,0.867,0.168,0,0,0,0.001,0.001,0,0,0.223,0.001,0.001,0,0,0,0.001,0,0.044,0.001,0,0.001,0,0.001,0,0.001,0,0,10.669,5.903
02:43.4,13041,-0.02,0.032,-0.784,-0.62,-0.311,0.096,-0.721,-0.611,0.407,0.338,0.658,0.535,-0.208,-0.338,0.638,0.66,-0.077,-0.076,0.862,0.495,0.169,-0.795,-0.096,-0.574,0.001,0.001,0.001,0.001,0.092,0.175,0.302,0.173,0.001,0.001,0.001,0.001,0.02,0.093,0.421,0.408,0.513,0.001,0.001,0.001,0.001,0.001,0.001,0.532,0.705,0.38,0.474,0.001,0.001,0.001,0.001,0.001,0.448,0.582,0.32,0.389,0.001,0.579,0.726,0.864,1.159,0.457,0.158,0.325,0.354,0.847,-0.045,-0.523,-0.084,0.861,0.611,0.142,0.005,0.001,0,0.001,0,0.911,0.764,0.77,0.001,0.001,0.001,0,0,0,0.862,0.894,0.778,0.001,0,0,0.001,0,0,0.002,0.536,0.046,0,0.001,0.001,0,0,0,0.028,0,0.001,0.001,0,0,0,0,0,0,10.669,7.221
02:43.5,13042,-0.024,0.029,-0.782,-0.622,-0.318,0.096,-0.718,-0.611,0.404,0.342,0.652,0.542,-0.197,-0.329,0.634,0.671,-0.076,-0.073,0.864,0.492,0.169,-0.795,-0.096,-0.574,0.001,0.001,0.001,0.001,0.092,0.175,0.302,0.173,0.001,0.001,0.001,0.001,0.02,0.093,0.421,0.408,0.513,0.001,0.001,0.001,0.001,0.001,0.001,0.532,0.705,0.38,0.474,0.001,0.001,0.001,0.001,0.001,0.448,0.582,0.32,0.389,0.001,0.579,0.726,0.864,1.159,0.457,0.158,0.325,0.354,0.847,-0.045,-0.523,-0.084,0.861,0.611,0.142,0.005,0.001,0,0.001,0,0.911,0.764,0.77,0.001,0.001,0.001,0,0,0,0.862,0.894,0.778,0.001,0,0,0.001,0,0,0.002,0.536,0.046,0,0.001,0.001,0,0,0,0.028,0,0.001,0.001,0,0,0,0,0,0,10.669,7.221
02:43.5,13043,-0.027,0.026,-0.78,-0.625,-0.326,0.095,-0.714,-0.612,0.402,0.342,0.646,0.551,-0.186,-0.314,0.636,0.68,-0.076,-0.07,0.866,0.488,0.169,-0.795,-0.096,-0.574,0.001,0.001,0.001,0.001,0.092,0.175,0.302,0.173,0.001,0.001,0.001,0.001,0.02,0.093,0.421,0.408,0.513,0.001,0.001,0.001,0.001,0.001,0.001,0.532,0.705,0.38,0.474,0.001,0.001,0.001,0.001,0.001,0.448,0.582,0.32,0.389,0.001,0.579,0.726,0.864,1.159,0.457,0.158,0.325,0.354,0.847,-0.045,-0.523,-0.084,0.861,0.611,0.142,0.005,0.001,0,0.001,0,0.911,0.764,0.77,0.001,0.001,0.001,0,0,0,0.862,0.894,0.778,0.001,0,0,0.001,0,0,0.002,0.536,0.046,0,0.001,0.001,0,0,0,0.028,0,0.001,0.001,0,0,0,0,0,0,10.669,7.221
02:43.5,13044,-0.027,0.022,-0.778,-0.627,-0.334,0.093,-0.71,-0.612,0.404,0.338,0.642,0.558,-0.178,-0.301,0.638,0.685,-0.077,-0.069,0.87,0.482,0.169,-0.795,-0.096,-0.574,0.001,0.001,0.001,0.001,0.092,0.175,0.302,0.173,0.001,0.001,0.001,0.001,0.02,0.093,0.421,0.408,0.513,0.001,0.001,0.001,0.001,0.001,0.001,0.532,0.705,0.38,0.474,0.001,0.001,0.001,0.001,0.001,0.448,0.582,0.32,0.389,0.001,0.579,0.726,0.864,1.159,0.457,0.158,0.325,0.354,0.847,-0.045,-0.523,-0.084,0.861,0.611,0.142,0.005,0.001,0,0.001,0,0.911,0.764,0.77,0.001,0.001,0.001,0,0,0,0.862,0.894,0.778,0.001,0,0,0.001,0,0,0.002,0.536,0.046,0,0.001,0.001,0,0,0,0.028,0,0.001,0.001,0,0,0,0,0,0,10.669,7.221
02:43.5,13045,-0.025,0.018,-0.775,-0.631,-0.341,0.091,-0.707,-0.613,0.411,0.332,0.643,0.555,-0.177,-0.29,0.643,0.687,-0.081,-0.068,0.873,0.477,0.169,-0.795,-0.096,-0.574,0.001,0.001,0.001,0.001,0.092,0.175,0.302,0.173,0.001,0.001,0.001,0.001,0.02,0.093,0.421,0.408,0.513,0.001,0.001,0.001,0.001,0.001,0.001,0.532,0.705,0.38,0.474,0.001,0.001,0.001,0.001,0.001,0.448,0.582,0.32,0.389,0.001,0.579,0.726,0.864,1.159,0.457,0.158,0.325,0.354,0.847,-0.045,-0.523,-0.084,0.861,0.611,0.142,0.005,0.001,0,0.001,0,0.911,0.764,0.77,0.001,0.001,0.001,0,0,0,0.862,0.894,0.778,0.001,0,0,0.001,0,0,0.002,0.536,0.046,0,0.001,0.001,0,0,0,0.028,0,0.001,0.001,0,0,0,0,0,0,10.669,7.221
02:43.5,13046,-0.02,0.013,-0.771,-0.636,-0.347,0.089,-0.703,-0.615,0.421,0.328,0.648,0.543,-0.18,-0.279,0.65,0.684,-0.088,-0.069,0.875,0.472,0.153,-0.815,-0.043,-0.557,0.001,0.001,0.001,0.001,0.081,0.145,0.303,0.17,0.001,0.001,0.001,0.001,0.015,0.065,0.422,0.405,0.514,0.001,0.001,0.001,0.001,0.001,0.001,0.531,0.703,0.38,0.477,0.001,0.001,0.001,0.001,0.001,0.448,0.582,0.316,0.387,0.001,0.576,0.726,0.871,1.155,0.449,0.154,0.322,0.347,0.847,-0.045,-0.523,-0.084,0.861,0.611,0.142,0.005,0.001,0,0.001,0,0.911,0.764,0.77,0.001,0.001,0.001,0,0,0,0.862,0.894,0.778,0.001,0,0,0.001,0,0,0.002,0.536,0.046,0,0.001,0.001,0,0,0,0.028,0,0.001,0.001,0,0,0,0,0,0,10.564,7.221
02:43.5,13047,-0.013,0.01,-0.767,-0.642,-0.352,0.087,-0.699,-0.616,0.426,0.329,0.654,0.532,-0.179,-0.267,0.66,0.679,-0.094,-0.07,0.876,0.469,0.153,-0.817,-0.027,-0.556,0,0.001,0.001,0.001,0.001,0.001,0.093,0.055,0.001,0.001,0.001,0.001,0.001,0.035,0.216,0.271,0.459,0,0.001,0.001,0.001,0.001,0.083,0.278,0.59,0.344,0.413,0.001,0.001,0.001,0.001,0.013,0.286,0.573,0.353,0.343,0.001,0.541,0.684,0.846,1.027,0.446,0.111,0.303,0.123,0.847,-0.045,-0.523,-0.084,0.861,0.611,0.142,0.005,0.001,0,0.001,0,0.911,0.764,0.77,0.001,0.001,0.001,0,0,0,0.862,0.894,0.778,0.001,0,0,0.001,0,0,0.002,0.536,0.046,0,0.001,0.001,0,0,0,0.028,0,0.001,0.001,0,0,0,0,0,0,8.505,7.221
02:43.5,13048,-0.004,0.006,-0.762,-0.647,-0.354,0.084,-0.696,-0.618,0.422,0.333,0.657,0.529,-0.171,-0.254,0.67,0.676,-0.1,-0.071,0.876,0.466,0.157,-0.817,0.001,-0.554,0.001,0.001,0.001,0.001,0.001,0.001,0.061,0.033,0.001,0.001,0.001,0.001,0.001,0.027,0.199,0.188,0.421,0.001,0.001,0.001,0.001,0.001,0.094,0.244,0.554,0.282,0.394,0.001,0.001,0.001,0.001,0.011,0.26,0.516,0.343,0.363,0.001,0.487,0.591,0.857,0.947,0.431,0.085,0.288,0.11,0.841,-0.174,-0.51,-0.044,0.864,0.615,0.258,0,0,0.001,0.001,0.001,0.901,0.759,0.773,0,0,0,0.007,0.001,0,0.867,0.886,0.822,0.001,0,0.001,0,0.001,0,0.006,0.558,0.145,0.001,0,0.001,0.001,0.001,0,0.029,0.001,0,0.001,0,0,0,0.001,0.001,0,7.807,7.505
02:43.5,13049,0.005,0.003,-0.758,-0.653,-0.354,0.083,-0.695,-0.62,0.409,0.341,0.66,0.53,-0.159,-0.244,0.681,0.672,-0.103,-0.071,0.878,0.463,0.164,-0.815,0.026,-0.555,0,0.001,0.001,0.001,0.001,0.001,0.043,0.027,0.001,0.001,0.001,0.006,0.001,0.012,0.16,0.187,0.432,0.001,0.001,0.001,0.001,0.001,0.085,0.214,0.418,0.254,0.37,0.001,0.001,0,0.001,0.001,0.245,0.304,0.289,0.369,0.001,0.484,0.505,0.735,0.867,0.342,0.05,0.252,0.131,0.841,-0.174,-0.51,-0.044,0.864,0.615,0.258,0,0,0.001,0.001,0.001,0.901,0.759,0.773,0,0,0,0.007,0.001,0,0.867,0.886,0.822,0.001,0,0.001,0,0.001,0,0.006,0.558,0.145,0.001,0,0.001,0.001,0.001,0,0.029,0.001,0,0.001,0,0,0,0.001,0.001,0,6.8,7.505
02:43.5,13050,0.014,0,-0.753,-0.658,-0.351,0.083,-0.696,-0.621,0.39,0.353,0.662,0.534,-0.154,-0.238,0.692,0.664,-0.103,-0.07,0.879,0.46,0.164,-0.815,0.026,-0.555,0,0.001,0.001,0.001,0.001,0.001,0.043,0.027,0.001,0.001,0.001,0.006,0.001,0.012,0.16,0.187,0.432,0.001,0.001,0.001,0.001,0.001,0.085,0.214,0.418,0.254,0.37,0.001,0.001,0,0.001,0.001,0.245,0.304,0.289,0.369,0.001,0.484,0.505,0.735,0.867,0.342,0.05,0.252,0.131,0.841,-0.174,-0.51,-0.044,0.864,0.615,0.258,0,0,0.001,0.001,0.001,0.901,0.759,0.773,0,0,0,0.007,0.001,0,0.867,0.886,0.822,0.001,0,0.001,0,0.001,0,0.006,0.558,0.145,0.001,0,0.001,0.001,0.001,0,0.029,0.001,0,0.001,0,0,0,0.001,0.001,0,6.8,7.505
02:43.5,13051,0.021,-0.003,-0.749,-0.662,-0.345,0.086,-0.698,-0.621,0.369,0.365,0.662,0.54,-0.162,-0.237,0.701,0.653,-0.099,-0.069,0.88,0.46,0.164,-0.815,0.026,-0.555,0,0.001,0.001,0.001,0.001,0.001,0.043,0.027,0.001,0.001,0.001,0.006,0.001,0.012,0.16,0.187,0.432,0.001,0.001,0.001,0.001,0.001,0.085,0.214,0.418,0.254,0.37,0.001,0.001,0,0.001,0.001,0.245,0.304,0.289,0.369,0.001,0.484,0.505,0.735,0.867,0.342,0.05,0.252,0.131,0.841,-0.174,-0.51,-0.044,0.864,0.615,0.258,0,0,0.001,0.001,0.001,0.901,0.759,0.773,0,0,0,0.007,0.001,0,0.867,0.886,0.822,0.001,0,0.001,0,0.001,0,0.006,0.558,0.145,0.001,0,0.001,0.001,0.001,0,0.029,0.001,0,0.001,0,0,0,0.001,0.001,0,6.8,7.505
02:43.5,13052,0.026,-0.006,-0.745,-0.667,-0.339,0.091,-0.701,-0.62,0.351,0.375,0.661,0.547,-0.18,-0.24,0.709,0.639,-0.092,-0.068,0.88,0.462,0.164,-0.815,0.026,-0.555,0,0.001,0.001,0.001,0.001,0.001,0.043,0.027,0.001,0.001,0.001,0.006,0.001,0.012,0.16,0.187,0.432,0.001,0.001,0.001,0.001,0.001,0.085,0.214,0.418,0.254,0.37,0.001,0.001,0,0.001,0.001,0.245,0.304,0.289,0.369,0.001,0.484,0.505,0.735,0.867,0.342,0.05,0.252,0.131,0.841,-0.174,-0.51,-0.044,0.864,0.615,0.258,0,0,0.001,0.001,0.001,0.901,0.759,0.773,0,0,0,0.007,0.001,0,0.867,0.886,0.822,0.001,0,0.001,0,0.001,0,0.006,0.558,0.145,0.001,0,0.001,0.001,0.001,0,0.029,0.001,0,0.001,0,0,0,0.001,0.001,0,6.8,7.505
02:43.6,13053,0.03,-0.008,-0.742,-0.67,-0.334,0.1,-0.704,-0.618,0.339,0.381,0.661,0.55,-0.204,-0.247,0.714,0.622,-0.083,-0.068,0.879,0.465,0.164,-0.815,0.026,-0.555,0,0.001,0.001,0.001,0.001,0.001,0.043,0.027,0.001,0.001,0.001,0.006,0.001,0.012,0.16,0.187,0.432,0.001,0.001,0.001,0.001,0.001,0.085,0.214,0.418,0.254,0.37,0.001,0.001,0,0.001,0.001,0.245,0.304,0.289,0.369,0.001,0.484,0.505,0.735,0.867,0.342,0.05,0.252,0.131,0.841,-0.174,-0.51,-0.044,0.864,0.615,0.258,0,0,0.001,0.001,0.001,0.901,0.759,0.773,0,0,0,0.007,0.001,0,0.867,0.886,0.822,0.001,0,0.001,0,0.001,0,0.006,0.558,0.145,0.001,0,0.001,0.001,0.001,0,0.029,0.001,0,0.001,0,0,0,0.001,0.001,0,6.8,7.505
02:43.6,13054,0.034,-0.011,-0.738,-0.673,-0.332,0.11,-0.707,-0.615,0.334,0.386,0.663,0.548,-0.227,-0.253,0.717,0.609,-0.073,-0.068,0.878,0.468,0.164,-0.815,0.026,-0.555,0,0.001,0.001,0.001,0.001,0.001,0.043,0.027,0.001,0.001,0.001,0.006,0.001,0.012,0.16,0.187,0.432,0.001,0.001,0.001,0.001,0.001,0.085,0.214,0.418,0.254,0.37,0.001,0.001,0,0.001,0.001,0.245,0.304,0.289,0.369,0.001,0.484,0.505,0.735,0.867,0.342,0.05,0.252,0.131,0.841,-0.174,-0.51,-0.044,0.864,0.615,0.258,0,0,0.001,0.001,0.001,0.901,0.759,0.773,0,0,0,0.007,0.001,0,0.867,0.886,0.822,0.001,0,0.001,0,0.001,0,0.006,0.558,0.145,0.001,0,0.001,0.001,0.001,0,0.029,0.001,0,0.001,0,0,0,0.001,0.001,0,6.8,7.505
02:43.6,13055,0.038,-0.012,-0.735,-0.677,-0.334,0.121,-0.708,-0.61,0.332,0.393,0.663,0.544,-0.24,-0.258,0.716,0.603,-0.063,-0.069,0.877,0.47,0.164,-0.815,0.026,-0.555,0,0.001,0.001,0.001,0.001,0.001,0.043,0.027,0.001,0.001,0.001,0.006,0.001,0.012,0.16,0.187,0.432,0.001,0.001,0.001,0.001,0.001,0.085,0.214,0.418,0.254,0.37,0.001,0.001,0,0.001,0.001,0.245,0.304,0.289,0.369,0.001,0.484,0.505,0.735,0.867,0.342,0.05,0.252,0.131,0.824,-0.273,-0.476,-0.139,0.72,0.626,0.62,0.35,0.778,0.63,0.302,0.005,0.634,0.733,0.769,0.601,0.209,0.33,0.469,0.181,0,0.753,0.866,0.827,0.448,0.053,0.118,0.254,0.344,0.001,0.128,0.582,0.448,0.12,0.007,0.004,0.126,0.228,0.001,0.14,0,0.252,0.271,0,0.067,0.095,0.042,0.055,0.407,6.8,14.594
02:43.6,13056,0.042,-0.013,-0.732,-0.68,-0.341,0.131,-0.708,-0.605,0.329,0.4,0.661,0.543,-0.239,-0.264,0.712,0.605,-0.053,-0.07,0.877,0.472,0.28,-0.767,0.206,-0.539,0.001,0.001,0.001,0.001,0.001,0.001,0.045,0.031,0.001,0.001,0.001,0.002,0.001,0.004,0.153,0.2,0.465,0.001,0,0.001,0.001,0.001,0.065,0.2,0.327,0.245,0.364,0.001,0.001,0.001,0.001,0.002,0.238,0.25,0.277,0.37,0.001,0.474,0.449,0.669,0.845,0.284,0.042,0.234,0.133,0.82,-0.278,-0.478,-0.147,0.614,0.586,0.558,0.198,0.538,0.311,0.062,0.007,0.635,0.733,0.761,0.579,0.177,0.3,0.284,0.138,0,0.794,0.863,0.835,0.508,0.07,0.11,0.241,0.381,0,0.018,0.601,0.491,0.208,0.018,0.002,0.261,0.419,0,0.083,0,0.503,0.568,0.06,0.107,0.455,0.383,0.519,0.821,6.387,15.8
02:43.6,13057,0.046,-0.014,-0.728,-0.683,-0.351,0.139,-0.708,-0.597,0.325,0.408,0.657,0.544,-0.228,-0.267,0.708,0.612,-0.046,-0.071,0.877,0.473,0.298,-0.755,0.218,-0.542,0.001,0.001,0.001,0.001,0.001,0.001,0.001,0.001,0,0.001,0.001,0.001,0.001,0.001,0.001,0.001,0.001,0.001,0.032,0.017,0,0.001,0.001,0.001,0.053,0.001,0.053,0.001,0.001,0.001,0.001,0.001,0.001,0.015,0.028,0.063,0.001,0.001,0.029,0.001,0.001,0.001,0.001,0.001,0.001,0.814,-0.286,-0.48,-0.157,0.629,0.592,0.556,0.194,0.53,0.291,0.059,0.007,0.614,0.735,0.763,0.579,0.167,0.293,0.278,0.133,0.001,0.766,0.862,0.835,0.496,0.053,0.099,0.236,0.38,0.001,0.013,0.592,0.485,0.19,0.002,0.002,0.256,0.415,0,0.068,0,0.521,0.591,0.056,0.114,0.476,0.398,0.526,0.811,0.325,15.665
02:43.6,13058,0.05,-0.014,-0.725,-0.687,-0.365,0.144,-0.708,-0.587,0.322,0.414,0.652,0.547,-0.214,-0.267,0.707,0.619,-0.041,-0.071,0.877,0.473,0.298,-0.755,0.218,-0.542,0.001,0.001,0.001,0.001,0.001,0.001,0.001,0.001,0,0.001,0.001,0.001,0.001,0.001,0.001,0.001,0.001,0.001,0.032,0.017,0,0.001,0.001,0.001,0.053,0.001,0.053,0.001,0.001,0.001,0.001,0.001,0.001,0.015,0.028,0.063,0.001,0.001,0.029,0.001,0.001,0.001,0.001,0.001,0.001,0.808,-0.294,-0.483,-0.166,0.63,0.598,0.558,0.193,0.516,0.28,0.049,0.006,0.612,0.736,0.764,0.575,0.153,0.284,0.274,0.128,0.001,0.753,0.862,0.833,0.463,0.046,0.101,0.227,0.376,0,0.007,0.581,0.476,0.176,0.013,0.002,0.255,0.414,0.001,0.059,0,0.558,0.629,0.057,0.105,0.496,0.409,0.553,0.81,0.325,15.619
02:43.6,13059,0.053,-0.013,-0.721,-0.69,-0.379,0.149,-0.706,-0.58,0.32,0.42,0.647,0.55,-0.201,-0.264,0.707,0.624,-0.039,-0.071,0.877,0.473,0.298,-0.755,0.218,-0.542,0.001,0.001,0.001,0.001,0.001,0.001,0.001,0.001,0,0.001,0.001,0.001,0.001,0.001,0.001,0.001,0.001,0.001,0.032,0.017,0,0.001,0.001,0.001,0.053,0.001,0.053,0.001,0.001,0.001,0.001,0.001,0.001,0.015,0.028,0.063,0.001,0.001,0.029,0.001,0.001,0.001,0.001,0.001,0.001,0.8,-0.306,-0.485,-0.179,0.642,0.602,0.559,0.188,0.504,0.274,0.045,0.007,0.604,0.737,0.766,0.571,0.147,0.271,0.267,0.128,0,0.745,0.86,0.832,0.455,0.044,0.093,0.228,0.374,0,0.007,0.575,0.47,0.171,0.016,0.002,0.26,0.415,0.001,0.055,0.001,0.571,0.646,0.067,0.103,0.521,0.42,0.571,0.822,0.325,15.637
02:43.6,13060,0.056,-0.011,-0.717,-0.694,-0.393,0.151,-0.702,-0.574,0.32,0.424,0.642,0.552,-0.196,-0.261,0.71,0.624,-0.038,-0.07,0.877,0.473,0.298,-0.755,0.218,-0.542,0.001,0.001,0.001,0.001,0.001,0.001,0.001,0.001,0,0.001,0.001,0.001,0.001,0.001,0.001,0.001,0.001,0.001,0.032,0.017,0,0.001,0.001,0.001,0.053,0.001,0.053,0.001,0.001,0.001,0.001,0.001,0.001,0.015,0.028,0.063,0.001,0.001,0.029,0.001,0.001,0.001,0.001,0.001,0.001,0.793,-0.316,-0.484,-0.189,0.647,0.604,0.559,0.186,0.487,0.26,0.043,0.007,0.609,0.739,0.766,0.571,0.147,0.274,0.263,0.126,0,0.741,0.857,0.832,0.453,0.048,0.082,0.221,0.371,0,0.007,0.573,0.469,0.158,0.016,0.004,0.263,0.42,0.001,0.054,0,0.591,0.663,0.088,0.101,0.551,0.438,0.617,0.842,0.325,15.749
02:43.6,13061,0.058,-0.01,-0.713,-0.698,-0.41,0.151,-0.698,-0.568,0.32,0.428,0.639,0.553,-0.2,-0.259,0.713,0.62,-0.04,-0.068,0.877,0.474,0.298,-0.755,0.218,-0.542,0.001,0.001,0.001,0.001,0.001,0.001,0.001,0.001,0,0.001,0.001,0.001,0.001,0.001,0.001,0.001,0.001,0.001,0.032,0.017,0,0.001,0.001,0.001,0.053,0.001,0.053,0.001,0.001,0.001,0.001,0.001,0.001,0.015,0.028,0.063,0.001,0.001,0.029,0.001,0.001,0.001,0.001,0.001,0.001,0.793,-0.316,-0.484,-0.189,0.647,0.604,0.559,0.186,0.487,0.26,0.043,0.007,0.609,0.739,0.766,0.571,0.147,0.274,0.263,0.126,0,0.741,0.857,0.832,0.453,0.048,0.082,0.221,0.371,0,0.007,0.573,0.469,0.158,0.016,0.004,0.263,0.42,0.001,0.054,0,0.591,0.663,0.088,0.101,0.551,0.438,0.617,0.842,0.325,15.749
02:43.7,13062,0.059,-0.007,-0.709,-0.702,-0.426,0.148,-0.692,-0.564,0.32,0.432,0.637,0.552,-0.21,-0.26,0.716,0.613,-0.041,-0.067,0.877,0.474,0.298,-0.755,0.218,-0.542,0.001,0.001,0.001,0.001,0.001,0.001,0.001,0.001,0,0.001,0.001,0.001,0.001,0.001,0.001,0.001,0.001,0.001,0.032,0.017,0,0.001,0.001,0.001,0.053,0.001,0.053,0.001,0.001,0.001,0.001,0.001,0.001,0.015,0.028,0.063,0.001,0.001,0.029,0.001,0.001,0.001,0.001,0.001,0.001,0.793,-0.316,-0.484,-0.189,0.647,0.604,0.559,0.186,0.487,0.26,0.043,0.007,0.609,0.739,0.766,0.571,0.147,0.274,0.263,0.126,0,0.741,0.857,0.832,0.453,0.048,0.082,0.221,0.371,0,0.007,0.573,0.469,0.158,0.016,0.004,0.263,0.42,0.001,0.054,0,0.591,0.663,0.088,0.101,0.551,0.438,0.617,0.842,0.325,15.749
02:43.7,13063,0.059,-0.005,-0.706,-0.706,-0.44,0.143,-0.687,-0.56,0.319,0.436,0.636,0.551,-0.221,-0.264,0.718,0.605,-0.042,-0.066,0.877,0.473,0.258,-0.752,0.29,-0.533,0.001,0.001,0.001,0.001,0.001,0.001,0.001,0.001,0,0.001,0.001,0.001,0.001,0.001,0.001,0.001,0.001,0.001,0.032,0.017,0,0.001,0.001,0.001,0.053,0.001,0.053,0.001,0.001,0.001,0.001,0.001,0.001,0.015,0.028,0.063,0.001,0.001,0.029,0.001,0.001,0.001,0.001,0.001,0.001,0.793,-0.316,-0.484,-0.189,0.647,0.604,0.559,0.186,0.487,0.26,0.043,0.007,0.609,0.739,0.766,0.571,0.147,0.274,0.263,0.126,0,0.741,0.857,0.832,0.453,0.048,0.082,0.221,0.371,0,0.007,0.573,0.469,0.158,0.016,0.004,0.263,0.42,0.001,0.054,0,0.591,0.663,0.088,0.101,0.551,0.438,0.617,0.842,0.325,15.749
02:43.7,13064,0.059,-0.004,-0.702,-0.71,-0.45,0.141,-0.681,-0.559,0.317,0.441,0.636,0.549,-0.228,-0.27,0.718,0.6,-0.043,-0.066,0.878,0.472,0.251,-0.755,0.294,-0.53,0.001,0.001,0.001,0.001,0.001,0.001,0.001,0.001,0.001,0.001,0.001,0.001,0.001,0.001,0.001,0.001,0.001,0.001,0.001,0.001,0.001,0.001,0.001,0.001,0.022,0.001,0,0.001,0.001,0.001,0.001,0.001,0.001,0.005,0.001,0.001,0.001,0.001,0.001,0.001,0.001,0.001,0.001,0.001,0.001,0.793,-0.316,-0.484,-0.189,0.647,0.604,0.559,0.186,0.487,0.26,0.043,0.007,0.609,0.739,0.766,0.571,0.147,0.274,0.263,0.126,0,0.741,0.857,0.832,0.453,0.048,0.082,0.221,0.371,0,0.007,0.573,0.469,0.158,0.016,0.004,0.263,0.42,0.001,0.054,0,0.591,0.663,0.088,0.101,0.551,0.438,0.617,0.842,0.069,15.749
02:43.7,13065,0.058,-0.004,-0.699,-0.713,-0.454,0.142,-0.675,-0.564,0.311,0.446,0.636,0.547,-0.23,-0.276,0.715,0.599,-0.042,-0.066,0.879,0.471,0.253,-0.757,0.289,-0.528,0.001,0.001,0.001,0.001,0.001,0.001,0.001,0.001,0.001,0.001,0.001,0.001,0.001,0.001,0.001,0.001,0.001,0.001,0.001,0.001,0.001,0.001,0.001,0.001,0.021,0.001,0.001,0.001,0.001,0.001,0.001,0.001,0.001,0.006,0.001,0.001,0.001,0.001,0.001,0.001,0.001,0.001,0.001,0.001,0.001,0.793,-0.316,-0.484,-0.189,0.647,0.604,0.559,0.186,0.487,0.26,0.043,0.007,0.609,0.739,0.766,0.571,0.147,0.274,0.263,0.126,0,0.741,0.857,0.832,0.453,0.048,0.082,0.221,0.371,0,0.007,0.573,0.469,0.158,0.016,0.004,0.263,0.42,0.001,0.054,0,0.591,0.663,0.088,0.101,0.551,0.438,0.617,0.842,0.07,15.749
02:43.7,13066,0.058,-0.004,-0.697,-0.715,-0.456,0.142,-0.669,-0.57,0.305,0.45,0.637,0.547,-0.227,-0.282,0.712,0.601,-0.04,-0.066,0.88,0.469,0.262,-0.758,0.275,-0.531,0.001,0.001,0.001,0.001,0.001,0.001,0.001,0.001,0.001,0.001,0.001,0.001,0.001,0.001,0.001,0.001,0.001,0,0.001,0.001,0.001,0.001,0.001,0.001,0.022,0.001,0.001,0.001,0.001,0.001,0.001,0.001,0.001,0.006,0.001,0.001,0.001,0.001,0.001,0.001,0.001,0.001,0.001,0.001,0.001,0.742,-0.403,-0.456,-0.28,0.647,0.603,0.56,0.186,0.488,0.26,0.043,0.006,0.611,0.737,0.764,0.57,0.148,0.274,0.26,0.126,0.001,0.741,0.857,0.832,0.458,0.049,0.081,0.221,0.37,0,0.006,0.574,0.469,0.155,0.016,0.004,0.265,0.42,0,0.054,0.001,0.591,0.67,0.09,0.101,0.553,0.44,0.613,0.849,0.07,15.764
