timestamp,packet_counter,right_thigh_q1,right_thigh_q2,right_thigh_q3,right_thigh_q4,right_calf_q1,right_calf_q2,right_calf_q3,right_calf_q4,left_thigh_q1,left_thigh_q2,left_thigh_q3,left_thigh_q4,left_calf_q1,left_calf_q2,left_calf_q3,left_calf_q4,trunk_q1,trunk_q2,trunk_q3,trunk_q4,right_foot_q0,right_foot_q1,right_foot_q2,right_foot_q3,right_pressure0,right_pressure1,right_pressure2,right_pressure3,right_pressure4,right_pressure5,right_pressure6,right_pressure7,right_pressure8,right_pressure9,right_pressure10,right_pressure11,right_pressure12,right_pressure13,right_pressure14,right_pressure15,right_pressure16,right_pressure17,right_pressure18,right_pressure19,right_pressure20,right_pressure21,right_pressure22,right_pressure23,right_pressure24,right_pressure25,right_pressure26,right_pressure27,right_pressure28,right_pressure29,right_pressure30,right_pressure31,right_pressure32,right_pressure33,right_pressure34,right_pressure35,right_pressure36,right_pressure37,right_pressure38,right_pressure39,right_pressure40,right_pressure41,right_pressure42,right_pressure43,right_pressure44,left_foot_q0,left_foot_q1,left_foot_q2,left_foot_q3,left_pressure0,left_pressure1,left_pressure2,left_pressure3,left_pressure4,left_pressure5,left_pressure6,left_pressure7,left_pressure8,left_pressure9,left_pressure10,left_pressure11,left_pressure12,left_pressure13,left_pressure14,left_pressure15,left_pressure16,left_pressure17,left_pressure18,left_pressure19,left_pressure20,left_pressure21,left_pressure22,left_pressure23,left_pressure24,left_pressure25,left_pressure26,left_pressure27,left_pressure28,left_pressure29,left_pressure30,left_pressure31,left_pressure32,left_pressure33,left_pressure34,left_pressure35,left_pressure36,left_pressure37,left_pressure38,left_pressure39,left_pressure40,left_pressure41,left_pressure42,left_pressure43,left_pressure44,right_pressure_sum,left_pressure_sum
01:06.2,3643,0.371,0.532,-0.612,-0.452,0.564,0.551,0.496,0.364,0.714,0.68,0.15,-0.078,0.075,-0.114,0.667,0.733,0.353,0.715,0.483,0.363,0.073,0.744,-0.086,0.658,0.055,0.082,0.259,0.016,0.521,0.294,0.153,0.043,0.059,0.342,0.499,0.275,0.32,0.372,0.254,0.293,0.204,0.15,0.576,0.613,0.46,0.294,0.342,0.413,0.678,0.238,0.377,0.337,0.353,0.171,0.013,0.359,0.521,0.626,0.254,0.121,0.167,0.777,0.835,1.131,0.864,0.626,0.131,0.385,0.034,0.338,-0.592,-0.488,-0.545,0,0.001,0.001,0.001,0.001,0.001,0,0,0,0.001,0,0,0,0,0,0,0,0,0,0,0,0,0.001,0,0,0.001,0.002,0,0,0,0,0,0,0,0,0.073,0.001,0,0.001,0,0,0.001,0,0.001,0,15.887,0.087
01:06.2,3644,0.368,0.531,-0.613,-0.455,0.566,0.548,0.499,0.362,0.713,0.682,0.145,-0.073,0.08,-0.109,0.667,0.733,0.353,0.717,0.481,0.361,0.073,0.744,-0.086,0.658,0.055,0.082,0.259,0.016,0.521,0.294,0.153,0.043,0.059,0.342,0.499,0.275,0.32,0.372,0.254,0.293,0.204,0.15,0.576,0.613,0.46,0.294,0.342,0.413,0.678,0.238,0.377,0.337,0.353,0.171,0.013,0.359,0.521,0.626,0.254,0.121,0.167,0.777,0.835,1.131,0.864,0.626,0.131,0.385,0.034,0.348,-0.587,-0.488,-0.544,0,0,0,0,0.001,0,0,0,0,0.001,0.001,0,0.001,0,0.001,0.001,0.001,0,0.004,0,0,0.001,0.001,0,0.001,0,0.001,0,0.001,0.001,0,0,0,0,0,0.074,0,0.001,0.001,0.001,0,0,0,0.001,0,15.887,0.095
01:06.2,3645,0.365,0.53,-0.613,-0.459,0.568,0.546,0.501,0.359,0.713,0.684,0.14,-0.07,0.086,-0.102,0.667,0.733,0.352,0.719,0.479,0.36,0.073,0.744,-0.086,0.658,0.055,0.082,0.259,0.016,0.521,0.294,0.153,0.043,0.059,0.342,0.499,0.275,0.32,0.372,0.254,0.293,0.204,0.15,0.576,0.613,0.46,0.294,0.342,0.413,0.678,0.238,0.377,0.337,0.353,0.171,0.013,0.359,0.521,0.626,0.254,0.121,0.167,0.777,0.835,1.131,0.864,0.626,0.131,0.385,0.034,0.357,-0.586,-0.483,-0.544,0,0,0,0,0,0.001,0.001,0,0,0.166,0.035,0,0,0,0,0.001,0,0.001,0.088,0.005,0,0,0,0.001,0.001,0.001,0.002,0.001,0.001,0,0,0,0,0,0.001,0.068,0,0,0,0.001,0,0,0.001,0,0,15.887,0.376
01:06.3,3646,0.361,0.528,-0.613,-0.464,0.571,0.543,0.503,0.356,0.711,0.686,0.134,-0.068,0.09,-0.093,0.668,0.732,0.351,0.721,0.477,0.359,0.014,0.78,-0.047,0.624,0.001,0.001,0.001,0,0.105,0.001,0.071,0.037,0.001,0.001,0.062,0.001,0.007,0.095,0.187,0.248,0.266,0.001,0.005,0.026,0.001,0.001,0.101,0.402,0.602,0.302,0.347,0,0.001,0.001,0.001,0.33,0.538,0.626,0.336,0.275,0.214,0.841,0.956,1.209,1.101,0.761,0.258,0.405,0.034,0.362,-0.599,-0.471,-0.537,0,0.054,0,0.001,0,0,0,0,0.001,0.432,0.06,0.001,0,0,0.001,0,0,0,0.531,0.024,0,0,0,0,0,0,0,0,0.001,0.001,0.001,0.001,0,0,0,0.054,0,0,0,0,0,0,0.001,0,0,10.76,1.164
01:06.3,3647,0.357,0.526,-0.613,-0.468,0.573,0.541,0.504,0.353,0.71,0.689,0.129,-0.068,0.092,-0.084,0.671,0.73,0.35,0.724,0.475,0.358,0.014,0.78,-0.047,0.624,0.001,0.001,0.001,0,0.105,0.001,0.071,0.037,0.001,0.001,0.062,0.001,0.007,0.095,0.187,0.248,0.266,0.001,0.005,0.026,0.001,0.001,0.101,0.402,0.602,0.302,0.347,0,0.001,0.001,0.001,0.33,0.538,0.626,0.336,0.275,0.214,0.841,0.956,1.209,1.101,0.761,0.258,0.405,0.034,0.376,-0.6,-0.467,-0.529,0.176,0.168,0.001,0,0.001,0,0.001,0,0.363,0.499,0.066,0.001,0.001,0,0.001,0,0,0.149,0.683,0.031,0.001,0,0,0,0,0,0.001,0,0.001,0,0,0,0.001,0,0,0.056,0.001,0.001,0.001,0.001,0,0,0,0,0,10.76,2.205
01:06.3,3648,0.354,0.524,-0.614,-0.473,0.576,0.538,0.505,0.35,0.708,0.692,0.122,-0.067,0.092,-0.076,0.675,0.728,0.349,0.726,0.473,0.357,0.014,0.78,-0.047,0.624,0.001,0.001,0.001,0,0.105,0.001,0.071,0.037,0.001,0.001,0.062,0.001,0.007,0.095,0.187,0.248,0.266,0.001,0.005,0.026,0.001,0.001,0.101,0.402,0.602,0.302,0.347,0,0.001,0.001,0.001,0.33,0.538,0.626,0.336,0.275,0.214,0.841,0.956,1.209,1.101,0.761,0.258,0.405,0.034,0.376,-0.6,-0.467,-0.529,0.176,0.168,0.001,0,0.001,0,0.001,0,0.363,0.499,0.066,0.001,0.001,0,0.001,0,0,0.149,0.683,0.031,0.001,0,0,0,0,0,0.001,0,0.001,0,0,0,0.001,0,0,0.056,0.001,0.001,0.001,0.001,0,0,0,0,0,10.76,2.205
01:06.3,3649,0.351,0.521,-0.614,-0.477,0.579,0.536,0.506,0.348,0.706,0.695,0.113,-0.067,0.089,-0.074,0.678,0.726,0.348,0.727,0.472,0.356,0.014,0.78,-0.047,0.624,0.001,0.001,0.001,0,0.105,0.001,0.071,0.037,0.001,0.001,0.062,0.001,0.007,0.095,0.187,0.248,0.266,0.001,0.005,0.026,0.001,0.001,0.101,0.402,0.602,0.302,0.347,0,0.001,0.001,0.001,0.33,0.538,0.626,0.336,0.275,0.214,0.841,0.956,1.209,1.101,0.761,0.258,0.405,0.034,0.376,-0.6,-0.467,-0.529,0.176,0.168,0.001,0,0.001,0,0.001,0,0.363,0.499,0.066,0.001,0.001,0,0.001,0,0,0.149,0.683,0.031,0.001,0,0,0,0,0,0.001,0,0.001,0,0,0,0.001,0,0,0.056,0.001,0.001,0.001,0.001,0,0,0,0,0,10.76,2.205
01:06.3,3650,0.348,0.518,-0.615,-0.482,0.582,0.534,0.507,0.345,0.705,0.698,0.104,-0.065,0.084,-0.078,0.679,0.725,0.348,0.729,0.471,0.355,0.014,0.78,-0.047,0.624,0.001,0.001,0.001,0,0.105,0.001,0.071,0.037,0.001,0.001,0.062,0.001,0.007,0.095,0.187,0.248,0.266,0.001,0.005,0.026,0.001,0.001,0.101,0.402,0.602,0.302,0.347,0,0.001,0.001,0.001,0.33,0.538,0.626,0.336,0.275,0.214,0.841,0.956,1.209,1.101,0.761,0.258,0.405,0.034,0.376,-0.6,-0.467,-0.529,0.176,0.168,0.001,0,0.001,0,0.001,0,0.363,0.499,0.066,0.001,0.001,0,0.001,0,0,0.149,0.683,0.031,0.001,0,0,0,0,0,0.001,0,0.001,0,0,0,0.001,0,0,0.056,0.001,0.001,0.001,0.001,0,0,0,0,0,10.76,2.205
01:06.3,3651,0.346,0.515,-0.616,-0.485,0.585,0.532,0.507,0.343,0.704,0.701,0.093,-0.062,0.08,-0.085,0.677,0.726,0.347,0.73,0.471,0.353,0.014,0.78,-0.047,0.624,0.001,0.001,0.001,0,0.105,0.001,0.071,0.037,0.001,0.001,0.062,0.001,0.007,0.095,0.187,0.248,0.266,0.001,0.005,0.026,0.001,0.001,0.101,0.402,0.602,0.302,0.347,0,0.001,0.001,0.001,0.33,0.538,0.626,0.336,0.275,0.214,0.841,0.956,1.209,1.101,0.761,0.258,0.405,0.034,0.376,-0.6,-0.467,-0.529,0.176,0.168,0.001,0,0.001,0,0.001,0,0.363,0.499,0.066,0.001,0.001,0,0.001,0,0,0.149,0.683,0.031,0.001,0,0,0,0,0,0.001,0,0.001,0,0,0,0.001,0,0,0.056,0.001,0.001,0.001,0.001,0,0,0,0,0,10.76,2.205
01:06.3,3652,0.344,0.512,-0.618,-0.488,0.588,0.531,0.507,0.34,0.704,0.703,0.082,-0.056,0.077,-0.09,0.675,0.728,0.347,0.731,0.47,0.352,0.014,0.78,-0.047,0.624,0.001,0.001,0.001,0,0.105,0.001,0.071,0.037,0.001,0.001,0.062,0.001,0.007,0.095,0.187,0.248,0.266,0.001,0.005,0.026,0.001,0.001,0.101,0.402,0.602,0.302,0.347,0,0.001,0.001,0.001,0.33,0.538,0.626,0.336,0.275,0.214,0.841,0.956,1.209,1.101,0.761,0.258,0.405,0.034,0.376,-0.6,-0.467,-0.529,0.176,0.168,0.001,0,0.001,0,0.001,0,0.363,0.499,0.066,0.001,0.001,0,0.001,0,0,0.149,0.683,0.031,0.001,0,0,0,0,0,0.001,0,0.001,0,0,0,0.001,0,0,0.056,0.001,0.001,0.001,0.001,0,0,0,0,0,10.76,2.205
01:06.3,3653,0.344,0.509,-0.619,-0.49,0.591,0.529,0.507,0.337,0.706,0.703,0.072,-0.049,0.072,-0.095,0.675,0.728,0.346,0.732,0.47,0.351,-0.033,0.797,-0.06,0.601,0.001,0.001,0.001,0.001,0.106,0.001,0.068,0.037,0.001,0.001,0.067,0.001,0.009,0.092,0.184,0.247,0.266,0.001,0.006,0.027,0.001,0.001,0.09,0.402,0.601,0.304,0.349,0.001,0.001,0.001,0.001,0.321,0.541,0.629,0.338,0.271,0.211,0.844,0.96,1.208,1.098,0.767,0.258,0.404,0.034,0.467,-0.586,-0.486,-0.449,0.176,0.168,0.001,0,0.001,0,0.001,0,0.363,0.499,0.066,0.001,0.001,0,0.001,0,0,0.149,0.683,0.031,0.001,0,0,0,0,0,0.001,0,0.001,0,0,0,0.001,0,0,0.056,0.001,0.001,0.001,0.001,0,0,0,0,0,10.754,2.205
01:06.3,3654,0.344,0.506,-0.62,-0.491,0.595,0.527,0.506,0.334,0.708,0.702,0.064,-0.042,0.065,-0.101,0.676,0.727,0.345,0.732,0.471,0.351,-0.038,0.798,-0.066,0.598,0.001,0.001,0.001,0.001,0.001,0.001,0.012,0.029,0.001,0.001,0.005,0.001,0.001,0.001,0.104,0.136,0.366,0.001,0.001,0.001,0.001,0.001,0,0.194,0.359,0.366,0.341,0.001,0.001,0.001,0.001,0.072,0.36,0.582,0.369,0.317,0.001,1.001,1.182,1.166,1.2,1.043,0.381,0.357,0.01,0.467,-0.586,-0.486,-0.449,0.176,0.168,0.001,0,0.001,0,0.001,0,0.363,0.499,0.066,0.001,0.001,0,0.001,0,0,0.149,0.683,0.031,0.001,0,0,0,0,0,0.001,0,0.001,0,0,0,0.001,0,0,0.056,0.001,0.001,0.001,0.001,0,0,0,0,0,9.973,2.205
01:06.3,3655,0.345,0.503,-0.621,-0.492,0.599,0.526,0.505,0.332,0.71,0.7,0.059,-0.036,0.058,-0.108,0.676,0.726,0.343,0.732,0.472,0.351,-0.045,0.799,-0.073,0.595,0.001,0.001,0.001,0.001,0.001,0.001,0.01,0.027,0.001,0.001,0.001,0.001,0.001,0.001,0.067,0.11,0.376,0,0.001,0.001,0.001,0.001,0.001,0.178,0.304,0.361,0.346,0.001,0.001,0.001,0.001,0.068,0.311,0.579,0.371,0.31,0.001,0.973,1.227,1.153,1.192,0.994,0.386,0.352,0.009,0.467,-0.586,-0.486,-0.449,0.176,0.168,0.001,0,0.001,0,0.001,0,0.363,0.499,0.066,0.001,0.001,0,0.001,0,0,0.149,0.683,0.031,0.001,0,0,0,0,0,0.001,0,0.001,0,0,0,0.001,0,0,0.056,0.001,0.001,0.001,0.001,0,0,0,0,0,9.726,2.205
01:06.4,3656,0.348,0.501,-0.621,-0.492,0.602,0.525,0.503,0.331,0.711,0.699,0.059,-0.032,0.053,-0.114,0.676,0.726,0.34,0.732,0.473,0.352,-0.053,0.799,-0.086,0.592,0.001,0.001,0.001,0.001,0.001,0.001,0.01,0.026,0.001,0.001,0.001,0.001,0.001,0.001,0.045,0.105,0.379,0.001,0.001,0.001,0.001,0.001,0.001,0.172,0.276,0.35,0.352,0.001,0.001,0.001,0.001,0.059,0.278,0.546,0.377,0.306,0.001,0.929,1.261,1.148,1.175,1.031,0.372,0.348,0.009,0.467,-0.586,-0.486,-0.449,0.176,0.168,0.001,0,0.001,0,0.001,0,0.363,0.499,0.066,0.001,0.001,0,0.001,0,0,0.149,0.683,0.031,0.001,0,0,0,0,0,0.001,0,0.001,0,0,0,0.001,0,0,0.056,0.001,0.001,0.001,0.001,0,0,0,0,0,9.577,2.205
01:06.4,3657,0.351,0.498,-0.622,-0.493,0.604,0.524,0.501,0.331,0.71,0.701,0.063,-0.027,0.052,-0.118,0.674,0.727,0.339,0.731,0.475,0.354,-0.058,0.799,-0.096,0.591,0.001,0.001,0.001,0.001,0.001,0.001,0.01,0.024,0.001,0.001,0.001,0.001,0.001,0.001,0.039,0.103,0.365,0.001,0.001,0.001,0.001,0.001,0.001,0.162,0.255,0.317,0.358,0.001,0.001,0.001,0.001,0.049,0.254,0.512,0.38,0.294,0.001,0.842,1.278,1.159,1.162,1.138,0.361,0.348,0.007,0.467,-0.586,-0.486,-0.449,0.176,0.168,0.001,0,0.001,0,0.001,0,0.363,0.499,0.066,0.001,0.001,0,0.001,0,0,0.149,0.683,0.031,0.001,0,0,0,0,0,0.001,0,0.001,0,0,0,0.001,0,0,0.056,0.001,0.001,0.001,0.001,0,0,0,0,0,9.44,2.205
01:06.4,3658,0.355,0.495,-0.621,-0.493,0.607,0.524,0.498,0.331,0.706,0.704,0.069,-0.02,0.054,-0.121,0.672,0.729,0.338,0.73,0.476,0.355,-0.066,0.797,-0.113,0.589,0.001,0.001,0.001,0.001,0.001,0.001,0.01,0.028,0.001,0.001,0.001,0.001,0.001,0.001,0.053,0.098,0.358,0.001,0.001,0.001,0.001,0.001,0.001,0.165,0.231,0.295,0.349,0.001,0.001,0.001,0.001,0.048,0.237,0.497,0.375,0.292,0.001,0.79,1.293,1.155,1.144,1.149,0.308,0.355,0.005,0.467,-0.586,-0.486,-0.449,0.176,0.168,0.001,0,0.001,0,0.001,0,0.363,0.499,0.066,0.001,0.001,0,0.001,0,0,0.149,0.683,0.031,0.001,0,0,0,0,0,0.001,0,0.001,0,0,0,0.001,0,0,0.056,0.001,0.001,0.001,0.001,0,0,0,0,0,9.258,2.205
01:06.4,3659,0.359,0.491,-0.621,-0.494,0.61,0.524,0.495,0.329,0.701,0.709,0.078,-0.01,0.058,-0.124,0.671,0.729,0.337,0.73,0.477,0.355,-0.072,0.795,-0.128,0.588,0.001,0.001,0.001,0.001,0.001,0.001,0.009,0.032,0.001,0.001,0.001,0,0.001,0.001,0.056,0.107,0.359,0.001,0.001,0.001,0.001,0.001,0.001,0.166,0.222,0.282,0.328,0.001,0.001,0.001,0.001,0.054,0.249,0.455,0.342,0.258,0.001,0.739,1.261,1.153,1.148,1.09,0.28,0.372,0.005,0.467,-0.586,-0.486,-0.449,0.176,0.168,0.001,0,0.001,0,0.001,0,0.363,0.499,0.066,0.001,0.001,0,0.001,0,0,0.149,0.683,0.031,0.001,0,0,0,0,0,0.001,0,0.001,0,0,0,0.001,0,0,0.056,0.001,0.001,0.001,0.001,0,0,0,0,0,8.989,2.205
01:06.4,3660,0.364,0.487,-0.621,-0.495,0.613,0.525,0.492,0.327,0.696,0.713,0.086,0.003,0.063,-0.126,0.672,0.727,0.337,0.729,0.479,0.355,-0.079,0.792,-0.149,0.587,0.001,0.001,0.001,0.001,0.001,0,0.007,0.044,0.001,0.001,0.001,0.001,0.001,0.001,0.068,0.133,0.342,0.001,0.001,0.001,0.001,0.001,0.001,0.171,0.22,0.247,0.328,0.001,0.001,0.001,0.001,0.051,0.272,0.418,0.316,0.216,0.001,0.694,1.128,1.139,1.154,0.996,0.21,0.426,0.026,0.473,-0.604,-0.524,-0.371,0.868,0.659,0.004,0,0,0,0.001,0,0.891,0.759,0.548,0,0,0,0,0.001,0,0.684,0.868,0.389,0,0.001,0.001,0,0.001,0,0,0.219,0.001,0.001,0,0,0,0.001,0.001,0.026,0,0.001,0,0.001,0.001,0,0.001,0,0,8.628,5.928
01:06.4,3661,0.369,0.482,-0.62,-0.496,0.616,0.526,0.489,0.324,0.693,0.715,0.095,0.017,0.068,-0.128,0.675,0.723,0.337,0.728,0.481,0.353,-0.085,0.789,-0.165,0.586,0.001,0.001,0.001,0.001,0.001,0.001,0.007,0.038,0.001,0.001,0.001,0.001,0.001,0.001,0.063,0.182,0.337,0.001,0.001,0.001,0.001,0.001,0.001,0.183,0.236,0.252,0.314,0.001,0.001,0.001,0.001,0.028,0.275,0.363,0.317,0.2,0.001,0.667,0.855,1.109,1.177,0.893,0.132,0.396,0.043,0.463,-0.618,-0.514,-0.373,1.044,0.852,0.675,0.001,0.001,0,0.001,0.001,0.9,0.819,0.803,0,0.001,0,0,0.001,0,0.573,0.866,0.576,0,0.001,0,0.001,0.001,0,0,0.21,0.002,0,0.001,0.001,0,0,0.001,0.013,0.001,0,0,0.001,0,0,0,0.001,0,8.09,7.348
01:06.4,3662,0.375,0.477,-0.62,-0.498,0.62,0.528,0.485,0.319,0.69,0.716,0.104,0.03,0.071,-0.128,0.68,0.719,0.339,0.727,0.483,0.351,-0.096,0.786,-0.18,0.583,0.001,0.001,0.001,0.001,0.001,0.001,0.005,0.027,0.001,0.001,0.002,0.001,0.001,0.001,0.068,0.215,0.336,0.001,0.001,0.001,0.001,0.001,0.001,0.204,0.216,0.241,0.337,0.001,0.001,0.001,0.001,0.011,0.289,0.308,0.325,0.212,0.001,0.641,0.617,1.029,1.176,0.737,0.062,0.389,0.062,0.455,-0.632,-0.502,-0.376,1.043,0.839,0.752,0.001,0.001,0.001,0.001,0,0.897,0.808,0.825,0,0,0.001,0,0,0,0.585,0.872,0.626,0.001,0.001,0,0,0,0.001,0.001,0.261,0.024,0.001,0.001,0,0,0,0.001,0.012,0.001,0,0,0,0.001,0,0,0,0.001,7.531,7.559
01:06.4,3663,0.381,0.47,-0.619,-0.5,0.623,0.53,0.482,0.313,0.687,0.717,0.114,0.042,0.072,-0.128,0.685,0.714,0.342,0.726,0.485,0.348,-0.096,0.786,-0.18,0.583,0.001,0.001,0.001,0.001,0.001,0.001,0.005,0.027,0.001,0.001,0.002,0.001,0.001,0.001,0.068,0.215,0.336,0.001,0.001,0.001,0.001,0.001,0.001,0.204,0.216,0.241,0.337,0.001,0.001,0.001,0.001,0.011,0.289,0.308,0.325,0.212,0.001,0.641,0.617,1.029,1.176,0.737,0.062,0.389,0.062,0.448,-0.646,-0.487,-0.381,1.042,0.823,0.779,0.001,0.007,0,0.001,0,0.895,0.805,0.844,0.001,0.001,0.001,0.011,0.001,0,0.592,0.874,0.651,0.001,0,0.001,0,0.001,0,0,0.295,0.056,0,0.001,0.001,0.001,0,0.001,0.012,0,0.001,0,0,0,0,0.001,0.001,0,7.531,7.702
01:06.4,3664,0.387,0.462,-0.619,-0.503,0.626,0.532,0.48,0.307,0.683,0.717,0.124,0.051,0.069,-0.129,0.689,0.709,0.345,0.725,0.488,0.343,-0.096,0.786,-0.18,0.583,0.001,0.001,0.001,0.001,0.001,0.001,0.005,0.027,0.001,0.001,0.002,0.001,0.001,0.001,0.068,0.215,0.336,0.001,0.001,0.001,0.001,0.001,0.001,0.204,0.216,0.241,0.337,0.001,0.001,0.001,0.001,0.011,0.289,0.308,0.325,0.212,0.001,0.641,0.617,1.029,1.176,0.737,0.062,0.389,0.062,0.444,-0.657,-0.474,-0.384,1.029,0.812,0.799,0.038,0.149,0.04,0.002,0,0.888,0.795,0.851,0.066,0,0,0.062,0.001,0,0.601,0.875,0.686,0.001,0,0.001,0.001,0.001,0,0,0.333,0.092,0,0.001,0,0,0,0,0.011,0.001,0.001,0.001,0,0.001,0,0,0.001,0.001,7.531,8.141
01:06.4,3665,0.394,0.454,-0.618,-0.507,0.63,0.534,0.478,0.3,0.681,0.718,0.133,0.058,0.065,-0.129,0.694,0.705,0.349,0.724,0.49,0.337,-0.096,0.786,-0.18,0.583,0.001,0.001,0.001,0.001,0.001,0.001,0.005,0.027,0.001,0.001,0.002,0.001,0.001,0.001,0.068,0.215,0.336,0.001,0.001,0.001,0.001,0.001,0.001,0.204,0.216,0.241,0.337,0.001,0.001,0.001,0.001,0.011,0.289,0.308,0.325,0.212,0.001,0.641,0.617,1.029,1.176,0.737,0.062,0.389,0.062,0.444,-0.657,-0.474,-0.384,1.029,0.812,0.799,0.038,0.149,0.04,0.002,0,0.888,0.795,0.851,0.066,0,0,0.062,0.001,0,0.601,0.875,0.686,0.001,0,0.001,0.001,0.001,0,0,0.333,0.092,0,0.001,0,0,0,0,0.011,0.001,0.001,0.001,0,0.001,0,0,0.001,0.001,7.531,8.141
01:06.5,3666,0.401,0.444,-0.617,-0.511,0.634,0.534,0.476,0.293,0.678,0.719,0.139,0.063,0.062,-0.129,0.698,0.702,0.353,0.724,0.492,0.329,-0.096,0.786,-0.18,0.583,0.001,0.001,0.001,0.001,0.001,0.001,0.005,0.027,0.001,0.001,0.002,0.001,0.001,0.001,0.068,0.215,0.336,0.001,0.001,0.001,0.001,0.001,0.001,0.204,0.216,0.241,0.337,0.001,0.001,0.001,0.001,0.011,0.289,0.308,0.325,0.212,0.001,0.641,0.617,1.029,1.176,0.737,0.062,0.389,0.062,0.444,-0.657,-0.474,-0.384,1.029,0.812,0.799,0.038,0.149,0.04,0.002,0,0.888,0.795,0.851,0.066,0,0,0.062,0.001,0,0.601,0.875,0.686,0.001,0,0.001,0.001,0.001,0,0,0.333,0.092,0,0.001,0,0,0,0,0.011,0.001,0.001,0.001,0,0.001,0,0,0.001,0.001,7.531,8.141
01:06.5,3667,0.408,0.434,-0.617,-0.515,0.638,0.535,0.476,0.285,0.676,0.72,0.143,0.065,0.062,-0.129,0.701,0.698,0.356,0.725,0.495,0.322,-0.096,0.786,-0.18,0.583,0.001,0.001,0.001,0.001,0.001,0.001,0.005,0.027,0.001,0.001,0.002,0.001,0.001,0.001,0.068,0.215,0.336,0.001,0.001,0.001,0.001,0.001,0.001,0.204,0.216,0.241,0.337,0.001,0.001,0.001,0.001,0.011,0.289,0.308,0.325,0.212,0.001,0.641,0.617,1.029,1.176,0.737,0.062,0.389,0.062,0.444,-0.657,-0.474,-0.384,1.029,0.812,0.799,0.038,0.149,0.04,0.002,0,0.888,0.795,0.851,0.066,0,0,0.062,0.001,0,0.601,0.875,0.686,0.001,0,0.001,0.001,0.001,0,0,0.333,0.092,0,0.001,0,0,0,0,0.011,0.001,0.001,0.001,0,0.001,0,0,0.001,0.001,7.531,8.141
01:06.5,3668,0.414,0.423,-0.617,-0.518,0.641,0.535,0.475,0.277,0.674,0.721,0.145,0.066,0.063,-0.126,0.704,0.696,0.358,0.725,0.497,0.315,-0.096,0.786,-0.18,0.583,0.001,0.001,0.001,0.001,0.001,0.001,0.005,0.027,0.001,0.001,0.002,0.001,0.001,0.001,0.068,0.215,0.336,0.001,0.001,0.001,0.001,0.001,0.001,0.204,0.216,0.241,0.337,0.001,0.001,0.001,0.001,0.011,0.289,0.308,0.325,0.212,0.001,0.641,0.617,1.029,1.176,0.737,0.062,0.389,0.062,0.444,-0.657,-0.474,-0.384,1.029,0.812,0.799,0.038,0.149,0.04,0.002,0,0.888,0.795,0.851,0.066,0,0,0.062,0.001,0,0.601,0.875,0.686,0.001,0,0.001,0.001,0.001,0,0,0.333,0.092,0,0.001,0,0,0,0,0.011,0.001,0.001,0.001,0,0.001,0,0,0.001,0.001,7.531,8.141
01:06.5,3669,0.42,0.413,-0.617,-0.521,0.645,0.535,0.475,0.27,0.67,0.725,0.145,0.064,0.063,-0.122,0.706,0.695,0.36,0.726,0.498,0.308,-0.187,0.756,-0.281,0.56,0.001,0.001,0.001,0.001,0.001,0.001,0.001,0.027,0.001,0.001,0.001,0.001,0.001,0.001,0.068,0.226,0.332,0.001,0.001,0.001,0.001,0.001,0.001,0.2,0.216,0.233,0.331,0.001,0.001,0.001,0.001,0.01,0.293,0.291,0.328,0.215,0.001,0.618,0.549,0.962,1.171,0.668,0.066,0.394,0.071,0.444,-0.657,-0.474,-0.384,1.029,0.812,0.799,0.038,0.149,0.04,0.002,0,0.888,0.795,0.851,0.066,0,0,0.062,0.001,0,0.601,0.875,0.686,0.001,0,0.001,0.001,0.001,0,0,0.333,0.092,0,0.001,0,0,0,0,0.011,0.001,0.001,0.001,0,0.001,0,0,0.001,0.001,7.293,8.141
01:06.5,3670,0.426,0.403,-0.619,-0.522,0.647,0.534,0.474,0.265,0.665,0.73,0.144,0.061,0.061,-0.116,0.708,0.694,0.362,0.726,0.499,0.303,-0.197,0.746,-0.296,0.563,0.001,0.001,0.001,0.001,0.001,0.001,0.001,0.001,0.001,0.001,0.001,0.001,0.001,0.001,0.001,0.006,0.016,0.001,0.001,0.001,0.001,0.001,0,0.067,0.079,0.1,0.059,0.001,0.001,0.001,0.001,0.001,0.024,0.079,0.071,0.038,0.001,0.018,0.079,0.2,0.52,0.001,0.001,0.001,0.001,0.444,-0.657,-0.474,-0.384,1.029,0.812,0.799,0.038,0.149,0.04,0.002,0,0.888,0.795,0.851,0.066,0,0,0.062,0.001,0,0.601,0.875,0.686,0.001,0,0.001,0.001,0.001,0,0,0.333,0.092,0,0.001,0,0,0,0,0.011,0.001,0.001,0.001,0,0.001,0,0,0.001,0.001,1.386,8.141
01:06.5,3671,0.432,0.394,-0.621,-0.523,0.649,0.533,0.475,0.262,0.661,0.735,0.141,0.058,0.057,-0.108,0.71,0.693,0.364,0.727,0.5,0.299,-0.197,0.746,-0.296,0.563,0.001,0.001,0.001,0.001,0.001,0.001,0.001,0.001,0.001,0.001,0.001,0.001,0.001,0.001,0.001,0.006,0.016,0.001,0.001,0.001,0.001,0.001,0,0.067,0.079,0.1,0.059,0.001,0.001,0.001,0.001,0.001,0.024,0.079,0.071,0.038,0.001,0.018,0.079,0.2,0.52,0.001,0.001,0.001,0.001,0.44,-0.682,-0.402,-0.423,1.029,0.812,0.799,0.038,0.149,0.04,0.002,0,0.888,0.795,0.851,0.066,0,0,0.062,0.001,0,0.601,0.875,0.686,0.001,0,0.001,0.001,0.001,0,0,0.333,0.092,0,0.001,0,0,0,0,0.011,0.001,0.001,0.001,0,0.001,0,0,0.001,0.001,1.386,8.141
01:06.5,3672,0.438,0.385,-0.623,-0.522,0.65,0.532,0.477,0.259,0.658,0.739,0.135,0.056,0.051,-0.101,0.712,0.693,0.366,0.727,0.5,0.296,-0.197,0.746,-0.296,0.563,0.001,0.001,0.001,0.001,0.001,0.001,0.001,0.001,0.001,0.001,0.001,0.001,0.001,0.001,0.001,0.006,0.016,0.001,0.001,0.001,0.001,0.001,0,0.067,0.079,0.1,0.059,0.001,0.001,0.001,0.001,0.001,0.024,0.079,0.071,0.038,0.001,0.018,0.079,0.2,0.52,0.001,0.001,0.001,0.001,0.442,-0.68,-0.402,-0.425,0.993,0.775,0.785,0.466,0.769,0.617,0.377,0.001,0.819,0.747,0.839,0.569,0.137,0.228,0.458,0.022,0,0.657,0.874,0.758,0.194,0.007,0.01,0.252,0.128,0,0,0.431,0.25,0.005,0.001,0.001,0.089,0,0,0.027,0,0,0,0.001,0,0.012,0,0,0.001,1.386,12.3
01:06.5,3673,0.443,0.377,-0.624,-0.522,0.649,0.53,0.482,0.257,0.656,0.742,0.127,0.054,0.045,-0.095,0.715,0.691,0.368,0.727,0.5,0.293,-0.197,0.746,-0.296,0.563,0.001,0.001,0.001,0.001,0.001,0.001,0.001,0.001,0.001,0.001,0.001,0.001,0.001,0.001,0.001,0.006,0.016,0.001,0.001,0.001,0.001,0.001,0,0.067,0.079,0.1,0.059,0.001,0.001,0.001,0.001,0.001,0.024,0.079,0.071,0.038,0.001,0.018,0.079,0.2,0.52,0.001,0.001,0.001,0.001,0.444,-0.677,-0.404,-0.426,0.999,0.784,0.796,0.491,0.774,0.669,0.403,0.001,0.814,0.752,0.841,0.586,0.15,0.247,0.462,0.057,0,0.645,0.879,0.755,0.19,0.007,0.011,0.269,0.2,0,0,0.407,0.237,0.005,0.001,0.002,0.101,0.001,0,0.028,0.001,0,0,0,0,0.013,0,0,0.001,1.386,12.579
01:06.5,3674,0.447,0.37,-0.624,-0.523,0.648,0.527,0.489,0.252,0.656,0.743,0.117,0.054,0.039,-0.091,0.718,0.689,0.37,0.728,0.499,0.29,-0.197,0.746,-0.296,0.563,0.001,0.001,0.001,0.001,0.001,0.001,0.001,0.001,0.001,0.001,0.001,0.001,0.001,0.001,0.001,0.006,0.016,0.001,0.001,0.001,0.001,0.001,0,0.067,0.079,0.1,0.059,0.001,0.001,0.001,0.001,0.001,0.024,0.079,0.071,0.038,0.001,0.018,0.079,0.2,0.52,0.001,0.001,0.001,0.001,0.443,-0.676,-0.404,-0.428,1.01,0.791,0.806,0.523,0.788,0.662,0.413,0.002,0.808,0.756,0.846,0.59,0.155,0.256,0.462,0.074,0.001,0.626,0.884,0.751,0.187,0.007,0.011,0.274,0.274,0.001,0.001,0.383,0.22,0.005,0.001,0.002,0.12,0.031,0,0.031,0,0.002,0.001,0,0.001,0.021,0.001,0,0.001,1.386,12.779
01:06.5,3675,0.453,0.364,-0.624,-0.523,0.648,0.523,0.496,0.245,0.656,0.745,0.107,0.056,0.036,-0.088,0.721,0.687,0.371,0.728,0.499,0.289,-0.197,0.746,-0.296,0.563,0.001,0.001,0.001,0.001,0.001,0.001,0.001,0.001,0.001,0.001,0.001,0.001,0.001,0.001,0.001,0.006,0.016,0.001,0.001,0.001,0.001,0.001,0,0.067,0.079,0.1,0.059,0.001,0.001,0.001,0.001,0.001,0.024,0.079,0.071,0.038,0.001,0.018,0.079,0.2,0.52,0.001,0.001,0.001,0.001,0.44,-0.677,-0.402,-0.432,1.018,0.801,0.813,0.54,0.79,0.646,0.419,0.002,0.802,0.761,0.853,0.597,0.154,0.255,0.449,0.074,0,0.613,0.889,0.746,0.183,0.007,0.01,0.27,0.316,0.001,0,0.36,0.208,0.004,0.001,0.002,0.138,0.053,0,0.032,0,0.013,0.001,0,0,0.022,0.001,0,0,1.386,12.844
01:06.6,3676,0.458,0.359,-0.623,-0.522,0.649,0.518,0.504,0.237,0.657,0.745,0.097,0.059,0.033,-0.085,0.723,0.684,0.373,0.728,0.499,0.287,-0.232,0.706,-0.339,0.577,0.001,0.001,0.001,0.001,0.001,0.001,0.001,0,0.001,0.001,0.001,0.001,0.001,0.001,0.001,0.002,0.012,0.001,0.001,0.001,0.001,0.001,0.001,0.062,0.077,0.094,0.05,0.001,0.001,0.001,0.001,0.001,0.017,0.072,0.068,0.039,0.001,0.01,0.079,0.186,0.493,0.001,0.001,0.001,0.001,0.44,-0.677,-0.402,-0.432,1.018,0.801,0.813,0.54,0.79,0.646,0.419,0.002,0.802,0.761,0.853,0.597,0.154,0.255,0.449,0.074,0,0.613,0.889,0.746,0.183,0.007,0.01,0.27,0.316,0.001,0,0.36,0.208,0.004,0.001,0.002,0.138,0.053,0,0.032,0,0.013,0.001,0,0,0.022,0.001,0,0,1.291,12.844
01:06.6,3677,0.464,0.354,-0.622,-0.522,0.651,0.514,0.51,0.227,0.657,0.746,0.088,0.064,0.031,-0.084,0.726,0.682,0.376,0.727,0.498,0.286,-0.223,0.705,-0.338,0.582,0.001,0.001,0.001,0.001,0.001,0.001,0.001,0.001,0,0.001,0.001,0.011,0.001,0.001,0.001,0.001,0.001,0.001,0.001,0.001,0.001,0.001,0.001,0.001,0.006,0.001,0.001,0.001,0.001,0.001,0.001,0.001,0.001,0.001,0.001,0.001,0.001,0.001,0.001,0.001,0.001,0.001,0.001,0.001,0.001,0.44,-0.677,-0.402,-0.432,1.018,0.801,0.813,0.54,0.79,0.646,0.419,0.002,0.802,0.761,0.853,0.597,0.154,0.255,0.449,0.074,0,0.613,0.889,0.746,0.183,0.007,0.01,0.27,0.316,0.001,0,0.36,0.208,0.004,0.001,0.002,0.138,0.053,0,0.032,0,0.013,0.001,0,0,0.022,0.001,0,0,0.059,12.844
01:06.6,3678,0.469,0.35,-0.621,-0.521,0.654,0.509,0.516,0.218,0.656,0.747,0.082,0.071,0.029,-0.082,0.729,0.679,0.378,0.727,0.498,0.285,-0.204,0.702,-0.338,0.593,0.001,0,0.001,0.001,0.001,0.001,0.001,0.001,0,0.001,0.001,0.001,0.001,0.001,0.001,0.001,0.001,0.001,0.001,0.001,0.001,0.001,0.001,0.001,0.002,0.001,0.001,0.001,0.001,0.001,0.001,0.001,0,0.001,0.001,0.001,0.001,0.001,0.001,0.001,0.001,0.001,0.001,0.001,0.001,0.44,-0.677,-0.402,-0.432,1.018,0.801,0.813,0.54,0.79,0.646,0.419,0.002,0.802,0.761,0.853,0.597,0.154,0.255,0.449,0.074,0,0.613,0.889,0.746,0.183,0.007,0.01,0.27,0.316,0.001,0,0.36,0.208,0.004,0.001,0.002,0.138,0.053,0,0.032,0,0.013,0.001,0,0,0.022,0.001,0,0,0.043,12.844
01:06.6,3679,0.475,0.347,-0.62,-0.519,0.656,0.505,0.521,0.208,0.654,0.748,0.077,0.078,0.027,-0.081,0.731,0.677,0.379,0.727,0.497,0.283,-0.185,0.701,-0.327,0.606,0.001,0.001,0.001,0.001,0.001,0.001,0.001,0.001,0.001,0.001,0.001,0.001,0.001,0.001,0.001,0.001,0.001,0.001,0.001,0.001,0.001,0.001,0.001,0,0.001,0.001,0.001,0.001,0.001,0.001,0.001,0.001,0.001,0.001,0.001,0.001,0.001,0.001,0.001,0.001,0.001,0.001,0.001,0.001,0.001,0.44,-0.677,-0.402,-0.432,1.018,0.801,0.813,0.54,0.79,0.646,0.419,0.002,0.802,0.761,0.853,0.597,0.154,0.255,0.449,0.074,0,0.613,0.889,0.746,0.183,0.007,0.01,0.27,0.316,0.001,0,0.36,0.208,0.004,0.001,0.002,0.138,0.053,0,0.032,0,0.013,0.001,0,0,0.022,0.001,0,0,0.044,12.844
01:06.6,3680,0.481,0.344,-0.618,-0.518,0.658,0.502,0.525,0.199,0.652,0.75,0.074,0.085,0.025,-0.079,0.734,0.674,0.381,0.727,0.497,0.281,-0.187,0.705,-0.303,0.613,0,0.001,0,0.001,0.001,0.001,0.001,0.001,0.001,0.001,0.001,0.001,0.001,0.001,0.001,0.001,0.001,0.001,0.001,0.001,0.001,0.001,0.001,0.001,0.001,0.001,0.001,0.001,0.001,0.001,0.001,0.001,0.001,0.001,0.001,0.001,0.001,0.001,0.001,0.001,0.001,0.001,0.001,0.001,0.001,0.44,-0.677,-0.402,-0.432,1.018,0.801,0.813,0.54,0.79,0.646,0.419,0.002,0.802,0.761,0.853,0.597,0.154,0.255,0.449,0.074,0,0.613,0.889,0.746,0.183,0.007,0.01,0.27,0.316,0.001,0,0.36,0.208,0.004,0.001,0.002,0.138,0.053,0,0.032,0,0.013,0.001,0,0,0.022,0.001,0,0,0.043,12.844
01:06.6,3681,0.487,0.341,-0.617,-0.516,0.66,0.499,0.528,0.19,0.649,0.752,0.074,0.092,0.022,-0.078,0.736,0.672,0.382,0.727,0.498,0.279,-0.197,0.713,-0.271,0.617,0.001,0.001,0.001,0.001,0,0.001,0.001,0.001,0.001,0.001,0.001,0.001,0.001,0.001,0.001,0.001,0.001,0.001,0.001,0.001,0.001,0.001,0.001,0.001,0,0.001,0.001,0.001,0.001,0.001,0.001,0.001,0.001,0.001,0.001,0.001,0.001,0.001,0.001,0.001,0.001,0.001,0.001,0.001,0.001,0.44,-0.677,-0.402,-0.432,1.018,0.801,0.813,0.54,0.79,0.646,0.419,0.002,0.802,0.761,0.853,0.597,0.154,0.255,0.449,0.074,0,0.613,0.889,0.746,0.183,0.007,0.01,0.27,0.316,0.001,0,0.36,0.208,0.004,0.001,0.002,0.138,0.053,0,0.032,0,0.013,0.001,0,0,0.022,0.001,0,0,0.043,12.844
01:06.6,3682,0.492,0.338,-0.615,-0.515,0.662,0.497,0.53,0.183,0.644,0.754,0.074,0.099,0.019,-0.077,0.738,0.67,0.383,0.727,0.498,0.278,-0.2,0.717,-0.252,0.618,0.001,0.001,0.001,0.001,0.001,0.001,0.001,0.001,0.001,0.001,0.001,0.001,0.001,0.001,0.001,0.001,0.001,0.001,0.001,0.001,0.001,0.001,0.001,0.001,0.002,0.001,0.001,0.001,0.001,0.001,0.001,0.001,0.001,0.001,0.001,0.001,0.001,0.001,0.001,0.001,0.001,0.001,0.001,0.001,0.001,0.392,-0.703,-0.355,-0.476,1.028,0.803,0.816,0.546,0.794,0.639,0.425,0.002,0.801,0.766,0.856,0.597,0.156,0.256,0.444,0.073,0.001,0.598,0.891,0.742,0.178,0.007,0.011,0.274,0.333,0.001,0.001,0.349,0.201,0.004,0.001,0.001,0.151,0.066,0.001,0.034,0,0.021,0,0,0,0.024,0.001,0,0,0.046,12.893
01:06.6,3683,0.498,0.335,-0.613,-0.513,0.665,0.495,0.531,0.177,0.64,0.757,0.075,0.106,0.015,-0.075,0.74,0.668,0.384,0.726,0.499,0.276,-0.2,0.717,-0.252,0.618,0.001,0.001,0.001,0.001,0.001,0.001,0.001,0.001,0.001,0.001,0.001,0.001,0.001,0.001,0.001,0.001,0.001,0.001,0.001,0.001,0.001,0.001,0.001,0.001,0.002,0.001,0.001,0.001,0.001,0.001,0.001,0.001,0.001,0.001,0.001,0.001,0.001,0.001,0.001,0.001,0.001,0.001,0.001,0.001,0.001,0.387,-0.704,-0.35,-0.481,1.037,0.81,0.808,0.586,0.849,0.711,0.465,0.005,0.768,0.784,0.871,0.626,0.194,0.275,0.448,0.084,0.001,0.524,0.899,0.726,0.184,0.007,0.009,0.303,0.526,0,0.017,0.278,0.17,0.002,0.001,0.001,0.263,0.254,0.001,0.072,0,0.107,0.061,0.001,0,0.043,0.001,0,0,0.046,13.772
01:06.6,3684,0.504,0.333,-0.612,-0.511,0.668,0.493,0.53,0.172,0.636,0.759,0.077,0.112,0.011,-0.074,0.742,0.667,0.384,0.726,0.5,0.275,-0.2,0.717,-0.252,0.618,0.001,0.001,0.001,0.001,0.001,0.001,0.001,0.001,0.001,0.001,0.001,0.001,0.001,0.001,0.001,0.001,0.001,0.001,0.001,0.001,0.001,0.001,0.001,0.001,0.002,0.001,0.001,0.001,0.001,0.001,0.001,0.001,0.001,0.001,0.001,0.001,0.001,0.001,0.001,0.001,0.001,0.001,0.001,0.001,0.001,0.382,-0.706,-0.345,-0.486,1.038,0.807,0.807,0.591,0.857,0.72,0.482,0.006,0.763,0.784,0.869,0.629,0.2,0.281,0.448,0.092,0,0.518,0.899,0.729,0.187,0.009,0.009,0.305,0.551,0,0.018,0.272,0.17,0.002,0.001,0.001,0.267,0.287,0,0.087,0.001,0.138,0.081,0.001,0,0.053,0.002,0,0.001,0.046,13.963
01:06.6,3685,0.51,0.331,-0.61,-0.508,0.671,0.491,0.529,0.168,0.633,0.761,0.08,0.117,0.008,-0.072,0.743,0.665,0.385,0.725,0.5,0.275,-0.2,0.717,-0.252,0.618,0.001,0.001,0.001,0.001,0.001,0.001,0.001,0.001,0.001,0.001,0.001,0.001,0.001,0.001,0.001,0.001,0.001,0.001,0.001,0.001,0.001,0.001,0.001,0.001,0.002,0.001,0.001,0.001,0.001,0.001,0.001,0.001,0.001,0.001,0.001,0.001,0.001,0.001,0.001,0.001,0.001,0.001,0.001,0.001,0.001,0.376,-0.709,-0.338,-0.492,1.034,0.803,0.803,0.593,0.889,0.739,0.479,0.006,0.755,0.784,0.868,0.634,0.203,0.284,0.462,0.099,0,0.512,0.899,0.73,0.193,0.009,0.013,0.304,0.563,0.001,0.035,0.271,0.17,0.002,0.001,0.001,0.281,0.313,0.001,0.099,0,0.156,0.093,0.001,0,0.062,0.011,0,0,0.046,14.156
01:06.7,3686,0.516,0.329,-0.607,-0.506,0.674,0.49,0.528,0.165,0.631,0.762,0.082,0.122,0.004,-0.071,0.744,0.664,0.386,0.724,0.501,0.274,-0.2,0.717,-0.252,0.618,0.001,0.001,0.001,0.001,0.001,0.001,0.001,0.001,0.001,0.001,0.001,0.001,0.001,0.001,0.001,0.001,0.001,0.001,0.001,0.001,0.001,0.001,0.001,0.001,0.002,0.001,0.001,0.001,0.001,0.001,0.001,0.001,0.001,0.001,0.001,0.001,0.001,0.001,0.001,0.001,0.001,0.001,0.001,0.001,0.001,0.372,-0.711,-0.333,-0.496,1.031,0.802,0.8,0.597,0.896,0.756,0.484,0.007,0.75,0.783,0.866,0.632,0.216,0.295,0.465,0.127,0.002,0.509,0.897,0.731,0.2,0.009,0.011,0.32,0.58,0,0.051,0.27,0.173,0.002,0.001,0.001,0.288,0.343,0.001,0.115,0,0.177,0.138,0,0.001,0.072,0.028,0.001,0.001,0.046,14.429
01:06.7,3687,0.521,0.328,-0.605,-0.505,0.676,0.49,0.526,0.163,0.629,0.762,0.084,0.126,0.001,-0.07,0.746,0.662,0.387,0.723,0.502,0.274,-0.2,0.717,-0.252,0.618,0.001,0.001,0.001,0.001,0.001,0.001,0.001,0.001,0.001,0.001,0.001,0.001,0.001,0.001,0.001,0.001,0.001,0.001,0.001,0.001,0.001,0.001,0.001,0.001,0.002,0.001,0.001,0.001,0.001,0.001,0.001,0.001,0.001,0.001,0.001,0.001,0.001,0.001,0.001,0.001,0.001,0.001,0.001,0.001,0.001,0.366,-0.713,-0.325,-0.502,1.02,0.801,0.797,0.601,0.911,0.777,0.509,0.01,0.746,0.779,0.862,0.636,0.227,0.305,0.462,0.158,0.023,0.509,0.894,0.731,0.212,0.009,0.015,0.324,0.606,0,0.068,0.274,0.178,0.004,0.002,0.001,0.303,0.381,0.001,0.128,0.001,0.193,0.158,0.001,0,0.085,0.053,0.001,0.001,0.046,14.757
01:06.7,3688,0.525,0.328,-0.603,-0.504,0.678,0.49,0.522,0.163,0.628,0.763,0.085,0.128,-0.001,-0.068,0.747,0.661,0.389,0.722,0.503,0.273,-0.2,0.717,-0.252,0.618,0.001,0.001,0.001,0.001,0.001,0.001,0.001,0.001,0.001,0.001,0.001,0.001,0.001,0.001,0.001,0.001,0.001,0.001,0.001,0.001,0.001,0.001,0.001,0.001,0.002,0.001,0.001,0.001,0.001,0.001,0.001,0.001,0.001,0.001,0.001,0.001,0.001,0.001,0.001,0.001,0.001,0.001,0.001,0.001,0.001,0.366,-0.713,-0.325,-0.502,1.02,0.801,0.797,0.601,0.911,0.777,0.509,0.01,0.746,0.779,0.862,0.636,0.227,0.305,0.462,0.158,0.023,0.509,0.894,0.731,0.212,0.009,0.015,0.324,0.606,0,0.068,0.274,0.178,0.004,0.002,0.001,0.303,0.381,0.001,0.128,0.001,0.193,0.158,0.001,0,0.085,0.053,0.001,0.001,0.046,14.757
01:06.7,3689,0.529,0.327,-0.6,-0.503,0.68,0.492,0.518,0.165,0.627,0.763,0.086,0.13,-0.003,-0.066,0.749,0.659,0.39,0.721,0.503,0.273,-0.2,0.717,-0.252,0.618,0.001,0.001,0.001,0.001,0.001,0.001,0.001,0.001,0.001,0.001,0.001,0.001,0.001,0.001,0.001,0.001,0.001,0.001,0.001,0.001,0.001,0.001,0.001,0.001,0.002,0.001,0.001,0.001,0.001,0.001,0.001,0.001,0.001,0.001,0.001,0.001,0.001,0.001,0.001,0.001,0.001,0.001,0.001,0.001,0.001,0.366,-0.713,-0.325,-0.502,1.02,0.801,0.797,0.601,0.911,0.777,0.509,0.01,0.746,0.779,0.862,0.636,0.227,0.305,0.462,0.158,0.023,0.509,0.894,0.731,0.212,0.009,0.015,0.324,0.606,0,0.068,0.274,0.178,0.004,0.002,0.001,0.303,0.381,0.001,0.128,0.001,0.193,0.158,0.001,0,0.085,0.053,0.001,0.001,0.046,14.757
01:06.7,3690,0.532,0.327,-0.599,-0.502,0.681,0.494,0.514,0.169,0.625,0.765,0.086,0.131,-0.006,-0.064,0.75,0.658,0.393,0.719,0.504,0.272,-0.007,0.719,-0.316,0.619,0.001,0.001,0.001,0.001,0.001,0.001,0.001,0.001,0.001,0.001,0.001,0.001,0.001,0.001,0.001,0.001,0.001,0.001,0.001,0.001,0.001,0.001,0.001,0.001,0.01,0.001,0.001,0.001,0.001,0.001,0.001,0.001,0.001,0.001,0.001,0.001,0.001,0.001,0.001,0.001,0.001,0.001,0.001,0.001,0.001,0.366,-0.713,-0.325,-0.502,1.02,0.801,0.797,0.601,0.911,0.777,0.509,0.01,0.746,0.779,0.862,0.636,0.227,0.305,0.462,0.158,0.023,0.509,0.894,0.731,0.212,0.009,0.015,0.324,0.606,0,0.068,0.274,0.178,0.004,0.002,0.001,0.303,0.381,0.001,0.128,0.001,0.193,0.158,0.001,0,0.085,0.053,0.001,0.001,0.054,14.757
01:06.7,3691,0.534,0.326,-0.597,-0.502,0.681,0.497,0.508,0.176,0.624,0.766,0.085,0.131,-0.008,-0.061,0.751,0.657,0.395,0.718,0.505,0.272,0.023,0.72,-0.326,0.612,0,0.001,0.001,0.001,0.001,0.001,0.001,0.001,0.001,0.001,0.001,0.001,0.001,0.001,0.001,0.001,0.001,0.001,0.001,0.001,0.001,0.001,0.001,0.001,0.013,0.001,0.001,0.001,0.001,0.001,0.001,0.001,0.001,0.001,0.001,0.001,0.001,0.001,0.001,0.001,0.001,0.001,0.001,0.001,0.001,0.366,-0.713,-0.325,-0.502,1.02,0.801,0.797,0.601,0.911,0.777,0.509,0.01,0.746,0.779,0.862,0.636,0.227,0.305,0.462,0.158,0.023,0.509,0.894,0.731,0.212,0.009,0.015,0.324,0.606,0,0.068,0.274,0.178,0.004,0.002,0.001,0.303,0.381,0.001,0.128,0.001,0.193,0.158,0.001,0,0.085,0.053,0.001,0.001,0.056,14.757
01:06.7,3692,0.535,0.325,-0.596,-0.502,0.68,0.502,0.502,0.184,0.622,0.768,0.083,0.13,-0.012,-0.058,0.753,0.655,0.397,0.716,0.506,0.271,0.058,0.723,-0.335,0.602,0.001,0.001,0.001,0.001,0.001,0.001,0.001,0.001,0.001,0.001,0.001,0.001,0.001,0.001,0.001,0.001,0.001,0.001,0.001,0.001,0.001,0.001,0.001,0.001,0.012,0.001,0.001,0.001,0.001,0.001,0.001,0.001,0.001,0.001,0.001,0.001,0.001,0.001,0.001,0.001,0.001,0.001,0.001,0.001,0.001,0.366,-0.713,-0.325,-0.502,1.02,0.801,0.797,0.601,0.911,0.777,0.509,0.01,0.746,0.779,0.862,0.636,0.227,0.305,0.462,0.158,0.023,0.509,0.894,0.731,0.212,0.009,0.015,0.324,0.606,0,0.068,0.274,0.178,0.004,0.002,0.001,0.303,0.381,0.001,0.128,0.001,0.193,0.158,0.001,0,0.085,0.053,0.001,0.001,0.056,14.757
01:06.7,3693,0.536,0.324,-0.596,-0.502,0.678,0.506,0.496,0.195,0.62,0.77,0.08,0.129,-0.016,-0.056,0.754,0.654,0.399,0.715,0.507,0.27,0.085,0.725,-0.34,0.593,0.001,0.001,0.001,0.001,0.001,0.001,0.001,0.001,0.001,0.001,0.001,0.001,0.001,0.001,0.001,0.001,0.001,0.001,0.001,0.001,0.001,0.001,0.001,0.001,0.011,0.001,0.001,0.001,0.001,0.001,0.001,0.001,0.001,0.001,0.001,0.001,0.001,0.001,0.001,0.001,0.001,0.001,0.001,0.001,0.001,0.366,-0.713,-0.325,-0.502,1.02,0.801,0.797,0.601,0.911,0.777,0.509,0.01,0.746,0.779,0.862,0.636,0.227,0.305,0.462,0.158,0.023,0.509,0.894,0.731,0.212,0.009,0.015,0.324,0.606,0,0.068,0.274,0.178,0.004,0.002,0.001,0.303,0.381,0.001,0.128,0.001,0.193,0.158,0.001,0,0.085,0.053,0.001,0.001,0.055,14.757
01:06.7,3694,0.536,0.323,-0.596,-0.502,0.676,0.511,0.49,0.206,0.619,0.771,0.078,0.129,-0.019,-0.053,0.756,0.652,0.401,0.713,0.508,0.269,0.111,0.727,-0.344,0.584,0.001,0.001,0.001,0.001,0.001,0.001,0.001,0.001,0.001,0.001,0.001,0.001,0.001,0.001,0.001,0.001,0.001,0.001,0.001,0.001,0.001,0.001,0.001,0.001,0.01,0.001,0.001,0.001,0.001,0.001,0.001,0.001,0.001,0.001,0.001,0.001,0.001,0.001,0.001,0.001,0.001,0.001,0.001,0.001,0.001,0.337,-0.721,-0.288,-0.532,1.018,0.801,0.797,0.602,0.913,0.772,0.508,0.009,0.744,0.779,0.862,0.64,0.234,0.309,0.462,0.164,0.023,0.512,0.894,0.731,0.216,0.009,0.013,0.32,0.613,0.001,0.071,0.274,0.178,0.004,0.001,0.001,0.306,0.392,0,0.128,0.001,0.2,0.16,0,0,0.09,0.054,0.001,0,0.054,14.807
01:06.7,3695,0.537,0.322,-0.597,-0.502,0.672,0.515,0.485,0.218,0.617,0.773,0.075,0.129,-0.023,-0.051,0.757,0.651,0.403,0.711,0.509,0.269,0.146,0.729,-0.347,0.572,0.001,0.001,0.001,0.001,0.001,0.001,0.001,0.001,0.001,0.001,0.001,0.001,0.001,0.001,0.001,0.001,0.001,0.001,0.001,0.001,0.001,0.001,0.001,0.001,0.012,0.001,0.001,0.001,0.001,0.001,0.001,0.001,0.001,0.001,0.001,0.001,0.001,0.001,0.001,0.001,0.001,0.001,0.001,0.001,0.001,0.334,-0.722,-0.283,-0.536,0.961,0.779,0.768,0.631,1.016,0.919,0.516,0.015,0.652,0.755,0.844,0.674,0.336,0.399,0.495,0.3,0.139,0.457,0.896,0.742,0.295,0.038,0.067,0.427,0.748,0.001,0.153,0.25,0.183,0.005,0.002,0.002,0.389,0.593,0,0.177,0.001,0.314,0.319,0.001,0.049,0.167,0.125,0.001,0.001,0.056,16.602
01:06.8,3696,0.538,0.321,-0.597,-0.501,0.668,0.52,0.48,0.23,0.615,0.774,0.072,0.13,-0.027,-0.049,0.758,0.65,0.405,0.71,0.509,0.268,0.169,0.73,-0.348,0.564,0,0.001,0.001,0.001,0.001,0.001,0.001,0.001,0.001,0.001,0.001,0.001,0.001,0.001,0.001,0.001,0.001,0.001,0.001,0.001,0.001,0.001,0.001,0.001,0.011,0.001,0.001,0.001,0.001,0.001,0.001,0.001,0.001,0.001,0.001,0.001,0.001,0.001,0.001,0.001,0.001,0.001,0.001,0.001,0.001,0.334,-0.722,-0.283,-0.536,0.961,0.779,0.768,0.631,1.016,0.919,0.516,0.015,0.652,0.755,0.844,0.674,0.336,0.399,0.495,0.3,0.139,0.457,0.896,0.742,0.295,0.038,0.067,0.427,0.748,0.001,0.153,0.25,0.183,0.005,0.002,0.002,0.389,0.593,0,0.177,0.001,0.314,0.319,0.001,0.049,0.167,0.125,0.001,0.001,0.054,16.602
01:06.8,3697,0.539,0.32,-0.598,-0.499,0.664,0.525,0.474,0.243,0.614,0.775,0.069,0.132,-0.03,-0.048,0.759,0.648,0.407,0.709,0.51,0.268,0.202,0.73,-0.347,0.553,0.001,0.001,0.001,0.001,0.001,0.001,0.001,0.001,0.001,0.001,0.001,0.001,0.001,0.001,0.001,0.001,0.001,0.001,0.001,0.001,0.001,0.001,0.001,0.001,0.011,0.001,0.001,0.001,0.001,0.001,0.001,0.001,0.001,0.001,0.001,0.001,0.001,0.001,0.001,0.001,0.001,0.001,0.001,0.001,0.001,0.334,-0.722,-0.283,-0.536,0.961,0.779,0.768,0.631,1.016,0.919,0.516,0.015,0.652,0.755,0.844,0.674,0.336,0.399,0.495,0.3,0.139,0.457,0.896,0.742,0.295,0.038,0.067,0.427,0.748,0.001,0.153,0.25,0.183,0.005,0.002,0.002,0.389,0.593,0,0.177,0.001,0.314,0.319,0.001,0.049,0.167,0.125,0.001,0.001,0.055,16.602
01:06.8,3698,0.54,0.32,-0.599,-0.497,0.658,0.53,0.469,0.257,0.612,0.777,0.066,0.134,-0.032,-0.046,0.76,0.647,0.408,0.708,0.51,0.268,0.226,0.73,-0.344,0.546,0.001,0.001,0.001,0.001,0.001,0.001,0.001,0.001,0.001,0.001,0.001,0.001,0.001,0.001,0.001,0.001,0.001,0.001,0.001,0.001,0.001,0.001,0.001,0.001,0.011,0.001,0.001,0.001,0.001,0.001,0.001,0.001,0.001,0.001,0.001,0.001,0.001,0.001,0.001,0.001,0.001,0.001,0.001,0.001,0.001,0.334,-0.722,-0.283,-0.536,0.961,0.779,0.768,0.631,1.016,0.919,0.516,0.015,0.652,0.755,0.844,0.674,0.336,0.399,0.495,0.3,0.139,0.457,0.896,0.742,0.295,0.038,0.067,0.427,0.748,0.001,0.153,0.25,0.183,0.005,0.002,0.002,0.389,0.593,0,0.177,0.001,0.314,0.319,0.001,0.049,0.167,0.125,0.001,0.001,0.055,16.602
01:06.8,3699,0.542,0.319,-0.6,-0.494,0.652,0.535,0.464,0.271,0.61,0.777,0.064,0.138,-0.035,-0.045,0.761,0.646,0.409,0.707,0.511,0.268,0.226,0.73,-0.344,0.546,0.001,0.001,0.001,0.001,0.001,0.001,0.001,0.001,0.001,0.001,0.001,0.001,0.001,0.001,0.001,0.001,0.001,0.001,0.001,0.001,0.001,0.001,0.001,0.001,0.011,0.001,0.001,0.001,0.001,0.001,0.001,0.001,0.001,0.001,0.001,0.001,0.001,0.001,0.001,0.001,0.001,0.001,0.001,0.001,0.001,0.334,-0.722,-0.283,-0.536,0.961,0.779,0.768,0.631,1.016,0.919,0.516,0.015,0.652,0.755,0.844,0.674,0.336,0.399,0.495,0.3,0.139,0.457,0.896,0.742,0.295,0.038,0.067,0.427,0.748,0.001,0.153,0.25,0.183,0.005,0.002,0.002,0.389,0.593,0,0.177,0.001,0.314,0.319,0.001,0.049,0.167,0.125,0.001,0.001,0.055,16.602
01:06.8,3700,0.544,0.32,-0.6,-0.491,0.645,0.54,0.459,0.286,0.609,0.778,0.063,0.142,-0.038,-0.044,0.762,0.645,0.41,0.706,0.512,0.268,0.226,0.73,-0.344,0.546,0.001,0.001,0.001,0.001,0.001,0.001,0.001,0.001,0.001,0.001,0.001,0.001,0.001,0.001,0.001,0.001,0.001,0.001,0.001,0.001,0.001,0.001,0.001,0.001,0.011,0.001,0.001,0.001,0.001,0.001,0.001,0.001,0.001,0.001,0.001,0.001,0.001,0.001,0.001,0.001,0.001,0.001,0.001,0.001,0.001,0.334,-0.722,-0.283,-0.536,0.961,0.779,0.768,0.631,1.016,0.919,0.516,0.015,0.652,0.755,0.844,0.674,0.336,0.399,0.495,0.3,0.139,0.457,0.896,0.742,0.295,0.038,0.067,0.427,0.748,0.001,0.153,0.25,0.183,0.005,0.002,0.002,0.389,0.593,0,0.177,0.001,0.314,0.319,0.001,0.049,0.167,0.125,0.001,0.001,0.055,16.602
01:06.8,3701,0.545,0.321,-0.601,-0.488,0.637,0.545,0.454,0.301,0.608,0.778,0.062,0.145,-0.04,-0.042,0.763,0.644,0.41,0.705,0.512,0.268,0.226,0.73,-0.344,0.546,0.001,0.001,0.001,0.001,0.001,0.001,0.001,0.001,0.001,0.001,0.001,0.001,0.001,0.001,0.001,0.001,0.001,0.001,0.001,0.001,0.001,0.001,0.001,0.001,0.011,0.001,0.001,0.001,0.001,0.001,0.001,0.001,0.001,0.001,0.001,0.001,0.001,0.001,0.001,0.001,0.001,0.001,0.001,0.001,0.001,0.334,-0.722,-0.283,-0.536,0.961,0.779,0.768,0.631,1.016,0.919,0.516,0.015,0.652,0.755,0.844,0.674,0.336,0.399,0.495,0.3,0.139,0.457,0.896,0.742,0.295,0.038,0.067,0.427,0.748,0.001,0.153,0.25,0.183,0.005,0.002,0.002,0.389,0.593,0,0.177,0.001,0.314,0.319,0.001,0.049,0.167,0.125,0.001,0.001,0.055,16.602
01:06.8,3702,0.547,0.323,-0.601,-0.485,0.628,0.551,0.449,0.318,0.607,0.779,0.061,0.149,-0.042,-0.04,0.764,0.643,0.411,0.704,0.513,0.268,0.226,0.73,-0.344,0.546,0.001,0.001,0.001,0.001,0.001,0.001,0.001,0.001,0.001,0.001,0.001,0.001,0.001,0.001,0.001,0.001,0.001,0.001,0.001,0.001,0.001,0.001,0.001,0.001,0.011,0.001,0.001,0.001,0.001,0.001,0.001,0.001,0.001,0.001,0.001,0.001,0.001,0.001,0.001,0.001,0.001,0.001,0.001,0.001,0.001,0.308,-0.724,-0.244,-0.566,0.952,0.773,0.763,0.632,1.023,0.928,0.519,0.016,0.631,0.752,0.842,0.678,0.346,0.408,0.496,0.316,0.16,0.454,0.896,0.741,0.3,0.05,0.077,0.441,0.761,0.001,0.159,0.25,0.182,0.006,0.002,0.002,0.394,0.604,0,0.189,0.001,0.32,0.321,0.001,0.063,0.166,0.127,0,0,0.055,16.743
01:06.8,3703,0.547,0.326,-0.602,-0.482,0.618,0.556,0.444,0.334,0.606,0.779,0.061,0.152,-0.044,-0.039,0.764,0.642,0.411,0.703,0.514,0.268,0.226,0.73,-0.344,0.546,0.001,0.001,0.001,0.001,0.001,0.001,0.001,0.001,0.001,0.001,0.001,0.001,0.001,0.001,0.001,0.001,0.001,0.001,0.001,0.001,0.001,0.001,0.001,0.001,0.011,0.001,0.001,0.001,0.001,0.001,0.001,0.001,0.001,0.001,0.001,0.001,0.001,0.001,0.001,0.001,0.001,0.001,0.001,0.001,0.001,0.305,-0.724,-0.24,-0.57,0.723,0.68,0.679,0.581,1.027,0.952,0.465,0.039,0.471,0.736,0.807,0.678,0.413,0.481,0.481,0.359,0.247,0.435,0.899,0.744,0.392,0.101,0.149,0.488,0.783,0.062,0.272,0.247,0.217,0.026,0.004,0.004,0.424,0.664,0.001,0.361,0.001,0.438,0.446,0.012,0.212,0.263,0.201,0.004,0.013,0.055,17.682
01:06.8,3704,0.548,0.329,-0.602,-0.479,0.608,0.561,0.439,0.351,0.605,0.779,0.062,0.154,-0.045,-0.037,0.765,0.641,0.412,0.702,0.515,0.268,0.226,0.73,-0.344,0.546,0.001,0.001,0.001,0.001,0.001,0.001,0.001,0.001,0.001,0.001,0.001,0.001,0.001,0.001,0.001,0.001,0.001,0.001,0.001,0.001,0.001,0.001,0.001,0.001,0.011,0.001,0.001,0.001,0.001,0.001,0.001,0.001,0.001,0.001,0.001,0.001,0.001,0.001,0.001,0.001,0.001,0.001,0.001,0.001,0.001,0.301,-0.724,-0.233,-0.576,0.67,0.662,0.657,0.557,1.012,0.945,0.453,0.04,0.458,0.734,0.795,0.679,0.419,0.477,0.471,0.355,0.253,0.443,0.9,0.747,0.408,0.112,0.164,0.487,0.775,0.067,0.278,0.249,0.231,0.031,0.004,0.004,0.424,0.662,0.001,0.368,0.002,0.47,0.476,0.038,0.253,0.28,0.217,0.045,0.018,0.055,17.791
01:06.8,3705,0.548,0.333,-0.602,-0.476,0.598,0.565,0.433,0.368,0.604,0.779,0.063,0.156,-0.046,-0.035,0.766,0.64,0.413,0.701,0.516,0.268,0.363,0.733,-0.262,0.512,0.001,0.001,0.001,0.001,0.001,0.001,0.001,0.001,0,0.001,0.001,0.001,0.001,0.001,0.001,0.001,0.001,0.001,0.001,0.001,0.001,0.001,0.001,0.001,0.011,0.001,0.001,0.001,0.001,0.001,0.001,0.001,0.001,0.001,0.001,0,0.001,0.001,0.001,0.001,0.001,0.001,0.001,0.001,0.001,0.301,-0.724,-0.233,-0.576,0.67,0.662,0.657,0.557,1.012,0.945,0.453,0.04,0.458,0.734,0.795,0.679,0.419,0.477,0.471,0.355,0.253,0.443,0.9,0.747,0.408,0.112,0.164,0.487,0.775,0.067,0.278,0.249,0.231,0.031,0.004,0.004,0.424,0.662,0.001,0.368,0.002,0.47,0.476,0.038,0.253,0.28,0.217,0.045,0.018,0.053,17.791
01:06.9,3706,0.547,0.337,-0.602,-0.473,0.589,0.569,0.427,0.383,0.603,0.78,0.063,0.156,-0.047,-0.033,0.768,0.638,0.414,0.699,0.517,0.268,0.369,0.736,-0.244,0.512,0.001,0.001,0.001,0.001,0.001,0.001,0.001,0.001,0.001,0.001,0.001,0.001,0.001,0.001,0.001,0.001,0.001,0.001,0.001,0.001,0.001,0.001,0.001,0.001,0.011,0.001,0.001,0.001,0.001,0.001,0.001,0.001,0.001,0.001,0.001,0.001,0.001,0.001,0.001,0.001,0.001,0.001,0.001,0.001,0.001,0.301,-0.724,-0.233,-0.576,0.67,0.662,0.657,0.557,1.012,0.945,0.453,0.04,0.458,0.734,0.795,0.679,0.419,0.477,0.471,0.355,0.253,0.443,0.9,0.747,0.408,0.112,0.164,0.487,0.775,0.067,0.278,0.249,0.231,0.031,0.004,0.004,0.424,0.662,0.001,0.368,0.002,0.47,0.476,0.038,0.253,0.28,0.217,0.045,0.018,0.055,17.791
01:06.9,3707,0.547,0.342,-0.602,-0.471,0.58,0.573,0.42,0.398,0.601,0.781,0.064,0.156,-0.049,-0.03,0.769,0.637,0.415,0.698,0.518,0.269,0.37,0.741,-0.223,0.514,0,0.001,0.001,0.001,0.001,0.001,0.001,0.001,0.001,0.001,0.001,0.001,0.001,0.001,0.001,0.001,0.001,0.001,0.001,0.001,0.001,0.001,0.001,0.001,0.01,0.001,0.001,0.001,0.001,0.001,0.001,0.001,0.001,0.001,0.001,0.001,0.001,0.001,0.001,0.001,0.001,0.001,0.001,0.001,0.001,0.301,-0.724,-0.233,-0.576,0.67,0.662,0.657,0.557,1.012,0.945,0.453,0.04,0.458,0.734,0.795,0.679,0.419,0.477,0.471,0.355,0.253,0.443,0.9,0.747,0.408,0.112,0.164,0.487,0.775,0.067,0.278,0.249,0.231,0.031,0.004,0.004,0.424,0.662,0.001,0.368,0.002,0.47,0.476,0.038,0.253,0.28,0.217,0.045,0.018,0.053,17.791
01:06.9,3708,0.546,0.347,-0.602,-0.468,0.573,0.576,0.413,0.411,0.6,0.782,0.063,0.154,-0.052,-0.027,0.77,0.635,0.416,0.696,0.519,0.269,0.368,0.747,-0.193,0.519,0.001,0.001,0.001,0.001,0.001,0.001,0.001,0.001,0,0.001,0.001,0.001,0.001,0.001,0.001,0.001,0.001,0.001,0.001,0.001,0.001,0.001,0.001,0.001,0.01,0.001,0.001,0.001,0.001,0.001,0.001,0.001,0.001,0.001,0.001,0.001,0.001,0.001,0.001,0.001,0.001,0.001,0.001,0.001,0.001,0.301,-0.724,-0.233,-0.576,0.67,0.662,0.657,0.557,1.012,0.945,0.453,0.04,0.458,0.734,0.795,0.679,0.419,0.477,0.471,0.355,0.253,0.443,0.9,0.747,0.408,0.112,0.164,0.487,0.775,0.067,0.278,0.249,0.231,0.031,0.004,0.004,0.424,0.662,0.001,0.368,0.002,0.47,0.476,0.038,0.253,0.28,0.217,0.045,0.018,0.053,17.791
01:06.9,3709,0.544,0.352,-0.602,-0.466,0.566,0.58,0.405,0.424,0.599,0.784,0.063,0.153,-0.054,-0.023,0.771,0.634,0.417,0.695,0.52,0.269,0.368,0.747,-0.193,0.519,0.001,0.001,0.001,0.001,0.001,0.001,0.001,0.001,0,0.001,0.001,0.001,0.001,0.001,0.001,0.001,0.001,0.001,0.001,0.001,0.001,0.001,0.001,0.001,0.01,0.001,0.001,0.001,0.001,0.001,0.001,0.001,0.001,0.001,0.001,0.001,0.001,0.001,0.001,0.001,0.001,0.001,0.001,0.001,0.001,0.301,-0.724,-0.233,-0.576,0.67,0.662,0.657,0.557,1.012,0.945,0.453,0.04,0.458,0.734,0.795,0.679,0.419,0.477,0.471,0.355,0.253,0.443,0.9,0.747,0.408,0.112,0.164,0.487,0.775,0.067,0.278,0.249,0.231,0.031,0.004,0.004,0.424,0.662,0.001,0.368,0.002,0.47,0.476,0.038,0.253,0.28,0.217,0.045,0.018,0.053,17.791
01:06.9,3710,0.543,0.358,-0.602,-0.463,0.559,0.584,0.396,0.436,0.597,0.785,0.062,0.151,-0.057,-0.02,0.772,0.633,0.418,0.693,0.521,0.27,0.368,0.747,-0.193,0.519,0.001,0.001,0.001,0.001,0.001,0.001,0.001,0.001,0,0.001,0.001,0.001,0.001,0.001,0.001,0.001,0.001,0.001,0.001,0.001,0.001,0.001,0.001,0.001,0.01,0.001,0.001,0.001,0.001,0.001,0.001,0.001,0.001,0.001,0.001,0.001,0.001,0.001,0.001,0.001,0.001,0.001,0.001,0.001,0.001,0.301,-0.724,-0.233,-0.576,0.67,0.662,0.657,0.557,1.012,0.945,0.453,0.04,0.458,0.734,0.795,0.679,0.419,0.477,0.471,0.355,0.253,0.443,0.9,0.747,0.408,0.112,0.164,0.487,0.775,0.067,0.278,0.249,0.231,0.031,0.004,0.004,0.424,0.662,0.001,0.368,0.002,0.47,0.476,0.038,0.253,0.28,0.217,0.045,0.018,0.053,17.791
01:06.9,3711,0.541,0.363,-0.602,-0.461,0.552,0.588,0.387,0.447,0.597,0.786,0.06,0.149,-0.059,-0.016,0.773,0.632,0.419,0.692,0.522,0.271,0.368,0.747,-0.193,0.519,0.001,0.001,0.001,0.001,0.001,0.001,0.001,0.001,0,0.001,0.001,0.001,0.001,0.001,0.001,0.001,0.001,0.001,0.001,0.001,0.001,0.001,0.001,0.001,0.01,0.001,0.001,0.001,0.001,0.001,0.001,0.001,0.001,0.001,0.001,0.001,0.001,0.001,0.001,0.001,0.001,0.001,0.001,0.001,0.001,0.283,-0.712,-0.196,-0.612,0.284,0.474,0.488,0.309,0.867,0.779,0.341,0.032,0.221,0.702,0.662,0.591,0.415,0.474,0.403,0.331,0.222,0.393,0.907,0.702,0.388,0.183,0.243,0.463,0.701,0.147,0.284,0.241,0.319,0.081,0.015,0.034,0.459,0.635,0.076,0.441,0.007,0.625,0.651,0.389,0.514,0.429,0.353,0.435,0.341,0.053,18.051
01:06.9,3712,0.54,0.369,-0.601,-0.46,0.545,0.592,0.377,0.458,0.596,0.787,0.058,0.149,-0.062,-0.013,0.773,0.631,0.42,0.69,0.523,0.272,0.368,0.747,-0.193,0.519,0.001,0.001,0.001,0.001,0.001,0.001,0.001,0.001,0,0.001,0.001,0.001,0.001,0.001,0.001,0.001,0.001,0.001,0.001,0.001,0.001,0.001,0.001,0.001,0.01,0.001,0.001,0.001,0.001,0.001,0.001,0.001,0.001,0.001,0.001,0.001,0.001,0.001,0.001,0.001,0.001,0.001,0.001,0.001,0.001,0.283,-0.71,-0.194,-0.615,0.204,0.457,0.48,0.266,0.846,0.766,0.331,0.029,0.192,0.68,0.653,0.573,0.419,0.475,0.398,0.331,0.219,0.358,0.891,0.685,0.391,0.182,0.249,0.462,0.696,0.15,0.291,0.231,0.319,0.082,0.013,0.035,0.462,0.63,0.074,0.449,0.009,0.632,0.665,0.399,0.516,0.447,0.364,0.46,0.382,0.053,17.843
01:06.9,3713,0.538,0.375,-0.6,-0.458,0.538,0.596,0.367,0.469,0.596,0.787,0.056,0.149,-0.066,-0.009,0.774,0.63,0.42,0.689,0.524,0.273,0.368,0.747,-0.193,0.519,0.001,0.001,0.001,0.001,0.001,0.001,0.001,0.001,0,0.001,0.001,0.001,0.001,0.001,0.001,0.001,0.001,0.001,0.001,0.001,0.001,0.001,0.001,0.001,0.01,0.001,0.001,0.001,0.001,0.001,0.001,0.001,0.001,0.001,0.001,0.001,0.001,0.001,0.001,0.001,0.001,0.001,0.001,0.001,0.001,0.282,-0.708,-0.191,-0.618,0.145,0.435,0.487,0.249,0.8,0.74,0.324,0.029,0.147,0.642,0.624,0.558,0.422,0.475,0.396,0.328,0.226,0.295,0.875,0.662,0.363,0.189,0.263,0.458,0.695,0.148,0.298,0.219,0.314,0.079,0.016,0.038,0.465,0.63,0.085,0.446,0.012,0.641,0.675,0.465,0.54,0.462,0.372,0.485,0.413,0.053,17.63
01:06.9,3714,0.536,0.382,-0.598,-0.458,0.53,0.6,0.357,0.48,0.596,0.787,0.055,0.15,-0.069,-0.006,0.774,0.629,0.42,0.688,0.525,0.274,0.368,0.747,-0.193,0.519,0.001,0.001,0.001,0.001,0.001,0.001,0.001,0.001,0,0.001,0.001,0.001,0.001,0.001,0.001,0.001,0.001,0.001,0.001,0.001,0.001,0.001,0.001,0.001,0.01,0.001,0.001,0.001,0.001,0.001,0.001,0.001,0.001,0.001,0.001,0.001,0.001,0.001,0.001,0.001,0.001,0.001,0.001,0.001,0.001,0.281,-0.707,-0.188,-0.622,0.059,0.408,0.455,0.216,0.745,0.722,0.313,0.028,0.143,0.608,0.608,0.52,0.415,0.474,0.393,0.327,0.225,0.22,0.816,0.639,0.348,0.198,0.261,0.458,0.692,0.148,0.293,0.217,0.302,0.072,0.016,0.04,0.468,0.624,0.1,0.433,0.012,0.648,0.689,0.491,0.57,0.477,0.383,0.503,0.462,0.053,17.239
01:06.9,3715,0.535,0.388,-0.595,-0.457,0.522,0.604,0.347,0.492,0.596,0.787,0.053,0.152,-0.072,-0.003,0.775,0.628,0.42,0.686,0.525,0.276,0.423,0.747,-0.073,0.506,0,0.001,0.001,0.001,0.001,0.001,0.001,0,0.001,0.001,0.001,0.001,0.001,0.001,0.001,0,0.001,0.001,0.001,0.001,0.001,0.001,0.001,0.001,0.01,0.001,0.001,0.001,0.001,0.001,0.001,0.001,0.001,0.001,0.001,0.001,0.001,0.001,0.001,0.001,0.001,0.001,0.001,0.001,0.001,0.279,-0.705,-0.184,-0.625,0.001,0.376,0.415,0.204,0.718,0.695,0.306,0.027,0.106,0.562,0.609,0.482,0.392,0.471,0.391,0.327,0.227,0.181,0.795,0.625,0.349,0.204,0.27,0.459,0.691,0.172,0.295,0.187,0.293,0.07,0.017,0.046,0.47,0.625,0.111,0.442,0.013,0.658,0.695,0.518,0.587,0.484,0.389,0.516,0.504,0.051,16.975
01:07.0,3716,0.533,0.394,-0.592,-0.458,0.513,0.608,0.338,0.503,0.595,0.786,0.053,0.155,-0.075,0,0.775,0.627,0.419,0.685,0.526,0.279,0.442,0.74,-0.078,0.501,0.001,0.001,0.001,0.001,0.001,0.001,0.001,0.001,0.001,0.001,0.001,0.001,0.001,0.001,0.001,0.001,0.001,0,0.001,0.001,0.001,0.001,0.001,0.001,0.001,0.001,0.001,0.001,0.001,0.001,0.001,0.001,0.001,0.001,0.001,0.001,0.001,0.001,0.001,0.001,0.001,0.001,0.001,0.001,0.001,0.277,-0.703,-0.179,-0.63,0,0.361,0.399,0.172,0.691,0.673,0.295,0.024,0.049,0.516,0.592,0.447,0.354,0.476,0.387,0.327,0.226,0.12,0.739,0.624,0.336,0.198,0.278,0.46,0.687,0.167,0.3,0.161,0.255,0.065,0.016,0.051,0.473,0.62,0.126,0.451,0.018,0.664,0.708,0.531,0.598,0.498,0.399,0.554,0.54,0.044,16.626
01:07.0,3717,0.533,0.399,-0.589,-0.459,0.505,0.611,0.33,0.513,0.595,0.786,0.054,0.158,-0.078,0.004,0.776,0.626,0.419,0.684,0.526,0.281,0.46,0.732,-0.083,0.497,0.001,0.001,0.001,0.001,0.001,0.001,0.001,0.001,0.001,0.001,0.001,0.001,0.001,0.001,0.001,0.001,0.001,0.001,0.001,0.001,0.001,0.001,0.001,0.001,0.001,0.001,0.001,0.001,0.001,0.001,0.001,0.001,0.001,0.001,0.001,0.001,0.001,0.001,0.001,0.001,0.001,0.001,0.001,0.001,0.001,0.275,-0.702,-0.175,-0.633,0,0.293,0.359,0.125,0.662,0.652,0.284,0.026,0.01,0.487,0.574,0.421,0.337,0.481,0.387,0.324,0.22,0.057,0.708,0.617,0.304,0.187,0.282,0.46,0.685,0.176,0.302,0.133,0.231,0.062,0.012,0.057,0.476,0.619,0.136,0.443,0.017,0.669,0.716,0.565,0.62,0.513,0.409,0.586,0.579,0.045,16.263
01:07.0,3718,0.532,0.402,-0.585,-0.461,0.497,0.613,0.323,0.522,0.595,0.785,0.055,0.161,-0.081,0.007,0.776,0.625,0.418,0.684,0.527,0.284,0.482,0.719,-0.09,0.493,0.001,0.001,0.001,0.001,0.001,0.001,0.001,0.001,0.001,0.001,0.001,0.001,0.001,0.001,0.001,0.001,0.001,0.001,0.001,0.001,0.001,0.001,0.001,0.001,0.001,0.001,0.001,0.001,0.001,0.001,0.001,0.001,0.001,0.001,0.001,0.001,0.001,0.001,0.001,0.001,0.001,0.001,0.001,0.001,0.001,0.272,-0.7,-0.168,-0.638,0,0.248,0.313,0.083,0.63,0.653,0.276,0.023,0,0.449,0.549,0.398,0.314,0.454,0.388,0.325,0.219,0.021,0.637,0.598,0.272,0.181,0.276,0.46,0.684,0.188,0.305,0.101,0.193,0.051,0.007,0.063,0.477,0.618,0.148,0.443,0.013,0.673,0.724,0.575,0.619,0.526,0.42,0.629,0.621,0.045,15.845
01:07.0,3719,0.532,0.404,-0.582,-0.463,0.491,0.614,0.318,0.529,0.596,0.784,0.056,0.163,-0.084,0.01,0.777,0.624,0.417,0.683,0.527,0.286,0.501,0.706,-0.097,0.491,0.001,0.001,0.001,0,0.001,0.001,0.001,0.001,0.001,0.001,0.001,0.001,0.001,0.001,0.001,0.001,0.001,0.001,0.001,0.001,0.001,0.001,0.001,0.001,0.001,0.001,0.001,0.001,0.001,0.001,0.001,0.001,0.001,0.001,0.001,0.001,0.001,0.001,0.001,0.001,0.001,0.001,0.001,0.001,0.001,0.269,-0.699,-0.163,-0.643,0.001,0.204,0.252,0.046,0.607,0.625,0.27,0.023,0,0.389,0.527,0.314,0.286,0.447,0.386,0.322,0.227,0,0.573,0.558,0.201,0.138,0.272,0.462,0.678,0.189,0.309,0.055,0.156,0.039,0.004,0.071,0.481,0.618,0.158,0.447,0.016,0.678,0.733,0.596,0.645,0.537,0.429,0.661,0.662,0.044,15.292
01:07.0,3720,0.533,0.405,-0.58,-0.464,0.487,0.616,0.313,0.533,0.596,0.784,0.058,0.165,-0.087,0.014,0.777,0.623,0.415,0.682,0.528,0.288,0.526,0.687,-0.106,0.49,0.001,0.001,0.001,0.001,0.001,0.001,0.001,0.001,0.001,0.001,0.001,0.001,0.001,0.001,0.001,0.001,0.001,0.001,0.001,0.001,0.001,0.001,0.001,0.001,0.001,0.001,0.001,0.001,0.001,0.001,0.001,0.001,0.001,0.001,0.001,0.001,0.001,0.001,0.001,0.001,0.001,0.001,0.001,0.001,0.001,0.266,-0.696,-0.156,-0.648,0,0.126,0.181,0.017,0.59,0.625,0.26,0.024,0,0.347,0.498,0.245,0.25,0.43,0.386,0.322,0.232,0,0.53,0.526,0.15,0.099,0.265,0.464,0.676,0.19,0.308,0.031,0.109,0.026,0.002,0.074,0.484,0.615,0.165,0.438,0.016,0.683,0.742,0.614,0.669,0.547,0.436,0.68,0.712,0.045,14.784
01:07.0,3721,0.535,0.404,-0.578,-0.466,0.485,0.619,0.309,0.535,0.596,0.783,0.06,0.166,-0.091,0.018,0.778,0.621,0.414,0.682,0.528,0.29,0.542,0.673,-0.112,0.491,0.001,0.001,0.001,0.001,0.001,0.001,0.001,0.001,0.001,0.001,0.001,0.001,0.001,0.001,0.001,0.001,0.001,0.001,0.001,0.001,0.001,0.001,0.001,0.001,0.001,0.001,0.001,0.001,0.001,0.001,0.001,0.001,0.001,0.001,0.001,0.001,0.001,0.001,0.001,0.001,0.001,0.001,0.001,0.001,0.001,0.266,-0.696,-0.156,-0.648,0,0.126,0.181,0.017,0.59,0.625,0.26,0.024,0,0.347,0.498,0.245,0.25,0.43,0.386,0.322,0.232,0,0.53,0.526,0.15,0.099,0.265,0.464,0.676,0.19,0.308,0.031,0.109,0.026,0.002,0.074,0.484,0.615,0.165,0.438,0.016,0.683,0.742,0.614,0.669,0.547,0.436,0.68,0.712,0.045,14.784
01:07.0,3722,0.537,0.401,-0.576,-0.467,0.482,0.621,0.305,0.537,0.596,0.783,0.061,0.168,-0.095,0.022,0.779,0.619,0.413,0.682,0.529,0.291,0.563,0.653,-0.122,0.492,0.001,0.001,0.001,0.001,0.001,0.001,0.001,0.001,0.001,0.001,0.001,0.001,0.001,0.001,0.001,0.001,0.001,0.001,0,0.001,0.001,0.001,0.001,0.001,0.001,0.001,0.001,0.001,0.001,0.001,0.001,0.001,0.001,0.001,0.001,0.001,0.001,0.001,0.001,0.001,0.001,0.001,0.001,0.001,0.001,0.263,-0.695,-0.151,-0.652,0.001,0.074,0.1,0,0.575,0.617,0.259,0.024,0,0.284,0.443,0.176,0.228,0.425,0.38,0.317,0.233,0,0.433,0.473,0.11,0.05,0.239,0.466,0.676,0.198,0.306,0.001,0.02,0.015,0.001,0.077,0.487,0.614,0.168,0.447,0.02,0.685,0.744,0.626,0.681,0.558,0.453,0.709,0.742,0.044,14.135
01:07.0,3723,0.539,0.398,-0.576,-0.468,0.48,0.623,0.302,0.538,0.596,0.783,0.063,0.169,-0.1,0.026,0.779,0.618,0.412,0.681,0.53,0.292,0.575,0.64,-0.132,0.493,0.001,0.001,0.001,0.001,0.001,0.001,0.001,0.001,0.001,0.001,0.001,0.001,0.001,0.001,0.001,0.001,0.001,0.001,0.001,0.001,0.001,0.001,0.001,0.001,0.001,0.001,0.001,0.001,0.001,0.001,0.001,0.001,0.001,0.001,0.001,0.001,0.001,0.001,0.001,0.001,0.001,0.001,0.001,0.001,0.001,0.261,-0.692,-0.145,-0.657,0,0.009,0.012,0,0.541,0.607,0.254,0.023,0,0.187,0.365,0.125,0.161,0.425,0.37,0.316,0.249,0,0.4,0.397,0.053,0.001,0.223,0.471,0.676,0.222,0.302,0.001,0.002,0.001,0,0.082,0.49,0.612,0.181,0.451,0.015,0.689,0.748,0.632,0.692,0.565,0.462,0.729,0.772,0.045,13.513
01:07.0,3724,0.542,0.394,-0.575,-0.469,0.479,0.624,0.3,0.539,0.595,0.783,0.064,0.17,-0.105,0.03,0.78,0.616,0.411,0.681,0.531,0.293,0.575,0.64,-0.132,0.493,0.001,0.001,0.001,0.001,0.001,0.001,0.001,0.001,0.001,0.001,0.001,0.001,0.001,0.001,0.001,0.001,0.001,0.001,0.001,0.001,0.001,0.001,0.001,0.001,0.001,0.001,0.001,0.001,0.001,0.001,0.001,0.001,0.001,0.001,0.001,0.001,0.001,0.001,0.001,0.001,0.001,0.001,0.001,0.001,0.001,0.261,-0.692,-0.145,-0.657,0,0.009,0.012,0,0.541,0.607,0.254,0.023,0,0.187,0.365,0.125,0.161,0.425,0.37,0.316,0.249,0,0.4,0.397,0.053,0.001,0.223,0.471,0.676,0.222,0.302,0.001,0.002,0.001,0,0.082,0.49,0.612,0.181,0.451,0.015,0.689,0.748,0.632,0.692,0.565,0.462,0.729,0.772,0.045,13.513
01:07.0,3725,0.546,0.389,-0.575,-0.469,0.478,0.625,0.3,0.539,0.595,0.783,0.065,0.171,-0.11,0.034,0.781,0.614,0.411,0.68,0.532,0.293,0.575,0.64,-0.132,0.493,0.001,0.001,0.001,0.001,0.001,0.001,0.001,0.001,0.001,0.001,0.001,0.001,0.001,0.001,0.001,0.001,0.001,0.001,0.001,0.001,0.001,0.001,0.001,0.001,0.001,0.001,0.001,0.001,0.001,0.001,0.001,0.001,0.001,0.001,0.001,0.001,0.001,0.001,0.001,0.001,0.001,0.001,0.001,0.001,0.001,0.261,-0.692,-0.145,-0.657,0,0.009,0.012,0,0.541,0.607,0.254,0.023,0,0.187,0.365,0.125,0.161,0.425,0.37,0.316,0.249,0,0.4,0.397,0.053,0.001,0.223,0.471,0.676,0.222,0.302,0.001,0.002,0.001,0,0.082,0.49,0.612,0.181,0.451,0.015,0.689,0.748,0.632,0.692,0.565,0.462,0.729,0.772,0.045,13.513
01:07.1,3726,0.549,0.383,-0.576,-0.469,0.477,0.625,0.3,0.539,0.595,0.782,0.066,0.172,-0.114,0.038,0.781,0.613,0.411,0.68,0.532,0.293,0.575,0.64,-0.132,0.493,0.001,0.001,0.001,0.001,0.001,0.001,0.001,0.001,0.001,0.001,0.001,0.001,0.001,0.001,0.001,0.001,0.001,0.001,0.001,0.001,0.001,0.001,0.001,0.001,0.001,0.001,0.001,0.001,0.001,0.001,0.001,0.001,0.001,0.001,0.001,0.001,0.001,0.001,0.001,0.001,0.001,0.001,0.001,0.001,0.001,0.261,-0.692,-0.145,-0.657,0,0.009,0.012,0,0.541,0.607,0.254,0.023,0,0.187,0.365,0.125,0.161,0.425,0.37,0.316,0.249,0,0.4,0.397,0.053,0.001,0.223,0.471,0.676,0.222,0.302,0.001,0.002,0.001,0,0.082,0.49,0.612,0.181,0.451,0.015,0.689,0.748,0.632,0.692,0.565,0.462,0.729,0.772,0.045,13.513
01:07.1,3727,0.553,0.377,-0.577,-0.468,0.477,0.623,0.303,0.54,0.595,0.782,0.067,0.173,-0.119,0.042,0.782,0.611,0.411,0.679,0.533,0.293,0.575,0.64,-0.132,0.493,0.001,0.001,0.001,0.001,0.001,0.001,0.001,0.001,0.001,0.001,0.001,0.001,0.001,0.001,0.001,0.001,0.001,0.001,0.001,0.001,0.001,0.001,0.001,0.001,0.001,0.001,0.001,0.001,0.001,0.001,0.001,0.001,0.001,0.001,0.001,0.001,0.001,0.001,0.001,0.001,0.001,0.001,0.001,0.001,0.001,0.261,-0.692,-0.145,-0.657,0,0.009,0.012,0,0.541,0.607,0.254,0.023,0,0.187,0.365,0.125,0.161,0.425,0.37,0.316,0.249,0,0.4,0.397,0.053,0.001,0.223,0.471,0.676,0.222,0.302,0.001,0.002,0.001,0,0.082,0.49,0.612,0.181,0.451,0.015,0.689,0.748,0.632,0.692,0.565,0.462,0.729,0.772,0.045,13.513
01:07.1,3728,0.555,0.371,-0.579,-0.467,0.478,0.62,0.309,0.54,0.595,0.782,0.067,0.174,-0.124,0.046,0.782,0.609,0.412,0.678,0.534,0.293,0.575,0.64,-0.132,0.493,0.001,0.001,0.001,0.001,0.001,0.001,0.001,0.001,0.001,0.001,0.001,0.001,0.001,0.001,0.001,0.001,0.001,0.001,0.001,0.001,0.001,0.001,0.001,0.001,0.001,0.001,0.001,0.001,0.001,0.001,0.001,0.001,0.001,0.001,0.001,0.001,0.001,0.001,0.001,0.001,0.001,0.001,0.001,0.001,0.001,0.261,-0.692,-0.145,-0.657,0,0.009,0.012,0,0.541,0.607,0.254,0.023,0,0.187,0.365,0.125,0.161,0.425,0.37,0.316,0.249,0,0.4,0.397,0.053,0.001,0.223,0.471,0.676,0.222,0.302,0.001,0.002,0.001,0,0.082,0.49,0.612,0.181,0.451,0.015,0.689,0.748,0.632,0.692,0.565,0.462,0.729,0.772,0.045,13.513
01:07.1,3729,0.558,0.364,-0.582,-0.466,0.48,0.616,0.317,0.539,0.595,0.781,0.067,0.175,-0.13,0.05,0.782,0.607,0.413,0.676,0.534,0.294,0.613,0.537,-0.249,0.524,0.001,0.001,0.001,0.001,0.001,0.001,0.001,0.001,0.001,0.001,0.001,0.001,0.001,0.001,0.001,0.001,0.001,0.001,0.001,0.001,0.001,0.001,0.001,0.001,0.001,0.001,0.001,0.001,0.001,0.001,0.001,0.001,0.001,0.001,0.001,0.001,0.001,0.001,0.001,0.001,0.001,0.001,0.001,0.001,0.001,0.262,-0.673,-0.118,-0.682,0,0.009,0.012,0,0.541,0.607,0.254,0.023,0,0.187,0.365,0.125,0.161,0.425,0.37,0.316,0.249,0,0.4,0.397,0.053,0.001,0.223,0.471,0.676,0.222,0.302,0.001,0.002,0.001,0,0.082,0.49,0.612,0.181,0.451,0.015,0.689,0.748,0.632,0.692,0.565,0.462,0.729,0.772,0.045,13.513
01:07.1,3730,0.559,0.358,-0.586,-0.465,0.484,0.61,0.328,0.535,0.595,0.781,0.067,0.177,-0.137,0.054,0.782,0.606,0.414,0.675,0.534,0.296,0.615,0.525,-0.266,0.525,0.02,0.004,0.001,0.001,0.001,0.001,0.001,0.001,0.001,0.16,0.007,0.001,0.001,0.001,0.001,0.001,0.001,0.001,0.05,0.001,0.001,0.001,0.001,0.001,0.001,0.001,0.001,0.001,0.001,0.001,0.001,0.001,0.001,0.001,0.001,0.001,0.001,0.001,0.001,0.001,0.001,0.001,0.001,0.001,0.001,0.27,-0.669,-0.119,-0.682,0,0.001,0,0.001,0.02,0.269,0.197,0.015,0,0.001,0.016,0,0.001,0.161,0.352,0.272,0.271,0,0.012,0,0,0,0.021,0.47,0.648,0.291,0.294,0.001,0.001,0,0.001,0.009,0.495,0.603,0.225,0.425,0.001,0.709,0.797,0.701,0.753,0.634,0.546,0.845,0.95,0.281,11.009
01:07.1,3731,0.559,0.352,-0.59,-0.464,0.489,0.604,0.34,0.529,0.596,0.78,0.068,0.18,-0.144,0.058,0.781,0.605,0.415,0.673,0.534,0.298,0.615,0.525,-0.266,0.525,0.02,0.004,0.001,0.001,0.001,0.001,0.001,0.001,0.001,0.16,0.007,0.001,0.001,0.001,0.001,0.001,0.001,0.001,0.05,0.001,0.001,0.001,0.001,0.001,0.001,0.001,0.001,0.001,0.001,0.001,0.001,0.001,0.001,0.001,0.001,0.001,0.001,0.001,0.001,0.001,0.001,0.001,0.001,0.001,0.001,0.278,-0.666,-0.12,-0.681,0,0,0.001,0,0.016,0.221,0.187,0.013,0,0,0.007,0,0.001,0.121,0.347,0.267,0.27,0,0.012,0.001,0,0.001,0.021,0.47,0.642,0.295,0.289,0.001,0,0,0.001,0,0.488,0.603,0.223,0.414,0,0.716,0.801,0.706,0.755,0.639,0.554,0.868,0.963,0.281,10.914
01:07.1,3732,0.558,0.347,-0.594,-0.463,0.496,0.598,0.354,0.522,0.597,0.778,0.069,0.183,-0.151,0.061,0.78,0.604,0.417,0.672,0.534,0.3,0.615,0.525,-0.266,0.525,0.02,0.004,0.001,0.001,0.001,0.001,0.001,0.001,0.001,0.16,0.007,0.001,0.001,0.001,0.001,0.001,0.001,0.001,0.05,0.001,0.001,0.001,0.001,0.001,0.001,0.001,0.001,0.001,0.001,0.001,0.001,0.001,0.001,0.001,0.001,0.001,0.001,0.001,0.001,0.001,0.001,0.001,0.001,0.001,0.001,0.286,-0.663,-0.122,-0.681,0,0,0,0,0.001,0.211,0.17,0.012,0,0.001,0.005,0,0.001,0.067,0.333,0.261,0.278,0,0.011,0,0.001,0,0.011,0.468,0.635,0.297,0.284,0.001,0,0,0,0.001,0.486,0.602,0.222,0.41,0.001,0.73,0.808,0.711,0.792,0.646,0.563,0.874,0.956,0.281,10.85
01:07.1,3733,0.557,0.344,-0.598,-0.463,0.501,0.593,0.366,0.513,0.598,0.777,0.071,0.186,-0.157,0.064,0.779,0.604,0.418,0.67,0.533,0.303,0.615,0.525,-0.266,0.525,0.02,0.004,0.001,0.001,0.001,0.001,0.001,0.001,0.001,0.16,0.007,0.001,0.001,0.001,0.001,0.001,0.001,0.001,0.05,0.001,0.001,0.001,0.001,0.001,0.001,0.001,0.001,0.001,0.001,0.001,0.001,0.001,0.001,0.001,0.001,0.001,0.001,0.001,0.001,0.001,0.001,0.001,0.001,0.001,0.001,0.299,-0.659,-0.127,-0.678,0,0.001,0,0,0,0.172,0.153,0.012,0,0,0.002,0.001,0,0.059,0.306,0.254,0.272,0,0.01,0.001,0,0.001,0.01,0.454,0.629,0.306,0.277,0,0.001,0.001,0,0,0.491,0.601,0.216,0.416,0.002,0.748,0.813,0.714,0.789,0.658,0.573,0.897,0.956,0.281,10.796
01:07.1,3734,0.554,0.344,-0.6,-0.463,0.505,0.592,0.373,0.505,0.598,0.775,0.074,0.189,-0.163,0.067,0.778,0.603,0.418,0.668,0.534,0.306,0.615,0.525,-0.266,0.525,0.02,0.004,0.001,0.001,0.001,0.001,0.001,0.001,0.001,0.16,0.007,0.001,0.001,0.001,0.001,0.001,0.001,0.001,0.05,0.001,0.001,0.001,0.001,0.001,0.001,0.001,0.001,0.001,0.001,0.001,0.001,0.001,0.001,0.001,0.001,0.001,0.001,0.001,0.001,0.001,0.001,0.001,0.001,0.001,0.001,0.309,-0.657,-0.13,-0.675,0.001,0.001,0,0,0.001,0.098,0.136,0.012,0,0,0,0.001,0.001,0.05,0.281,0.248,0.271,0,0.01,0.001,0,0,0.006,0.437,0.623,0.303,0.282,0.001,0,0,0,0,0.486,0.6,0.23,0.416,0.015,0.77,0.817,0.703,0.791,0.675,0.578,0.902,0.949,0.281,10.696
01:07.1,3735,0.549,0.346,-0.602,-0.465,0.509,0.594,0.373,0.499,0.6,0.773,0.078,0.191,-0.168,0.069,0.777,0.603,0.418,0.666,0.534,0.309,0.615,0.525,-0.266,0.525,0.02,0.004,0.001,0.001,0.001,0.001,0.001,0.001,0.001,0.16,0.007,0.001,0.001,0.001,0.001,0.001,0.001,0.001,0.05,0.001,0.001,0.001,0.001,0.001,0.001,0.001,0.001,0.001,0.001,0.001,0.001,0.001,0.001,0.001,0.001,0.001,0.001,0.001,0.001,0.001,0.001,0.001,0.001,0.001,0.001,0.309,-0.657,-0.13,-0.675,0.001,0.001,0,0,0.001,0.098,0.136,0.012,0,0,0,0.001,0.001,0.05,0.281,0.248,0.271,0,0.01,0.001,0,0,0.006,0.437,0.623,0.303,0.282,0.001,0,0,0,0,0.486,0.6,0.23,0.416,0.015,0.77,0.817,0.703,0.791,0.675,0.578,0.902,0.949,0.281,10.696
01:07.2,3736,0.545,0.35,-0.603,-0.466,0.513,0.596,0.369,0.496,0.601,0.771,0.083,0.191,-0.173,0.071,0.776,0.602,0.418,0.665,0.536,0.31,0.615,0.525,-0.266,0.525,0.02,0.004,0.001,0.001,0.001,0.001,0.001,0.001,0.001,0.16,0.007,0.001,0.001,0.001,0.001,0.001,0.001,0.001,0.05,0.001,0.001,0.001,0.001,0.001,0.001,0.001,0.001,0.001,0.001,0.001,0.001,0.001,0.001,0.001,0.001,0.001,0.001,0.001,0.001,0.001,0.001,0.001,0.001,0.001,0.001,0.309,-0.657,-0.13,-0.675,0.001,0.001,0,0,0.001,0.098,0.136,0.012,0,0,0,0.001,0.001,0.05,0.281,0.248,0.271,0,0.01,0.001,0,0,0.006,0.437,0.623,0.303,0.282,0.001,0,0,0,0,0.486,0.6,0.23,0.416,0.015,0.77,0.817,0.703,0.791,0.675,0.578,0.902,0.949,0.281,10.696
01:07.2,3737,0.541,0.352,-0.604,-0.468,0.515,0.595,0.367,0.496,0.603,0.77,0.088,0.19,-0.179,0.072,0.775,0.602,0.417,0.664,0.537,0.311,0.473,0.528,-0.243,0.662,0.25,0.098,0.001,0.001,0.001,0.001,0.001,0.001,0.118,0.275,0.023,0.001,0.001,0.001,0.001,0.001,0.001,0.001,0.182,0.001,0.001,0.001,0.001,0.001,0.001,0.001,0,0.001,0.001,0.001,0.001,0.001,0.001,0.001,0.001,0.001,0.001,0.001,0.001,0.001,0.001,0.001,0.001,0.001,0.001,0.309,-0.657,-0.13,-0.675,0.001,0.001,0,0,0.001,0.098,0.136,0.012,0,0,0,0.001,0.001,0.05,0.281,0.248,0.271,0,0.01,0.001,0,0,0.006,0.437,0.623,0.303,0.282,0.001,0,0,0,0,0.486,0.6,0.23,0.416,0.015,0.77,0.817,0.703,0.791,0.675,0.578,0.902,0.949,0.984,10.696
01:07.2,3738,0.541,0.352,-0.602,-0.469,0.515,0.591,0.371,0.498,0.606,0.768,0.094,0.187,-0.187,0.073,0.774,0.6,0.417,0.664,0.538,0.31,0.476,0.516,-0.266,0.661,0.969,0.823,0.557,0.001,0.001,0.001,0.001,0.001,0.902,0.86,0.739,0.001,0.001,0.001,0.001,0.001,0.001,0.424,0.833,0.41,0.001,0.001,0.001,0.001,0.005,0.001,0.001,0.187,0.002,0.001,0.001,0.001,0.001,0.001,0.001,0.001,0.001,0.001,0.001,0.001,0.001,0.001,0.001,0.001,0.001,0.309,-0.657,-0.13,-0.675,0.001,0.001,0,0,0.001,0.098,0.136,0.012,0,0,0,0.001,0.001,0.05,0.281,0.248,0.271,0,0.01,0.001,0,0,0.006,0.437,0.623,0.303,0.282,0.001,0,0,0,0,0.486,0.6,0.23,0.416,0.015,0.77,0.817,0.703,0.791,0.675,0.578,0.902,0.949,6.744,10.696
01:07.2,3739,0.545,0.35,-0.601,-0.469,0.513,0.584,0.381,0.5,0.609,0.766,0.101,0.182,-0.195,0.072,0.773,0.599,0.417,0.663,0.54,0.308,0.491,0.49,-0.302,0.654,0.99,0.845,0.692,0.001,0.001,0.001,0.001,0.001,0.882,0.856,0.766,0.001,0.001,0.001,0.001,0.001,0.001,0.402,0.841,0.465,0.001,0.001,0.001,0.001,0.007,0.001,0.001,0.182,0.002,0.001,0.001,0.001,0.001,0.001,0.001,0.001,0.001,0,0.001,0.001,0.001,0.001,0.001,0.001,0.001,0.309,-0.657,-0.13,-0.675,0.001,0.001,0,0,0.001,0.098,0.136,0.012,0,0,0,0.001,0.001,0.05,0.281,0.248,0.271,0,0.01,0.001,0,0,0.006,0.437,0.623,0.303,0.282,0.001,0,0,0,0,0.486,0.6,0.23,0.416,0.015,0.77,0.817,0.703,0.791,0.675,0.578,0.902,0.949,6.962,10.696
01:07.2,3740,0.551,0.348,-0.6,-0.463,0.511,0.576,0.391,0.505,0.612,0.763,0.109,0.175,-0.206,0.071,0.772,0.597,0.416,0.664,0.541,0.305,0.5,0.474,-0.32,0.65,1.009,0.861,0.779,0.001,0.001,0.001,0.001,0.001,0.857,0.861,0.802,0.001,0.001,0.001,0.001,0.001,0.001,0.369,0.847,0.521,0.001,0.001,0.001,0.001,0.01,0.001,0.001,0.165,0.006,0.001,0.001,0.001,0.001,0.001,0.001,0.001,0.001,0.001,0.001,0.001,0.001,0.001,0.001,0.001,0.001,0.309,-0.657,-0.13,-0.675,0.001,0.001,0,0,0.001,0.098,0.136,0.012,0,0,0,0.001,0.001,0.05,0.281,0.248,0.271,0,0.01,0.001,0,0,0.006,0.437,0.623,0.303,0.282,0.001,0,0,0,0,0.486,0.6,0.23,0.416,0.015,0.77,0.817,0.703,0.791,0.675,0.578,0.902,0.949,7.12,10.696
01:07.2,3741,0.558,0.35,-0.599,-0.455,0.509,0.565,0.402,0.51,0.617,0.759,0.118,0.167,-0.219,0.067,0.77,0.596,0.416,0.665,0.542,0.303,0.491,0.47,-0.327,0.657,1.024,0.879,0.842,0.001,0.087,0.001,0.001,0.001,0.821,0.861,0.817,0.001,0.001,0.001,0.001,0.001,0.001,0.346,0.845,0.557,0.001,0.001,0.001,0.001,0.01,0.001,0.001,0.155,0.016,0.001,0.001,0.001,0.001,0.001,0.001,0.001,0.001,0.001,0.001,0.001,0.001,0.001,0.001,0.001,0.001,0.363,-0.649,-0.067,-0.665,0,0.001,0,0,0.001,0.063,0.133,0.01,0,0.001,0,0.001,0.001,0.04,0.255,0.248,0.275,0,0.009,0.001,0,0,0,0.404,0.62,0.303,0.286,0,0.001,0,0.001,0.001,0.471,0.6,0.237,0.425,0.024,0.796,0.818,0.701,0.784,0.69,0.579,0.905,0.946,7.292,10.631
01:07.2,3742,0.562,0.355,-0.596,-0.45,0.508,0.554,0.414,0.514,0.624,0.754,0.128,0.158,-0.233,0.063,0.767,0.595,0.416,0.665,0.543,0.3,0.491,0.47,-0.327,0.657,1.024,0.879,0.842,0.001,0.087,0.001,0.001,0.001,0.821,0.861,0.817,0.001,0.001,0.001,0.001,0.001,0.001,0.346,0.845,0.557,0.001,0.001,0.001,0.001,0.01,0.001,0.001,0.155,0.016,0.001,0.001,0.001,0.001,0.001,0.001,0.001,0.001,0.001,0.001,0.001,0.001,0.001,0.001,0.001,0.001,0.364,-0.652,-0.041,-0.664,0,0,0.001,0,0,0.001,0.049,0.001,0,0.001,0.001,0,0,0.001,0.164,0.084,0.193,0,0,0.005,0,0.001,0.001,0.237,0.253,0.189,0.23,0,0,0,0,0.001,0.348,0.441,0.178,0.473,0.026,0.601,0.737,0.835,0.751,0.597,0.419,0.805,0.759,7.292,8.383
01:07.2,3743,0.56,0.364,-0.592,-0.451,0.506,0.544,0.427,0.515,0.632,0.748,0.139,0.149,-0.245,0.058,0.763,0.595,0.415,0.665,0.544,0.299,0.491,0.47,-0.327,0.657,1.024,0.879,0.842,0.001,0.087,0.001,0.001,0.001,0.821,0.861,0.817,0.001,0.001,0.001,0.001,0.001,0.001,0.346,0.845,0.557,0.001,0.001,0.001,0.001,0.01,0.001,0.001,0.155,0.016,0.001,0.001,0.001,0.001,0.001,0.001,0.001,0.001,0.001,0.001,0.001,0.001,0.001,0.001,0.001,0.001,0.371,-0.652,-0.009,-0.662,0,0.001,0,0,0,0,0.042,0,0,0.001,0,0,0,0.001,0.12,0.117,0.178,0.001,0,0,0,0.001,0.016,0.205,0.203,0.134,0.222,0,0,0,0,0.001,0.311,0.349,0.107,0.512,0.024,0.556,0.425,0.755,0.672,0.547,0.208,0.734,0.823,7.292,7.266
01:07.2,3744,0.552,0.376,-0.587,-0.458,0.504,0.537,0.443,0.512,0.641,0.739,0.15,0.141,-0.254,0.051,0.761,0.595,0.415,0.665,0.545,0.299,0.491,0.47,-0.327,0.657,1.024,0.879,0.842,0.001,0.087,0.001,0.001,0.001,0.821,0.861,0.817,0.001,0.001,0.001,0.001,0.001,0.001,0.346,0.845,0.557,0.001,0.001,0.001,0.001,0.01,0.001,0.001,0.155,0.016,0.001,0.001,0.001,0.001,0.001,0.001,0.001,0.001,0.001,0.001,0.001,0.001,0.001,0.001,0.001,0.001,0.393,-0.647,0.003,-0.653,0,0,0.001,0,0,0.001,0.032,0,0,0.001,0.001,0,0,0.024,0.106,0.126,0.15,0.001,0.001,0,0,0.001,0.029,0.156,0.134,0.079,0.189,0.001,0.001,0,0,0.001,0.248,0.332,0.05,0.532,0.005,0.466,0.274,0.637,0.762,0.47,0.099,0.379,0.784,7.292,6.073
01:07.2,3745,0.539,0.389,-0.582,-0.469,0.501,0.533,0.457,0.506,0.65,0.731,0.161,0.133,-0.258,0.046,0.762,0.593,0.413,0.664,0.546,0.301,0.491,0.47,-0.327,0.657,1.024,0.879,0.842,0.001,0.087,0.001,0.001,0.001,0.821,0.861,0.817,0.001,0.001,0.001,0.001,0.001,0.001,0.346,0.845,0.557,0.001,0.001,0.001,0.001,0.01,0.001,0.001,0.155,0.016,0.001,0.001,0.001,0.001,0.001,0.001,0.001,0.001,0.001,0.001,0.001,0.001,0.001,0.001,0.001,0.001,0.393,-0.647,0.003,-0.653,0,0,0.001,0,0,0.001,0.032,0,0,0.001,0.001,0,0,0.024,0.106,0.126,0.15,0.001,0.001,0,0,0.001,0.029,0.156,0.134,0.079,0.189,0.001,0.001,0,0,0.001,0.248,0.332,0.05,0.532,0.005,0.466,0.274,0.637,0.762,0.47,0.099,0.379,0.784,7.292,6.073
01:07.3,3746,0.524,0.399,-0.582,-0.478,0.499,0.53,0.47,0.499,0.657,0.723,0.171,0.126,-0.258,0.044,0.765,0.588,0.409,0.664,0.548,0.303,0.491,0.47,-0.327,0.657,1.024,0.879,0.842,0.001,0.087,0.001,0.001,0.001,0.821,0.861,0.817,0.001,0.001,0.001,0.001,0.001,0.001,0.346,0.845,0.557,0.001,0.001,0.001,0.001,0.01,0.001,0.001,0.155,0.016,0.001,0.001,0.001,0.001,0.001,0.001,0.001,0.001,0.001,0.001,0.001,0.001,0.001,0.001,0.001,0.001,0.393,-0.647,0.003,-0.653,0,0,0.001,0,0,0.001,0.032,0,0,0.001,0.001,0,0,0.024,0.106,0.126,0.15,0.001,0.001,0,0,0.001,0.029,0.156,0.134,0.079,0.189,0.001,0.001,0,0,0.001,0.248,0.332,0.05,0.532,0.005,0.466,0.274,0.637,0.762,0.47,0.099,0.379,0.784,7.292,6.073
01:07.3,3747,0.512,0.406,-0.586,-0.48,0.498,0.529,0.482,0.49,0.662,0.717,0.18,0.121,-0.258,0.046,0.769,0.582,0.404,0.664,0.55,0.305,0.491,0.47,-0.327,0.657,1.024,0.879,0.842,0.001,0.087,0.001,0.001,0.001,0.821,0.861,0.817,0.001,0.001,0.001,0.001,0.001,0.001,0.346,0.845,0.557,0.001,0.001,0.001,0.001,0.01,0.001,0.001,0.155,0.016,0.001,0.001,0.001,0.001,0.001,0.001,0.001,0.001,0.001,0.001,0.001,0.001,0.001,0.001,0.001,0.001,0.393,-0.647,0.003,-0.653,0,0,0.001,0,0,0.001,0.032,0,0,0.001,0.001,0,0,0.024,0.106,0.126,0.15,0.001,0.001,0,0,0.001,0.029,0.156,0.134,0.079,0.189,0.001,0.001,0,0,0.001,0.248,0.332,0.05,0.532,0.005,0.466,0.274,0.637,0.762,0.47,0.099,0.379,0.784,7.292,6.073
01:07.3,3748,0.505,0.412,-0.59,-0.476,0.502,0.528,0.492,0.477,0.665,0.713,0.188,0.118,-0.261,0.049,0.772,0.577,0.397,0.665,0.553,0.308,0.491,0.47,-0.327,0.657,1.024,0.879,0.842,0.001,0.087,0.001,0.001,0.001,0.821,0.861,0.817,0.001,0.001,0.001,0.001,0.001,0.001,0.346,0.845,0.557,0.001,0.001,0.001,0.001,0.01,0.001,0.001,0.155,0.016,0.001,0.001,0.001,0.001,0.001,0.001,0.001,0.001,0.001,0.001,0.001,0.001,0.001,0.001,0.001,0.001,0.393,-0.647,0.003,-0.653,0,0,0.001,0,0,0.001,0.032,0,0,0.001,0.001,0,0,0.024,0.106,0.126,0.15,0.001,0.001,0,0,0.001,0.029,0.156,0.134,0.079,0.189,0.001,0.001,0,0,0.001,0.248,0.332,0.05,0.532,0.005,0.466,0.274,0.637,0.762,0.47,0.099,0.379,0.784,7.292,6.073
01:07.3,3749,0.501,0.418,-0.593,-0.472,0.51,0.527,0.498,0.462,0.667,0.709,0.195,0.117,-0.267,0.053,0.774,0.572,0.389,0.666,0.556,0.31,0.419,0.482,-0.35,0.686,0.998,0.83,0.847,0.663,0.788,0.624,0.427,0.011,0.706,0.797,0.833,0.441,0.171,0.361,0.446,0.271,0.223,0.361,0.855,0.757,0.147,0.007,0.123,0.372,0.636,0.002,0.001,0.283,0.173,0.002,0.001,0.002,0.31,0.179,0.001,0.02,0.001,0.284,0.037,0.001,0.001,0.027,0.001,0.001,0.001,0.393,-0.647,0.003,-0.653,0,0,0.001,0,0,0.001,0.032,0,0,0.001,0.001,0,0,0.024,0.106,0.126,0.15,0.001,0.001,0,0,0.001,0.029,0.156,0.134,0.079,0.189,0.001,0.001,0,0,0.001,0.248,0.332,0.05,0.532,0.005,0.466,0.274,0.637,0.762,0.47,0.099,0.379,0.784,14.023,6.073
01:07.3,3750,0.498,0.425,-0.594,-0.467,0.52,0.526,0.502,0.448,0.668,0.707,0.202,0.118,-0.274,0.058,0.774,0.567,0.381,0.667,0.559,0.311,0.419,0.482,-0.35,0.686,0.998,0.83,0.847,0.663,0.788,0.624,0.427,0.011,0.706,0.797,0.833,0.441,0.171,0.361,0.446,0.271,0.223,0.361,0.855,0.757,0.147,0.007,0.123,0.372,0.636,0.002,0.001,0.283,0.173,0.002,0.001,0.002,0.31,0.179,0.001,0.02,0.001,0.284,0.037,0.001,0.001,0.027,0.001,0.001,0.001,0.393,-0.647,0.003,-0.653,0,0,0.001,0,0,0.001,0.032,0,0,0.001,0.001,0,0,0.024,0.106,0.126,0.15,0.001,0.001,0,0,0.001,0.029,0.156,0.134,0.079,0.189,0.001,0.001,0,0,0.001,0.248,0.332,0.05,0.532,0.005,0.466,0.274,0.637,0.762,0.47,0.099,0.379,0.784,14.023,6.073
01:07.3,3751,0.495,0.431,-0.595,-0.464,0.53,0.524,0.504,0.435,0.669,0.704,0.209,0.119,-0.283,0.062,0.774,0.563,0.376,0.668,0.561,0.312,0.419,0.482,-0.35,0.686,0.998,0.83,0.847,0.663,0.788,0.624,0.427,0.011,0.706,0.797,0.833,0.441,0.171,0.361,0.446,0.271,0.223,0.361,0.855,0.757,0.147,0.007,0.123,0.372,0.636,0.002,0.001,0.283,0.173,0.002,0.001,0.002,0.31,0.179,0.001,0.02,0.001,0.284,0.037,0.001,0.001,0.027,0.001,0.001,0.001,0.393,-0.647,0.003,-0.653,0,0,0.001,0,0,0.001,0.032,0,0,0.001,0.001,0,0,0.024,0.106,0.126,0.15,0.001,0.001,0,0,0.001,0.029,0.156,0.134,0.079,0.189,0.001,0.001,0,0,0.001,0.248,0.332,0.05,0.532,0.005,0.466,0.274,0.637,0.762,0.47,0.099,0.379,0.784,14.023,6.073
01:07.3,3752,0.492,0.438,-0.594,-0.462,0.537,0.524,0.504,0.427,0.669,0.701,0.216,0.12,-0.29,0.065,0.775,0.558,0.372,0.669,0.563,0.312,0.419,0.482,-0.35,0.686,0.998,0.83,0.847,0.663,0.788,0.624,0.427,0.011,0.706,0.797,0.833,0.441,0.171,0.361,0.446,0.271,0.223,0.361,0.855,0.757,0.147,0.007,0.123,0.372,0.636,0.002,0.001,0.283,0.173,0.002,0.001,0.002,0.31,0.179,0.001,0.02,0.001,0.284,0.037,0.001,0.001,0.027,0.001,0.001,0.001,0.601,-0.619,0.04,-0.504,0,0.001,0,0,0.001,0,0.018,0,0,0.001,0,0,0,0.001,0.094,0.104,0.088,0,0.001,0,0,0,0.018,0.105,0.085,0.059,0.129,0.001,0,0.001,0.001,0.001,0.179,0.25,0.032,0.515,0.004,0.398,0.167,0.516,0.805,0.363,0.002,0.142,0.736,14.023,4.818
01:07.3,3753,0.489,0.444,-0.594,-0.46,0.54,0.525,0.502,0.425,0.67,0.698,0.223,0.121,-0.297,0.068,0.776,0.551,0.369,0.669,0.564,0.313,0.419,0.482,-0.35,0.686,0.998,0.83,0.847,0.663,0.788,0.624,0.427,0.011,0.706,0.797,0.833,0.441,0.171,0.361,0.446,0.271,0.223,0.361,0.855,0.757,0.147,0.007,0.123,0.372,0.636,0.002,0.001,0.283,0.173,0.002,0.001,0.002,0.31,0.179,0.001,0.02,0.001,0.284,0.037,0.001,0.001,0.027,0.001,0.001,0.001,0.601,-0.619,0.04,-0.504,0,0.001,0,0,0.001,0,0.018,0,0,0.001,0,0,0,0.001,0.094,0.104,0.088,0,0.001,0,0,0,0.018,0.105,0.085,0.059,0.129,0.001,0,0.001,0.001,0.001,0.179,0.25,0.032,0.515,0.004,0.398,0.167,0.516,0.805,0.363,0.002,0.142,0.736,14.023,4.818
01:07.3,3754,0.485,0.45,-0.592,-0.459,0.537,0.526,0.501,0.428,0.67,0.694,0.232,0.122,-0.305,0.068,0.779,0.544,0.367,0.669,0.566,0.314,0.419,0.482,-0.35,0.686,0.998,0.83,0.847,0.663,0.788,0.624,0.427,0.011,0.706,0.797,0.833,0.441,0.171,0.361,0.446,0.271,0.223,0.361,0.855,0.757,0.147,0.007,0.123,0.372,0.636,0.002,0.001,0.283,0.173,0.002,0.001,0.002,0.31,0.179,0.001,0.02,0.001,0.284,0.037,0.001,0.001,0.027,0.001,0.001,0.001,0.601,-0.619,0.04,-0.504,0,0.001,0,0,0.001,0,0.018,0,0,0.001,0,0,0,0.001,0.094,0.104,0.088,0,0.001,0,0,0,0.018,0.105,0.085,0.059,0.129,0.001,0,0.001,0.001,0.001,0.179,0.25,0.032,0.515,0.004,0.398,0.167,0.516,0.805,0.363,0.002,0.142,0.736,14.023,4.818
01:07.3,3755,0.481,0.457,-0.591,-0.458,0.531,0.527,0.502,0.433,0.671,0.69,0.241,0.122,-0.312,0.068,0.78,0.538,0.365,0.668,0.566,0.315,0.419,0.482,-0.35,0.686,0.998,0.83,0.847,0.663,0.788,0.624,0.427,0.011,0.706,0.797,0.833,0.441,0.171,0.361,0.446,0.271,0.223,0.361,0.855,0.757,0.147,0.007,0.123,0.372,0.636,0.002,0.001,0.283,0.173,0.002,0.001,0.002,0.31,0.179,0.001,0.02,0.001,0.284,0.037,0.001,0.001,0.027,0.001,0.001,0.001,0.601,-0.619,0.04,-0.504,0,0.001,0,0,0.001,0,0.018,0,0,0.001,0,0,0,0.001,0.094,0.104,0.088,0,0.001,0,0,0,0.018,0.105,0.085,0.059,0.129,0.001,0,0.001,0.001,0.001,0.179,0.25,0.032,0.515,0.004,0.398,0.167,0.516,0.805,0.363,0.002,0.142,0.736,14.023,4.818
01:07.4,3756,0.476,0.463,-0.591,-0.458,0.525,0.526,0.506,0.438,0.672,0.686,0.251,0.121,-0.32,0.067,0.78,0.533,0.365,0.668,0.567,0.316,0.419,0.482,-0.35,0.686,0.998,0.83,0.847,0.663,0.788,0.624,0.427,0.011,0.706,0.797,0.833,0.441,0.171,0.361,0.446,0.271,0.223,0.361,0.855,0.757,0.147,0.007,0.123,0.372,0.636,0.002,0.001,0.283,0.173,0.002,0.001,0.002,0.31,0.179,0.001,0.02,0.001,0.284,0.037,0.001,0.001,0.027,0.001,0.001,0.001,0.601,-0.619,0.04,-0.504,0,0.001,0,0,0.001,0,0.018,0,0,0.001,0,0,0,0.001,0.094,0.104,0.088,0,0.001,0,0,0,0.018,0.105,0.085,0.059,0.129,0.001,0,0.001,0.001,0.001,0.179,0.25,0.032,0.515,0.004,0.398,0.167,0.516,0.805,0.363,0.002,0.142,0.736,14.023,4.818
01:07.4,3757,0.471,0.469,-0.59,-0.459,0.521,0.524,0.51,0.44,0.673,0.682,0.259,0.118,-0.329,0.065,0.78,0.528,0.364,0.668,0.566,0.317,0.412,0.497,-0.376,0.664,0.98,0.824,0.844,0.67,0.805,0.634,0.437,0.027,0.708,0.795,0.828,0.448,0.19,0.361,0.44,0.297,0.239,0.37,0.855,0.759,0.16,0.007,0.133,0.371,0.676,0.002,0.001,0.291,0.178,0.002,0.001,0.002,0.303,0.216,0.001,0.042,0.001,0.297,0.049,0.001,0.001,0.055,0.001,0.001,0.001,0.601,-0.619,0.04,-0.504,0,0.001,0,0,0.001,0,0.018,0,0,0.001,0,0,0,0.001,0.094,0.104,0.088,0,0.001,0,0,0,0.018,0.105,0.085,0.059,0.129,0.001,0,0.001,0.001,0.001,0.179,0.25,0.032,0.515,0.004,0.398,0.167,0.516,0.805,0.363,0.002,0.142,0.736,14.304,4.818
01:07.4,3758,0.465,0.474,-0.59,-0.459,0.52,0.522,0.516,0.437,0.675,0.679,0.265,0.114,-0.337,0.06,0.78,0.524,0.363,0.668,0.566,0.319,0.409,0.5,-0.375,0.664,0.908,0.788,0.783,0.69,0.924,0.717,0.435,0.096,0.601,0.777,0.813,0.514,0.247,0.402,0.44,0.349,0.36,0.288,0.85,0.785,0.255,0.009,0.171,0.431,0.75,0.005,0.044,0.27,0.204,0.004,0.002,0.002,0.376,0.509,0.001,0.179,0.001,0.407,0.361,0.001,0.11,0.14,0.001,0.01,0.001,0.601,-0.619,0.04,-0.504,0,0.001,0,0,0.001,0,0.018,0,0,0.001,0,0,0,0.001,0.094,0.104,0.088,0,0.001,0,0,0,0.018,0.105,0.085,0.059,0.129,0.001,0,0.001,0.001,0.001,0.179,0.25,0.032,0.515,0.004,0.398,0.167,0.516,0.805,0.363,0.002,0.142,0.736,16.011,4.818
01:07.4,3759,0.459,0.479,-0.591,-0.459,0.524,0.519,0.52,0.43,0.677,0.675,0.27,0.109,-0.344,0.053,0.778,0.522,0.362,0.667,0.567,0.32,0.402,0.507,-0.371,0.667,0.884,0.779,0.774,0.679,0.924,0.726,0.43,0.098,0.579,0.778,0.814,0.515,0.252,0.414,0.442,0.357,0.376,0.269,0.845,0.78,0.259,0.009,0.168,0.436,0.755,0.021,0.043,0.264,0.208,0.004,0.002,0.002,0.387,0.521,0.001,0.178,0.001,0.414,0.375,0.001,0.112,0.153,0.006,0.013,0.001,0.493,-0.705,-0.03,-0.509,0,0.001,0.001,0,0,0,0.001,0.001,0,0,0,0,0,0.001,0.001,0,0,0.001,0.031,0.013,0,0,0.001,0,0.001,0,0,0,0,0,0,0.001,0,0,0,0,0,0,0.001,0,0.001,0,0.001,0,0,16.049,0.057
01:07.4,3760,0.454,0.483,-0.591,-0.459,0.531,0.518,0.522,0.421,0.68,0.672,0.274,0.102,-0.35,0.046,0.775,0.523,0.361,0.667,0.567,0.323,0.395,0.512,-0.367,0.669,0.849,0.755,0.761,0.672,0.935,0.735,0.432,0.094,0.549,0.78,0.81,0.512,0.256,0.426,0.451,0.365,0.402,0.261,0.847,0.779,0.267,0.009,0.171,0.442,0.752,0.028,0.056,0.264,0.212,0.004,0.002,0.004,0.392,0.542,0.002,0.209,0.001,0.42,0.389,0.001,0.112,0.159,0.007,0.028,0.001,0.467,-0.719,-0.037,-0.514,0,0,0.001,0.001,0,0.001,0.001,0.001,0,0,0,0.001,0,0.001,0,0.001,0.001,0,0.001,0,0,0.001,0.001,0,0,0,0,0,0.001,0,0,0,0,0,0,0.007,0.001,0.001,0,0,0,0,0,0,0.001,16.145,0.023
01:07.4,3761,0.449,0.487,-0.592,-0.459,0.538,0.518,0.523,0.412,0.683,0.669,0.277,0.093,-0.353,0.04,0.772,0.527,0.359,0.666,0.567,0.325,0.395,0.512,-0.367,0.669,0.849,0.755,0.761,0.672,0.935,0.735,0.432,0.094,0.549,0.78,0.81,0.512,0.256,0.426,0.451,0.365,0.402,0.261,0.847,0.779,0.267,0.009,0.171,0.442,0.752,0.028,0.056,0.264,0.212,0.004,0.002,0.004,0.392,0.542,0.002,0.209,0.001,0.42,0.389,0.001,0.112,0.159,0.007,0.028,0.001,0.467,-0.719,-0.037,-0.514,0,0,0.001,0.001,0,0.001,0.001,0.001,0,0,0,0.001,0,0.001,0,0.001,0.001,0,0.001,0,0,0.001,0.001,0,0,0,0,0,0.001,0,0,0,0,0,0,0.007,0.001,0.001,0,0,0,0,0,0,0.001,16.145,0.023
01:07.4,3762,0.443,0.49,-0.593,-0.46,0.543,0.519,0.521,0.405,0.687,0.666,0.278,0.083,-0.353,0.035,0.767,0.534,0.358,0.666,0.566,0.328,0.395,0.512,-0.367,0.669,0.849,0.755,0.761,0.672,0.935,0.735,0.432,0.094,0.549,0.78,0.81,0.512,0.256,0.426,0.451,0.365,0.402,0.261,0.847,0.779,0.267,0.009,0.171,0.442,0.752,0.028,0.056,0.264,0.212,0.004,0.002,0.004,0.392,0.542,0.002,0.209,0.001,0.42,0.389,0.001,0.112,0.159,0.007,0.028,0.001,0.467,-0.719,-0.037,-0.514,0,0,0.001,0.001,0,0.001,0.001,0.001,0,0,0,0.001,0,0.001,0,0.001,0.001,0,0.001,0,0,0.001,0.001,0,0,0,0,0,0.001,0,0,0,0,0,0,0.007,0.001,0.001,0,0,0,0,0,0,0.001,16.145,0.023
01:07.4,3763,0.438,0.493,-0.594,-0.461,0.545,0.521,0.519,0.402,0.691,0.663,0.277,0.072,-0.35,0.031,0.763,0.542,0.357,0.666,0.566,0.331,0.395,0.512,-0.367,0.669,0.849,0.755,0.761,0.672,0.935,0.735,0.432,0.094,0.549,0.78,0.81,0.512,0.256,0.426,0.451,0.365,0.402,0.261,0.847,0.779,0.267,0.009,0.171,0.442,0.752,0.028,0.056,0.264,0.212,0.004,0.002,0.004,0.392,0.542,0.002,0.209,0.001,0.42,0.389,0.001,0.112,0.159,0.007,0.028,0.001,0.467,-0.719,-0.037,-0.514,0,0,0.001,0.001,0,0.001,0.001,0.001,0,0,0,0.001,0,0.001,0,0.001,0.001,0,0.001,0,0,0.001,0.001,0,0,0,0,0,0.001,0,0,0,0,0,0,0.007,0.001,0.001,0,0,0,0,0,0,0.001,16.145,0.023
01:07.4,3764,0.433,0.496,-0.595,-0.461,0.543,0.524,0.517,0.404,0.695,0.661,0.276,0.061,-0.346,0.026,0.76,0.549,0.355,0.665,0.565,0.334,0.395,0.512,-0.367,0.669,0.849,0.755,0.761,0.672,0.935,0.735,0.432,0.094,0.549,0.78,0.81,0.512,0.256,0.426,0.451,0.365,0.402,0.261,0.847,0.779,0.267,0.009,0.171,0.442,0.752,0.028,0.056,0.264,0.212,0.004,0.002,0.004,0.392,0.542,0.002,0.209,0.001,0.42,0.389,0.001,0.112,0.159,0.007,0.028,0.001,0.467,-0.719,-0.037,-0.514,0,0,0.001,0.001,0,0.001,0.001,0.001,0,0,0,0.001,0,0.001,0,0.001,0.001,0,0.001,0,0,0.001,0.001,0,0,0,0,0,0.001,0,0,0,0,0,0,0.007,0.001,0.001,0,0,0,0,0,0,0.001,16.145,0.023
01:07.4,3765,0.429,0.498,-0.596,-0.461,0.539,0.526,0.515,0.408,0.699,0.659,0.273,0.051,-0.342,0.021,0.757,0.556,0.353,0.666,0.565,0.336,0.395,0.512,-0.367,0.669,0.849,0.755,0.761,0.672,0.935,0.735,0.432,0.094,0.549,0.78,0.81,0.512,0.256,0.426,0.451,0.365,0.402,0.261,0.847,0.779,0.267,0.009,0.171,0.442,0.752,0.028,0.056,0.264,0.212,0.004,0.002,0.004,0.392,0.542,0.002,0.209,0.001,0.42,0.389,0.001,0.112,0.159,0.007,0.028,0.001,0.467,-0.719,-0.037,-0.514,0,0,0.001,0.001,0,0.001,0.001,0.001,0,0,0,0.001,0,0.001,0,0.001,0.001,0,0.001,0,0,0.001,0.001,0,0,0,0,0,0.001,0,0,0,0,0,0,0.007,0.001,0.001,0,0,0,0,0,0,0.001,16.145,0.023
01:07.5,3766,0.425,0.499,-0.598,-0.461,0.536,0.527,0.515,0.411,0.702,0.658,0.269,0.041,-0.338,0.015,0.755,0.562,0.35,0.666,0.564,0.34,0.395,0.512,-0.367,0.669,0.849,0.755,0.761,0.672,0.935,0.735,0.432,0.094,0.549,0.78,0.81,0.512,0.256,0.426,0.451,0.365,0.402,0.261,0.847,0.779,0.267,0.009,0.171,0.442,0.752,0.028,0.056,0.264,0.212,0.004,0.002,0.004,0.392,0.542,0.002,0.209,0.001,0.42,0.389,0.001,0.112,0.159,0.007,0.028,0.001,0.467,-0.719,-0.037,-0.514,0,0,0.001,0.001,0,0.001,0.001,0.001,0,0,0,0.001,0,0.001,0,0.001,0.001,0,0.001,0,0,0.001,0.001,0,0,0,0,0,0.001,0,0,0,0,0,0,0.007,0.001,0.001,0,0,0,0,0,0,0.001,16.145,0.023
01:07.5,3767,0.423,0.501,-0.599,-0.461,0.533,0.527,0.516,0.413,0.704,0.658,0.265,0.034,-0.332,0.008,0.752,0.569,0.347,0.667,0.563,0.343,0.351,0.551,-0.342,0.675,0.536,0.623,0.69,0.567,0.94,0.757,0.405,0.114,0.346,0.747,0.781,0.518,0.299,0.463,0.442,0.418,0.409,0.206,0.842,0.772,0.322,0.022,0.22,0.485,0.756,0.096,0.125,0.263,0.228,0.01,0.002,0.004,0.44,0.602,0.048,0.342,0.002,0.498,0.48,0.081,0.159,0.223,0.037,0.16,0.001,0.237,-0.799,-0.052,-0.55,0,0,0.001,0.001,0,0.001,0.001,0.001,0,0,0,0.001,0,0.001,0,0.001,0.001,0,0.001,0,0,0.001,0.001,0,0,0,0,0,0.001,0,0,0,0,0,0,0.007,0.001,0.001,0,0,0,0,0,0,0.001,16.481,0.023
01:07.5,3768,0.421,0.502,-0.6,-0.46,0.533,0.527,0.518,0.412,0.706,0.658,0.259,0.028,-0.325,0.002,0.75,0.576,0.344,0.668,0.563,0.345,0.343,0.557,-0.337,0.677,0.502,0.607,0.68,0.545,0.93,0.756,0.398,0.114,0.336,0.742,0.779,0.523,0.302,0.462,0.44,0.416,0.402,0.214,0.844,0.775,0.328,0.028,0.217,0.488,0.764,0.101,0.133,0.266,0.231,0.012,0.002,0.004,0.443,0.603,0.055,0.357,0.002,0.51,0.487,0.115,0.172,0.232,0.039,0.187,0.001,0.243,-0.797,-0.084,-0.547,0,0.001,0,0,0,0,0,0,0,0.001,0,0.001,0,0,0,0,0,0,0.005,0,0.001,0,0,0,0,0,0,0,0.001,0,0,0.001,0.001,0,0.001,0.028,0,0.001,0.001,0,0,0.001,0.001,0,0,16.544,0.045
01:07.5,3769,0.419,0.503,-0.601,-0.459,0.535,0.526,0.52,0.409,0.708,0.659,0.253,0.025,-0.317,-0.005,0.747,0.584,0.341,0.668,0.562,0.348,0.336,0.563,-0.332,0.678,0.455,0.586,0.664,0.529,0.928,0.75,0.389,0.11,0.32,0.741,0.781,0.531,0.304,0.462,0.432,0.418,0.385,0.221,0.844,0.781,0.343,0.028,0.216,0.49,0.762,0.105,0.149,0.278,0.231,0.016,0.002,0.004,0.452,0.609,0.073,0.365,0.002,0.519,0.504,0.168,0.197,0.25,0.042,0.23,0.001,0.247,-0.793,-0.123,-0.543,0,0.001,0,0,0.001,0,0.001,0,0,0,0,0.001,0.001,0,0.001,0,0.001,0,0.009,0.001,0.001,0.001,0,0,0.001,0,0.001,0,0,0,0.001,0.001,0,0,0,0.031,0,0,0,0,0,0,0,0,0,16.667,0.054
01:07.5,3770,0.418,0.504,-0.602,-0.457,0.536,0.526,0.521,0.406,0.709,0.66,0.247,0.023,-0.306,-0.012,0.745,0.592,0.339,0.669,0.561,0.349,0.325,0.57,-0.325,0.681,0.421,0.557,0.646,0.516,0.922,0.744,0.381,0.109,0.3,0.739,0.775,0.536,0.313,0.463,0.425,0.421,0.372,0.23,0.849,0.786,0.358,0.034,0.22,0.49,0.758,0.105,0.153,0.292,0.239,0.017,0.002,0.004,0.458,0.611,0.078,0.383,0.002,0.537,0.521,0.212,0.22,0.263,0.048,0.269,0.001,0.248,-0.789,-0.151,-0.541,0,0.001,0,0.001,0.001,0,0,0.001,0,0.001,0.001,0,0,0.001,0,0,0.001,0.001,0.011,0,0,0,0,0,0.001,0,0,0,0,0,0.001,0.001,0,0,0,0.031,0,0.001,0,0.001,0.001,0.001,0.001,0.001,0,16.78,0.06
01:07.5,3771,0.418,0.505,-0.602,-0.456,0.537,0.526,0.521,0.404,0.709,0.662,0.242,0.023,-0.293,-0.02,0.744,0.601,0.336,0.67,0.561,0.351,0.317,0.576,-0.32,0.682,0.393,0.538,0.626,0.504,0.917,0.74,0.374,0.11,0.281,0.729,0.774,0.536,0.333,0.466,0.421,0.421,0.366,0.242,0.853,0.79,0.376,0.037,0.22,0.49,0.758,0.109,0.171,0.303,0.248,0.034,0.002,0.004,0.463,0.614,0.087,0.397,0.002,0.551,0.537,0.253,0.247,0.271,0.053,0.283,0.001,0.246,-0.784,-0.184,-0.539,0,0.001,0.001,0.001,0.001,0,0.001,0.001,0,0.001,0,0,0,0,0.001,0,0,0,0.011,0.001,0.001,0,0,0,0.001,0,0,0,0.001,0,0.001,0.001,0,0,0,0.034,0.001,0,0,0.001,0,0,0.001,0.001,0,16.925,0.063
01:07.5,3772,0.417,0.506,-0.603,-0.453,0.537,0.526,0.522,0.402,0.708,0.664,0.237,0.024,-0.279,-0.028,0.742,0.608,0.334,0.671,0.561,0.352,0.31,0.582,-0.316,0.682,0.349,0.513,0.603,0.484,0.921,0.73,0.369,0.11,0.255,0.714,0.769,0.54,0.325,0.469,0.418,0.415,0.365,0.242,0.855,0.795,0.397,0.046,0.237,0.491,0.757,0.118,0.179,0.314,0.26,0.044,0.002,0.004,0.465,0.617,0.112,0.404,0.002,0.56,0.56,0.272,0.269,0.284,0.055,0.311,0.001,0.244,-0.78,-0.202,-0.539,0,0.001,0.001,0,0.001,0,0,0.001,0,0.001,0,0,0.001,0.001,0,0.001,0.001,0,0.011,0.001,0.001,0.001,0.001,0,0,0.001,0,0,0.001,0,0,0,0.001,0.001,0.001,0.035,0,0.001,0,0.001,0,0,0,0,0,17.002,0.066
01:07.5,3773,0.417,0.508,-0.604,-0.451,0.537,0.527,0.522,0.402,0.706,0.667,0.234,0.027,-0.264,-0.037,0.741,0.616,0.333,0.671,0.561,0.353,0.308,0.585,-0.315,0.681,0.3,0.497,0.578,0.473,0.917,0.733,0.36,0.111,0.227,0.703,0.764,0.546,0.337,0.471,0.41,0.415,0.359,0.238,0.845,0.797,0.396,0.048,0.242,0.496,0.755,0.112,0.189,0.321,0.269,0.051,0.002,0.004,0.47,0.62,0.123,0.414,0.002,0.57,0.574,0.324,0.278,0.3,0.057,0.328,0.001,0.241,-0.774,-0.226,-0.54,0.001,0,0.001,0,0.001,0.001,0,0.001,0,0.001,0,0,0,0.001,0,0.001,0.001,0,0.011,0,0,0.001,0.001,0,0,0,0,0,0,0,0.001,0,0,0,0,0.04,0,0.001,0.001,0.001,0,0.001,0,0.001,0.001,17.027,0.069
01:07.5,3774,0.417,0.51,-0.604,-0.449,0.536,0.526,0.522,0.403,0.704,0.671,0.232,0.031,-0.249,-0.046,0.74,0.623,0.332,0.671,0.561,0.353,0.306,0.588,-0.316,0.679,0.266,0.482,0.556,0.464,0.918,0.733,0.354,0.114,0.197,0.689,0.755,0.537,0.341,0.465,0.411,0.416,0.357,0.223,0.847,0.805,0.407,0.049,0.253,0.493,0.75,0.112,0.197,0.317,0.274,0.051,0.002,0.004,0.47,0.624,0.139,0.427,0.002,0.575,0.589,0.36,0.298,0.315,0.06,0.347,0.001,0.238,-0.769,-0.243,-0.541,0,0.001,0,0,0,0.001,0,0.001,0,0.001,0.001,0,0,0,0,0.001,0,0,0.012,0.001,0.001,0,0,0.001,0,0,0,0,0.001,0,0,0,0,0,0.001,0.038,0,0.001,0,0,0.001,0,0,0,0,17.046,0.063
01:07.5,3775,0.418,0.512,-0.603,-0.446,0.536,0.526,0.523,0.403,0.7,0.674,0.231,0.036,-0.234,-0.053,0.738,0.63,0.331,0.671,0.56,0.354,0.306,0.589,-0.318,0.677,0.243,0.458,0.535,0.448,0.922,0.739,0.35,0.112,0.138,0.68,0.741,0.529,0.343,0.474,0.411,0.42,0.364,0.215,0.827,0.801,0.41,0.051,0.248,0.493,0.748,0.106,0.214,0.316,0.282,0.054,0.002,0.004,0.474,0.628,0.15,0.452,0.002,0.579,0.597,0.383,0.343,0.325,0.06,0.374,0.001,0.235,-0.762,-0.26,-0.545,0,0.001,0,0,0,0.001,0.001,0,0,0,0.001,0,0.001,0,0.001,0.001,0.001,0,0.012,0,0,0.001,0,0,0.001,0,0,0.001,0.001,0,0.001,0,0.001,0,0.001,0.034,0,0,0,0,0,0,0,0.001,0,17.046,0.062
01:07.6,3776,0.419,0.514,-0.603,-0.444,0.537,0.525,0.524,0.402,0.697,0.678,0.232,0.041,-0.22,-0.061,0.736,0.637,0.331,0.671,0.56,0.355,0.306,0.591,-0.319,0.675,0.21,0.438,0.524,0.424,0.922,0.739,0.349,0.111,0.121,0.661,0.709,0.519,0.344,0.479,0.413,0.425,0.366,0.188,0.818,0.808,0.407,0.05,0.255,0.493,0.748,0.121,0.234,0.317,0.286,0.054,0.002,0.004,0.477,0.626,0.159,0.465,0.002,0.581,0.604,0.4,0.363,0.331,0.062,0.383,0.001,0.231,-0.756,-0.271,-0.549,0.001,0,0,0,0.001,0,0,0.001,0,0,0.001,0.001,0,0.001,0.001,0,0,0,0.01,0.001,0,0.001,0,0.001,0,0.001,0,0,0,0,0,0,0,0,0,0.026,0.001,0,0,0,0,0,0,0,0,16.993,0.048
01:07.6,3777,0.419,0.516,-0.602,-0.442,0.538,0.524,0.525,0.4,0.693,0.681,0.233,0.046,-0.207,-0.068,0.734,0.643,0.331,0.671,0.56,0.355,0.303,0.594,-0.319,0.673,0.189,0.419,0.519,0.397,0.921,0.739,0.349,0.112,0.09,0.643,0.68,0.501,0.349,0.487,0.411,0.429,0.364,0.154,0.81,0.8,0.41,0.053,0.258,0.496,0.745,0.132,0.244,0.311,0.289,0.055,0.002,0.004,0.48,0.625,0.164,0.481,0.002,0.582,0.611,0.426,0.382,0.336,0.07,0.397,0.001,0.226,-0.75,-0.28,-0.555,0,0,0,0.001,0.001,0,0,0,0,0,0,0,0,0.001,0,0,0,0,0.007,0.001,0.001,0.001,0,0.001,0,0.001,0,0,0,0,0,0.001,0,0.001,0,0.034,0,0,0.001,0,0,0,0,0.001,0.001,16.919,0.054
01:07.6,3778,0.42,0.518,-0.601,-0.441,0.54,0.523,0.526,0.399,0.689,0.683,0.235,0.051,-0.194,-0.075,0.732,0.649,0.332,0.671,0.56,0.356,0.3,0.597,-0.317,0.673,0.158,0.394,0.515,0.36,0.918,0.736,0.348,0.111,0.048,0.615,0.652,0.49,0.352,0.501,0.413,0.431,0.366,0.121,0.788,0.788,0.398,0.051,0.261,0.499,0.748,0.142,0.254,0.314,0.284,0.054,0.002,0.004,0.484,0.628,0.177,0.499,0.002,0.584,0.615,0.462,0.411,0.341,0.07,0.441,0.001,0.217,-0.743,-0.291,-0.562,0,0,0,0.001,0,0.001,0,0,0,0.001,0.001,0,0.001,0.001,0.001,0,0,0,0.006,0,0.001,0.001,0.001,0,0,0.001,0,0,0.001,0,0.001,0,0,0,0.001,0.027,0.001,0,0,0.001,0,0,0.001,0.001,0,16.831,0.051
01:07.6,3779,0.42,0.519,-0.6,-0.44,0.541,0.522,0.527,0.397,0.686,0.685,0.238,0.055,-0.181,-0.083,0.729,0.655,0.332,0.671,0.559,0.356,0.292,0.603,-0.311,0.674,0.117,0.36,0.507,0.308,0.906,0.737,0.348,0.111,0.022,0.6,0.641,0.462,0.353,0.507,0.413,0.435,0.369,0.109,0.772,0.75,0.389,0.051,0.265,0.501,0.751,0.159,0.265,0.314,0.282,0.053,0.002,0.004,0.484,0.628,0.179,0.504,0.004,0.586,0.617,0.503,0.432,0.346,0.073,0.43,0.012,0.21,-0.739,-0.296,-0.568,0,0,0.001,0.001,0,0.001,0.001,0.001,0,0.001,0,0,0,0,0,0.001,0,0.001,0,0.001,0.001,0,0,0,0.001,0,0,0,0,0.001,0,0,0.001,0,0,0.028,0,0,0,0,0,0.001,0,0.001,0,16.661,0.043
01:07.6,3780,0.419,0.521,-0.599,-0.44,0.542,0.521,0.527,0.395,0.684,0.687,0.241,0.058,-0.168,-0.09,0.726,0.66,0.333,0.67,0.559,0.356,0.292,0.603,-0.311,0.674,0.117,0.36,0.507,0.308,0.906,0.737,0.348,0.111,0.022,0.6,0.641,0.462,0.353,0.507,0.413,0.435,0.369,0.109,0.772,0.75,0.389,0.051,0.265,0.501,0.751,0.159,0.265,0.314,0.282,0.053,0.002,0.004,0.484,0.628,0.179,0.504,0.004,0.586,0.617,0.503,0.432,0.346,0.073,0.43,0.012,0.197,-0.733,-0.301,-0.577,0,0.001,0.001,0,0,0,0,0.001,0,0,0.001,0,0,0.001,0,0,0,0,0.001,0,0.001,0.001,0,0.001,0,0,0,0,0,0.001,0,0.001,0,0.001,0.001,0.024,0.001,0,0,0,0,0,0,0.001,0.001,16.661,0.04
01:07.6,3781,0.418,0.522,-0.598,-0.441,0.543,0.521,0.528,0.393,0.681,0.688,0.244,0.06,-0.154,-0.098,0.724,0.666,0.335,0.67,0.558,0.357,0.292,0.603,-0.311,0.674,0.117,0.36,0.507,0.308,0.906,0.737,0.348,0.111,0.022,0.6,0.641,0.462,0.353,0.507,0.413,0.435,0.369,0.109,0.772,0.75,0.389,0.051,0.265,0.501,0.751,0.159,0.265,0.314,0.282,0.053,0.002,0.004,0.484,0.628,0.179,0.504,0.004,0.586,0.617,0.503,0.432,0.346,0.073,0.43,0.012,0.185,-0.73,-0.303,-0.583,0.001,0,0.001,0,0.001,0,0.001,0,0,0.001,0.001,0,0.001,0,0.001,0,0,0,0,0.001,0,0,0.001,0,0,0,0,0,0.001,0.001,0,0,0,0.001,0.001,0.015,0,0,0,0,0.001,0.001,0,0,0,16.661,0.031
01:07.6,3782,0.416,0.522,-0.598,-0.443,0.544,0.52,0.529,0.391,0.68,0.688,0.246,0.062,-0.14,-0.105,0.721,0.671,0.336,0.669,0.558,0.357,0.292,0.603,-0.311,0.674,0.117,0.36,0.507,0.308,0.906,0.737,0.348,0.111,0.022,0.6,0.641,0.462,0.353,0.507,0.413,0.435,0.369,0.109,0.772,0.75,0.389,0.051,0.265,0.501,0.751,0.159,0.265,0.314,0.282,0.053,0.002,0.004,0.484,0.628,0.179,0.504,0.004,0.586,0.617,0.503,0.432,0.346,0.073,0.43,0.012,0.171,-0.728,-0.303,-0.591,0,0,0.001,0.001,0,0.001,0.001,0.001,0,0.001,0.001,0.001,0.001,0,0,0,0,0.001,0.001,0,0,0.001,0,0.001,0.001,0,0.001,0,0.001,0,0,0,0,0,0.001,0.017,0.001,0.001,0,0,0.001,0,0,0.001,0,16.661,0.038
01:07.6,3783,0.414,0.522,-0.598,-0.445,0.545,0.52,0.53,0.389,0.678,0.69,0.247,0.063,-0.126,-0.112,0.718,0.675,0.338,0.669,0.558,0.357,0.292,0.603,-0.311,0.674,0.117,0.36,0.507,0.308,0.906,0.737,0.348,0.111,0.022,0.6,0.641,0.462,0.353,0.507,0.413,0.435,0.369,0.109,0.772,0.75,0.389,0.051,0.265,0.501,0.751,0.159,0.265,0.314,0.282,0.053,0.002,0.004,0.484,0.628,0.179,0.504,0.004,0.586,0.617,0.503,0.432,0.346,0.073,0.43,0.012,0.159,-0.726,-0.303,-0.596,0,0,0,0,0,0,0.001,0,0,0.001,0,0,0,0,0,0,0,0,0.001,0,0.001,0,0,0,0.001,0,0,0,0,0,0,0,0,0.001,0.001,0.02,0.001,0,0.001,0,0.001,0.001,0,0,0.001,16.661,0.032
01:07.6,3784,0.413,0.522,-0.598,-0.447,0.546,0.519,0.531,0.387,0.676,0.691,0.247,0.064,-0.113,-0.119,0.715,0.68,0.34,0.668,0.557,0.357,0.292,0.603,-0.311,0.674,0.117,0.36,0.507,0.308,0.906,0.737,0.348,0.111,0.022,0.6,0.641,0.462,0.353,0.507,0.413,0.435,0.369,0.109,0.772,0.75,0.389,0.051,0.265,0.501,0.751,0.159,0.265,0.314,0.282,0.053,0.002,0.004,0.484,0.628,0.179,0.504,0.004,0.586,0.617,0.503,0.432,0.346,0.073,0.43,0.012,0.149,-0.725,-0.303,-0.6,0,0.001,0,0.001,0,0.001,0.001,0,0,0,0.001,0.001,0.001,0.001,0.001,0,0,0,0.001,0.001,0,0.001,0.001,0,0,0,0,0.001,0,0,0,0.001,0,0.001,0,0.013,0,0,0,0.001,0.001,0,0,0,0,16.661,0.031
01:07.6,3785,0.411,0.521,-0.599,-0.449,0.548,0.518,0.532,0.385,0.675,0.692,0.247,0.066,-0.101,-0.125,0.712,0.683,0.342,0.668,0.557,0.357,0.292,0.603,-0.311,0.674,0.117,0.36,0.507,0.308,0.906,0.737,0.348,0.111,0.022,0.6,0.641,0.462,0.353,0.507,0.413,0.435,0.369,0.109,0.772,0.75,0.389,0.051,0.265,0.501,0.751,0.159,0.265,0.314,0.282,0.053,0.002,0.004,0.484,0.628,0.179,0.504,0.004,0.586,0.617,0.503,0.432,0.346,0.073,0.43,0.012,0.149,-0.725,-0.303,-0.6,0,0.001,0,0.001,0,0.001,0.001,0,0,0,0.001,0.001,0.001,0.001,0.001,0,0,0,0.001,0.001,0,0.001,0.001,0,0,0,0,0.001,0,0,0,0.001,0,0.001,0,0.013,0,0,0,0.001,0.001,0,0,0,0,16.661,0.031
01:07.7,3786,0.41,0.519,-0.6,-0.45,0.549,0.517,0.533,0.383,0.674,0.694,0.245,0.067,-0.09,-0.132,0.709,0.687,0.345,0.667,0.556,0.356,0.24,0.639,-0.275,0.677,0.101,0.352,0.498,0.302,0.896,0.736,0.348,0.111,0.006,0.58,0.64,0.463,0.349,0.508,0.413,0.435,0.372,0.103,0.764,0.736,0.386,0.051,0.267,0.501,0.753,0.156,0.265,0.313,0.28,0.055,0.002,0.004,0.484,0.625,0.183,0.503,0.004,0.585,0.618,0.51,0.436,0.349,0.073,0.435,0.011,0.149,-0.725,-0.303,-0.6,0,0.001,0,0.001,0,0.001,0.001,0,0,0,0.001,0.001,0.001,0.001,0.001,0,0,0,0.001,0.001,0,0.001,0.001,0,0,0,0,0.001,0,0,0,0.001,0,0.001,0,0.013,0,0,0,0.001,0.001,0,0,0,0,16.562,0.031
01:07.7,3787,0.409,0.518,-0.601,-0.45,0.551,0.515,0.535,0.381,0.673,0.695,0.243,0.068,-0.08,-0.139,0.706,0.689,0.347,0.666,0.556,0.356,0.22,0.652,-0.258,0.678,0.001,0.077,0.341,0.042,0.604,0.668,0.341,0.114,0.001,0.338,0.516,0.266,0.177,0.497,0.413,0.441,0.41,0.001,0.562,0.573,0.269,0.026,0.276,0.501,0.748,0.227,0.358,0.164,0.204,0.005,0.001,0.004,0.487,0.645,0.275,0.559,0.004,0.596,0.646,0.641,0.58,0.393,0.087,0.407,0.15,0.149,-0.725,-0.303,-0.6,0,0.001,0,0.001,0,0.001,0.001,0,0,0,0.001,0.001,0.001,0.001,0.001,0,0,0,0.001,0.001,0,0.001,0.001,0,0,0,0,0.001,0,0,0,0.001,0,0.001,0,0.013,0,0,0,0.001,0.001,0,0,0,0,14.636,0.031
01:07.7,3788,0.408,0.517,-0.603,-0.45,0.553,0.514,0.536,0.378,0.672,0.696,0.241,0.07,-0.072,-0.147,0.704,0.691,0.35,0.665,0.555,0.357,0.22,0.654,-0.258,0.676,0.001,0.053,0.297,0.033,0.564,0.659,0.342,0.118,0.001,0.319,0.516,0.248,0.166,0.499,0.415,0.442,0.411,0.001,0.556,0.557,0.243,0.018,0.266,0.501,0.748,0.227,0.363,0.133,0.179,0.001,0.001,0.004,0.486,0.643,0.278,0.559,0.004,0.596,0.647,0.636,0.603,0.396,0.087,0.449,0.17,0.149,-0.725,-0.303,-0.6,0,0.001,0,0.001,0,0.001,0.001,0,0,0,0.001,0.001,0.001,0.001,0.001,0,0,0,0.001,0.001,0,0.001,0.001,0,0,0,0,0.001,0,0,0,0.001,0,0.001,0,0.013,0,0,0,0.001,0.001,0,0,0,0,14.436,0.031
01:07.7,3789,0.408,0.516,-0.605,-0.449,0.555,0.512,0.537,0.376,0.671,0.698,0.239,0.07,-0.065,-0.155,0.701,0.693,0.353,0.663,0.555,0.357,0.221,0.656,-0.261,0.673,0.001,0.026,0.267,0.01,0.546,0.646,0.342,0.122,0,0.298,0.492,0.234,0.167,0.495,0.414,0.446,0.42,0.001,0.535,0.557,0.221,0.002,0.249,0.501,0.75,0.244,0.369,0.107,0.164,0.001,0.001,0.005,0.487,0.641,0.289,0.568,0.004,0.596,0.651,0.654,0.617,0.398,0.088,0.437,0.189,0.149,-0.725,-0.303,-0.6,0,0.001,0,0.001,0,0.001,0.001,0,0,0,0.001,0.001,0.001,0.001,0.001,0,0,0,0.001,0.001,0,0.001,0.001,0,0,0,0,0.001,0,0,0,0.001,0,0.001,0,0.013,0,0,0,0.001,0.001,0,0,0,0,14.252,0.031
01:07.7,3790,0.408,0.515,-0.606,-0.448,0.556,0.511,0.538,0.374,0.67,0.7,0.237,0.072,-0.059,-0.164,0.698,0.695,0.356,0.662,0.554,0.357,0.219,0.659,-0.261,0.67,0.001,0.021,0.247,0.001,0.52,0.631,0.341,0.125,0.001,0.265,0.475,0.203,0.154,0.492,0.414,0.446,0.429,0.001,0.492,0.557,0.21,0.001,0.243,0.501,0.748,0.256,0.385,0.079,0.138,0.001,0.001,0.004,0.488,0.639,0.287,0.57,0.004,0.596,0.65,0.653,0.629,0.402,0.09,0.437,0.209,0.149,-0.725,-0.303,-0.6,0,0.001,0,0.001,0,0.001,0.001,0,0,0,0.001,0.001,0.001,0.001,0.001,0,0,0,0.001,0.001,0,0.001,0.001,0,0,0,0,0.001,0,0,0,0.001,0,0.001,0,0.013,0,0,0,0.001,0.001,0,0,0,0,14.037,0.031
01:07.7,3791,0.408,0.515,-0.607,-0.447,0.557,0.51,0.539,0.373,0.668,0.703,0.234,0.073,-0.054,-0.174,0.695,0.696,0.359,0.661,0.553,0.358,0.218,0.662,-0.261,0.668,0.001,0.013,0.22,0.001,0.495,0.631,0.341,0.127,0.001,0.25,0.46,0.175,0.149,0.492,0.415,0.446,0.433,0.001,0.464,0.562,0.177,0.001,0.232,0.502,0.746,0.26,0.386,0.05,0.115,0.001,0.001,0.004,0.487,0.64,0.305,0.581,0.004,0.596,0.652,0.662,0.634,0.404,0.09,0.377,0.233,0.099,-0.716,-0.315,-0.615,0,0,0,0,0.001,0,0,0,0.001,0,0,0.001,0.001,0.001,0,0,0,0,0,0,0.001,0,0.001,0,0,0,0,0.001,0.001,0,0,0.001,0,0.001,0,0.02,0,0,0.001,0.001,0.001,0,0.001,0.001,0,13.817,0.036
01:07.7,3792,0.409,0.514,-0.607,-0.447,0.558,0.508,0.54,0.372,0.665,0.706,0.232,0.075,-0.049,-0.183,0.691,0.697,0.362,0.661,0.552,0.358,0.216,0.664,-0.261,0.666,0.001,0.004,0.198,0.001,0.479,0.618,0.339,0.128,0.001,0.237,0.442,0.145,0.131,0.486,0.415,0.448,0.437,0.001,0.413,0.536,0.155,0.001,0.225,0.502,0.747,0.271,0.393,0.048,0.1,0.001,0.001,0.004,0.486,0.639,0.319,0.595,0.004,0.596,0.654,0.664,0.623,0.408,0.09,0.371,0.265,0.097,-0.714,-0.315,-0.618,0,0.001,0.001,0.001,0,0,0,0.001,0,0.001,0.001,0,0,0,0,0.001,0,0,0.004,0,0,0.001,0.001,0.001,0,0,0,0.001,0,0.001,0,0,0,0,0,0.039,0.001,0.001,0,0,0.001,0,0.001,0,0,13.622,0.059
01:07.7,3793,0.409,0.514,-0.608,-0.447,0.558,0.507,0.542,0.371,0.663,0.709,0.229,0.077,-0.042,-0.191,0.688,0.699,0.365,0.66,0.551,0.357,0.215,0.666,-0.261,0.665,0.001,0.001,0.173,0.001,0.466,0.621,0.342,0.132,0.001,0.23,0.426,0.127,0.107,0.484,0.415,0.448,0.435,0.001,0.374,0.525,0.147,0.001,0.216,0.501,0.746,0.282,0.391,0.027,0.095,0.001,0.001,0.002,0.485,0.637,0.326,0.597,0.004,0.597,0.657,0.67,0.634,0.413,0.092,0.371,0.305,0.094,-0.711,-0.313,-0.622,0,0.001,0,0,0.001,0.001,0.001,0.001,0,0.001,0.001,0.001,0,0,0,0.001,0.001,0.001,0.001,0.001,0,0.001,0,0,0.001,0,0,0.001,0,0,0,0.001,0,0.001,0,0.038,0.001,0,0,0,0.001,0,0.001,0,0,13.508,0.059
01:07.7,3794,0.408,0.513,-0.608,-0.447,0.559,0.505,0.544,0.37,0.66,0.712,0.227,0.079,-0.035,-0.199,0.684,0.701,0.368,0.66,0.549,0.356,0.213,0.669,-0.26,0.663,0.001,0.001,0.14,0.001,0.457,0.632,0.343,0.134,0.001,0.214,0.405,0.099,0.095,0.475,0.415,0.446,0.444,0.001,0.343,0.52,0.126,0.001,0.192,0.498,0.744,0.289,0.386,0.02,0.079,0.001,0.001,0.002,0.487,0.639,0.326,0.607,0.004,0.596,0.659,0.675,0.634,0.414,0.095,0.372,0.327,0.092,-0.709,-0.312,-0.625,0,0,0.001,0.001,0.001,0.001,0,0.001,0,0,0.001,0.001,0.001,0.001,0,0.001,0,0,0.002,0.001,0.001,0,0,0,0.001,0,0,0.001,0.001,0,0,0,0,0.001,0.001,0.04,0.001,0,0,0,0.001,0,0,0,0,13.341,0.061
01:07.7,3795,0.407,0.512,-0.608,-0.449,0.559,0.502,0.547,0.369,0.657,0.715,0.224,0.082,-0.027,-0.206,0.681,0.703,0.371,0.66,0.548,0.354,0.212,0.671,-0.26,0.661,0.001,0.001,0.107,0.001,0.452,0.63,0.346,0.138,0.001,0.194,0.393,0.077,0.083,0.474,0.416,0.446,0.447,0.001,0.313,0.512,0.095,0.001,0.172,0.502,0.745,0.302,0.394,0.004,0.056,0.001,0.001,0.002,0.487,0.636,0.328,0.607,0.004,0.593,0.659,0.678,0.636,0.419,0.098,0.42,0.353,0.089,-0.708,-0.308,-0.629,0.001,0,0.001,0,0,0.001,0.001,0.001,0,0,0.001,0,0,0,0,0,0,0.001,0.001,0.001,0,0.001,0,0,0,0,0.001,0.001,0,0,0,0,0,0.001,0,0.042,0.001,0.001,0.001,0,0.001,0,0.001,0,0.001,13.226,0.061
01:07.8,3796,0.406,0.512,-0.608,-0.451,0.561,0.499,0.55,0.366,0.655,0.717,0.222,0.084,-0.019,-0.21,0.677,0.705,0.375,0.661,0.547,0.352,0.212,0.672,-0.26,0.66,0.001,0.001,0.085,0.001,0.427,0.625,0.348,0.142,0.001,0.164,0.369,0.067,0.074,0.469,0.416,0.447,0.432,0.001,0.291,0.482,0.079,0.001,0.159,0.499,0.742,0.302,0.402,0.001,0.045,0.001,0.001,0.002,0.488,0.631,0.33,0.603,0.004,0.593,0.663,0.672,0.645,0.421,0.1,0.415,0.368,0.086,-0.708,-0.305,-0.631,0,0,0,0.001,0,0.001,0,0,0,0.001,0,0,0.001,0.001,0,0.001,0,0,0.002,0,0,0,0,0,0,0.001,0,0.001,0.001,0,0,0,0,0,0,0.04,0,0.001,0,0,0,0,0.001,0.001,0,13.01,0.054
01:07.8,3797,0.405,0.51,-0.608,-0.453,0.563,0.496,0.553,0.362,0.654,0.719,0.22,0.087,-0.011,-0.213,0.674,0.707,0.378,0.662,0.546,0.349,0.21,0.674,-0.259,0.659,0.001,0.001,0.067,0.001,0.422,0.611,0.347,0.143,0.001,0.14,0.338,0.059,0.051,0.463,0.421,0.449,0.436,0.001,0.278,0.454,0.068,0.001,0.145,0.501,0.741,0.304,0.402,0.001,0.038,0.001,0.001,0.002,0.486,0.625,0.339,0.604,0.004,0.591,0.665,0.692,0.648,0.426,0.103,0.41,0.386,0.083,-0.708,-0.3,-0.633,0,0,0,0,0.001,0,0.001,0,0,0,0,0,0,0,0.001,0,0.001,0,0.002,0.001,0,0,0.001,0.001,0,0.001,0,0.001,0,0.001,0.001,0.001,0,0,0.001,0.037,0.001,0,0,0.001,0,0.001,0,0,0.001,12.868,0.056
01:07.8,3798,0.403,0.509,-0.609,-0.456,0.565,0.493,0.556,0.358,0.654,0.719,0.218,0.088,-0.004,-0.215,0.672,0.709,0.381,0.663,0.544,0.345,0.208,0.676,-0.258,0.658,0.001,0.001,0.038,0.001,0.404,0.586,0.347,0.144,0.001,0.105,0.327,0.051,0.042,0.457,0.419,0.447,0.443,0.001,0.263,0.413,0.048,0.001,0.15,0.501,0.739,0.306,0.407,0.001,0.032,0.001,0.001,0.002,0.486,0.621,0.341,0.603,0.004,0.592,0.67,0.675,0.661,0.431,0.103,0.411,0.394,0.081,-0.71,-0.295,-0.635,0,0,0.001,0.001,0.001,0,0,0.001,0,0.001,0,0.001,0,0,0,0,0,0,0.002,0,0,0.001,0.001,0,0,0,0.002,0,0,0.001,0,0,0,0.001,0,0.039,0.001,0,0.001,0,0,0.001,0,0.001,0,12.672,0.057
01:07.8,3799,0.401,0.508,-0.609,-0.458,0.567,0.49,0.56,0.353,0.655,0.719,0.217,0.089,0.001,-0.216,0.671,0.71,0.384,0.664,0.543,0.341,0.206,0.678,-0.257,0.657,0.001,0.001,0.027,0.001,0.396,0.563,0.344,0.148,0.001,0.081,0.292,0.032,0.043,0.459,0.419,0.446,0.443,0.001,0.239,0.391,0.035,0.001,0.144,0.502,0.735,0.32,0.405,0.001,0.022,0.001,0.001,0.002,0.484,0.618,0.338,0.609,0.002,0.591,0.669,0.685,0.673,0.433,0.107,0.405,0.402,0.079,-0.711,-0.289,-0.636,0,0.001,0,0,0,0,0,0,0.001,0,0.001,0.001,0,0,0.001,0.001,0,0.001,0.001,0.001,0.001,0,0.001,0.001,0.001,0.001,0.001,0,0,0.001,0,0.001,0.001,0,0.001,0.039,0,0.001,0,0,0,0.001,0.001,0,0,12.513,0.061
01:07.8,3800,0.4,0.506,-0.61,-0.46,0.57,0.487,0.563,0.348,0.657,0.717,0.216,0.088,0.005,-0.215,0.67,0.71,0.385,0.666,0.543,0.337,0.204,0.68,-0.255,0.656,0.001,0.001,0.004,0.001,0.374,0.564,0.343,0.148,0.001,0.067,0.253,0.022,0.033,0.451,0.422,0.444,0.457,0.001,0.228,0.377,0.022,0.001,0.128,0.503,0.734,0.324,0.407,0.001,0.018,0.001,0.001,0.002,0.484,0.618,0.347,0.6,0.004,0.587,0.674,0.694,0.69,0.438,0.109,0.403,0.418,0.078,-0.714,-0.28,-0.636,0.001,0.001,0,0.001,0,0.001,0,0,0.001,0,0,0,0.001,0.001,0,0,0.001,0,0.001,0.001,0,0,0.001,0.001,0,0,0.001,0.001,0.001,0.001,0.001,0.001,0.001,0.001,0,0.042,0,0,0,0,0.001,0.001,0,0,0,12.4,0.064
01:07.8,3801,0.398,0.504,-0.612,-0.462,0.572,0.484,0.566,0.344,0.659,0.715,0.215,0.085,0.005,-0.214,0.671,0.71,0.387,0.668,0.542,0.333,0.2,0.683,-0.253,0.655,0.001,0.001,0.001,0.001,0.365,0.553,0.333,0.151,0.001,0.04,0.208,0.013,0.031,0.448,0.427,0.446,0.462,0.001,0.203,0.331,0.013,0.001,0.117,0.504,0.733,0.316,0.404,0.001,0.004,0.001,0.001,0.002,0.482,0.618,0.346,0.602,0.004,0.589,0.674,0.686,0.697,0.442,0.112,0.411,0.44,0.078,-0.717,-0.273,-0.637,0.001,0,0.001,0,0.001,0,0.001,0,0.001,0.001,0.001,0,0,0.001,0,0,0,0.001,0.001,0,0,0.001,0,0,0,0.001,0.001,0,0.001,0.001,0.001,0,0,0,0,0.042,0,0,0.001,0,0,0,0,0.001,0,12.217,0.06
01:07.8,3802,0.396,0.502,-0.613,-0.464,0.574,0.481,0.569,0.34,0.662,0.713,0.216,0.079,0.004,-0.212,0.673,0.709,0.387,0.67,0.541,0.329,0.197,0.686,-0.251,0.654,0.001,0.001,0.001,0.001,0.353,0.563,0.325,0.154,0.001,0.02,0.178,0.01,0.026,0.451,0.43,0.446,0.457,0.001,0.168,0.267,0.001,0.001,0.095,0.508,0.73,0.335,0.405,0.001,0.001,0.001,0.001,0.002,0.482,0.617,0.365,0.589,0.004,0.589,0.676,0.689,0.713,0.448,0.116,0.399,0.458,0.079,-0.721,-0.259,-0.637,0,0.001,0,0,0,0.001,0,0.001,0,0.001,0.001,0,0,0,0,0,0,0.001,0.001,0,0,0.001,0,0,0,0.001,0,0,0,0,0.001,0.001,0.001,0,0,0.037,0,0,0.001,0,0,0,0.001,0.001,0.001,12.08,0.053
01:07.8,3803,0.394,0.5,-0.615,-0.466,0.577,0.477,0.572,0.335,0.665,0.711,0.217,0.071,0.003,-0.21,0.675,0.707,0.386,0.673,0.541,0.326,0.194,0.689,-0.25,0.652,0.001,0.001,0.001,0.001,0.33,0.548,0.317,0.155,0.001,0.001,0.138,0.009,0.037,0.452,0.433,0.441,0.47,0.001,0.111,0.205,0.001,0.001,0.082,0.51,0.735,0.343,0.408,0.001,0.001,0.001,0.001,0.002,0.482,0.618,0.364,0.595,0.004,0.589,0.676,0.664,0.713,0.455,0.122,0.409,0.462,0.081,-0.725,-0.247,-0.638,0,0,0,0,0.001,0.001,0,0,0,0.001,0.001,0,0.001,0,0,0,0.001,0,0.001,0,0,0.001,0.001,0.001,0.001,0.001,0,0,0,0,0,0,0,0,0,0.037,0.001,0,0,0.001,0,0,0,0,0,11.892,0.051
01:07.8,3804,0.392,0.499,-0.616,-0.467,0.579,0.474,0.575,0.33,0.666,0.71,0.219,0.06,0.004,-0.207,0.676,0.707,0.384,0.676,0.539,0.323,0.191,0.692,-0.249,0.65,0.001,0.001,0.001,0.001,0.314,0.54,0.313,0.155,0.001,0.001,0.11,0.001,0.046,0.437,0.43,0.441,0.47,0.001,0.072,0.12,0.001,0.001,0.074,0.513,0.736,0.35,0.411,0.001,0.001,0.001,0.001,0.002,0.482,0.614,0.371,0.59,0.002,0.59,0.676,0.658,0.731,0.462,0.123,0.411,0.471,0.081,-0.725,-0.247,-0.638,0,0,0,0,0.001,0.001,0,0,0,0.001,0.001,0,0.001,0,0,0,0.001,0,0.001,0,0,0.001,0.001,0.001,0.001,0.001,0,0,0,0,0,0,0,0,0,0.037,0.001,0,0,0.001,0,0,0,0,0,11.729,0.051
01:07.8,3805,0.39,0.497,-0.617,-0.469,0.582,0.47,0.578,0.325,0.667,0.71,0.221,0.047,0.007,-0.201,0.677,0.708,0.383,0.678,0.538,0.322,0.189,0.695,-0.248,0.649,0.001,0.001,0.001,0.001,0.294,0.538,0.31,0.155,0.001,0.001,0.093,0.001,0.051,0.425,0.426,0.442,0.48,0.001,0.037,0.054,0.001,0.001,0.066,0.512,0.734,0.357,0.403,0.001,0.004,0.001,0.001,0.002,0.484,0.614,0.383,0.582,0.002,0.592,0.679,0.657,0.744,0.464,0.126,0.407,0.481,0.081,-0.725,-0.247,-0.638,0,0,0,0,0.001,0.001,0,0,0,0.001,0.001,0,0.001,0,0,0,0.001,0,0.001,0,0,0.001,0.001,0.001,0.001,0.001,0,0,0,0,0,0,0,0,0,0.037,0.001,0,0,0.001,0,0,0,0,0,11.611,0.051
01:07.9,3806,0.387,0.496,-0.618,-0.47,0.585,0.466,0.581,0.319,0.668,0.71,0.221,0.032,0.012,-0.192,0.679,0.708,0.382,0.68,0.536,0.323,0.186,0.698,-0.247,0.646,0.001,0.001,0.001,0.001,0.253,0.519,0.308,0.154,0.001,0.001,0.059,0.001,0.039,0.424,0.433,0.44,0.497,0.001,0.005,0.038,0.001,0.001,0.046,0.507,0.737,0.363,0.402,0.001,0.001,0.001,0.001,0.002,0.482,0.617,0.381,0.579,0.002,0.59,0.675,0.65,0.751,0.469,0.126,0.407,0.503,0.081,-0.725,-0.247,-0.638,0,0,0,0,0.001,0.001,0,0,0,0.001,0.001,0,0.001,0,0,0,0.001,0,0.001,0,0,0.001,0.001,0.001,0.001,0.001,0,0,0,0,0,0,0,0,0,0.037,0.001,0,0,0.001,0,0,0,0,0,11.472,0.051
01:07.9,3807,0.384,0.495,-0.619,-0.472,0.589,0.463,0.584,0.313,0.668,0.711,0.221,0.017,0.019,-0.18,0.682,0.709,0.38,0.682,0.534,0.324,0.186,0.698,-0.247,0.646,0.001,0.001,0.001,0.001,0.253,0.519,0.308,0.154,0.001,0.001,0.059,0.001,0.039,0.424,0.433,0.44,0.497,0.001,0.005,0.038,0.001,0.001,0.046,0.507,0.737,0.363,0.402,0.001,0.001,0.001,0.001,0.002,0.482,0.617,0.381,0.579,0.002,0.59,0.675,0.65,0.751,0.469,0.126,0.407,0.503,0.081,-0.725,-0.247,-0.638,0,0,0,0,0.001,0.001,0,0,0,0.001,0.001,0,0.001,0,0,0,0.001,0,0.001,0,0,0.001,0.001,0.001,0.001,0.001,0,0,0,0,0,0,0,0,0,0.037,0.001,0,0,0.001,0,0,0,0,0,11.472,0.051
01:07.9,3808,0.381,0.494,-0.62,-0.475,0.593,0.459,0.586,0.306,0.667,0.712,0.218,0.005,0.026,-0.164,0.686,0.708,0.379,0.684,0.531,0.326,0.186,0.698,-0.247,0.646,0.001,0.001,0.001,0.001,0.253,0.519,0.308,0.154,0.001,0.001,0.059,0.001,0.039,0.424,0.433,0.44,0.497,0.001,0.005,0.038,0.001,0.001,0.046,0.507,0.737,0.363,0.402,0.001,0.001,0.001,0.001,0.002,0.482,0.617,0.381,0.579,0.002,0.59,0.675,0.65,0.751,0.469,0.126,0.407,0.503,0.081,-0.725,-0.247,-0.638,0,0,0,0,0.001,0.001,0,0,0,0.001,0.001,0,0.001,0,0,0,0.001,0,0.001,0,0,0.001,0.001,0.001,0.001,0.001,0,0,0,0,0,0,0,0,0,0.037,0.001,0,0,0.001,0,0,0,0,0,11.472,0.051
01:07.9,3809,0.378,0.493,-0.621,-0.478,0.598,0.456,0.588,0.299,0.667,0.713,0.214,-0.002,0.034,-0.146,0.691,0.707,0.378,0.686,0.528,0.328,0.186,0.698,-0.247,0.646,0.001,0.001,0.001,0.001,0.253,0.519,0.308,0.154,0.001,0.001,0.059,0.001,0.039,0.424,0.433,0.44,0.497,0.001,0.005,0.038,0.001,0.001,0.046,0.507,0.737,0.363,0.402,0.001,0.001,0.001,0.001,0.002,0.482,0.617,0.381,0.579,0.002,0.59,0.675,0.65,0.751,0.469,0.126,0.407,0.503,0.081,-0.725,-0.247,-0.638,0,0,0,0,0.001,0.001,0,0,0,0.001,0.001,0,0.001,0,0,0,0.001,0,0.001,0,0,0.001,0.001,0.001,0.001,0.001,0,0,0,0,0,0,0,0,0,0.037,0.001,0,0,0.001,0,0,0,0,0,11.472,0.051
01:07.9,3810,0.375,0.491,-0.622,-0.481,0.602,0.453,0.589,0.292,0.668,0.715,0.207,-0.004,0.039,-0.125,0.697,0.705,0.379,0.686,0.525,0.331,0.186,0.698,-0.247,0.646,0.001,0.001,0.001,0.001,0.253,0.519,0.308,0.154,0.001,0.001,0.059,0.001,0.039,0.424,0.433,0.44,0.497,0.001,0.005,0.038,0.001,0.001,0.046,0.507,0.737,0.363,0.402,0.001,0.001,0.001,0.001,0.002,0.482,0.617,0.381,0.579,0.002,0.59,0.675,0.65,0.751,0.469,0.126,0.407,0.503,0.081,-0.725,-0.247,-0.638,0,0,0,0,0.001,0.001,0,0,0,0.001,0.001,0,0.001,0,0,0,0.001,0,0.001,0,0,0.001,0.001,0.001,0.001,0.001,0,0,0,0,0,0,0,0,0,0.037,0.001,0,0,0.001,0,0,0,0,0,11.472,0.051
01:07.9,3811,0.373,0.488,-0.622,-0.485,0.606,0.451,0.589,0.285,0.669,0.717,0.196,-0.002,0.04,-0.103,0.703,0.702,0.381,0.687,0.522,0.333,0.186,0.698,-0.247,0.646,0.001,0.001,0.001,0.001,0.253,0.519,0.308,0.154,0.001,0.001,0.059,0.001,0.039,0.424,0.433,0.44,0.497,0.001,0.005,0.038,0.001,0.001,0.046,0.507,0.737,0.363,0.402,0.001,0.001,0.001,0.001,0.002,0.482,0.617,0.381,0.579,0.002,0.59,0.675,0.65,0.751,0.469,0.126,0.407,0.503,0.13,-0.728,-0.143,-0.658,0.098,0.181,0,0.001,0.001,0.001,0,0.001,0.043,0.457,0.001,0.001,0.001,0.001,0.001,0,0.001,0,0.448,0.024,0.001,0,0,0.001,0,0,0,0.001,0.001,0.001,0.001,0,0.001,0,0,0.039,0,0,0,0.001,0,0,0,0,0.001,11.472,1.309
01:07.9,3812,0.371,0.485,-0.623,-0.49,0.611,0.449,0.589,0.278,0.671,0.719,0.181,0.003,0.036,-0.082,0.71,0.698,0.385,0.687,0.518,0.335,0.186,0.698,-0.247,0.646,0.001,0.001,0.001,0.001,0.253,0.519,0.308,0.154,0.001,0.001,0.059,0.001,0.039,0.424,0.433,0.44,0.497,0.001,0.005,0.038,0.001,0.001,0.046,0.507,0.737,0.363,0.402,0.001,0.001,0.001,0.001,0.002,0.482,0.617,0.381,0.579,0.002,0.59,0.675,0.65,0.751,0.469,0.126,0.407,0.503,0.13,-0.731,-0.147,-0.654,0.867,0.523,0.001,0.001,0,0.001,0.001,0.001,0.801,0.64,0.07,0.001,0.001,0.001,0,0.001,0.001,0.276,0.769,0.114,0.001,0.001,0,0,0,0,0,0.001,0,0,0,0,0,0,0,0.043,0,0,0,0,0,0.001,0.001,0,0,11.472,4.118
01:07.9,3813,0.369,0.48,-0.623,-0.495,0.617,0.447,0.588,0.271,0.671,0.723,0.164,0.013,0.029,-0.067,0.717,0.693,0.39,0.686,0.514,0.336,0.186,0.698,-0.247,0.646,0.001,0.001,0.001,0.001,0.253,0.519,0.308,0.154,0.001,0.001,0.059,0.001,0.039,0.424,0.433,0.44,0.497,0.001,0.005,0.038,0.001,0.001,0.046,0.507,0.737,0.363,0.402,0.001,0.001,0.001,0.001,0.002,0.482,0.617,0.381,0.579,0.002,0.59,0.675,0.65,0.751,0.469,0.126,0.407,0.503,0.106,-0.738,-0.1,-0.659,0.93,0.712,0.001,0,0,0.001,0,0,0.926,0.75,0.343,0,0.001,0,0,0,0,0.639,0.85,0.12,0.001,0.001,0,0,0,0,0,0.028,0,0,0,0,0,0,0.001,0.018,0,0,0,0,0,0,0.001,0,0,11.472,5.323
01:07.9,3814,0.367,0.475,-0.623,-0.501,0.623,0.445,0.587,0.264,0.67,0.727,0.145,0.025,0.021,-0.065,0.722,0.689,0.395,0.686,0.511,0.335,0.2,0.714,-0.309,0.596,0.001,0.001,0.001,0.001,0.216,0.502,0.316,0.158,0.001,0.001,0.038,0.001,0.046,0.422,0.43,0.437,0.492,0.001,0.001,0.031,0.001,0.001,0.033,0.501,0.74,0.366,0.399,0.001,0.001,0.001,0.001,0.002,0.479,0.618,0.385,0.559,0.002,0.592,0.669,0.654,0.77,0.471,0.128,0.403,0.524,0.132,-0.737,-0.103,-0.655,0.954,0.729,0.028,0,0,0,0,0,0.939,0.781,0.559,0.001,0,0,0,0.001,0,0.722,0.847,0.26,0,0,0,0.001,0,0,0,0.194,0,0,0.001,0.001,0,0,0,0.002,0,0,0,0.001,0.001,0,0.001,0,0.001,11.398,6.024
01:07.9,3815,0.365,0.469,-0.623,-0.508,0.628,0.443,0.585,0.257,0.668,0.732,0.128,0.04,0.014,-0.076,0.723,0.687,0.401,0.686,0.508,0.333,0.21,0.714,-0.334,0.579,0.001,0.001,0.001,0.001,0.06,0.059,0.248,0.148,0.001,0.001,0.001,0.001,0.001,0.031,0.425,0.393,0.47,0.001,0.001,0.001,0.001,0.001,0.001,0.52,0.698,0.414,0.418,0.001,0.001,0.001,0.001,0.001,0.464,0.617,0.392,0.437,0.001,0.592,0.709,0.812,0.888,0.453,0.156,0.305,0.573,0.169,-0.736,-0.087,-0.65,0.951,0.689,0.06,0,0,0,0,0,0.928,0.796,0.685,0,0.001,0,0.001,0.001,0.001,0.795,0.891,0.523,0,0,0,0,0,0.001,0,0.344,0.024,0,0,0.001,0,0.001,0,0,0.001,0.001,0.001,0,0.001,0,0,0,0,10.303,6.697
01:08.0,3816,0.362,0.463,-0.624,-0.516,0.633,0.442,0.584,0.251,0.666,0.735,0.115,0.057,0.011,-0.091,0.719,0.689,0.405,0.687,0.504,0.33,0.224,0.707,-0.366,0.563,0.001,0.001,0.001,0.001,0.039,0.033,0.228,0.148,0.001,0.001,0.001,0.001,0.001,0.024,0.391,0.371,0.469,0.001,0.001,0.001,0.001,0.001,0.006,0.512,0.686,0.411,0.415,0.001,0.001,0.001,0.001,0,0.47,0.619,0.388,0.422,0.001,0.598,0.73,0.821,0.895,0.482,0.161,0.304,0.571,0.173,-0.741,-0.057,-0.647,0.968,0.716,0.129,0,0,0.001,0,0,0.915,0.794,0.769,0.001,0.001,0.001,0,0,0.001,0.816,0.891,0.664,0,0,0.001,0,0,0.001,0,0.389,0.024,0,0,0,0,0.001,0,0,0,0,0.001,0,0,0.001,0.001,0,0.001,10.213,7.087
01:08.0,3817,0.359,0.456,-0.625,-0.522,0.638,0.44,0.582,0.246,0.666,0.735,0.107,0.073,0.013,-0.097,0.715,0.692,0.407,0.69,0.502,0.326,0.233,0.698,-0.386,0.556,0.001,0.001,0.001,0.001,0.001,0.033,0.217,0.14,0.001,0.001,0.001,0.001,0.001,0.039,0.353,0.355,0.462,0.001,0.001,0.001,0.001,0.001,0.015,0.464,0.664,0.405,0.426,0.001,0.001,0.001,0.001,0.001,0.459,0.613,0.386,0.407,0.001,0.606,0.752,0.818,0.901,0.486,0.171,0.342,0.565,0.184,-0.74,-0.035,-0.646,0.988,0.74,0.394,0,0.001,0,0.001,0,0.911,0.783,0.833,0.001,0,0,0.001,0.001,0.001,0.791,0.878,0.701,0,0.001,0,0.001,0,0.001,0.001,0.421,0.031,0.001,0,0,0,0.001,0.001,0.001,0,0.001,0.001,0.001,0,0.001,0,0,0,10.1,7.489
01:08.0,3818,0.357,0.449,-0.626,-0.528,0.643,0.438,0.58,0.242,0.668,0.732,0.104,0.085,0.013,-0.097,0.713,0.694,0.407,0.694,0.499,0.322,0.241,0.685,-0.416,0.548,0.001,0.001,0.001,0.001,0.001,0.001,0.165,0.117,0.001,0.001,0.001,0.001,0.001,0.031,0.31,0.333,0.455,0.001,0.001,0.001,0.001,0.001,0.04,0.418,0.652,0.407,0.425,0.001,0.001,0.001,0.001,0.001,0.426,0.609,0.393,0.4,0.001,0.623,0.775,0.834,0.89,0.526,0.176,0.333,0.559,0.211,-0.74,-0.04,-0.637,1.012,0.757,0.608,0.001,0.001,0.001,0,0,0.899,0.78,0.836,0,0.001,0.001,0.005,0,0.001,0.739,0.874,0.694,0,0.001,0,0.001,0.001,0,0.001,0.415,0.068,0,0,0,0.001,0.001,0.001,0.001,0,0.001,0,0,0,0,0.001,0,0.001,9.919,7.704
01:08.0,3819,0.357,0.441,-0.628,-0.532,0.647,0.437,0.578,0.238,0.671,0.729,0.105,0.089,0.01,-0.099,0.711,0.696,0.403,0.699,0.498,0.318,0.246,0.673,-0.44,0.542,0.001,0.001,0.001,0.001,0.001,0.001,0.126,0.09,0.001,0.001,0.001,0.001,0.001,0.022,0.265,0.3,0.449,0.001,0.001,0.001,0.001,0.001,0.057,0.346,0.643,0.399,0.422,0.001,0.001,0.001,0.001,0.002,0.376,0.608,0.388,0.396,0.001,0.63,0.799,0.824,0.878,0.592,0.179,0.339,0.556,0.247,-0.74,-0.054,-0.623,1.044,0.784,0.724,0,0,0.001,0.001,0.001,0.893,0.789,0.841,0.009,0,0.001,0.023,0.001,0,0.662,0.879,0.695,0,0,0,0,0,0,0,0.371,0.09,0,0,0,0.001,0,0,0.001,0,0.001,0.001,0,0,0.001,0,0,0.001,9.707,7.815
01:08.0,3820,0.358,0.434,-0.63,-0.535,0.65,0.435,0.577,0.235,0.673,0.726,0.11,0.083,0.005,-0.102,0.708,0.698,0.397,0.703,0.498,0.317,0.251,0.658,-0.469,0.533,0.001,0.001,0.001,0.001,0.001,0.001,0.076,0.07,0,0.001,0.001,0.001,0.001,0.017,0.245,0.239,0.453,0.001,0.001,0.001,0,0.001,0.062,0.277,0.58,0.393,0.409,0.001,0.001,0.001,0.001,0.005,0.322,0.615,0.391,0.394,0.001,0.62,0.83,0.824,0.869,0.641,0.192,0.338,0.548,0.247,-0.74,-0.054,-0.623,1.044,0.784,0.724,0,0,0.001,0.001,0.001,0.893,0.789,0.841,0.009,0,0.001,0.023,0.001,0,0.662,0.879,0.695,0,0,0,0,0,0,0,0.371,0.09,0,0,0,0.001,0,0,0.001,0,0.001,0.001,0,0,0.001,0,0,0.001,9.429,7.815
01:08.0,3821,0.362,0.427,-0.632,-0.536,0.652,0.434,0.576,0.233,0.673,0.726,0.116,0.075,0.002,-0.101,0.706,0.701,0.391,0.705,0.498,0.32,0.254,0.642,-0.494,0.528,0.001,0.001,0.001,0.001,0.001,0.001,0.062,0.044,0.001,0.001,0.001,0.001,0.001,0.021,0.238,0.223,0.452,0.001,0.001,0.001,0.001,0.001,0.063,0.219,0.502,0.381,0.394,0.001,0.001,0.001,0.001,0.009,0.261,0.571,0.4,0.396,0.001,0.591,0.875,0.814,0.856,0.636,0.189,0.305,0.534,0.247,-0.74,-0.054,-0.623,1.044,0.784,0.724,0,0,0.001,0.001,0.001,0.893,0.789,0.841,0.009,0,0.001,0.023,0.001,0,0.662,0.879,0.695,0,0,0,0,0,0,0,0.371,0.09,0,0,0,0.001,0,0,0.001,0,0.001,0.001,0,0,0.001,0,0,0.001,9.057,7.815
01:08.0,3822,0.369,0.42,-0.632,-0.536,0.654,0.433,0.575,0.232,0.671,0.728,0.121,0.069,0.007,-0.095,0.704,0.704,0.383,0.706,0.499,0.324,0.256,0.624,-0.519,0.525,0.001,0.001,0.001,0.001,0.001,0.001,0.05,0.022,0.001,0.001,0.001,0.001,0.001,0.007,0.223,0.165,0.425,0.001,0.001,0.001,0.001,0.001,0.063,0.195,0.442,0.365,0.372,0.001,0.001,0.001,0.001,0.006,0.234,0.535,0.41,0.407,0.001,0.556,0.896,0.803,0.842,0.612,0.179,0.309,0.531,0.247,-0.74,-0.054,-0.623,1.044,0.784,0.724,0,0,0.001,0.001,0.001,0.893,0.789,0.841,0.009,0,0.001,0.023,0.001,0,0.662,0.879,0.695,0,0,0,0,0,0,0,0.371,0.09,0,0,0,0.001,0,0,0.001,0,0.001,0.001,0,0,0.001,0,0,0.001,8.67,7.815
01:08.0,3823,0.377,0.413,-0.632,-0.535,0.655,0.433,0.574,0.231,0.668,0.731,0.121,0.07,0.025,-0.086,0.704,0.705,0.376,0.707,0.5,0.329,0.255,0.596,-0.554,0.522,0.001,0.001,0.001,0.001,0.001,0.001,0.035,0.024,0,0.001,0.001,0.001,0.001,0.001,0.179,0.159,0.426,0.001,0.001,0.001,0.001,0.001,0.05,0.19,0.391,0.282,0.349,0.001,0.001,0.001,0.001,0.002,0.231,0.416,0.361,0.432,0.001,0.545,0.784,0.818,0.813,0.552,0.159,0.313,0.531,0.247,-0.74,-0.054,-0.623,1.044,0.784,0.724,0,0,0.001,0.001,0.001,0.893,0.789,0.841,0.009,0,0.001,0.023,0.001,0,0.662,0.879,0.695,0,0,0,0,0,0,0,0.371,0.09,0,0,0,0.001,0,0,0.001,0,0.001,0.001,0,0,0.001,0,0,0.001,8.063,7.815
01:08.0,3824,0.387,0.408,-0.632,-0.534,0.654,0.434,0.575,0.231,0.663,0.735,0.118,0.077,0.05,-0.07,0.706,0.703,0.369,0.708,0.502,0.333,0.254,0.575,-0.577,0.522,0.001,0.001,0.001,0.001,0.001,0.001,0.017,0.028,0.001,0.001,0.001,0.001,0.001,0.001,0.181,0.21,0.453,0.001,0.001,0.001,0.001,0.001,0.057,0.187,0.304,0.271,0.348,0.001,0.001,0.001,0.001,0.001,0.222,0.283,0.336,0.442,0.001,0.553,0.614,0.684,0.781,0.477,0.095,0.298,0.532,0.247,-0.74,-0.054,-0.623,1.044,0.784,0.724,0,0,0.001,0.001,0.001,0.893,0.789,0.841,0.009,0,0.001,0.023,0.001,0,0.662,0.879,0.695,0,0,0,0,0,0,0,0.371,0.09,0,0,0,0.001,0,0,0.001,0,0.001,0.001,0,0,0.001,0,0,0.001,7.396,7.815
01:08.0,3825,0.396,0.403,-0.631,-0.532,0.652,0.434,0.577,0.231,0.657,0.74,0.114,0.087,0.077,-0.052,0.713,0.695,0.365,0.709,0.502,0.336,0.251,0.539,-0.61,0.523,0.001,0.001,0.001,0.001,0.001,0.001,0.013,0.012,0.001,0.001,0.001,0.001,0.001,0.001,0.16,0.214,0.433,0.001,0.001,0.001,0.001,0.001,0.039,0.167,0.225,0.25,0.347,0.001,0.001,0.001,0.001,0.001,0.226,0.247,0.324,0.469,0.001,0.529,0.397,0.558,0.709,0.304,0.056,0.236,0.542,0.247,-0.74,-0.054,-0.623,1.044,0.784,0.724,0,0,0.001,0.001,0.001,0.893,0.789,0.841,0.009,0,0.001,0.023,0.001,0,0.662,0.879,0.695,0,0,0,0,0,0,0,0.371,0.09,0,0,0,0.001,0,0,0.001,0,0.001,0.001,0,0,0.001,0,0,0.001,6.48,7.815
01:08.1,3826,0.405,0.398,-0.63,-0.53,0.649,0.434,0.581,0.23,0.651,0.746,0.108,0.095,0.096,-0.036,0.724,0.682,0.363,0.709,0.502,0.336,0.248,0.511,-0.635,0.523,0.001,0.001,0.001,0.001,0.001,0.001,0.011,0.001,0.001,0.001,0.001,0.001,0.001,0.001,0.12,0.187,0.352,0.001,0.001,0.001,0.001,0.001,0.015,0.158,0.221,0.193,0.359,0.001,0.001,0.001,0.001,0,0.209,0.217,0.253,0.54,0.001,0.444,0.337,0.425,0.663,0.164,0.006,0.131,0.498,0.247,-0.74,-0.054,-0.623,1.044,0.784,0.724,0,0,0.001,0.001,0.001,0.893,0.789,0.841,0.009,0,0.001,0.023,0.001,0,0.662,0.879,0.695,0,0,0,0,0,0,0,0.371,0.09,0,0,0,0.001,0,0,0.001,0,0.001,0.001,0,0,0.001,0,0,0.001,5.526,7.815
01:08.1,3827,0.413,0.395,-0.628,-0.529,0.647,0.432,0.585,0.227,0.645,0.751,0.101,0.097,0.101,-0.023,0.736,0.669,0.366,0.709,0.501,0.335,0.239,0.478,-0.664,0.523,0.001,0.001,0.001,0.001,0.001,0.001,0.002,0.001,0.001,0.001,0.001,0.001,0.001,0.001,0.084,0.151,0.299,0.001,0.001,0.001,0.001,0.001,0.011,0.125,0.188,0.204,0.343,0.001,0.001,0.001,0.001,0.001,0.183,0.209,0.194,0.585,0.001,0.393,0.293,0.288,0.653,0.083,0.001,0.071,0.473,0.253,-0.749,0.032,-0.612,1.065,0.81,0.78,0.104,0.274,0.175,0.059,0.001,0.88,0.795,0.847,0.065,0.001,0,0.051,0,0.001,0.598,0.885,0.698,0.001,0.001,0,0.001,0.001,0,0,0.326,0.089,0.001,0,0.001,0,0.001,0,0.001,0,0,0,0.001,0,0,0,0.001,0,4.857,8.514
01:08.1,3828,0.42,0.392,-0.625,-0.528,0.646,0.429,0.591,0.222,0.641,0.756,0.094,0.092,0.088,-0.015,0.746,0.66,0.371,0.708,0.501,0.331,0.229,0.451,-0.688,0.52,0.001,0.001,0.001,0.001,0.001,0.001,0.001,0.001,0.001,0.001,0.001,0.001,0.001,0.001,0.061,0.123,0.239,0.001,0.001,0.001,0.001,0.001,0.001,0.088,0.162,0.162,0.306,0.001,0.001,0.001,0.001,0.001,0.145,0.187,0.166,0.593,0.001,0.326,0.214,0.225,0.626,0.042,0.001,0.035,0.405,0.246,-0.743,0.046,-0.621,0.89,0.695,0.687,0.454,0.849,0.736,0.516,0.01,0.716,0.748,0.789,0.593,0.255,0.263,0.451,0.236,0.001,0.596,0.877,0.78,0.341,0.081,0.083,0.291,0.48,0,0.084,0.455,0.332,0.054,0.012,0.002,0.211,0.361,0.001,0.128,0.001,0.254,0.233,0.031,0.338,0.136,0.137,0.066,0.111,4.132,15.365
01:08.1,3829,0.426,0.389,-0.622,-0.528,0.647,0.425,0.595,0.215,0.636,0.762,0.086,0.087,0.064,-0.014,0.754,0.653,0.379,0.708,0.501,0.323,0.218,0.425,-0.711,0.515,0.001,0.001,0.001,0.001,0.001,0.001,0.001,0.001,0.001,0.001,0.001,0.001,0.001,0.001,0.032,0.088,0.165,0.001,0.001,0.001,0.001,0.001,0.001,0.061,0.14,0.109,0.274,0.001,0.001,0.001,0.001,0.001,0.078,0.139,0.125,0.548,0.001,0.238,0.144,0.159,0.575,0.001,0.001,0.089,0.288,0.241,-0.737,0.054,-0.63,0.861,0.685,0.675,0.446,0.834,0.698,0.475,0.011,0.726,0.741,0.777,0.596,0.261,0.28,0.425,0.254,0.016,0.63,0.871,0.788,0.385,0.103,0.1,0.288,0.518,0,0.106,0.476,0.365,0.089,0.013,0.004,0.249,0.396,0.001,0.154,0.001,0.309,0.304,0.106,0.394,0.208,0.197,0.19,0.193,3.28,16.199
01:08.1,3830,0.432,0.386,-0.62,-0.529,0.65,0.42,0.599,0.206,0.631,0.767,0.079,0.087,0.032,-0.021,0.761,0.648,0.387,0.708,0.502,0.312,0.206,0.394,-0.736,0.51,0.001,0.001,0.001,0.001,0.001,0.001,0.001,0.001,0.001,0.001,0.001,0.001,0.001,0.001,0.01,0.078,0.117,0.001,0.001,0.001,0.001,0.001,0.001,0.051,0.112,0.084,0.226,0.001,0.001,0.001,0.001,0.001,0.054,0.133,0.112,0.516,0.001,0.137,0.106,0.136,0.493,0.001,0.001,0.056,0.158,0.241,-0.73,0.053,-0.637,0.851,0.675,0.665,0.444,0.832,0.707,0.457,0.012,0.725,0.736,0.774,0.606,0.278,0.269,0.425,0.252,0.028,0.641,0.869,0.791,0.421,0.117,0.11,0.292,0.537,0.001,0.105,0.49,0.381,0.093,0.02,0.017,0.27,0.43,0,0.181,0.001,0.352,0.35,0.167,0.436,0.234,0.23,0.27,0.254,2.607,16.796
01:08.1,3831,0.436,0.383,-0.618,-0.53,0.654,0.416,0.6,0.197,0.626,0.771,0.073,0.089,0.002,-0.03,0.764,0.644,0.393,0.708,0.504,0.3,0.199,0.365,-0.754,0.508,0.001,0.001,0.001,0.001,0.001,0.001,0.001,0.001,0.001,0.001,0.001,0.001,0.001,0.001,0.001,0.049,0.066,0.001,0.001,0.001,0.001,0.001,0,0.029,0.093,0.066,0.212,0.001,0.001,0.001,0.001,0.001,0.031,0.132,0.079,0.502,0.001,0.06,0.076,0.079,0.38,0.001,0.001,0.031,0.015,0.244,-0.727,0.047,-0.64,0.84,0.673,0.664,0.451,0.834,0.697,0.452,0.012,0.719,0.735,0.773,0.619,0.292,0.274,0.42,0.259,0.034,0.643,0.875,0.791,0.421,0.125,0.123,0.302,0.548,0.001,0.114,0.488,0.382,0.104,0.021,0.026,0.275,0.446,0,0.17,0.004,0.37,0.386,0.198,0.459,0.261,0.242,0.33,0.265,1.928,17.118
01:08.1,3832,0.44,0.381,-0.616,-0.531,0.659,0.411,0.601,0.189,0.624,0.773,0.067,0.093,-0.015,-0.039,0.765,0.643,0.398,0.709,0.505,0.289,0.198,0.317,-0.775,0.509,0.001,0.001,0.001,0.001,0.001,0.001,0.001,0.001,0.001,0.001,0.001,0.001,0.001,0.001,0.001,0.002,0.035,0.001,0.001,0.001,0.001,0.001,0.001,0.024,0.068,0.029,0.159,0.001,0.001,0.001,0.001,0.001,0.022,0.06,0.053,0.453,0.001,0.005,0.043,0.035,0.274,0.001,0.001,0.001,0.001,0.248,-0.723,0.039,-0.643,0.836,0.663,0.664,0.452,0.847,0.703,0.451,0.013,0.709,0.736,0.773,0.623,0.298,0.284,0.418,0.256,0.038,0.635,0.877,0.792,0.435,0.143,0.136,0.308,0.564,0,0.122,0.485,0.38,0.109,0.022,0.024,0.287,0.455,0.001,0.172,0.002,0.376,0.409,0.232,0.492,0.287,0.258,0.368,0.275,1.293,17.41
01:08.1,3833,0.443,0.378,-0.614,-0.533,0.663,0.406,0.602,0.18,0.624,0.773,0.061,0.096,-0.013,-0.047,0.762,0.646,0.4,0.711,0.506,0.28,0.205,0.279,-0.786,0.512,0.001,0.001,0.001,0.001,0.001,0.001,0.001,0.001,0,0.001,0.001,0.001,0.001,0.001,0.001,0.001,0.001,0.001,0.013,0.001,0.001,0.001,0.001,0.012,0.034,0.01,0.096,0.001,0.001,0.001,0.001,0.001,0.005,0.039,0.035,0.278,0.001,0.001,0.017,0.001,0.154,0.001,0.001,0.001,0.001,0.249,-0.722,0.034,-0.645,0.834,0.669,0.663,0.453,0.841,0.701,0.442,0.021,0.703,0.736,0.77,0.629,0.304,0.292,0.418,0.267,0.049,0.62,0.878,0.792,0.436,0.145,0.14,0.32,0.573,0.001,0.134,0.474,0.377,0.109,0.024,0.029,0.298,0.457,0.001,0.179,0.004,0.398,0.429,0.254,0.499,0.303,0.277,0.393,0.292,0.726,17.628
01:08.1,3834,0.444,0.375,-0.612,-0.535,0.668,0.401,0.603,0.17,0.624,0.773,0.055,0.1,0.001,-0.049,0.758,0.65,0.401,0.713,0.506,0.274,0.205,0.279,-0.786,0.512,0.001,0.001,0.001,0.001,0.001,0.001,0.001,0.001,0,0.001,0.001,0.001,0.001,0.001,0.001,0.001,0.001,0.001,0.013,0.001,0.001,0.001,0.001,0.012,0.034,0.01,0.096,0.001,0.001,0.001,0.001,0.001,0.005,0.039,0.035,0.278,0.001,0.001,0.017,0.001,0.154,0.001,0.001,0.001,0.001,0.246,-0.722,0.031,-0.646,0.835,0.672,0.661,0.458,0.835,0.696,0.435,0.023,0.689,0.739,0.772,0.631,0.306,0.292,0.411,0.269,0.065,0.601,0.879,0.792,0.437,0.161,0.149,0.326,0.568,0.001,0.142,0.459,0.372,0.109,0.026,0.038,0.309,0.458,0.001,0.199,0.005,0.41,0.448,0.271,0.514,0.32,0.302,0.422,0.308,0.726,17.816
01:08.1,3835,0.445,0.372,-0.61,-0.539,0.671,0.398,0.605,0.157,0.625,0.772,0.05,0.103,0.019,-0.046,0.756,0.652,0.401,0.715,0.505,0.271,0.205,0.279,-0.786,0.512,0.001,0.001,0.001,0.001,0.001,0.001,0.001,0.001,0,0.001,0.001,0.001,0.001,0.001,0.001,0.001,0.001,0.001,0.013,0.001,0.001,0.001,0.001,0.012,0.034,0.01,0.096,0.001,0.001,0.001,0.001,0.001,0.005,0.039,0.035,0.278,0.001,0.001,0.017,0.001,0.154,0.001,0.001,0.001,0.001,0.241,-0.722,0.03,-0.648,0.833,0.673,0.657,0.449,0.833,0.692,0.431,0.033,0.648,0.742,0.773,0.634,0.303,0.295,0.408,0.275,0.085,0.585,0.878,0.791,0.444,0.164,0.158,0.327,0.578,0.001,0.16,0.443,0.366,0.105,0.021,0.039,0.317,0.481,0.001,0.221,0.004,0.426,0.457,0.288,0.509,0.336,0.304,0.452,0.31,0.726,17.93
01:08.2,3836,0.446,0.369,-0.608,-0.542,0.673,0.396,0.608,0.143,0.627,0.77,0.046,0.106,0.039,-0.039,0.757,0.652,0.4,0.716,0.504,0.27,0.205,0.279,-0.786,0.512,0.001,0.001,0.001,0.001,0.001,0.001,0.001,0.001,0,0.001,0.001,0.001,0.001,0.001,0.001,0.001,0.001,0.001,0.013,0.001,0.001,0.001,0.001,0.012,0.034,0.01,0.096,0.001,0.001,0.001,0.001,0.001,0.005,0.039,0.035,0.278,0.001,0.001,0.017,0.001,0.154,0.001,0.001,0.001,0.001,0.233,-0.723,0.033,-0.649,0.808,0.672,0.653,0.447,0.845,0.7,0.436,0.031,0.62,0.744,0.773,0.637,0.305,0.304,0.408,0.274,0.101,0.57,0.879,0.788,0.451,0.172,0.175,0.332,0.592,0.002,0.173,0.429,0.365,0.103,0.02,0.04,0.326,0.504,0.001,0.242,0.006,0.437,0.465,0.309,0.524,0.344,0.306,0.473,0.317,0.726,18.103
01:08.2,3837,0.447,0.366,-0.607,-0.546,0.676,0.394,0.609,0.13,0.629,0.769,0.043,0.108,0.051,-0.03,0.758,0.649,0.399,0.718,0.502,0.27,0.205,0.279,-0.786,0.512,0.001,0.001,0.001,0.001,0.001,0.001,0.001,0.001,0,0.001,0.001,0.001,0.001,0.001,0.001,0.001,0.001,0.001,0.013,0.001,0.001,0.001,0.001,0.012,0.034,0.01,0.096,0.001,0.001,0.001,0.001,0.001,0.005,0.039,0.035,0.278,0.001,0.001,0.017,0.001,0.154,0.001,0.001,0.001,0.001,0.224,-0.724,0.038,-0.651,0.781,0.668,0.651,0.452,0.842,0.711,0.433,0.031,0.598,0.746,0.777,0.639,0.303,0.31,0.411,0.286,0.118,0.56,0.88,0.783,0.453,0.173,0.176,0.338,0.608,0.002,0.189,0.414,0.358,0.103,0.023,0.045,0.338,0.527,0.001,0.26,0.005,0.444,0.46,0.319,0.52,0.354,0.306,0.471,0.33,0.726,18.197
01:08.2,3838,0.448,0.362,-0.606,-0.549,0.68,0.39,0.609,0.117,0.629,0.768,0.041,0.109,0.048,-0.021,0.761,0.646,0.398,0.719,0.501,0.271,0.205,0.279,-0.786,0.512,0.001,0.001,0.001,0.001,0.001,0.001,0.001,0.001,0,0.001,0.001,0.001,0.001,0.001,0.001,0.001,0.001,0.001,0.013,0.001,0.001,0.001,0.001,0.012,0.034,0.01,0.096,0.001,0.001,0.001,0.001,0.001,0.005,0.039,0.035,0.278,0.001,0.001,0.017,0.001,0.154,0.001,0.001,0.001,0.001,0.215,-0.725,0.044,-0.653,0.767,0.662,0.647,0.454,0.856,0.72,0.44,0.032,0.571,0.746,0.775,0.64,0.33,0.313,0.414,0.294,0.125,0.548,0.882,0.78,0.454,0.172,0.172,0.344,0.619,0.002,0.204,0.4,0.354,0.101,0.026,0.048,0.352,0.551,0.001,0.284,0.006,0.451,0.463,0.316,0.535,0.355,0.305,0.473,0.324,0.726,18.308
01:08.2,3839,0.449,0.359,-0.605,-0.551,0.687,0.387,0.606,0.106,0.627,0.77,0.04,0.111,0.035,-0.014,0.764,0.643,0.396,0.721,0.5,0.273,0.205,0.279,-0.786,0.512,0.001,0.001,0.001,0.001,0.001,0.001,0.001,0.001,0,0.001,0.001,0.001,0.001,0.001,0.001,0.001,0.001,0.001,0.013,0.001,0.001,0.001,0.001,0.012,0.034,0.01,0.096,0.001,0.001,0.001,0.001,0.001,0.005,0.039,0.035,0.278,0.001,0.001,0.017,0.001,0.154,0.001,0.001,0.001,0.001,0.202,-0.726,0.053,-0.655,0.752,0.659,0.64,0.464,0.875,0.717,0.447,0.038,0.549,0.746,0.778,0.643,0.337,0.331,0.416,0.3,0.137,0.536,0.885,0.783,0.449,0.17,0.189,0.358,0.637,0.002,0.23,0.385,0.342,0.103,0.026,0.049,0.36,0.564,0.001,0.304,0.005,0.451,0.466,0.314,0.532,0.357,0.297,0.462,0.319,0.726,18.405
01:08.2,3840,0.45,0.355,-0.605,-0.553,0.694,0.384,0.601,0.099,0.623,0.773,0.04,0.114,0.018,-0.011,0.768,0.641,0.394,0.721,0.499,0.274,0.338,0.178,-0.785,0.487,0.001,0.001,0.001,0.001,0.001,0.001,0.001,0.001,0.001,0.001,0.001,0.001,0.001,0.001,0.001,0.001,0.001,0.001,0.039,0.024,0.001,0.001,0.001,0.001,0.026,0.001,0.021,0.001,0.001,0.001,0.001,0.001,0.001,0.029,0.032,0.133,0.001,0.001,0.002,0.001,0.01,0.001,0.001,0.001,0.001,0.202,-0.726,0.053,-0.655,0.752,0.659,0.64,0.464,0.875,0.717,0.447,0.038,0.549,0.746,0.778,0.643,0.337,0.331,0.416,0.3,0.137,0.536,0.885,0.783,0.449,0.17,0.189,0.358,0.637,0.002,0.23,0.385,0.342,0.103,0.026,0.049,0.36,0.564,0.001,0.304,0.005,0.451,0.466,0.314,0.532,0.357,0.297,0.462,0.319,0.352,18.405
