timestamp,packet_counter,right_thigh_q1,right_thigh_q2,right_thigh_q3,right_thigh_q4,right_calf_q1,right_calf_q2,right_calf_q3,right_calf_q4,left_thigh_q1,left_thigh_q2,left_thigh_q3,left_thigh_q4,left_calf_q1,left_calf_q2,left_calf_q3,left_calf_q4,trunk_q1,trunk_q2,trunk_q3,trunk_q4,right_foot_q0,right_foot_q1,right_foot_q2,right_foot_q3,right_pressure0,right_pressure1,right_pressure2,right_pressure3,right_pressure4,right_pressure5,right_pressure6,right_pressure7,right_pressure8,right_pressure9,right_pressure10,right_pressure11,right_pressure12,right_pressure13,right_pressure14,right_pressure15,right_pressure16,right_pressure17,right_pressure18,right_pressure19,right_pressure20,right_pressure21,right_pressure22,right_pressure23,right_pressure24,right_pressure25,right_pressure26,right_pressure27,right_pressure28,right_pressure29,right_pressure30,right_pressure31,right_pressure32,right_pressure33,right_pressure34,right_pressure35,right_pressure36,right_pressure37,right_pressure38,right_pressure39,right_pressure40,right_pressure41,right_pressure42,right_pressure43,right_pressure44,left_foot_q0,left_foot_q1,left_foot_q2,left_foot_q3,left_pressure0,left_pressure1,left_pressure2,left_pressure3,left_pressure4,left_pressure5,left_pressure6,left_pressure7,left_pressure8,left_pressure9,left_pressure10,left_pressure11,left_pressure12,left_pressure13,left_pressure14,left_pressure15,left_pressure16,left_pressure17,left_pressure18,left_pressure19,left_pressure20,left_pressure21,left_pressure22,left_pressure23,left_pressure24,left_pressure25,left_pressure26,left_pressure27,left_pressure28,left_pressure29,left_pressure30,left_pressure31,left_pressure32,left_pressure33,left_pressure34,left_pressure35,left_pressure36,left_pressure37,left_pressure38,left_pressure39,left_pressure40,left_pressure41,left_pressure42,left_pressure43,left_pressure44,right_pressure_sum,left_pressure_sum
01:37.7,6795,0.305,0.481,-0.649,-0.504,0.279,0.118,0.723,0.621,0.684,0.487,0.502,0.208,-0.65,-0.503,-0.469,-0.323,0.206,0.467,0.704,0.494,-0.614,0.109,0.778,0.07,0.001,0.001,0.001,0.001,0.403,0.498,0.269,0.099,0.001,0.001,0.027,0.001,0.051,0.453,0.387,0.392,0.198,0.001,0.002,0.01,0.001,0.001,0.265,0.532,0.767,0.267,0.436,0.001,0.001,0.001,0.001,0.126,0.526,0.653,0.317,0.226,0.024,0.641,0.739,1.101,0.864,0.49,0.12,0.474,0.048,-0.599,-0.43,0.289,-0.61,0,0.001,0.001,0,0,0.001,0,0,0,0.001,0,0.001,0.001,0,0.001,0,0.001,0,0.01,0.001,0,0.001,0,0.001,0.001,0.001,0.007,0.001,0.001,0,0.001,0.001,0.001,0,0.001,0.096,0,0,0,0,0,0,0,0,0.001,11.419,0.133
01:37.8,6796,0.303,0.481,-0.649,-0.506,0.28,0.117,0.723,0.62,0.683,0.487,0.504,0.206,-0.646,-0.511,-0.465,-0.325,0.206,0.468,0.704,0.493,-0.614,0.109,0.778,0.07,0.001,0.001,0.001,0.001,0.403,0.498,0.269,0.099,0.001,0.001,0.027,0.001,0.051,0.453,0.387,0.392,0.198,0.001,0.002,0.01,0.001,0.001,0.265,0.532,0.767,0.267,0.436,0.001,0.001,0.001,0.001,0.126,0.526,0.653,0.317,0.226,0.024,0.641,0.739,1.101,0.864,0.49,0.12,0.474,0.048,-0.597,-0.423,0.307,-0.608,0,0.093,0.001,0.001,0,0.001,0.001,0.001,0.001,0.431,0.088,0.001,0,0,0,0.001,0.001,0.001,0.396,0.005,0.001,0,0.001,0,0,0,0,0,0,0,0,0,0,0,0,0.068,0.001,0,0.001,0.001,0,0.001,0.001,0.001,0,11.419,1.099
01:37.8,6797,0.3,0.481,-0.649,-0.507,0.282,0.115,0.723,0.62,0.683,0.487,0.504,0.204,-0.641,-0.518,-0.462,-0.328,0.207,0.468,0.704,0.492,-0.614,0.109,0.778,0.07,0.001,0.001,0.001,0.001,0.403,0.498,0.269,0.099,0.001,0.001,0.027,0.001,0.051,0.453,0.387,0.392,0.198,0.001,0.002,0.01,0.001,0.001,0.265,0.532,0.767,0.267,0.436,0.001,0.001,0.001,0.001,0.126,0.526,0.653,0.317,0.226,0.024,0.641,0.739,1.101,0.864,0.49,0.12,0.474,0.048,-0.603,-0.402,0.328,-0.606,0.297,0.248,0.001,0.001,0,0,0,0,0.331,0.565,0.11,0,0.001,0,0.001,0.001,0,0.053,0.636,0.012,0,0,0.001,0.001,0,0,0.001,0.001,0,0,0,0,0,0.001,0,0.071,0.001,0,0.001,0,0.001,0,0.001,0,0,11.419,2.337
01:37.8,6798,0.298,0.48,-0.649,-0.509,0.283,0.114,0.723,0.619,0.683,0.488,0.504,0.204,-0.636,-0.524,-0.459,-0.331,0.208,0.469,0.704,0.49,-0.614,0.109,0.778,0.07,0.001,0.001,0.001,0.001,0.403,0.498,0.269,0.099,0.001,0.001,0.027,0.001,0.051,0.453,0.387,0.392,0.198,0.001,0.002,0.01,0.001,0.001,0.265,0.532,0.767,0.267,0.436,0.001,0.001,0.001,0.001,0.126,0.526,0.653,0.317,0.226,0.024,0.641,0.739,1.101,0.864,0.49,0.12,0.474,0.048,-0.613,-0.385,0.341,-0.6,0.784,0.474,0,0.001,0,0,0.001,0,0.763,0.658,0.168,0,0,0,0.001,0,0.001,0.314,0.74,0.021,0.001,0.001,0,0,0,0.001,0,0.001,0.001,0,0,0,0.001,0,0,0.073,0.001,0.001,0,0.001,0,0.001,0,0,0.001,11.419,4.01
01:37.8,6799,0.297,0.479,-0.649,-0.511,0.285,0.112,0.723,0.619,0.682,0.49,0.503,0.204,-0.633,-0.527,-0.46,-0.333,0.208,0.47,0.705,0.489,-0.614,0.109,0.778,0.07,0.001,0.001,0.001,0.001,0.403,0.498,0.269,0.099,0.001,0.001,0.027,0.001,0.051,0.453,0.387,0.392,0.198,0.001,0.002,0.01,0.001,0.001,0.265,0.532,0.767,0.267,0.436,0.001,0.001,0.001,0.001,0.126,0.526,0.653,0.317,0.226,0.024,0.641,0.739,1.101,0.864,0.49,0.12,0.474,0.048,-0.613,-0.385,0.341,-0.6,0.784,0.474,0,0.001,0,0,0.001,0,0.763,0.658,0.168,0,0,0,0.001,0,0.001,0.314,0.74,0.021,0.001,0.001,0,0,0,0.001,0,0.001,0.001,0,0,0,0.001,0,0,0.073,0.001,0.001,0,0.001,0,0.001,0,0,0.001,11.419,4.01
01:37.8,6800,0.295,0.478,-0.65,-0.512,0.288,0.11,0.723,0.618,0.681,0.494,0.5,0.206,-0.63,-0.525,-0.465,-0.334,0.208,0.47,0.706,0.486,-0.614,0.109,0.778,0.07,0.001,0.001,0.001,0.001,0.403,0.498,0.269,0.099,0.001,0.001,0.027,0.001,0.051,0.453,0.387,0.392,0.198,0.001,0.002,0.01,0.001,0.001,0.265,0.532,0.767,0.267,0.436,0.001,0.001,0.001,0.001,0.126,0.526,0.653,0.317,0.226,0.024,0.641,0.739,1.101,0.864,0.49,0.12,0.474,0.048,-0.613,-0.385,0.341,-0.6,0.784,0.474,0,0.001,0,0,0.001,0,0.763,0.658,0.168,0,0,0,0.001,0,0.001,0.314,0.74,0.021,0.001,0.001,0,0,0,0.001,0,0.001,0.001,0,0,0,0.001,0,0,0.073,0.001,0.001,0,0.001,0,0.001,0,0,0.001,11.419,4.01
01:37.8,6801,0.294,0.477,-0.65,-0.514,0.29,0.108,0.723,0.618,0.68,0.497,0.496,0.211,-0.63,-0.52,-0.469,-0.335,0.207,0.471,0.708,0.484,-0.611,0.157,0.772,0.079,0.001,0.001,0.001,0.001,0.403,0.498,0.269,0.099,0.001,0.001,0.027,0.001,0.051,0.453,0.387,0.392,0.198,0.001,0.002,0.01,0.001,0.001,0.265,0.532,0.767,0.267,0.436,0.001,0.001,0.001,0.001,0.126,0.526,0.653,0.317,0.226,0.024,0.641,0.739,1.101,0.864,0.49,0.12,0.474,0.048,-0.613,-0.385,0.341,-0.6,0.784,0.474,0,0.001,0,0,0.001,0,0.763,0.658,0.168,0,0,0,0.001,0,0.001,0.314,0.74,0.021,0.001,0.001,0,0,0,0.001,0,0.001,0.001,0,0,0,0.001,0,0,0.073,0.001,0.001,0,0.001,0,0.001,0,0,0.001,11.419,4.01
01:37.8,6802,0.294,0.475,-0.65,-0.515,0.292,0.106,0.722,0.618,0.679,0.499,0.493,0.216,-0.633,-0.517,-0.469,-0.335,0.204,0.472,0.71,0.481,-0.61,0.166,0.771,0.08,0.001,0.001,0.001,0.001,0.02,0.076,0.145,0.042,0.001,0.001,0.001,0.001,0.001,0.065,0.263,0.319,0.226,0.001,0.001,0.001,0.001,0.001,0.002,0.473,0.695,0.308,0.43,0.001,0.001,0.001,0.001,0.001,0.552,0.653,0.327,0.253,0.034,0.741,0.862,1.149,0.999,0.634,0.206,0.488,0.103,-0.613,-0.385,0.341,-0.6,0.784,0.474,0,0.001,0,0,0.001,0,0.763,0.658,0.168,0,0,0,0.001,0,0.001,0.314,0.74,0.021,0.001,0.001,0,0,0,0.001,0,0.001,0.001,0,0,0,0.001,0,0,0.073,0.001,0.001,0,0.001,0,0.001,0,0,0.001,10.084,4.01
01:37.8,6803,0.294,0.474,-0.65,-0.516,0.295,0.104,0.721,0.618,0.679,0.497,0.493,0.221,-0.638,-0.518,-0.463,-0.333,0.202,0.473,0.711,0.479,-0.608,0.179,0.769,0.079,0.001,0.001,0.001,0.001,0.004,0.072,0.133,0.034,0.001,0.001,0,0.001,0.001,0.066,0.223,0.31,0.233,0.001,0.001,0.001,0.001,0.001,0.024,0.441,0.681,0.315,0.42,0.001,0.001,0.001,0.001,0.001,0.552,0.641,0.325,0.248,0.013,0.767,0.886,1.149,1.027,0.668,0.219,0.486,0.112,-0.613,-0.385,0.341,-0.6,0.784,0.474,0,0.001,0,0,0.001,0,0.763,0.658,0.168,0,0,0,0.001,0,0.001,0.314,0.74,0.021,0.001,0.001,0,0,0,0.001,0,0.001,0.001,0,0,0,0.001,0,0,0.073,0.001,0.001,0,0.001,0,0.001,0,0,0.001,10.067,4.01
01:37.8,6804,0.296,0.473,-0.65,-0.516,0.297,0.103,0.72,0.619,0.68,0.494,0.495,0.222,-0.638,-0.522,-0.458,-0.332,0.198,0.473,0.714,0.478,-0.608,0.179,0.769,0.079,0.001,0.001,0.001,0.001,0.004,0.072,0.133,0.034,0.001,0.001,0,0.001,0.001,0.066,0.223,0.31,0.233,0.001,0.001,0.001,0.001,0.001,0.024,0.441,0.681,0.315,0.42,0.001,0.001,0.001,0.001,0.001,0.552,0.641,0.325,0.248,0.013,0.767,0.886,1.149,1.027,0.668,0.219,0.486,0.112,-0.613,-0.385,0.341,-0.6,0.784,0.474,0,0.001,0,0,0.001,0,0.763,0.658,0.168,0,0,0,0.001,0,0.001,0.314,0.74,0.021,0.001,0.001,0,0,0,0.001,0,0.001,0.001,0,0,0,0.001,0,0,0.073,0.001,0.001,0,0.001,0,0.001,0,0,0.001,10.067,4.01
01:37.8,6805,0.298,0.472,-0.65,-0.516,0.299,0.101,0.718,0.62,0.68,0.49,0.499,0.22,-0.634,-0.529,-0.453,-0.335,0.195,0.472,0.716,0.477,-0.608,0.179,0.769,0.079,0.001,0.001,0.001,0.001,0.004,0.072,0.133,0.034,0.001,0.001,0,0.001,0.001,0.066,0.223,0.31,0.233,0.001,0.001,0.001,0.001,0.001,0.024,0.441,0.681,0.315,0.42,0.001,0.001,0.001,0.001,0.001,0.552,0.641,0.325,0.248,0.013,0.767,0.886,1.149,1.027,0.668,0.219,0.486,0.112,-0.54,-0.369,0.404,-0.64,0.884,0.575,0.001,0,0,0,0,0.001,0.883,0.702,0.265,0,0,0,0.001,0.001,0,0.486,0.828,0.024,0.001,0,0.001,0,0,0,0,0.001,0,0.001,0.001,0,0,0,0,0.048,0,0,0.001,0.001,0.001,0,0,0.001,0.001,10.067,4.709
01:37.9,6806,0.301,0.471,-0.649,-0.516,0.301,0.1,0.717,0.621,0.681,0.486,0.504,0.215,-0.628,-0.537,-0.449,-0.341,0.192,0.47,0.718,0.477,-0.608,0.179,0.769,0.079,0.001,0.001,0.001,0.001,0.004,0.072,0.133,0.034,0.001,0.001,0,0.001,0.001,0.066,0.223,0.31,0.233,0.001,0.001,0.001,0.001,0.001,0.024,0.441,0.681,0.315,0.42,0.001,0.001,0.001,0.001,0.001,0.552,0.641,0.325,0.248,0.013,0.767,0.886,1.149,1.027,0.668,0.219,0.486,0.112,-0.54,-0.369,0.404,-0.64,0.884,0.575,0.001,0,0,0,0,0.001,0.883,0.702,0.265,0,0,0,0.001,0.001,0,0.486,0.828,0.024,0.001,0,0.001,0,0,0,0,0.001,0,0.001,0.001,0,0,0,0,0.048,0,0,0.001,0.001,0.001,0,0,0.001,0.001,10.067,4.709
01:37.9,6807,0.304,0.47,-0.648,-0.516,0.302,0.099,0.715,0.622,0.681,0.483,0.508,0.21,-0.621,-0.543,-0.446,-0.347,0.19,0.468,0.719,0.477,-0.608,0.179,0.769,0.079,0.001,0.001,0.001,0.001,0.004,0.072,0.133,0.034,0.001,0.001,0,0.001,0.001,0.066,0.223,0.31,0.233,0.001,0.001,0.001,0.001,0.001,0.024,0.441,0.681,0.315,0.42,0.001,0.001,0.001,0.001,0.001,0.552,0.641,0.325,0.248,0.013,0.767,0.886,1.149,1.027,0.668,0.219,0.486,0.112,-0.54,-0.369,0.404,-0.64,0.884,0.575,0.001,0,0,0,0,0.001,0.883,0.702,0.265,0,0,0,0.001,0.001,0,0.486,0.828,0.024,0.001,0,0.001,0,0,0,0,0.001,0,0.001,0.001,0,0,0,0,0.048,0,0,0.001,0.001,0.001,0,0,0.001,0.001,10.067,4.709
01:37.9,6808,0.307,0.469,-0.646,-0.517,0.304,0.098,0.714,0.623,0.681,0.482,0.51,0.209,-0.617,-0.548,-0.442,-0.352,0.189,0.466,0.721,0.477,-0.608,0.179,0.769,0.079,0.001,0.001,0.001,0.001,0.004,0.072,0.133,0.034,0.001,0.001,0,0.001,0.001,0.066,0.223,0.31,0.233,0.001,0.001,0.001,0.001,0.001,0.024,0.441,0.681,0.315,0.42,0.001,0.001,0.001,0.001,0.001,0.552,0.641,0.325,0.248,0.013,0.767,0.886,1.149,1.027,0.668,0.219,0.486,0.112,-0.54,-0.369,0.404,-0.64,0.884,0.575,0.001,0,0,0,0,0.001,0.883,0.702,0.265,0,0,0,0.001,0.001,0,0.486,0.828,0.024,0.001,0,0.001,0,0,0,0,0.001,0,0.001,0.001,0,0,0,0,0.048,0,0,0.001,0.001,0.001,0,0,0.001,0.001,10.067,4.709
01:37.9,6809,0.311,0.467,-0.645,-0.518,0.306,0.098,0.713,0.623,0.678,0.484,0.51,0.214,-0.614,-0.551,-0.44,-0.354,0.19,0.464,0.722,0.477,-0.604,0.305,0.732,0.083,0.001,0.001,0.001,0.001,0.001,0.079,0.128,0.032,0.001,0.001,0.001,0.001,0.001,0.068,0.217,0.306,0.234,0.001,0.001,0.001,0.001,0.001,0.024,0.429,0.676,0.317,0.419,0.001,0.001,0.001,0.001,0.005,0.551,0.64,0.325,0.25,0.009,0.774,0.895,1.154,1.034,0.676,0.221,0.485,0.114,-0.54,-0.369,0.404,-0.64,0.884,0.575,0.001,0,0,0,0,0.001,0.883,0.702,0.265,0,0,0,0.001,0.001,0,0.486,0.828,0.024,0.001,0,0.001,0,0,0,0,0.001,0,0.001,0.001,0,0,0,0,0.048,0,0,0.001,0.001,0.001,0,0,0.001,0.001,10.081,4.709
01:37.9,6810,0.314,0.465,-0.644,-0.52,0.31,0.099,0.712,0.623,0.672,0.49,0.506,0.228,-0.611,-0.555,-0.438,-0.356,0.192,0.461,0.723,0.477,-0.601,0.33,0.722,0.086,0.001,0.001,0.001,0.001,0.001,0.001,0.027,0.009,0.001,0.001,0.001,0.001,0.001,0.007,0.147,0.158,0.283,0.001,0.001,0.001,0.001,0.001,0.001,0.208,0.381,0.197,0.263,0.001,0.001,0.001,0.001,0.027,0.292,0.503,0.284,0.203,0.001,0.709,1.112,1.15,1.082,0.897,0.238,0.468,0.198,-0.54,-0.369,0.404,-0.64,0.884,0.575,0.001,0,0,0,0,0.001,0.883,0.702,0.265,0,0,0,0.001,0.001,0,0.486,0.828,0.024,0.001,0,0.001,0,0,0,0,0.001,0,0.001,0.001,0,0,0,0,0.048,0,0,0.001,0.001,0.001,0,0,0.001,0.001,8.865,4.709
01:37.9,6811,0.318,0.461,-0.642,-0.523,0.314,0.1,0.71,0.622,0.661,0.498,0.503,0.248,-0.607,-0.559,-0.437,-0.358,0.195,0.459,0.724,0.476,-0.6,0.354,0.714,0.076,0.001,0.001,0.001,0.001,0.001,0.001,0.029,0.007,0.001,0.001,0.001,0.001,0.001,0.006,0.138,0.162,0.286,0.001,0.001,0.001,0.001,0.001,0.01,0.198,0.372,0.181,0.231,0.001,0.001,0.001,0.001,0.021,0.294,0.484,0.267,0.189,0.001,0.673,0.939,1.132,1.101,0.856,0.192,0.474,0.219,-0.54,-0.369,0.404,-0.64,0.884,0.575,0.001,0,0,0,0,0.001,0.883,0.702,0.265,0,0,0,0.001,0.001,0,0.486,0.828,0.024,0.001,0,0.001,0,0,0,0,0.001,0,0.001,0.001,0,0,0,0,0.048,0,0,0.001,0.001,0.001,0,0,0.001,0.001,8.482,4.709
01:37.9,6812,0.323,0.456,-0.641,-0.526,0.318,0.103,0.709,0.621,0.649,0.505,0.502,0.268,-0.601,-0.565,-0.437,-0.359,0.2,0.457,0.725,0.475,-0.604,0.351,0.714,0.052,0.001,0.001,0.001,0.001,0,0.001,0.027,0.005,0.001,0.001,0.001,0.001,0.001,0.001,0.11,0.193,0.281,0.001,0.001,0.001,0.001,0.001,0.026,0.2,0.359,0.168,0.199,0.001,0.001,0.001,0.001,0.024,0.289,0.415,0.249,0.187,0.009,0.658,0.726,1.07,1.104,0.785,0.105,0.488,0.264,-0.54,-0.369,0.404,-0.64,0.884,0.575,0.001,0,0,0,0,0.001,0.883,0.702,0.265,0,0,0,0.001,0.001,0,0.486,0.828,0.024,0.001,0,0.001,0,0,0,0,0.001,0,0.001,0.001,0,0,0,0,0.048,0,0,0.001,0.001,0.001,0,0,0.001,0.001,7.961,4.709
01:37.9,6813,0.327,0.451,-0.64,-0.529,0.323,0.106,0.708,0.619,0.636,0.509,0.506,0.284,-0.594,-0.571,-0.438,-0.359,0.204,0.455,0.727,0.472,-0.605,0.349,0.715,0.025,0.001,0.001,0.001,0.001,0.001,0.001,0.023,0.001,0,0.001,0.001,0.001,0.001,0.001,0.105,0.198,0.243,0.001,0.001,0.001,0.001,0.001,0.018,0.198,0.281,0.171,0.192,0.001,0.001,0.001,0.001,0.017,0.288,0.292,0.227,0.193,0.01,0.631,0.564,0.98,1.096,0.63,0.063,0.48,0.313,-0.539,-0.32,0.475,-0.617,0.904,0.713,0.258,0,0.001,0,0.001,0.001,0.882,0.811,0.781,0.001,0,0,0,0,0,0.601,0.855,0.676,0.001,0,0.001,0,0,0,0.001,0.287,0.007,0,0.001,0,0.001,0,0,0.02,0,0.001,0,0,0,0,0,0,0.001,7.234,6.806
01:37.9,6814,0.333,0.443,-0.639,-0.533,0.329,0.11,0.707,0.616,0.625,0.511,0.514,0.289,-0.589,-0.577,-0.439,-0.357,0.207,0.454,0.729,0.468,-0.605,0.347,0.717,-0.012,0,0.001,0.001,0.001,0.001,0.001,0.018,0.001,0.001,0.001,0.001,0.001,0.001,0.001,0.1,0.21,0.228,0,0.001,0.001,0.001,0.001,0.045,0.187,0.233,0.151,0.175,0.001,0.001,0.001,0.001,0.017,0.272,0.249,0.219,0.198,0.015,0.584,0.42,0.835,1.04,0.471,0.056,0.438,0.352,-0.551,-0.297,0.485,-0.611,0.938,0.747,0.739,0.227,0.482,0.286,0.12,0.001,0.728,0.777,0.828,0.446,0.035,0.134,0.427,0.001,0,0.568,0.882,0.75,0.158,0.001,0.007,0.084,0.081,0.001,0.001,0.396,0.253,0.002,0.001,0.001,0.002,0,0,0.05,0,0,0,0,0,0.012,0,0,0,6.533,10.166
01:37.9,6815,0.339,0.435,-0.639,-0.537,0.337,0.112,0.707,0.611,0.618,0.512,0.522,0.288,-0.585,-0.583,-0.438,-0.355,0.209,0.453,0.732,0.464,-0.603,0.346,0.718,-0.036,0.001,0.001,0.001,0.001,0.001,0.001,0.013,0.001,0.001,0.001,0.001,0.001,0.001,0.001,0.105,0.198,0.192,0.001,0.001,0.001,0.001,0.001,0.056,0.179,0.204,0.154,0.177,0.001,0.001,0.001,0.001,0.016,0.25,0.249,0.194,0.179,0.005,0.53,0.353,0.637,1.055,0.325,0.01,0.543,0.354,-0.565,-0.275,0.496,-0.599,0.934,0.745,0.733,0.278,0.526,0.322,0.173,0.001,0.728,0.773,0.824,0.491,0.054,0.154,0.433,0.037,0,0.574,0.884,0.762,0.176,0.002,0.002,0.114,0.223,0.001,0,0.402,0.267,0.002,0.001,0.001,0.04,0.011,0,0.072,0,0.001,0.001,0,0,0.013,0.001,0.001,0,6,10.757
01:38.0,6816,0.346,0.425,-0.639,-0.54,0.348,0.114,0.706,0.606,0.615,0.513,0.527,0.283,-0.58,-0.589,-0.436,-0.356,0.208,0.454,0.735,0.459,-0.598,0.347,0.719,-0.071,0.001,0.001,0.001,0.001,0.001,0.001,0.006,0.001,0.001,0.001,0.001,0.001,0.001,0.001,0.103,0.159,0.165,0.001,0.001,0.001,0.001,0.001,0.048,0.139,0.211,0.164,0.17,0.001,0.001,0.001,0.001,0.001,0.236,0.227,0.162,0.155,0.001,0.473,0.283,0.524,1.051,0.167,0.001,0.448,0.355,-0.572,-0.267,0.503,-0.59,0.923,0.742,0.722,0.317,0.575,0.336,0.209,0.002,0.734,0.769,0.823,0.529,0.099,0.153,0.436,0.073,0,0.584,0.886,0.778,0.179,0.002,0.002,0.155,0.32,0,0.001,0.409,0.275,0.004,0.001,0.001,0.087,0.057,0.001,0.071,0.001,0.009,0.001,0,0.033,0.016,0,0,0,5.271,11.315
01:38.0,6817,0.354,0.416,-0.638,-0.543,0.359,0.117,0.705,0.601,0.616,0.514,0.528,0.278,-0.575,-0.594,-0.434,-0.358,0.206,0.454,0.738,0.454,-0.595,0.349,0.718,-0.094,0.001,0.001,0.001,0.001,0.001,0.001,0.001,0.001,0.001,0.001,0.001,0.001,0.001,0.001,0.084,0.127,0.103,0.001,0.001,0.001,0.001,0.001,0.034,0.116,0.187,0.117,0.14,0.001,0.001,0.001,0.001,0.002,0.193,0.241,0.149,0.116,0.001,0.371,0.222,0.425,1.005,0.062,0.001,0.382,0.3,-0.585,-0.251,0.516,-0.573,0.924,0.739,0.723,0.332,0.603,0.374,0.215,0.002,0.736,0.766,0.823,0.542,0.104,0.155,0.454,0.079,0.001,0.589,0.888,0.781,0.198,0.004,0.005,0.171,0.385,0,0.001,0.415,0.282,0.012,0.001,0.001,0.092,0.105,0,0.071,0,0.011,0.021,0.001,0.038,0.02,0.001,0,0,4.401,11.665
01:38.0,6818,0.362,0.407,-0.637,-0.545,0.368,0.12,0.703,0.596,0.617,0.516,0.528,0.273,-0.57,-0.599,-0.432,-0.361,0.204,0.455,0.741,0.45,-0.592,0.352,0.715,-0.122,0.001,0.001,0.001,0.001,0.001,0.001,0.001,0.001,0,0.001,0.001,0.001,0.001,0.001,0.059,0.085,0.053,0.001,0.001,0.001,0.001,0.001,0.024,0.116,0.171,0.104,0.114,0.001,0.001,0.001,0.001,0.002,0.128,0.217,0.143,0.082,0.001,0.295,0.189,0.343,0.874,0.017,0.001,0.335,0.195,-0.585,-0.251,0.516,-0.573,0.924,0.739,0.723,0.332,0.603,0.374,0.215,0.002,0.736,0.766,0.823,0.542,0.104,0.155,0.454,0.079,0.001,0.589,0.888,0.781,0.198,0.004,0.005,0.171,0.385,0,0.001,0.415,0.282,0.012,0.001,0.001,0.092,0.105,0,0.071,0,0.011,0.021,0.001,0.038,0.02,0.001,0,0,3.57,11.665
01:38.0,6819,0.37,0.399,-0.636,-0.547,0.375,0.123,0.702,0.593,0.617,0.519,0.527,0.271,-0.565,-0.603,-0.429,-0.363,0.203,0.455,0.742,0.447,-0.591,0.354,0.71,-0.144,0.001,0.001,0.001,0.001,0.001,0.001,0.001,0.001,0.001,0.001,0.001,0.001,0.001,0.001,0.043,0.067,0.033,0.001,0.001,0.001,0.001,0.001,0.001,0.071,0.155,0.084,0.061,0.001,0.001,0.001,0.001,0.001,0.09,0.173,0.111,0.072,0.001,0.215,0.132,0.308,0.744,0.001,0.001,0.255,0.024,-0.585,-0.251,0.516,-0.573,0.924,0.739,0.723,0.332,0.603,0.374,0.215,0.002,0.736,0.766,0.823,0.542,0.104,0.155,0.454,0.079,0.001,0.589,0.888,0.781,0.198,0.004,0.005,0.171,0.385,0,0.001,0.415,0.282,0.012,0.001,0.001,0.092,0.105,0,0.071,0,0.011,0.021,0.001,0.038,0.02,0.001,0,0,2.666,11.665
01:38.0,6820,0.378,0.392,-0.635,-0.548,0.378,0.125,0.701,0.591,0.615,0.522,0.524,0.271,-0.562,-0.608,-0.427,-0.365,0.203,0.456,0.744,0.445,-0.591,0.354,0.71,-0.144,0.001,0.001,0.001,0.001,0.001,0.001,0.001,0.001,0.001,0.001,0.001,0.001,0.001,0.001,0.043,0.067,0.033,0.001,0.001,0.001,0.001,0.001,0.001,0.071,0.155,0.084,0.061,0.001,0.001,0.001,0.001,0.001,0.09,0.173,0.111,0.072,0.001,0.215,0.132,0.308,0.744,0.001,0.001,0.255,0.024,-0.585,-0.251,0.516,-0.573,0.924,0.739,0.723,0.332,0.603,0.374,0.215,0.002,0.736,0.766,0.823,0.542,0.104,0.155,0.454,0.079,0.001,0.589,0.888,0.781,0.198,0.004,0.005,0.171,0.385,0,0.001,0.415,0.282,0.012,0.001,0.001,0.092,0.105,0,0.071,0,0.011,0.021,0.001,0.038,0.02,0.001,0,0,2.666,11.665
01:38.0,6821,0.385,0.385,-0.634,-0.55,0.379,0.126,0.702,0.59,0.612,0.527,0.521,0.276,-0.558,-0.612,-0.424,-0.367,0.203,0.455,0.745,0.442,-0.591,0.354,0.71,-0.144,0.001,0.001,0.001,0.001,0.001,0.001,0.001,0.001,0.001,0.001,0.001,0.001,0.001,0.001,0.043,0.067,0.033,0.001,0.001,0.001,0.001,0.001,0.001,0.071,0.155,0.084,0.061,0.001,0.001,0.001,0.001,0.001,0.09,0.173,0.111,0.072,0.001,0.215,0.132,0.308,0.744,0.001,0.001,0.255,0.024,-0.585,-0.251,0.516,-0.573,0.924,0.739,0.723,0.332,0.603,0.374,0.215,0.002,0.736,0.766,0.823,0.542,0.104,0.155,0.454,0.079,0.001,0.589,0.888,0.781,0.198,0.004,0.005,0.171,0.385,0,0.001,0.415,0.282,0.012,0.001,0.001,0.092,0.105,0,0.071,0,0.011,0.021,0.001,0.038,0.02,0.001,0,0,2.666,11.665
01:38.0,6822,0.391,0.378,-0.632,-0.552,0.378,0.125,0.703,0.589,0.609,0.531,0.518,0.281,-0.555,-0.616,-0.421,-0.369,0.206,0.455,0.747,0.439,-0.591,0.354,0.71,-0.144,0.001,0.001,0.001,0.001,0.001,0.001,0.001,0.001,0.001,0.001,0.001,0.001,0.001,0.001,0.043,0.067,0.033,0.001,0.001,0.001,0.001,0.001,0.001,0.071,0.155,0.084,0.061,0.001,0.001,0.001,0.001,0.001,0.09,0.173,0.111,0.072,0.001,0.215,0.132,0.308,0.744,0.001,0.001,0.255,0.024,-0.585,-0.251,0.516,-0.573,0.924,0.739,0.723,0.332,0.603,0.374,0.215,0.002,0.736,0.766,0.823,0.542,0.104,0.155,0.454,0.079,0.001,0.589,0.888,0.781,0.198,0.004,0.005,0.171,0.385,0,0.001,0.415,0.282,0.012,0.001,0.001,0.092,0.105,0,0.071,0,0.011,0.021,0.001,0.038,0.02,0.001,0,0,2.666,11.665
01:38.0,6823,0.396,0.372,-0.63,-0.555,0.376,0.123,0.706,0.587,0.605,0.535,0.515,0.288,-0.552,-0.62,-0.417,-0.371,0.208,0.454,0.749,0.435,-0.591,0.354,0.71,-0.144,0.001,0.001,0.001,0.001,0.001,0.001,0.001,0.001,0.001,0.001,0.001,0.001,0.001,0.001,0.043,0.067,0.033,0.001,0.001,0.001,0.001,0.001,0.001,0.071,0.155,0.084,0.061,0.001,0.001,0.001,0.001,0.001,0.09,0.173,0.111,0.072,0.001,0.215,0.132,0.308,0.744,0.001,0.001,0.255,0.024,-0.585,-0.251,0.516,-0.573,0.924,0.739,0.723,0.332,0.603,0.374,0.215,0.002,0.736,0.766,0.823,0.542,0.104,0.155,0.454,0.079,0.001,0.589,0.888,0.781,0.198,0.004,0.005,0.171,0.385,0,0.001,0.415,0.282,0.012,0.001,0.001,0.092,0.105,0,0.071,0,0.011,0.021,0.001,0.038,0.02,0.001,0,0,2.666,11.665
01:38.0,6824,0.401,0.366,-0.628,-0.557,0.375,0.117,0.709,0.586,0.601,0.539,0.511,0.294,-0.548,-0.623,-0.414,-0.374,0.211,0.453,0.751,0.431,-0.591,0.354,0.71,-0.144,0.001,0.001,0.001,0.001,0.001,0.001,0.001,0.001,0.001,0.001,0.001,0.001,0.001,0.001,0.043,0.067,0.033,0.001,0.001,0.001,0.001,0.001,0.001,0.071,0.155,0.084,0.061,0.001,0.001,0.001,0.001,0.001,0.09,0.173,0.111,0.072,0.001,0.215,0.132,0.308,0.744,0.001,0.001,0.255,0.024,-0.653,-0.145,0.583,-0.462,0.924,0.739,0.722,0.361,0.623,0.382,0.228,0.002,0.74,0.764,0.822,0.549,0.106,0.161,0.462,0.09,0,0.592,0.885,0.78,0.221,0.004,0.006,0.188,0.419,0.001,0.007,0.421,0.292,0.015,0.001,0.001,0.088,0.138,0,0.087,0,0.015,0.05,0.001,0.044,0.028,0.001,0,0,2.666,11.96
01:38.0,6825,0.406,0.361,-0.627,-0.559,0.374,0.11,0.713,0.583,0.599,0.542,0.508,0.299,-0.544,-0.627,-0.41,-0.377,0.214,0.452,0.753,0.428,-0.591,0.354,0.71,-0.144,0.001,0.001,0.001,0.001,0.001,0.001,0.001,0.001,0.001,0.001,0.001,0.001,0.001,0.001,0.043,0.067,0.033,0.001,0.001,0.001,0.001,0.001,0.001,0.071,0.155,0.084,0.061,0.001,0.001,0.001,0.001,0.001,0.09,0.173,0.111,0.072,0.001,0.215,0.132,0.308,0.744,0.001,0.001,0.255,0.024,-0.659,-0.132,0.592,-0.444,0.966,0.755,0.756,0.491,0.745,0.477,0.335,0.011,0.756,0.744,0.816,0.632,0.183,0.227,0.498,0.179,0,0.62,0.875,0.795,0.311,0.009,0.013,0.258,0.556,0,0.063,0.446,0.298,0.053,0.002,0.001,0.178,0.388,0,0.116,0.001,0.082,0.225,0,0.085,0.044,0.07,0,0,2.666,14.06
01:38.1,6826,0.412,0.356,-0.625,-0.559,0.374,0.101,0.717,0.579,0.595,0.545,0.505,0.305,-0.54,-0.63,-0.407,-0.381,0.216,0.451,0.755,0.425,-0.594,0.391,0.655,-0.254,0.001,0.001,0,0.001,0.001,0.001,0.001,0.001,0.001,0.001,0.001,0.001,0.001,0.001,0.034,0.048,0.012,0.001,0.001,0.001,0.001,0.001,0.001,0.055,0.134,0.077,0.054,0.001,0.001,0.001,0.001,0.001,0.063,0.148,0.095,0.059,0.001,0.176,0.128,0.274,0.668,0.001,0.001,0.211,0.001,-0.664,-0.121,0.599,-0.429,0.976,0.758,0.764,0.504,0.736,0.505,0.371,0.011,0.753,0.744,0.818,0.639,0.205,0.239,0.505,0.197,0.001,0.615,0.874,0.794,0.31,0.009,0.013,0.265,0.564,0,0.068,0.44,0.288,0.043,0.002,0.002,0.179,0.393,0,0.122,0,0.078,0.222,0,0.083,0.039,0.062,0,0,2.264,14.191
01:38.1,6827,0.418,0.352,-0.624,-0.559,0.376,0.092,0.722,0.574,0.592,0.548,0.503,0.311,-0.535,-0.634,-0.405,-0.385,0.218,0.45,0.756,0.422,-0.591,0.386,0.663,-0.247,0.001,0.001,0.001,0.001,0.001,0.001,0.001,0.001,0.001,0.001,0.001,0.005,0.001,0.001,0.001,0.001,0.001,0.001,0.006,0.001,0.001,0.001,0.001,0.001,0.007,0.001,0.001,0.001,0.001,0.001,0.001,0.001,0.001,0.001,0.001,0.001,0.001,0.001,0.001,0.001,0.001,0.001,0.001,0.001,0.001,-0.669,-0.111,0.607,-0.415,0.983,0.764,0.774,0.532,0.772,0.527,0.402,0.012,0.753,0.745,0.821,0.64,0.21,0.247,0.515,0.206,0.011,0.608,0.875,0.791,0.303,0.01,0.012,0.275,0.573,0,0.063,0.431,0.278,0.038,0.002,0.001,0.177,0.398,0,0.125,0,0.071,0.212,0,0.081,0.037,0.042,0,0.001,0.06,14.318
01:38.1,6828,0.424,0.348,-0.622,-0.558,0.378,0.082,0.725,0.569,0.587,0.551,0.501,0.319,-0.53,-0.637,-0.404,-0.389,0.219,0.449,0.757,0.42,-0.591,0.386,0.663,-0.247,0.001,0.001,0.001,0.001,0.001,0.001,0.001,0.001,0.001,0.001,0.001,0.005,0.001,0.001,0.001,0.001,0.001,0.001,0.006,0.001,0.001,0.001,0.001,0.001,0.007,0.001,0.001,0.001,0.001,0.001,0.001,0.001,0.001,0.001,0.001,0.001,0.001,0.001,0.001,0.001,0.001,0.001,0.001,0.001,0.001,-0.674,-0.098,0.615,-0.397,0.989,0.769,0.784,0.554,0.803,0.56,0.431,0.012,0.755,0.747,0.823,0.643,0.212,0.252,0.527,0.215,0.023,0.6,0.878,0.789,0.298,0.01,0.013,0.286,0.582,0.001,0.065,0.42,0.265,0.033,0.002,0.002,0.175,0.396,0.001,0.126,0.001,0.056,0.201,0,0.077,0.031,0.034,0.001,0.001,0.06,14.443
01:38.1,6829,0.431,0.344,-0.621,-0.557,0.383,0.072,0.727,0.565,0.581,0.554,0.499,0.326,-0.524,-0.639,-0.404,-0.392,0.22,0.449,0.758,0.418,-0.591,0.386,0.663,-0.247,0.001,0.001,0.001,0.001,0.001,0.001,0.001,0.001,0.001,0.001,0.001,0.005,0.001,0.001,0.001,0.001,0.001,0.001,0.006,0.001,0.001,0.001,0.001,0.001,0.007,0.001,0.001,0.001,0.001,0.001,0.001,0.001,0.001,0.001,0.001,0.001,0.001,0.001,0.001,0.001,0.001,0.001,0.001,0.001,0.001,-0.677,-0.087,0.622,-0.382,0.995,0.773,0.79,0.575,0.84,0.595,0.455,0.013,0.753,0.747,0.825,0.646,0.205,0.272,0.543,0.226,0.028,0.59,0.879,0.788,0.295,0.01,0.015,0.284,0.591,0,0.073,0.413,0.254,0.032,0.002,0.002,0.17,0.399,0.001,0.131,0,0.049,0.186,0,0.068,0.028,0.027,0,0,0.06,14.568
01:38.1,6830,0.436,0.34,-0.62,-0.556,0.388,0.064,0.729,0.56,0.574,0.558,0.498,0.335,-0.519,-0.641,-0.404,-0.396,0.221,0.449,0.758,0.417,-0.591,0.386,0.663,-0.247,0.001,0.001,0.001,0.001,0.001,0.001,0.001,0.001,0.001,0.001,0.001,0.005,0.001,0.001,0.001,0.001,0.001,0.001,0.006,0.001,0.001,0.001,0.001,0.001,0.007,0.001,0.001,0.001,0.001,0.001,0.001,0.001,0.001,0.001,0.001,0.001,0.001,0.001,0.001,0.001,0.001,0.001,0.001,0.001,0.001,-0.682,-0.072,0.631,-0.362,0.999,0.778,0.799,0.584,0.862,0.635,0.492,0.013,0.752,0.752,0.828,0.659,0.217,0.28,0.557,0.238,0.043,0.581,0.88,0.785,0.287,0.01,0.017,0.289,0.598,0,0.083,0.397,0.244,0.024,0.002,0.002,0.173,0.404,0,0.131,0.001,0.046,0.172,0.001,0.056,0.017,0.012,0,0,0.06,14.7
01:38.1,6831,0.442,0.337,-0.619,-0.556,0.394,0.056,0.73,0.555,0.566,0.561,0.497,0.343,-0.514,-0.643,-0.405,-0.399,0.222,0.449,0.759,0.416,-0.591,0.386,0.663,-0.247,0.001,0.001,0.001,0.001,0.001,0.001,0.001,0.001,0.001,0.001,0.001,0.005,0.001,0.001,0.001,0.001,0.001,0.001,0.006,0.001,0.001,0.001,0.001,0.001,0.007,0.001,0.001,0.001,0.001,0.001,0.001,0.001,0.001,0.001,0.001,0.001,0.001,0.001,0.001,0.001,0.001,0.001,0.001,0.001,0.001,-0.685,-0.06,0.638,-0.346,1.002,0.783,0.801,0.602,0.882,0.674,0.524,0.015,0.75,0.753,0.83,0.667,0.221,0.293,0.562,0.25,0.043,0.574,0.884,0.781,0.275,0.011,0.017,0.292,0.606,0,0.089,0.382,0.238,0.023,0.002,0.002,0.167,0.391,0,0.137,0.001,0.039,0.166,0.001,0.057,0.016,0.011,0,0,0.06,14.814
01:38.1,6832,0.447,0.333,-0.617,-0.555,0.4,0.05,0.731,0.551,0.558,0.565,0.497,0.35,-0.509,-0.644,-0.406,-0.401,0.222,0.449,0.759,0.416,-0.591,0.386,0.663,-0.247,0.001,0.001,0.001,0.001,0.001,0.001,0.001,0.001,0.001,0.001,0.001,0.005,0.001,0.001,0.001,0.001,0.001,0.001,0.006,0.001,0.001,0.001,0.001,0.001,0.007,0.001,0.001,0.001,0.001,0.001,0.001,0.001,0.001,0.001,0.001,0.001,0.001,0.001,0.001,0.001,0.001,0.001,0.001,0.001,0.001,-0.688,-0.046,0.645,-0.328,1.006,0.786,0.808,0.62,0.913,0.708,0.545,0.013,0.747,0.756,0.834,0.669,0.222,0.291,0.573,0.255,0.061,0.563,0.888,0.774,0.267,0.011,0.016,0.294,0.614,0.001,0.093,0.369,0.231,0.023,0.002,0.002,0.171,0.383,0.001,0.139,0,0.029,0.155,0,0.055,0.013,0.006,0,0.001,0.06,14.908
01:38.1,6833,0.452,0.329,-0.616,-0.554,0.406,0.045,0.73,0.547,0.551,0.568,0.497,0.357,-0.505,-0.645,-0.407,-0.403,0.223,0.448,0.76,0.415,-0.591,0.386,0.663,-0.247,0.001,0.001,0.001,0.001,0.001,0.001,0.001,0.001,0.001,0.001,0.001,0.005,0.001,0.001,0.001,0.001,0.001,0.001,0.006,0.001,0.001,0.001,0.001,0.001,0.007,0.001,0.001,0.001,0.001,0.001,0.001,0.001,0.001,0.001,0.001,0.001,0.001,0.001,0.001,0.001,0.001,0.001,0.001,0.001,0.001,-0.69,-0.034,0.651,-0.313,1.01,0.79,0.812,0.642,0.932,0.746,0.579,0.013,0.741,0.761,0.838,0.672,0.222,0.308,0.582,0.265,0.071,0.549,0.89,0.769,0.255,0.011,0.016,0.298,0.624,0,0.109,0.352,0.221,0.016,0.002,0.002,0.171,0.374,0,0.137,0,0.027,0.147,0.001,0.053,0.012,0.007,0,0,0.06,15.027
01:38.1,6834,0.457,0.326,-0.615,-0.553,0.411,0.041,0.729,0.545,0.544,0.571,0.497,0.362,-0.502,-0.645,-0.409,-0.405,0.223,0.448,0.76,0.415,-0.612,0.271,0.712,-0.211,0.001,0.001,0.001,0.001,0.001,0.001,0.001,0.001,0.001,0.001,0.001,0.005,0.001,0.001,0.001,0.001,0.001,0.001,0.006,0.001,0.001,0.001,0.001,0.001,0.007,0.001,0.001,0.001,0.001,0.001,0.001,0.001,0.001,0.001,0.001,0.001,0.001,0.001,0.001,0.001,0.001,0.001,0.001,0.001,0.001,-0.693,-0.018,0.658,-0.294,1.013,0.794,0.817,0.659,0.955,0.762,0.604,0.015,0.734,0.763,0.842,0.683,0.225,0.31,0.587,0.27,0.089,0.538,0.891,0.762,0.248,0.011,0.016,0.305,0.63,0.001,0.118,0.338,0.215,0.006,0.002,0.002,0.172,0.383,0.001,0.142,0.001,0.027,0.143,0,0.046,0.012,0.002,0,0,0.06,15.134
01:38.1,6835,0.463,0.323,-0.615,-0.551,0.416,0.038,0.728,0.544,0.538,0.573,0.497,0.366,-0.499,-0.646,-0.41,-0.407,0.224,0.447,0.76,0.415,-0.615,0.257,0.716,-0.206,0.001,0.001,0.001,0.001,0.001,0.001,0.001,0.001,0.001,0.001,0.001,0.001,0.001,0.001,0.001,0.001,0.001,0.001,0.001,0.001,0.001,0.001,0.001,0.001,0.012,0.001,0.001,0.001,0.001,0.001,0.001,0.001,0.001,0.001,0.001,0.001,0.001,0.001,0.001,0.001,0.001,0.001,0.001,0.001,0.001,-0.694,-0.008,0.662,-0.281,1.011,0.795,0.824,0.67,0.979,0.792,0.635,0.015,0.729,0.768,0.846,0.686,0.23,0.314,0.601,0.276,0.109,0.52,0.891,0.753,0.242,0.011,0.016,0.308,0.637,0.001,0.132,0.326,0.204,0.005,0.002,0.002,0.171,0.381,0,0.144,0,0.022,0.131,0,0.043,0.01,0.002,0,0,0.056,15.234
01:38.2,6836,0.468,0.32,-0.614,-0.55,0.419,0.036,0.726,0.544,0.533,0.576,0.497,0.37,-0.497,-0.646,-0.412,-0.408,0.225,0.446,0.76,0.416,-0.621,0.237,0.72,-0.199,0.001,0.001,0.001,0.001,0.001,0.001,0.001,0.001,0.001,0.001,0.001,0.001,0.001,0.001,0.001,0.001,0.001,0.001,0.001,0.001,0.001,0.001,0,0.001,0.012,0.001,0.001,0.001,0.001,0.001,0.001,0.001,0.001,0.001,0.001,0.001,0.001,0.001,0.001,0.001,0.001,0.001,0.001,0.001,0.001,-0.694,-0.008,0.662,-0.281,1.011,0.795,0.824,0.67,0.979,0.792,0.635,0.015,0.729,0.768,0.846,0.686,0.23,0.314,0.601,0.276,0.109,0.52,0.891,0.753,0.242,0.011,0.016,0.308,0.637,0.001,0.132,0.326,0.204,0.005,0.002,0.002,0.171,0.381,0,0.144,0,0.022,0.131,0,0.043,0.01,0.002,0,0,0.055,15.234
01:38.2,6837,0.472,0.318,-0.613,-0.548,0.422,0.035,0.725,0.543,0.527,0.579,0.497,0.373,-0.495,-0.645,-0.414,-0.409,0.226,0.445,0.76,0.416,-0.626,0.222,0.722,-0.191,0.001,0.001,0.001,0.001,0.001,0.001,0.001,0.001,0.001,0.001,0.001,0.001,0.001,0.001,0.001,0.001,0.001,0.001,0.001,0.001,0.001,0.001,0.001,0.001,0.012,0.001,0.001,0.001,0.001,0.001,0.001,0.001,0.001,0.001,0.001,0.001,0.001,0.001,0.001,0.001,0.001,0.001,0.001,0.001,0.001,-0.694,-0.008,0.662,-0.281,1.011,0.795,0.824,0.67,0.979,0.792,0.635,0.015,0.729,0.768,0.846,0.686,0.23,0.314,0.601,0.276,0.109,0.52,0.891,0.753,0.242,0.011,0.016,0.308,0.637,0.001,0.132,0.326,0.204,0.005,0.002,0.002,0.171,0.381,0,0.144,0,0.022,0.131,0,0.043,0.01,0.002,0,0,0.056,15.234
01:38.2,6838,0.477,0.316,-0.612,-0.546,0.425,0.034,0.724,0.542,0.522,0.582,0.497,0.377,-0.493,-0.645,-0.416,-0.41,0.228,0.444,0.76,0.416,-0.631,0.209,0.725,-0.184,0.001,0.001,0.001,0.001,0.001,0.001,0.001,0.001,0.001,0.001,0.001,0.001,0.001,0.001,0.001,0.001,0.001,0.001,0.001,0.001,0.001,0.001,0.001,0.001,0.011,0.001,0.001,0.001,0.001,0.001,0.001,0.001,0.001,0.001,0.001,0.001,0.001,0.001,0.001,0.001,0.001,0.001,0.001,0.001,0.001,-0.694,-0.008,0.662,-0.281,1.011,0.795,0.824,0.67,0.979,0.792,0.635,0.015,0.729,0.768,0.846,0.686,0.23,0.314,0.601,0.276,0.109,0.52,0.891,0.753,0.242,0.011,0.016,0.308,0.637,0.001,0.132,0.326,0.204,0.005,0.002,0.002,0.171,0.381,0,0.144,0,0.022,0.131,0,0.043,0.01,0.002,0,0,0.055,15.234
01:38.2,6839,0.481,0.314,-0.611,-0.544,0.426,0.034,0.724,0.542,0.517,0.584,0.496,0.38,-0.492,-0.644,-0.417,-0.41,0.231,0.443,0.76,0.416,-0.637,0.188,0.728,-0.17,0.001,0.001,0.001,0.001,0.001,0.001,0.001,0.001,0.001,0.001,0.001,0.001,0.001,0.001,0.001,0.001,0.001,0.001,0.001,0.001,0.001,0.001,0.001,0.001,0.015,0.001,0.001,0.001,0.001,0.001,0.001,0.001,0.001,0.001,0.001,0.001,0.001,0.001,0.001,0.001,0.001,0.001,0.001,0.001,0.001,-0.694,-0.008,0.662,-0.281,1.011,0.795,0.824,0.67,0.979,0.792,0.635,0.015,0.729,0.768,0.846,0.686,0.23,0.314,0.601,0.276,0.109,0.52,0.891,0.753,0.242,0.011,0.016,0.308,0.637,0.001,0.132,0.326,0.204,0.005,0.002,0.002,0.171,0.381,0,0.144,0,0.022,0.131,0,0.043,0.01,0.002,0,0,0.059,15.234
01:38.2,6840,0.484,0.313,-0.61,-0.543,0.427,0.035,0.723,0.542,0.512,0.587,0.496,0.384,-0.491,-0.643,-0.419,-0.411,0.233,0.441,0.76,0.416,-0.641,0.171,0.73,-0.161,0.001,0.001,0.001,0.001,0.001,0.001,0.001,0.001,0.001,0.001,0,0.001,0.001,0.001,0.001,0.001,0.001,0.001,0.001,0.001,0.001,0.001,0.001,0.001,0.015,0.001,0.001,0.001,0.001,0.001,0.001,0.001,0.001,0.001,0.001,0.001,0.001,0.001,0.001,0.001,0.001,0.001,0.001,0.001,0.001,-0.694,-0.008,0.662,-0.281,1.011,0.795,0.824,0.67,0.979,0.792,0.635,0.015,0.729,0.768,0.846,0.686,0.23,0.314,0.601,0.276,0.109,0.52,0.891,0.753,0.242,0.011,0.016,0.308,0.637,0.001,0.132,0.326,0.204,0.005,0.002,0.002,0.171,0.381,0,0.144,0,0.022,0.131,0,0.043,0.01,0.002,0,0,0.058,15.234
01:38.2,6841,0.487,0.312,-0.61,-0.541,0.427,0.037,0.722,0.544,0.507,0.59,0.495,0.388,-0.491,-0.643,-0.42,-0.412,0.236,0.439,0.76,0.416,-0.641,0.171,0.73,-0.161,0.001,0.001,0.001,0.001,0.001,0.001,0.001,0.001,0.001,0.001,0,0.001,0.001,0.001,0.001,0.001,0.001,0.001,0.001,0.001,0.001,0.001,0.001,0.001,0.015,0.001,0.001,0.001,0.001,0.001,0.001,0.001,0.001,0.001,0.001,0.001,0.001,0.001,0.001,0.001,0.001,0.001,0.001,0.001,0.001,-0.694,-0.008,0.662,-0.281,1.011,0.795,0.824,0.67,0.979,0.792,0.635,0.015,0.729,0.768,0.846,0.686,0.23,0.314,0.601,0.276,0.109,0.52,0.891,0.753,0.242,0.011,0.016,0.308,0.637,0.001,0.132,0.326,0.204,0.005,0.002,0.002,0.171,0.381,0,0.144,0,0.022,0.131,0,0.043,0.01,0.002,0,0,0.058,15.234
01:38.2,6842,0.49,0.311,-0.609,-0.54,0.426,0.039,0.72,0.546,0.501,0.593,0.494,0.391,-0.491,-0.642,-0.421,-0.411,0.238,0.438,0.76,0.416,-0.641,0.171,0.73,-0.161,0.001,0.001,0.001,0.001,0.001,0.001,0.001,0.001,0.001,0.001,0,0.001,0.001,0.001,0.001,0.001,0.001,0.001,0.001,0.001,0.001,0.001,0.001,0.001,0.015,0.001,0.001,0.001,0.001,0.001,0.001,0.001,0.001,0.001,0.001,0.001,0.001,0.001,0.001,0.001,0.001,0.001,0.001,0.001,0.001,-0.699,0.078,0.689,-0.175,1.016,0.796,0.828,0.678,0.993,0.807,0.647,0.015,0.724,0.769,0.849,0.689,0.231,0.313,0.601,0.277,0.117,0.514,0.893,0.752,0.238,0.011,0.017,0.314,0.64,0.001,0.133,0.319,0.197,0.005,0.002,0.002,0.171,0.376,0,0.144,0,0.02,0.126,0,0.044,0.01,0.002,0.001,0,0.058,15.282
01:38.2,6843,0.492,0.31,-0.609,-0.539,0.425,0.042,0.719,0.549,0.496,0.596,0.493,0.395,-0.491,-0.641,-0.423,-0.411,0.241,0.437,0.76,0.416,-0.641,0.171,0.73,-0.161,0.001,0.001,0.001,0.001,0.001,0.001,0.001,0.001,0.001,0.001,0,0.001,0.001,0.001,0.001,0.001,0.001,0.001,0.001,0.001,0.001,0.001,0.001,0.001,0.015,0.001,0.001,0.001,0.001,0.001,0.001,0.001,0.001,0.001,0.001,0.001,0.001,0.001,0.001,0.001,0.001,0.001,0.001,0.001,0.001,-0.699,0.088,0.691,-0.162,0.991,0.816,0.844,0.755,1.115,0.962,0.741,0.012,0.64,0.794,0.873,0.7,0.264,0.353,0.651,0.316,0.171,0.44,0.877,0.707,0.156,0.011,0.015,0.338,0.614,0.001,0.095,0.227,0.136,0.002,0.001,0.002,0.148,0.284,0.001,0.133,0,0.007,0.037,0,0.001,0.006,0,0.001,0,0.058,15.238
01:38.2,6844,0.494,0.309,-0.609,-0.537,0.424,0.045,0.717,0.552,0.491,0.598,0.492,0.398,-0.491,-0.64,-0.424,-0.411,0.244,0.436,0.76,0.416,-0.641,0.171,0.73,-0.161,0.001,0.001,0.001,0.001,0.001,0.001,0.001,0.001,0.001,0.001,0,0.001,0.001,0.001,0.001,0.001,0.001,0.001,0.001,0.001,0.001,0.001,0.001,0.001,0.015,0.001,0.001,0.001,0.001,0.001,0.001,0.001,0.001,0.001,0.001,0.001,0.001,0.001,0.001,0.001,0.001,0.001,0.001,0.001,0.001,-0.699,0.1,0.693,-0.147,0.99,0.817,0.841,0.753,1.127,0.972,0.744,0.012,0.641,0.794,0.875,0.702,0.261,0.353,0.652,0.315,0.172,0.433,0.875,0.705,0.154,0.011,0.012,0.339,0.609,0.001,0.092,0.223,0.132,0.002,0.001,0.002,0.147,0.275,0,0.128,0,0.007,0.031,0.001,0,0.006,0,0,0,0.058,15.207
01:38.2,6845,0.496,0.308,-0.61,-0.536,0.422,0.05,0.715,0.555,0.487,0.601,0.491,0.401,-0.492,-0.64,-0.425,-0.411,0.247,0.435,0.76,0.416,-0.641,0.171,0.73,-0.161,0.001,0.001,0.001,0.001,0.001,0.001,0.001,0.001,0.001,0.001,0,0.001,0.001,0.001,0.001,0.001,0.001,0.001,0.001,0.001,0.001,0.001,0.001,0.001,0.015,0.001,0.001,0.001,0.001,0.001,0.001,0.001,0.001,0.001,0.001,0.001,0.001,0.001,0.001,0.001,0.001,0.001,0.001,0.001,0.001,-0.698,0.11,0.694,-0.134,0.984,0.817,0.841,0.757,1.137,0.978,0.752,0.011,0.643,0.791,0.875,0.702,0.266,0.361,0.661,0.305,0.165,0.432,0.875,0.703,0.15,0.011,0.013,0.336,0.604,0.001,0.083,0.221,0.128,0.002,0.001,0.001,0.142,0.259,0.001,0.126,0.001,0.005,0.027,0.001,0,0.006,0.001,0,0.001,0.058,15.177
01:38.3,6846,0.498,0.307,-0.61,-0.534,0.419,0.055,0.713,0.56,0.483,0.603,0.49,0.404,-0.491,-0.639,-0.425,-0.412,0.249,0.434,0.759,0.415,-0.641,0.171,0.73,-0.161,0.001,0.001,0.001,0.001,0.001,0.001,0.001,0.001,0.001,0.001,0,0.001,0.001,0.001,0.001,0.001,0.001,0.001,0.001,0.001,0.001,0.001,0.001,0.001,0.015,0.001,0.001,0.001,0.001,0.001,0.001,0.001,0.001,0.001,0.001,0.001,0.001,0.001,0.001,0.001,0.001,0.001,0.001,0.001,0.001,-0.697,0.122,0.696,-0.119,0.983,0.817,0.846,0.762,1.148,0.989,0.758,0.011,0.643,0.794,0.874,0.703,0.266,0.365,0.665,0.304,0.162,0.431,0.88,0.703,0.143,0.011,0.018,0.335,0.598,0.001,0.083,0.211,0.121,0.002,0.001,0.001,0.14,0.245,0,0.123,0,0.004,0.012,0,0,0.005,0.001,0.001,0,0.058,15.16
01:38.3,6847,0.5,0.307,-0.61,-0.532,0.415,0.061,0.711,0.564,0.48,0.605,0.488,0.407,-0.492,-0.637,-0.426,-0.413,0.252,0.433,0.759,0.415,-0.665,0.072,0.742,-0.048,0.001,0.001,0.001,0.001,0.001,0.001,0.001,0.001,0.001,0.001,0.001,0.001,0.001,0.001,0.001,0.001,0.001,0.001,0.001,0.001,0.001,0.001,0.001,0.001,0.016,0.001,0.001,0.001,0.001,0.001,0.001,0.001,0.001,0.001,0.001,0.001,0.001,0.001,0.001,0.001,0.001,0.001,0.001,0.001,0.001,-0.697,0.131,0.697,-0.107,0.984,0.817,0.847,0.768,1.155,0.998,0.759,0.011,0.643,0.794,0.874,0.706,0.271,0.368,0.669,0.303,0.165,0.426,0.88,0.706,0.137,0.011,0.022,0.338,0.598,0.001,0.078,0.209,0.116,0.002,0.001,0.002,0.144,0.241,0,0.126,0,0.004,0,0,0,0.006,0,0,0.001,0.06,15.181
01:38.3,6848,0.501,0.306,-0.611,-0.531,0.411,0.068,0.708,0.57,0.477,0.607,0.486,0.41,-0.492,-0.636,-0.427,-0.414,0.254,0.433,0.759,0.415,-0.665,0.072,0.742,-0.048,0.001,0.001,0.001,0.001,0.001,0.001,0.001,0.001,0.001,0.001,0.001,0.001,0.001,0.001,0.001,0.001,0.001,0.001,0.001,0.001,0.001,0.001,0.001,0.001,0.016,0.001,0.001,0.001,0.001,0.001,0.001,0.001,0.001,0.001,0.001,0.001,0.001,0.001,0.001,0.001,0.001,0.001,0.001,0.001,0.001,-0.695,0.142,0.698,-0.093,0.987,0.817,0.849,0.77,1.166,1.011,0.759,0.011,0.641,0.792,0.875,0.706,0.278,0.368,0.67,0.305,0.166,0.425,0.883,0.705,0.134,0.011,0.023,0.349,0.591,0.001,0.081,0.204,0.111,0.002,0.001,0.001,0.148,0.244,0.001,0.125,0.001,0.004,0,0,0,0.005,0,0,0,0.06,15.221
01:38.3,6849,0.503,0.306,-0.611,-0.529,0.405,0.075,0.706,0.576,0.475,0.608,0.485,0.412,-0.493,-0.634,-0.428,-0.414,0.256,0.432,0.759,0.414,-0.665,0.072,0.742,-0.048,0.001,0.001,0.001,0.001,0.001,0.001,0.001,0.001,0.001,0.001,0.001,0.001,0.001,0.001,0.001,0.001,0.001,0.001,0.001,0.001,0.001,0.001,0.001,0.001,0.016,0.001,0.001,0.001,0.001,0.001,0.001,0.001,0.001,0.001,0.001,0.001,0.001,0.001,0.001,0.001,0.001,0.001,0.001,0.001,0.001,-0.694,0.151,0.699,-0.082,0.988,0.818,0.85,0.777,1.173,1.016,0.761,0.011,0.64,0.791,0.877,0.708,0.286,0.381,0.675,0.31,0.171,0.421,0.883,0.705,0.131,0.011,0.022,0.352,0.593,0.001,0.083,0.2,0.106,0.002,0.002,0.001,0.154,0.261,0,0.126,0.001,0.005,0.001,0,0,0.005,0.001,0.001,0.001,0.06,15.302
01:38.3,6850,0.504,0.306,-0.611,-0.528,0.398,0.082,0.703,0.583,0.472,0.609,0.483,0.415,-0.494,-0.633,-0.429,-0.414,0.258,0.432,0.759,0.414,-0.665,0.072,0.742,-0.048,0.001,0.001,0.001,0.001,0.001,0.001,0.001,0.001,0.001,0.001,0.001,0.001,0.001,0.001,0.001,0.001,0.001,0.001,0.001,0.001,0.001,0.001,0.001,0.001,0.016,0.001,0.001,0.001,0.001,0.001,0.001,0.001,0.001,0.001,0.001,0.001,0.001,0.001,0.001,0.001,0.001,0.001,0.001,0.001,0.001,-0.693,0.162,0.7,-0.067,0.988,0.819,0.855,0.78,1.186,1.027,0.759,0.012,0.637,0.791,0.875,0.717,0.288,0.387,0.681,0.309,0.175,0.419,0.885,0.705,0.127,0.011,0.024,0.358,0.6,0.001,0.077,0.195,0.101,0.002,0.001,0.001,0.161,0.272,0,0.126,0.001,0.006,0,0.001,0,0.005,0,0,0.001,0.06,15.366
01:38.3,6851,0.505,0.307,-0.611,-0.526,0.39,0.09,0.7,0.591,0.47,0.61,0.482,0.417,-0.496,-0.631,-0.43,-0.413,0.259,0.432,0.759,0.414,-0.665,0.072,0.742,-0.048,0.001,0.001,0.001,0.001,0.001,0.001,0.001,0.001,0.001,0.001,0.001,0.001,0.001,0.001,0.001,0.001,0.001,0.001,0.001,0.001,0.001,0.001,0.001,0.001,0.016,0.001,0.001,0.001,0.001,0.001,0.001,0.001,0.001,0.001,0.001,0.001,0.001,0.001,0.001,0.001,0.001,0.001,0.001,0.001,0.001,-0.691,0.169,0.7,-0.058,0.991,0.819,0.856,0.777,1.198,1.044,0.759,0.012,0.632,0.791,0.878,0.725,0.297,0.398,0.683,0.316,0.177,0.411,0.888,0.703,0.127,0.012,0.018,0.368,0.611,0.001,0.077,0.187,0.095,0.002,0.001,0.001,0.167,0.286,0,0.123,0,0.007,0.002,0,0,0.005,0,0.001,0,0.06,15.446
01:38.3,6852,0.506,0.308,-0.612,-0.524,0.379,0.098,0.698,0.6,0.469,0.611,0.48,0.42,-0.497,-0.63,-0.431,-0.413,0.259,0.431,0.758,0.414,-0.665,0.072,0.742,-0.048,0.001,0.001,0.001,0.001,0.001,0.001,0.001,0.001,0.001,0.001,0.001,0.001,0.001,0.001,0.001,0.001,0.001,0.001,0.001,0.001,0.001,0.001,0.001,0.001,0.016,0.001,0.001,0.001,0.001,0.001,0.001,0.001,0.001,0.001,0.001,0.001,0.001,0.001,0.001,0.001,0.001,0.001,0.001,0.001,0.001,-0.69,0.177,0.7,-0.048,0.99,0.821,0.857,0.789,1.204,1.055,0.762,0.012,0.626,0.789,0.877,0.729,0.306,0.407,0.689,0.325,0.181,0.409,0.89,0.703,0.129,0.012,0.023,0.376,0.619,0.001,0.076,0.182,0.093,0.002,0.001,0.001,0.178,0.305,0,0.123,0,0.009,0.004,0,0.001,0.006,0,0,0.001,0.06,15.563
01:38.3,6853,0.507,0.309,-0.612,-0.522,0.367,0.107,0.695,0.609,0.467,0.612,0.479,0.422,-0.498,-0.629,-0.431,-0.413,0.259,0.431,0.758,0.414,-0.665,0.072,0.742,-0.048,0.001,0.001,0.001,0.001,0.001,0.001,0.001,0.001,0.001,0.001,0.001,0.001,0.001,0.001,0.001,0.001,0.001,0.001,0.001,0.001,0.001,0.001,0.001,0.001,0.016,0.001,0.001,0.001,0.001,0.001,0.001,0.001,0.001,0.001,0.001,0.001,0.001,0.001,0.001,0.001,0.001,0.001,0.001,0.001,0.001,-0.688,0.188,0.7,-0.034,0.991,0.821,0.857,0.789,1.221,1.073,0.757,0.013,0.619,0.786,0.878,0.735,0.311,0.414,0.691,0.332,0.186,0.399,0.891,0.706,0.136,0.012,0.033,0.391,0.637,0.001,0.083,0.176,0.089,0.002,0.002,0.002,0.193,0.326,0,0.127,0,0.012,0.022,0.001,0.001,0.006,0.001,0,0,0.06,15.723
01:38.3,6854,0.508,0.311,-0.612,-0.521,0.352,0.115,0.693,0.618,0.466,0.613,0.478,0.423,-0.499,-0.628,-0.432,-0.413,0.26,0.431,0.758,0.415,-0.672,-0.024,0.737,0.067,0.001,0.001,0.001,0.001,0.001,0.001,0.001,0.001,0.001,0.001,0.001,0.001,0.001,0.001,0.001,0.001,0.001,0.001,0.001,0.001,0.001,0.001,0.001,0.001,0.015,0.001,0.001,0.001,0.001,0.001,0.001,0.001,0.001,0.001,0.001,0.001,0.001,0.001,0.001,0.001,0.001,0.001,0.001,0.001,0.001,-0.686,0.195,0.7,-0.025,0.991,0.819,0.856,0.802,1.23,1.085,0.764,0.015,0.611,0.785,0.878,0.737,0.326,0.429,0.692,0.339,0.19,0.396,0.894,0.706,0.136,0.013,0.035,0.408,0.657,0.001,0.093,0.173,0.088,0.002,0.001,0.002,0.203,0.352,0,0.132,0.001,0.013,0.034,0,0,0.006,0.001,0.001,0,0.059,15.897
01:38.3,6855,0.509,0.313,-0.612,-0.519,0.336,0.124,0.692,0.627,0.465,0.613,0.476,0.425,-0.499,-0.627,-0.433,-0.413,0.26,0.431,0.758,0.415,-0.674,-0.042,0.733,0.076,0.001,0.001,0.001,0.001,0.001,0.001,0.001,0.001,0.001,0.001,0.001,0.001,0.001,0.001,0.001,0.001,0.001,0.001,0.001,0.001,0.001,0.001,0.001,0.001,0.018,0.001,0.001,0.001,0.001,0.001,0.001,0.001,0.001,0.001,0.001,0.001,0.001,0.001,0.001,0.001,0.001,0.001,0.001,0.001,0.001,-0.684,0.205,0.7,-0.012,0.988,0.818,0.856,0.808,1.239,1.094,0.763,0.015,0.606,0.784,0.877,0.745,0.33,0.437,0.692,0.357,0.197,0.394,0.895,0.706,0.14,0.012,0.039,0.418,0.687,0.001,0.098,0.172,0.088,0.002,0.002,0.001,0.217,0.372,0,0.134,0.001,0.02,0.046,0,0,0.006,0.001,0,0,0.062,16.058
01:38.4,6856,0.509,0.315,-0.612,-0.517,0.318,0.132,0.69,0.636,0.465,0.614,0.475,0.426,-0.5,-0.627,-0.433,-0.412,0.26,0.43,0.758,0.416,-0.677,-0.067,0.728,0.083,0.001,0.001,0.001,0.001,0.001,0.001,0.001,0.001,0.001,0.001,0.001,0.001,0.001,0.001,0.001,0.001,0.001,0.001,0.001,0.001,0.001,0.001,0.001,0.001,0.018,0.001,0.001,0.001,0.001,0.001,0.001,0.001,0.001,0.001,0.001,0.001,0.001,0.001,0.001,0.001,0.001,0.001,0.001,0.001,0.001,-0.682,0.213,0.699,-0.003,0.983,0.816,0.853,0.806,1.232,1.098,0.763,0.016,0.601,0.781,0.874,0.748,0.35,0.451,0.689,0.372,0.198,0.396,0.895,0.707,0.154,0.021,0.043,0.43,0.709,0.001,0.106,0.173,0.09,0.002,0.002,0.002,0.23,0.404,0,0.134,0,0.032,0.056,0.001,0,0.006,0.001,0,0,0.062,16.226
01:38.4,6857,0.509,0.318,-0.612,-0.515,0.299,0.14,0.689,0.645,0.464,0.616,0.474,0.426,-0.5,-0.626,-0.434,-0.412,0.26,0.43,0.758,0.416,-0.678,-0.086,0.725,0.085,0.001,0.001,0.001,0.001,0.001,0.001,0.001,0.001,0.001,0.001,0.001,0.001,0.001,0.001,0.001,0.001,0.001,0.001,0.001,0.001,0.001,0.001,0.001,0.001,0.017,0.001,0.001,0.001,0.001,0.001,0.001,0.001,0,0.001,0.001,0.001,0.001,0.001,0.001,0.001,0.001,0.001,0.001,0.001,0.001,-0.68,0.222,0.698,0.008,0.977,0.812,0.849,0.81,1.236,1.1,0.759,0.017,0.597,0.778,0.873,0.752,0.363,0.465,0.684,0.38,0.203,0.399,0.895,0.709,0.156,0.023,0.048,0.446,0.725,0.001,0.12,0.176,0.092,0.002,0.002,0.002,0.241,0.438,0,0.149,0.001,0.04,0.078,0,0.009,0.007,0.001,0,0,0.06,16.415
01:38.4,6858,0.509,0.321,-0.612,-0.513,0.279,0.147,0.688,0.653,0.464,0.617,0.472,0.426,-0.501,-0.627,-0.434,-0.411,0.26,0.43,0.758,0.417,-0.68,-0.116,0.719,0.083,0.001,0.001,0.001,0.001,0.001,0.001,0.001,0.001,0.001,0.001,0.001,0.001,0.001,0.001,0.001,0.001,0.001,0.001,0.001,0.001,0.001,0.001,0.001,0.001,0.02,0.001,0,0.001,0.001,0.001,0.001,0.001,0.001,0.001,0.001,0.001,0.001,0.001,0.001,0.001,0.001,0.001,0.001,0.001,0.001,-0.679,0.229,0.697,0.017,0.968,0.81,0.845,0.805,1.238,1.1,0.755,0.023,0.595,0.774,0.872,0.756,0.368,0.471,0.681,0.386,0.205,0.402,0.895,0.713,0.164,0.026,0.05,0.457,0.741,0.002,0.131,0.178,0.093,0.004,0.002,0.002,0.252,0.479,0.001,0.154,0,0.051,0.094,0,0.017,0.009,0,0.001,0.001,0.063,16.571
01:38.4,6859,0.508,0.324,-0.612,-0.512,0.259,0.154,0.687,0.661,0.463,0.619,0.47,0.425,-0.501,-0.627,-0.434,-0.41,0.261,0.429,0.758,0.417,-0.681,-0.14,0.715,0.079,0.001,0.001,0.001,0.001,0.001,0.001,0.001,0.001,0,0.001,0.001,0.001,0.001,0.001,0.001,0.001,0.001,0.001,0.001,0.001,0.001,0.001,0.001,0.001,0.017,0.001,0.001,0.001,0.001,0.001,0.001,0.001,0.001,0.001,0.001,0.001,0.001,0.001,0.001,0.001,0.001,0.001,0.001,0.001,0.001,-0.679,0.229,0.697,0.017,0.968,0.81,0.845,0.805,1.238,1.1,0.755,0.023,0.595,0.774,0.872,0.756,0.368,0.471,0.681,0.386,0.205,0.402,0.895,0.713,0.164,0.026,0.05,0.457,0.741,0.002,0.131,0.178,0.093,0.004,0.002,0.002,0.252,0.479,0.001,0.154,0,0.051,0.094,0,0.017,0.009,0,0.001,0.001,0.06,16.571
01:38.4,6860,0.506,0.328,-0.613,-0.51,0.24,0.159,0.686,0.668,0.463,0.622,0.468,0.423,-0.501,-0.627,-0.434,-0.409,0.261,0.428,0.757,0.418,-0.682,-0.174,0.707,0.07,0.001,0.001,0.001,0.001,0.001,0,0.001,0.001,0.001,0.001,0.001,0.001,0.001,0.001,0.001,0.001,0.001,0.001,0.001,0.001,0.001,0.001,0.001,0.001,0.016,0.001,0.001,0.001,0.001,0.001,0.001,0.001,0.001,0.001,0.001,0.001,0.001,0.001,0.001,0.001,0.001,0.001,0.001,0.001,0.001,-0.679,0.229,0.697,0.017,0.968,0.81,0.845,0.805,1.238,1.1,0.755,0.023,0.595,0.774,0.872,0.756,0.368,0.471,0.681,0.386,0.205,0.402,0.895,0.713,0.164,0.026,0.05,0.457,0.741,0.002,0.131,0.178,0.093,0.004,0.002,0.002,0.252,0.479,0.001,0.154,0,0.051,0.094,0,0.017,0.009,0,0.001,0.001,0.059,16.571
01:38.4,6861,0.505,0.331,-0.613,-0.509,0.221,0.165,0.684,0.675,0.463,0.624,0.466,0.422,-0.501,-0.628,-0.434,-0.408,0.262,0.428,0.757,0.419,-0.683,-0.204,0.699,0.061,0.001,0.001,0.001,0.001,0.001,0.001,0.001,0.001,0.001,0.001,0.001,0.001,0.001,0.001,0.001,0.001,0.001,0.001,0.001,0.001,0.001,0.001,0.001,0.001,0.015,0.001,0.001,0.001,0.001,0.001,0.001,0.001,0.001,0.001,0.001,0.001,0.001,0.001,0.001,0.001,0.001,0.001,0.001,0.001,0.001,-0.679,0.229,0.697,0.017,0.968,0.81,0.845,0.805,1.238,1.1,0.755,0.023,0.595,0.774,0.872,0.756,0.368,0.471,0.681,0.386,0.205,0.402,0.895,0.713,0.164,0.026,0.05,0.457,0.741,0.002,0.131,0.178,0.093,0.004,0.002,0.002,0.252,0.479,0.001,0.154,0,0.051,0.094,0,0.017,0.009,0,0.001,0.001,0.059,16.571
01:38.4,6862,0.503,0.335,-0.613,-0.508,0.204,0.17,0.682,0.681,0.463,0.627,0.464,0.421,-0.502,-0.629,-0.433,-0.406,0.263,0.427,0.757,0.419,-0.682,-0.237,0.69,0.051,0.001,0.001,0.001,0.001,0.001,0.001,0.001,0.001,0.001,0.001,0.001,0.001,0.001,0.001,0.001,0.001,0.001,0.001,0.001,0.001,0.001,0.001,0.001,0.001,0.016,0.001,0.001,0.001,0.001,0.001,0.001,0.001,0.001,0.001,0.001,0.001,0.001,0.001,0.001,0.001,0.001,0.001,0.001,0.001,0.001,-0.679,0.229,0.697,0.017,0.968,0.81,0.845,0.805,1.238,1.1,0.755,0.023,0.595,0.774,0.872,0.756,0.368,0.471,0.681,0.386,0.205,0.402,0.895,0.713,0.164,0.026,0.05,0.457,0.741,0.002,0.131,0.178,0.093,0.004,0.002,0.002,0.252,0.479,0.001,0.154,0,0.051,0.094,0,0.017,0.009,0,0.001,0.001,0.06,16.571
01:38.4,6863,0.501,0.338,-0.614,-0.508,0.188,0.175,0.68,0.687,0.462,0.63,0.462,0.419,-0.502,-0.63,-0.433,-0.403,0.264,0.426,0.756,0.42,-0.681,-0.272,0.679,0.046,0.001,0.001,0.001,0.001,0.001,0.001,0.001,0.001,0.001,0.001,0.001,0.001,0.001,0.001,0.001,0.001,0.001,0.001,0.001,0.001,0.001,0.001,0.001,0.001,0.016,0.001,0.001,0.001,0.001,0.001,0.001,0.001,0.001,0.001,0.001,0.001,0.001,0.001,0.001,0.001,0.001,0.001,0.001,0.001,0.001,-0.679,0.229,0.697,0.017,0.968,0.81,0.845,0.805,1.238,1.1,0.755,0.023,0.595,0.774,0.872,0.756,0.368,0.471,0.681,0.386,0.205,0.402,0.895,0.713,0.164,0.026,0.05,0.457,0.741,0.002,0.131,0.178,0.093,0.004,0.002,0.002,0.252,0.479,0.001,0.154,0,0.051,0.094,0,0.017,0.009,0,0.001,0.001,0.06,16.571
01:38.4,6864,0.499,0.342,-0.614,-0.507,0.174,0.181,0.677,0.692,0.462,0.633,0.46,0.418,-0.503,-0.632,-0.433,-0.4,0.265,0.426,0.756,0.421,-0.681,-0.272,0.679,0.046,0.001,0.001,0.001,0.001,0.001,0.001,0.001,0.001,0.001,0.001,0.001,0.001,0.001,0.001,0.001,0.001,0.001,0.001,0.001,0.001,0.001,0.001,0.001,0.001,0.016,0.001,0.001,0.001,0.001,0.001,0.001,0.001,0.001,0.001,0.001,0.001,0.001,0.001,0.001,0.001,0.001,0.001,0.001,0.001,0.001,-0.679,0.229,0.697,0.017,0.968,0.81,0.845,0.805,1.238,1.1,0.755,0.023,0.595,0.774,0.872,0.756,0.368,0.471,0.681,0.386,0.205,0.402,0.895,0.713,0.164,0.026,0.05,0.457,0.741,0.002,0.131,0.178,0.093,0.004,0.002,0.002,0.252,0.479,0.001,0.154,0,0.051,0.094,0,0.017,0.009,0,0.001,0.001,0.06,16.571
01:38.4,6865,0.497,0.345,-0.615,-0.506,0.161,0.188,0.673,0.697,0.461,0.636,0.458,0.416,-0.503,-0.634,-0.432,-0.399,0.267,0.425,0.755,0.422,-0.681,-0.272,0.679,0.046,0.001,0.001,0.001,0.001,0.001,0.001,0.001,0.001,0.001,0.001,0.001,0.001,0.001,0.001,0.001,0.001,0.001,0.001,0.001,0.001,0.001,0.001,0.001,0.001,0.016,0.001,0.001,0.001,0.001,0.001,0.001,0.001,0.001,0.001,0.001,0.001,0.001,0.001,0.001,0.001,0.001,0.001,0.001,0.001,0.001,-0.672,0.286,0.677,0.087,0.963,0.805,0.836,0.799,1.236,1.099,0.745,0.028,0.589,0.773,0.869,0.759,0.377,0.477,0.675,0.389,0.203,0.403,0.895,0.716,0.173,0.027,0.055,0.47,0.766,0.002,0.156,0.183,0.098,0.004,0.002,0.002,0.26,0.505,0,0.155,0.001,0.062,0.099,0.001,0.034,0.01,0.001,0,0,0.06,16.702
01:38.5,6866,0.495,0.348,-0.615,-0.505,0.149,0.196,0.669,0.701,0.461,0.639,0.455,0.415,-0.501,-0.636,-0.43,-0.399,0.268,0.425,0.754,0.423,-0.681,-0.272,0.679,0.046,0.001,0.001,0.001,0.001,0.001,0.001,0.001,0.001,0.001,0.001,0.001,0.001,0.001,0.001,0.001,0.001,0.001,0.001,0.001,0.001,0.001,0.001,0.001,0.001,0.016,0.001,0.001,0.001,0.001,0.001,0.001,0.001,0.001,0.001,0.001,0.001,0.001,0.001,0.001,0.001,0.001,0.001,0.001,0.001,0.001,-0.672,0.286,0.677,0.087,0.963,0.805,0.836,0.799,1.236,1.099,0.745,0.028,0.589,0.773,0.869,0.759,0.377,0.477,0.675,0.389,0.203,0.403,0.895,0.716,0.173,0.027,0.055,0.47,0.766,0.002,0.156,0.183,0.098,0.004,0.002,0.002,0.26,0.505,0,0.155,0.001,0.062,0.099,0.001,0.034,0.01,0.001,0,0,0.06,16.702
01:38.5,6867,0.494,0.351,-0.615,-0.504,0.138,0.206,0.664,0.705,0.461,0.641,0.453,0.414,-0.5,-0.638,-0.428,-0.401,0.27,0.424,0.754,0.423,-0.681,-0.272,0.679,0.046,0.001,0.001,0.001,0.001,0.001,0.001,0.001,0.001,0.001,0.001,0.001,0.001,0.001,0.001,0.001,0.001,0.001,0.001,0.001,0.001,0.001,0.001,0.001,0.001,0.016,0.001,0.001,0.001,0.001,0.001,0.001,0.001,0.001,0.001,0.001,0.001,0.001,0.001,0.001,0.001,0.001,0.001,0.001,0.001,0.001,-0.672,0.286,0.677,0.087,0.963,0.805,0.836,0.799,1.236,1.099,0.745,0.028,0.589,0.773,0.869,0.759,0.377,0.477,0.675,0.389,0.203,0.403,0.895,0.716,0.173,0.027,0.055,0.47,0.766,0.002,0.156,0.183,0.098,0.004,0.002,0.002,0.26,0.505,0,0.155,0.001,0.062,0.099,0.001,0.034,0.01,0.001,0,0,0.06,16.702
01:38.5,6868,0.493,0.353,-0.615,-0.504,0.127,0.215,0.66,0.709,0.46,0.643,0.45,0.414,-0.498,-0.639,-0.426,-0.402,0.271,0.424,0.753,0.424,-0.681,-0.272,0.679,0.046,0.001,0.001,0.001,0.001,0.001,0.001,0.001,0.001,0.001,0.001,0.001,0.001,0.001,0.001,0.001,0.001,0.001,0.001,0.001,0.001,0.001,0.001,0.001,0.001,0.016,0.001,0.001,0.001,0.001,0.001,0.001,0.001,0.001,0.001,0.001,0.001,0.001,0.001,0.001,0.001,0.001,0.001,0.001,0.001,0.001,-0.672,0.286,0.677,0.087,0.963,0.805,0.836,0.799,1.236,1.099,0.745,0.028,0.589,0.773,0.869,0.759,0.377,0.477,0.675,0.389,0.203,0.403,0.895,0.716,0.173,0.027,0.055,0.47,0.766,0.002,0.156,0.183,0.098,0.004,0.002,0.002,0.26,0.505,0,0.155,0.001,0.062,0.099,0.001,0.034,0.01,0.001,0,0,0.06,16.702
01:38.5,6869,0.493,0.356,-0.614,-0.503,0.117,0.225,0.655,0.712,0.46,0.644,0.448,0.415,-0.497,-0.64,-0.425,-0.404,0.272,0.424,0.753,0.424,-0.681,-0.272,0.679,0.046,0.001,0.001,0.001,0.001,0.001,0.001,0.001,0.001,0.001,0.001,0.001,0.001,0.001,0.001,0.001,0.001,0.001,0.001,0.001,0.001,0.001,0.001,0.001,0.001,0.016,0.001,0.001,0.001,0.001,0.001,0.001,0.001,0.001,0.001,0.001,0.001,0.001,0.001,0.001,0.001,0.001,0.001,0.001,0.001,0.001,-0.672,0.286,0.677,0.087,0.963,0.805,0.836,0.799,1.236,1.099,0.745,0.028,0.589,0.773,0.869,0.759,0.377,0.477,0.675,0.389,0.203,0.403,0.895,0.716,0.173,0.027,0.055,0.47,0.766,0.002,0.156,0.183,0.098,0.004,0.002,0.002,0.26,0.505,0,0.155,0.001,0.062,0.099,0.001,0.034,0.01,0.001,0,0,0.06,16.702
01:38.5,6870,0.493,0.358,-0.613,-0.503,0.106,0.235,0.651,0.714,0.46,0.645,0.446,0.416,-0.496,-0.641,-0.423,-0.404,0.272,0.424,0.752,0.424,-0.683,-0.262,0.667,0.14,0.001,0.001,0.001,0.001,0.001,0.001,0.001,0.001,0.001,0.001,0.001,0.001,0.001,0.001,0.001,0.001,0.001,0.001,0.001,0.001,0.001,0.001,0.001,0.001,0.02,0.001,0.001,0.001,0.001,0.001,0.001,0.001,0.001,0.001,0.001,0.001,0.001,0.001,0.001,0.001,0.001,0.001,0.001,0.001,0.001,-0.672,0.286,0.677,0.087,0.963,0.805,0.836,0.799,1.236,1.099,0.745,0.028,0.589,0.773,0.869,0.759,0.377,0.477,0.675,0.389,0.203,0.403,0.895,0.716,0.173,0.027,0.055,0.47,0.766,0.002,0.156,0.183,0.098,0.004,0.002,0.002,0.26,0.505,0,0.155,0.001,0.062,0.099,0.001,0.034,0.01,0.001,0,0,0.064,16.702
01:38.5,6871,0.493,0.36,-0.611,-0.504,0.096,0.244,0.647,0.716,0.459,0.646,0.444,0.418,-0.496,-0.643,-0.422,-0.404,0.273,0.424,0.752,0.425,-0.684,-0.259,0.667,0.143,0.001,0.001,0.001,0.001,0.001,0.001,0.001,0.001,0.001,0.001,0.001,0.001,0.001,0.001,0.001,0.001,0.001,0.001,0.001,0.001,0.001,0.001,0.001,0.001,0.018,0.001,0.001,0.001,0.001,0.001,0.001,0.001,0.001,0.001,0.001,0.001,0.001,0.001,0.001,0.001,0.001,0.001,0.001,0.001,0.001,-0.672,0.286,0.677,0.087,0.963,0.805,0.836,0.799,1.236,1.099,0.745,0.028,0.589,0.773,0.869,0.759,0.377,0.477,0.675,0.389,0.203,0.403,0.895,0.716,0.173,0.027,0.055,0.47,0.766,0.002,0.156,0.183,0.098,0.004,0.002,0.002,0.26,0.505,0,0.155,0.001,0.062,0.099,0.001,0.034,0.01,0.001,0,0,0.062,16.702
01:38.5,6872,0.495,0.36,-0.609,-0.505,0.087,0.253,0.643,0.717,0.459,0.647,0.442,0.419,-0.494,-0.644,-0.421,-0.403,0.273,0.424,0.751,0.425,-0.688,-0.254,0.664,0.147,0.001,0.001,0.001,0.001,0.001,0.001,0.001,0.001,0.001,0.001,0.001,0.001,0.001,0.001,0.001,0.001,0.001,0.001,0.001,0.001,0.001,0.001,0.001,0.001,0.022,0.001,0.001,0.001,0.001,0.001,0.001,0.001,0.001,0.001,0.001,0.001,0.001,0.001,0.001,0.001,0.001,0.001,0.001,0.001,0.001,-0.672,0.321,0.652,0.141,0.835,0.73,0.684,0.62,1.117,1.007,0.591,0.05,0.576,0.742,0.842,0.766,0.443,0.505,0.58,0.419,0.238,0.473,0.891,0.777,0.363,0.101,0.114,0.537,0.821,0.029,0.232,0.27,0.197,0.016,0.004,0.005,0.368,0.642,0.001,0.291,0.001,0.236,0.272,0,0.182,0.105,0.092,0.001,0,0.066,17.766
01:38.5,6873,0.497,0.359,-0.607,-0.506,0.08,0.262,0.64,0.718,0.458,0.647,0.441,0.42,-0.493,-0.646,-0.42,-0.403,0.273,0.425,0.751,0.426,-0.688,-0.254,0.664,0.147,0.001,0.001,0.001,0.001,0.001,0.001,0.001,0.001,0.001,0.001,0.001,0.001,0.001,0.001,0.001,0.001,0.001,0.001,0.001,0.001,0.001,0.001,0.001,0.001,0.022,0.001,0.001,0.001,0.001,0.001,0.001,0.001,0.001,0.001,0.001,0.001,0.001,0.001,0.001,0.001,0.001,0.001,0.001,0.001,0.001,-0.672,0.326,0.649,0.148,0.48,0.546,0.584,0.447,0.927,0.858,0.409,0.048,0.342,0.723,0.713,0.623,0.496,0.513,0.469,0.375,0.278,0.452,0.934,0.723,0.458,0.183,0.23,0.505,0.745,0.123,0.26,0.238,0.281,0.07,0.005,0.005,0.431,0.656,0.001,0.49,0.004,0.519,0.556,0.187,0.432,0.325,0.253,0.121,0.043,0.066,18.061
01:38.5,6874,0.499,0.357,-0.605,-0.507,0.074,0.269,0.637,0.719,0.457,0.648,0.441,0.421,-0.491,-0.649,-0.419,-0.403,0.274,0.425,0.75,0.426,-0.688,-0.254,0.664,0.147,0.001,0.001,0.001,0.001,0.001,0.001,0.001,0.001,0.001,0.001,0.001,0.001,0.001,0.001,0.001,0.001,0.001,0.001,0.001,0.001,0.001,0.001,0.001,0.001,0.022,0.001,0.001,0.001,0.001,0.001,0.001,0.001,0.001,0.001,0.001,0.001,0.001,0.001,0.001,0.001,0.001,0.001,0.001,0.001,0.001,-0.672,0.326,0.649,0.148,0.48,0.546,0.584,0.447,0.927,0.858,0.409,0.048,0.342,0.723,0.713,0.623,0.496,0.513,0.469,0.375,0.278,0.452,0.934,0.723,0.458,0.183,0.23,0.505,0.745,0.123,0.26,0.238,0.281,0.07,0.005,0.005,0.431,0.656,0.001,0.49,0.004,0.519,0.556,0.187,0.432,0.325,0.253,0.121,0.043,0.066,18.061
01:38.5,6875,0.502,0.354,-0.604,-0.507,0.069,0.275,0.634,0.719,0.456,0.649,0.441,0.421,-0.489,-0.651,-0.417,-0.404,0.274,0.426,0.75,0.426,-0.688,-0.254,0.664,0.147,0.001,0.001,0.001,0.001,0.001,0.001,0.001,0.001,0.001,0.001,0.001,0.001,0.001,0.001,0.001,0.001,0.001,0.001,0.001,0.001,0.001,0.001,0.001,0.001,0.022,0.001,0.001,0.001,0.001,0.001,0.001,0.001,0.001,0.001,0.001,0.001,0.001,0.001,0.001,0.001,0.001,0.001,0.001,0.001,0.001,-0.672,0.326,0.649,0.148,0.48,0.546,0.584,0.447,0.927,0.858,0.409,0.048,0.342,0.723,0.713,0.623,0.496,0.513,0.469,0.375,0.278,0.452,0.934,0.723,0.458,0.183,0.23,0.505,0.745,0.123,0.26,0.238,0.281,0.07,0.005,0.005,0.431,0.656,0.001,0.49,0.004,0.519,0.556,0.187,0.432,0.325,0.253,0.121,0.043,0.066,18.061
01:38.6,6876,0.506,0.351,-0.603,-0.507,0.065,0.282,0.632,0.719,0.456,0.65,0.44,0.42,-0.486,-0.654,-0.414,-0.405,0.274,0.427,0.749,0.426,-0.688,-0.254,0.664,0.147,0.001,0.001,0.001,0.001,0.001,0.001,0.001,0.001,0.001,0.001,0.001,0.001,0.001,0.001,0.001,0.001,0.001,0.001,0.001,0.001,0.001,0.001,0.001,0.001,0.022,0.001,0.001,0.001,0.001,0.001,0.001,0.001,0.001,0.001,0.001,0.001,0.001,0.001,0.001,0.001,0.001,0.001,0.001,0.001,0.001,-0.672,0.326,0.649,0.148,0.48,0.546,0.584,0.447,0.927,0.858,0.409,0.048,0.342,0.723,0.713,0.623,0.496,0.513,0.469,0.375,0.278,0.452,0.934,0.723,0.458,0.183,0.23,0.505,0.745,0.123,0.26,0.238,0.281,0.07,0.005,0.005,0.431,0.656,0.001,0.49,0.004,0.519,0.556,0.187,0.432,0.325,0.253,0.121,0.043,0.066,18.061
01:38.6,6877,0.509,0.347,-0.602,-0.508,0.061,0.288,0.629,0.72,0.456,0.651,0.44,0.418,-0.484,-0.656,-0.411,-0.407,0.275,0.428,0.749,0.425,-0.688,-0.254,0.664,0.147,0.001,0.001,0.001,0.001,0.001,0.001,0.001,0.001,0.001,0.001,0.001,0.001,0.001,0.001,0.001,0.001,0.001,0.001,0.001,0.001,0.001,0.001,0.001,0.001,0.022,0.001,0.001,0.001,0.001,0.001,0.001,0.001,0.001,0.001,0.001,0.001,0.001,0.001,0.001,0.001,0.001,0.001,0.001,0.001,0.001,-0.672,0.326,0.649,0.148,0.48,0.546,0.584,0.447,0.927,0.858,0.409,0.048,0.342,0.723,0.713,0.623,0.496,0.513,0.469,0.375,0.278,0.452,0.934,0.723,0.458,0.183,0.23,0.505,0.745,0.123,0.26,0.238,0.281,0.07,0.005,0.005,0.431,0.656,0.001,0.49,0.004,0.519,0.556,0.187,0.432,0.325,0.253,0.121,0.043,0.066,18.061
01:38.6,6878,0.512,0.343,-0.602,-0.508,0.056,0.293,0.626,0.72,0.456,0.652,0.439,0.417,-0.481,-0.659,-0.408,-0.409,0.275,0.428,0.748,0.425,-0.688,-0.254,0.664,0.147,0.001,0.001,0.001,0.001,0.001,0.001,0.001,0.001,0.001,0.001,0.001,0.001,0.001,0.001,0.001,0.001,0.001,0.001,0.001,0.001,0.001,0.001,0.001,0.001,0.022,0.001,0.001,0.001,0.001,0.001,0.001,0.001,0.001,0.001,0.001,0.001,0.001,0.001,0.001,0.001,0.001,0.001,0.001,0.001,0.001,-0.672,0.326,0.649,0.148,0.48,0.546,0.584,0.447,0.927,0.858,0.409,0.048,0.342,0.723,0.713,0.623,0.496,0.513,0.469,0.375,0.278,0.452,0.934,0.723,0.458,0.183,0.23,0.505,0.745,0.123,0.26,0.238,0.281,0.07,0.005,0.005,0.431,0.656,0.001,0.49,0.004,0.519,0.556,0.187,0.432,0.325,0.253,0.121,0.043,0.066,18.061
01:38.6,6879,0.515,0.339,-0.601,-0.508,0.051,0.296,0.624,0.721,0.456,0.653,0.438,0.417,-0.479,-0.661,-0.405,-0.41,0.275,0.429,0.748,0.425,-0.709,-0.184,0.66,0.165,0.001,0.001,0.001,0.001,0.001,0.001,0.001,0.001,0.001,0.001,0.001,0.001,0.001,0.001,0.001,0.001,0.001,0.001,0.001,0.001,0.001,0.001,0.001,0.001,0.021,0.001,0.001,0.001,0.001,0.001,0.001,0.001,0.001,0.001,0.001,0.001,0.001,0.001,0.001,0.001,0.001,0.001,0.001,0.001,0.001,-0.672,0.326,0.649,0.148,0.48,0.546,0.584,0.447,0.927,0.858,0.409,0.048,0.342,0.723,0.713,0.623,0.496,0.513,0.469,0.375,0.278,0.452,0.934,0.723,0.458,0.183,0.23,0.505,0.745,0.123,0.26,0.238,0.281,0.07,0.005,0.005,0.431,0.656,0.001,0.49,0.004,0.519,0.556,0.187,0.432,0.325,0.253,0.121,0.043,0.065,18.061
01:38.6,6880,0.517,0.335,-0.601,-0.509,0.046,0.297,0.623,0.722,0.456,0.654,0.437,0.417,-0.477,-0.664,-0.402,-0.411,0.276,0.43,0.747,0.425,-0.709,-0.173,0.665,0.16,0.001,0.001,0.001,0.001,0.001,0.001,0.001,0.001,0.001,0.001,0.001,0.001,0.001,0.001,0.001,0.001,0.001,0.001,0.001,0.001,0.001,0.001,0.001,0.001,0.022,0.001,0.001,0.001,0.001,0.001,0.001,0.001,0.001,0.001,0.001,0.001,0.001,0.001,0.001,0.001,0.001,0.001,0.001,0.001,0.001,-0.677,0.356,0.612,0.201,0.404,0.536,0.567,0.413,0.894,0.816,0.388,0.046,0.294,0.707,0.712,0.624,0.495,0.512,0.457,0.369,0.283,0.451,0.929,0.703,0.46,0.188,0.243,0.502,0.735,0.132,0.27,0.234,0.284,0.076,0.004,0.005,0.438,0.658,0.002,0.497,0.006,0.54,0.586,0.221,0.453,0.355,0.263,0.171,0.079,0.066,18.002
01:38.6,6881,0.519,0.331,-0.601,-0.51,0.042,0.297,0.622,0.723,0.455,0.655,0.435,0.417,-0.475,-0.667,-0.399,-0.412,0.275,0.43,0.747,0.425,-0.709,-0.158,0.671,0.151,0.001,0.001,0.001,0.001,0.001,0.001,0.001,0.001,0.001,0.001,0.001,0.001,0.001,0.001,0.001,0.001,0.001,0.001,0.001,0.001,0.001,0.001,0.001,0.001,0.023,0.001,0.001,0.001,0.001,0.001,0.001,0.001,0.001,0.001,0.001,0.001,0.001,0.001,0.001,0.001,0.001,0.001,0.001,0.001,0.001,-0.677,0.36,0.607,0.208,0.001,0.197,0.293,0.094,0.672,0.634,0.278,0.031,0.001,0.31,0.54,0.36,0.324,0.47,0.377,0.339,0.282,0,0.543,0.559,0.183,0.164,0.299,0.48,0.683,0.206,0.336,0.013,0.055,0.018,0.001,0.072,0.486,0.635,0.171,0.491,0.022,0.669,0.725,0.552,0.708,0.532,0.405,0.547,0.537,0.067,15.295
01:38.6,6882,0.521,0.326,-0.601,-0.511,0.039,0.294,0.622,0.725,0.454,0.656,0.434,0.418,-0.473,-0.67,-0.396,-0.412,0.275,0.431,0.747,0.425,-0.71,-0.146,0.674,0.144,0,0.001,0.001,0.001,0.001,0.001,0.001,0.001,0.001,0.001,0.001,0.001,0.001,0.001,0.001,0.001,0.001,0.001,0.001,0.001,0.001,0.001,0.001,0.001,0.023,0.001,0.001,0.001,0.001,0.001,0.001,0.001,0.001,0.001,0.001,0.001,0.001,0.001,0.001,0.001,0.001,0.001,0.001,0.001,0.001,-0.678,0.366,0.599,0.218,0,0.116,0.197,0.028,0.635,0.632,0.271,0.029,0.001,0.206,0.463,0.238,0.275,0.462,0.369,0.337,0.284,0,0.422,0.474,0.12,0.085,0.271,0.48,0.68,0.211,0.325,0.001,0.002,0.001,0.001,0.078,0.486,0.632,0.178,0.486,0.023,0.679,0.733,0.592,0.741,0.551,0.422,0.589,0.591,0.066,14.397
01:38.6,6883,0.523,0.322,-0.601,-0.511,0.038,0.289,0.623,0.726,0.453,0.657,0.433,0.42,-0.469,-0.674,-0.392,-0.414,0.274,0.431,0.747,0.425,-0.709,-0.129,0.68,0.132,0.001,0.001,0.001,0.001,0.001,0.001,0.001,0.001,0.001,0.001,0.001,0.001,0.001,0.001,0.001,0.001,0.001,0.001,0.001,0.001,0.001,0.001,0.001,0.001,0.023,0.001,0.001,0.001,0.001,0.001,0.001,0.001,0.001,0.001,0.001,0.001,0.001,0.001,0.001,0.001,0.001,0.001,0.001,0.001,0.001,-0.678,0.371,0.593,0.226,0.001,0.031,0.078,0.001,0.596,0.612,0.263,0.026,0,0.111,0.379,0.14,0.212,0.431,0.36,0.33,0.284,0,0.258,0.363,0.05,0.032,0.241,0.474,0.678,0.234,0.333,0,0.001,0.001,0.001,0.084,0.492,0.631,0.197,0.497,0.017,0.684,0.747,0.601,0.707,0.571,0.441,0.625,0.653,0.067,13.468
01:38.6,6884,0.524,0.317,-0.603,-0.511,0.038,0.283,0.625,0.727,0.452,0.658,0.431,0.421,-0.465,-0.678,-0.388,-0.417,0.274,0.43,0.747,0.426,-0.709,-0.117,0.685,0.123,0,0.001,0.001,0.001,0.001,0.001,0,0.001,0.001,0.001,0.001,0.001,0.001,0.001,0.001,0.001,0.001,0.001,0.001,0.001,0.001,0.001,0.001,0.001,0.023,0.001,0.001,0.001,0.001,0.001,0.001,0.001,0.001,0.001,0.001,0.001,0.001,0.001,0.001,0.001,0.001,0.001,0.001,0.001,0.001,-0.679,0.376,0.586,0.234,0,0,0.001,0.001,0.491,0.591,0.243,0.022,0,0.027,0.292,0.087,0.125,0.42,0.361,0.321,0.281,0,0.107,0.208,0,0.002,0.221,0.469,0.672,0.247,0.324,0,0.001,0.001,0,0.087,0.495,0.63,0.226,0.509,0.013,0.691,0.756,0.617,0.701,0.592,0.457,0.652,0.706,0.065,12.647
01:38.6,6885,0.525,0.313,-0.604,-0.511,0.041,0.274,0.628,0.727,0.45,0.658,0.429,0.424,-0.46,-0.681,-0.384,-0.421,0.273,0.43,0.747,0.427,-0.707,-0.101,0.691,0.111,0.001,0.001,0.001,0.001,0.001,0.001,0.001,0.001,0.001,0.001,0.001,0.001,0.001,0.001,0.001,0.001,0.001,0.001,0.001,0.001,0.001,0.001,0.001,0.001,0.023,0.001,0.001,0.001,0.001,0.001,0.001,0.001,0.001,0.001,0.001,0.001,0.001,0,0.001,0.001,0.001,0.001,0.001,0.001,0.001,-0.679,0.376,0.586,0.234,0,0,0.001,0.001,0.491,0.591,0.243,0.022,0,0.027,0.292,0.087,0.125,0.42,0.361,0.321,0.281,0,0.107,0.208,0,0.002,0.221,0.469,0.672,0.247,0.324,0,0.001,0.001,0,0.087,0.495,0.63,0.226,0.509,0.013,0.691,0.756,0.617,0.701,0.592,0.457,0.652,0.706,0.066,12.647
01:38.7,6886,0.526,0.309,-0.607,-0.51,0.046,0.265,0.632,0.727,0.448,0.659,0.428,0.427,-0.455,-0.684,-0.38,-0.426,0.273,0.429,0.747,0.429,-0.705,-0.089,0.696,0.102,0.001,0.001,0.001,0.001,0.001,0.001,0.001,0.001,0.001,0.001,0.001,0.001,0.001,0.001,0.001,0,0.001,0.001,0.001,0.001,0.001,0.001,0.001,0.001,0.023,0.001,0.001,0.001,0.001,0.001,0.001,0.001,0.001,0.001,0.001,0.001,0.001,0.001,0.001,0.001,0.001,0.001,0.001,0.001,0.001,-0.679,0.376,0.586,0.234,0,0,0.001,0.001,0.491,0.591,0.243,0.022,0,0.027,0.292,0.087,0.125,0.42,0.361,0.321,0.281,0,0.107,0.208,0,0.002,0.221,0.469,0.672,0.247,0.324,0,0.001,0.001,0,0.087,0.495,0.63,0.226,0.509,0.013,0.691,0.756,0.617,0.701,0.592,0.457,0.652,0.706,0.066,12.647
01:38.7,6887,0.526,0.305,-0.609,-0.509,0.052,0.254,0.637,0.725,0.446,0.659,0.426,0.43,-0.45,-0.686,-0.377,-0.431,0.273,0.427,0.746,0.431,-0.704,-0.077,0.7,0.092,0.001,0.001,0.001,0.001,0.001,0.001,0.001,0.001,0.001,0.001,0.001,0.001,0.001,0.001,0.001,0.001,0.001,0.001,0.001,0.001,0.001,0.001,0.001,0.001,0.017,0.001,0.001,0.001,0.001,0.001,0.001,0.001,0.001,0.001,0.001,0.001,0.001,0.001,0.001,0.001,0.001,0,0.001,0.001,0.001,-0.679,0.376,0.586,0.234,0,0,0.001,0.001,0.491,0.591,0.243,0.022,0,0.027,0.292,0.087,0.125,0.42,0.361,0.321,0.281,0,0.107,0.208,0,0.002,0.221,0.469,0.672,0.247,0.324,0,0.001,0.001,0,0.087,0.495,0.63,0.226,0.509,0.013,0.691,0.756,0.617,0.701,0.592,0.457,0.652,0.706,0.06,12.647
01:38.7,6888,0.526,0.303,-0.611,-0.508,0.06,0.243,0.643,0.724,0.444,0.658,0.425,0.434,-0.445,-0.687,-0.374,-0.436,0.273,0.426,0.746,0.433,-0.704,-0.077,0.7,0.092,0.001,0.001,0.001,0.001,0.001,0.001,0.001,0.001,0.001,0.001,0.001,0.001,0.001,0.001,0.001,0.001,0.001,0.001,0.001,0.001,0.001,0.001,0.001,0.001,0.017,0.001,0.001,0.001,0.001,0.001,0.001,0.001,0.001,0.001,0.001,0.001,0.001,0.001,0.001,0.001,0.001,0,0.001,0.001,0.001,-0.679,0.376,0.586,0.234,0,0,0.001,0.001,0.491,0.591,0.243,0.022,0,0.027,0.292,0.087,0.125,0.42,0.361,0.321,0.281,0,0.107,0.208,0,0.002,0.221,0.469,0.672,0.247,0.324,0,0.001,0.001,0,0.087,0.495,0.63,0.226,0.509,0.013,0.691,0.756,0.617,0.701,0.592,0.457,0.652,0.706,0.06,12.647
01:38.7,6889,0.525,0.3,-0.613,-0.508,0.068,0.232,0.65,0.721,0.441,0.657,0.425,0.439,-0.442,-0.688,-0.37,-0.441,0.273,0.424,0.745,0.436,-0.704,-0.077,0.7,0.092,0.001,0.001,0.001,0.001,0.001,0.001,0.001,0.001,0.001,0.001,0.001,0.001,0.001,0.001,0.001,0.001,0.001,0.001,0.001,0.001,0.001,0.001,0.001,0.001,0.017,0.001,0.001,0.001,0.001,0.001,0.001,0.001,0.001,0.001,0.001,0.001,0.001,0.001,0.001,0.001,0.001,0,0.001,0.001,0.001,-0.679,0.376,0.586,0.234,0,0,0.001,0.001,0.491,0.591,0.243,0.022,0,0.027,0.292,0.087,0.125,0.42,0.361,0.321,0.281,0,0.107,0.208,0,0.002,0.221,0.469,0.672,0.247,0.324,0,0.001,0.001,0,0.087,0.495,0.63,0.226,0.509,0.013,0.691,0.756,0.617,0.701,0.592,0.457,0.652,0.706,0.06,12.647
01:38.7,6890,0.524,0.299,-0.615,-0.509,0.076,0.222,0.657,0.717,0.439,0.656,0.425,0.444,-0.438,-0.688,-0.367,-0.446,0.274,0.422,0.745,0.438,-0.704,-0.077,0.7,0.092,0.001,0.001,0.001,0.001,0.001,0.001,0.001,0.001,0.001,0.001,0.001,0.001,0.001,0.001,0.001,0.001,0.001,0.001,0.001,0.001,0.001,0.001,0.001,0.001,0.017,0.001,0.001,0.001,0.001,0.001,0.001,0.001,0.001,0.001,0.001,0.001,0.001,0.001,0.001,0.001,0.001,0,0.001,0.001,0.001,-0.679,0.376,0.586,0.234,0,0,0.001,0.001,0.491,0.591,0.243,0.022,0,0.027,0.292,0.087,0.125,0.42,0.361,0.321,0.281,0,0.107,0.208,0,0.002,0.221,0.469,0.672,0.247,0.324,0,0.001,0.001,0,0.087,0.495,0.63,0.226,0.509,0.013,0.691,0.756,0.617,0.701,0.592,0.457,0.652,0.706,0.06,12.647
01:38.7,6891,0.521,0.299,-0.616,-0.509,0.085,0.213,0.664,0.712,0.437,0.653,0.426,0.448,-0.436,-0.689,-0.364,-0.451,0.274,0.42,0.745,0.441,-0.704,-0.077,0.7,0.092,0.001,0.001,0.001,0.001,0.001,0.001,0.001,0.001,0.001,0.001,0.001,0.001,0.001,0.001,0.001,0.001,0.001,0.001,0.001,0.001,0.001,0.001,0.001,0.001,0.017,0.001,0.001,0.001,0.001,0.001,0.001,0.001,0.001,0.001,0.001,0.001,0.001,0.001,0.001,0.001,0.001,0,0.001,0.001,0.001,-0.702,0.386,0.542,0.253,0,0,0,0,0.394,0.571,0.237,0.021,0,0.006,0.238,0.023,0.045,0.4,0.36,0.317,0.288,0,0.043,0.148,0,0.001,0.195,0.465,0.668,0.249,0.316,0,0.001,0.001,0.001,0.089,0.497,0.628,0.231,0.502,0.012,0.694,0.759,0.624,0.744,0.606,0.469,0.675,0.719,0.06,12.237
01:38.7,6892,0.517,0.301,-0.618,-0.51,0.093,0.211,0.668,0.707,0.436,0.65,0.428,0.451,-0.433,-0.688,-0.362,-0.456,0.274,0.418,0.745,0.442,-0.704,-0.077,0.7,0.092,0.001,0.001,0.001,0.001,0.001,0.001,0.001,0.001,0.001,0.001,0.001,0.001,0.001,0.001,0.001,0.001,0.001,0.001,0.001,0.001,0.001,0.001,0.001,0.001,0.017,0.001,0.001,0.001,0.001,0.001,0.001,0.001,0.001,0.001,0.001,0.001,0.001,0.001,0.001,0.001,0.001,0,0.001,0.001,0.001,-0.706,0.384,0.541,0.248,0,0.001,0,0,0,0.112,0.145,0.01,0,0.001,0.017,0,0,0.053,0.286,0.245,0.28,0,0.009,0,0,0.001,0.011,0.441,0.62,0.298,0.286,0.001,0.001,0,0,0,0.477,0.625,0.227,0.455,0.004,0.744,0.801,0.667,0.74,0.705,0.57,0.846,0.924,0.06,10.603
01:38.7,6893,0.511,0.305,-0.62,-0.511,0.102,0.215,0.669,0.705,0.436,0.647,0.431,0.453,-0.431,-0.688,-0.359,-0.46,0.274,0.416,0.746,0.443,-0.704,-0.077,0.7,0.092,0.001,0.001,0.001,0.001,0.001,0.001,0.001,0.001,0.001,0.001,0.001,0.001,0.001,0.001,0.001,0.001,0.001,0.001,0.001,0.001,0.001,0.001,0.001,0.001,0.017,0.001,0.001,0.001,0.001,0.001,0.001,0.001,0.001,0.001,0.001,0.001,0.001,0.001,0.001,0.001,0.001,0,0.001,0.001,0.001,-0.706,0.384,0.541,0.248,0,0.001,0,0,0,0.112,0.145,0.01,0,0.001,0.017,0,0,0.053,0.286,0.245,0.28,0,0.009,0,0,0.001,0.011,0.441,0.62,0.298,0.286,0.001,0.001,0,0,0,0.477,0.625,0.227,0.455,0.004,0.744,0.801,0.667,0.74,0.705,0.57,0.846,0.924,0.06,10.603
01:38.7,6894,0.506,0.309,-0.621,-0.512,0.109,0.222,0.666,0.704,0.438,0.644,0.434,0.453,-0.428,-0.688,-0.357,-0.465,0.274,0.414,0.747,0.443,-0.688,0.073,0.721,0.029,0.016,0.001,0.001,0.001,0.001,0.001,0.001,0.001,0.001,0.078,0.001,0.001,0.001,0.001,0.001,0.001,0.001,0.001,0.026,0.001,0.001,0.001,0.001,0.001,0.016,0.001,0.001,0.001,0.001,0.001,0.001,0.001,0.001,0.001,0.001,0.001,0.001,0.001,0.001,0.001,0.001,0.001,0.001,0.001,0.001,-0.706,0.384,0.541,0.248,0,0.001,0,0,0,0.112,0.145,0.01,0,0.001,0.017,0,0,0.053,0.286,0.245,0.28,0,0.009,0,0,0.001,0.011,0.441,0.62,0.298,0.286,0.001,0.001,0,0,0,0.477,0.625,0.227,0.455,0.004,0.744,0.801,0.667,0.74,0.705,0.57,0.846,0.924,0.177,10.603
01:38.7,6895,0.503,0.313,-0.622,-0.513,0.113,0.225,0.664,0.704,0.441,0.64,0.437,0.452,-0.425,-0.687,-0.355,-0.47,0.274,0.413,0.748,0.441,-0.695,0.091,0.713,0.021,0.891,0.72,0.41,0.001,0.001,0.001,0.001,0.001,0.907,0.833,0.745,0.001,0.001,0.001,0.001,0.001,0.001,0.508,0.868,0.53,0.001,0.001,0.001,0.001,0.021,0.001,0.001,0.291,0.002,0.001,0.001,0.001,0.001,0.001,0.001,0.001,0.001,0.001,0.001,0.001,0.001,0.001,0.001,0.001,0.001,-0.706,0.384,0.541,0.248,0,0.001,0,0,0,0.112,0.145,0.01,0,0.001,0.017,0,0,0.053,0.286,0.245,0.28,0,0.009,0,0,0.001,0.011,0.441,0.62,0.298,0.286,0.001,0.001,0,0,0,0.477,0.625,0.227,0.455,0.004,0.744,0.801,0.667,0.74,0.705,0.57,0.846,0.924,6.759,10.603
01:38.8,6896,0.501,0.315,-0.621,-0.514,0.114,0.222,0.665,0.703,0.445,0.636,0.441,0.45,-0.422,-0.686,-0.354,-0.475,0.275,0.413,0.749,0.439,-0.7,0.103,0.706,0.019,0.907,0.751,0.548,0.001,0.001,0.001,0.001,0.001,0.89,0.833,0.72,0.001,0.001,0.001,0.001,0.001,0.001,0.48,0.877,0.632,0.001,0.001,0.001,0.001,0.02,0.001,0.001,0.272,0.02,0.001,0.001,0.001,0.001,0.001,0.001,0.001,0.001,0.001,0.001,0.001,0.001,0.001,0.001,0.001,0.001,-0.706,0.384,0.541,0.248,0,0.001,0,0,0,0.112,0.145,0.01,0,0.001,0.017,0,0,0.053,0.286,0.245,0.28,0,0.009,0,0,0.001,0.011,0.441,0.62,0.298,0.286,0.001,0.001,0,0,0,0.477,0.625,0.227,0.455,0.004,0.744,0.801,0.667,0.74,0.705,0.57,0.846,0.924,6.983,10.603
01:38.8,6897,0.503,0.314,-0.62,-0.514,0.112,0.216,0.668,0.703,0.45,0.632,0.444,0.447,-0.419,-0.685,-0.353,-0.48,0.277,0.413,0.751,0.435,-0.701,0.132,0.7,0.034,0.937,0.783,0.663,0.001,0.001,0.001,0.001,0.001,0.861,0.833,0.772,0.001,0.001,0.001,0.001,0.001,0.001,0.443,0.867,0.646,0.001,0.001,0.001,0.001,0.02,0.001,0.001,0.263,0.05,0.001,0.001,0.001,0.001,0.001,0.001,0.001,0.001,0.001,0.001,0.001,0.001,0.001,0.001,0.001,0.001,-0.706,0.384,0.541,0.248,0,0.001,0,0,0,0.112,0.145,0.01,0,0.001,0.017,0,0,0.053,0.286,0.245,0.28,0,0.009,0,0,0.001,0.011,0.441,0.62,0.298,0.286,0.001,0.001,0,0,0,0.477,0.625,0.227,0.455,0.004,0.744,0.801,0.667,0.74,0.705,0.57,0.846,0.924,7.171,10.603
01:38.8,6898,0.506,0.311,-0.621,-0.511,0.107,0.208,0.669,0.705,0.456,0.627,0.449,0.444,-0.415,-0.683,-0.353,-0.487,0.278,0.414,0.752,0.431,-0.701,0.169,0.691,0.051,0.96,0.811,0.756,0.001,0.016,0.001,0.001,0.001,0.821,0.836,0.8,0.001,0.001,0.001,0.001,0.001,0.001,0.408,0.862,0.667,0.001,0.001,0.001,0.001,0.023,0.001,0.001,0.239,0.067,0.001,0.001,0.001,0.001,0.001,0.001,0.001,0.001,0.001,0.001,0.001,0.001,0.001,0.001,0.001,0.001,-0.706,0.384,0.541,0.248,0,0.001,0,0,0,0.112,0.145,0.01,0,0.001,0.017,0,0,0.053,0.286,0.245,0.28,0,0.009,0,0,0.001,0.011,0.441,0.62,0.298,0.286,0.001,0.001,0,0,0,0.477,0.625,0.227,0.455,0.004,0.744,0.801,0.667,0.74,0.705,0.57,0.846,0.924,7.298,10.603
01:38.8,6899,0.508,0.311,-0.623,-0.507,0.102,0.197,0.671,0.708,0.464,0.621,0.453,0.44,-0.409,-0.68,-0.353,-0.495,0.279,0.415,0.753,0.428,-0.7,0.195,0.684,0.064,0.982,0.835,0.812,0.001,0.186,0.015,0.001,0.001,0.773,0.835,0.817,0.021,0.001,0.001,0.001,0.001,0.001,0.366,0.861,0.664,0.001,0.001,0.001,0.001,0.037,0.001,0.001,0.22,0.078,0.001,0.001,0.001,0.001,0.001,0.001,0.001,0.001,0.001,0.001,0.001,0.001,0.001,0.001,0.001,0.001,-0.741,0.386,0.514,0.194,0,0,0.001,0.001,0.001,0.101,0.144,0.009,0,0.001,0.016,0.001,0.001,0.056,0.282,0.244,0.281,0,0.01,0,0.001,0.001,0.01,0.441,0.619,0.297,0.289,0.001,0,0.001,0.001,0.001,0.477,0.625,0.23,0.452,0.002,0.747,0.802,0.665,0.736,0.708,0.571,0.846,0.927,7.532,10.599
01:38.8,6900,0.506,0.314,-0.624,-0.506,0.098,0.184,0.672,0.71,0.472,0.614,0.458,0.436,-0.402,-0.676,-0.354,-0.506,0.28,0.416,0.753,0.427,-0.703,0.214,0.675,0.068,0.994,0.842,0.849,0.057,0.332,0.233,0.111,0.001,0.725,0.836,0.833,0.115,0.001,0.073,0.237,0.001,0.001,0.317,0.861,0.667,0.001,0.001,0.001,0.002,0.06,0.001,0.001,0.204,0.087,0.001,0.001,0.001,0.001,0.001,0.001,0.001,0.001,0.001,0.001,0.001,0.001,0.001,0.001,0.001,0.001,-0.741,0.409,0.494,0.199,0,0,0,0,0,0,0.066,0.001,0,0,0.001,0,0.001,0.009,0.145,0.078,0.25,0,0.027,0.007,0,0,0.001,0.208,0.402,0.233,0.253,0,0,0.001,0,0,0.309,0.579,0.221,0.471,0.015,0.59,0.858,0.744,0.75,0.8,0.636,0.685,0.729,8.46,9.07
01:38.8,6901,0.499,0.321,-0.622,-0.51,0.097,0.171,0.676,0.71,0.482,0.605,0.463,0.433,-0.394,-0.671,-0.355,-0.518,0.28,0.417,0.753,0.426,-0.703,0.214,0.675,0.068,0.994,0.842,0.849,0.057,0.332,0.233,0.111,0.001,0.725,0.836,0.833,0.115,0.001,0.073,0.237,0.001,0.001,0.317,0.861,0.667,0.001,0.001,0.001,0.002,0.06,0.001,0.001,0.204,0.087,0.001,0.001,0.001,0.001,0.001,0.001,0.001,0.001,0.001,0.001,0.001,0.001,0.001,0.001,0.001,0.001,-0.738,0.435,0.473,0.203,0,0,0,0,0,0,0.055,0.001,0.001,0,0,0,0.001,0.009,0.145,0.073,0.219,0,0.013,0.006,0,0.001,0,0.214,0.289,0.206,0.22,0,0,0,0.001,0,0.319,0.523,0.173,0.484,0.01,0.552,0.773,0.725,0.75,0.678,0.519,0.651,0.716,8.46,8.327
01:38.8,6902,0.486,0.33,-0.621,-0.519,0.1,0.16,0.683,0.706,0.492,0.594,0.468,0.431,-0.387,-0.664,-0.358,-0.53,0.279,0.417,0.753,0.426,-0.703,0.214,0.675,0.068,0.994,0.842,0.849,0.057,0.332,0.233,0.111,0.001,0.725,0.836,0.833,0.115,0.001,0.073,0.237,0.001,0.001,0.317,0.861,0.667,0.001,0.001,0.001,0.002,0.06,0.001,0.001,0.204,0.087,0.001,0.001,0.001,0.001,0.001,0.001,0.001,0.001,0.001,0.001,0.001,0.001,0.001,0.001,0.001,0.001,-0.738,0.435,0.473,0.203,0,0,0,0,0,0,0.055,0.001,0.001,0,0,0,0.001,0.009,0.145,0.073,0.219,0,0.013,0.006,0,0.001,0,0.214,0.289,0.206,0.22,0,0,0,0.001,0,0.319,0.523,0.173,0.484,0.01,0.552,0.773,0.725,0.75,0.678,0.519,0.651,0.716,8.46,8.327
01:38.8,6903,0.469,0.337,-0.621,-0.53,0.104,0.152,0.69,0.7,0.504,0.582,0.473,0.429,-0.382,-0.659,-0.362,-0.538,0.277,0.418,0.753,0.427,-0.703,0.214,0.675,0.068,0.994,0.842,0.849,0.057,0.332,0.233,0.111,0.001,0.725,0.836,0.833,0.115,0.001,0.073,0.237,0.001,0.001,0.317,0.861,0.667,0.001,0.001,0.001,0.002,0.06,0.001,0.001,0.204,0.087,0.001,0.001,0.001,0.001,0.001,0.001,0.001,0.001,0.001,0.001,0.001,0.001,0.001,0.001,0.001,0.001,-0.738,0.435,0.473,0.203,0,0,0,0,0,0,0.055,0.001,0.001,0,0,0,0.001,0.009,0.145,0.073,0.219,0,0.013,0.006,0,0.001,0,0.214,0.289,0.206,0.22,0,0,0,0.001,0,0.319,0.523,0.173,0.484,0.01,0.552,0.773,0.725,0.75,0.678,0.519,0.651,0.716,8.46,8.327
01:38.8,6904,0.454,0.342,-0.624,-0.535,0.112,0.147,0.697,0.693,0.514,0.57,0.478,0.427,-0.379,-0.656,-0.366,-0.54,0.272,0.417,0.754,0.429,-0.703,0.214,0.675,0.068,0.994,0.842,0.849,0.057,0.332,0.233,0.111,0.001,0.725,0.836,0.833,0.115,0.001,0.073,0.237,0.001,0.001,0.317,0.861,0.667,0.001,0.001,0.001,0.002,0.06,0.001,0.001,0.204,0.087,0.001,0.001,0.001,0.001,0.001,0.001,0.001,0.001,0.001,0.001,0.001,0.001,0.001,0.001,0.001,0.001,-0.738,0.435,0.473,0.203,0,0,0,0,0,0,0.055,0.001,0.001,0,0,0,0.001,0.009,0.145,0.073,0.219,0,0.013,0.006,0,0.001,0,0.214,0.289,0.206,0.22,0,0,0,0.001,0,0.319,0.523,0.173,0.484,0.01,0.552,0.773,0.725,0.75,0.678,0.519,0.651,0.716,8.46,8.327
01:38.8,6905,0.444,0.346,-0.63,-0.535,0.125,0.143,0.703,0.685,0.523,0.559,0.483,0.426,-0.377,-0.658,-0.368,-0.538,0.265,0.417,0.755,0.431,-0.703,0.214,0.675,0.068,0.994,0.842,0.849,0.057,0.332,0.233,0.111,0.001,0.725,0.836,0.833,0.115,0.001,0.073,0.237,0.001,0.001,0.317,0.861,0.667,0.001,0.001,0.001,0.002,0.06,0.001,0.001,0.204,0.087,0.001,0.001,0.001,0.001,0.001,0.001,0.001,0.001,0.001,0.001,0.001,0.001,0.001,0.001,0.001,0.001,-0.738,0.435,0.473,0.203,0,0,0,0,0,0,0.055,0.001,0.001,0,0,0,0.001,0.009,0.145,0.073,0.219,0,0.013,0.006,0,0.001,0,0.214,0.289,0.206,0.22,0,0,0,0.001,0,0.319,0.523,0.173,0.484,0.01,0.552,0.773,0.725,0.75,0.678,0.519,0.651,0.716,8.46,8.327
01:38.9,6906,0.438,0.349,-0.636,-0.531,0.143,0.142,0.708,0.677,0.529,0.55,0.488,0.424,-0.374,-0.663,-0.369,-0.534,0.256,0.416,0.758,0.432,-0.703,0.214,0.675,0.068,0.994,0.842,0.849,0.057,0.332,0.233,0.111,0.001,0.725,0.836,0.833,0.115,0.001,0.073,0.237,0.001,0.001,0.317,0.861,0.667,0.001,0.001,0.001,0.002,0.06,0.001,0.001,0.204,0.087,0.001,0.001,0.001,0.001,0.001,0.001,0.001,0.001,0.001,0.001,0.001,0.001,0.001,0.001,0.001,0.001,-0.738,0.435,0.473,0.203,0,0,0,0,0,0,0.055,0.001,0.001,0,0,0,0.001,0.009,0.145,0.073,0.219,0,0.013,0.006,0,0.001,0,0.214,0.289,0.206,0.22,0,0,0,0.001,0,0.319,0.523,0.173,0.484,0.01,0.552,0.773,0.725,0.75,0.678,0.519,0.651,0.716,8.46,8.327
01:38.9,6907,0.434,0.353,-0.64,-0.526,0.162,0.142,0.711,0.669,0.533,0.542,0.493,0.424,-0.371,-0.668,-0.367,-0.53,0.247,0.416,0.761,0.433,-0.703,0.214,0.675,0.068,0.994,0.842,0.849,0.057,0.332,0.233,0.111,0.001,0.725,0.836,0.833,0.115,0.001,0.073,0.237,0.001,0.001,0.317,0.861,0.667,0.001,0.001,0.001,0.002,0.06,0.001,0.001,0.204,0.087,0.001,0.001,0.001,0.001,0.001,0.001,0.001,0.001,0.001,0.001,0.001,0.001,0.001,0.001,0.001,0.001,-0.738,0.435,0.473,0.203,0,0,0,0,0,0,0.055,0.001,0.001,0,0,0,0.001,0.009,0.145,0.073,0.219,0,0.013,0.006,0,0.001,0,0.214,0.289,0.206,0.22,0,0,0,0.001,0,0.319,0.523,0.173,0.484,0.01,0.552,0.773,0.725,0.75,0.678,0.519,0.651,0.716,8.46,8.327
01:38.9,6908,0.43,0.36,-0.644,-0.52,0.179,0.144,0.713,0.663,0.535,0.535,0.498,0.424,-0.366,-0.675,-0.362,-0.528,0.238,0.417,0.764,0.433,-0.721,0.197,0.664,0.025,0.999,0.85,0.863,0.148,0.443,0.4,0.237,0.001,0.684,0.838,0.846,0.215,0.001,0.175,0.354,0.001,0.001,0.287,0.861,0.67,0.002,0.001,0.002,0.126,0.05,0.001,0.001,0.194,0.089,0.001,0.001,0.001,0.001,0.001,0.001,0.001,0.001,0.001,0.001,0.001,0.001,0.001,0.001,0.001,0.001,-0.709,0.638,0.234,0.187,0,0.001,0.001,0,0,0,0.05,0.001,0,0,0,0.001,0.001,0.007,0.118,0.111,0.199,0,0.007,0.005,0.001,0.001,0.001,0.182,0.186,0.17,0.209,0,0.001,0,0,0.001,0.293,0.404,0.128,0.501,0.011,0.531,0.613,0.718,0.761,0.614,0.319,0.564,0.72,9.356,7.431
01:38.9,6909,0.426,0.368,-0.647,-0.515,0.187,0.148,0.713,0.66,0.537,0.528,0.503,0.424,-0.361,-0.682,-0.357,-0.527,0.23,0.417,0.766,0.432,-0.72,0.198,0.665,0.027,0.908,0.824,0.864,0.86,1.056,0.878,0.575,0.134,0.502,0.802,0.814,0.532,0.277,0.43,0.495,0.411,0.427,0.248,0.844,0.74,0.16,0.011,0.096,0.466,0.817,0.006,0.071,0.225,0.16,0.004,0.002,0.002,0.357,0.486,0.001,0.098,0.001,0.258,0.188,0.001,0.045,0.016,0.001,0.001,0.001,-0.703,0.657,0.204,0.18,0,0.001,0,0,0,0,0,0.001,0,0,0,0.001,0,0,0,0.001,0,0,0.017,0,0,0,0,0,0.01,0,0.001,0,0.001,0.001,0,0,0.002,0.022,0.001,0.084,0.001,0.001,0.001,0,0.021,0.001,0.001,0.001,0,16.095,0.17
01:38.9,6910,0.421,0.376,-0.649,-0.51,0.185,0.153,0.713,0.659,0.539,0.522,0.507,0.424,-0.354,-0.689,-0.352,-0.525,0.224,0.417,0.768,0.431,-0.719,0.199,0.665,0.03,0.885,0.818,0.86,0.868,1.089,0.907,0.587,0.134,0.485,0.799,0.811,0.548,0.294,0.43,0.505,0.427,0.469,0.245,0.841,0.742,0.17,0.012,0.105,0.488,0.81,0.007,0.101,0.227,0.165,0.004,0.002,0.004,0.369,0.526,0.002,0.143,0.001,0.255,0.227,0.001,0.082,0.023,0.001,0.001,0.001,-0.712,0.659,0.19,0.15,0,0,0,0,0.001,0.001,0,0,0.001,0,0,0,0,0,0,0,0.001,0,0.032,0,0.001,0,0,0,0.001,0.001,0,0,0.001,0,0,0.001,0,0.005,0,0.043,0.001,0,0.001,0,0,0.001,0,0,0,16.471,0.092
01:38.9,6911,0.417,0.384,-0.65,-0.507,0.175,0.156,0.714,0.66,0.541,0.515,0.511,0.424,-0.345,-0.697,-0.348,-0.524,0.219,0.417,0.77,0.43,-0.718,0.201,0.666,0.035,0.857,0.811,0.857,0.875,1.092,0.919,0.59,0.133,0.47,0.799,0.808,0.559,0.302,0.441,0.51,0.438,0.505,0.234,0.839,0.744,0.179,0.012,0.114,0.499,0.813,0.007,0.129,0.219,0.162,0.004,0.002,0.004,0.383,0.56,0.002,0.162,0.001,0.264,0.258,0.001,0.1,0.031,0.001,0.001,0.001,-0.724,0.648,0.2,0.124,0,0,0.001,0,0,0.001,0,0.001,0.001,0.012,0.001,0.001,0,0,0,0,0,0,0.039,0.017,0,0.001,0,0.001,0.001,0,0,0.001,0.001,0,0,0,0,0.001,0.001,0.01,0.001,0,0,0.001,0,0,0.001,0,0,16.692,0.094
01:38.9,6912,0.413,0.391,-0.65,-0.503,0.164,0.155,0.716,0.661,0.544,0.508,0.516,0.424,-0.337,-0.703,-0.345,-0.522,0.216,0.417,0.772,0.429,-0.716,0.208,0.665,0.045,0.825,0.803,0.855,0.874,1.104,0.927,0.586,0.145,0.447,0.802,0.811,0.568,0.302,0.441,0.514,0.443,0.521,0.211,0.836,0.742,0.182,0.012,0.122,0.514,0.807,0.009,0.134,0.204,0.156,0.005,0.002,0.004,0.397,0.574,0.002,0.165,0.002,0.275,0.287,0.001,0.115,0.04,0.001,0.001,0.001,-0.735,0.632,0.218,0.11,0,0,0,0.001,0.001,0.001,0,0,0.001,0.001,0,0,0.001,0.001,0,0,0,0,0.007,0.001,0,0,0.001,0,0,0,0.001,0,0,0.001,0,0,0.001,0,0,0.005,0.001,0,0,0.001,0,0.001,0,0.001,0,16.769,0.028
01:38.9,6913,0.411,0.398,-0.65,-0.5,0.154,0.152,0.719,0.661,0.547,0.501,0.52,0.423,-0.329,-0.709,-0.343,-0.521,0.214,0.416,0.773,0.428,-0.715,0.21,0.664,0.05,0.805,0.799,0.851,0.875,1.122,0.932,0.582,0.142,0.413,0.805,0.812,0.567,0.309,0.457,0.516,0.443,0.534,0.19,0.835,0.74,0.188,0.012,0.127,0.512,0.812,0.01,0.137,0.19,0.153,0.005,0.002,0.004,0.408,0.592,0.002,0.172,0.001,0.289,0.3,0.001,0.114,0.043,0.001,0.001,0.001,-0.735,0.632,0.218,0.11,0,0,0,0.001,0.001,0.001,0,0,0.001,0.001,0,0,0.001,0.001,0,0,0,0,0.007,0.001,0,0,0.001,0,0,0,0.001,0,0,0.001,0,0,0.001,0,0,0.005,0.001,0,0,0.001,0,0.001,0,0.001,0,16.806,0.028
01:38.9,6914,0.408,0.406,-0.65,-0.496,0.151,0.147,0.722,0.66,0.551,0.494,0.524,0.422,-0.322,-0.713,-0.341,-0.522,0.212,0.416,0.775,0.427,-0.716,0.204,0.666,0.047,0.789,0.796,0.846,0.874,1.132,0.94,0.581,0.147,0.37,0.8,0.81,0.574,0.315,0.462,0.519,0.446,0.541,0.175,0.83,0.737,0.192,0.012,0.132,0.52,0.813,0.017,0.139,0.184,0.153,0.004,0.002,0.004,0.416,0.611,0.002,0.173,0.001,0.299,0.315,0.001,0.121,0.05,0.001,0.001,0.001,-0.742,0.611,0.244,0.126,0,0.001,0,0.001,0,0.001,0.001,0.001,0,0,0,0,0,0.001,0.001,0.001,0,0,0.005,0.001,0.001,0,0,0,0,0.001,0,0.001,0,0,0.001,0,0,0.001,0,0.007,0.001,0,0,0,0,0,0,0,0.001,16.848,0.028
01:38.9,6915,0.405,0.414,-0.65,-0.492,0.155,0.141,0.724,0.657,0.555,0.488,0.527,0.42,-0.315,-0.716,-0.339,-0.523,0.21,0.415,0.775,0.427,-0.717,0.199,0.667,0.044,0.757,0.786,0.844,0.871,1.134,0.938,0.574,0.149,0.338,0.801,0.806,0.58,0.319,0.475,0.524,0.452,0.548,0.15,0.823,0.734,0.198,0.011,0.132,0.529,0.814,0.032,0.143,0.177,0.15,0.005,0.002,0.004,0.422,0.612,0.002,0.181,0.001,0.306,0.327,0.001,0.122,0.054,0.001,0.001,0.001,-0.742,0.611,0.244,0.126,0,0.001,0,0.001,0,0.001,0.001,0.001,0,0,0,0,0,0.001,0.001,0.001,0,0,0.005,0.001,0.001,0,0,0,0,0.001,0,0.001,0,0,0.001,0,0,0.001,0,0.007,0.001,0,0,0,0,0,0,0,0.001,16.831,0.028
01:39.0,6916,0.401,0.422,-0.649,-0.489,0.163,0.137,0.726,0.654,0.559,0.482,0.53,0.417,-0.306,-0.718,-0.34,-0.525,0.208,0.415,0.776,0.428,-0.717,0.193,0.668,0.041,0.708,0.778,0.838,0.866,1.151,0.94,0.573,0.147,0.308,0.797,0.802,0.585,0.324,0.487,0.526,0.459,0.548,0.139,0.821,0.73,0.199,0.011,0.14,0.534,0.818,0.034,0.14,0.173,0.149,0.005,0.002,0.004,0.43,0.617,0.002,0.172,0.002,0.31,0.333,0.001,0.122,0.057,0.002,0.001,0.001,-0.742,0.611,0.244,0.126,0,0.001,0,0.001,0,0.001,0.001,0.001,0,0,0,0,0,0.001,0.001,0.001,0,0,0.005,0.001,0.001,0,0,0,0,0.001,0,0.001,0,0,0.001,0,0,0.001,0,0.007,0.001,0,0,0,0,0,0,0,0.001,16.786,0.028
01:39.0,6917,0.396,0.43,-0.648,-0.488,0.172,0.136,0.727,0.65,0.564,0.477,0.532,0.414,-0.296,-0.718,-0.343,-0.529,0.206,0.414,0.776,0.429,-0.718,0.186,0.67,0.037,0.636,0.763,0.834,0.864,1.16,0.957,0.573,0.149,0.271,0.797,0.805,0.58,0.335,0.497,0.531,0.466,0.558,0.117,0.811,0.719,0.2,0.011,0.143,0.543,0.819,0.039,0.142,0.165,0.139,0.005,0.002,0.004,0.433,0.617,0.002,0.183,0.002,0.313,0.343,0.001,0.121,0.062,0.002,0.001,0.001,-0.742,0.611,0.244,0.126,0,0.001,0,0.001,0,0.001,0.001,0.001,0,0,0,0,0,0.001,0.001,0.001,0,0,0.005,0.001,0.001,0,0,0,0,0.001,0,0.001,0,0,0.001,0,0,0.001,0,0.007,0.001,0,0,0,0,0,0,0,0.001,16.716,0.028
01:39.0,6918,0.39,0.437,-0.647,-0.488,0.179,0.137,0.727,0.648,0.569,0.472,0.534,0.41,-0.287,-0.716,-0.347,-0.534,0.204,0.414,0.776,0.431,-0.719,0.18,0.671,0.034,0.558,0.752,0.828,0.866,1.165,0.971,0.568,0.154,0.232,0.796,0.802,0.578,0.339,0.503,0.534,0.469,0.559,0.095,0.795,0.713,0.19,0.011,0.147,0.548,0.814,0.046,0.143,0.155,0.134,0.004,0.004,0.004,0.441,0.624,0.002,0.2,0.002,0.316,0.352,0.001,0.121,0.063,0.002,0.001,0.001,-0.742,0.611,0.244,0.126,0,0.001,0,0.001,0,0.001,0.001,0.001,0,0,0,0,0,0.001,0.001,0.001,0,0,0.005,0.001,0.001,0,0,0,0,0.001,0,0.001,0,0,0.001,0,0,0.001,0,0.007,0.001,0,0,0,0,0,0,0,0.001,16.603,0.028
01:39.0,6919,0.383,0.442,-0.647,-0.489,0.182,0.139,0.727,0.647,0.574,0.469,0.535,0.406,-0.281,-0.711,-0.351,-0.54,0.202,0.414,0.775,0.432,-0.719,0.18,0.671,0.034,0.558,0.752,0.828,0.866,1.165,0.971,0.568,0.154,0.232,0.796,0.802,0.578,0.339,0.503,0.534,0.469,0.559,0.095,0.795,0.713,0.19,0.011,0.147,0.548,0.814,0.046,0.143,0.155,0.134,0.004,0.004,0.004,0.441,0.624,0.002,0.2,0.002,0.316,0.352,0.001,0.121,0.063,0.002,0.001,0.001,-0.742,0.611,0.244,0.126,0,0.001,0,0.001,0,0.001,0.001,0.001,0,0,0,0,0,0.001,0.001,0.001,0,0,0.005,0.001,0.001,0,0,0,0,0.001,0,0.001,0,0,0.001,0,0,0.001,0,0.007,0.001,0,0,0,0,0,0,0,0.001,16.603,0.028
01:39.0,6920,0.376,0.447,-0.646,-0.491,0.18,0.143,0.727,0.647,0.579,0.466,0.536,0.401,-0.277,-0.706,-0.355,-0.547,0.2,0.414,0.775,0.434,-0.719,0.18,0.671,0.034,0.558,0.752,0.828,0.866,1.165,0.971,0.568,0.154,0.232,0.796,0.802,0.578,0.339,0.503,0.534,0.469,0.559,0.095,0.795,0.713,0.19,0.011,0.147,0.548,0.814,0.046,0.143,0.155,0.134,0.004,0.004,0.004,0.441,0.624,0.002,0.2,0.002,0.316,0.352,0.001,0.121,0.063,0.002,0.001,0.001,-0.742,0.611,0.244,0.126,0,0.001,0,0.001,0,0.001,0.001,0.001,0,0,0,0,0,0.001,0.001,0.001,0,0,0.005,0.001,0.001,0,0,0,0,0.001,0,0.001,0,0,0.001,0,0,0.001,0,0.007,0.001,0,0,0,0,0,0,0,0.001,16.603,0.028
01:39.0,6921,0.369,0.45,-0.646,-0.494,0.177,0.146,0.726,0.648,0.585,0.463,0.536,0.395,-0.274,-0.7,-0.359,-0.553,0.199,0.414,0.774,0.435,-0.719,0.18,0.671,0.034,0.558,0.752,0.828,0.866,1.165,0.971,0.568,0.154,0.232,0.796,0.802,0.578,0.339,0.503,0.534,0.469,0.559,0.095,0.795,0.713,0.19,0.011,0.147,0.548,0.814,0.046,0.143,0.155,0.134,0.004,0.004,0.004,0.441,0.624,0.002,0.2,0.002,0.316,0.352,0.001,0.121,0.063,0.002,0.001,0.001,-0.685,0.575,0.363,0.262,0,0.001,0.001,0,0,0.001,0.001,0,0,0.001,0,0,0,0.001,0,0.001,0,0,0.006,0,0.001,0,0,0,0,0.001,0,0.001,0.001,0,0.001,0,0,0,0,0.007,0,0.001,0,0,0,0.001,0,0,0,16.603,0.027
01:39.0,6922,0.362,0.452,-0.647,-0.496,0.173,0.148,0.726,0.649,0.59,0.462,0.535,0.39,-0.272,-0.694,-0.363,-0.559,0.197,0.414,0.774,0.436,-0.719,0.18,0.671,0.034,0.558,0.752,0.828,0.866,1.165,0.971,0.568,0.154,0.232,0.796,0.802,0.578,0.339,0.503,0.534,0.469,0.559,0.095,0.795,0.713,0.19,0.011,0.147,0.548,0.814,0.046,0.143,0.155,0.134,0.004,0.004,0.004,0.441,0.624,0.002,0.2,0.002,0.316,0.352,0.001,0.121,0.063,0.002,0.001,0.001,-0.673,0.57,0.379,0.28,0,0,0,0.001,0,0,0,0,0,0,0,0,0,0,0,0,0,0,0.001,0.001,0.001,0.001,0,0.001,0.001,0,0,0,0.001,0.001,0,0,0.001,0,0.001,0.012,0,0,0,0,0.001,0,0.001,0,0,16.603,0.025
01:39.0,6923,0.356,0.453,-0.648,-0.498,0.172,0.149,0.726,0.649,0.595,0.461,0.534,0.385,-0.273,-0.688,-0.367,-0.564,0.196,0.415,0.774,0.437,-0.719,0.18,0.671,0.034,0.558,0.752,0.828,0.866,1.165,0.971,0.568,0.154,0.232,0.796,0.802,0.578,0.339,0.503,0.534,0.469,0.559,0.095,0.795,0.713,0.19,0.011,0.147,0.548,0.814,0.046,0.143,0.155,0.134,0.004,0.004,0.004,0.441,0.624,0.002,0.2,0.002,0.316,0.352,0.001,0.121,0.063,0.002,0.001,0.001,-0.655,0.565,0.398,0.305,0,0,0.001,0,0,0.001,0,0,0,0,0,0,0,0,0,0.001,0.001,0,0.002,0,0.001,0,0.001,0.001,0,0,0,0.001,0,0,0,0.001,0.001,0.001,0,0.017,0.001,0,0,0,0,0,0,0,0,16.603,0.031
01:39.0,6924,0.352,0.453,-0.649,-0.499,0.172,0.15,0.727,0.648,0.599,0.461,0.533,0.38,-0.277,-0.682,-0.37,-0.566,0.194,0.416,0.773,0.437,-0.719,0.18,0.671,0.034,0.558,0.752,0.828,0.866,1.165,0.971,0.568,0.154,0.232,0.796,0.802,0.578,0.339,0.503,0.534,0.469,0.559,0.095,0.795,0.713,0.19,0.011,0.147,0.548,0.814,0.046,0.143,0.155,0.134,0.004,0.004,0.004,0.441,0.624,0.002,0.2,0.002,0.316,0.352,0.001,0.121,0.063,0.002,0.001,0.001,-0.642,0.563,0.409,0.322,0,0,0,0,0,0,0,0,0,0.001,0,0,0,0.001,0,0.001,0,0.001,0.002,0,0,0,0.001,0.001,0.001,0,0,0,0,0,0,0,0,0.001,0,0.026,0,0,0.001,0.001,0,0,0,0,0.001,16.603,0.039
01:39.0,6925,0.35,0.452,-0.651,-0.5,0.175,0.151,0.727,0.647,0.603,0.461,0.531,0.376,-0.283,-0.677,-0.373,-0.567,0.192,0.417,0.773,0.437,-0.721,0.128,0.681,0.002,0.518,0.744,0.823,0.857,1.172,0.978,0.569,0.154,0.175,0.795,0.801,0.573,0.342,0.514,0.536,0.474,0.557,0.082,0.781,0.706,0.183,0.011,0.149,0.554,0.816,0.063,0.143,0.147,0.127,0.004,0.002,0.004,0.442,0.631,0.002,0.219,0.002,0.319,0.355,0.001,0.121,0.065,0.001,0.001,0.001,-0.621,0.563,0.421,0.347,0.001,0.001,0.001,0,0,0,0,0,0,0,0.001,0.001,0.001,0,0,0,0.001,0,0.001,0.001,0.001,0.001,0,0,0,0.001,0,0.001,0.001,0.001,0,0.001,0,0,0,0.027,0.001,0.001,0.001,0.001,0,0,0,0,0,16.514,0.047
01:39.1,6926,0.348,0.45,-0.653,-0.5,0.178,0.152,0.727,0.646,0.605,0.463,0.529,0.373,-0.292,-0.673,-0.378,-0.565,0.191,0.419,0.773,0.437,-0.721,0.12,0.683,-0.004,0.179,0.548,0.78,0.834,1.212,1.046,0.575,0.184,0.001,0.735,0.761,0.519,0.375,0.593,0.556,0.515,0.595,0.001,0.74,0.641,0.16,0.009,0.167,0.584,0.832,0.132,0.19,0.107,0.089,0.004,0.004,0.005,0.465,0.641,0.033,0.306,0.002,0.338,0.392,0.002,0.179,0.089,0.007,0.049,0.001,-0.601,0.566,0.426,0.37,0,0.001,0.001,0,0,0.001,0,0.001,0,0,0.001,0.001,0,0,0,0,0.001,0,0.001,0.001,0.001,0,0,0,0.001,0,0,0,0,0.001,0.001,0.001,0,0,0,0.026,0,0,0,0,0,0.001,0.001,0,0.001,16.177,0.043
01:39.1,6927,0.347,0.448,-0.654,-0.501,0.18,0.155,0.726,0.645,0.606,0.465,0.528,0.371,-0.302,-0.669,-0.382,-0.562,0.19,0.421,0.772,0.437,-0.72,0.11,0.685,-0.012,0.123,0.527,0.767,0.827,1.215,1.057,0.578,0.193,0.001,0.718,0.747,0.508,0.381,0.6,0.557,0.52,0.6,0.001,0.729,0.64,0.165,0.01,0.17,0.59,0.839,0.145,0.214,0.103,0.09,0.004,0.004,0.005,0.466,0.641,0.049,0.352,0.002,0.343,0.391,0.021,0.193,0.093,0.009,0.057,0.001,-0.601,0.566,0.426,0.37,0,0.001,0.001,0,0,0.001,0,0.001,0,0,0.001,0.001,0,0,0,0,0.001,0,0.001,0.001,0.001,0,0,0,0.001,0,0,0,0,0.001,0.001,0.001,0,0,0,0.026,0,0,0,0,0,0.001,0.001,0,0.001,16.246,0.043
01:39.1,6928,0.346,0.446,-0.656,-0.501,0.18,0.157,0.726,0.644,0.606,0.467,0.526,0.37,-0.315,-0.665,-0.387,-0.556,0.188,0.422,0.772,0.437,-0.72,0.102,0.687,-0.019,0.092,0.504,0.753,0.812,1.217,1.062,0.576,0.195,0.001,0.692,0.741,0.504,0.387,0.609,0.558,0.523,0.611,0.001,0.716,0.631,0.166,0.009,0.173,0.59,0.845,0.153,0.236,0.105,0.089,0.004,0.004,0.005,0.47,0.642,0.062,0.364,0.002,0.348,0.393,0.045,0.203,0.099,0.007,0.063,0.001,-0.601,0.566,0.426,0.37,0,0.001,0.001,0,0,0.001,0,0.001,0,0,0.001,0.001,0,0,0,0,0.001,0,0.001,0.001,0.001,0,0,0,0.001,0,0,0,0,0.001,0.001,0.001,0,0,0,0.026,0,0,0,0,0,0.001,0.001,0,0.001,16.263,0.043
01:39.1,6929,0.345,0.444,-0.658,-0.5,0.179,0.159,0.726,0.644,0.605,0.47,0.526,0.37,-0.329,-0.661,-0.39,-0.55,0.187,0.424,0.771,0.437,-0.718,0.092,0.689,-0.027,0.062,0.482,0.731,0.797,1.222,1.062,0.575,0.206,0.001,0.661,0.74,0.491,0.382,0.625,0.558,0.524,0.634,0.001,0.707,0.614,0.172,0.009,0.175,0.593,0.841,0.158,0.254,0.096,0.092,0.004,0.004,0.006,0.47,0.648,0.078,0.38,0.004,0.357,0.396,0.065,0.23,0.104,0.012,0.071,0.001,-0.601,0.566,0.426,0.37,0,0.001,0.001,0,0,0.001,0,0.001,0,0,0.001,0.001,0,0,0,0,0.001,0,0.001,0.001,0.001,0,0,0,0.001,0,0,0,0,0.001,0.001,0.001,0,0,0,0.026,0,0,0,0,0,0.001,0.001,0,0.001,16.295,0.043
01:39.1,6930,0.345,0.443,-0.66,-0.499,0.179,0.161,0.726,0.644,0.603,0.472,0.526,0.37,-0.344,-0.658,-0.394,-0.541,0.186,0.426,0.77,0.437,-0.717,0.086,0.691,-0.032,0.055,0.458,0.706,0.784,1.221,1.062,0.574,0.206,0,0.629,0.729,0.482,0.386,0.632,0.559,0.524,0.643,0.001,0.696,0.614,0.177,0.009,0.178,0.597,0.84,0.165,0.261,0.098,0.092,0.004,0.004,0.006,0.468,0.651,0.088,0.418,0.004,0.363,0.4,0.067,0.259,0.106,0.015,0.085,0.001,-0.601,0.566,0.426,0.37,0,0.001,0.001,0,0,0.001,0,0.001,0,0,0.001,0.001,0,0,0,0,0.001,0,0.001,0.001,0.001,0,0,0,0.001,0,0,0,0,0.001,0.001,0.001,0,0,0,0.026,0,0,0,0,0,0.001,0.001,0,0.001,16.317,0.043
01:39.1,6931,0.345,0.443,-0.661,-0.498,0.179,0.162,0.727,0.643,0.601,0.475,0.526,0.37,-0.359,-0.656,-0.397,-0.532,0.185,0.427,0.769,0.438,-0.715,0.077,0.693,-0.039,0.024,0.436,0.673,0.748,1.215,1.057,0.569,0.21,0.001,0.592,0.717,0.481,0.388,0.639,0.558,0.524,0.636,0.001,0.685,0.618,0.177,0.009,0.186,0.596,0.839,0.178,0.271,0.092,0.096,0.004,0.004,0.006,0.469,0.652,0.117,0.44,0.004,0.372,0.405,0.114,0.316,0.114,0.021,0.095,0.001,-0.601,0.566,0.426,0.37,0,0.001,0.001,0,0,0.001,0,0.001,0,0,0.001,0.001,0,0,0,0,0.001,0,0.001,0.001,0.001,0,0,0,0.001,0,0,0,0,0.001,0.001,0.001,0,0,0,0.026,0,0,0,0,0,0.001,0.001,0,0.001,16.35,0.043
01:39.1,6932,0.346,0.442,-0.662,-0.496,0.18,0.163,0.727,0.643,0.599,0.478,0.527,0.369,-0.374,-0.655,-0.399,-0.521,0.184,0.428,0.768,0.439,-0.714,0.072,0.695,-0.044,0.012,0.408,0.642,0.726,1.211,1.06,0.565,0.211,0.001,0.573,0.701,0.473,0.389,0.639,0.56,0.525,0.645,0.001,0.663,0.618,0.175,0.009,0.187,0.593,0.841,0.19,0.303,0.09,0.098,0.004,0.004,0.006,0.468,0.656,0.148,0.455,0.004,0.382,0.409,0.144,0.4,0.12,0.023,0.112,0.001,-0.601,0.566,0.426,0.37,0,0.001,0.001,0,0,0.001,0,0.001,0,0,0.001,0.001,0,0,0,0,0.001,0,0.001,0.001,0.001,0,0,0,0.001,0,0,0,0,0.001,0.001,0.001,0,0,0,0.026,0,0,0,0,0,0.001,0.001,0,0.001,16.445,0.043
01:39.1,6933,0.346,0.442,-0.664,-0.494,0.18,0.163,0.727,0.642,0.596,0.48,0.528,0.368,-0.388,-0.653,-0.401,-0.511,0.184,0.428,0.767,0.441,-0.712,0.066,0.697,-0.048,0.001,0.377,0.608,0.712,1.211,1.061,0.562,0.211,0.001,0.548,0.68,0.465,0.389,0.643,0.559,0.526,0.648,0.001,0.642,0.623,0.164,0.009,0.187,0.591,0.842,0.206,0.315,0.079,0.093,0.004,0.004,0.006,0.468,0.658,0.17,0.473,0.005,0.393,0.413,0.153,0.463,0.127,0.024,0.125,0.001,-0.476,0.56,0.493,0.466,0,0,0,0,0,0,0,0,0,0,0.001,0.001,0,0,0.001,0,0,0,0.001,0,0.001,0,0,0.001,0,0,0,0,0,0,0,0,0,0.001,0.001,0.027,0,0.001,0,0,0,0.001,0.001,0,0,16.441,0.038
01:39.1,6934,0.347,0.442,-0.664,-0.492,0.181,0.163,0.727,0.642,0.594,0.482,0.529,0.367,-0.402,-0.652,-0.402,-0.502,0.183,0.428,0.766,0.443,-0.71,0.063,0.699,-0.049,0.001,0.33,0.591,0.675,1.212,1.062,0.56,0.214,0.001,0.521,0.653,0.449,0.388,0.65,0.559,0.526,0.657,0.001,0.609,0.596,0.162,0.009,0.189,0.591,0.845,0.231,0.316,0.055,0.083,0.004,0.004,0.007,0.468,0.659,0.184,0.479,0.005,0.397,0.42,0.17,0.523,0.133,0.028,0.139,0.001,-0.476,0.56,0.493,0.466,0,0,0,0,0,0,0,0,0,0,0.001,0.001,0,0,0.001,0,0,0,0.001,0,0.001,0,0,0.001,0,0,0,0,0,0,0,0,0,0.001,0.001,0.027,0,0.001,0,0,0,0.001,0.001,0,0,16.357,0.038
01:39.1,6935,0.348,0.443,-0.665,-0.49,0.183,0.162,0.728,0.641,0.593,0.484,0.53,0.364,-0.414,-0.65,-0.404,-0.494,0.182,0.428,0.765,0.445,-0.709,0.062,0.701,-0.049,0.001,0.27,0.57,0.629,1.221,1.067,0.558,0.215,0.001,0.459,0.617,0.426,0.365,0.653,0.56,0.526,0.662,0.001,0.573,0.571,0.142,0.007,0.195,0.591,0.846,0.255,0.337,0.046,0.066,0.004,0.004,0.007,0.47,0.661,0.201,0.51,0.005,0.405,0.425,0.195,0.553,0.137,0.031,0.153,0.001,-0.476,0.56,0.493,0.466,0,0,0,0,0,0,0,0,0,0,0.001,0.001,0,0,0.001,0,0,0,0.001,0,0.001,0,0,0.001,0,0,0,0,0,0,0,0,0,0.001,0.001,0.027,0,0.001,0,0,0,0.001,0.001,0,0,16.192,0.038
01:39.2,6936,0.349,0.443,-0.665,-0.489,0.186,0.161,0.728,0.64,0.592,0.486,0.532,0.361,-0.426,-0.647,-0.404,-0.486,0.181,0.428,0.764,0.447,-0.707,0.058,0.703,-0.051,0.001,0.214,0.541,0.564,1.223,1.068,0.558,0.217,0.001,0.409,0.595,0.411,0.347,0.659,0.56,0.531,0.668,0.001,0.526,0.537,0.116,0.007,0.192,0.596,0.845,0.28,0.337,0.039,0.054,0.002,0.004,0.007,0.47,0.661,0.216,0.51,0.005,0.405,0.431,0.199,0.604,0.139,0.032,0.158,0.004,-0.476,0.56,0.493,0.466,0,0,0,0,0,0,0,0,0,0,0.001,0.001,0,0,0.001,0,0,0,0.001,0,0.001,0,0,0.001,0,0,0,0,0,0,0,0,0,0.001,0.001,0.027,0,0.001,0,0,0,0.001,0.001,0,0,15.944,0.038
01:39.2,6937,0.349,0.443,-0.666,-0.489,0.189,0.161,0.728,0.639,0.591,0.488,0.533,0.358,-0.437,-0.643,-0.405,-0.481,0.18,0.428,0.764,0.448,-0.707,0.058,0.703,-0.051,0.001,0.214,0.541,0.564,1.223,1.068,0.558,0.217,0.001,0.409,0.595,0.411,0.347,0.659,0.56,0.531,0.668,0.001,0.526,0.537,0.116,0.007,0.192,0.596,0.845,0.28,0.337,0.039,0.054,0.002,0.004,0.007,0.47,0.661,0.216,0.51,0.005,0.405,0.431,0.199,0.604,0.139,0.032,0.158,0.004,-0.476,0.56,0.493,0.466,0,0,0,0,0,0,0,0,0,0,0.001,0.001,0,0,0.001,0,0,0,0.001,0,0.001,0,0,0.001,0,0,0,0,0,0,0,0,0,0.001,0.001,0.027,0,0.001,0,0,0,0.001,0.001,0,0,15.944,0.038
01:39.2,6938,0.348,0.443,-0.666,-0.489,0.193,0.16,0.728,0.638,0.591,0.49,0.534,0.354,-0.447,-0.639,-0.407,-0.476,0.18,0.428,0.763,0.45,-0.703,0.051,0.707,-0.055,0.001,0.081,0.451,0.448,1.209,1.077,0.564,0.226,0.001,0.322,0.532,0.341,0.31,0.668,0.567,0.535,0.69,0.001,0.415,0.486,0.057,0.006,0.183,0.6,0.846,0.3,0.368,0.002,0.028,0.002,0.004,0.007,0.465,0.661,0.25,0.542,0.005,0.407,0.436,0.21,0.654,0.142,0.032,0.149,0.01,-0.476,0.56,0.493,0.466,0,0,0,0,0,0,0,0,0,0,0.001,0.001,0,0,0.001,0,0,0,0.001,0,0.001,0,0,0.001,0,0,0,0,0,0,0,0,0,0.001,0.001,0.027,0,0.001,0,0,0,0.001,0.001,0,0,15.291,0.038
01:39.2,6939,0.347,0.443,-0.666,-0.49,0.197,0.159,0.727,0.638,0.591,0.492,0.534,0.351,-0.456,-0.633,-0.409,-0.473,0.18,0.428,0.762,0.451,-0.701,0.048,0.709,-0.057,0.001,0.033,0.404,0.374,1.186,1.079,0.567,0.23,0.001,0.264,0.477,0.274,0.286,0.672,0.571,0.538,0.692,0.001,0.333,0.462,0.027,0.006,0.172,0.602,0.846,0.305,0.389,0.002,0.015,0.002,0.004,0.007,0.464,0.659,0.263,0.562,0.006,0.407,0.436,0.225,0.669,0.14,0.035,0.145,0.018,-0.476,0.56,0.493,0.466,0,0,0,0,0,0,0,0,0,0,0.001,0.001,0,0,0.001,0,0,0,0.001,0,0.001,0,0,0.001,0,0,0,0,0,0,0,0,0,0.001,0.001,0.027,0,0.001,0,0,0,0.001,0.001,0,0,14.851,0.038
01:39.2,6940,0.345,0.443,-0.666,-0.492,0.2,0.159,0.727,0.637,0.591,0.495,0.533,0.348,-0.465,-0.627,-0.411,-0.47,0.18,0.428,0.761,0.453,-0.701,0.048,0.709,-0.057,0.001,0.033,0.404,0.374,1.186,1.079,0.567,0.23,0.001,0.264,0.477,0.274,0.286,0.672,0.571,0.538,0.692,0.001,0.333,0.462,0.027,0.006,0.172,0.602,0.846,0.305,0.389,0.002,0.015,0.002,0.004,0.007,0.464,0.659,0.263,0.562,0.006,0.407,0.436,0.225,0.669,0.14,0.035,0.145,0.018,-0.486,0.446,0.627,0.414,0,0,0,0,0.001,0.001,0.001,0,0,0,0,0.001,0.001,0,0.001,0,0.001,0,0.002,0,0.001,0.001,0,0.001,0,0,0.001,0.001,0,0,0.001,0,0.001,0,0,0.037,0,0.001,0.001,0,0.001,0,0,0,0,14.851,0.056
01:39.2,6941,0.343,0.442,-0.666,-0.493,0.203,0.158,0.727,0.636,0.591,0.498,0.532,0.346,-0.474,-0.621,-0.414,-0.468,0.181,0.427,0.761,0.454,-0.701,0.048,0.709,-0.057,0.001,0.033,0.404,0.374,1.186,1.079,0.567,0.23,0.001,0.264,0.477,0.274,0.286,0.672,0.571,0.538,0.692,0.001,0.333,0.462,0.027,0.006,0.172,0.602,0.846,0.305,0.389,0.002,0.015,0.002,0.004,0.007,0.464,0.659,0.263,0.562,0.006,0.407,0.436,0.225,0.669,0.14,0.035,0.145,0.018,-0.489,0.43,0.639,0.408,0,0,0,0.001,0,0.001,0.001,0,0,0.001,0.001,0.001,0,0,0,0,0.001,0,0.001,0.001,0.001,0,0,0.001,0.001,0,0,0,0.001,0,0.001,0.001,0,0.001,0.001,0.037,0,0,0.001,0,0.001,0,0,0.001,0,14.851,0.057
01:39.2,6942,0.341,0.44,-0.667,-0.495,0.206,0.157,0.727,0.635,0.59,0.502,0.53,0.344,-0.483,-0.614,-0.417,-0.465,0.183,0.427,0.76,0.454,-0.701,0.048,0.709,-0.057,0.001,0.033,0.404,0.374,1.186,1.079,0.567,0.23,0.001,0.264,0.477,0.274,0.286,0.672,0.571,0.538,0.692,0.001,0.333,0.462,0.027,0.006,0.172,0.602,0.846,0.305,0.389,0.002,0.015,0.002,0.004,0.007,0.464,0.659,0.263,0.562,0.006,0.407,0.436,0.225,0.669,0.14,0.035,0.145,0.018,-0.492,0.41,0.655,0.401,0,0,0.001,0.001,0,0,0,0,0,0,0,0,0,0,0,0.001,0,0,0.001,0,0.001,0,0,0,0.001,0.001,0,0,0,0,0,0.001,0,0,0.001,0.035,0.001,0,0,0,0,0.001,0,0,0,14.851,0.046
01:39.2,6943,0.339,0.438,-0.667,-0.497,0.208,0.157,0.728,0.634,0.59,0.506,0.528,0.343,-0.492,-0.607,-0.421,-0.461,0.185,0.428,0.759,0.454,-0.701,0.048,0.709,-0.057,0.001,0.033,0.404,0.374,1.186,1.079,0.567,0.23,0.001,0.264,0.477,0.274,0.286,0.672,0.571,0.538,0.692,0.001,0.333,0.462,0.027,0.006,0.172,0.602,0.846,0.305,0.389,0.002,0.015,0.002,0.004,0.007,0.464,0.659,0.263,0.562,0.006,0.407,0.436,0.225,0.669,0.14,0.035,0.145,0.018,-0.495,0.397,0.664,0.395,0,0.001,0,0,0,0,0.001,0.001,0,0.001,0.001,0,0.001,0,0,0,0.001,0.001,0,0.001,0.001,0.001,0,0,0,0,0.001,0,0.001,0,0.001,0,0,0.001,0.001,0.039,0.001,0,0,0,0,0.001,0,0.001,0,14.851,0.058
01:39.2,6944,0.337,0.436,-0.668,-0.499,0.21,0.156,0.728,0.633,0.589,0.51,0.525,0.341,-0.502,-0.6,-0.424,-0.456,0.187,0.428,0.759,0.454,-0.701,0.048,0.709,-0.057,0.001,0.033,0.404,0.374,1.186,1.079,0.567,0.23,0.001,0.264,0.477,0.274,0.286,0.672,0.571,0.538,0.692,0.001,0.333,0.462,0.027,0.006,0.172,0.602,0.846,0.305,0.389,0.002,0.015,0.002,0.004,0.007,0.464,0.659,0.263,0.562,0.006,0.407,0.436,0.225,0.669,0.14,0.035,0.145,0.018,-0.498,0.377,0.679,0.386,0,0,0,0,0,0,0,0,0,0.001,0,0.001,0.001,0,0,0,0.001,0.001,0.001,0.001,0,0.001,0.001,0.001,0.001,0.001,0.001,0,0.001,0,0,0,0.001,0.001,0,0.038,0,0,0,0,0,0,0,0.001,0,14.851,0.055
01:39.2,6945,0.336,0.434,-0.67,-0.5,0.212,0.155,0.729,0.632,0.589,0.514,0.522,0.341,-0.512,-0.593,-0.427,-0.451,0.189,0.429,0.758,0.454,-0.701,0.048,0.709,-0.057,0.001,0.033,0.404,0.374,1.186,1.079,0.567,0.23,0.001,0.264,0.477,0.274,0.286,0.672,0.571,0.538,0.692,0.001,0.333,0.462,0.027,0.006,0.172,0.602,0.846,0.305,0.389,0.002,0.015,0.002,0.004,0.007,0.464,0.659,0.263,0.562,0.006,0.407,0.436,0.225,0.669,0.14,0.035,0.145,0.018,-0.5,0.362,0.69,0.379,0,0.001,0,0.001,0,0,0.001,0.001,0.001,0,0,0.001,0.001,0.001,0,0,0.001,0,0.001,0,0,0,0,0,0,0.001,0,0,0,0.001,0,0.001,0.001,0,0,0.034,0,0.001,0,0,0,0.001,0,0,0,14.851,0.05
01:39.3,6946,0.336,0.431,-0.671,-0.501,0.215,0.153,0.73,0.63,0.589,0.518,0.519,0.34,-0.522,-0.586,-0.43,-0.446,0.191,0.43,0.757,0.454,-0.678,-0.019,0.726,-0.116,0.001,0.031,0.387,0.338,1.171,1.082,0.569,0.233,0.001,0.249,0.459,0.261,0.278,0.673,0.571,0.535,0.708,0.001,0.299,0.446,0.017,0.005,0.165,0.604,0.849,0.302,0.391,0.002,0.006,0.001,0.004,0.007,0.464,0.658,0.266,0.565,0.006,0.407,0.437,0.223,0.674,0.142,0.034,0.145,0.022,-0.503,0.343,0.702,0.37,0,0.001,0.001,0,0.001,0.001,0,0,0.001,0.001,0.001,0.001,0.001,0.001,0.001,0,0,0.001,0.001,0,0.001,0,0,0,0,0.001,0,0,0,0.001,0,0,0.001,0.001,0,0.037,0,0,0,0.001,0,0,0.001,0.001,0.001,14.689,0.059
01:39.3,6947,0.337,0.428,-0.673,-0.501,0.218,0.152,0.731,0.629,0.589,0.522,0.515,0.34,-0.531,-0.579,-0.434,-0.441,0.193,0.431,0.755,0.454,-0.673,-0.031,0.728,-0.127,0.001,0.001,0.001,0.001,0.652,0.996,0.562,0.239,0.001,0.001,0.137,0.01,0.056,0.574,0.578,0.545,0.676,0.001,0.009,0.02,0.001,0.001,0.114,0.609,0.84,0.369,0.422,0.001,0.001,0.001,0.001,0.007,0.454,0.653,0.327,0.586,0.005,0.425,0.471,0.302,0.733,0.161,0.045,0.168,0.204,-0.505,0.328,0.712,0.362,0,0,0,0.001,0.001,0.001,0.001,0,0.001,0,0,0.001,0,0.001,0,0,0,0,0.004,0.001,0,0.001,0.001,0,0.001,0,0,0.001,0,0,0,0.001,0,0.001,0.001,0.042,0,0,0,0,0,0,0,0,0.001,11.962,0.062
01:39.3,6948,0.338,0.426,-0.674,-0.5,0.22,0.15,0.732,0.628,0.589,0.526,0.512,0.34,-0.541,-0.572,-0.436,-0.436,0.195,0.432,0.754,0.454,-0.663,-0.052,0.732,-0.147,0,0.001,0.001,0.001,0.579,0.955,0.554,0.237,0.001,0.001,0.1,0.002,0.04,0.532,0.573,0.542,0.667,0.001,0.004,0.012,0.001,0.001,0.111,0.607,0.838,0.369,0.414,0.001,0.001,0.001,0.001,0.006,0.454,0.657,0.336,0.597,0.005,0.43,0.479,0.328,0.747,0.171,0.046,0.171,0.222,-0.508,0.312,0.72,0.355,0,0.001,0.001,0,0.001,0,0,0,0,0,0,0,0.001,0.001,0,0.001,0,0,0.004,0.001,0.001,0.001,0,0.001,0,0,0.001,0.001,0,0,0.001,0.001,0,0,0.001,0.039,0,0,0,0,0,0,0,0,0.001,11.797,0.059
01:39.3,6949,0.341,0.423,-0.675,-0.499,0.222,0.147,0.732,0.626,0.589,0.529,0.509,0.339,-0.551,-0.565,-0.439,-0.43,0.197,0.434,0.753,0.454,-0.658,-0.063,0.734,-0.155,0.001,0.001,0.001,0,0.551,0.911,0.548,0.23,0.001,0.001,0.068,0.001,0.034,0.493,0.57,0.541,0.652,0.001,0.001,0.005,0.001,0.001,0.112,0.606,0.836,0.363,0.409,0.001,0.001,0.001,0.001,0.006,0.454,0.657,0.346,0.592,0.005,0.436,0.485,0.343,0.755,0.176,0.05,0.182,0.254,-0.511,0.293,0.73,0.346,0,0.001,0.001,0.001,0.001,0.001,0,0.001,0,0.001,0,0.001,0,0.001,0,0.001,0,0,0.004,0.001,0,0,0,0,0,0.001,0,0.001,0,0,0.001,0,0.001,0.001,0,0.042,0.001,0.001,0,0,0,0,0.001,0.001,0,11.684,0.066
01:39.3,6950,0.343,0.421,-0.676,-0.498,0.225,0.144,0.734,0.625,0.589,0.532,0.505,0.339,-0.56,-0.557,-0.442,-0.424,0.199,0.435,0.751,0.454,-0.654,-0.072,0.735,-0.162,0.001,0.001,0.001,0.001,0.482,0.88,0.54,0.225,0.001,0.001,0.053,0.001,0.028,0.457,0.567,0.537,0.63,0.001,0.001,0.004,0.001,0.001,0.104,0.601,0.832,0.359,0.421,0.001,0.001,0.001,0.001,0.005,0.452,0.657,0.352,0.578,0.004,0.443,0.497,0.372,0.768,0.186,0.055,0.198,0.277,-0.514,0.282,0.735,0.34,0.001,0,0.001,0,0.001,0.001,0.001,0,0,0.001,0.001,0,0.001,0,0.001,0.001,0,0,0.005,0,0.001,0,0.001,0,0,0.001,0,0.001,0,0,0.001,0.001,0.001,0.001,0.001,0.042,0.001,0.001,0,0,0,0.001,0,0,0.001,11.579,0.07
01:39.3,6951,0.344,0.419,-0.677,-0.497,0.227,0.141,0.734,0.624,0.59,0.534,0.502,0.338,-0.57,-0.551,-0.444,-0.418,0.201,0.437,0.75,0.454,-0.65,-0.08,0.737,-0.169,0.001,0.001,0.001,0.001,0.431,0.83,0.53,0.22,0.001,0.001,0.04,0,0.021,0.421,0.562,0.535,0.609,0.001,0.001,0.001,0.001,0.001,0.094,0.598,0.83,0.35,0.399,0.001,0.001,0.001,0.001,0.004,0.455,0.658,0.354,0.576,0.004,0.449,0.504,0.402,0.774,0.194,0.057,0.21,0.298,-0.514,0.282,0.735,0.34,0.001,0,0.001,0,0.001,0.001,0.001,0,0,0.001,0.001,0,0.001,0,0.001,0.001,0,0,0.005,0,0.001,0,0.001,0,0,0.001,0,0.001,0,0,0.001,0.001,0.001,0.001,0.001,0.042,0.001,0.001,0,0,0,0.001,0,0,0.001,11.424,0.07
01:39.3,6952,0.346,0.418,-0.677,-0.497,0.23,0.137,0.735,0.622,0.591,0.537,0.498,0.338,-0.579,-0.544,-0.447,-0.411,0.203,0.438,0.748,0.455,-0.644,-0.09,0.738,-0.177,0.001,0.001,0.001,0.001,0.389,0.75,0.519,0.215,0.001,0.001,0.017,0.001,0.02,0.391,0.557,0.529,0.6,0.001,0.001,0.001,0.001,0.001,0.094,0.596,0.827,0.349,0.397,0.001,0.001,0.001,0.001,0.004,0.455,0.657,0.353,0.58,0.004,0.458,0.515,0.415,0.774,0.204,0.061,0.239,0.319,-0.514,0.282,0.735,0.34,0.001,0,0.001,0,0.001,0.001,0.001,0,0,0.001,0.001,0,0.001,0,0.001,0.001,0,0,0.005,0,0.001,0,0.001,0,0,0.001,0,0.001,0,0,0.001,0.001,0.001,0.001,0.001,0.042,0.001,0.001,0,0,0,0.001,0,0,0.001,11.304,0.07
01:39.3,6953,0.346,0.416,-0.678,-0.497,0.232,0.133,0.736,0.621,0.593,0.539,0.494,0.338,-0.587,-0.537,-0.45,-0.405,0.204,0.44,0.747,0.455,-0.641,-0.096,0.739,-0.182,0.001,0.001,0.001,0.001,0.344,0.648,0.505,0.201,0.001,0.001,0.006,0.001,0.013,0.355,0.551,0.526,0.578,0.001,0.001,0.001,0.001,0.001,0.089,0.595,0.822,0.338,0.388,0.001,0.001,0.001,0.001,0.002,0.458,0.659,0.352,0.581,0.002,0.465,0.529,0.433,0.784,0.214,0.063,0.264,0.343,-0.514,0.282,0.735,0.34,0.001,0,0.001,0,0.001,0.001,0.001,0,0,0.001,0.001,0,0.001,0,0.001,0.001,0,0,0.005,0,0.001,0,0.001,0,0,0.001,0,0.001,0,0,0.001,0.001,0.001,0.001,0.001,0.042,0.001,0.001,0,0,0,0.001,0,0,0.001,11.124,0.07
01:39.3,6954,0.347,0.415,-0.678,-0.498,0.234,0.129,0.737,0.621,0.594,0.541,0.489,0.338,-0.595,-0.531,-0.453,-0.398,0.206,0.441,0.745,0.456,-0.638,-0.102,0.74,-0.187,0.001,0.001,0.001,0.001,0.291,0.584,0.491,0.193,0.001,0.001,0.005,0.001,0.015,0.317,0.546,0.521,0.571,0.001,0.001,0.001,0.001,0.001,0.089,0.592,0.823,0.332,0.387,0.001,0.001,0.001,0.001,0.002,0.46,0.661,0.348,0.574,0.002,0.474,0.541,0.449,0.783,0.222,0.068,0.269,0.366,-0.514,0.282,0.735,0.34,0.001,0,0.001,0,0.001,0.001,0.001,0,0,0.001,0.001,0,0.001,0,0.001,0.001,0,0,0.005,0,0.001,0,0.001,0,0,0.001,0,0.001,0,0,0.001,0.001,0.001,0.001,0.001,0.042,0.001,0.001,0,0,0,0.001,0,0,0.001,10.992,0.07
01:39.3,6955,0.348,0.413,-0.678,-0.498,0.236,0.124,0.738,0.62,0.596,0.543,0.484,0.339,-0.603,-0.525,-0.456,-0.391,0.207,0.442,0.744,0.456,-0.634,-0.11,0.74,-0.194,0.001,0.001,0.001,0.001,0.243,0.509,0.475,0.19,0.001,0.001,0.001,0.001,0.011,0.276,0.536,0.515,0.547,0.001,0.001,0.001,0.001,0.001,0.084,0.587,0.819,0.328,0.387,0.001,0.001,0.001,0.001,0.002,0.464,0.659,0.361,0.569,0.002,0.485,0.551,0.463,0.789,0.236,0.073,0.278,0.381,-0.514,0.282,0.735,0.34,0.001,0,0.001,0,0.001,0.001,0.001,0,0,0.001,0.001,0,0.001,0,0.001,0.001,0,0,0.005,0,0.001,0,0.001,0,0,0.001,0,0.001,0,0,0.001,0.001,0.001,0.001,0.001,0.042,0.001,0.001,0,0,0,0.001,0,0,0.001,10.837,0.07
01:39.4,6956,0.348,0.412,-0.678,-0.499,0.238,0.119,0.739,0.619,0.598,0.545,0.479,0.339,-0.61,-0.519,-0.459,-0.383,0.209,0.443,0.742,0.457,-0.631,-0.117,0.74,-0.2,0.001,0.001,0.001,0.001,0.228,0.442,0.457,0.182,0.001,0.001,0.001,0.001,0.009,0.247,0.531,0.51,0.534,0.001,0.001,0.001,0.001,0.001,0.074,0.581,0.814,0.324,0.379,0.001,0.001,0.001,0.001,0.002,0.466,0.658,0.363,0.565,0.002,0.493,0.564,0.482,0.8,0.253,0.074,0.292,0.392,-0.514,0.282,0.735,0.34,0.001,0,0.001,0,0.001,0.001,0.001,0,0,0.001,0.001,0,0.001,0,0.001,0.001,0,0,0.005,0,0.001,0,0.001,0,0,0.001,0,0.001,0,0,0.001,0.001,0.001,0.001,0.001,0.042,0.001,0.001,0,0,0,0.001,0,0,0.001,10.735,0.07
01:39.4,6957,0.348,0.411,-0.678,-0.499,0.24,0.113,0.74,0.618,0.6,0.547,0.475,0.34,-0.618,-0.514,-0.461,-0.376,0.21,0.444,0.74,0.458,-0.631,-0.117,0.74,-0.2,0.001,0.001,0.001,0.001,0.228,0.442,0.457,0.182,0.001,0.001,0.001,0.001,0.009,0.247,0.531,0.51,0.534,0.001,0.001,0.001,0.001,0.001,0.074,0.581,0.814,0.324,0.379,0.001,0.001,0.001,0.001,0.002,0.466,0.658,0.363,0.565,0.002,0.493,0.564,0.482,0.8,0.253,0.074,0.292,0.392,-0.526,0.211,0.773,0.284,0,0,0,0.001,0,0,0.001,0,0.001,0,0.001,0,0.001,0.001,0.001,0,0,0.001,0.004,0,0.001,0,0.001,0.001,0.001,0.001,0.001,0,0.001,0,0.001,0.001,0,0.001,0.001,0.045,0,0,0.001,0,0,0,0.001,0.001,0.001,10.735,0.072
01:39.4,6958,0.348,0.41,-0.678,-0.5,0.244,0.106,0.741,0.617,0.601,0.548,0.471,0.341,-0.624,-0.51,-0.462,-0.37,0.211,0.445,0.739,0.459,-0.631,-0.117,0.74,-0.2,0.001,0.001,0.001,0.001,0.228,0.442,0.457,0.182,0.001,0.001,0.001,0.001,0.009,0.247,0.531,0.51,0.534,0.001,0.001,0.001,0.001,0.001,0.074,0.581,0.814,0.324,0.379,0.001,0.001,0.001,0.001,0.002,0.466,0.658,0.363,0.565,0.002,0.493,0.564,0.482,0.8,0.253,0.074,0.292,0.392,-0.526,0.211,0.773,0.284,0,0,0,0.001,0,0,0.001,0,0.001,0,0.001,0,0.001,0.001,0.001,0,0,0.001,0.004,0,0.001,0,0.001,0.001,0.001,0.001,0.001,0,0.001,0,0.001,0.001,0,0.001,0.001,0.045,0,0,0.001,0,0,0,0.001,0.001,0.001,10.735,0.072
01:39.4,6959,0.347,0.41,-0.679,-0.501,0.247,0.1,0.742,0.615,0.602,0.549,0.468,0.342,-0.63,-0.506,-0.463,-0.364,0.213,0.446,0.737,0.46,-0.631,-0.117,0.74,-0.2,0.001,0.001,0.001,0.001,0.228,0.442,0.457,0.182,0.001,0.001,0.001,0.001,0.009,0.247,0.531,0.51,0.534,0.001,0.001,0.001,0.001,0.001,0.074,0.581,0.814,0.324,0.379,0.001,0.001,0.001,0.001,0.002,0.466,0.658,0.363,0.565,0.002,0.493,0.564,0.482,0.8,0.253,0.074,0.292,0.392,-0.526,0.211,0.773,0.284,0,0,0,0.001,0,0,0.001,0,0.001,0,0.001,0,0.001,0.001,0.001,0,0,0.001,0.004,0,0.001,0,0.001,0.001,0.001,0.001,0.001,0,0.001,0,0.001,0.001,0,0.001,0.001,0.045,0,0,0.001,0,0,0,0.001,0.001,0.001,10.735,0.072
01:39.4,6960,0.346,0.409,-0.68,-0.5,0.25,0.094,0.743,0.614,0.603,0.55,0.466,0.342,-0.634,-0.503,-0.465,-0.359,0.214,0.448,0.736,0.461,-0.631,-0.117,0.74,-0.2,0.001,0.001,0.001,0.001,0.228,0.442,0.457,0.182,0.001,0.001,0.001,0.001,0.009,0.247,0.531,0.51,0.534,0.001,0.001,0.001,0.001,0.001,0.074,0.581,0.814,0.324,0.379,0.001,0.001,0.001,0.001,0.002,0.466,0.658,0.363,0.565,0.002,0.493,0.564,0.482,0.8,0.253,0.074,0.292,0.392,-0.526,0.211,0.773,0.284,0,0,0,0.001,0,0,0.001,0,0.001,0,0.001,0,0.001,0.001,0.001,0,0,0.001,0.004,0,0.001,0,0.001,0.001,0.001,0.001,0.001,0,0.001,0,0.001,0.001,0,0.001,0.001,0.045,0,0,0.001,0,0,0,0.001,0.001,0.001,10.735,0.072
01:39.4,6961,0.346,0.41,-0.681,-0.5,0.253,0.088,0.744,0.612,0.604,0.55,0.465,0.342,-0.638,-0.5,-0.466,-0.355,0.216,0.449,0.734,0.462,-0.631,-0.117,0.74,-0.2,0.001,0.001,0.001,0.001,0.228,0.442,0.457,0.182,0.001,0.001,0.001,0.001,0.009,0.247,0.531,0.51,0.534,0.001,0.001,0.001,0.001,0.001,0.074,0.581,0.814,0.324,0.379,0.001,0.001,0.001,0.001,0.002,0.466,0.658,0.363,0.565,0.002,0.493,0.564,0.482,0.8,0.253,0.074,0.292,0.392,-0.526,0.211,0.773,0.284,0,0,0,0.001,0,0,0.001,0,0.001,0,0.001,0,0.001,0.001,0.001,0,0,0.001,0.004,0,0.001,0,0.001,0.001,0.001,0.001,0.001,0,0.001,0,0.001,0.001,0,0.001,0.001,0.045,0,0,0.001,0,0,0,0.001,0.001,0.001,10.735,0.072
01:39.4,6962,0.345,0.41,-0.681,-0.499,0.255,0.082,0.745,0.611,0.604,0.55,0.465,0.341,-0.64,-0.498,-0.467,-0.352,0.218,0.449,0.733,0.462,-0.631,-0.117,0.74,-0.2,0.001,0.001,0.001,0.001,0.228,0.442,0.457,0.182,0.001,0.001,0.001,0.001,0.009,0.247,0.531,0.51,0.534,0.001,0.001,0.001,0.001,0.001,0.074,0.581,0.814,0.324,0.379,0.001,0.001,0.001,0.001,0.002,0.466,0.658,0.363,0.565,0.002,0.493,0.564,0.482,0.8,0.253,0.074,0.292,0.392,-0.526,0.211,0.773,0.284,0,0,0,0.001,0,0,0.001,0,0.001,0,0.001,0,0.001,0.001,0.001,0,0,0.001,0.004,0,0.001,0,0.001,0.001,0.001,0.001,0.001,0,0.001,0,0.001,0.001,0,0.001,0.001,0.045,0,0,0.001,0,0,0,0.001,0.001,0.001,10.735,0.072
01:39.4,6963,0.344,0.411,-0.681,-0.498,0.257,0.077,0.746,0.609,0.604,0.55,0.466,0.339,-0.64,-0.498,-0.468,-0.351,0.219,0.45,0.732,0.463,-0.609,-0.174,0.734,-0.245,0.001,0.001,0.001,0.001,0.227,0.43,0.453,0.182,0.001,0.001,0.001,0.001,0.005,0.241,0.526,0.509,0.535,0.001,0.001,0.001,0.001,0.001,0.07,0.581,0.813,0.319,0.369,0.001,0.001,0.001,0.001,0.002,0.468,0.659,0.363,0.562,0.001,0.496,0.568,0.488,0.801,0.255,0.077,0.294,0.394,-0.526,0.211,0.773,0.284,0,0,0,0.001,0,0,0.001,0,0.001,0,0.001,0,0.001,0.001,0.001,0,0,0.001,0.004,0,0.001,0,0.001,0.001,0.001,0.001,0.001,0,0.001,0,0.001,0.001,0,0.001,0.001,0.045,0,0,0.001,0,0,0,0.001,0.001,0.001,10.705,0.072
01:39.4,6964,0.343,0.412,-0.681,-0.499,0.26,0.071,0.747,0.608,0.605,0.551,0.468,0.335,-0.639,-0.498,-0.469,-0.351,0.221,0.45,0.731,0.463,-0.606,-0.181,0.733,-0.249,0.001,0.001,0.001,0.001,0.194,0.35,0.348,0.172,0.001,0,0.001,0.001,0.001,0.223,0.471,0.466,0.498,0.001,0.001,0.001,0.001,0.001,0.109,0.574,0.79,0.306,0.355,0.001,0.001,0.001,0.001,0.001,0.491,0.652,0.355,0.513,0.002,0.554,0.62,0.59,0.807,0.332,0.096,0.333,0.532,-0.532,0.146,0.807,0.21,0,0.001,0,0,0,0,0,0,0,0.001,0.001,0.001,0,0.001,0,0,0.001,0,0.004,0.001,0,0,0.001,0,0.001,0.001,0,0,0,0,0.001,0.001,0,0,0.001,0.042,0,0,0,0.001,0.001,0.001,0,0.001,0,10.751,0.063
01:39.4,6965,0.342,0.412,-0.681,-0.499,0.264,0.066,0.747,0.607,0.605,0.551,0.47,0.331,-0.636,-0.498,-0.472,-0.353,0.222,0.451,0.73,0.463,-0.603,-0.189,0.732,-0.255,0.001,0.001,0.001,0.001,0.19,0.365,0.346,0.173,0.001,0.001,0.001,0.001,0.001,0.245,0.464,0.466,0.504,0.001,0.001,0.001,0.001,0.001,0.106,0.571,0.789,0.306,0.354,0.001,0.001,0.001,0.001,0.002,0.493,0.65,0.354,0.512,0.002,0.557,0.623,0.589,0.812,0.339,0.096,0.327,0.543,-0.532,0.146,0.807,0.21,0,0.001,0,0,0,0,0,0,0,0.001,0.001,0.001,0,0.001,0,0,0.001,0,0.004,0.001,0,0,0.001,0,0.001,0.001,0,0,0,0,0.001,0.001,0,0,0.001,0.042,0,0,0,0.001,0.001,0.001,0,0.001,0,10.796,0.063
01:39.5,6966,0.341,0.412,-0.68,-0.501,0.267,0.061,0.747,0.605,0.605,0.551,0.473,0.326,-0.633,-0.498,-0.475,-0.355,0.223,0.452,0.73,0.462,-0.603,-0.189,0.732,-0.255,0.001,0.001,0.001,0.001,0.19,0.365,0.346,0.173,0.001,0.001,0.001,0.001,0.001,0.245,0.464,0.466,0.504,0.001,0.001,0.001,0.001,0.001,0.106,0.571,0.789,0.306,0.354,0.001,0.001,0.001,0.001,0.002,0.493,0.65,0.354,0.512,0.002,0.557,0.623,0.589,0.812,0.339,0.096,0.327,0.543,-0.532,0.146,0.807,0.21,0,0.001,0,0,0,0,0,0,0,0.001,0.001,0.001,0,0.001,0,0,0.001,0,0.004,0.001,0,0,0.001,0,0.001,0.001,0,0,0,0,0.001,0.001,0,0,0.001,0.042,0,0,0,0.001,0.001,0.001,0,0.001,0,10.796,0.063
01:39.5,6967,0.339,0.412,-0.68,-0.502,0.27,0.056,0.748,0.604,0.606,0.55,0.476,0.321,-0.629,-0.498,-0.48,-0.356,0.224,0.453,0.729,0.461,-0.603,-0.189,0.732,-0.255,0.001,0.001,0.001,0.001,0.19,0.365,0.346,0.173,0.001,0.001,0.001,0.001,0.001,0.245,0.464,0.466,0.504,0.001,0.001,0.001,0.001,0.001,0.106,0.571,0.789,0.306,0.354,0.001,0.001,0.001,0.001,0.002,0.493,0.65,0.354,0.512,0.002,0.557,0.623,0.589,0.812,0.339,0.096,0.327,0.543,-0.532,0.146,0.807,0.21,0,0.001,0,0,0,0,0,0,0,0.001,0.001,0.001,0,0.001,0,0,0.001,0,0.004,0.001,0,0,0.001,0,0.001,0.001,0,0,0,0,0.001,0.001,0,0,0.001,0.042,0,0,0,0.001,0.001,0.001,0,0.001,0,10.796,0.063
01:39.5,6968,0.337,0.412,-0.68,-0.504,0.273,0.051,0.748,0.602,0.607,0.549,0.479,0.317,-0.625,-0.497,-0.484,-0.358,0.225,0.455,0.729,0.46,-0.603,-0.189,0.732,-0.255,0.001,0.001,0.001,0.001,0.19,0.365,0.346,0.173,0.001,0.001,0.001,0.001,0.001,0.245,0.464,0.466,0.504,0.001,0.001,0.001,0.001,0.001,0.106,0.571,0.789,0.306,0.354,0.001,0.001,0.001,0.001,0.002,0.493,0.65,0.354,0.512,0.002,0.557,0.623,0.589,0.812,0.339,0.096,0.327,0.543,-0.532,0.146,0.807,0.21,0,0.001,0,0,0,0,0,0,0,0.001,0.001,0.001,0,0.001,0,0,0.001,0,0.004,0.001,0,0,0.001,0,0.001,0.001,0,0,0,0,0.001,0.001,0,0,0.001,0.042,0,0,0,0.001,0.001,0.001,0,0.001,0,10.796,0.063
01:39.5,6969,0.336,0.411,-0.68,-0.505,0.276,0.047,0.749,0.6,0.608,0.547,0.482,0.314,-0.622,-0.496,-0.489,-0.359,0.225,0.456,0.728,0.459,-0.603,-0.189,0.732,-0.255,0.001,0.001,0.001,0.001,0.19,0.365,0.346,0.173,0.001,0.001,0.001,0.001,0.001,0.245,0.464,0.466,0.504,0.001,0.001,0.001,0.001,0.001,0.106,0.571,0.789,0.306,0.354,0.001,0.001,0.001,0.001,0.002,0.493,0.65,0.354,0.512,0.002,0.557,0.623,0.589,0.812,0.339,0.096,0.327,0.543,-0.532,0.146,0.807,0.21,0,0.001,0,0,0,0,0,0,0,0.001,0.001,0.001,0,0.001,0,0,0.001,0,0.004,0.001,0,0,0.001,0,0.001,0.001,0,0,0,0,0.001,0.001,0,0,0.001,0.042,0,0,0,0.001,0.001,0.001,0,0.001,0,10.796,0.063
01:39.5,6970,0.334,0.41,-0.68,-0.507,0.279,0.043,0.75,0.598,0.609,0.545,0.485,0.311,-0.619,-0.495,-0.492,-0.36,0.226,0.458,0.728,0.457,-0.603,-0.189,0.732,-0.255,0.001,0.001,0.001,0.001,0.19,0.365,0.346,0.173,0.001,0.001,0.001,0.001,0.001,0.245,0.464,0.466,0.504,0.001,0.001,0.001,0.001,0.001,0.106,0.571,0.789,0.306,0.354,0.001,0.001,0.001,0.001,0.002,0.493,0.65,0.354,0.512,0.002,0.557,0.623,0.589,0.812,0.339,0.096,0.327,0.543,-0.532,0.146,0.807,0.21,0,0.001,0,0,0,0,0,0,0,0.001,0.001,0.001,0,0.001,0,0,0.001,0,0.004,0.001,0,0,0.001,0,0.001,0.001,0,0,0,0,0.001,0.001,0,0,0.001,0.042,0,0,0,0.001,0.001,0.001,0,0.001,0,10.796,0.063
01:39.5,6971,0.333,0.409,-0.68,-0.509,0.283,0.039,0.751,0.596,0.61,0.543,0.487,0.308,-0.617,-0.494,-0.494,-0.36,0.227,0.459,0.728,0.455,-0.603,-0.189,0.732,-0.255,0.001,0.001,0.001,0.001,0.19,0.365,0.346,0.173,0.001,0.001,0.001,0.001,0.001,0.245,0.464,0.466,0.504,0.001,0.001,0.001,0.001,0.001,0.106,0.571,0.789,0.306,0.354,0.001,0.001,0.001,0.001,0.002,0.493,0.65,0.354,0.512,0.002,0.557,0.623,0.589,0.812,0.339,0.096,0.327,0.543,-0.548,0.092,0.829,0.06,0,0,0,0,0.001,0,0.001,0,0,0,0.001,0.001,0,0,0.001,0.001,0,0,0.009,0,0,0,0,0.001,0.001,0,0,0.001,0,0.001,0.001,0,0,0,0.001,0.042,0,0.001,0,0,0.001,0,0,0,0,10.796,0.065
01:39.5,6972,0.331,0.408,-0.681,-0.51,0.287,0.035,0.751,0.594,0.611,0.542,0.49,0.306,-0.616,-0.495,-0.495,-0.361,0.228,0.46,0.728,0.454,-0.588,-0.228,0.725,-0.277,0.001,0.001,0.001,0.001,0.195,0.364,0.344,0.173,0,0.001,0.001,0.001,0.001,0.247,0.462,0.465,0.507,0.001,0.001,0.001,0.001,0.001,0.105,0.57,0.788,0.308,0.353,0.001,0.001,0.001,0.001,0.002,0.495,0.643,0.354,0.508,0.002,0.557,0.624,0.591,0.813,0.341,0.095,0.327,0.546,-0.554,0.088,0.827,0.045,0,0,0,0,0,0.001,0.001,0,0,0,0,0.001,0,0.001,0,0,0,0,0.006,0.001,0,0,0,0,0,0,0,0.001,0.001,0,0.001,0.001,0,0.001,0.001,0.037,0,0,0.001,0.001,0.001,0,0.001,0.001,0,10.796,0.059
01:39.5,6973,0.331,0.407,-0.681,-0.511,0.292,0.031,0.75,0.592,0.611,0.541,0.492,0.305,-0.615,-0.496,-0.495,-0.362,0.229,0.462,0.728,0.452,-0.585,-0.232,0.725,-0.28,0.001,0.001,0.001,0.001,0.208,0.43,0.325,0.173,0.001,0.001,0.001,0.001,0.001,0.355,0.452,0.451,0.502,0.001,0.001,0.001,0.001,0.001,0.167,0.543,0.779,0.322,0.342,0.001,0.001,0.001,0.001,0.002,0.508,0.634,0.376,0.46,0.002,0.574,0.647,0.623,0.912,0.383,0.106,0.316,0.593,-0.56,0.081,0.824,0.026,0.001,0,0.001,0.001,0,0,0,0,0,0,0.001,0,0,0,0,0,0,0,0.005,0.001,0.001,0,0.001,0,0,0,0.001,0,0.001,0,0,0,0,0,0,0.031,0,0.001,0.001,0,0,0,0,0.001,0,11.203,0.048
01:39.5,6974,0.33,0.405,-0.681,-0.513,0.297,0.027,0.75,0.591,0.61,0.541,0.493,0.305,-0.613,-0.499,-0.493,-0.363,0.231,0.463,0.728,0.449,-0.581,-0.236,0.725,-0.283,0.001,0.001,0.001,0.001,0.199,0.436,0.335,0.172,0.001,0.001,0.001,0.001,0.001,0.347,0.453,0.454,0.505,0.001,0.001,0.001,0.001,0.001,0.161,0.534,0.778,0.333,0.35,0.001,0.001,0.001,0.001,0.002,0.504,0.632,0.387,0.462,0.002,0.574,0.647,0.615,0.918,0.383,0.104,0.309,0.595,-0.564,0.076,0.822,0.014,0,0,0.001,0.001,0,0.001,0,0,0,0,0,0,0,0.001,0,0,0,0,0.002,0,0.001,0,0,0.001,0,0.001,0,0,0.001,0,0,0,0.001,0,0,0.035,0.001,0.001,0.001,0,0,0.001,0.001,0,0.001,11.209,0.052
01:39.5,6975,0.329,0.403,-0.681,-0.515,0.301,0.024,0.749,0.59,0.608,0.541,0.493,0.306,-0.611,-0.503,-0.491,-0.364,0.233,0.465,0.728,0.447,-0.579,-0.239,0.725,-0.286,0.001,0.001,0.001,0.001,0.186,0.453,0.335,0.177,0.001,0.001,0.001,0.001,0.001,0.342,0.459,0.458,0.519,0.001,0.001,0.001,0.001,0.001,0.16,0.527,0.778,0.339,0.35,0.001,0.001,0.001,0.001,0.002,0.503,0.628,0.38,0.46,0.002,0.571,0.647,0.629,0.926,0.383,0.103,0.3,0.597,-0.568,0.073,0.82,0.007,0,0.001,0.001,0.001,0,0,0.001,0,0,0.001,0.001,0,0,0.001,0,0.001,0,0,0.006,0,0,0,0.001,0,0,0,0,0,0,0.001,0,0.001,0.001,0,0.001,0.033,0,0,0,0,0.001,0.001,0.001,0,0.001,11.232,0.056
01:39.6,6976,0.327,0.401,-0.68,-0.519,0.306,0.021,0.747,0.589,0.607,0.543,0.492,0.309,-0.609,-0.507,-0.488,-0.366,0.234,0.466,0.728,0.444,-0.575,-0.242,0.726,-0.289,0.001,0.001,0.001,0.001,0.182,0.444,0.344,0.175,0.001,0.001,0.001,0.001,0.001,0.322,0.459,0.464,0.521,0.001,0.001,0.001,0.001,0.001,0.158,0.526,0.777,0.352,0.355,0.001,0.001,0.001,0.001,0.002,0.503,0.626,0.381,0.454,0.002,0.569,0.647,0.631,0.934,0.38,0.101,0.298,0.597,-0.569,0.081,0.818,0.014,0,0.001,0,0.001,0.001,0.001,0.001,0,0,0.001,0.001,0.001,0.001,0,0,0.001,0,0,0.004,0,0,0.001,0.001,0,0.001,0.001,0.001,0.001,0,0,0,0.001,0,0,0,0.033,0,0.001,0.001,0.001,0,0,0.001,0,0.001,11.222,0.059
01:39.6,6977,0.325,0.399,-0.68,-0.522,0.311,0.018,0.746,0.588,0.605,0.544,0.49,0.313,-0.605,-0.511,-0.486,-0.368,0.236,0.468,0.728,0.441,-0.573,-0.244,0.726,-0.292,0.001,0.001,0.001,0.001,0.159,0.441,0.354,0.175,0.001,0.001,0.001,0.001,0.001,0.284,0.465,0.464,0.515,0.001,0.001,0.001,0.001,0.001,0.155,0.524,0.778,0.357,0.359,0.001,0.001,0.001,0.001,0.002,0.501,0.625,0.382,0.458,0.002,0.564,0.647,0.645,0.955,0.377,0.1,0.294,0.587,-0.568,0.096,0.817,0.029,0,0.001,0,0.001,0.001,0.001,0,0,0,0,0,0,0,0,0,0,0,0,0.004,0.001,0.001,0,0.001,0,0,0,0,0.001,0.001,0,0,0.001,0,0.001,0.001,0.032,0.001,0.001,0,0,0,0,0,0,0,11.187,0.05
01:39.6,6978,0.323,0.396,-0.679,-0.527,0.316,0.015,0.745,0.587,0.602,0.546,0.488,0.317,-0.602,-0.516,-0.485,-0.371,0.237,0.47,0.728,0.439,-0.569,-0.246,0.727,-0.295,0.001,0.001,0.001,0.001,0.159,0.425,0.363,0.182,0.001,0.001,0.001,0.001,0.001,0.267,0.47,0.465,0.525,0.001,0.001,0.001,0.001,0.001,0.147,0.519,0.773,0.364,0.357,0.001,0.001,0.001,0.001,0.002,0.499,0.623,0.383,0.452,0.002,0.562,0.65,0.645,0.965,0.374,0.1,0.291,0.586,-0.568,0.096,0.817,0.029,0,0.001,0,0.001,0.001,0.001,0,0,0,0,0,0,0,0,0,0,0,0,0.004,0.001,0.001,0,0.001,0,0,0,0,0.001,0.001,0,0,0.001,0,0.001,0.001,0.032,0.001,0.001,0,0,0,0,0,0,0,11.168,0.05
01:39.6,6979,0.32,0.393,-0.679,-0.531,0.321,0.011,0.745,0.585,0.599,0.549,0.486,0.321,-0.598,-0.52,-0.483,-0.373,0.238,0.472,0.728,0.437,-0.567,-0.247,0.727,-0.298,0.001,0.001,0.001,0.001,0.155,0.414,0.363,0.182,0.001,0.001,0.001,0.001,0.001,0.216,0.473,0.473,0.519,0.001,0.001,0.001,0.001,0.001,0.138,0.519,0.774,0.374,0.36,0.001,0.001,0.001,0.001,0.002,0.496,0.614,0.387,0.442,0.002,0.563,0.653,0.662,0.98,0.371,0.1,0.286,0.59,-0.568,0.096,0.817,0.029,0,0.001,0,0.001,0.001,0.001,0,0,0,0,0,0,0,0,0,0,0,0,0.004,0.001,0.001,0,0.001,0,0,0,0,0.001,0.001,0,0,0.001,0,0.001,0.001,0.032,0.001,0.001,0,0,0,0,0,0,0,11.126,0.05
01:39.6,6980,0.316,0.39,-0.679,-0.536,0.327,0.008,0.744,0.583,0.596,0.552,0.484,0.326,-0.594,-0.523,-0.483,-0.375,0.239,0.473,0.726,0.437,-0.565,-0.249,0.727,-0.301,0.001,0.001,0.001,0.001,0.147,0.393,0.364,0.189,0.001,0.001,0.001,0.001,0,0.168,0.48,0.477,0.51,0.001,0.001,0.001,0.001,0.001,0.127,0.524,0.78,0.383,0.361,0,0.001,0.001,0.001,0.001,0.49,0.608,0.388,0.442,0.001,0.56,0.646,0.674,0.983,0.371,0.098,0.286,0.598,-0.568,0.096,0.817,0.029,0,0.001,0,0.001,0.001,0.001,0,0,0,0,0,0,0,0,0,0,0,0,0.004,0.001,0.001,0,0.001,0,0,0,0,0.001,0.001,0,0,0.001,0,0.001,0.001,0.032,0.001,0.001,0,0,0,0,0,0,0,11.065,0.05
01:39.6,6981,0.312,0.388,-0.679,-0.54,0.333,0.005,0.742,0.581,0.593,0.555,0.482,0.329,-0.59,-0.526,-0.482,-0.377,0.24,0.475,0.725,0.437,-0.562,-0.25,0.727,-0.305,0.001,0.001,0.001,0.001,0.133,0.372,0.365,0.193,0.001,0.001,0.001,0.001,0.001,0.134,0.492,0.474,0.513,0.001,0.001,0.001,0.001,0.001,0.099,0.527,0.778,0.389,0.368,0.001,0.001,0.001,0.001,0.001,0.476,0.613,0.383,0.436,0.001,0.558,0.647,0.686,0.99,0.368,0.099,0.278,0.6,-0.568,0.096,0.817,0.029,0,0.001,0,0.001,0.001,0.001,0,0,0,0,0,0,0,0,0,0,0,0,0.004,0.001,0.001,0,0.001,0,0,0,0,0.001,0.001,0,0,0.001,0,0.001,0.001,0.032,0.001,0.001,0,0,0,0,0,0,0,10.991,0.05
01:39.6,6982,0.309,0.385,-0.679,-0.543,0.339,0.002,0.741,0.58,0.59,0.557,0.48,0.332,-0.587,-0.528,-0.483,-0.379,0.241,0.477,0.723,0.437,-0.562,-0.25,0.727,-0.305,0.001,0.001,0.001,0.001,0.133,0.372,0.365,0.193,0.001,0.001,0.001,0.001,0.001,0.134,0.492,0.474,0.513,0.001,0.001,0.001,0.001,0.001,0.099,0.527,0.778,0.389,0.368,0.001,0.001,0.001,0.001,0.001,0.476,0.613,0.383,0.436,0.001,0.558,0.647,0.686,0.99,0.368,0.099,0.278,0.6,-0.568,0.096,0.817,0.029,0,0.001,0,0.001,0.001,0.001,0,0,0,0,0,0,0,0,0,0,0,0,0.004,0.001,0.001,0,0.001,0,0,0,0,0.001,0.001,0,0,0.001,0,0.001,0.001,0.032,0.001,0.001,0,0,0,0,0,0,0,10.991,0.05
01:39.6,6983,0.306,0.382,-0.679,-0.547,0.345,-0.001,0.74,0.578,0.587,0.56,0.479,0.335,-0.584,-0.53,-0.483,-0.38,0.242,0.478,0.722,0.438,-0.562,-0.25,0.727,-0.305,0.001,0.001,0.001,0.001,0.133,0.372,0.365,0.193,0.001,0.001,0.001,0.001,0.001,0.134,0.492,0.474,0.513,0.001,0.001,0.001,0.001,0.001,0.099,0.527,0.778,0.389,0.368,0.001,0.001,0.001,0.001,0.001,0.476,0.613,0.383,0.436,0.001,0.558,0.647,0.686,0.99,0.368,0.099,0.278,0.6,-0.568,0.096,0.817,0.029,0,0.001,0,0.001,0.001,0.001,0,0,0,0,0,0,0,0,0,0,0,0,0.004,0.001,0.001,0,0.001,0,0,0,0,0.001,0.001,0,0,0.001,0,0.001,0.001,0.032,0.001,0.001,0,0,0,0,0,0,0,10.991,0.05
01:39.6,6984,0.304,0.38,-0.68,-0.549,0.351,-0.003,0.738,0.576,0.585,0.563,0.477,0.336,-0.581,-0.531,-0.486,-0.381,0.243,0.479,0.72,0.439,-0.562,-0.25,0.727,-0.305,0.001,0.001,0.001,0.001,0.133,0.372,0.365,0.193,0.001,0.001,0.001,0.001,0.001,0.134,0.492,0.474,0.513,0.001,0.001,0.001,0.001,0.001,0.099,0.527,0.778,0.389,0.368,0.001,0.001,0.001,0.001,0.001,0.476,0.613,0.383,0.436,0.001,0.558,0.647,0.686,0.99,0.368,0.099,0.278,0.6,-0.549,0.209,0.8,0.124,0,0,0,0,0.001,0,0.001,0,0,0,0,0,0,0,0.001,0.001,0.001,0,0.005,0.001,0,0,0,0.001,0,0,0,0,0,0,0.001,0,0,0,0.001,0.032,0,0,0,0.001,0,0,0.001,0,0,10.991,0.048
01:39.6,6985,0.302,0.377,-0.68,-0.552,0.356,-0.006,0.737,0.574,0.584,0.566,0.474,0.338,-0.579,-0.527,-0.492,-0.381,0.244,0.48,0.718,0.441,-0.562,-0.25,0.727,-0.305,0.001,0.001,0.001,0.001,0.133,0.372,0.365,0.193,0.001,0.001,0.001,0.001,0.001,0.134,0.492,0.474,0.513,0.001,0.001,0.001,0.001,0.001,0.099,0.527,0.778,0.389,0.368,0.001,0.001,0.001,0.001,0.001,0.476,0.613,0.383,0.436,0.001,0.558,0.647,0.686,0.99,0.368,0.099,0.278,0.6,-0.536,0.239,0.798,0.139,0.883,0.639,0.005,0.001,0,0.001,0.001,0,0.91,0.791,0.531,0.001,0,0.001,0.001,0,0.001,0.775,0.875,0.357,0,0.001,0,0.001,0,0,0.001,0.28,0.006,0.001,0,0,0.001,0.001,0.001,0.004,0.001,0,0,0.001,0,0,0.001,0.001,0,10.991,6.074
01:39.7,6986,0.3,0.375,-0.68,-0.553,0.361,-0.008,0.736,0.573,0.583,0.569,0.469,0.341,-0.578,-0.517,-0.502,-0.383,0.245,0.482,0.716,0.442,-0.562,-0.25,0.727,-0.305,0.001,0.001,0.001,0.001,0.133,0.372,0.365,0.193,0.001,0.001,0.001,0.001,0.001,0.134,0.492,0.474,0.513,0.001,0.001,0.001,0.001,0.001,0.099,0.527,0.778,0.389,0.368,0.001,0.001,0.001,0.001,0.001,0.476,0.613,0.383,0.436,0.001,0.558,0.647,0.686,0.99,0.368,0.099,0.278,0.6,-0.518,0.285,0.793,0.147,0.871,0.647,0.031,0,0,0.001,0,0.001,0.916,0.788,0.717,0,0.001,0.001,0.001,0,0,0.824,0.861,0.624,0,0,0,0,0,0.001,0,0.413,0.02,0,0.001,0.001,0,0,0,0.001,0.001,0,0,0.001,0,0.001,0.001,0,0,10.991,6.725
01:39.7,6987,0.298,0.373,-0.681,-0.555,0.365,-0.01,0.735,0.571,0.582,0.573,0.463,0.345,-0.58,-0.504,-0.51,-0.386,0.245,0.484,0.715,0.441,-0.553,-0.24,0.731,-0.32,0.001,0.001,0.001,0.001,0.138,0.368,0.363,0.192,0.001,0.001,0.001,0.001,0.001,0.132,0.493,0.476,0.518,0.001,0.001,0.001,0.001,0.001,0.103,0.53,0.777,0.398,0.37,0.001,0.001,0.001,0.001,0.001,0.475,0.611,0.386,0.433,0.001,0.558,0.647,0.681,0.993,0.365,0.098,0.275,0.602,-0.506,0.324,0.784,0.156,0.883,0.669,0.198,0,0.001,0.001,0,0,0.912,0.775,0.806,0.001,0,0,0,0,0.001,0.813,0.872,0.731,0,0.001,0,0,0.001,0.001,0,0.458,0.028,0,0.001,0,0,0.001,0,0,0,0.001,0,0.001,0,0.001,0,0.001,0.001,11.002,7.159
01:39.7,6988,0.296,0.372,-0.682,-0.556,0.369,-0.011,0.735,0.569,0.582,0.573,0.458,0.35,-0.587,-0.496,-0.51,-0.387,0.243,0.486,0.715,0.439,-0.553,-0.235,0.732,-0.321,0.001,0.001,0.001,0.001,0.004,0.048,0.31,0.209,0.001,0.001,0.001,0.001,0.001,0.038,0.43,0.432,0.525,0.001,0.001,0.001,0.001,0.001,0.118,0.498,0.756,0.387,0.403,0.001,0.001,0.001,0.001,0.009,0.432,0.609,0.383,0.396,0.001,0.579,0.662,0.778,1.011,0.371,0.099,0.269,0.584,-0.496,0.36,0.774,0.158,0.917,0.706,0.479,0.016,0.001,0,0,0.001,0.906,0.768,0.862,0,0.001,0.001,0,0.001,0,0.746,0.871,0.742,0.001,0,0,0,0,0,0,0.454,0.106,0,0.001,0,0,0,0,0,0,0,0,0,0,0,0,0,0.001,10.359,7.581
01:39.7,6989,0.296,0.371,-0.682,-0.556,0.372,-0.013,0.734,0.568,0.584,0.571,0.456,0.354,-0.594,-0.493,-0.506,-0.386,0.241,0.488,0.715,0.438,-0.553,-0.225,0.735,-0.32,0.001,0.001,0.001,0.001,0.001,0.001,0.286,0.201,0.001,0.001,0.001,0.001,0.001,0.06,0.376,0.424,0.524,0.001,0.001,0.001,0.001,0.001,0.117,0.465,0.742,0.38,0.405,0.001,0.001,0.001,0.001,0.023,0.4,0.611,0.388,0.389,0.001,0.607,0.678,0.783,1.006,0.4,0.098,0.267,0.576,-0.497,0.363,0.778,0.125,0.952,0.74,0.668,0.02,0.081,0,0.001,0,0.885,0.773,0.821,0.061,0,0.001,0.02,0,0.001,0.654,0.877,0.728,0.001,0.001,0,0.001,0,0,0,0.416,0.172,0.001,0,0,0.001,0,0,0.002,0.001,0,0,0.001,0,0,0,0.001,0,10.227,7.881
01:39.7,6990,0.296,0.369,-0.683,-0.556,0.376,-0.014,0.733,0.567,0.588,0.568,0.456,0.353,-0.599,-0.491,-0.501,-0.385,0.237,0.489,0.716,0.437,-0.554,-0.214,0.739,-0.318,0.001,0.001,0.001,0.001,0.001,0.001,0.28,0.179,0.001,0.001,0.001,0.001,0.001,0.068,0.316,0.404,0.525,0.001,0.001,0.001,0.001,0.001,0.111,0.416,0.733,0.365,0.407,0.001,0.001,0.001,0.001,0.043,0.386,0.617,0.392,0.389,0.001,0.629,0.694,0.784,1.001,0.43,0.101,0.265,0.564,-0.495,0.361,0.785,0.085,0.969,0.763,0.746,0.203,0.438,0.264,0.077,0.001,0.835,0.779,0.828,0.292,0.001,0.04,0.134,0,0,0.587,0.883,0.712,0.005,0.001,0.001,0.001,0,0.001,0,0.38,0.186,0.001,0,0,0.001,0.001,0.001,0.013,0.001,0.001,0,0,0,0.001,0,0,0.001,10.12,9.148
01:39.7,6991,0.299,0.368,-0.683,-0.556,0.379,-0.015,0.731,0.567,0.594,0.564,0.457,0.347,-0.604,-0.493,-0.495,-0.383,0.231,0.49,0.718,0.438,-0.555,-0.198,0.744,-0.313,0.001,0.001,0.001,0.001,0.001,0.001,0.258,0.144,0.001,0,0.001,0.001,0.001,0.072,0.253,0.372,0.541,0,0.001,0.001,0.001,0.001,0.106,0.337,0.728,0.354,0.4,0.001,0.001,0.001,0.001,0.059,0.372,0.629,0.383,0.386,0.001,0.661,0.714,0.78,0.991,0.458,0.105,0.26,0.562,-0.485,0.355,0.798,0.045,0.933,0.747,0.731,0.338,0.643,0.535,0.347,0,0.763,0.78,0.844,0.388,0.021,0.084,0.237,0,0.001,0.574,0.888,0.728,0.024,0.002,0.002,0.004,0.001,0,0,0.388,0.214,0.002,0.001,0.001,0,0,0.001,0.006,0,0.001,0.001,0.001,0,0.001,0,0.001,0.001,9.944,10.234
01:39.7,6992,0.302,0.366,-0.682,-0.556,0.382,-0.016,0.73,0.567,0.598,0.563,0.458,0.34,-0.61,-0.499,-0.487,-0.375,0.224,0.489,0.719,0.439,-0.558,-0.183,0.748,-0.309,0.001,0.001,0.001,0.001,0.001,0.001,0.193,0.12,0.001,0.001,0.001,0.001,0.001,0.07,0.225,0.306,0.545,0.001,0.001,0.001,0.001,0.001,0.093,0.294,0.712,0.353,0.387,0.001,0.001,0.001,0.001,0.037,0.333,0.637,0.388,0.387,0.001,0.669,0.747,0.773,0.984,0.477,0.105,0.243,0.551,-0.484,0.35,0.801,0.034,0.91,0.726,0.725,0.369,0.714,0.565,0.429,0.001,0.724,0.777,0.827,0.464,0.039,0.137,0.344,0,0,0.563,0.89,0.741,0.039,0.002,0.002,0.006,0.001,0,0,0.402,0.239,0.002,0.001,0.001,0.001,0.001,0,0.001,0,0,0,0,0.001,0,0.001,0,0,9.65,10.645
01:39.7,6993,0.307,0.365,-0.681,-0.555,0.385,-0.017,0.728,0.567,0.599,0.565,0.458,0.336,-0.619,-0.512,-0.476,-0.358,0.216,0.488,0.721,0.442,-0.561,-0.173,0.75,-0.304,0.001,0.001,0.001,0.001,0.001,0.001,0.149,0.104,0.001,0.001,0.001,0.001,0.001,0.055,0.209,0.3,0.556,0.001,0.001,0.001,0.001,0.001,0.095,0.26,0.658,0.336,0.368,0.001,0.001,0.001,0.001,0.039,0.316,0.614,0.393,0.388,0.001,0.643,0.762,0.767,0.978,0.463,0.106,0.232,0.543,-0.499,0.349,0.792,0.035,0.871,0.712,0.707,0.387,0.733,0.592,0.459,0,0.705,0.773,0.816,0.507,0.077,0.189,0.459,0,0,0.563,0.89,0.757,0.121,0.002,0.004,0.022,0,0,0.001,0.41,0.263,0.002,0.001,0.001,0.002,0.001,0,0.013,0,0.001,0,0,0.001,0,0.001,0,0.001,9.355,11.044
01:39.7,6994,0.312,0.364,-0.681,-0.554,0.386,-0.017,0.727,0.568,0.594,0.569,0.459,0.335,-0.629,-0.528,-0.46,-0.336,0.208,0.487,0.722,0.445,-0.561,-0.173,0.75,-0.304,0.001,0.001,0.001,0.001,0.001,0.001,0.149,0.104,0.001,0.001,0.001,0.001,0.001,0.055,0.209,0.3,0.556,0.001,0.001,0.001,0.001,0.001,0.095,0.26,0.658,0.336,0.368,0.001,0.001,0.001,0.001,0.039,0.316,0.614,0.393,0.388,0.001,0.643,0.762,0.767,0.978,0.463,0.106,0.232,0.543,-0.51,0.346,0.787,0.032,0.834,0.687,0.673,0.379,0.707,0.574,0.43,0.001,0.667,0.767,0.802,0.516,0.112,0.242,0.486,0.013,0,0.584,0.89,0.775,0.184,0.004,0.005,0.12,0,0,0.001,0.432,0.298,0.002,0.001,0.001,0.002,0.001,0.001,0.015,0.001,0,0,0,0.026,0,0,0.001,0.001,9.355,11.235
01:39.7,6995,0.317,0.363,-0.679,-0.553,0.388,-0.018,0.725,0.568,0.583,0.578,0.46,0.338,-0.634,-0.546,-0.448,-0.315,0.202,0.486,0.722,0.449,-0.561,-0.173,0.75,-0.304,0.001,0.001,0.001,0.001,0.001,0.001,0.149,0.104,0.001,0.001,0.001,0.001,0.001,0.055,0.209,0.3,0.556,0.001,0.001,0.001,0.001,0.001,0.095,0.26,0.658,0.336,0.368,0.001,0.001,0.001,0.001,0.039,0.316,0.614,0.393,0.388,0.001,0.643,0.762,0.767,0.978,0.463,0.106,0.232,0.543,-0.521,0.335,0.785,0.023,0.811,0.678,0.643,0.365,0.696,0.541,0.41,0,0.654,0.766,0.791,0.529,0.134,0.242,0.516,0.055,0,0.589,0.89,0.78,0.227,0.004,0.005,0.181,0.001,0,0,0.437,0.331,0.011,0.001,0.001,0.022,0.001,0.001,0.021,0,0,0,0,0.132,0,0,0,0,9.355,11.466
01:39.8,6996,0.324,0.362,-0.677,-0.553,0.389,-0.018,0.724,0.569,0.57,0.591,0.458,0.342,-0.629,-0.565,-0.44,-0.303,0.199,0.485,0.722,0.451,-0.561,-0.173,0.75,-0.304,0.001,0.001,0.001,0.001,0.001,0.001,0.149,0.104,0.001,0.001,0.001,0.001,0.001,0.055,0.209,0.3,0.556,0.001,0.001,0.001,0.001,0.001,0.095,0.26,0.658,0.336,0.368,0.001,0.001,0.001,0.001,0.039,0.316,0.614,0.393,0.388,0.001,0.643,0.762,0.767,0.978,0.463,0.106,0.232,0.543,-0.529,0.331,0.781,0.024,0.777,0.659,0.625,0.332,0.687,0.515,0.376,0.001,0.648,0.759,0.79,0.551,0.154,0.25,0.486,0.131,0,0.617,0.888,0.789,0.294,0.004,0.021,0.225,0.073,0,0,0.471,0.365,0.033,0.001,0.001,0.079,0.011,0,0.034,0.001,0.023,0,0.001,0.209,0.007,0,0,0.001,9.355,11.889
01:39.8,6997,0.331,0.361,-0.674,-0.553,0.39,-0.019,0.723,0.569,0.56,0.603,0.452,0.344,-0.618,-0.581,-0.435,-0.303,0.198,0.484,0.723,0.452,-0.561,-0.173,0.75,-0.304,0.001,0.001,0.001,0.001,0.001,0.001,0.149,0.104,0.001,0.001,0.001,0.001,0.001,0.055,0.209,0.3,0.556,0.001,0.001,0.001,0.001,0.001,0.095,0.26,0.658,0.336,0.368,0.001,0.001,0.001,0.001,0.039,0.316,0.614,0.393,0.388,0.001,0.643,0.762,0.767,0.978,0.463,0.106,0.232,0.543,-0.539,0.327,0.776,0.025,0.753,0.651,0.613,0.31,0.681,0.443,0.352,0.002,0.659,0.753,0.781,0.579,0.178,0.259,0.47,0.149,0,0.643,0.885,0.802,0.325,0.005,0.043,0.227,0.215,0,0,0.495,0.396,0.062,0.001,0.002,0.107,0.123,0.001,0.038,0.001,0.079,0.105,0,0.264,0.028,0.046,0,0,9.355,12.526
01:39.8,6998,0.337,0.359,-0.671,-0.554,0.39,-0.02,0.723,0.569,0.555,0.612,0.445,0.345,-0.602,-0.592,-0.435,-0.313,0.202,0.484,0.723,0.451,-0.561,-0.173,0.75,-0.304,0.001,0.001,0.001,0.001,0.001,0.001,0.149,0.104,0.001,0.001,0.001,0.001,0.001,0.055,0.209,0.3,0.556,0.001,0.001,0.001,0.001,0.001,0.095,0.26,0.658,0.336,0.368,0.001,0.001,0.001,0.001,0.039,0.316,0.614,0.393,0.388,0.001,0.643,0.762,0.767,0.978,0.463,0.106,0.232,0.543,-0.548,0.323,0.771,0.026,0.739,0.643,0.602,0.305,0.65,0.399,0.314,0.004,0.673,0.747,0.784,0.578,0.192,0.261,0.46,0.156,0,0.661,0.883,0.806,0.366,0.024,0.06,0.241,0.3,0,0,0.514,0.414,0.085,0.002,0.009,0.154,0.209,0,0.04,0.001,0.139,0.192,0,0.3,0.053,0.111,0,0.001,9.355,13.072
01:39.8,6999,0.342,0.357,-0.668,-0.557,0.39,-0.022,0.724,0.568,0.55,0.621,0.437,0.348,-0.582,-0.599,-0.441,-0.329,0.209,0.483,0.722,0.449,-0.561,-0.173,0.75,-0.304,0.001,0.001,0.001,0.001,0.001,0.001,0.149,0.104,0.001,0.001,0.001,0.001,0.001,0.055,0.209,0.3,0.556,0.001,0.001,0.001,0.001,0.001,0.095,0.26,0.658,0.336,0.368,0.001,0.001,0.001,0.001,0.039,0.316,0.614,0.393,0.388,0.001,0.643,0.762,0.767,0.978,0.463,0.106,0.232,0.543,-0.557,0.317,0.767,0.026,0.734,0.637,0.596,0.306,0.673,0.389,0.286,0.005,0.681,0.742,0.778,0.591,0.195,0.254,0.44,0.17,0.001,0.673,0.882,0.816,0.4,0.029,0.088,0.259,0.357,0,0,0.526,0.424,0.101,0.002,0.002,0.177,0.284,0.001,0.035,0,0.208,0.242,0,0.335,0.095,0.16,0,0,9.355,13.574
01:39.8,7000,0.345,0.355,-0.664,-0.56,0.391,-0.026,0.724,0.567,0.544,0.628,0.429,0.354,-0.559,-0.601,-0.453,-0.349,0.218,0.482,0.722,0.445,-0.564,0.02,0.766,-0.307,0.001,0.001,0.001,0.001,0.001,0.001,0.14,0.083,0.001,0.001,0.001,0.001,0.001,0.053,0.21,0.292,0.551,0,0.001,0.001,0.001,0.001,0.094,0.256,0.628,0.331,0.366,0.001,0.001,0.001,0.001,0.027,0.305,0.615,0.391,0.388,0.001,0.651,0.777,0.767,0.973,0.455,0.105,0.231,0.543,-0.566,0.301,0.767,0.013,0.736,0.639,0.597,0.317,0.681,0.389,0.271,0.006,0.685,0.74,0.775,0.6,0.205,0.272,0.44,0.178,0,0.678,0.88,0.818,0.416,0.043,0.118,0.272,0.392,0,0.016,0.529,0.429,0.111,0.006,0.002,0.203,0.36,0,0.043,0.001,0.232,0.292,0,0.349,0.134,0.172,0,0.001,9.252,14.028
01:39.8,7001,0.347,0.353,-0.661,-0.564,0.394,-0.03,0.725,0.565,0.539,0.634,0.422,0.361,-0.537,-0.6,-0.464,-0.37,0.228,0.482,0.723,0.438,-0.556,0.036,0.768,-0.314,0.001,0.001,0.001,0.001,0.001,0.001,0.026,0.001,0.001,0.001,0.001,0.001,0.001,0.001,0.06,0.101,0.283,0.001,0.001,0.001,0.001,0.001,0.001,0.066,0.166,0.109,0.305,0.001,0.001,0.001,0.001,0.001,0.168,0.159,0.115,0.515,0.001,0.313,0.19,0.178,0.761,0.01,0.001,0.001,0.313,-0.571,0.289,0.768,0.004,0.742,0.641,0.597,0.342,0.684,0.414,0.281,0.007,0.686,0.737,0.777,0.597,0.232,0.278,0.441,0.194,0,0.676,0.879,0.819,0.429,0.059,0.127,0.275,0.441,0,0.022,0.526,0.43,0.122,0.011,0.002,0.216,0.375,0,0.045,0.001,0.267,0.313,0,0.363,0.164,0.194,0,0.001,3.865,14.407
01:39.8,7002,0.347,0.35,-0.658,-0.569,0.399,-0.035,0.724,0.562,0.534,0.638,0.415,0.369,-0.524,-0.595,-0.474,-0.383,0.239,0.482,0.724,0.431,-0.546,0.049,0.77,-0.326,0.001,0.001,0.001,0.001,0.001,0.001,0.011,0.001,0.001,0.001,0.001,0.001,0.001,0.001,0.035,0.106,0.187,0.001,0.001,0.001,0.001,0.001,0.001,0.039,0.14,0.093,0.267,0.001,0.001,0.001,0.001,0.001,0.126,0.147,0.096,0.52,0.001,0.269,0.136,0.139,0.668,0.001,0.001,0.056,0.19,-0.571,0.289,0.768,0.004,0.742,0.641,0.597,0.342,0.684,0.414,0.281,0.007,0.686,0.737,0.777,0.597,0.232,0.278,0.441,0.194,0,0.676,0.879,0.819,0.429,0.059,0.127,0.275,0.441,0,0.022,0.526,0.43,0.122,0.011,0.002,0.216,0.375,0,0.045,0.001,0.267,0.313,0,0.363,0.164,0.194,0,0.001,3.252,14.407
01:39.8,7003,0.347,0.346,-0.656,-0.574,0.405,-0.04,0.722,0.56,0.529,0.64,0.41,0.377,-0.524,-0.588,-0.481,-0.386,0.246,0.482,0.726,0.424,-0.532,0.066,0.771,-0.344,0.001,0.001,0.001,0.001,0.001,0.001,0.005,0.001,0.001,0.001,0.001,0.001,0.001,0.001,0.027,0.09,0.147,0.001,0.001,0.001,0.001,0.001,0.001,0.031,0.137,0.061,0.223,0.001,0.001,0.001,0.001,0.001,0.085,0.134,0.093,0.493,0.001,0.198,0.067,0.094,0.567,0.001,0.001,0.001,0.088,-0.571,0.289,0.768,0.004,0.742,0.641,0.597,0.342,0.684,0.414,0.281,0.007,0.686,0.737,0.777,0.597,0.232,0.278,0.441,0.194,0,0.676,0.879,0.819,0.429,0.059,0.127,0.275,0.441,0,0.022,0.526,0.43,0.122,0.011,0.002,0.216,0.375,0,0.045,0.001,0.267,0.313,0,0.363,0.164,0.194,0,0.001,2.568,14.407
01:39.8,7004,0.347,0.342,-0.654,-0.579,0.412,-0.044,0.719,0.557,0.524,0.642,0.407,0.383,-0.532,-0.581,-0.484,-0.38,0.25,0.483,0.727,0.419,-0.525,0.08,0.77,-0.354,0.001,0.001,0,0.001,0.001,0.001,0.001,0.001,0.001,0.001,0.001,0.001,0.001,0.001,0.016,0.057,0.096,0.001,0.001,0.001,0.001,0.001,0.001,0.017,0.122,0.037,0.214,0.001,0.001,0.001,0.001,0.001,0.063,0.109,0.087,0.474,0.001,0.145,0.065,0.065,0.455,0.001,0.001,0.002,0.001,-0.571,0.289,0.768,0.004,0.742,0.641,0.597,0.342,0.684,0.414,0.281,0.007,0.686,0.737,0.777,0.597,0.232,0.278,0.441,0.194,0,0.676,0.879,0.819,0.429,0.059,0.127,0.275,0.441,0,0.022,0.526,0.43,0.122,0.011,0.002,0.216,0.375,0,0.045,0.001,0.267,0.313,0,0.363,0.164,0.194,0,0.001,2.052,14.407
01:39.8,7005,0.348,0.337,-0.652,-0.584,0.419,-0.047,0.717,0.555,0.52,0.644,0.406,0.387,-0.544,-0.578,-0.482,-0.37,0.251,0.485,0.728,0.415,-0.523,0.11,0.763,-0.365,0.001,0.001,0.001,0.001,0.001,0.001,0.001,0.001,0,0.001,0.001,0.001,0.001,0.001,0.01,0.033,0.082,0.001,0.001,0.001,0.001,0.001,0.001,0.015,0.111,0.027,0.168,0.001,0.001,0.001,0.001,0.001,0.029,0.079,0.059,0.408,0.001,0.105,0.048,0.01,0.319,0.001,0.001,0.001,0.001,-0.571,0.289,0.768,0.004,0.742,0.641,0.597,0.342,0.684,0.414,0.281,0.007,0.686,0.737,0.777,0.597,0.232,0.278,0.441,0.194,0,0.676,0.879,0.819,0.429,0.059,0.127,0.275,0.441,0,0.022,0.526,0.43,0.122,0.011,0.002,0.216,0.375,0,0.045,0.001,0.267,0.313,0,0.363,0.164,0.194,0,0.001,1.532,14.407
01:39.9,7006,0.35,0.333,-0.65,-0.587,0.426,-0.051,0.714,0.553,0.517,0.646,0.405,0.389,-0.555,-0.579,-0.479,-0.357,0.249,0.486,0.729,0.412,-0.526,0.135,0.753,-0.372,0,0.001,0.001,0.001,0.001,0.001,0.001,0.001,0,0.001,0.001,0.001,0.001,0.001,0.001,0.01,0.035,0.001,0.001,0.001,0.001,0.001,0.001,0.001,0.087,0.001,0.115,0.001,0.001,0.001,0.001,0.001,0.016,0.05,0.045,0.322,0.001,0.059,0.023,0.001,0.199,0.001,0.001,0.001,0.001,-0.571,0.289,0.768,0.004,0.742,0.641,0.597,0.342,0.684,0.414,0.281,0.007,0.686,0.737,0.777,0.597,0.232,0.278,0.441,0.194,0,0.676,0.879,0.819,0.429,0.059,0.127,0.275,0.441,0,0.022,0.526,0.43,0.122,0.011,0.002,0.216,0.375,0,0.045,0.001,0.267,0.313,0,0.363,0.164,0.194,0,0.001,0.993,14.407
01:39.9,7007,0.353,0.328,-0.647,-0.59,0.431,-0.055,0.712,0.551,0.515,0.647,0.406,0.389,-0.564,-0.583,-0.474,-0.342,0.245,0.488,0.73,0.411,-0.534,0.167,0.736,-0.381,0.001,0.001,0.001,0.001,0.001,0.001,0.001,0.001,0.001,0.001,0.001,0.001,0.001,0.001,0.001,0.001,0.001,0,0.007,0.001,0.001,0.001,0.001,0.001,0.062,0.001,0.042,0.001,0.001,0.001,0.001,0.001,0.001,0.021,0.035,0.162,0.001,0.015,0.016,0.001,0.054,0.001,0.001,0.001,0.001,-0.571,0.289,0.768,0.004,0.742,0.641,0.597,0.342,0.684,0.414,0.281,0.007,0.686,0.737,0.777,0.597,0.232,0.278,0.441,0.194,0,0.676,0.879,0.819,0.429,0.059,0.127,0.275,0.441,0,0.022,0.526,0.43,0.122,0.011,0.002,0.216,0.375,0,0.045,0.001,0.267,0.313,0,0.363,0.164,0.194,0,0.001,0.449,14.407
01:39.9,7008,0.358,0.324,-0.645,-0.592,0.436,-0.06,0.712,0.547,0.514,0.648,0.408,0.387,-0.565,-0.59,-0.47,-0.334,0.24,0.489,0.731,0.411,-0.536,0.187,0.72,-0.399,0.001,0.001,0.001,0.001,0.001,0.001,0.001,0.001,0.001,0.001,0.001,0.001,0.001,0.001,0.001,0.001,0.001,0.001,0.001,0.001,0.001,0.001,0.001,0.001,0.039,0.001,0.001,0.001,0.001,0.001,0.001,0.001,0.001,0.005,0.013,0.015,0.001,0.001,0.001,0.001,0.001,0.001,0.001,0.001,0.001,-0.571,0.289,0.768,0.004,0.742,0.641,0.597,0.342,0.684,0.414,0.281,0.007,0.686,0.737,0.777,0.597,0.232,0.278,0.441,0.194,0,0.676,0.879,0.819,0.429,0.059,0.127,0.275,0.441,0,0.022,0.526,0.43,0.122,0.011,0.002,0.216,0.375,0,0.045,0.001,0.267,0.313,0,0.363,0.164,0.194,0,0.001,0.113,14.407
01:39.9,7009,0.363,0.321,-0.643,-0.593,0.441,-0.066,0.713,0.541,0.513,0.649,0.41,0.384,-0.558,-0.597,-0.468,-0.336,0.236,0.49,0.732,0.411,-0.532,0.202,0.706,-0.421,0.001,0.001,0.001,0.001,0.001,0.001,0.001,0.001,0.001,0.001,0.001,0.001,0.001,0.001,0.001,0.001,0.001,0.001,0.001,0.001,0.001,0.001,0.001,0.001,0.026,0.001,0.001,0.001,0.001,0.001,0.001,0.001,0.001,0,0.007,0.001,0.001,0.001,0.001,0.001,0.001,0.001,0.001,0.001,0.001,-0.596,0.243,0.765,-0.005,0.755,0.645,0.6,0.35,0.694,0.432,0.283,0.009,0.686,0.736,0.775,0.6,0.236,0.288,0.443,0.2,0,0.676,0.878,0.818,0.44,0.07,0.148,0.282,0.452,0.001,0.022,0.524,0.427,0.125,0.011,0.002,0.23,0.396,0,0.044,0,0.297,0.353,0.001,0.379,0.178,0.208,0,0,0.075,14.694
01:39.9,7010,0.369,0.318,-0.641,-0.593,0.447,-0.072,0.713,0.535,0.511,0.651,0.413,0.381,-0.546,-0.603,-0.468,-0.345,0.232,0.49,0.733,0.41,-0.532,0.202,0.706,-0.421,0.001,0.001,0.001,0.001,0.001,0.001,0.001,0.001,0.001,0.001,0.001,0.001,0.001,0.001,0.001,0.001,0.001,0.001,0.001,0.001,0.001,0.001,0.001,0.001,0.026,0.001,0.001,0.001,0.001,0.001,0.001,0.001,0.001,0,0.007,0.001,0.001,0.001,0.001,0.001,0.001,0.001,0.001,0.001,0.001,-0.599,0.242,0.763,-0.002,0.731,0.624,0.579,0.36,0.729,0.492,0.286,0.012,0.634,0.731,0.775,0.617,0.277,0.319,0.339,0.234,0.024,0.659,0.884,0.834,0.537,0.16,0.099,0.31,0.558,0.001,0.151,0.524,0.44,0.21,0.028,0.002,0.332,0.537,0,0.092,0.004,0.525,0.565,0.072,0.576,0.436,0.368,0.056,0.034,0.075,16.757
01:39.9,7011,0.376,0.317,-0.639,-0.592,0.452,-0.077,0.714,0.529,0.508,0.653,0.414,0.379,-0.532,-0.607,-0.47,-0.357,0.23,0.49,0.734,0.41,-0.532,0.202,0.706,-0.421,0.001,0.001,0.001,0.001,0.001,0.001,0.001,0.001,0.001,0.001,0.001,0.001,0.001,0.001,0.001,0.001,0.001,0.001,0.001,0.001,0.001,0.001,0.001,0.001,0.026,0.001,0.001,0.001,0.001,0.001,0.001,0.001,0.001,0,0.007,0.001,0.001,0.001,0.001,0.001,0.001,0.001,0.001,0.001,0.001,-0.602,0.241,0.761,0.001,0.717,0.621,0.575,0.354,0.733,0.491,0.275,0.016,0.64,0.731,0.774,0.618,0.278,0.321,0.337,0.233,0.038,0.667,0.884,0.835,0.535,0.189,0.11,0.309,0.553,0,0.165,0.526,0.442,0.227,0.032,0.004,0.348,0.556,0.001,0.096,0.004,0.532,0.586,0.098,0.606,0.459,0.371,0.074,0.046,0.075,17.007
01:39.9,7012,0.383,0.316,-0.637,-0.59,0.459,-0.082,0.713,0.524,0.505,0.656,0.414,0.378,-0.521,-0.609,-0.473,-0.367,0.229,0.489,0.735,0.409,-0.532,0.202,0.706,-0.421,0.001,0.001,0.001,0.001,0.001,0.001,0.001,0.001,0.001,0.001,0.001,0.001,0.001,0.001,0.001,0.001,0.001,0.001,0.001,0.001,0.001,0.001,0.001,0.001,0.026,0.001,0.001,0.001,0.001,0.001,0.001,0.001,0.001,0,0.007,0.001,0.001,0.001,0.001,0.001,0.001,0.001,0.001,0.001,0.001,-0.606,0.239,0.759,0.003,0.712,0.618,0.573,0.348,0.739,0.474,0.261,0.016,0.641,0.73,0.77,0.618,0.281,0.328,0.33,0.231,0.055,0.673,0.885,0.834,0.548,0.187,0.115,0.309,0.551,0,0.176,0.527,0.448,0.231,0.031,0.004,0.352,0.56,0,0.115,0.005,0.537,0.602,0.126,0.595,0.49,0.381,0.092,0.063,0.075,17.162
01:39.9,7013,0.389,0.317,-0.634,-0.589,0.466,-0.085,0.712,0.518,0.502,0.659,0.412,0.379,-0.516,-0.607,-0.476,-0.371,0.231,0.487,0.736,0.408,-0.532,0.202,0.706,-0.421,0.001,0.001,0.001,0.001,0.001,0.001,0.001,0.001,0.001,0.001,0.001,0.001,0.001,0.001,0.001,0.001,0.001,0.001,0.001,0.001,0.001,0.001,0.001,0.001,0.026,0.001,0.001,0.001,0.001,0.001,0.001,0.001,0.001,0,0.007,0.001,0.001,0.001,0.001,0.001,0.001,0.001,0.001,0.001,0.001,-0.609,0.236,0.758,0.004,0.702,0.614,0.567,0.342,0.736,0.457,0.248,0.016,0.641,0.731,0.77,0.615,0.283,0.335,0.324,0.23,0.06,0.679,0.885,0.834,0.549,0.188,0.121,0.306,0.546,0.001,0.187,0.53,0.452,0.234,0.035,0.004,0.35,0.562,0,0.117,0.007,0.547,0.615,0.144,0.596,0.515,0.392,0.11,0.06,0.075,17.237
01:39.9,7014,0.395,0.317,-0.63,-0.588,0.474,-0.087,0.709,0.515,0.498,0.663,0.409,0.381,-0.517,-0.605,-0.479,-0.369,0.234,0.485,0.738,0.407,-0.532,0.202,0.706,-0.421,0.001,0.001,0.001,0.001,0.001,0.001,0.001,0.001,0.001,0.001,0.001,0.001,0.001,0.001,0.001,0.001,0.001,0.001,0.001,0.001,0.001,0.001,0.001,0.001,0.026,0.001,0.001,0.001,0.001,0.001,0.001,0.001,0.001,0,0.007,0.001,0.001,0.001,0.001,0.001,0.001,0.001,0.001,0.001,0.001,-0.612,0.231,0.756,0.005,0.695,0.609,0.559,0.328,0.734,0.449,0.236,0.012,0.637,0.733,0.769,0.614,0.283,0.333,0.316,0.225,0.063,0.684,0.885,0.835,0.548,0.189,0.123,0.304,0.54,0.001,0.184,0.531,0.457,0.238,0.035,0.004,0.35,0.564,0.001,0.122,0.011,0.554,0.639,0.159,0.603,0.536,0.404,0.134,0.081,0.075,17.311
01:39.9,7015,0.4,0.318,-0.627,-0.588,0.481,-0.088,0.705,0.513,0.494,0.667,0.405,0.383,-0.521,-0.603,-0.481,-0.365,0.237,0.483,0.739,0.406,-0.532,0.202,0.706,-0.421,0.001,0.001,0.001,0.001,0.001,0.001,0.001,0.001,0.001,0.001,0.001,0.001,0.001,0.001,0.001,0.001,0.001,0.001,0.001,0.001,0.001,0.001,0.001,0.001,0.026,0.001,0.001,0.001,0.001,0.001,0.001,0.001,0.001,0,0.007,0.001,0.001,0.001,0.001,0.001,0.001,0.001,0.001,0.001,0.001,-0.615,0.228,0.755,0.005,0.683,0.604,0.553,0.313,0.718,0.43,0.227,0.012,0.635,0.733,0.768,0.606,0.28,0.322,0.309,0.222,0.059,0.689,0.886,0.835,0.549,0.188,0.122,0.302,0.531,0.001,0.187,0.532,0.459,0.242,0.037,0.004,0.35,0.56,0.001,0.129,0.012,0.565,0.656,0.177,0.604,0.553,0.415,0.144,0.09,0.075,17.294
01:40.0,7016,0.404,0.319,-0.623,-0.588,0.487,-0.088,0.701,0.513,0.49,0.67,0.402,0.386,-0.526,-0.601,-0.482,-0.359,0.241,0.48,0.74,0.405,-0.572,0.239,0.718,-0.317,0.001,0.001,0.001,0.001,0.001,0.001,0.001,0.001,0.001,0.001,0.001,0.001,0.001,0.001,0.001,0.001,0.001,0.001,0.001,0.001,0.001,0.001,0.001,0.001,0.034,0.001,0.001,0.001,0.001,0.001,0.001,0.001,0.001,0.001,0.001,0.001,0.001,0.001,0.001,0.001,0.001,0.001,0.001,0.001,0.001,-0.619,0.223,0.753,0.006,0.674,0.601,0.547,0.299,0.709,0.41,0.212,0.012,0.629,0.735,0.767,0.602,0.277,0.32,0.3,0.217,0.062,0.69,0.885,0.835,0.537,0.181,0.12,0.295,0.526,0.001,0.183,0.532,0.462,0.242,0.033,0.004,0.353,0.556,0,0.128,0.013,0.576,0.672,0.194,0.608,0.573,0.425,0.154,0.1,0.078,17.251
