timestamp,packet_counter,right_thigh_q1,right_thigh_q2,right_thigh_q3,right_thigh_q4,right_calf_q1,right_calf_q2,right_calf_q3,right_calf_q4,left_thigh_q1,left_thigh_q2,left_thigh_q3,left_thigh_q4,left_calf_q1,left_calf_q2,left_calf_q3,left_calf_q4,trunk_q1,trunk_q2,trunk_q3,trunk_q4,right_foot_q0,right_foot_q1,right_foot_q2,right_foot_q3,right_pressure0,right_pressure1,right_pressure2,right_pressure3,right_pressure4,right_pressure5,right_pressure6,right_pressure7,right_pressure8,right_pressure9,right_pressure10,right_pressure11,right_pressure12,right_pressure13,right_pressure14,right_pressure15,right_pressure16,right_pressure17,right_pressure18,right_pressure19,right_pressure20,right_pressure21,right_pressure22,right_pressure23,right_pressure24,right_pressure25,right_pressure26,right_pressure27,right_pressure28,right_pressure29,right_pressure30,right_pressure31,right_pressure32,right_pressure33,right_pressure34,right_pressure35,right_pressure36,right_pressure37,right_pressure38,right_pressure39,right_pressure40,right_pressure41,right_pressure42,right_pressure43,right_pressure44,left_foot_q0,left_foot_q1,left_foot_q2,left_foot_q3,left_pressure0,left_pressure1,left_pressure2,left_pressure3,left_pressure4,left_pressure5,left_pressure6,left_pressure7,left_pressure8,left_pressure9,left_pressure10,left_pressure11,left_pressure12,left_pressure13,left_pressure14,left_pressure15,left_pressure16,left_pressure17,left_pressure18,left_pressure19,left_pressure20,left_pressure21,left_pressure22,left_pressure23,left_pressure24,left_pressure25,left_pressure26,left_pressure27,left_pressure28,left_pressure29,left_pressure30,left_pressure31,left_pressure32,left_pressure33,left_pressure34,left_pressure35,left_pressure36,left_pressure37,left_pressure38,left_pressure39,left_pressure40,left_pressure41,left_pressure42,left_pressure43,left_pressure44,right_pressure_sum,left_pressure_sum
04:49.4,9132,0.124,0.21,-0.72,-0.65,0.394,0.569,-0.479,-0.539,0.741,0.493,0.452,0.061,0.67,0.644,0.318,0.187,-0.516,-0.349,0.541,0.565,-0.073,0.783,0.057,0.615,0.001,0.001,0.001,0.001,0.132,0.001,0.104,0.049,0.001,0.001,0.001,0.001,0.001,0.046,0.281,0.349,0.259,0.001,0.001,0.001,0.001,0.023,0.001,0.476,0.696,0.258,0.556,0.001,0.001,0.001,0.001,0.031,0.571,0.681,0.402,0.451,0.001,0.75,0.78,0.993,0.293,0.504,0.231,0.608,0.004,-0.796,0.01,0.564,0.219,0.001,0,0.001,0.001,0,0,0,0,0,0.001,0.021,0.001,0,0,0,0.01,0,0,0,0.001,0,0,0.001,0,0,0.001,0,0,0,0,0.001,0,0,0,0,0.009,0.001,0,0,0.002,0.001,0,0.011,0,0.001,9.548,0.065
04:49.4,9133,0.121,0.21,-0.719,-0.651,0.392,0.568,-0.478,-0.543,0.741,0.495,0.45,0.061,0.666,0.649,0.313,0.193,-0.514,-0.347,0.542,0.567,-0.072,0.784,0.051,0.614,0.001,0.001,0.001,0.001,0.085,0.001,0.104,0.053,0.001,0.001,0.001,0.001,0.001,0.015,0.281,0.353,0.263,0.001,0.001,0.001,0.001,0.024,0.001,0.475,0.689,0.289,0.564,0.001,0.001,0.001,0.001,0.006,0.571,0.675,0.404,0.424,0.001,0.748,0.786,0.996,0.348,0.504,0.242,0.608,0.005,-0.797,0.031,0.558,0.23,0,0,0.001,0.001,0.001,0.001,0.001,0.001,0.001,0,0.049,0,0,0.001,0,0.013,0,0,0,0,0.001,0,0,0,0,0,0,0.001,0,0,0,0.001,0.001,0.001,0,0.001,0.001,0.001,0.001,0.001,0.001,0,0.044,0,0.001,9.532,0.126
04:49.4,9134,0.119,0.21,-0.719,-0.652,0.39,0.567,-0.477,-0.546,0.74,0.497,0.448,0.06,0.662,0.654,0.307,0.199,-0.512,-0.345,0.542,0.569,-0.071,0.787,0.042,0.612,0.001,0.001,0.001,0.001,0.043,0.001,0.095,0.053,0.001,0.001,0.001,0.001,0.001,0.001,0.277,0.343,0.274,0.001,0.001,0.001,0.001,0.026,0.001,0.473,0.684,0.302,0.526,0.001,0.001,0.001,0.001,0.001,0.567,0.679,0.419,0.421,0.001,0.747,0.791,0.996,0.398,0.51,0.248,0.607,0.005,-0.793,0.055,0.556,0.242,0,0.021,0,0,0,0.001,0.001,0.001,0,0.192,0.153,0,0,0,0.001,0.016,0.001,0,0.01,0.001,0,0.001,0,0,0.001,0,0.001,0,0,0,0.001,0,0,0,0.001,0.001,0,0,0,0,0,0,0.04,0,0,9.506,0.444
04:49.4,9135,0.116,0.209,-0.718,-0.653,0.39,0.567,-0.477,-0.547,0.739,0.5,0.447,0.061,0.658,0.659,0.301,0.205,-0.511,-0.343,0.543,0.572,-0.071,0.788,0.036,0.61,0.001,0.001,0.001,0.001,0.005,0.001,0.082,0.051,0.001,0.001,0.001,0.001,0.001,0.001,0.263,0.341,0.271,0.001,0.001,0.001,0.001,0.027,0.001,0.46,0.681,0.313,0.531,0.001,0.001,0.001,0.001,0.001,0.56,0.674,0.432,0.392,0.001,0.756,0.8,0.999,0.457,0.525,0.256,0.604,0.005,-0.783,0.081,0.568,0.24,0,0.258,0,0,0.001,0,0.001,0,0,0.479,0.22,0.001,0,0.001,0,0.001,0,0,0.254,0,0.001,0,0,0,0,0.001,0.001,0.001,0,0.001,0,0,0.001,0.001,0,0.001,0.001,0,0,0.001,0,0,0.031,0,0,9.507,1.257
04:49.4,9136,0.114,0.209,-0.718,-0.655,0.389,0.567,-0.476,-0.549,0.738,0.504,0.445,0.063,0.654,0.664,0.295,0.21,-0.509,-0.342,0.543,0.574,-0.072,0.79,0.028,0.608,0.001,0.001,0.001,0.001,0.001,0.001,0.07,0.051,0.001,0.001,0.001,0.001,0.001,0.001,0.239,0.336,0.277,0.001,0.001,0.001,0.001,0.031,0.001,0.447,0.669,0.322,0.496,0.001,0.001,0.001,0.001,0.001,0.562,0.672,0.436,0.392,0.001,0.768,0.81,1,0.499,0.531,0.264,0.604,0.005,-0.783,0.081,0.568,0.24,0,0.258,0,0,0.001,0,0.001,0,0,0.479,0.22,0.001,0,0.001,0,0.001,0,0,0.254,0,0.001,0,0,0,0,0.001,0.001,0.001,0,0.001,0,0,0.001,0.001,0,0.001,0.001,0,0,0.001,0,0,0.031,0,0,9.504,1.257
04:49.4,9137,0.112,0.208,-0.717,-0.656,0.388,0.567,-0.474,-0.551,0.736,0.508,0.443,0.067,0.65,0.669,0.29,0.215,-0.508,-0.34,0.543,0.575,-0.072,0.791,0.021,0.607,0.001,0.001,0.001,0.001,0.001,0.001,0.055,0.049,0.001,0.001,0.001,0.001,0.001,0.001,0.221,0.322,0.283,0.001,0.001,0.001,0.001,0.029,0.001,0.411,0.659,0.333,0.485,0.001,0.001,0.001,0.001,0.001,0.551,0.665,0.444,0.344,0.017,0.783,0.825,0.996,0.538,0.553,0.278,0.607,0.005,-0.783,0.081,0.568,0.24,0,0.258,0,0,0.001,0,0.001,0,0,0.479,0.22,0.001,0,0.001,0,0.001,0,0,0.254,0,0.001,0,0,0,0,0.001,0.001,0.001,0,0.001,0,0,0.001,0.001,0,0.001,0.001,0,0,0.001,0,0,0.031,0,0,9.475,1.257
04:49.4,9138,0.111,0.207,-0.717,-0.656,0.387,0.567,-0.473,-0.553,0.733,0.512,0.442,0.072,0.645,0.673,0.289,0.218,-0.507,-0.339,0.544,0.576,-0.073,0.792,0.014,0.606,0.001,0.001,0.001,0.001,0.001,0.001,0.04,0.045,0.001,0.001,0,0.001,0.001,0.001,0.211,0.314,0.28,0.001,0.001,0.001,0.001,0.027,0.001,0.379,0.639,0.341,0.457,0.001,0.001,0.001,0.001,0.001,0.521,0.658,0.453,0.322,0.017,0.784,0.845,1.005,0.579,0.592,0.293,0.602,0.005,-0.783,0.081,0.568,0.24,0,0.258,0,0,0.001,0,0.001,0,0,0.479,0.22,0.001,0,0.001,0,0.001,0,0,0.254,0,0.001,0,0,0,0,0.001,0.001,0.001,0,0.001,0,0,0.001,0.001,0,0.001,0.001,0,0,0.001,0,0,0.031,0,0,9.43,1.257
04:49.4,9139,0.111,0.205,-0.717,-0.657,0.385,0.567,-0.471,-0.556,0.729,0.516,0.443,0.078,0.64,0.675,0.295,0.22,-0.507,-0.339,0.545,0.575,-0.074,0.794,0.003,0.604,0.001,0.001,0.001,0.001,0.001,0.001,0.024,0.042,0.001,0.001,0.001,0.001,0.001,0.001,0.21,0.298,0.276,0.001,0.001,0.001,0.001,0.013,0.001,0.343,0.621,0.344,0.436,0.001,0.001,0.001,0.001,0.001,0.488,0.647,0.458,0.27,0.001,0.768,0.867,1.009,0.624,0.612,0.309,0.603,0.004,-0.783,0.081,0.568,0.24,0,0.258,0,0,0.001,0,0.001,0,0,0.479,0.22,0.001,0,0.001,0,0.001,0,0,0.254,0,0.001,0,0,0,0,0.001,0.001,0.001,0,0.001,0,0,0.001,0.001,0,0.001,0.001,0,0,0.001,0,0,0.031,0,0,9.289,1.257
04:49.4,9140,0.113,0.204,-0.717,-0.657,0.384,0.566,-0.469,-0.559,0.724,0.52,0.445,0.086,0.636,0.672,0.306,0.224,-0.507,-0.34,0.547,0.572,-0.076,0.795,-0.008,0.601,0.001,0.001,0.001,0.001,0.001,0.001,0.016,0.038,0.001,0.001,0.001,0.002,0.001,0.001,0.232,0.263,0.271,0.001,0.001,0.001,0.001,0.009,0.001,0.303,0.595,0.338,0.394,0.001,0.001,0.001,0.001,0.001,0.435,0.639,0.464,0.239,0.001,0.74,0.901,1.013,0.645,0.641,0.326,0.601,0.004,-0.783,0.081,0.568,0.24,0,0.258,0,0,0.001,0,0.001,0,0,0.479,0.22,0.001,0,0.001,0,0.001,0,0,0.254,0,0.001,0,0,0,0,0.001,0.001,0.001,0,0.001,0,0,0.001,0.001,0,0.001,0.001,0,0,0.001,0,0,0.031,0,0,9.131,1.257
04:49.4,9141,0.116,0.203,-0.717,-0.656,0.385,0.565,-0.466,-0.561,0.718,0.521,0.451,0.095,0.637,0.668,0.311,0.226,-0.507,-0.341,0.551,0.569,-0.078,0.795,-0.023,0.601,0.001,0.001,0.001,0.001,0.001,0.001,0.018,0.031,0.001,0.001,0.001,0.006,0.001,0.001,0.199,0.22,0.263,0.001,0.001,0.001,0.001,0.001,0.001,0.259,0.548,0.337,0.35,0.001,0.001,0.001,0.001,0.001,0.369,0.636,0.463,0.184,0.001,0.744,0.951,1.022,0.647,0.68,0.347,0.596,0.004,-0.813,0.134,0.552,0.127,0.006,0.324,0,0.001,0,0.001,0.001,0.001,0,0.536,0.233,0,0,0.001,0.001,0.007,0.001,0,0.36,0,0,0,0,0.001,0,0,0,0,0,0,0,0,0,0,0,0.001,0,0,0.001,0,0,0,0.034,0,0,8.897,1.51
04:49.5,9142,0.12,0.203,-0.717,-0.655,0.386,0.564,-0.464,-0.564,0.712,0.522,0.459,0.099,0.641,0.666,0.308,0.225,-0.507,-0.342,0.554,0.565,-0.078,0.795,-0.039,0.6,0.001,0.001,0.001,0.001,0.001,0.001,0.026,0.024,0.001,0.001,0.001,0.007,0.001,0.001,0.182,0.188,0.249,0.001,0.001,0.001,0.001,0.001,0.001,0.223,0.469,0.328,0.339,0.001,0.001,0.001,0.001,0.001,0.322,0.632,0.473,0.151,0.001,0.713,1.007,1.034,0.636,0.722,0.369,0.586,0.002,-0.816,0.158,0.539,0.136,0.869,0.665,0.187,0.001,0,0,0,0.001,0.687,0.828,0.807,0,0.001,0.001,0.087,0.038,0.001,0.56,0.956,0.781,0.001,0,0,0.001,0.013,0,0,0.215,0.051,0.001,0,0.001,0,0,0.001,0.001,0.001,0,0,0,0,0,0.045,0,0.001,8.705,6.802
04:49.5,9143,0.124,0.203,-0.718,-0.654,0.387,0.562,-0.462,-0.566,0.709,0.52,0.466,0.099,0.643,0.668,0.299,0.225,-0.507,-0.343,0.556,0.563,-0.075,0.796,-0.063,0.597,0.001,0.001,0.001,0.001,0.001,0.001,0.023,0.023,0.001,0.001,0.001,0.006,0.001,0.001,0.187,0.153,0.231,0.001,0.001,0.001,0.001,0.001,0.001,0.19,0.397,0.289,0.331,0.001,0.001,0.001,0.001,0.001,0.274,0.598,0.482,0.098,0.001,0.724,1.077,1.06,0.615,0.739,0.379,0.578,0.002,-0.816,0.158,0.539,0.136,0.869,0.665,0.187,0.001,0,0,0,0.001,0.687,0.828,0.807,0,0.001,0.001,0.087,0.038,0.001,0.56,0.956,0.781,0.001,0,0,0.001,0.013,0,0,0.215,0.051,0.001,0,0.001,0,0,0.001,0.001,0.001,0,0,0,0,0,0.045,0,0.001,8.479,6.802
04:49.5,9144,0.127,0.201,-0.718,-0.654,0.388,0.561,-0.46,-0.569,0.709,0.518,0.47,0.097,0.644,0.671,0.286,0.229,-0.507,-0.344,0.557,0.561,-0.073,0.797,-0.086,0.594,0.001,0.001,0.001,0.001,0.001,0.001,0.016,0.018,0.001,0.001,0.001,0.005,0.001,0.001,0.201,0.122,0.225,0.001,0.001,0.001,0.001,0.001,0.001,0.167,0.347,0.252,0.308,0.001,0.001,0.001,0,0.001,0.244,0.557,0.474,0.055,0.001,0.702,1.117,1.085,0.607,0.762,0.372,0.569,0.002,-0.816,0.158,0.539,0.136,0.869,0.665,0.187,0.001,0,0,0,0.001,0.687,0.828,0.807,0,0.001,0.001,0.087,0.038,0.001,0.56,0.956,0.781,0.001,0,0,0.001,0.013,0,0,0.215,0.051,0.001,0,0.001,0,0,0.001,0.001,0.001,0,0,0,0,0,0.045,0,0.001,8.229,6.802
04:49.5,9145,0.13,0.198,-0.717,-0.656,0.388,0.559,-0.458,-0.572,0.709,0.516,0.47,0.097,0.646,0.673,0.274,0.234,-0.506,-0.345,0.557,0.561,-0.069,0.795,-0.119,0.59,0.001,0.001,0,0.001,0.001,0.001,0.015,0.017,0.001,0.001,0.001,0.001,0.001,0.001,0.171,0.112,0.211,0.001,0.001,0.001,0.001,0.001,0.001,0.168,0.298,0.214,0.288,0.001,0.001,0.001,0.001,0.001,0.248,0.504,0.44,0.029,0.001,0.696,1.125,1.095,0.596,0.783,0.363,0.617,0.002,-0.819,0.213,0.506,0.167,0.94,0.736,0.482,0.001,0,0.001,0.001,0.001,0.62,0.868,0.833,0,0,0,0.138,0.061,0.001,0.441,0.932,0.849,0.001,0.001,0.001,0.001,0.059,0.001,0,0.186,0.136,0,0.001,0,0,0,0,0.001,0,0,0,0,0,0.001,0.044,0,0,8.015,7.338
04:49.5,9146,0.133,0.193,-0.715,-0.658,0.388,0.557,-0.457,-0.575,0.71,0.517,0.468,0.101,0.648,0.673,0.265,0.237,-0.505,-0.346,0.557,0.561,-0.064,0.793,-0.145,0.587,0.001,0.001,0.001,0.001,0.001,0.001,0.009,0.026,0.001,0.001,0.001,0.001,0.001,0.001,0.118,0.115,0.161,0.001,0.001,0.001,0.001,0.001,0.001,0.178,0.217,0.179,0.276,0.001,0.001,0.001,0.001,0.001,0.263,0.427,0.415,0.022,0.001,0.689,1.049,1.133,0.593,0.792,0.338,0.623,0.001,-0.812,0.23,0.509,0.17,0.961,0.772,0.568,0,0,0.001,0.038,0,0.589,0.878,0.844,0.027,0,0,0.166,0.074,0,0.385,0.912,0.83,0.013,0.001,0.001,0.001,0.06,0,0.001,0.172,0.171,0,0.001,0,0,0,0,0.001,0.001,0.001,0,0,0.001,0,0.051,0.001,0,7.648,7.522
04:49.5,9147,0.137,0.187,-0.713,-0.662,0.388,0.555,-0.455,-0.578,0.707,0.523,0.463,0.111,0.65,0.674,0.258,0.237,-0.502,-0.348,0.557,0.562,-0.059,0.792,-0.178,0.581,0.001,0.001,0.001,0.001,0.001,0.001,0.01,0.024,0.001,0.001,0.001,0.001,0.001,0.001,0.093,0.14,0.126,0.001,0.001,0.001,0.001,0.001,0.001,0.175,0.187,0.144,0.248,0.001,0.001,0.001,0.001,0.001,0.272,0.36,0.405,0.028,0.001,0.7,0.929,1.131,0.58,0.766,0.276,0.626,0.001,-0.807,0.245,0.507,0.176,0.971,0.799,0.639,0.002,0,0,0.093,0.001,0.557,0.888,0.852,0.155,0.001,0.001,0.187,0.085,0.001,0.324,0.894,0.817,0.088,0.001,0,0.001,0.06,0,0,0.155,0.186,0.001,0,0,0,0.001,0,0,0,0,0.001,0.001,0,0,0.046,0,0,7.245,7.808
04:49.5,9148,0.14,0.172,-0.71,-0.666,0.387,0.553,-0.454,-0.582,0.701,0.533,0.457,0.126,0.649,0.677,0.252,0.237,-0.499,-0.349,0.558,0.563,-0.055,0.788,-0.225,0.57,0.001,0.001,0.001,0.001,0.001,0.001,0.006,0.016,0.001,0.001,0.001,0.001,0.001,0.001,0.095,0.168,0.077,0.001,0.001,0.001,0.001,0.001,0.001,0.197,0.165,0.132,0.209,0.001,0.001,0.001,0.001,0.001,0.289,0.28,0.389,0.055,0.001,0.67,0.713,1.024,0.548,0.592,0.199,0.639,0.001,-0.801,0.263,0.505,0.187,0.99,0.822,0.673,0.073,0.067,0.001,0.214,0.001,0.514,0.905,0.858,0.293,0.001,0,0.233,0.085,0,0.249,0.879,0.824,0.162,0.001,0.001,0.002,0.065,0,0.001,0.134,0.192,0,0.001,0,0.001,0.001,0,0,0,0.001,0.001,0.001,0.001,0,0.045,0,0,6.488,8.292
04:49.5,9149,0.144,0.164,-0.707,-0.67,0.385,0.551,-0.453,-0.585,0.693,0.542,0.455,0.138,0.647,0.682,0.244,0.239,-0.495,-0.351,0.561,0.564,-0.055,0.788,-0.225,0.57,0.001,0.001,0.001,0.001,0.001,0.001,0.006,0.016,0.001,0.001,0.001,0.001,0.001,0.001,0.095,0.168,0.077,0.001,0.001,0.001,0.001,0.001,0.001,0.197,0.165,0.132,0.209,0.001,0.001,0.001,0.001,0.001,0.289,0.28,0.389,0.055,0.001,0.67,0.713,1.024,0.548,0.592,0.199,0.639,0.001,-0.796,0.28,0.497,0.202,1.02,0.836,0.707,0.173,0.134,0.037,0.405,0.001,0.466,0.902,0.856,0.374,0.001,0.001,0.549,0.081,0,0.212,0.869,0.821,0.238,0.001,0.001,0.01,0.073,0.001,0,0.133,0.199,0.002,0,0.001,0.001,0,0,0,0.001,0.021,0.001,0,0,0.001,0.048,0.001,0,6.488,9.178
04:49.5,9150,0.147,0.163,-0.705,-0.675,0.382,0.55,-0.451,-0.59,0.687,0.548,0.455,0.142,0.643,0.687,0.236,0.243,-0.489,-0.352,0.565,0.564,-0.055,0.788,-0.225,0.57,0.001,0.001,0.001,0.001,0.001,0.001,0.006,0.016,0.001,0.001,0.001,0.001,0.001,0.001,0.095,0.168,0.077,0.001,0.001,0.001,0.001,0.001,0.001,0.197,0.165,0.132,0.209,0.001,0.001,0.001,0.001,0.001,0.289,0.28,0.389,0.055,0.001,0.67,0.713,1.024,0.548,0.592,0.199,0.639,0.001,-0.79,0.302,0.487,0.218,1.016,0.84,0.729,0.241,0.223,0.095,0.488,0.001,0.443,0.9,0.847,0.427,0,0,0.629,0.094,0.001,0.195,0.868,0.816,0.277,0,0.001,0.092,0.07,0,0,0.129,0.204,0.007,0,0,0.001,0,0,0.001,0.001,0.024,0,0.001,0,0,0.034,0,0.001,6.488,9.696
04:49.5,9151,0.15,0.154,-0.702,-0.679,0.377,0.548,-0.45,-0.596,0.685,0.552,0.454,0.142,0.637,0.693,0.228,0.249,-0.483,-0.353,0.57,0.562,-0.055,0.788,-0.225,0.57,0.001,0.001,0.001,0.001,0.001,0.001,0.006,0.016,0.001,0.001,0.001,0.001,0.001,0.001,0.095,0.168,0.077,0.001,0.001,0.001,0.001,0.001,0.001,0.197,0.165,0.132,0.209,0.001,0.001,0.001,0.001,0.001,0.289,0.28,0.389,0.055,0.001,0.67,0.713,1.024,0.548,0.592,0.199,0.639,0.001,-0.785,0.319,0.478,0.232,1.026,0.845,0.737,0.303,0.324,0.128,0.535,0.001,0.429,0.9,0.852,0.484,0.002,0,0.624,0.143,0,0.186,0.866,0.814,0.299,0,0,0.153,0.134,0,0,0.131,0.21,0.028,0.001,0.001,0.001,0,0.001,0.001,0.001,0.037,0,0.001,0,0.001,0.029,0,0,6.488,10.228
04:49.6,9152,0.152,0.145,-0.699,-0.683,0.371,0.547,-0.449,-0.601,0.684,0.555,0.451,0.141,0.63,0.699,0.222,0.255,-0.478,-0.354,0.576,0.56,-0.055,0.788,-0.225,0.57,0.001,0.001,0.001,0.001,0.001,0.001,0.006,0.016,0.001,0.001,0.001,0.001,0.001,0.001,0.095,0.168,0.077,0.001,0.001,0.001,0.001,0.001,0.001,0.197,0.165,0.132,0.209,0.001,0.001,0.001,0.001,0.001,0.289,0.28,0.389,0.055,0.001,0.67,0.713,1.024,0.548,0.592,0.199,0.639,0.001,-0.785,0.319,0.478,0.232,1.026,0.845,0.737,0.303,0.324,0.128,0.535,0.001,0.429,0.9,0.852,0.484,0.002,0,0.624,0.143,0,0.186,0.866,0.814,0.299,0,0,0.153,0.134,0,0,0.131,0.21,0.028,0.001,0.001,0.001,0,0.001,0.001,0.001,0.037,0,0.001,0,0.001,0.029,0,0,6.488,10.228
04:49.6,9153,0.154,0.134,-0.697,-0.687,0.366,0.547,-0.447,-0.605,0.683,0.56,0.446,0.14,0.624,0.704,0.216,0.261,-0.473,-0.356,0.582,0.558,-0.055,0.788,-0.225,0.57,0.001,0.001,0.001,0.001,0.001,0.001,0.006,0.016,0.001,0.001,0.001,0.001,0.001,0.001,0.095,0.168,0.077,0.001,0.001,0.001,0.001,0.001,0.001,0.197,0.165,0.132,0.209,0.001,0.001,0.001,0.001,0.001,0.289,0.28,0.389,0.055,0.001,0.67,0.713,1.024,0.548,0.592,0.199,0.639,0.001,-0.785,0.319,0.478,0.232,1.026,0.845,0.737,0.303,0.324,0.128,0.535,0.001,0.429,0.9,0.852,0.484,0.002,0,0.624,0.143,0,0.186,0.866,0.814,0.299,0,0,0.153,0.134,0,0,0.131,0.21,0.028,0.001,0.001,0.001,0,0.001,0.001,0.001,0.037,0,0.001,0,0.001,0.029,0,0,6.488,10.228
04:49.6,9154,0.155,0.125,-0.695,-0.691,0.363,0.55,-0.446,-0.606,0.682,0.567,0.44,0.142,0.619,0.708,0.211,0.267,-0.469,-0.358,0.586,0.556,-0.055,0.788,-0.225,0.57,0.001,0.001,0.001,0.001,0.001,0.001,0.006,0.016,0.001,0.001,0.001,0.001,0.001,0.001,0.095,0.168,0.077,0.001,0.001,0.001,0.001,0.001,0.001,0.197,0.165,0.132,0.209,0.001,0.001,0.001,0.001,0.001,0.289,0.28,0.389,0.055,0.001,0.67,0.713,1.024,0.548,0.592,0.199,0.639,0.001,-0.785,0.319,0.478,0.232,1.026,0.845,0.737,0.303,0.324,0.128,0.535,0.001,0.429,0.9,0.852,0.484,0.002,0,0.624,0.143,0,0.186,0.866,0.814,0.299,0,0,0.153,0.134,0,0,0.131,0.21,0.028,0.001,0.001,0.001,0,0.001,0.001,0.001,0.037,0,0.001,0,0.001,0.029,0,0,6.488,10.228
04:49.6,9155,0.155,0.115,-0.693,-0.695,0.362,0.556,-0.444,-0.603,0.678,0.575,0.433,0.147,0.616,0.71,0.205,0.272,-0.465,-0.359,0.59,0.555,-0.295,0.754,-0.237,0.537,0.001,0.001,0.001,0.001,0.001,0.001,0.001,0.012,0.001,0.001,0.001,0.001,0.001,0.001,0.11,0.178,0.072,0.001,0.001,0.001,0.001,0.001,0.001,0.184,0.164,0.137,0.198,0,0.001,0.001,0.001,0.001,0.284,0.266,0.366,0.056,0.001,0.635,0.62,1.023,0.552,0.504,0.219,0.611,0.029,-0.785,0.319,0.478,0.232,1.026,0.845,0.737,0.303,0.324,0.128,0.535,0.001,0.429,0.9,0.852,0.484,0.002,0,0.624,0.143,0,0.186,0.866,0.814,0.299,0,0,0.153,0.134,0,0,0.131,0.21,0.028,0.001,0.001,0.001,0,0.001,0.001,0.001,0.037,0,0.001,0,0.001,0.029,0,0,6.244,10.228
04:49.6,9156,0.155,0.106,-0.692,-0.697,0.362,0.567,-0.44,-0.594,0.673,0.583,0.428,0.155,0.614,0.712,0.199,0.276,-0.46,-0.361,0.592,0.554,-0.316,0.746,-0.245,0.533,0.001,0.001,0.001,0.001,0.001,0.001,0.001,0.001,0.001,0.001,0.001,0.001,0.001,0.001,0.001,0.001,0.001,0.001,0.001,0.001,0.001,0.001,0.001,0.001,0.015,0.001,0.001,0.001,0.001,0.001,0.001,0.001,0.001,0.011,0.001,0.001,0.001,0.001,0.02,0.001,0.001,0.001,0.001,0.001,0.001,-0.785,0.319,0.478,0.232,1.026,0.845,0.737,0.303,0.324,0.128,0.535,0.001,0.429,0.9,0.852,0.484,0.002,0,0.624,0.143,0,0.186,0.866,0.814,0.299,0,0,0.153,0.134,0,0,0.131,0.21,0.028,0.001,0.001,0.001,0,0.001,0.001,0.001,0.037,0,0.001,0,0.001,0.029,0,0,0.088,10.228
04:49.6,9157,0.156,0.097,-0.691,-0.699,0.363,0.583,-0.435,-0.582,0.667,0.592,0.423,0.164,0.612,0.714,0.194,0.28,-0.456,-0.363,0.594,0.555,-0.338,0.741,-0.251,0.523,0.001,0.001,0.001,0.001,0.001,0.001,0.001,0.001,0.001,0.001,0.045,0.001,0.001,0.001,0.001,0.001,0.001,0.001,0.001,0.001,0.001,0.001,0.001,0.001,0.001,0.001,0.001,0.001,0.001,0.001,0.001,0.001,0.001,0.001,0.001,0.001,0.001,0.001,0.007,0.001,0.001,0.001,0.001,0.001,0.001,-0.785,0.319,0.478,0.232,1.026,0.845,0.737,0.303,0.324,0.128,0.535,0.001,0.429,0.9,0.852,0.484,0.002,0,0.624,0.143,0,0.186,0.866,0.814,0.299,0,0,0.153,0.134,0,0,0.131,0.21,0.028,0.001,0.001,0.001,0,0.001,0.001,0.001,0.037,0,0.001,0,0.001,0.029,0,0,0.095,10.228
04:49.6,9158,0.159,0.088,-0.691,-0.7,0.362,0.6,-0.429,-0.57,0.66,0.599,0.418,0.172,0.609,0.716,0.19,0.283,-0.452,-0.364,0.595,0.556,-0.331,0.75,-0.267,0.506,0.001,0.001,0.001,0.001,0.001,0.001,0.001,0.001,0.001,0.001,0.05,0.001,0.001,0.001,0.001,0.001,0.001,0.001,0.001,0.001,0.001,0.001,0.001,0.001,0.001,0.001,0.001,0.001,0.001,0.001,0.001,0.001,0.001,0.001,0.001,0.001,0.001,0.001,0.001,0.001,0.001,0.001,0.001,0.001,0.001,-0.725,0.445,0.403,0.337,1.018,0.847,0.741,0.302,0.364,0.14,0.585,0.002,0.421,0.899,0.852,0.503,0.009,0,0.62,0.143,0,0.186,0.864,0.812,0.304,0.001,0,0.181,0.195,0,0.001,0.132,0.209,0.031,0,0,0.002,0.001,0.001,0.001,0,0.032,0,0,0,0,0.028,0,0.001,0.094,10.428
04:49.6,9159,0.164,0.079,-0.691,-0.699,0.358,0.617,-0.423,-0.559,0.655,0.606,0.414,0.179,0.607,0.718,0.185,0.285,-0.449,-0.366,0.594,0.558,-0.31,0.772,-0.261,0.489,0.001,0.001,0.001,0.001,0.001,0.001,0.001,0.001,0.001,0.001,0.001,0.001,0.001,0.001,0.001,0.001,0.001,0.001,0.001,0.001,0.001,0.001,0.001,0.001,0.001,0.001,0.001,0.001,0.001,0.001,0.001,0.001,0.001,0.001,0.001,0.001,0.001,0.001,0.001,0.001,0.001,0.001,0.001,0.001,0.001,-0.725,0.445,0.403,0.337,1.018,0.847,0.741,0.302,0.364,0.14,0.585,0.002,0.421,0.899,0.852,0.503,0.009,0,0.62,0.143,0,0.186,0.864,0.812,0.304,0.001,0,0.181,0.195,0,0.001,0.132,0.209,0.031,0,0,0.002,0.001,0.001,0.001,0,0.032,0,0,0,0,0.028,0,0.001,0.045,10.428
04:49.6,9160,0.171,0.071,-0.692,-0.698,0.353,0.633,-0.415,-0.55,0.651,0.612,0.41,0.184,0.605,0.72,0.181,0.287,-0.446,-0.368,0.594,0.56,-0.308,0.787,-0.235,0.48,0.001,0.001,0.001,0.001,0.001,0.001,0.001,0.001,0.001,0.001,0.001,0.001,0.001,0.001,0.001,0.001,0.001,0.001,0.001,0.001,0.001,0.001,0.001,0.001,0.001,0.001,0.001,0.001,0.001,0.001,0.001,0.001,0.001,0.001,0.001,0.001,0.001,0.001,0.001,0.001,0.001,0.001,0.001,0.001,0.001,-0.725,0.445,0.403,0.337,1.018,0.847,0.741,0.302,0.364,0.14,0.585,0.002,0.421,0.899,0.852,0.503,0.009,0,0.62,0.143,0,0.186,0.864,0.812,0.304,0.001,0,0.181,0.195,0,0.001,0.132,0.209,0.031,0,0,0.002,0.001,0.001,0.001,0,0.032,0,0,0,0,0.028,0,0.001,0.045,10.428
04:49.6,9161,0.178,0.064,-0.692,-0.696,0.346,0.648,-0.406,-0.543,0.648,0.616,0.405,0.188,0.603,0.721,0.176,0.29,-0.443,-0.37,0.593,0.561,-0.3,0.797,-0.207,0.482,0.001,0.001,0.001,0.001,0.001,0.001,0.001,0.001,0.001,0.001,0.001,0.001,0.001,0.001,0.001,0.001,0.001,0.001,0.001,0.001,0.001,0.001,0.001,0.001,0.001,0.001,0.001,0.001,0.001,0.001,0.001,0.001,0.001,0.001,0.001,0.001,0.001,0.001,0.001,0.001,0.001,0.001,0.001,0.001,0.001,-0.725,0.445,0.403,0.337,1.018,0.847,0.741,0.302,0.364,0.14,0.585,0.002,0.421,0.899,0.852,0.503,0.009,0,0.62,0.143,0,0.186,0.864,0.812,0.304,0.001,0,0.181,0.195,0,0.001,0.132,0.209,0.031,0,0,0.002,0.001,0.001,0.001,0,0.032,0,0,0,0,0.028,0,0.001,0.045,10.428
04:49.7,9162,0.186,0.058,-0.693,-0.694,0.337,0.661,-0.399,-0.539,0.646,0.621,0.4,0.192,0.601,0.722,0.173,0.294,-0.441,-0.373,0.592,0.562,-0.277,0.806,-0.203,0.482,0.001,0.001,0.001,0.001,0.001,0.001,0.001,0.001,0.001,0.001,0.001,0.001,0.001,0.001,0.001,0.001,0.001,0.001,0.001,0.001,0.001,0.001,0.001,0.001,0.001,0.001,0.001,0.001,0.001,0.001,0.001,0.001,0.001,0.001,0.001,0.001,0.001,0.001,0.001,0.001,0.001,0.001,0.001,0.001,0.001,-0.725,0.445,0.403,0.337,1.018,0.847,0.741,0.302,0.364,0.14,0.585,0.002,0.421,0.899,0.852,0.503,0.009,0,0.62,0.143,0,0.186,0.864,0.812,0.304,0.001,0,0.181,0.195,0,0.001,0.132,0.209,0.031,0,0,0.002,0.001,0.001,0.001,0,0.032,0,0,0,0,0.028,0,0.001,0.045,10.428
04:49.7,9163,0.194,0.052,-0.695,-0.69,0.329,0.667,-0.394,-0.54,0.644,0.625,0.394,0.197,0.599,0.723,0.171,0.299,-0.439,-0.376,0.592,0.562,-0.256,0.814,-0.193,0.484,0.001,0.001,0.001,0.001,0.001,0.001,0.001,0.001,0,0.001,0.001,0.001,0.001,0.001,0.001,0.001,0.001,0.001,0.001,0.001,0.001,0.001,0.001,0.001,0.001,0.001,0.001,0.001,0.001,0.001,0.001,0.001,0.001,0.001,0.001,0,0.001,0.001,0.001,0.001,0.001,0.001,0.001,0.001,0.001,-0.725,0.445,0.403,0.337,1.018,0.847,0.741,0.302,0.364,0.14,0.585,0.002,0.421,0.899,0.852,0.503,0.009,0,0.62,0.143,0,0.186,0.864,0.812,0.304,0.001,0,0.181,0.195,0,0.001,0.132,0.209,0.031,0,0,0.002,0.001,0.001,0.001,0,0.032,0,0,0,0,0.028,0,0.001,0.043,10.428
04:49.7,9164,0.202,0.048,-0.696,-0.687,0.321,0.67,-0.39,-0.544,0.642,0.629,0.389,0.202,0.596,0.724,0.17,0.303,-0.437,-0.378,0.591,0.562,-0.241,0.823,-0.172,0.485,0.001,0.001,0.001,0.001,0.001,0.001,0.001,0.001,0.001,0.001,0.001,0.001,0.001,0.001,0.001,0.001,0.001,0.001,0.001,0.001,0.001,0.001,0.001,0.001,0.001,0.001,0,0.001,0.001,0.001,0.001,0.001,0.001,0.001,0.001,0.001,0.001,0.001,0.001,0,0.001,0.001,0.001,0.001,0.001,-0.725,0.445,0.403,0.337,1.018,0.847,0.741,0.302,0.364,0.14,0.585,0.002,0.421,0.899,0.852,0.503,0.009,0,0.62,0.143,0,0.186,0.864,0.812,0.304,0.001,0,0.181,0.195,0,0.001,0.132,0.209,0.031,0,0,0.002,0.001,0.001,0.001,0,0.032,0,0,0,0,0.028,0,0.001,0.043,10.428
04:49.7,9165,0.21,0.045,-0.697,-0.684,0.316,0.67,-0.386,-0.549,0.638,0.634,0.384,0.209,0.593,0.724,0.169,0.308,-0.436,-0.381,0.591,0.562,-0.225,0.828,-0.168,0.485,0,0.001,0.001,0.001,0.001,0.001,0.001,0.001,0.001,0.001,0.001,0.001,0.001,0.001,0.001,0.001,0.001,0,0.001,0.001,0.001,0.001,0.001,0.001,0.001,0.001,0.001,0.001,0.001,0.001,0.001,0.001,0.001,0.001,0.001,0.001,0.001,0.001,0.001,0.001,0.001,0.001,0.001,0.001,0.001,-0.639,0.547,0.326,0.431,1.023,0.871,0.8,0.554,0.731,0.383,0.742,0.018,0.365,0.907,0.86,0.628,0.085,0.065,0.567,0.265,0.001,0.104,0.845,0.791,0.35,0.004,0.001,0.332,0.623,0,0,0.093,0.184,0.031,0,0,0.068,0.044,0.001,0,0,0.032,0.001,0,0,0,0.001,0,0,0.043,12.37
04:49.7,9166,0.217,0.043,-0.698,-0.681,0.311,0.669,-0.383,-0.555,0.633,0.639,0.379,0.216,0.591,0.724,0.169,0.313,-0.435,-0.383,0.59,0.562,-0.213,0.832,-0.157,0.487,0.001,0.001,0.001,0.001,0.001,0.001,0.001,0.001,0,0.001,0.001,0.001,0.001,0.001,0.001,0.001,0.001,0.001,0.001,0.001,0.001,0.001,0.001,0.001,0.001,0.001,0.001,0.001,0.001,0.001,0.001,0.001,0.001,0.001,0.001,0.001,0.001,0.001,0.001,0.001,0.001,0.001,0.001,0.001,0.001,-0.629,0.557,0.318,0.44,0.744,0.877,0.835,0.736,1.117,0.786,0.906,0.099,0.192,0.883,0.863,0.697,0.151,0.148,0.548,0.382,0.147,0.004,0.78,0.744,0.292,0.006,0.004,0.263,0.791,0,0,0.029,0.079,0.009,0.001,0.001,0.116,0.284,0,0.001,0.001,0.01,0.024,0,0,0.001,0,0.001,0,0.044,13.552
04:49.7,9167,0.224,0.041,-0.699,-0.678,0.308,0.667,-0.382,-0.56,0.628,0.644,0.374,0.224,0.589,0.724,0.17,0.317,-0.434,-0.385,0.589,0.562,-0.226,0.832,-0.134,0.488,0.001,0.001,0.001,0.001,0.001,0.001,0.001,0.001,0.001,0.001,0.001,0.001,0.001,0.001,0.001,0.001,0.001,0.001,0.001,0.001,0.001,0.001,0.001,0.001,0.001,0.001,0.001,0.001,0.001,0.001,0.001,0.001,0.001,0.001,0.001,0.001,0.001,0.001,0.001,0.001,0.001,0.001,0.001,0.001,0.001,-0.613,0.571,0.305,0.453,0.706,0.875,0.835,0.748,1.149,0.834,0.918,0.104,0.16,0.872,0.862,0.698,0.15,0.156,0.551,0.389,0.178,0.004,0.778,0.739,0.277,0.006,0.004,0.269,0.797,0.001,0.001,0.024,0.067,0.005,0.001,0,0.122,0.297,0.001,0,0,0.009,0.029,0,0,0,0.001,0,0,0.045,13.617
04:49.7,9168,0.231,0.04,-0.699,-0.675,0.304,0.665,-0.382,-0.565,0.622,0.649,0.37,0.233,0.588,0.724,0.171,0.319,-0.434,-0.387,0.588,0.562,-0.239,0.83,-0.107,0.492,0.001,0.001,0.001,0.001,0.001,0.001,0,0.001,0.001,0.001,0.001,0.001,0.001,0.001,0.001,0.001,0.001,0.001,0.001,0.001,0.001,0.001,0.001,0.001,0.001,0.001,0.001,0.001,0.001,0.001,0.001,0.001,0.001,0.001,0.001,0.001,0.001,0.001,0.001,0.001,0.001,0.001,0.001,0.001,0.001,-0.601,0.581,0.295,0.463,0.684,0.873,0.83,0.751,1.162,0.866,0.93,0.109,0.14,0.863,0.863,0.701,0.155,0.166,0.557,0.393,0.203,0.002,0.774,0.735,0.263,0.005,0.004,0.266,0.806,0.001,0.001,0.021,0.05,0.005,0.001,0,0.129,0.295,0.001,0,0.001,0.009,0.029,0.001,0.001,0.001,0.001,0,0,0.044,13.648
04:49.7,9169,0.238,0.04,-0.699,-0.673,0.301,0.662,-0.383,-0.57,0.616,0.654,0.367,0.241,0.587,0.724,0.172,0.32,-0.434,-0.39,0.587,0.561,-0.248,0.827,-0.084,0.497,0.001,0.001,0.001,0.001,0.001,0.001,0.001,0.001,0.001,0.001,0.001,0.001,0.001,0.001,0.001,0.001,0.001,0.001,0.001,0.001,0.001,0.001,0.001,0.001,0.001,0.001,0.001,0.001,0.001,0.001,0.001,0.001,0.001,0.001,0.001,0.001,0.001,0.001,0.001,0.001,0.001,0.001,0.001,0.001,0.001,-0.586,0.593,0.284,0.474,0.654,0.868,0.827,0.764,1.173,0.883,0.94,0.109,0.123,0.857,0.868,0.69,0.156,0.166,0.56,0.399,0.219,0.002,0.772,0.725,0.252,0.005,0.004,0.267,0.8,0.002,0.001,0.013,0.042,0.001,0.001,0.001,0.132,0.294,0,0,0,0.004,0.031,0.001,0,0,0.001,0,0.001,0.045,13.608
04:49.7,9170,0.245,0.039,-0.699,-0.67,0.3,0.658,-0.385,-0.573,0.611,0.658,0.364,0.249,0.586,0.724,0.173,0.321,-0.433,-0.392,0.586,0.561,-0.216,0.832,-0.086,0.503,0.001,0.001,0.001,0.001,0.001,0,0.001,0.001,0.001,0,0.001,0.001,0.001,0.001,0.001,0.001,0.001,0.001,0.001,0.001,0.001,0.001,0.001,0.001,0.005,0.001,0.001,0.001,0.001,0.001,0.001,0.001,0.001,0.001,0.001,0.001,0.001,0.001,0.001,0.001,0.001,0.001,0.001,0.001,0.001,-0.574,0.602,0.274,0.483,0.631,0.863,0.822,0.756,1.183,0.886,0.945,0.115,0.117,0.853,0.869,0.692,0.158,0.172,0.564,0.397,0.231,0.002,0.764,0.725,0.243,0.005,0.004,0.27,0.794,0.001,0.001,0.004,0.026,0.001,0.001,0,0.136,0.286,0.001,0,0.001,0.004,0.028,0.001,0,0.001,0.001,0.001,0,0.047,13.555
04:49.7,9171,0.25,0.039,-0.7,-0.668,0.301,0.654,-0.387,-0.576,0.605,0.661,0.361,0.256,0.585,0.723,0.175,0.322,-0.433,-0.395,0.585,0.561,-0.173,0.838,-0.091,0.51,0.001,0.001,0.001,0.001,0.001,0.001,0.001,0.001,0.001,0.001,0.001,0.001,0.001,0.001,0.001,0.001,0.001,0.001,0.001,0.001,0.001,0.001,0.001,0.001,0.006,0.001,0.001,0.001,0.001,0.001,0.001,0.001,0.001,0.001,0.001,0.001,0.001,0.001,0.001,0.001,0.001,0.001,0.001,0.001,0.001,-0.561,0.61,0.265,0.492,0.592,0.86,0.814,0.753,1.187,0.884,0.95,0.112,0.106,0.849,0.871,0.686,0.158,0.177,0.567,0.397,0.228,0.001,0.752,0.723,0.237,0.005,0.004,0.27,0.792,0.001,0.001,0.004,0.012,0.001,0.001,0,0.138,0.283,0,0,0,0.005,0.029,0,0.001,0.001,0.001,0.001,0,0.05,13.454
04:49.8,9172,0.256,0.039,-0.7,-0.666,0.304,0.65,-0.39,-0.577,0.601,0.664,0.359,0.263,0.584,0.723,0.177,0.323,-0.433,-0.398,0.583,0.56,-0.139,0.841,-0.093,0.514,0.001,0.001,0.001,0.001,0.001,0.001,0.001,0.001,0.001,0.001,0.001,0.001,0.001,0.001,0.001,0.001,0.001,0.001,0.001,0.001,0.001,0.001,0.001,0.001,0.007,0.001,0.001,0.001,0.001,0.001,0.001,0.001,0.001,0.001,0.001,0.001,0.001,0.001,0.001,0.001,0.001,0.001,0.001,0.001,0.001,-0.546,0.621,0.252,0.503,0.58,0.849,0.806,0.745,1.193,0.882,0.945,0.112,0.099,0.847,0.868,0.69,0.156,0.177,0.567,0.396,0.225,0.001,0.751,0.72,0.239,0.005,0.004,0.275,0.799,0.001,0.001,0.002,0.011,0.001,0,0.001,0.139,0.278,0.001,0.001,0.001,0.007,0.029,0,0.001,0.001,0,0.001,0,0.051,13.407
04:49.8,9173,0.262,0.039,-0.699,-0.664,0.31,0.645,-0.394,-0.576,0.597,0.666,0.358,0.268,0.584,0.723,0.179,0.323,-0.432,-0.401,0.582,0.56,-0.097,0.844,-0.094,0.518,0.001,0.001,0.001,0.001,0.001,0.001,0.001,0.001,0,0.001,0.001,0.001,0.001,0.001,0.001,0.001,0.001,0.001,0.001,0.001,0.001,0.001,0.001,0.001,0.007,0.001,0.001,0.001,0.001,0.001,0.001,0.001,0.001,0.001,0.001,0.001,0.001,0.001,0.001,0.001,0.001,0.001,0.001,0.001,0.001,-0.534,0.629,0.241,0.511,0.547,0.824,0.784,0.711,1.186,0.861,0.943,0.115,0.1,0.84,0.862,0.689,0.16,0.177,0.567,0.398,0.216,0.001,0.762,0.735,0.25,0.005,0.002,0.277,0.786,0.001,0,0.002,0.011,0.001,0.001,0.001,0.145,0.284,0.001,0,0.001,0.006,0.034,0,0,0.001,0,0,0.001,0.05,13.288
04:49.8,9174,0.267,0.04,-0.699,-0.662,0.318,0.64,-0.398,-0.575,0.593,0.668,0.356,0.273,0.584,0.723,0.181,0.321,-0.432,-0.404,0.58,0.56,-0.067,0.846,-0.094,0.521,0.001,0.001,0.001,0.001,0.001,0.001,0.001,0.001,0.001,0.001,0.001,0.001,0.001,0.001,0.001,0.001,0.001,0.001,0.001,0.001,0.001,0.001,0.001,0.001,0.009,0.001,0.001,0.001,0.001,0.001,0.001,0.001,0.001,0.001,0.001,0.001,0.001,0.001,0.001,0.001,0.001,0.001,0.001,0.001,0.001,-0.517,0.639,0.225,0.523,0.518,0.811,0.764,0.687,1.178,0.822,0.929,0.114,0.1,0.832,0.853,0.686,0.165,0.183,0.569,0.397,0.197,0.001,0.77,0.741,0.266,0.005,0.002,0.278,0.781,0.001,0.001,0.004,0.021,0.001,0,0.001,0.153,0.297,0,0.001,0.001,0.007,0.051,0,0,0.001,0,0,0,0.053,13.189
04:49.8,9175,0.273,0.041,-0.698,-0.66,0.329,0.635,-0.402,-0.571,0.59,0.67,0.355,0.277,0.585,0.723,0.184,0.318,-0.431,-0.407,0.579,0.56,-0.033,0.846,-0.092,0.525,0.001,0.001,0.001,0.001,0.001,0.001,0.001,0.001,0.001,0.001,0.001,0.001,0.001,0.001,0.001,0.001,0.001,0.001,0.001,0.001,0.001,0.001,0.001,0.001,0.009,0.001,0.001,0.001,0.001,0.001,0.001,0.001,0.001,0.001,0.001,0.001,0.001,0.001,0.001,0.001,0.001,0.001,0.001,0.001,0.001,-0.505,0.646,0.213,0.531,0.498,0.799,0.747,0.669,1.176,0.807,0.916,0.11,0.099,0.824,0.85,0.689,0.178,0.193,0.568,0.386,0.2,0.001,0.779,0.748,0.278,0.005,0.002,0.288,0.788,0.001,0,0.005,0.031,0.002,0.001,0.001,0.168,0.33,0,0.001,0.001,0.013,0.092,0,0.001,0,0.001,0.001,0,0.053,13.247
04:49.8,9176,0.279,0.041,-0.697,-0.659,0.341,0.63,-0.406,-0.567,0.587,0.671,0.354,0.281,0.585,0.724,0.186,0.314,-0.43,-0.41,0.577,0.56,-0.007,0.844,-0.088,0.528,0.001,0.001,0.001,0.001,0.001,0.001,0.001,0.001,0.001,0.001,0.001,0.001,0.001,0.001,0.001,0.001,0.001,0.001,0.001,0.001,0.001,0.001,0.001,0.001,0.009,0.001,0.001,0.001,0.001,0.001,0.001,0.001,0.001,0.001,0.001,0.001,0.001,0.001,0.001,0.001,0.001,0.001,0.001,0.001,0.001,-0.49,0.653,0.199,0.542,0.436,0.779,0.731,0.651,1.179,0.801,0.899,0.111,0.095,0.816,0.839,0.692,0.187,0.206,0.56,0.398,0.205,0.001,0.785,0.755,0.299,0.005,0.002,0.3,0.791,0.001,0,0.006,0.037,0.009,0.001,0.001,0.204,0.38,0,0.001,0.001,0.029,0.139,0.001,0,0.001,0.001,0,0.001,0.053,13.336
04:49.8,9177,0.284,0.041,-0.696,-0.658,0.355,0.626,-0.409,-0.562,0.585,0.672,0.353,0.284,0.585,0.725,0.188,0.312,-0.429,-0.413,0.576,0.561,-0.007,0.844,-0.088,0.528,0.001,0.001,0.001,0.001,0.001,0.001,0.001,0.001,0.001,0.001,0.001,0.001,0.001,0.001,0.001,0.001,0.001,0.001,0.001,0.001,0.001,0.001,0.001,0.001,0.009,0.001,0.001,0.001,0.001,0.001,0.001,0.001,0.001,0.001,0.001,0.001,0.001,0.001,0.001,0.001,0.001,0.001,0.001,0.001,0.001,-0.478,0.659,0.187,0.55,0.382,0.766,0.714,0.637,1.188,0.821,0.886,0.115,0.063,0.808,0.832,0.692,0.2,0.223,0.557,0.404,0.205,0.001,0.762,0.753,0.32,0.01,0.002,0.324,0.814,0.001,0.001,0.006,0.035,0.007,0.001,0,0.22,0.435,0.001,0,0,0.043,0.168,0.001,0,0.002,0.001,0,0.001,0.053,13.402
04:49.8,9178,0.29,0.042,-0.694,-0.657,0.368,0.622,-0.412,-0.556,0.585,0.673,0.352,0.286,0.584,0.724,0.189,0.313,-0.427,-0.416,0.574,0.561,-0.007,0.844,-0.088,0.528,0.001,0.001,0.001,0.001,0.001,0.001,0.001,0.001,0.001,0.001,0.001,0.001,0.001,0.001,0.001,0.001,0.001,0.001,0.001,0.001,0.001,0.001,0.001,0.001,0.009,0.001,0.001,0.001,0.001,0.001,0.001,0.001,0.001,0.001,0.001,0.001,0.001,0.001,0.001,0.001,0.001,0.001,0.001,0.001,0.001,-0.463,0.665,0.173,0.56,0.305,0.767,0.698,0.63,1.201,0.872,0.882,0.128,0.038,0.791,0.823,0.689,0.223,0.249,0.556,0.422,0.209,0,0.725,0.745,0.333,0.013,0.002,0.337,0.832,0.001,0,0.002,0.027,0.011,0.001,0.001,0.248,0.465,0,0.011,0,0.046,0.212,0,0,0.005,0.001,0.001,0.001,0.053,13.503
04:49.8,9179,0.296,0.042,-0.693,-0.656,0.381,0.618,-0.414,-0.549,0.585,0.673,0.351,0.288,0.584,0.723,0.191,0.315,-0.425,-0.419,0.572,0.563,-0.007,0.844,-0.088,0.528,0.001,0.001,0.001,0.001,0.001,0.001,0.001,0.001,0.001,0.001,0.001,0.001,0.001,0.001,0.001,0.001,0.001,0.001,0.001,0.001,0.001,0.001,0.001,0.001,0.009,0.001,0.001,0.001,0.001,0.001,0.001,0.001,0.001,0.001,0.001,0.001,0.001,0.001,0.001,0.001,0.001,0.001,0.001,0.001,0.001,-0.453,0.669,0.164,0.566,0.184,0.741,0.675,0.62,1.217,0.904,0.872,0.136,0.006,0.775,0.812,0.69,0.244,0.274,0.559,0.429,0.221,0,0.698,0.741,0.336,0.023,0.004,0.359,0.846,0.001,0,0.002,0.011,0.016,0.001,0.001,0.259,0.516,0,0.015,0.001,0.066,0.249,0.001,0.001,0.006,0.006,0,0,0.053,13.518
04:49.8,9180,0.3,0.043,-0.692,-0.655,0.395,0.614,-0.417,-0.541,0.585,0.672,0.349,0.289,0.584,0.722,0.193,0.316,-0.423,-0.421,0.571,0.564,-0.007,0.844,-0.088,0.528,0.001,0.001,0.001,0.001,0.001,0.001,0.001,0.001,0.001,0.001,0.001,0.001,0.001,0.001,0.001,0.001,0.001,0.001,0.001,0.001,0.001,0.001,0.001,0.001,0.009,0.001,0.001,0.001,0.001,0.001,0.001,0.001,0.001,0.001,0.001,0.001,0.001,0.001,0.001,0.001,0.001,0.001,0.001,0.001,0.001,-0.442,0.673,0.155,0.573,0.117,0.719,0.665,0.603,1.228,0.934,0.867,0.14,0,0.752,0.79,0.685,0.254,0.286,0.567,0.438,0.232,0,0.684,0.729,0.342,0.034,0.004,0.377,0.858,0.001,0.001,0.002,0.002,0.017,0.001,0.001,0.272,0.554,0.001,0.038,0.001,0.074,0.264,0,0,0.007,0.006,0.001,0,0.053,13.548
04:49.8,9181,0.304,0.043,-0.691,-0.655,0.408,0.61,-0.42,-0.534,0.585,0.672,0.348,0.29,0.585,0.722,0.195,0.315,-0.422,-0.423,0.569,0.565,-0.007,0.844,-0.088,0.528,0.001,0.001,0.001,0.001,0.001,0.001,0.001,0.001,0.001,0.001,0.001,0.001,0.001,0.001,0.001,0.001,0.001,0.001,0.001,0.001,0.001,0.001,0.001,0.001,0.009,0.001,0.001,0.001,0.001,0.001,0.001,0.001,0.001,0.001,0.001,0.001,0.001,0.001,0.001,0.001,0.001,0.001,0.001,0.001,0.001,-0.428,0.678,0.142,0.581,0.063,0.696,0.639,0.59,1.236,0.947,0.861,0.149,0,0.725,0.783,0.681,0.272,0.317,0.57,0.446,0.25,0,0.665,0.708,0.346,0.042,0.004,0.394,0.866,0.001,0,0.002,0.002,0.021,0.001,0.001,0.287,0.597,0,0.046,0,0.083,0.278,0,0.001,0.007,0.01,0,0.001,0.053,13.588
04:49.9,9182,0.307,0.045,-0.689,-0.655,0.42,0.606,-0.423,-0.526,0.585,0.672,0.347,0.292,0.586,0.721,0.196,0.313,-0.422,-0.424,0.567,0.566,-0.007,0.844,-0.088,0.528,0.001,0.001,0.001,0.001,0.001,0.001,0.001,0.001,0.001,0.001,0.001,0.001,0.001,0.001,0.001,0.001,0.001,0.001,0.001,0.001,0.001,0.001,0.001,0.001,0.009,0.001,0.001,0.001,0.001,0.001,0.001,0.001,0.001,0.001,0.001,0.001,0.001,0.001,0.001,0.001,0.001,0.001,0.001,0.001,0.001,-0.418,0.681,0.133,0.586,0.021,0.667,0.63,0.569,1.239,0.968,0.844,0.15,0,0.686,0.742,0.665,0.289,0.337,0.57,0.459,0.276,0,0.654,0.706,0.353,0.045,0.004,0.422,0.868,0.001,0.001,0.002,0.004,0.021,0.001,0.001,0.303,0.625,0.001,0.068,0.001,0.1,0.294,0,0.001,0.009,0.01,0,0,0.053,13.607
04:49.9,9183,0.308,0.047,-0.688,-0.655,0.433,0.602,-0.427,-0.518,0.585,0.673,0.345,0.293,0.586,0.722,0.197,0.311,-0.422,-0.425,0.565,0.567,0.15,0.804,-0.018,0.575,0.001,0.001,0.001,0.001,0.001,0.001,0.001,0.001,0.001,0.001,0.001,0.001,0.001,0.001,0.001,0.001,0.001,0.001,0.001,0.001,0.001,0.001,0.001,0.001,0.007,0.001,0.001,0.001,0.001,0.001,0.001,0.001,0.001,0.001,0.001,0.001,0.001,0.001,0.001,0.001,0.001,0.001,0.001,0.001,0.001,-0.404,0.685,0.12,0.594,0,0.641,0.606,0.556,1.234,0.989,0.839,0.162,0,0.656,0.725,0.648,0.313,0.35,0.565,0.471,0.274,0,0.637,0.694,0.342,0.046,0.004,0.441,0.864,0.001,0,0.002,0.004,0.022,0.001,0.001,0.316,0.643,0,0.07,0,0.117,0.303,0,0.005,0.009,0.01,0.001,0.001,0.051,13.563
04:49.9,9184,0.309,0.049,-0.687,-0.656,0.444,0.596,-0.431,-0.511,0.584,0.674,0.343,0.295,0.586,0.723,0.197,0.31,-0.424,-0.426,0.563,0.568,0.159,0.798,-0.006,0.581,0.001,0.001,0.001,0.001,0.001,0.001,0.001,0.001,0.001,0.001,0.001,0.001,0.001,0.001,0.001,0.001,0.001,0.001,0.001,0.001,0.001,0.001,0.001,0.001,0.005,0.001,0.001,0.001,0.001,0.001,0.001,0.001,0.001,0.001,0.001,0.001,0.001,0.001,0.001,0.001,0.001,0.001,0.001,0.001,0.001,-0.394,0.687,0.109,0.601,0,0.604,0.579,0.516,1.225,0.995,0.824,0.168,0,0.621,0.718,0.639,0.338,0.372,0.568,0.481,0.295,0,0.623,0.664,0.338,0.055,0.004,0.453,0.88,0.001,0,0.002,0.004,0.023,0.001,0.001,0.341,0.652,0,0.111,0.001,0.127,0.32,0,0.017,0.007,0.01,0,0.001,0.049,13.579
04:49.9,9185,0.309,0.052,-0.686,-0.657,0.454,0.59,-0.436,-0.506,0.583,0.675,0.341,0.298,0.584,0.724,0.196,0.311,-0.425,-0.426,0.561,0.568,0.166,0.789,0.015,0.591,0.001,0.001,0.001,0.001,0.001,0.001,0.001,0.001,0.001,0.001,0.001,0.001,0.001,0.001,0.001,0.001,0.001,0.001,0.001,0.001,0.001,0.001,0.001,0.001,0.005,0.001,0.001,0.001,0.001,0.001,0.001,0.001,0.001,0.001,0.001,0.001,0.001,0.001,0.001,0.001,0.001,0.001,0.001,0.001,0.001,-0.394,0.687,0.109,0.601,0,0.604,0.579,0.516,1.225,0.995,0.824,0.168,0,0.621,0.718,0.639,0.338,0.372,0.568,0.481,0.295,0,0.623,0.664,0.338,0.055,0.004,0.453,0.88,0.001,0,0.002,0.004,0.023,0.001,0.001,0.341,0.652,0,0.111,0.001,0.127,0.32,0,0.017,0.007,0.01,0,0.001,0.049,13.579
04:49.9,9186,0.309,0.054,-0.685,-0.658,0.464,0.582,-0.442,-0.501,0.581,0.676,0.338,0.301,0.582,0.724,0.196,0.313,-0.427,-0.427,0.558,0.568,0.166,0.789,0.015,0.591,0.001,0.001,0.001,0.001,0.001,0.001,0.001,0.001,0.001,0.001,0.001,0.001,0.001,0.001,0.001,0.001,0.001,0.001,0.001,0.001,0.001,0.001,0.001,0.001,0.005,0.001,0.001,0.001,0.001,0.001,0.001,0.001,0.001,0.001,0.001,0.001,0.001,0.001,0.001,0.001,0.001,0.001,0.001,0.001,0.001,-0.394,0.687,0.109,0.601,0,0.604,0.579,0.516,1.225,0.995,0.824,0.168,0,0.621,0.718,0.639,0.338,0.372,0.568,0.481,0.295,0,0.623,0.664,0.338,0.055,0.004,0.453,0.88,0.001,0,0.002,0.004,0.023,0.001,0.001,0.341,0.652,0,0.111,0.001,0.127,0.32,0,0.017,0.007,0.01,0,0.001,0.049,13.579
04:49.9,9187,0.309,0.056,-0.684,-0.659,0.473,0.574,-0.449,-0.496,0.58,0.677,0.336,0.303,0.58,0.725,0.196,0.315,-0.429,-0.428,0.556,0.569,0.166,0.789,0.015,0.591,0.001,0.001,0.001,0.001,0.001,0.001,0.001,0.001,0.001,0.001,0.001,0.001,0.001,0.001,0.001,0.001,0.001,0.001,0.001,0.001,0.001,0.001,0.001,0.001,0.005,0.001,0.001,0.001,0.001,0.001,0.001,0.001,0.001,0.001,0.001,0.001,0.001,0.001,0.001,0.001,0.001,0.001,0.001,0.001,0.001,-0.394,0.687,0.109,0.601,0,0.604,0.579,0.516,1.225,0.995,0.824,0.168,0,0.621,0.718,0.639,0.338,0.372,0.568,0.481,0.295,0,0.623,0.664,0.338,0.055,0.004,0.453,0.88,0.001,0,0.002,0.004,0.023,0.001,0.001,0.341,0.652,0,0.111,0.001,0.127,0.32,0,0.017,0.007,0.01,0,0.001,0.049,13.579
04:49.9,9188,0.308,0.059,-0.683,-0.659,0.481,0.565,-0.456,-0.492,0.578,0.679,0.335,0.306,0.579,0.726,0.196,0.317,-0.431,-0.429,0.554,0.569,0.166,0.789,0.015,0.591,0.001,0.001,0.001,0.001,0.001,0.001,0.001,0.001,0.001,0.001,0.001,0.001,0.001,0.001,0.001,0.001,0.001,0.001,0.001,0.001,0.001,0.001,0.001,0.001,0.005,0.001,0.001,0.001,0.001,0.001,0.001,0.001,0.001,0.001,0.001,0.001,0.001,0.001,0.001,0.001,0.001,0.001,0.001,0.001,0.001,-0.394,0.687,0.109,0.601,0,0.604,0.579,0.516,1.225,0.995,0.824,0.168,0,0.621,0.718,0.639,0.338,0.372,0.568,0.481,0.295,0,0.623,0.664,0.338,0.055,0.004,0.453,0.88,0.001,0,0.002,0.004,0.023,0.001,0.001,0.341,0.652,0,0.111,0.001,0.127,0.32,0,0.017,0.007,0.01,0,0.001,0.049,13.579
04:49.9,9189,0.307,0.061,-0.683,-0.66,0.489,0.556,-0.464,-0.487,0.576,0.68,0.334,0.307,0.577,0.726,0.196,0.319,-0.433,-0.43,0.552,0.569,0.166,0.789,0.015,0.591,0.001,0.001,0.001,0.001,0.001,0.001,0.001,0.001,0.001,0.001,0.001,0.001,0.001,0.001,0.001,0.001,0.001,0.001,0.001,0.001,0.001,0.001,0.001,0.001,0.005,0.001,0.001,0.001,0.001,0.001,0.001,0.001,0.001,0.001,0.001,0.001,0.001,0.001,0.001,0.001,0.001,0.001,0.001,0.001,0.001,-0.394,0.687,0.109,0.601,0,0.604,0.579,0.516,1.225,0.995,0.824,0.168,0,0.621,0.718,0.639,0.338,0.372,0.568,0.481,0.295,0,0.623,0.664,0.338,0.055,0.004,0.453,0.88,0.001,0,0.002,0.004,0.023,0.001,0.001,0.341,0.652,0,0.111,0.001,0.127,0.32,0,0.017,0.007,0.01,0,0.001,0.049,13.579
04:49.9,9190,0.306,0.062,-0.683,-0.661,0.497,0.546,-0.472,-0.481,0.575,0.681,0.333,0.309,0.576,0.725,0.196,0.321,-0.434,-0.431,0.549,0.569,0.166,0.789,0.015,0.591,0.001,0.001,0.001,0.001,0.001,0.001,0.001,0.001,0.001,0.001,0.001,0.001,0.001,0.001,0.001,0.001,0.001,0.001,0.001,0.001,0.001,0.001,0.001,0.001,0.005,0.001,0.001,0.001,0.001,0.001,0.001,0.001,0.001,0.001,0.001,0.001,0.001,0.001,0.001,0.001,0.001,0.001,0.001,0.001,0.001,-0.394,0.687,0.109,0.601,0,0.604,0.579,0.516,1.225,0.995,0.824,0.168,0,0.621,0.718,0.639,0.338,0.372,0.568,0.481,0.295,0,0.623,0.664,0.338,0.055,0.004,0.453,0.88,0.001,0,0.002,0.004,0.023,0.001,0.001,0.341,0.652,0,0.111,0.001,0.127,0.32,0,0.017,0.007,0.01,0,0.001,0.049,13.579
04:49.9,9191,0.305,0.064,-0.682,-0.661,0.505,0.536,-0.481,-0.476,0.574,0.682,0.332,0.309,0.576,0.725,0.195,0.323,-0.436,-0.431,0.546,0.57,0.166,0.789,0.015,0.591,0.001,0.001,0.001,0.001,0.001,0.001,0.001,0.001,0.001,0.001,0.001,0.001,0.001,0.001,0.001,0.001,0.001,0.001,0.001,0.001,0.001,0.001,0.001,0.001,0.005,0.001,0.001,0.001,0.001,0.001,0.001,0.001,0.001,0.001,0.001,0.001,0.001,0.001,0.001,0.001,0.001,0.001,0.001,0.001,0.001,-0.323,0.692,0.041,0.644,0,0.596,0.574,0.51,1.223,0.993,0.823,0.17,0,0.617,0.714,0.629,0.342,0.38,0.567,0.481,0.295,0,0.625,0.661,0.341,0.055,0.004,0.455,0.879,0.001,0.001,0.002,0.004,0.026,0.001,0.001,0.337,0.653,0,0.115,0.001,0.134,0.32,0.001,0.02,0.006,0.01,0,0,0.049,13.567
04:50.0,9192,0.304,0.065,-0.682,-0.662,0.513,0.526,-0.49,-0.47,0.574,0.683,0.33,0.31,0.575,0.725,0.194,0.325,-0.438,-0.432,0.544,0.571,0.15,0.731,0.196,0.636,0.001,0.001,0.001,0.001,0.001,0.001,0.001,0.001,0,0.001,0.001,0.001,0.001,0.001,0.001,0.001,0.001,0.001,0.001,0.001,0.001,0.001,0.001,0.001,0.004,0.001,0.001,0.001,0.001,0.001,0.001,0.001,0.001,0.001,0.001,0.001,0.001,0.001,0.001,0.001,0.001,0.001,0.001,0.001,0.001,-0.323,0.692,0.041,0.644,0,0.596,0.574,0.51,1.223,0.993,0.823,0.17,0,0.617,0.714,0.629,0.342,0.38,0.567,0.481,0.295,0,0.625,0.661,0.341,0.055,0.004,0.455,0.879,0.001,0.001,0.002,0.004,0.026,0.001,0.001,0.337,0.653,0,0.115,0.001,0.134,0.32,0.001,0.02,0.006,0.01,0,0,0.047,13.567
04:50.0,9193,0.303,0.066,-0.682,-0.663,0.521,0.515,-0.498,-0.464,0.573,0.683,0.329,0.31,0.574,0.725,0.193,0.327,-0.441,-0.431,0.541,0.572,0.18,0.72,0.187,0.643,0.001,0.001,0.001,0.001,0.001,0.001,0.001,0.001,0.001,0.001,0.001,0.001,0.001,0.001,0.001,0.001,0.001,0.001,0.001,0.001,0.001,0.001,0.001,0.001,0.005,0.001,0.001,0.001,0.001,0.001,0.001,0.001,0.001,0.001,0.001,0.029,0.001,0.001,0.001,0.159,0.001,0.001,0.001,0.001,0.001,-0.323,0.692,0.041,0.644,0,0.596,0.574,0.51,1.223,0.993,0.823,0.17,0,0.617,0.714,0.629,0.342,0.38,0.567,0.481,0.295,0,0.625,0.661,0.341,0.055,0.004,0.455,0.879,0.001,0.001,0.002,0.004,0.026,0.001,0.001,0.337,0.653,0,0.115,0.001,0.134,0.32,0.001,0.02,0.006,0.01,0,0,0.235,13.567
04:50.0,9194,0.302,0.068,-0.681,-0.664,0.529,0.505,-0.507,-0.457,0.573,0.684,0.327,0.31,0.572,0.726,0.192,0.33,-0.444,-0.431,0.538,0.573,0.202,0.711,0.181,0.649,0.001,0.001,0.001,0.001,0.001,0.001,0.001,0.001,0.001,0.001,0.001,0.001,0.001,0.001,0.001,0.001,0.001,0.001,0.001,0.001,0.001,0.001,0.001,0.001,0.004,0.001,0.001,0.001,0.001,0.001,0.001,0.001,0.001,0.001,0.001,0.031,0.001,0,0.001,0.195,0,0.001,0.001,0.001,0.001,-0.323,0.692,0.041,0.644,0,0.596,0.574,0.51,1.223,0.993,0.823,0.17,0,0.617,0.714,0.629,0.342,0.38,0.567,0.481,0.295,0,0.625,0.661,0.341,0.055,0.004,0.455,0.879,0.001,0.001,0.002,0.004,0.026,0.001,0.001,0.337,0.653,0,0.115,0.001,0.134,0.32,0.001,0.02,0.006,0.01,0,0,0.27,13.567
04:50.0,9195,0.301,0.068,-0.681,-0.664,0.536,0.494,-0.515,-0.451,0.572,0.686,0.325,0.31,0.571,0.726,0.191,0.333,-0.447,-0.431,0.535,0.573,0.22,0.703,0.175,0.654,0.001,0.001,0.001,0.001,0.001,0.001,0.001,0.001,0.001,0.001,0.001,0.001,0.001,0.001,0.001,0.001,0.001,0.001,0.001,0.001,0.001,0.001,0.001,0.001,0.004,0.001,0.001,0.001,0.001,0.001,0.001,0.001,0.001,0.001,0.001,0.028,0.001,0.001,0.001,0.221,0.001,0.001,0.001,0.021,0.001,-0.323,0.692,0.041,0.644,0,0.596,0.574,0.51,1.223,0.993,0.823,0.17,0,0.617,0.714,0.629,0.342,0.38,0.567,0.481,0.295,0,0.625,0.661,0.341,0.055,0.004,0.455,0.879,0.001,0.001,0.002,0.004,0.026,0.001,0.001,0.337,0.653,0,0.115,0.001,0.134,0.32,0.001,0.02,0.006,0.01,0,0,0.315,13.567
04:50.0,9196,0.301,0.069,-0.68,-0.665,0.543,0.484,-0.523,-0.444,0.572,0.687,0.323,0.31,0.569,0.726,0.19,0.336,-0.45,-0.43,0.532,0.574,0.239,0.692,0.168,0.66,0.001,0.001,0.001,0.001,0.001,0.001,0.001,0.001,0.001,0.001,0.001,0.001,0.001,0.001,0,0.001,0.001,0.001,0.001,0.001,0.001,0.001,0.001,0.001,0.006,0.001,0.001,0.001,0.001,0.001,0.001,0.001,0.001,0.001,0.001,0.033,0.001,0.001,0.001,0.248,0.001,0.001,0.001,0.028,0.001,-0.323,0.692,0.041,0.644,0,0.596,0.574,0.51,1.223,0.993,0.823,0.17,0,0.617,0.714,0.629,0.342,0.38,0.567,0.481,0.295,0,0.625,0.661,0.341,0.055,0.004,0.455,0.879,0.001,0.001,0.002,0.004,0.026,0.001,0.001,0.337,0.653,0,0.115,0.001,0.134,0.32,0.001,0.02,0.006,0.01,0,0,0.355,13.567
04:50.0,9197,0.301,0.07,-0.68,-0.665,0.549,0.474,-0.531,-0.437,0.57,0.689,0.321,0.31,0.568,0.726,0.189,0.339,-0.453,-0.429,0.528,0.575,0.239,0.692,0.168,0.66,0.001,0.001,0.001,0.001,0.001,0.001,0.001,0.001,0.001,0.001,0.001,0.001,0.001,0.001,0,0.001,0.001,0.001,0.001,0.001,0.001,0.001,0.001,0.001,0.006,0.001,0.001,0.001,0.001,0.001,0.001,0.001,0.001,0.001,0.001,0.033,0.001,0.001,0.001,0.248,0.001,0.001,0.001,0.028,0.001,-0.323,0.692,0.041,0.644,0,0.596,0.574,0.51,1.223,0.993,0.823,0.17,0,0.617,0.714,0.629,0.342,0.38,0.567,0.481,0.295,0,0.625,0.661,0.341,0.055,0.004,0.455,0.879,0.001,0.001,0.002,0.004,0.026,0.001,0.001,0.337,0.653,0,0.115,0.001,0.134,0.32,0.001,0.02,0.006,0.01,0,0,0.355,13.567
04:50.0,9198,0.301,0.071,-0.68,-0.665,0.555,0.465,-0.538,-0.432,0.569,0.691,0.319,0.311,0.566,0.726,0.188,0.341,-0.456,-0.428,0.525,0.577,0.239,0.692,0.168,0.66,0.001,0.001,0.001,0.001,0.001,0.001,0.001,0.001,0.001,0.001,0.001,0.001,0.001,0.001,0,0.001,0.001,0.001,0.001,0.001,0.001,0.001,0.001,0.001,0.006,0.001,0.001,0.001,0.001,0.001,0.001,0.001,0.001,0.001,0.001,0.033,0.001,0.001,0.001,0.248,0.001,0.001,0.001,0.028,0.001,-0.259,0.682,-0.021,0.683,0,0.167,0.379,0.375,1.16,1.007,0.772,0.217,0.001,0.297,0.504,0.496,0.381,0.546,0.565,0.53,0.311,0,0.294,0.424,0.178,0.055,0.006,0.557,0.874,0.242,0.016,0.001,0.002,0.004,0.002,0.004,0.425,0.662,0.085,0.128,0.002,0.205,0.38,0.244,0.158,0.009,0.057,0,0,0.355,12.722
04:50.0,9199,0.301,0.072,-0.68,-0.664,0.56,0.457,-0.544,-0.426,0.567,0.692,0.317,0.313,0.565,0.727,0.186,0.343,-0.459,-0.428,0.521,0.578,0.239,0.692,0.168,0.66,0.001,0.001,0.001,0.001,0.001,0.001,0.001,0.001,0.001,0.001,0.001,0.001,0.001,0.001,0,0.001,0.001,0.001,0.001,0.001,0.001,0.001,0.001,0.001,0.006,0.001,0.001,0.001,0.001,0.001,0.001,0.001,0.001,0.001,0.001,0.033,0.001,0.001,0.001,0.248,0.001,0.001,0.001,0.028,0.001,-0.253,0.68,-0.025,0.688,0,0.001,0.001,0.015,0.802,0.838,0.702,0.244,0,0.001,0.107,0.049,0.105,0.427,0.607,0.537,0.256,0.001,0,0,0.001,0.001,0.004,0.607,0.833,0.344,0.079,0,0,0,0.001,0.002,0.432,0.65,0.485,0.315,0.001,0.233,0.457,0.935,0.632,0.015,0.099,0.001,0,0.355,10.82
04:50.0,9200,0.302,0.073,-0.681,-0.663,0.564,0.449,-0.55,-0.421,0.566,0.693,0.316,0.316,0.564,0.727,0.185,0.345,-0.462,-0.427,0.518,0.58,0.239,0.692,0.168,0.66,0.001,0.001,0.001,0.001,0.001,0.001,0.001,0.001,0.001,0.001,0.001,0.001,0.001,0.001,0,0.001,0.001,0.001,0.001,0.001,0.001,0.001,0.001,0.001,0.006,0.001,0.001,0.001,0.001,0.001,0.001,0.001,0.001,0.001,0.001,0.033,0.001,0.001,0.001,0.248,0.001,0.001,0.001,0.028,0.001,-0.249,0.678,-0.027,0.691,0,0,0,0.001,0.685,0.8,0.69,0.248,0,0,0.076,0.033,0.072,0.387,0.611,0.538,0.244,0,0,0.001,0,0.001,0.004,0.613,0.828,0.354,0.099,0.001,0,0.001,0.001,0.002,0.429,0.645,0.527,0.352,0.002,0.236,0.466,0.969,0.709,0.016,0.107,0.002,0.001,0.355,10.751
04:50.0,9201,0.302,0.074,-0.682,-0.662,0.568,0.444,-0.554,-0.416,0.564,0.694,0.315,0.318,0.562,0.727,0.183,0.348,-0.464,-0.426,0.514,0.582,0.239,0.692,0.168,0.66,0.001,0.001,0.001,0.001,0.001,0.001,0.001,0.001,0.001,0.001,0.001,0.001,0.001,0.001,0,0.001,0.001,0.001,0.001,0.001,0.001,0.001,0.001,0.001,0.006,0.001,0.001,0.001,0.001,0.001,0.001,0.001,0.001,0.001,0.001,0.033,0.001,0.001,0.001,0.248,0.001,0.001,0.001,0.028,0.001,-0.242,0.676,-0.033,0.695,0,0,0,0,0.568,0.753,0.679,0.248,0,0.001,0.046,0.017,0.046,0.322,0.618,0.538,0.249,0,0.001,0,0,0,0.002,0.62,0.823,0.359,0.136,0,0.001,0,0.001,0.001,0.421,0.64,0.563,0.431,0.001,0.237,0.47,1.002,0.775,0.016,0.118,0.007,0,0.355,10.71
04:50.1,9202,0.302,0.074,-0.683,-0.66,0.571,0.44,-0.557,-0.412,0.562,0.695,0.314,0.32,0.561,0.727,0.181,0.351,-0.467,-0.426,0.511,0.582,0.239,0.692,0.168,0.66,0.001,0.001,0.001,0.001,0.001,0.001,0.001,0.001,0.001,0.001,0.001,0.001,0.001,0.001,0,0.001,0.001,0.001,0.001,0.001,0.001,0.001,0.001,0.001,0.006,0.001,0.001,0.001,0.001,0.001,0.001,0.001,0.001,0.001,0.001,0.033,0.001,0.001,0.001,0.248,0.001,0.001,0.001,0.028,0.001,-0.242,0.676,-0.033,0.695,0,0,0,0,0.568,0.753,0.679,0.248,0,0.001,0.046,0.017,0.046,0.322,0.618,0.538,0.249,0,0.001,0,0,0,0.002,0.62,0.823,0.359,0.136,0,0.001,0,0.001,0.001,0.421,0.64,0.563,0.431,0.001,0.237,0.47,1.002,0.775,0.016,0.118,0.007,0,0.355,10.71
04:50.1,9203,0.302,0.073,-0.685,-0.659,0.573,0.437,-0.56,-0.409,0.561,0.695,0.314,0.322,0.56,0.728,0.18,0.354,-0.469,-0.426,0.509,0.583,0.274,0.648,0.118,0.701,0.001,0.001,0.001,0.001,0.001,0.001,0.001,0.001,0.001,0.001,0.001,0.001,0.001,0.001,0.001,0.001,0.001,0.001,0.001,0.001,0.001,0.001,0.001,0.001,0.005,0.001,0.001,0.001,0.001,0.001,0.001,0.001,0.001,0.001,0.001,0.034,0.001,0.001,0.001,0.248,0.001,0.001,0.001,0.028,0.001,-0.242,0.676,-0.033,0.695,0,0,0,0,0.568,0.753,0.679,0.248,0,0.001,0.046,0.017,0.046,0.322,0.618,0.538,0.249,0,0.001,0,0,0,0.002,0.62,0.823,0.359,0.136,0,0.001,0,0.001,0.001,0.421,0.64,0.563,0.431,0.001,0.237,0.47,1.002,0.775,0.016,0.118,0.007,0,0.356,10.71
04:50.1,9204,0.303,0.071,-0.687,-0.657,0.574,0.436,-0.562,-0.406,0.56,0.695,0.315,0.324,0.559,0.728,0.178,0.355,-0.471,-0.426,0.507,0.583,0.273,0.644,0.107,0.706,0.001,0.001,0.001,0.001,0.001,0.001,0.001,0.001,0,0.001,0.001,0.001,0.001,0.001,0.001,0.001,0.001,0.001,0.001,0.001,0.001,0.001,0.001,0,0.005,0.001,0.001,0.001,0.001,0.001,0.001,0.001,0.001,0.001,0.001,0.02,0.001,0.001,0.001,0.309,0.001,0.001,0.001,0.051,0.001,-0.242,0.676,-0.033,0.695,0,0,0,0,0.568,0.753,0.679,0.248,0,0.001,0.046,0.017,0.046,0.322,0.618,0.538,0.249,0,0.001,0,0,0,0.002,0.62,0.823,0.359,0.136,0,0.001,0,0.001,0.001,0.421,0.64,0.563,0.431,0.001,0.237,0.47,1.002,0.775,0.016,0.118,0.007,0,0.424,10.71
04:50.1,9205,0.304,0.068,-0.689,-0.654,0.574,0.436,-0.563,-0.404,0.559,0.695,0.315,0.325,0.558,0.728,0.175,0.356,-0.474,-0.426,0.505,0.583,0.271,0.64,0.088,0.714,0.001,0.001,0.001,0.001,0.001,0.001,0.001,0.001,0.001,0.001,0.001,0.001,0.001,0.001,0.001,0.001,0.001,0.001,0.001,0.001,0.001,0.001,0.001,0.001,0.005,0.001,0.001,0.001,0.001,0,0.001,0.001,0.001,0.001,0.001,0.018,0.001,0.001,0.001,0.313,0.001,0.001,0.001,0.053,0.001,-0.242,0.676,-0.033,0.695,0,0,0,0,0.568,0.753,0.679,0.248,0,0.001,0.046,0.017,0.046,0.322,0.618,0.538,0.249,0,0.001,0,0,0,0.002,0.62,0.823,0.359,0.136,0,0.001,0,0.001,0.001,0.421,0.64,0.563,0.431,0.001,0.237,0.47,1.002,0.775,0.016,0.118,0.007,0,0.429,10.71
04:50.1,9206,0.307,0.065,-0.69,-0.651,0.574,0.438,-0.563,-0.402,0.558,0.694,0.316,0.327,0.557,0.729,0.171,0.358,-0.476,-0.426,0.503,0.583,0.268,0.638,0.074,0.718,0.001,0.001,0.001,0.001,0.001,0.001,0.001,0.001,0.001,0.001,0.001,0.001,0.001,0.001,0.001,0.001,0.001,0.001,0.001,0.001,0.001,0.001,0.001,0.001,0.005,0.001,0.001,0.001,0.001,0.001,0.001,0.001,0.001,0.001,0.001,0.021,0.001,0.001,0.001,0.313,0.001,0.001,0.001,0.05,0.001,-0.242,0.676,-0.033,0.695,0,0,0,0,0.568,0.753,0.679,0.248,0,0.001,0.046,0.017,0.046,0.322,0.618,0.538,0.249,0,0.001,0,0,0,0.002,0.62,0.823,0.359,0.136,0,0.001,0,0.001,0.001,0.421,0.64,0.563,0.431,0.001,0.237,0.47,1.002,0.775,0.016,0.118,0.007,0,0.43,10.71
04:50.1,9207,0.312,0.061,-0.692,-0.648,0.572,0.442,-0.562,-0.401,0.557,0.694,0.318,0.328,0.556,0.729,0.168,0.362,-0.478,-0.426,0.501,0.582,0.264,0.637,0.051,0.722,0.001,0.001,0.001,0.001,0.001,0.001,0.001,0.001,0.001,0.001,0.001,0.001,0.001,0.001,0.001,0.001,0.001,0.001,0.001,0.001,0.001,0.001,0.001,0.001,0.009,0,0.001,0.001,0.001,0.001,0.001,0.001,0.001,0.001,0.001,0.02,0.001,0.001,0.001,0.298,0.001,0.001,0.001,0.05,0.001,-0.242,0.676,-0.033,0.695,0,0,0,0,0.568,0.753,0.679,0.248,0,0.001,0.046,0.017,0.046,0.322,0.618,0.538,0.249,0,0.001,0,0,0,0.002,0.62,0.823,0.359,0.136,0,0.001,0,0.001,0.001,0.421,0.64,0.563,0.431,0.001,0.237,0.47,1.002,0.775,0.016,0.118,0.007,0,0.417,10.71
04:50.1,9208,0.317,0.059,-0.692,-0.645,0.57,0.447,-0.56,-0.402,0.556,0.693,0.319,0.33,0.554,0.73,0.164,0.366,-0.48,-0.426,0.499,0.582,0.262,0.637,0.033,0.725,0.001,0.001,0.001,0.001,0.001,0.001,0.001,0.001,0,0.001,0.021,0.001,0.001,0.001,0.001,0.001,0.001,0.001,0.001,0.001,0.001,0.001,0.001,0.001,0.011,0.001,0.001,0.001,0.001,0.001,0.001,0.001,0.001,0.001,0.001,0.013,0.001,0.001,0.001,0.272,0.001,0.001,0.001,0.032,0.001,-0.221,0.67,-0.065,0.706,0.001,0,0,0,0.459,0.687,0.68,0.244,0,0,0.026,0.011,0.021,0.243,0.614,0.537,0.242,0,0,0,0,0,0.002,0.62,0.818,0.361,0.159,0.001,0,0,0.001,0.001,0.409,0.636,0.592,0.526,0.001,0.241,0.482,1.039,0.808,0.017,0.128,0.011,0.001,0.388,10.619
04:50.1,9209,0.324,0.057,-0.692,-0.642,0.567,0.454,-0.556,-0.404,0.555,0.692,0.321,0.331,0.553,0.73,0.16,0.37,-0.482,-0.427,0.497,0.582,0.254,0.639,0.017,0.726,0.001,0.001,0.001,0.001,0.001,0.001,0.001,0.001,0.001,0.067,0.085,0.001,0.001,0.001,0.001,0.001,0.001,0.001,0.001,0.001,0.001,0.001,0.001,0.001,0.013,0.001,0.001,0.001,0.001,0.001,0.001,0.001,0.001,0.001,0.001,0.018,0.001,0.001,0.001,0.212,0.001,0.001,0.001,0.024,0.001,-0.22,0.672,-0.067,0.704,0,0,0,0.001,0.001,0.068,0.684,0.205,0,0,0.009,0,0,0.001,0.547,0.475,0.238,0,0,0,0,0,0,0.519,0.783,0.33,0.297,0,0.001,0.001,0,0,0.277,0.614,0.739,0.803,0,0.266,0.571,1.106,1.109,0.054,0.226,0.123,0.055,0.458,10.103
04:50.1,9210,0.331,0.056,-0.692,-0.639,0.563,0.462,-0.551,-0.408,0.555,0.691,0.322,0.331,0.552,0.729,0.156,0.373,-0.485,-0.427,0.494,0.582,0.235,0.648,-0.004,0.724,0.001,0.078,0.001,0.001,0.001,0.001,0.001,0.001,0.001,0.254,0.14,0.001,0.001,0.001,0,0.001,0.001,0,0.001,0.001,0.001,0.001,0.001,0.001,0.012,0.001,0.001,0.001,0.001,0.001,0.001,0.001,0.001,0.001,0.001,0.023,0.001,0.001,0.001,0.159,0.001,0.001,0.001,0.001,0.001,-0.218,0.676,-0.071,0.701,0.001,0,0.001,0,0,0.034,0.657,0.195,0,0.001,0.01,0.001,0.001,0.001,0.515,0.47,0.243,0.001,0.001,0,0.001,0.001,0,0.49,0.773,0.321,0.313,0.001,0,0,0.001,0,0.27,0.614,0.745,0.816,0.001,0.275,0.581,1.115,1.118,0.062,0.237,0.133,0.068,0.703,10.068
04:50.1,9211,0.337,0.056,-0.692,-0.636,0.56,0.471,-0.544,-0.411,0.556,0.69,0.324,0.331,0.551,0.729,0.152,0.377,-0.488,-0.427,0.491,0.581,0.222,0.65,-0.023,0.726,0.222,0.391,0.017,0.001,0.001,0.001,0.001,0.001,0.001,0.496,0.211,0.001,0.001,0.001,0.001,0.001,0.001,0.001,0.009,0.001,0.001,0.001,0.001,0.001,0.013,0.001,0.001,0.001,0.001,0.001,0.001,0.001,0.001,0.001,0.001,0.017,0.001,0.001,0.001,0.114,0.001,0.001,0.001,0.001,0.001,-0.217,0.679,-0.073,0.697,0.001,0,0.001,0,0,0.017,0.628,0.186,0,0,0.01,0.001,0,0.001,0.488,0.463,0.255,0,0,0,0.001,0,0.001,0.435,0.761,0.311,0.342,0.001,0,0,0,0,0.266,0.613,0.744,0.823,0,0.277,0.593,1.12,1.122,0.078,0.252,0.14,0.074,1.526,10.005
04:50.2,9212,0.341,0.056,-0.692,-0.634,0.557,0.481,-0.537,-0.413,0.556,0.689,0.326,0.331,0.55,0.728,0.147,0.382,-0.491,-0.427,0.488,0.581,0.215,0.647,-0.054,0.729,0.784,0.81,0.112,0.001,0.001,0.001,0.001,0.001,0.001,0.58,0.258,0.001,0.001,0.001,0.001,0.001,0.001,0.001,0.099,0.001,0.001,0.001,0.001,0.001,0.013,0.001,0.001,0.001,0.001,0.001,0.001,0.001,0.001,0.001,0.001,0.01,0.001,0.001,0.001,0.068,0.001,0.001,0.001,0.001,0.001,-0.214,0.684,-0.08,0.692,0,0,0,0.001,0.001,0.02,0.631,0.179,0,0.001,0.009,0,0.001,0,0.474,0.453,0.267,0,0.001,0.001,0,0,0.001,0.374,0.752,0.316,0.38,0.001,0,0,0,0,0.241,0.614,0.753,0.83,0,0.277,0.608,1.104,1.126,0.09,0.259,0.138,0.074,2.77,9.977
04:50.2,9213,0.343,0.057,-0.693,-0.632,0.555,0.49,-0.529,-0.414,0.557,0.688,0.328,0.331,0.549,0.727,0.143,0.388,-0.495,-0.427,0.484,0.582,0.216,0.645,-0.076,0.729,1.177,0.995,0.238,0.001,0.001,0.001,0.001,0.001,0.01,0.694,0.368,0.001,0.001,0.001,0.001,0.001,0.001,0.001,0.221,0.001,0.001,0.001,0.001,0.001,0.016,0.001,0.001,0.001,0.001,0.001,0.001,0.001,0.001,0.001,0.001,0.001,0.001,0.001,0.001,0.048,0.001,0.001,0.001,0.001,0.001,-0.21,0.686,-0.089,0.691,0,0.001,0,0.001,0.001,0.001,0.618,0.171,0,0,0.002,0.001,0,0,0.451,0.446,0.276,0,0,0,0.001,0,0.001,0.316,0.742,0.316,0.396,0,0,0,0,0.001,0.217,0.607,0.758,0.823,0.001,0.298,0.612,1.1,1.133,0.106,0.266,0.131,0.073,3.803,9.867
04:50.2,9214,0.343,0.058,-0.695,-0.629,0.555,0.496,-0.524,-0.415,0.558,0.686,0.33,0.33,0.547,0.725,0.139,0.394,-0.498,-0.428,0.48,0.582,0.195,0.643,-0.079,0.736,1.261,1.093,0.498,0.001,0.001,0.001,0.001,0.001,0.09,0.816,0.514,0.001,0.001,0.001,0.012,0.001,0.001,0.001,0.315,0.001,0.001,0.001,0.001,0,0.031,0.001,0.001,0.001,0.001,0.001,0.001,0.001,0.001,0.001,0.001,0.001,0.001,0.001,0.001,0.002,0.001,0.001,0.001,0.001,0.001,-0.21,0.686,-0.089,0.691,0,0.001,0,0.001,0.001,0.001,0.618,0.171,0,0,0.002,0.001,0,0,0.451,0.446,0.276,0,0,0,0.001,0,0.001,0.316,0.742,0.316,0.396,0,0,0,0,0.001,0.217,0.607,0.758,0.823,0.001,0.298,0.612,1.1,1.133,0.106,0.266,0.131,0.073,4.666,9.867
04:50.2,9215,0.341,0.062,-0.698,-0.627,0.555,0.497,-0.521,-0.416,0.559,0.684,0.333,0.33,0.546,0.723,0.136,0.401,-0.501,-0.429,0.476,0.582,0.195,0.643,-0.079,0.736,1.261,1.093,0.498,0.001,0.001,0.001,0.001,0.001,0.09,0.816,0.514,0.001,0.001,0.001,0.012,0.001,0.001,0.001,0.315,0.001,0.001,0.001,0.001,0,0.031,0.001,0.001,0.001,0.001,0.001,0.001,0.001,0.001,0.001,0.001,0.001,0.001,0.001,0.001,0.002,0.001,0.001,0.001,0.001,0.001,-0.21,0.686,-0.089,0.691,0,0.001,0,0.001,0.001,0.001,0.618,0.171,0,0,0.002,0.001,0,0,0.451,0.446,0.276,0,0,0,0.001,0,0.001,0.316,0.742,0.316,0.396,0,0,0,0,0.001,0.217,0.607,0.758,0.823,0.001,0.298,0.612,1.1,1.133,0.106,0.266,0.131,0.073,4.666,9.867
04:50.2,9216,0.337,0.068,-0.701,-0.625,0.558,0.497,-0.519,-0.415,0.56,0.682,0.336,0.329,0.545,0.721,0.133,0.408,-0.503,-0.431,0.473,0.581,0.195,0.643,-0.079,0.736,1.261,1.093,0.498,0.001,0.001,0.001,0.001,0.001,0.09,0.816,0.514,0.001,0.001,0.001,0.012,0.001,0.001,0.001,0.315,0.001,0.001,0.001,0.001,0,0.031,0.001,0.001,0.001,0.001,0.001,0.001,0.001,0.001,0.001,0.001,0.001,0.001,0.001,0.001,0.002,0.001,0.001,0.001,0.001,0.001,-0.21,0.686,-0.089,0.691,0,0.001,0,0.001,0.001,0.001,0.618,0.171,0,0,0.002,0.001,0,0,0.451,0.446,0.276,0,0,0,0.001,0,0.001,0.316,0.742,0.316,0.396,0,0,0,0,0.001,0.217,0.607,0.758,0.823,0.001,0.298,0.612,1.1,1.133,0.106,0.266,0.131,0.073,4.666,9.867
04:50.2,9217,0.332,0.073,-0.703,-0.624,0.562,0.5,-0.514,-0.412,0.562,0.68,0.339,0.327,0.544,0.718,0.131,0.414,-0.504,-0.433,0.47,0.581,0.195,0.643,-0.079,0.736,1.261,1.093,0.498,0.001,0.001,0.001,0.001,0.001,0.09,0.816,0.514,0.001,0.001,0.001,0.012,0.001,0.001,0.001,0.315,0.001,0.001,0.001,0.001,0,0.031,0.001,0.001,0.001,0.001,0.001,0.001,0.001,0.001,0.001,0.001,0.001,0.001,0.001,0.001,0.002,0.001,0.001,0.001,0.001,0.001,-0.21,0.686,-0.089,0.691,0,0.001,0,0.001,0.001,0.001,0.618,0.171,0,0,0.002,0.001,0,0,0.451,0.446,0.276,0,0,0,0.001,0,0.001,0.316,0.742,0.316,0.396,0,0,0,0,0.001,0.217,0.607,0.758,0.823,0.001,0.298,0.612,1.1,1.133,0.106,0.266,0.131,0.073,4.666,9.867
04:50.2,9218,0.327,0.076,-0.704,-0.626,0.565,0.509,-0.506,-0.408,0.565,0.677,0.343,0.324,0.543,0.715,0.13,0.421,-0.504,-0.437,0.469,0.579,0.195,0.643,-0.079,0.736,1.261,1.093,0.498,0.001,0.001,0.001,0.001,0.001,0.09,0.816,0.514,0.001,0.001,0.001,0.012,0.001,0.001,0.001,0.315,0.001,0.001,0.001,0.001,0,0.031,0.001,0.001,0.001,0.001,0.001,0.001,0.001,0.001,0.001,0.001,0.001,0.001,0.001,0.001,0.002,0.001,0.001,0.001,0.001,0.001,-0.21,0.686,-0.089,0.691,0,0.001,0,0.001,0.001,0.001,0.618,0.171,0,0,0.002,0.001,0,0,0.451,0.446,0.276,0,0,0,0.001,0,0.001,0.316,0.742,0.316,0.396,0,0,0,0,0.001,0.217,0.607,0.758,0.823,0.001,0.298,0.612,1.1,1.133,0.106,0.266,0.131,0.073,4.666,9.867
04:50.2,9219,0.323,0.076,-0.704,-0.628,0.567,0.519,-0.495,-0.405,0.568,0.673,0.348,0.322,0.541,0.711,0.13,0.429,-0.502,-0.441,0.468,0.578,0.195,0.643,-0.079,0.736,1.261,1.093,0.498,0.001,0.001,0.001,0.001,0.001,0.09,0.816,0.514,0.001,0.001,0.001,0.012,0.001,0.001,0.001,0.315,0.001,0.001,0.001,0.001,0,0.031,0.001,0.001,0.001,0.001,0.001,0.001,0.001,0.001,0.001,0.001,0.001,0.001,0.001,0.001,0.002,0.001,0.001,0.001,0.001,0.001,-0.21,0.686,-0.089,0.691,0,0.001,0,0.001,0.001,0.001,0.618,0.171,0,0,0.002,0.001,0,0,0.451,0.446,0.276,0,0,0,0.001,0,0.001,0.316,0.742,0.316,0.396,0,0,0,0,0.001,0.217,0.607,0.758,0.823,0.001,0.298,0.612,1.1,1.133,0.106,0.266,0.131,0.073,4.666,9.867
04:50.2,9220,0.321,0.075,-0.704,-0.629,0.568,0.53,-0.483,-0.404,0.572,0.668,0.354,0.319,0.539,0.707,0.131,0.438,-0.5,-0.444,0.468,0.577,0.195,0.643,-0.079,0.736,1.261,1.093,0.498,0.001,0.001,0.001,0.001,0.001,0.09,0.816,0.514,0.001,0.001,0.001,0.012,0.001,0.001,0.001,0.315,0.001,0.001,0.001,0.001,0,0.031,0.001,0.001,0.001,0.001,0.001,0.001,0.001,0.001,0.001,0.001,0.001,0.001,0.001,0.001,0.002,0.001,0.001,0.001,0.001,0.001,-0.225,0.68,-0.174,0.676,0,0.001,0,0.001,0,0,0.612,0.17,0.001,0.001,0.002,0.001,0,0,0.448,0.447,0.281,0,0,0,0,0.001,0,0.306,0.74,0.316,0.389,0,0,0,0.001,0.001,0.221,0.607,0.758,0.827,0,0.293,0.613,1.096,1.132,0.105,0.266,0.131,0.074,4.666,9.842
04:50.2,9221,0.323,0.076,-0.705,-0.627,0.57,0.541,-0.471,-0.401,0.577,0.661,0.36,0.316,0.537,0.703,0.133,0.446,-0.498,-0.448,0.469,0.575,0.072,0.657,-0.131,0.738,1.275,1.074,0.59,0.001,0.006,0.001,0.021,0.001,0.12,0.886,0.608,0.001,0.001,0.001,0.012,0.001,0.001,0.001,0.36,0.038,0.001,0.001,0.001,0.001,0.032,0.001,0.001,0.001,0.001,0.001,0.001,0.001,0.001,0.001,0.001,0.001,0.001,0.001,0.001,0.001,0.001,0.001,0.001,0.001,0.001,-0.223,0.672,-0.205,0.676,0,0,0,0.001,0,0.001,0.105,0.092,0,0,0,0,0,0,0.214,0.204,0.292,0.001,0,0.001,0,0,0.001,0.187,0.217,0.118,0.419,0,0,0,0,0,0.293,0.342,0.81,0.877,0,0.389,0.396,0.995,1.05,0.112,0.028,0.001,0.001,5.055,7.147
04:50.3,9222,0.328,0.08,-0.706,-0.622,0.57,0.554,-0.459,-0.397,0.583,0.653,0.368,0.313,0.536,0.7,0.135,0.453,-0.496,-0.451,0.47,0.573,0.072,0.657,-0.131,0.738,1.275,1.074,0.59,0.001,0.006,0.001,0.021,0.001,0.12,0.886,0.608,0.001,0.001,0.001,0.012,0.001,0.001,0.001,0.36,0.038,0.001,0.001,0.001,0.001,0.032,0.001,0.001,0.001,0.001,0.001,0.001,0.001,0.001,0.001,0.001,0.001,0.001,0.001,0.001,0.001,0.001,0.001,0.001,0.001,0.001,-0.221,0.656,-0.255,0.675,0,0.001,0,0.004,0,0.001,0.053,0.089,0.001,0.001,0,0.001,0.001,0,0.201,0.176,0.313,0,0,0,0,0.001,0.001,0.154,0.161,0.096,0.375,0,0,0.001,0,0,0.243,0.305,0.69,0.856,0,0.343,0.332,0.872,1.089,0.096,0.082,0.001,0.001,5.055,6.541
04:50.3,9223,0.331,0.088,-0.707,-0.619,0.566,0.568,-0.448,-0.395,0.59,0.644,0.376,0.31,0.534,0.697,0.137,0.458,-0.495,-0.454,0.472,0.571,0.071,0.659,-0.157,0.732,0.952,1.101,0.987,0.47,0.166,0.001,0.006,0.001,0.004,1.023,0.956,0.37,0.02,0.001,0.349,0.001,0.001,0.002,0.479,0.578,0.093,0.001,0.001,0.342,0.316,0.001,0.001,0.001,0.007,0.001,0.001,0.001,0.078,0.001,0.001,0.001,0.001,0.07,0.024,0.001,0.001,0.001,0.001,0.001,0.001,-0.222,0.64,-0.292,0.674,0,0,0.001,0.02,0,0.001,0.032,0.066,0,0,0,0,0,0,0.193,0.123,0.35,0,0.001,0.001,0,0,0.001,0.105,0.128,0.094,0.353,0,0,0,0,0.001,0.19,0.295,0.558,0.862,0,0.269,0.291,0.641,1.032,0.087,0.088,0.001,0.001,8.416,5.785
04:50.3,9224,0.329,0.099,-0.706,-0.619,0.558,0.583,-0.439,-0.394,0.597,0.634,0.383,0.308,0.534,0.695,0.138,0.462,-0.495,-0.456,0.473,0.569,0.071,0.659,-0.157,0.732,0.952,1.101,0.987,0.47,0.166,0.001,0.006,0.001,0.004,1.023,0.956,0.37,0.02,0.001,0.349,0.001,0.001,0.002,0.479,0.578,0.093,0.001,0.001,0.342,0.316,0.001,0.001,0.001,0.007,0.001,0.001,0.001,0.078,0.001,0.001,0.001,0.001,0.07,0.024,0.001,0.001,0.001,0.001,0.001,0.001,-0.243,0.621,-0.321,0.673,0,0,0.001,0.05,0,0.001,0.007,0.067,0,0.001,0,0.001,0.001,0.001,0.181,0.103,0.355,0,0,0,0.001,0,0.001,0.066,0.148,0.068,0.322,0,0,0.001,0,0,0.149,0.342,0.433,0.783,0,0.198,0.239,0.502,1.023,0.061,0.112,0.001,0.001,8.416,5.22
04:50.3,9225,0.32,0.11,-0.705,-0.624,0.548,0.596,-0.433,-0.396,0.603,0.624,0.39,0.306,0.533,0.694,0.137,0.465,-0.495,-0.458,0.474,0.566,0.071,0.659,-0.157,0.732,0.952,1.101,0.987,0.47,0.166,0.001,0.006,0.001,0.004,1.023,0.956,0.37,0.02,0.001,0.349,0.001,0.001,0.002,0.479,0.578,0.093,0.001,0.001,0.342,0.316,0.001,0.001,0.001,0.007,0.001,0.001,0.001,0.078,0.001,0.001,0.001,0.001,0.07,0.024,0.001,0.001,0.001,0.001,0.001,0.001,-0.285,0.61,-0.317,0.667,0.001,0.001,0,0.062,0,0.001,0.001,0.042,0,0,0.001,0,0,0.001,0.138,0.095,0.292,0,0.001,0,0,0,0,0.015,0.139,0.048,0.28,0.001,0,0.001,0,0.001,0.105,0.346,0.372,0.657,0.001,0.107,0.2,0.429,0.979,0.029,0.089,0,0.001,8.416,4.436
04:50.3,9226,0.305,0.123,-0.706,-0.628,0.537,0.606,-0.428,-0.402,0.608,0.616,0.397,0.303,0.531,0.693,0.135,0.468,-0.496,-0.459,0.475,0.563,0.071,0.659,-0.157,0.732,0.952,1.101,0.987,0.47,0.166,0.001,0.006,0.001,0.004,1.023,0.956,0.37,0.02,0.001,0.349,0.001,0.001,0.002,0.479,0.578,0.093,0.001,0.001,0.342,0.316,0.001,0.001,0.001,0.007,0.001,0.001,0.001,0.078,0.001,0.001,0.001,0.001,0.07,0.024,0.001,0.001,0.001,0.001,0.001,0.001,-0.285,0.61,-0.317,0.667,0.001,0.001,0,0.062,0,0.001,0.001,0.042,0,0,0.001,0,0,0.001,0.138,0.095,0.292,0,0.001,0,0,0,0,0.015,0.139,0.048,0.28,0.001,0,0.001,0,0.001,0.105,0.346,0.372,0.657,0.001,0.107,0.2,0.429,0.979,0.029,0.089,0,0.001,8.416,4.436
04:50.3,9227,0.29,0.135,-0.71,-0.628,0.527,0.613,-0.423,-0.41,0.612,0.609,0.404,0.302,0.53,0.692,0.133,0.471,-0.499,-0.461,0.475,0.559,0.071,0.659,-0.157,0.732,0.952,1.101,0.987,0.47,0.166,0.001,0.006,0.001,0.004,1.023,0.956,0.37,0.02,0.001,0.349,0.001,0.001,0.002,0.479,0.578,0.093,0.001,0.001,0.342,0.316,0.001,0.001,0.001,0.007,0.001,0.001,0.001,0.078,0.001,0.001,0.001,0.001,0.07,0.024,0.001,0.001,0.001,0.001,0.001,0.001,-0.285,0.61,-0.317,0.667,0.001,0.001,0,0.062,0,0.001,0.001,0.042,0,0,0.001,0,0,0.001,0.138,0.095,0.292,0,0.001,0,0,0,0,0.015,0.139,0.048,0.28,0.001,0,0.001,0,0.001,0.105,0.346,0.372,0.657,0.001,0.107,0.2,0.429,0.979,0.029,0.089,0,0.001,8.416,4.436
04:50.3,9228,0.28,0.143,-0.714,-0.626,0.516,0.618,-0.42,-0.419,0.613,0.604,0.411,0.301,0.53,0.693,0.129,0.472,-0.502,-0.463,0.476,0.555,0.071,0.659,-0.157,0.732,0.952,1.101,0.987,0.47,0.166,0.001,0.006,0.001,0.004,1.023,0.956,0.37,0.02,0.001,0.349,0.001,0.001,0.002,0.479,0.578,0.093,0.001,0.001,0.342,0.316,0.001,0.001,0.001,0.007,0.001,0.001,0.001,0.078,0.001,0.001,0.001,0.001,0.07,0.024,0.001,0.001,0.001,0.001,0.001,0.001,-0.285,0.61,-0.317,0.667,0.001,0.001,0,0.062,0,0.001,0.001,0.042,0,0,0.001,0,0,0.001,0.138,0.095,0.292,0,0.001,0,0,0,0,0.015,0.139,0.048,0.28,0.001,0,0.001,0,0.001,0.105,0.346,0.372,0.657,0.001,0.107,0.2,0.429,0.979,0.029,0.089,0,0.001,8.416,4.436
04:50.3,9229,0.275,0.149,-0.717,-0.624,0.506,0.621,-0.416,-0.429,0.614,0.598,0.418,0.301,0.53,0.695,0.124,0.47,-0.504,-0.465,0.476,0.551,0.071,0.659,-0.157,0.732,0.952,1.101,0.987,0.47,0.166,0.001,0.006,0.001,0.004,1.023,0.956,0.37,0.02,0.001,0.349,0.001,0.001,0.002,0.479,0.578,0.093,0.001,0.001,0.342,0.316,0.001,0.001,0.001,0.007,0.001,0.001,0.001,0.078,0.001,0.001,0.001,0.001,0.07,0.024,0.001,0.001,0.001,0.001,0.001,0.001,-0.285,0.61,-0.317,0.667,0.001,0.001,0,0.062,0,0.001,0.001,0.042,0,0,0.001,0,0,0.001,0.138,0.095,0.292,0,0.001,0,0,0,0,0.015,0.139,0.048,0.28,0.001,0,0.001,0,0.001,0.105,0.346,0.372,0.657,0.001,0.107,0.2,0.429,0.979,0.029,0.089,0,0.001,8.416,4.436
04:50.3,9230,0.273,0.154,-0.717,-0.623,0.499,0.623,-0.414,-0.438,0.613,0.593,0.425,0.302,0.529,0.699,0.116,0.467,-0.506,-0.465,0.477,0.548,0.082,0.671,-0.21,0.706,0.94,1.094,0.987,0.516,0.189,0.001,0.007,0.001,0.005,1.017,0.966,0.402,0.023,0.001,0.371,0.032,0.001,0.002,0.498,0.591,0.158,0.001,0.001,0.386,0.466,0.001,0.001,0.002,0.013,0.001,0.001,0.001,0.148,0.006,0.001,0.001,0.001,0.046,0.072,0.001,0.001,0.001,0.001,0.015,0.001,-0.285,0.61,-0.317,0.667,0.001,0.001,0,0.062,0,0.001,0.001,0.042,0,0,0.001,0,0,0.001,0.138,0.095,0.292,0,0.001,0,0,0,0,0.015,0.139,0.048,0.28,0.001,0,0.001,0,0.001,0.105,0.346,0.372,0.657,0.001,0.107,0.2,0.429,0.979,0.029,0.089,0,0.001,8.971,4.436
04:50.3,9231,0.273,0.159,-0.716,-0.623,0.495,0.624,-0.412,-0.442,0.612,0.589,0.433,0.301,0.526,0.707,0.105,0.462,-0.506,-0.466,0.478,0.546,0.093,0.669,-0.222,0.703,0.802,1.033,0.932,0.646,0.377,0.001,0.053,0.016,0.004,1,0.932,0.6,0.122,0.001,0.405,0.206,0.001,0.002,0.578,0.685,0.484,0.127,0.001,0.304,0.668,0.001,0.001,0.002,0.088,0.085,0.001,0.001,0.21,0.451,0.001,0.009,0.001,0.122,0.565,0.137,0.001,0.001,0.053,0.726,0.001,-0.285,0.61,-0.317,0.667,0.001,0.001,0,0.062,0,0.001,0.001,0.042,0,0,0.001,0,0,0.001,0.138,0.095,0.292,0,0.001,0,0,0,0,0.015,0.139,0.048,0.28,0.001,0,0.001,0,0.001,0.105,0.346,0.372,0.657,0.001,0.107,0.2,0.429,0.979,0.029,0.089,0,0.001,12.437,4.436
04:50.4,9232,0.272,0.165,-0.715,-0.623,0.493,0.626,-0.411,-0.442,0.612,0.584,0.44,0.3,0.52,0.716,0.094,0.456,-0.506,-0.465,0.48,0.546,0.093,0.669,-0.222,0.703,0.802,1.033,0.932,0.646,0.377,0.001,0.053,0.016,0.004,1,0.932,0.6,0.122,0.001,0.405,0.206,0.001,0.002,0.578,0.685,0.484,0.127,0.001,0.304,0.668,0.001,0.001,0.002,0.088,0.085,0.001,0.001,0.21,0.451,0.001,0.009,0.001,0.122,0.565,0.137,0.001,0.001,0.053,0.726,0.001,-0.568,0.562,-0.246,0.548,0,0.001,0,0.065,0.001,0,0.001,0.029,0,0.001,0,0.001,0,0,0.137,0.081,0.272,0,0.001,0,0.001,0.001,0.001,0.013,0.132,0.044,0.293,0.001,0,0,0.001,0,0.09,0.331,0.353,0.623,0,0.096,0.179,0.422,0.926,0.023,0.084,0,0.001,12.437,4.205
04:50.4,9233,0.271,0.171,-0.714,-0.623,0.493,0.628,-0.412,-0.439,0.612,0.579,0.448,0.298,0.514,0.724,0.083,0.452,-0.505,-0.464,0.481,0.546,0.093,0.669,-0.222,0.703,0.802,1.033,0.932,0.646,0.377,0.001,0.053,0.016,0.004,1,0.932,0.6,0.122,0.001,0.405,0.206,0.001,0.002,0.578,0.685,0.484,0.127,0.001,0.304,0.668,0.001,0.001,0.002,0.088,0.085,0.001,0.001,0.21,0.451,0.001,0.009,0.001,0.122,0.565,0.137,0.001,0.001,0.053,0.726,0.001,-0.563,0.533,-0.237,0.586,0.001,0.001,0.001,0,0.001,0.001,0.001,0.001,0,0.001,0.001,0,0.001,0,0,0.001,0,0,0,0,0,0.06,0.001,0,0,0,0,0.001,0.001,0,0,0.001,0,0.001,0,0,0,0,0.001,0.001,0,0,0,0,0,12.437,0.078
04:50.4,9234,0.267,0.177,-0.714,-0.623,0.492,0.631,-0.412,-0.435,0.614,0.574,0.455,0.294,0.51,0.729,0.073,0.451,-0.504,-0.463,0.482,0.547,0.093,0.669,-0.222,0.703,0.802,1.033,0.932,0.646,0.377,0.001,0.053,0.016,0.004,1,0.932,0.6,0.122,0.001,0.405,0.206,0.001,0.002,0.578,0.685,0.484,0.127,0.001,0.304,0.668,0.001,0.001,0.002,0.088,0.085,0.001,0.001,0.21,0.451,0.001,0.009,0.001,0.122,0.565,0.137,0.001,0.001,0.053,0.726,0.001,-0.572,0.529,-0.251,0.574,0,0,0.001,0,0.001,0.001,0,0,0,0.001,0,0,0,0.001,0,0,0.001,0,0.001,0,0,0.051,0,0.001,0.001,0,0,0,0,0,0,0,0,0.001,0,0,0,0.001,0,0,0.001,0.001,0.001,0,0,12.437,0.065
04:50.4,9235,0.262,0.183,-0.714,-0.624,0.49,0.635,-0.412,-0.433,0.617,0.569,0.461,0.288,0.505,0.733,0.063,0.451,-0.502,-0.461,0.484,0.549,0.093,0.669,-0.222,0.703,0.802,1.033,0.932,0.646,0.377,0.001,0.053,0.016,0.004,1,0.932,0.6,0.122,0.001,0.405,0.206,0.001,0.002,0.578,0.685,0.484,0.127,0.001,0.304,0.668,0.001,0.001,0.002,0.088,0.085,0.001,0.001,0.21,0.451,0.001,0.009,0.001,0.122,0.565,0.137,0.001,0.001,0.053,0.726,0.001,-0.59,0.522,-0.26,0.558,0,0.001,0.001,0.001,0,0,0,0,0,0,0,0.001,0,0,0.001,0,0,0,0,0.001,0.001,0.06,0,0,0,0,0,0.001,0,0,0.001,0.001,0.001,0,0.001,0,0,0,0,0,0,0,0,0,0.001,12.437,0.073
04:50.4,9236,0.254,0.19,-0.715,-0.624,0.487,0.638,-0.411,-0.432,0.621,0.565,0.465,0.281,0.499,0.736,0.056,0.454,-0.501,-0.459,0.485,0.55,0.093,0.669,-0.222,0.703,0.802,1.033,0.932,0.646,0.377,0.001,0.053,0.016,0.004,1,0.932,0.6,0.122,0.001,0.405,0.206,0.001,0.002,0.578,0.685,0.484,0.127,0.001,0.304,0.668,0.001,0.001,0.002,0.088,0.085,0.001,0.001,0.21,0.451,0.001,0.009,0.001,0.122,0.565,0.137,0.001,0.001,0.053,0.726,0.001,-0.598,0.537,-0.237,0.546,0.001,0,0.001,0.001,0.001,0,0,0.001,0,0,0,0.001,0,0,0.001,0,0.001,0,0,0,0,0.067,0.001,0,0,0.001,0,0.001,0.001,0.001,0.001,0.001,0,0,0.001,0,0,0.001,0,0.001,0,0.001,0.001,0.001,0,12.437,0.088
04:50.4,9237,0.246,0.196,-0.716,-0.623,0.483,0.64,-0.411,-0.433,0.626,0.56,0.468,0.272,0.491,0.738,0.055,0.459,-0.5,-0.458,0.487,0.551,0.093,0.669,-0.222,0.703,0.802,1.033,0.932,0.646,0.377,0.001,0.053,0.016,0.004,1,0.932,0.6,0.122,0.001,0.405,0.206,0.001,0.002,0.578,0.685,0.484,0.127,0.001,0.304,0.668,0.001,0.001,0.002,0.088,0.085,0.001,0.001,0.21,0.451,0.001,0.009,0.001,0.122,0.565,0.137,0.001,0.001,0.053,0.726,0.001,-0.589,0.544,-0.215,0.558,0,0.001,0,0,0.001,0.001,0.001,0.001,0,0.001,0,0.001,0,0.001,0.001,0,0.001,0.001,0.001,0,0.001,0.062,0,0,0,0.001,0,0.001,0.001,0.001,0,0.001,0,0,0,0,0,0,0,0,0.001,0.001,0.001,0.001,0.001,12.437,0.085
04:50.4,9238,0.239,0.201,-0.718,-0.622,0.478,0.642,-0.411,-0.436,0.632,0.557,0.47,0.263,0.483,0.739,0.057,0.466,-0.5,-0.456,0.489,0.551,0.114,0.673,-0.242,0.689,0.77,1.032,0.927,0.647,0.38,0.001,0.079,0.02,0.004,0.994,0.933,0.593,0.129,0.001,0.392,0.209,0.001,0.002,0.573,0.685,0.502,0.133,0.001,0.294,0.654,0.001,0.001,0.004,0.088,0.09,0.001,0.001,0.194,0.458,0.001,0.015,0.001,0.131,0.571,0.183,0.001,0.001,0.049,0.762,0.001,-0.562,0.559,-0.183,0.581,0.001,0,0.001,0.001,0.001,0.001,0,0,0,0.001,0.001,0,0.001,0,0,0.001,0,0,0,0.001,0,0.061,0.001,0,0,0,0,0,0.001,0.001,0,0,0.001,0.001,0,0,0,0,0,0,0,0,0.001,0.001,0,12.51,0.078
04:50.4,9239,0.233,0.205,-0.72,-0.621,0.475,0.643,-0.41,-0.439,0.638,0.554,0.471,0.253,0.478,0.738,0.061,0.473,-0.5,-0.454,0.49,0.551,0.119,0.674,-0.246,0.686,0.311,0.928,0.805,0.497,0.359,0.001,0.062,0.023,0.001,0.949,0.906,0.58,0.172,0.001,0.256,0.264,0.004,0.001,0.534,0.691,0.623,0.258,0.001,0.19,0.585,0.001,0.121,0.004,0.131,0.227,0.01,0.001,0.187,0.47,0.001,0.027,0.001,0.291,0.69,0.784,0.087,0.001,0.096,1.053,0.001,-0.543,0.57,-0.159,0.596,0,0,0.001,0,0,0.001,0,0.001,0,0,0,0,0.001,0,0,0,0,0,0,0,0.001,0.061,0,0.001,0,0.001,0,0,0,0.001,0,0.001,0.001,0.001,0.001,0,0,0,0.001,0,0.001,0,0,0,0,13.186,0.075
04:50.4,9240,0.229,0.208,-0.721,-0.62,0.472,0.642,-0.411,-0.442,0.645,0.551,0.47,0.244,0.475,0.735,0.064,0.48,-0.502,-0.452,0.491,0.55,0.127,0.673,-0.255,0.682,0.232,0.904,0.79,0.475,0.365,0.001,0.068,0.028,0.001,0.928,0.9,0.58,0.173,0.001,0.261,0.272,0.007,0.001,0.526,0.686,0.63,0.267,0.001,0.201,0.596,0.001,0.188,0.002,0.127,0.226,0.011,0.001,0.215,0.475,0.002,0.038,0.001,0.313,0.698,0.824,0.104,0.001,0.098,1.111,0.001,-0.514,0.582,-0.137,0.615,0.001,0,0.001,0,0,0,0.001,0,0,0,0.001,0.001,0,0.001,0.001,0.001,0.001,0,0.001,0,0,0.056,0.001,0,0,0,0,0.001,0,0.001,0,0.001,0.001,0.001,0,0,0,0.001,0,0.001,0,0,0,0,0.001,13.331,0.075
04:50.4,9241,0.227,0.211,-0.722,-0.619,0.471,0.642,-0.411,-0.445,0.651,0.549,0.469,0.234,0.474,0.731,0.068,0.486,-0.503,-0.449,0.493,0.549,0.133,0.672,-0.261,0.68,0.175,0.862,0.777,0.447,0.371,0.001,0.082,0.035,0.001,0.91,0.895,0.573,0.176,0.001,0.272,0.291,0.009,0.001,0.523,0.672,0.636,0.299,0.001,0.226,0.601,0.002,0.208,0.002,0.122,0.221,0.017,0.001,0.245,0.487,0.002,0.074,0.001,0.338,0.712,0.885,0.131,0.001,0.095,1.122,0.001,-0.488,0.592,-0.124,0.629,0,0,0.001,0,0.001,0.001,0.001,0.001,0,0.001,0,0,0,0,0,0,0.001,0,0.001,0.001,0.001,0.057,0,0,0.001,0,0,0.001,0,0.001,0.001,0.001,0.001,0.001,0.001,0,0,0.001,0,0.001,0,0,0,0,0,13.504,0.077
04:50.5,9242,0.225,0.213,-0.722,-0.619,0.47,0.64,-0.412,-0.447,0.657,0.547,0.467,0.225,0.476,0.725,0.072,0.492,-0.505,-0.448,0.496,0.547,0.141,0.671,-0.269,0.676,0.142,0.823,0.767,0.431,0.372,0.001,0.095,0.034,0.001,0.893,0.89,0.562,0.184,0.001,0.282,0.31,0.009,0.001,0.516,0.659,0.648,0.315,0.001,0.242,0.603,0.002,0.241,0.002,0.116,0.217,0.02,0.001,0.256,0.502,0.002,0.067,0.001,0.372,0.709,0.923,0.161,0.001,0.098,1.107,0.001,-0.462,0.602,-0.112,0.642,0.001,0,0.001,0.001,0,0.001,0,0,0,0,0.001,0,0,0,0,0.001,0,0,0,0,0.001,0.066,0.001,0.001,0,0.001,0.001,0.001,0,0.001,0,0.001,0.001,0.001,0.001,0,0,0,0,0,0,0.001,0,0,0,13.581,0.084
04:50.5,9243,0.223,0.215,-0.721,-0.62,0.469,0.64,-0.413,-0.448,0.664,0.545,0.464,0.217,0.48,0.72,0.074,0.496,-0.506,-0.446,0.498,0.545,0.147,0.67,-0.275,0.674,0.105,0.789,0.73,0.405,0.374,0.001,0.107,0.039,0.001,0.866,0.88,0.558,0.188,0.001,0.286,0.311,0.013,0.001,0.505,0.668,0.651,0.326,0.001,0.248,0.618,0.012,0.288,0.002,0.107,0.211,0.018,0.001,0.267,0.525,0.016,0.096,0.001,0.389,0.707,0.939,0.2,0.001,0.099,1.128,0.001,-0.431,0.612,-0.099,0.656,0,0.001,0.001,0,0.001,0.001,0,0.001,0.001,0,0.001,0.001,0,0.001,0,0.001,0.001,0,0,0.001,0,0.063,0,0,0,0.001,0,0.001,0,0,0.001,0.001,0,0.001,0,0,0,0,0.001,0,0,0.001,0,0.001,0,13.68,0.083
04:50.5,9244,0.22,0.217,-0.721,-0.621,0.468,0.639,-0.414,-0.449,0.669,0.543,0.462,0.21,0.488,0.713,0.074,0.498,-0.507,-0.444,0.501,0.543,0.147,0.67,-0.275,0.674,0.105,0.789,0.73,0.405,0.374,0.001,0.107,0.039,0.001,0.866,0.88,0.558,0.188,0.001,0.286,0.311,0.013,0.001,0.505,0.668,0.651,0.326,0.001,0.248,0.618,0.012,0.288,0.002,0.107,0.211,0.018,0.001,0.267,0.525,0.016,0.096,0.001,0.389,0.707,0.939,0.2,0.001,0.099,1.128,0.001,-0.403,0.619,-0.093,0.668,0,0,0.001,0,0,0,0.001,0.001,0.001,0,0,0,0,0.001,0.001,0.001,0.001,0,0,0,0,0.065,0,0,0,0.001,0.001,0,0,0,0,0,0,0.001,0,0,0.001,0,0.001,0,0.001,0,0.001,0,0.001,13.68,0.081
04:50.5,9245,0.216,0.219,-0.72,-0.622,0.467,0.639,-0.415,-0.45,0.674,0.542,0.459,0.204,0.498,0.707,0.074,0.496,-0.507,-0.443,0.503,0.542,0.147,0.67,-0.275,0.674,0.105,0.789,0.73,0.405,0.374,0.001,0.107,0.039,0.001,0.866,0.88,0.558,0.188,0.001,0.286,0.311,0.013,0.001,0.505,0.668,0.651,0.326,0.001,0.248,0.618,0.012,0.288,0.002,0.107,0.211,0.018,0.001,0.267,0.525,0.016,0.096,0.001,0.389,0.707,0.939,0.2,0.001,0.099,1.128,0.001,-0.358,0.628,-0.097,0.684,0,0,0.001,0.001,0,0.001,0.001,0.001,0,0.001,0,0,0.001,0,0.001,0.001,0.001,0,0.001,0.001,0,0.063,0,0,0,0,0.001,0,0,0.001,0,0.001,0,0,0.001,0.001,0,0,0.001,0,0,0.001,0,0,0,13.68,0.082
04:50.5,9246,0.211,0.222,-0.72,-0.623,0.465,0.638,-0.417,-0.451,0.678,0.542,0.456,0.199,0.511,0.701,0.074,0.492,-0.508,-0.441,0.505,0.541,0.147,0.67,-0.275,0.674,0.105,0.789,0.73,0.405,0.374,0.001,0.107,0.039,0.001,0.866,0.88,0.558,0.188,0.001,0.286,0.311,0.013,0.001,0.505,0.668,0.651,0.326,0.001,0.248,0.618,0.012,0.288,0.002,0.107,0.211,0.018,0.001,0.267,0.525,0.016,0.096,0.001,0.389,0.707,0.939,0.2,0.001,0.099,1.128,0.001,-0.349,0.631,-0.079,0.688,0.001,0,0.001,0,0.001,0,0.001,0.001,0,0,0,0,0,0,0,0.001,0,0,0,0.001,0.001,0.066,0.001,0,0,0,0,0.001,0,0.001,0.001,0.001,0.001,0,0.001,0.001,0.001,0.001,0.001,0.001,0.001,0.001,0.001,0,0,13.68,0.089
04:50.5,9247,0.206,0.223,-0.72,-0.624,0.463,0.637,-0.418,-0.452,0.68,0.543,0.452,0.195,0.525,0.696,0.075,0.485,-0.508,-0.439,0.506,0.541,0.147,0.67,-0.275,0.674,0.105,0.789,0.73,0.405,0.374,0.001,0.107,0.039,0.001,0.866,0.88,0.558,0.188,0.001,0.286,0.311,0.013,0.001,0.505,0.668,0.651,0.326,0.001,0.248,0.618,0.012,0.288,0.002,0.107,0.211,0.018,0.001,0.267,0.525,0.016,0.096,0.001,0.389,0.707,0.939,0.2,0.001,0.099,1.128,0.001,-0.349,0.631,-0.079,0.688,0.001,0,0.001,0,0.001,0,0.001,0.001,0,0,0,0,0,0,0,0.001,0,0,0,0.001,0.001,0.066,0.001,0,0,0,0,0.001,0,0.001,0.001,0.001,0.001,0,0.001,0.001,0.001,0.001,0.001,0.001,0.001,0.001,0.001,0,0,13.68,0.089
04:50.5,9248,0.202,0.224,-0.721,-0.624,0.461,0.636,-0.42,-0.453,0.681,0.545,0.449,0.193,0.538,0.692,0.077,0.475,-0.509,-0.438,0.508,0.54,0.147,0.67,-0.275,0.674,0.105,0.789,0.73,0.405,0.374,0.001,0.107,0.039,0.001,0.866,0.88,0.558,0.188,0.001,0.286,0.311,0.013,0.001,0.505,0.668,0.651,0.326,0.001,0.248,0.618,0.012,0.288,0.002,0.107,0.211,0.018,0.001,0.267,0.525,0.016,0.096,0.001,0.389,0.707,0.939,0.2,0.001,0.099,1.128,0.001,-0.349,0.631,-0.079,0.688,0.001,0,0.001,0,0.001,0,0.001,0.001,0,0,0,0,0,0,0,0.001,0,0,0,0.001,0.001,0.066,0.001,0,0,0,0,0.001,0,0.001,0.001,0.001,0.001,0,0.001,0.001,0.001,0.001,0.001,0.001,0.001,0.001,0.001,0,0,13.68,0.089
04:50.5,9249,0.198,0.225,-0.721,-0.624,0.461,0.636,-0.422,-0.453,0.682,0.547,0.446,0.192,0.551,0.689,0.08,0.464,-0.509,-0.436,0.509,0.54,0.147,0.67,-0.275,0.674,0.105,0.789,0.73,0.405,0.374,0.001,0.107,0.039,0.001,0.866,0.88,0.558,0.188,0.001,0.286,0.311,0.013,0.001,0.505,0.668,0.651,0.326,0.001,0.248,0.618,0.012,0.288,0.002,0.107,0.211,0.018,0.001,0.267,0.525,0.016,0.096,0.001,0.389,0.707,0.939,0.2,0.001,0.099,1.128,0.001,-0.349,0.631,-0.079,0.688,0.001,0,0.001,0,0.001,0,0.001,0.001,0,0,0,0,0,0,0,0.001,0,0,0,0.001,0.001,0.066,0.001,0,0,0,0,0.001,0,0.001,0.001,0.001,0.001,0,0.001,0.001,0.001,0.001,0.001,0.001,0.001,0.001,0.001,0,0,13.68,0.089
04:50.5,9250,0.197,0.226,-0.722,-0.624,0.46,0.635,-0.424,-0.453,0.681,0.549,0.444,0.193,0.563,0.687,0.083,0.451,-0.509,-0.434,0.51,0.541,0.147,0.67,-0.275,0.674,0.105,0.789,0.73,0.405,0.374,0.001,0.107,0.039,0.001,0.866,0.88,0.558,0.188,0.001,0.286,0.311,0.013,0.001,0.505,0.668,0.651,0.326,0.001,0.248,0.618,0.012,0.288,0.002,0.107,0.211,0.018,0.001,0.267,0.525,0.016,0.096,0.001,0.389,0.707,0.939,0.2,0.001,0.099,1.128,0.001,-0.349,0.631,-0.079,0.688,0.001,0,0.001,0,0.001,0,0.001,0.001,0,0,0,0,0,0,0,0.001,0,0,0,0.001,0.001,0.066,0.001,0,0,0,0,0.001,0,0.001,0.001,0.001,0.001,0,0.001,0.001,0.001,0.001,0.001,0.001,0.001,0.001,0.001,0,0,13.68,0.089
04:50.5,9251,0.196,0.227,-0.723,-0.623,0.46,0.634,-0.426,-0.453,0.681,0.55,0.443,0.195,0.574,0.686,0.088,0.438,-0.509,-0.432,0.511,0.541,0.176,0.669,-0.3,0.657,0.079,0.748,0.701,0.387,0.376,0.001,0.109,0.04,0.001,0.864,0.873,0.553,0.193,0.001,0.287,0.314,0.013,0.001,0.492,0.673,0.653,0.335,0.001,0.247,0.619,0.024,0.309,0.002,0.104,0.212,0.02,0.001,0.28,0.54,0.029,0.116,0.001,0.408,0.712,0.961,0.249,0.001,0.103,1.126,0.001,-0.349,0.631,-0.079,0.688,0.001,0,0.001,0,0.001,0,0.001,0.001,0,0,0,0,0,0,0,0.001,0,0,0,0.001,0.001,0.066,0.001,0,0,0,0,0.001,0,0.001,0.001,0.001,0.001,0,0.001,0.001,0.001,0.001,0.001,0.001,0.001,0.001,0.001,0,0,13.76,0.089
04:50.6,9252,0.197,0.228,-0.723,-0.622,0.459,0.634,-0.427,-0.453,0.679,0.552,0.442,0.197,0.584,0.686,0.092,0.424,-0.509,-0.43,0.512,0.541,0.18,0.669,-0.303,0.654,0.001,0.336,0.488,0.259,0.38,0.001,0.138,0.055,0.001,0.601,0.674,0.443,0.195,0.004,0.32,0.336,0.084,0.001,0.418,0.67,0.58,0.319,0.001,0.347,0.696,0.096,0.431,0.002,0.061,0.151,0.011,0.001,0.37,0.657,0.106,0.388,0.001,0.551,0.672,1.035,0.459,0.046,0.111,1.054,0.125,-0.349,0.631,-0.079,0.688,0.001,0,0.001,0,0.001,0,0.001,0.001,0,0,0,0,0,0,0,0.001,0,0,0,0.001,0.001,0.066,0.001,0,0,0,0,0.001,0,0.001,0.001,0.001,0.001,0,0.001,0.001,0.001,0.001,0.001,0.001,0.001,0.001,0.001,0,0,13.676,0.089
04:50.6,9253,0.198,0.229,-0.724,-0.62,0.459,0.633,-0.427,-0.454,0.678,0.553,0.441,0.2,0.592,0.686,0.096,0.412,-0.509,-0.429,0.513,0.542,0.184,0.669,-0.308,0.651,0.001,0.31,0.455,0.238,0.375,0.001,0.147,0.057,0.001,0.523,0.648,0.422,0.2,0.012,0.325,0.341,0.093,0.001,0.381,0.662,0.547,0.308,0.001,0.35,0.703,0.103,0.432,0.001,0.055,0.134,0.011,0.001,0.388,0.665,0.112,0.418,0.001,0.552,0.67,1.038,0.476,0.05,0.112,1.053,0.134,-0.379,0.62,0.188,0.661,0,0.001,0,0.001,0,0.001,0,0,0,0,0,0,0,0,0,0,0.001,0,0.001,0.001,0.001,0.065,0,0.001,0,0,0,0,0,0.001,0,0.001,0,0,0,0,0,0.001,0.001,0,0,0.001,0,0.001,0.001,13.508,0.08
04:50.6,9254,0.199,0.231,-0.724,-0.619,0.458,0.633,-0.428,-0.454,0.677,0.553,0.441,0.202,0.598,0.686,0.1,0.401,-0.509,-0.428,0.514,0.542,0.188,0.669,-0.312,0.648,0.001,0.261,0.436,0.217,0.371,0.001,0.153,0.056,0.001,0.463,0.629,0.405,0.186,0.012,0.328,0.346,0.101,0.001,0.343,0.642,0.51,0.283,0.001,0.357,0.712,0.105,0.437,0.001,0.042,0.116,0.011,0.001,0.398,0.672,0.123,0.444,0.001,0.573,0.67,1.071,0.487,0.056,0.115,1.045,0.154,-0.382,0.613,0.215,0.657,0.001,0,0,0,0.001,0.001,0.001,0.001,0,0.001,0,0.001,0,0,0.001,0,0,0,0.001,0,0.001,0.048,0,0.001,0,0,0.001,0,0,0.001,0.001,0,0.001,0.001,0.001,0,0,0,0.001,0.001,0,0.001,0,0,0,13.338,0.068
04:50.6,9255,0.2,0.233,-0.725,-0.617,0.457,0.633,-0.429,-0.454,0.676,0.553,0.441,0.204,0.603,0.685,0.106,0.393,-0.509,-0.428,0.514,0.542,0.191,0.669,-0.315,0.646,0.001,0.212,0.415,0.201,0.364,0.001,0.16,0.056,0.001,0.407,0.595,0.386,0.179,0.015,0.335,0.349,0.116,0.001,0.299,0.618,0.48,0.255,0.001,0.363,0.714,0.111,0.433,0.001,0.035,0.1,0.012,0.001,0.403,0.678,0.134,0.444,0.001,0.574,0.672,1.067,0.514,0.06,0.116,1.037,0.181,-0.386,0.604,0.25,0.651,0,0,0,0,0.001,0.001,0,0,0,0,0.001,0,0.001,0.001,0,0.001,0,0,0,0.001,0,0.034,0,0,0.001,0.001,0,0,0,0,0.001,0,0,0,0.001,0,0,0,0,0,0.001,0.001,0.001,0,0.001,13.098,0.049
04:50.6,9256,0.2,0.235,-0.725,-0.616,0.457,0.633,-0.43,-0.454,0.676,0.552,0.442,0.205,0.608,0.684,0.113,0.387,-0.508,-0.427,0.515,0.542,0.194,0.669,-0.319,0.643,0.001,0.132,0.4,0.175,0.363,0.001,0.16,0.057,0.001,0.375,0.573,0.365,0.153,0.013,0.335,0.354,0.123,0.001,0.244,0.582,0.429,0.244,0.001,0.369,0.722,0.122,0.442,0.001,0.028,0.062,0.009,0.001,0.411,0.68,0.143,0.463,0.001,0.58,0.67,1.063,0.534,0.068,0.112,0.972,0.19,-0.388,0.599,0.272,0.645,0,0.001,0.001,0,0.001,0.001,0.001,0,0.001,0,0,0.001,0.001,0,0,0,0.001,0,0,0,0,0.033,0,0,0,0,0,0.001,0,0.001,0,0,0,0.001,0,0,0,0.001,0,0,0.001,0.001,0.001,0.001,0,12.725,0.05
04:50.6,9257,0.199,0.237,-0.725,-0.616,0.456,0.633,-0.431,-0.453,0.676,0.552,0.443,0.206,0.612,0.682,0.121,0.381,-0.508,-0.427,0.515,0.542,0.196,0.669,-0.321,0.641,0.001,0.088,0.335,0.151,0.342,0.001,0.161,0.057,0.001,0.333,0.546,0.341,0.145,0.009,0.332,0.358,0.129,0.001,0.197,0.554,0.387,0.232,0.001,0.375,0.726,0.132,0.455,0.001,0.021,0.053,0.006,0.001,0.42,0.686,0.149,0.474,0.001,0.592,0.669,1.071,0.549,0.071,0.112,0.963,0.22,-0.388,0.593,0.305,0.636,0,0,0,0.001,0,0,0,0,0,0,0,0,0.001,0.001,0.001,0,0,0.001,0,0,0.001,0.032,0.001,0.001,0.001,0.001,0.001,0,0,0,0,0,0,0.001,0,0,0,0.001,0.001,0,0.001,0,0,0,0.001,12.449,0.048
04:50.6,9258,0.197,0.239,-0.725,-0.615,0.455,0.634,-0.431,-0.453,0.677,0.551,0.443,0.206,0.617,0.68,0.129,0.375,-0.508,-0.427,0.516,0.542,0.198,0.67,-0.323,0.638,0.001,0.042,0.309,0.125,0.332,0.001,0.161,0.056,0.001,0.272,0.521,0.331,0.132,0.009,0.335,0.358,0.132,0.001,0.172,0.505,0.348,0.189,0.001,0.379,0.73,0.139,0.457,0.001,0.012,0.034,0.001,0.001,0.424,0.69,0.167,0.476,0.001,0.603,0.67,1.074,0.571,0.074,0.115,0.951,0.233,-0.388,0.588,0.329,0.629,0,0,0.001,0,0,0.001,0.001,0,0,0,0.001,0.001,0.001,0,0,0.001,0,0,0,0.001,0.001,0.032,0.001,0,0,0,0.001,0,0,0.001,0,0.001,0.001,0,0,0.001,0.001,0,0,0,0,0.001,0.001,0,0.001,12.137,0.051
04:50.6,9259,0.196,0.24,-0.725,-0.615,0.453,0.634,-0.432,-0.453,0.677,0.55,0.443,0.206,0.623,0.677,0.138,0.366,-0.507,-0.427,0.516,0.543,0.199,0.672,-0.324,0.636,0.001,0.007,0.263,0.09,0.306,0.001,0.154,0.061,0.001,0.259,0.492,0.288,0.121,0.001,0.337,0.361,0.137,0.001,0.138,0.474,0.293,0.159,0.001,0.381,0.731,0.148,0.463,0.001,0.002,0.024,0.001,0.001,0.43,0.691,0.176,0.499,0.001,0.604,0.674,1.079,0.581,0.079,0.116,0.938,0.253,-0.387,0.58,0.356,0.622,0,0.001,0.001,0.001,0,0,0,0,0,0,0,0.001,0,0,0,0,0.001,0,0.001,0,0,0.032,0,0,0,0,0,0.001,0.001,0.001,0,0,0.001,0,0,0.006,0,0,0,0,0.001,0,0,0.001,0,11.819,0.05
04:50.6,9260,0.194,0.241,-0.725,-0.615,0.452,0.635,-0.431,-0.454,0.678,0.55,0.442,0.206,0.631,0.675,0.147,0.355,-0.507,-0.426,0.516,0.543,0.2,0.673,-0.326,0.633,0,0.001,0.205,0.048,0.297,0.001,0.153,0.06,0.001,0.225,0.468,0.265,0.109,0.001,0.341,0.359,0.145,0.001,0.084,0.438,0.265,0.117,0.001,0.382,0.734,0.158,0.449,0.001,0.001,0.022,0.001,0.001,0.436,0.695,0.183,0.518,0.001,0.608,0.675,1.085,0.613,0.083,0.115,0.928,0.274,-0.387,0.573,0.377,0.616,0,0.001,0,0.001,0,0.001,0,0,0,0,0,0.001,0,0.001,0,0.001,0.001,0,0.001,0,0.001,0.032,0,0,0,0.001,0,0.001,0.001,0,0.001,0,0,0.001,0,0.012,0,0,0.001,0,0,0.001,0.001,0.001,0.001,11.548,0.063
04:50.6,9261,0.193,0.242,-0.725,-0.615,0.45,0.636,-0.431,-0.455,0.679,0.55,0.44,0.207,0.639,0.672,0.156,0.34,-0.507,-0.425,0.516,0.544,0.2,0.673,-0.326,0.633,0,0.001,0.205,0.048,0.297,0.001,0.153,0.06,0.001,0.225,0.468,0.265,0.109,0.001,0.341,0.359,0.145,0.001,0.084,0.438,0.265,0.117,0.001,0.382,0.734,0.158,0.449,0.001,0.001,0.022,0.001,0.001,0.436,0.695,0.183,0.518,0.001,0.608,0.675,1.085,0.613,0.083,0.115,0.928,0.274,-0.387,0.573,0.377,0.616,0,0.001,0,0.001,0,0.001,0,0,0,0,0,0.001,0,0.001,0,0.001,0.001,0,0.001,0,0.001,0.032,0,0,0,0.001,0,0.001,0.001,0,0.001,0,0,0.001,0,0.012,0,0,0.001,0,0,0.001,0.001,0.001,0.001,11.548,0.063
04:50.7,9262,0.192,0.242,-0.725,-0.615,0.449,0.636,-0.431,-0.456,0.68,0.55,0.439,0.208,0.647,0.67,0.165,0.324,-0.507,-0.424,0.516,0.545,0.2,0.673,-0.326,0.633,0,0.001,0.205,0.048,0.297,0.001,0.153,0.06,0.001,0.225,0.468,0.265,0.109,0.001,0.341,0.359,0.145,0.001,0.084,0.438,0.265,0.117,0.001,0.382,0.734,0.158,0.449,0.001,0.001,0.022,0.001,0.001,0.436,0.695,0.183,0.518,0.001,0.608,0.675,1.085,0.613,0.083,0.115,0.928,0.274,-0.387,0.573,0.377,0.616,0,0.001,0,0.001,0,0.001,0,0,0,0,0,0.001,0,0.001,0,0.001,0.001,0,0.001,0,0.001,0.032,0,0,0,0.001,0,0.001,0.001,0,0.001,0,0,0.001,0,0.012,0,0,0.001,0,0,0.001,0.001,0.001,0.001,11.548,0.063
04:50.7,9263,0.191,0.243,-0.725,-0.616,0.447,0.637,-0.43,-0.457,0.68,0.551,0.437,0.209,0.655,0.669,0.173,0.306,-0.508,-0.423,0.515,0.546,0.2,0.673,-0.326,0.633,0,0.001,0.205,0.048,0.297,0.001,0.153,0.06,0.001,0.225,0.468,0.265,0.109,0.001,0.341,0.359,0.145,0.001,0.084,0.438,0.265,0.117,0.001,0.382,0.734,0.158,0.449,0.001,0.001,0.022,0.001,0.001,0.436,0.695,0.183,0.518,0.001,0.608,0.675,1.085,0.613,0.083,0.115,0.928,0.274,-0.387,0.573,0.377,0.616,0,0.001,0,0.001,0,0.001,0,0,0,0,0,0.001,0,0.001,0,0.001,0.001,0,0.001,0,0.001,0.032,0,0,0,0.001,0,0.001,0.001,0,0.001,0,0,0.001,0,0.012,0,0,0.001,0,0,0.001,0.001,0.001,0.001,11.548,0.063
04:50.7,9264,0.19,0.242,-0.725,-0.616,0.446,0.638,-0.429,-0.458,0.68,0.552,0.434,0.212,0.662,0.668,0.179,0.289,-0.507,-0.421,0.515,0.548,0.2,0.673,-0.326,0.633,0,0.001,0.205,0.048,0.297,0.001,0.153,0.06,0.001,0.225,0.468,0.265,0.109,0.001,0.341,0.359,0.145,0.001,0.084,0.438,0.265,0.117,0.001,0.382,0.734,0.158,0.449,0.001,0.001,0.022,0.001,0.001,0.436,0.695,0.183,0.518,0.001,0.608,0.675,1.085,0.613,0.083,0.115,0.928,0.274,-0.387,0.573,0.377,0.616,0,0.001,0,0.001,0,0.001,0,0,0,0,0,0.001,0,0.001,0,0.001,0.001,0,0.001,0,0.001,0.032,0,0,0,0.001,0,0.001,0.001,0,0.001,0,0,0.001,0,0.012,0,0,0.001,0,0,0.001,0.001,0.001,0.001,11.548,0.063
04:50.7,9265,0.19,0.242,-0.726,-0.615,0.444,0.64,-0.428,-0.458,0.679,0.553,0.432,0.214,0.668,0.667,0.185,0.273,-0.507,-0.42,0.515,0.549,0.2,0.673,-0.326,0.633,0,0.001,0.205,0.048,0.297,0.001,0.153,0.06,0.001,0.225,0.468,0.265,0.109,0.001,0.341,0.359,0.145,0.001,0.084,0.438,0.265,0.117,0.001,0.382,0.734,0.158,0.449,0.001,0.001,0.022,0.001,0.001,0.436,0.695,0.183,0.518,0.001,0.608,0.675,1.085,0.613,0.083,0.115,0.928,0.274,-0.387,0.573,0.377,0.616,0,0.001,0,0.001,0,0.001,0,0,0,0,0,0.001,0,0.001,0,0.001,0.001,0,0.001,0,0.001,0.032,0,0,0,0.001,0,0.001,0.001,0,0.001,0,0,0.001,0,0.012,0,0,0.001,0,0,0.001,0.001,0.001,0.001,11.548,0.063
04:50.7,9266,0.19,0.242,-0.727,-0.614,0.443,0.641,-0.427,-0.459,0.678,0.555,0.43,0.217,0.673,0.666,0.189,0.259,-0.507,-0.418,0.514,0.551,0.212,0.676,-0.347,0.615,0.001,0.001,0.198,0.043,0.292,0.001,0.151,0.061,0.001,0.223,0.458,0.263,0.106,0.001,0.342,0.358,0.144,0,0.077,0.438,0.276,0.121,0.001,0.388,0.734,0.16,0.449,0.001,0.002,0.021,0,0.001,0.436,0.696,0.181,0.519,0.001,0.608,0.674,1.082,0.606,0.083,0.115,0.926,0.277,-0.387,0.573,0.377,0.616,0,0.001,0,0.001,0,0.001,0,0,0,0,0,0.001,0,0.001,0,0.001,0.001,0,0.001,0,0.001,0.032,0,0,0,0.001,0,0.001,0.001,0,0.001,0,0,0.001,0,0.012,0,0,0.001,0,0,0.001,0.001,0.001,0.001,11.517,0.063
04:50.7,9267,0.192,0.242,-0.728,-0.612,0.442,0.642,-0.426,-0.459,0.677,0.557,0.428,0.22,0.676,0.666,0.194,0.247,-0.506,-0.417,0.514,0.553,0.213,0.676,-0.349,0.613,0.001,0.001,0.001,0.001,0.115,0.001,0.143,0.068,0.001,0.001,0.17,0.073,0.034,0.001,0.337,0.364,0.183,0.001,0.001,0.037,0.009,0.011,0.001,0.393,0.746,0.192,0.416,0.001,0.001,0.001,0.001,0.001,0.454,0.709,0.208,0.564,0.001,0.628,0.679,1.089,0.668,0.126,0.125,0.872,0.326,-0.386,0.534,0.493,0.567,0,0,0,0.001,0,0,0,0,0.001,0,0,0,0.001,0.001,0.001,0.001,0.001,0,0,0.001,0,0.032,0,0,0.001,0.001,0,0.001,0,0,0,0,0,0,0,0.011,0.001,0,0,0,0.001,0.001,0,0.001,0.001,9.756,0.059
04:50.7,9268,0.194,0.241,-0.73,-0.61,0.442,0.644,-0.425,-0.457,0.675,0.559,0.427,0.223,0.679,0.666,0.199,0.237,-0.505,-0.416,0.514,0.554,0.214,0.676,-0.351,0.611,0.001,0.001,0.001,0.001,0.096,0.001,0.134,0.061,0.001,0.001,0.131,0.059,0.027,0.001,0.328,0.363,0.188,0,0.001,0.023,0.001,0.002,0.001,0.393,0.745,0.19,0.414,0.001,0.001,0.001,0.001,0.001,0.457,0.711,0.211,0.575,0.001,0.635,0.681,1.09,0.667,0.132,0.127,0.863,0.335,-0.386,0.529,0.507,0.561,0,0,0.001,0,0,0.001,0,0,0,0,0.001,0.001,0,0,0.001,0,0,0,0,0.001,0.001,0.034,0.001,0,0.001,0,0,0,0,0.001,0,0.001,0,0,0,0.001,0,0,0.001,0,0,0.001,0.001,0.001,0.001,9.655,0.051
04:50.7,9269,0.196,0.24,-0.731,-0.608,0.441,0.647,-0.424,-0.454,0.673,0.561,0.426,0.226,0.68,0.665,0.205,0.228,-0.504,-0.415,0.514,0.556,0.215,0.676,-0.354,0.609,0.001,0.001,0.001,0.001,0.082,0.001,0.117,0.065,0,0.001,0.083,0.055,0.021,0.001,0.328,0.359,0.19,0.001,0.001,0.009,0.001,0.001,0.001,0.383,0.739,0.192,0.42,0.001,0.001,0.001,0.001,0.001,0.459,0.714,0.208,0.567,0.001,0.642,0.686,1.084,0.664,0.139,0.131,0.861,0.336,-0.386,0.524,0.517,0.556,0,0,0.001,0.001,0,0.001,0.001,0,0,0.001,0,0.001,0.001,0.001,0,0,0,0,0,0,0.001,0.035,0.001,0.001,0.001,0,0,0,0.001,0.001,0,0,0.001,0.001,0,0,0.001,0,0.001,0.001,0,0.001,0,0,0,9.552,0.055
04:50.7,9270,0.199,0.24,-0.732,-0.606,0.441,0.651,-0.421,-0.453,0.67,0.563,0.425,0.229,0.682,0.665,0.211,0.219,-0.503,-0.415,0.514,0.557,0.215,0.676,-0.354,0.609,0.001,0.001,0.001,0.001,0.082,0.001,0.117,0.065,0,0.001,0.083,0.055,0.021,0.001,0.328,0.359,0.19,0.001,0.001,0.009,0.001,0.001,0.001,0.383,0.739,0.192,0.42,0.001,0.001,0.001,0.001,0.001,0.459,0.714,0.208,0.567,0.001,0.642,0.686,1.084,0.664,0.139,0.131,0.861,0.336,-0.386,0.524,0.517,0.556,0,0,0.001,0.001,0,0.001,0.001,0,0,0.001,0,0.001,0.001,0.001,0,0,0,0,0,0,0.001,0.035,0.001,0.001,0.001,0,0,0,0.001,0.001,0,0,0.001,0.001,0,0,0.001,0,0.001,0.001,0,0.001,0,0,0,9.552,0.055
04:50.7,9271,0.201,0.239,-0.732,-0.605,0.438,0.655,-0.417,-0.453,0.668,0.565,0.425,0.231,0.685,0.664,0.217,0.209,-0.503,-0.414,0.513,0.559,0.215,0.676,-0.354,0.609,0.001,0.001,0.001,0.001,0.082,0.001,0.117,0.065,0,0.001,0.083,0.055,0.021,0.001,0.328,0.359,0.19,0.001,0.001,0.009,0.001,0.001,0.001,0.383,0.739,0.192,0.42,0.001,0.001,0.001,0.001,0.001,0.459,0.714,0.208,0.567,0.001,0.642,0.686,1.084,0.664,0.139,0.131,0.861,0.336,-0.386,0.524,0.517,0.556,0,0,0.001,0.001,0,0.001,0.001,0,0,0.001,0,0.001,0.001,0.001,0,0,0,0,0,0,0.001,0.035,0.001,0.001,0.001,0,0,0,0.001,0.001,0,0,0.001,0.001,0,0,0.001,0,0.001,0.001,0,0.001,0,0,0,9.552,0.055
04:50.8,9272,0.203,0.239,-0.733,-0.604,0.434,0.658,-0.412,-0.456,0.666,0.566,0.425,0.233,0.687,0.663,0.221,0.198,-0.502,-0.412,0.513,0.56,0.215,0.676,-0.354,0.609,0.001,0.001,0.001,0.001,0.082,0.001,0.117,0.065,0,0.001,0.083,0.055,0.021,0.001,0.328,0.359,0.19,0.001,0.001,0.009,0.001,0.001,0.001,0.383,0.739,0.192,0.42,0.001,0.001,0.001,0.001,0.001,0.459,0.714,0.208,0.567,0.001,0.642,0.686,1.084,0.664,0.139,0.131,0.861,0.336,-0.386,0.524,0.517,0.556,0,0,0.001,0.001,0,0.001,0.001,0,0,0.001,0,0.001,0.001,0.001,0,0,0,0,0,0,0.001,0.035,0.001,0.001,0.001,0,0,0,0.001,0.001,0,0,0.001,0.001,0,0,0.001,0,0.001,0.001,0,0.001,0,0,0,9.552,0.055
04:50.8,9273,0.205,0.239,-0.733,-0.603,0.43,0.662,-0.406,-0.46,0.665,0.567,0.425,0.235,0.69,0.662,0.224,0.187,-0.502,-0.411,0.514,0.562,0.215,0.676,-0.354,0.609,0.001,0.001,0.001,0.001,0.082,0.001,0.117,0.065,0,0.001,0.083,0.055,0.021,0.001,0.328,0.359,0.19,0.001,0.001,0.009,0.001,0.001,0.001,0.383,0.739,0.192,0.42,0.001,0.001,0.001,0.001,0.001,0.459,0.714,0.208,0.567,0.001,0.642,0.686,1.084,0.664,0.139,0.131,0.861,0.336,-0.386,0.524,0.517,0.556,0,0,0.001,0.001,0,0.001,0.001,0,0,0.001,0,0.001,0.001,0.001,0,0,0,0,0,0,0.001,0.035,0.001,0.001,0.001,0,0,0,0.001,0.001,0,0,0.001,0.001,0,0,0.001,0,0.001,0.001,0,0.001,0,0,0,9.552,0.055
04:50.8,9274,0.206,0.238,-0.733,-0.603,0.426,0.664,-0.401,-0.465,0.664,0.568,0.424,0.236,0.692,0.662,0.226,0.177,-0.501,-0.409,0.514,0.564,0.215,0.676,-0.354,0.609,0.001,0.001,0.001,0.001,0.082,0.001,0.117,0.065,0,0.001,0.083,0.055,0.021,0.001,0.328,0.359,0.19,0.001,0.001,0.009,0.001,0.001,0.001,0.383,0.739,0.192,0.42,0.001,0.001,0.001,0.001,0.001,0.459,0.714,0.208,0.567,0.001,0.642,0.686,1.084,0.664,0.139,0.131,0.861,0.336,-0.386,0.524,0.517,0.556,0,0,0.001,0.001,0,0.001,0.001,0,0,0.001,0,0.001,0.001,0.001,0,0,0,0,0,0,0.001,0.035,0.001,0.001,0.001,0,0,0,0.001,0.001,0,0,0.001,0.001,0,0,0.001,0,0.001,0.001,0,0.001,0,0,0,9.552,0.055
04:50.8,9275,0.206,0.238,-0.733,-0.603,0.424,0.667,-0.397,-0.467,0.664,0.569,0.423,0.237,0.694,0.662,0.227,0.168,-0.499,-0.407,0.515,0.566,0.215,0.676,-0.354,0.609,0.001,0.001,0.001,0.001,0.082,0.001,0.117,0.065,0,0.001,0.083,0.055,0.021,0.001,0.328,0.359,0.19,0.001,0.001,0.009,0.001,0.001,0.001,0.383,0.739,0.192,0.42,0.001,0.001,0.001,0.001,0.001,0.459,0.714,0.208,0.567,0.001,0.642,0.686,1.084,0.664,0.139,0.131,0.861,0.336,-0.386,0.524,0.517,0.556,0,0,0.001,0.001,0,0.001,0.001,0,0,0.001,0,0.001,0.001,0.001,0,0,0,0,0,0,0.001,0.035,0.001,0.001,0.001,0,0,0,0.001,0.001,0,0,0.001,0.001,0,0,0.001,0,0.001,0.001,0,0.001,0,0,0,9.552,0.055
04:50.8,9276,0.205,0.237,-0.732,-0.605,0.422,0.67,-0.394,-0.467,0.665,0.57,0.422,0.236,0.696,0.663,0.227,0.16,-0.498,-0.405,0.515,0.567,0.219,0.675,-0.378,0.595,0.001,0.001,0.001,0.001,0.079,0.001,0.122,0.066,0.001,0.001,0.071,0.056,0.023,0.001,0.322,0.352,0.193,0,0.001,0.004,0.001,0.001,0.001,0.376,0.739,0.189,0.418,0.001,0.001,0.001,0.001,0.001,0.46,0.716,0.21,0.558,0.001,0.646,0.687,1.089,0.662,0.142,0.131,0.856,0.341,-0.386,0.524,0.517,0.556,0,0,0.001,0.001,0,0.001,0.001,0,0,0.001,0,0.001,0.001,0.001,0,0,0,0,0,0,0.001,0.035,0.001,0.001,0.001,0,0,0,0.001,0.001,0,0,0.001,0.001,0,0,0.001,0,0.001,0.001,0,0.001,0,0,0,9.526,0.055
04:50.8,9277,0.203,0.236,-0.731,-0.607,0.42,0.674,-0.39,-0.467,0.667,0.57,0.419,0.234,0.697,0.664,0.225,0.153,-0.498,-0.404,0.515,0.569,0.219,0.675,-0.378,0.595,0.001,0.001,0.001,0.001,0.079,0.001,0.122,0.066,0.001,0.001,0.071,0.056,0.023,0.001,0.322,0.352,0.193,0,0.001,0.004,0.001,0.001,0.001,0.376,0.739,0.189,0.418,0.001,0.001,0.001,0.001,0.001,0.46,0.716,0.21,0.558,0.001,0.646,0.687,1.089,0.662,0.142,0.131,0.856,0.341,-0.414,0.502,0.55,0.523,0,0,0.001,0,0,0,0,0,0.001,0,0,0,0,0,0.001,0.001,0,0.001,0,0,0,0.016,0,0,0.001,0,0.001,0.001,0,0,0,0.001,0,0.001,0,0,0,0.001,0,0.015,0,0.001,0.001,0,0,9.526,0.044
04:50.8,9278,0.201,0.233,-0.731,-0.608,0.416,0.678,-0.386,-0.467,0.67,0.57,0.416,0.23,0.697,0.665,0.223,0.15,-0.497,-0.403,0.514,0.571,0.219,0.675,-0.378,0.595,0.001,0.001,0.001,0.001,0.079,0.001,0.122,0.066,0.001,0.001,0.071,0.056,0.023,0.001,0.322,0.352,0.193,0,0.001,0.004,0.001,0.001,0.001,0.376,0.739,0.189,0.418,0.001,0.001,0.001,0.001,0.001,0.46,0.716,0.21,0.558,0.001,0.646,0.687,1.089,0.662,0.142,0.131,0.856,0.341,-0.42,0.504,0.552,0.515,0,0,0,0.001,0,0.001,0,0,0,0,0,0.001,0,0.001,0,0.001,0,0,0.001,0,0,0.001,0.001,0.001,0,0,0,0,0.001,0.001,0,0.001,0,0,0.001,0,0.001,0,0,0.023,0,0,0,0.001,0,9.526,0.038
04:50.8,9279,0.201,0.231,-0.732,-0.609,0.411,0.682,-0.382,-0.469,0.674,0.569,0.414,0.226,0.696,0.667,0.221,0.148,-0.496,-0.402,0.514,0.573,0.219,0.675,-0.378,0.595,0.001,0.001,0.001,0.001,0.079,0.001,0.122,0.066,0.001,0.001,0.071,0.056,0.023,0.001,0.322,0.352,0.193,0,0.001,0.004,0.001,0.001,0.001,0.376,0.739,0.189,0.418,0.001,0.001,0.001,0.001,0.001,0.46,0.716,0.21,0.558,0.001,0.646,0.687,1.089,0.662,0.142,0.131,0.856,0.341,-0.426,0.507,0.552,0.507,0,0,0,0,0.001,0.001,0.001,0,0,0.001,0,0.001,0,0.001,0,0,0.001,0,0.001,0.001,0,0.001,0.001,0.001,0,0,0.001,0.001,0.001,0.001,0,0,0,0.001,0.001,0.001,0,0,0.001,0.023,0,0,0,0,0,9.526,0.043
04:50.8,9280,0.202,0.228,-0.732,-0.609,0.405,0.686,-0.377,-0.472,0.677,0.569,0.411,0.22,0.695,0.669,0.218,0.147,-0.495,-0.402,0.513,0.574,0.219,0.675,-0.378,0.595,0.001,0.001,0.001,0.001,0.079,0.001,0.122,0.066,0.001,0.001,0.071,0.056,0.023,0.001,0.322,0.352,0.193,0,0.001,0.004,0.001,0.001,0.001,0.376,0.739,0.189,0.418,0.001,0.001,0.001,0.001,0.001,0.46,0.716,0.21,0.558,0.001,0.646,0.687,1.089,0.662,0.142,0.131,0.856,0.341,-0.426,0.507,0.552,0.507,0,0,0,0,0.001,0.001,0.001,0,0,0.001,0,0.001,0,0.001,0,0,0.001,0,0.001,0.001,0,0.001,0.001,0.001,0,0,0.001,0.001,0.001,0.001,0,0,0,0.001,0.001,0.001,0,0,0.001,0.023,0,0,0,0,0,9.526,0.043
04:50.8,9281,0.205,0.225,-0.733,-0.608,0.399,0.69,-0.372,-0.476,0.679,0.569,0.41,0.214,0.694,0.672,0.214,0.148,-0.495,-0.401,0.513,0.575,0.219,0.675,-0.378,0.595,0.001,0.001,0.001,0.001,0.079,0.001,0.122,0.066,0.001,0.001,0.071,0.056,0.023,0.001,0.322,0.352,0.193,0,0.001,0.004,0.001,0.001,0.001,0.376,0.739,0.189,0.418,0.001,0.001,0.001,0.001,0.001,0.46,0.716,0.21,0.558,0.001,0.646,0.687,1.089,0.662,0.142,0.131,0.856,0.341,-0.426,0.507,0.552,0.507,0,0,0,0,0.001,0.001,0.001,0,0,0.001,0,0.001,0,0.001,0,0,0.001,0,0.001,0.001,0,0.001,0.001,0.001,0,0,0.001,0.001,0.001,0.001,0,0,0,0.001,0.001,0.001,0,0,0.001,0.023,0,0,0,0,0,9.526,0.043
04:50.9,9282,0.209,0.222,-0.733,-0.608,0.393,0.693,-0.367,-0.48,0.681,0.57,0.41,0.209,0.692,0.675,0.209,0.15,-0.495,-0.4,0.512,0.576,0.219,0.675,-0.378,0.595,0.001,0.001,0.001,0.001,0.079,0.001,0.122,0.066,0.001,0.001,0.071,0.056,0.023,0.001,0.322,0.352,0.193,0,0.001,0.004,0.001,0.001,0.001,0.376,0.739,0.189,0.418,0.001,0.001,0.001,0.001,0.001,0.46,0.716,0.21,0.558,0.001,0.646,0.687,1.089,0.662,0.142,0.131,0.856,0.341,-0.426,0.507,0.552,0.507,0,0,0,0,0.001,0.001,0.001,0,0,0.001,0,0.001,0,0.001,0,0,0.001,0,0.001,0.001,0,0.001,0.001,0.001,0,0,0.001,0.001,0.001,0.001,0,0,0,0.001,0.001,0.001,0,0,0.001,0.023,0,0,0,0,0,9.526,0.043
04:50.9,9283,0.213,0.221,-0.733,-0.607,0.387,0.697,-0.361,-0.484,0.681,0.571,0.41,0.205,0.689,0.678,0.204,0.153,-0.495,-0.399,0.512,0.577,0.214,0.664,-0.412,0.586,0.001,0.001,0.001,0.001,0.053,0.001,0.144,0.077,0.001,0.001,0.001,0.022,0.001,0.001,0.361,0.385,0.255,0.001,0.001,0.001,0.001,0.001,0.001,0.435,0.761,0.234,0.451,0.001,0.001,0.001,0.001,0.001,0.438,0.716,0.248,0.586,0.001,0.606,0.657,1.066,0.724,0.15,0.123,0.739,0.354,-0.426,0.507,0.552,0.507,0,0,0,0,0.001,0.001,0.001,0,0,0.001,0,0.001,0,0.001,0,0,0.001,0,0.001,0.001,0,0.001,0.001,0.001,0,0,0.001,0.001,0.001,0.001,0,0,0,0.001,0.001,0.001,0,0,0.001,0.023,0,0,0,0,0,9.607,0.043
04:50.9,9284,0.214,0.219,-0.734,-0.606,0.38,0.7,-0.354,-0.49,0.68,0.573,0.411,0.203,0.686,0.682,0.197,0.158,-0.495,-0.398,0.512,0.578,0.212,0.662,-0.416,0.586,0.001,0.001,0.001,0.001,0.001,0.001,0.148,0.09,0.001,0.001,0.001,0.001,0.001,0.001,0.299,0.424,0.339,0,0.001,0.001,0.001,0.001,0.001,0.383,0.781,0.316,0.47,0.001,0.001,0.001,0.001,0.001,0.328,0.676,0.275,0.6,0.001,0.444,0.626,1.055,0.819,0.153,0.131,0.628,0.433,-0.426,0.507,0.552,0.507,0,0,0,0,0.001,0.001,0.001,0,0,0.001,0,0.001,0,0.001,0,0,0.001,0,0.001,0.001,0,0.001,0.001,0.001,0,0,0.001,0.001,0.001,0.001,0,0,0,0.001,0.001,0.001,0,0,0.001,0.023,0,0,0,0,0,9.441,0.043
04:50.9,9285,0.215,0.219,-0.734,-0.606,0.373,0.703,-0.348,-0.495,0.678,0.575,0.412,0.202,0.682,0.686,0.191,0.165,-0.496,-0.396,0.512,0.579,0.212,0.659,-0.421,0.587,0.001,0.001,0.001,0.001,0.001,0.001,0.147,0.096,0.001,0.001,0.001,0.001,0.001,0.001,0.295,0.436,0.353,0.001,0.001,0.001,0.001,0.001,0.001,0.375,0.783,0.326,0.47,0.001,0.001,0.001,0.001,0.001,0.309,0.673,0.275,0.6,0.001,0.403,0.621,1.048,0.828,0.138,0.129,0.611,0.437,-0.426,0.507,0.552,0.507,0,0,0,0,0.001,0.001,0.001,0,0,0.001,0,0.001,0,0.001,0,0,0.001,0,0.001,0.001,0,0.001,0.001,0.001,0,0,0.001,0.001,0.001,0.001,0,0,0,0.001,0.001,0.001,0,0,0.001,0.023,0,0,0,0,0,9.377,0.043
04:50.9,9286,0.213,0.219,-0.734,-0.606,0.367,0.706,-0.341,-0.501,0.675,0.577,0.413,0.203,0.678,0.69,0.186,0.171,-0.497,-0.394,0.512,0.579,0.212,0.654,-0.426,0.588,0.001,0.001,0.001,0.001,0.001,0.001,0.145,0.1,0.001,0.001,0.001,0.001,0.001,0.001,0.282,0.437,0.358,0,0.001,0.001,0.001,0.001,0.001,0.359,0.781,0.336,0.473,0.001,0.001,0.001,0.001,0.001,0.281,0.668,0.281,0.589,0.001,0.365,0.623,1.048,0.83,0.127,0.132,0.6,0.443,-0.489,0.537,0.549,0.415,0,0.001,0,0.001,0,0,0,0.001,0,0,0.001,0,0.001,0.001,0,0,0,0,0,0,0.001,0.001,0,0,0.001,0.001,0,0,0,0,0,0.001,0,0.001,0,0.001,0.001,0,0.001,0.022,0,0,0.001,0,0.001,9.281,0.039
04:50.9,9287,0.211,0.218,-0.734,-0.607,0.359,0.708,-0.336,-0.507,0.672,0.578,0.415,0.204,0.673,0.695,0.185,0.174,-0.497,-0.392,0.512,0.581,0.212,0.649,-0.431,0.59,0.001,0.001,0.001,0.001,0.001,0.001,0.138,0.098,0.001,0.001,0.001,0.001,0.001,0.001,0.252,0.441,0.364,0.001,0.001,0.001,0.001,0.001,0.001,0.309,0.773,0.333,0.474,0.001,0.001,0.001,0.001,0.001,0.234,0.661,0.284,0.585,0.001,0.349,0.632,1.049,0.836,0.121,0.134,0.593,0.448,-0.489,0.537,0.549,0.415,0,0.001,0,0.001,0,0,0,0.001,0,0,0.001,0,0.001,0.001,0,0,0,0,0,0,0.001,0.001,0,0,0.001,0.001,0,0,0,0,0,0.001,0,0.001,0,0.001,0.001,0,0.001,0.022,0,0,0.001,0,0.001,9.132,0.039
04:50.9,9288,0.21,0.216,-0.734,-0.609,0.351,0.711,-0.331,-0.512,0.669,0.58,0.416,0.207,0.666,0.699,0.195,0.174,-0.496,-0.39,0.512,0.583,0.211,0.644,-0.436,0.591,0.001,0.001,0.001,0.001,0.001,0.001,0.099,0.079,0.001,0.001,0.001,0.001,0.001,0.001,0.219,0.436,0.365,0,0.001,0.001,0.001,0.001,0.001,0.253,0.768,0.333,0.474,0.001,0.001,0.001,0.001,0.001,0.201,0.654,0.291,0.571,0.001,0.304,0.651,1.045,0.835,0.129,0.138,0.587,0.448,-0.489,0.537,0.549,0.415,0,0.001,0,0.001,0,0,0,0.001,0,0,0.001,0,0.001,0.001,0,0,0,0,0,0,0.001,0.001,0,0,0.001,0.001,0,0,0,0,0,0.001,0,0.001,0,0.001,0.001,0,0.001,0.022,0,0,0.001,0,0.001,8.903,0.039
04:50.9,9289,0.21,0.214,-0.734,-0.61,0.343,0.713,-0.327,-0.516,0.665,0.582,0.417,0.212,0.66,0.697,0.218,0.177,-0.496,-0.386,0.511,0.586,0.209,0.642,-0.441,0.591,0.001,0.001,0.001,0.018,0.001,0.001,0.059,0.066,0.001,0.001,0.001,0.001,0.001,0.001,0.2,0.413,0.361,0.001,0.001,0.001,0.001,0.001,0.001,0.183,0.757,0.336,0.481,0.001,0.001,0.001,0.001,0.001,0.176,0.647,0.293,0.545,0.001,0.284,0.669,1.045,0.838,0.126,0.148,0.584,0.441,-0.489,0.537,0.549,0.415,0,0.001,0,0.001,0,0,0,0.001,0,0,0.001,0,0.001,0.001,0,0,0,0,0,0,0.001,0.001,0,0,0.001,0.001,0,0,0,0,0,0.001,0,0.001,0,0.001,0.001,0,0.001,0.022,0,0,0.001,0,0.001,8.693,0.039
04:50.9,9290,0.211,0.212,-0.734,-0.609,0.335,0.715,-0.323,-0.521,0.66,0.581,0.422,0.221,0.659,0.692,0.233,0.178,-0.497,-0.383,0.51,0.588,0.209,0.642,-0.441,0.591,0.001,0.001,0.001,0.018,0.001,0.001,0.059,0.066,0.001,0.001,0.001,0.001,0.001,0.001,0.2,0.413,0.361,0.001,0.001,0.001,0.001,0.001,0.001,0.183,0.757,0.336,0.481,0.001,0.001,0.001,0.001,0.001,0.176,0.647,0.293,0.545,0.001,0.284,0.669,1.045,0.838,0.126,0.148,0.584,0.441,-0.489,0.537,0.549,0.415,0,0.001,0,0.001,0,0,0,0.001,0,0,0.001,0,0.001,0.001,0,0,0,0,0,0,0.001,0.001,0,0,0.001,0.001,0,0,0,0,0,0.001,0,0.001,0,0.001,0.001,0,0.001,0.022,0,0,0.001,0,0.001,8.693,0.039
04:50.9,9291,0.213,0.211,-0.735,-0.608,0.327,0.716,-0.32,-0.527,0.656,0.575,0.432,0.229,0.664,0.69,0.23,0.172,-0.498,-0.381,0.513,0.586,0.209,0.642,-0.441,0.591,0.001,0.001,0.001,0.018,0.001,0.001,0.059,0.066,0.001,0.001,0.001,0.001,0.001,0.001,0.2,0.413,0.361,0.001,0.001,0.001,0.001,0.001,0.001,0.183,0.757,0.336,0.481,0.001,0.001,0.001,0.001,0.001,0.176,0.647,0.293,0.545,0.001,0.284,0.669,1.045,0.838,0.126,0.148,0.584,0.441,-0.489,0.537,0.549,0.415,0,0.001,0,0.001,0,0,0,0.001,0,0,0.001,0,0.001,0.001,0,0,0,0,0,0,0.001,0.001,0,0,0.001,0.001,0,0,0,0,0,0.001,0,0.001,0,0.001,0.001,0,0.001,0.022,0,0,0.001,0,0.001,8.693,0.039
04:51.0,9292,0.216,0.209,-0.734,-0.608,0.319,0.716,-0.316,-0.535,0.653,0.567,0.447,0.23,0.669,0.691,0.218,0.165,-0.501,-0.38,0.516,0.582,0.209,0.642,-0.441,0.591,0.001,0.001,0.001,0.018,0.001,0.001,0.059,0.066,0.001,0.001,0.001,0.001,0.001,0.001,0.2,0.413,0.361,0.001,0.001,0.001,0.001,0.001,0.001,0.183,0.757,0.336,0.481,0.001,0.001,0.001,0.001,0.001,0.176,0.647,0.293,0.545,0.001,0.284,0.669,1.045,0.838,0.126,0.148,0.584,0.441,-0.489,0.537,0.549,0.415,0,0.001,0,0.001,0,0,0,0.001,0,0,0.001,0,0.001,0.001,0,0,0,0,0,0,0.001,0.001,0,0,0.001,0.001,0,0,0,0,0,0.001,0,0.001,0,0.001,0.001,0,0.001,0.022,0,0,0.001,0,0.001,8.693,0.039
04:51.0,9293,0.219,0.208,-0.732,-0.61,0.312,0.714,-0.313,-0.543,0.652,0.562,0.459,0.219,0.672,0.696,0.199,0.157,-0.505,-0.379,0.518,0.577,0.209,0.642,-0.441,0.591,0.001,0.001,0.001,0.018,0.001,0.001,0.059,0.066,0.001,0.001,0.001,0.001,0.001,0.001,0.2,0.413,0.361,0.001,0.001,0.001,0.001,0.001,0.001,0.183,0.757,0.336,0.481,0.001,0.001,0.001,0.001,0.001,0.176,0.647,0.293,0.545,0.001,0.284,0.669,1.045,0.838,0.126,0.148,0.584,0.441,-0.535,0.631,0.453,0.332,0.946,0.758,0.012,0.001,0.001,0,0.001,0,0.871,0.814,0.547,0,0,0,0.001,0,0,0.552,0.842,0.165,0,0.001,0,0.001,0,0,0,0.061,0.001,0,0,0.001,0,0,0,0.001,0,0,0,0,0.001,0,0.001,0,0,8.693,5.579
04:51.0,9294,0.222,0.205,-0.731,-0.612,0.306,0.711,-0.311,-0.552,0.657,0.56,0.463,0.202,0.674,0.701,0.176,0.15,-0.51,-0.378,0.518,0.573,0.209,0.642,-0.441,0.591,0.001,0.001,0.001,0.018,0.001,0.001,0.059,0.066,0.001,0.001,0.001,0.001,0.001,0.001,0.2,0.413,0.361,0.001,0.001,0.001,0.001,0.001,0.001,0.183,0.757,0.336,0.481,0.001,0.001,0.001,0.001,0.001,0.176,0.647,0.293,0.545,0.001,0.284,0.669,1.045,0.838,0.126,0.148,0.584,0.441,-0.535,0.631,0.453,0.332,0.946,0.758,0.012,0.001,0.001,0,0.001,0,0.871,0.814,0.547,0,0,0,0.001,0,0,0.552,0.842,0.165,0,0.001,0,0.001,0,0,0,0.061,0.001,0,0,0.001,0,0,0,0.001,0,0,0,0,0.001,0,0.001,0,0,8.693,5.579
04:51.0,9295,0.224,0.201,-0.73,-0.614,0.303,0.707,-0.309,-0.559,0.663,0.56,0.46,0.184,0.677,0.706,0.152,0.14,-0.515,-0.377,0.516,0.571,0.209,0.642,-0.441,0.591,0.001,0.001,0.001,0.018,0.001,0.001,0.059,0.066,0.001,0.001,0.001,0.001,0.001,0.001,0.2,0.413,0.361,0.001,0.001,0.001,0.001,0.001,0.001,0.183,0.757,0.336,0.481,0.001,0.001,0.001,0.001,0.001,0.176,0.647,0.293,0.545,0.001,0.284,0.669,1.045,0.838,0.126,0.148,0.584,0.441,-0.535,0.631,0.453,0.332,0.946,0.758,0.012,0.001,0.001,0,0.001,0,0.871,0.814,0.547,0,0,0,0.001,0,0,0.552,0.842,0.165,0,0.001,0,0.001,0,0,0,0.061,0.001,0,0,0.001,0,0,0,0.001,0,0,0,0,0.001,0,0.001,0,0,8.693,5.579
04:51.0,9296,0.226,0.196,-0.729,-0.615,0.304,0.704,-0.309,-0.562,0.667,0.565,0.453,0.173,0.674,0.715,0.128,0.134,-0.518,-0.375,0.514,0.571,0.209,0.642,-0.441,0.591,0.001,0.001,0.001,0.018,0.001,0.001,0.059,0.066,0.001,0.001,0.001,0.001,0.001,0.001,0.2,0.413,0.361,0.001,0.001,0.001,0.001,0.001,0.001,0.183,0.757,0.336,0.481,0.001,0.001,0.001,0.001,0.001,0.176,0.647,0.293,0.545,0.001,0.284,0.669,1.045,0.838,0.126,0.148,0.584,0.441,-0.535,0.631,0.453,0.332,0.946,0.758,0.012,0.001,0.001,0,0.001,0,0.871,0.814,0.547,0,0,0,0.001,0,0,0.552,0.842,0.165,0,0.001,0,0.001,0,0,0,0.061,0.001,0,0,0.001,0,0,0,0.001,0,0,0,0,0.001,0,0.001,0,0,8.693,5.579
04:51.0,9297,0.229,0.191,-0.728,-0.617,0.305,0.704,-0.308,-0.562,0.665,0.576,0.443,0.173,0.662,0.728,0.112,0.137,-0.519,-0.374,0.511,0.574,0.222,0.545,-0.609,0.533,0,0.001,0.001,0.021,0.001,0.001,0.045,0.06,0.001,0.001,0.001,0.001,0.001,0.001,0.2,0.364,0.358,0,0.001,0.001,0.001,0.001,0.001,0.166,0.734,0.336,0.466,0.001,0.001,0.001,0.001,0.001,0.15,0.65,0.299,0.513,0.001,0.277,0.694,1.049,0.841,0.128,0.16,0.576,0.425,-0.535,0.631,0.453,0.332,0.946,0.758,0.012,0.001,0.001,0,0.001,0,0.871,0.814,0.547,0,0,0,0.001,0,0,0.552,0.842,0.165,0,0.001,0,0.001,0,0,0,0.061,0.001,0,0,0.001,0,0,0,0.001,0,0,0,0,0.001,0,0.001,0,0,8.533,5.579
04:51.0,9298,0.231,0.187,-0.727,-0.618,0.307,0.706,-0.308,-0.56,0.657,0.59,0.432,0.18,0.648,0.74,0.101,0.149,-0.517,-0.375,0.509,0.577,0.215,0.522,-0.633,0.53,0.001,0.001,0.001,0.015,0.001,0.001,0.012,0.001,0.001,0.001,0.001,0.001,0.001,0.001,0.072,0.171,0.168,0.001,0.001,0.001,0.001,0.001,0.001,0.066,0.236,0.149,0.292,0.001,0.001,0.001,0.001,0.001,0.167,0.271,0.065,0.32,0.001,0.424,0.487,0.874,0.841,0.079,0.204,0.376,0.403,-0.535,0.631,0.453,0.332,0.946,0.758,0.012,0.001,0.001,0,0.001,0,0.871,0.814,0.547,0,0,0,0.001,0,0,0.552,0.842,0.165,0,0.001,0,0.001,0,0,0,0.061,0.001,0,0,0.001,0,0,0,0.001,0,0,0,0,0.001,0,0.001,0,0,5.716,5.579
04:51.0,9299,0.233,0.182,-0.726,-0.62,0.308,0.707,-0.306,-0.558,0.648,0.605,0.423,0.19,0.638,0.746,0.091,0.164,-0.512,-0.377,0.509,0.581,0.208,0.491,-0.661,0.528,0.001,0.001,0.001,0.011,0.001,0.001,0.009,0.001,0.001,0.001,0.001,0.001,0.001,0.001,0.061,0.159,0.145,0.001,0.001,0.001,0.001,0.001,0.001,0.055,0.22,0.155,0.242,0.001,0.001,0.001,0.001,0.001,0.15,0.265,0.021,0.337,0.001,0.36,0.46,0.646,0.818,0.055,0.159,0.276,0.404,-0.535,0.631,0.453,0.332,0.946,0.758,0.012,0.001,0.001,0,0.001,0,0.871,0.814,0.547,0,0,0,0.001,0,0,0.552,0.842,0.165,0,0.001,0,0.001,0,0,0,0.061,0.001,0,0,0.001,0,0,0,0.001,0,0,0,0,0.001,0,0.001,0,0,5.032,5.579
04:51.0,9300,0.235,0.177,-0.725,-0.622,0.308,0.709,-0.302,-0.557,0.639,0.617,0.414,0.197,0.632,0.749,0.085,0.181,-0.504,-0.379,0.51,0.585,0.201,0.462,-0.683,0.529,0.001,0.001,0.001,0.011,0.001,0.001,0.006,0.001,0.001,0.001,0.001,0.001,0.001,0.001,0.042,0.132,0.109,0,0.001,0.001,0.001,0.001,0.001,0.034,0.23,0.131,0.219,0.001,0.001,0.001,0.001,0.001,0.131,0.237,0.004,0.295,0.001,0.292,0.376,0.524,0.764,0.01,0.106,0.27,0.371,-0.535,0.631,0.453,0.332,0.946,0.758,0.012,0.001,0.001,0,0.001,0,0.871,0.814,0.547,0,0,0,0.001,0,0,0.552,0.842,0.165,0,0.001,0,0.001,0,0,0,0.061,0.001,0,0,0.001,0,0,0,0.001,0,0,0,0,0.001,0,0.001,0,0,4.317,5.579
04:51.0,9301,0.236,0.172,-0.724,-0.624,0.306,0.712,-0.299,-0.558,0.634,0.627,0.406,0.201,0.627,0.749,0.082,0.197,-0.495,-0.381,0.513,0.589,0.196,0.43,-0.704,0.53,0.001,0.001,0.001,0.011,0.001,0.001,0.001,0.001,0.001,0.001,0.001,0.001,0.001,0.001,0.017,0.122,0.065,0.001,0.001,0.001,0.001,0.001,0.001,0.023,0.211,0.094,0.204,0.001,0.001,0.001,0.001,0.001,0.112,0.217,0.006,0.261,0.001,0.194,0.275,0.424,0.678,0.001,0.072,0.231,0.321,-0.562,0.615,0.408,0.374,0.468,0.634,0.549,0.215,0.332,0.201,0.672,0.04,0.276,0.824,0.747,0.529,0.065,0.038,0.523,0.359,0,0.212,0.947,0.875,0.532,0.001,0.006,0.324,0.342,0.001,0,0.258,0.436,0.253,0.001,0.001,0.045,0.059,0,0.004,0,0.001,0,0.021,0.059,0.001,0,0.001,0.001,3.564,10.853
04:51.1,9302,0.236,0.168,-0.724,-0.626,0.303,0.714,-0.295,-0.558,0.633,0.633,0.397,0.202,0.624,0.749,0.079,0.209,-0.486,-0.383,0.517,0.592,0.197,0.381,-0.732,0.53,0.001,0.001,0.001,0.029,0.001,0.001,0.001,0.001,0.001,0.001,0.001,0.001,0.001,0.001,0.001,0.084,0.032,0.001,0.001,0.001,0.001,0.001,0.001,0.026,0.178,0.033,0.172,0.001,0.001,0.001,0.001,0.001,0.07,0.189,0.001,0.269,0.001,0.085,0.242,0.272,0.617,0.001,0.027,0.27,0.181,-0.564,0.611,0.406,0.379,0.241,0.52,0.498,0.212,0.332,0.088,0.558,0.089,0.271,0.774,0.707,0.593,0.195,0.076,0.314,0.308,0.009,0.471,0.96,0.866,0.681,0.382,0.001,0.115,0.473,0.042,0.001,0.44,0.603,0.625,0.029,0,0.067,0.435,0.079,0.092,0,0.042,0.425,1.391,0.968,0,0.011,0.089,0.029,2.804,15.102
04:51.1,9303,0.235,0.163,-0.723,-0.628,0.3,0.717,-0.29,-0.559,0.634,0.638,0.388,0.202,0.624,0.747,0.076,0.215,-0.479,-0.385,0.521,0.593,0.2,0.344,-0.748,0.531,0.001,0.001,0.001,0.056,0.001,0.001,0.001,0.001,0.001,0.001,0.001,0.001,0.001,0.001,0.001,0.049,0.001,0.001,0.001,0.001,0.001,0.001,0.001,0.001,0.138,0.001,0.082,0.001,0.001,0.001,0.001,0.001,0.032,0.142,0.001,0.236,0.001,0.029,0.19,0.159,0.564,0.001,0.001,0.14,0.016,-0.564,0.611,0.406,0.379,0.241,0.52,0.498,0.212,0.332,0.088,0.558,0.089,0.271,0.774,0.707,0.593,0.195,0.076,0.314,0.308,0.009,0.471,0.96,0.866,0.681,0.382,0.001,0.115,0.473,0.042,0.001,0.44,0.603,0.625,0.029,0,0.067,0.435,0.079,0.092,0,0.042,0.425,1.391,0.968,0,0.011,0.089,0.029,1.865,15.102
04:51.1,9304,0.235,0.158,-0.723,-0.63,0.295,0.723,-0.284,-0.557,0.636,0.642,0.378,0.199,0.626,0.746,0.074,0.215,-0.473,-0.386,0.526,0.591,0.207,0.287,-0.766,0.537,0.001,0.001,0.001,0.053,0.001,0.001,0.001,0.001,0.001,0.046,0.001,0.001,0.001,0.001,0.001,0.016,0.001,0,0.001,0.001,0.001,0.001,0.001,0.001,0.088,0.001,0.02,0.001,0.001,0.001,0.001,0.001,0.006,0.063,0.001,0.073,0.001,0.018,0.115,0.059,0.385,0.001,0.001,0.001,0.001,-0.564,0.611,0.406,0.379,0.241,0.52,0.498,0.212,0.332,0.088,0.558,0.089,0.271,0.774,0.707,0.593,0.195,0.076,0.314,0.308,0.009,0.471,0.96,0.866,0.681,0.382,0.001,0.115,0.473,0.042,0.001,0.44,0.603,0.625,0.029,0,0.067,0.435,0.079,0.092,0,0.042,0.425,1.391,0.968,0,0.011,0.089,0.029,0.974,15.102
04:51.1,9305,0.234,0.153,-0.722,-0.632,0.283,0.731,-0.28,-0.554,0.638,0.646,0.369,0.198,0.629,0.745,0.072,0.21,-0.47,-0.388,0.531,0.589,0.212,0.248,-0.774,0.543,0.001,0.001,0.001,0.004,0.001,0.001,0.001,0.001,0.001,0.074,0.121,0.001,0.001,0.001,0.001,0.001,0.001,0.001,0.001,0.001,0.001,0.001,0.001,0.001,0.063,0.001,0.001,0.001,0.001,0.001,0.001,0.001,0.001,0.028,0.001,0.001,0.001,0.001,0.059,0.001,0.037,0.001,0.001,0.001,0.001,-0.564,0.611,0.406,0.379,0.241,0.52,0.498,0.212,0.332,0.088,0.558,0.089,0.271,0.774,0.707,0.593,0.195,0.076,0.314,0.308,0.009,0.471,0.96,0.866,0.681,0.382,0.001,0.115,0.473,0.042,0.001,0.44,0.603,0.625,0.029,0,0.067,0.435,0.079,0.092,0,0.042,0.425,1.391,0.968,0,0.011,0.089,0.029,0.424,15.102
04:51.1,9306,0.234,0.148,-0.722,-0.634,0.269,0.738,-0.277,-0.554,0.64,0.65,0.36,0.196,0.632,0.745,0.07,0.202,-0.468,-0.389,0.536,0.585,0.22,0.209,-0.786,0.538,0.001,0.001,0.001,0.001,0.001,0.001,0.001,0.001,0.001,0.001,0.134,0.001,0.001,0.001,0.001,0.001,0.001,0.001,0.001,0.001,0.001,0.001,0.001,0.001,0.051,0.001,0.001,0.001,0.001,0.001,0.001,0.001,0.001,0.005,0.001,0.001,0.001,0.001,0.006,0.001,0.001,0.001,0.001,0.001,0.001,-0.564,0.611,0.406,0.379,0.241,0.52,0.498,0.212,0.332,0.088,0.558,0.089,0.271,0.774,0.707,0.593,0.195,0.076,0.314,0.308,0.009,0.471,0.96,0.866,0.681,0.382,0.001,0.115,0.473,0.042,0.001,0.44,0.603,0.625,0.029,0,0.067,0.435,0.079,0.092,0,0.042,0.425,1.391,0.968,0,0.011,0.089,0.029,0.237,15.102
04:51.1,9307,0.234,0.143,-0.721,-0.637,0.254,0.742,-0.275,-0.556,0.64,0.655,0.35,0.197,0.634,0.746,0.065,0.194,-0.468,-0.391,0.539,0.581,0.22,0.209,-0.786,0.538,0.001,0.001,0.001,0.001,0.001,0.001,0.001,0.001,0.001,0.001,0.134,0.001,0.001,0.001,0.001,0.001,0.001,0.001,0.001,0.001,0.001,0.001,0.001,0.001,0.051,0.001,0.001,0.001,0.001,0.001,0.001,0.001,0.001,0.005,0.001,0.001,0.001,0.001,0.006,0.001,0.001,0.001,0.001,0.001,0.001,-0.564,0.611,0.406,0.379,0.241,0.52,0.498,0.212,0.332,0.088,0.558,0.089,0.271,0.774,0.707,0.593,0.195,0.076,0.314,0.308,0.009,0.471,0.96,0.866,0.681,0.382,0.001,0.115,0.473,0.042,0.001,0.44,0.603,0.625,0.029,0,0.067,0.435,0.079,0.092,0,0.042,0.425,1.391,0.968,0,0.011,0.089,0.029,0.237,15.102
04:51.1,9308,0.234,0.138,-0.719,-0.639,0.242,0.745,-0.273,-0.559,0.638,0.661,0.341,0.2,0.634,0.747,0.06,0.19,-0.469,-0.394,0.541,0.576,0.22,0.209,-0.786,0.538,0.001,0.001,0.001,0.001,0.001,0.001,0.001,0.001,0.001,0.001,0.134,0.001,0.001,0.001,0.001,0.001,0.001,0.001,0.001,0.001,0.001,0.001,0.001,0.001,0.051,0.001,0.001,0.001,0.001,0.001,0.001,0.001,0.001,0.005,0.001,0.001,0.001,0.001,0.006,0.001,0.001,0.001,0.001,0.001,0.001,-0.584,0.578,0.417,0.388,0.238,0.518,0.497,0.212,0.328,0.084,0.553,0.088,0.267,0.773,0.707,0.593,0.197,0.081,0.304,0.308,0.009,0.474,0.958,0.863,0.681,0.383,0.001,0.11,0.473,0.043,0.001,0.441,0.603,0.623,0.031,0.001,0.07,0.437,0.082,0.095,0.001,0.053,0.427,1.394,0.974,0.001,0.011,0.094,0.017,0.237,15.099
