timestamp,packet_counter,right_thigh_q1,right_thigh_q2,right_thigh_q3,right_thigh_q4,right_calf_q1,right_calf_q2,right_calf_q3,right_calf_q4,left_thigh_q1,left_thigh_q2,left_thigh_q3,left_thigh_q4,left_calf_q1,left_calf_q2,left_calf_q3,left_calf_q4,trunk_q1,trunk_q2,trunk_q3,trunk_q4,right_foot_q0,right_foot_q1,right_foot_q2,right_foot_q3,right_pressure0,right_pressure1,right_pressure2,right_pressure3,right_pressure4,right_pressure5,right_pressure6,right_pressure7,right_pressure8,right_pressure9,right_pressure10,right_pressure11,right_pressure12,right_pressure13,right_pressure14,right_pressure15,right_pressure16,right_pressure17,right_pressure18,right_pressure19,right_pressure20,right_pressure21,right_pressure22,right_pressure23,right_pressure24,right_pressure25,right_pressure26,right_pressure27,right_pressure28,right_pressure29,right_pressure30,right_pressure31,right_pressure32,right_pressure33,right_pressure34,right_pressure35,right_pressure36,right_pressure37,right_pressure38,right_pressure39,right_pressure40,right_pressure41,right_pressure42,right_pressure43,right_pressure44,left_foot_q0,left_foot_q1,left_foot_q2,left_foot_q3,left_pressure0,left_pressure1,left_pressure2,left_pressure3,left_pressure4,left_pressure5,left_pressure6,left_pressure7,left_pressure8,left_pressure9,left_pressure10,left_pressure11,left_pressure12,left_pressure13,left_pressure14,left_pressure15,left_pressure16,left_pressure17,left_pressure18,left_pressure19,left_pressure20,left_pressure21,left_pressure22,left_pressure23,left_pressure24,left_pressure25,left_pressure26,left_pressure27,left_pressure28,left_pressure29,left_pressure30,left_pressure31,left_pressure32,left_pressure33,left_pressure34,left_pressure35,left_pressure36,left_pressure37,left_pressure38,left_pressure39,left_pressure40,left_pressure41,left_pressure42,left_pressure43,left_pressure44,right_pressure_sum,left_pressure_sum
10:09.3,13509,0.562,0.611,0.434,0.349,0.398,0.318,0.677,0.531,0.619,0.664,0.012,-0.42,0.101,-0.016,0.708,0.699,-0.524,-0.521,-0.39,-0.549,0.12,0.771,-0.179,0.599,0.001,0.001,0.001,0.001,0.281,0.007,0.073,0.039,0.001,0.051,0.277,0.134,0.131,0.132,0.198,0.317,0.194,0.001,0.046,0.326,0.144,0.149,0.053,0.421,0.687,0.131,0.496,0.001,0.018,0.045,0.057,0.115,0.584,0.681,0.457,0.164,0.042,0.79,0.778,1.083,0.383,0.567,0.228,0.53,0.002,0.334,-0.413,-0.539,-0.654,0,0,0,0.001,0,0,0.001,0,0,0.001,0.001,0.001,0,0,0,0.013,0,0,0.001,0.001,0,0.001,0.001,0,0.001,0.001,0.001,0,0,0.001,0.001,0.001,0,0.001,0,0.001,0.001,0.001,0,0.001,0,0.001,0.001,0.001,0.001,10.818,0.037
10:09.3,13510,0.564,0.611,0.434,0.347,0.402,0.316,0.678,0.528,0.618,0.666,0.011,-0.418,0.108,-0.011,0.706,0.699,-0.526,-0.522,-0.388,-0.548,0.12,0.773,-0.181,0.596,0.001,0.001,0.001,0.001,0.244,0.004,0.076,0.043,0.001,0.013,0.198,0.087,0.106,0.116,0.199,0.322,0.201,0.001,0.001,0.186,0.059,0.085,0.032,0.431,0.694,0.151,0.521,0.001,0.001,0.016,0.029,0.106,0.578,0.681,0.469,0.154,0.039,0.789,0.773,1.085,0.432,0.568,0.23,0.529,0.002,0.179,-0.509,-0.373,-0.755,0,0.02,0.001,0,0,0.001,0.001,0,0,0.211,0.168,0.001,0,0,0.001,0.021,0,0,0.017,0,0,0,0.001,0,0.001,0,0,0,0,0,0.001,0.001,0.001,0,0,0,0,0,0,0.001,0,0.001,0,0.001,0,10.257,0.45
10:09.4,13511,0.565,0.611,0.434,0.345,0.406,0.315,0.678,0.526,0.617,0.668,0.01,-0.415,0.113,-0.005,0.706,0.699,-0.529,-0.522,-0.386,-0.547,0.12,0.774,-0.185,0.593,0.001,0.001,0.001,0.001,0.186,0.001,0.078,0.044,0.001,0.001,0.106,0.043,0.071,0.076,0.195,0.326,0.216,0.001,0.001,0.031,0.009,0.06,0.001,0.437,0.692,0.165,0.516,0.001,0.001,0.001,0.007,0.1,0.574,0.689,0.473,0.165,0.017,0.791,0.773,1.094,0.466,0.576,0.236,0.53,0.002,0.166,-0.522,-0.317,-0.775,0.001,0.166,0,0.001,0.001,0.001,0.001,0.001,0,0.426,0.253,0,0.001,0,0,0.021,0.001,0,0.153,0,0.001,0,0.001,0,0,0.001,0,0,0,0,0.001,0.001,0,0.001,0.001,0,0,0.001,0.001,0,0,0.001,0.001,0.001,0.001,9.757,1.04
10:09.4,13512,0.566,0.611,0.434,0.343,0.41,0.313,0.678,0.524,0.617,0.67,0.009,-0.413,0.116,0.002,0.706,0.698,-0.531,-0.521,-0.384,-0.546,0.121,0.775,-0.189,0.591,0.001,0.001,0.001,0.001,0.143,0.001,0.077,0.045,0.001,0.001,0.039,0.018,0.054,0.048,0.201,0.327,0.225,0,0.001,0.001,0.001,0.039,0.001,0.449,0.694,0.181,0.545,0.001,0.001,0.001,0.001,0.077,0.57,0.685,0.477,0.164,0.001,0.788,0.78,1.109,0.492,0.573,0.239,0.524,0.002,0.158,-0.527,-0.277,-0.788,0.001,0.379,0,0,0,0,0,0,0.001,0.607,0.325,0,0.001,0,0,0.016,0,0,0.437,0,0.001,0,0,0.001,0.001,0.001,0,0,0.001,0.001,0.001,0,0,0,0.001,0,0.001,0,0.001,0.001,0,0,0.013,0,0,9.581,1.791
10:09.4,13513,0.567,0.611,0.434,0.341,0.413,0.311,0.678,0.522,0.616,0.672,0.008,-0.411,0.118,0.012,0.707,0.697,-0.534,-0.521,-0.383,-0.545,0.122,0.775,-0.196,0.588,0.001,0.001,0.001,0.001,0.089,0.001,0.079,0.044,0.001,0.001,0.022,0.012,0.016,0.02,0.203,0.321,0.227,0.001,0.001,0.001,0.001,0.032,0.001,0.448,0.698,0.197,0.557,0.001,0.001,0.001,0.001,0.06,0.574,0.687,0.495,0.176,0.001,0.786,0.784,1.106,0.526,0.571,0.243,0.52,0.004,0.158,-0.527,-0.277,-0.788,0.001,0.379,0,0,0,0,0,0,0.001,0.607,0.325,0,0.001,0,0,0.016,0,0,0.437,0,0.001,0,0,0.001,0.001,0.001,0,0,0.001,0.001,0.001,0,0,0,0.001,0,0.001,0,0.001,0.001,0,0,0.013,0,0,9.514,1.791
10:09.4,13514,0.568,0.612,0.434,0.339,0.416,0.309,0.678,0.521,0.616,0.674,0.007,-0.408,0.116,0.023,0.709,0.695,-0.535,-0.52,-0.381,-0.545,0.123,0.775,-0.203,0.586,0.001,0.001,0.001,0.001,0.029,0.001,0.072,0.045,0.001,0.001,0.017,0.012,0.002,0.001,0.201,0.321,0.236,0,0.001,0.001,0.001,0.033,0.001,0.447,0.692,0.204,0.568,0.001,0.001,0.001,0.001,0.013,0.576,0.687,0.507,0.194,0.001,0.788,0.789,1.105,0.548,0.579,0.25,0.521,0.004,0.158,-0.527,-0.277,-0.788,0.001,0.379,0,0,0,0,0,0,0.001,0.607,0.325,0,0.001,0,0,0.016,0,0,0.437,0,0.001,0,0,0.001,0.001,0.001,0,0,0.001,0.001,0.001,0,0,0,0.001,0,0.001,0,0.001,0.001,0,0,0.013,0,0,9.457,1.791
10:09.4,13515,0.569,0.612,0.434,0.337,0.42,0.307,0.678,0.519,0.615,0.676,0.007,-0.406,0.11,0.036,0.713,0.691,-0.537,-0.519,-0.379,-0.546,0.123,0.775,-0.211,0.583,0.001,0.001,0.001,0.001,0.013,0.001,0.065,0.048,0.001,0.001,0.009,0.011,0.001,0.001,0.198,0.321,0.239,0.001,0.001,0.001,0.001,0.024,0.001,0.44,0.687,0.205,0.578,0.001,0.001,0.001,0.001,0.001,0.579,0.686,0.515,0.186,0.001,0.786,0.79,1.111,0.595,0.584,0.254,0.52,0.004,0.158,-0.527,-0.277,-0.788,0.001,0.379,0,0,0,0,0,0,0.001,0.607,0.325,0,0.001,0,0,0.016,0,0,0.437,0,0.001,0,0,0.001,0.001,0.001,0,0,0.001,0.001,0.001,0,0,0,0.001,0,0.001,0,0.001,0.001,0,0,0.013,0,0,9.468,1.791
10:09.4,13516,0.57,0.611,0.434,0.336,0.424,0.305,0.677,0.518,0.613,0.679,0.008,-0.404,0.101,0.045,0.718,0.687,-0.538,-0.519,-0.378,-0.547,0.123,0.775,-0.211,0.583,0.001,0.001,0.001,0.001,0.013,0.001,0.065,0.048,0.001,0.001,0.009,0.011,0.001,0.001,0.198,0.321,0.239,0.001,0.001,0.001,0.001,0.024,0.001,0.44,0.687,0.205,0.578,0.001,0.001,0.001,0.001,0.001,0.579,0.686,0.515,0.186,0.001,0.786,0.79,1.111,0.595,0.584,0.254,0.52,0.004,0.158,-0.527,-0.277,-0.788,0.001,0.379,0,0,0,0,0,0,0.001,0.607,0.325,0,0.001,0,0,0.016,0,0,0.437,0,0.001,0,0,0.001,0.001,0.001,0,0,0.001,0.001,0.001,0,0,0,0.001,0,0.001,0,0.001,0.001,0,0,0.013,0,0,9.468,1.791
10:09.4,13517,0.571,0.611,0.435,0.335,0.428,0.303,0.676,0.517,0.611,0.682,0.01,-0.402,0.089,0.047,0.723,0.684,-0.537,-0.519,-0.377,-0.548,0.123,0.775,-0.211,0.583,0.001,0.001,0.001,0.001,0.013,0.001,0.065,0.048,0.001,0.001,0.009,0.011,0.001,0.001,0.198,0.321,0.239,0.001,0.001,0.001,0.001,0.024,0.001,0.44,0.687,0.205,0.578,0.001,0.001,0.001,0.001,0.001,0.579,0.686,0.515,0.186,0.001,0.786,0.79,1.111,0.595,0.584,0.254,0.52,0.004,0.158,-0.527,-0.277,-0.788,0.001,0.379,0,0,0,0,0,0,0.001,0.607,0.325,0,0.001,0,0,0.016,0,0,0.437,0,0.001,0,0,0.001,0.001,0.001,0,0,0.001,0.001,0.001,0,0,0,0.001,0,0.001,0,0.001,0.001,0,0,0.013,0,0,9.468,1.791
10:09.4,13518,0.571,0.61,0.435,0.335,0.43,0.301,0.675,0.518,0.607,0.687,0.015,-0.399,0.077,0.042,0.724,0.684,-0.535,-0.52,-0.376,-0.55,0.123,0.775,-0.211,0.583,0.001,0.001,0.001,0.001,0.013,0.001,0.065,0.048,0.001,0.001,0.009,0.011,0.001,0.001,0.198,0.321,0.239,0.001,0.001,0.001,0.001,0.024,0.001,0.44,0.687,0.205,0.578,0.001,0.001,0.001,0.001,0.001,0.579,0.686,0.515,0.186,0.001,0.786,0.79,1.111,0.595,0.584,0.254,0.52,0.004,0.158,-0.527,-0.277,-0.788,0.001,0.379,0,0,0,0,0,0,0.001,0.607,0.325,0,0.001,0,0,0.016,0,0,0.437,0,0.001,0,0,0.001,0.001,0.001,0,0,0.001,0.001,0.001,0,0,0,0.001,0,0.001,0,0.001,0.001,0,0,0.013,0,0,9.468,1.791
10:09.4,13519,0.571,0.61,0.435,0.336,0.432,0.299,0.674,0.519,0.603,0.692,0.02,-0.396,0.071,0.038,0.722,0.687,-0.532,-0.522,-0.376,-0.551,0.123,0.775,-0.211,0.583,0.001,0.001,0.001,0.001,0.013,0.001,0.065,0.048,0.001,0.001,0.009,0.011,0.001,0.001,0.198,0.321,0.239,0.001,0.001,0.001,0.001,0.024,0.001,0.44,0.687,0.205,0.578,0.001,0.001,0.001,0.001,0.001,0.579,0.686,0.515,0.186,0.001,0.786,0.79,1.111,0.595,0.584,0.254,0.52,0.004,0.193,-0.521,-0.116,-0.823,0.139,0.465,0,0,0.001,0.001,0.001,0.001,0.023,0.626,0.363,0.001,0.001,0.001,0.001,0.026,0.001,0.001,0.516,0.013,0.001,0,0,0,0,0.001,0,0,0,0.001,0.001,0.001,0.001,0.001,0,0,0,0.001,0.001,0,0,0.001,0.013,0.001,0,9.468,2.205
10:09.4,13520,0.57,0.609,0.435,0.339,0.433,0.296,0.673,0.521,0.6,0.694,0.024,-0.396,0.072,0.041,0.719,0.69,-0.529,-0.525,-0.375,-0.551,0.123,0.775,-0.211,0.583,0.001,0.001,0.001,0.001,0.013,0.001,0.065,0.048,0.001,0.001,0.009,0.011,0.001,0.001,0.198,0.321,0.239,0.001,0.001,0.001,0.001,0.024,0.001,0.44,0.687,0.205,0.578,0.001,0.001,0.001,0.001,0.001,0.579,0.686,0.515,0.186,0.001,0.786,0.79,1.111,0.595,0.584,0.254,0.52,0.004,0.186,-0.521,-0.098,-0.827,0.742,0.626,0.168,0,0,0,0,0.001,0.503,0.842,0.783,0.001,0,0,0,0.028,0,0.233,0.906,0.708,0,0,0,0,0.001,0,0,0.101,0.001,0.001,0.001,0,0,0.001,0,0.001,0,0,0,0,0,0,0.001,0.001,0.001,9.468,5.651
10:09.5,13521,0.569,0.609,0.435,0.341,0.435,0.294,0.672,0.522,0.599,0.694,0.027,-0.398,0.075,0.049,0.716,0.692,-0.528,-0.526,-0.375,-0.551,0.123,0.775,-0.211,0.583,0.001,0.001,0.001,0.001,0.013,0.001,0.065,0.048,0.001,0.001,0.009,0.011,0.001,0.001,0.198,0.321,0.239,0.001,0.001,0.001,0.001,0.024,0.001,0.44,0.687,0.205,0.578,0.001,0.001,0.001,0.001,0.001,0.579,0.686,0.515,0.186,0.001,0.786,0.79,1.111,0.595,0.584,0.254,0.52,0.004,0.179,-0.524,-0.082,-0.829,0.747,0.64,0.221,0,0,0,0,0.001,0.484,0.844,0.801,0,0.001,0.001,0,0.029,0.001,0.244,0.918,0.788,0.001,0,0.001,0.001,0,0,0.001,0.132,0.018,0,0.001,0.001,0,0.001,0,0,0,0,0,0,0,0,0,0,0.001,9.468,5.878
10:09.5,13522,0.568,0.609,0.435,0.343,0.438,0.291,0.671,0.523,0.601,0.692,0.028,-0.399,0.078,0.06,0.713,0.694,-0.529,-0.526,-0.374,-0.551,0.104,0.758,-0.272,0.583,0.001,0.001,0.001,0.001,0.001,0.001,0.059,0.048,0.001,0.001,0.01,0.004,0.001,0.001,0.193,0.316,0.242,0.001,0.001,0.001,0.001,0.032,0.001,0.436,0.683,0.214,0.564,0.001,0.001,0.001,0.001,0.001,0.575,0.686,0.514,0.192,0.001,0.784,0.795,1.115,0.619,0.589,0.259,0.521,0.004,0.179,-0.524,-0.082,-0.829,0.747,0.64,0.221,0,0,0,0,0.001,0.484,0.844,0.801,0,0.001,0.001,0,0.029,0.001,0.244,0.918,0.788,0.001,0,0.001,0.001,0,0,0.001,0.132,0.018,0,0.001,0.001,0,0.001,0,0,0,0,0,0,0,0,0,0,0.001,9.475,5.878
10:09.5,13523,0.568,0.608,0.434,0.345,0.441,0.289,0.67,0.523,0.604,0.691,0.026,-0.397,0.078,0.073,0.709,0.697,-0.531,-0.525,-0.374,-0.55,0.103,0.75,-0.289,0.585,0.001,0.001,0.001,0.001,0.001,0.001,0.022,0.013,0.001,0.001,0.001,0.001,0.001,0.001,0.143,0.183,0.269,0.001,0.001,0.001,0.001,0.001,0.001,0.184,0.479,0.237,0.47,0.001,0.001,0.001,0.001,0.001,0.295,0.648,0.547,0.193,0.001,0.665,0.978,1.148,0.751,0.676,0.308,0.48,0.004,0.179,-0.524,-0.082,-0.829,0.747,0.64,0.221,0,0,0,0,0.001,0.484,0.844,0.801,0,0.001,0.001,0,0.029,0.001,0.244,0.918,0.788,0.001,0,0.001,0.001,0,0,0.001,0.132,0.018,0,0.001,0.001,0,0.001,0,0,0,0,0,0,0,0,0,0,0.001,8.717,5.878
10:09.5,13524,0.57,0.608,0.431,0.347,0.444,0.287,0.669,0.523,0.608,0.692,0.021,-0.389,0.08,0.084,0.705,0.699,-0.533,-0.523,-0.374,-0.55,0.103,0.745,-0.304,0.585,0.001,0.001,0.001,0.001,0.001,0.001,0.021,0.016,0.001,0.001,0.001,0.001,0.001,0.001,0.142,0.154,0.255,0.001,0.001,0.001,0.001,0.001,0.001,0.149,0.437,0.226,0.447,0.001,0.001,0.001,0.001,0.001,0.264,0.603,0.554,0.205,0.001,0.643,1.02,1.162,0.774,0.674,0.309,0.47,0.002,0.179,-0.524,-0.082,-0.829,0.747,0.64,0.221,0,0,0,0,0.001,0.484,0.844,0.801,0,0.001,0.001,0,0.029,0.001,0.244,0.918,0.788,0.001,0,0.001,0.001,0,0,0.001,0.132,0.018,0,0.001,0.001,0,0.001,0,0,0,0,0,0,0,0,0,0,0.001,8.551,5.878
10:09.5,13525,0.572,0.607,0.427,0.349,0.448,0.285,0.667,0.523,0.612,0.695,0.013,-0.377,0.082,0.094,0.703,0.7,-0.536,-0.521,-0.374,-0.548,0.104,0.738,-0.324,0.582,0.001,0.001,0.001,0.001,0.001,0.001,0.016,0.018,0.001,0.001,0.001,0.001,0.001,0.001,0.143,0.114,0.249,0.001,0.001,0.001,0.001,0.001,0.001,0.137,0.397,0.197,0.429,0.001,0.001,0.001,0.001,0.001,0.25,0.568,0.547,0.2,0.001,0.607,1.013,1.194,0.78,0.672,0.284,0.46,0.002,0.179,-0.524,-0.082,-0.829,0.747,0.64,0.221,0,0,0,0,0.001,0.484,0.844,0.801,0,0.001,0.001,0,0.029,0.001,0.244,0.918,0.788,0.001,0,0.001,0.001,0,0,0.001,0.132,0.018,0,0.001,0.001,0,0.001,0,0,0,0,0,0,0,0,0,0,0.001,8.301,5.878
10:09.5,13526,0.574,0.608,0.422,0.351,0.452,0.283,0.665,0.522,0.614,0.7,0.007,-0.364,0.084,0.104,0.702,0.699,-0.539,-0.52,-0.375,-0.546,0.106,0.727,-0.358,0.576,0.001,0.001,0.001,0.001,0.001,0.001,0.007,0.022,0.001,0,0.001,0.001,0.001,0.001,0.148,0.114,0.236,0.001,0.001,0.001,0.001,0.001,0.001,0.122,0.326,0.183,0.396,0.001,0.001,0.001,0.001,0.001,0.247,0.481,0.513,0.204,0.001,0.57,0.927,1.227,0.8,0.669,0.239,0.465,0.002,0.179,-0.524,-0.082,-0.829,0.747,0.64,0.221,0,0,0,0,0.001,0.484,0.844,0.801,0,0.001,0.001,0,0.029,0.001,0.244,0.918,0.788,0.001,0,0.001,0.001,0,0,0.001,0.132,0.018,0,0.001,0.001,0,0.001,0,0,0,0,0,0,0,0,0,0,0.001,7.921,5.878
10:09.5,13527,0.576,0.608,0.417,0.353,0.457,0.281,0.663,0.522,0.614,0.705,0.002,-0.355,0.085,0.114,0.703,0.697,-0.541,-0.521,-0.375,-0.543,0.107,0.719,-0.382,0.571,0.001,0.001,0.001,0.001,0.001,0.001,0.004,0.039,0.001,0.001,0.001,0.001,0.001,0.001,0.162,0.111,0.204,0.001,0.001,0.001,0.001,0.001,0.001,0.125,0.21,0.151,0.357,0.001,0.001,0.001,0.001,0.001,0.234,0.366,0.487,0.209,0.001,0.551,0.77,1.254,0.832,0.564,0.205,0.463,0.01,0.179,-0.524,-0.082,-0.829,0.747,0.64,0.221,0,0,0,0,0.001,0.484,0.844,0.801,0,0.001,0.001,0,0.029,0.001,0.244,0.918,0.788,0.001,0,0.001,0.001,0,0,0.001,0.132,0.018,0,0.001,0.001,0,0.001,0,0,0,0,0,0,0,0,0,0,0.001,7.332,5.878
10:09.5,13528,0.577,0.609,0.411,0.356,0.461,0.28,0.66,0.523,0.613,0.708,-0.001,-0.351,0.082,0.126,0.704,0.694,-0.543,-0.524,-0.375,-0.539,0.106,0.703,-0.415,0.567,0.001,0.001,0.001,0.001,0.001,0.001,0.002,0.049,0.001,0.001,0.001,0.001,0.001,0.001,0.168,0.103,0.156,0.001,0.001,0.001,0.001,0.001,0.001,0.134,0.166,0.138,0.342,0.001,0.001,0.001,0.001,0.001,0.23,0.27,0.473,0.219,0.001,0.512,0.576,1.263,0.862,0.35,0.232,0.425,0.002,0.166,-0.535,-0.005,-0.828,0.747,0.645,0.237,0,0,0,0,0,0.477,0.845,0.808,0,0,0,0,0.031,0,0.249,0.923,0.797,0.001,0,0,0,0,0,0,0.134,0.028,0,0,0,0,0.001,0,0,0.001,0.001,0,0,0.001,0,0.001,0.001,0,6.696,5.928
10:09.5,13529,0.579,0.61,0.404,0.36,0.465,0.279,0.657,0.523,0.612,0.71,-0.005,-0.349,0.077,0.139,0.706,0.69,-0.544,-0.527,-0.375,-0.534,0.104,0.691,-0.441,0.564,0.001,0.001,0.001,0.001,0.001,0.001,0.001,0.035,0.001,0.001,0.001,0.001,0.001,0.001,0.165,0.106,0.111,0.001,0.001,0.001,0.001,0.001,0.001,0.126,0.116,0.145,0.303,0.001,0.001,0.001,0.001,0.001,0.217,0.241,0.477,0.23,0.001,0.437,0.449,1.143,0.906,0.184,0.188,0.358,0.001,0.155,-0.534,0.017,-0.831,0.763,0.725,0.573,0.107,0.057,0.001,0.19,0.002,0.335,0.849,0.816,0.438,0.042,0,0.429,0.167,0,0.111,0.938,0.866,0.474,0.007,0,0.105,0.499,0,0,0.21,0.352,0.204,0.001,0,0.001,0.024,0.001,0,0,0.001,0.048,0.001,0,0,0.001,0.001,0,5.963,9.339
10:09.5,13530,0.58,0.612,0.395,0.365,0.468,0.278,0.655,0.523,0.61,0.712,-0.01,-0.348,0.068,0.151,0.709,0.686,-0.543,-0.532,-0.375,-0.53,0.102,0.674,-0.47,0.56,0.001,0.001,0.001,0.001,0.001,0.001,0.001,0.015,0.001,0.001,0.001,0.001,0.001,0.001,0.147,0.099,0.084,0.001,0.001,0.001,0.001,0.001,0.001,0.112,0.111,0.143,0.239,0.001,0.001,0.001,0.001,0.001,0.183,0.22,0.372,0.286,0.001,0.344,0.41,1.055,0.902,0.068,0.132,0.293,0.043,0.139,-0.533,0.038,-0.834,0.758,0.718,0.584,0.148,0.079,0,0.252,0.004,0.331,0.849,0.808,0.469,0.057,0,0.43,0.211,0,0.115,0.94,0.872,0.504,0.012,0,0.12,0.58,0,0.001,0.217,0.357,0.255,0,0,0.009,0.106,0,0.001,0,0.001,0.123,0,0,0,0.001,0.001,0,5.283,9.913
10:09.6,13531,0.582,0.613,0.386,0.371,0.472,0.277,0.654,0.523,0.609,0.713,-0.018,-0.347,0.057,0.16,0.71,0.683,-0.542,-0.537,-0.376,-0.526,0.099,0.659,-0.494,0.558,0.001,0.001,0.001,0.001,0.001,0.001,0.001,0.009,0.001,0.001,0.001,0.001,0.001,0.001,0.125,0.089,0.055,0.001,0.001,0.001,0.001,0.001,0.001,0.079,0.114,0.122,0.164,0,0.001,0.001,0.001,0.001,0.149,0.204,0.272,0.256,0.001,0.214,0.353,0.918,0.835,0.001,0.085,0.232,0.055,0.129,-0.534,0.051,-0.834,0.759,0.72,0.59,0.179,0.121,0,0.289,0.006,0.326,0.847,0.803,0.491,0.074,0,0.411,0.258,0.001,0.129,0.943,0.874,0.537,0.029,0.001,0.143,0.609,0,0,0.221,0.366,0.275,0,0,0.02,0.2,0.001,0.001,0,0,0.223,0,0,0,0.016,0.001,0,4.355,10.464
10:09.6,13532,0.584,0.614,0.368,0.376,0.475,0.275,0.653,0.522,0.609,0.714,-0.028,-0.336,0.046,0.166,0.711,0.682,-0.541,-0.541,-0.376,-0.521,0.094,0.643,-0.515,0.558,0.001,0.001,0.001,0.001,0.001,0.001,0.001,0.001,0.001,0.001,0.001,0.001,0.001,0.001,0.098,0.061,0.021,0.001,0.001,0.001,0,0.001,0.001,0.055,0.101,0.072,0.127,0.001,0.001,0.001,0.001,0.001,0.117,0.168,0.186,0.22,0.001,0.059,0.286,0.779,0.643,0.001,0.054,0.188,0.018,0.129,-0.534,0.051,-0.834,0.759,0.72,0.59,0.179,0.121,0,0.289,0.006,0.326,0.847,0.803,0.491,0.074,0,0.411,0.258,0.001,0.129,0.943,0.874,0.537,0.029,0.001,0.143,0.609,0,0,0.221,0.366,0.275,0,0,0.02,0.2,0.001,0.001,0,0,0.223,0,0,0,0.016,0.001,0,3.279,10.464
10:09.6,13533,0.586,0.615,0.365,0.381,0.477,0.273,0.653,0.521,0.61,0.715,-0.038,-0.338,0.036,0.172,0.71,0.682,-0.541,-0.545,-0.378,-0.517,0.086,0.622,-0.539,0.561,0.001,0.001,0.001,0.001,0.001,0.001,0.001,0.001,0.001,0.001,0.001,0.001,0.001,0.001,0.054,0.033,0.001,0.001,0.001,0.001,0.001,0.001,0.001,0.035,0.066,0.012,0.062,0.001,0.001,0.001,0.001,0.001,0.06,0.132,0.11,0.115,0.001,0.015,0.22,0.629,0.463,0.001,0.007,0.121,0.001,0.129,-0.534,0.051,-0.834,0.759,0.72,0.59,0.179,0.121,0,0.289,0.006,0.326,0.847,0.803,0.491,0.074,0,0.411,0.258,0.001,0.129,0.943,0.874,0.537,0.029,0.001,0.143,0.609,0,0,0.221,0.366,0.275,0,0,0.02,0.2,0.001,0.001,0,0,0.223,0,0,0,0.016,0.001,0,2.163,10.464
10:09.6,13534,0.589,0.616,0.354,0.386,0.478,0.271,0.654,0.52,0.611,0.718,-0.048,-0.321,0.028,0.177,0.709,0.682,-0.542,-0.548,-0.379,-0.511,0.078,0.601,-0.557,0.567,0.001,0.001,0.001,0.001,0.001,0.001,0.001,0.001,0.001,0.001,0.001,0.001,0.001,0.001,0.009,0.001,0.001,0.001,0.001,0.001,0.001,0.001,0.001,0.001,0.055,0.001,0.01,0.001,0.001,0.001,0.001,0.001,0.027,0.083,0.024,0.059,0.001,0.001,0.142,0.363,0.192,0.001,0.001,0.042,0.001,0.129,-0.534,0.051,-0.834,0.759,0.72,0.59,0.179,0.121,0,0.289,0.006,0.326,0.847,0.803,0.491,0.074,0,0.411,0.258,0.001,0.129,0.943,0.874,0.537,0.029,0.001,0.143,0.609,0,0,0.221,0.366,0.275,0,0,0.02,0.2,0.001,0.001,0,0,0.223,0,0,0,0.016,0.001,0,1.04,10.464
10:09.6,13535,0.591,0.617,0.336,0.39,0.476,0.267,0.659,0.518,0.613,0.721,-0.058,-0.318,0.022,0.181,0.708,0.682,-0.544,-0.55,-0.381,-0.506,0.069,0.569,-0.579,0.58,0.001,0.001,0.001,0.001,0.001,0.001,0.001,0.001,0.001,0.001,0.001,0.001,0.001,0.001,0.001,0.001,0.001,0.001,0.001,0.001,0.001,0.001,0.001,0.001,0.033,0.001,0.001,0.001,0.001,0.001,0.001,0.001,0.001,0.044,0.001,0.001,0.001,0.001,0.046,0.098,0.031,0.001,0.001,0.001,0.001,0.129,-0.534,0.051,-0.834,0.759,0.72,0.59,0.179,0.121,0,0.289,0.006,0.326,0.847,0.803,0.491,0.074,0,0.411,0.258,0.001,0.129,0.943,0.874,0.537,0.029,0.001,0.143,0.609,0,0,0.221,0.366,0.275,0,0,0.02,0.2,0.001,0.001,0,0,0.223,0,0,0,0.016,0.001,0,0.292,10.464
10:09.6,13536,0.594,0.618,0.334,0.393,0.472,0.26,0.666,0.515,0.614,0.723,-0.067,-0.308,0.018,0.185,0.706,0.683,-0.546,-0.552,-0.383,-0.5,0.069,0.569,-0.579,0.58,0.001,0.001,0.001,0.001,0.001,0.001,0.001,0.001,0.001,0.001,0.001,0.001,0.001,0.001,0.001,0.001,0.001,0.001,0.001,0.001,0.001,0.001,0.001,0.001,0.033,0.001,0.001,0.001,0.001,0.001,0.001,0.001,0.001,0.044,0.001,0.001,0.001,0.001,0.046,0.098,0.031,0.001,0.001,0.001,0.001,0.129,-0.534,0.051,-0.834,0.759,0.72,0.59,0.179,0.121,0,0.289,0.006,0.326,0.847,0.803,0.491,0.074,0,0.411,0.258,0.001,0.129,0.943,0.874,0.537,0.029,0.001,0.143,0.609,0,0,0.221,0.366,0.275,0,0,0.02,0.2,0.001,0.001,0,0,0.223,0,0,0,0.016,0.001,0,0.292,10.464
10:09.6,13537,0.596,0.619,0.324,0.396,0.468,0.252,0.676,0.51,0.616,0.725,-0.074,-0.298,0.015,0.189,0.705,0.684,-0.549,-0.552,-0.385,-0.495,0.069,0.569,-0.579,0.58,0.001,0.001,0.001,0.001,0.001,0.001,0.001,0.001,0.001,0.001,0.001,0.001,0.001,0.001,0.001,0.001,0.001,0.001,0.001,0.001,0.001,0.001,0.001,0.001,0.033,0.001,0.001,0.001,0.001,0.001,0.001,0.001,0.001,0.044,0.001,0.001,0.001,0.001,0.046,0.098,0.031,0.001,0.001,0.001,0.001,0.129,-0.534,0.051,-0.834,0.759,0.72,0.59,0.179,0.121,0,0.289,0.006,0.326,0.847,0.803,0.491,0.074,0,0.411,0.258,0.001,0.129,0.943,0.874,0.537,0.029,0.001,0.143,0.609,0,0,0.221,0.366,0.275,0,0,0.02,0.2,0.001,0.001,0,0,0.223,0,0,0,0.016,0.001,0,0.292,10.464
10:09.6,13538,0.597,0.621,0.315,0.399,0.463,0.242,0.688,0.503,0.617,0.726,-0.081,-0.291,0.015,0.193,0.704,0.683,-0.552,-0.552,-0.387,-0.49,0.069,0.569,-0.579,0.58,0.001,0.001,0.001,0.001,0.001,0.001,0.001,0.001,0.001,0.001,0.001,0.001,0.001,0.001,0.001,0.001,0.001,0.001,0.001,0.001,0.001,0.001,0.001,0.001,0.033,0.001,0.001,0.001,0.001,0.001,0.001,0.001,0.001,0.044,0.001,0.001,0.001,0.001,0.046,0.098,0.031,0.001,0.001,0.001,0.001,0.031,-0.541,0.145,-0.828,0.766,0.713,0.596,0.192,0.149,0,0.292,0.005,0.321,0.846,0.802,0.495,0.077,0,0.404,0.266,0,0.131,0.941,0.877,0.557,0.028,0,0.145,0.62,0.001,0,0.221,0.37,0.278,0.001,0.001,0.022,0.236,0.001,0,0,0,0.233,0,0.001,0,0.016,0,0.001,0.292,10.605
10:09.6,13539,0.597,0.623,0.306,0.401,0.461,0.234,0.7,0.493,0.618,0.727,-0.088,-0.284,0.014,0.197,0.704,0.683,-0.554,-0.552,-0.39,-0.486,0.069,0.569,-0.579,0.58,0.001,0.001,0.001,0.001,0.001,0.001,0.001,0.001,0.001,0.001,0.001,0.001,0.001,0.001,0.001,0.001,0.001,0.001,0.001,0.001,0.001,0.001,0.001,0.001,0.033,0.001,0.001,0.001,0.001,0.001,0.001,0.001,0.001,0.044,0.001,0.001,0.001,0.001,0.046,0.098,0.031,0.001,0.001,0.001,0.001,0.019,-0.543,0.155,-0.825,0.751,0.773,0.648,0.344,0.534,0.07,0.575,0.068,0.272,0.857,0.821,0.625,0.205,0.022,0.432,0.37,0.048,0.033,0.893,0.851,0.645,0.148,0.001,0.22,0.775,0,0.006,0.162,0.322,0.277,0.001,0,0.114,0.476,0,0.042,0,0.046,0.376,0.063,0.112,0.011,0.065,0,0,0.292,13.054
10:09.6,13540,0.596,0.626,0.298,0.403,0.462,0.226,0.709,0.483,0.62,0.727,-0.094,-0.279,0.012,0.201,0.704,0.681,-0.555,-0.552,-0.392,-0.482,0.069,0.569,-0.579,0.58,0.001,0.001,0.001,0.001,0.001,0.001,0.001,0.001,0.001,0.001,0.001,0.001,0.001,0.001,0.001,0.001,0.001,0.001,0.001,0.001,0.001,0.001,0.001,0.001,0.033,0.001,0.001,0.001,0.001,0.001,0.001,0.001,0.001,0.044,0.001,0.001,0.001,0.001,0.046,0.098,0.031,0.001,0.001,0.001,0.001,0.004,-0.545,0.169,-0.821,0.724,0.783,0.656,0.364,0.59,0.123,0.618,0.079,0.252,0.86,0.823,0.641,0.214,0.032,0.441,0.372,0.111,0.016,0.873,0.846,0.65,0.154,0.001,0.241,0.788,0.004,0.015,0.147,0.305,0.258,0.001,0,0.127,0.492,0.001,0.042,0,0.045,0.377,0.081,0.123,0.012,0.07,0.001,0,0.292,13.353
10:09.7,13541,0.595,0.63,0.291,0.406,0.464,0.219,0.716,0.473,0.621,0.727,-0.101,-0.274,0.008,0.205,0.704,0.68,-0.555,-0.552,-0.394,-0.48,0.069,0.569,-0.579,0.58,0.001,0.001,0.001,0.001,0.001,0.001,0.001,0.001,0.001,0.001,0.001,0.001,0.001,0.001,0.001,0.001,0.001,0.001,0.001,0.001,0.001,0.001,0.001,0.001,0.033,0.001,0.001,0.001,0.001,0.001,0.001,0.001,0.001,0.044,0.001,0.001,0.001,0.001,0.046,0.098,0.031,0.001,0.001,0.001,0.001,-0.007,-0.546,0.179,-0.819,0.667,0.8,0.662,0.377,0.623,0.177,0.635,0.1,0.211,0.861,0.823,0.652,0.253,0.063,0.468,0.383,0.156,0.005,0.841,0.841,0.654,0.167,0.001,0.265,0.8,0.043,0.038,0.127,0.288,0.243,0.002,0,0.136,0.514,0.001,0.049,0,0.053,0.37,0.111,0.114,0.012,0.078,0,0.001,0.292,13.665
10:09.7,13542,0.593,0.633,0.284,0.409,0.469,0.213,0.721,0.463,0.622,0.727,-0.107,-0.269,0.003,0.207,0.705,0.678,-0.555,-0.552,-0.396,-0.479,0.077,0.548,-0.587,0.59,0.001,0.001,0.001,0.001,0.001,0.001,0.001,0.001,0,0.001,0.001,0.001,0.001,0.001,0.001,0.001,0.001,0.001,0.001,0.001,0.001,0.001,0.001,0,0.026,0.001,0.001,0.001,0.001,0.001,0.001,0.001,0.001,0.037,0.001,0.001,0.001,0.001,0.032,0.061,0.016,0.001,0.001,0.001,0.001,-0.023,-0.547,0.194,-0.814,0.591,0.802,0.663,0.397,0.684,0.255,0.663,0.109,0.175,0.839,0.823,0.661,0.27,0.087,0.486,0.398,0.195,0.004,0.841,0.835,0.653,0.182,0.001,0.288,0.801,0.071,0.056,0.111,0.27,0.226,0.001,0,0.149,0.536,0.001,0.048,0,0.039,0.371,0.158,0.125,0.011,0.079,0,0,0.21,13.955
10:09.7,13543,0.59,0.636,0.278,0.412,0.478,0.209,0.723,0.454,0.623,0.727,-0.114,-0.263,-0.004,0.209,0.706,0.677,-0.555,-0.552,-0.398,-0.479,0.077,0.573,-0.568,0.586,0.001,0.001,0.001,0.001,0.001,0.001,0.001,0.001,0.001,0.001,0.001,0.001,0.001,0.001,0.001,0.001,0.001,0.001,0.001,0.001,0.001,0.001,0.001,0.001,0.002,0.001,0.001,0.001,0.001,0.001,0.001,0.001,0.001,0.001,0.001,0.001,0.001,0.001,0.001,0.001,0.001,0.001,0.001,0.001,0.001,-0.035,-0.547,0.206,-0.81,0.51,0.792,0.661,0.411,0.729,0.304,0.672,0.111,0.151,0.841,0.823,0.667,0.284,0.096,0.509,0.414,0.205,0.002,0.83,0.827,0.643,0.184,0.001,0.302,0.805,0.093,0.065,0.1,0.26,0.211,0.001,0,0.158,0.547,0.001,0.042,0.001,0.054,0.379,0.197,0.136,0.012,0.081,0,0,0.046,14.112
10:09.7,13544,0.587,0.639,0.273,0.416,0.489,0.209,0.721,0.445,0.624,0.728,-0.121,-0.256,-0.012,0.209,0.707,0.676,-0.555,-0.551,-0.399,-0.478,0.076,0.589,-0.55,0.587,0.001,0.001,0.001,0.001,0.001,0.001,0.001,0.001,0.001,0.001,0.001,0.001,0.001,0.001,0.001,0.001,0.001,0,0.001,0.001,0.001,0.001,0.001,0.001,0.004,0.001,0.001,0.001,0.001,0.001,0.001,0.001,0.001,0.001,0.001,0.001,0.001,0.001,0.001,0.001,0.001,0.001,0.001,0.001,0.001,-0.05,-0.547,0.22,-0.806,0.446,0.775,0.657,0.42,0.759,0.342,0.668,0.131,0.14,0.842,0.817,0.673,0.297,0.115,0.529,0.419,0.212,0.002,0.825,0.824,0.639,0.183,0.001,0.32,0.813,0.137,0.085,0.085,0.25,0.201,0.002,0,0.171,0.556,0.001,0.037,0,0.057,0.38,0.214,0.149,0.012,0.077,0,0,0.047,14.263
10:09.7,13545,0.584,0.641,0.267,0.421,0.5,0.21,0.717,0.438,0.624,0.73,-0.128,-0.248,-0.017,0.209,0.708,0.675,-0.555,-0.551,-0.4,-0.478,0.077,0.601,-0.532,0.592,0.001,0.001,0.001,0.001,0.001,0.001,0.001,0.001,0.001,0.001,0.001,0.001,0.001,0.001,0.001,0.001,0.001,0.001,0.001,0.001,0.001,0.001,0.001,0.001,0.002,0.001,0.001,0.001,0.001,0.001,0.001,0.001,0.001,0.001,0.001,0.001,0.001,0.001,0.001,0.001,0.001,0.001,0.001,0.001,0.001,-0.063,-0.547,0.231,-0.802,0.391,0.764,0.659,0.435,0.784,0.407,0.686,0.137,0.11,0.834,0.814,0.679,0.322,0.137,0.532,0.425,0.214,0.001,0.827,0.808,0.628,0.193,0.002,0.328,0.819,0.143,0.12,0.074,0.241,0.188,0.001,0.001,0.183,0.562,0.001,0.042,0.001,0.056,0.391,0.233,0.149,0.012,0.079,0,0.001,0.046,14.414
10:09.7,13546,0.579,0.643,0.263,0.426,0.51,0.212,0.712,0.433,0.624,0.731,-0.134,-0.24,-0.022,0.208,0.709,0.674,-0.555,-0.55,-0.402,-0.478,0.089,0.609,-0.52,0.593,0.001,0.001,0.001,0.001,0.001,0.001,0.001,0.001,0.001,0.001,0.001,0.001,0.001,0.001,0.001,0.001,0.001,0,0.001,0.001,0.001,0.001,0.001,0.001,0.002,0.001,0.001,0.001,0.001,0.001,0.001,0.001,0.001,0.001,0.001,0.001,0.001,0.001,0.001,0.001,0.001,0.001,0.001,0.001,0.001,-0.075,-0.546,0.242,-0.798,0.315,0.752,0.653,0.444,0.807,0.458,0.703,0.14,0.072,0.822,0.812,0.68,0.343,0.158,0.534,0.427,0.219,0.001,0.816,0.802,0.614,0.19,0.002,0.347,0.824,0.147,0.128,0.067,0.225,0.186,0.001,0.001,0.195,0.574,0.001,0.044,0,0.061,0.392,0.258,0.16,0.011,0.079,0,0.001,0.045,14.466
10:09.7,13547,0.575,0.645,0.259,0.432,0.518,0.215,0.707,0.429,0.624,0.733,-0.141,-0.232,-0.024,0.207,0.71,0.673,-0.555,-0.549,-0.404,-0.477,0.1,0.615,-0.507,0.596,0.001,0.001,0.001,0.001,0.001,0.001,0.001,0.001,0,0.001,0.001,0.001,0.001,0.001,0.001,0.001,0.001,0.001,0.001,0.001,0.001,0.001,0.001,0.001,0.004,0.001,0,0.001,0.001,0.001,0.001,0.001,0.001,0.001,0.001,0.001,0.001,0.001,0.001,0.001,0.001,0.001,0.001,0.001,0.001,-0.089,-0.545,0.254,-0.794,0.258,0.745,0.65,0.457,0.832,0.503,0.713,0.144,0.062,0.811,0.803,0.678,0.365,0.188,0.529,0.438,0.219,0.001,0.806,0.796,0.601,0.193,0.002,0.359,0.827,0.168,0.127,0.054,0.206,0.176,0.002,0,0.215,0.578,0.001,0.044,0.001,0.061,0.391,0.271,0.151,0.012,0.082,0.001,0.001,0.046,14.522
10:09.7,13548,0.569,0.647,0.257,0.438,0.526,0.219,0.703,0.426,0.623,0.734,-0.146,-0.224,-0.025,0.205,0.711,0.672,-0.555,-0.548,-0.406,-0.475,0.1,0.615,-0.507,0.596,0.001,0.001,0.001,0.001,0.001,0.001,0.001,0.001,0,0.001,0.001,0.001,0.001,0.001,0.001,0.001,0.001,0.001,0.001,0.001,0.001,0.001,0.001,0.001,0.004,0.001,0,0.001,0.001,0.001,0.001,0.001,0.001,0.001,0.001,0.001,0.001,0.001,0.001,0.001,0.001,0.001,0.001,0.001,0.001,-0.099,-0.544,0.264,-0.79,0.187,0.736,0.645,0.455,0.86,0.534,0.713,0.151,0.033,0.799,0.803,0.685,0.361,0.211,0.535,0.443,0.222,0,0.78,0.785,0.584,0.197,0.002,0.382,0.828,0.184,0.127,0.044,0.183,0.162,0.002,0.001,0.23,0.584,0.001,0.044,0.001,0.063,0.394,0.27,0.15,0.013,0.083,0.001,0.001,0.046,14.469
10:09.7,13549,0.563,0.649,0.254,0.445,0.532,0.224,0.699,0.423,0.623,0.735,-0.152,-0.217,-0.026,0.204,0.712,0.672,-0.556,-0.547,-0.409,-0.474,0.1,0.615,-0.507,0.596,0.001,0.001,0.001,0.001,0.001,0.001,0.001,0.001,0,0.001,0.001,0.001,0.001,0.001,0.001,0.001,0.001,0.001,0.001,0.001,0.001,0.001,0.001,0.001,0.004,0.001,0,0.001,0.001,0.001,0.001,0.001,0.001,0.001,0.001,0.001,0.001,0.001,0.001,0.001,0.001,0.001,0.001,0.001,0.001,-0.113,-0.543,0.276,-0.785,0.11,0.722,0.636,0.452,0.889,0.591,0.716,0.151,0.004,0.784,0.797,0.691,0.366,0.223,0.545,0.444,0.233,0,0.756,0.773,0.569,0.188,0.004,0.396,0.834,0.198,0.138,0.034,0.16,0.151,0.002,0.001,0.243,0.596,0.001,0.043,0,0.074,0.394,0.287,0.166,0.012,0.083,0.001,0.001,0.046,14.459
10:09.7,13550,0.557,0.65,0.253,0.452,0.536,0.229,0.695,0.422,0.623,0.736,-0.157,-0.211,-0.027,0.203,0.713,0.671,-0.557,-0.545,-0.412,-0.472,0.1,0.615,-0.507,0.596,0.001,0.001,0.001,0.001,0.001,0.001,0.001,0.001,0,0.001,0.001,0.001,0.001,0.001,0.001,0.001,0.001,0.001,0.001,0.001,0.001,0.001,0.001,0.001,0.004,0.001,0,0.001,0.001,0.001,0.001,0.001,0.001,0.001,0.001,0.001,0.001,0.001,0.001,0.001,0.001,0.001,0.001,0.001,0.001,-0.124,-0.541,0.285,-0.781,0.07,0.698,0.617,0.442,0.915,0.634,0.719,0.16,0,0.767,0.786,0.697,0.385,0.237,0.548,0.448,0.236,0,0.731,0.767,0.549,0.183,0.002,0.414,0.839,0.212,0.15,0.023,0.131,0.134,0.002,0.001,0.25,0.606,0.001,0.044,0,0.082,0.394,0.319,0.203,0.013,0.085,0,0.001,0.046,14.495
10:09.8,13551,0.551,0.65,0.252,0.459,0.538,0.234,0.69,0.423,0.624,0.737,-0.161,-0.205,-0.029,0.201,0.713,0.671,-0.558,-0.544,-0.415,-0.47,0.1,0.615,-0.507,0.596,0.001,0.001,0.001,0.001,0.001,0.001,0.001,0.001,0,0.001,0.001,0.001,0.001,0.001,0.001,0.001,0.001,0.001,0.001,0.001,0.001,0.001,0.001,0.001,0.004,0.001,0,0.001,0.001,0.001,0.001,0.001,0.001,0.001,0.001,0.001,0.001,0.001,0.001,0.001,0.001,0.001,0.001,0.001,0.001,-0.136,-0.539,0.296,-0.777,0.007,0.674,0.608,0.425,0.937,0.674,0.728,0.166,0,0.739,0.783,0.686,0.392,0.26,0.547,0.455,0.249,0.001,0.716,0.745,0.529,0.176,0.004,0.424,0.842,0.254,0.159,0.009,0.11,0.134,0.001,0.001,0.269,0.613,0.001,0.042,0,0.092,0.392,0.335,0.211,0.015,0.084,0.001,0.001,0.046,14.491
10:09.8,13552,0.546,0.649,0.252,0.466,0.538,0.24,0.685,0.428,0.624,0.737,-0.165,-0.199,-0.031,0.2,0.714,0.671,-0.559,-0.542,-0.418,-0.467,0.1,0.615,-0.507,0.596,0.001,0.001,0.001,0.001,0.001,0.001,0.001,0.001,0,0.001,0.001,0.001,0.001,0.001,0.001,0.001,0.001,0.001,0.001,0.001,0.001,0.001,0.001,0.001,0.004,0.001,0,0.001,0.001,0.001,0.001,0.001,0.001,0.001,0.001,0.001,0.001,0.001,0.001,0.001,0.001,0.001,0.001,0.001,0.001,-0.146,-0.537,0.304,-0.773,0,0.651,0.578,0.404,0.954,0.708,0.736,0.167,0.001,0.692,0.769,0.679,0.402,0.271,0.552,0.462,0.252,0,0.679,0.742,0.508,0.166,0.004,0.436,0.846,0.283,0.166,0.004,0.079,0.127,0.002,0.001,0.281,0.624,0.009,0.045,0,0.099,0.393,0.369,0.225,0.013,0.083,0.001,0.001,0.046,14.464
10:09.8,13553,0.542,0.648,0.252,0.473,0.534,0.246,0.681,0.436,0.625,0.737,-0.169,-0.194,-0.034,0.197,0.714,0.67,-0.56,-0.541,-0.421,-0.465,0.1,0.615,-0.507,0.596,0.001,0.001,0.001,0.001,0.001,0.001,0.001,0.001,0,0.001,0.001,0.001,0.001,0.001,0.001,0.001,0.001,0.001,0.001,0.001,0.001,0.001,0.001,0.001,0.004,0.001,0,0.001,0.001,0.001,0.001,0.001,0.001,0.001,0.001,0.001,0.001,0.001,0.001,0.001,0.001,0.001,0.001,0.001,0.001,-0.159,-0.535,0.315,-0.768,0,0.624,0.548,0.393,0.976,0.737,0.729,0.173,0.001,0.642,0.755,0.645,0.404,0.288,0.554,0.469,0.258,0,0.628,0.723,0.487,0.161,0.002,0.46,0.847,0.295,0.168,0.004,0.029,0.115,0.001,0.001,0.297,0.632,0.051,0.049,0.001,0.116,0.393,0.409,0.25,0.013,0.087,0.001,0.001,0.046,14.417
10:09.8,13554,0.538,0.646,0.252,0.479,0.528,0.252,0.677,0.446,0.625,0.737,-0.172,-0.189,-0.037,0.195,0.715,0.67,-0.561,-0.54,-0.424,-0.463,0.192,0.648,-0.33,0.659,0.001,0.001,0.001,0.001,0.001,0.001,0.001,0.001,0.001,0.001,0.001,0.001,0.001,0.001,0.001,0.001,0.001,0.001,0.001,0.001,0.001,0.001,0.001,0.001,0.002,0.001,0.001,0.001,0.001,0.001,0.001,0.001,0.001,0.001,0.001,0.001,0.001,0.001,0.001,0.001,0.001,0.001,0.001,0.001,0.001,-0.167,-0.533,0.321,-0.765,0,0.573,0.516,0.38,0.985,0.763,0.729,0.172,0.001,0.587,0.746,0.62,0.4,0.305,0.557,0.474,0.258,0,0.614,0.697,0.458,0.158,0.002,0.479,0.856,0.304,0.175,0.002,0.004,0.105,0.002,0.001,0.306,0.64,0.068,0.054,0.001,0.122,0.394,0.458,0.258,0.015,0.088,0,0.001,0.046,14.328
10:09.8,13555,0.536,0.644,0.252,0.484,0.519,0.259,0.673,0.458,0.626,0.737,-0.176,-0.183,-0.038,0.192,0.716,0.67,-0.562,-0.538,-0.427,-0.461,0.201,0.649,-0.288,0.675,0.001,0.001,0.001,0.001,0.001,0.001,0.001,0.001,0.001,0.001,0.001,0.001,0.001,0.001,0.001,0.001,0.001,0.001,0.001,0.001,0.001,0.001,0.001,0.001,0.001,0.001,0.001,0.001,0.001,0.001,0.001,0.001,0.001,0.001,0.001,0.001,0.001,0.001,0.001,0.001,0.001,0.001,0.001,0.001,0.001,-0.176,-0.53,0.329,-0.761,0.001,0.497,0.488,0.363,0.994,0.79,0.726,0.175,0,0.545,0.692,0.582,0.405,0.322,0.559,0.484,0.266,0,0.567,0.667,0.416,0.153,0.004,0.495,0.856,0.325,0.179,0.002,0.004,0.085,0.002,0.001,0.316,0.645,0.103,0.053,0.001,0.134,0.399,0.504,0.284,0.015,0.093,0.001,0,0.045,14.193
10:09.8,13556,0.533,0.642,0.253,0.489,0.508,0.266,0.671,0.47,0.627,0.737,-0.179,-0.178,-0.039,0.189,0.717,0.67,-0.562,-0.537,-0.43,-0.459,0.205,0.649,-0.259,0.685,0.001,0.001,0.001,0.001,0.001,0.001,0.001,0.001,0.001,0.001,0.001,0.001,0.001,0.001,0.001,0.001,0.001,0.001,0.001,0.001,0.001,0.001,0.001,0.001,0.001,0.001,0.001,0.001,0.001,0.001,0.001,0.001,0.001,0.001,0.001,0.001,0.001,0.001,0.001,0.001,0.001,0.001,0.001,0.001,0.001,-0.189,-0.525,0.34,-0.757,0.001,0.409,0.442,0.341,0.998,0.813,0.729,0.175,0,0.477,0.652,0.542,0.403,0.344,0.559,0.49,0.266,0,0.54,0.631,0.36,0.14,0.002,0.502,0.857,0.343,0.193,0.002,0.004,0.073,0.002,0.001,0.326,0.647,0.143,0.054,0.001,0.144,0.405,0.548,0.314,0.013,0.096,0,0.001,0.045,13.983
10:09.8,13557,0.531,0.641,0.254,0.493,0.495,0.272,0.669,0.483,0.627,0.737,-0.182,-0.172,-0.04,0.186,0.718,0.669,-0.563,-0.535,-0.432,-0.458,0.209,0.648,-0.226,0.697,0.001,0.001,0.001,0.001,0.001,0.001,0.001,0.001,0.001,0.001,0.001,0.001,0.001,0.001,0.001,0.001,0.001,0.001,0.001,0.001,0.001,0.001,0.001,0.001,0.001,0.001,0.001,0.001,0.001,0.001,0.001,0.001,0.001,0.001,0.001,0.001,0.001,0.001,0.001,0.001,0.001,0.001,0.001,0.001,0.001,-0.198,-0.522,0.346,-0.754,0,0.299,0.393,0.289,1.011,0.833,0.728,0.176,0,0.418,0.604,0.515,0.398,0.353,0.57,0.493,0.258,0,0.48,0.579,0.303,0.096,0.002,0.519,0.861,0.371,0.193,0.002,0.002,0.061,0.002,0.001,0.333,0.65,0.183,0.077,0.001,0.15,0.411,0.596,0.357,0.013,0.106,0.002,0.001,0.045,13.69
10:09.8,13558,0.53,0.639,0.255,0.497,0.482,0.276,0.668,0.495,0.628,0.737,-0.185,-0.167,-0.04,0.183,0.719,0.669,-0.563,-0.534,-0.434,-0.457,0.211,0.646,-0.18,0.711,0.001,0.001,0.001,0.001,0.001,0.001,0.001,0.001,0.001,0.001,0.001,0.001,0.001,0.001,0.001,0.001,0.001,0.001,0.001,0.001,0.001,0.001,0.001,0.001,0.001,0.001,0.001,0.001,0.001,0.001,0.001,0.001,0.001,0.001,0.001,0.001,0.001,0.001,0.001,0.001,0.001,0.001,0.001,0.001,0.001,-0.209,-0.517,0.355,-0.75,0,0.237,0.358,0.266,1.028,0.846,0.724,0.182,0,0.361,0.548,0.475,0.381,0.365,0.574,0.495,0.261,0,0.396,0.508,0.221,0.057,0.002,0.53,0.86,0.372,0.198,0.002,0.002,0.039,0.002,0.001,0.344,0.652,0.204,0.099,0.001,0.158,0.415,0.675,0.398,0.012,0.114,0.006,0.001,0.045,13.37
10:09.8,13559,0.528,0.637,0.256,0.5,0.467,0.28,0.668,0.507,0.628,0.737,-0.187,-0.163,-0.041,0.181,0.72,0.669,-0.564,-0.534,-0.435,-0.456,0.211,0.644,-0.15,0.72,0.001,0.001,0.001,0.001,0.001,0.001,0.001,0.001,0.001,0.001,0.001,0.001,0.001,0.001,0.001,0.001,0.001,0.001,0.001,0.001,0.001,0.001,0.001,0.001,0.001,0.001,0.001,0.001,0.001,0.001,0.001,0.001,0.001,0.001,0.001,0.001,0.001,0.001,0.001,0.001,0.001,0.001,0.001,0.001,0.001,-0.209,-0.517,0.355,-0.75,0,0.237,0.358,0.266,1.028,0.846,0.724,0.182,0,0.361,0.548,0.475,0.381,0.365,0.574,0.495,0.261,0,0.396,0.508,0.221,0.057,0.002,0.53,0.86,0.372,0.198,0.002,0.002,0.039,0.002,0.001,0.344,0.652,0.204,0.099,0.001,0.158,0.415,0.675,0.398,0.012,0.114,0.006,0.001,0.045,13.37
10:09.8,13560,0.528,0.635,0.258,0.502,0.453,0.283,0.668,0.518,0.629,0.737,-0.189,-0.159,-0.042,0.178,0.721,0.669,-0.564,-0.533,-0.437,-0.455,0.21,0.639,-0.104,0.732,0.001,0.001,0.001,0.001,0.001,0.001,0.001,0.001,0.001,0.001,0.001,0.001,0.001,0.001,0.001,0.001,0.001,0.001,0.001,0.001,0.001,0.001,0.001,0.001,0.001,0.001,0.001,0.001,0.001,0.001,0.001,0.001,0.001,0.001,0.001,0.001,0.001,0.001,0.001,0.001,0.001,0.001,0.001,0.001,0.001,-0.209,-0.517,0.355,-0.75,0,0.237,0.358,0.266,1.028,0.846,0.724,0.182,0,0.361,0.548,0.475,0.381,0.365,0.574,0.495,0.261,0,0.396,0.508,0.221,0.057,0.002,0.53,0.86,0.372,0.198,0.002,0.002,0.039,0.002,0.001,0.344,0.652,0.204,0.099,0.001,0.158,0.415,0.675,0.398,0.012,0.114,0.006,0.001,0.045,13.37
10:09.9,13561,0.527,0.633,0.259,0.504,0.439,0.287,0.668,0.528,0.629,0.737,-0.191,-0.156,-0.043,0.176,0.721,0.668,-0.564,-0.532,-0.438,-0.455,0.208,0.636,-0.071,0.74,0.001,0.001,0.001,0.001,0.001,0.001,0.001,0.001,0.001,0.001,0.001,0.001,0.001,0.001,0.001,0.001,0.001,0.001,0.001,0.001,0.001,0.001,0.001,0.001,0.001,0.001,0.001,0.001,0.001,0.001,0.001,0.001,0.001,0.001,0.001,0.001,0.001,0.001,0.001,0.001,0.001,0.001,0.001,0.001,0.001,-0.209,-0.517,0.355,-0.75,0,0.237,0.358,0.266,1.028,0.846,0.724,0.182,0,0.361,0.548,0.475,0.381,0.365,0.574,0.495,0.261,0,0.396,0.508,0.221,0.057,0.002,0.53,0.86,0.372,0.198,0.002,0.002,0.039,0.002,0.001,0.344,0.652,0.204,0.099,0.001,0.158,0.415,0.675,0.398,0.012,0.114,0.006,0.001,0.045,13.37
10:09.9,13562,0.528,0.631,0.261,0.505,0.426,0.29,0.667,0.538,0.63,0.736,-0.193,-0.154,-0.044,0.174,0.722,0.668,-0.565,-0.531,-0.439,-0.455,0.204,0.63,-0.032,0.749,0.001,0.001,0.001,0.001,0.001,0.001,0.001,0.001,0.001,0.001,0.001,0.001,0.001,0.001,0.001,0.001,0.001,0.001,0.001,0.001,0.001,0.001,0.001,0.001,0.001,0.001,0.001,0.001,0.001,0.001,0.001,0.001,0.001,0.001,0.001,0.001,0.001,0.001,0.001,0.001,0.001,0.001,0.001,0.001,0.001,-0.209,-0.517,0.355,-0.75,0,0.237,0.358,0.266,1.028,0.846,0.724,0.182,0,0.361,0.548,0.475,0.381,0.365,0.574,0.495,0.261,0,0.396,0.508,0.221,0.057,0.002,0.53,0.86,0.372,0.198,0.002,0.002,0.039,0.002,0.001,0.344,0.652,0.204,0.099,0.001,0.158,0.415,0.675,0.398,0.012,0.114,0.006,0.001,0.045,13.37
10:09.9,13563,0.528,0.63,0.264,0.505,0.415,0.294,0.665,0.547,0.63,0.736,-0.194,-0.152,-0.045,0.173,0.722,0.668,-0.565,-0.53,-0.44,-0.455,0.201,0.624,-0.001,0.755,0.001,0.001,0.001,0.001,0.001,0.001,0.001,0.001,0.001,0.001,0.001,0.001,0.001,0.001,0.001,0.001,0.001,0.001,0.001,0.001,0.001,0.001,0.001,0.001,0.001,0.001,0.001,0.001,0.001,0.001,0.001,0.001,0.001,0.001,0.001,0.001,0.001,0.001,0.001,0.001,0.001,0.001,0.001,0.001,0.001,-0.209,-0.517,0.355,-0.75,0,0.237,0.358,0.266,1.028,0.846,0.724,0.182,0,0.361,0.548,0.475,0.381,0.365,0.574,0.495,0.261,0,0.396,0.508,0.221,0.057,0.002,0.53,0.86,0.372,0.198,0.002,0.002,0.039,0.002,0.001,0.344,0.652,0.204,0.099,0.001,0.158,0.415,0.675,0.398,0.012,0.114,0.006,0.001,0.045,13.37
10:09.9,13564,0.529,0.628,0.266,0.505,0.405,0.299,0.662,0.556,0.631,0.735,-0.196,-0.149,-0.046,0.171,0.722,0.668,-0.565,-0.528,-0.441,-0.455,0.196,0.617,0.031,0.761,0.001,0.001,0.001,0.001,0.001,0.001,0.001,0.001,0.001,0.001,0.001,0.001,0.001,0.001,0.001,0.001,0.001,0.001,0.001,0.001,0.001,0.001,0.001,0.001,0.001,0.001,0.001,0.001,0.001,0.001,0.001,0.001,0.001,0.001,0.001,0.001,0.001,0.001,0.001,0.001,0.001,0.001,0.001,0.001,0.001,-0.209,-0.517,0.355,-0.75,0,0.237,0.358,0.266,1.028,0.846,0.724,0.182,0,0.361,0.548,0.475,0.381,0.365,0.574,0.495,0.261,0,0.396,0.508,0.221,0.057,0.002,0.53,0.86,0.372,0.198,0.002,0.002,0.039,0.002,0.001,0.344,0.652,0.204,0.099,0.001,0.158,0.415,0.675,0.398,0.012,0.114,0.006,0.001,0.045,13.37
10:09.9,13565,0.53,0.627,0.268,0.504,0.396,0.305,0.657,0.563,0.632,0.735,-0.198,-0.146,-0.048,0.17,0.723,0.668,-0.565,-0.527,-0.442,-0.455,0.19,0.606,0.07,0.769,0.001,0.001,0.001,0.001,0.001,0.001,0.001,0.001,0.001,0,0.001,0.001,0.001,0.001,0.001,0.001,0.001,0.001,0.001,0.001,0.001,0.001,0.001,0.001,0.001,0.001,0.001,0.001,0.001,0.001,0.001,0.001,0.001,0.001,0.001,0.001,0.001,0.001,0.001,0.001,0.001,0.001,0.001,0.001,0.001,-0.262,-0.495,0.388,-0.732,0,0.204,0.346,0.258,1.023,0.851,0.725,0.182,0,0.353,0.543,0.451,0.382,0.368,0.574,0.497,0.261,0,0.379,0.481,0.215,0.05,0.002,0.531,0.857,0.374,0.198,0.001,0.002,0.032,0.002,0.001,0.349,0.654,0.211,0.103,0.001,0.16,0.413,0.685,0.416,0.013,0.114,0.005,0.001,0.044,13.268
10:09.9,13566,0.531,0.626,0.271,0.502,0.388,0.313,0.652,0.571,0.633,0.734,-0.2,-0.143,-0.049,0.168,0.723,0.668,-0.565,-0.526,-0.443,-0.456,0.184,0.596,0.102,0.775,0,0.001,0.001,0.001,0.001,0.001,0.001,0.001,0.001,0.001,0.001,0.001,0.001,0.001,0.001,0.001,0.001,0.001,0.001,0.001,0.001,0.001,0.001,0.001,0.001,0.001,0.001,0.001,0.001,0.001,0.001,0.001,0.001,0.001,0.001,0.001,0.001,0.001,0.001,0.001,0.001,0.001,0.001,0.001,0.001,-0.27,-0.491,0.393,-0.729,0,0,0.001,0.006,0.812,0.846,0.736,0.236,0,0,0.134,0.088,0.142,0.371,0.613,0.535,0.216,0,0.009,0,0,0.001,0.004,0.582,0.842,0.468,0.205,0,0,0,0.001,0.002,0.37,0.657,0.43,0.25,0.001,0.179,0.426,0.895,0.65,0.007,0.115,0.042,0,0.044,10.872
10:09.9,13567,0.531,0.626,0.274,0.501,0.381,0.321,0.647,0.578,0.633,0.734,-0.202,-0.139,-0.05,0.168,0.723,0.668,-0.564,-0.525,-0.444,-0.457,0.225,0.583,0.091,0.775,0.001,0.001,0.001,0.001,0.001,0.001,0.001,0.001,0.001,0.001,0.001,0.001,0.001,0.001,0.001,0.001,0.001,0.001,0.001,0.001,0.001,0.001,0.001,0.001,0.001,0.001,0.001,0.001,0.001,0.001,0.001,0.001,0.001,0.001,0.001,0.001,0.001,0.001,0.001,0.013,0.001,0.001,0.001,0.001,0.001,-0.274,-0.49,0.395,-0.727,0,0.001,0.001,0.001,0.759,0.821,0.741,0.241,0,0,0.072,0.053,0.101,0.35,0.619,0.54,0.216,0,0,0,0.001,0.001,0.002,0.59,0.842,0.475,0.208,0.001,0.001,0.001,0.001,0.002,0.366,0.652,0.446,0.272,0.002,0.179,0.429,0.912,0.679,0.005,0.115,0.06,0.001,0.057,10.759
10:09.9,13568,0.532,0.625,0.277,0.499,0.372,0.33,0.64,0.585,0.634,0.734,-0.204,-0.135,-0.052,0.167,0.724,0.668,-0.564,-0.523,-0.445,-0.458,0.253,0.574,0.084,0.774,0.001,0.001,0.001,0.001,0.001,0.001,0.001,0.001,0.001,0.001,0.001,0.001,0.001,0.001,0.001,0.001,0.001,0.001,0.001,0.001,0.001,0.001,0.001,0.001,0.001,0,0.001,0.001,0.001,0.001,0.001,0.001,0.001,0.001,0.001,0.001,0.001,0.001,0.001,0.022,0.001,0.001,0.001,0.001,0.001,-0.278,-0.489,0.397,-0.725,0,0,0,0.001,0.713,0.788,0.741,0.245,0.001,0,0.042,0.028,0.081,0.335,0.624,0.543,0.211,0,0,0.001,0,0.001,0.002,0.592,0.841,0.476,0.21,0.001,0.001,0,0.001,0.002,0.363,0.65,0.457,0.284,0.001,0.178,0.431,0.932,0.703,0.004,0.115,0.07,0,0.065,10.669
10:09.9,13569,0.533,0.624,0.281,0.497,0.363,0.341,0.634,0.592,0.634,0.733,-0.206,-0.132,-0.054,0.166,0.724,0.667,-0.564,-0.522,-0.446,-0.46,0.281,0.565,0.079,0.772,0.001,0.001,0.001,0.001,0.001,0.001,0.001,0.001,0.001,0.001,0.001,0.001,0.001,0.001,0.001,0.001,0.001,0.001,0.001,0.001,0.001,0.001,0.001,0.001,0.001,0.001,0.001,0.001,0.001,0.001,0.001,0.001,0.001,0.001,0.001,0.001,0.001,0.001,0.001,0.053,0.001,0.001,0.001,0.001,0.001,-0.278,-0.489,0.397,-0.725,0,0,0,0.001,0.713,0.788,0.741,0.245,0.001,0,0.042,0.028,0.081,0.335,0.624,0.543,0.211,0,0,0.001,0,0.001,0.002,0.592,0.841,0.476,0.21,0.001,0.001,0,0.001,0.002,0.363,0.65,0.457,0.284,0.001,0.178,0.431,0.932,0.703,0.004,0.115,0.07,0,0.097,10.669
10:09.9,13570,0.535,0.624,0.284,0.494,0.352,0.351,0.627,0.599,0.635,0.733,-0.207,-0.128,-0.057,0.166,0.725,0.666,-0.563,-0.52,-0.447,-0.461,0.299,0.559,0.079,0.769,0.001,0.001,0.001,0.001,0.001,0.001,0.001,0.001,0.001,0.001,0.001,0.001,0.001,0.001,0.001,0.001,0.001,0.001,0.001,0.001,0.001,0.001,0.001,0.001,0.001,0.001,0.001,0.001,0.001,0.001,0.001,0.001,0.001,0.001,0.001,0.007,0.001,0.001,0,0.065,0.001,0.001,0.001,0.001,0.001,-0.278,-0.489,0.397,-0.725,0,0,0,0.001,0.713,0.788,0.741,0.245,0.001,0,0.042,0.028,0.081,0.335,0.624,0.543,0.211,0,0,0.001,0,0.001,0.002,0.592,0.841,0.476,0.21,0.001,0.001,0,0.001,0.002,0.363,0.65,0.457,0.284,0.001,0.178,0.431,0.932,0.703,0.004,0.115,0.07,0,0.114,10.669
10:10.0,13571,0.536,0.623,0.286,0.492,0.34,0.362,0.62,0.607,0.635,0.733,-0.209,-0.125,-0.06,0.165,0.725,0.666,-0.562,-0.519,-0.448,-0.463,0.315,0.552,0.086,0.767,0.001,0.001,0.001,0.001,0.001,0.001,0.001,0.001,0.001,0.001,0.001,0.001,0.001,0.001,0.001,0.001,0.001,0,0.001,0.001,0.001,0.001,0.001,0.001,0.001,0.001,0.001,0.001,0.001,0.001,0.001,0.001,0.001,0.001,0.001,0.007,0.001,0.001,0.001,0.088,0.001,0.001,0.001,0.001,0.001,-0.278,-0.489,0.397,-0.725,0,0,0,0.001,0.713,0.788,0.741,0.245,0.001,0,0.042,0.028,0.081,0.335,0.624,0.543,0.211,0,0,0.001,0,0.001,0.002,0.592,0.841,0.476,0.21,0.001,0.001,0,0.001,0.002,0.363,0.65,0.457,0.284,0.001,0.178,0.431,0.932,0.703,0.004,0.115,0.07,0,0.137,10.669
10:10.0,13572,0.537,0.623,0.289,0.49,0.327,0.374,0.613,0.615,0.635,0.733,-0.211,-0.123,-0.063,0.165,0.725,0.665,-0.562,-0.517,-0.448,-0.465,0.321,0.549,0.094,0.766,0.001,0.001,0.001,0.001,0.001,0.001,0.001,0.001,0.001,0.001,0.001,0.001,0.001,0.001,0.001,0.001,0.001,0.001,0.001,0.001,0.001,0.001,0.001,0.001,0.001,0.001,0.001,0.001,0.001,0.001,0.001,0.001,0.001,0.001,0,0.005,0.001,0.001,0.001,0.11,0.001,0.001,0.001,0.001,0.001,-0.278,-0.489,0.397,-0.725,0,0,0,0.001,0.713,0.788,0.741,0.245,0.001,0,0.042,0.028,0.081,0.335,0.624,0.543,0.211,0,0,0.001,0,0.001,0.002,0.592,0.841,0.476,0.21,0.001,0.001,0,0.001,0.002,0.363,0.65,0.457,0.284,0.001,0.178,0.431,0.932,0.703,0.004,0.115,0.07,0,0.157,10.669
10:10.0,13573,0.538,0.623,0.291,0.487,0.313,0.384,0.605,0.623,0.635,0.733,-0.212,-0.12,-0.068,0.164,0.725,0.665,-0.562,-0.515,-0.448,-0.468,0.323,0.545,0.108,0.766,0.001,0.001,0.001,0.001,0.001,0.001,0.001,0.001,0.001,0.001,0.001,0,0.001,0.001,0.001,0.001,0.001,0.001,0.001,0.001,0.001,0.001,0.001,0.001,0.001,0.001,0.001,0.001,0.001,0.001,0.001,0.001,0.001,0.001,0.001,0.006,0.001,0.001,0.001,0.123,0.001,0.001,0.001,0.001,0.001,-0.278,-0.489,0.397,-0.725,0,0,0,0.001,0.713,0.788,0.741,0.245,0.001,0,0.042,0.028,0.081,0.335,0.624,0.543,0.211,0,0,0.001,0,0.001,0.002,0.592,0.841,0.476,0.21,0.001,0.001,0,0.001,0.002,0.363,0.65,0.457,0.284,0.001,0.178,0.431,0.932,0.703,0.004,0.115,0.07,0,0.171,10.669
10:10.0,13574,0.54,0.623,0.292,0.485,0.3,0.395,0.598,0.63,0.635,0.733,-0.214,-0.117,-0.072,0.163,0.725,0.665,-0.562,-0.513,-0.448,-0.47,0.323,0.545,0.108,0.766,0.001,0.001,0.001,0.001,0.001,0.001,0.001,0.001,0.001,0.001,0.001,0,0.001,0.001,0.001,0.001,0.001,0.001,0.001,0.001,0.001,0.001,0.001,0.001,0.001,0.001,0.001,0.001,0.001,0.001,0.001,0.001,0.001,0.001,0.001,0.006,0.001,0.001,0.001,0.123,0.001,0.001,0.001,0.001,0.001,-0.278,-0.489,0.397,-0.725,0,0,0,0.001,0.713,0.788,0.741,0.245,0.001,0,0.042,0.028,0.081,0.335,0.624,0.543,0.211,0,0,0.001,0,0.001,0.002,0.592,0.841,0.476,0.21,0.001,0.001,0,0.001,0.002,0.363,0.65,0.457,0.284,0.001,0.178,0.431,0.932,0.703,0.004,0.115,0.07,0,0.171,10.669
10:10.0,13575,0.541,0.622,0.293,0.483,0.287,0.405,0.59,0.636,0.636,0.732,-0.215,-0.115,-0.077,0.162,0.724,0.666,-0.562,-0.51,-0.447,-0.473,0.323,0.545,0.108,0.766,0.001,0.001,0.001,0.001,0.001,0.001,0.001,0.001,0.001,0.001,0.001,0,0.001,0.001,0.001,0.001,0.001,0.001,0.001,0.001,0.001,0.001,0.001,0.001,0.001,0.001,0.001,0.001,0.001,0.001,0.001,0.001,0.001,0.001,0.001,0.006,0.001,0.001,0.001,0.123,0.001,0.001,0.001,0.001,0.001,-0.308,-0.472,0.423,-0.709,0,0,0.001,0,0.683,0.779,0.741,0.249,0,0,0.026,0.016,0.081,0.336,0.626,0.545,0.216,0,0,0,0.001,0.001,0.002,0.595,0.84,0.476,0.214,0.001,0,0,0.001,0.002,0.361,0.648,0.463,0.292,0.001,0.176,0.431,0.939,0.705,0.004,0.114,0.068,0,0.171,10.634
10:10.0,13576,0.542,0.622,0.294,0.481,0.277,0.414,0.583,0.642,0.636,0.732,-0.216,-0.113,-0.081,0.161,0.723,0.667,-0.563,-0.507,-0.446,-0.476,0.323,0.545,0.108,0.766,0.001,0.001,0.001,0.001,0.001,0.001,0.001,0.001,0.001,0.001,0.001,0,0.001,0.001,0.001,0.001,0.001,0.001,0.001,0.001,0.001,0.001,0.001,0.001,0.001,0.001,0.001,0.001,0.001,0.001,0.001,0.001,0.001,0.001,0.001,0.006,0.001,0.001,0.001,0.123,0.001,0.001,0.001,0.001,0.001,-0.308,-0.472,0.423,-0.709,0,0,0.001,0,0.683,0.779,0.741,0.249,0,0,0.026,0.016,0.081,0.336,0.626,0.545,0.216,0,0,0,0.001,0.001,0.002,0.595,0.84,0.476,0.214,0.001,0,0,0.001,0.002,0.361,0.648,0.463,0.292,0.001,0.176,0.431,0.939,0.705,0.004,0.114,0.068,0,0.171,10.634
10:10.0,13577,0.543,0.622,0.295,0.48,0.268,0.424,0.575,0.646,0.637,0.731,-0.218,-0.111,-0.085,0.159,0.722,0.668,-0.564,-0.505,-0.445,-0.479,0.323,0.545,0.108,0.766,0.001,0.001,0.001,0.001,0.001,0.001,0.001,0.001,0.001,0.001,0.001,0,0.001,0.001,0.001,0.001,0.001,0.001,0.001,0.001,0.001,0.001,0.001,0.001,0.001,0.001,0.001,0.001,0.001,0.001,0.001,0.001,0.001,0.001,0.001,0.006,0.001,0.001,0.001,0.123,0.001,0.001,0.001,0.001,0.001,-0.313,-0.467,0.432,-0.705,0,0.001,0,0.001,0.199,0.383,0.822,0.263,0,0,0.001,0.001,0.006,0.042,0.711,0.607,0.183,0,0,0,0,0.001,0,0.608,0.875,0.44,0.271,0,0.001,0,0,0,0.265,0.615,0.596,0.623,0,0.071,0.386,1.066,0.977,0.002,0.094,0.155,0.105,0.171,10.371
10:10.0,13578,0.542,0.623,0.297,0.48,0.259,0.433,0.568,0.65,0.638,0.731,-0.218,-0.108,-0.087,0.158,0.72,0.67,-0.565,-0.501,-0.444,-0.482,0.323,0.545,0.108,0.766,0.001,0.001,0.001,0.001,0.001,0.001,0.001,0.001,0.001,0.001,0.001,0,0.001,0.001,0.001,0.001,0.001,0.001,0.001,0.001,0.001,0.001,0.001,0.001,0.001,0.001,0.001,0.001,0.001,0.001,0.001,0.001,0.001,0.001,0.001,0.006,0.001,0.001,0.001,0.123,0.001,0.001,0.001,0.001,0.001,-0.313,-0.466,0.434,-0.704,0,0,0,0,0.15,0.364,0.838,0.269,0,0,0,0.001,0.001,0.037,0.718,0.614,0.186,0,0.001,0,0,0,0,0.603,0.874,0.443,0.294,0.001,0.001,0.001,0.001,0.001,0.242,0.608,0.613,0.64,0,0.066,0.388,1.062,0.996,0.002,0.093,0.16,0.117,0.171,10.385
10:10.0,13579,0.542,0.623,0.298,0.48,0.251,0.44,0.561,0.654,0.639,0.73,-0.219,-0.106,-0.088,0.156,0.719,0.671,-0.566,-0.498,-0.443,-0.485,0.323,0.545,0.108,0.766,0.001,0.001,0.001,0.001,0.001,0.001,0.001,0.001,0.001,0.001,0.001,0,0.001,0.001,0.001,0.001,0.001,0.001,0.001,0.001,0.001,0.001,0.001,0.001,0.001,0.001,0.001,0.001,0.001,0.001,0.001,0.001,0.001,0.001,0.001,0.006,0.001,0.001,0.001,0.123,0.001,0.001,0.001,0.001,0.001,-0.312,-0.467,0.438,-0.702,0.001,0.001,0.001,0.001,0.123,0.305,0.858,0.274,0,0.001,0.001,0.001,0.001,0.029,0.723,0.615,0.19,0.001,0,0,0.001,0.001,0,0.592,0.871,0.444,0.314,0,0,0.001,0,0.001,0.22,0.596,0.63,0.672,0,0.062,0.388,1.057,1.009,0.002,0.099,0.166,0.122,0.171,10.374
10:10.0,13580,0.541,0.623,0.299,0.479,0.243,0.447,0.555,0.658,0.64,0.729,-0.219,-0.104,-0.087,0.156,0.718,0.672,-0.566,-0.496,-0.442,-0.488,0.257,0.519,0.284,0.764,0.001,0.001,0.001,0.001,0.001,0.001,0.001,0.001,0.001,0.001,0.001,0.001,0.001,0.001,0.001,0.001,0.001,0.001,0.001,0.001,0.001,0.001,0.001,0.001,0.001,0.001,0.001,0.001,0.001,0.001,0.001,0.001,0.001,0.001,0.001,0.006,0.001,0.001,0.001,0.121,0.001,0.001,0.001,0.001,0.001,-0.31,-0.467,0.44,-0.701,0,0.001,0.001,0.001,0.084,0.267,0.869,0.278,0,0.001,0,0,0,0.007,0.731,0.614,0.189,0.001,0.001,0.001,0,0.001,0.001,0.576,0.867,0.446,0.322,0,0,0,0.001,0,0.197,0.587,0.642,0.696,0.001,0.061,0.396,1.06,1.032,0.005,0.103,0.17,0.132,0.17,10.342
10:10.1,13581,0.541,0.624,0.299,0.479,0.234,0.451,0.551,0.662,0.641,0.729,-0.218,-0.103,-0.086,0.156,0.718,0.673,-0.565,-0.494,-0.442,-0.491,0.241,0.52,0.31,0.758,0.001,0.001,0.001,0.001,0.001,0.001,0.001,0.001,0.001,0.001,0.001,0.001,0.001,0.001,0.001,0.001,0.001,0,0.001,0.001,0.001,0.001,0.001,0.001,0.001,0.001,0.001,0.001,0.001,0.001,0.001,0.001,0.001,0.001,0.001,0.023,0.001,0.001,0.001,0.256,0.001,0.001,0.001,0.022,0.001,-0.308,-0.469,0.445,-0.698,0,0,0,0,0.024,0.22,0.869,0.28,0.001,0.001,0.001,0,0,0.001,0.735,0.615,0.184,0,0,0.001,0,0,0,0.568,0.863,0.451,0.336,0,0,0.001,0,0.001,0.181,0.58,0.65,0.719,0.001,0.057,0.403,1.066,1.049,0.005,0.11,0.176,0.148,0.342,10.297
10:10.1,13582,0.54,0.625,0.299,0.478,0.228,0.453,0.549,0.665,0.642,0.729,-0.216,-0.102,-0.086,0.157,0.717,0.673,-0.564,-0.492,-0.442,-0.493,0.221,0.524,0.338,0.75,0.001,0.001,0.001,0.001,0.001,0.001,0.001,0.001,0.001,0.001,0.001,0.001,0.001,0.001,0.001,0.001,0.001,0.001,0.001,0.001,0.001,0.001,0.001,0.001,0.001,0.001,0.001,0.001,0.001,0.001,0.001,0.001,0.001,0.001,0.001,0.022,0.001,0.001,0.001,0.266,0.001,0.001,0.001,0.022,0.001,-0.307,-0.469,0.449,-0.696,0,0,0.001,0,0.001,0.177,0.877,0.278,0,0.001,0,0.001,0.001,0,0.734,0.612,0.181,0.001,0.001,0,0,0,0.001,0.547,0.861,0.438,0.341,0,0.001,0.001,0,0.001,0.162,0.576,0.668,0.747,0,0.059,0.413,1.072,1.068,0.004,0.116,0.184,0.158,0.352,10.284
10:10.1,13583,0.538,0.627,0.298,0.478,0.224,0.454,0.549,0.666,0.642,0.729,-0.214,-0.102,-0.086,0.159,0.717,0.673,-0.564,-0.491,-0.443,-0.496,0.205,0.527,0.356,0.744,0.001,0.001,0.001,0.001,0.001,0.001,0.001,0.001,0.001,0.001,0.001,0.001,0.001,0.001,0.001,0.001,0.001,0.001,0.001,0.001,0.001,0.001,0.001,0.001,0.001,0.001,0.001,0.001,0.001,0.001,0.001,0.001,0.001,0.001,0.001,0.023,0.001,0.001,0.001,0.265,0.001,0.001,0.001,0.022,0,-0.307,-0.469,0.449,-0.696,0,0,0.001,0,0.001,0.177,0.877,0.278,0,0.001,0,0.001,0.001,0,0.734,0.612,0.181,0.001,0.001,0,0,0,0.001,0.547,0.861,0.438,0.341,0,0.001,0.001,0,0.001,0.162,0.576,0.668,0.747,0,0.059,0.413,1.072,1.068,0.004,0.116,0.184,0.158,0.351,10.284
10:10.1,13584,0.535,0.63,0.295,0.48,0.221,0.453,0.551,0.665,0.642,0.729,-0.213,-0.103,-0.088,0.162,0.716,0.673,-0.563,-0.489,-0.443,-0.497,0.186,0.529,0.371,0.74,0,0.001,0.001,0.001,0.001,0.001,0.001,0.001,0.001,0.001,0.001,0.001,0.001,0.001,0.001,0.001,0.001,0.001,0.001,0.001,0.001,0.001,0.001,0.001,0.001,0.001,0.001,0.001,0.001,0.001,0.001,0.001,0.001,0.001,0.001,0.023,0.001,0.001,0.001,0.265,0.001,0.001,0.001,0.021,0.001,-0.307,-0.469,0.449,-0.696,0,0,0.001,0,0.001,0.177,0.877,0.278,0,0.001,0,0.001,0.001,0,0.734,0.612,0.181,0.001,0.001,0,0,0,0.001,0.547,0.861,0.438,0.341,0,0.001,0.001,0,0.001,0.162,0.576,0.668,0.747,0,0.059,0.413,1.072,1.068,0.004,0.116,0.184,0.158,0.35,10.284
10:10.1,13585,0.53,0.633,0.291,0.485,0.221,0.45,0.556,0.664,0.642,0.73,-0.211,-0.104,-0.091,0.164,0.715,0.673,-0.562,-0.488,-0.444,-0.498,0.159,0.533,0.388,0.734,0.001,0.001,0.001,0.001,0.001,0.001,0.001,0.001,0.001,0.001,0.001,0.001,0.001,0.001,0.001,0.001,0.001,0.001,0.001,0.001,0.001,0.001,0.001,0.001,0.001,0.001,0.001,0.001,0.001,0.001,0.001,0.001,0.001,0.001,0.001,0.013,0.001,0.001,0.001,0.245,0.001,0.001,0.001,0.021,0.001,-0.307,-0.469,0.449,-0.696,0,0,0.001,0,0.001,0.177,0.877,0.278,0,0.001,0,0.001,0.001,0,0.734,0.612,0.181,0.001,0.001,0,0,0,0.001,0.547,0.861,0.438,0.341,0,0.001,0.001,0,0.001,0.162,0.576,0.668,0.747,0,0.059,0.413,1.072,1.068,0.004,0.116,0.184,0.158,0.321,10.284
10:10.1,13586,0.523,0.636,0.287,0.491,0.222,0.445,0.562,0.661,0.641,0.731,-0.209,-0.105,-0.094,0.167,0.714,0.673,-0.562,-0.486,-0.445,-0.5,0.138,0.54,0.4,0.728,0.001,0.001,0.001,0.001,0.001,0.001,0,0,0.001,0.001,0.013,0.001,0.001,0.001,0.001,0.001,0.001,0.001,0.001,0.001,0.001,0.001,0.001,0.001,0.001,0.001,0.001,0.001,0.001,0.001,0.001,0.001,0.001,0.001,0.001,0.015,0.001,0.001,0.001,0.22,0.001,0.001,0.001,0.001,0.001,-0.307,-0.469,0.449,-0.696,0,0,0.001,0,0.001,0.177,0.877,0.278,0,0.001,0,0.001,0.001,0,0.734,0.612,0.181,0.001,0.001,0,0,0,0.001,0.547,0.861,0.438,0.341,0,0.001,0.001,0,0.001,0.162,0.576,0.668,0.747,0,0.059,0.413,1.072,1.068,0.004,0.116,0.184,0.158,0.288,10.284
10:10.1,13587,0.515,0.639,0.283,0.497,0.224,0.438,0.57,0.658,0.641,0.731,-0.208,-0.107,-0.097,0.17,0.713,0.674,-0.562,-0.484,-0.445,-0.501,0.107,0.552,0.415,0.715,0.001,0.001,0.001,0.001,0.001,0.001,0.001,0.001,0.001,0.07,0.094,0.001,0.001,0.001,0.001,0.001,0.001,0.001,0.001,0.001,0.001,0.001,0.001,0.001,0.001,0.001,0.001,0.001,0.001,0.001,0.001,0.001,0.001,0.001,0.001,0.002,0.001,0.001,0.001,0.153,0.001,0.001,0.001,0.001,0.001,-0.307,-0.469,0.449,-0.696,0,0,0.001,0,0.001,0.177,0.877,0.278,0,0.001,0,0.001,0.001,0,0.734,0.612,0.181,0.001,0.001,0,0,0,0.001,0.547,0.861,0.438,0.341,0,0.001,0.001,0,0.001,0.162,0.576,0.668,0.747,0,0.059,0.413,1.072,1.068,0.004,0.116,0.184,0.158,0.36,10.284
10:10.1,13588,0.507,0.642,0.279,0.504,0.227,0.428,0.578,0.656,0.64,0.732,-0.206,-0.109,-0.101,0.173,0.711,0.674,-0.562,-0.482,-0.445,-0.504,0.078,0.569,0.428,0.698,0.071,0.165,0.001,0.001,0.001,0.001,0.001,0.001,0.001,0.361,0.139,0.001,0.001,0.001,0.001,0.001,0.001,0.001,0.001,0.001,0.001,0.001,0.001,0.001,0.001,0.001,0.001,0.001,0.001,0.001,0.001,0.001,0.001,0.004,0.001,0.001,0.001,0.001,0.001,0.101,0.001,0.001,0.001,0.001,0.001,-0.307,-0.469,0.449,-0.696,0,0,0.001,0,0.001,0.177,0.877,0.278,0,0.001,0,0.001,0.001,0,0.734,0.612,0.181,0.001,0.001,0,0,0,0.001,0.547,0.861,0.438,0.341,0,0.001,0.001,0,0.001,0.162,0.576,0.668,0.747,0,0.059,0.413,1.072,1.068,0.004,0.116,0.184,0.158,0.88,10.284
10:10.1,13589,0.499,0.645,0.276,0.509,0.229,0.417,0.588,0.654,0.639,0.733,-0.205,-0.11,-0.105,0.176,0.709,0.675,-0.562,-0.479,-0.445,-0.507,0.078,0.569,0.428,0.698,0.071,0.165,0.001,0.001,0.001,0.001,0.001,0.001,0.001,0.361,0.139,0.001,0.001,0.001,0.001,0.001,0.001,0.001,0.001,0.001,0.001,0.001,0.001,0.001,0.001,0.001,0.001,0.001,0.001,0.001,0.001,0.001,0.001,0.004,0.001,0.001,0.001,0.001,0.001,0.101,0.001,0.001,0.001,0.001,0.001,-0.301,-0.466,0.494,-0.67,0,0.001,0,0,0.001,0.151,0.879,0.276,0,0.001,0,0,0.001,0.001,0.731,0.609,0.186,0,0,0,0.001,0,0.001,0.541,0.862,0.435,0.337,0.001,0.001,0.001,0.001,0.001,0.158,0.574,0.67,0.752,0.001,0.059,0.415,1.076,1.088,0.005,0.118,0.188,0.162,0.88,10.285
10:10.1,13590,0.493,0.648,0.274,0.513,0.233,0.406,0.597,0.652,0.639,0.734,-0.202,-0.112,-0.11,0.179,0.706,0.676,-0.562,-0.476,-0.445,-0.51,0.078,0.569,0.428,0.698,0.071,0.165,0.001,0.001,0.001,0.001,0.001,0.001,0.001,0.361,0.139,0.001,0.001,0.001,0.001,0.001,0.001,0.001,0.001,0.001,0.001,0.001,0.001,0.001,0.001,0.001,0.001,0.001,0.001,0.001,0.001,0.001,0.001,0.004,0.001,0.001,0.001,0.001,0.001,0.101,0.001,0.001,0.001,0.001,0.001,-0.301,-0.463,0.498,-0.668,0,0,0.001,0.001,0,0,0.739,0.226,0,0,0.001,0.001,0,0.02,0.463,0.543,0.171,0,0,0,0,0.001,0.001,0.264,0.821,0.353,0.413,0,0,0,0.001,0,0.122,0.558,0.741,0.827,0.001,0.177,0.525,1.172,1.14,0.044,0.159,0.173,0.176,0.88,9.835
10:10.2,13591,0.488,0.65,0.273,0.515,0.238,0.398,0.602,0.65,0.639,0.734,-0.199,-0.112,-0.116,0.182,0.704,0.677,-0.562,-0.472,-0.444,-0.514,0.078,0.569,0.428,0.698,0.071,0.165,0.001,0.001,0.001,0.001,0.001,0.001,0.001,0.361,0.139,0.001,0.001,0.001,0.001,0.001,0.001,0.001,0.001,0.001,0.001,0.001,0.001,0.001,0.001,0.001,0.001,0.001,0.001,0.001,0.001,0.001,0.001,0.004,0.001,0.001,0.001,0.001,0.001,0.101,0.001,0.001,0.001,0.001,0.001,-0.298,-0.461,0.502,-0.668,0.001,0,0,0.002,0,0,0.665,0.2,0,0.001,0.001,0,0.001,0.001,0.425,0.536,0.177,0,0.001,0.001,0,0,0,0.232,0.816,0.344,0.427,0,0.001,0,0,0.001,0.147,0.569,0.757,0.832,0,0.208,0.543,1.173,1.137,0.063,0.158,0.16,0.159,0.88,9.739
10:10.2,13592,0.484,0.651,0.275,0.516,0.244,0.396,0.601,0.65,0.639,0.735,-0.196,-0.113,-0.123,0.184,0.701,0.678,-0.561,-0.468,-0.444,-0.518,0.078,0.569,0.428,0.698,0.071,0.165,0.001,0.001,0.001,0.001,0.001,0.001,0.001,0.361,0.139,0.001,0.001,0.001,0.001,0.001,0.001,0.001,0.001,0.001,0.001,0.001,0.001,0.001,0.001,0.001,0.001,0.001,0.001,0.001,0.001,0.001,0.001,0.004,0.001,0.001,0.001,0.001,0.001,0.101,0.001,0.001,0.001,0.001,0.001,-0.295,-0.459,0.505,-0.669,0,0,0.001,0.021,0.001,0,0.58,0.164,0,0.001,0.001,0,0,0.001,0.392,0.519,0.178,0.001,0.001,0.001,0.001,0,0,0.216,0.819,0.343,0.443,0.001,0,0,0,0,0.179,0.573,0.762,0.838,0,0.264,0.562,1.178,1.134,0.079,0.156,0.14,0.133,0.88,9.683
10:10.2,13593,0.483,0.65,0.281,0.515,0.246,0.396,0.598,0.652,0.639,0.736,-0.191,-0.115,-0.13,0.185,0.698,0.68,-0.561,-0.465,-0.445,-0.522,0.078,0.569,0.428,0.698,0.071,0.165,0.001,0.001,0.001,0.001,0.001,0.001,0.001,0.361,0.139,0.001,0.001,0.001,0.001,0.001,0.001,0.001,0.001,0.001,0.001,0.001,0.001,0.001,0.001,0.001,0.001,0.001,0.001,0.001,0.001,0.001,0.001,0.004,0.001,0.001,0.001,0.001,0.001,0.101,0.001,0.001,0.001,0.001,0.001,-0.294,-0.452,0.512,-0.668,0,0.001,0,0.033,0,0,0.484,0.132,0,0.001,0.001,0,0.001,0.001,0.36,0.484,0.187,0,0.001,0,0,0,0.001,0.201,0.803,0.33,0.464,0,0.001,0.001,0,0,0.227,0.578,0.788,0.86,0,0.299,0.59,1.168,1.099,0.098,0.151,0.116,0.093,0.88,9.554
10:10.2,13594,0.484,0.649,0.288,0.512,0.246,0.392,0.599,0.654,0.639,0.737,-0.186,-0.118,-0.137,0.185,0.695,0.681,-0.559,-0.461,-0.446,-0.525,-0.057,0.674,0.376,0.634,0.071,0.165,0.001,0.001,0.001,0.001,0.001,0.001,0.001,0.361,0.139,0.001,0.001,0.001,0.001,0.001,0.001,0.001,0.001,0.001,0.001,0.001,0.001,0.001,0.001,0.001,0.001,0.001,0.001,0.001,0.001,0.001,0.001,0.004,0.001,0.001,0.001,0.001,0.001,0.101,0.001,0.001,0.001,0.001,0.001,-0.296,-0.442,0.521,-0.667,0,0.001,0.001,0.037,0.001,0,0.402,0.104,0,0,0.001,0.001,0.001,0.001,0.353,0.449,0.189,0,0,0.001,0,0.001,0,0.217,0.784,0.309,0.468,0,0,0,0.001,0.001,0.274,0.576,0.817,0.872,0,0.31,0.601,1.168,1.081,0.111,0.136,0.085,0.056,0.88,9.41
10:10.2,13595,0.488,0.647,0.293,0.506,0.244,0.384,0.603,0.655,0.639,0.738,-0.172,-0.121,-0.146,0.184,0.692,0.683,-0.558,-0.459,-0.449,-0.526,-0.08,0.682,0.369,0.626,1.354,0.99,0.84,0.001,0.017,0.001,0.001,0.001,0.253,1.023,0.871,0.039,0.001,0.001,0.021,0.001,0.001,0.005,0.62,0.492,0.001,0.001,0.001,0.001,0.034,0.001,0.001,0.001,0.001,0.001,0.001,0.001,0.001,0.001,0.001,0.001,0.001,0.001,0.001,0.001,0.001,0.001,0.001,0.001,0.001,-0.3,-0.423,0.536,-0.666,0,0,0.001,0.038,0,0.001,0.321,0.074,0,0,0,0.001,0.001,0,0.327,0.416,0.17,0,0.001,0.001,0.001,0,0,0.214,0.746,0.288,0.501,0.001,0,0,0,0,0.294,0.551,0.851,0.893,0.001,0.355,0.579,1.177,1.044,0.12,0.121,0.06,0.033,6.591,9.182
10:10.2,13596,0.493,0.647,0.295,0.501,0.244,0.372,0.609,0.656,0.641,0.738,-0.165,-0.126,-0.155,0.181,0.688,0.685,-0.556,-0.457,-0.453,-0.526,-0.098,0.688,0.363,0.62,1.343,0.994,0.88,0.001,0.032,0.001,0.001,0.001,0.184,1.016,0.884,0.115,0.001,0.001,0.032,0.001,0.001,0.005,0.636,0.576,0,0.001,0.001,0.001,0.035,0.001,0.001,0.001,0.004,0.001,0.001,0.001,0.001,0.001,0.001,0.001,0.001,0.001,0.001,0.001,0.001,0.001,0.001,0.001,0.001,-0.302,-0.406,0.548,-0.666,0,0,0,0.06,0.001,0.001,0.255,0.046,0,0.001,0.001,0,0,0.018,0.297,0.399,0.164,0,0.001,0,0.001,0.001,0,0.204,0.632,0.21,0.493,0.001,0,0,0,0,0.309,0.514,0.885,0.894,0,0.388,0.509,1.2,1.037,0.133,0.099,0.032,0.023,6.766,8.809
10:10.2,13597,0.498,0.647,0.293,0.498,0.242,0.358,0.616,0.659,0.643,0.737,-0.164,-0.13,-0.163,0.177,0.684,0.688,-0.554,-0.457,-0.457,-0.525,-0.121,0.693,0.357,0.614,1.287,1.012,0.913,0.062,0.061,0.001,0.001,0.001,0.126,1.018,0.918,0.193,0.001,0.001,0.05,0.001,0.001,0.005,0.619,0.59,0.001,0.001,0.001,0.001,0.037,0.001,0.001,0.001,0.012,0.001,0.001,0.001,0.001,0.001,0.001,0.001,0.001,0.001,0.001,0.001,0.001,0.001,0.001,0.001,0.001,-0.305,-0.383,0.563,-0.666,0.001,0,0.001,0.072,0,0.001,0.179,0.038,0,0,0,0.002,0,0.026,0.269,0.324,0.136,0,0,0,0.001,0.001,0,0.206,0.437,0.178,0.448,0.001,0,0.001,0.001,0,0.314,0.424,0.871,0.905,0,0.386,0.47,1.199,1.059,0.142,0.065,0.016,0.015,6.933,8.189
10:10.2,13598,0.499,0.646,0.292,0.498,0.24,0.342,0.623,0.661,0.645,0.736,-0.152,-0.135,-0.168,0.173,0.682,0.691,-0.552,-0.457,-0.461,-0.523,-0.134,0.697,0.345,0.614,1.222,1.032,0.934,0.208,0.112,0.001,0.001,0.001,0.081,1.02,0.933,0.305,0.001,0.001,0.062,0.001,0.001,0.004,0.598,0.607,0.013,0.001,0.001,0.001,0.034,0.001,0.001,0.002,0.023,0.001,0.001,0.001,0.006,0.001,0.001,0.001,0.001,0.001,0.001,0.001,0.001,0.001,0.001,0.001,0.001,-0.307,-0.346,0.589,-0.663,0,0.001,0,0.104,0.001,0,0.116,0.021,0,0.001,0,0.022,0.001,0.018,0.238,0.238,0.138,0.001,0,0,0,0,0.001,0.182,0.336,0.096,0.379,0.001,0,0.001,0,0,0.306,0.348,0.828,0.928,0,0.383,0.407,1.098,1.094,0.114,0.046,0.002,0.013,7.223,7.463
10:10.2,13599,0.496,0.645,0.293,0.502,0.238,0.325,0.632,0.661,0.647,0.736,-0.141,-0.141,-0.169,0.171,0.68,0.692,-0.551,-0.458,-0.465,-0.52,-0.149,0.702,0.331,0.613,1.154,1.051,0.945,0.399,0.186,0.001,0.006,0.001,0.042,1.01,0.946,0.372,0.012,0.001,0.354,0.001,0.001,0.004,0.584,0.634,0.088,0.001,0.001,0.413,0.327,0.001,0.001,0.002,0.027,0.001,0.001,0.001,0.042,0.001,0.001,0.001,0.001,0.001,0.001,0.001,0.001,0.001,0.001,0.001,0.001,-0.308,-0.315,0.607,-0.662,0,0.001,0.001,0.101,0.001,0,0.079,0.013,0,0,0,0.038,0.001,0.022,0.209,0.167,0.177,0.001,0,0.001,0,0,0,0.175,0.26,0.055,0.371,0,0.001,0.001,0.001,0,0.256,0.33,0.692,0.928,0.001,0.324,0.347,0.884,1.046,0.082,0.079,0.001,0.027,8.622,6.673
10:10.2,13600,0.492,0.643,0.298,0.506,0.24,0.31,0.644,0.657,0.649,0.735,-0.13,-0.147,-0.169,0.171,0.68,0.693,-0.548,-0.459,-0.47,-0.518,-0.149,0.702,0.331,0.613,1.154,1.051,0.945,0.399,0.186,0.001,0.006,0.001,0.042,1.01,0.946,0.372,0.012,0.001,0.354,0.001,0.001,0.004,0.584,0.634,0.088,0.001,0.001,0.413,0.327,0.001,0.001,0.002,0.027,0.001,0.001,0.001,0.042,0.001,0.001,0.001,0.001,0.001,0.001,0.001,0.001,0.001,0.001,0.001,0.001,-0.307,-0.265,0.631,-0.661,0,0,0,0.096,0.001,0,0.055,0.021,0,0,0.001,0.071,0,0.011,0.195,0.162,0.21,0,0,0,0.001,0,0,0.127,0.195,0.026,0.343,0.001,0.001,0.001,0,0.001,0.187,0.339,0.529,0.93,0,0.256,0.293,0.681,1.026,0.073,0.089,0.001,0.039,8.622,5.962
10:10.3,13601,0.49,0.64,0.307,0.506,0.243,0.297,0.658,0.648,0.652,0.733,-0.119,-0.152,-0.169,0.174,0.68,0.692,-0.545,-0.46,-0.474,-0.516,-0.149,0.702,0.331,0.613,1.154,1.051,0.945,0.399,0.186,0.001,0.006,0.001,0.042,1.01,0.946,0.372,0.012,0.001,0.354,0.001,0.001,0.004,0.584,0.634,0.088,0.001,0.001,0.413,0.327,0.001,0.001,0.002,0.027,0.001,0.001,0.001,0.042,0.001,0.001,0.001,0.001,0.001,0.001,0.001,0.001,0.001,0.001,0.001,0.001,-0.305,-0.227,0.646,-0.662,0.001,0.001,0,0.128,0,0.001,0.011,0.029,0.001,0.001,0.001,0.16,0,0.002,0.153,0.149,0.211,0.001,0.001,0.001,0.021,0,0,0.112,0.148,0.017,0.316,0,0.001,0.001,0,0.001,0.153,0.331,0.416,0.846,0,0.175,0.278,0.473,1.015,0.059,0.082,0.001,0.007,8.622,5.305
10:10.3,13602,0.495,0.635,0.318,0.5,0.25,0.288,0.671,0.636,0.654,0.732,-0.108,-0.156,-0.17,0.178,0.68,0.691,-0.542,-0.461,-0.478,-0.515,-0.149,0.702,0.331,0.613,1.154,1.051,0.945,0.399,0.186,0.001,0.006,0.001,0.042,1.01,0.946,0.372,0.012,0.001,0.354,0.001,0.001,0.004,0.584,0.634,0.088,0.001,0.001,0.413,0.327,0.001,0.001,0.002,0.027,0.001,0.001,0.001,0.042,0.001,0.001,0.001,0.001,0.001,0.001,0.001,0.001,0.001,0.001,0.001,0.001,-0.271,-0.22,0.633,-0.691,0,0.001,0.001,0.131,0.001,0.001,0.001,0.012,0,0,0,0.171,0.001,0.001,0.095,0.128,0.158,0,0,0,0.021,0,0,0.059,0.151,0.009,0.303,0,0,0.001,0,0.001,0.106,0.315,0.341,0.726,0,0.098,0.216,0.374,0.901,0.023,0.073,0,0.001,8.622,4.421
10:10.3,13603,0.503,0.631,0.33,0.487,0.261,0.281,0.679,0.626,0.655,0.732,-0.097,-0.159,-0.173,0.183,0.679,0.689,-0.539,-0.461,-0.481,-0.516,-0.149,0.702,0.331,0.613,1.154,1.051,0.945,0.399,0.186,0.001,0.006,0.001,0.042,1.01,0.946,0.372,0.012,0.001,0.354,0.001,0.001,0.004,0.584,0.634,0.088,0.001,0.001,0.413,0.327,0.001,0.001,0.002,0.027,0.001,0.001,0.001,0.042,0.001,0.001,0.001,0.001,0.001,0.001,0.001,0.001,0.001,0.001,0.001,0.001,-0.239,-0.215,0.623,-0.713,0,0.001,0.001,0.127,0,0.001,0.001,0.011,0,0.001,0,0.164,0.001,0,0.05,0.09,0.088,0,0.001,0.001,0.021,0,0,0.018,0.148,0.001,0.309,0,0,0.001,0.001,0,0.085,0.303,0.264,0.621,0.001,0.06,0.162,0.282,0.634,0,0.054,0,0.001,8.622,3.504
10:10.3,13604,0.511,0.631,0.342,0.472,0.275,0.276,0.684,0.617,0.656,0.733,-0.088,-0.161,-0.177,0.188,0.678,0.688,-0.535,-0.46,-0.484,-0.517,-0.149,0.702,0.331,0.613,1.154,1.051,0.945,0.399,0.186,0.001,0.006,0.001,0.042,1.01,0.946,0.372,0.012,0.001,0.354,0.001,0.001,0.004,0.584,0.634,0.088,0.001,0.001,0.413,0.327,0.001,0.001,0.002,0.027,0.001,0.001,0.001,0.042,0.001,0.001,0.001,0.001,0.001,0.001,0.001,0.001,0.001,0.001,0.001,0.001,-0.239,-0.215,0.623,-0.713,0,0.001,0.001,0.127,0,0.001,0.001,0.011,0,0.001,0,0.164,0.001,0,0.05,0.09,0.088,0,0.001,0.001,0.021,0,0,0.018,0.148,0.001,0.309,0,0,0.001,0.001,0,0.085,0.303,0.264,0.621,0.001,0.06,0.162,0.282,0.634,0,0.054,0,0.001,8.622,3.504
10:10.3,13605,0.515,0.632,0.354,0.458,0.292,0.273,0.686,0.607,0.656,0.734,-0.077,-0.161,-0.179,0.194,0.677,0.687,-0.531,-0.46,-0.487,-0.519,-0.149,0.702,0.331,0.613,1.154,1.051,0.945,0.399,0.186,0.001,0.006,0.001,0.042,1.01,0.946,0.372,0.012,0.001,0.354,0.001,0.001,0.004,0.584,0.634,0.088,0.001,0.001,0.413,0.327,0.001,0.001,0.002,0.027,0.001,0.001,0.001,0.042,0.001,0.001,0.001,0.001,0.001,0.001,0.001,0.001,0.001,0.001,0.001,0.001,-0.239,-0.215,0.623,-0.713,0,0.001,0.001,0.127,0,0.001,0.001,0.011,0,0.001,0,0.164,0.001,0,0.05,0.09,0.088,0,0.001,0.001,0.021,0,0,0.018,0.148,0.001,0.309,0,0,0.001,0.001,0,0.085,0.303,0.264,0.621,0.001,0.06,0.162,0.282,0.634,0,0.054,0,0.001,8.622,3.504
10:10.3,13606,0.516,0.634,0.361,0.449,0.306,0.27,0.688,0.599,0.655,0.736,-0.067,-0.16,-0.18,0.2,0.675,0.686,-0.526,-0.46,-0.489,-0.521,-0.26,0.69,0.375,0.561,1.132,1.059,0.95,0.432,0.194,0.001,0.018,0.001,0.034,1.01,0.949,0.369,0.024,0.001,0.389,0.001,0.001,0.004,0.585,0.636,0.112,0.001,0.001,0.447,0.393,0.001,0.001,0.002,0.028,0.001,0.001,0.001,0.057,0.002,0.001,0.001,0.001,0.001,0.001,0.001,0.001,0.001,0.001,0.001,0.001,-0.239,-0.215,0.623,-0.713,0,0.001,0.001,0.127,0,0.001,0.001,0.011,0,0.001,0,0.164,0.001,0,0.05,0.09,0.088,0,0.001,0.001,0.021,0,0,0.018,0.148,0.001,0.309,0,0,0.001,0.001,0,0.085,0.303,0.264,0.621,0.001,0.06,0.162,0.282,0.634,0,0.054,0,0.001,8.849,3.504
10:10.3,13607,0.516,0.633,0.367,0.445,0.317,0.269,0.69,0.593,0.653,0.738,-0.058,-0.158,-0.181,0.21,0.675,0.684,-0.523,-0.461,-0.491,-0.523,-0.268,0.687,0.379,0.558,0.958,1.045,0.984,0.864,0.645,0.048,0.347,0.039,0.006,0.993,0.93,0.606,0.131,0.046,0.443,0.309,0.035,0.004,0.587,0.658,0.302,0.049,0.001,0.42,0.78,0.001,0.023,0.004,0.051,0.01,0.001,0.001,0.281,0.611,0.001,0.002,0.001,0.065,0.419,0.001,0.001,0.001,0.009,0.026,0.001,-0.239,-0.215,0.623,-0.713,0,0.001,0.001,0.127,0,0.001,0.001,0.011,0,0.001,0,0.164,0.001,0,0.05,0.09,0.088,0,0.001,0.001,0.021,0,0,0.018,0.148,0.001,0.309,0,0,0.001,0.001,0,0.085,0.303,0.264,0.621,0.001,0.06,0.162,0.282,0.634,0,0.054,0,0.001,12.74,3.504
10:10.3,13608,0.516,0.631,0.373,0.443,0.32,0.269,0.691,0.59,0.652,0.74,-0.047,-0.158,-0.181,0.222,0.675,0.68,-0.521,-0.461,-0.491,-0.524,-0.276,0.684,0.383,0.556,0.916,1.046,0.991,0.879,0.668,0.067,0.375,0.049,0.006,0.99,0.935,0.621,0.145,0.063,0.437,0.332,0.013,0.002,0.574,0.651,0.304,0.051,0.001,0.422,0.781,0.001,0.14,0.004,0.038,0.009,0.001,0.001,0.276,0.615,0.001,0.009,0.001,0.084,0.441,0.001,0.001,0.001,0.007,0.029,0.001,-0.239,-0.215,0.623,-0.713,0,0.001,0.001,0.127,0,0.001,0.001,0.011,0,0.001,0,0.164,0.001,0,0.05,0.09,0.088,0,0.001,0.001,0.021,0,0,0.018,0.148,0.001,0.309,0,0,0.001,0.001,0,0.085,0.303,0.264,0.621,0.001,0.06,0.162,0.282,0.634,0,0.054,0,0.001,12.98,3.504
10:10.3,13609,0.515,0.629,0.379,0.443,0.319,0.27,0.692,0.589,0.65,0.743,-0.037,-0.157,-0.182,0.235,0.676,0.675,-0.52,-0.462,-0.492,-0.525,-0.283,0.681,0.385,0.554,0.866,1.057,0.996,0.89,0.705,0.101,0.414,0.057,0.005,0.982,0.939,0.628,0.148,0.076,0.442,0.343,0.015,0.002,0.549,0.643,0.303,0.051,0.001,0.419,0.784,0.001,0.189,0.004,0.023,0.002,0.001,0.001,0.274,0.63,0.001,0.031,0.001,0.096,0.452,0.002,0.001,0.001,0.009,0.031,0.001,-0.239,-0.215,0.623,-0.713,0,0.001,0.001,0.127,0,0.001,0.001,0.011,0,0.001,0,0.164,0.001,0,0.05,0.09,0.088,0,0.001,0.001,0.021,0,0,0.018,0.148,0.001,0.309,0,0,0.001,0.001,0,0.085,0.303,0.264,0.621,0.001,0.06,0.162,0.282,0.634,0,0.054,0,0.001,13.167,3.504
10:10.3,13610,0.513,0.626,0.385,0.443,0.315,0.27,0.694,0.589,0.648,0.744,-0.028,-0.159,-0.183,0.246,0.676,0.67,-0.519,-0.462,-0.491,-0.524,-0.289,0.678,0.386,0.554,0.806,1.068,1.001,0.9,0.746,0.145,0.432,0.07,0.005,0.971,0.94,0.637,0.155,0.078,0.447,0.354,0.002,0.002,0.52,0.63,0.288,0.05,0.001,0.42,0.784,0.001,0.242,0.004,0.02,0.002,0.001,0.001,0.277,0.632,0.001,0.042,0.001,0.105,0.447,0.005,0.001,0.001,0.007,0.031,0.001,-0.044,-0.233,0.534,-0.812,0.001,0,0.001,0.122,0,0.001,0.001,0.01,0,0,0.001,0.166,0.001,0.001,0.027,0.078,0.063,0,0,0.001,0.012,0,0,0.01,0.143,0,0.299,0,0.001,0.001,0.001,0.001,0.057,0.264,0.214,0.586,0,0.038,0.129,0.242,0.529,0,0.049,0,0,13.274,3.05
10:10.4,13611,0.512,0.624,0.392,0.442,0.311,0.268,0.696,0.589,0.647,0.745,-0.019,-0.161,-0.185,0.256,0.675,0.666,-0.52,-0.464,-0.491,-0.523,-0.293,0.676,0.387,0.554,0.72,1.065,0.995,0.904,0.792,0.187,0.451,0.072,0.004,0.969,0.943,0.634,0.158,0.082,0.47,0.363,0.013,0.002,0.493,0.614,0.283,0.054,0.001,0.431,0.783,0.001,0.294,0.002,0.016,0.002,0.001,0.001,0.284,0.647,0.001,0.053,0.001,0.107,0.442,0.011,0.002,0.001,0.009,0.029,0.001,-0.067,-0.248,0.536,-0.804,0.001,0.001,0.001,0,0.001,0,0.001,0,0,0,0,0.012,0,0,0.001,0,0,0,0.001,0.001,0.001,0.001,0.001,0,0,0.001,0,0.001,0,0.001,0.001,0,0,0,0.001,0.012,0,0,0,0.001,0,0.001,0,0,0,13.388,0.042
10:10.4,13612,0.512,0.62,0.399,0.44,0.309,0.266,0.699,0.588,0.646,0.745,-0.011,-0.166,-0.188,0.265,0.673,0.664,-0.52,-0.465,-0.49,-0.522,-0.3,0.672,0.39,0.553,0.658,1.063,0.991,0.9,0.822,0.217,0.468,0.077,0.002,0.96,0.945,0.636,0.16,0.093,0.476,0.366,0.033,0.001,0.475,0.6,0.278,0.049,0.001,0.449,0.783,0.001,0.31,0.004,0.011,0.002,0.001,0.001,0.283,0.653,0.001,0.061,0.001,0.11,0.446,0.026,0.002,0.001,0.01,0.029,0.001,-0.094,-0.271,0.533,-0.796,0.001,0.001,0.001,0,0.001,0.001,0.001,0.001,0,0,0,0.01,0.001,0,0,0.001,0.001,0,0.001,0.001,0,0.001,0.001,0.001,0,0,0.001,0,0.001,0.001,0,0,0,0,0,0.013,0,0.001,0,0.001,0,0,0.001,0,0,13.457,0.044
10:10.4,13613,0.514,0.617,0.405,0.437,0.31,0.264,0.701,0.585,0.645,0.744,-0.004,-0.172,-0.192,0.272,0.671,0.662,-0.521,-0.467,-0.489,-0.52,-0.312,0.666,0.397,0.55,0.586,1.056,0.984,0.891,0.84,0.248,0.474,0.084,0.002,0.955,0.943,0.634,0.166,0.103,0.481,0.374,0.042,0.001,0.464,0.591,0.282,0.05,0.001,0.448,0.781,0.001,0.346,0.004,0.01,0.002,0.001,0.001,0.289,0.651,0.001,0.063,0.001,0.115,0.452,0.032,0.001,0.001,0.01,0.032,0.001,-0.106,-0.296,0.523,-0.792,0.001,0,0,0.001,0,0,0.001,0.001,0,0,0.001,0.007,0,0,0,0,0,0,0.001,0,0,0.001,0.001,0.001,0,0,0,0.001,0.001,0,0.001,0.001,0,0,0.001,0.013,0,0,0.001,0,0.001,0.001,0,0.001,0,13.495,0.038
10:10.4,13614,0.517,0.614,0.412,0.431,0.314,0.262,0.703,0.581,0.644,0.743,0.001,-0.181,-0.197,0.276,0.671,0.659,-0.522,-0.468,-0.489,-0.519,-0.312,0.666,0.397,0.55,0.586,1.056,0.984,0.891,0.84,0.248,0.474,0.084,0.002,0.955,0.943,0.634,0.166,0.103,0.481,0.374,0.042,0.001,0.464,0.591,0.282,0.05,0.001,0.448,0.781,0.001,0.346,0.004,0.01,0.002,0.001,0.001,0.289,0.651,0.001,0.063,0.001,0.115,0.452,0.032,0.001,0.001,0.01,0.032,0.001,-0.135,-0.314,0.518,-0.784,0,0.001,0.001,0.001,0.001,0,0,0,0,0,0,0,0,0,0,0.001,0.001,0.001,0.001,0,0.001,0,0.001,0.001,0,0.001,0,0.001,0,0.001,0.001,0.001,0.001,0,0,0.013,0.001,0.001,0,0.001,0.001,0,0.001,0,0,13.495,0.035
10:10.4,13615,0.521,0.612,0.418,0.423,0.319,0.261,0.704,0.578,0.643,0.741,0.005,-0.192,-0.203,0.278,0.67,0.658,-0.522,-0.47,-0.488,-0.517,-0.312,0.666,0.397,0.55,0.586,1.056,0.984,0.891,0.84,0.248,0.474,0.084,0.002,0.955,0.943,0.634,0.166,0.103,0.481,0.374,0.042,0.001,0.464,0.591,0.282,0.05,0.001,0.448,0.781,0.001,0.346,0.004,0.01,0.002,0.001,0.001,0.289,0.651,0.001,0.063,0.001,0.115,0.452,0.032,0.001,0.001,0.01,0.032,0.001,-0.172,-0.34,0.514,-0.769,0,0.001,0,0,0.001,0.001,0.001,0,0,0,0,0.001,0,0,0.001,0.001,0.001,0,0,0,0.001,0.001,0,0.001,0.001,0,0,0,0.001,0,0,0.001,0,0,0.001,0.012,0,0,0,0,0,0,0,0.001,0,13.495,0.028
10:10.4,13616,0.524,0.611,0.424,0.415,0.323,0.262,0.705,0.575,0.642,0.739,0.007,-0.204,-0.206,0.279,0.668,0.658,-0.522,-0.472,-0.487,-0.516,-0.312,0.666,0.397,0.55,0.586,1.056,0.984,0.891,0.84,0.248,0.474,0.084,0.002,0.955,0.943,0.634,0.166,0.103,0.481,0.374,0.042,0.001,0.464,0.591,0.282,0.05,0.001,0.448,0.781,0.001,0.346,0.004,0.01,0.002,0.001,0.001,0.289,0.651,0.001,0.063,0.001,0.115,0.452,0.032,0.001,0.001,0.01,0.032,0.001,-0.199,-0.361,0.507,-0.756,0,0.001,0,0.001,0,0,0,0.001,0,0.001,0.001,0,0.001,0,0.001,0.001,0,0,0.001,0.001,0.001,0,0.001,0.001,0,0,0,0,0.001,0.001,0.001,0,0.001,0,0.001,0.012,0,0,0,0.001,0,0.001,0.001,0,0,13.495,0.033
10:10.4,13617,0.527,0.61,0.428,0.408,0.325,0.263,0.705,0.573,0.641,0.737,0.008,-0.217,-0.208,0.279,0.665,0.661,-0.522,-0.475,-0.486,-0.516,-0.312,0.666,0.397,0.55,0.586,1.056,0.984,0.891,0.84,0.248,0.474,0.084,0.002,0.955,0.943,0.634,0.166,0.103,0.481,0.374,0.042,0.001,0.464,0.591,0.282,0.05,0.001,0.448,0.781,0.001,0.346,0.004,0.01,0.002,0.001,0.001,0.289,0.651,0.001,0.063,0.001,0.115,0.452,0.032,0.001,0.001,0.01,0.032,0.001,-0.237,-0.386,0.503,-0.736,0,0,0,0.001,0,0.001,0,0,0.001,0,0.001,0,0,0.001,0,0,0,0,0.001,0,0,0,0,0,0,0.001,0,0,0,0,0,0,0,0,0.001,0.013,0.001,0.001,0.001,0.001,0,0.001,0,0,0.001,13.495,0.027
10:10.4,13618,0.529,0.61,0.432,0.402,0.325,0.264,0.705,0.572,0.639,0.734,0.007,-0.232,-0.206,0.278,0.66,0.666,-0.521,-0.477,-0.485,-0.515,-0.312,0.666,0.397,0.55,0.586,1.056,0.984,0.891,0.84,0.248,0.474,0.084,0.002,0.955,0.943,0.634,0.166,0.103,0.481,0.374,0.042,0.001,0.464,0.591,0.282,0.05,0.001,0.448,0.781,0.001,0.346,0.004,0.01,0.002,0.001,0.001,0.289,0.651,0.001,0.063,0.001,0.115,0.452,0.032,0.001,0.001,0.01,0.032,0.001,-0.262,-0.399,0.502,-0.721,0,0,0.001,0.001,0,0.001,0.001,0,0,0,0,0,0,0,0.001,0,0,0,0.001,0,0.001,0.001,0,0.001,0.001,0,0,0,0,0.001,0,0,0.001,0.001,0.001,0.017,0,0,0,0,0,0.001,0.001,0.001,0,13.495,0.034
10:10.4,13619,0.531,0.61,0.434,0.397,0.324,0.266,0.705,0.572,0.638,0.73,0.006,-0.246,-0.201,0.277,0.655,0.673,-0.52,-0.48,-0.484,-0.516,-0.312,0.666,0.397,0.55,0.586,1.056,0.984,0.891,0.84,0.248,0.474,0.084,0.002,0.955,0.943,0.634,0.166,0.103,0.481,0.374,0.042,0.001,0.464,0.591,0.282,0.05,0.001,0.448,0.781,0.001,0.346,0.004,0.01,0.002,0.001,0.001,0.289,0.651,0.001,0.063,0.001,0.115,0.452,0.032,0.001,0.001,0.01,0.032,0.001,-0.287,-0.419,0.497,-0.704,0,0.001,0,0.001,0.001,0,0,0.001,0,0.001,0,0,0,0,0,0,0,0,0,0.001,0,0,0,0.001,0.001,0,0.001,0,0.001,0.001,0,0,0,0,0.001,0.018,0.001,0.001,0,0,0,0.001,0,0,0,13.495,0.033
10:10.4,13620,0.532,0.61,0.436,0.393,0.321,0.268,0.705,0.572,0.636,0.727,0.004,-0.26,-0.194,0.275,0.651,0.681,-0.518,-0.482,-0.483,-0.516,-0.393,0.614,0.461,0.506,0.554,1.051,0.979,0.888,0.849,0.258,0.473,0.089,0.002,0.952,0.94,0.635,0.167,0.11,0.484,0.379,0.042,0.001,0.457,0.587,0.276,0.051,0.002,0.446,0.781,0.001,0.346,0.004,0.011,0.002,0.001,0.001,0.298,0.645,0.001,0.071,0.001,0.12,0.451,0.034,0.001,0.001,0.01,0.032,0.001,-0.295,-0.437,0.484,-0.698,0,0.001,0,0,0,0,0,0.001,0,0,0.001,0,0,0.001,0,0,0,0,0,0.001,0.001,0,0,0,0.001,0,0,0,0,0.001,0,0,0.001,0,0,0.027,0,0,0.001,0.001,0,0,0,0.001,0.001,13.485,0.04
10:10.5,13621,0.533,0.61,0.437,0.39,0.32,0.269,0.706,0.572,0.635,0.723,0.002,-0.273,-0.184,0.272,0.646,0.689,-0.516,-0.485,-0.482,-0.516,-0.402,0.607,0.468,0.5,0.238,0.886,0.861,0.773,0.856,0.287,0.475,0.1,0.001,0.905,0.899,0.625,0.206,0.151,0.49,0.4,0.106,0.001,0.477,0.62,0.355,0.088,0.001,0.471,0.796,0.01,0.469,0.004,0.015,0.002,0.001,0.001,0.33,0.651,0.001,0.112,0.001,0.175,0.47,0.327,0.017,0.001,0.023,0.136,0.001,-0.309,-0.451,0.475,-0.689,0.001,0.001,0,0.001,0,0,0.001,0,0,0,0.001,0.001,0.001,0.001,0.001,0,0,0,0,0.001,0.001,0.001,0.001,0,0.001,0,0,0,0.001,0,0,0,0,0.001,0,0.031,0.001,0.001,0,0.001,0.001,0.001,0.001,0,0,13.815,0.053
10:10.5,13622,0.534,0.61,0.439,0.387,0.319,0.271,0.706,0.571,0.634,0.719,-0.002,-0.284,-0.173,0.271,0.643,0.695,-0.514,-0.488,-0.48,-0.517,-0.411,0.601,0.476,0.493,0.231,0.86,0.838,0.756,0.861,0.294,0.469,0.095,0.001,0.895,0.891,0.625,0.212,0.165,0.488,0.404,0.137,0.001,0.475,0.628,0.374,0.109,0.001,0.471,0.801,0.035,0.499,0.004,0.016,0.002,0.001,0.001,0.343,0.659,0.001,0.127,0.001,0.198,0.477,0.41,0.02,0.001,0.027,0.165,0.001,-0.303,-0.475,0.454,-0.691,0,0,0,0,0,0,0,0,0,0.001,0,0,0.001,0.001,0,0.001,0,0.001,0,0.001,0.001,0,0,0.001,0.001,0.001,0.001,0.001,0,0.001,0.001,0,0.001,0.001,0,0.028,0,0.001,0,0.001,0,0,0.001,0,0,14.07,0.047
10:10.5,13623,0.535,0.61,0.44,0.384,0.322,0.272,0.706,0.57,0.634,0.716,-0.006,-0.294,-0.162,0.27,0.64,0.701,-0.512,-0.49,-0.479,-0.517,-0.421,0.593,0.485,0.485,0.184,0.827,0.808,0.744,0.862,0.315,0.462,0.101,0.001,0.883,0.883,0.621,0.225,0.175,0.493,0.409,0.153,0.001,0.474,0.64,0.387,0.126,0.002,0.486,0.811,0.066,0.512,0.004,0.02,0.005,0.001,0.001,0.349,0.662,0.001,0.173,0.001,0.216,0.482,0.453,0.031,0.001,0.028,0.198,0.001,-0.298,-0.498,0.431,-0.691,0,0.001,0,0.001,0.001,0,0,0.001,0,0.001,0.001,0.001,0,0.001,0.001,0.001,0,0,0,0,0.001,0,0,0.001,0,0,0,0.001,0,0,0,0.001,0,0,0.001,0.029,0.001,0.001,0,0,0.001,0,0,0,0,14.278,0.047
10:10.5,13624,0.536,0.611,0.441,0.381,0.324,0.273,0.705,0.568,0.634,0.713,-0.011,-0.3,-0.149,0.268,0.638,0.706,-0.511,-0.493,-0.478,-0.518,-0.429,0.586,0.492,0.479,0.161,0.802,0.784,0.736,0.862,0.327,0.454,0.096,0.001,0.877,0.875,0.619,0.231,0.2,0.488,0.408,0.153,0.001,0.471,0.646,0.398,0.127,0.002,0.498,0.812,0.077,0.536,0.004,0.022,0.007,0.001,0.001,0.355,0.667,0.007,0.197,0.001,0.236,0.49,0.512,0.033,0.001,0.038,0.223,0.001,-0.292,-0.529,0.398,-0.69,0,0.001,0.001,0,0.001,0.001,0.001,0.001,0,0.001,0.001,0,0.001,0,0,0.001,0.001,0,0,0,0,0,0.001,0,0,0.001,0,0,0,0.001,0,0,0,0.001,0,0.031,0,0.001,0.001,0,0,0.001,0,0,0,14.438,0.049
10:10.5,13625,0.537,0.611,0.441,0.378,0.326,0.275,0.704,0.568,0.634,0.711,-0.017,-0.305,-0.136,0.265,0.638,0.71,-0.51,-0.495,-0.476,-0.518,-0.439,0.579,0.5,0.471,0.118,0.777,0.757,0.72,0.862,0.33,0.453,0.093,0.001,0.863,0.867,0.619,0.238,0.205,0.485,0.409,0.161,0.001,0.468,0.657,0.402,0.133,0.002,0.507,0.818,0.096,0.534,0.004,0.024,0.015,0.001,0.001,0.363,0.674,0.017,0.249,0.001,0.255,0.49,0.611,0.054,0.001,0.04,0.234,0.001,-0.286,-0.551,0.376,-0.688,0,0,0.001,0.001,0.001,0.001,0.001,0.001,0,0,0,0.001,0,0.001,0,0,0,0,0.001,0,0,0,0.001,0.001,0,0.001,0,0,0.001,0,0.001,0,0.001,0.001,0.001,0.031,0,0.001,0.001,0.001,0.001,0,0,0,0,14.611,0.052
10:10.5,13626,0.538,0.612,0.442,0.376,0.326,0.277,0.703,0.567,0.635,0.709,-0.023,-0.306,-0.121,0.262,0.637,0.714,-0.509,-0.497,-0.474,-0.519,-0.444,0.575,0.505,0.467,0.098,0.744,0.73,0.708,0.868,0.341,0.447,0.096,0.001,0.858,0.856,0.613,0.247,0.212,0.487,0.413,0.168,0.001,0.462,0.667,0.419,0.143,0.002,0.514,0.818,0.109,0.554,0.004,0.026,0.016,0.001,0.001,0.37,0.676,0.039,0.281,0.001,0.272,0.493,0.675,0.068,0.001,0.044,0.243,0.001,-0.28,-0.58,0.343,-0.684,0,0,0,0,0,0.001,0.001,0,0,0,0.001,0.001,0.001,0,0,0.001,0.001,0.001,0.001,0.001,0.001,0.002,0,0.001,0.001,0,0,0,0,0.001,0,0,0,0.001,0.001,0.032,0.001,0.001,0.001,0.001,0.001,0,0,0.001,0.001,14.788,0.057
10:10.5,13627,0.538,0.612,0.442,0.375,0.325,0.28,0.703,0.568,0.636,0.708,-0.028,-0.306,-0.105,0.258,0.638,0.717,-0.508,-0.499,-0.473,-0.519,-0.444,0.575,0.505,0.467,0.098,0.744,0.73,0.708,0.868,0.341,0.447,0.096,0.001,0.858,0.856,0.613,0.247,0.212,0.487,0.413,0.168,0.001,0.462,0.667,0.419,0.143,0.002,0.514,0.818,0.109,0.554,0.004,0.026,0.016,0.001,0.001,0.37,0.676,0.039,0.281,0.001,0.272,0.493,0.675,0.068,0.001,0.044,0.243,0.001,-0.31,-0.583,0.345,-0.667,0,0.001,0.001,0.001,0.001,0,0.001,0,0.001,0,0.001,0.001,0.001,0,0.001,0,0,0,0.001,0,0.001,0.006,0.001,0,0.001,0.001,0.001,0.001,0,0,0.001,0,0.001,0,0.001,0.021,0.001,0,0.001,0.001,0.001,0,0,0,0.001,14.788,0.052
10:10.5,13628,0.539,0.612,0.441,0.374,0.323,0.281,0.703,0.568,0.637,0.708,-0.032,-0.303,-0.089,0.254,0.64,0.72,-0.508,-0.5,-0.471,-0.519,-0.444,0.575,0.505,0.467,0.098,0.744,0.73,0.708,0.868,0.341,0.447,0.096,0.001,0.858,0.856,0.613,0.247,0.212,0.487,0.413,0.168,0.001,0.462,0.667,0.419,0.143,0.002,0.514,0.818,0.109,0.554,0.004,0.026,0.016,0.001,0.001,0.37,0.676,0.039,0.281,0.001,0.272,0.493,0.675,0.068,0.001,0.044,0.243,0.001,-0.346,-0.585,0.348,-0.645,0,0,0.001,0.001,0,0,0,0,0.001,0,0,0,0.001,0.001,0.001,0,0,0,0,0.001,0.001,0.001,0,0,0,0.001,0.001,0,0,0,0.001,0,0.001,0.001,0,0.023,0,0,0,0,0.001,0.001,0,0,0.001,14.788,0.04
10:10.5,13629,0.539,0.613,0.441,0.373,0.321,0.282,0.703,0.569,0.639,0.708,-0.036,-0.299,-0.073,0.249,0.642,0.721,-0.509,-0.502,-0.47,-0.518,-0.444,0.575,0.505,0.467,0.098,0.744,0.73,0.708,0.868,0.341,0.447,0.096,0.001,0.858,0.856,0.613,0.247,0.212,0.487,0.413,0.168,0.001,0.462,0.667,0.419,0.143,0.002,0.514,0.818,0.109,0.554,0.004,0.026,0.016,0.001,0.001,0.37,0.676,0.039,0.281,0.001,0.272,0.493,0.675,0.068,0.001,0.044,0.243,0.001,-0.375,-0.586,0.351,-0.626,0,0.001,0,0,0.001,0,0.001,0.001,0,0,0,0,0,0.001,0.001,0.001,0,0,0.001,0.001,0.001,0.013,0,0.001,0,0.001,0.001,0,0.001,0,0,0.001,0,0,0,0.024,0.001,0.001,0.001,0.001,0,0.001,0.001,0.001,0,14.788,0.059
10:10.5,13630,0.538,0.613,0.441,0.374,0.32,0.283,0.703,0.569,0.64,0.708,-0.038,-0.294,-0.058,0.243,0.645,0.722,-0.509,-0.503,-0.468,-0.518,-0.444,0.575,0.505,0.467,0.098,0.744,0.73,0.708,0.868,0.341,0.447,0.096,0.001,0.858,0.856,0.613,0.247,0.212,0.487,0.413,0.168,0.001,0.462,0.667,0.419,0.143,0.002,0.514,0.818,0.109,0.554,0.004,0.026,0.016,0.001,0.001,0.37,0.676,0.039,0.281,0.001,0.272,0.493,0.675,0.068,0.001,0.044,0.243,0.001,-0.413,-0.586,0.354,-0.6,0,0,0.001,0,0.001,0.001,0.001,0,0,0.001,0,0.001,0,0,0,0,0.001,0,0,0.001,0.001,0.021,0,0,0,0,0,0.001,0,0.001,0,0,0.001,0.001,0,0.026,0,0.001,0.001,0,0,0,0.001,0,0,14.788,0.063
10:10.6,13631,0.537,0.614,0.441,0.375,0.319,0.283,0.703,0.569,0.641,0.71,-0.039,-0.288,-0.045,0.238,0.647,0.723,-0.51,-0.504,-0.467,-0.518,-0.444,0.575,0.505,0.467,0.098,0.744,0.73,0.708,0.868,0.341,0.447,0.096,0.001,0.858,0.856,0.613,0.247,0.212,0.487,0.413,0.168,0.001,0.462,0.667,0.419,0.143,0.002,0.514,0.818,0.109,0.554,0.004,0.026,0.016,0.001,0.001,0.37,0.676,0.039,0.281,0.001,0.272,0.493,0.675,0.068,0.001,0.044,0.243,0.001,-0.438,-0.586,0.357,-0.581,0,0.001,0,0.001,0,0,0.001,0,0,0,0.001,0,0.001,0,0,0,0,0,0.001,0,0,0.028,0,0.001,0,0,0.001,0.001,0.001,0,0,0,0,0.002,0,0.028,0,0.001,0,0.001,0,0,0,0,0,14.788,0.07
10:10.6,13632,0.535,0.614,0.441,0.376,0.317,0.283,0.704,0.569,0.642,0.711,-0.039,-0.283,-0.031,0.232,0.65,0.723,-0.511,-0.504,-0.465,-0.517,-0.444,0.575,0.505,0.467,0.098,0.744,0.73,0.708,0.868,0.341,0.447,0.096,0.001,0.858,0.856,0.613,0.247,0.212,0.487,0.413,0.168,0.001,0.462,0.667,0.419,0.143,0.002,0.514,0.818,0.109,0.554,0.004,0.026,0.016,0.001,0.001,0.37,0.676,0.039,0.281,0.001,0.272,0.493,0.675,0.068,0.001,0.044,0.243,0.001,-0.466,-0.584,0.36,-0.558,0.001,0.001,0.001,0,0,0.001,0.001,0.001,0,0,0,0,0.001,0,0.001,0,0.001,0,0.001,0,0,0.022,0.001,0,0.001,0,0.001,0.001,0.001,0,0,0,0,0.009,0,0.031,0,0,0,0,0.001,0,0.001,0,0.001,14.788,0.08
10:10.6,13633,0.533,0.615,0.442,0.378,0.315,0.283,0.706,0.568,0.642,0.713,-0.038,-0.278,-0.018,0.225,0.652,0.724,-0.513,-0.505,-0.464,-0.517,-0.477,0.545,0.535,0.435,0.076,0.718,0.714,0.694,0.873,0.352,0.443,0.099,0.001,0.842,0.846,0.606,0.249,0.222,0.487,0.411,0.178,0.001,0.458,0.664,0.433,0.151,0.002,0.519,0.819,0.123,0.564,0.004,0.027,0.017,0.001,0.001,0.388,0.68,0.048,0.297,0.001,0.281,0.496,0.725,0.083,0.001,0.046,0.261,0.001,-0.502,-0.582,0.363,-0.527,0,0,0,0.001,0,0.001,0,0.001,0.001,0.001,0.001,0.001,0,0,0,0.001,0,0,0.001,0.001,0,0.018,0,0.001,0,0.001,0,0.001,0,0.001,0,0.001,0.001,0.01,0.001,0.031,0,0,0,0.001,0.001,0,0.001,0,0,14.903,0.079
10:10.6,13634,0.531,0.616,0.443,0.378,0.315,0.283,0.707,0.566,0.642,0.715,-0.036,-0.274,-0.005,0.219,0.654,0.724,-0.514,-0.505,-0.462,-0.517,-0.483,0.539,0.541,0.428,0.001,0.501,0.6,0.477,0.724,0.25,0.389,0.098,0.001,0.652,0.709,0.523,0.259,0.221,0.47,0.415,0.217,0.001,0.442,0.665,0.438,0.222,0.002,0.523,0.802,0.16,0.6,0.002,0.037,0.063,0.007,0.006,0.421,0.683,0.117,0.458,0.001,0.409,0.556,0.968,0.176,0.018,0.072,0.425,0.001,-0.497,-0.599,0.349,-0.522,0,0,0.001,0.001,0,0,0.001,0.001,0,0,0,0,0.001,0,0.001,0.001,0,0.001,0,0,0,0.017,0,0,0,0,0,0.001,0,0,0.001,0,0,0.009,0,0.033,0,0,0.001,0,0,0,0,0,0.001,14.782,0.071
10:10.6,13635,0.528,0.616,0.445,0.378,0.316,0.282,0.708,0.565,0.642,0.716,-0.033,-0.271,0.009,0.213,0.656,0.724,-0.515,-0.505,-0.461,-0.517,-0.489,0.532,0.549,0.419,0.001,0.442,0.592,0.458,0.668,0.22,0.372,0.095,0.001,0.623,0.683,0.491,0.264,0.222,0.462,0.408,0.212,0.001,0.437,0.661,0.432,0.231,0.001,0.519,0.8,0.162,0.589,0.004,0.045,0.065,0.009,0.006,0.429,0.687,0.131,0.479,0.001,0.433,0.567,1.011,0.198,0.029,0.076,0.429,0.001,-0.483,-0.627,0.323,-0.519,0,0.001,0.001,0,0.001,0,0,0.001,0,0,0,0.001,0.001,0,0.001,0.001,0,0,0,0,0.001,0.026,0,0.001,0.001,0,0,0.001,0.001,0.001,0.001,0.001,0,0.001,0,0.031,0.001,0,0.001,0.001,0,0,0.001,0,0,14.647,0.078
10:10.6,13636,0.526,0.617,0.447,0.378,0.316,0.28,0.709,0.564,0.642,0.717,-0.03,-0.269,0.024,0.207,0.659,0.723,-0.517,-0.504,-0.459,-0.517,-0.493,0.528,0.554,0.414,0.001,0.394,0.563,0.424,0.619,0.192,0.355,0.088,0.001,0.604,0.673,0.458,0.255,0.201,0.448,0.404,0.214,0.001,0.41,0.643,0.444,0.234,0.001,0.519,0.796,0.162,0.6,0.002,0.049,0.062,0.009,0.011,0.435,0.689,0.137,0.476,0.001,0.451,0.575,1.038,0.225,0.037,0.087,0.458,0.001,-0.483,-0.627,0.323,-0.519,0,0.001,0.001,0,0.001,0,0,0.001,0,0,0,0.001,0.001,0,0.001,0.001,0,0,0,0,0.001,0.026,0,0.001,0.001,0,0,0.001,0.001,0.001,0.001,0.001,0,0.001,0,0.031,0.001,0,0.001,0.001,0,0,0.001,0,0,14.447,0.078
10:10.6,13637,0.524,0.617,0.449,0.378,0.317,0.279,0.711,0.563,0.642,0.717,-0.028,-0.269,0.039,0.201,0.661,0.722,-0.518,-0.503,-0.458,-0.518,-0.493,0.528,0.554,0.414,0.001,0.394,0.563,0.424,0.619,0.192,0.355,0.088,0.001,0.604,0.673,0.458,0.255,0.201,0.448,0.404,0.214,0.001,0.41,0.643,0.444,0.234,0.001,0.519,0.796,0.162,0.6,0.002,0.049,0.062,0.009,0.011,0.435,0.689,0.137,0.476,0.001,0.451,0.575,1.038,0.225,0.037,0.087,0.458,0.001,-0.483,-0.627,0.323,-0.519,0,0.001,0.001,0,0.001,0,0,0.001,0,0,0,0.001,0.001,0,0.001,0.001,0,0,0,0,0.001,0.026,0,0.001,0.001,0,0,0.001,0.001,0.001,0.001,0.001,0,0.001,0,0.031,0.001,0,0.001,0.001,0,0,0.001,0,0,14.447,0.078
10:10.6,13638,0.523,0.617,0.45,0.379,0.317,0.278,0.712,0.562,0.642,0.717,-0.026,-0.269,0.056,0.194,0.664,0.72,-0.52,-0.502,-0.456,-0.519,-0.493,0.528,0.554,0.414,0.001,0.394,0.563,0.424,0.619,0.192,0.355,0.088,0.001,0.604,0.673,0.458,0.255,0.201,0.448,0.404,0.214,0.001,0.41,0.643,0.444,0.234,0.001,0.519,0.796,0.162,0.6,0.002,0.049,0.062,0.009,0.011,0.435,0.689,0.137,0.476,0.001,0.451,0.575,1.038,0.225,0.037,0.087,0.458,0.001,-0.483,-0.627,0.323,-0.519,0,0.001,0.001,0,0.001,0,0,0.001,0,0,0,0.001,0.001,0,0.001,0.001,0,0,0,0,0.001,0.026,0,0.001,0.001,0,0,0.001,0.001,0.001,0.001,0.001,0,0.001,0,0.031,0.001,0,0.001,0.001,0,0,0.001,0,0,14.447,0.078
10:10.6,13639,0.522,0.616,0.452,0.379,0.316,0.276,0.713,0.561,0.642,0.717,-0.024,-0.269,0.072,0.189,0.667,0.717,-0.522,-0.501,-0.455,-0.52,-0.493,0.528,0.554,0.414,0.001,0.394,0.563,0.424,0.619,0.192,0.355,0.088,0.001,0.604,0.673,0.458,0.255,0.201,0.448,0.404,0.214,0.001,0.41,0.643,0.444,0.234,0.001,0.519,0.796,0.162,0.6,0.002,0.049,0.062,0.009,0.011,0.435,0.689,0.137,0.476,0.001,0.451,0.575,1.038,0.225,0.037,0.087,0.458,0.001,-0.483,-0.627,0.323,-0.519,0,0.001,0.001,0,0.001,0,0,0.001,0,0,0,0.001,0.001,0,0.001,0.001,0,0,0,0,0.001,0.026,0,0.001,0.001,0,0,0.001,0.001,0.001,0.001,0.001,0,0.001,0,0.031,0.001,0,0.001,0.001,0,0,0.001,0,0,14.447,0.078
10:10.6,13640,0.521,0.616,0.454,0.379,0.316,0.275,0.715,0.56,0.642,0.717,-0.023,-0.27,0.089,0.183,0.669,0.715,-0.523,-0.5,-0.453,-0.521,-0.493,0.528,0.554,0.414,0.001,0.394,0.563,0.424,0.619,0.192,0.355,0.088,0.001,0.604,0.673,0.458,0.255,0.201,0.448,0.404,0.214,0.001,0.41,0.643,0.444,0.234,0.001,0.519,0.796,0.162,0.6,0.002,0.049,0.062,0.009,0.011,0.435,0.689,0.137,0.476,0.001,0.451,0.575,1.038,0.225,0.037,0.087,0.458,0.001,-0.483,-0.627,0.323,-0.519,0,0.001,0.001,0,0.001,0,0,0.001,0,0,0,0.001,0.001,0,0.001,0.001,0,0,0,0,0.001,0.026,0,0.001,0.001,0,0,0.001,0.001,0.001,0.001,0.001,0,0.001,0,0.031,0.001,0,0.001,0.001,0,0,0.001,0,0,14.447,0.078
10:10.7,13641,0.521,0.616,0.455,0.379,0.316,0.272,0.716,0.559,0.642,0.717,-0.024,-0.271,0.105,0.177,0.672,0.711,-0.525,-0.498,-0.452,-0.521,-0.493,0.528,0.554,0.414,0.001,0.394,0.563,0.424,0.619,0.192,0.355,0.088,0.001,0.604,0.673,0.458,0.255,0.201,0.448,0.404,0.214,0.001,0.41,0.643,0.444,0.234,0.001,0.519,0.796,0.162,0.6,0.002,0.049,0.062,0.009,0.011,0.435,0.689,0.137,0.476,0.001,0.451,0.575,1.038,0.225,0.037,0.087,0.458,0.001,-0.483,-0.627,0.323,-0.519,0,0.001,0.001,0,0.001,0,0,0.001,0,0,0,0.001,0.001,0,0.001,0.001,0,0,0,0,0.001,0.026,0,0.001,0.001,0,0,0.001,0.001,0.001,0.001,0.001,0,0.001,0,0.031,0.001,0,0.001,0.001,0,0,0.001,0,0,14.447,0.078
10:10.7,13642,0.52,0.616,0.455,0.378,0.317,0.27,0.718,0.557,0.643,0.716,-0.025,-0.272,0.122,0.173,0.674,0.708,-0.528,-0.497,-0.45,-0.522,-0.493,0.528,0.554,0.414,0.001,0.394,0.563,0.424,0.619,0.192,0.355,0.088,0.001,0.604,0.673,0.458,0.255,0.201,0.448,0.404,0.214,0.001,0.41,0.643,0.444,0.234,0.001,0.519,0.796,0.162,0.6,0.002,0.049,0.062,0.009,0.011,0.435,0.689,0.137,0.476,0.001,0.451,0.575,1.038,0.225,0.037,0.087,0.458,0.001,-0.393,-0.752,0.182,-0.496,0.001,0.001,0,0.001,0,0.001,0,0.001,0.001,0.001,0.001,0,0,0,0,0.001,0.001,0,0,0,0,0.027,0,0.001,0.001,0,0,0,0,0.001,0,0,0,0.001,0.001,0.031,0.001,0,0.001,0,0,0.001,0,0.001,0,14.447,0.077
10:10.7,13643,0.519,0.616,0.456,0.378,0.319,0.267,0.72,0.556,0.644,0.715,-0.026,-0.272,0.137,0.17,0.676,0.704,-0.531,-0.495,-0.448,-0.522,-0.513,0.5,0.591,0.37,0,0.381,0.556,0.416,0.603,0.181,0.347,0.089,0.001,0.593,0.668,0.451,0.252,0.201,0.447,0.403,0.211,0.001,0.403,0.647,0.453,0.239,0.001,0.518,0.791,0.16,0.606,0.002,0.046,0.066,0.009,0.001,0.437,0.69,0.138,0.473,0.001,0.46,0.578,1.049,0.227,0.04,0.09,0.465,0.001,-0.381,-0.764,0.167,-0.492,0.001,0.001,0,0,0,0,0,0,0,0.001,0,0,0.001,0.001,0,0,0.001,0.001,0.001,0,0,0.026,0.001,0,0.001,0,0,0,0.001,0,0,0,0.001,0,0.001,0.042,0.001,0,0,0,0,0,0.001,0,0,14.392,0.083
10:10.7,13644,0.518,0.616,0.457,0.378,0.322,0.265,0.721,0.554,0.645,0.714,-0.028,-0.272,0.151,0.167,0.677,0.7,-0.533,-0.494,-0.446,-0.522,-0.515,0.497,0.594,0.366,0.001,0.072,0.33,0.179,0.419,0.054,0.252,0.076,0.001,0.382,0.596,0.348,0.21,0.111,0.37,0.382,0.184,0,0.274,0.576,0.4,0.192,0.001,0.501,0.767,0.153,0.549,0.001,0.044,0.093,0.02,0.001,0.474,0.698,0.2,0.509,0.001,0.58,0.64,1.137,0.357,0.117,0.118,0.619,0.116,-0.368,-0.777,0.149,-0.488,0.001,0,0.001,0,0.001,0,0,0,0,0.001,0.001,0.001,0,0.001,0,0.001,0.001,0,0.001,0.001,0,0.023,0,0.001,0,0.001,0,0,0.001,0,0,0,0,0.001,0,0.05,0,0,0,0,0,0.001,0.001,0.001,0,13.105,0.091
10:10.7,13645,0.517,0.617,0.457,0.379,0.324,0.262,0.722,0.552,0.646,0.713,-0.029,-0.272,0.163,0.165,0.679,0.697,-0.536,-0.493,-0.444,-0.521,-0.517,0.494,0.598,0.361,0.001,0.042,0.298,0.129,0.413,0.05,0.25,0.073,0.001,0.347,0.57,0.339,0.199,0.104,0.358,0.38,0.189,0,0.217,0.543,0.391,0.164,0.001,0.498,0.768,0.158,0.553,0.001,0.048,0.077,0.023,0.001,0.479,0.705,0.216,0.504,0.001,0.592,0.642,1.136,0.374,0.125,0.118,0.63,0.139,-0.357,-0.787,0.135,-0.484,0,0,0,0.001,0.001,0,0.001,0.001,0,0,0,0,0.001,0,0,0,0,0,0,0.001,0,0.023,0.001,0,0.001,0.001,0.001,0,0,0.001,0.001,0,0.001,0,0,0.051,0,0,0.001,0,0,0.001,0,0.001,0,12.847,0.09
10:10.7,13646,0.516,0.618,0.457,0.379,0.325,0.26,0.723,0.551,0.646,0.713,-0.032,-0.272,0.175,0.163,0.681,0.693,-0.539,-0.492,-0.443,-0.521,-0.519,0.491,0.602,0.357,0.001,0.007,0.241,0.083,0.399,0.033,0.245,0.072,0,0.292,0.525,0.325,0.184,0.081,0.347,0.382,0.192,0.001,0.171,0.505,0.38,0.122,0.001,0.502,0.764,0.166,0.549,0.001,0.037,0.078,0.013,0.001,0.485,0.711,0.228,0.498,0.001,0.6,0.647,1.143,0.403,0.136,0.121,0.637,0.178,-0.342,-0.799,0.117,-0.48,0,0.001,0,0.001,0,0.001,0,0.001,0,0,0.001,0.001,0,0.001,0,0,0.001,0,0,0,0.001,0.023,0,0.001,0.001,0.001,0,0,0,0,0,0,0.001,0.001,0,0.054,0.001,0.001,0,0,0,0,0.001,0,0,12.488,0.094
10:10.7,13647,0.514,0.618,0.457,0.381,0.325,0.258,0.725,0.55,0.646,0.712,-0.034,-0.272,0.186,0.16,0.682,0.689,-0.542,-0.491,-0.441,-0.52,-0.52,0.489,0.605,0.352,0.001,0.001,0.195,0.068,0.387,0.028,0.241,0.073,0.001,0.239,0.495,0.293,0.183,0.065,0.343,0.38,0.188,0.001,0.161,0.469,0.357,0.1,0.001,0.501,0.767,0.166,0.524,0.001,0.02,0.065,0.011,0.001,0.49,0.709,0.231,0.518,0.001,0.608,0.648,1.149,0.413,0.147,0.123,0.648,0.217,-0.342,-0.799,0.117,-0.48,0,0.001,0,0.001,0,0.001,0,0.001,0,0,0.001,0.001,0,0.001,0,0,0.001,0,0,0,0.001,0.023,0,0.001,0.001,0.001,0,0,0,0,0,0,0.001,0.001,0,0.054,0.001,0.001,0,0,0,0,0.001,0,0,12.228,0.094
10:10.7,13648,0.513,0.619,0.456,0.382,0.325,0.255,0.727,0.548,0.646,0.712,-0.037,-0.271,0.197,0.159,0.683,0.685,-0.545,-0.491,-0.439,-0.519,-0.523,0.485,0.609,0.346,0.001,0.001,0.131,0.026,0.353,0.015,0.233,0.071,0.001,0.2,0.465,0.277,0.165,0.061,0.327,0.376,0.189,0.001,0.093,0.418,0.319,0.088,0.001,0.503,0.769,0.165,0.527,0.001,0.011,0.038,0.012,0.001,0.496,0.717,0.243,0.532,0.001,0.62,0.651,1.148,0.425,0.15,0.125,0.67,0.234,-0.342,-0.799,0.117,-0.48,0,0.001,0,0.001,0,0.001,0,0.001,0,0,0.001,0.001,0,0.001,0,0,0.001,0,0,0,0.001,0.023,0,0.001,0.001,0.001,0,0,0,0,0,0,0.001,0.001,0,0.054,0.001,0.001,0,0,0,0,0.001,0,0,11.851,0.094
10:10.7,13649,0.512,0.619,0.456,0.384,0.326,0.252,0.729,0.546,0.646,0.713,-0.04,-0.271,0.208,0.158,0.684,0.681,-0.547,-0.491,-0.437,-0.518,-0.524,0.483,0.613,0.341,0.001,0.001,0.065,0.012,0.305,0.009,0.238,0.071,0.001,0.127,0.436,0.245,0.129,0.031,0.321,0.379,0.195,0.001,0.028,0.376,0.232,0.085,0.001,0.498,0.769,0.161,0.525,0.001,0.002,0.021,0.009,0.001,0.497,0.717,0.256,0.541,0.001,0.62,0.657,1.145,0.446,0.154,0.123,0.681,0.27,-0.342,-0.799,0.117,-0.48,0,0.001,0,0.001,0,0.001,0,0.001,0,0,0.001,0.001,0,0.001,0,0,0.001,0,0,0,0.001,0.023,0,0.001,0.001,0.001,0,0,0,0,0,0,0.001,0.001,0,0.054,0.001,0.001,0,0,0,0,0.001,0,0,11.384,0.094
10:10.7,13650,0.511,0.619,0.456,0.385,0.328,0.248,0.732,0.543,0.646,0.713,-0.043,-0.27,0.218,0.158,0.685,0.677,-0.55,-0.492,-0.435,-0.517,-0.526,0.481,0.616,0.335,0.001,0.001,0.023,0.001,0.28,0.001,0.243,0.071,0.001,0.077,0.379,0.194,0.111,0.023,0.317,0.377,0.199,0.001,0.001,0.291,0.184,0.053,0.001,0.491,0.769,0.165,0.532,0.001,0.002,0.007,0.009,0.001,0.498,0.718,0.265,0.537,0.001,0.624,0.661,1.14,0.465,0.154,0.126,0.694,0.288,-0.342,-0.799,0.117,-0.48,0,0.001,0,0.001,0,0.001,0,0.001,0,0,0.001,0.001,0,0.001,0,0,0.001,0,0,0,0.001,0.023,0,0.001,0.001,0.001,0,0,0,0,0,0,0.001,0.001,0,0.054,0.001,0.001,0,0,0,0,0.001,0,0,10.978,0.094
10:10.8,13651,0.51,0.62,0.455,0.385,0.331,0.243,0.735,0.54,0.645,0.713,-0.046,-0.27,0.228,0.158,0.685,0.674,-0.552,-0.492,-0.432,-0.515,-0.527,0.479,0.619,0.331,0.001,0.001,0.001,0.001,0.234,0.001,0.238,0.067,0.001,0.023,0.303,0.159,0.093,0.006,0.326,0.38,0.201,0.001,0.001,0.214,0.136,0.042,0.001,0.481,0.77,0.168,0.518,0.001,0.001,0.001,0.001,0.001,0.498,0.718,0.275,0.538,0.001,0.625,0.667,1.139,0.469,0.155,0.125,0.695,0.324,-0.342,-0.799,0.117,-0.48,0,0.001,0,0.001,0,0.001,0,0.001,0,0,0.001,0.001,0,0.001,0,0,0.001,0,0,0,0.001,0.023,0,0.001,0.001,0.001,0,0,0,0,0,0,0.001,0.001,0,0.054,0.001,0.001,0,0,0,0,0.001,0,0,10.602,0.094
10:10.8,13652,0.51,0.62,0.455,0.384,0.335,0.238,0.737,0.536,0.645,0.713,-0.05,-0.27,0.238,0.16,0.684,0.67,-0.554,-0.494,-0.43,-0.514,-0.528,0.477,0.623,0.325,0.001,0.001,0.001,0.001,0.189,0.001,0.242,0.066,0.001,0.001,0.225,0.128,0.073,0.001,0.335,0.381,0.197,0.001,0.001,0.133,0.083,0.031,0.001,0.473,0.773,0.167,0.499,0.001,0.001,0.001,0.001,0.001,0.488,0.718,0.286,0.543,0.001,0.624,0.667,1.142,0.499,0.161,0.131,0.698,0.342,-0.342,-0.799,0.117,-0.48,0,0.001,0,0.001,0,0.001,0,0.001,0,0,0.001,0.001,0,0.001,0,0,0.001,0,0,0,0.001,0.023,0,0.001,0.001,0.001,0,0,0,0,0,0,0.001,0.001,0,0.054,0.001,0.001,0,0,0,0,0.001,0,0,10.311,0.094
10:10.8,13653,0.51,0.621,0.455,0.383,0.339,0.233,0.74,0.533,0.646,0.712,-0.054,-0.271,0.247,0.162,0.684,0.667,-0.556,-0.495,-0.429,-0.512,-0.529,0.476,0.625,0.32,0.001,0.001,0.001,0.001,0.156,0.001,0.239,0.072,0.001,0.001,0.139,0.068,0.062,0.001,0.349,0.385,0.208,0.001,0.001,0.059,0.007,0.011,0.001,0.453,0.779,0.173,0.503,0.001,0.001,0.001,0.001,0.001,0.488,0.717,0.293,0.537,0.001,0.621,0.665,1.156,0.505,0.162,0.132,0.701,0.357,-0.256,-0.836,0.03,-0.485,0,0,0.001,0.001,0.001,0.001,0,0,0.001,0,0.001,0,0,0,0.001,0.001,0,0,0,0,0,0.022,0,0.001,0,0.001,0.001,0,0.001,0.001,0,0.001,0.001,0.001,0,0.055,0.001,0,0,0.001,0.001,0.001,0,0,0.001,10.014,0.098
10:10.8,13654,0.511,0.622,0.454,0.381,0.343,0.228,0.742,0.528,0.646,0.71,-0.058,-0.273,0.254,0.166,0.683,0.665,-0.557,-0.496,-0.427,-0.51,-0.529,0.476,0.625,0.32,0.001,0.001,0.001,0.001,0.156,0.001,0.239,0.072,0.001,0.001,0.139,0.068,0.062,0.001,0.349,0.385,0.208,0.001,0.001,0.059,0.007,0.011,0.001,0.453,0.779,0.173,0.503,0.001,0.001,0.001,0.001,0.001,0.488,0.717,0.293,0.537,0.001,0.621,0.665,1.156,0.505,0.162,0.132,0.701,0.357,-0.245,-0.838,0.023,-0.487,0,0.001,0,0.001,0.001,0.001,0.001,0,0,0,0,0,0.001,0,0,0.001,0,0.001,0,0.001,0.001,0.04,0,0.001,0.001,0,0.001,0.001,0.001,0.001,0,0,0,0,0,0.038,0,0,0.001,0,0,0,0.001,0,0,10.014,0.096
10:10.8,13655,0.512,0.623,0.453,0.379,0.348,0.223,0.745,0.524,0.647,0.708,-0.062,-0.276,0.259,0.17,0.682,0.662,-0.558,-0.498,-0.426,-0.509,-0.529,0.476,0.625,0.32,0.001,0.001,0.001,0.001,0.156,0.001,0.239,0.072,0.001,0.001,0.139,0.068,0.062,0.001,0.349,0.385,0.208,0.001,0.001,0.059,0.007,0.011,0.001,0.453,0.779,0.173,0.503,0.001,0.001,0.001,0.001,0.001,0.488,0.717,0.293,0.537,0.001,0.621,0.665,1.156,0.505,0.162,0.132,0.701,0.357,-0.228,-0.842,0.018,-0.489,0,0.001,0,0,0.001,0.001,0.001,0,0,0,0.001,0,0,0,0,0,0.001,0,0,0.001,0.001,0.02,0,0.001,0,0.001,0,0.001,0.001,0,0.001,0.001,0,0.001,0.001,0.037,0,0,0,0,0,0,0.001,0.001,0,10.014,0.075
10:10.8,13656,0.513,0.624,0.452,0.378,0.352,0.218,0.747,0.52,0.648,0.706,-0.065,-0.28,0.262,0.175,0.681,0.661,-0.559,-0.499,-0.425,-0.508,-0.529,0.476,0.625,0.32,0.001,0.001,0.001,0.001,0.156,0.001,0.239,0.072,0.001,0.001,0.139,0.068,0.062,0.001,0.349,0.385,0.208,0.001,0.001,0.059,0.007,0.011,0.001,0.453,0.779,0.173,0.503,0.001,0.001,0.001,0.001,0.001,0.488,0.717,0.293,0.537,0.001,0.621,0.665,1.156,0.505,0.162,0.132,0.701,0.357,-0.214,-0.846,0.016,-0.488,0,0,0,0.001,0.001,0,0,0,0,0.001,0,0.001,0.001,0.001,0,0,0,0,0.001,0,0.001,0.009,0,0.001,0,0,0,0.001,0.001,0.001,0.001,0,0,0.001,0,0.037,0,0,0,0,0,0.001,0.001,0.001,0,10.014,0.063
10:10.8,13657,0.513,0.625,0.451,0.378,0.357,0.213,0.749,0.516,0.648,0.703,-0.067,-0.284,0.263,0.181,0.681,0.659,-0.559,-0.5,-0.424,-0.507,-0.529,0.476,0.625,0.32,0.001,0.001,0.001,0.001,0.156,0.001,0.239,0.072,0.001,0.001,0.139,0.068,0.062,0.001,0.349,0.385,0.208,0.001,0.001,0.059,0.007,0.011,0.001,0.453,0.779,0.173,0.503,0.001,0.001,0.001,0.001,0.001,0.488,0.717,0.293,0.537,0.001,0.621,0.665,1.156,0.505,0.162,0.132,0.701,0.357,-0.196,-0.85,0.015,-0.488,0,0.001,0,0.001,0.001,0,0.001,0.001,0,0.001,0,0.001,0.001,0.001,0,0,0,0,0,0.001,0.001,0.007,0,0,0,0,0,0.001,0.001,0.001,0.001,0.001,0,0,0.001,0.034,0,0.001,0.001,0.001,0.001,0,0,0.001,0.001,10.014,0.064
10:10.8,13658,0.513,0.626,0.449,0.378,0.362,0.209,0.75,0.512,0.648,0.702,-0.068,-0.288,0.263,0.187,0.68,0.658,-0.559,-0.501,-0.423,-0.507,-0.529,0.476,0.625,0.32,0.001,0.001,0.001,0.001,0.156,0.001,0.239,0.072,0.001,0.001,0.139,0.068,0.062,0.001,0.349,0.385,0.208,0.001,0.001,0.059,0.007,0.011,0.001,0.453,0.779,0.173,0.503,0.001,0.001,0.001,0.001,0.001,0.488,0.717,0.293,0.537,0.001,0.621,0.665,1.156,0.505,0.162,0.132,0.701,0.357,-0.18,-0.853,0.016,-0.489,0.001,0,0,0.001,0.001,0.001,0,0.001,0.001,0,0.001,0.001,0,0,0,0.001,0,0,0,0.001,0,0.009,0.001,0,0,0.001,0,0.001,0.001,0.001,0.001,0,0,0.001,0.001,0.034,0.001,0.001,0,0,0,0.001,0.001,0,0,10.014,0.065
10:10.8,13659,0.513,0.626,0.448,0.378,0.367,0.204,0.752,0.508,0.647,0.701,-0.069,-0.292,0.261,0.194,0.68,0.657,-0.559,-0.501,-0.422,-0.507,-0.529,0.476,0.625,0.32,0.001,0.001,0.001,0.001,0.156,0.001,0.239,0.072,0.001,0.001,0.139,0.068,0.062,0.001,0.349,0.385,0.208,0.001,0.001,0.059,0.007,0.011,0.001,0.453,0.779,0.173,0.503,0.001,0.001,0.001,0.001,0.001,0.488,0.717,0.293,0.537,0.001,0.621,0.665,1.156,0.505,0.162,0.132,0.701,0.357,-0.157,-0.856,0.017,-0.492,0.001,0,0.001,0,0,0,0.001,0,0,0,0.001,0.001,0,0.001,0,0,0.001,0,0,0.001,0.001,0,0,0.001,0,0,0.001,0,0,0,0,0,0.001,0,0.001,0.035,0.001,0,0,0.001,0,0,0,0.001,0,10.014,0.051
10:10.8,13660,0.514,0.626,0.447,0.379,0.373,0.199,0.754,0.503,0.646,0.701,-0.069,-0.294,0.259,0.202,0.678,0.657,-0.56,-0.502,-0.421,-0.508,-0.529,0.481,0.641,0.279,0,0.001,0.001,0.001,0.142,0.001,0.237,0.068,0.001,0.001,0.107,0.065,0.055,0.001,0.354,0.382,0.215,0,0.001,0.027,0.001,0.001,0.001,0.448,0.778,0.176,0.503,0.001,0.001,0.001,0.001,0.001,0.487,0.719,0.298,0.553,0.001,0.621,0.668,1.14,0.513,0.165,0.131,0.698,0.365,-0.157,-0.856,0.017,-0.492,0.001,0,0.001,0,0,0,0.001,0,0,0,0.001,0.001,0,0.001,0,0,0.001,0,0,0.001,0.001,0,0,0.001,0,0,0.001,0,0,0,0,0,0.001,0,0.001,0.035,0.001,0,0,0.001,0,0,0,0.001,0,9.932,0.051
10:10.9,13661,0.514,0.626,0.447,0.379,0.38,0.193,0.755,0.498,0.644,0.702,-0.069,-0.296,0.256,0.211,0.677,0.657,-0.56,-0.502,-0.419,-0.509,-0.529,0.481,0.641,0.279,0,0.001,0.001,0.001,0.142,0.001,0.237,0.068,0.001,0.001,0.107,0.065,0.055,0.001,0.354,0.382,0.215,0,0.001,0.027,0.001,0.001,0.001,0.448,0.778,0.176,0.503,0.001,0.001,0.001,0.001,0.001,0.487,0.719,0.298,0.553,0.001,0.621,0.668,1.14,0.513,0.165,0.131,0.698,0.365,-0.157,-0.856,0.017,-0.492,0.001,0,0.001,0,0,0,0.001,0,0,0,0.001,0.001,0,0.001,0,0,0.001,0,0,0.001,0.001,0,0,0.001,0,0,0.001,0,0,0,0,0,0.001,0,0.001,0.035,0.001,0,0,0.001,0,0,0,0.001,0,9.932,0.051
10:10.9,13662,0.515,0.626,0.447,0.379,0.389,0.187,0.756,0.493,0.642,0.703,-0.068,-0.297,0.251,0.22,0.675,0.658,-0.561,-0.502,-0.417,-0.51,-0.529,0.481,0.641,0.279,0,0.001,0.001,0.001,0.142,0.001,0.237,0.068,0.001,0.001,0.107,0.065,0.055,0.001,0.354,0.382,0.215,0,0.001,0.027,0.001,0.001,0.001,0.448,0.778,0.176,0.503,0.001,0.001,0.001,0.001,0.001,0.487,0.719,0.298,0.553,0.001,0.621,0.668,1.14,0.513,0.165,0.131,0.698,0.365,-0.157,-0.856,0.017,-0.492,0.001,0,0.001,0,0,0,0.001,0,0,0,0.001,0.001,0,0.001,0,0,0.001,0,0,0.001,0.001,0,0,0.001,0,0,0.001,0,0,0,0,0,0.001,0,0.001,0.035,0.001,0,0,0.001,0,0,0,0.001,0,9.932,0.051
10:10.9,13663,0.516,0.625,0.446,0.378,0.397,0.181,0.756,0.487,0.641,0.705,-0.068,-0.296,0.246,0.23,0.672,0.659,-0.562,-0.501,-0.415,-0.511,-0.529,0.481,0.641,0.279,0,0.001,0.001,0.001,0.142,0.001,0.237,0.068,0.001,0.001,0.107,0.065,0.055,0.001,0.354,0.382,0.215,0,0.001,0.027,0.001,0.001,0.001,0.448,0.778,0.176,0.503,0.001,0.001,0.001,0.001,0.001,0.487,0.719,0.298,0.553,0.001,0.621,0.668,1.14,0.513,0.165,0.131,0.698,0.365,-0.157,-0.856,0.017,-0.492,0.001,0,0.001,0,0,0,0.001,0,0,0,0.001,0.001,0,0.001,0,0,0.001,0,0,0.001,0.001,0,0,0.001,0,0,0.001,0,0,0,0,0,0.001,0,0.001,0.035,0.001,0,0,0.001,0,0,0,0.001,0,9.932,0.051
10:10.9,13664,0.519,0.624,0.446,0.376,0.406,0.176,0.756,0.482,0.64,0.706,-0.068,-0.294,0.241,0.238,0.671,0.659,-0.564,-0.5,-0.413,-0.511,-0.529,0.481,0.641,0.279,0,0.001,0.001,0.001,0.142,0.001,0.237,0.068,0.001,0.001,0.107,0.065,0.055,0.001,0.354,0.382,0.215,0,0.001,0.027,0.001,0.001,0.001,0.448,0.778,0.176,0.503,0.001,0.001,0.001,0.001,0.001,0.487,0.719,0.298,0.553,0.001,0.621,0.668,1.14,0.513,0.165,0.131,0.698,0.365,-0.157,-0.856,0.017,-0.492,0.001,0,0.001,0,0,0,0.001,0,0,0,0.001,0.001,0,0.001,0,0,0.001,0,0,0.001,0.001,0,0,0.001,0,0,0.001,0,0,0,0,0,0.001,0,0.001,0.035,0.001,0,0,0.001,0,0,0,0.001,0,9.932,0.051
10:10.9,13665,0.522,0.624,0.446,0.373,0.414,0.172,0.756,0.477,0.639,0.708,-0.068,-0.291,0.236,0.243,0.673,0.658,-0.566,-0.499,-0.412,-0.511,-0.529,0.481,0.641,0.279,0,0.001,0.001,0.001,0.142,0.001,0.237,0.068,0.001,0.001,0.107,0.065,0.055,0.001,0.354,0.382,0.215,0,0.001,0.027,0.001,0.001,0.001,0.448,0.778,0.176,0.503,0.001,0.001,0.001,0.001,0.001,0.487,0.719,0.298,0.553,0.001,0.621,0.668,1.14,0.513,0.165,0.131,0.698,0.365,-0.085,-0.865,0.06,-0.492,0,0,0.001,0.001,0,0,0,0.001,0.001,0,0,0,0,0,0,0.001,0,0.001,0,0,0.001,0,0.001,0.001,0,0.001,0,0,0,0,0,0.001,0,0.001,0,0.035,0,0,0,0.001,0,0,0,0,0.001,9.932,0.049
10:10.9,13666,0.525,0.623,0.445,0.371,0.421,0.168,0.756,0.473,0.64,0.709,-0.069,-0.287,0.232,0.239,0.68,0.652,-0.569,-0.499,-0.41,-0.51,-0.529,0.481,0.641,0.279,0,0.001,0.001,0.001,0.142,0.001,0.237,0.068,0.001,0.001,0.107,0.065,0.055,0.001,0.354,0.382,0.215,0,0.001,0.027,0.001,0.001,0.001,0.448,0.778,0.176,0.503,0.001,0.001,0.001,0.001,0.001,0.487,0.719,0.298,0.553,0.001,0.621,0.668,1.14,0.513,0.165,0.131,0.698,0.365,-0.078,-0.87,0.091,-0.477,1.017,0.783,0.289,0,0.001,0.001,0.001,0.001,0.768,0.84,0.823,0.01,0.001,0.001,0.026,0.001,0,0.514,0.883,0.694,0.001,0.001,0.001,0,0,0.001,0.001,0.175,0.028,0.001,0,0,0.001,0.001,0,0,0.001,0,0.001,0.001,0.001,0.001,0.016,0.001,0.001,9.932,6.888
10:10.9,13667,0.526,0.624,0.444,0.37,0.428,0.164,0.756,0.468,0.641,0.71,-0.07,-0.282,0.227,0.224,0.691,0.648,-0.572,-0.498,-0.408,-0.508,-0.532,0.494,0.642,0.244,0.001,0.001,0.001,0.001,0.02,0.001,0.181,0.071,0.001,0.001,0.001,0.01,0.001,0.001,0.335,0.397,0.238,0.001,0.001,0.001,0.001,0.001,0.001,0.479,0.78,0.219,0.468,0.001,0.001,0.001,0.001,0.001,0.418,0.723,0.328,0.574,0.001,0.536,0.651,1.165,0.559,0.189,0.143,0.613,0.479,-0.08,-0.861,0.151,-0.479,1.013,0.79,0.452,0,0,0.001,0.033,0,0.705,0.833,0.852,0.001,0,0.001,0.083,0.035,0.001,0.447,0.891,0.768,0.001,0.053,0,0.001,0.002,0.001,0.001,0.203,0.095,0,0.001,0,0.001,0,0,0,0,0.001,0,0.001,0.001,0,0.018,0,0,9.598,7.286
10:10.9,13668,0.525,0.625,0.443,0.37,0.435,0.161,0.755,0.463,0.643,0.712,-0.068,-0.273,0.225,0.21,0.698,0.646,-0.573,-0.499,-0.406,-0.507,-0.533,0.498,0.639,0.244,0.001,0.001,0.001,0.001,0.001,0.001,0.107,0.049,0.001,0.001,0.001,0.001,0.001,0.001,0.274,0.42,0.245,0.001,0.001,0.001,0.001,0.001,0.001,0.347,0.795,0.22,0.454,0.001,0.001,0.001,0.001,0.001,0.282,0.665,0.374,0.509,0.001,0.298,0.658,1.233,0.559,0.125,0.143,0.503,0.523,-0.103,-0.852,0.2,-0.474,0.988,0.79,0.565,0.037,0.032,0,0.121,0.001,0.63,0.85,0.846,0.131,0,0.001,0.105,0.051,0.001,0.364,0.884,0.812,0.01,0.028,0.001,0.001,0.011,0.001,0,0.19,0.167,0.001,0,0,0,0.001,0,0,0.001,0,0,0.001,0,0,0.017,0,0,8.807,7.639
10:10.9,13669,0.522,0.627,0.442,0.372,0.442,0.158,0.754,0.46,0.645,0.714,-0.06,-0.264,0.228,0.207,0.698,0.646,-0.571,-0.503,-0.405,-0.506,-0.533,0.504,0.634,0.244,0.001,0.001,0.001,0.001,0.001,0.001,0.081,0.035,0.001,0.001,0.001,0.001,0.001,0.001,0.236,0.372,0.237,0.001,0.001,0.001,0.001,0.001,0.001,0.242,0.779,0.22,0.446,0.001,0.001,0.001,0.001,0.001,0.216,0.662,0.369,0.475,0.001,0.286,0.691,1.247,0.557,0.138,0.149,0.488,0.519,-0.08,-0.847,0.215,-0.48,0.937,0.79,0.629,0.127,0.238,0.045,0.277,0.001,0.534,0.866,0.84,0.339,0.001,0.001,0.252,0.05,0,0.264,0.888,0.795,0.14,0,0.001,0.002,0.022,0.001,0,0.161,0.201,0.01,0.001,0.001,0,0,0.001,0.001,0.001,0,0,0,0.001,0.001,0,0,0,8.469,8.419
10:10.9,13670,0.521,0.628,0.439,0.377,0.45,0.155,0.751,0.457,0.642,0.718,-0.045,-0.263,0.234,0.215,0.693,0.647,-0.567,-0.507,-0.405,-0.507,-0.532,0.512,0.629,0.245,0.001,0.001,0.001,0.001,0.001,0.001,0.06,0.018,0.001,0.001,0.001,0.001,0.001,0.001,0.232,0.358,0.223,0,0.001,0.001,0.001,0.001,0.001,0.211,0.712,0.208,0.436,0.001,0.001,0.001,0.001,0.001,0.167,0.632,0.379,0.449,0.001,0.272,0.75,1.261,0.557,0.171,0.155,0.474,0.513,-0.037,-0.85,0.202,-0.484,0.836,0.769,0.628,0.211,0.357,0.14,0.585,0,0.431,0.862,0.801,0.38,0.001,0,0.407,0.067,0,0.178,0.884,0.801,0.225,0,0.001,0.005,0.017,0,0,0.151,0.234,0.018,0,0.001,0.001,0.001,0.001,0,0.001,0,0,0.001,0,0.001,0,0,0,8.261,8.996
10:11.0,13671,0.521,0.627,0.435,0.383,0.459,0.152,0.748,0.454,0.633,0.725,-0.031,-0.27,0.242,0.231,0.687,0.645,-0.563,-0.509,-0.405,-0.51,-0.529,0.526,0.619,0.246,0.001,0.001,0.001,0.001,0.001,0.001,0.031,0.007,0.001,0.001,0.001,0.001,0.001,0.001,0.233,0.352,0.203,0.001,0.001,0.001,0.001,0.001,0.001,0.175,0.668,0.19,0.436,0.001,0.001,0.001,0.001,0.001,0.15,0.564,0.383,0.414,0.001,0.281,0.78,1.284,0.557,0.183,0.165,0.459,0.502,-0.024,-0.84,0.21,-0.499,0.712,0.735,0.585,0.225,0.388,0.19,0.668,0.001,0.32,0.852,0.799,0.421,0.022,0.046,0.52,0.166,0.001,0.101,0.9,0.814,0.289,0,0.001,0.17,0.031,0.001,0.001,0.153,0.269,0.077,0.001,0.001,0.012,0.001,0,0.001,0,0.001,0.001,0,0,0.001,0,0,0,8.041,9.477
10:11.0,13672,0.521,0.626,0.431,0.389,0.468,0.15,0.745,0.451,0.625,0.728,-0.022,-0.283,0.25,0.251,0.678,0.644,-0.559,-0.51,-0.405,-0.513,-0.525,0.541,0.608,0.247,0.001,0.001,0.001,0.001,0.001,0.001,0.026,0.013,0.001,0.001,0.001,0.001,0.001,0.001,0.206,0.282,0.172,0.001,0.001,0.001,0.001,0.001,0.001,0.156,0.624,0.151,0.413,0.001,0.001,0.001,0.001,0.001,0.176,0.508,0.376,0.403,0.001,0.33,0.755,1.325,0.552,0.2,0.171,0.455,0.487,-0.025,-0.832,0.217,-0.511,0.618,0.702,0.575,0.258,0.426,0.194,0.705,0.001,0.266,0.839,0.791,0.473,0.043,0.059,0.507,0.253,0.001,0.065,0.915,0.816,0.394,0.001,0,0.256,0.186,0.001,0,0.175,0.328,0.159,0.001,0.001,0.033,0.022,0,0.001,0,0.012,0.001,0.005,0.012,0,0,0,0.001,7.805,10.096
10:11.0,13673,0.521,0.625,0.426,0.396,0.476,0.149,0.741,0.449,0.618,0.727,-0.021,-0.301,0.262,0.272,0.669,0.64,-0.559,-0.509,-0.402,-0.517,-0.525,0.541,0.608,0.247,0.001,0.001,0.001,0.001,0.001,0.001,0.026,0.013,0.001,0.001,0.001,0.001,0.001,0.001,0.206,0.282,0.172,0.001,0.001,0.001,0.001,0.001,0.001,0.156,0.624,0.151,0.413,0.001,0.001,0.001,0.001,0.001,0.176,0.508,0.376,0.403,0.001,0.33,0.755,1.325,0.552,0.2,0.171,0.455,0.487,-0.014,-0.825,0.217,-0.522,0.537,0.672,0.58,0.27,0.444,0.211,0.703,0.026,0.237,0.827,0.773,0.541,0.076,0.088,0.495,0.374,0.001,0.061,0.938,0.814,0.441,0.001,0.001,0.28,0.359,0,0,0.197,0.386,0.234,0.001,0.001,0.045,0.123,0.001,0.009,0,0.026,0.096,0.082,0.098,0,0.001,0,0.001,7.805,11.051
10:11.0,13674,0.523,0.624,0.42,0.401,0.484,0.148,0.737,0.447,0.614,0.724,-0.029,-0.313,0.27,0.296,0.661,0.634,-0.56,-0.506,-0.399,-0.52,-0.525,0.541,0.608,0.247,0.001,0.001,0.001,0.001,0.001,0.001,0.026,0.013,0.001,0.001,0.001,0.001,0.001,0.001,0.206,0.282,0.172,0.001,0.001,0.001,0.001,0.001,0.001,0.156,0.624,0.151,0.413,0.001,0.001,0.001,0.001,0.001,0.176,0.508,0.376,0.403,0.001,0.33,0.755,1.325,0.552,0.2,0.171,0.455,0.487,-0.007,-0.815,0.217,-0.537,0.492,0.641,0.571,0.282,0.459,0.21,0.731,0.073,0.223,0.818,0.759,0.576,0.105,0.077,0.459,0.393,0.001,0.1,0.957,0.827,0.515,0.049,0.001,0.282,0.502,0.001,0.001,0.227,0.422,0.344,0.002,0.001,0.06,0.303,0,0.035,0,0.026,0.242,0.332,0.234,0.001,0.01,0,0,7.805,12.344
10:11.0,13675,0.526,0.623,0.413,0.404,0.49,0.147,0.734,0.447,0.614,0.724,-0.044,-0.311,0.266,0.319,0.66,0.625,-0.564,-0.503,-0.395,-0.522,-0.525,0.541,0.608,0.247,0.001,0.001,0.001,0.001,0.001,0.001,0.026,0.013,0.001,0.001,0.001,0.001,0.001,0.001,0.206,0.282,0.172,0.001,0.001,0.001,0.001,0.001,0.001,0.156,0.624,0.151,0.413,0.001,0.001,0.001,0.001,0.001,0.176,0.508,0.376,0.403,0.001,0.33,0.755,1.325,0.552,0.2,0.171,0.455,0.487,0,-0.809,0.214,-0.547,0.473,0.623,0.562,0.283,0.462,0.203,0.692,0.093,0.249,0.819,0.742,0.585,0.132,0.073,0.425,0.4,0.001,0.144,0.955,0.828,0.562,0.153,0.006,0.287,0.527,0.001,0.001,0.26,0.473,0.431,0.021,0.001,0.078,0.363,0,0.027,0.001,0.018,0.306,0.617,0.399,0,0.009,0.039,0,7.805,13.324
10:11.0,13676,0.531,0.623,0.406,0.406,0.494,0.147,0.732,0.446,0.614,0.728,-0.061,-0.297,0.252,0.338,0.663,0.619,-0.569,-0.5,-0.393,-0.521,-0.525,0.541,0.608,0.247,0.001,0.001,0.001,0.001,0.001,0.001,0.026,0.013,0.001,0.001,0.001,0.001,0.001,0.001,0.206,0.282,0.172,0.001,0.001,0.001,0.001,0.001,0.001,0.156,0.624,0.151,0.413,0.001,0.001,0.001,0.001,0.001,0.176,0.508,0.376,0.403,0.001,0.33,0.755,1.325,0.552,0.2,0.171,0.455,0.487,0,-0.809,0.214,-0.547,0.473,0.623,0.562,0.283,0.462,0.203,0.692,0.093,0.249,0.819,0.742,0.585,0.132,0.073,0.425,0.4,0.001,0.144,0.955,0.828,0.562,0.153,0.006,0.287,0.527,0.001,0.001,0.26,0.473,0.431,0.021,0.001,0.078,0.363,0,0.027,0.001,0.018,0.306,0.617,0.399,0,0.009,0.039,0,7.805,13.324
10:11.0,13677,0.536,0.623,0.399,0.407,0.497,0.146,0.73,0.445,0.613,0.733,-0.078,-0.281,0.234,0.352,0.662,0.619,-0.575,-0.498,-0.393,-0.517,-0.525,0.541,0.608,0.247,0.001,0.001,0.001,0.001,0.001,0.001,0.026,0.013,0.001,0.001,0.001,0.001,0.001,0.001,0.206,0.282,0.172,0.001,0.001,0.001,0.001,0.001,0.001,0.156,0.624,0.151,0.413,0.001,0.001,0.001,0.001,0.001,0.176,0.508,0.376,0.403,0.001,0.33,0.755,1.325,0.552,0.2,0.171,0.455,0.487,0,-0.809,0.214,-0.547,0.473,0.623,0.562,0.283,0.462,0.203,0.692,0.093,0.249,0.819,0.742,0.585,0.132,0.073,0.425,0.4,0.001,0.144,0.955,0.828,0.562,0.153,0.006,0.287,0.527,0.001,0.001,0.26,0.473,0.431,0.021,0.001,0.078,0.363,0,0.027,0.001,0.018,0.306,0.617,0.399,0,0.009,0.039,0,7.805,13.324
10:11.0,13678,0.541,0.623,0.392,0.407,0.498,0.146,0.73,0.444,0.612,0.738,-0.1,-0.268,0.214,0.358,0.661,0.624,-0.58,-0.499,-0.394,-0.509,-0.525,0.541,0.608,0.247,0.001,0.001,0.001,0.001,0.001,0.001,0.026,0.013,0.001,0.001,0.001,0.001,0.001,0.001,0.206,0.282,0.172,0.001,0.001,0.001,0.001,0.001,0.001,0.156,0.624,0.151,0.413,0.001,0.001,0.001,0.001,0.001,0.176,0.508,0.376,0.403,0.001,0.33,0.755,1.325,0.552,0.2,0.171,0.455,0.487,0,-0.809,0.214,-0.547,0.473,0.623,0.562,0.283,0.462,0.203,0.692,0.093,0.249,0.819,0.742,0.585,0.132,0.073,0.425,0.4,0.001,0.144,0.955,0.828,0.562,0.153,0.006,0.287,0.527,0.001,0.001,0.26,0.473,0.431,0.021,0.001,0.078,0.363,0,0.027,0.001,0.018,0.306,0.617,0.399,0,0.009,0.039,0,7.805,13.324
10:11.0,13679,0.546,0.623,0.385,0.406,0.499,0.145,0.731,0.442,0.61,0.741,-0.105,-0.261,0.194,0.361,0.659,0.63,-0.586,-0.502,-0.395,-0.499,-0.517,0.699,0.441,0.221,0.001,0.001,0.001,0.001,0.001,0.001,0.027,0.012,0.001,0.001,0.001,0.001,0.001,0.001,0.187,0.21,0.173,0.001,0.001,0.001,0.001,0.001,0.001,0.132,0.602,0.122,0.396,0.001,0.001,0.001,0.001,0.001,0.187,0.397,0.325,0.392,0.001,0.36,0.742,1.357,0.558,0.195,0.156,0.455,0.487,0,-0.809,0.214,-0.547,0.473,0.623,0.562,0.283,0.462,0.203,0.692,0.093,0.249,0.819,0.742,0.585,0.132,0.073,0.425,0.4,0.001,0.144,0.955,0.828,0.562,0.153,0.006,0.287,0.527,0.001,0.001,0.26,0.473,0.431,0.021,0.001,0.078,0.363,0,0.027,0.001,0.018,0.306,0.617,0.399,0,0.009,0.039,0,7.496,13.324
10:11.0,13680,0.551,0.625,0.377,0.404,0.498,0.144,0.733,0.44,0.609,0.741,-0.115,-0.257,0.18,0.363,0.656,0.637,-0.59,-0.506,-0.396,-0.489,-0.521,0.716,0.412,0.216,0.001,0.001,0.001,0.001,0.001,0.001,0.001,0.001,0.001,0.001,0.001,0.024,0.001,0.001,0.032,0.011,0.01,0.001,0.001,0.001,0.001,0.001,0.001,0.018,0.188,0.001,0.165,0.001,0.001,0.001,0.001,0.001,0.063,0.215,0.001,0.283,0.001,0.06,0.236,0.431,0.347,0.001,0.002,0.055,0.227,0,-0.809,0.214,-0.547,0.473,0.623,0.562,0.283,0.462,0.203,0.692,0.093,0.249,0.819,0.742,0.585,0.132,0.073,0.425,0.4,0.001,0.144,0.955,0.828,0.562,0.153,0.006,0.287,0.527,0.001,0.001,0.26,0.473,0.431,0.021,0.001,0.078,0.363,0,0.027,0.001,0.018,0.306,0.617,0.399,0,0.009,0.039,0,2.395,13.324
10:11.1,13681,0.555,0.627,0.369,0.402,0.496,0.142,0.736,0.438,0.609,0.74,-0.125,-0.257,0.172,0.363,0.654,0.641,-0.593,-0.51,-0.397,-0.48,-0.527,0.735,0.369,0.215,0.001,0.001,0.001,0.001,0.001,0.001,0.001,0.001,0.001,0.001,0.001,0.02,0.001,0.001,0.013,0.01,0.002,0.001,0.001,0.001,0.001,0.001,0.001,0.001,0.145,0.001,0.11,0.001,0.001,0.001,0.001,0.001,0.04,0.171,0.001,0.256,0.001,0.009,0.155,0.266,0.288,0.001,0.001,0.082,0.067,0,-0.809,0.214,-0.547,0.473,0.623,0.562,0.283,0.462,0.203,0.692,0.093,0.249,0.819,0.742,0.585,0.132,0.073,0.425,0.4,0.001,0.144,0.955,0.828,0.562,0.153,0.006,0.287,0.527,0.001,0.001,0.26,0.473,0.431,0.021,0.001,0.078,0.363,0,0.027,0.001,0.018,0.306,0.617,0.399,0,0.009,0.039,0,1.664,13.324
10:11.1,13682,0.558,0.631,0.361,0.399,0.493,0.137,0.742,0.434,0.61,0.737,-0.135,-0.257,0.171,0.362,0.653,0.642,-0.594,-0.515,-0.397,-0.473,-0.533,0.747,0.331,0.219,0.001,0.001,0.001,0.001,0.001,0.001,0.001,0.001,0.001,0.001,0.001,0.002,0.001,0.001,0.001,0.009,0.001,0.001,0.001,0.001,0.001,0.001,0.001,0.001,0.1,0.001,0.044,0.001,0.001,0.001,0.001,0.001,0.011,0.123,0.001,0.11,0.001,0.001,0.101,0.106,0.269,0.001,0.001,0.035,0.001,0.045,-0.769,0.165,-0.616,0.466,0.619,0.559,0.277,0.476,0.204,0.686,0.101,0.259,0.817,0.739,0.591,0.147,0.09,0.403,0.393,0.001,0.159,0.949,0.829,0.582,0.182,0.027,0.274,0.537,0,0,0.278,0.488,0.462,0.032,0,0.087,0.38,0.001,0.044,0.001,0.026,0.333,0.774,0.498,0,0.01,0.039,0,0.944,13.82
10:11.1,13683,0.561,0.635,0.352,0.396,0.489,0.13,0.75,0.425,0.611,0.734,-0.145,-0.259,0.177,0.362,0.652,0.642,-0.593,-0.521,-0.398,-0.468,-0.543,0.759,0.277,0.227,0.001,0.001,0.001,0.001,0.001,0.001,0.001,0.001,0.001,0.042,0.001,0.001,0.001,0.001,0.001,0.001,0.001,0.001,0.001,0.001,0.001,0.001,0.001,0.001,0.073,0.001,0.001,0.001,0.001,0.001,0.001,0.001,0.001,0.044,0.001,0.002,0.001,0.001,0.027,0.001,0.105,0.001,0.001,0.001,0.001,0.045,-0.769,0.165,-0.616,0.466,0.619,0.559,0.277,0.476,0.204,0.686,0.101,0.259,0.817,0.739,0.591,0.147,0.09,0.403,0.393,0.001,0.159,0.949,0.829,0.582,0.182,0.027,0.274,0.537,0,0,0.278,0.488,0.462,0.032,0,0.087,0.38,0.001,0.044,0.001,0.026,0.333,0.774,0.498,0,0.01,0.039,0,0.332,13.82
10:11.1,13684,0.564,0.639,0.343,0.394,0.487,0.125,0.759,0.414,0.611,0.731,-0.154,-0.261,0.185,0.364,0.652,0.639,-0.59,-0.525,-0.398,-0.466,-0.552,0.764,0.244,0.229,0,0.001,0.001,0.001,0.001,0.001,0.001,0.001,0.001,0.038,0.065,0.001,0.001,0.001,0.001,0.001,0.001,0.001,0.001,0.001,0.001,0.001,0.001,0.001,0.06,0.001,0.001,0.001,0.001,0.001,0.001,0.001,0.001,0.026,0.001,0.001,0.001,0.009,0.001,0.001,0.001,0.001,0.001,0.001,0.001,0.045,-0.769,0.165,-0.616,0.466,0.619,0.559,0.277,0.476,0.204,0.686,0.101,0.259,0.817,0.739,0.591,0.147,0.09,0.403,0.393,0.001,0.159,0.949,0.829,0.582,0.182,0.027,0.274,0.537,0,0,0.278,0.488,0.462,0.032,0,0.087,0.38,0.001,0.044,0.001,0.026,0.333,0.774,0.498,0,0.01,0.039,0,0.237,13.82
10:11.1,13685,0.567,0.643,0.334,0.392,0.489,0.12,0.765,0.401,0.611,0.729,-0.171,-0.263,0.191,0.367,0.65,0.637,-0.588,-0.528,-0.399,-0.465,-0.554,0.772,0.214,0.226,0.001,0.001,0.001,0.001,0.001,0.001,0.001,0.001,0,0.001,0.057,0.001,0.001,0.001,0.001,0.001,0.001,0.001,0.001,0.001,0.001,0.001,0.001,0.001,0.035,0.001,0.001,0.001,0.001,0.001,0.001,0.001,0.001,0.004,0.001,0.001,0.001,0.018,0.001,0.001,0.001,0.001,0.001,0.001,0.001,0.045,-0.769,0.165,-0.616,0.466,0.619,0.559,0.277,0.476,0.204,0.686,0.101,0.259,0.817,0.739,0.591,0.147,0.09,0.403,0.393,0.001,0.159,0.949,0.829,0.582,0.182,0.027,0.274,0.537,0,0,0.278,0.488,0.462,0.032,0,0.087,0.38,0.001,0.044,0.001,0.026,0.333,0.774,0.498,0,0.01,0.039,0,0.154,13.82
