"Time,s",Activities,Activity Names,"Hip Flexion LT,deg","Hip Flexion RT,deg","Hip Abduction LT,deg","Hip Abduction RT,deg","Hip Rotation Ext LT,deg","Hip Rotation Ext RT,deg","Knee Flexion LT,deg","Knee Flexion RT,deg","Ankle Dorsiflexion LT,deg","Ankle Dorsiflexion RT,deg","Ankle Inversion LT,deg","Ankle Inversion RT,deg","Ankle Abduction LT,deg","Ankle Abduction RT,deg","Pelvic Tilt LT,deg","Pelvic Tilt RT,deg","Pelvic Obliquity LT,deg","Pelvic Obliquity RT,deg","Pelvic Rotation LT,deg","Pelvic Rotation RT,deg","Foot Pitch Down LT,deg","Foot Pitch Down RT,deg","Foot Roll Med LT,deg","Foot Roll Med RT,deg","Foot Rotation Ext LT,deg","Foot Rotation Ext RT,deg","Pelvis Accel Sensor X,mG","Pelvis Accel Sensor Y,mG","Pelvis Accel Sensor Z,mG","Thigh Accel Sensor X LT,mG","Thigh Accel Sensor Y LT,mG","Thigh Accel Sensor Z LT,mG","Shank Accel Sensor X LT,mG","Shank Accel Sensor Y LT,mG","Shank Accel Sensor Z LT,mG","Foot Accel Sensor X LT,mG","Foot Accel Sensor Y LT,mG","Foot Accel Sensor Z LT,mG","Thigh Accel Sensor X RT,mG","Thigh Accel Sensor Y RT,mG","Thigh Accel Sensor Z RT,mG","Shank Accel Sensor X RT,mG","Shank Accel Sensor Y RT,mG","Shank Accel Sensor Z RT,mG","Foot Accel Sensor X RT,mG","Foot Accel Sensor Y RT,mG","Foot Accel Sensor Z RT,mG","Pelvis Rot X,","Pelvis Rot Y,","Pelvis Rot Z,","LT Thigh Rot X,","LT Thigh Rot Y,","LT Thigh Rot Z,","LT Shank Rot X,","LT Shank Rot Y,","LT Shank Rot Z,","LT Foot Rot X,","LT Foot Rot Y,","LT Foot Rot Z,","RT Thigh Rot X,","RT Thigh Rot Y,","RT Thigh Rot Z,","RT Shank Rot X,","RT Shank Rot Y,","RT Shank Rot Z,","RT Foot Rot X,","RT Foot Rot Y,","RT Foot Rot Z,"
78.04,0,,20.9191,4.49402,2.0773,-3.215,-4.45989,-2.69964,35.5063,9.28047,15.0979,-6.67143,-2.00286,-10.7158,-4.3114,5.93916,1.5864,1.5864,1.54106,-1.54106,-1.25796,1.25796,1.1938,13.5957,0.642718,2.10943,-9.32638,2.4366,113.268,132.313,-59.5762,149.881,-607.924,-14.6577,151.883,-93.7796,-99.6364,-0.555815,11.2096,34.2165,-58.5909,-104.973,-106.935,32.7187,-75.176,-69.8256,434.472,970.688,1132.78,-0.34421,-0.512255,-0.410805,0.658041,0.00732445,0.744348,-0.724214,-0.0245982,-0.640531,0.227974,-0.250436,0.694908,0.233656,-0.726727,0.24562,0.217667,-0.691761,0.113472,0.368243,-0.154121,0.848065
78.05,0,,22.0262,4.48288,2.32987,-3.24321,-4.65365,-2.49342,37.2079,9.29981,15.6736,-6.925,-2.54868,-9.96351,-3.9964,5.45279,1.64855,1.64855,1.61023,-1.61023,-1.23598,1.23598,1.24354,13.8897,0.697652,1.2305,-9.08304,2.06974,115.247,100.585,-7.79809,189.478,-508.783,-120.599,88.4013,-28.3453,-87.8692,9.8194,-18.0755,29.2825,-14.6477,-134.27,-103.507,110.353,-61.0322,-48.8341,-388.577,368.691,644.041,-0.344084,-0.511822,-0.41196,0.653286,0.0147101,0.747956,-0.727151,-0.0192882,-0.636692,0.228337,-0.250798,0.695447,0.23176,-0.728117,0.242868,0.216564,-0.692785,0.110846,0.364709,-0.161021,0.849605
78.06,0,,23.0925,4.4127,2.52822,-3.20803,-4.75676,-2.28318,38.7574,9.32773,16.0797,-6.63937,-3.08524,-9.37742,-3.75262,4.96186,1.65857,1.65857,1.74124,-1.74124,-1.28542,1.28542,1.29328,13.661,0.763572,0.494398,-8.92172,1.8562,111.833,55.1946,-5.85604,160.652,-346.204,-158.689,48.8139,99.6408,-51.2478,20.5652,-34.6096,15.1239,8.28694,-154.31,-98.1468,101.06,-59.0711,-79.5814,-984.336,383.266,505.374,-0.343836,-0.511878,-0.413299,0.648727,0.023256,0.751334,-0.729906,-0.0153208,-0.63322,0.228587,-0.251293,0.695893,0.230113,-0.729404,0.240246,0.215464,-0.693635,0.108037,0.359031,-0.164317,0.85186
78.07,0,,24.0947,4.28904,2.6784,-3.10448,-4.75903,-2.12249,40.1122,9.34492,16.3162,-6.32168,-3.53855,-9.04282,-3.53623,4.63533,1.62249,1.62249,1.93501,-1.93501,-1.41177,1.41177,1.33591,13.4242,0.807518,0.0274665,-8.80415,1.8562,127.936,-1.45249,-20.4961,136.723,-144.014,-117.193,70.3425,218.787,-15.1214,26.3086,-19.4767,-0.965356,19.5303,-169.436,-110.344,46.3676,-49.8004,-72.7578,-1068.91,265.155,443.838,-0.343468,-0.512364,-0.414884,0.64439,0.0325338,0.754443,-0.732324,-0.0128178,-0.630331,0.229014,-0.251537,0.696441,0.22871,-0.730564,0.237743,0.214491,-0.694259,0.105476,0.354935,-0.165962,0.853186
78.08,0,,25.0545,4.13976,2.77294,-2.94186,-4.68538,-1.98992,41.2905,9.34922,16.4139,-5.99817,-3.86233,-8.98101,-3.34175,4.48691,1.56761,1.56761,2.15499,-2.15499,-1.61502,1.61502,1.37144,13.2119,0.802025,-0.170293,-8.74673,2.08617,109.388,-33.2257,-30.7741,89.3534,39.0852,-54.1923,21.4497,275.381,16.6061,25.938,12.7509,-9.22452,-6.36078,-183.082,-121.102,5.37245,-24.4248,-32.2272,-969.693,143.05,404.802,-0.342917,-0.513093,-0.416408,0.640342,0.0419326,0.757167,-0.734291,-0.0116583,-0.628084,0.229631,-0.2513,0.697193,0.22749,-0.731483,0.235303,0.213761,-0.694755,0.103218,0.352616,-0.166084,0.853555
78.09,0,,25.9632,3.94926,2.79541,-2.73741,-4.56527,-1.82788,42.3188,9.35351,16.4036,-5.59013,-4.13987,-9.14085,-3.21575,4.43211,1.47214,1.47214,2.39843,-2.39843,-1.89517,1.89517,1.38566,12.9343,0.818505,-0.181279,-8.82602,2.51873,63.483,-56.6471,-20.4961,19.5231,124.997,-5.84933,-63.0086,244.634,52.7325,2.96435,44.9785,24.8847,5.37531,-179.217,-113.28,26.3782,-7.3096,-12.6881,-846.651,69.3117,479.943,-0.342176,-0.51424,-0.417679,0.636456,0.0509067,0.759572,-0.735861,-0.011658,-0.626422,0.229933,-0.251175,0.697917,0.226643,-0.73218,0.233113,0.213205,-0.695281,0.100956,0.351157,-0.164744,0.853447
78.1,0,,26.8662,3.74094,2.72977,-2.52667,-4.41797,-1.58015,43.2112,9.36855,16.2185,-5.03345,-4.4174,-9.4307,-3.15823,4.35447,1.35938,1.35938,2.62937,-2.62937,-2.24674,2.24674,1.42119,12.5423,0.884425,-0.0878929,-9.07757,3.11009,20.4884,-47.3421,-30.7741,-19.5231,157.243,28.3176,-61.0371,210.908,46.8489,-34.09,35.5905,52.7728,15.6332,-157.221,-85.9306,57.1125,10.7564,18.0593,-728.417,14.143,529.759,-0.341268,-0.515594,-0.418482,0.632778,0.0592065,0.761567,-0.737212,-0.0128179,-0.625208,0.230173,-0.251476,0.698455,0.226334,-0.732596,0.23134,0.212652,-0.695759,0.0984524,0.349692,-0.161936,0.853385
78.11,0,,27.791,3.54598,2.61205,-2.30032,-4.27746,-1.22662,43.9595,9.40507,15.8124,-4.29315,-4.72269,-9.71416,-3.13357,4.1581,1.24562,1.24562,2.84661,-2.84661,-2.6862,2.6862,1.52777,11.9626,1.03824,0,-9.49044,3.80548,-10.2442,-21.0157,-40.5142,-27.8464,161.602,37.126,-48.3408,208.986,49.3233,15.1923,54.2264,24.8847,21.0085,-118.667,-34.1866,50.7721,9.27071,47.3542,-722.08,-1.94332,514.165,-0.340182,-0.517018,-0.418925,0.629013,0.0664721,0.763422,-0.738265,-0.0150156,-0.624611,0.230543,-0.2527,0.698708,0.226447,-0.732688,0.230048,0.211866,-0.696087,0.0955258,0.347255,-0.158032,0.853824
78.12,0,,28.7493,3.40338,2.46507,-2.07297,-4.17435,-0.749901,44.566,9.50174,15.247,-3.38381,-5.05573,-9.94859,-3.09249,3.78133,1.14288,1.14288,3.03399,-3.03399,-3.21356,3.21356,1.64858,11.2358,1.26896,0.071413,-10.0427,4.56657,-71.787,7.80714,-29.7881,-26.8672,172.877,56.1536,-54.1764,251.456,74.7273,31.3109,18.4958,-3.43238,9.76515,-79.5886,0,-12.6809,-41.0051,31.2406,-698.258,1.94332,511.758,-0.339013,-0.518346,-0.419035,0.62508,0.0725731,0.765222,-0.739135,-0.0180068,-0.624563,0.230669,-0.254414,0.698966,0.226635,-0.732519,0.229259,0.210763,-0.696196,0.0919838,0.34382,-0.153202,0.854881
78.13,0,,29.7354,3.28084,2.2867,-1.84397,-4.13469,-0.200866,45.0426,9.62205,14.6301,-2.36371,-5.39802,-10.0956,-3.04592,3.27213,1.04165,1.04165,3.20187,-3.20187,-3.8343,3.8343,1.6841,10.3866,1.52165,0.0549331,-10.7728,5.38516,-118.158,38.5818,-3.40606,-37.0878,153.785,68.8501,-79.5691,287.584,101.561,19.083,26.903,0,21.0085,-61.5046,8.2957,-34.6547,-87.8935,33.2137,-620.018,18.0297,476.595,-0.337792,-0.519629,-0.418914,0.620871,0.0772732,0.767056,-0.739906,-0.0214855,-0.625032,0.229933,-0.256118,0.699198,0.226691,-0.73226,0.228461,0.209489,-0.696344,0.0880807,0.339188,-0.148139,0.856545
78.14,0,,30.7273,3.16609,2.08728,-1.62426,-4.16982,0.395037,45.3833,9.77242,13.8539,-1.23577,-5.74031,-10.1191,-2.94731,2.6853,0.922624,0.922624,3.33653,-3.33653,-4.55941,4.55941,1.74095,9.43941,1.79082,-0.0823996,-11.6477,6.29136,-142.565,77.1636,0,-38.5566,124.02,68.3684,-104.015,311.99,126.965,-17.6008,-15.6934,36.5763,30.2809,-67.8507,19.0347,14.6653,-119.152,10.2491,-575.653,0.539811,419.872,-0.336695,-0.520913,-0.418488,0.616423,0.0808144,0.768896,-0.740643,-0.0253921,-0.625952,0.229263,-0.258012,0.699264,0.226392,-0.731973,0.227551,0.208198,-0.696618,0.0839262,0.333152,-0.143259,0.858761
78.15,0,,31.709,3.06917,1.90784,-1.41915,-4.23327,0.99228,45.578,9.9808,12.9337,-0.0174874,-6.10573,-10.0232,-2.77749,2.03681,0.789067,0.789067,3.45353,-3.45353,-5.41086,5.41086,1.81201,8.42688,2.10944,-0.296639,-12.6184,7.27695,-136.706,123.552,-25.8741,-45.4111,72.2324,40.0507,-109.378,274.421,131.859,-5.9287,18.4958,73.2598,17.1114,-54.6814,10.739,25.8942,-140.13,7.81016,-562.54,-22.996,356.975,-0.33577,-0.522119,-0.418049,0.6116,0.0831947,0.770909,-0.741295,-0.0298471,-0.627277,0.228581,-0.260197,0.699414,0.225838,-0.731717,0.226693,0.207041,-0.696811,0.0795327,0.326124,-0.138494,0.861363
78.16,0,,32.6966,2.98896,1.71628,-1.20841,-4.29672,1.55604,45.6449,10.215,11.8182,1.28241,-6.45727,-9.80793,-2.56109,1.34721,0.648493,0.648493,3.56443,-3.56443,-6.41613,6.41613,1.96834,7.33269,2.46101,-0.549331,-13.7203,8.3611,-131.817,150.877,-51.7482,-63.4654,12.1765,27.3542,-85.9567,206.584,122.071,25.3822,-34.1893,11.2625,-20.5158,-52.2479,0.492439,0,-145.003,-38.5849,-528.228,-40.4858,319.823,-0.334924,-0.523232,-0.417694,0.606548,0.0847226,0.772941,-0.741792,-0.0348526,-0.628994,0.228345,-0.262771,0.69938,0.225113,-0.731434,0.225845,0.206006,-0.696757,0.0751997,0.318259,-0.133615,0.864316
78.17,0,,33.6432,2.90764,1.54718,-1.00595,-4.33752,2.02607,45.5597,10.4706,10.6513,2.64642,-6.67929,-9.59694,-2.26253,0.705575,0.491883,0.491883,3.65797,-3.65797,-7.60817,7.60817,2.06072,6.18951,2.70821,-0.76357,-14.9014,9.59583,-111.833,172.846,-58.5902,-78.6432,-35.6276,3.92249,-34.6981,135.769,104.475,31.3109,-5.32456,-46.8734,-68.356,-81.5449,-27.8228,-42.0116,-149.877,-41.0239,-501.566,-54.197,257.763,-0.334313,-0.524207,-0.417449,0.601421,0.0855772,0.774956,-0.742101,-0.0404683,-0.631012,0.228345,-0.264236,0.699807,0.223955,-0.731255,0.224626,0.205454,-0.69669,0.0711705,0.31014,-0.128366,0.867307
78.18,0,,34.5506,2.83522,1.41055,-0.822751,-4.35225,2.41307,45.3285,10.7348,9.48437,4.05124,-6.73018,-9.41152,-1.86809,0.10047,0.325249,0.325249,3.74572,-3.74572,-9.00895,9.00895,2.07493,5.0055,2.82906,-0.889916,-16.1592,11.0003,-79.5866,186.509,-63.9682,-97.1871,-103.05,-9.77182,-7.80708,117.705,93.2579,5.9287,-36.1509,-67.3604,-80.5849,-89.3701,-30.266,-57.1125,-94.7277,-63.002,-476.651,6.80162,212.448,-0.333889,-0.525005,-0.417453,0.596277,0.0860632,0.776949,-0.742045,-0.0466334,-0.633457,0.228466,-0.264418,0.700842,0.222671,-0.731187,0.223342,0.205148,-0.696623,0.0673856,0.302018,-0.122626,0.870223
78.19,0,,35.4126,2.75835,1.27642,-0.670746,-4.34091,2.77731,44.9919,11.0055,8.27119,5.47063,-6.72555,-9.25807,-1.54761,-0.429282,0.134309,0.134309,3.83255,-3.83255,-10.6789,10.6789,2.07493,3.82966,2.95541,-0.928369,-17.7259,12.7223,-58.5938,160.636,-92.2923,-100.614,-164.082,-33.2036,2.9178,119.627,98.1517,-35.2016,-68.7989,-16.6256,-63.9662,-68.3756,-31.7434,-67.3734,-54.6734,-97.1748,-442.776,52.6856,201.668,-0.333515,-0.525787,-0.417566,0.591214,0.0863688,0.778845,-0.741618,-0.0532256,-0.636205,0.228276,-0.264592,0.701613,0.221685,-0.731219,0.222296,0.204972,-0.696526,0.0636036,0.294146,-0.116767,0.872733
78.2,0,,36.2339,2.67814,1.17367,-0.519405,-4.32052,3.08397,44.5173,11.2612,6.94492,6.85213,-6.68855,-9.10462,-1.24083,-0.840297,-0.0821893,-0.0821893,3.89988,-3.89988,-12.7114,12.7114,2.10335,2.67831,3.10373,-0.911889,-19.6425,14.8551,-30.7714,124.506,-90.8283,-87.8845,-197.23,-42.4937,-24.4464,121.068,111.843,-32.2373,-116.159,-15.6602,-74.7168,-48.8124,-21.0044,-76.6663,-57.6448,-139.651,-356.45,29.2578,228.041,-0.333392,-0.526395,-0.417869,0.586318,0.0867331,0.780598,-0.74089,-0.0602454,-0.63926,0.228221,-0.264966,0.702121,0.220967,-0.731084,0.221517,0.204782,-0.696503,0.0600002,0.286457,-0.111274,0.874752
78.21,0,,36.9909,2.5712,1.09876,-0.391296,-4.31372,3.3384,43.9372,11.4932,5.55182,8.21615,-6.52203,-9.00872,-0.898437,-1.11202,-0.350307,-0.350307,3.9468,-3.9468,-15.1889,15.1889,2.1531,1.55146,3.18613,-0.785543,-21.9666,17.5162,-11.2143,61.05,-94.7124,-88.3742,-205.047,-59.56,-46.8425,102.523,128.395,-0.926359,-131.292,-83.0207,-103.52,-59.0711,-29.3001,-73.7139,-35.6566,-146.009,-226.633,-3.45479,205.541,-0.333463,-0.527021,-0.418248,0.581572,0.0871626,0.782266,-0.739855,-0.0674482,-0.642559,0.228649,-0.264723,0.702611,0.220233,-0.731079,0.2206,0.204721,-0.696624,0.056643,0.279068,-0.105902,0.876206
78.22,0,,37.7159,2.4442,1.03776,-0.292062,-4.34545,3.54864,43.2659,11.6844,4.13816,9.59765,-6.23062,-8.94478,-0.468393,-1.28556,-0.663027,-0.663027,3.97423,-3.97423,-18.2706,18.2706,2.19573,0.359286,3.17514,-0.505384,-24.8348,20.8316,1.94019,12.7093,-105.468,-87.3949,-187.534,-62.4846,-47.3945,63.993,134.278,-2.03799,-67.3977,-83.0207,-94.7399,-67.3735,-59.5662,-59.0969,-8.31987,-152.339,-158.665,-36.1673,157.19,-0.33357,-0.527609,-0.418718,0.577053,0.0880168,0.783789,-0.738703,-0.0746516,-0.645923,0.229445,-0.263504,0.703289,0.219491,-0.73129,0.219369,0.204721,-0.696746,0.0535911,0.271682,-0.100286,0.877305
78.23,0,,38.4,2.29937,0.982105,-0.223693,-4.41343,3.72138,42.4993,11.8455,2.68338,11.02,-5.8837,-8.94691,-0.0630002,-1.3769,-1.03538,-1.03538,3.9724,-3.9724,-22.1104,22.1104,2.24547,-0.930877,3.16415,0.00549331,-28.5123,24.9464,1.94019,-13.6625,-100.598,-100.125,-171.9,-55.1902,-45.423,24.8862,117.177,-27.7908,-25.3617,-37.6489,-71.7604,-75.6759,-76.1765,-28.3143,-5.34849,-76.6492,-100.532,-38.5425,106.433,-0.333637,-0.528228,-0.419213,0.572777,0.0891759,0.785187,-0.737344,-0.0819135,-0.649388,0.230239,-0.262102,0.703658,0.218946,-0.731672,0.218092,0.204908,-0.696943,0.0508454,0.264301,-0.0941841,0.878115
78.24,0,,39.0302,2.11221,0.949998,-0.163289,-4.51881,3.88342,41.6678,11.9722,1.16691,12.4568,-5.59229,-9.01298,0.295827,-1.44312,-1.49895,-1.49895,3.90902,-3.90902,-26.9554,26.9554,2.37338,-2.36802,3.2905,0.851463,-33.2726,30.0688,2.91029,-8.30643,-100.598,-120.137,-157.694,-48.343,-51.7317,-12.2029,109.864,-26.8644,-28.3042,30.2478,-41.0315,-86.9367,-64.9451,-20.0378,-22.4636,-44.422,-85.4519,-29.2578,45.9431,-0.333808,-0.528941,-0.419747,0.568678,0.0907004,0.786518,-0.735892,-0.0890567,-0.652818,0.230727,-0.26143,0.703535,0.218763,-0.732039,0.216871,0.205026,-0.697173,0.0481588,0.257147,-0.0876484,0.87862
78.25,0,,39.6239,1.90946,0.932161,-0.125122,-4.71031,4.03875,40.7571,12.0818,-0.411246,13.8791,-5.29625,-9.09184,0.684784,-1.46367,-2.04195,-2.04195,3.7381,-3.7381,-33.0749,33.0749,2.60077,-4.02563,3.56517,2.1314,-39.337,36.4641,4.88928,3.40427,-104.004,-123.993,-134.769,-51.2677,-51.2586,-40.0677,80.5559,43.9094,-16.1138,3.86143,-6.85352,-99.104,-26.8569,5.85645,-41.0051,-14.1679,-106.432,-41.9973,8.26767,-0.334004,-0.529694,-0.42013,0.564786,0.0925339,0.787759,-0.734203,-0.0960098,-0.656382,0.231217,-0.261066,0.703236,0.218823,-0.7324,0.215771,0.205216,-0.69732,0.0456579,0.25019,-0.081057,0.87887
78.26,0,,40.184,1.70893,0.913967,-0.0783256,-4.9086,4.19677,39.7654,12.2043,-1.97912,15.2577,-4.91233,-9.21332,1.12305,-1.44312,-2.6709,-2.6709,3.42002,-3.42002,-40.9523,40.9523,2.94185,-6.13235,3.93871,4.14195,-47.1159,44.6172,8.76966,30.2753,-103.526,-140.15,-117.18,-64.4459,-62.5355,-74.1781,61.0355,0.926359,-6.3054,-21.9887,-3.40436,-113.753,2.93569,23.4258,-68.8766,26.856,-103.591,-57.112,-11.7213,-0.334191,-0.530433,-0.420562,0.561208,0.0946741,0.788829,-0.732284,-0.103095,-0.659953,0.231765,-0.260026,0.70323,0.219002,-0.732693,0.214791,0.205456,-0.69755,0.0430323,0.243726,-0.0747719,0.878707
78.27,0,,40.7062,1.51063,0.917892,-0.0315294,-5.14428,4.37755,38.7027,12.3439,-3.56756,16.5605,-4.47753,-9.34545,1.56131,-1.41115,-3.33919,-3.33919,2.86885,-2.86885,-50.9445,50.9445,3.64534,-9.38226,4.6858,7.6357,-57.0219,54.8071,5.85938,58.0996,-94.2344,-143.088,-105.981,-65.9254,-70.3425,-108.865,42.01,-20.0094,10.7892,5.36309,-8.28694,-121.578,21.4779,16.6014,-109.882,25.4036,-54.6368,-85.3981,-1.98843,-0.334433,-0.531101,-0.420865,0.557906,0.0970536,0.789797,-0.730081,-0.110235,-0.663549,0.232314,-0.258805,0.70323,0.219185,-0.732875,0.213814,0.205697,-0.697599,0.0402238,0.238047,-0.0688504,0.878209
78.28,0,,41.173,1.31791,0.930734,0.00962476,-5.3777,4.52351,37.577,12.5072,-5.21255,17.8021,-4.05661,-9.55431,1.94753,-1.33123,-3.96363,-3.96363,2.02642,-2.02642,-63.1615,63.1615,5.64921,-16.3965,6.81172,15.2879,-69.1645,66.96,0,75.6657,-97.6703,-133.296,-95.2325,-60.5578,-76.6513,-155.755,19.5204,-18.1566,-1.96168,19.5217,-11.7361,-124.011,35.1526,8.32488,-157.721,37.1051,81.5181,-108.934,59.5482,-0.334803,-0.531717,-0.421113,0.555017,0.0996137,0.790562,-0.727475,-0.117502,-0.667229,0.232862,-0.258254,0.703041,0.219381,-0.73298,0.212972,0.206186,-0.697602,0.0375383,0.233221,-0.0629899,0.877342
78.29,0,,41.5756,1.13186,0.951425,0.0477919,-5.60659,4.6226,36.3723,12.6919,-6.88837,19.0612,-3.62643,-9.85695,2.2954,-1.19423,-4.39236,-4.39236,0.94237,-0.94237,-76.7518,76.7518,15.9883,-42.0446,17.3204,41.9249,-82.5539,79.0746,7.79957,87.8757,-98.6264,-115.731,-71.2552,-52.2311,-53.7032,-225.129,-3.90407,12.2279,20.4575,-3.43238,-39.0606,-122.055,21.4779,-3.92044,-150.411,18.5526,215.925,-113.792,62.0599,-0.335221,-0.532313,-0.421285,0.552522,0.102179,0.791184,-0.724575,-0.124944,-0.670862,0.233413,-0.257951,0.702803,0.219491,-0.733059,0.212166,0.207048,-0.697507,0.0350981,0.2289,-0.0567061,0.876167
78.3,0,,41.9228,0.949159,0.964981,0.07733,-5.81168,4.65876,35.125,12.9024,-8.57962,20.3728,-3.17775,-10.2747,2.62409,-1.02069,-4.51214,-4.51214,-0.213275,0.213275,-90.1115,90.1115,161.262,235.887,162.762,125.264,-83.4781,79.989,9.27411,83.9721,-106.454,-112.304,-43.4446,-22.4683,-17.1125,-252.417,-38.106,37.6102,49.3222,12.2278,-58.0982,-114.277,6.83732,-26.3782,-132.821,-6.82361,338.311,-90.3644,131.341,-0.335776,-0.532871,-0.421352,0.550502,0.104924,0.791541,-0.72143,-0.132579,-0.674369,0.234081,-0.257581,0.70267,0.21943,-0.733121,0.211312,0.208392,-0.697448,0.0329618,0.224861,-0.0497452,0.874783
78.31,0,,42.2466,0.756431,0.957846,0.116825,-5.96918,4.68018,33.898,13.1366,-10.2092,21.8272,-2.7337,-10.7435,2.85144,-0.853997,-4.36731,-4.36731,-1.24461,1.24461,-101.834,101.834,173.15,208.329,174.825,154.252,-71.9753,69.9305,2.44464,67.8585,-125.965,-116.71,-21.9478,3.92249,-3.94297,-276.342,-64.9396,-8.33723,-8.26707,-0.965356,-75.2096,-100.583,5.37895,-13.1649,-99.1253,-9.75585,477.525,-52.6856,98.5841,-0.336384,-0.533417,-0.421411,0.548801,0.107795,0.791675,-0.718004,-0.140268,-0.677779,0.234394,-0.257406,0.70245,0.21931,-0.733128,0.210337,0.209977,-0.697381,0.0307031,0.220349,-0.0419335,0.873278
78.32,0,,42.5529,0.577071,0.938226,0.127777,-6.08136,4.6842,32.6812,13.3858,-11.8233,23.4331,-2.29427,-11.1421,2.98292,-0.705575,-4.05935,-4.05935,-2.0514,2.0514,-111.491,111.491,175.353,201.796,177.198,162.256,-62.3481,60.2936,-3.41474,57.1464,-125.965,-120.137,-3.90851,28.7994,-23.4212,-276.823,-66.4242,-15.1923,-38.1126,-5.8994,-75.7023,-88.8453,-4.88651,-32.2347,-91.2809,-44.9153,485.393,38.5425,26.8961,-0.337052,-0.533778,-0.421468,0.547395,0.11048,0.791611,-0.714332,-0.148079,-0.681066,0.234695,-0.257462,0.70207,0.219246,-0.733181,0.209358,0.211745,-0.69719,0.0284443,0.214668,-0.0336316,0.871919
78.33,0,,42.8461,0.384343,0.890066,0.14238,-6.13688,4.68018,31.5028,13.6328,-13.3963,25.0973,-1.85022,-11.4127,3.05962,-0.536602,-3.71581,-3.71581,-2.65619,2.65619,-119.044,119.044,176.191,199.722,178.17,165.7,-54.8181,52.428,-16.608,48.3407,-111.324,-123.993,23.9021,30.7606,-43.4515,-243.673,-64.4447,-6.29924,-46.9402,0,-49.8112,-79.1114,-0.492439,-25.4102,-63.9441,-84.4594,446.273,76.2213,-11.198,-0.33767,-0.534157,-0.4216,0.546119,0.112923,0.791436,-0.710525,-0.155887,-0.684158,0.234999,-0.257461,0.701701,0.219254,-0.733268,0.208267,0.213628,-0.696976,0.0261236,0.207899,-0.0259416,0.87066
78.34,0,,43.1116,0.182702,0.827636,0.156651,-6.14481,4.6534,30.3448,13.8713,-14.9591,26.7615,-1.37841,-11.5065,3.0651,-0.305978,-3.3868,-3.3868,-3.11077,3.11077,-124.823,124.823,176.568,199.167,178.621,167.42,-49.0599,46.1996,-40.0455,28.3236,-100.09,-128.889,58.6277,28.7994,-82.4869,-201.203,-51.2478,-1.48217,-54.6468,-25.8501,-45.9141,-112.321,-16.1179,-13.1649,-69.8275,-100.573,405.186,-5.82996,-74.1997,-0.338282,-0.534586,-0.421784,0.54496,0.115181,0.791193,-0.706594,-0.163769,-0.687061,0.235553,-0.257345,0.701167,0.219189,-0.733439,0.207043,0.215593,-0.696771,0.0239277,0.199961,-0.0194712,0.869549
78.35,0,,43.3304,-0.0623861,0.760213,0.14238,-6.13122,4.60118,29.2029,14.1012,-16.4858,28.3733,-0.892731,-11.4937,3.00483,-0.0365346,-3.07558,-3.07558,-3.46633,3.46633,-129.147,129.147,176.746,199.265,178.841,168.298,-44.7207,41.3729,-50.7942,20.0171,-95.2204,-140.64,74.1866,26.8725,-111.823,-139.132,-34.6418,-0.926359,-52.6851,-16.6256,-68.8488,-140.616,-50.2856,-4.88844,-82.545,-99.1205,356.013,-77.6248,-191.412,-0.339015,-0.535136,-0.421907,0.543852,0.117072,0.790935,-0.702562,-0.171581,-0.689805,0.236164,-0.257161,0.700433,0.219067,-0.733804,0.205517,0.217779,-0.696553,0.0218512,0.191598,-0.0140998,0.868572
78.36,0,,43.5113,-0.339781,0.684584,0.130764,-6.10515,4.52083,28.0773,14.3267,-17.9869,29.918,-0.379295,-11.4191,2.92814,0.219208,-2.79093,-2.79093,-3.76491,3.76491,-132.421,132.421,176.838,199.665,178.917,168.727,-41.4397,37.6277,-55.179,15.6143,-115.238,-137.212,75.1637,34.6831,-109.851,-105.502,-11.2173,9.8194,-53.2456,-40.545,-112.792,-152.354,-59.0737,-37.1231,-100.076,-104.492,297.443,-83.4548,-238.297,-0.339795,-0.535846,-0.422012,0.542561,0.118229,0.790801,-0.698511,-0.179267,-0.692346,0.236885,-0.256722,0.699669,0.219197,-0.734137,0.20412,0.220165,-0.696264,0.0198985,0.183303,-0.00940014,0.867804
78.37,0,,43.6703,-0.638343,0.61823,0.108196,-6.10969,4.40165,26.9801,14.5459,-19.4365,31.3257,0.129515,-11.2806,2.8624,0.497784,-2.53308,-2.53308,-4.0181,4.0181,-134.947,134.947,176.895,200.122,178.928,168.903,-38.8941,34.6654,-56.6536,27.325,-122.08,-138.681,92.7521,22.4683,-77.1244,-108.865,-10.2276,-2.40853,-9.80839,0,-112.299,-137.705,-39.5466,-41.5276,-22.9391,-27.8425,263.131,-84.9663,-318.358,-0.3406,-0.536598,-0.422149,0.541058,0.118723,0.790834,-0.694496,-0.186473,-0.69474,0.237564,-0.256242,0.698836,0.219803,-0.734425,0.203017,0.222789,-0.695958,0.0181283,0.175358,-0.00592054,0.867206
78.38,0,,43.7987,-0.933563,0.560438,0.0643863,-6.15728,4.32264,25.8849,14.7886,-20.8399,32.5848,0.661454,-11.0739,2.82679,0.728409,-2.29077,-2.29077,-4.23259,4.23259,-136.92,136.92,176.93,200.539,178.895,168.925,-36.9173,32.3,-67.3634,41.4868,-126.951,-184.582,69.301,5.36762,-77.1244,-139.612,-12.2071,21.4915,26.3425,0,-45.4214,-132.314,18.5612,-27.8303,58.5957,40.0373,176.805,-75.6815,-327.672,-0.341398,-0.537399,-0.422155,0.539415,0.118602,0.791024,-0.690382,-0.193363,-0.697096,0.238241,-0.255577,0.698181,0.220651,-0.734709,0.202217,0.225412,-0.695707,0.0161139,0.167972,-0.00366218,0.866838
78.39,0,,43.9095,-1.22433,0.48695,0.0292062,-6.21393,4.3588,24.812,15.0636,-22.2073,33.6632,1.17489,-10.7819,2.78296,0.838013,-2.07703,-2.07703,-4.42363,4.42363,-138.502,138.502,176.938,200.849,178.857,168.892,-35.3232,30.4055,-63.483,63.4557,-141.591,-178.707,42.0165,5.36762,-82.4869,-185.541,-0.494883,1.48217,26.903,19.5217,3.40436,-127.924,29.3001,21.0058,42.9662,124.524,204.997,-118.65,-332.067,-0.342133,-0.538195,-0.422218,0.537749,0.117926,0.791242,0.686241,0.199897,0.699364,0.23884,-0.255076,0.697476,0.221443,-0.735011,0.201362,0.227553,-0.695477,0.0131844,0.161628,-0.00256359,0.866616
78.4,0,,44.0262,-1.49727,0.415959,0.0295381,-6.27852,4.51146,23.7615,15.3665,-23.5438,34.5696,1.65132,-10.4601,2.70901,0.840297,-1.88334,-1.88334,-4.57901,4.57901,-139.793,139.793,176.93,201.037,178.819,168.914,-33.9862,28.8587,-52.2299,90.3267,-158.681,-153.798,18.5654,-8.29229,-68.3711,-203.605,-3.90407,-27.4202,9.24791,38.0779,-5.37531,-123.534,57.6153,31.7507,-36.132,94.2426,270.124,-121.134,-261.217,-0.342792,-0.538909,-0.422203,0.535977,0.116888,0.791544,0.682109,0.206311,0.701459,0.239338,-0.254842,0.69671,0.222176,-0.735073,0.200508,0.229202,-0.695053,0.00946107,0.156806,-0.00207528,0.86637
78.41,0,,44.1166,-1.75795,0.370653,0.0441411,-6.32271,4.70161,22.7332,15.7124,-24.8496,35.4178,2.12313,-10.2683,2.65696,0.735259,-1.70092,-1.70092,-4.70789,4.70789,-140.853,140.853,176.895,201.216,178.747,169.057,-32.9527,27.6486,-45.4005,103.036,-121.573,-170.383,-41.0394,5.84933,-93.2906,-220.228,26.3937,-11.3016,18.4958,24.4557,22.9347,-104.973,64.4527,43.9476,-139.18,73.7169,536.096,-149.852,-217.262,-0.343597,-0.539476,-0.422278,0.534202,0.115361,0.791904,0.678009,0.212534,0.703401,0.240065,-0.254531,0.696146,0.222788,-0.735017,0.199654,0.230665,-0.694498,0.00518829,0.153635,-0.000854545,0.865898
78.42,0,,44.1779,-2.04983,0.315715,0.0912693,-6.33404,4.85829,21.782,16.0582,-26.0833,36.4291,2.5348,-10.1958,2.60218,0.566287,-1.51624,-1.51624,-4.82946,4.82946,-141.754,141.754,176.831,201.616,178.67,169.161,-32.1133,26.6219,-36.6308,111.342,-117.688,-169.894,-72.2324,13.6599,-146.521,-263.659,38.106,5.37288,34.1893,43.9773,34.178,-110.365,49.3196,37.1231,-162.594,55.1644,680.556,-99.6491,-316.369,-0.344498,-0.540063,-0.422321,0.532566,0.113716,0.792165,0.67416,0.218453,0.705045,0.240916,-0.254345,0.695709,0.223341,-0.734784,0.198559,0.232365,-0.693859,0.000976578,0.150333,0.00213628,0.865376
78.43,0,,44.1969,-2.34728,0.280041,0.149018,-6.36463,4.92122,20.8815,16.4256,-27.2708,37.6416,2.90022,-10.2299,2.59122,0.383614,-1.31002,-1.31002,-4.93579,4.93579,-142.594,142.594,176.732,202.253,178.599,169.21,-31.3641,25.6692,-22.4674,108.891,-122.558,-173.321,-103.5,23.4317,-157.719,-288.545,29.3081,19.4535,64.4552,35.6109,-2.46368,-113.275,11.7238,42.9796,-119.152,61.0289,610.402,29.7976,-323.276,-0.345602,-0.540621,-0.422266,0.531083,0.112003,0.792383,0.670642,0.223832,0.706411,0.241897,-0.254349,0.695356,0.22358,-0.734462,0.197273,0.234627,-0.69326,-0.00280771,0.146313,0.00671441,0.864877
78.44,0,,44.1706,-2.66589,0.241513,0.194487,-6.44395,4.96274,20.0155,16.8187,-28.3914,38.9735,3.17775,-10.2022,2.63231,0.237475,-1.087,-1.087,-5.02719,5.02719,-143.325,143.325,176.632,202.98,178.571,169.122,-30.7243,24.7575,-16.608,106.44,-114.252,-182.134,-119.661,37.126,-130.828,-287.584,0.989765,-15.5628,32.2276,62.9627,-24.9056,-93.7599,17.5763,33.6867,-76.6617,37.1051,486.267,80.108,-362.312,-0.346884,-0.54117,-0.422083,0.529945,0.11042,0.792415,0.667456,0.228528,0.707559,0.242688,-0.254773,0.695042,0.223896,-0.734072,0.196001,0.237192,-0.692656,-0.00665311,0.141238,0.0112917,0.864398
78.45,0,,44.121,-2.99119,0.217968,0.22668,-6.5312,5.00425,19.2165,17.2355,-29.4709,40.3608,3.37203,-10.0253,2.67066,0.114171,-0.866996,-0.866996,-5.10641,5.10641,-143.885,143.885,176.476,203.756,178.571,168.842,-30.2513,23.9855,-27.3567,95.6828,-110.846,-194.313,-139.128,23.9134,-153.303,-263.179,-22.4347,-19.4535,-10.7892,43.012,-5.37531,-79.5886,38.5807,13.6489,-70.7783,30.2815,346.616,105.479,-451.164,-0.348341,-0.541647,-0.421953,0.529019,0.109014,0.792338,0.664608,0.232625,0.708496,0.243419,-0.255871,0.694551,0.224257,-0.733689,0.194776,0.239752,-0.691913,-0.0107425,0.135201,0.0153207,0.864062
78.46,0,,43.9956,-3.341,0.219395,0.269493,-6.60485,5.03237,18.4153,17.6673,-30.5248,41.6695,3.5478,-9.71202,2.68983,0.0639356,-0.640976,-0.640976,-5.18532,5.18532,-144.231,144.231,176.277,204.45,178.538,168.397,-29.9997,23.3832,-14.629,99.1325,-114.76,-170.873,-153.785,22.95,-188.474,-270.001,-18.5306,-12.7838,-39.5138,-8.25916,-16.6187,-64.9401,43.4483,-20.5218,-81.0593,-19.5391,264.223,32.1727,-461.943,-0.350008,-0.542165,-0.421792,0.528476,0.107795,0.792165,0.661916,0.236529,0.709283,0.244397,-0.257031,0.693942,0.224566,-0.733213,0.193497,0.242384,-0.691139,-0.0149544,0.128852,0.0178843,0.863817
78.47,0,,43.8176,-3.69526,0.256853,0.325582,-6.6887,5.06049,17.6021,18.1184,-31.5529,42.8324,3.73744,-9.31988,2.72544,0.0890532,-0.424227,-0.424227,-5.25753,5.25753,-144.357,144.357,176.064,204.972,178.445,167.859,-29.9669,22.967,-7.33392,80.5678,-168.959,-140.64,-139.654,16.5846,-134.297,-291.524,-49.3233,-11.6721,-61.0923,-36.5763,-81.5256,-63.4609,16.1179,-39.0592,-86.9426,-1.94569,256.356,-111.849,-517.096,-0.351756,-0.542679,-0.421582,0.528235,0.10688,0.791986,0.659478,0.240193,0.709837,0.245552,-0.257943,0.69326,0.224617,-0.73269,0.192023,0.245076,-0.690364,-0.0192887,0.12293,0.0187996,0.863562
78.48,0,,43.6003,-4.03615,0.334622,0.38134,-6.76009,5.11406,16.7746,18.5717,-32.5347,43.8642,3.94559,-8.94904,2.7227,0.10047,-0.239552,-0.239552,-5.30719,5.30719,-144.291,144.291,175.843,205.397,178.291,167.332,-30.1091,22.759,-5.35493,66.406,-183.091,-152.819,-113.272,-3.92249,-45.8961,-295.944,-71.2631,-11.3016,-43.4372,-26.8155,-117.675,-69.3299,13.1822,-57.5965,-75.7108,-67.8799,270.561,-154.818,-573.714,-0.353411,-0.543057,-0.421346,0.528465,0.10645,0.791782,0.657195,0.243785,0.710237,0.246901,-0.258559,0.692482,0.224618,-0.732145,0.190376,0.247704,-0.689578,-0.0238059,0.118048,0.019105,0.863264
78.49,0,,43.4019,-4.33694,0.426304,0.441743,-6.76462,5.14218,15.9836,19.0078,-33.46,44.7502,4.14449,-8.63362,2.64327,0.102754,-0.124537,-0.124537,-5.3337,5.3337,-144.022,144.022,175.595,205.707,178.093,166.804,-30.4454,22.8028,-11.7188,57.1464,-162.117,-160.652,-89.3697,5.36762,-55.2015,-301.805,-72.2529,-4.44652,-31.2467,-7.83011,-101.056,-85.9347,-11.2314,-49.8041,-87.8935,-60.5356,262.257,-146.937,-582.504,-0.354807,-0.543167,-0.421337,0.529081,0.106573,0.791486,0.654938,0.247448,0.710604,0.248422,-0.259164,0.691613,0.224561,-0.731669,0.188487,0.250439,-0.688815,-0.0281996,0.114323,0.0188606,0.86301
78.5,0,,43.1816,-4.62659,0.51763,0.474932,-6.69437,5.17298,15.2292,19.4417,-34.3339,45.4846,4.31101,-8.35443,2.44331,0.0799195,-0.043851,-0.043851,-5.34406,5.34406,-143.511,143.511,175.317,205.92,177.863,166.26,-30.9786,23.1422,-17.5781,41.0329,-175.293,-153.798,-74.7128,1.96125,-88.8745,-288.545,-48.8284,-8.70777,-39.0935,15.1239,-101.549,-118.667,-51.2705,-7.30847,-86.4078,-72.2645,258.323,-153.306,-582.504,-0.356171,-0.543138,-0.421362,0.530178,0.107061,0.790995,0.652759,0.251301,0.710869,0.249958,-0.259907,0.690481,0.224504,-0.731317,0.186476,0.253188,-0.688028,-0.0326557,0.111822,0.0180062,0.862833
78.51,0,,42.9701,-4.89062,0.606101,0.48854,-6.57879,5.16628,14.5234,19.8714,-35.1256,46.0676,4.4359,-8.13491,2.22692,0.0753527,-0.0210485,-0.0210485,-5.33218,5.33218,-142.748,142.748,175.026,206.01,177.594,165.7,-31.7742,23.7829,-10.7487,41.0329,-158.203,-130.358,-11.1994,17.5824,-85.9567,-273.94,-30.2978,16.1186,-22.9797,-7.2938,-91.2907,-127.924,-42.9748,3.43643,-50.8106,-62.0154,303.78,-211.39,-560.108,-0.35738,-0.542876,-0.421531,0.531584,0.107672,0.790387,0.650918,0.254959,0.710919,0.251543,-0.260577,0.689378,0.224675,-0.731034,0.184452,0.256238,-0.687167,-0.0369891,0.110597,0.0164187,0.862683
78.52,0,,42.7761,-5.13348,0.68494,0.490531,-6.42129,5.12209,13.8967,20.2903,-35.835,46.5222,4.55617,-8.04114,1.99683,0.0342512,-0.0473591,-0.0473591,-5.30933,5.30933,-141.77,141.77,174.699,206.042,177.258,165.2,-32.7886,24.7329,-7.79957,45.3903,-138.185,-142.598,44.9479,44.4205,-91.3191,-245.595,-27.8234,11.6721,4.34372,-14.1586,-45.9141,-128.926,-31.2509,4.40444,-6.83418,-36.146,421.359,-231.903,-536.666,-0.358476,-0.542445,-0.421895,0.533104,0.10822,0.789706,0.649378,0.258311,0.710843,0.253312,-0.261064,0.688215,0.225106,-0.730801,0.182563,0.259407,-0.686177,-0.0411389,0.111026,0.014954,0.862511
78.53,0,,42.604,-5.38637,0.753078,0.494182,-6.24793,5.06451,13.3815,20.692,-36.457,46.9769,4.63943,-8.13918,1.75305,-0.102754,-0.09121,-0.09121,-5.27155,5.27155,-140.589,140.589,174.344,206.173,176.885,164.761,-33.9999,25.9594,-2.44464,38.5818,-120.616,-117.689,76.667,60.5578,-108.905,-186.983,17.1009,0.926359,0,-1.93071,-6.36078,-114.277,-24.906,4.40444,52.2369,-32.2272,602.971,-186.019,-510.293,-0.359591,-0.541919,-0.422219,0.534573,0.108648,0.788981,0.648096,0.261301,0.71072,0.255081,-0.261673,0.687053,0.225779,-0.73044,0.180672,0.262647,-0.685214,-0.0452293,0.112676,0.0147712,0.862224
78.54,0,,42.4392,-5.64928,0.803735,0.50613,-6.07456,5.01362,12.9922,21.0873,-36.9865,47.5307,4.68106,-8.30328,1.52296,-0.337945,-0.140323,-0.140323,-5.23041,5.23041,-139.172,139.172,173.939,206.532,176.467,164.211,-35.449,27.4487,15.6379,48.84,-146.969,-105.939,104.478,73.736,-127.437,-188.52,41.5152,1.48217,34.6096,10.2971,-21.0085,-85.9347,-33.2017,-10.2609,109.882,3.42551,657.608,-85.3981,-505.374,-0.360795,-0.541406,-0.422443,0.535907,0.108768,0.788236,0.647239,0.263742,0.710473,0.256908,-0.262401,0.685881,0.226509,-0.729945,0.178839,0.265756,-0.684105,-0.0493181,0.114388,0.0161145,0.862002
78.55,0,,42.3225,-5.93447,0.844046,0.528698,-5.96692,4.9922,12.7528,21.4482,-37.4131,48.1631,4.68568,-8.39919,1.40244,-0.630222,-0.207728,-0.207728,-5.18471,5.18471,-137.551,137.551,173.491,207.079,176.011,163.442,-37.1087,29.0996,41.9857,79.1153,-166.987,-113.283,117.706,105.942,-95.1832,-222.63,31.2326,3.33489,71.7414,18.5563,-14.155,-49.8144,-32.7093,3.43643,127.413,35.6527,543.527,-20.5128,-515.107,-0.361966,-0.540873,-0.422639,0.536894,0.108648,0.787579,0.646954,0.265093,0.71013,0.258733,-0.263249,0.684827,0.227429,-0.729347,0.176889,0.268629,-0.683017,-0.0535305,0.115299,0.0179448,0.861962
78.56,0,,42.2393,-6.20184,0.879364,0.553258,-5.93746,5.02701,12.6129,21.7855,-37.7524,48.8102,4.63018,-8.36509,1.36957,-0.963601,-0.352562,-0.352562,-5.10519,5.10519,-135.277,135.277,172.93,207.879,175.457,162.195,-39.3999,31.3172,65.9277,99.1325,-185.063,-97.6767,115.752,114.268,-43.9247,-232.912,6.81838,-8.70777,58.1498,31.2132,15.6332,-5.86894,-30.7585,37.1231,135.733,29.7882,431.631,-7.77328,-513.642,-0.363001,-0.540137,-0.422881,0.537755,0.1081,0.786978,0.647186,0.265332,0.70975,0.26045,-0.2646,0.683749,0.228469,-0.728684,0.174816,0.271129,-0.681789,-0.0580467,0.115666,0.019593,0.862154
78.57,0,,42.1955,-6.47589,0.924313,0.588438,-5.92273,5.09129,12.5886,22.0884,-38.0146,49.4222,4.53304,-8.19885,1.38053,-1.29241,-0.485117,-0.485117,-4.99855,4.99855,-133.338,133.338,172.305,208.622,174.902,161.014,-41.374,33.2336,87.3862,125.005,-187.513,-118.179,118.157,111.825,10.2517,-194.381,-19.5204,-16.6745,39.0935,-7.2938,43.9432,26.3864,-17.0838,55.6605,122.064,32.2272,358.854,-18.0297,-509.77,-0.363975,-0.539156,-0.423304,0.538412,0.107121,0.786468,0.647797,0.264783,0.709384,0.262279,-0.266369,0.682646,0.229631,-0.727957,0.172376,0.273321,-0.680374,-0.0628676,0.115792,0.0206313,0.862487
78.58,0,,42.1824,-6.74995,0.984959,0.621627,-5.90346,5.14486,12.6352,22.3311,-38.2356,49.9206,4.40352,-7.96441,1.4134,-1.55729,-0.634712,-0.634712,-4.84561,4.84561,-131.355,131.355,171.566,209.3,174.259,159.767,-43.411,35.1747,108.379,133.811,-177.743,-111.325,97.1867,104.015,5.83559,-165.556,-16.1112,-3.89071,62.4935,20.487,67.8633,17.082,-26.3644,73.2299,52.7123,18.5526,291.979,-59.5951,-557.597,-0.364836,-0.537884,-0.4238,0.53897,0.105719,0.786054,0.648672,0.263876,0.70898,0.26436,-0.268328,0.681623,0.230785,-0.727209,0.169381,0.275407,-0.678873,-0.0675699,0.116098,0.0205705,0.862862
78.59,0,,42.1955,-7.02289,1.07414,0.643863,-5.8706,5.14753,12.7609,22.5116,-38.4104,50.2587,4.22775,-7.75555,1.42435,-1.75595,-0.817633,-0.817633,-4.64635,4.64635,-129.108,129.108,170.649,209.986,173.457,158.405,-45.6968,37.3868,135.736,146.475,-163.581,-112.793,46.376,131.335,-11.198,-114.246,-7.31327,-10.1899,35.1701,55.1326,85.9154,4.38978,-37.5958,96.6557,12.1827,-26.3627,260.727,-96.1943,-575.702,-0.365632,-0.536301,-0.424475,0.53948,0.104075,0.78572,0.649803,0.262521,0.708582,0.266617,-0.270768,0.680399,0.231826,-0.726547,0.165782,0.277547,-0.677295,-0.0719657,0.117319,0.0195939,0.86317
78.6,0,,42.1955,-7.33036,1.16547,0.668423,-5.77656,5.02032,12.9617,22.6276,-38.5441,50.4103,3.9826,-7.68096,1.42709,-1.86555,-0.968981,-0.968981,-4.43886,4.43886,-127.109,127.109,169.611,210.46,172.573,157.317,-47.7584,39.4757,158.203,147.473,-159.189,-113.283,17.0622,166.981,-20.0303,-80.5198,5.38872,3.33489,22.4192,52.2365,104.505,-35.1659,-54.6796,134.747,16.1049,-67.3866,253.515,-95.2227,-536.143,-0.366543,-0.534584,-0.425324,0.540188,0.102422,0.785257,0.651271,0.260936,0.708036,0.269123,-0.273578,0.679124,0.232983,-0.725868,0.161813,0.280101,-0.675684,-0.0756254,0.119996,0.0178834,0.863347
78.61,0,,42.1678,-7.66569,1.28747,0.675393,-5.68591,4.76455,13.2152,22.6641,-38.652,50.3899,3.75132,-7.73637,1.4764,-1.88153,-1.06595,-1.06595,-4.21523,4.21523,-125.587,125.587,168.467,210.631,171.611,156.658,-49.388,41.2306,184.551,139.167,-175.771,-101.104,29.3139,168.942,42.9783,-77.6372,1.48465,2.96435,26.3425,26.8155,97.6515,-92.7579,-111.821,147.96,32.6852,-72.2645,270.561,-100.621,-505.898,-0.367569,-0.532676,-0.426226,0.541181,0.100838,0.78473,0.653058,0.258806,0.707444,0.272226,-0.276437,0.677817,0.23445,-0.725142,0.157663,0.283039,-0.674117,-0.0784354,0.123847,0.0155038,0.863389
78.62,0,,42.1139,-8.01549,1.43124,0.664109,-5.58506,4.3896,13.5134,22.6405,-38.7445,50.1946,3.49229,-7.92392,1.5257,-1.8039,-1.15215,-1.15215,-3.98154,3.98154,-124.236,124.236,167.174,210.582,170.529,156.29,-50.8262,42.9389,211.908,123.053,-185.063,-102.022,50.8107,169.424,132.799,-82.0571,-15.1214,-22.9737,-31.2467,41.5103,68.8488,-138.66,-115.723,161.125,21.9882,-100.107,335.907,-98.6775,-414.011,-0.368614,-0.530612,-0.427334,0.542518,0.0994942,0.784112,0.655127,0.256118,0.706826,0.275717,-0.279746,0.6762,0.236342,-0.724468,0.153512,0.286393,-0.672462,-0.0805099,0.129095,0.0125128,0.863258
78.63,0,,42.0497,-8.38535,1.60355,0.638221,-5.50461,3.91689,13.8845,22.5352,-38.8371,49.8944,3.22863,-8.16049,1.5887,-1.80161,-1.2579,-1.2579,-3.71921,3.71921,-122.604,122.604,165.525,210.705,169.095,155.702,-52.4968,45.0607,234.375,94.2303,-195.789,-67.3822,89.3697,182.121,208.977,-64.4734,-42.5049,9.8194,-9.24791,58.565,55.6793,-195.297,-145.023,150.38,-23.4145,-149.9,374.59,186.991,-248.553,-0.36965,-0.52835,-0.428613,0.544082,0.0983302,0.783468,0.657482,0.252629,0.706249,0.279857,-0.28358,0.674159,0.238663,-0.723801,0.14924,0.289993,-0.670873,-0.0819135,0.134952,0.00958277,0.863609
78.64,0,,41.9724,-8.73739,1.7994,0.602377,-5.42529,3.33438,14.2942,22.3634,-38.909,49.3115,2.97885,-8.33099,1.70374,-1.30611,-1.43029,-1.43029,-3.40113,3.40113,-120.138,120.138,163.252,210.713,166.958,154.796,-54.963,47.7136,266.117,66.9053,-182.135,33.7217,111.844,195.299,216.784,-7.30251,-86.9344,0.555815,8.26707,113.268,79.1067,-246.114,-166.994,182.615,-42.4908,-180.182,-107.962,346.235,-340.335,-0.370504,-0.525847,-0.430139,0.545934,0.0971742,0.782826,0.660083,0.248493,0.70568,0.284619,-0.28761,0.672026,0.241404,-0.723175,0.145026,0.293955,-0.669272,-0.0825221,0.141062,0.0028078,0.862911
78.65,0,,41.9111,-9.07828,1.97955,0.540314,-5.30405,2.69161,14.712,22.1378,-39.017,48.7227,2.67357,-8.16688,1.83248,-0.924783,-1.65581,-1.65581,-3.01662,3.01662,-116.787,116.787,160.04,211.505,163.8,152.67,-58.2003,51.2754,292.464,40.0343,-173.829,134.764,138.677,205.071,300.77,166.036,-91.3333,-17.6008,8.82755,127.427,128.918,-292.493,-169.929,265.138,39.5788,-143.543,85.889,436.491,307.16,-0.370996,-0.523227,-0.43173,0.548,0.096196,0.782141,0.662879,0.24446,0.704874,0.289866,-0.291941,0.669884,0.244764,-0.722634,0.140938,0.298364,-0.667656,-0.0825261,0.145091,-0.00512732,0.86377
78.66,0,,41.8994,-9.37908,2.12439,0.485221,-5.0695,2.05821,15.0973,21.8779,-39.274,47.0614,2.24802,-7.65965,1.86261,0.105037,-1.92268,-1.92268,-2.54833,2.54833,-112.667,112.667,155.336,210.991,159.109,151.082,-61.9407,55.612,315.436,9.75892,-156.739,176.748,156.716,219.247,251.009,452.659,-63.0151,-90.4126,-45.9593,198.756,226.077,-291.014,-162.107,357.921,127.948,-117.673,-260.727,-386.721,528.294,-0.370985,-0.520465,-0.433487,0.550271,0.0955269,0.781367,0.665606,0.241278,0.703815,0.295613,-0.2972,0.667342,0.248858,-0.722037,0.137278,0.302802,-0.666029,-0.0823381,0.152656,-0.0236217,0.863322
78.67,0,,42.0322,-9.58851,2.19395,0.450372,-4.65818,1.48373,15.4746,21.6029,-39.8086,45.5721,1.7207,-8.12426,1.74483,0.495501,-2.21084,-2.21084,-1.95116,1.95116,-107.597,107.597,147.754,212.55,151.423,148.693,-66.1268,61.1779,356.917,10.2582,-68.8383,244.131,122.066,239.754,233.897,746.105,8.30303,-117.648,-72.7222,196.825,301.286,-259.283,-143.072,419.922,116.24,-41.983,-599.038,152.335,901.385,-0.370385,-0.517428,-0.435453,0.55248,0.0952237,0.780407,0.668103,0.23969,0.702406,0.302565,-0.303359,0.664155,0.253499,-0.721311,0.134227,0.306912,-0.664244,-0.0821606,0.166146,-0.0330827,0.862347
78.68,0,,42.2874,-9.73445,2.20965,0.431123,-4.00212,0.986923,15.7605,21.3129,-40.7391,43.8379,1.05463,-8.49296,1.52296,0.981868,-2.46367,-2.46367,-1.22664,1.22664,-101.548,101.548,134.807,215.89,138.179,144.545,-70.2773,67.576,414.075,7.30784,-13.1761,337.401,111.844,306.161,412.592,1028.79,158.197,-129.32,-22.9797,247.56,361.31,-212.904,-105.477,471.662,87.8935,-36.146,-50.2658,281.781,891.129,-0.369335,-0.514175,-0.437635,0.554584,0.0952791,0.779323,0.670544,0.240422,0.700207,0.311167,-0.310252,0.660361,0.258625,-0.720512,0.131601,0.31056,-0.662321,-0.0822179,0.180729,-0.0443124,0.860734
78.69,0,,42.658,-9.8414,2.23747,0.433778,-3.27353,0.523592,16.0201,21.0228,-42.0191,42.1766,0.365418,-8.04966,1.24631,1.89295,-2.59949,-2.59949,-0.413449,0.413449,-94.9016,94.9016,114.32,222.724,117.205,136.305,-72.9842,73.9467,423.815,-19.0639,-13.684,361.33,133.791,381.342,493.186,1204.63,331.516,-160.075,-22.4192,237.263,396.474,-158.7,-113.772,514.642,38.5685,58.0966,446.273,-39.5142,-153.318,-0.36813,-0.510719,-0.439974,0.556245,0.0957086,0.778365,0.672382,0.242255,0.69814,0.321257,-0.318144,0.655821,0.263817,-0.719607,0.129101,0.313922,-0.660256,-0.0824633,0.189831,-0.0605506,0.858879
78.7,0,,43.0562,-9.98511,2.24817,0.472609,-2.85202,0.156676,16.4562,20.7436,-43.4533,40.5357,-0.171145,-7.779,1.16139,2.699,-2.60775,-2.60775,0.333928,-0.333928,-88.7326,88.7326,92.306,236.557,94.6444,121.66,-72.6233,79.4907,421.875,21.0157,32.2381,319.346,205.573,427.724,360.387,978.536,459.966,-199.167,-22.9797,252.923,388.187,-100.583,-66.8959,531.243,-59.0711,61.5221,817.803,-137.652,-455.559,-0.366788,-0.507789,-0.441989,0.5576,0.0970536,0.777527,0.674112,0.241652,0.696941,0.332953,-0.327399,0.650098,0.268876,-0.71861,0.126656,0.316972,-0.657993,-0.0828901,0.200387,-0.0748934,0.856422
78.71,0,,43.4486,-10.2146,2.29312,0.526375,-3.01858,-0.175423,17.1904,20.4858,-44.9132,38.9502,-0.453304,-7.91966,1.63527,3.30867,-2.57769,-2.57769,0.735798,-0.735798,-87.8482,87.8482,88.7033,234.532,91.2166,123.896,-70.4715,81.659,451.676,31.2285,-27.8461,287.583,318.394,472.66,346.666,401.83,292.971,-254.378,-57.1689,309.129,416.99,-76.678,-5.37895,526.355,-142.567,130.854,978.435,-110.877,-72.3159,-0.365872,-0.505409,-0.443698,0.558631,0.0996161,0.776786,0.677036,0.23573,0.696263,0.346092,-0.337913,0.64317,0.273451,-0.717625,0.123968,0.319847,-0.655626,-0.0835021,0.213573,-0.0857589,0.853378
78.72,0,,43.9314,-10.4419,2.33629,0.612002,-3.73584,-0.441906,18.2896,20.2817,-46.3937,37.6649,-0.476432,-8.04966,2.57479,3.79732,-2.54812,-2.54812,1.07277,-1.07277,-87.5296,87.5296,87.41,229.061,90.2333,129.664,-67.9888,83.214,458.001,48.3407,-133.793,285.135,437.528,508.789,456.517,-160.655,16.1112,-248.449,-113.217,302.264,448.256,-94.2371,5.85245,517.11,-147.975,150.887,1028.26,-189.474,276.81,-0.365003,-0.503314,-0.445145,0.55918,0.103217,0.776114,0.681115,0.224617,0.696008,0.360801,-0.349875,0.634744,0.277231,-0.716576,0.121037,0.322531,-0.653181,-0.0844172,0.225224,-0.0944231,0.85054
78.73,0,,44.5105,-10.6702,2.3181,0.803834,-4.63439,-0.620007,19.6971,20.0927,-47.9513,36.7963,-0.314537,-8.02196,3.64853,4.12385,-2.56741,-2.56741,1.37044,-1.37044,-87.5516,87.5516,87.2182,221.712,90.4091,137.217,-65.2437,84.1175,430.645,53.6968,-183.091,282.198,582.519,447.267,361.334,-497.051,-36.6213,-155.258,-134.235,330.581,417.975,-135.272,27.8228,499.977,-151.838,163.575,849.055,-78.1646,363.777,-0.363794,-0.501682,-0.446442,0.559064,0.107186,0.775572,0.685578,0.211191,0.695893,0.377167,-0.362639,0.62499,0.280284,-0.715237,0.117741,0.324919,-0.650753,-0.0855178,0.233476,-0.100837,0.848631
78.74,0,,45.1071,-10.8853,2.16113,1.08494,-5.58959,-0.646789,21.1493,19.9101,-49.6426,36.2426,0.101762,-7.55948,4.58258,4.39101,-2.63356,-2.63356,1.64008,-1.64008,-87.9746,87.9746,88.0567,211.872,91.6506,146.858,-62.3727,84.2489,409.652,97.6346,-167.495,201.167,624.987,252.932,1.97148,-581.03,123.061,-303.29,-243.108,236.834,382.812,-186.995,39.0542,484.876,-139.18,103.505,316.893,-306.181,58.6063,-0.362145,-0.50046,-0.447478,0.558997,0.110786,0.774771,0.689361,0.197457,0.696259,0.394553,-0.375143,0.613986,0.282557,-0.713625,0.114024,0.326678,-0.648412,-0.0870409,0.237133,-0.107488,0.847638
78.75,0,,45.5345,-11.1114,1.88751,1.4311,-6.58446,-0.522252,22.3661,19.7532,-51.6063,35.8374,0.84185,-7.01815,5.47554,4.51888,-2.73079,-2.73079,1.86372,-1.86372,-88.4909,88.4909,88.8383,203.086,92.7218,155.428,-59.3542,84.0354,395.488,81.521,-167.495,98.6559,398.443,-26.8725,-290.518,-525.396,211.425,-369.061,-211.441,241.232,361.31,-240.722,27.8228,446.785,-160.633,127.429,-222.262,-428.718,-219.25,-0.360378,-0.499671,-0.448276,0.559473,0.112737,0.773715,0.692474,0.18409,0.696869,0.413477,-0.386681,0.60221,0.284128,-0.711816,0.11005,0.32772,-0.64604,-0.0891784,0.23963,-0.113101,0.846943
78.76,0,,45.6672,-11.3376,1.56466,1.85028,-7.517,-0.254431,23.153,19.5878,-53.9658,35.3799,1.7207,-6.78797,6.28084,4.44352,-2.8666,-2.8666,2.06328,-2.06328,-89.1501,89.1501,89.6697,195.019,93.8479,163.668,-56.0923,83.6329,389.163,37.1293,-219.243,-41.9838,-26.3825,-249.526,-376.001,-574.688,128.889,-402.41,-301.258,264.615,286.146,-281.232,20.512,417.502,-238.305,99.6138,-451.737,-253.927,-101.096,-0.358547,-0.49906,-0.44919,0.560631,0.111455,0.772737,0.69547,0.17164,0.697057,0.433857,-0.398272,0.588893,0.285113,-0.709821,0.10578,0.327715,-0.64365,-0.0919848,0.244702,-0.116339,0.845744
78.77,0,,45.4907,-11.4857,1.28819,2.31857,-8.21839,0.178101,23.4228,19.446,-56.7263,34.8086,2.63656,-6.80502,6.94645,4.36817,-3.02822,-3.02822,2.28417,-2.28417,-90.1444,90.1444,90.5935,186.861,95.1278,172.336,-52.6171,82.6665,337.904,-21.4696,-199.703,-205.084,-419.94,-312.492,-264.652,-702.674,-99.1415,-336.824,-301.818,231.9,203.142,-289.057,56.6494,380.379,-415.994,101.066,-199.315,-206.532,7.32578,-0.35647,-0.498265,-0.450227,0.56234,0.106572,0.772249,0.698331,0.16175,0.696561,0.455842,-0.40933,0.574686,0.285544,-0.707633,0.101509,0.326629,-0.641234,-0.0955899,0.252218,-0.118601,0.843209
78.78,0,,45.0356,-11.5793,1.06594,2.8247,-8.59005,0.716423,23.3579,19.3171,-59.7387,34.2956,3.42753,-6.92437,7.31624,4.27684,-3.22668,-3.22668,2.49562,-2.49562,-91.4188,91.4188,91.5457,181.26,96.5616,178.56,-48.9396,81.2155,250.479,-42.9846,-70.3023,-292.969,-617.17,-225.578,-60.0908,-701.617,-211.92,-76.1467,-351.561,338.411,147.463,-306.664,110.344,332.027,-562.483,89.8305,-49.3916,27.8542,54.7341,-0.354265,-0.497461,-0.451377,0.564781,0.0996135,0.772004,0.701007,0.154545,0.695575,0.478857,-0.420137,0.559186,0.285283,-0.705396,0.0971697,0.324719,-0.63894,-0.099613,0.259962,-0.119757,0.84013
78.79,0,,44.4186,-11.586,0.875083,3.37564,-8.63311,1.29626,23.1388,19.2441,-62.8076,33.873,4.22313,-7.23766,7.4258,3.96629,-3.49304,-3.49304,2.67782,-2.67782,-93.2316,93.2316,92.7466,178.14,98.3359,-177.494,-45.1664,79.3374,136.24,-76.165,82.0443,-187.03,-499.012,-133.778,127.437,-525.877,-306.662,138.213,-370.057,73.6889,125.961,-312.485,114.738,291.032,-674.801,64.9476,1326.14,61.9703,658.693,-0.351955,-0.496619,-0.452853,0.568216,0.0927799,0.771538,0.703507,0.149478,0.69429,0.502734,-0.42918,0.543021,0.284135,-0.703226,0.0929619,0.322287,-0.6367,-0.103828,0.268385,-0.118536,0.837382
78.8,0,,43.8016,-11.4801,0.685297,3.97503,-8.59345,1.8694,22.9807,19.257,-65.8097,33.7943,5.25925,-7.61915,7.57646,3.28355,-3.82832,-3.82832,2.82498,-2.82498,-95.5498,95.5498,93.8764,177.781,100.165,-176.258,-41.3686,77.2978,15.1335,-107.439,250.973,109.366,-225.115,-100.092,330.578,-145.954,-233.42,283.651,-67.818,79.052,93.2616,-318.354,79.0932,267.074,-767.567,5.3712,2242.29,222.186,71.7927,-0.349499,-0.495744,-0.454605,0.572411,0.0877721,0.770661,0.706108,0.14442,0.692862,0.527375,-0.435878,0.527253,0.282177,-0.701079,0.0892371,0.319725,-0.634566,-0.107979,0.275158,-0.113896,0.8364
78.81,0,,43.2152,-11.2518,0.427374,4.61557,-8.60818,2.37826,22.936,19.4868,-68.8889,34.3627,6.25374,-6.34468,7.68328,2.69671,-4.232,-4.232,2.89627,-2.89627,-98.3294,98.3294,95.056,179.684,102.56,-178.966,-37.352,74.6996,-109.854,-127.91,331.553,458.517,65.9186,-187.488,325.216,22.484,-185.526,590.276,161.138,229.969,89.8573,-313.01,29.7925,317.894,-816.892,-12.1948,-729.073,499.001,-990.237,-0.346933,-0.495069,-0.456433,0.577289,0.0847806,0.76919,0.709256,0.138311,0.691006,0.551659,-0.443378,0.509543,0.279311,-0.699009,0.086369,0.318012,-0.632423,-0.112189,0.267769,-0.115543,0.839442
78.82,0,,42.7017,-10.9164,0.0738451,5.20169,-8.77248,2.84695,22.9665,20.0196,-71.963,34.5026,7.10022,-6.03565,7.47237,2.3131,-4.62415,-4.62415,2.86581,-2.86581,-101.362,101.362,96.2995,179.145,105.565,-178.362,-33.248,71.6881,-162.122,-138.667,234.869,545.423,51.7878,-258.3,26.339,71.776,-235.344,893.01,39.0935,56.2052,79.1067,-308.096,5.37895,389.672,-932.123,38.0917,-295.913,-97.7058,322.753,-0.344628,-0.494662,-0.457795,0.582246,0.0828903,0.767193,0.712098,0.131664,0.689452,0.5739,-0.452003,0.48942,0.275405,-0.697241,0.0844771,0.317474,-0.630126,-0.116893,0.269419,-0.116093,0.839203
78.83,0,,42.3925,-10.3995,-0.321423,5.69819,-9.08861,3.22457,23.1267,20.8488,-74.8468,34.6745,7.86343,-5.98237,7.08889,2.04822,-4.99575,-4.99575,2.81492,-2.81492,-104.674,104.674,97.4507,178.418,108.982,-177.395,-29.2506,68.3398,-222.656,-135.762,218.257,355.945,-164.082,-296.389,-113.242,23.9253,-181.622,1064.02,-71.7414,198.756,53.7083,-301.272,18.5612,416.97,-1047.35,-69.3323,314.052,-89.8246,152.795,-0.342299,-0.494038,-0.458759,0.586159,0.0805716,0.765309,0.714651,0.124643,0.68816,0.593665,-0.460478,0.468841,0.27076,-0.695821,0.0837427,0.318447,-0.627371,-0.121714,0.273139,-0.116275,0.838277
78.84,0,,42.2174,-9.74893,-0.729533,6.07688,-9.47613,3.40401,23.4005,21.9359,-77.3606,35.2487,8.48326,-5.66695,6.50271,1.88838,-5.31073,-5.31073,2.73083,-2.73083,-108.195,108.195,98.5521,178.483,112.739,-177.555,-25.4773,64.7999,-262.197,-117.697,202.153,-26.3776,-280.737,-329.593,-90.846,-143.552,-126.47,1030.85,-100.606,144.482,27.3245,-317.877,45.418,365.714,-1107.91,-167.96,-25.3515,-27.3144,-153.841,-0.340296,-0.4932,-0.459201,0.589511,0.0783126,0.763349,0.717063,0.117679,0.686911,0.610576,-0.46805,0.448456,0.265523,-0.694754,0.0840517,0.321377,-0.624319,-0.126109,0.273203,-0.116764,0.838652
78.85,0,,42.0759,-8.97468,-1.13408,6.32612,-9.9509,3.29555,23.7189,23.2678,-79.535,35.9715,9.07996,-5.71383,5.88915,1.80846,-5.54727,-5.54727,2.63486,-2.63486,-111.909,111.909,99.4261,178.532,116.612,-177.522,-21.9311,61.1642,-282.22,-136.216,164.537,-245.11,-317.867,-260.743,-25.8659,-283.645,-150.884,878.374,-108.873,319.855,-5.86805,-392.074,61.517,320.314,-1082.53,-202.16,52.6699,122.537,86.8629,-0.338833,-0.491982,-0.459142,0.593414,0.0771524,0.760842,0.71945,0.110478,0.685636,0.625443,-0.474377,0.42921,0.260086,-0.693949,0.0855763,0.326677,-0.621371,-0.129829,0.274496,-0.116037,0.839115
78.86,0,,41.9242,-8.07231,-1.51543,6.44759,-10.4404,2.89515,24.015,24.8059,-81.3702,36.8313,9.32973,-5.84384,5.04823,1.99114,-5.73521,-5.73521,2.56692,-2.56692,-115.661,115.661,100.229,178.54,120.787,-177.604,-18.5215,57.4244,-311.051,-133.811,185.063,-266.102,-265.629,-175.308,-48.3408,-305.168,-197.733,891.528,-239.745,343.238,-45.4214,-505.874,72.2749,328.107,-986.321,-191.883,166.096,-53.6572,54.2108,-0.337547,-0.49045,-0.458587,0.597986,0.0770906,0.757966,0.721823,0.103702,0.684224,0.637539,-0.480794,0.409563,0.25483,-0.693444,0.0884429,0.334494,-0.618691,-0.132516,0.274918,-0.116279,0.839709
78.87,0,,41.6325,-7.09753,-1.85826,6.44328,-10.8166,2.21489,24.1914,26.4859,-82.825,37.8718,9.15396,-6.14008,4.0731,2.36333,-5.8863,-5.8863,2.49288,-2.49288,-119.391,119.391,100.918,178.671,125.143,-177.862,-15.3389,53.6956,-296.888,-107.893,178.699,-186.54,-151.831,-127.447,-57.6462,-217.25,-149.4,935.622,-377.483,249.062,-77.6284,-605.455,57.1229,341.32,-867.703,-196.295,79.9882,-62.5101,-43.0128,-0.336454,-0.488933,-0.457559,0.603315,0.0773982,0.754877,0.724095,0.0982713,0.68265,0.646776,-0.487035,0.390593,0.250249,-0.693311,0.0928362,0.344564,-0.616369,-0.133919,0.274484,-0.116398,0.840663
78.88,0,,41.2153,-6.06036,-2.15935,6.354,-11.0919,1.27885,24.2827,28.2646,-83.8017,39.0085,8.94119,-6.70059,3.2267,2.92277,-6.02036,-6.02036,2.42341,-2.42341,-122.851,122.851,101.409,178.81,129.055,-178.082,-12.6402,50.2186,-265.146,-118.65,152.825,-84.9469,-52.765,-109.382,-10.2517,-151.335,-41.0203,962.857,-385.19,194.358,-94.7399,-666.006,43.9407,377.427,-740.706,-213.861,59.0077,-36.1673,16.64,-0.335407,-0.487576,-0.456263,0.609028,0.0778223,0.751794,0.726358,0.0938161,0.680884,0.654276,-0.490936,0.374962,0.246719,-0.693461,0.0990049,0.356531,-0.614423,-0.133921,0.274132,-0.116099,0.841625
78.89,0,,40.7048,-4.96303,-2.43618,6.18142,-11.3967,0.133911,24.2949,30.1508,-84.3929,40.2734,8.98282,-7.46144,2.55562,3.64433,-6.13889,-6.13889,2.34663,-2.34663,-126.092,126.092,101.757,178.998,132.471,-178.368,-10.3818,46.9114,-224.596,-103.989,111.803,5.38568,8.26801,-105.46,-25.8659,-101.563,41.5152,1036.23,-273.934,319.855,-94.7399,-649.401,3.90163,381.347,-693.342,-234.387,-35.1861,-36.5992,-11.198,-0.334363,-0.486468,-0.454667,0.6147,0.0777607,0.748859,-0.728489,-0.0895429,-0.679171,0.661105,-0.492029,0.362994,0.244156,-0.693893,0.106941,0.3702,-0.612889,-0.132759,0.273266,-0.115727,0.842686
78.9,0,,40.1796,-3.79107,-2.72906,5.95408,-11.6653,-1.15163,24.2949,32.1573,-84.655,41.582,9.15396,-8.36722,1.84344,4.45038,-6.26994,-6.26994,2.26102,-2.26102,-129.191,129.191,102.148,179.104,135.57,-178.582,-8.34754,43.763,-180.166,-107.893,126.472,92.291,30.742,-107.903,-72.2352,-44.9681,115.748,932.102,-389.673,295.399,-66.8778,-552.253,-43.9407,338.852,-595.703,-123.044,-24.4773,4.42645,60.0714,-0.333327,-0.485433,-0.453205,0.620145,0.0769687,0.745944,-0.730492,-0.085452,-0.677512,0.667265,-0.490927,0.352859,0.24251,-0.694568,0.116524,0.384968,-0.611419,-0.13111,0.272593,-0.115666,0.843659
78.91,0,,39.6399,-2.5712,-2.99055,5.69421,-11.9746,-2.46932,24.2604,34.3313,-84.691,42.984,9.65815,-9.29643,1.22713,5.27697,-6.405,-6.405,2.13976,-2.13976,-132.096,132.096,102.503,179.153,138.19,-178.813,-6.5539,40.7761,-155.254,-108.392,138.185,133.785,19.0164,-108.901,-58.5925,-45.4485,135.763,427.793,-466.739,557.654,-14.6477,-425.761,-80.5706,288.563,-388.181,-102.546,24.4773,-72.7665,-9.73283,-0.332358,-0.48465,-0.451933,0.624946,0.0754403,0.743417,-0.732517,-0.0811195,-0.675813,0.673483,-0.487442,0.345043,0.241591,-0.695413,0.127571,0.400348,-0.609769,-0.129828,0.271682,-0.116156,0.844528
78.92,0,,39.1002,-1.31902,-3.24455,5.43069,-12.3814,-3.79771,24.2097,36.6686,-83.9199,44.5287,10.4954,-10.3301,0.441001,6.03735,-6.53755,-6.53755,1.98559,-1.98559,-134.838,134.838,103.519,179.235,140.459,-179.01,-5.03094,37.9946,-132.825,-98.6332,102.54,105.449,7.29088,-96.686,26.891,-46.8898,64.4447,-54.2846,-875.469,614.718,56.172,-287.578,-114.265,222.642,-123.55,-73.7169,22.5104,-49.3387,-9.31421,-0.331442,-0.484101,-0.450835,0.629247,0.0733684,0.74113,-0.734533,-0.0761145,-0.674166,0.677707,-0.479638,0.340532,0.241524,-0.696129,0.14008,0.416227,-0.607829,-0.129098,0.270883,-0.116215,0.845426
78.93,0,,38.5357,-0.0579299,-3.50961,5.18509,-12.8505,-5.01228,24.1488,39.1026,-82.6348,46.1229,11.7026,-11.4319,0.44374,6.65159,-6.65432,-6.65432,1.79699,-1.79699,-137.348,137.348,104.514,179.324,142.184,-179.175,-4.41028,35.4402,-98.6393,-76.6643,105.468,66.403,-9.77129,-120.118,55.6747,-80.0393,-6.81838,1352.48,-681.683,122.064,138.683,-132.791,-130.856,193.36,126.937,-42.9696,-3.49675,-18.0297,12.2445,-0.330594,-0.483866,-0.449866,0.633281,0.0709885,0.73894,-0.736495,-0.070622,-0.672588,0.680083,-0.470357,0.343887,0.24232,-0.696503,0.153938,0.431544,-0.606054,-0.12928,0.270224,-0.116037,0.846197
78.94,0,,37.923,1.18645,-3.76967,4.977,-13.3933,-5.93359,24.0576,41.5409,-83.6835,47.6239,12.9932,-12.3889,1.56405,7.0352,-6.72899,-6.72899,1.59926,-1.59926,-139.584,139.584,102.88,179.398,143.464,-179.318,-3.89078,33.135,-94.2544,-68.3578,126.472,25.888,-56.1473,-123.524,-6.30875,-106.463,-37.6111,1021.96,-92.7594,1314.92,197.767,23.4281,-115.723,205.557,306.647,-12.1948,4.37094,-5.82996,4.39547,-0.329909,-0.483907,-0.44881,0.637144,0.0682436,0.736823,-0.738246,-0.0648216,-0.671227,0.689602,-0.470721,0.343458,0.243604,-0.696264,0.168649,0.444809,-0.604372,-0.130812,0.269552,-0.115976,0.846868
78.95,0,,37.2798,2.43528,-4.0333,4.82333,-13.9519,-6.4545,23.9278,43.9319,-83.8994,48.9413,12.3965,-13.0879,1.69553,7.13567,-6.77485,-6.77485,1.40183,-1.40183,-141.583,141.583,102.389,179.463,146.512,-179.466,-2.98302,31.0516,-91.8098,-68.3578,111.803,18.0543,-105.455,-121.597,-75.2318,-156.716,-35.1367,1218.35,-725.541,653.332,243.636,158.223,-83.0138,277.819,355.972,-35.1594,8.74188,28.2861,8.26767,-0.329298,-0.48415,-0.447711,0.64083,0.0650657,0.734766,-0.739852,-0.0591466,-0.669962,0.688153,-0.478789,0.336813,0.244884,-0.695403,0.183846,0.455111,-0.602827,-0.13386,0.268807,-0.11597,0.847499
78.96,0,,36.6,3.66852,-4.28659,4.74567,-14.4607,-6.646,23.7676,46.2971,-82.6296,50.0984,13.3493,-13.4843,2.52001,7.02835,-6.7949,-6.7949,1.20622,-1.20622,-143.352,143.352,103.05,179.512,147.754,-179.615,-3.31659,29.1981,-84.9415,-53.2428,111.803,8.81293,-137.174,-120.118,-69.3174,-221.67,-89.8487,-22.4179,-811.995,68.8621,260.747,271.498,-19.5271,287.595,297.376,-55.6577,-10.2717,-22.0243,-18.1052,-0.328821,-0.484533,-0.446689,0.644422,0.0616468,0.732742,-0.741474,-0.0538344,-0.668596,0.68748,-0.473356,0.345296,0.245496,-0.694005,0.198679,0.462934,-0.601009,-0.13838,0.268018,-0.116216,0.848062
78.97,0,,35.878,4.91179,-4.51775,4.71846,-14.8482,-6.57235,23.5607,48.6666,-81.3908,51.1331,15.3661,-13.691,4.36619,6.72009,-6.78913,-6.78913,1.02281,-1.02281,-144.945,144.945,103.434,179.537,147.595,-179.73,-4.65909,27.55,-92.2755,-26.8711,137.199,2.93764,-162.579,-117.675,-20.5034,-267.118,-131.859,-48.3559,338.81,814.01,272.439,360.821,34.6601,305.649,213.88,-50.2865,24.9144,-6.80162,1.46516,-0.328515,-0.48496,-0.445711,0.648049,0.0581089,0.730695,-0.742946,-0.0495013,-0.66726,0.690366,-0.462197,0.363129,0.24482,-0.692345,0.212776,0.468836,-0.599092,-0.144173,0.267464,-0.116398,0.848597
78.98,0,,35.1209,6.16174,-4.70326,4.70916,-15.0442,-6.29649,23.3417,51.0039,-80.2341,52.0366,16.393,-13.7038,5.57141,6.30222,-6.75781,-6.75781,0.854014,-0.854014,-146.373,146.373,103.981,179.553,148.05,-179.807,-5.4274,26.0908,-105.973,-0.998587,131.85,5.87529,-153.785,-132.814,0.473156,-312.951,-134.773,-99.1204,410.131,1252.39,265.63,428.242,78.1273,299.308,144.053,-61.0289,4.80804,-0.539811,-2.40704,-0.32845,-0.485381,-0.444851,0.651624,0.0545665,0.728713,-0.744348,-0.0463882,-0.665854,0.690657,-0.454924,0.374902,0.242693,-0.690724,0.225907,0.472994,-0.596904,-0.150706,0.267104,-0.116461,0.849045
78.99,0,,34.3317,7.41503,-4.84809,4.6627,-15.1077,-5.82111,23.1105,53.2596,-78.9079,52.8119,16.4623,-13.4928,5.84258,5.83641,-6.70394,-6.70394,0.71508,-0.71508,-147.686,147.686,104.947,179.569,149.21,-179.889,-5.38366,24.7383,-91.8098,19.0639,119.152,9.79215,-158.22,-131.335,11.198,-287.584,-119.652,-109.31,20.4575,1098.68,266.123,466.318,102.048,268.09,85.457,-49.7932,14.2056,-17.5978,10.7794,-0.328566,-0.485738,-0.443927,0.655248,0.0510892,0.726724,-0.745634,-0.0442522,-0.664454,0.68829,-0.450538,0.379915,0.239027,-0.689492,0.237806,0.475549,-0.59439,-0.157601,0.266683,-0.116647,0.849431
79,0,,33.5411,8.70731,-4.96511,4.58404,-15.0533,-5.17833,22.8772,55.4186,-77.3657,53.4152,16.5178,-13.1625,5.86997,5.29752,-6.63929,-6.63929,0.607834,-0.607834,-148.895,148.895,106.163,179.569,150.138,-179.933,-5.19499,23.52,-79.0822,32.2271,110.846,12.6686,-161.602,-136.702,-3.94297,-211.869,-73.2426,-115.239,52.2647,874.077,264.644,482.398,89.3587,232.903,85.457,-7.31689,31.2522,-13.1714,-7.84905,-0.328879,-0.485933,-0.443083,0.65892,0.0477328,0.724659,-0.746787,-0.0428479,-0.663105,0.685878,-0.444292,0.38478,0.233712,-0.688684,0.248666,0.476464,-0.592009,-0.16462,0.266542,-0.1167,0.849737
79.01,0,,32.7359,10.0442,-5.05144,4.47551,-14.94,-4.43915,22.5973,57.4315,-75.5716,53.8407,16.6982,-12.7703,5.69193,4.70155,-6.5774,-6.5774,0.527094,-0.527094,-150.004,150.004,107.655,179.586,150.764,-179.977,-4.88876,22.4496,-68.838,34.1789,102.062,19.5231,-164.082,-126.449,-13.1695,-119.627,-42.5049,-254.378,212.842,925.777,237.813,440.934,41.0239,192.876,79.5736,3.42551,19.4507,13.1714,13.1864,-0.329363,-0.485926,-0.442467,0.662698,0.0444362,0.722516,-0.747829,-0.0418106,-0.661827,0.683394,-0.435575,0.389979,0.227062,-0.688266,0.258741,0.475936,-0.590204,-0.17122,0.266377,-0.116647,0.850098
79.02,0,,31.9176,11.4033,-5.12136,4.36068,-14.8482,-3.71067,22.2708,59.2855,-73.5771,54.1088,16.5733,-12.3548,4.99893,4.14668,-6.50548,-6.50548,0.47347,-0.47347,-151.01,151.01,109.481,179.594,151.594,179.977,-4.12045,21.5105,-51.7643,32.2271,103.526,19.5231,-158.22,-119.154,-15.141,-82.5376,-7.31327,-269.57,108.453,1060.07,217.297,402.333,18.0687,145.492,77.6125,32.2272,12.2386,-18.5695,-5.86063,-0.330033,-0.485803,-0.441916,0.666591,0.0412614,0.720243,-0.74887,-0.0407121,-0.660549,0.679171,-0.427267,0.392109,0.21956,-0.687918,0.268331,0.474523,-0.588851,-0.176832,0.266188,-0.116644,0.850445
79.03,0,,31.057,12.7691,-5.15025,4.24485,-14.7938,-3.04647,21.8652,60.9718,-71.3461,54.2138,16.2126,-11.9413,3.87588,3.65118,-6.41502,-6.41502,0.439346,-0.439346,-151.916,151.916,111.634,179.602,152.577,179.928,-2.97755,20.7029,-44.4304,16.6129,80.5803,19.0335,-143.563,-111.344,4.41612,-112.324,-3.90407,-200.279,-147.967,906.792,196.288,353.52,-10.2465,76.6663,84.4467,100.107,-1.52983,-25.3711,-2.93031,-0.33095,-0.485621,-0.441429,0.670571,0.0382102,0.717937,-0.749861,-0.0395531,-0.659341,0.672895,-0.419156,0.392054,0.211436,-0.687534,0.277602,0.47245,-0.587937,-0.181228,0.266006,-0.116645,0.850816
79.04,0,,30.1818,14.1449,-5.15489,4.13466,-14.7213,-2.43986,21.4129,62.4606,-68.8272,54.1351,15.9258,-11.547,2.63779,3.21276,-6.33283,-6.33283,0.378411,-0.378411,-153.092,153.092,114.093,179.594,153.681,179.889,-1.64326,19.6461,-54.2089,2.95037,82.0443,7.83372,-127.929,-101.09,28.3105,-131.349,-1.48465,-322.743,-377.903,687.012,182.626,313.01,-33.6942,-5.37245,111.843,116.687,-8.74188,-34.224,1.46516,-0.331986,-0.485313,-0.441183,0.674583,0.0352185,0.7156,-0.75076,-0.0384536,-0.658227,0.66526,-0.409325,0.392722,0.203076,-0.687051,0.286699,0.469575,-0.587687,-0.1844,0.265883,-0.116767,0.85112
79.05,0,,29.2891,15.5085,-5.13884,4.03112,-14.6238,-1.8627,20.9485,63.7775,-66.1181,53.899,15.8379,-11.2081,1.43805,2.79947,-6.23561,-6.23561,0.277257,-0.277257,-154.608,154.608,116.701,179.594,154.84,179.845,-0.185926,18.2526,-72.7571,-9.75892,79.1163,7.34411,-85.9122,-109.382,31.7015,-128.947,-0.494883,-415.009,-463.937,611.285,175.28,276.365,-28.8077,-56.1445,150.411,125.977,-22.0733,-14.6829,12.2445,-0.333147,-0.485072,-0.440941,0.678555,0.032472,0.713285,-0.751561,-0.0375384,-0.657196,0.657087,-0.397548,0.394801,0.194651,-0.686374,0.295791,0.465979,-0.588242,-0.186477,0.265756,-0.116825,0.851407
79.06,0,,28.3832,16.8821,-5.121,3.93487,-14.4799,-1.2909,20.4658,64.9246,-63.3422,53.4735,15.861,-10.8949,0.309523,2.41357,-6.13262,-6.13262,0.245266,-0.245266,-155.454,155.454,119.344,179.578,155.208,179.818,0.910491,17.5435,-66.8978,-21.0157,58.5902,7.83372,-65.9186,-87.8776,14.1947,-87.9183,-5.38872,-486.894,-537.08,586.937,152.838,211.902,-33.2017,-98.1561,169.428,164.561,-6.77496,-12.1997,15.1748,-0.334372,-0.484834,-0.440825,0.682537,0.029787,0.71092,-0.75223,-0.0368668,-0.656278,0.648412,-0.384848,0.39791,0.186106,-0.685523,0.304948,0.461467,-0.58953,-0.187578,0.265758,-0.117009,0.851598
79.07,0,,27.4876,18.2669,-5.08889,3.85787,-14.3405,-0.749901,19.9669,65.8763,-60.5509,52.8585,15.9165,-10.5837,-0.640958,2.07791,-6.03039,-6.03039,0.170925,-0.170925,-156.728,156.728,121.966,179.553,155.911,179.785,2.078,16.3855,-67.8679,-31.7278,46.4001,16.5855,-58.6277,-94.243,-26.891,-77.1568,-29.8029,-472.258,-561.04,517.109,134.786,177.261,-19.5271,-111.805,177.273,158.697,13.7685,-15.1147,-6.80251,-0.335642,-0.484572,-0.440748,0.686305,0.0269175,0.708645,-0.752784,-0.0362567,-0.655489,0.638882,-0.37233,0.402239,0.177501,-0.68437,0.314168,0.455968,-0.591477,-0.187454,0.265702,-0.117255,0.851734
79.08,0,,26.5642,19.6516,-5.04965,3.80875,-14.1932,-0.283891,19.4274,66.6304,-57.7904,52.0512,15.972,-10.2896,-1.32026,1.79705,-5.91261,-5.91261,0.102372,-0.102372,-157.882,157.882,124.538,179.545,156.461,179.758,2.99396,15.3834,-63.483,-41.0329,25.8741,1.46882,-38.108,-73.2543,-28.7837,-113.285,-66.9191,-478.928,-611.763,449.749,115.256,154.787,4.88651,-145.492,144.053,139.651,28.8482,-5.39811,-17.5819,-0.336997,-0.484406,-0.440702,0.689936,0.0237446,0.706417,-0.75345,-0.0357681,-0.654569,0.62864,-0.360252,0.408045,0.168895,-0.682844,0.323568,0.449623,-0.593922,-0.185868,0.265699,-0.117376,0.851909
79.09,0,,25.6627,21.0564,-5.00863,3.76826,-14.0187,0.0428515,18.8899,67.1825,-55.0659,51.066,15.9535,-10.0317,-1.71196,1.60752,-5.80938,-5.80938,0.0749509,-0.0749509,-158.75,158.75,127.04,179.537,156.796,179.73,3.49979,14.6853,-74.6973,-58.5989,20.4961,-28.8256,-42.0165,-80.5831,-13.1695,-140.093,-72.7477,-470.776,-612.744,413.065,87.8863,137.705,9.28058,-181.163,82.0101,143.077,6.33787,-9.28475,-23.9658,-0.338339,-0.4841,-0.440762,0.693445,0.0203254,0.704188,-0.754106,-0.0354012,-0.65364,0.617649,-0.349079,0.41555,0.160352,-0.681021,0.333033,0.442788,-0.596855,-0.182511,0.265641,-0.117439,0.852164
79.1,0,,24.7671,22.4612,-4.94905,3.72312,-13.7887,0.235683,18.3342,67.524,-52.3928,49.909,15.8934,-9.87187,-1.80783,1.51619,-5.71566,-5.71566,0.0420456,-0.0420456,-159.832,159.832,129.449,179.537,157.279,179.703,3.82516,13.7873,-83.0013,-53.6968,36.6301,-51.2864,-42.4675,-92.2818,18.0588,-114.726,-42.01,-543.032,-541.003,337.446,54.6938,142.572,14.6406,-190.407,-3.4468,152.339,-10.7088,-14.143,-6.80251,-0.339686,-0.483679,-0.440829,0.696861,0.0167852,0.701988,-0.754649,-0.0354619,-0.65278,0.606301,-0.338462,0.425137,0.151924,-0.678989,0.342424,0.435574,-0.600502,-0.177318,0.265574,-0.117375,0.852449
79.11,0,,23.8496,23.8214,-4.89126,3.65874,-13.502,0.287908,17.7745,67.6336,-49.8122,48.5712,15.7315,-9.81006,-1.67087,1.54816,-5.6044,-5.6044,-0.024679,0.024679,-161.233,161.233,131.723,179.545,158.048,179.686,4.12319,12.569,-111.328,-74.2132,46.4001,-19.0335,-33.2224,-86.9142,22.9481,-62.4557,-39.5356,-593.24,-427.786,354.5,43.9432,164.044,0,-172.838,-96.6888,158.697,-8.74188,0.97166,9.73283,-0.341135,-0.483351,-0.440869,0.700237,0.0131844,0.699749,-0.755023,-0.0358896,-0.652055,0.594633,-0.328873,0.436239,0.143747,-0.676863,0.351707,0.428005,-0.604834,-0.170176,0.265572,-0.117252,0.852686
79.12,0,,22.9102,25.1494,-4.8167,3.57809,-13.1848,0.188814,17.1904,67.5369,-47.319,47.0702,15.3707,-9.8058,-1.36683,1.72854,-5.48037,-5.48037,-0.0883567,0.0883567,-162.65,162.65,133.904,179.553,158.977,179.664,4.28724,11.3261,-106.439,-68.3578,14.6401,-14.1374,-33.2224,-80.067,29.8088,-19.9858,-16.1112,-564.894,-287.666,389.146,21.0085,190.908,-26.8569,-156.237,-135.257,148.914,-15.5168,1.51147,5.86063,-0.342674,-0.483064,-0.440886,0.703525,0.00952195,0.697544,-0.755265,-0.0365608,-0.651442,0.582126,-0.321002,0.448329,0.135932,-0.674533,0.361041,0.42018,-0.609578,-0.161138,0.265518,-0.117194,0.852891
79.13,0,,21.962,26.4283,-4.72823,3.45695,-12.8709,-0.0709728,16.5941,67.2168,-44.8515,45.4147,14.774,-9.8399,-0.961437,2.08019,-5.34456,-5.34456,-0.126137,0.126137,-163.952,163.952,136.064,179.553,160.031,179.631,4.30091,10.1817,-117.692,-87.8757,-9.29198,-13.6478,-49.8336,-52.7472,3.94297,-15.1815,-6.81838,-561.559,-193.786,365.227,-14.6477,231.942,-34.1866,-183.583,-131.335,111.809,-20.5434,10.6883,-1.46516,-0.344328,-0.482768,-0.440833,0.706702,0.00567657,0.695349,-0.755388,-0.0372933,-0.650954,0.568281,-0.314965,0.461095,0.128611,-0.672109,0.370328,0.412195,-0.6146,-0.150094,0.265389,-0.117252,0.853053
79.14,0,,21.0285,27.6905,-4.63797,3.3149,-12.5763,-0.516896,15.9958,66.7034,-42.3892,43.6193,13.9183,-9.93154,-0.482088,2.64648,-5.21325,-5.21325,-0.142285,0.142285,-165.1,165.1,138.239,179.561,161.218,179.582,4.17787,9.16053,-108.379,-101.584,-24.8882,6.8545,-42.9937,-59.56,-20.9766,-49.2919,36.6213,-589.35,-132.834,337.875,-30.2809,256.85,-65.4375,-233.387,-50.2758,83.0069,-0.437094,-17.5978,11.7213,-0.345899,-0.482501,-0.44069,0.709743,0.00183112,0.693202,-0.755538,-0.0380272,-0.65043,0.552952,-0.310688,0.474334,0.121768,-0.669509,0.379769,0.404317,-0.619843,-0.136848,0.265143,-0.117434,0.853169
79.15,0,,20.1387,28.9015,-4.51989,3.17584,-12.276,-1.14092,15.4198,65.9665,-39.968,41.6841,12.7758,-10.0594,-0.0356088,3.40229,-5.08922,-5.08922,-0.136496,0.136496,-166.067,166.067,140.406,179.553,162.531,179.527,3.98647,8.29266,-106.439,-113.748,-31.2521,-12.6686,-56.1473,-45.9,-1.97148,-63.993,29.8029,-486.894,-41.0551,383.783,-64.4589,271.498,-90.3246,-292.484,71.3132,64.4544,-2.40402,-58.6235,-9.73283,-0.347366,-0.482259,-0.440449,0.712434,-0.00189217,0.691315,-0.755699,-0.0389416,-0.649861,0.536338,-0.308301,0.487386,0.115791,-0.666545,0.389307,0.396449,-0.625224,-0.121529,0.26485,-0.117745,0.853269
79.16,0,,19.2722,30.0857,-4.38505,3.08026,-11.9984,-1.84127,14.8601,65.0449,-37.5057,39.606,11.3835,-10.1809,0.293088,4.24487,-4.9727,-4.9727,-0.117606,0.117606,-166.924,166.924,142.616,179.545,164.003,179.499,3.86344,7.52335,-113.268,-109.845,-30.2662,-27.8464,-59.6049,-53.7106,44.3978,-9.80073,9.78768,-357.945,-67.3977,364.797,-88.3791,301.272,-87.4079,-391.608,152.372,62.5087,-11.8015,-3.88664,-1.46516,-0.34866,-0.482093,-0.440037,0.714881,-0.00555449,0.689611,-0.755909,-0.0398586,-0.649212,0.518218,-0.30733,0.499907,0.110539,-0.662988,0.399063,0.388027,-0.630536,-0.104804,0.264782,-0.117864,0.853371
79.17,0,,18.4174,31.1941,-4.26054,3.01388,-11.7265,-2.54163,14.3125,63.9064,-34.9251,37.4055,9.91255,-10.2086,0.471132,5.1491,-4.86921,-4.86921,-0.095669,0.095669,-167.621,167.621,144.954,179.537,165.453,179.466,3.765,6.86629,-99.1049,-112.296,-47.8641,-31.7633,-64.4905,-69.8135,39.5874,54.6727,-5.38872,-235.851,-97.1031,314.921,-134.786,317.4,-84.9646,-485.36,208.472,84.9526,7.8677,0,-3.8722,-0.349744,-0.482012,-0.439591,0.717331,-0.00872859,0.687911,-0.756017,-0.0407734,-0.648651,0.49881,-0.306415,0.512117,0.106025,-0.659225,0.408475,0.378749,-0.635603,-0.0872863,0.264668,-0.118112,0.853397
79.18,0,,17.5816,32.2079,-4.1389,2.9777,-11.4829,-3.13619,13.777,62.5465,-32.2057,35.0767,8.58965,-10.1084,0.577958,6.01223,-4.76547,-4.76547,-0.0764743,0.0764743,-168.385,168.385,147.434,179.529,166.799,179.417,3.80328,6.10519,-96.6603,-119.15,-49.3282,-46.8799,-74.7128,-42.4937,20.0303,61.0144,-81.5457,-205.652,-56.1881,229.969,-166.993,356.431,-93.2603,-562.026,258.273,84.4594,-35.1861,-15.6545,-13.1864,-0.350723,-0.482016,-0.438984,0.719735,-0.0114747,0.686226,-0.756038,-0.0416901,-0.64818,0.478977,-0.303855,0.524513,0.102177,-0.6553,0.417375,0.36806,-0.640535,-0.0695225,0.264411,-0.118411,0.853415
79.19,0,,16.7604,33.1526,-4.02545,2.95978,-11.212,-3.6638,13.2659,60.9869,-29.3321,32.6343,7.45639,-9.9422,0.619045,6.84339,-4.67126,-4.67126,-0.0645918,0.0645918,-169.319,169.319,150.049,179.545,167.991,179.4,4.03296,5.15793,-110.824,-141.119,-42.4861,-45.9007,-67.3467,-20.0254,31.2283,60.0535,-53.2274,-251.414,97.6636,177.733,-220.209,365.735,-94.7187,-584,320.79,51.7663,-22.9474,56.1403,13.1864,-0.351585,-0.482026,-0.438261,0.722146,-0.0139778,0.684485,-0.756021,-0.0427879,-0.647678,0.459137,-0.299092,0.537267,0.0987605,-0.651343,0.425744,0.356214,-0.645226,-0.0513324,0.26429,-0.118412,0.85342
79.2,0,,15.9683,33.9959,-3.93627,2.99197,-10.9344,-4.13651,12.7873,59.1931,-26.3866,30.0346,6.43414,-9.62891,0.545088,7.64716,-4.58606,-4.58606,-0.0685527,0.0685527,-170.203,170.203,152.749,179.537,169.035,179.329,4.33372,4.22983,-132.321,-145.022,-29.7881,-38.067,-38.108,-41.9776,-4.41612,73.6977,-42.01,-253.822,263.145,175.802,-277.366,402.81,-79.0932,-527.323,393.53,36.146,15.5168,54.197,11.198,-0.352256,-0.482147,-0.437589,0.724511,-0.0159917,0.682762,-0.755873,-0.0438851,-0.647289,0.439002,-0.293299,0.549668,0.0958294,-0.647428,0.433308,0.343095,-0.649812,-0.0327775,0.263927,-0.118902,0.853431
79.21,0,,15.1806,34.7056,-3.87491,3.05304,-10.7022,-4.48869,12.333,57.1694,-23.4462,27.3065,5.41652,-9.14725,0.315001,8.35273,-4.49209,-4.49209,-0.093841,0.093841,-171.225,171.225,155.435,179.52,170.128,179.208,4.97079,3.15116,-145.514,-145.975,-44.9361,-18.5439,33.2224,-82.0283,-75.705,108.385,-31.7275,-267.532,333.485,103.079,-329.596,433.109,-64.9451,-422.342,474.589,-14.6612,35.1861,19.0013,-23.9658,-0.352808,-0.482455,-0.436798,0.726968,-0.0172739,0.680945,-0.755705,-0.0447405,-0.646936,0.418409,-0.287729,0.560869,0.0933897,-0.643779,0.439908,0.328514,-0.654098,-0.0142222,0.263259,-0.119636,0.853563
79.22,0,,14.4265,35.2804,-3.82175,3.11842,-10.5016,-4.64939,11.9274,54.9524,-20.6343,24.4648,4.33414,-8.46739,-0.109566,8.85965,-4.39487,-4.39487,-0.12827,0.12827,-172.148,172.148,158,179.512,171.194,179.087,5.79105,2.17925,-159.678,-126.457,-52.7342,-63.4654,126.501,-94.243,-44.3978,124.047,-13.1969,-267.162,332.084,52.7728,-351.545,486.311,-51.2705,-380.379,517.555,-63.4678,28.8482,-26.3428,-39.5592,-0.353221,-0.482924,-0.435987,0.729298,-0.0178235,0.679245,-0.755711,-0.0453512,-0.646392,0.397791,-0.28316,0.570226,0.0913746,-0.64066,0.445459,0.312146,-0.657679,0.00360121,0.262643,-0.120304,0.853788
79.23,0,,13.7132,35.7383,-3.78893,3.16157,-10.3803,-4.5436,11.5765,52.5808,-18.1,21.5415,3.15925,-7.62768,-0.728611,9.07429,-4.30216,-4.30216,-0.172143,0.172143,-172.983,172.983,160.303,179.52,172.342,179.005,6.84372,1.31412,-157.233,-94.2303,-51.2702,-87.8845,191.442,-64.4459,35.6444,185.061,-16.6061,-23.5295,257.26,151.346,-373.539,516.61,-47.3688,-451.673,476.55,-30.7748,8.30479,23.4278,3.45358,-0.353477,-0.483491,-0.435209,0.731462,-0.0181889,0.677627,-0.755783,-0.0453519,-0.645852,0.377708,-0.280901,0.577,0.089665,-0.638276,0.449973,0.293716,-0.660617,0.0201426,0.262159,-0.120611,0.854106
79.24,0,,13.0261,36.0792,-3.79286,3.15891,-10.3384,-4.19677,11.2622,50.0716,-15.7404,18.557,1.8826,-6.62174,-1.47366,9.04004,-4.22348,-4.22348,-0.211447,0.211447,-173.653,173.653,162.42,179.529,173.545,178.906,7.95381,0.610519,-139.15,-71.3082,-77.6224,-73.7471,218.276,-12.2148,35.1713,206.008,-19.0255,294.026,110.414,35.6109,-369.149,534.169,-34.6601,-561.058,405.297,7.81016,-1.96692,13.1714,15.1748,-0.353534,-0.484095,-0.434409,0.733558,-0.0189829,0.675938,-0.755826,-0.0448014,-0.645409,0.35763,-0.280537,0.582133,0.0881385,-0.636929,0.453266,0.273569,-0.662865,0.0354627,0.261609,-0.120977,0.854471
79.25,0,,12.3682,36.3221,-3.84566,3.13236,-10.343,-3.76423,10.9843,47.4228,-13.4529,15.5055,0.809471,-5.58596,-2.07079,8.90075,-4.15858,-4.15858,-0.263547,0.263547,-174.197,174.197,164.452,179.512,174.506,178.791,8.86704,0.00547551,-116.217,-71.3082,-109.86,-46.3903,222.184,14.176,19.5571,138.652,-37.1162,328.116,-66.8372,-185.992,-362.789,522.479,-34.1866,-601.569,336.895,-5.3712,-5.90077,-8.74494,0,-0.353356,-0.484774,-0.433684,0.735544,-0.020447,0.674203,-0.755888,-0.043886,-0.644983,0.338945,-0.279189,0.587493,0.0865542,-0.636582,0.455356,0.252525,-0.664855,0.0505417,0.261065,-0.12159,0.854793
79.26,0,,11.7556,36.478,-3.8981,3.07428,-10.3475,-3.49507,10.745,44.6172,-11.2784,12.4189,0.0231277,-4.63543,-2.36388,8.84823,-4.12249,-4.12249,-0.308335,0.308335,-174.614,174.614,166.321,179.488,175.155,178.697,9.35372,-0.448992,-120.602,-74.2132,-82.0443,-25.3984,206.024,25.393,3.94297,76.6763,-45.4192,422.42,-12.7509,-253.889,-339.854,489.746,-15.6255,-554.185,289.531,-35.6527,9.17898,18.0297,0.52327,-0.353001,-0.485338,-0.433026,0.737287,-0.0227064,0.672586,-0.755908,-0.0428494,-0.644573,0.322949,-0.276316,0.594015,0.0849669,-0.637191,0.456209,0.232062,-0.666522,0.0668964,0.260688,-0.122074,0.855186
79.27,0,,11.1415,36.5036,-3.97729,3.0318,-10.3577,-3.48704,10.5665,41.6977,-9.25818,9.35283,-0.629075,-3.77867,-2.32827,9.01492,-4.0586,-4.0586,-0.374145,0.374145,-174.971,174.971,167.984,179.471,175.665,178.598,9.4877,-0.862393,-110.824,-74.7125,-99.1343,-39.0462,207.527,-5.36762,-25.3927,59.0927,-19.0255,572.305,119.662,-299.368,-320.816,431.63,-35.645,-474.615,202.648,-43.9561,23.8216,-17.5978,-18.1052,-0.352553,-0.486225,-0.432268,0.73886,-0.0253306,0.671047,-0.755904,-0.0416895,-0.644142,0.309469,-0.273028,0.601724,0.0834405,-0.638469,0.456023,0.213025,-0.667825,0.0849049,0.260275,-0.122568,0.855598
79.28,0,,10.523,36.39,-4.07183,2.98633,-10.4087,-3.70933,10.4245,38.6966,-7.43842,6.34209,-1.27203,-2.99651,-2.04888,9.37113,-3.96162,-3.96162,-0.443916,0.443916,-175.295,175.295,169.427,179.463,176.187,178.522,9.40567,-1.24842,-93.75,-63.955,-129.879,-87.3949,188.511,21.4705,-18.0588,52.2706,7.80815,733.862,150.909,-256.785,-296.896,373.036,-20.512,-367.698,138.645,-41.0239,17.0467,-12.1997,-33.6986,-0.352084,-0.487412,-0.431254,0.740339,-0.0280778,0.669534,-0.755902,-0.0404075,-0.643713,0.297804,-0.270398,0.610074,0.0819769,-0.640494,0.454749,0.195565,-0.668548,0.104314,0.259969,-0.122812,0.856086
79.29,0,,9.92785,36.1939,-4.19205,2.94352,-10.4733,-4.19275,10.313,35.6482,-5.7266,3.39255,-1.95198,-2.18664,-1.57774,9.93057,-3.88219,-3.88219,-0.531969,0.531969,-175.554,175.554,170.713,179.455,176.737,178.434,9.09398,-1.56873,-79.0822,-38.5818,-147.955,-97.1871,162.128,55.1902,7.80708,28.3453,9.78768,859.846,131.292,-250.027,-254.879,279.276,7.32976,-277.819,166.992,-99.6138,13.1128,-32.7125,-1.98843,-0.351401,-0.488617,-0.430386,0.741756,-0.0311303,0.66802,-0.755948,-0.0388808,-0.643212,0.287313,-0.268329,0.619001,0.0806317,-0.643161,0.452477,0.179763,-0.66839,0.124888,0.259598,-0.123115,0.856618
79.3,0,,9.30499,35.9009,-4.31834,2.91431,-10.556,-4.94533,10.1954,32.5848,-3.98909,0.53045,-2.48392,-1.33415,-0.892959,10.7161,-3.79925,-3.79925,-0.617583,0.617583,-175.729,175.729,171.992,179.455,177.138,178.368,8.49518,-1.81239,-77.6464,-25.8725,-141.591,-76.1952,105.455,63.0007,29.3357,50.2528,10.7225,916.91,229.937,-332.512,-209.951,151.352,18.5612,-237.307,262.195,-132.334,6.33787,-6.80162,2.40704,-0.350663,-0.48989,-0.429463,0.743205,-0.0344868,0.666419,-0.755902,-0.0372336,-0.642798,0.277974,-0.265033,0.62895,0.0792269,-0.646389,0.449115,0.16584,-0.667084,0.146613,0.259296,-0.123239,0.857116
79.31,0,,8.68359,35.5522,-4.43713,2.94418,-10.6466,-5.9269,10.0777,29.5342,-2.20017,-2.26461,-2.90947,-0.430509,-0.0109566,11.6797,-3.72558,-3.72558,-0.709901,0.709901,-175.949,175.949,173.292,179.447,177.434,178.302,7.74328,-2.10533,-57.1192,-19.0639,-163.073,-65.4238,70.2781,56.6353,22.0018,62.4557,4.39896,964.34,384.769,-301.728,-192.884,31.7305,-7.80326,-176.758,393.53,-116.221,1.96692,7.77328,11.198,-0.349871,-0.491113,-0.42861,0.744608,-0.0379659,0.664831,-0.75585,-0.0354638,-0.642378,0.269373,-0.260522,0.639891,0.0778245,-0.649636,0.444973,0.153573,-0.664892,0.169077,0.259041,-0.123417,0.857571
79.32,0,,8.03155,35.1334,-4.56128,3.0318,-10.7407,-7.0022,9.92969,26.5159,-0.395824,-4.96058,-3.38128,0.526414,0.903915,12.6958,-3.65241,-3.65241,-0.816234,0.816234,-176.136,176.136,174.6,179.455,177.764,178.214,6.92301,-2.3709,-34.6518,-26.8711,-187.005,-62.9758,48.3303,70.8113,4.88928,94.26,-12.2071,994.539,497.005,-290.036,-189.435,-78.1094,-13.6746,-93.2677,523.914,-118.166,-4.37094,4.42645,-15.5935,-0.34901,-0.492386,-0.42787,0.746067,-0.0413837,0.663177,-0.755733,-0.0336329,-0.642016,0.260631,-0.256114,0.650967,0.0768481,-0.65269,0.440396,0.14234,-0.662138,0.191354,0.25855,-0.12366,0.85805
79.33,0,,7.41307,34.7134,-4.68364,3.15925,-10.8098,-8.00385,9.78163,23.5492,1.4445,-7.5866,-3.94559,1.51744,1.77496,13.5955,-3.63462,-3.63462,-0.926832,0.926832,-176.411,176.411,175.914,179.463,178.17,178.126,6.20665,-2.7268,-2.44464,-40.5336,-202.153,-52.7552,67.3467,93.2452,10.7249,135.289,47.8387,1013.25,604.057,-314.492,-183.119,-114.755,-52.2553,-26.8622,628.447,-109.863,-0.437094,13.1714,1.46516,-0.347926,-0.493323,-0.427339,0.747614,-0.04462,0.661426,-0.755695,-0.0318001,-0.641495,0.251478,-0.252028,0.661901,0.0767241,-0.655237,0.435869,0.131232,-0.659029,0.212474,0.258073,-0.123909,0.858513
79.34,0,,6.86898,34.3146,-4.80065,3.29499,-10.8529,-8.79527,9.67617,20.7071,3.32595,-10.0902,-4.61167,2.52338,2.50357,14.2531,-3.68123,-3.68123,-1.04383,1.04383,-176.713,176.713,177.25,179.463,178.67,178.022,5.62153,-3.09914,21.963,-62.5025,-172.843,-62.9758,59.0787,107.903,16.6393,166.516,83.0303,1015.1,654.78,-292.932,-189.435,-121.578,-64.9451,19.0214,701.662,-106.931,-18.1394,-17.5978,16.1167,-0.346518,-0.493927,-0.427029,0.749098,-0.0475473,0.659741,-0.755617,-0.0299097,-0.640922,0.241649,-0.248668,0.67221,0.0778242,-0.657203,0.431909,0.119819,-0.655863,0.231398,0.257527,-0.124277,0.859013
79.35,0,,6.41386,33.9514,-4.90945,3.40916,-10.88,-9.25458,9.61736,18.0303,5.19712,-12.4393,-5.38414,3.47817,3.01579,14.5499,-3.79549,-3.79549,-1.16143,1.16143,-176.927,176.927,178.558,179.471,179.264,177.928,5.15672,-3.3866,36.6308,-83.5182,-139.171,-80.5404,23.9021,86.4325,2.44464,215.808,85.4497,1033.26,635.724,-312.454,-156.242,-104.496,-80.5706,60.065,737.319,-101.559,-12.6757,-34.224,8.26767,-0.34481,-0.494173,-0.426969,0.750468,-0.0501736,0.658178,-0.755529,-0.0278944,-0.640289,0.231151,-0.24635,0.681308,0.0803881,-0.658547,0.428858,0.107489,-0.65293,0.247268,0.257033,-0.12458,0.859484
79.36,0,,6.04336,33.6428,-4.99471,3.49512,-10.9503,-9.31484,9.61533,15.5448,7.08372,-14.6253,-6.1381,4.32853,3.36914,14.4403,-3.96137,-3.96137,-1.26624,1.26624,-177.042,177.042,179.879,179.471,179.829,177.851,4.79033,-3.58372,32.7116,-83.5182,-113.774,-78.1536,1.95426,29.2811,0,233.872,79.1262,1029.74,612.744,-417.034,-85.9154,-78.6343,-107.427,23.4258,666.481,-69.3323,8.74188,-14.143,1.98843,-0.342916,-0.49411,-0.427028,0.751703,-0.0522499,0.656786,-0.755477,-0.0254532,-0.639625,0.220346,-0.244151,0.689177,0.0842933,-0.659148,0.427021,0.0938742,-0.650528,0.259772,0.256605,-0.124823,0.859908
79.37,0,,5.70932,33.3487,-5.0229,3.58074,-11.1067,-8.93721,9.67414,13.2354,9.01657,-16.6247,-6.81806,4.97003,3.58279,13.9243,-4.14053,-4.14053,-1.34516,1.34516,-177.037,177.037,181.215,179.48,-179.703,177.791,4.51691,-3.67407,29.2969,-92.2785,-62.0262,-79.5612,20.5197,-23.9134,3.94297,219.267,23.4244,1135.72,575.753,-569.775,-20.023,-62.0295,-125.496,-13.1649,560.522,-9.28998,-8.74188,-26.3428,7.32578,-0.341031,-0.493937,-0.426976,0.752725,-0.0537138,0.655674,-0.755523,-0.0222787,-0.63888,0.209428,-0.241535,0.695733,0.0893614,-0.658918,0.426237,0.0789848,-0.649152,0.268756,0.256301,-0.124946,0.860279
79.38,0,,5.34464,33.0334,-5.0204,3.65475,-11.3254,-8.18597,9.73701,11.0635,10.9443,-18.4521,-7.46564,5.3771,3.62662,13.0908,-4.29489,-4.29489,-1.40487,1.40487,-176.921,176.921,182.558,179.488,-179.291,177.752,4.35012,-3.66038,7.33392,-87.8757,-36.1222,-52.7552,71.2552,-6.84716,19.5571,127.41,-9.78768,1127.93,552.773,-645.073,45.9141,-46.379,-133.792,-53.7245,416.528,-14.1679,-15.0798,16.0864,7.84905,-0.339318,-0.49387,-0.426787,0.753696,-0.054812,0.654631,-0.755701,-0.0186774,-0.638022,0.198259,-0.23885,0.700925,0.0954651,-0.658001,0.426419,0.0630541,-0.648914,0.27474,0.256057,-0.125007,0.860583
79.39,0,,4.92308,32.6914,-5.00934,3.71317,-11.5316,-7.22449,9.80597,9.01624,12.9388,-20.1454,-8.0207,5.57317,3.47049,12.077,-4.40339,-4.40339,-1.44082,1.44082,-176.707,176.707,183.972,179.471,-178.95,177.709,4.26263,-3.52623,-11.2143,-71.3082,-20.0181,-32.2529,116.729,-33.2036,33.1998,-3.93951,-41.0203,988.796,568.326,-686.047,91.2907,-38.5537,-119.625,-81.5548,260.234,-28.3084,-23.3845,19.5412,8.79094,-0.337981,-0.493939,-0.426489,0.754734,-0.0559107,0.653472,-0.755774,-0.0149543,-0.637238,0.186475,-0.235673,0.705064,0.101936,-0.656663,0.427154,0.0469379,-0.649684,0.278698,0.255936,-0.125191,0.860891
79.4,0,,4.45484,32.3561,-5.01148,3.75034,-11.7151,-6.18802,9.88101,7.16659,14.9591,-21.6668,-8.48788,5.59662,3.14727,11.0494,-4.47105,-4.47105,-1.46794,1.46794,-176.389,176.389,185.429,179.439,-178.676,177.67,4.20248,-3.29352,-27.8223,-36.1307,-8.30601,-24.4192,157.694,-35.1648,42.5052,-83.9788,-56.1417,845.766,517.603,-769.067,98.1442,-62.9838,-95.7036,-75.6983,160.158,-64.4544,-19.0136,-13.7112,15.1748,-0.336869,-0.494226,-0.426107,0.75584,-0.0569489,0.652196,-0.755786,-0.0112922,-0.636455,0.174323,-0.232004,0.708341,0.108406,-0.655134,0.428435,0.0316791,-0.6511,0.281205,0.255938,-0.125497,0.861083
79.41,0,,3.93555,32.0531,-5.00007,3.7052,-11.8296,-5.22386,9.95808,5.54036,16.9588,-23.0454,-8.88106,5.51776,2.67066,10.095,-4.4961,-4.4961,-1.4719,1.4719,-176.032,176.032,186.872,179.39,-178.423,177.659,4.19154,-2.98415,-53.7045,-9.25963,-0.478044,20.9919,158.22,-46.3818,24.9196,-109.345,-44.9243,792.037,467.72,-850.05,91.7834,-118.142,-27.3493,-33.2027,105.484,-113.782,-10.2717,13.7112,20.5122,-0.336145,-0.494604,-0.425629,0.75697,-0.0582284,0.650828,-0.755652,-0.00787391,-0.635712,0.162178,-0.228344,0.710851,0.114326,-0.65385,0.430081,0.017945,-0.652613,0.283214,0.256241,-0.12574,0.861257
79.42,0,,3.34624,31.8069,-4.98722,3.59734,-11.8806,-4.44182,10.021,4.18695,18.8865,-24.2958,-9.17247,5.46235,2.11461,9.31405,-4.45776,-4.45776,-1.46946,1.46946,-175.636,175.636,188.264,179.3,-178.225,177.637,4.156,-2.62003,-80.5567,14.1618,-15.148,-1.46882,129.432,-48.8247,26.891,-90.8009,-58.6161,744.607,433.111,-973.616,88.8718,-137.705,42.9748,0,25.3756,-190.431,-15.0798,-14.6829,17.5819,-0.335782,-0.49528,-0.425023,0.758099,-0.0598178,0.649389,-0.755439,-0.00482182,-0.634954,0.150581,-0.224438,0.712866,0.119029,-0.652953,0.432046,0.00622592,-0.653722,0.285355,0.25667,-0.126229,0.861384
79.43,0,,2.71171,31.642,-4.98936,3.4762,-11.893,-3.92493,10.0717,3.14505,20.7628,-25.3742,-9.2881,5.44317,1.62157,8.76603,-4.38435,-4.38435,-1.48592,1.48592,-175.23,175.23,189.593,179.202,-178.154,177.643,4.02202,-2.23948,-102.054,31.7278,-62.0262,-17.0751,92.3011,-63.4824,42.9783,-86.9575,-90.3436,695.881,380.426,-1128.93,18.5448,-130.357,148.432,-31.7507,-100.076,-157.71,-6.77496,9.7166,15.1748,-0.335533,-0.496188,-0.424467,-0.759184,0.0619531,-0.647913,-0.755167,-0.00195323,-0.634189,0.140204,-0.219615,0.714876,0.122201,-0.652513,0.433991,-0.00286871,-0.654248,0.287847,0.257333,-0.126713,0.861419
79.44,0,,2.06405,31.5373,-5.00791,3.35572,-11.8738,-3.633,10.0798,2.38242,22.4695,-26.2748,-9.31586,5.48153,1.18331,8.40525,-4.3217,-4.3217,-1.51699,1.51699,-174.763,174.763,190.766,179.055,-178.11,177.659,3.77321,-1.79597,-86.4161,44.9364,-130.357,-12.179,14.1308,-50.786,29.8088,-86.381,-92.763,657.715,250.534,-1186.53,-97.1587,-104.496,219.722,-75.2143,-189.455,-47.8475,4.37094,24.3995,9.73283,-0.335172,-0.497111,-0.424046,-0.760262,0.0645148,-0.646369,-0.754838,0.000610364,-0.633436,0.131294,-0.214916,0.716713,0.124274,-0.652561,0.435569,-0.00933897,-0.654216,0.290363,0.258315,-0.127388,0.861377
79.45,0,,1.45286,31.4782,-5.06713,3.25682,-11.8171,-3.62095,10.0798,1.85395,24.0116,-26.9655,-9.12621,5.61793,0.887481,8.27281,-4.31393,-4.31393,-1.56788,1.56788,-174.29,174.29,191.753,178.892,-178.22,177.67,3.36581,-1.31686,-88.3951,15.6143,-127.936,-7.34411,-42.9937,-39.5346,51.2586,-54.1923,-115.748,650.86,203.174,-1310.53,-209.458,-62.5066,263.19,-133.779,-164.08,-21.4848,-11.1459,32.1727,41.9663,-0.334485,-0.497821,-0.423905,-0.761427,0.0672619,-0.644664,-0.754442,0.00299091,-0.632669,0.124824,-0.209423,0.718606,0.125744,-0.653013,0.436563,-0.0128181,-0.653538,0.293228,0.259413,-0.128181,0.861374
79.46,0,,0.848958,31.3624,-5.14419,3.20405,-11.7253,-3.93564,10.0656,1.4823,25.415,-27.5076,-8.68678,5.86515,0.843654,8.47147,-4.32671,-4.32671,-1.62637,1.62637,-173.818,173.818,192.578,178.655,-178.533,177.681,2.7014,-0.862393,-75.6674,-18.5646,-113.774,-18.5439,-71.7814,-11.217,49.2871,-59.0927,-82.5354,746.645,336.428,-1319.86,-274.902,10.7359,270.993,-204.105,-81.0593,3.42551,-2.84111,38.5425,24.3844,-0.333586,-0.498517,-0.423742,-0.762657,0.0700094,-0.642842,-0.753959,0.00500523,-0.63188,0.121219,-0.20252,0.721212,0.127387,-0.653598,0.436851,-0.0128183,-0.652268,0.297018,0.260821,-0.129403,0.861266
79.47,0,,0.242143,31.1707,-5.21982,3.21235,-11.6041,-4.53556,10.0433,1.2288,26.659,-27.8924,-8.17335,6.20189,0.950481,8.9761,-4.35027,-4.35027,-1.6864,1.6864,-173.351,173.351,193.21,178.394,-178.868,177.681,1.89207,-0.429827,-50.7942,-64.4543,-164.537,-24.4192,-79.0723,4.4042,41.48,-29.7865,-41.5152,758.317,358.847,-1237.8,-275.888,43.9455,242.678,-194.812,39.044,-6.35774,9.17898,25.9109,21.9774,-0.332534,-0.499229,-0.423481,-0.763903,0.0725754,-0.64097,-0.753379,0.00671407,-0.631061,0.119513,-0.19575,0.724282,0.129399,-0.654137,0.436478,-0.00964383,-0.650592,0.301705,0.262347,-0.130868,0.861141
79.48,0,,-0.344251,30.9112,-5.29402,3.28105,-11.4545,-5.27877,10.0331,1.09346,27.7643,-28.1226,-7.67841,6.59403,1.13674,9.65428,-4.39111,-4.39111,-1.75068,1.75068,-172.878,172.878,193.693,178.1,-179.148,177.676,0.997986,-0.021902,0,-115.246,-195.311,-26.3776,-88.3926,23.9134,51.7317,43.4307,-37.6111,744.052,379.865,-1193.82,-263.659,35.6431,219.722,-181.647,160.633,-60.0697,-2.84111,-3.88664,23.4425,-0.331255,-0.499965,-0.423118,-0.765115,0.0747109,-0.639132,-0.752731,0.00811817,-0.630165,0.118962,-0.189644,0.727692,0.131782,-0.654636,0.435509,-0.00415053,-0.648642,0.306407,0.263996,-0.132578,0.860963
79.49,0,,-0.894177,30.5859,-5.36929,3.40252,-11.3322,-6.04741,10.0514,1.05694,28.8541,-28.1984,-7.00308,6.97765,1.57227,10.4055,-4.46904,-4.46904,-1.81558,1.81558,-172.346,172.346,194.113,177.765,-179.571,177.692,-0.161318,0.40245,7.79957,-184.557,-198.717,23.9296,-71.7814,36.1282,68.3711,88.8792,-18.5306,584.532,766.176,-1343.24,-228.496,-24.9072,188.964,-133.779,299.812,-108.876,-14.2056,9.7166,29.8264,-0.329551,-0.500705,-0.422575,-0.766302,0.0763006,-0.637324,-0.751986,0.0095219,-0.629239,0.120182,-0.182074,0.73202,0.134467,-0.655366,0.433676,0.00311291,-0.646631,0.310498,0.266007,-0.134407,0.860707
79.5,0,,-1.42952,30.1793,-5.41281,3.54125,-11.2222,-6.76652,10.096,1.12139,29.6509,-28.1313,-6.81344,7.32718,2.24335,11.1796,-4.55674,-4.55674,-1.87286,1.87286,-171.818,171.818,194.191,177.381,-179.505,177.714,-1.50108,0.772047,13.6589,-227.542,-163.073,55.6929,-24.4282,43.9388,104.962,112.805,-20.5101,543.402,670.474,-789.554,-196.288,-80.0657,127.447,-148.444,436.021,-117.673,2.84111,43.9406,48.3502,-0.327652,-0.501488,-0.421772,-0.767373,0.0772134,-0.635652,-0.751253,0.0108647,-0.62814,0.12244,-0.178716,0.737812,0.137276,-0.656472,0.430934,0.0117191,-0.644797,0.313548,0.268322,-0.136542,0.860328
79.51,0,,-1.98236,29.6646,-5.43208,3.70421,-11.1373,-7.38385,10.1771,1.23095,30.5916,-28.0031,-7.04934,7.67244,2.2954,11.9171,-4.62089,-4.62089,-1.9274,1.9274,-171.23,171.23,194.461,176.924,-178.989,177.714,-2.26666,1.15807,19.0527,-256.818,-169.437,90.3326,42.0165,38.0895,147.94,117.224,-58.1212,124.503,492.662,-1110.37,-178.729,-134.27,78.6197,-182.131,526.826,-122.058,-18.1394,37.139,92.7235,-0.325698,-0.502524,-0.420673,-0.768323,0.0775769,-0.634104,-0.750425,0.0123301,-0.627002,0.120062,-0.179146,0.74161,0.140084,-0.657936,0.427271,0.0208756,-0.643176,0.315515,0.270823,-0.139287,0.859834
79.52,0,,-2.55271,29.0518,-5.42387,3.88542,-11.0579,-7.85655,10.3089,1.37274,31.3884,-27.8515,-7.30837,7.94523,2.25979,12.6227,-4.65722,-4.65722,-1.98254,1.98254,-170.505,170.505,194.56,176.385,-178.401,177.719,-3.04864,1.60159,48.8152,-285.641,-159.667,130.358,120.112,31.2423,209.924,133.751,-50.808,-268.088,519.985,-652.795,-162.603,-151.352,25.3985,-189.439,553.212,-147.461,-37.5901,-25.3711,100.573,-0.323622,-0.503928,-0.419208,-0.769072,0.0772734,-0.632776,-0.749515,0.0137341,-0.625725,0.118598,-0.180918,0.744791,0.143134,-0.659577,0.423115,0.0303363,-0.642129,0.316364,0.273706,-0.142652,0.859085
79.53,0,,-3.10118,28.3712,-5.39462,4.07658,-10.9741,-8.16187,10.5158,1.52526,30.9874,-27.7058,-8.14559,8.08376,1.67087,13.2347,-4.68504,-4.68504,-2.05049,2.05049,-169.714,169.714,193.487,175.748,-177.204,177.769,-3.21269,2.07248,95.6902,-271.979,-87.3924,119.158,182.122,29.7972,234.37,186.022,5.38872,-1235.39,128.91,1280.81,-91.7834,-86.9367,-0.492439,-100.092,508.285,-68.3458,-81.9552,-161.08,158.237,-0.321318,-0.5056,-0.417518,-0.769556,0.0764795,-0.631734,-0.748338,0.0151377,-0.62449,0.121286,-0.194228,0.743524,0.146798,-0.66117,0.418908,0.0396754,-0.641766,0.316061,0.277302,-0.146372,0.858091
79.54,0,,-3.57817,27.6593,-5.32399,4.22162,-10.88,-8.02796,10.7754,1.4823,28.669,-27.6563,-10.5786,7.75342,-0.79435,13.5384,-4.76247,-4.76247,-2.09649,2.09649,-168.89,168.89,190.624,175.054,-174.473,177.967,-1.37804,2.57623,166.973,-189.459,134.271,126.931,291.485,13.6599,322.298,330.054,56.6366,-1861.8,-1458.93,1845.23,232.93,53.7271,52.7288,403.321,290.542,175.77,-128.943,46.8556,171.842,-0.318735,-0.507035,-0.415723,-0.769822,0.075444,-0.630897,-0.746935,0.0165416,-0.62327,0.124339,-0.231526,0.730042,0.151678,-0.662622,0.414871,0.0466941,-0.643646,0.313857,0.282113,-0.149602,0.856838
79.55,0,,-3.97347,26.806,-5.17522,4.19374,-10.8064,-6.85891,11.0999,0.582178,27.168,-28.3966,-11.5963,7.01175,-3.59649,12.9903,-4.88525,-4.88525,-2.08217,2.08217,-168.143,168.143,188.52,174.147,-173.21,178.164,0.806591,2.95951,159.678,0.499294,460.924,250.985,456.545,-3.92249,478.992,522.994,57.1315,-843.172,-1879.43,-996.57,1002.94,166,45.418,1272.45,-320.315,548.328,-70.8093,-82.4831,253.891,-0.31643,-0.50779,-0.414094,-0.769858,0.0742208,-0.630267,-0.745438,0.0187382,-0.622083,0.126473,-0.255143,0.713059,0.158819,-0.664207,0.410536,0.0439476,-0.648899,0.308793,0.28792,-0.154428,0.854848
79.56,0,,-4.47964,25.5749,-4.8777,3.93885,-10.7157,-4.4137,11.5157,-1.49948,26.731,-30.2065,-8.81167,5.90351,-2.77475,11.0746,-4.81584,-4.81584,-1.98011,1.98011,-167.737,167.737,187.128,173.078,-175.803,178.467,-0.39646,3.15663,250.479,196.767,651.365,410.658,617.696,-25.393,542.947,659.628,142.086,1755.82,569.307,-589.404,1451.15,270.496,37.5958,1394.03,-1840.83,621.579,-104.466,-66.9366,175.296,-0.31636,-0.508386,-0.412434,-0.769654,0.073065,-0.629872,-0.743944,0.0224013,-0.621012,0.150278,-0.241898,0.71135,0.16737,-0.666061,0.404874,0.0266119,-0.655836,0.300299,0.295172,-0.159671,0.85219
79.57,0,,-5.06312,24.4453,-4.44105,3.72711,-10.6024,-3.33572,12.0592,-2.66814,26.731,-31.6434,-6.56828,5.19381,-1.323,10.2183,-4.54346,-4.54346,-1.82198,1.82198,-167.748,167.748,186.076,171.828,-177.945,178.901,-1.8784,3.17032,529.788,320.32,447.748,387.708,706.088,-59.56,482.383,608.895,159.187,1823.82,508.355,-797.813,1456.04,71.2862,114.738,855.478,-1925.75,103.505,-114.737,61.5385,278.798,-0.318615,-0.508869,-0.411026,-0.769038,0.0724541,-0.62999,-0.742651,0.0276503,-0.619903,0.170421,-0.228958,0.71373,0.172309,-0.667324,0.399064,0.0200208,-0.659161,0.295673,0.304337,-0.165109,0.848921
79.58,0,,-5.44675,23.9941,-3.95981,3.64978,-10.5095,-3.67987,12.7853,-2.19122,25.9856,-32.4216,-6.25374,5.10004,-1.04361,10.5928,-4.31995,-4.31995,-1.63186,1.63186,-167.934,167.934,184.328,170.318,-178.275,179.362,-1.93308,3.02522,709.954,616.219,362.297,314.45,627.467,-53.2289,479.465,518.094,83.4702,962.487,732.407,670.386,1342.75,-344.741,220.707,115.241,-1068.87,81.0612,-149.923,-1.94332,261.217,-0.321184,-0.508632,-0.410116,-0.768047,0.0727579,-0.630711,-0.741558,0.0339375,-0.618565,0.184215,-0.234633,0.709819,0.171029,-0.668247,0.394795,0.0272845,-0.658978,0.293781,0.315022,-0.172069,0.844717
79.59,0,,-5.61304,24.2102,-3.4775,3.43007,-10.3192,-3.76557,13.7649,-0.913009,25.6875,-33.2056,-8.00683,4.59707,-1.70374,10.7252,-4.13653,-4.13653,-1.43808,1.43808,-168.368,168.368,183.006,168.546,-176.539,179.873,-0.937833,2.73502,663.079,756.339,292.473,342.297,496.607,-44.9366,552.252,492.631,57.1315,811.12,35.1701,552.72,1032.73,-893.558,-25.3985,66.4054,-501.926,19.5391,-182.05,57.6518,309.567,-0.324061,-0.507791,-0.409883,-0.76675,0.0740382,-0.632041,-0.740475,0.0408357,-0.616869,0.183906,-0.254405,0.704558,0.164983,-0.669758,0.393322,0.0341818,-0.660929,0.288348,0.327542,-0.180069,0.839669
79.6,0,,-5.56053,25.0402,-3.04014,3.0172,-9.90785,-3.98653,15.0182,1.14717,25.5487,-34.0712,-9.85242,3.91934,-1.92835,10.9147,-3.9526,-3.9526,-1.26137,1.26137,-169.187,169.187,181.755,166.504,-174.682,-179.62,-0.202331,2.22853,442.363,579.09,74.2163,358.393,340.792,-3.92249,557.615,476.104,38.106,998.059,-540.022,179.664,579.593,-1089.33,-388.667,273.947,-164.08,14.6612,-237.342,170.904,362.312,-0.327719,-0.506381,-0.410671,-0.76524,0.0756268,-0.633946,-0.73924,0.0478544,-0.614965,0.183599,-0.273568,0.701742,0.156628,-0.670581,0.396696,0.0424219,-0.66398,0.281633,0.341748,-0.189399,0.833709
79.61,0,,-5.279,26.3826,-2.68696,2.52932,-9.21665,-4.49673,16.4947,3.81745,25.7337,-35.1496,-9.48238,3.64228,-1.10661,11.1248,-3.84711,-3.84711,-1.13462,1.13462,-170.406,170.406,180.661,164.128,-174.995,-179.307,-0.412865,1.46744,216.797,158.185,-89.3643,371.612,157.694,38.5712,520.472,456.022,8.30303,712.926,-38.533,-325.218,17.5593,-532.738,-491.208,269.542,120.579,-105.944,-307.059,194.332,328.09,-0.331688,-0.504124,-0.412992,-0.763544,0.077154,-0.636276,-0.73775,0.0547499,-0.612808,0.194526,-0.274912,0.703028,0.149121,-0.668938,0.405794,0.0517603,-0.665438,0.274611,0.356958,-0.201369,0.826596
79.62,0,,-4.72908,27.8075,-2.44581,2.0743,-8.36796,-5.79031,18.1517,6.50492,26.7207,-36.6856,-7.81255,4.11754,-0.0575219,11.7824,-3.90249,-3.90249,-1.11116,1.11116,-171.725,171.725,180.306,161.327,-176.561,-179.104,-0.978846,0.613257,40.5112,-154.781,-167.973,335.442,-7.29088,82.9917,486.799,399.428,-23.4244,75.2203,415.596,-177.197,-470.205,269.542,-224.609,-87.4112,450.224,-270.999,-365.629,258.354,376.022,-0.33461,-0.501365,-0.416522,-0.761545,0.0780712,-0.639097,-0.73616,0.0610974,-0.610181,0.206739,-0.263322,0.707259,0.145273,-0.665326,0.417507,0.0648825,-0.663657,0.271676,0.373978,-0.216013,0.817906
79.63,0,,-3.98368,28.8981,-2.31703,1.78058,-7.48414,-7.89806,19.9202,8.72622,28.2886,-38.889,-6.81806,5.34087,0.145174,13.0817,-4.09217,-4.09217,-1.2306,1.2306,-173.06,173.06,180.569,157.996,-177.401,-179.06,-0.771047,-0.391499,-91.3054,-372.064,-118.166,246.579,-114.775,148.435,471.658,319.293,-90.8385,-308.107,403.265,698.275,-758.77,876.953,68.3543,-306.133,686.984,-159.656,-422.889,331.984,445.303,-0.335777,-0.498812,-0.420499,-0.75926,0.0781295,-0.64231,-0.734358,0.0666544,-0.607214,0.209847,-0.255198,0.710295,0.145584,-0.661139,0.427839,0.082706,-0.659695,0.27412,0.393287,-0.233909,0.807022
79.64,0,,-3.21787,29.3705,-2.24282,1.73312,-6.64111,-10.0661,21.7455,10.1956,29.62,-41.8385,-6.89207,7.0352,-0.799828,14.5317,-4.27585,-4.27585,-1.46368,1.46368,-174.043,174.043,180.668,154.134,-177.116,-179.186,0.29256,-1.37161,-147.454,-485.359,139.649,175.769,-149.877,196.297,501.94,326.211,-178.708,516.538,-231.898,-178.698,-830.575,1157.23,337.396,-319.346,886.244,-119.153,-348.583,326.694,510.293,-0.335463,-0.497457,-0.423846,-0.756639,0.0772143,-0.645914,-0.73222,0.0711711,-0.604038,0.206981,-0.257582,0.708716,0.148198,-0.658223,0.433424,0.100957,-0.65567,0.278394,0.414141,-0.255504,0.793429
79.65,0,,-2.6096,29.0095,-2.10655,1.81709,-5.81395,-11.7935,23.5972,10.8294,29.3784,-45.4089,-7.42863,8.89363,-1.33944,15.7282,-4.27635,-4.27635,-1.70407,1.70407,-174.735,174.735,179.176,149.871,-176.292,-179.483,0.787452,-2.34352,-31.2371,-521.989,138.185,140.64,-116.203,230.945,494.133,416.051,-196.303,1220.2,-129.331,213.88,-682.62,1036.13,377.928,-136.731,962.431,-187.499,-90.9156,173.387,376.441,-0.3351,-0.497706,-0.425681,-0.753699,0.0753211,-0.649873,-0.729649,0.0745885,-0.600798,0.214119,-0.269602,0.705713,0.151132,-0.658425,0.43191,0.116708,-0.652699,0.281882,0.435878,-0.279802,0.777146
79.66,0,,-2.02904,28.1016,-1.81937,1.96943,-5.00491,-12.8581,25.4793,10.81,30.2523,-49.1599,-8.13172,10.3983,-2.5474,16.3584,-4.22072,-4.22072,-1.86555,1.86555,-175.246,175.246,178.821,145.535,-175.215,-179.708,1.70888,-3.18127,110.358,-518.539,-9.77002,115.241,-61.033,212.881,408.176,534.14,-169.415,554.704,100.606,-395.474,-353.516,628.406,93.2603,107.401,1022.45,-312.982,276.899,78.1646,446.768,-0.334737,-0.498382,-0.426234,-0.750342,0.0726964,-0.654268,-0.726657,0.077213,-0.5975,0.211012,-0.279253,0.703413,0.15272,-0.661849,0.423491,0.12873,-0.651159,0.283097,0.458218,-0.30318,0.759567
79.67,0,,-1.29094,27.021,-1.37595,2.01821,-4.29786,-13.0335,27.4263,10.4556,31.7945,-52.6311,-7.5304,11.2145,-3.25136,16.4383,-4.25931,-4.25931,-1.91978,1.91978,-175.62,175.62,179.098,141.412,-175.407,-179.928,2.05066,-3.88487,81.0612,-411.599,67.3743,95.2287,-19.0164,167.497,277.822,667.987,-102.551,-87.4483,-48.3414,-286.604,120.586,181.174,-193.358,180.195,1070.29,-309.584,827.638,13.1714,278.798,-0.333945,-0.498506,-0.425931,-0.746548,0.0692774,-0.659143,-0.723453,0.079658,-0.594108,0.210224,-0.276514,0.704714,0.153876,-0.667263,0.411577,0.136301,-0.652024,0.280354,0.479212,-0.324358,0.742104
79.68,0,,-0.418644,25.9749,-0.821929,1.97142,-3.78909,-12.2542,29.5051,10.114,33.3058,-55.5311,-6.53128,11.0632,-3.48692,15.9702,-4.33674,-4.33674,-1.88687,1.88687,-175.812,175.812,179.283,137.68,-176.006,-179.988,1.93035,-4.3366,-3.41474,-234.396,168.959,55.6929,19.5426,103.499,201.17,650.884,-111.843,-172.859,107.472,-50.7348,597.152,-95.7162,-429.691,50.2881,1080.1,-207.038,650.833,-110.337,366.185,-0.332846,-0.498507,-0.424649,-0.742384,0.0649426,-0.664441,-0.720241,0.0826446,-0.590476,0.21272,-0.270585,0.707562,0.155829,-0.672392,0.400285,0.13941,-0.65524,0.272778,0.498689,-0.342002,0.725937
79.69,0,,0.482827,25.175,-0.227243,1.94088,-3.62139,-10.6995,31.6245,10.0431,34.4933,-57.8482,-6.16586,9.93793,-3.73071,14.9792,-4.3856,-4.3856,-1.80979,1.80979,-175.839,175.839,179.176,134.381,-176.127,-179.752,1.95496,-4.50087,-60.5339,-20.0171,244.639,26.3776,61.033,58.5965,196.754,514.154,-91.7732,-11.6721,133.814,183.632,702.643,-121.101,-495.602,-53.2405,872.041,-50.2865,808.624,-1.51147,378.429,-0.331615,-0.498856,-0.422499,-0.738056,0.059816,-0.669878,-0.717795,0.0867335,-0.586382,0.214799,-0.269551,0.708914,0.158273,-0.675573,0.392599,0.13838,-0.659547,0.261194,0.517119,-0.355306,0.71171
79.7,0,,1.34345,24.6581,0.327487,1.99432,-3.75737,-8.68278,33.7601,10.2579,35.4803,-59.7223,-6.33238,7.95802,-3.9471,13.6023,-4.35102,-4.35102,-1.7257,1.7257,-175.806,175.806,178.906,131.499,-175.913,-179.153,2.12995,-4.36398,-74.2317,160.636,255.873,2.93764,62.9872,33.2036,217.258,415.57,-42.5049,131.914,14.7126,46.3371,382.319,-18.5611,-386.716,-31.7507,514.643,98.134,950.243,251.012,522.433,-0.330584,-0.499782,-0.419822,-0.733848,0.0539567,-0.67513,-0.716339,0.092045,-0.581751,0.216201,-0.271808,0.709216,0.16041,-0.676616,0.388878,0.134285,-0.664405,0.247328,0.534938,-0.364154,0.699803
79.71,0,,2.15886,24.2626,0.831561,2.07132,-4.0667,-6.55895,35.9038,10.6274,36.6318,-61.197,-6.49427,5.77777,-4.03201,12.1797,-4.23525,-4.23525,-1.63338,1.63338,-175.768,175.768,178.828,129.057,-175.83,-178.571,2.28853,-4.0683,-43.4603,309.063,182.613,21.4815,24.8792,13.6599,176.251,265.1,-35.1367,73.7382,-41.4755,-54.7035,74.2241,139.137,-264.156,33.6867,197.775,-16.6069,998.105,286.64,695.845,-0.329961,-0.501107,-0.416877,-0.729839,0.0477322,-0.680093,-0.715565,0.0981514,-0.576761,0.216816,-0.272363,0.709964,0.162547,-0.676436,0.387538,0.12916,-0.669176,0.232988,0.55001,-0.370804,0.690213
79.72,0,,2.98886,23.9262,1.26643,2.11645,-4.49615,-4.65608,38.0313,11.027,37.8809,-62.2434,-6.61916,3.8895,-3.94436,10.8074,-4.125,-4.125,-1.55569,1.55569,-175.817,175.817,178.878,127.114,-175.951,-178.269,2.41431,-3.61384,-44.9348,415.049,114.76,57.5901,-8.79416,-18.0641,95.7353,96.6621,-66.4242,-28.7171,-60.5318,-39.0433,-98.637,260.762,-172.373,83.9748,-67.391,-140.144,594.667,91.7679,580.516,-0.329549,-0.502228,-0.414393,-0.726049,0.0413228,-0.684726,-0.715686,0.10511,-0.571206,0.217542,-0.27089,0.711162,0.164676,-0.676101,0.386788,0.124702,-0.673379,0.219678,0.560704,-0.376671,0.683575
79.73,0,,3.88012,23.5775,1.6303,2.11678,-4.95732,-3.1911,40.1487,11.3836,39.0478,-62.7797,-6.90595,1.86696,-3.7581,9.31861,-4.04882,-4.04882,-1.51364,1.51364,-176.136,176.136,178.878,125.717,-176.077,-177.747,2.68499,-2.90476,-104.499,416.002,83.0004,93.2702,-17.0622,-38.5712,61.9835,-6.34165,-135.763,-18.5272,-4.34372,-25.4211,-206.546,309.098,-144.038,130.391,-335.944,-206.051,366.722,122.105,527.352,-0.329424,-0.502833,-0.412863,-0.722395,0.0347311,-0.689129,-0.716648,0.112676,-0.565151,0.218579,-0.269546,0.712196,0.166574,-0.676244,0.385213,0.121957,-0.676501,0.208206,0.570029,-0.377944,0.68069
79.74,0,,4.82389,23.1887,1.90999,2.08293,-5.29159,-2.41977,42.2377,11.6307,40.1068,-62.9137,-7.31299,-0.0106562,-3.59375,7.84581,-4.04156,-4.04156,-1.54045,1.54045,-176.685,176.685,178.799,124.803,-176.132,-176.994,3.07052,-2.02046,-155.254,365.71,89.3643,112.793,-8.26801,-40.5324,77.1244,-17.5837,-161.112,40.9451,21.018,12.6569,-237.32,270.496,-110.837,98.1561,-556.124,-216.3,30.378,527.395,552.259,-0.329307,-0.502841,-0.412625,-0.718864,0.0283224,-0.693288,-0.717905,0.120129,-0.55877,0.219862,-0.268999,0.712996,0.168283,-0.677222,0.382162,0.122136,-0.678003,0.20008,0.578338,-0.37508,0.680821
79.75,0,,5.78517,22.694,2.10476,1.98901,-5.4083,-2.42914,44.2922,11.6672,41.14,-62.9866,-7.83106,-0.84823,-3.62114,6.87308,-4.07163,-4.07163,-1.63003,1.63003,-177.432,177.432,178.735,124.076,-176.066,-176.786,3.6365,-1.3634,-170.892,257.817,105.468,135.254,33.2224,-37.6078,111.823,11.242,-145.001,52.2466,1.96168,50.7348,-154.764,179.217,-92.7679,43.4636,-562.483,-265.628,-496.539,1032.23,970.666,-0.329246,-0.502476,-0.413419,-0.715522,0.0223391,-0.69715,-0.719133,0.126834,-0.552198,0.220349,-0.269424,0.713418,0.169997,-0.679256,0.377351,0.125737,-0.678246,0.196357,0.583401,-0.374102,0.681245
79.76,0,,6.7727,22.1125,2.24425,1.87517,-5.32898,-2.91256,46.2878,11.4889,42.1013,-63.3159,-8.27511,-0.287716,-3.8074,6.88449,-4.126,-4.126,-1.75739,1.75739,-178.223,178.223,178.686,123.259,-176.011,-177.599,4.23802,-1.42911,-122.077,156.233,118.166,118.179,33.6734,-31.724,133.272,31.7083,-92.763,20.9357,-71.7414,-9.76083,-21.994,110.842,-83.0138,15.6333,-246.565,-279.796,-282.8,508.286,138.143,-0.329128,-0.501932,-0.414767,-0.712261,0.0170908,-0.700847,-0.720201,0.132333,-0.545751,0.220712,-0.269787,0.713591,0.171949,-0.681813,0.371426,0.131231,-0.67819,0.195748,0.58471,-0.379796,0.678469
79.77,0,,7.75294,21.4864,2.34735,1.78357,-5.10802,-3.50311,48.2227,11.2246,43.0061,-64.3215,-8.52951,-0.247223,-3.98818,7.10827,-4.17536,-4.17536,-1.89967,1.89967,-178.948,178.948,178.643,121.822,-176.066,-177.714,4.68096,-1.59064,-95.2245,37.1293,143.055,93.7598,5.86277,-34.167,35.1713,58.6122,-84.46,53.7288,-33.2084,-18.5563,46.8548,51.7707,-102.048,54.2085,177.273,-244.143,1040.07,0.97166,829.593,-0.329001,-0.501436,-0.416286,-0.709052,0.0126344,-0.704413,-0.720915,0.136785,-0.539695,0.221573,-0.269184,0.714161,0.174021,-0.684365,0.365133,0.137031,-0.678317,0.195871,0.592378,-0.384054,0.671667
79.78,0,,8.72735,20.8169,2.37517,1.75104,-4.78849,-3.92225,50.0966,10.9626,43.8286,-63.8988,-8.62665,-1.39383,-4.21279,6.84568,-4.17637,-4.17637,-2.07181,2.07181,-179.564,179.564,178.636,121.79,-176.187,-176.852,5.02001,-1.24568,-67.8679,-31.2285,162.595,59.0589,-53.2159,-32.2401,-58.1193,66.3952,-122.566,7.41087,-51.7042,-20.487,21.994,1.47916,-107.427,79.5703,563.018,-85.9392,233.408,1098.62,1063.91,-0.328755,-0.501433,-0.417688,-0.705902,0.00860633,-0.707855,-0.721293,0.140084,-0.534271,0.222546,-0.26802,0.714822,0.176096,-0.686745,0.358907,0.141854,-0.678689,0.195019,0.598004,-0.376308,0.67357
79.79,0,,9.63611,20.1206,2.33665,1.72549,-4.43383,-3.98251,51.8307,10.7928,44.5174,-62.972,-8.6544,-1.51531,-4.46479,7.06488,-4.1052,-4.1052,-2.25157,2.25157,179.943,-179.943,178.636,122.231,-176.308,-177.253,5.29616,-1.54409,-49.7853,-98.1339,111.324,61.5069,-91.7749,-33.2036,-41.9532,150.854,-140.602,-5.9287,-2.94252,7.2938,-13.1695,-13.1693,-128.413,10.2609,694.828,94.2426,-707.437,672.389,736.765,-0.328582,-0.501999,-0.418801,-0.702922,0.00512725,-0.71104,-0.721448,0.142409,-0.529717,0.22334,-0.26686,0.715371,0.177982,-0.689101,0.353035,0.144787,-0.67913,0.191909,0.595977,-0.374591,0.675571
79.8,0,,10.5186,19.4087,2.26244,1.71288,-4.12336,-3.61425,53.4349,10.6554,45.052,-62.1705,-8.64053,-1.99696,-4.68119,7.23842,-3.98292,-3.98292,-2.44139,2.44139,179.553,-179.553,178.636,122.549,-176.445,-177.56,5.52037,-2.00404,-30.7714,-96.1821,95.2204,65.9134,-115.752,-49.3064,51.2586,277.303,-105.96,-18.5272,44.9785,41.5103,-22.4419,-2.43346,-119.132,-123.034,514.643,126.963,-917.461,444.372,557.597,-0.328274,-0.503093,-0.419529,-0.699862,0.00207529,-0.714206,-0.721704,0.143926,-0.525835,0.224256,-0.265579,0.715922,0.180004,-0.691327,0.347678,0.145392,-0.679961,0.186531,0.595137,-0.372953,0.676198
79.81,0,,11.3778,18.6857,2.15221,1.73511,-3.87068,-2.94068,54.8769,10.4942,45.417,-61.4914,-8.61277,-2.95176,-4.77158,7.38456,-3.84711,-3.84711,-2.63516,2.63516,179.251,-179.251,178.6,122.737,-176.572,-177.582,5.6352,-2.52695,-46.3706,-89.8274,71.2883,64.4446,-102.072,-38.5712,53.2301,360.802,-30.2978,43.9094,70.7605,28.3171,16.6187,43.4683,-69.3392,-71.7779,247.576,56.6442,-725.576,407.665,748.067,-0.327711,-0.504475,-0.419938,-0.696807,-0.000366227,-0.717255,-0.721944,0.144779,-0.522781,0.225537,-0.264419,0.716774,0.182569,-0.693163,0.342858,0.144417,-0.681374,0.179698,0.596288,-0.370139,0.675822
79.82,0,,12.2472,17.9482,2.01879,1.79253,-3.70978,-2.09303,56.2053,10.3331,45.6586,-60.7715,-8.60352,-3.94065,-4.77158,7.64487,-3.69576,-3.69576,-2.84143,2.84143,178.981,-178.981,178.551,122.949,-176.671,-177.698,5.73363,-3.23603,-56.1491,-54.196,62.0262,36.1086,-88.8436,-21.4705,-86.4298,395.969,49.3233,60.9544,35.1701,-11.2625,53.7083,82.4992,-21.0044,62.001,30.2487,-0.986547,-680.556,242.159,611.284,-0.326921,-0.50613,-0.420127,0.693568,0.00250253,0.720363,-0.722319,0.14527,-0.520407,0.226815,-0.263377,0.71774,0.185129,-0.694919,0.338029,0.142709,-0.683027,0.172008,0.597226,-0.36765,0.67487
79.83,0,,13.0888,17.1929,1.87217,1.87285,-3.63613,-1.19315,57.3553,10.1784,45.7511,-59.9088,-8.68678,-4.98282,-4.73871,7.8755,-3.52562,-3.52562,-3.03978,3.03978,178.789,-178.789,178.529,123.284,-176.715,-177.725,5.82113,-3.95058,-73.2228,-35.1775,45.4142,7.83372,-80.5755,0.48171,-231.452,343.218,82.0405,28.3466,-25.3617,-10.2971,37.5824,72.7653,-36.6299,125.986,-148.45,-30.7748,-657.608,179.217,615.68,-0.326126,-0.507957,-0.420124,0.690263,0.00421153,0.723406,-0.723063,0.145272,-0.518706,0.227607,-0.262764,0.718588,0.187327,-0.696692,0.332903,0.140818,-0.684496,0.164074,0.597876,-0.364402,0.674358
79.84,0,,13.9655,16.4532,1.72519,1.96611,-3.61346,-0.412445,58.3734,10.0367,45.6792,-58.9557,-8.84405,-5.92483,-4.69488,8.11982,-3.36425,-3.36425,-3.20887,3.20887,178.663,-178.663,178.501,123.692,-176.748,-177.687,5.90042,-4.63228,-93.2456,-1.45249,46.8782,-1.46882,-86.8893,9.29011,-275.85,256.837,71.2631,0.555815,-33.6288,-4.39774,-9.27241,65.8944,-69.3392,87.4112,-282.697,-48.3408,-542.871,132.794,685.065,-0.325331,-0.509726,-0.419879,0.686856,0.00592065,0.726409,-0.724362,0.144604,-0.517375,0.228288,-0.262287,0.719291,0.189224,-0.698358,0.327601,0.139776,-0.68551,0.157049,0.5983,-0.360555,0.674293
79.85,0,,14.8538,15.7101,1.58214,2.06202,-3.62026,0.12052,59.2151,9.84332,45.4221,-57.8919,-9.00132,-6.60682,-4.57984,8.42352,-3.20237,-3.20237,-3.3606,3.3606,178.591,-178.591,178.48,124.272,-176.841,-177.632,5.88402,-5.23732,-115.247,20.5164,60.5323,-10.2818,-117.18,0.963419,-203.615,189,29.3081,16.1186,-9.80839,-31.7495,-67.8633,61.5046,-78.6197,-10.2609,-321.801,-98.6273,-507.903,69.8515,692.914,-0.324547,-0.511511,-0.419464,0.683316,0.00775178,0.729399,-0.726299,0.142953,-0.516448,0.229322,-0.261306,0.720194,0.191053,-0.699939,0.322227,0.139964,-0.686149,0.151989,0.597682,-0.356217,0.675261
79.86,0,,15.7553,14.9526,1.43588,2.12209,-3.63613,0.385663,59.9107,9.61775,45.0109,-56.6445,-9.15396,-7.06077,-4.38536,8.78658,-3.03549,-3.03549,-3.48004,3.48004,178.509,-178.509,178.458,125.072,-176.967,-177.604,5.84847,-5.7575,-128.906,39.0811,62.5042,-28.8256,-142.059,-9.77182,-117.185,142.111,5.38872,41.5009,39.5138,-17.5909,-91.7834,54.2042,-75.1916,-66.4054,-205.085,-58.5899,-479.929,5.39811,669.891,-0.323934,-0.513215,-0.418849,0.679796,0.00994943,0.732229,-0.7286,0.140507,-0.516069,0.230545,-0.259966,0.7213,0.192883,-0.701522,0.316732,0.141731,-0.686622,0.148812,0.595746,-0.351099,0.677722
79.87,0,,16.6655,14.1984,1.27035,2.1752,-3.67012,0.559747,60.4745,9.38574,44.4814,-55.1552,-9.32511,-7.46144,-4.19362,9.08571,-2.87763,-2.87763,-3.58576,3.58576,178.443,-178.443,178.444,126.117,-177.061,-177.555,5.84847,-6.16268,-138.685,49.7932,78.1303,-33.2321,-188.962,-17.1007,-105.435,120.587,11.2173,33.1637,30.2659,8.79547,-62.488,35.1659,-87.4079,-23.9098,-6.83418,-45.4085,-458.075,0.539811,624.471,-0.323203,-0.514927,-0.417997,0.676305,0.0123298,0.734902,-0.730956,0.137401,-0.516278,0.231519,-0.258925,0.722329,0.194773,-0.70304,0.311235,0.144293,-0.687042,0.14643,0.592516,-0.344815,0.681879
79.88,0,,17.5641,13.4331,1.10197,2.19909,-3.65199,0.755257,60.9025,9.17306,43.8286,-53.4327,-9.52401,-7.87277,-4.05666,9.22271,-2.72377,-2.72377,-3.66467,3.66467,178.427,-178.427,178.43,127.383,-177.083,-177.478,5.8512,-6.42003,-144.04,57.6003,74.6944,-18.5439,-242.178,-25.8747,-126.964,143.071,43.4397,-20.9357,-23.4,25.4211,-45.4214,-14.6485,-101.556,18.0534,146.489,-22.4713,-491.731,13.7112,570.783,-0.32258,-0.516555,-0.417004,0.672877,0.0148932,0.737394,-0.733265,0.133371,-0.517064,0.232126,-0.258434,0.723175,0.196912,-0.704451,0.305805,0.146984,-0.687433,0.14381,0.58792,-0.337785,0.687534
79.89,0,,18.4729,12.6844,0.937156,2.20905,-3.56701,1.07397,61.2189,8.96683,43.0421,-51.5761,-9.6674,-8.32459,-3.95805,9.16334,-2.57368,-2.57368,-3.72043,3.72043,178.471,-178.471,178.401,128.804,-177.11,-177.401,5.81839,-6.5624,-143.535,60.0514,65.4323,-1.95843,-280.737,-52.2311,-168.444,186.983,91.3333,-10.1899,-44.9785,-15.6602,-11.2434,-54.6814,-103.999,7.79247,194.328,-33.2137,-493.261,-6.36977,555.19,-0.321985,-0.518167,-0.415803,0.669421,0.0179456,0.7398,-0.735443,0.12824,-0.518393,0.232798,-0.258006,0.723967,0.199348,-0.705593,0.300853,0.14899,-0.687822,0.140628,0.582201,-0.330349,0.694209
79.9,0,,19.3889,11.9714,0.764493,2.23195,-3.4129,1.52123,61.3953,8.77348,42.1013,-49.6175,-9.71366,-8.81691,-3.86218,8.92815,-2.44237,-2.44237,-3.7771,3.7771,178.608,-178.608,178.352,130.347,-177.171,-177.291,5.67075,-6.60073,-139.655,77.6175,63.9682,-11.261,-314.485,-71.7747,-186.029,229.933,135.268,8.70777,-13.7317,-38.0779,-8.77967,-63.9858,-118.659,-46.8516,142.092,-37.1051,-496.539,-40.4858,495.118,-0.321253,-0.519755,-0.414583,0.665916,0.021363,0.742151,-0.737488,0.121958,-0.520307,0.233893,-0.257332,0.724813,0.20216,-0.706401,0.296526,0.150213,-0.688259,0.136785,0.57553,-0.322648,0.701574
79.91,0,,20.3327,11.3186,0.624651,2.2512,-3.21914,2.03946,61.446,8.6274,41.0578,-47.5686,-9.69053,-9.3284,-3.78001,8.52627,-2.33864,-2.33864,-3.81549,3.81549,178.844,-178.844,178.33,131.988,-177.291,-177.132,5.41647,-6.48574,-142.1,73.7139,71.7663,-13.6478,-326.662,-99.6107,-167.97,237.331,148.465,-10.7458,10.7892,-10.2971,-34.6708,-53.7271,-115.231,-61.517,71.7886,-62.5087,-519.924,-33.2524,462.362,-0.32057,-0.52114,-0.413409,0.662264,0.0252698,0.744543,-0.739533,0.11469,-0.522727,0.234943,-0.256185,0.725705,0.205028,-0.706946,0.29274,0.151008,-0.688753,0.132391,0.568024,-0.314715,0.709573
79.92,0,,21.275,10.7148,0.484453,2.27178,-3.04918,2.59787,61.3304,8.51784,39.8549,-45.4642,-9.69978,-9.79514,-3.68962,8.0536,-2.25444,-2.25444,-3.85114,3.85114,179.19,-179.19,178.302,133.695,-177.385,-176.945,5.08836,-6.28588,-140.121,71.7621,62.5042,-33.2321,-341.319,-106.94,-134.771,219.267,155.778,-15.5628,1.4012,-0.536309,-40.5388,-29.297,-105.95,-36.6391,1.48569,-41.983,-526.917,-42.969,441.849,-0.319782,-0.522491,-0.412194,0.658603,0.0294815,0.746865,-0.741689,0.106636,-0.525671,0.235909,-0.255319,0.726466,0.207962,-0.707327,0.28945,0.151624,-0.689207,0.127819,0.559838,-0.306715,0.717804
79.93,0,,22.1998,10.1255,0.360307,2.28173,-2.9336,3.17369,61.0607,8.40828,38.4926,-43.3541,-9.76454,-10.2129,-3.59923,7.5444,-2.18628,-2.18628,-3.87307,3.87307,179.624,-179.624,178.238,135.434,-177.429,-176.753,4.73018,-6.01211,-125.492,65.9067,70.3023,-40.0254,-333.502,-110.828,-96.2084,208.986,150.389,-11.6721,-30.2659,11.6915,-32.2071,9.25671,-78.6197,7.30847,-43.917,-52.7254,-523.857,-93.7112,430.651,-0.318984,-0.523766,-0.410907,0.655015,0.0341211,0.749076,-0.743914,0.0980858,-0.529065,0.23683,-0.255019,0.726909,0.211007,-0.707609,0.286327,0.152165,-0.689716,0.123233,0.551182,-0.298786,0.726058
79.94,0,,23.11,9.55509,0.214044,2.29335,-2.86335,3.73076,60.649,8.30302,37.0224,-41.2236,-9.82929,-10.5773,-3.44584,7.02835,-2.13216,-2.13216,-3.8944,3.8944,-179.855,179.855,178.174,137.206,-177.478,-176.533,4.28997,-5.66989,-103.994,60.5507,58.1122,-58.0797,-321.776,-109.382,-100.625,202.645,178.213,-6.85506,-38.533,-7.2938,-32.6998,50.2916,-52.2553,34.6547,-54.198,-64.4544,-470.313,-118.111,423.849,-0.318141,-0.525005,-0.40964,0.651655,0.0393703,0.751027,-0.746152,0.0891793,-0.53294,0.237741,-0.25471,0.727324,0.214121,-0.707796,0.283399,0.152779,-0.690221,0.118781,0.542135,-0.290782,0.73428
79.95,0,,23.9882,9.01144,0.0570784,2.29833,-2.87808,4.2972,60.0791,8.21708,35.4443,-39.0697,-9.86167,-10.9417,-3.18836,6.46206,-2.07703,-2.07703,-3.92274,3.92274,-179.503,179.503,178.096,138.995,-177.566,-176.412,4.00835,-5.43718,-82.0313,51.2911,63.9682,-76.1952,-293.439,-99.6107,-125.465,170.456,192.894,-5.9287,-31.2467,-2.89607,-22.4419,75.6759,-23.4287,35.6227,-79.0982,-65.4409,-379.835,-113.792,459.013,-0.317215,-0.526209,-0.408344,0.648543,0.044986,0.752737,-0.748396,0.0800828,-0.537263,0.238968,-0.254105,0.727768,0.217174,-0.707982,0.280593,0.15339,-0.690589,0.114325,0.532992,-0.282305,0.742478
79.96,0,,24.8415,8.50121,-0.108092,2.27808,-2.9472,4.81811,59.3469,8.15908,33.7479,-36.8167,-9.9218,-11.27,-2.8487,5.87751,-2.04746,-2.04746,-3.92883,3.92883,-178.998,178.998,178.018,140.897,-177.665,-176.176,3.5572,-5.06758,-57.6237,59.5521,66.8963,-91.8014,-255.857,-89.8389,-128.383,141.15,183.601,-12.7838,-30.8264,-14.6949,-18.5448,88.3681,-50.2856,15.6333,-87.8935,-63.9611,-266.19,-135.277,460.478,-0.31643,-0.527201,-0.407135,0.645799,0.0510291,0.754083,-0.75079,0.0707452,-0.541912,0.240184,-0.253491,0.728183,0.219981,-0.708224,0.277784,0.15418,-0.690821,0.109989,0.523301,-0.273218,0.750861
79.97,0,,25.6525,8.02218,-0.27683,2.23792,-3.10017,5.28278,58.4525,8.12041,31.9127,-34.453,-10.0004,-11.5385,-2.44605,5.31122,-2.02191,-2.02191,-3.9267,3.9267,-178.449,178.449,177.911,142.922,-177.753,-175.929,3.08965,-4.6624,-61.0384,56.1478,63.4902,-96.6975,-227.521,-91.8001,-100.625,90.8009,162.596,-15.1923,-21.9988,-24.4557,-38.5679,77.6323,-53.2213,-30.7827,-88.8443,-57.1375,-191.01,-127.935,445.826,-0.315687,-0.528159,-0.4059,0.64334,0.0574367,0.755162,-0.75316,0.0612221,-0.54697,0.241526,-0.253123,0.728363,0.222426,-0.7086,0.27498,0.155219,-0.690948,0.106084,0.512846,-0.263382,0.759503
79.98,0,,26.395,7.54648,-0.469826,2.17984,-3.31546,5.65372,57.3796,8.09678,29.9387,-31.964,-10.1115,-11.7196,-1.99957,4.82714,-1.95726,-1.95726,-3.93523,3.93523,-178.284,178.284,177.762,145.045,-177.791,-175.94,3.05138,-4.58574,-38.571,68.3578,53.2123,-94.739,-185.053,-95.6882,-82.0137,21.5232,113.273,-2.96435,0,-0.536309,-55.1865,50.7687,-69.3392,-63.9854,-84.9815,-102.053,-152.764,-126.424,429.71,-0.315031,-0.529162,-0.404639,0.641262,0.0638454,0.755891,-0.755472,0.0514553,-0.552397,0.242865,-0.253241,0.728229,0.224501,-0.709151,0.27199,0.156809,-0.691022,0.102729,0.501491,-0.253004,0.76829
79.99,0,,27.1141,7.1109,-0.670671,2.10052,-3.56134,5.90413,56.1607,8.08389,27.8414,-29.3817,-10.2317,-11.7729,-1.55035,4.42526,-1.8871,-1.8871,-3.94772,3.94772,-178.41,178.41,177.598,147.266,-177.753,-176.159,3.3494,-4.76095,-46.3706,66.406,51.7482,-88.8638,-162.579,-82.51,-87.3762,-21.0428,77.6416,30.1993,-16.1138,1.93071,-82.511,27.8178,-95.7036,-65.9214,-69.8275,-109.37,-118.671,-148.448,397.999,-0.314421,-0.530017,-0.40348,0.639427,0.070254,0.756375,-0.757429,0.0413842,-0.558321,0.243975,-0.253986,0.727775,0.226273,-0.709828,0.269001,0.158941,-0.691002,0.100101,0.489105,-0.242385,0.777208
80,0,,27.7764,6.6664,-0.897201,1.99664,-3.80382,6.07688,54.8039,8.05811,25.6823,-26.7615,-10.2872,-11.726,-1.12305,4.07361,-1.83898,-1.83898,-3.94376,3.94376,-178.048,178.048,177.463,149.561,-177.742,-176.17,3.19355,-4.51456,-65.4232,80.5678,72.7523,-88.3742,-131.311,-86.9142,-116.239,-41.9894,84.46,14.0807,-70.3402,-17.0546,-86.9009,15.6028,-86.423,-45.3996,-47.3638,-112.302,-62.0674,-166.478,354.045,-0.313916,-0.530904,-0.402359,0.637905,0.0764802,0.756562,-0.75894,0.030885,-0.564658,0.244824,-0.254712,0.727148,0.228094,-0.710589,0.266059,0.161381,-0.690996,0.0979638,0.475906,-0.231819,0.786096
80.01,0,,28.3774,6.21075,-1.16012,1.88811,-3.99758,6.18936,53.3214,8.03878,23.4924,-24.0859,-10.204,-11.611,-0.73135,3.71968,-1.8024,-1.8024,-3.94163,3.94163,-177.328,177.328,177.364,151.921,-177.808,-176.061,2.69046,-3.90678,-76.6763,83.0189,55.1842,-78.1536,-121.089,-80.5831,-133.824,-60.0535,95.6773,0,-75.2444,-30.7841,-75.7023,16.6048,-81.063,-26.3782,-27.3367,-114.248,7.8677,-220.675,331.544,-0.313501,-0.531841,-0.401398,0.636697,0.0823415,0.756456,-0.759893,0.0198992,-0.571339,0.245561,-0.2549,0.726429,0.230001,-0.711368,0.263207,0.164075,-0.690969,0.0960154,0.461939,-0.221142,0.795025
