"Time,s",Activities,Activity Names,"Hip Flexion LT,deg","Hip Flexion RT,deg","Hip Abduction LT,deg","Hip Abduction RT,deg","Hip Rotation Ext LT,deg","Hip Rotation Ext RT,deg","Knee Flexion LT,deg","Knee Flexion RT,deg","Ankle Dorsiflexion LT,deg","Ankle Dorsiflexion RT,deg","Ankle Inversion LT,deg","Ankle Inversion RT,deg","Ankle Abduction LT,deg","Ankle Abduction RT,deg","Pelvic Tilt LT,deg","Pelvic Tilt RT,deg","Pelvic Obliquity LT,deg","Pelvic Obliquity RT,deg","Pelvic Rotation LT,deg","Pelvic Rotation RT,deg","Foot Pitch Down LT,deg","Foot Pitch Down RT,deg","Foot Roll Med LT,deg","Foot Roll Med RT,deg","Foot Rotation Ext LT,deg","Foot Rotation Ext RT,deg","Pelvis Accel Sensor X,mG","Pelvis Accel Sensor Y,mG","Pelvis Accel Sensor Z,mG","Thigh Accel Sensor X LT,mG","Thigh Accel Sensor Y LT,mG","Thigh Accel Sensor Z LT,mG","Shank Accel Sensor X LT,mG","Shank Accel Sensor Y LT,mG","Shank Accel Sensor Z LT,mG","Foot Accel Sensor X LT,mG","Foot Accel Sensor Y LT,mG","Foot Accel Sensor Z LT,mG","Thigh Accel Sensor X RT,mG","Thigh Accel Sensor Y RT,mG","Thigh Accel Sensor Z RT,mG","Shank Accel Sensor X RT,mG","Shank Accel Sensor Y RT,mG","Shank Accel Sensor Z RT,mG","Foot Accel Sensor X RT,mG","Foot Accel Sensor Y RT,mG","Foot Accel Sensor Z RT,mG","Pelvis Rot X,","Pelvis Rot Y,","Pelvis Rot Z,","LT Thigh Rot X,","LT Thigh Rot Y,","LT Thigh Rot Z,","LT Shank Rot X,","LT Shank Rot Y,","LT Shank Rot Z,","LT Foot Rot X,","LT Foot Rot Y,","LT Foot Rot Z,","RT Thigh Rot X,","RT Thigh Rot Y,","RT Thigh Rot Z,","RT Shank Rot X,","RT Shank Rot Y,","RT Shank Rot Z,","RT Foot Rot X,","RT Foot Rot Y,","RT Foot Rot Z,"
147.2,0,,17.0675,3.08828,0.882918,-2.77568,-0.958131,-9.62397,31.4872,6.80727,14.0693,-9.33892,-0.145114,-7.73706,1.82687,13.1479,0.537386,0.537386,1.05672,-1.05672,-12.1512,12.1512,1.10467,14.8471,1.48319,0.0823995,-10.9974,13.8133,42.9561,120.603,-75.6811,206.541,-588.38,124.523,268.027,611.799,231.426,1.52958,-3.95173,47.8608,47.8563,-19.9942,13.1947,20.5325,61.5245,-1.46869,519.575,-23.9804,1328.56,-0.341561,-0.522779,-0.390207,0.668425,0.0139166,0.734895,-0.717819,-0.0463897,-0.649394,0.2303,-0.24965,0.697127,0.255806,-0.723228,0.268746,0.240066,-0.684735,0.154917,0.370319,-0.167428,0.822674
147.21,0,,18.9941,3.24042,1.31849,-2.89894,-1.26148,-9.29442,34.4132,6.85113,15.2245,-11.3999,-0.467917,-7.84692,1.93236,11.8449,0.688384,0.688384,0.941683,-0.941683,-13.3542,13.3542,1.10467,16.8942,1.67546,-0.335091,-12.2236,13.6796,53.7207,123.517,-109.852,119.607,-740.753,150.379,175.258,392.105,187.003,4.89464,-48.3189,11.1244,-6.84869,17.5949,7.82478,-5.84386,-1.46805,-52.7478,261.755,-66.9112,751.4,-0.341938,-0.521391,-0.389792,0.65926,0.0179449,0.74111,-0.71939,-0.038881,-0.645961,0.229747,-0.250988,0.697115,0.255018,-0.723305,0.268203,0.238718,-0.685817,0.152533,0.384667,-0.173045,0.821218
147.22,0,,20.7094,3.39029,1.74799,-3.02559,-1.90146,-8.90787,36.9855,6.93008,16.2652,-12.7322,-0.915104,-9.11033,2.44955,10.009,0.836995,0.836995,0.853508,-0.853508,-14.7825,14.7825,1.09731,18.1767,1.78533,0.274665,-13.5781,13.3574,51.268,138.168,-110.833,76.6386,-793.961,163.577,44.8987,81.5152,91.8188,-18.6608,-23.89,23.0249,-41.0076,40.0418,14.1664,12.2142,-56.1195,-45.4043,128.91,323.677,802.283,-0.342426,-0.519925,-0.38973,0.65114,0.0230719,0.74654,-0.722197,-0.0299695,-0.642359,0.229449,-0.251546,0.697381,0.253867,-0.723635,0.267296,0.236953,-0.686992,0.149362,0.39925,-0.167977,0.821817
147.23,0,,22.2079,3.53562,2.11786,-3.12513,-2.61174,-8.49283,39.1996,7.05289,17.1271,-13.4082,-1.50148,-10.8132,3.1417,7.75843,0.96809,0.96809,0.813553,-0.813553,-16.425,16.425,1.13413,18.7768,1.86223,1.26346,-15.0555,12.9425,67.8577,125.992,-85.457,195.3,-807.122,32.2332,9.31709,-147.462,-76.6746,-17.4372,-24.9677,32.3384,-51.7457,19.9942,7.31336,47.8565,-131.857,-88.3713,-146.95,1505.85,1243.66,-0.342915,-0.518524,-0.390098,0.64437,0.029481,0.751002,-0.725988,-0.0211802,-0.638276,0.229744,-0.251778,0.697777,0.25203,-0.724289,0.265825,0.234936,-0.688085,0.145576,0.410863,-0.157057,0.82484
147.24,0,,23.6021,3.64008,2.47711,-3.17892,-3.23076,-8.08771,41.1365,7.18009,17.7744,-13.9952,-2.2389,-11.3845,3.74122,6.38854,1.06389,1.06389,0.834564,-0.834564,-18.3751,18.3751,1.21514,19.4756,2.01055,0.950341,-16.8416,13.6741,99.1294,98.6459,-53.2175,291.479,-621.106,-119.637,77.1872,-225.593,-124.519,-5.50647,-10.7774,9.83086,-48.8286,-47.3464,-7.31336,83.9726,-171.361,-97.6522,92.336,1310.5,1207.57,-0.34323,-0.517378,-0.39078,0.638094,0.0372333,0.755165,-0.730191,-0.0139776,-0.633935,0.230113,-0.252575,0.697968,0.249646,-0.725257,0.263563,0.232989,-0.68908,0.141613,0.416652,-0.155466,0.825979
147.25,0,,24.895,3.67868,2.81243,-3.16282,-3.5674,-7.76187,42.8025,7.30729,18.2286,-13.982,-2.91116,-10.8489,4.09887,5.92762,1.07689,1.07689,0.937894,-0.937894,-20.6713,20.6713,1.25933,19.7798,2.16437,-0.53285,-18.9662,15.6615,108.395,54.6924,-43.9467,232.437,-396.03,-165.036,-2.40959,-244.642,-96.1938,8.87154,-11.6756,45.015,-16.6144,-123.538,-47.8437,107.927,-164.088,-86.4339,-886.787,548.391,650.819,-0.343347,-0.51676,-0.391934,0.632122,0.0464508,0.759144,-0.733793,-0.00952186,-0.630091,0.230178,-0.253312,0.698164,0.246781,-0.726548,0.260637,0.231339,-0.689804,0.137888,0.413907,-0.16096,0.826715
147.26,0,,26.085,3.63213,3.10825,-3.10903,-3.62659,-7.54753,44.283,7.4301,18.4861,-13.6588,-3.54492,-10.4589,4.19408,5.70874,0.990647,0.990647,1.08393,-1.08393,-23.374,23.374,1.33297,19.8866,2.37311,-1.93364,-21.5142,18.2249,153.327,8.30366,-58.1202,145.503,-129.429,-136.705,-61.043,-180.146,-65.9054,4.89464,-49.3966,31.821,-7.82104,-216.311,-84.973,70.3369,-123.516,-118.651,-975.515,227.522,823.73,-0.343345,-0.516757,-0.393214,0.626539,0.0571301,0.762773,-0.736866,-0.00756887,-0.626568,0.230232,-0.254403,0.698205,0.243911,-0.72801,0.257462,0.230299,-0.690165,0.134835,0.410239,-0.164132,0.827436
147.27,0,,27.23,3.52881,3.28484,-2.96925,-3.3812,-7.40877,45.6237,7.52659,18.5505,-13.1972,-4.02764,-10.338,4.08086,5.65982,0.813111,0.813111,1.29094,-1.29094,-26.5711,26.5711,1.4508,19.9771,2.57087,-3.20259,-24.5455,21.3916,148.933,-32.6957,-83.4958,75.6931,62.9904,-75.1895,-30.7624,-28.8156,-10.2644,37.9335,-22.9919,-12.1592,-40.0353,-279.759,-120.108,17.5842,-61.5245,-89.34,-986.339,-102.005,655.7,-0.342928,-0.517322,-0.394691,0.621372,0.0687904,0.76585,-0.739212,-0.00805681,-0.623548,0.230659,-0.255196,0.698325,0.241354,-0.729371,0.254294,0.229751,-0.690352,0.132333,0.407189,-0.164805,0.827807
147.28,0,,28.3271,3.38461,3.36154,-2.80533,-2.89782,-7.3047,46.757,7.58142,18.4396,-12.5574,-4.32083,-10.6484,3.7721,5.57227,0.570027,0.570027,1.5069,-1.5069,-30.3395,30.3395,1.54654,20.0099,2.76314,-4.20237,-28.1776,25.0769,110.337,-51.7382,-89.8546,41.97,192.842,-11.7067,-97.6688,164.578,45.8814,37.9335,9.34045,-30.7861,-49.801,-292.982,-141.102,-22.9543,-28.2933,-51.7478,-957.474,-40.4743,520.064,-0.342238,-0.518209,-0.396073,0.616606,0.080326,0.768347,-0.740504,-0.0109257,-0.621543,0.230969,-0.25569,0.698523,0.23958,-0.730521,0.251544,0.229504,-0.690527,0.130317,0.404983,-0.161444,0.828522
147.29,0,,29.4044,3.22793,3.36724,-2.62573,-2.34169,-7.19072,47.6763,7.64941,18.1678,-11.8155,-4.53998,-11.1703,3.38614,5.42807,0.265641,0.265641,1.70357,-1.70357,-34.8441,34.8441,1.60546,20.1661,2.9609,-5.25159,-32.5962,29.4393,40.0265,-56.1694,-70.3029,1.94354,230.496,6.82099,-147.467,278.293,98.1569,8.25971,25.8659,-24.3185,-25.4078,-279.28,-119.136,-30.2723,4.87125,-10.7495,-781.658,-26.9049,654.369,-0.341331,-0.519321,-0.397243,0.611854,0.0907649,0.770555,-0.741255,-0.0154428,-0.620398,0.230787,-0.256057,0.698831,0.238654,-0.731343,0.249519,0.229563,-0.690643,0.128362,0.403227,-0.156078,0.829466
147.3,0,,30.4902,3.05989,3.32091,-2.44106,-1.81515,-6.97763,48.4231,7.71081,17.7244,-10.935,-4.79171,-11.6207,2.98217,5.19374,-0.0873086,-0.0873086,1.84169,-1.84169,-40.1781,40.1781,1.6791,20.4868,3.21908,-6.70182,-37.9297,34.6343,-23.9137,-46.3887,-58.1202,-28.3127,225.569,38.0706,-150.358,292.024,93.7259,-29.6738,11.3163,23.801,0,-246.596,-83.4899,-18.0581,46.377,1.46869,-671.445,-113.819,654.813,-0.340284,-0.520588,-0.397964,0.606889,0.0996731,0.772665,-0.741929,-0.0209974,-0.619729,0.230361,-0.256669,0.699017,0.2386,-0.731731,0.248244,0.229387,-0.690787,0.126169,0.400103,-0.150581,0.831031
147.31,0,,31.5775,2.89867,3.24078,-2.25002,-1.36136,-6.62701,49.0214,7.81169,17.1021,-9.81708,-5.05232,-12.0107,2.65539,4.71995,-0.485372,-0.485372,1.89576,-1.89576,-46.5009,46.5009,1.85585,21.0376,3.58713,-8.62997,-44.2791,40.7384,-71.7752,-12.216,-76.1862,-59.0942,181.159,39.5617,-146.021,273.941,90.8092,-12.2366,17.6032,41.9105,20.5038,-185.547,-48.3295,-1.94795,30.7623,8.78088,-673.414,-181.198,577.602,-0.339246,-0.521931,-0.398331,0.60159,0.106633,0.774815,-0.742519,-0.0271006,-0.61959,0.230115,-0.25746,0.699195,0.239212,-0.731674,0.247818,0.228828,-0.691063,0.123173,0.395044,-0.14454,0.833731
147.32,0,,32.6858,2.76128,3.16977,-2.09754,-1.01979,-6.1364,49.4712,7.95205,16.301,-8.5244,-5.33663,-12.3156,2.42124,3.97835,-0.885824,-0.885824,1.84513,-1.84513,-53.8015,53.8015,2.18725,22.0734,4.13097,-11.1789,-51.6252,47.7024,-102.059,33.6937,-76.1862,-102.062,133.793,31.2497,-154.776,269.493,97.6521,-18.049,-11.3163,4.91543,12.6828,-108.395,1.94341,21.0063,0,-23.9365,-693.422,-106.918,506.899,-0.338285,-0.523176,-0.398288,0.595854,0.111944,0.777138,-0.743065,-0.0336314,-0.619953,0.230049,-0.258431,0.699362,0.240004,-0.731487,0.247756,0.227797,-0.691325,0.119453,0.38838,-0.138005,0.837493
147.33,0,,33.7871,2.64207,3.09078,-1.97428,-0.77193,-5.56897,49.7398,8.11214,15.3461,-7.1394,-5.57947,-12.4282,2.28744,3.06681,-1.26664,-1.26664,1.69083,-1.69083,-62.014,62.014,2.75431,24.1616,4.90553,-14.8813,-59.8835,55.4608,-116.707,72.2578,-62.4882,-134.262,81.0781,8.78797,-191.884,272.008,123.509,-17.4372,-25.327,2.32836,-0.972345,-45.4269,4.39824,-3.42208,-36.6345,-21.4991,-601.086,-77.6732,456.609,-0.337476,-0.524251,-0.398026,0.589978,0.115847,0.779435,-0.743386,-0.0405295,-0.621004,0.230051,-0.259227,0.699552,0.240791,-0.731223,0.24781,0.226388,-0.691493,0.1153,0.380261,-0.131962,0.841946
147.34,0,,34.8589,2.51944,2.99964,-1.8794,-0.580797,-4.99287,49.8271,8.26785,14.241,-5.69503,-5.80751,-12.343,2.20768,2.08059,-1.60154,-1.60154,1.42906,-1.42906,-70.8967,70.8967,3.9179,28.2885,6.27886,-20.6548,-68.8245,63.7242,-111.802,114.255,-82.0399,-145.03,14.6391,-14.6572,-204.092,255.376,145.497,-7.9538,-33.7693,4.39802,-25.8728,-16.5819,11.2257,-14.1622,-85.4804,-45.9043,-507.766,-120.604,401.437,-0.33694,-0.525187,-0.397614,0.58413,0.118718,0.781586,-0.743521,-0.0478549,-0.622602,0.230051,-0.260082,0.699615,0.241234,-0.731026,0.247582,0.22486,-0.691671,0.111087,0.370808,-0.126655,0.846907
147.35,0,,35.87,2.38774,2.89749,-1.81374,-0.463651,-4.43164,49.7026,8.41478,12.9714,-4.17152,-5.98223,-12.1453,2.23341,1.06862,-1.86002,-1.86002,1.09151,-1.09151,-80.1364,80.1364,7.173,37.0192,9.70668,-30.9218,-78.0741,72.0122,-91.2944,146.991,-105.454,-130.375,-33.7122,-39.0541,-185.539,187.011,152.844,14.9898,-11.6756,-27.4229,-50.7733,-8.31761,17.0815,-25.9025,-105.499,-8.31215,-450.2,-160.142,337.391,-0.336506,-0.52603,-0.396995,0.578517,0.120916,0.783544,-0.743464,-0.0556072,-0.624681,0.230482,-0.260636,0.699748,0.24141,-0.730944,0.246964,0.223527,-0.691882,0.107002,0.360304,-0.121464,0.852265
147.36,0,,36.839,2.26171,2.78395,-1.7536,-0.398296,-3.89518,49.3969,8.5683,11.6017,-2.55238,-6.10662,-11.9338,2.35692,0.0360498,-2.03915,-2.03915,0.726411,-0.726411,-89.2608,89.2608,29.48,58.5254,32.1579,-53.7135,-86.9059,79.1564,-70.3104,153.817,-99.6007,-110.834,-67.8466,-56.6301,-134.776,103.562,143.085,14.9898,9.6997,-10.8657,-58.0871,1.43959,8.79648,-32.2202,-121.114,-26.3739,-408.706,-136.279,290.502,-0.336149,-0.526717,-0.396457,0.573167,0.122752,0.785282,-0.743213,-0.0636028,-0.627178,0.230906,-0.260814,0.700042,0.241219,-0.730981,0.245919,0.222364,-0.692117,0.10285,0.349197,-0.115788,0.857763
147.37,0,,37.7473,2.15612,2.65863,-1.69218,-0.341573,-3.41448,48.91,8.74813,10.164,-0.807922,-6.20731,-11.6921,2.47785,-0.975919,-2.14291,-2.14291,0.364756,-0.364756,-97.8303,97.8303,165.45,108.295,168.293,-104.45,-83.9019,81.9491,-52.2559,157.211,-84.9518,-105.004,-114.227,-69.8279,-96.7049,41.4828,116.218,-6.73014,-15.0884,4.39802,-40.0353,0.479862,9.28234,-32.694,-153.344,-41.0295,-373.116,-80.1297,209.889,-0.335898,-0.527255,-0.396082,0.568146,0.124152,0.786785,-0.742539,-0.0719649,-0.630166,0.23091,-0.261125,0.700239,0.240793,-0.731046,0.244821,0.221445,-0.69223,0.0988202,0.337417,-0.109441,0.863318
147.38,0,,38.5797,2.02328,2.53977,-1.65024,-0.263887,-3.01059,48.3008,8.917,8.65118,0.99259,-6.28727,-11.4284,2.55247,-1.85656,-2.17847,-2.17847,0.0137774,-0.0137774,-105.505,105.505,173.448,148.71,176.484,-145.539,-76.2881,78.3729,-22.4489,146.991,-97.1642,-103.008,-141.605,-82.0423,-109.395,-1.45045,102.532,-11.3189,-57.1205,2.32836,-42.4873,-24.8995,17.5674,-34.642,-154.812,-56.1539,-357.864,-33.2217,131.791,-0.335845,-0.527756,-0.395847,0.563387,0.12519,0.788132,-0.741337,-0.0806279,-0.633549,0.230792,-0.261922,0.700189,0.24031,-0.731246,0.243484,0.220835,-0.692414,0.095036,0.325266,-0.103091,0.868495
147.39,0,,39.3528,1.85183,2.4266,-1.60238,-0.177569,-2.71325,47.5627,9.04419,7.02394,2.80629,-6.2695,-11.162,2.63738,-2.56468,-2.16891,-2.16891,-0.315157,0.315157,-112.168,112.168,175.37,164.93,178.566,-162.151,-69.6356,72.9868,1.4648,120.603,-101.562,-110.362,-160.678,-87.8797,-120.078,8.31591,108.87,23.8614,-38.6192,-36.7364,-40.0353,-60.5692,8.79648,-26.3764,-105.499,-104.496,-372.132,-11.6978,58.13,-0.335892,-0.528284,-0.39577,0.558789,0.12604,0.789385,-0.73959,-0.089664,-0.637353,0.23109,-0.262524,0.700045,0.239644,-0.731567,0.241658,0.220654,-0.692602,0.0918017,0.313003,-0.0967453,0.87321
147.4,0,,40.0556,1.65314,2.32635,-1.56214,-0.0604226,-2.52865,46.7002,9.17578,5.32876,4.57053,-6.12439,-10.9176,2.75574,-3.03076,-2.11664,-2.11664,-0.621703,0.621703,-117.82,117.82,176.195,172.575,179.483,-169.968,-64.0673,67.77,21.972,85.9508,-96.6888,-101.537,-166.52,-87.8797,-141.604,14.6012,113.301,40.3808,-16.5254,-41.1344,-58.0871,-106.956,-35.6462,-11.2139,-75.6712,-85.9339,-339.331,-32.7537,43.9303,-0.336141,-0.52884,-0.395837,0.554415,0.126777,0.790513,-0.737279,-0.0991869,-0.641511,0.231643,-0.262529,0.700178,0.238851,-0.731995,0.239644,0.221021,-0.692789,0.0889944,0.301279,-0.0909451,0.877041
147.41,0,,40.7048,1.42038,2.22799,-1.5291,0.0678213,-2.41095,45.7307,9.29201,3.60496,6.26552,-5.93189,-10.7308,2.85094,-3.32431,-2.04658,-2.04658,-0.907928,0.907928,-122.589,122.589,176.711,177.048,-179.955,-174.385,-59.3838,63.0991,33.6904,66.9083,-123.52,-115.247,-148.925,-91.782,-151.403,26.8817,146.506,5.81239,-9.6997,-12.6766,-37.1182,-136.227,-49.8126,9.73977,-27.3591,-61.9974,-283.24,-43.9836,-3.84575,-0.336449,-0.529456,-0.396085,0.550245,0.127567,0.791523,-0.734593,-0.109014,-0.645843,0.231886,-0.262284,0.700298,0.238232,-0.732518,0.237499,0.221691,-0.692905,0.08643,0.290417,-0.0853915,0.880039
147.42,0,,41.309,1.16492,2.12812,-1.49691,0.164004,-2.32422,44.6695,9.38412,1.84182,7.88466,-5.73939,-10.6402,2.95901,-3.50455,-1.96856,-1.96856,-1.16866,1.16866,-126.538,126.538,177.035,180.089,-179.571,-177.17,-55.5031,59.0643,30.2839,34.6518,-126.967,-149.39,-134.778,-98.6347,-165.057,28.3321,162.604,-4.89464,8.80158,-1.55224,-29.2972,-164.059,-58.5836,6.37034,2.46899,-28.8113,-212.389,-22.4597,-40.5283,-0.336744,-0.530111,-0.396439,0.546304,0.128427,0.792416,-0.731602,-0.118841,-0.650299,0.231947,-0.262222,0.700357,0.237932,-0.733025,0.23543,0.222423,-0.692965,0.0840494,0.28053,-0.0796543,0.882302
147.43,0,,41.8611,0.898098,2.03812,-1.4787,0.191133,-2.22759,43.5078,9.46088,0.0250344,9.42136,-5.54986,-10.6237,3.12626,-3.61785,-1.87647,-1.87647,-1.39392,1.39392,-129.812,129.812,177.226,182.375,-179.313,-179.049,-52.3052,55.5891,27.8312,33.2146,-125.987,-159.686,-130.837,-80.0753,-180.157,12.6673,181.618,7.9538,6.28684,16.5572,-26.3802,-177.229,-35.6462,3.89591,-1.00094,19.0305,-166.959,-10.294,-58.5737,-0.337103,-0.530711,-0.396797,0.542635,0.129158,0.793199,-0.728446,-0.128488,-0.654771,0.232076,-0.262291,0.70038,0.238049,-0.733436,0.233594,0.223029,-0.693013,0.0816064,0.271563,-0.0739182,0.883906
147.44,0,,42.3343,0.619926,1.96255,-1.45116,0.128244,-2.08139,42.2435,9.57272,-1.82751,10.9119,-5.3692,-10.6759,3.34497,-3.71313,-1.7674,-1.7674,-1.60885,1.60885,-132.57,132.57,177.366,184.2,-179.104,179.658,-49.6044,52.5453,16.5897,38.085,-118.172,-170.401,-122.532,-80.5511,-185.057,-3.86786,178.197,6.73014,-1.97586,1.03483,-37.1182,-191.412,9.76819,4.36973,-32.2303,30.28,-121.037,21.5239,-74.6963,-0.337541,-0.531398,-0.397114,0.53922,0.129708,0.793937,-0.725129,-0.137823,-0.659269,0.232071,-0.26253,0.700304,0.238474,-0.733671,0.232126,0.223518,-0.693014,0.0786767,0.263492,-0.068177,0.884898
147.45,0,,42.7427,0.340619,1.90558,-1.42151,-0.0406928,-1.89184,40.8941,9.7065,-3.69079,12.32,-5.15894,-10.7775,3.6666,-3.77493,-1.64055,-1.64055,-1.80587,1.80587,-134.905,134.905,177.484,185.688,-178.945,178.796,-47.3404,49.8536,9.77668,51.2591,-133.296,-171.4,-115.705,-59.5806,-198.711,-57.1477,161.146,8.25971,11.6756,1.03483,-34.6662,-153.822,23.9346,-3.89591,-95.2229,35.1548,-47.3981,11.2299,-35.2034,-0.338038,-0.532144,-0.397307,0.535988,0.130075,0.794673,-0.721709,-0.146734,-0.663723,0.23207,-0.262529,0.700361,0.238966,-0.733807,0.230848,0.223825,-0.6929,0.0755037,0.256424,-0.0625648,0.885307
147.46,0,,43.0736,0.0760715,1.86115,-1.37958,-0.295948,-1.6837,39.442,9.8951,-5.58983,13.7017,-4.94275,-10.956,4.08086,-3.7878,-1.50707,-1.50707,-1.98497,1.98497,-136.915,136.915,177.557,186.954,-178.835,178.23,-45.4097,47.4185,-4.87131,66.3893,-139.655,-187.998,-122.532,-38.5783,-196.301,-137.696,123.509,5.50647,25.327,2.06966,-54.1977,-126.95,29.3046,-26.8502,-169.893,42.467,60.0266,-28.7765,-22.4828,-0.338588,-0.532878,-0.397491,0.533155,0.130313,0.795307,-0.718232,-0.155219,-0.668058,0.232193,-0.26253,0.700426,0.239458,-0.733817,0.229814,0.224253,-0.692778,0.0719635,0.250128,-0.0569473,0.885155
147.47,0,,43.3426,-0.173716,1.82698,-1.34781,-0.609159,-1.50034,37.896,10.1188,-7.49245,15.1065,-4.75025,-11.2444,4.53115,-3.7569,-1.36722,-1.36722,-2.13308,2.13308,-138.646,138.646,177.639,188.154,-178.703,177.878,-43.7493,45.2291,-35.6321,62.996,-133.296,-215.838,-113.735,-23.9211,-180.639,-215.343,102.027,3.36507,0.538872,9.83086,-55.6773,-98.1584,47.8437,-22.4804,-229.483,6.84346,186.968,-43.9836,-43.9303,-0.339254,-0.533479,-0.397668,0.530792,0.130501,0.795761,-0.714657,-0.163404,-0.672234,0.232066,-0.262707,0.70047,0.23988,-0.7338,0.228832,0.224929,-0.692549,0.0683637,0.244397,-0.0507228,0.884567
147.48,0,,43.5229,-0.418961,1.77723,-1.29952,-0.9421,-1.34547,36.2627,10.3885,-9.39506,16.5937,-4.57256,-11.6097,4.96085,-3.6745,-1.22657,-1.22657,-2.27878,2.27878,-140.14,140.14,177.72,189.363,-178.538,177.631,-42.2937,43.2417,-48.8153,76.1701,-124.025,-235.852,-129.852,-2.44287,-125.941,-255.376,38.5897,-11.3189,-52.8095,11.1244,-61.0464,-102.53,59.0694,-15.6363,-289.072,-18.0617,246.995,-4.91306,-75.7317,-0.339922,-0.534145,-0.397847,0.529013,0.130682,0.795992,-0.710846,-0.171394,-0.676299,0.231639,-0.263256,0.700349,0.239949,-0.733824,0.22768,0.225969,-0.692189,0.064763,0.238723,-0.0438259,0.88366
147.49,0,,43.6299,-0.653988,1.71571,-1.25928,-1.26271,-1.24636,34.5704,10.7,-11.2941,18.1238,-4.32083,-12.0299,5.39055,-3.51485,-1.0822,-1.0822,-2.41138,2.41138,-141.42,141.42,177.771,190.547,-178.45,177.461,-41.073,41.4236,-61.9985,81.0405,-124.025,-208.484,-148.925,-4.88573,-84.9783,-292.507,-19.5192,-24.7791,-72.7477,1.03483,-69.3325,-118.153,46.872,-21.954,-327.174,-23.4365,258.803,-0.935821,-70.8505,-0.340713,-0.534753,-0.398089,0.527853,0.130926,0.79593,-0.706805,-0.179265,-0.680193,0.23146,-0.263384,0.700241,0.239632,-0.733973,0.226326,0.227429,-0.691808,0.0612214,0.233101,-0.0368665,0.882416
147.5,0,,43.6834,-0.883338,1.68153,-1.23387,-1.58085,-1.2191,32.8389,11.0377,-13.2074,19.6704,-3.95361,-12.4392,5.79452,-3.25221,-0.934387,-0.934387,-2.52263,2.52263,-142.524,142.524,177.793,191.681,-178.45,177.318,-40.0598,39.7475,-70.3104,88.8651,-133.296,-197.243,-140.127,24.4287,-71.8058,-299.759,-60.5208,-16.2135,-42.032,-2.06966,-80.5778,-136.707,32.2197,-23.9019,-312.494,-67.8722,284.224,-5.84888,-106.498,-0.341635,-0.53525,-0.39834,0.527074,0.131295,0.795769,-0.702307,-0.187082,-0.684118,0.231642,-0.263138,0.700114,0.239204,-0.734152,0.224921,0.229383,-0.691323,0.0579256,0.227371,-0.0303364,0.880916
147.51,0,,43.6637,-1.11836,1.62457,-1.17838,-1.82131,-1.29344,31.0767,11.4061,-15.0958,21.1972,-3.56861,-12.8429,6.09814,-2.85308,-0.787369,-0.787369,-2.64663,2.64663,-143.463,143.463,177.815,192.725,-178.439,177.186,-39.2023,38.1914,-83.0166,72.2578,-141.111,-181.643,-112.82,44.4475,-113.251,-303.724,-75.2163,-18.049,-54.2465,-17.5921,-105.478,-167.952,23.9346,-42.0126,-265.65,-49.3104,275.368,8.77333,-152.351,-0.342552,-0.535863,-0.398647,0.526775,0.131663,0.795411,-0.697425,-0.19514,-0.687903,0.231705,-0.262958,0.699938,0.238727,-0.734247,0.223589,0.23207,-0.690777,0.0550571,0.22169,-0.0245983,0.87919
147.52,0,,43.5891,-1.36702,1.54216,-1.12755,-1.97792,-1.43591,29.3146,11.7855,-16.9555,22.6482,-3.12142,-13.2247,6.24737,-2.36384,-0.634513,-0.634513,-2.77717,2.77717,-144.249,144.249,177.823,193.646,-178.478,177.06,-38.4622,36.7746,-89.8297,46.8678,-140.636,-157.69,-95.2246,46.3827,-159.676,-283.224,-76.1698,6.42422,-46.8819,-33.1145,-115.709,-197.756,15.624,-77.1285,-204.592,-99.6208,308.169,4.44515,-163.592,-0.343468,-0.536596,-0.398892,0.52689,0.132211,0.794852,-0.692115,-0.203563,-0.691566,0.231823,-0.262587,0.69956,0.238173,-0.734418,0.222181,0.235297,-0.690265,0.0525527,0.216199,-0.0199596,0.87737
147.53,0,,43.4595,-1.64519,1.47913,-1.10256,-2.06547,-1.64529,27.5371,12.1452,-18.7758,24.0134,-2.65351,-13.5845,6.30655,-1.79476,-0.46998,-0.46998,-2.90289,2.90289,-144.897,144.897,177.867,194.435,-178.544,176.917,-37.8532,35.4779,-81.5518,18.5635,-162.594,-156.744,-94.2393,33.2166,-197.265,-267.559,-70.7852,26.3087,-44.3671,-42.9454,-158.196,-232.893,-30.7621,-79.6029,-157.682,-140.15,358.356,9.70915,-171.875,-0.344443,-0.537387,-0.399011,0.527127,0.132514,0.794354,-0.686629,-0.212416,-0.69487,0.231891,-0.2618,0.699273,0.237801,-0.734645,0.220711,0.239024,-0.68985,0.0504783,0.210886,-0.0164192,0.875527
147.54,0,,43.299,-1.93244,1.4271,-1.1123,-2.08396,-1.93272,25.7706,12.4895,-20.5318,25.2929,-2.21817,-13.9141,6.26539,-1.12527,-0.308897,-0.308897,-3.01518,3.01518,-145.446,145.446,177.926,195.117,-178.626,176.763,-37.3207,34.274,-74.2278,-9.26177,-180.66,-191.413,-107.893,28.8068,-185.057,-262.725,-15.649,26.0028,-22.453,-37.5125,-184.577,-254.38,-56.6401,-69.8105,-136.262,-161.618,469.225,2.45653,-195.837,-0.345351,-0.538169,-0.399003,0.527439,0.132516,0.793936,-0.681211,-0.221577,-0.697631,0.23183,-0.260763,0.698971,0.237812,-0.734921,0.219378,0.243298,-0.689303,0.0490136,0.205814,-0.0138552,0.873672
147.55,0,,43.1117,-2.21402,1.39786,-1.17372,-2.03587,-2.27343,24.0237,12.825,-22.1948,26.5262,-1.84798,-14.2409,6.14445,-0.435172,-0.165064,-0.165064,-3.11954,3.11954,-145.891,145.891,178.021,195.742,-178.697,176.588,-36.8564,33.2039,-80.087,-36.1289,-189.455,-194.354,-140.127,29.7903,-142.567,-265.626,-16.0977,26.3087,-22.453,-12.6766,-180.18,-278.32,-76.1765,-60.5445,-158.683,-128.901,579.109,-2.92444,-190.365,-0.346149,-0.538909,-0.399008,0.527739,0.132087,0.793684,-0.676033,-0.230838,-0.699776,0.231526,-0.259665,0.698606,0.238416,-0.735329,0.218395,0.248004,-0.688771,0.0479161,0.200871,-0.0118411,0.871968
147.56,0,,42.9004,-2.50809,1.40431,-1.28597,-1.95449,-2.63024,22.3162,13.1606,-23.7541,27.7661,-1.56367,-14.576,5.95662,0.265223,-0.0289259,-0.0289259,-3.21426,3.21426,-146.254,146.254,178.161,196.351,-178.736,176.401,-36.425,32.2156,-63.4633,-27.8252,-220.714,-154.801,-167.505,21.0023,-93.7331,-282.257,-6.33813,-0.917746,-54.6057,-33.1145,-188.001,-292.982,-54.6967,-35.6423,-155.279,-103.027,711.463,-112.766,-209.445,-0.346873,-0.539628,-0.398938,0.528032,0.131535,0.793604,0.671178,0.240003,0.701331,0.230845,-0.258617,0.69815,0.239877,-0.735746,0.217904,0.252999,-0.688071,0.0469375,0.195991,-0.00988804,0.870269
147.57,0,,42.7117,-2.75333,1.45026,-1.42744,-1.85091,-2.98829,20.6654,13.5093,-25.2061,29.1512,-1.31491,-14.944,5.7199,0.89867,0.0570558,0.0570558,-3.28383,3.28383,-146.518,146.518,178.309,197.132,-178.78,176.165,-36.0508,31.3475,-61.0446,-2.91426,-219.229,-181.643,-168.491,-22.9376,-41.5253,-279.743,-22.4359,-32.1211,-19.579,-1.55224,-150.883,-293.942,-10.7399,-42.9603,-129.855,-17.093,795.927,-180.146,-326.149,-0.347265,-0.540156,-0.398906,0.528357,0.131296,0.793695,0.666601,0.248915,0.702431,0.230057,-0.257463,0.697617,0.242023,-0.736139,0.217973,0.258188,-0.687099,0.0460833,0.190503,-0.00677533,0.868768
147.58,0,,42.554,-2.95316,1.49773,-1.57612,-1.73006,-3.34386,19.1325,13.8689,-26.5723,30.6846,-1.11352,-15.4494,5.49862,1.40594,0.10615,0.10615,-3.3324,3.3324,-146.704,146.704,178.404,198.11,-178.873,175.917,-35.7504,30.6023,-71.7752,17.5654,-198.251,-221.669,-145.054,-41.497,-26.8268,-280.227,-15.1442,-27.2265,-36.6433,0,-89.8363,-285.145,20.9939,-37.1164,-121.581,-4.8748,740.656,-158.739,-361.353,-0.34737,-0.540557,-0.398825,0.528846,0.131601,0.793757,0.662466,0.257344,0.703057,0.229689,-0.256302,0.697124,0.244765,-0.73637,0.21864,0.263561,-0.686126,0.0453511,0.184577,-0.00189216,0.867463
147.59,0,,42.4047,-3.15754,1.53989,-1.71674,-1.58209,-3.73412,17.7176,14.2198,-27.849,32.2806,-0.956565,-15.985,5.22845,1.84884,0.153652,0.153652,-3.37408,3.37408,-146.831,146.831,178.471,199.187,-178.967,175.632,-35.4855,29.9717,-66.9038,46.3887,-160.158,-206.541,-115.213,-18.5594,-3.45375,-248.51,-34.1586,-14.9898,-4.31098,5.43285,-45.4043,-232.413,29.3046,-21.954,-84.9466,69.3408,689.978,-162.599,-382.8,-0.347495,-0.540927,-0.398706,0.529508,0.132392,0.793682,0.658667,0.265335,0.703347,0.229389,-0.255331,0.696408,0.247885,-0.736391,0.219623,0.269115,-0.685025,0.0448627,0.178289,0.00366221,0.866356
147.6,0,,42.2371,-3.36758,1.56685,-1.82941,-1.43041,-4.14792,16.4096,14.5773,-29.0328,33.9327,-0.80849,-16.559,4.96085,2.22736,0.213627,0.213627,-3.41437,3.41437,-146.902,146.902,178.515,200.33,-179.093,175.297,-35.2752,29.4175,-63.4633,53.2153,-135.257,-174.814,-61.5124,21.0023,-4.41758,-222.692,-25.8573,5.81239,88.9139,29.7513,-18.0518,-159.687,41.502,-21.0063,-3.4032,107.433,637.66,-188.919,-468.738,-0.347679,-0.541356,-0.398463,0.530304,0.133247,0.793502,0.655122,0.272779,0.703464,0.229319,-0.254344,0.695709,0.250993,-0.736193,0.220717,0.27485,-0.683981,0.044496,0.17164,0.00964406,0.865401
147.61,0,,42.0737,-3.62078,1.5752,-1.94971,-1.28491,-4.55181,15.237,14.9304,-30.1307,35.6013,-0.678184,-17.1385,4.74471,2.48744,0.303855,0.303855,-3.44572,3.44572,-146.93,146.93,178.53,201.505,-179.225,174.918,-35.166,28.9725,-27.3543,71.7787,-132.316,-151.859,-19.5657,61.5158,-16.1443,-190.396,-32.7003,24.4732,116.217,43.4628,0,-88.4012,41.9879,12.688,54.7181,113.276,561.561,-173.361,-529.826,-0.348045,-0.541845,-0.397976,0.531141,0.134342,0.793171,0.651838,0.279743,0.703416,0.229506,-0.253311,0.695293,0.254223,-0.735873,0.22169,0.280723,-0.683039,0.0439489,0.164864,0.0157479,0.86473
147.62,0,,41.9061,-3.9069,1.56495,-2.05433,-1.17146,-4.82438,14.1867,15.3207,-31.0784,37.2436,-0.657453,-17.6164,4.47969,2.58013,0.408678,0.408678,-3.47568,3.47568,-146.886,146.886,178.581,202.623,-179.241,174.506,-35.0486,28.634,1.94171,80.0824,-142.092,-154.275,40.0464,87.8797,-61.043,-172.41,-26.3622,-11.6248,48.3189,53.811,32.2142,-13.6494,63.9535,43.9606,74.2031,86.9026,465.78,-122.593,-562.515,-0.348409,-0.542451,-0.39724,0.532018,0.135568,0.792778,0.648845,0.286029,0.703292,0.229079,-0.253067,0.694745,0.257339,-0.735456,0.222364,0.286272,-0.681987,0.042422,0.158335,0.0214857,0.864313
147.63,0,,41.7047,-4.22594,1.53457,-2.13989,-1.10364,-4.94827,13.2019,15.7221,-31.9296,38.7704,-0.731491,-17.8966,4.17092,2.55181,0.535263,0.535263,-3.49532,3.49532,-146.781,146.781,178.647,203.61,-179.159,174.05,-34.912,28.3883,21.4951,73.7349,-136.713,-108.891,99.5882,84.961,-65.9425,-211.959,-11.7227,-27.2265,-21.016,44.4976,21.4761,26.3924,81.0606,34.1682,94.7558,34.1861,405.262,-99.0801,-532.193,-0.348843,-0.543132,-0.396209,0.533168,0.13697,0.792214,0.646092,0.291764,0.703102,0.228167,-0.25356,0.693963,0.260262,-0.734885,0.222663,0.291216,-0.680826,0.0399193,0.152229,0.0260632,0.864175
147.64,0,,41.4893,-4.54499,1.49887,-2.22461,-1.06664,-5.00774,12.2892,16.1146,-32.7343,40.1125,-0.811452,-17.9652,3.91876,2.52606,0.656805,0.656805,-3.48981,3.48981,-146.605,146.605,178.64,204.383,-179.131,173.511,-34.8683,28.2081,51.268,82.9967,-145.509,-118.661,165.535,85.4369,-11.7267,-277.326,-40.5528,6.73014,-40.595,18.1095,-12.2177,41.0015,41.9879,-20.006,47.845,21.9678,416.086,-189.972,-586.921,-0.349319,-0.543663,-0.395097,0.534631,0.138434,0.791479,0.643779,0.296833,0.702742,0.227799,-0.254107,0.693164,0.262641,-0.734394,0.222296,0.295796,-0.679672,0.0369898,0.146552,0.0285658,0.864298
147.65,0,,41.278,-4.8822,1.46469,-2.28052,-1.02102,-4.97181,11.4747,16.4853,-33.4531,41.3195,-0.826259,-17.9158,3.69748,2.40761,0.754994,0.754994,-3.47809,3.47809,-146.38,146.38,178.603,205.024,-179.203,172.973,-34.9066,28.1317,39.5496,85.9508,-130.86,-140.618,161.101,80.0753,19.9996,-281.774,-59.0624,8.25971,-11.6756,-15.5224,-52.718,16.102,-5.8558,-27.324,-2.93609,13.1869,413.626,-230.914,-645.494,-0.349688,-0.544095,-0.394063,0.536156,0.139838,0.790744,0.641812,0.301343,0.7023,0.227919,-0.254044,0.692425,0.264722,-0.73392,0.221202,0.299881,-0.678562,0.0333269,0.141611,0.0301534,0.864621
147.66,0,,41.078,-5.2092,1.40849,-2.35676,-0.919904,-4.89871,10.7585,16.88,-34.0325,42.3978,-0.864759,-17.8609,3.39643,2.20676,0.841506,0.841506,-3.44434,3.44434,-146.111,146.111,178.611,205.534,-179.241,172.495,-34.9803,28.1972,4.3944,97.1688,-107.415,-160.158,147.939,84.961,-9.799,-206.06,-43.9182,-32.7329,-9.6997,46.826,-46.884,8.79747,-18.5647,-5.84386,-30.2952,32.7174,445.772,-218.748,-632.33,-0.350109,-0.54433,-0.39308,0.537864,0.141058,0.789828,0.640036,0.305674,0.701806,0.227732,-0.253978,0.69168,0.266743,-0.733512,0.219925,0.30385,-0.677406,0.0291764,0.137887,0.031435,0.865043
147.67,0,,40.8978,-5.51575,1.35153,-2.4275,-0.785494,-4.81818,10.1864,17.2989,-34.5117,43.3607,-0.995065,-17.8252,3.00275,1.91579,0.920323,0.920323,-3.40163,3.40163,-145.754,145.754,178.574,205.977,-179.219,172.056,-35.1032,28.462,0.476911,117.169,-103.018,-152.857,131.33,81.0588,-70.7617,-117.196,19.0705,-37.0157,-37.5414,57.6917,-4.86173,28.3118,6.8275,20.5325,3.93704,33.2174,541.06,-197.224,-609.403,-0.350669,-0.544407,-0.392237,0.539519,0.142037,0.788861,0.638574,0.30946,0.701321,0.227371,-0.254777,0.690535,0.268754,-0.733015,0.218824,0.307687,-0.676289,0.02472,0.135261,0.0326555,0.865584
147.68,0,,40.7316,-5.81323,1.29798,-2.46012,-0.647385,-4.78969,9.74532,17.7156,-34.9338,44.2741,-1.11056,-17.8362,2.68112,1.59392,0.982155,0.982155,-3.37166,3.37166,-145.331,145.331,178.456,206.413,-179.263,171.616,-35.3544,28.8688,20.9841,143.557,-137.694,-112.305,154.274,88.8632,-90.8416,-81.9987,82.5079,-5.81239,0,30.2687,26.3802,28.3118,13.6806,50.8047,28.2933,3.90609,592.722,-129.377,-574.2,-0.35128,-0.544408,-0.391688,0.54104,0.142707,0.787938,0.637548,0.312396,0.700845,0.227619,-0.255637,0.68939,0.2704,-0.732521,0.217479,0.311538,-0.675141,0.0203867,0.133181,0.0341802,0.866163
147.69,0,,40.6203,-6.05393,1.27216,-2.45757,-0.60546,-4.79712,9.43962,18.1564,-35.2842,45.2206,-1.16387,-17.8032,2.54218,1.24629,1.00073,1.00073,-3.32207,3.32207,-144.837,144.837,178.264,206.931,-179.379,171.061,-35.7695,29.3875,55.1855,170.904,-179.679,-77.6367,198.754,92.7655,-26.3449,-123.578,71.29,9.17746,21.5549,2.84578,6.34138,46.3866,-3.42654,78.6026,107.901,-8.78088,554.672,-90.3068,-558.521,-0.351825,-0.544097,-0.391439,0.542218,0.142772,0.787232,0.63712,0.31386,0.700478,0.228531,-0.256303,0.688399,0.271495,-0.732023,0.215829,0.315446,-0.673862,0.0160531,0.130805,0.0357683,0.866925
147.7,0,,40.5401,-6.27874,1.29647,-2.43258,-0.662183,-4.85659,9.25183,18.5774,-35.5095,46.1538,-1.20237,-17.6988,2.51387,0.932145,0.978971,0.978971,-3.2611,3.2611,-144.216,144.216,178.066,207.474,-179.478,170.358,-36.3239,30.0181,97.1536,171.862,-187.999,-89.3505,210.93,100.602,63.4526,-189.429,39.0384,17.4372,25.327,21.9901,8.79338,78.5907,-12.1974,36.6426,190.446,-34.1861,472.669,-63.9868,-574.2,-0.352379,-0.543492,-0.391566,0.542999,0.142037,0.786848,0.637212,0.313784,0.700323,0.229312,-0.257205,0.687324,0.272231,-0.731605,0.213634,0.319355,-0.672525,0.0117805,0.12812,0.0368063,0.867786
147.71,0,,40.5048,-6.52626,1.36862,-2.38684,-0.757133,-4.94331,9.1754,18.902,-35.5882,47.0112,-1.24087,-17.4818,2.49072,0.605121,0.905727,0.905727,-3.18119,3.18119,-143.48,143.48,177.896,208.024,-179.527,169.507,-36.9875,30.8179,139.156,156.252,-168.953,-107.893,190.449,124.015,66.4244,-205.093,20.5288,17.1313,14.7292,-3.8806,32.2142,85.9486,-55.6684,15.6363,240.226,-49.8104,409.69,-33.2217,-594.168,-0.35292,-0.542503,-0.392167,0.543436,0.140513,0.78674,0.637616,0.312582,0.700425,0.229629,-0.2585,0.686018,0.272959,-0.731228,0.21064,0.322885,-0.671162,0.00750754,0.125432,0.0372329,0.86887
147.72,0,,40.4527,-6.82032,1.45558,-2.34279,-0.881677,-5.02384,9.18195,19.1345,-35.5596,47.7103,-1.24679,-17.1797,2.48557,0.324448,0.81948,0.81948,-3.09887,3.09887,-142.65,142.65,177.72,208.46,-179.576,168.589,-37.7631,31.7052,186.029,138.168,-166.516,-97.1772,162.086,137.689,10.7628,-179.179,13.1811,-4.28281,13.1126,18.1095,63.9634,85.4687,-70.8066,30.7461,241.694,-14.1557,357.864,-39.0705,-590.766,-0.353482,-0.541423,-0.392913,0.543732,0.138191,0.786788,0.638172,0.310571,0.700799,0.229932,-0.259841,0.68473,0.273753,-0.730925,0.207039,0.32601,-0.669904,0.00329611,0.123237,0.036501,0.869981
147.73,0,,40.3964,-7.14845,1.52432,-2.28857,-1.00992,-5.0734,9.24964,19.2836,-35.4702,48.2511,-1.28233,-16.787,2.50873,0.0540747,0.705899,0.705899,-3.00863,3.00863,-141.843,141.843,177.491,208.756,-179.62,167.688,-38.5332,32.6088,229.02,119.126,-154.779,-86.4089,127.459,162.118,-7.79101,-124.545,27.8205,-16.2135,26.9436,52.2588,125.01,34.1768,-84.973,126.459,226.079,-30.28,330.146,-88.903,-625.526,-0.353981,-0.540159,-0.393964,0.544148,0.135259,0.786772,0.639077,0.307819,0.701215,0.230352,-0.261603,0.683306,0.274668,-0.730679,0.202827,0.328635,-0.668807,-0.00115975,0.121647,0.034608,0.871121
147.74,0,,40.3457,-7.4868,1.57634,-2.20978,-1.15913,-5.09198,9.39594,19.3779,-35.3236,48.6303,-1.38006,-16.3832,2.5396,-0.195699,0.563127,0.563127,-2.90565,2.90565,-141.052,141.052,177.197,208.888,-179.637,166.914,-39.2651,33.5315,251.469,116.211,-168.448,-120.132,129.852,152.346,3.45375,-74.7465,4.375,-33.3448,23.3511,94.6867,184.577,-42.4944,-121.105,228.016,149.874,-41.0295,273.892,-94.7519,-661.173,-0.354334,-0.538734,-0.395231,0.544715,0.132089,0.786675,0.640339,0.304269,0.701681,0.230851,-0.264117,0.681626,0.275778,-0.730342,0.198318,0.330885,-0.667691,-0.00579858,0.121221,0.0320448,0.872106
147.75,0,,40.2654,-7.84559,1.62077,-2.12337,-1.3293,-5.118,9.59028,19.4415,-35.1841,48.8612,-1.56367,-16.0426,2.58077,-0.370798,0.411598,0.411598,-2.7906,2.7906,-140.156,140.156,176.77,208.871,-179.659,166.266,-40.0926,34.5825,276.37,136.212,-173.35,-114.249,128.937,159.675,54.2158,-102.015,4.375,-53.2293,-33.2305,143.582,212.394,-115.22,-116.707,286.612,62.9926,-51.7478,299.805,-30.7651,-631.886,-0.354771,-0.537162,-0.396645,0.545633,0.128855,0.786373,0.641925,0.299997,0.702169,0.231701,-0.267714,0.679539,0.277116,-0.7299,0.193676,0.332962,-0.666413,-0.0104985,0.122319,0.0290538,0.872653
147.76,0,,40.1683,-8.21459,1.66862,-2.00266,-1.55373,-5.21588,9.84576,19.4678,-35.1161,48.9073,-1.7384,-15.768,2.66568,-0.409423,0.24388,0.24388,-2.65972,2.65972,-139.151,139.151,176.099,208.666,-179.818,165.744,-41.0347,35.7618,305.189,160.644,-170.409,-87.8797,123.517,188.957,72.7697,-148.429,-23.9503,-81.6794,-77.5976,173.334,248.54,-175.789,-95.2271,299.301,31.7632,-16.5931,408.214,9.24124,-561.036,-0.355304,-0.535367,-0.398336,0.546785,0.125374,0.785935,0.643775,0.294634,0.70286,0.233657,-0.272172,0.676799,0.278757,-0.729211,0.189032,0.335099,-0.66501,-0.0149543,0.124943,0.0251472,0.872767
147.77,0,,40.05,-8.58927,1.74761,-1.86542,-1.83241,-5.37446,10.1558,19.4459,-35.2127,48.8645,-1.82132,-15.4466,2.8741,-0.517572,0.0812049,0.0812049,-2.49956,2.49956,-138.437,138.437,175.061,208.345,179.741,165.337,-41.7666,36.8265,334.485,174.297,-204.104,-44.4389,98.1102,210.436,69.3159,-172.893,-28.3253,-95.1396,-82.0882,177.214,296.396,-213.379,-75.6907,335.469,25.891,16.1243,545.98,40.0064,-465.336,-0.355965,-0.533276,-0.400278,0.548131,0.12159,0.785451,0.645866,0.288232,0.703732,0.237874,-0.277001,0.67358,0.280777,-0.728312,0.184398,0.337242,-0.66368,-0.0192274,0.127752,0.0208749,0.873326
147.78,0,,39.9288,-8.9208,1.83647,-1.6998,-2.12836,-5.57021,10.527,19.4218,-35.4273,48.9139,-1.90128,-15.1637,3.15456,-0.445472,-0.107212,-0.107212,-2.3115,2.3115,-137.827,137.827,173.706,207.983,179.076,165.024,-42.4275,37.6291,378.906,183.599,-196.765,54.2091,93.7466,227.536,124.977,-106.946,-62.9887,-102.176,-45.9838,210.329,332.5,-229.481,-76.1765,412.598,-2.46899,6.84346,-261.263,557.165,-596.239,-0.356595,-0.530864,-0.402558,0.549728,0.117624,0.784855,0.648417,0.280901,0.704512,0.243727,-0.282547,0.669715,0.282855,-0.72728,0.179882,0.339363,-0.662368,-0.023499,0.130011,0.0163582,0.873087
147.79,0,,39.8021,-9.22963,1.96179,-1.51089,-2.38608,-5.82667,10.8808,19.3713,-35.86,49.059,-2.07601,-14.6282,3.45304,-0.700396,-0.323227,-0.323227,-2.09106,2.09106,-137.25,137.25,171.975,207.959,178.192,164.255,-43.0365,38.6883,416.514,151.382,-166.516,152.332,82.9784,220.715,222.164,54.7303,-122.556,-98.5047,-47.78,212.398,335.459,-274.428,-98.1422,489.252,-36.6345,-16.5931,-325.226,757.781,-439.007,-0.357197,-0.528105,-0.405173,0.551432,0.11329,0.784298,0.651436,0.27338,0.704842,0.251231,-0.289258,0.664945,0.285057,-0.726133,0.175246,0.341572,-0.660988,-0.0275895,0.13038,0.0123909,0.87463
147.8,0,,39.6951,-9.49304,2.08824,-1.30503,-2.48596,-6.11038,11.1253,19.334,-36.6575,46.9156,-2.36624,-13.4746,3.72321,0.504697,-0.5687,-0.5687,-1.83342,1.83342,-136.75,136.75,169.832,204.391,177.017,165.167,-43.58,39.5782,437.498,86.909,-107.415,230.966,33.2195,214.369,268.589,340.372,-208.99,-90.8568,14.7292,215.762,346.197,-299.807,-133.303,526.843,-57.1204,-14.6556,-1196.76,-513.181,1811.94,-0.357622,-0.525049,-0.407978,0.553263,0.108773,0.783688,0.654516,0.267227,0.704507,0.26083,-0.296844,0.659552,0.287309,-0.724895,0.170603,0.343949,-0.659333,-0.0316177,0.143076,-0.0122689,0.87323
147.81,0,,39.557,-9.73829,2.16609,-1.09536,-2.31826,-6.38418,11.0489,19.2814,-37.9808,44.871,-2.90227,-14.2409,3.81841,0.80597,-0.829299,-0.829299,-1.55788,1.55788,-136.327,136.327,167.321,201.357,175.654,167.787,-43.9759,41.0605,491.219,31.2585,-21.9585,374.001,-54.1929,183.596,425.775,855.958,-111.843,-196.704,-32.1527,292.08,379.384,-332.011,-157.723,562.011,-91.8197,-36.1235,-438.555,146.456,1549.84,-0.35769,-0.522008,-0.410611,0.555513,0.104193,0.782882,0.657124,0.264412,0.703268,0.272052,-0.305746,0.653425,0.289872,-0.723552,0.166086,0.346524,-0.657583,-0.0354032,0.165288,-0.0209357,0.86996
147.82,0,,39.3697,-9.96196,2.17862,-0.863667,-1.67087,-6.61215,10.6078,19.2354,-39.9192,43.4003,-3.7463,-14.8726,3.57397,0.911545,-1.11644,-1.11644,-1.29989,1.29989,-135.998,135.998,164.397,198.99,174.067,169.963,-44.1808,42.2917,511.215,-77.1681,41.9856,424.323,-118.169,217.764,808.097,1409.16,176.29,-197.621,-123.941,283.284,416.502,-378.398,-152.839,579.595,-124.05,-42.9669,738.688,568.862,1153.87,-0.357131,-0.519308,-0.412981,0.558193,0.0999193,0.781958,0.658785,0.266737,0.701024,0.285299,-0.315758,0.646593,0.292734,-0.722129,0.161931,0.349322,-0.655612,-0.0388814,0.182926,-0.0266119,0.867572
147.83,0,,39.1191,-10.2356,2.11521,-0.644679,-0.979093,-6.75214,10.1951,19.1871,-42.1222,42.4242,-4.50148,-13.6916,3.18544,2.06514,-1.36668,-1.36668,-1.09117,1.09117,-135.63,135.63,161.076,196.589,172.138,170.402,-44.2163,42.2781,521.468,-174.297,54.198,366.699,-117.183,316.906,659.184,1310.05,509.294,-265.534,-175.852,240.339,415.995,-395.513,-140.13,594.705,-131.857,0.968709,1660.08,-157.218,-416.081,-0.356146,-0.517403,-0.414496,0.56121,0.0967499,0.780897,0.659529,0.269977,0.699388,0.300858,-0.326006,0.638767,0.296166,-0.720578,0.158338,0.352305,-0.653461,-0.0419934,0.187509,-0.0451071,0.865398
147.84,0,,38.8613,-10.5796,1.96824,-0.444329,-1.00622,-6.76701,10.134,19.1345,-44.3109,41.3425,-4.79171,-13.0709,3.4093,2.98183,-1.549,-1.549,-0.951327,0.951327,-135.223,135.223,157.386,194.197,169.831,171.468,-44.0579,42.39,527.328,-222.642,12.2124,391.598,-15.6244,511.733,362.804,601.549,389.15,-364.345,-112.265,229.473,385.725,-338.356,-83.004,586.439,-129.388,56.6539,1044.4,-270.452,-559.557,-0.354874,-0.516502,-0.414935,0.564299,0.0955249,0.779703,0.661344,0.267589,0.69876,0.318929,-0.335837,0.629984,0.300127,-0.718853,0.155466,0.355245,-0.651222,-0.0448024,0.19563,-0.0592688,0.862542
147.85,0,,38.7515,-10.9043,1.7833,-0.227036,-1.63881,-6.69391,10.5642,19.0972,-46.5354,40.2543,-4.71175,-12.6754,4.21724,3.67708,-1.72149,-1.72149,-0.854196,0.854196,-134.916,134.916,153.292,191.92,167.238,172.775,-43.5472,42.4856,514.655,-271.466,-117.667,506.372,246.613,666.49,492.681,-40.5159,41.5064,-328.247,-194.892,212.398,413.078,-273.415,-19.5364,560.537,-101.562,107.902,129.894,-355.495,-328.664,-0.353298,-0.516091,-0.415009,0.566857,0.0965006,0.778597,0.665027,0.259541,0.698354,0.339743,-0.345969,0.619607,0.304217,-0.717022,0.153329,0.357857,-0.649001,-0.0474253,0.204904,-0.070743,0.85972
147.86,0,,38.9092,-11.1621,1.49849,0.0660775,-2.44527,-6.46843,11.573,19.0862,-48.7599,39.2057,-4.43041,-12.5353,5.1281,4.04015,-1.96378,-1.96378,-0.787032,0.787032,-134.734,134.734,148.961,189.807,164.508,174.324,-42.5504,42.5893,440.428,-205.555,-121.589,562.524,661.153,684.098,580.069,-465.787,-24.9038,-357.309,-227.584,211.881,449.689,-220.203,-1.94341,542.479,-128.921,154.775,598.626,-704.089,165.071,-0.350919,-0.51597,-0.415133,0.568707,0.0997388,0.777523,0.670136,0.248363,0.697664,0.362872,-0.356341,0.607025,0.307996,-0.715118,0.151313,0.359947,-0.646768,-0.0504182,0.215473,-0.0789254,0.857131
147.87,0,,39.2754,-11.3596,1.11153,0.409172,-3.25049,-6.0633,12.9071,19.1125,-51.249,38.2691,-3.80553,-12.9253,5.9875,3.93715,-2.23605,-2.23605,-0.726067,0.726067,-134.625,134.625,144.322,187.99,161.514,176.291,-41.2286,42.835,382.313,-74.2139,-180.185,483.417,914.522,492.666,290.516,-647.48,212.916,-416.045,-260.814,110.468,419.419,-170.404,-4.88409,546.901,-218.272,175.774,1048.83,-102.589,604.522,-0.348044,-0.516024,-0.415065,0.570144,0.104739,0.776265,0.674889,0.236703,0.697351,0.389186,-0.365869,0.592997,0.311059,-0.713128,0.149181,0.361292,-0.644453,-0.0540198,0.228405,-0.0813028,0.854778
147.88,0,,39.7472,-11.4766,0.636461,0.76921,-3.99653,-5.51694,14.2959,19.1783,-54.2925,37.8734,-2.96446,-12.5847,6.62561,3.86505,-2.5139,-2.5139,-0.620326,0.620326,-134.482,134.482,139.255,186.864,158.284,177.126,-39.5355,42.7859,337.415,22.9548,-214.356,275.878,734.348,196.762,0,-531.734,429.703,-354.862,-112.265,432.041,360.36,-133.295,45.9003,509.785,-304.219,168.462,601.086,-318.881,162.557,-0.345104,-0.515825,-0.414869,0.57175,0.110175,0.774521,0.678688,0.225721,0.697549,0.418851,-0.375757,0.576271,0.313302,-0.711017,0.146915,0.361715,-0.642004,-0.0582308,0.233965,-0.0854555,0.853517
147.89,0,,40.1401,-11.5129,0.165571,1.13645,-4.82271,-4.88632,15.51,19.2376,-57.5041,37.6756,-2.21817,-11.9942,7.01157,3.75433,-2.79998,-2.79998,-0.449486,0.449486,-134.355,134.355,134.475,186.058,155.571,177.543,-37.3644,42.6193,262.199,107.429,-151.362,53.7363,257.31,-39.0541,-109.877,-299.276,341.811,-450.613,-240.157,218.349,306.627,-156.755,91.3147,435.552,-383.294,123.526,-191.888,-456.096,-240.655,-0.342185,-0.515169,-0.414638,0.573662,0.113658,0.772716,0.682581,0.214485,0.697474,0.447657,-0.386923,0.556611,0.314588,-0.708829,0.144232,0.361289,-0.639566,-0.062748,0.236824,-0.0897245,0.852627
147.9,0,,40.2711,-11.5402,-0.18228,1.53673,-5.66863,-4.1727,16.379,19.2463,-60.8658,37.237,-1.41264,-11.8432,7.35379,3.44533,-3.04996,-3.04996,-0.281747,0.281747,-134.306,134.306,129.954,185.104,153.192,178.587,-34.9448,42.5265,189.47,139.166,-148.926,-207.539,-274.413,-223.157,-230.437,-223.659,25.8573,-385.147,-559.17,573.295,200.684,-176.749,86.9164,338.365,-457.03,104.996,-366.228,-167.512,-76.6192,-0.339491,-0.514548,-0.414202,0.575292,0.113288,0.771716,0.686541,0.203802,0.696917,0.476217,-0.397417,0.535912,0.315019,-0.706458,0.141304,0.359765,-0.63725,-0.0672042,0.243422,-0.0909475,0.851122
147.91,0,,40.1007,-11.5561,-0.370256,1.97343,-6.37027,-3.40457,16.8092,19.1718,-64.2777,36.5313,-0.488648,-11.8377,7.68828,3.15693,-3.29092,-3.29092,-0.133296,0.133296,-134.383,134.383,125.734,183.953,151.017,179.999,-32.5225,42.2863,159.663,144.037,-193.348,-455.104,-548.826,-296.888,-306.661,-360.388,-192.388,-134.297,-666.046,109.95,93.2606,-180.641,104.97,244.653,-500.004,43.4669,-260.279,80.1297,-26.3286,-0.336936,-0.513949,-0.413845,0.576893,0.109506,0.77155,0.690105,0.195019,0.696026,0.504361,-0.405662,0.516141,0.314775,-0.704018,0.138191,0.357066,-0.635028,-0.0712911,0.252143,-0.0916162,0.848777
147.92,0,,39.6514,-11.5345,-0.467092,2.45757,-6.90791,-2.66493,16.8223,19.0095,-67.8504,35.7069,0.944719,-11.7223,8.14114,3.00758,-3.5563,-3.5563,-0.000344434,0.000344434,-134.57,134.57,121.536,182.761,148.506,-178.675,-30.1985,41.8331,75.6926,155.254,-79.6033,-505.847,-554.175,-262.687,-290.516,-525.836,-277.812,-188.444,-192.377,-342.787,34.1589,-168.432,101.569,158.679,-466.772,-46.3731,-210.913,304.142,-74.6963,-0.334433,-0.513217,-0.413906,0.579383,0.10395,0.771474,0.693166,0.18788,0.695059,0.534255,-0.409435,0.498243,0.313983,-0.701578,0.135017,0.353592,-0.633085,-0.0747103,0.260324,-0.0933871,0.845977
147.93,0,,38.9965,-11.4936,-0.538105,2.99763,-7.28031,-2.07644,16.5821,18.8801,-71.3624,34.8693,1.63179,-11.6756,8.03822,2.96896,-3.81955,-3.81955,0.101608,-0.101608,-134.806,134.806,117.861,181.569,147.072,-177.346,-27.5358,41.3363,-40.0265,163.079,79.6033,-391.125,-396.945,-262.687,-229.955,-533.185,-331.546,424.304,315.42,298.289,-12.2177,-185.547,68.8376,146.465,-382.827,-115.714,84.9557,688.999,-325.705,-0.332246,-0.51244,-0.414408,0.582964,0.0981475,0.770958,0.695723,0.181958,0.694197,0.559972,-0.417141,0.476898,0.312449,-0.69912,0.131779,0.350554,-0.631156,-0.0775821,0.268628,-0.0952191,0.842872
147.94,0,,38.2473,-11.4073,-0.639878,3.5775,-7.5405,-1.60565,16.2633,18.9218,-74.9566,33.8536,1.88352,-12.008,7.64454,2.75523,-4.08121,-4.08121,0.160506,-0.160506,-135.097,135.097,114.4,180.073,146.303,-175.406,-24.5782,41.096,-145.492,167.47,209.958,-137.204,-181.159,-318.366,-96.7049,-214.86,-379.391,625.903,-130.407,138.667,-51.2806,-191.891,6.8275,198.217,-369.614,-44.4356,1347.65,391.056,679.662,-0.330393,-0.511673,-0.415418,0.587308,0.0927167,0.769872,0.698388,0.176337,0.693078,0.583771,-0.427086,0.452234,0.309944,-0.696856,0.128604,0.348287,-0.628577,-0.0806321,0.280963,-0.0951601,0.839472
147.95,0,,37.5558,-11.2018,-0.811905,4.16161,-7.82905,-1.15963,16.0362,19.1959,-78.3649,33.3622,2.49951,-11.747,7.71144,2.38186,-4.37657,-4.37657,0.210794,-0.210794,-135.449,135.449,110.975,179.128,145.424,-174.385,-21.9484,40.935,-233.891,118.646,388.687,206.068,-21.9587,-267.097,208.992,109.364,-341.306,982.906,-23.3511,-30.2687,-66.8804,-191.412,-34.6745,206.062,-452.626,-8.78088,2178.18,-133.355,-56.2071,-0.328636,-0.510656,-0.417021,0.592131,0.0883222,0.768165,0.701936,0.169563,0.691254,0.607022,-0.434651,0.430134,0.306424,-0.695008,0.125683,0.346459,-0.625165,-0.0844784,0.287795,-0.096074,0.838114
147.96,0,,36.9361,-10.9214,-1.08343,4.72751,-8.16692,-0.743355,16.0035,19.7156,-81.2117,34.2295,3.52419,-10.0387,8.5554,1.82309,-4.6669,-4.6669,0.224227,-0.224227,-135.872,135.872,107.713,179.794,144.43,-175.923,-20.0941,40.7766,-322.767,-2.91426,481.453,515.144,39.0611,-291.494,485.854,103.562,-363.742,1340.21,53.7076,25.3533,-43.9246,-180.641,-70.3207,165.523,-677.704,-44.9356,-805.111,251.502,-989.245,-0.327041,-0.509727,-0.418842,0.597187,0.0851468,0.765894,0.706521,0.161447,0.688576,0.627858,-0.439793,0.414523,0.302021,-0.693585,0.123116,0.345424,-0.621262,-0.089179,0.278818,-0.099857,0.841887
147.97,0,,36.4348,-10.5456,-1.42862,5.23368,-8.34572,-0.446013,16.141,20.4986,-83.5506,34.5131,4.43633,-9.57176,9.39937,1.40852,-4.91184,-4.91184,0.225949,-0.225949,-136.333,136.333,104.848,179.489,143.661,-175.703,-18.6685,40.5637,-305.666,-92.2983,378.406,505.374,-14.6391,-399.9,253.409,-90.7981,-460.44,1292.49,446.366,254.826,-39.5702,-199.729,-93.2581,171.367,-988.263,-107.902,-514.163,-53.2248,617.243,-0.325697,-0.508931,-0.420366,0.602074,0.0832551,0.763274,0.710287,0.154607,0.68636,0.645349,-0.443864,0.402481,0.296955,-0.692489,0.121468,0.345915,-0.617484,-0.0941852,0.28059,-0.100529,0.842197
147.98,0,,36.1081,-10.0142,-1.8152,5.61786,-8.453,-0.454686,16.4031,21.5249,-85.1278,34.6945,4.24679,-9.374,9.19352,1.37762,-5.11697,-5.11697,0.28278,-0.28278,-136.805,136.805,103.176,178.832,144.26,-175.236,-16.9644,40.1651,-281.241,-219.728,312.976,246.095,-139.142,-388.194,8.27293,-236.81,-288.581,1106.8,92.686,105.552,-48.3213,-262.698,-76.1765,236.334,-1269.06,-209.46,557.624,-104.929,166.551,-0.324657,-0.50783,-0.421523,0.60667,0.08222,0.760367,0.712876,0.148875,0.685043,0.655314,-0.4512,0.386742,0.291517,-0.691803,0.121038,0.348963,-0.613996,-0.0984567,0.284075,-0.102851,0.84136
147.99,0,,35.9419,-9.31252,-2.18926,5.86099,-8.57878,-0.867248,16.8048,22.8364,-86.3115,35.5354,3.42942,-9.17351,8.43962,1.53984,-5.27938,-5.27938,0.398166,-0.398166,-137.311,137.311,102.123,178.807,145.655,-175.571,-15.091,39.7393,-251.469,-269.549,263.68,-50.2695,-181.652,-291.494,-114.295,-361.355,-68.822,1115.67,-281.291,17.5921,-64.4707,-374.026,-24.9063,343.261,-1388.64,-316.393,28.3732,-26.32,-245.093,-0.32381,-0.506499,-0.422082,0.610677,0.0817898,0.757532,0.714875,0.143622,0.684173,0.661289,-0.460229,0.368671,0.286029,-0.691512,0.122261,0.355547,-0.611114,-0.101568,0.282425,-0.104986,0.84227
148,0,,35.8123,-8.44394,-2.55685,5.95079,-8.77115,-1.77042,17.2787,24.3956,-87.034,36.5709,3.04442,-9.63767,7.83752,1.91836,-5.40119,-5.40119,0.577271,-0.577271,-137.871,137.871,101.357,178.823,146.732,-175.67,-13.5344,39.3625,-228.509,-283.682,234.383,-148.445,-202.625,-160.658,-106.906,-419.47,8.30127,1227.94,-411.16,28.7165,-99.1369,-503.428,33.7028,428.708,-1323.71,-342.298,13.6126,58.6058,104.427,-0.323211,-0.504869,-0.422097,0.614728,0.0813045,0.754508,0.717081,0.138069,0.683083,0.666775,-0.465168,0.354629,0.281196,-0.691546,0.125553,0.366043,-0.608729,-0.102971,0.282119,-0.104986,0.843245
148.01,0,,35.6137,-7.42095,-2.85534,5.88852,-8.93392,-3.03908,17.6695,26.2137,-87.2271,37.7448,3.04146,-10.3545,7.42841,2.68828,-5.4954,-5.4954,0.801498,-0.801498,-138.47,138.47,100.996,178.758,147.435,-175.78,-12.341,38.792,-195.329,-227.033,225.112,-104.479,-220.713,-130.868,-26.3449,-408.736,54.6874,1397.42,-365.176,85.3733,-116.216,-584.472,79.5775,432.13,-1101.1,-262.208,174.34,-111.363,39.4929,-0.322712,-0.503082,-0.421595,0.618883,0.0803895,0.751584,0.719746,0.133243,0.681293,0.671605,-0.4656,0.345538,0.277359,-0.691932,0.131111,0.379789,-0.606368,-0.103157,0.281809,-0.105961,0.843779
148.02,0,,35.2955,-6.22651,-3.05319,5.72545,-9.01284,-4.50845,17.8551,28.3256,-86.9767,39.2255,3.10662,-11.2719,7.04245,3.5921,-5.59332,-5.59332,1.05707,-1.05707,-139.107,139.107,101.048,178.823,148.006,-175.956,-11.418,38.1477,-180.647,-174.297,219.229,-21.0113,-213.886,-119.637,84.0144,-362.322,126.482,1200.72,-467.202,134.786,-116.216,-584.952,82.5182,349.631,-821.773,-178.211,6.39628,-140.607,-10.206,-0.322235,-0.501085,-0.420938,0.623324,0.0789837,0.748819,0.722263,0.129645,0.679354,0.674967,-0.463529,0.339925,0.274431,-0.692548,0.138925,0.395654,-0.603553,-0.103217,0.280964,-0.106331,0.844358
148.03,0,,34.8673,-4.85836,-3.1523,5.49333,-9.0708,-6.07693,17.8617,30.7402,-86.1649,40.8512,3.34354,-12.4035,6.59731,4.55515,-5.7069,-5.7069,1.31126,-1.31126,-139.766,139.766,101.622,178.84,148.407,-176.033,-10.7735,37.4434,-156.257,-114.734,196.765,89.3505,-212.9,-123.539,102.568,-364.256,209.495,359.45,-663.531,609.255,-87.8916,-510.733,93.2581,261.71,-520.49,-144.056,15.5807,-131.834,43.4866,-0.321795,-0.498989,-0.420433,0.627842,0.0770305,0.746317,-0.72441,-0.126534,-0.677654,0.676444,-0.458593,0.338161,0.271869,-0.693467,0.148753,0.412806,-0.600501,-0.103766,0.280654,-0.106634,0.844524
148.04,0,,34.342,-3.35623,-3.17737,5.20403,-9.13492,-7.6516,17.7197,33.3631,-83.8439,42.5528,4.04541,-13.7246,5.77393,5.48214,-5.84118,-5.84118,1.53411,-1.53411,-140.453,140.453,103.736,178.815,148.468,-176.033,-10.5359,36.6982,-118.172,-72.7368,212.394,171.4,-203.118,-124.523,2.89151,-356.907,204.615,-203.74,-913.029,375.125,0,-354.511,60.5525,236.808,-221.208,-95.7147,5.41224,-55.6814,87.4168,-0.321377,-0.49693,-0.420263,0.632279,0.0743427,0.744098,-0.726232,-0.12348,-0.676242,0.672891,-0.446132,0.343953,0.269427,-0.694747,0.160106,0.430259,-0.597688,-0.104925,0.280772,-0.106876,0.84433
148.05,0,,33.7378,-1.8155,-3.19218,4.8999,-9.20151,-9.08504,17.5079,36.0496,-81.3047,44.228,5.79566,-15.0264,5.60154,6.33446,-5.97838,-5.97838,1.68222,-1.68222,-141.134,141.134,105.769,178.782,147.473,-176.066,-10.9455,35.8765,-82.5057,-56.1694,198.726,192.884,-195.798,-107.899,-4.8995,-299.759,163.109,908.262,-916.981,-38.0299,131.816,-188.959,2.94068,237.282,54.7181,-54.1852,18.0408,-125.517,-15.6788,-0.32099,-0.495249,-0.420418,0.636566,0.0712314,0.74204,-0.728021,-0.120248,-0.674856,0.67149,-0.427578,0.3572,0.26729,-0.696149,0.172618,0.446625,-0.595317,-0.106697,0.28065,-0.107731,0.84378
148.06,0,,33.0787,-0.320182,-3.20964,4.63347,-9.2163,-10.2843,17.2656,38.6286,-82.56,45.7581,7.17868,-16.2981,6.92151,6.97048,-6.09727,-6.09727,1.74421,-1.74421,-141.826,141.826,103.721,178.791,146.441,-176.038,-11.0001,35.0902,-47.3505,-31.7375,182.621,146.501,-200.162,-109.866,42.4891,-237.293,28.8301,646.399,50.2947,2527.83,242.199,-23.9398,-59.0694,258.288,310.559,28.8113,-16.5647,-76.1525,9.76229,-0.320758,-0.494047,-0.420862,0.64058,0.0679338,0.740131,-0.729777,-0.117194,-0.673438,0.684557,-0.424651,0.358606,0.265828,-0.697195,0.185988,0.4606,-0.593421,-0.108832,0.280782,-0.107796,0.843139
148.07,0,,32.3774,1.08771,-3.23129,4.43439,-9.16698,-11.1454,17.0035,41.0541,-83.5363,47.0508,6.08589,-17.3665,7.1042,7.41081,-6.18166,-6.18166,1.72837,-1.72837,-142.496,142.496,102.469,178.774,147.979,-175.961,-10.2546,34.2904,-44.9319,-21.4777,154.304,77.1639,-218.249,-132.803,29.7986,-176.278,-33.7099,1017.17,-550.727,955.146,319.817,124.497,-88.374,295.878,453.093,43.9357,5.41224,-18.5995,34.168,-0.320695,-0.493373,-0.421409,0.644268,0.0645794,0.73839,-0.731242,-0.11463,-0.672217,0.68729,-0.435568,0.348284,0.265096,-0.697563,0.199966,0.471511,-0.591877,-0.111637,0.281208,-0.107796,0.842221
148.08,0,,31.6352,2.42521,-3.23965,4.30266,-9.0412,-11.6979,16.7109,43.3876,-83.0141,48.195,5.7542,-18.152,7.47987,7.67088,-6.23181,-6.23181,1.67464,-1.67464,-143.145,143.145,102.506,178.774,148.72,-175.901,-10.3611,33.4878,-70.7873,-16.1283,122.064,50.2695,-242.671,-156.724,-3.45375,-201.129,-63.4935,544.529,-953.624,132.199,368.646,274.428,-75.6907,245.126,454.094,71.7782,3.44415,-39.5385,25.8849,-0.320885,-0.492956,-0.422028,0.647791,0.0611596,0.736723,-0.732706,-0.112616,-0.670874,0.686135,-0.437525,0.349324,0.26485,-0.697131,0.214248,0.479783,-0.590329,-0.11549,0.281443,-0.107975,0.841154
148.09,0,,30.8367,3.71161,-3.21268,4.25395,-8.8513,-11.9482,16.3681,45.6793,-81.9305,49.2239,7.09576,-18.7288,8.87189,7.7404,-6.2427,-6.2427,1.60506,-1.60506,-143.765,143.765,102.631,178.774,147.611,-175.84,-11.6555,32.6715,-102.059,-41.5183,113.774,23.9003,-258.788,-151.87,-11.7267,-292.991,-129.904,-331.918,-262.251,482.488,363.277,383.783,-9.76819,191.426,364.276,70.8095,-8.85639,12.7506,25.4411,-0.321252,-0.492774,-0.422456,0.651229,0.0578653,0.735158,-0.734094,-0.111332,-0.669455,0.68817,-0.42826,0.364594,0.264116,-0.695969,0.228164,0.485868,-0.588962,-0.120612,0.281686,-0.108219,0.839931
148.1,0,,30.0044,4.97076,-3.15078,4.24548,-8.51343,-11.8516,16.0275,47.9645,-80.9971,50.1571,7.92794,-19.0172,10.1841,7.64513,-6.20767,-6.20767,1.55409,-1.55409,-144.359,144.359,102.631,178.782,146.803,-175.802,-12.8544,31.8034,-124.508,-58.0857,95.2031,15.1281,-235.352,-141.115,0,-395.489,-117.171,-376.582,33.7693,951.266,293.437,408.202,51.7561,178.685,296.412,69.3408,-9.84043,-56.1493,43.4866,-0.321865,-0.492655,-0.42252,0.654701,0.0548738,0.733563,-0.735323,-0.111272,-0.667937,0.689498,-0.421414,0.377832,0.262157,-0.694427,0.24116,0.489659,-0.587506,-0.127206,0.281698,-0.108712,0.838503
148.11,0,,29.1749,6.2197,-3.02357,4.2404,-7.99305,-11.4254,15.7065,50.2036,-80.2496,50.9486,7.57256,-18.9925,10.8171,7.38763,-6.12911,-6.12911,1.56166,-1.56166,-144.732,144.732,102.646,178.782,146.809,-175.775,-13.4525,31.1237,-148.933,-80.5614,103.998,-9.29749,-226.062,-149.427,-10.2809,-374.506,-131.362,-255.439,23.89,1144.52,213.366,403.297,118.164,163.576,231.952,6.84346,-29.3573,-67.3791,-11.6852,-0.322715,-0.492465,-0.422209,0.657998,0.0522492,0.732099,-0.736298,-0.112676,-0.666349,0.688815,-0.42043,0.383563,0.258681,-0.692847,0.252943,0.491157,-0.585824,-0.13489,0.281626,-0.109318,0.837066
148.12,0,,28.344,7.45387,-2.85496,4.17432,-7.3284,-10.7316,15.3746,52.3265,-79.3484,51.5586,6.52123,-18.781,10.9535,6.97306,-6.01421,-6.01421,1.61298,-1.61298,-145.128,145.128,103.007,178.782,147.408,-175.698,-13.7147,30.4658,-157.721,-96.2106,76.1862,-36.6122,-228.032,-152.346,-26.8268,-188.945,-113.75,-168.865,-157.71,944.28,169.907,387.195,157.723,102.557,169.426,46.873,12.1365,13.2185,-8.28315,-0.323806,-0.492149,-0.421467,0.661344,0.0500509,0.730561,-0.737049,-0.115425,-0.664656,0.686088,-0.421602,0.386138,0.253796,-0.691623,0.26344,0.490693,-0.584083,-0.142892,0.281874,-0.109441,0.835795
148.13,0,,27.4933,8.68805,-2.67344,4.05995,-6.65759,-9.79371,14.9946,54.3112,-78.1432,51.9675,5.48766,-18.4431,10.9741,6.47094,-5.87356,-5.87356,1.69255,-1.69255,-145.518,145.518,103.707,178.782,147.99,-175.61,-14.0287,29.7915,-164.057,-96.2106,78.6228,-53.7363,-207.974,-164.053,-25.381,8.31591,-82.5079,-268.594,-165.075,737.315,123.53,347.633,142.099,69.3366,108.369,38.5609,58.5506,-2.45653,3.84575,-0.324969,-0.491848,-0.420311,0.664847,0.0483436,0.728877,-0.737708,-0.118719,-0.662875,0.682229,-0.421167,0.390159,0.247694,-0.690773,0.273025,0.488475,-0.582838,-0.150882,0.282241,-0.109564,0.834514
148.14,0,,26.5906,9.89497,-2.50103,3.90493,-6.13721,-8.72699,14.5492,56.1008,-76.684,52.2083,4.61994,-18.0037,10.902,5.94564,-5.70903,-5.70903,1.78382,-1.78382,-145.946,145.946,104.752,178.782,148.622,-175.555,-14.3482,29.0599,-157.721,-84.4737,87.8935,-76.1659,-160.186,-172.841,39.5173,166.995,-42.4599,-439.906,-79.5735,745.593,78.6331,337.396,132.331,26.8502,50.7811,28.8113,19.0248,8.77333,-26.9202,-0.326198,-0.491617,-0.418796,0.668715,0.0471812,0.726883,-0.738436,-0.121404,-0.661101,0.67729,-0.419277,0.39535,0.240982,-0.690167,0.281939,0.485028,-0.582021,-0.158156,0.282416,-0.109744,0.833392
148.15,0,,25.6414,11.0849,-2.35255,3.75159,-5.84743,-7.66399,14.0317,57.6863,-75.1319,52.2907,3.72557,-17.556,10.5624,5.47184,-5.53388,-5.53388,1.88095,-1.88095,-146.375,146.375,106.063,178.799,149.555,-175.511,-14.4848,28.3364,-157.721,-69.8226,67.8664,-56.6254,-93.2539,-179.186,31.7263,209.928,-74.7115,-497.418,-116.756,797.852,73.2218,344.701,117.679,-13.1619,8.27445,56.1539,-3.93617,0,-2.51453,-0.327404,-0.491472,-0.417068,0.672931,0.0465101,0.724569,-0.739005,-0.122872,-0.659776,0.670893,-0.418126,0.399264,0.233784,-0.689631,0.290368,0.480913,-0.581624,-0.164129,0.282547,-0.109808,0.832381
148.16,0,,24.6344,12.2498,-2.24014,3.61817,-5.77961,-6.65675,13.4312,59.0746,-73.5368,52.2182,2.846,-17.1687,10.0298,5.04182,-5.35103,-5.35103,1.96465,-1.96465,-146.715,146.715,107.551,178.815,150.671,-175.461,-14.4766,27.7168,-162.593,-47.3468,65.4298,-37.0849,-32.2342,-169.446,-7.30909,106.463,-103.99,-418.492,-224.53,773.534,47.349,319.321,75.6907,-62.4925,-39.0367,106.933,11.1525,29.8293,-1.92287,-0.328514,-0.49155,-0.415251,0.677382,0.0460214,0.721999,-0.739489,-0.123177,-0.658856,0.66324,-0.417684,0.402058,0.226153,-0.689203,0.298364,0.476476,-0.581952,-0.168653,0.282676,-0.109811,0.831546
148.17,0,,23.6162,13.4124,-2.16761,3.52752,-5.81907,-5.70277,12.787,60.2873,-71.8273,51.984,2.09082,-16.8172,9.47913,4.63497,-5.17482,-5.17482,2.04456,-2.04456,-146.88,146.88,109.164,178.823,151.632,-175.428,-14.553,27.3018,-165.522,-31.7375,44.9273,-38.5557,2.46331,-121.096,-33.654,-56.1807,-136.747,-360.98,-259.198,670.827,35.6386,283.225,32.7055,-106.927,-61.9916,132.807,-2.46011,36.614,-3.40201,-0.329491,-0.491734,-0.413542,0.681859,0.0454736,0.719276,-0.739884,-0.122866,-0.658217,0.654628,-0.416826,0.405656,0.218151,-0.688757,0.306047,0.471583,-0.582978,-0.171945,0.282791,-0.109869,0.830855
148.18,0,,22.5952,14.5535,-2.12774,3.4678,-5.83633,-4.81942,12.1538,61.3444,-69.9211,51.6081,1.40079,-16.4711,8.96709,4.27962,-4.99039,-4.99039,2.09967,-2.09967,-147.083,147.083,110.953,178.815,152.582,-175.434,-14.736,26.8705,-167.464,-5.86845,56.6345,-47.8532,44.41,-80.5511,-71.8058,-174.344,-146.955,-396.466,-284.704,620.638,31.2419,258.326,17.0815,-121.089,-41.5057,154.775,-1.96809,30.7651,-4.4374,-0.330465,-0.492096,-0.41183,0.686208,0.04462,0.716484,-0.740264,-0.122686,-0.657558,0.645059,-0.415065,0.410853,0.210033,-0.688207,0.313615,0.466402,-0.584574,-0.174023,0.282717,-0.11023,0.830329
148.19,0,,21.5755,15.6662,-2.10343,3.44196,-5.70686,-4.09093,11.5293,62.215,-67.8826,51.0772,0.657453,-16.191,8.46792,3.97578,-4.79958,-4.79958,2.12826,-2.12826,-147.374,147.374,112.861,178.807,153.571,-175.456,-15.0036,26.4282,-147.468,8.78271,64.4493,-30.7815,62.4977,-49.8091,-89.3155,-228.494,-123.509,-449.084,-316.318,571.742,35.6386,239.238,-19.0505,-129.407,-11.2105,159.181,28.3732,-18.5995,10.206,-0.331613,-0.492506,-0.410351,0.690403,0.0433982,0.713659,-0.740522,-0.123237,-0.656838,0.63467,-0.412859,0.417314,0.201978,-0.687421,0.321126,0.461039,-0.586905,-0.174576,0.282605,-0.110661,0.829992
148.2,0,,20.5334,16.763,-2.04609,3.42798,-5.40228,-3.54085,10.9048,62.9234,-65.7583,50.4078,-0.139191,-16.0097,8.0305,3.7569,-4.60294,-4.60294,2.12309,-2.12309,-147.896,147.896,114.849,178.791,154.686,-175.5,-15.3122,25.814,-135.238,32.2166,54.6734,-10.7683,77.1368,-44.4475,-18.0719,-203.16,-69.8316,-475.086,-306.079,536.558,38.5556,211.939,-42.9596,-132.829,-12.6786,181.149,24.9291,-35.6782,19.9683,-0.333014,-0.49293,-0.409127,0.694323,0.0416289,0.710987,-0.740747,-0.124577,-0.655905,0.623867,-0.410296,0.425006,0.194104,-0.686383,0.328817,0.455662,-0.59001,-0.173536,0.282422,-0.11115,0.829748
148.21,0,,19.4898,17.8484,-1.93634,3.42332,-4.9263,-3.16793,10.3087,63.4585,-63.5731,49.6064,-0.92695,-15.8971,7.65998,3.63845,-4.38507,-4.38507,2.1131,-2.1131,-148.435,148.435,116.815,178.815,155.664,-175.582,-15.7656,25.2353,-124.508,26.3481,37.588,-12.7118,69.8173,-15.6407,47.8705,-121.064,-43.9182,-501.089,-252.911,467.742,44.9393,195.304,-52.2419,-132.303,-30.7623,214.835,-20.5009,-41.5271,-21.4474,-0.334741,-0.493322,-0.408111,0.697841,0.0394302,0.708584,-0.740821,-0.126654,-0.654879,0.613011,-0.407127,0.434045,0.18647,-0.684966,0.336806,0.450109,-0.593858,-0.17079,0.281943,-0.111642,0.829594
148.22,0,,18.4505,18.9407,-1.79242,3.43857,-4.3344,-2.99201,9.7213,63.8313,-61.3057,48.6567,-1.71767,-15.8724,7.32548,3.65133,-4.1733,-4.1733,2.10828,-2.10828,-148.924,148.924,118.774,178.807,156.543,-175.632,-16.3828,24.7466,-107.918,42.9555,36.132,-18.0697,88.3977,-16.1166,77.1872,61.0155,16.0977,-567.473,-219.321,452.996,42.9523,191.412,-42.9596,-142.095,-52.2491,209.46,-8.36437,-46.4401,-3.84575,-0.336627,-0.493557,-0.407432,0.701099,0.0367457,0.706348,-0.740642,-0.129036,-0.653967,0.601724,-0.403835,0.444182,0.179092,-0.683162,0.344999,0.444493,-0.598192,-0.166395,0.281682,-0.112123,0.829358
148.23,0,,17.4308,20.0636,-1.64242,3.48178,-3.72031,-3.03041,9.1361,64.0616,-59.0312,47.5751,-2.46989,-15.9685,7.04245,3.78008,-3.98541,-3.98541,2.0883,-2.0883,-149.5,149.5,120.733,178.815,157.493,-175.626,-17.0464,24.247,-108.395,36.1289,-0.980556,-42.4953,85.4417,-55.6783,48.3525,286.125,54.1826,-528.316,-121.067,491.802,38.0906,203.621,-26.8497,-159.68,-39.0367,204.585,4.92022,34.1575,-10.206,-0.338525,-0.493687,-0.407133,0.704123,0.0338145,0.704245,-0.740264,-0.131231,-0.653285,0.590129,-0.400785,0.454866,0.171703,-0.681073,0.353355,0.438924,-0.602873,-0.160225,0.281754,-0.112128,0.829149
148.24,0,,16.4563,21.216,-1.49014,3.52795,-3.26406,-3.22245,8.56618,64.1164,-56.7209,46.3615,-3.08292,-16.0784,6.90865,4.06848,-3.82141,-3.82141,2.07797,-2.07797,-150.143,150.143,122.736,178.823,158.542,-175.643,-17.7482,23.671,-112.313,14.6512,-18.5414,-57.6234,75.6589,-75.1895,-14.1363,395.006,77.1233,-450.307,-29.8176,478.09,17.0795,221.696,-23.4488,-202.166,-10.2763,196.304,12.1365,10.294,-6.36028,-0.340342,-0.493666,-0.406933,0.706972,0.0307645,0.702211,-0.739977,-0.132333,-0.652814,0.578041,-0.397914,0.466156,0.164437,-0.678747,0.361836,0.433207,-0.607845,-0.152236,0.281624,-0.112247,0.828943
148.25,0,,15.5507,22.4093,-1.34773,3.57073,-3.03593,-3.53589,7.99409,63.998,-54.2889,45.0227,-3.53603,-16.191,6.96526,4.44957,-3.70862,-3.70862,2.08417,-2.08417,-150.962,150.962,124.931,178.856,159.817,-175.681,-18.4228,22.9667,-128.425,-4.87041,-12.6878,-89.3505,69.3246,-63.9587,-48.8344,286.609,73.2531,-461.932,44.906,434.11,-11.7104,246.596,-17.0815,-233.386,39.5706,184.555,-7.38032,7.8375,-40.5283,-0.342003,-0.493319,-0.406949,0.709704,0.0274677,0.700182,-0.740013,-0.131962,-0.652486,0.564806,-0.394992,0.478312,0.1573,-0.676261,0.370268,0.427199,-0.612997,-0.142705,0.281382,-0.112247,0.828885
148.26,0,,14.6987,23.589,-1.22469,3.6008,-2.97304,-3.92739,7.48094,63.6931,-51.7426,43.552,-3.90622,-16.3146,7.15309,4.92852,-3.60407,-3.60407,2.10587,-2.10587,-151.648,151.648,127.199,178.889,161.064,-175.703,-19.182,22.388,-143.55,-36.1289,6.35876,-93.2375,62.0051,-56.1542,0,112.748,-11.2179,-483.346,91.7879,434.11,-41.0076,254.38,-23.4488,-251.444,87.8827,168.93,6.8883,-34.1575,-2.51453,-0.343642,-0.492879,-0.40706,0.712314,0.0241711,0.698153,-0.740292,-0.13032,-0.652272,0.550643,-0.392122,0.490884,0.1504,-0.673687,0.378564,0.420736,-0.618377,-0.131842,0.281203,-0.112188,0.828776
148.27,0,,13.903,24.7357,-1.12254,3.61817,-2.88549,-4.3635,7.03768,63.1865,-49.114,41.9625,-4.36822,-16.4272,7.29203,5.44094,-3.56373,-3.56373,2.0604,-2.0604,-153.335,153.335,129.828,178.947,163.245,-175.736,-19.2584,20.8592,-154.281,-70.8206,16.61,-58.5689,44.41,-30.2662,44.4168,29.2991,-111.338,-445.719,135.796,426.349,-58.0871,271.015,-28.3329,-238.282,121.581,150.869,-70.3591,0,-31.8014,-0.345173,-0.492337,-0.407433,0.714752,0.0208139,0.696197,-0.740456,-0.128425,-0.652195,0.535562,-0.389738,0.503272,0.143929,-0.671119,0.386557,0.413659,-0.623937,-0.119941,0.281018,-0.111943,0.82877
148.28,0,,13.1636,25.853,-1.04317,3.61732,-2.6512,-4.80208,6.649,62.4913,-46.4389,40.2081,-4.99309,-16.4684,7.2766,5.97397,-3.5364,-3.5364,2.02803,-2.02803,-155.049,155.049,132.524,178.963,165.497,-175.747,-19.1601,19.3332,-149.886,-90.3422,19.522,-40.5518,26.3926,-13.1978,-15.1001,-22.4336,-118.63,-357.921,163.997,437.473,-73.7291,296.395,-36.6179,-218.75,166.49,108.902,-52.8103,31.701,43.9303,-0.346701,-0.491669,-0.407862,0.71714,0.017518,0.694189,-0.740453,-0.127325,-0.652009,0.519807,-0.387597,0.51529,0.137888,-0.668442,0.394375,0.405716,-0.629419,-0.107182,0.28109,-0.111703,0.828803
148.29,0,,12.4749,26.9361,-0.981273,3.63045,-2.32072,-5.20349,6.29089,61.647,-43.7244,38.3285,-5.69793,-16.3777,7.13508,6.50184,-3.53746,-3.53746,1.9743,-1.9743,-157.076,157.076,135.366,178.963,167.964,-175.769,-18.6877,17.5014,-132.82,-103.037,5.85362,-39.081,5.84157,-33.6925,-39.9992,-20.0162,-97.6521,-264.617,226.506,396.598,-99.602,310.044,-57.126,-216.802,213.868,75.6843,21.4849,33.6896,-15.6788,-0.348053,-0.491009,-0.408299,0.719403,0.0145272,0.692241,-0.740342,-0.1269,-0.651713,0.50345,-0.385278,0.527194,0.132149,-0.665691,0.40188,0.396881,-0.63457,-0.0940013,0.281264,-0.111639,0.828899
148.3,0,,11.8074,27.9693,-0.923551,3.64189,-1.96559,-5.52932,5.96554,60.6448,-40.9241,36.3598,-6.38796,-16.1031,6.8752,6.99623,-3.54595,-3.54595,1.91988,-1.91988,-159.311,159.311,138.334,178.98,170.49,-175.851,-17.8411,15.4513,-131.355,-112.299,21.0077,-76.6386,-1.97065,-40.0376,-31.7263,9.28287,-61.5304,-191.503,255.425,379.006,-119.641,336.436,-65.9225,-252.918,256.842,68.8409,-7.38032,-20.939,-21.4474,-0.349321,-0.49038,-0.408528,0.721642,0.0118412,0.690269,-0.740257,-0.126713,-0.651265,0.486541,-0.382225,0.538973,0.126842,-0.662837,0.409153,0.386983,-0.639316,-0.0804486,0.281023,-0.111701,0.829212
148.31,0,,11.1399,28.9401,-0.887095,3.64951,-1.60675,-5.73499,5.67731,59.5176,-38.0273,34.2724,-7.03061,-15.7048,6.45836,7.38248,-3.53825,-3.53825,1.87338,-1.87338,-161.382,161.382,141.346,178.988,172.781,-175.895,-16.847,13.584,-125.496,-124.036,36.6074,-52.2656,-8.30488,-47.3662,-17.59,39.5489,-28.8301,-148.981,265.664,332.956,-147.966,347.153,-74.2075,-301.248,281.732,52.7478,-10.6605,5.38097,-1.03539,-0.350541,-0.48989,-0.408588,0.723918,0.00946098,0.68821,-0.740202,-0.126531,-0.650721,0.468895,-0.378376,0.550381,0.121834,-0.660018,0.416105,0.375885,-0.643669,-0.0669611,0.28108,-0.111577,0.829628
148.32,0,,10.4667,29.8257,-0.841525,3.64993,-1.26148,-5.8056,5.39563,58.2653,-35.0732,32.0927,-7.53702,-15.1802,5.90516,7.62196,-3.50773,-3.50773,1.84203,-1.84203,-163.107,163.107,144.351,178.988,174.643,-175.923,-15.8775,12.1044,-116.707,-130.383,29.7733,-46.8551,-35.1902,-99.1106,-19.0358,39.5489,-14.6394,-99.1165,294.404,290.01,-140.145,365.708,-68.8376,-342.261,260.712,44.9356,17.0567,-4.91306,6.36028,-0.351762,-0.489525,-0.408589,0.726092,0.00756854,0.686235,-0.740146,-0.126288,-0.650176,0.450774,-0.373315,0.561377,0.117194,-0.657322,0.422568,0.363498,-0.647642,-0.0538379,0.281267,-0.111274,0.830188
148.33,0,,9.7935,30.6194,-0.793677,3.65417,-0.958131,-5.75976,5.12923,56.8859,-32.087,29.8272,-7.89833,-14.5348,5.19242,7.75328,-3.45413,-3.45413,1.81345,-1.81345,-164.673,164.673,147.363,178.98,176.242,-175.95,-14.7633,10.7749,-96.1998,-109.864,-5.3782,-58.5689,-70.8026,-24.4287,10.7628,58.1146,0,-69.7487,329.071,222.229,-131.351,374.985,-64.4649,-348.157,246.565,52.2478,15.5807,-8.30542,-19.0808,-0.352984,-0.489343,-0.408467,0.728125,0.00585967,0.68436,-0.740027,-0.125861,-0.649752,0.43216,-0.367275,0.571575,0.11286,-0.654757,0.428488,0.349933,-0.65134,-0.0409567,0.281445,-0.111028,0.830784
148.34,0,,9.14144,31.3403,-0.75874,3.65544,-0.699176,-5.62844,4.91087,55.3749,-29.0685,27.5023,-8.15005,-13.8372,4.36905,7.78418,-3.40477,-3.40477,1.78072,-1.78072,-166.184,166.184,150.36,178.988,177.654,-175.961,-13.4498,9.49735,-78.6222,-88.8651,-4.39765,-69.3372,-48.3513,-35.1519,22.9714,90.7981,-0.953525,-54.7588,371.103,164.538,-136.72,369.12,-53.2136,-354.475,257.843,43.4669,14.5966,32.1689,10.206,-0.354087,-0.489228,-0.408351,0.730076,0.0043337,0.682527,-0.739971,-0.125007,-0.649329,0.41311,-0.360616,0.580905,0.10871,-0.652504,0.433741,0.335344,-0.654819,-0.0281386,0.28163,-0.11054,0.831401
148.35,0,,8.49502,31.9977,-0.746208,3.65459,-0.472283,-5.48101,4.67941,53.695,-26.093,25.0687,-8.34847,-13.0269,3.42988,7.79448,-3.36894,-3.36894,1.75592,-1.75592,-167.579,167.579,153.284,178.98,178.89,-176.016,-12.0133,8.32349,-68.3686,-76.1701,-21.0077,-73.2243,-13.6538,-46.8904,-3.93567,95.2461,0,-51.6997,359.428,83.5623,-156.252,340.809,-60.0667,-327.625,310.092,32.7174,9.34841,-20.4711,-8.28315,-0.355115,-0.489031,-0.40834,0.732131,0.00323492,0.680555,-0.739893,-0.123905,-0.649008,0.393699,-0.354024,0.589023,0.104741,-0.650543,0.438253,0.319842,-0.658058,-0.0149545,0.281625,-0.110477,0.831997
148.36,0,,7.84156,32.5722,-0.769753,3.6601,-0.309512,-5.31003,4.44577,51.866,-23.2319,22.5691,-8.52913,-12.181,2.42639,7.7507,-3.33418,-3.33418,1.71356,-1.71356,-168.93,168.93,156.053,178.98,-179.983,-176.049,-10.3911,7.17693,-68.3686,-61.0399,-31.2589,-55.6799,31.7415,-32.709,-28.3529,76.1969,20.024,-77.0906,248.6,69.8509,-171.894,322.254,-49.8126,-334.469,312.494,3.40611,31.3254,-0.467911,-19.5246,-0.355976,-0.488979,-0.408347,0.734223,0.0022584,0.678496,-0.739895,-0.122441,-0.648706,0.374409,-0.347979,0.595672,0.100958,-0.648966,0.442044,0.303546,-0.660989,-0.00146493,0.281696,-0.110237,0.832575
148.37,0,,7.20358,33.0707,-0.778867,3.64655,-0.187434,-5.1465,4.26016,49.8856,-20.5461,20.0101,-8.68016,-11.2911,1.42033,7.66058,-3.30286,-3.30286,1.68015,-1.68015,-170.177,170.177,158.565,178.996,-179.022,-176.104,-8.73074,6.15867,-72.763,-47.8658,-38.5685,-58.0962,103.037,-28.8068,-31.2444,66.4306,35.1682,29.6738,123.941,61.5723,-183.604,305.672,-55.1826,-328.151,289.072,19.0305,3.93617,-35.2103,-25.8849,-0.356838,-0.488867,-0.408417,0.736174,0.00134283,0.67654,-0.739973,-0.120429,-0.648415,0.356101,-0.342672,0.600867,0.0973551,-0.647793,0.445087,0.286633,-0.663663,0.0124517,0.281563,-0.109988,0.833274
148.38,0,,6.61068,33.5055,-0.795955,3.60842,-0.0986492,-5.02632,4.10513,47.7912,-18.0498,17.4181,-8.72162,-10.4232,0.499172,7.51123,-3.2888,-3.2888,1.63606,-1.63606,-171.452,171.452,160.84,179.021,-178.247,-176.137,-7.02938,5.1841,-78.1113,-42.4764,-50.3055,-49.7967,163.564,-27.3474,-39.0354,147.462,-11.7227,276.241,86.9381,79.6817,-186.056,298.314,-37.1038,-331.047,256.842,-2.4374,-38.0497,-2.45653,-4.4374,-0.357561,-0.488732,-0.408589,0.737951,0.000244152,0.674715,-0.740022,-0.118169,-0.648221,0.339259,-0.337428,0.60527,0.0940589,-0.647059,0.447528,0.269602,-0.666039,0.0268564,0.281571,-0.109442,0.834215
148.39,0,,6.05439,33.8825,-0.820259,3.55632,-0.053024,-4.99039,3.96538,45.6201,-15.6465,14.8097,-8.65647,-9.54704,-0.259878,7.33871,-3.27553,-3.27553,1.60058,-1.60058,-172.397,172.397,162.976,179.029,-177.747,-176.181,-5.69942,4.59444,-84.9583,-40.0412,-70.3029,-47.8532,194.32,-31.2497,-84.9783,226.56,-39.5432,505.984,96.2785,22.5075,-198.739,271.975,-33.1914,-324.203,234.888,31.7487,1.47606,12.7506,-29.2869,-0.358169,-0.488606,-0.40883,0.739557,-0.00122079,0.673024,-0.740115,-0.115733,-0.648066,0.323376,-0.331738,0.609764,0.0908854,-0.646757,0.449361,0.252821,-0.668004,0.0418113,0.28157,-0.108892,0.835433
148.4,0,,5.52768,34.1993,-0.836968,3.49702,-0.127011,-5.02632,3.83655,43.3766,-13.2647,12.2145,-8.48767,-8.69011,-0.756478,7.13786,-3.26757,-3.26757,1.56752,-1.56752,-173.33,173.33,165.067,179.054,-177.39,-176.225,-4.49236,4.07575,-89.8297,-47.8658,-70.3029,-93.7628,201.64,-28.8068,-104.496,260.211,-108.87,610.301,100.589,-41.3931,-203.601,246.596,-25.878,-309.093,206.06,36.1235,-6.8883,56.1493,-30.3223,-0.358672,-0.488505,-0.40897,0.740995,-0.00329602,0.671473,-0.740339,-0.112739,-0.647988,0.308073,-0.325469,0.614864,0.0878351,-0.64683,0.45059,0.236403,-0.669595,0.0573154,0.281574,-0.1081,0.836969
148.41,0,,5.04321,34.4638,-0.868108,3.43306,-0.34034,-5.14774,3.73392,41.0827,-10.8649,9.67528,-8.30405,-7.81671,-0.957176,6.92671,-3.27367,-3.27367,1.55374,-1.55374,-173.99,173.99,167.122,179.103,-177.181,-176.307,-3.66489,3.8792,-102.059,-47.3468,-60.5568,-125.017,185.03,-18.0518,-66.9063,218.244,-103.542,592.252,90.3509,-91.841,-220.215,229.001,-13.6806,-288.087,177.233,45.4043,34.6055,115.691,0.44374,-0.359036,-0.488318,-0.409088,0.742417,-0.00585974,0.669902,-0.740925,-0.108951,-0.647783,0.29311,-0.318869,0.620585,0.0848459,-0.647331,0.451087,0.220592,-0.67075,0.073246,0.281271,-0.107247,0.838868
148.42,0,,4.53762,34.6421,-0.944438,3.37292,-0.65725,-5.38685,3.62474,38.7536,-8.49382,7.22184,-8.08786,-6.84717,-0.89285,6.83401,-3.262,-3.262,1.54306,-1.54306,-174.402,174.402,169.133,179.177,-177.099,-176.505,-3.22794,3.89285,-100.083,-35.1708,-62.0127,-123.021,188.479,-6.34511,-53.252,94.7627,-109.88,503.537,93.2249,-149.015,-223.639,210.926,-3.91239,-260.763,184.574,20.9991,30.8334,85.3937,-17.158,-0.359322,-0.488293,-0.409128,0.743994,-0.00897261,0.668124,-0.741627,-0.104621,-0.647626,0.278827,-0.31191,0.626933,0.081976,-0.648239,0.450899,0.205701,-0.671427,0.0896661,0.280104,-0.107122,0.840923
148.43,0,,4.02499,34.7465,-1.05608,3.32463,-1.00006,-5.74366,3.52867,36.3895,-6.21927,4.83105,-7.8391,-5.77876,-0.61496,6.84431,-3.24077,-3.24077,1.53824,-1.53824,-174.781,174.781,171.01,179.276,-177.104,-176.802,-2.98216,3.90923,-114.731,-37.1269,-68.3715,-87.8797,210.93,-3.42636,-41.0434,-14.1177,-78.1329,409.621,111.367,-205.672,-236.829,178.242,1.45756,-209.958,214.335,-1.96867,41.0018,84.9258,11.6852,-0.359642,-0.488312,-0.409084,0.745757,-0.0123906,0.666103,-0.742332,-0.100101,-0.647481,0.265883,-0.304704,0.6337,0.0792304,-0.649348,0.450112,0.191606,-0.671566,0.106576,0.278269,-0.107548,0.843108
148.44,0,,3.49124,34.7579,-1.18482,3.26575,-1.27997,-6.21817,3.44351,33.9552,-4.08776,2.46334,-7.59921,-4.57302,-0.18526,6.98078,-3.20494,-3.20494,1.52825,-1.52825,-175.193,175.193,172.719,179.382,-177.154,-177.208,-2.88931,3.8519,-111.802,-32.6957,-67.8664,-41.97,236.337,10.2473,-20.9634,-68.3645,17.5561,335.895,153.399,-242.667,-231.925,135.268,-9.76819,-169.419,245.097,-22.4678,38.5417,3.39235,6.36028,-0.360078,-0.488385,-0.409094,-0.747587,0.016236,-0.663965,-0.743032,-0.0957707,-0.6472,0.254584,-0.297554,0.640764,0.0769693,-0.650607,0.448876,0.178047,-0.67111,0.124029,0.275769,-0.108769,0.845252
148.45,0,,2.95889,34.7193,-1.31355,3.21577,-1.50317,-6.78188,3.4042,31.4968,-2.16011,0.108822,-7.38302,-3.31784,0.352508,7.22283,-3.15983,-3.15983,1.50139,-1.50139,-175.758,175.758,174.177,179.481,-177.209,-177.62,-2.7828,3.58164,-111.802,-32.2166,-82.5153,2.4163,261.744,27.3474,12.6905,-77.6474,78.1329,349.967,188.965,-239.304,-223.132,106.423,-13.6806,-134.304,292.475,-18.5617,10.3325,-58.6058,-7.83941,-0.360552,-0.488548,-0.409138,-0.74931,0.0204479,-0.661903,-0.743629,-0.0915574,-0.646884,0.245321,-0.290979,0.647698,0.0751378,-0.651764,0.447592,0.164866,-0.670026,0.141855,0.273207,-0.110174,0.847148
148.46,0,,2.41809,34.6114,-1.45292,3.18739,-1.6721,-7.41992,3.39983,29.0186,-0.447043,-2.2358,-7.21422,-2.06541,0.970041,7.48806,-3.10251,-3.10251,1.44835,-1.44835,-176.5,176.5,175.4,179.572,-177.247,-177.966,-2.60802,3.12574,-108.872,-40.9993,-99.6007,16.5989,231.411,48.3497,42.971,-26.3982,109.88,432.564,239.798,-225.592,-213.366,82.0564,-26.3639,-140.621,333.514,-15.1244,7.38032,-50.3004,8.72689,-0.36104,-0.488853,-0.409259,-0.750947,0.0252696,-0.659878,-0.744161,-0.0874658,-0.646502,0.237923,-0.285227,0.654381,0.0741023,-0.652638,0.446384,0.151987,-0.668254,0.1598,0.271065,-0.11127,0.84884
148.47,0,,1.91673,34.4752,-1.56267,3.17511,-1.82254,-8.09266,3.47189,26.5712,1.18735,-4.56064,-7.11945,-0.804742,1.66991,7.80478,-3.04439,-3.04439,1.3984,-1.3984,-177.198,177.198,176.49,179.629,-177.253,-178.263,-2.5616,2.66166,-97.1536,-46.3887,-118.172,1.47079,166.027,76.173,51.7259,28.8156,116.218,507.208,317.396,-265.175,-203.601,58.5965,-43.4454,-174.789,373.018,2.93738,-18.5328,-82.0014,22.4828,-0.361483,-0.48918,-0.409339,-0.752297,0.0305802,-0.658115,-0.744701,-0.0833142,-0.646006,0.231462,-0.28011,0.66118,0.0738559,-0.653106,0.445516,0.13953,-0.665848,0.177617,0.2693,-0.112371,0.850199
148.48,0,,1.42382,34.3105,-1.70014,3.20899,-1.95079,-8.76292,3.58107,24.1719,2.76809,-6.83271,-7.17572,0.417477,2.42382,8.10863,-2.97804,-2.97804,1.33503,-1.33503,-177.747,177.747,177.499,179.687,-177.154,-178.499,-2.73365,2.29858,-104.989,-73.7349,-122.064,-14.1826,57.1488,102.061,88.8336,56.6642,140.617,587.051,397.867,-301.394,-215.818,43.4542,-48.8154,-184.108,420.395,17.093,-74.7873,-59.0737,-37.1263,-0.361779,-0.489656,-0.40945,0.753605,-0.0364382,0.656315,-0.745276,-0.0792276,-0.645357,0.225354,-0.276016,0.668188,0.0743459,-0.653121,0.444977,0.127328,-0.66301,0.19496,0.267838,-0.113166,0.851306
148.49,0,,0.922453,34.105,-1.85242,3.27126,-2.09013,-9.39601,3.69025,21.8276,4.3095,-9.04213,-7.42449,1.56554,3.21632,8.31205,-2.90294,-2.90294,1.26063,-1.26063,-178.186,178.186,178.471,179.736,-176.857,-178.648,-3.03678,2.05835,-78.6222,-84.9528,-125.987,14.1826,-20.9733,111.801,44.8987,122.031,51.266,704.217,426.787,-319.762,-212.394,33.2171,-34.1887,-177.738,442.883,-0.968709,-76.5914,33.2217,58.13,-0.361962,-0.490266,-0.409572,0.754882,-0.0425449,0.654471,-0.745633,-0.075076,-0.644921,0.218945,-0.273574,0.67533,0.0756241,-0.652784,0.444711,0.115304,-0.659842,0.211565,0.266922,-0.11341,0.852342
148.5,0,,0.404189,33.8825,-2.03242,3.37419,-2.22207,-9.94114,3.77978,19.5906,5.86521,-11.2285,-7.9161,2.72733,4.00624,8.4511,-2.82413,-2.82413,1.17004,-1.17004,-178.351,178.351,179.45,179.703,-176.341,-178.823,-3.62392,2.02559,-78.1113,-95.6917,-119.628,35.1414,-20.9733,106.439,41.0434,116.229,40.5528,787.732,418.524,-334.508,-214.846,26.3924,-31.7338,-152.835,459.966,13.6869,1.96809,-43.9836,51.326,-0.361891,-0.491046,-0.409744,0.756189,-0.0483414,0.652548,-0.745951,-0.0711098,-0.644444,0.21181,-0.272728,0.682737,0.0773348,-0.652249,0.444599,0.103459,-0.656584,0.226939,0.266312,-0.114448,0.853078
148.51,0,,-0.150691,33.6293,-2.23407,3.52667,-2.40334,-10.3884,3.83655,17.4678,7.48172,-13.2862,-8.61501,3.81772,4.85021,8.46913,-2.73523,-2.73523,1.05603,-1.05603,-178.263,178.263,180.489,179.67,-175.654,-178.972,-4.47324,2.22488,-78.6222,-100.083,-105.959,56.6254,-23.9293,65.4181,58.0712,-38.5819,20.5288,828.724,397.508,-419.881,-213.366,41.4814,-12.1974,-130.881,482.921,-26.8426,-7.87234,-30.7651,-5.32488,-0.361595,-0.492035,-0.409999,0.757521,-0.0535899,0.650586,-0.74643,-0.0669584,-0.643826,0.203869,-0.272843,0.690469,0.0794713,-0.651518,0.444539,0.0918048,-0.653315,0.240865,0.265821,-0.115301,0.853739
148.52,0,,-0.754862,33.3023,-2.43571,3.71898,-2.57598,-10.6981,3.91516,15.4721,9.15902,-15.2219,-9.385,4.80098,5.66586,8.31978,-2.60466,-2.60466,0.916194,-0.916194,-178.038,178.038,181.564,179.604,-174.88,-179.087,-5.44545,2.56065,-76.1695,-93.7355,-91.786,7.8267,-58.6268,9.77147,75.1792,-129.38,-34.6634,881.342,388.168,-469.294,-192.863,50.2789,26.3639,-136.725,496.067,-47.373,-24.9291,-45.8553,44.9657,-0.361224,-0.493432,-0.410176,0.758756,-0.0580465,0.648766,-0.746796,-0.0628077,-0.643215,0.195574,-0.273279,0.698304,0.0820352,-0.650666,0.44448,0.0803261,-0.650239,0.253064,0.265755,-0.116092,0.854335
148.53,0,,-1.40833,32.8901,-2.66394,3.95575,-2.64503,-10.8356,4.01997,13.5773,10.8757,-17.0818,-10.1165,5.64143,6.31685,8.01078,-2.41943,-2.41943,0.743633,-0.743633,-177.709,177.709,182.676,179.481,-174.089,-179.153,-6.45588,2.96741,-69.3225,-85.4319,-105.454,-50.7948,-114.227,24.9045,38.5535,-124.062,-45.4326,976.482,345.776,-513.275,-155.744,52.7315,38.5869,-154.783,480.452,-82.0278,-20.0089,-61.9982,47.924,-0.360803,-0.495334,-0.410245,0.75999,-0.0615268,0.647008,-0.746899,-0.0592661,-0.642588,0.187079,-0.273569,0.705895,0.0847841,-0.649828,0.444247,0.068729,-0.647615,0.263502,0.266246,-0.116948,0.854709
148.54,0,,-2.12798,32.3849,-2.9442,4.21286,-2.61544,-10.8542,4.10731,11.7504,12.6388,-18.8262,-10.6288,6.33082,6.81859,7.59363,-2.19492,-2.19492,0.544206,-0.544206,-177.247,177.247,183.832,179.341,-173.479,-179.175,-7.55371,3.49701,-38.0848,-60.5608,-113.269,-61.0378,-128.444,35.1519,42.4891,-48.3483,-56.1458,1051.74,346.136,-577.693,-132.324,20.5274,55.6684,-164.049,393.57,-151.369,-22.469,-36.1461,2.51453,-0.360375,-0.49759,-0.410304,0.76143,-0.0644545,0.645034,-0.746854,-0.0563375,-0.64187,0.178777,-0.272102,0.713215,0.0878333,-0.649136,0.443683,0.0573171,-0.645443,0.272485,0.267046,-0.117622,0.854975
148.55,0,,-2.89833,31.8206,-3.24382,4.45345,-2.51432,-10.7787,4.17937,9.99818,14.5486,-20.4619,-10.7739,6.87189,7.18139,7.11726,-1.95768,-1.95768,0.343401,-0.343401,-176.599,176.599,185.136,179.185,-173.166,-179.158,-8.77443,4.20133,-22.9599,-44.9116,-134.277,-16.5989,-91.2833,19.0353,53.7339,42.9333,-42.9647,996.672,365.176,-707.564,-101.082,-11.73,49.3268,-133.777,278.328,-168.462,-14.5966,-31.233,31.8014,-0.360015,-0.499919,-0.410373,-0.76306,0.0667166,-0.642872,-0.746683,-0.0537138,-0.641087,0.170357,-0.267529,0.720246,0.0908865,-0.648779,0.442652,0.0462672,-0.643712,0.280228,0.268138,-0.11823,0.855075
148.56,0,,-3.68418,31.212,-3.50509,4.65465,-2.36142,-10.7056,4.26016,8.34461,16.5728,-21.9656,-10.5074,7.31409,7.41297,6.65634,-1.72945,-1.72945,0.160506,-0.160506,-175.791,175.791,186.542,179.004,-173.188,-179.114,-10.0743,5.09128,-4.3944,-38.5641,-140.13,-2.94158,-46.3806,1.96698,56.1435,156.262,-30.2884,844.326,432.176,-786.728,-84.9745,-57.6367,52.2419,-101.083,174.297,-191.398,-18.5328,5.84888,27.364,-0.359766,-0.50211,-0.410429,-0.764639,0.068425,-0.64079,-0.746427,-0.0511494,-0.640222,0.162119,-0.259782,0.726668,0.093881,-0.648865,0.441021,0.0364398,-0.642182,0.287123,0.26954,-0.118839,0.85513
148.57,0,,-4.41088,30.6387,-3.71813,4.82112,-2.19864,-10.6659,4.39118,6.86429,18.6185,-23.3044,-9.88846,7.68212,7.51332,6.29326,-1.54555,-1.54555,-0.00413321,0.00413321,-174.907,174.907,187.964,178.799,-173.473,-179.054,-11.3115,6.03037,28.8191,-46.3887,-127.443,-4.41237,24.422,-27.3474,25.8629,250.444,-15.1442,725.937,522.526,-814.409,-93.7679,-89.8408,23.4488,-19.0584,168.959,-193.836,-23.453,42.9308,48.8114,-0.359388,-0.504046,-0.410415,-0.766029,0.0695835,-0.638947,-0.746045,-0.0485238,-0.639354,0.154362,-0.249762,0.732075,0.0965051,-0.649349,0.439064,0.0282609,-0.640783,0.293352,0.271073,-0.119514,0.855093
148.58,0,,-5.02913,30.1028,-3.91864,4.95285,-2.06177,-10.6634,4.5877,5.51994,20.6212,-24.5312,-9.12439,8.06939,7.47729,6.01259,-1.42268,-1.42268,-0.163262,0.163262,-174.017,174.017,189.348,178.552,-173.869,-179.027,-12.382,6.94216,59.0689,-83.5156,-121.589,2.4163,84.9491,-31.7255,34.6981,291.057,41.5064,631.715,552.164,-876.499,-105.943,-93.2532,12.1974,16.1101,182.638,-195.804,-7.87234,5.84888,61.532,-0.358724,-0.505705,-0.410424,-0.767263,0.0701951,-0.637311,-0.745753,-0.0457779,-0.638328,0.146857,-0.239085,0.736239,0.0989396,-0.650279,0.436775,0.021485,-0.639362,0.299081,0.272588,-0.12073,0.854996
148.59,0,,-5.5319,29.5998,-4.06826,5.04773,-1.99641,-10.6597,4.89777,4.30279,22.5775,-25.6326,-8.32182,8.44292,7.32806,5.78599,-1.34997,-1.34997,-0.307235,0.307235,-173.21,173.21,190.659,178.297,-174.297,-179.005,-13.163,7.72837,64.9281,-137.689,-98.1448,6.35591,115.705,-22.9376,50.2801,241.741,35.1682,547.282,554.679,-944.798,-99.602,-75.1784,0.971705,46.3824,258.777,-168.462,-39.5257,-21.9918,24.4057,-0.357795,-0.507151,-0.410287,-0.768169,0.0704383,-0.636081,-0.745533,-0.0425443,-0.637188,0.139536,-0.228776,0.739128,0.101261,-0.651576,0.434282,0.0158702,-0.637921,0.30428,0.274118,-0.122074,0.854887
148.6,0,,-5.97975,29.0911,-4.17649,5.10872,-2.01491,-10.6275,5.27335,3.20187,24.3692,-26.6548,-7.62587,8.78624,7.10677,5.56454,-1.29716,-1.29716,-0.45672,0.45672,-173.083,173.083,191.741,177.985,-174.792,-178.972,-13.1111,7.79662,69.8334,-195.296,-88.3689,15.6009,100.573,-10.2473,78.633,146.012,47.8445,568.391,536.537,-988.778,-102.054,-88.4012,9.28234,43.9606,298.347,-117.683,-20.9929,-53.6928,59.0175,-0.356641,-0.508563,-0.409926,-0.768846,0.070622,-0.63511,-0.74548,-0.0388824,-0.635852,0.133063,-0.220103,0.740819,0.103763,-0.65316,0.431655,0.0111701,-0.636393,0.308796,0.276144,-0.123545,0.854618
148.61,0,,-6.38816,28.5404,-4.27256,5.12016,-2.09136,-10.5569,5.69478,2.22157,25.9678,-27.5683,-7.1461,9.02519,6.74655,5.36112,-1.25788,-1.25788,-0.600349,0.600349,-172.968,172.968,192.618,177.615,-175.105,-178.867,-12.8435,7.81573,81.0409,-213.38,-89.3495,47.3804,59.0491,-27.3474,138.632,59.0816,18.5657,647.929,425.35,-1016.98,-71.7844,-110.848,33.7028,-8.79212,254.373,-37.5922,-10.3325,-61.0624,58.13,-0.355308,-0.509981,-0.409389,-0.769438,0.0706203,-0.63424,-0.745466,-0.0349752,-0.634436,0.127083,-0.214307,0.741256,0.106757,-0.655071,0.42886,0.00756872,-0.63504,0.312393,0.278826,-0.124947,0.854118
148.62,0,,-6.80362,27.9421,-4.3132,5.08627,-2.22577,-10.3909,6.13586,1.37724,27.3769,-28.3465,-6.81738,9.15703,6.27568,5.15769,-1.21807,-1.21807,-0.723311,0.723311,-172.831,172.831,193.266,177.204,-175.286,-178.741,-12.4065,7.79662,93.2702,-200.685,-104.979,88.8777,45.888,-41.497,162.085,-3.86786,16.6025,685.556,296.38,-1100.02,-7.82104,-163.1,107.91,-30.7461,230.951,-3.90609,-23.453,-110.895,66.4131,-0.353896,-0.511434,-0.408525,-0.769879,0.0705605,-0.633519,-0.745388,-0.0307628,-0.633018,0.121833,-0.210949,0.740581,0.110298,-0.657149,0.425993,0.00500512,-0.634124,0.314712,0.281931,-0.126469,0.853422
148.63,0,,-7.23879,27.329,-4.30522,5.03121,-2.35525,-10.1753,6.56602,0.719325,28.5679,-28.9764,-6.49161,9.07463,5.84341,4.94655,-1.17323,-1.17323,-0.83973,0.83973,-172.699,172.699,193.693,176.727,-175.484,-178.494,-12.0024,7.78843,99.1294,-181.163,-117.191,139.147,40.0464,-54.6948,154.294,-24.9477,-40.5528,733.279,335.897,-1151.76,108.903,-186.506,166.494,-60.0707,201.189,-51.7478,-21.4849,20.4711,97.1791,-0.3525,-0.51291,-0.407557,-0.770132,0.0705003,-0.632977,-0.745199,-0.0266121,-0.631609,0.118294,-0.20851,0.739614,0.114201,-0.659146,0.423296,0.00372323,-0.633804,0.315681,0.286033,-0.127573,0.852482
148.64,0,,-7.68523,26.759,-4.2156,5.00156,-2.46006,-9.92008,6.98746,0.293871,29.5657,-29.5172,-6.231,8.92082,5.37768,4.7766,-1.11723,-1.11723,-0.928594,0.928594,-172.539,172.539,193.929,176.135,-175.594,-178.241,-11.5955,7.76113,152.816,-145.993,-132.316,140.145,60.5271,-58.1212,197.265,0.966966,-48.8541,792.626,334.46,-1085.53,199.204,-174.296,224.131,-92.2909,154.278,-106.433,-35.5896,-90.3068,88.4522,-0.351215,-0.514371,-0.406333,-0.770113,0.0703765,-0.632717,-0.744848,-0.0227062,-0.630219,0.115914,-0.207595,0.738271,0.117806,-0.660749,0.420926,0.00378443,-0.633953,0.315451,0.290723,-0.129339,0.851234
148.65,0,,-8.12181,26.306,-4.07168,5.06425,-2.54638,-9.59176,7.41544,0.149128,30.4848,-29.9426,-6.06219,8.583,4.67524,4.6015,-1.0822,-1.0822,-0.996792,0.996792,-172.375,172.375,194.069,175.453,-175.588,-177.917,-10.9592,7.71472,192.4,-115.253,-166.011,139.147,104.022,-52.7278,240.718,111.298,-3.92628,499.866,247.522,-1508.78,228.501,-140.6,236.815,-48.8041,134.26,-156.743,-118.085,-14.6222,150.872,-0.349812,-0.515715,-0.40493,-0.769929,0.0703154,-0.632594,-0.744277,-0.0189213,-0.628857,0.113284,-0.208623,0.735795,0.120493,-0.661796,0.418857,0.00512724,-0.634801,0.313738,0.296409,-0.131174,0.849672
148.66,0,,-8.52037,25.9608,-3.89168,5.16548,-2.61297,-9.20769,7.86525,0.263168,30.9068,-30.3185,-5.73939,8.13531,4.60577,4.43927,-1.07371,-1.07371,-1.04226,1.04226,-172.204,172.204,193.671,174.614,-175.764,-177.56,-10.94,7.63828,218.255,-98.6459,-139.655,120.605,148.925,-38.5783,217.265,226.56,31.242,828.724,219.68,-779.225,181.152,-125.99,257.323,3.89591,109.837,-185.055,-76.5914,-27.8407,153.386,-0.348408,-0.516814,-0.403526,-0.769618,0.0700097,-0.63259,-0.743497,-0.0150762,-0.627587,0.116707,-0.209059,0.735217,0.122258,-0.662625,0.416887,0.00762983,-0.636267,0.310565,0.303055,-0.133796,0.847637
148.67,0,,-8.90766,25.6475,-3.70408,5.2862,-2.72765,-8.77035,8.35438,0.561424,31.9046,-30.6879,-5.69201,7.59973,4.07057,4.31825,-1.06256,-1.06256,-1.09358,1.09358,-172.028,172.028,193.84,173.636,-175.605,-177.181,-10.4239,7.49087,215.325,-86.909,-116.211,139.147,202.132,-16.5925,241.682,286.125,32.7003,638.751,116.756,-1033.79,93.2606,-107.916,252.439,15.6363,137.196,-194.336,-55.5984,-56.1493,116.26,-0.346876,-0.518025,-0.401993,-0.769212,0.0695843,-0.632668,-0.742649,-0.0109258,-0.626311,0.113834,-0.210761,0.733725,0.12348,-0.663544,0.414875,0.0110479,-0.638155,0.30629,0.310631,-0.137156,0.845034
148.68,0,,-9.28931,25.2637,-3.49256,5.3616,-2.85096,-8.35036,8.91119,0.949597,33.0454,-31.0506,-5.30405,6.98175,3.81841,4.26675,-1.01586,-1.01586,-1.13319,1.13319,-171.864,171.864,194.12,172.543,-175.753,-176.758,-10.1617,7.32161,207.525,-97.1688,-132.821,154.275,244.642,-1.96698,244.654,279.26,21.9872,185.079,137.233,-709.892,-3.42435,-102.53,233.874,-28.7981,195.317,-165.524,-66.9149,-61.9982,138.151,-0.34565,-0.519299,-0.4004,-0.768662,0.0690349,-0.632912,-0.74162,-0.00634803,-0.625159,0.111637,-0.208991,0.733298,0.124764,-0.664716,0.412502,0.0155036,-0.640349,0.301344,0.319046,-0.140937,0.84196
148.69,0,,-9.65125,24.7914,-3.23281,5.40522,-3.00017,-7.9539,9.5619,1.43426,33.5604,-31.3705,-5.51432,6.27589,3.46848,4.32082,-0.935449,-0.935449,-1.15558,1.15558,-171.699,171.699,193.715,171.342,-175.39,-176.285,-9.75483,7.12233,210.454,-124.036,-123.045,174.341,284.196,19.0353,287.625,242.708,23.9503,70.6664,-68.4368,757.753,-79.6055,-103.49,154.782,-70.8108,279.797,-55.6539,-85.4477,-7.36959,167.438,-0.34468,-0.520651,-0.398637,-0.767864,0.0684852,-0.633457,-0.740562,-0.00128178,-0.62392,0.112618,-0.214493,0.731375,0.126408,-0.665978,0.409804,0.0213634,-0.642856,0.295731,0.328318,-0.145085,0.838403
148.7,0,,-9.93996,24.2452,-2.93471,5.37981,-3.10868,-7.47444,10.2825,1.83559,33.7214,-31.8222,-6.67523,5.44643,2.19996,4.4264,-0.869636,-0.869636,-1.15764,1.15764,-171.759,171.759,192.942,170.002,-174.138,-175.873,-8.22552,6.65825,218.766,-140.643,-31.7344,178.701,333.955,24.4287,329.07,228.494,-28.3253,-1554.05,-868.123,2064.48,-59.5667,-48.3594,108.882,155.784,250.969,76.1843,-114.313,21.5239,185.483,-0.343777,-0.521769,-0.396881,-0.766877,0.0679349,-0.634242,-0.739339,0.00378428,-0.622637,0.11109,-0.230848,0.724956,0.12879,-0.667512,0.406635,0.0273458,-0.64641,0.289572,0.338266,-0.150211,0.834311
148.71,0,,-10.1371,23.5867,-2.57508,5.20191,-3.15554,-6.58613,11.0839,1.74349,33.4603,-32.7885,-8.30405,4.35879,0.105495,4.241,-0.85849,-0.85849,-1.11631,1.11631,-171.842,171.842,191.683,168.457,-172.419,-175.445,-5.89058,6.16413,211.919,-110.343,140.13,215.313,382.306,-4.40985,391.077,311.073,-58.1089,-1288.21,-1731.04,1015.17,218.27,67.3939,108.396,789.553,-35.6335,378.422,-146.95,32.7537,230.893,-0.342912,-0.522364,-0.395221,-0.765665,0.0674474,-0.635287,-0.7379,0.00897272,-0.621254,0.109079,-0.254294,0.713255,0.132823,-0.669546,0.402863,0.029359,-0.651635,0.282847,0.349509,-0.156321,0.829518
148.72,0,,-10.3202,22.5864,-2.15584,4.85077,-3.11978,-4.72031,11.9507,0.532914,33.5247,-34.7868,-7.29122,3.03495,-0.470869,3.04363,-0.80913,-0.80913,-1.02469,1.02469,-171.941,171.941,190.718,166.681,-173.265,-175.005,-5.12047,5.69186,206.537,-33.2146,265.612,297.362,452.616,-37.5948,463.846,431.654,-48.3493,-132.461,-667.483,-888.141,630.376,142.092,139.644,1212.42,-1012.22,755.375,-179.26,87.3823,233.851,-0.342855,-0.522675,-0.3937,-0.764266,0.0670205,-0.636573,-0.736176,0.0144049,-0.620021,0.116887,-0.253732,0.70724,0.139475,-0.671983,0.397733,0.0196545,-0.657753,0.274674,0.362087,-0.163647,0.823852
148.73,0,,-10.5723,21.2841,-1.66862,4.47887,-2.96688,-2.86563,12.8875,-1.27417,33.2421,-37.4711,-4.37118,1.92534,1.21963,1.56559,-0.638494,-0.638494,-0.888295,0.888295,-172.05,172.05,189.355,164.626,-176.028,-174.544,-6.72078,5.34789,305.189,56.1694,283.202,304.664,479.994,-71.2873,451.156,481.452,4.375,1408.74,556.116,-842.35,926.772,164.059,59.5808,895.532,-1909.66,621.099,-227.478,147.509,233.851,-0.344316,-0.522913,-0.392536,-0.762592,0.0668351,-0.638199,-0.734404,0.0203255,-0.618738,0.139597,-0.234941,0.710316,0.146739,-0.674242,0.390958,0.00585978,-0.66185,0.268024,0.376181,-0.172556,0.817246
148.74,0,,-10.761,20.1658,-1.1157,4.25056,-2.65613,-3.13448,13.9378,-2.10753,31.9046,-39.7663,-2.40178,1.72759,3.46076,1.89004,-0.439462,-0.439462,-0.700234,0.700234,-172.171,172.171,186.903,162.225,-177.934,-174.05,-9.02021,5.09401,459.947,183.599,229.004,228.025,452.123,-52.252,378.868,489.285,-6.84294,1508.77,870.099,-677.812,1012.68,-21.967,96.1988,408.228,-1528.84,182.117,-248.471,158.739,276.894,-0.346944,-0.522552,-0.392052,-0.760536,0.0667758,-0.640352,-0.732602,0.0264914,-0.617298,0.168586,-0.225412,0.714813,0.150949,-0.675698,0.383933,0.00866768,-0.662406,0.268942,0.392049,-0.183359,0.809306
148.75,0,,-10.7483,19.5754,-0.50089,4.13789,-2.264,-4.58031,15.1016,-1.76322,31.2072,-41.6591,-2.71274,2.20274,3.90847,3.14148,-0.354542,-0.354542,-0.458442,0.458442,-172.314,172.314,185.084,159.479,-177.5,-173.555,-9.60736,4.83467,509.75,310.549,199.707,166.042,389.133,-13.6737,362.322,534.152,8.80608,710.029,1097.68,631.245,1046.37,-374.026,161.61,28.7981,-773.461,124.026,-255.359,211.964,337.391,-0.349637,-0.521159,-0.39212,-0.758154,0.0669588,-0.642975,-0.730758,0.0327168,-0.615638,0.181773,-0.235182,0.713541,0.15144,-0.676383,0.378386,0.0227675,-0.660685,0.27205,0.409577,-0.196121,0.799926
148.76,0,,-10.5596,19.5333,0.137469,3.92865,-1.80035,-5.72012,16.414,-0.780731,31.5469,-43.6872,-4.58144,2.5131,2.98989,4.18178,-0.332516,-0.332516,-0.190128,0.190128,-172.468,172.468,184.281,156.429,-175.407,-173.138,-8.89732,4.52346,422.85,371.589,221.19,164.046,312.489,26.3639,367.222,573.701,4.375,451.531,414.034,735.763,893.078,-812.993,24.9063,172.841,-275.392,-52.7478,-265.692,270.452,340.793,-0.352372,-0.519188,-0.392535,-0.755527,0.0671417,-0.646025,-0.728841,0.0388804,-0.613725,0.179637,-0.25618,0.708783,0.149058,-0.677049,0.375759,0.0361961,-0.660686,0.271685,0.428113,-0.211066,0.789086
148.77,0,,-10.3202,20.0159,0.799373,3.49237,-1.27381,-6.83639,17.8639,0.857488,32.2873,-45.9395,-6.47088,3.00748,1.97611,5.13195,-0.251311,-0.251311,0.0747422,-0.0747422,-172.644,172.644,183.861,153.092,-173.259,-172.863,-8.16544,4.18768,306.654,309.551,104.979,185.53,221.698,64.4663,368.667,610.349,-13.1811,494.971,-481.931,-52.2588,457.51,-1084.97,-279.288,198.217,35.1664,-163.087,-217.802,359.355,418.891,-0.355606,-0.517356,-0.393083,-0.752562,0.067144,-0.649588,-0.726913,0.0449857,-0.611549,0.174143,-0.275894,0.704322,0.144354,-0.677883,0.377517,0.0495628,-0.66104,0.270154,0.447102,-0.228526,0.776767
148.78,0,,-9.94982,21.0525,1.43204,2.8426,-0.675747,-8.12116,19.4491,3.1602,32.5197,-48.3698,-6.66042,4.00448,2.05587,5.99971,-0.184967,-0.184967,0.302413,-0.302413,-172.836,172.836,182.926,149.507,-172.897,-172.781,-8.61877,3.81368,172.369,189.946,-77.1371,130.375,145.054,86.928,358.387,638.681,-52.2195,288.172,-468.28,-272.418,47.349,-649.413,-535.639,-5.37004,329.577,-173.336,-155.315,344.733,367.713,-0.358854,-0.515421,-0.394196,-0.749283,0.0667128,-0.653639,-0.725066,0.0507833,-0.609033,0.180427,-0.281993,0.703275,0.138923,-0.678259,0.384542,0.0636019,-0.660068,0.268629,0.465959,-0.248544,0.762906
148.79,0,,-9.36818,22.3139,2.0404,2.18691,-0.07522,-9.6884,21.1785,5.61424,32.6377,-51.0574,-5.67424,5.55903,2.89469,6.83916,-0.232469,-0.232469,0.478763,-0.478763,-173.039,173.039,181.851,145.685,-173.775,-172.83,-9.88045,3.3769,-15.6359,17.0864,-70.3029,45.3844,63.9757,155.772,324.251,684.612,-80.0961,-40.3808,-247.522,-162.985,-301.258,194.824,-351.552,-278.821,529.765,-163.587,-92.8281,272.909,343.751,-0.361401,-0.513079,-0.396009,-0.745586,0.0657996,-0.65824,-0.723425,0.0565214,-0.605988,0.193367,-0.277782,0.705412,0.1366,-0.676592,0.395518,0.0788614,-0.657382,0.268629,0.484899,-0.270406,0.747309
148.8,0,,-8.65134,23.2961,2.57091,1.78028,0.438989,-11.5394,23.0127,7.64721,33.3923,-54.0022,-4.73248,7.48437,3.34497,7.69663,-0.345254,-0.345254,0.568661,-0.568661,-173.248,173.248,181.394,141.706,-174.583,-172.94,-10.7052,2.92373,-191.889,-173.818,16.61,-17.5969,2.95597,191.4,310.034,724.644,-93.2771,322.741,-463.43,1092.78,-597.654,881.826,1.45756,-401.858,568.335,-141.588,403.786,86.9144,470.661,-0.362882,-0.511025,-0.39798,-0.741735,0.0643341,-0.663057,-0.72195,0.0621361,-0.6025,0.200631,-0.272229,0.707428,0.138981,-0.672629,0.406873,0.0958915,-0.654089,0.27095,0.504113,-0.292738,0.730441
148.81,0,,-7.8317,23.7309,3.06724,1.6926,0.734937,-13.3358,24.9911,8.95209,34.619,-56.9437,-5.54097,9.48661,2.65539,8.41248,-0.473695,-0.473695,0.585882,-0.585882,-173.457,173.457,181.365,137.858,-173.66,-173.143,-10.2273,2.46784,-289.553,-272.464,115.735,-61.0378,-5.34891,205.074,346.178,718.746,-144.992,208.94,-707.539,29.7513,-767.096,1249.51,275.402,-330.573,516.085,-239.74,491.694,-58.1379,372.594,-0.363295,-0.509663,-0.399491,-0.737609,0.0621388,-0.668206,-0.720781,0.0681779,-0.598464,0.19703,-0.280285,0.705291,0.143991,-0.668317,0.414394,0.112736,-0.651147,0.274241,0.522047,-0.313912,0.713641
148.82,0,,-6.98529,23.5072,3.55408,1.76503,0.799059,-14.8721,27.0917,9.4214,35.0124,-59.8258,-4.47779,11.2966,2.79176,8.9558,-0.564189,-0.564189,0.575549,-0.575549,-173.649,173.649,180.422,134.241,-174.803,-173.374,-10.4157,2.02013,-320.314,-355.939,178.699,-34.1959,7.31955,177.726,425.293,689.447,-237.82,654.659,197.227,-701.096,-789.079,1213.36,271.975,-125.985,489.26,-371.078,610.763,-315.372,342.272,-0.363298,-0.508934,-0.400409,-0.733328,0.0591472,-0.673509,-0.719881,0.0751377,-0.594021,0.207597,-0.275046,0.703547,0.148751,-0.666481,0.41488,0.127755,-0.649333,0.277483,0.538612,-0.333153,0.697192
148.83,0,,-6.0727,22.7806,4.08801,1.79765,0.611625,-15.7505,29.3451,9.2635,35.4023,-62.4837,-3.90326,12.2085,3.70005,9.15407,-0.631859,-0.631859,0.588982,-0.588982,-173.83,173.83,179.413,130.92,-175.506,-173.314,-11.1667,1.70346,-260.734,-364.243,124.025,6.35591,68.832,116.211,516.134,615.764,-270.521,806.699,756.756,476.538,-594.737,883.319,124.02,69.8105,575.208,-721.188,742.133,-323.677,364.755,-0.363073,-0.508534,-0.400552,-0.728802,0.0553621,-0.679056,-0.718984,0.0833189,-0.589397,0.218885,-0.272233,0.705365,0.151317,-0.668565,0.408232,0.139047,-0.649884,0.2784,0.555095,-0.348048,0.682057
148.84,0,,-5.03054,21.8507,4.60826,1.66422,0.15044,-15.8335,31.7121,8.90384,36.4394,-64.703,-4.35341,11.8596,3.68461,8.95322,-0.750217,-0.750217,0.620326,-0.620326,-174.012,174.012,178.994,127.919,-175.116,-172.781,-10.727,1.58335,-217.778,-317.375,125.481,-15.1281,100.081,64.4663,531.235,515.103,-221.666,458.873,214.292,-298.289,-168.469,415.507,-167.977,213.854,811.03,-887.682,827.088,-3.86026,490.777,-0.362208,-0.508153,-0.400113,-0.724291,0.0506015,-0.684555,-0.71796,0.0927207,-0.58483,0.220418,-0.277247,0.703555,0.151619,-0.674167,0.39687,0.146615,-0.652746,0.275406,0.572355,-0.357256,0.668978
148.85,0,,-3.86304,20.9503,5.06017,1.39017,-0.580797,-15.0988,34.1075,8.61655,38.4207,-66.5299,-5.19447,10.6539,3.00533,8.15755,-0.934653,-0.934653,0.667169,-0.667169,-174.198,174.198,179.531,125.165,-174.264,-172.116,-9.35612,1.61065,-168.452,-172.86,180.66,-39.5537,124.01,30.2662,425.775,388.14,-170.905,-66.9954,-231.895,-193.772,312.503,-3.41235,-492.194,161.628,901.848,-639.161,882.851,137.215,640.613,-0.360618,-0.507721,-0.399133,-0.720114,0.0452284,-0.689657,-0.716954,0.102971,-0.580412,0.211919,-0.28321,0.700335,0.150824,-0.681301,0.384048,0.149608,-0.656115,0.268269,0.588965,-0.363548,0.657633
148.86,0,,-2.62934,20.2782,5.38143,1.05216,-1.61661,-13.653,36.4898,8.60339,40.4842,-67.8655,-5.93189,8.69286,2.40323,6.76191,-1.12864,-1.12864,0.728478,-0.728478,-174.319,174.319,180.172,122.764,-173.66,-171.325,-7.85411,1.95734,-94.735,0.958114,218.248,-16.1262,127.951,20.0188,228.51,249.961,-163.558,-357.921,-386.192,109.433,556.647,-259.765,-639.637,-49.8044,709.934,-122.057,1072.28,341.341,889.108,-0.358541,-0.507537,-0.397423,-0.716641,0.0394912,-0.693996,-0.716483,0.114144,-0.575848,0.203014,-0.287064,0.696876,0.149787,-0.687898,0.373308,0.148568,-0.659584,0.257644,0.603856,-0.366965,0.649269
148.87,0,,-1.40973,19.8887,5.56751,0.761162,-2.87316,-11.7896,38.8262,8.90822,41.6501,-68.8185,-6.01481,6.49286,2.98989,5.17057,-1.29211,-1.29211,0.80942,-0.80942,-174.297,174.297,179.951,120.676,-174.006,-170.666,-7.51548,2.64801,-10.2536,185.076,252.924,56.6254,129.429,-16.5925,73.7335,122.515,-187.508,-277.771,-148.01,218.349,331.527,-311.537,-631.838,-87.3947,446.754,125.963,925.329,405.328,958.923,-0.356411,-0.507607,-0.395172,-0.713952,0.0339367,-0.697472,-0.716972,0.125986,-0.57066,0.205761,-0.285233,0.696328,0.149482,-0.692416,0.366595,0.145824,-0.664052,0.244587,0.61539,-0.370382,0.643529
148.88,0,,-0.238007,19.6412,5.67422,0.498123,-4.16916,-9.88291,41.1452,9.40824,42.5049,-69.2571,-5.78678,4.46316,4.068,3.72085,-1.40463,-1.40463,0.907239,-0.907239,-174.319,174.319,179.406,119.139,-174.863,-170.353,-7.64656,3.42876,46.3967,323.244,253.429,150.861,96.2099,-39.5617,33.654,30.266,-231.426,175.289,195.79,-7.76121,95.7126,-182.134,-483.883,13.6883,159.684,194.836,658.653,318.413,794.443,-0.354703,-0.507791,-0.392792,-0.71171,0.0288712,-0.700417,-0.718355,0.137946,-0.56454,0.213517,-0.279867,0.697256,0.150949,-0.694864,0.363546,0.143074,-0.668677,0.230848,0.622548,-0.373626,0.640616
148.89,0,,0.895695,19.4085,5.72017,0.246943,-5.40721,-8.17939,43.4554,9.92361,43.3775,-69.234,-5.93781,2.38951,5.03804,2.36384,-1.46992,-1.46992,0.994381,-0.994381,-174.358,174.358,178.883,118.144,-175.412,-169.891,-7.73668,4.34874,77.1574,424.325,199.231,238.793,55.6708,-49.8091,77.6692,-94.7627,-249.038,278.689,258.299,-38.0299,38.0906,-26.3924,-329.101,139.147,-107.901,126.463,211.897,679.64,877.866,-0.353412,-0.508083,-0.390645,-0.709607,0.0244145,-0.703137,-0.720128,0.149665,-0.557888,0.219979,-0.276805,0.697963,0.154,-0.696081,0.362567,0.140944,-0.672796,0.2181,0.627545,-0.373682,0.640851
148.9,0,,2.02517,19.2098,5.73232,0.0169429,-6.47386,-7.04329,45.6805,10.4039,44.6721,-68.7426,-6.42646,1.4804,5.45745,1.34157,-1.53759,-1.53759,1.07532,-1.07532,-174.495,174.495,178.89,117.758,-175.632,-170.204,-7.38166,5.17045,59.0689,466.801,157.721,297.835,22.944,-35.6595,127.949,-269.01,-252.908,123.896,180.702,-34.6667,43.4596,79.6037,-229.015,163.102,-343.256,27.8426,-746.069,1537.09,975.045,-0.35255,-0.508073,-0.389112,-0.707513,0.0205094,-0.705743,-0.722135,0.160346,-0.551108,0.22066,-0.275047,0.697873,0.157604,-0.696584,0.362453,0.141057,-0.675437,0.208442,0.626703,-0.376315,0.643245
148.91,0,,3.15465,18.9963,5.69131,-0.120719,-7.24332,-6.69391,47.7855,10.7921,45.931,-68.5613,-7.11353,2.57353,5.5475,1.33899,-1.60977,-1.60977,1.10736,-1.10736,-174.775,174.775,179.008,117.297,-175.577,-171.902,-6.82183,5.09401,26.3664,418.456,111.338,288.59,-17.1024,-24.4287,141.122,-365.223,-296.883,-12.2366,-0.89812,69.3335,3.88938,147.957,-108.882,114.245,-466.305,-109.37,164.991,811.006,775.362,-0.351949,-0.507903,-0.388451,-0.7053,0.0169687,-0.708352,-0.723971,0.169136,-0.544703,0.219254,-0.275227,0.697377,0.161199,-0.696618,0.362256,0.144479,-0.676433,0.203138,0.62199,-0.388026,0.640729
148.92,0,,4.29117,18.717,5.62447,-0.205857,-7.64778,-6.97267,49.8599,11.053,46.9825,-69.1944,-7.49852,3.82046,5.60668,1.82824,-1.67638,-1.67638,1.07567,-1.07567,-175.171,175.171,179.023,116.138,-175.594,-173.209,-6.39307,4.58079,1.94171,308.593,102.542,228.498,-81.0781,-16.1166,0,-321.806,-321.282,0.917746,1.43699,25.3533,-13.6551,181.654,-27.3356,38.5905,-401.378,-198.242,1433.59,-35.6782,914.993,-0.351524,-0.507723,-0.388636,-0.702717,0.0137333,-0.711201,-0.72471,0.176096,-0.539214,0.219191,-0.275042,0.69731,0.164867,-0.696641,0.361535,0.150522,-0.676494,0.201245,0.622901,-0.39956,0.632728
148.93,0,,5.44177,18.3457,5.53561,-0.25838,-7.64161,-7.66647,51.9015,11.1934,47.8158,-67.8688,-7.46002,4.14181,5.60154,1.97244,-1.72866,-1.72866,1.02228,-1.02228,-175.577,175.577,178.935,116.845,-175.742,-173.451,-6.16368,4.93567,-23.9137,176.772,120.608,168.458,-154.274,11.2308,-51.7259,-198.711,-316.402,48.3346,58.0186,-4.91543,5.87635,195.784,-16.5957,7.79182,-88.3498,-228.022,205.501,1004.37,872.985,-0.351282,-0.507543,-0.389188,-0.699942,0.0106819,-0.714103,-0.724184,0.180741,-0.534837,0.220595,-0.273943,0.697738,0.168651,-0.696702,0.360071,0.158455,-0.675998,0.20167,0.619433,-0.396455,0.638539
148.94,0,,6.55716,17.9109,5.38447,-0.276594,-7.25812,-8.5808,53.7859,11.2329,48.4631,-66.2991,-7.20533,5.62221,5.34938,3.02818,-1.75758,-1.75758,0.923772,-0.923772,-176.022,176.022,178.876,117.996,-175.802,-174.775,-5.85781,4.5453,-37.6079,76.1701,123.045,130.375,-241.686,12.6902,-16.6262,23.4006,-225.593,48.3346,19.579,15.5224,-0.972345,220.683,-47.3578,2.94825,307.623,-199.21,-718.188,311.512,852.573,-0.351028,-0.50759,-0.390031,0.697184,-0.00775191,0.716838,-0.722477,0.182817,-0.531969,0.221448,-0.273514,0.697914,0.17237,-0.696925,0.358106,0.167187,-0.675341,0.203445,0.610813,-0.398033,0.642981
148.95,0,,7.64157,17.3659,5.18169,-0.269393,-6.61196,-9.42698,55.5219,11.1561,48.9709,-64.9141,-6.79961,6.69336,4.91196,4.21525,-1.74139,-1.74139,0.792887,-0.792887,-176.5,176.5,178.868,119.057,-175.775,-175.797,-5.45637,3.97748,-26.3664,12.216,99.1253,126.961,-288.559,19.5429,40.5615,214.376,-91.314,4.89464,-46.343,-7.76121,-26.3802,233.373,-59.0694,30.2723,738.294,-122.557,-956.982,2.92444,167.438,-0.350853,-0.507967,-0.390955,0.694414,-0.00457775,0.719439,-0.719838,0.182874,-0.530555,0.221445,-0.273693,0.697906,0.176095,-0.69736,0.355425,0.175057,-0.674958,0.204965,0.60423,-0.397672,0.646469
148.96,0,,8.71472,16.7528,4.93333,-0.243131,-5.8351,-9.91388,57.0962,10.9982,49.3107,-63.6742,-6.21027,6.55878,4.45396,4.9002,-1.71459,-1.71459,0.631348,-0.631348,-176.994,176.994,178.861,119.953,-175.813,-175.945,-5.05766,3.67719,-27.8312,-26.3481,91.786,117.19,-309.603,11.7067,42.971,335.44,22.4359,-7.34197,-33.7693,-6.72638,-62.4838,247.076,-80.5748,4.36973,969.245,-18.0617,-648.976,448.726,759.831,-0.350549,-0.508519,-0.391995,0.691631,-0.0010987,0.721906,-0.716851,0.181532,-0.530131,0.22169,-0.273328,0.697969,0.179704,-0.698122,0.351961,0.180433,-0.675097,0.204482,0.601915,-0.392243,0.650686
148.97,0,,9.75547,16.0772,4.66826,-0.207551,-5.0718,-9.84079,58.5156,10.7965,49.5074,-62.5398,-5.54393,6.22919,4.04227,5.49502,-1.67372,-1.67372,0.442253,-0.442253,-177.472,177.472,178.824,120.775,-175.912,-176.362,-4.67806,3.13939,-31.2377,-18.0844,80.5542,86.4089,-287.574,32.709,-36.6258,411.637,93.7259,-7.34197,-2.87399,-23.5423,-70.8121,266.11,-76.6624,-73.7064,836.921,9.78084,-467.256,266.592,629.372,-0.350055,-0.509304,-0.393026,0.688751,0.00244151,0.724336,-0.713889,0.179571,-0.53029,0.222367,-0.272541,0.698048,0.183054,-0.699315,0.347674,0.182321,-0.675998,0.200877,0.598966,-0.388751,0.653472
148.98,0,,10.7723,15.3233,4.38421,-0.172394,-4.38372,-9.28822,59.8017,10.5837,49.5574,-61.224,-4.91017,5.59749,3.68204,5.84264,-1.60977,-1.60977,0.245581,-0.245581,-177.906,177.906,178.751,121.72,-176.039,-176.868,-4.32304,2.60433,-42.0023,17.0864,83.0204,52.2656,-250.484,60.5323,-148.431,415.505,145.497,3.9769,30.3565,-6.72638,-50.7733,268.563,-52.7278,-92.2909,471.71,13.1869,-552.212,184.591,531.305,-0.349372,-0.510386,-0.393746,0.685837,0.00628704,0.726672,-0.711394,0.177131,-0.530662,0.223464,-0.271624,0.698166,0.186173,-0.700924,0.342496,0.181769,-0.677454,0.194526,0.594907,-0.385352,0.656924
148.99,0,,11.7905,14.5365,4.08383,-0.141897,-3.83129,-8.49655,60.9546,10.371,49.4895,-59.7994,-4.47779,4.75704,3.35784,5.97139,-1.53679,-1.53679,0.0433987,-0.0433987,-178.28,178.28,178.684,122.715,-176.132,-177.324,-3.97621,2.17574,-62.9864,35.1708,71.2835,43.4408,-199.247,97.6512,-210.92,372.572,165.521,26.3087,26.4047,7.76121,-14.6275,252.461,-58.0977,-47.8565,133.325,-2.4374,-571.237,197.224,648.009,-0.348531,-0.511627,-0.39431,0.682823,0.0101932,0.728967,-0.709942,0.17451,-0.530915,0.22438,-0.271014,0.698165,0.188608,-0.703039,0.336382,0.180127,-0.679245,0.18678,0.590429,-0.381676,0.661051
149,0,,12.8383,13.7485,3.77851,-0.114365,-3.44902,-7.62187,61.9831,10.1276,49.3321,-58.2858,-4.29418,3.9523,3.07223,5.98684,-1.47416,-1.47416,-0.151551,0.151551,-178.604,178.604,178.64,123.792,-176.176,-177.835,-3.61027,1.79628,-83.0166,71.2997,65.4298,51.2675,-137.664,88.8632,-205.538,342.789,196.314,10.4011,3.95173,7.76121,12.2177,225.588,-72.2641,27.8505,-72.7351,-57.6226,-574.189,85.9786,543.878,-0.347555,-0.512849,-0.394738,0.679668,0.0140389,0.731246,-0.709765,0.171887,-0.53092,0.224873,-0.270714,0.698057,0.190501,-0.705421,0.329607,0.178044,-0.681048,0.178777,0.584987,-0.378252,0.66574
149.01,0,,13.9213,12.9469,3.48193,-0.0465931,-3.2098,-6.8079,62.9002,9.80519,49.0353,-56.7096,-4.27937,3.19699,2.86381,5.90444,-1.40278,-1.40278,-0.343745,0.343745,-178.862,178.862,178.603,124.984,-176.247,-178.274,-3.31533,1.53694,-116.196,61.0399,103.523,45.3844,-88.8904,73.2543,-183.129,318.325,241.186,2.44732,3.95173,-10.3483,2.452,177.709,-67.8659,75.1805,-234.354,-104.996,-566.481,74.1638,519.472,-0.346576,-0.514126,-0.395101,0.676171,0.0177618,0.733668,-0.710814,0.169082,-0.530806,0.225416,-0.270219,0.697979,0.191784,-0.707805,0.322223,0.175971,-0.682765,0.171515,0.578823,-0.374346,0.671357
149.02,0,,15.0395,12.1658,3.21002,0.0330388,-3.12101,-6.16861,63.6819,9.46965,48.5775,-55.0475,-4.45114,2.59275,2.76603,5.81174,-1.33537,-1.33537,-0.514929,0.514929,-179.065,179.065,178.559,126.267,-176.313,-178.67,-3.08593,1.37587,-133.774,64.4332,88.3689,54.2091,-63.4831,43.9399,-192.366,268.043,282.692,8.25971,12.7533,18.6269,-23.9282,97.1454,-78.6058,95.2392,-348.127,-116.714,-515.639,-20.939,506.899,-0.345602,-0.515352,-0.395288,0.672355,0.0213029,0.736202,-0.713015,0.16603,-0.530687,0.226091,-0.269734,0.698049,0.192454,-0.71018,0.314469,0.174937,-0.684122,0.165537,0.572051,-0.369953,0.677769
149.03,0,,16.1746,11.4039,2.95293,0.0965748,-3.14691,-5.75233,64.3021,9.16043,47.9552,-53.1976,-4.78875,2.1121,2.73516,5.72419,-1.27062,-1.27062,-0.66958,0.66958,-179.598,179.598,178.5,127.722,-176.341,-179.257,-2.51244,1.0865,-145.492,50.301,86.9129,50.2695,-93.2539,5.36162,-208.992,243.192,291.498,-0.917746,-3.41286,0.517414,-44.432,-19.5144,-103.512,78.6026,-352.999,-99.6208,-524.823,-65.9754,425.843,-0.344737,-0.516434,-0.395398,0.668384,0.024721,0.738701,-0.716129,0.162673,-0.530809,0.22669,-0.269537,0.698014,0.192644,-0.712589,0.306424,0.175302,-0.68491,0.160836,0.564549,-0.364463,0.685284
149.04,0,,17.3337,10.6863,2.72319,0.128766,-3.27269,-5.47977,64.7628,8.86875,47.1792,-51.1695,-5.25963,1.61772,2.73258,5.63407,-1.22789,-1.22789,-0.795298,0.795298,-179.889,179.889,178.456,129.358,-176.341,-179.521,-2.13285,1.00461,-154.281,41.9973,87.3884,37.6102,-145.476,-27.3474,-220.237,215.343,281.738,0.611831,-21.9141,19.9204,-31.7492,-120.125,-145.014,39.5382,-264.182,-97.1834,-594.198,-56.6172,364.311,-0.343832,-0.517366,-0.395349,0.664204,0.028077,0.741233,-0.719948,0.158822,-0.531218,0.227062,-0.269606,0.697851,0.192704,-0.714964,0.298486,0.176647,-0.685406,0.157175,0.556614,-0.357261,0.693952
149.05,0,,18.4969,9.99035,2.5147,0.154181,-3.42683,-5.32862,65.0903,8.61216,46.2565,-48.9931,-5.81047,1.07665,2.77118,5.55167,-1.17986,-1.17986,-0.895873,0.895873,-179.983,179.983,178.404,131.125,-176.346,-179.493,-1.95807,1.08377,-160.14,40.9993,80.5542,24.8984,-215.786,-54.1872,-181.121,208.961,273.437,5.81239,-27.3029,-1.55224,-23.4208,-209.966,-169.92,11.2139,-142.601,-52.2478,-655.701,-21.5239,303.666,-0.343108,-0.518232,-0.395236,0.659835,0.0314963,0.743764,-0.724347,0.154367,-0.531831,0.227493,-0.269671,0.697677,0.193131,-0.716916,0.291222,0.178724,-0.685659,0.154186,0.548478,-0.348521,0.703329
149.06,0,,19.6518,9.3602,2.32749,0.178748,-3.63399,-5.18119,65.2738,8.42794,45.205,-46.7342,-6.37315,0.450436,2.85866,5.46927,-1.14138,-1.14138,-0.984737,0.984737,-179.856,179.856,178.345,132.967,-176.385,-179.224,-1.99357,1.29398,-161.605,62.517,56.6345,4.88512,-292.993,-78.6159,-131.805,214.86,244.158,12.5425,-21.5549,4.91543,-26.8452,-239.771,-155.268,-25.9025,-46.8441,-17.093,-632.248,-7.36959,350.555,-0.342317,-0.519091,-0.394995,0.65531,0.0349751,0.746318,-0.729031,0.149359,-0.532796,0.228032,-0.269537,0.697524,0.19429,-0.718317,0.2853,0.181042,-0.685835,0.151255,0.540356,-0.338691,0.712845
149.07,0,,20.8066,8.80613,2.17141,0.177901,-3.88061,-4.97924,65.3349,8.33364,44.0463,-44.4093,-6.92695,-0.266416,2.97702,5.42292,-1.09865,-1.09865,-1.06361,1.06361,179.774,-179.774,178.301,134.857,-176.412,-179.268,-1.50473,1.06739,-169.917,72.2578,53.7226,-24.8984,-349.579,-105.456,-124.014,201.612,229.968,9.78929,-22.453,-7.24379,-43.4596,-238.278,-131.359,-41.0123,-14.6805,-54.6852,-562.545,-73.6959,304.258,-0.341578,-0.519876,-0.394622,0.650666,0.0388202,0.748876,-0.733697,0.143871,-0.534281,0.228466,-0.269423,0.6973,0.19624,-0.71922,0.280901,0.183241,-0.686085,0.14796,0.532177,-0.328193,0.722061
149.08,0,,21.9333,8.3111,2.04761,0.147404,-4.163,-4.70296,65.2628,8.32706,42.7695,-41.9889,-7.43929,-1.08214,3.14427,5.39717,-1.04717,-1.04717,-1.13835,1.13835,179.054,-179.054,178.242,136.822,-176.418,-179.483,-0.660882,0.472274,-163.581,85.4319,47.3638,-64.4521,-399.408,-106.947,-142.567,173.86,222.676,10.4011,-9.34045,-4.91543,-57.1147,-219.244,-110.851,-50.2783,-46.8441,-38.0922,-551.228,-88.4351,273.492,-0.340842,-0.520663,-0.394129,0.645962,0.0430316,0.751435,-0.738128,0.137884,-0.536398,0.229012,-0.269357,0.697046,0.19868,-0.719886,0.277602,0.18525,-0.68631,0.144172,0.523896,-0.316853,0.731001
149.09,0,,23.0233,7.85126,1.92039,0.107588,-4.46264,-4.36845,65.0401,8.3775,41.3783,-39.5222,-7.9309,-1.97752,3.3321,5.40489,-1.00126,-1.00126,-1.2007,1.2007,178.78,-178.78,178.176,138.812,-176.423,-179.329,-0.229397,0.0764374,-165.045,98.6459,35.1515,-88.405,-424.323,-92.2896,-145.539,125.029,196.314,14.6839,-16.1662,-7.24379,-70.8121,-182.614,-102.055,-32.694,-90.8188,-52.7478,-527.775,-105.982,301.743,-0.340113,-0.521462,-0.393584,0.641466,0.0478551,0.753779,-0.74235,0.131416,-0.539153,0.229442,-0.269483,0.696629,0.201674,-0.720264,0.275226,0.187082,-0.68662,0.139961,0.515596,-0.305012,0.739426
149.1,0,,24.0486,7.42208,1.81634,0.057606,-4.77339,-4.01412,64.6405,8.49812,39.8763,-37.0127,-8.4077,-2.85642,3.55081,5.46412,-0.947391,-0.947391,-1.24651,1.24651,178.758,-178.758,178.125,140.809,-176.412,-179.016,-0.0382328,-0.234772,-155.746,110.822,46.8884,-119.607,-427.279,-86.928,-149.395,73.6828,172.868,14.0721,-22.9919,-19.403,-87.3843,-127.91,-89.3457,-20.5325,-143.068,-39.0609,-482.345,-147.509,295.827,-0.33956,-0.52225,-0.39303,0.637247,0.0533481,0.755907,-0.746346,0.124401,-0.54253,0.229689,-0.269792,0.696148,0.204972,-0.720393,0.273642,0.18892,-0.686948,0.135388,0.506987,-0.293291,0.747235
149.11,0,,24.9978,7.01675,1.70166,0.0114365,-5.05331,-3.68209,64.0684,8.66479,38.3027,-34.4571,-8.81047,-3.67215,3.74894,5.54652,-0.889539,-0.889539,-1.29301,1.29301,178.752,-178.752,178.102,142.824,-176.396,-178.713,0.172048,-0.58693,-141.609,97.6478,33.1903,-146.974,-407.713,-64.4663,-167.467,39.5489,133.325,-9.78929,-49.3966,-8.79604,-82.5225,-77.1511,-59.0694,-16.5839,-171.361,-32.2174,-405.262,-187.515,310.618,-0.339066,-0.523035,-0.392536,0.633511,0.0593897,0.757662,-0.749859,0.116828,-0.546601,0.229571,-0.270162,0.695487,0.208567,-0.720311,0.272657,0.190871,-0.687061,0.130808,0.497962,-0.281637,0.754634
149.12,0,,25.8864,6.64434,1.57178,-0.0423574,-5.30116,-3.38722,63.3391,8.86656,36.6111,-31.8519,-9.154,-4.37527,3.94192,5.64694,-0.841241,-0.841241,-1.32814,1.32814,178.906,-178.906,178.058,144.887,-176.363,-178.406,0.245782,-0.818972,-116.196,85.9508,31.7344,-158.215,-357.884,-54.1872,-206.02,28.3321,115.713,0,-34.6674,2.06966,-68.3601,-19.0345,-28.8187,-27.8505,-201.656,-31.7487,-346.219,-252.438,281.775,-0.338577,-0.523766,-0.391985,0.630285,0.0659217,0.759015,-0.752933,0.108652,-0.551194,0.229563,-0.270763,0.69467,0.212176,-0.720153,0.271996,0.193181,-0.68715,0.126407,0.488056,-0.270457,0.761931
149.13,0,,26.6976,6.28555,1.43431,-0.100387,-5.49599,-3.14935,62.4395,9.10999,34.8014,-29.194,-9.41165,-4.9905,4.14776,5.68814,-0.789758,-0.789758,-1.35948,1.35948,179.186,-179.186,177.992,146.975,-176.346,-178.087,0.169317,-0.865381,-87.411,78.1262,21.9585,-156.271,-302.213,-38.0706,-249.473,28.8156,117.171,3.9769,-39.5173,3.8806,-57.622,9.75719,-3.42654,-24.4284,-208.997,-33.2174,-289.473,-245.068,304.258,-0.338156,-0.524508,-0.391443,0.627475,0.0725136,0.76005,-0.75554,0.0997376,-0.556309,0.22975,-0.271317,0.693888,0.215649,-0.72001,0.271438,0.195934,-0.687111,0.122199,0.477447,-0.259477,0.769397
149.14,0,,27.4412,5.95515,1.26912,-0.169006,-5.62917,-2.99572,61.3739,9.39289,32.8917,-26.4768,-9.5775,-5.43544,4.31244,5.68557,-0.747032,-0.747032,-1.38669,1.38669,179.829,-179.829,177.926,149.121,-176.357,-177.714,-0.243051,-0.502303,-65.439,87.907,28.3173,-138.674,-233.381,-34.676,-260.718,42.4498,127.436,18.049,-10.2386,0.517414,-65.9081,28.7917,6.34165,-37.1164,-178.701,-52.2478,-206.485,-220.269,294.496,-0.337734,-0.525249,-0.3909,0.6251,0.0789844,0.760729,-0.757686,0.0900336,-0.56187,0.229924,-0.271795,0.692947,0.218759,-0.72,0.270885,0.199231,-0.686871,0.118477,0.465671,-0.248981,0.777217
149.15,0,,28.1383,5.63838,1.10659,-0.257533,-5.71672,-2.95732,60.1511,9.68676,30.8746,-23.6837,-9.68115,-5.72383,4.48483,5.65724,-0.710941,-0.710941,-1.40391,1.40391,-179.324,179.324,177.859,151.341,-176.401,-177.384,-0.890278,0.171984,-67.3808,91.3003,35.1515,-134.787,-191.434,-52.252,-251.963,15.6648,152.844,22.3318,3.41286,-5.43285,-62.9911,49.3191,1.45756,-52.7527,-117.644,-65.4348,-170.403,-224.129,247.607,-0.337423,-0.525911,-0.390404,0.622918,0.0850293,0.761235,-0.759504,0.0795334,-0.567782,0.230167,-0.272099,0.692088,0.221445,-0.720186,0.270093,0.203137,-0.686503,0.115363,0.4526,-0.238844,0.785504
149.16,0,,28.7876,5.31138,0.935703,-0.374439,-5.77345,-2.98333,58.7929,9.98721,28.7681,-20.8279,-9.73446,-5.92982,4.65465,5.62634,-0.659989,-0.659989,-1.40736,1.40736,-178.489,178.489,177.808,153.618,-176.44,-177.208,-1.53204,0.917249,-83.4935,97.1688,32.2395,-124.492,-160.186,-80.5511,-234.855,-43.9002,158.229,24.7791,7.72384,0.517414,-48.8286,63.9816,-7.82478,-28.3243,-20.4859,-19.0305,-135.798,-271.037,224.681,-0.337296,-0.526574,-0.389849,0.620951,0.0907652,0.761524,-0.760928,0.0683651,-0.574022,0.230297,-0.272353,0.691258,0.223771,-0.720572,0.269001,0.207474,-0.68621,0.112558,0.438496,-0.228953,0.79398
149.17,0,,29.3946,4.98666,0.77393,-0.5049,-5.82154,-3.01926,57.2884,10.3052,26.5651,-17.8996,-9.78776,-6.11109,4.80389,5.50532,-0.604526,-0.604526,-1.41184,1.41184,-178.011,178.011,177.771,155.961,-176.445,-177.263,-1.79421,1.42774,-86.9001,117.169,11.2318,-112.305,-149.417,-91.3061,-244.654,-129.38,143.085,23.8614,-3.95173,12.1592,-42.4873,64.9413,-19.5364,-19.0584,54.1843,-7.31219,-159.743,-277.822,145.547,-0.33725,-0.527147,-0.389378,0.619092,0.0959492,0.761734,-0.762047,0.0566423,-0.580462,0.230232,-0.272835,0.690268,0.22584,-0.721102,0.267651,0.211859,-0.685809,0.109622,0.423677,-0.218828,0.802612
149.18,0,,29.9706,4.67783,0.62203,-0.624771,-5.84127,-3.01059,55.6573,10.6473,24.2905,-14.9548,-9.8085,-6.31434,4.94284,5.22207,-0.562065,-0.562065,-1.41803,1.41803,-177.33,177.33,177.742,158.304,-176.456,-177.274,-2.27485,2.24125,-92.2823,131.342,3.41709,-127.906,-146.954,-110.341,-250.999,-185.077,121.602,11.3189,-21.5549,13.1941,-40.5426,42.4944,-25.3922,-26.3764,72.7351,-13.6869,-187.46,-291.04,66.8569,-0.337291,-0.527604,-0.389111,0.617298,0.100533,0.761902,-0.762791,0.0443745,-0.587062,0.229993,-0.27333,0.689246,0.22792,-0.721544,0.266436,0.2159,-0.685483,0.106149,0.408586,-0.208505,0.811252
