"Time,s",Activities,Activity Names,"Hip Flexion LT,deg","Hip Flexion RT,deg","Hip Abduction LT,deg","Hip Abduction RT,deg","Hip Rotation Ext LT,deg","Hip Rotation Ext RT,deg","Knee Flexion LT,deg","Knee Flexion RT,deg","Ankle Dorsiflexion LT,deg","Ankle Dorsiflexion RT,deg","Ankle Inversion LT,deg","Ankle Inversion RT,deg","Ankle Abduction LT,deg","Ankle Abduction RT,deg","Pelvic Tilt LT,deg","Pelvic Tilt RT,deg","Pelvic Obliquity LT,deg","Pelvic Obliquity RT,deg","Pelvic Rotation LT,deg","Pelvic Rotation RT,deg","Foot Pitch Down LT,deg","Foot Pitch Down RT,deg","Foot Roll Med LT,deg","Foot Roll Med RT,deg","Foot Rotation Ext LT,deg","Foot Rotation Ext RT,deg","Pelvis Accel Sensor X,mG","Pelvis Accel Sensor Y,mG","Pelvis Accel Sensor Z,mG","Thigh Accel Sensor X LT,mG","Thigh Accel Sensor Y LT,mG","Thigh Accel Sensor Z LT,mG","Shank Accel Sensor X LT,mG","Shank Accel Sensor Y LT,mG","Shank Accel Sensor Z LT,mG","Foot Accel Sensor X LT,mG","Foot Accel Sensor Y LT,mG","Foot Accel Sensor Z LT,mG","Thigh Accel Sensor X RT,mG","Thigh Accel Sensor Y RT,mG","Thigh Accel Sensor Z RT,mG","Shank Accel Sensor X RT,mG","Shank Accel Sensor Y RT,mG","Shank Accel Sensor Z RT,mG","Foot Accel Sensor X RT,mG","Foot Accel Sensor Y RT,mG","Foot Accel Sensor Z RT,mG","Pelvis Rot X,","Pelvis Rot Y,","Pelvis Rot Z,","LT Thigh Rot X,","LT Thigh Rot Y,","LT Thigh Rot Z,","LT Shank Rot X,","LT Shank Rot Y,","LT Shank Rot Z,","LT Foot Rot X,","LT Foot Rot Y,","LT Foot Rot Z,","RT Thigh Rot X,","RT Thigh Rot Y,","RT Thigh Rot Z,","RT Shank Rot X,","RT Shank Rot Y,","RT Shank Rot Z,","RT Foot Rot X,","RT Foot Rot Y,","RT Foot Rot Z,",,,,,,,,,,,,,,,,,,,,,
65.63,0,,40.4901,2.97023,1.25138,-4.57986,-3.28975,-8.53079,57.552,8.82207,11.4377,8.50633,-1.48313,-10.8214,-0.748522,2.12741,1.81154,1.81154,0.98644,-0.98644,2.21731,-2.21731,7.48766,-1.2854,1.80952,-0.199051,-0.968591,-8.21194,151.087,-1.77198,1.05585,156.165,38.4857,5.2243,153.463,-18.9215,0.312422,154.283,-7.48675,1.68362,142.645,2.01941,5.39662,141.407,-6.68491,10.8535,145.093,1.27244,0.0152739,4.38598,33.1965,-117.679,-139.684,-105.478,61.0402,-221.685,193.872,149.868,-506.942,-37.1073,-111.411,-34.165,-36.122,-3.90995,-37.6102,182.588,25.3811,0,-5.80837,13.9726,-0.295911,-0.539391,-0.418658,0.616373,0.24141,0.740954,-0.737577,0.0559714,-0.64358,0.184455,-0.0140996,0.874177,0.281629,-0.736117,0.244335,0.141362,-0.719567,0.0384534,0.0085454,-0.181101,0.800582
65.64,0,,41.2418,2.86163,1.07345,-4.50371,-3.54545,-8.308,57.1118,8.8418,11.6105,8.64204,-1.97335,-10.8098,-0.418851,1.92401,1.84844,1.84844,1.03687,-1.03687,2.2762,-2.2762,6.14928,-1.26797,1.84455,-0.258343,-1.09214,-8.22096,151.049,-1.8057,1.10951,156.566,39.1819,5.40602,154.045,-17.7608,-0.211661,154.425,-6.14795,1.72568,142.831,1.85435,5.40264,141.583,-6.86988,10.9152,145.104,1.25536,0.0763696,27.8328,26.3833,-113.28,-108.428,-84.9311,32.2244,-193.352,181.113,139.145,-442.352,-24.3298,-100.987,-33.1937,-89.8527,4.88743,-12.1865,86.4264,4.39046,24.8899,-17.1726,2.32876,-0.295305,-0.53946,-0.418786,0.613815,0.243487,0.741509,-0.739112,0.0514552,-0.645296,0.175057,-0.0076908,0.874676,0.281685,-0.736227,0.242683,0.141303,-0.719457,0.0361346,0.00848435,-0.18165,0.800458
65.65,0,,41.9462,2.71828,0.91458,-4.45801,-3.84694,-8.11439,56.5401,8.80673,11.6842,8.7981,-2.3969,-10.8357,-0.068712,1.74544,1.88116,1.88116,1.07304,-1.07304,2.33509,-2.33509,4.82297,-1.29629,1.79551,-0.287988,-1.22556,-8.22819,151.005,-1.83572,1.14863,157.016,39.8313,5.63316,154.649,-16.5077,-0.727507,154.568,-4.82276,1.69182,142.98,1.66322,5.42671,141.725,-7.02402,10.9733,145.11,1.28312,0.101826,36.6048,29.2825,-116.706,-79.107,-80.0759,0,-180.673,115.725,135.261,-376.572,-19.0787,-27.3642,-8.31954,-104.482,-32.73,28.8275,-14.6379,-57.6196,-16.1784,-3.78807,-16.6895,-0.294758,-0.539524,-0.418789,0.611238,0.245008,0.742226,-0.740483,0.046635,-0.647213,0.166143,-0.000793481,0.874966,0.282176,-0.736294,0.241037,0.141302,-0.719388,0.034181,0.00817899,-0.181769,0.800443
65.66,0,,42.5916,2.5532,0.770378,-4.41644,-4.14081,-7.99504,55.8411,8.74098,11.6956,8.92974,-2.7899,-10.8823,0.223679,1.63665,1.91807,1.91807,1.10496,-1.10496,2.39502,-2.39502,3.50268,-1.30065,1.72313,-0.311987,-1.39606,-8.23902,150.966,-1.87036,1.18407,157.461,40.4137,5.86852,155.231,-15.1913,-1.20533,154.765,-3.5034,1.63847,143.062,1.45375,5.45125,141.808,-7.1668,11.0515,145.121,1.28739,0.124737,30.2731,26.3833,-115.714,-77.6187,-97.6672,-24.4287,-174.334,31.6973,113.308,-317.941,-6.82634,-12.1619,0.506774,-91.2891,-30.2705,-7.31192,-18.0697,-94.7086,-18.0452,-3.03045,19.4064,-0.294268,-0.539522,-0.418848,0.608859,0.246229,0.7429,-0.741559,0.0415063,-0.649329,0.157355,0.00616479,0.874912,0.282982,-0.736266,0.239399,0.141668,-0.719389,0.0325941,0.00805677,-0.181949,0.800367
65.67,0,,43.158,2.33818,0.653551,-4.40121,-4.42195,-7.90487,55.042,8.64892,11.6855,9.0451,-3.26206,-10.9368,0.43347,1.56097,1.92109,1.92109,1.13028,-1.13028,2.45598,-2.45598,2.14622,-1.29629,1.73948,-0.341633,-1.61597,-8.24805,150.928,-1.87082,1.21151,157.884,40.9519,6.11645,155.768,-13.815,-1.64513,155.001,-2.14518,1.67951,143.106,1.23366,5.49524,141.857,-7.29499,11.1405,145.132,1.28312,0.155285,32.7135,42.003,-124.027,-84.9861,-120.114,-45.4172,-153.31,-27.3115,71.7677,-283.62,-44.4587,-85.3502,-3.88527,-71.7651,-45.9103,4.87462,36.6297,-76.6449,-9.74853,-16.6675,0,-0.293908,-0.539716,-0.418734,0.606495,0.247274,0.743652,-0.742344,0.0358903,-0.65158,0.147834,0.0126348,0.874673,0.284145,-0.736213,0.237876,0.142218,-0.719452,0.0312513,0.00799617,-0.182203,0.800288
65.68,0,,43.6711,2.11989,0.559209,-4.39518,-4.62804,-7.82,54.149,8.5481,11.6575,9.16316,-3.75297,-10.9873,0.502913,1.47346,1.92898,1.92898,1.16262,-1.16262,2.51798,-2.51798,0.771675,-1.30065,1.81886,-0.372691,-1.88035,-8.27333,150.895,-1.8759,1.24633,158.218,41.4366,6.33199,156.202,-12.403,-2.01332,155.291,-0.769466,1.79237,143.155,1.00778,5.55543,141.912,-7.4183,11.2282,145.137,1.28525,0.185833,29.7785,43.96,-122.062,-110.809,-152.341,-55.6747,-167.024,-60.1052,41.0342,-252.398,-105.546,-107.937,-32.2224,-75.7019,-25.8876,43.9556,81.0335,-77.6485,-20.949,-1.51523,-20.1826,-0.293532,-0.539881,-0.418721,0.604217,0.247998,0.744483,-0.742669,0.0296652,-0.654039,0.137821,0.0186772,0.874167,0.285478,-0.736187,0.236403,0.142708,-0.719521,0.0299088,0.00787374,-0.182439,0.800253
65.69,0,,44.1038,1.87445,0.497129,-4.3936,-4.76543,-7.69535,53.1371,8.42755,11.4987,9.25545,-4.17444,-11.0158,0.458324,1.34338,1.91923,1.91923,1.19326,-1.19326,2.57997,-2.57997,-0.536555,-1.29194,1.88657,-0.392455,-2.16203,-8.30944,150.873,-1.86366,1.27849,158.476,41.8623,6.51226,156.531,-10.9359,-2.30356,155.614,0.536294,1.90728,143.254,0.768381,5.61932,142.016,-7.53999,11.284,145.143,1.27885,0.206198,24.8978,42.4741,-129.4,-159.182,-188.931,-48.3524,-187.983,-69.8735,23.4722,-202.586,-142.653,-50.8192,-47.8479,-70.8076,-17.0902,7.8162,76.2009,-10.2444,-11.6153,1.01015,1.16438,-0.293282,-0.540115,-0.418713,0.6021,0.248617,0.7453,-0.742453,0.0227057,-0.656818,0.128301,0.024354,0.873385,0.286944,-0.73613,0.234939,0.142768,-0.719517,0.0283827,0.00787386,-0.182625,0.800204
65.7,0,,44.4531,1.60512,0.43456,-4.41676,-4.83412,-7.49908,52.0021,8.3048,11.1695,9.35316,-4.51675,-11.0094,0.325285,1.1589,1.89811,1.89811,1.23177,-1.23177,2.643,-2.643,-1.73024,-1.29194,1.9286,-0.423512,-2.46348,-8.3275,150.856,-1.83918,1.31802,158.636,42.2252,6.63163,156.778,-9.41698,-2.53803,155.96,1.72741,2.00167,143.43,0.514506,5.71608,142.203,-7.67142,11.3172,145.165,1.27671,0.236746,14.1473,34.6824,-128.913,-184.112,-214.826,-38.0949,-211.918,-75.6548,22.9657,-125.603,-168.383,41.4806,-44.934,-84.9584,3.40544,12.6908,30.2562,9.78446,-15.1413,-5.80837,-3.88127,-0.293046,-0.540436,-0.418725,0.600273,0.248985,0.746038,-0.741788,0.0150763,-0.659815,0.119693,0.0296029,0.87234,0.288591,-0.736188,0.233473,0.14234,-0.719451,0.0264293,0.00775205,-0.182875,0.800048
65.71,0,,44.7133,1.29669,0.36417,-4.4377,-4.84684,-7.32139,50.7523,8.16453,10.7515,9.45901,-4.84101,-11.0003,0.152775,0.972056,1.85888,1.85888,1.28603,-1.28603,2.70706,-2.70706,-2.87871,-1.29847,1.99398,-0.457393,-2.74764,-8.36722,150.851,-1.79623,1.3723,158.751,42.5224,6.70122,156.976,-7.85585,-2.72308,156.316,2.87578,2.13197,143.6,0.242291,5.82581,142.384,-7.80284,11.3492,145.192,1.28312,0.267294,4.88064,14.6413,-152.825,-201.154,-236.85,-34.6547,-225.114,-73.7609,21.0237,-45.9989,-203.04,63.4154,-20.9889,-81.0749,11.2253,38.5767,-68.847,-20.0289,-10.7856,-0.505075,-2.32876,-0.292868,-0.540872,-0.418854,0.598852,0.249283,0.746566,-0.740703,0.00701944,-0.663001,0.111214,0.0344261,0.871213,0.290302,-0.736315,0.231827,0.141911,-0.719381,0.0244758,0.00756881,-0.183116,0.799913
65.72,0,,44.8872,0.988267,0.265429,-4.43866,-4.84811,-7.17286,49.3732,8.01987,10.2928,9.57844,-5.1625,-10.9886,-0.00365489,0.818324,1.83173,1.83173,1.3505,-1.3505,2.77215,-2.77215,-4.02115,-1.30501,2.08971,-0.491274,-3.01449,-8.40153,150.845,-1.76436,1.43743,158.839,42.7259,6.7307,157.152,-6.26555,-2.87137,156.639,4.01444,2.30228,143.737,-0.0386121,5.92628,142.532,-7.94238,11.3765,145.214,1.29166,0.300387,12.6963,23.4478,-175.293,-213.879,-223.129,-20.5151,-236.305,-80.5389,22.4591,40.0405,-241.197,102.507,-20.0176,-75.7019,8.29287,19.5405,-128.449,-19.0253,-9.74853,2.0203,1.55251,-0.292559,-0.541291,-0.419031,0.598002,0.249407,0.746816,-0.739256,-0.0012208,-0.666313,0.102603,0.0390026,0.870142,0.291948,-0.736431,0.229993,0.141732,-0.719222,0.0227065,0.00738558,-0.183358,0.799779
65.73,0,,44.9864,0.670067,0.1574,-4.43834,-4.85066,-7.09197,47.8689,7.85329,9.78447,9.69786,-5.49648,-10.9718,-0.122073,0.720173,1.81664,1.81664,1.41285,-1.41285,2.83724,-2.83724,-5.1455,-1.30937,2.2228,-0.530802,-3.23934,-8.44486,150.851,-1.7445,1.50113,158.921,42.8437,6.73602,157.327,-4.63959,-2.98987,156.941,5.13754,2.51465,143.814,-0.33496,6.02582,142.626,-8.07219,11.4049,145.242,1.29593,0.338572,3.89132,36.6031,-154.303,-220.726,-196.812,-4.38707,-251.442,-89.3105,16.6332,126.557,-260.276,84.0472,-4.89882,-64.4769,28.8201,2.94158,-80.053,3.8887,-19.4971,-7.32359,-0.388127,-0.292261,-0.54161,-0.419286,0.597685,0.249402,0.746801,-0.737475,-0.00958314,-0.669721,0.0938748,0.0432752,0.869166,0.293597,-0.736557,0.22792,0.141852,-0.719024,0.0213022,0.00720227,-0.183658,0.799635
65.74,0,,45.0123,0.357297,0.0254186,-4.42628,-4.8761,-7.05086,46.2561,7.68014,9.27364,9.82136,-5.9124,-10.9575,-0.154236,0.655132,1.81478,1.81478,1.47689,-1.47689,2.90234,-2.90234,-6.28493,-1.31154,2.44928,-0.571742,-3.40242,-8.49181,150.862,-1.7378,1.56688,159.036,42.8759,6.72345,157.53,-2.99579,-3.09127,157.187,6.27426,2.82347,143.858,-0.636135,6.11611,142.686,-8.20199,11.4346,145.269,1.29806,0.379302,0,42.4741,-155.764,-243.647,-169.44,9.75254,-249.501,-92.7992,19.0818,219.746,-273.929,11.2932,1.47809,-46.3893,24.9101,31.727,-15.1281,-14.1749,-12.2375,3.53553,1.16438,-0.291946,-0.541836,-0.419638,0.597937,0.249161,0.746506,-0.73545,-0.0178232,-0.67313,0.0845384,0.0470607,0.868456,0.295177,-0.736661,0.225717,0.142161,-0.718804,0.0200821,0.00701932,-0.183967,0.79947
65.75,0,,44.9548,0.0249782,-0.130026,-4.412,-4.9308,-6.98456,44.5577,7.51794,8.83398,9.9625,-6.41094,-10.929,-0.0869865,0.562894,1.80434,1.80434,1.5352,-1.5352,2.96846,-2.96846,-7.49369,-1.31154,2.76215,-0.625387,-3.48643,-8.54236,150.873,-1.72256,1.62648,159.174,42.8317,6.69252,157.761,-1.34551,-3.17492,157.357,7.47897,3.22052,143.924,-0.951789,6.19945,142.774,-8.35938,11.4666,145.297,1.29593,0.430215,-6.8263,55.1584,-167.485,-232.41,-130.387,27.8374,-221.168,-100.574,14.1847,291.962,-270.078,-83.3956,-31.2511,-66.8709,44.4283,0.966519,-2.94158,-7.31744,-12.2375,-4.29314,-7.76255,-0.291706,-0.542088,-0.419949,0.598666,0.248549,0.746014,-0.733201,-0.0258806,-0.676496,0.0742233,0.0507233,0.868095,0.296715,-0.73675,0.223345,0.14246,-0.718526,0.0185552,0.0068362,-0.184394,0.799286
65.76,0,,44.8441,-0.297566,-0.316266,-4.39582,-5.0084,-6.8798,42.7676,7.34479,8.45785,10.1159,-6.87685,-10.8966,0.0935653,0.425718,1.82152,1.82152,1.58009,-1.58009,3.05422,-3.05422,-8.76876,-1.31808,3.05167,-0.676208,-3.45184,-8.61278,150.889,-1.7348,1.67502,159.327,42.7098,6.62196,158.008,0.312872,-3.24083,157.434,8.7517,3.58371,144.034,-1.29254,6.26982,142.9,-8.52812,11.4903,145.324,1.30447,0.478583,-21.4682,65.9219,-143.556,-231.963,-108.433,18.5582,-183.131,-139.647,-3.8839,327.713,-241.197,-178.736,-35.6431,-102.514,56.6311,-2.43731,-36.1394,-20.0289,-16.5932,1.01015,-3.10502,-0.291452,-0.54213,-0.420301,0.599965,0.24758,0.745241,-0.730722,-0.0338139,-0.679818,0.0635999,0.0550548,0.867999,0.298179,-0.73681,0.22072,0.14252,-0.718217,0.016724,0.00659212,-0.184762,0.799111
65.77,0,,44.6745,-0.616853,-0.502506,-4.41073,-5.12162,-6.78299,40.9128,7.17602,8.10713,10.276,-7.2761,-10.8616,0.340636,0.289725,1.84171,1.84171,1.59903,-1.59903,3.13481,-3.13481,-10.0619,-1.32897,3.30851,-0.7355,-3.35795,-8.68681,150.917,-1.75143,1.69735,159.497,42.5251,6.53304,158.271,1.96802,-3.26237,157.461,10.0439,3.90484,144.149,-1.63233,6.34436,143.037,-8.70011,11.5199,145.362,1.31514,0.534587,-31.7241,50.3021,-155.277,-227.051,-107.448,20.5151,-147.941,-209.022,-43.4828,322.231,-204.09,-286.238,-36.6144,-127.943,51.2707,6.84968,-128.939,-23.4576,-12.2375,2.52538,4.2694,-0.291401,-0.542028,-0.420621,0.601711,0.24641,0.744234,-0.727892,-0.0415677,-0.683211,0.0530426,0.0598179,0.867969,0.299524,-0.736938,0.217975,0.142586,-0.717935,0.0148324,0.0062867,-0.185183,0.7989
65.78,0,,44.4474,-0.940483,-0.707321,-4.41676,-5.21322,-6.72464,39.0078,7.01821,7.67509,10.4524,-7.56704,-10.8123,0.586245,0.18566,1.86445,1.86445,1.62116,-1.62116,3.21954,-3.21954,-11.2586,-1.33551,3.51865,-0.808909,-3.2344,-8.76807,150.95,-1.77059,1.72316,159.64,42.2868,6.39965,158.502,3.61181,-3.23195,157.467,11.2408,4.16133,144.232,-1.97501,6.41474,143.136,-8.88671,11.5508,145.401,1.31941,0.605865,-19.0279,57.6228,-160.651,-224.596,-104.493,3.40866,-109.84,-272.417,-79.1133,332.479,-155.781,-344.659,-45.3985,-142.094,24.9101,15.6324,-126.488,-28.8098,-11.2004,-9.84897,-7.37442,-0.291344,-0.541912,-0.420992,0.603872,0.245199,0.742982,-0.724662,-0.049381,-0.686695,0.0434588,0.0645168,0.867894,0.300733,-0.737092,0.215036,0.14295,-0.717558,0.013062,0.00598168,-0.185737,0.798676
65.79,0,,44.1728,-1.27823,-0.908714,-4.46785,-5.23484,-6.7021,37.0758,6.85382,7.10962,10.6438,-7.72604,-10.7566,0.733903,0.12535,1.89068,1.89068,1.62243,-1.62243,3.30323,-3.30323,-12.3076,-1.34422,3.66574,-0.890788,-3.11827,-8.83848,150.983,-1.79392,1.72848,159.662,42.0069,6.16671,158.628,5.23291,-3.16034,157.478,12.2901,4.34498,144.275,-2.32928,6.51289,143.197,-9.07817,11.5816,145.445,1.32795,0.682235,-9.76127,59.0724,-166.511,-203.089,-71.7727,7.82728,-72.2564,-316.375,-104.021,351.546,-117.273,-474.53,-20.9889,-138.157,18.5407,18.574,-60.0923,-13.1714,-7.25955,-6.31344,-11.2557,-0.291391,-0.541704,-0.421278,0.606357,0.24391,0.741557,-0.721073,-0.0576834,-0.690186,0.0352808,0.0689136,0.867677,0.301972,-0.737381,0.211875,0.143559,-0.717123,0.0114749,0.0056156,-0.186353,0.798392
65.8,0,,43.8638,-1.60078,-1.09886,-4.51164,-5.14325,-6.68486,35.1292,6.71354,6.37515,10.865,-7.80381,-10.7113,0.705394,0.0520322,1.93571,1.93571,1.6152,-1.6152,3.47268,-3.47268,-13.1667,-1.3573,3.83619,-0.96702,-2.96755,-9.00821,151.027,-1.83433,1.72951,159.53,41.6883,5.82986,158.617,6.82321,-3.04881,157.549,13.1489,4.52966,144.325,-2.68547,6.59901,143.262,-9.29721,11.616,145.489,1.33862,0.756059,-0.494659,55.6658,-182.127,-187.982,-68.8174,-22.9453,-83.9649,-334.017,-87.3877,371.09,-79.1155,-592.674,-19.5108,-136.242,15.6398,4.41237,-53.7188,0.961721,0,-3.78807,-3.10502,-0.29146,-0.541352,-0.421655,0.609092,0.242562,0.740017,-0.717124,-0.0665914,-0.693686,0.0284442,0.0722702,0.867242,0.303238,-0.737587,0.208751,0.1443,-0.716615,0.00970543,0.00524931,-0.1869,0.79814
65.81,0,,43.5605,-1.89074,-1.24747,-4.56495,-4.94352,-6.66364,33.1971,6.5908,5.39035,11.1147,-7.89963,-10.6892,0.491218,-0.0402067,2.01369,2.01369,1.60179,-1.60179,3.6318,-3.6318,-13.7515,-1.38126,4.09536,-1.02913,-2.89342,-9.17975,151.087,-1.90823,1.72602,159.267,41.3482,5.42922,158.485,8.37461,-2.92207,157.697,13.7319,4.80359,144.396,-3.0436,6.69022,143.345,-9.5341,11.6599,145.538,1.36424,0.809518,11.7069,58.0939,-174.806,-160.67,-25.8945,-26.354,-84.9352,-306.108,-65.9418,400.405,-100.12,-640.235,-37.1212,-136.721,30.7751,-21.9778,-67.8664,32.2385,-8.29662,-7.82867,-0.388127,-0.29152,-0.540741,-0.422204,0.611849,0.241285,0.738503,-0.712948,-0.0760559,-0.697078,0.023073,0.0735528,0.866702,0.30446,-0.737833,0.205578,0.145028,-0.716105,0.00769086,0.00482199,-0.187264,0.797887
65.82,0,,43.2385,-2.16007,-1.39704,-4.60493,-4.66365,-6.63447,31.2693,6.46806,4.15649,11.3793,-7.95309,-10.675,0.149851,-0.146636,2.11698,2.11698,1.5786,-1.5786,3.71652,-3.71652,-14.0469,-1.41394,4.3522,-1.09407,-2.93048,-9.27364,151.142,-2.01007,1.71251,158.883,40.968,4.94206,158.244,9.88385,-2.78709,157.878,14.0272,5.08573,144.473,-3.41331,6.75828,143.427,-9.78073,11.7144,145.582,1.39413,0.865522,18.0715,73.2425,-164.059,-138.195,15.1286,-37.5899,-75.1674,-252.88,-42.9762,497.646,-173.284,-456.07,-30.2798,-125.975,33.676,-19.0362,-126.488,9.28269,-5.39281,-3.03045,5.43378,-0.291518,-0.539944,-0.42275,0.614846,0.239944,0.736863,0.708588,0.0859412,0.700348,0.0196537,0.0732436,0.866167,0.305805,-0.7379,0.202466,0.145821,-0.715615,0.0055545,0.00433379,-0.187635,0.797661
65.83,0,,42.8877,-2.44135,-1.52463,-4.64618,-4.3647,-6.65834,29.3602,6.34313,2.78413,11.6304,-7.89893,-10.6905,-0.19444,-0.208129,2.2075,2.2075,1.55264,-1.55264,3.68759,-3.68759,-14.1645,-1.42919,4.48061,-1.15337,-3.05156,-9.2628,151.208,-2.10314,1.69141,158.476,40.5663,4.45588,157.975,11.3558,-2.66795,158.042,14.1457,5.25091,144.501,-3.7782,6.82356,143.471,-10.0225,11.7986,145.631,1.40908,0.924072,27.8328,74.6921,-166.998,-117.209,57.1367,-15.1496,-50.2625,-162.573,-11.7361,573.199,-143.528,-243.672,-35.1363,-120.123,33.203,2.94158,-172.363,-20.9906,0,5.30329,12.8082,-0.29164,-0.539149,-0.423299,0.617842,0.23842,0.735282,0.704229,0.0957649,0.703374,0.0180673,0.0727574,0.865642,0.307212,-0.737907,0.199416,0.146917,-0.715238,0.00360122,0.00396746,-0.188057,0.797398
65.84,0,,42.5499,-2.73457,-1.63021,-4.68331,-4.11664,-6.74586,27.5367,6.23134,1.30121,11.9262,-7.82881,-10.719,-0.52265,-0.212859,2.30173,2.30173,1.51328,-1.51328,3.68139,-3.68139,-14.0921,-1.45098,4.60436,-1.2183,-3.16769,-9.26822,151.263,-2.1999,1.65782,158.12,40.1633,4.02721,157.728,12.7483,-2.54691,158.212,14.07,5.39865,144.462,-4.15563,6.87958,143.438,-10.287,11.8994,145.675,1.43256,0.985168,36.6048,71.7929,-154.79,-121.6,88.8715,-12.6878,-23.9345,-68.8767,15.1134,658.762,-77.7153,-9.77293,-22.467,-104.961,35.158,43.9556,-148.9,-45.9117,-3.31865,0.505075,-10.0913,-0.291773,-0.538316,-0.423743,0.620644,0.23677,0.733871,0.699921,0.104985,0.706207,0.0178844,0.0713544,0.865165,0.308557,-0.737851,0.196121,0.148629,-0.714763,0.0018922,0.00354023,-0.188487,0.797162
65.85,0,,42.1819,-3.04191,-1.74166,-4.70584,-3.94744,-6.87051,25.7778,6.11298,-0.3037,12.2302,-7.83367,-10.7527,-0.796767,-0.188025,2.39596,2.39596,1.47689,-1.47689,3.75475,-3.75475,-13.7997,-1.47494,4.8145,-1.28465,-3.23193,-9.3585,151.318,-2.2939,1.63058,157.884,39.7282,3.67006,157.569,14.0501,-2.42333,158.404,13.7785,5.60898,144.38,-4.53982,6.93282,143.372,-10.5531,12.0049,145.714,1.45605,1.04626,21.0065,53.2376,-146.478,-122.568,108.433,0.473424,-7.82724,-36.083,47.8733,725.496,-57.5863,186.989,-5.87013,-96.1834,30.2705,34.1643,-73.2593,-28.8098,-17.0081,-1.51523,-5.04566,-0.29189,-0.537512,-0.424223,0.623449,0.234571,0.732586,0.695773,0.113165,0.708835,0.0188603,0.0683609,0.864766,0.309832,-0.737774,0.192638,0.150579,-0.714256,0.000366223,0.00311284,-0.188907,0.796949
65.86,0,,41.8255,-3.35251,-1.86289,-4.72139,-3.91691,-7.00843,24.1233,5.99901,-1.94037,12.5573,-7.86075,-10.8046,-0.92615,-0.147819,2.49182,2.49182,1.44668,-1.44668,3.78781,-3.78781,-13.3687,-1.50762,5.03164,-1.34818,-3.33077,-9.40184,151.373,-2.39089,1.60805,157.823,39.2904,3.4289,157.552,15.2497,-2.27694,158.584,13.3452,5.82238,144.286,-4.92787,6.98699,143.284,-10.8273,12.1259,145.757,1.48594,1.10227,26.8435,52.2591,-158.199,-107.386,137.213,23.4503,15.137,-46.8481,50.744,824.167,-39.0327,320.335,10.7267,-96.1834,4.38292,40.5097,-30.2562,18.5654,-2.90382,5.30329,-3.49315,-0.29195,-0.536717,-0.42471,0.626114,0.231939,0.731463,0.691806,0.119879,0.711338,0.0207529,0.0645781,0.86448,0.310993,-0.737715,0.188976,0.152712,-0.713756,-0.00115968,0.00262461,-0.189277,0.796722
65.87,0,,41.4848,-3.66745,-1.99145,-4.73947,-4.03649,-7.09462,22.6294,5.89819,-3.29495,12.9101,-7.83505,-10.8396,-0.883022,-0.153731,2.58744,2.58744,1.41221,-1.41221,3.77645,-3.77645,-13.0612,-1.5512,5.15773,-1.41735,-3.43207,-9.3892,151.417,-2.48881,1.57958,157.949,38.8593,3.29842,157.689,16.3002,-2.11851,158.721,13.0382,5.95268,144.237,-5.32847,7.03653,143.24,-11.1274,12.2373,145.807,1.53077,1.16336,34.6591,54.2161,-145.991,-91.8326,172.395,44.9122,17.5951,-92.3008,13.1715,920.455,4.37586,121.184,32.2224,-80.5429,-14.6623,81.0615,-31.727,-19.5271,-4.97797,1.51523,-7.76255,-0.292006,-0.535913,-0.425129,0.628626,0.228891,0.730498,0.688261,0.124822,0.713592,0.0222185,0.0620164,0.8642,0.312217,-0.737602,0.185316,0.154673,-0.713179,-0.00305195,0.00201428,-0.189647,0.796495
65.88,0,,41.1729,-3.97587,-2.15569,-4.74963,-4.2235,-7.11452,21.292,5.81928,-4.10821,13.3078,-7.80867,-10.8668,-0.749253,-0.237692,2.6956,2.6956,1.37434,-1.37434,3.82088,-3.82088,-13.1577,-1.61873,5.25345,-1.47665,-3.44443,-9.43975,151.461,-2.59804,1.5509,158.164,38.4455,3.18629,157.909,17.2145,-1.96389,158.82,13.1334,6.05733,144.248,-5.74259,7.07265,143.257,-11.4617,12.3286,145.84,1.59696,1.21173,42.4747,56.1369,-128.913,-70.7722,200.682,58.1049,29.7564,-130.876,6.83904,920.932,77.7153,-133.346,47.3834,-87.4056,-41.0229,55.1756,-35.1589,-24.4193,-7.25955,-1.01015,-5.04566,-0.292003,-0.535054,-0.425553,0.631083,0.225295,0.7296,0.685151,0.128546,0.715548,0.021058,0.0618311,0.863865,0.313496,-0.737411,0.181652,0.156381,-0.712444,-0.00543245,0.00128181,-0.189829,0.796368
65.89,0,,40.9112,-4.26801,-2.3346,-4.7547,-4.43976,-7.11186,20.1111,5.75572,-4.52881,13.7081,-7.73646,-10.8979,-0.588438,-0.350035,2.82302,2.82302,1.33327,-1.33327,3.91387,-3.91387,-13.5224,-1.67538,5.29081,-1.52464,-3.39748,-9.54268,151.505,-2.72552,1.52284,158.416,38.064,3.08529,158.167,18.0056,-1.81053,158.919,13.4967,6.10657,144.281,-6.16153,7.10274,143.295,-11.817,12.4176,145.878,1.65247,1.24737,39.0781,60.0509,-116.706,-43.4605,215.318,78.115,26.3927,-161.576,6.83904,863.731,116.748,-109.891,60.5595,-105.972,-56.6311,66.8999,-73.2593,-31.7368,-5.80764,-10.354,9.70319,-0.291943,-0.53408,-0.426043,0.633334,0.221264,0.728859,0.68241,0.131355,0.717263,0.0183718,0.0634775,0.863355,0.314707,-0.737204,0.177923,0.158029,-0.711647,-0.00805708,0.000671425,-0.189952,0.796249
65.9,0,,40.6884,-4.55146,-2.49933,-4.77597,-4.70691,-7.12778,19.1096,5.70531,-4.70036,14.1315,-7.48788,-10.9523,-0.370606,-0.464742,2.95787,2.95787,1.2871,-1.2871,3.95313,-3.95313,-13.9836,-1.74509,5.11336,-1.56276,-3.3876,-9.60768,151.56,-2.86223,1.48802,158.745,37.7105,3.02971,158.485,18.6459,-1.66224,159.006,13.9573,5.95678,144.308,-6.57854,7.14441,143.328,-12.1821,12.5184,145.906,1.72078,1.27028,57.6113,75.6706,-110.358,-16.5954,224.606,93.738,19.5357,-169.949,-2.44854,846.571,228.07,-65.37,37.1212,-122.091,-55.1807,76.6491,-89.368,-43.4447,-11.6153,3.78807,-7.76255,-0.291951,-0.532994,-0.426603,0.635391,0.217107,0.728228,0.680173,0.132946,0.71869,0.016114,0.0669585,0.862526,0.315934,-0.737038,0.174203,0.1598,-0.710859,-0.0107428,0,-0.189948,0.796171
65.91,0,,40.4958,-4.82839,-2.63473,-4.81214,-5.00713,-7.13839,18.2708,5.66585,-4.72577,14.5319,-7.0803,-11.0107,-0.163739,-0.597188,3.09713,3.09713,1.2322,-1.2322,3.9583,-3.9583,-14.4568,-1.78867,4.74212,-1.59382,-3.44196,-9.65462,151.62,-3.00472,1.44317,159.108,37.3798,3.01569,158.842,19.1501,-1.52979,159.138,14.4294,5.6295,144.352,-6.99459,7.19025,143.367,-12.5569,12.6227,145.928,1.76135,1.29319,59.557,76.6491,-110.845,1.93489,216.796,120.124,28.3333,-172.84,-36.6437,882.798,331.515,-19.1115,31.7578,-145.499,-42.0004,84.0031,-85.9361,-61.0483,-5.39281,-14.1421,8.15068,-0.292011,-0.531833,-0.427151,0.637188,0.212905,0.72777,0.678433,0.133611,0.719817,0.0147712,0.0716587,0.861247,0.317091,-0.736909,0.170417,0.161569,-0.710061,-0.0135506,-0.000427262,-0.19001,0.796112
65.92,0,,40.3521,-5.08903,-2.73396,-4.848,-5.31499,-7.18215,17.6261,5.66366,-4.51992,14.9566,-6.55189,-11.0768,-0.0365489,-0.700069,3.24614,3.24614,1.18007,-1.18007,3.97483,-3.97483,-15.0115,-1.82135,4.2518,-1.62064,-3.56303,-9.71421,151.691,-3.15645,1.40241,159.497,37.0866,3.05146,159.21,19.4986,-1.38847,159.363,14.9813,5.2068,144.369,-7.39808,7.24395,143.372,-12.9577,12.7354,145.955,1.79551,1.31356,79.1125,80.092,-111.332,8.7814,211.941,129.876,9.25037,-163.57,-62.4801,884.228,432.685,-189.378,70.8217,-138.157,-28.3156,116.192,-72.7691,-65.4388,13.2746,-16.1624,18.242,-0.292065,-0.530599,-0.427812,0.638642,0.208873,0.727514,0.677088,0.133306,0.720791,0.0134892,0.0773953,0.859344,0.318144,-0.736823,0.166641,0.163647,-0.709159,-0.0163586,-0.000793499,-0.190074,0.796002
65.93,0,,40.2284,-5.32578,-2.80631,-4.86989,-5.59868,-7.19806,17.1275,5.69873,-4.04594,15.4126,-6.18875,-11.1377,-0.069443,-0.871539,3.41256,3.41256,1.11581,-1.11581,4.07505,-4.07505,-15.6927,-1.86274,3.91791,-1.64182,-3.72611,-9.89838,151.785,-3.32457,1.35571,159.876,36.7934,3.0848,159.572,19.7012,-1.27314,159.735,15.6575,4.96364,144.435,-7.80061,7.27312,143.427,-13.3942,12.8338,145.96,1.83607,1.32119,85.4441,95.7118,-113.767,1.48837,187.524,137.198,-35.1255,-171.345,-92.7914,835.369,443.362,-400.907,92.2751,-132.305,-24.4056,99.1312,-57.1507,-37.5907,-10.7856,-4.79822,19.0182,-0.292187,-0.529195,-0.428605,0.640046,0.204905,0.727269,0.676283,0.132266,0.72145,0.0104985,0.0826452,0.85691,0.319101,-0.736655,0.162908,0.165597,-0.708107,-0.0195933,-0.00115974,-0.190015,0.796011
65.94,0,,40.1422,-5.52126,-2.86643,-4.87687,-5.88618,-7.17949,16.7686,5.77764,-3.49064,15.8808,-6.13598,-11.1856,-0.271193,-1.07967,3.60798,3.60798,1.05049,-1.05049,4.12258,-4.12258,-16.3348,-1.89106,3.8572,-1.6757,-4.11157,-10.032,151.889,-3.52317,1.30737,160.266,36.5109,3.1283,159.945,19.7774,-1.17745,160.3,16.2929,5.06111,144.55,-8.19928,7.28099,143.52,-13.8679,12.9429,145.977,1.86169,1.34665,91.3141,120.609,-82.0295,-24.9303,143.053,116.21,-56.1491,-154.3,-125.467,789.609,368.097,-582.466,137.209,-128.422,-5.36041,123.042,-114.722,-61.5083,-14.1043,-15.6573,24.452,-0.292262,-0.527574,-0.429542,0.641463,0.201308,0.726918,0.675951,0.130441,0.721852,0.0061039,0.0854547,0.854119,0.319906,-0.736437,0.15919,0.16749,-0.707012,-0.0233168,-0.00146492,-0.190135,0.795941
65.95,0,,40.0301,-5.72543,-2.90554,-4.86005,-6.17368,-7.16491,16.5162,5.87188,-3.01031,16.3422,-6.48246,-11.2504,-0.61256,-1.31263,3.78902,3.78902,0.993249,-0.993249,4.10191,-4.10191,-16.79,-1.89978,4.14906,-1.68981,-4.70953,-10.1259,152.015,-3.70815,1.2621,160.683,36.211,3.19113,160.346,19.7288,-1.11661,161.045,16.7301,5.56896,144.687,-8.59506,7.2671,143.63,-14.3563,13.0555,145.999,1.87023,1.35683,117.663,138.657,-104.985,-37.1349,115.259,78.62,-6.33942,-119.612,-132.306,783.65,259.226,-698.656,152.328,-139.647,-9.27035,191.413,-144.067,-24.9211,-3.9409,-15.6573,18.6301,-0.292496,-0.525967,-0.430626,0.642994,0.198013,0.726435,0.676187,0.127754,0.721905,0.000915575,0.0845992,0.851241,0.32064,-0.736135,0.155528,0.16932,-0.705906,-0.027284,-0.00158695,-0.190189,0.795854
65.96,0,,39.895,-5.91114,-2.92705,-4.8169,-6.48917,-7.14767,16.3722,6.02531,-2.79429,16.8484,-7.17681,-11.3295,-1.05334,-1.56097,3.96379,3.96379,0.933884,-0.933884,4.05025,-4.05025,-16.8563,-1.91939,4.79816,-1.6884,-5.47303,-10.1981,152.169,-3.88782,1.21192,161.15,35.8923,3.2786,160.791,19.5537,-1.05831,161.944,16.7767,6.45232,144.847,-8.97153,7.21895,143.762,-14.8804,13.167,146.026,1.88945,1.3492,135.24,161.126,-120.601,-64.9675,74.2355,63.4704,39.5243,-116.223,-115.25,846.094,69.8387,-653.266,198.74,-180.184,-16.1128,199.229,-169.421,-18.5654,-59.1134,4.79822,-27.9452,-0.292865,-0.524326,-0.43179,0.644675,0.195014,0.725793,0.676811,0.124094,0.721797,-0.0036622,0.0792255,0.84847,0.321062,-0.735756,0.151924,0.171211,-0.704681,-0.0315565,-0.00177008,-0.19007,0.795744
65.97,0,,39.7512,-6.07513,-2.92509,-4.76835,-6.86572,-7.12645,16.3388,6.20504,-2.78921,17.3438,-7.94685,-11.4047,-1.45172,-1.83532,4.14878,4.14878,0.858773,-0.858773,4.00272,-4.00272,-16.579,-1.91721,5.55932,-1.68276,-6.24395,-10.2974,152.34,-4.07858,1.14679,161.688,35.5496,3.40619,161.301,19.2473,-0.977191,162.864,16.4775,7.41366,145.033,-9.34027,7.14811,143.916,-15.4223,13.2796,146.048,1.88731,1.33901,158.192,159.677,-146.478,-81.0419,56.6442,54.6963,31.7618,-171.843,-118.628,975.988,-121.124,-608.962,253.429,-214.87,-27.8426,272.936,-183.569,5.85395,-18.46,-29.7994,-21.347,-0.293366,-0.522516,-0.433029,0.646534,0.192336,0.72497,0.677705,0.119268,0.721652,-0.00646989,0.0714739,0.845846,0.321358,-0.735309,0.14838,0.173045,-0.703409,-0.0360738,-0.00177009,-0.19001,0.795624
65.98,0,,39.5543,-6.22283,-2.929,-4.69219,-7.28553,-7.11054,16.3889,6.44833,-2.83623,17.9002,-8.52593,-11.5576,-1.70684,-2.12741,4.32146,4.32146,0.781109,-0.781109,3.96243,-3.96243,-16.1147,-1.94117,6.17573,-1.59382,-6.90368,-10.4238,152.532,-4.25709,1.07838,162.297,35.1667,3.54151,161.872,18.8145,-0.863756,163.692,15.9956,8.16467,145.236,-9.68392,7.04394,144.069,-16.0032,13.384,146.076,1.90866,1.24228,178.704,162.612,-192.388,-104.484,41.5156,21.9669,-34.6727,-280.291,-129.435,1083.48,-237.872,-414.589,254.401,-237.799,-26.8651,291.973,-210.463,15.1366,-27.7937,-5.80837,-53.5616,-0.294019,-0.520713,-0.434345,0.64873,0.189772,0.72387,0.678757,0.11335,0.721546,-0.0070804,0.0640288,0.843361,0.321313,-0.734797,0.144908,0.174998,-0.701946,-0.0408349,-0.00170911,-0.189162,0.795591
65.99,0,,39.297,-6.39116,-2.92705,-4.61255,-7.77657,-7.11982,16.5516,6.72889,-2.56429,18.5,-8.81826,-11.7728,-1.76239,-2.42541,4.46652,4.46652,0.685784,-0.685784,3.91593,-3.91593,-15.8224,-1.98039,6.50027,-1.43006,-7.41022,-10.5719,152.746,-4.40905,0.989693,162.983,34.7476,3.69326,162.508,18.2341,-0.72814,164.371,15.6847,8.59455,145.434,-10.0208,6.91893,144.218,-16.6149,13.4765,146.092,1.94709,1.06663,199.71,159.169,-221.186,-142.065,46.8634,-5.36548,-115.209,-405.785,-187.018,1212.42,-100.995,-614.826,261.707,-271.952,-23.4281,310.547,-224.611,23.9176,-9.74853,-4.29314,-41.9178,-0.294946,-0.518963,-0.435582,0.651271,0.187568,0.722441,0.680068,0.106142,0.721389,-0.00714151,0.0595736,0.840928,0.321057,-0.734219,0.141363,0.177131,-0.700285,-0.0456561,-0.00152596,-0.187632,0.795697
66,0,,39.0052,-6.5584,-2.94562,-4.53702,-8.22055,-7.16093,16.8062,7.01821,-1.59474,19.1175,-9.25778,-12.0502,-2.06648,-2.72223,4.61297,4.61297,0.575565,-0.575565,3.86221,-3.86221,-16.1178,-2.02832,6.83416,-1.20983,-8.10701,-10.7326,152.96,-4.56354,0.885644,163.598,34.3018,3.7585,163.101,17.5338,-0.685681,165.27,15.9528,9.16909,145.61,-10.3577,6.7893,144.338,-17.2331,13.5773,146.098,1.99193,0.832429,234.369,153.806,-211.917,-150.847,47.8485,14.6446,-120.125,-550.316,-227.546,83.8944,7.87655,-1025.94,280.288,-290.04,-15.6398,351.056,-199.187,18.5654,-14.1043,-15.1523,-30.2739,-0.295979,-0.517124,-0.436797,0.654275,0.185741,0.720563,0.682097,0.098515,0.720612,-0.0117193,0.0576199,0.837319,0.320824,-0.733573,0.137827,0.179452,-0.698579,-0.0504173,-0.00122073,-0.185613,0.795918
66.01,0,,38.6113,-6.7604,-2.99499,-4.46277,-8.45081,-7.22326,17.0837,7.33821,0.475246,19.8273,-9.78271,-12.4144,-2.35668,-3.05216,4.73181,4.73181,0.458537,-0.458537,3.79195,-3.79195,-17.4471,-2.13943,7.06064,-0.904905,-8.54683,-10.9149,153.202,-4.69102,0.77115,163.96,33.8024,3.61352,163.496,16.7557,-0.778204,165.955,17.2489,9.7344,145.786,-10.7004,6.65503,144.459,-17.8886,13.6745,146.081,2.10081,0.501494,273.448,124.016,-172.372,-118.177,9.78079,-8.77413,43.9231,-522.905,-288.084,277.424,-121.999,390.7,303.22,-319.352,12.7073,358.41,-209.973,0.501767,4.97797,-16.1624,-62.8767,-0.297261,-0.515354,-0.438017,0.657918,0.183966,0.718162,0.684853,0.09168,0.719096,-0.0229509,0.0618331,0.834106,0.320577,-0.732895,0.134225,0.181957,-0.696698,-0.0553623,-0.0010987,-0.182628,0.796373
66.02,0,,38.0838,-6.99715,-3.1216,-4.36916,-8.22309,-7.27763,17.2297,7.66479,1.549,20.5764,-11.3006,-12.881,-3.11982,-3.40338,4.8156,4.8156,0.354489,-0.354489,3.73202,-3.73202,-17.857,-2.2854,8.31914,-0.499745,-9.04842,-11.1118,153.427,-4.78224,0.66792,163.757,33.2441,3.08142,163.425,16.0473,-1.06401,166.667,17.6278,11.219,145.956,-11.045,6.51243,144.569,-18.5506,13.7717,146.048,2.24172,0.05855,333.499,35.1535,-51.2663,24.4093,-9.28824,-5.87046,322.275,-241.717,-222.649,-849.669,-751.423,455.636,337.385,-353.985,15.6398,422.831,-262.711,27.3463,6.42988,-33.0824,-68.6986,-0.298535,-0.513875,-0.439104,0.662335,0.182202,0.715134,0.68815,0.0881399,0.716778,-0.0336324,0.0551181,0.832449,0.320327,-0.73215,0.130621,0.184523,-0.694753,-0.0603071,-0.000915555,-0.178655,0.797021
66.03,0,,37.4096,-7.2415,-3.2917,-4.22859,-7.20411,-7.271,17.0252,8.0111,3.30385,21.4232,-14.9702,-13.45,-4.89536,-3.78061,4.89289,4.89289,0.297038,-0.297038,3.70205,-3.70205,-19.2406,-2.51416,11.5599,0.00988195,-9.72545,-11.2869,153.603,-4.86353,0.613028,162.593,32.576,2.03994,162.536,15.5772,-1.68315,167.604,18.9549,14.935,146.132,-11.3935,6.36057,144.684,-19.2337,13.8607,146.015,2.46375,-0.501494,401.366,-71.7929,134.27,376.931,17.5914,77.6416,1037.14,383.258,1.94195,-1731.04,-1830.51,-958.398,373.028,-433.091,29.2931,443.842,-382.826,-23.4576,14.1043,-25.0012,-89.6574,-0.299344,-0.512742,-0.440104,0.667192,0.180119,0.711932,0.692157,0.091189,0.713154,-0.0632959,0.040773,0.831758,0.320023,-0.731358,0.126959,0.187147,-0.692677,-0.0653734,-0.00103766,-0.173473,0.797842
66.04,0,,36.5328,-7.5521,-3.37823,-4.00805,-5.12926,-7.26834,16.2554,8.39467,0.454914,22.4126,-15.5715,-14.1616,-6.45747,-4.18504,4.89289,4.89289,0.307039,-0.307039,3.67519,-3.67519,-16.389,-2.86492,12.1413,0.632445,-9.39188,-11.4711,153.757,-4.86307,0.620811,160.222,31.7633,0.520497,160.533,15.5285,-2.53867,167.232,16.1646,14.8889,146.274,-11.7275,6.19111,144.755,-19.9411,13.971,145.96,2.80748,-1.20155,429.199,-205.557,15.6164,902.326,148.893,184.572,1489.25,1308.06,736.843,-1346.6,-2753.47,312.082,427.253,-520.497,24.9101,465.82,-511.204,24.9211,49.7797,3.78807,-89.6574,-0.300005,-0.512359,-0.441066,0.671728,0.177561,0.709327,0.695492,0.103646,0.709043,-0.0456562,0.0239878,0.834568,0.319658,-0.730447,0.12342,0.190134,-0.690524,-0.070438,-0.00170902,-0.166813,0.798968
66.05,0,,35.6171,-7.81817,-3.34254,-3.73262,-3.84185,-7.21397,15.2789,8.86153,-4.85793,23.5865,-10.5986,-15.0002,-6.46112,-4.62022,4.87826,4.87826,0.367255,-0.367255,3.68346,-3.68346,-11.0747,-3.38126,7.73542,1.34677,-8.28244,-11.63,153.834,-4.84459,0.680619,158.767,30.8649,-0.260974,159.171,15.5999,-2.53867,165.966,10.9571,9.34966,146.384,-12.0064,6.00082,144.783,-20.6729,14.1061,145.878,3.31347,-2.02889,444.83,-271.008,-250.975,1005.84,454.561,220.205,560.521,1334.97,1437.97,2492.28,99.0695,845.684,390.638,-503.42,-5.36041,439.934,-542.021,79.112,76.1215,11.1117,-72.1917,-0.300064,-0.512477,-0.441734,0.675208,0.175059,0.707803,0.694025,0.112314,0.709712,0.0195931,0.0270397,0.835973,0.319291,-0.729406,0.12055,0.193557,-0.688284,-0.0754452,-0.00329618,-0.158644,0.800423
66.06,0,,35.0709,-7.88007,-3.2917,-3.45021,-4.6891,-6.94875,15.0181,9.43578,-6.81101,25.0399,-7.65661,-15.9075,-5.13439,-5.11098,4.97505,4.97505,0.437259,-0.437259,3.78678,-3.78678,-8.62708,-4.15686,5.2698,2.10344,-7.72155,-11.6661,153.702,-4.93535,0.76562,159.635,30.2169,0.318001,159.874,15.2108,-2.03613,165.308,8.54768,6.43591,146.5,-12.2082,5.77025,144.805,-21.4339,14.252,145.807,4.07138,-2.94532,370.104,-175.768,-136.722,792.484,805.684,202.152,-45.9284,697.738,891.608,2692.01,1482.37,322.724,340.806,-458.999,18.0677,339.374,-510.224,66.9023,5.80764,-14.1421,-97.8081,-0.29867,-0.512555,-0.441626,0.677052,0.17439,0.707206,0.692809,0.105417,0.711915,0.0519439,0.0313739,0.836108,0.318989,-0.728193,0.11872,0.197154,-0.685948,-0.0806316,-0.00671424,-0.148995,0.802046
66.07,0,,34.9314,-7.83446,-3.3445,-3.1954,-6.26782,-6.54827,15.5543,10.124,-4.80328,26.5952,-7.63855,-16.9949,-3.92901,-5.75192,5.09063,5.09063,0.481943,-0.481943,3.9211,-3.9211,-9.78761,-5.03267,5.34685,3.02811,-7.91181,-11.713,153.499,-5.04574,0.829933,161.282,29.9464,1.21884,161.339,14.4067,-1.62992,165.462,9.69216,6.70574,146.697,-12.3337,5.5045,144.882,-22.2257,14.4275,145.681,4.92751,-4.05268,329.113,-85.4556,-78.621,500.466,1030.29,214.84,19.0182,71.269,-102.501,-75.3143,1308.56,1267.01,369.143,-451.179,36.6084,382.826,-576.199,100.103,-14.7265,-111.369,4.2694,-0.297023,-0.512617,-0.441078,0.678014,0.176096,0.706458,0.693701,0.0916186,0.712745,0.0430323,0.036318,0.835498,0.318749,-0.726921,0.117929,0.200571,-0.683687,-0.0864908,-0.0103764,-0.137518,0.803928
66.08,0,,35.1341,-7.71391,-3.55909,-3.00786,-7.49798,-6.02048,16.6852,10.9788,-3.49318,27.8926,-8.80367,-18.2859,-3.30768,-6.54305,5.17373,5.17373,0.461942,-0.461942,4.07092,-4.07092,-10.083,-5.6209,6.35785,4.2083,-8.42081,-11.8575,153.262,-5.12772,0.829114,162.478,30.0602,1.73644,162.448,13.3935,-1.55324,165.9,9.97391,7.84969,146.999,-12.3646,5.198,145.035,-23.0856,14.6077,145.439,5.50181,-5.36624,272.953,-8.8065,-136.235,358.921,697.744,203.604,343.752,-409.174,-440.907,-1174.28,977.567,740.788,355.967,-476.076,99.609,417.956,-709.481,83.0007,-45.8388,-60.104,194.452,-0.295674,-0.51273,-0.43991,0.678614,0.179389,0.705165,0.696454,0.0789843,0.71153,0.0346685,0.0306401,0.834729,0.318313,-0.72568,0.118169,0.203802,-0.681292,-0.0932641,-0.011048,-0.12519,0.806014
66.09,0,,35.5467,-7.4663,-3.78541,-2.87332,-8.16966,-5.37998,18.0747,11.9783,-3.95318,29.0271,-8.44678,-19.4433,-2.85813,-7.32353,5.26239,5.26239,0.370873,-0.370873,4.23727,-4.23727,-8.56378,-6.01306,5.93057,5.32073,-8.59872,-11.9423,152.977,-5.22056,0.75968,162.956,30.3963,1.88529,162.92,12.3479,-1.67174,165.927,8.46801,7.21975,147.378,-12.2873,4.83779,145.26,-23.9764,14.7654,145.225,5.88184,-6.57033,184.079,87.4126,-138.182,209.935,42.0082,170.401,127.435,-574.239,-344.738,537.21,771.902,1433.15,325.687,-512.198,145.519,384.759,-806.623,42.9847,-57.6615,25.0012,179.703,-0.294457,-0.512675,-0.438145,0.678511,0.182751,0.704208,0.699797,0.0701323,0.70938,0.0480376,0.0256974,0.834096,0.317521,-0.724402,0.119452,0.206734,-0.678737,-0.100529,-0.0105596,-0.114324,0.807593
66.1,0,,35.9966,-7.11987,-3.92375,-2.76289,-8.51187,-4.65858,19.3996,13.0874,-4.65842,30.0938,-8.72591,-20.3752,-2.76383,-8.0981,5.34966,5.34966,0.221715,-0.221715,4.42118,-4.42118,-6.9089,-6.32025,6.21776,6.21434,-8.75191,-11.9622,152.664,-5.31663,0.634739,163,30.7752,1.88143,162.986,11.4061,-1.80356,165.916,6.82804,7.27413,147.823,-12.1174,4.42202,145.535,-24.8802,14.948,145.066,6.18287,-7.53004,96.6894,199.215,-77.1429,-91.3117,-618.653,161.122,-388.645,-359.834,142.607,320.324,10.327,-1288.51,294.436,-488.258,184.556,374.505,-819.79,50.7621,-150.791,83.59,88.8812,-0.293418,-0.512489,-0.435945,0.677826,0.185738,0.703828,0.702648,0.0643931,0.707409,0.058229,0.0156864,0.83431,0.316239,-0.723058,0.121466,0.209426,-0.676316,-0.108284,-0.0101933,-0.105657,0.808691
66.11,0,,36.264,-6.66809,-3.85971,-2.62899,-8.98383,-3.96238,20.4386,14.3367,-4.23274,31.1537,-9.37374,-21.3046,-2.54161,-9.03941,5.42927,5.42927,0,0,4.55447,-4.55447,-6.47785,-6.63615,6.71975,7.11218,-8.82851,-12.1121,152.449,-5.41224,0.432376,163.219,30.9546,2.03173,163.206,10.5517,-1.96009,165.911,6.40056,7.71837,148.356,-11.8394,3.90764,145.886,-25.8083,15.1354,144.83,6.48817,-8.51012,36.1431,293.949,3.91279,-416.521,-1071.81,116.715,-483.866,-86.4199,411.609,-135.852,-578.139,-292.536,213.859,-456.552,227.534,346.182,-793.946,24.4193,-178.792,-26.769,-26.7808,-0.293279,-0.511788,-0.433967,0.677271,0.187507,0.703822,0.705488,0.0582311,0.705305,0.0583523,0.0103765,0.834817,0.314172,-0.72149,0.124216,0.211746,-0.673936,-0.116707,-0.00976617,-0.0968071,0.810103
66.12,0,,36.0958,-6.12617,-3.64854,-2.44018,-9.81327,-3.26618,20.9143,15.7395,-3.85025,32.0494,-10.3833,-21.9604,-2.00873,-9.85182,5.48636,5.48636,-0.252993,0.252993,4.62473,-4.62473,-6.12216,-6.72548,7.56497,7.78698,-8.94711,-12.1193,152.356,-5.48891,0.191507,163.9,30.6949,2.40531,163.842,9.82549,-2.09317,165.999,6.04691,8.52068,149.009,-11.4456,3.3002,146.358,-26.7656,15.3062,144.803,6.5757,-9.20508,0.989318,326.674,114.74,-671.405,-1201.63,-25.3755,-222.656,120.111,101.066,259.31,-952.187,1069.81,119.641,-437.985,275.872,273.441,-795.907,0.501767,-535.547,-345.219,392.009,-0.293961,-0.510769,-0.432457,0.678197,0.188364,0.703162,0.708055,0.0502352,0.703355,0.0559099,0.00317392,0.835169,0.31118,-0.71978,0.127634,0.213451,-0.671545,-0.125983,-0.00854535,-0.0908859,0.810282
66.13,0,,35.3713,-5.50389,-3.3401,-2.17014,-10.8284,-2.55804,20.7954,17.2847,-3.76257,31.8879,-9.57024,-22.4063,-0.999248,-10.5223,5.51816,5.51816,-0.510881,0.510881,4.62783,-4.62783,-5.49216,-5.7233,6.60768,8.30931,-8.79639,-12.168,152.378,-5.54133,-0.0626751,164.828,29.8862,2.82528,164.715,9.14949,-2.23322,165.867,5.42707,7.44957,149.783,-10.9398,2.6034,146.962,-27.744,15.4674,144.803,5.59575,-9.52074,-101.57,284.671,206.056,-628.912,-920.872,-250.473,187.983,205.534,-315.947,-243.58,-50.2349,-351.608,39.5706,-437.028,298.354,184.563,-803.681,-61.0483,-333.524,244.204,438.584,-0.295311,-0.509561,-0.431491,0.681607,0.190132,0.700651,0.710556,0.0410183,0.701339,0.0661641,0.00634785,0.834681,0.307382,-0.717856,0.131718,0.21449,-0.669229,-0.136116,0.000366221,-0.0911281,0.809654
66.14,0,,34.2803,-4.80993,-3.01015,-1.77825,-11.8042,-1.85256,20.374,18.979,-4.11456,29.4396,-8.10099,-23.2163,0.181283,-11.0923,5.51677,5.51677,-0.727915,0.727915,4.5927,-4.5927,-4.36177,-2.46405,5.10636,9.16339,-8.48506,-12.6014,152.471,-5.55727,-0.282448,165.755,28.7388,3.16648,165.604,8.43135,-2.35616,165.593,4.31367,5.75056,150.613,-10.3133,1.8302,147.615,-28.7337,15.6939,144.473,2.40397,-9.70148,-166.997,201.643,251.949,-380.354,-239.242,-371.102,233.911,8.77157,-664.569,223.083,398.903,126.397,38.5571,-452.615,283.692,223.644,-688.47,-102.068,-583.045,263.144,955.182,-0.296891,-0.508511,-0.430992,0.686696,0.194289,0.696279,0.712913,0.0314341,0.699363,0.0832568,0.0107428,0.834094,0.302754,-0.715683,0.136483,0.21534,-0.667259,-0.146917,0.0273455,-0.0986392,0.808952
66.15,0,,33.1001,-4.00846,-2.84981,-1.22961,-12.5611,-1.15636,19.9337,20.9143,-4.11456,26.4079,-6.57759,-22.6655,1.4488,-11.1893,5.49704,5.49704,-0.873668,0.873668,4.53277,-4.53277,-3.55694,1.52941,3.60971,8.53801,-7.90934,-12.6736,152.598,-5.54872,-0.435039,166.507,27.5606,3.24622,166.356,7.69699,-2.40369,165.078,3.52478,4.1008,151.458,-9.53912,0.984781,148.258,-29.7884,16.0449,144.473,-1.49234,-8.20209,-182.133,83.4986,236.333,-82.9768,434.084,-346.673,-107.447,-342.29,-763.693,595.603,148.954,383.75,76.1851,-479.48,227.061,436.993,-515.127,-144.049,-884.835,179.807,158.744,-0.298359,-0.507722,-0.430996,0.692586,0.199469,0.69051,0.714709,0.0225235,0.697862,0.0979046,0.0170295,0.834631,0.297133,-0.713229,0.142035,0.216625,-0.665562,-0.158578,0.0551172,-0.121832,0.804723
66.16,0,,32.1457,-3.07992,-2.9901,-0.533096,-12.8002,-0.468113,19.7647,23.196,-3.34451,23.3788,-6.33873,-21.2423,2.02262,-10.896,5.48752,5.48752,-0.956013,0.956013,4.45528,-4.45528,-3.57503,5.76252,3.21044,6.92019,-7.59059,-12.3649,152.757,-5.54526,-0.52557,166.771,26.6769,2.87554,166.713,6.97722,-2.54247,164.837,3.54421,3.68323,152.309,-8.62498,0.0750045,148.867,-31.0069,16.5121,144.803,-5.62778,-5.6819,-168.943,9.27763,199.222,352.521,850.577,-142.564,-244.132,-617.698,-562.49,182.089,114.297,178.302,100.595,-447.242,135.744,666.016,-522.48,-124.522,-785.068,-272.488,395.89,-0.299571,-0.507038,-0.431473,0.698523,0.203868,0.684179,0.716838,0.0162363,0.695962,0.100162,0.0200201,0.83529,0.290722,-0.710417,0.148444,0.218881,-0.6636,-0.171515,0.0813041,-0.154124,0.796255
66.17,0,,31.5563,-2.02215,-3.29659,0.288443,-12.4606,0.180349,19.9838,25.8153,-2.42452,19.9006,-6.75603,-20.1406,1.96779,-10.1297,5.49611,5.49611,-0.98644,0.98644,4.35092,-4.35092,-3.77096,10.7037,3.35521,5.59742,-7.41763,-11.769,152.949,-5.55519,-0.565305,166.502,26.1869,2.20619,166.609,6.25907,-2.79342,164.755,3.73852,3.84226,153.155,-7.57473,-0.880145,149.443,-32.391,17.0089,145.351,-10.4763,-3.38826,-147.936,-64.9434,179.206,775.368,838.404,-270.515,-56.1491,-608.428,-242.153,39.5639,28.3556,223.691,90.8393,-381.861,36.6084,916.974,-608.907,-335.431,-299.301,-710.894,700.57,-0.300626,-0.506333,-0.432474,0.703248,0.204913,0.679381,0.71951,0.0129399,0.693508,0.0979661,0.0202036,0.835855,0.283591,-0.707267,0.155651,0.221997,-0.660925,-0.185374,0.113043,-0.186594,0.783242
66.18,0,,31.1768,-0.830796,-3.47061,1.10966,-11.8487,0.672332,20.3907,28.6558,-1.61634,16.4264,-7.19417,-19.3318,1.60961,-8.61842,5.51004,5.51004,-0.992185,0.992185,4.23623,-4.23623,-3.85536,15.8889,3.53032,4.64734,-7.29161,-10.6622,153.164,-5.56812,-0.581076,165.986,25.8656,1.62094,166.252,5.52633,-3.07289,164.727,3.82401,4.01975,153.847,-6.37872,-1.76677,149.86,-33.8285,17.456,146.345,-15.6066,-1.63176,-160.632,-94.7333,161.624,527.852,434.084,-199.722,143.09,-286.172,17.562,-38.6105,-55.6609,38.6574,45.9053,-284.667,-30.2705,678.202,-708.01,-317.368,-1525.33,-299.762,1025.82,-0.301595,-0.505649,-0.433684,0.705785,0.201365,0.677829,0.722321,0.0112309,0.690887,0.0963783,0.0195931,0.836215,0.275649,-0.704322,0.163583,0.226149,-0.657389,-0.198377,0.1471,-0.215889,0.765346
66.19,0,,30.8477,0.453951,-3.56447,1.84204,-11.3004,0.922964,20.7787,31.5885,-0.951762,11.9032,-7.38859,-18.1277,1.3355,-6.35739,5.53418,5.53418,-0.992824,0.992824,4.11845,-4.11845,-3.82823,22.2897,3.549,3.41916,-7.13348,-9.38017,153.372,-5.59121,-0.591522,165.552,25.5563,1.16955,165.944,4.82764,-3.27885,164.662,3.80069,4.02488,154.297,-5.09776,-2.51589,149.998,-35.2548,17.9362,147.387,-21.9752,0.404759,-183.09,-116.695,149.416,59.0884,38.5603,-148.434,134.745,102.069,162.617,14.5385,-21.5292,-19.9802,68.3723,-161.618,-65.933,462.416,-821.751,-325.689,-1369.57,-324.763,902.396,-0.302509,-0.504914,-0.434963,0.707313,0.194774,0.678015,0.724643,0.00933881,0.688691,0.0965003,0.019471,0.836519,0.267415,-0.701836,0.17201,0.231764,-0.653419,-0.20979,0.188852,-0.250745,0.740821
66.2,0,,30.5429,1.8006,-3.66956,2.49635,-11.0256,0.850029,21.1188,34.5628,-0.307512,6.94294,-7.38164,-17.2749,1.35377,-3.60323,5.55669,5.55669,-1.00304,1.00304,4.00686,-4.00686,-3.83727,29.2113,3.40891,2.62578,-6.94322,-8.09457,153.576,-5.61315,-0.611185,165.409,25.2657,0.838982,165.895,4.19703,-3.41763,164.557,3.80847,3.87406,154.407,-3.76661,-3.16223,149.723,-36.6242,18.624,148.347,-28.8925,1.87615,-170.427,-124.994,143.556,-121.079,-206.523,-2.43025,25.8752,280.79,183.134,35.7505,6.82634,-59.0719,163.097,25.3758,-50.2933,330.087,-732.943,-262.215,-1676.75,-206.071,372.991,-0.303425,-0.504183,-0.436124,0.708726,0.187695,0.678328,0.72647,0.0061648,0.686917,0.0972945,0.0205698,0.83683,0.258985,-0.699618,0.180856,0.239455,-0.649696,-0.219312,0.235488,-0.28206,0.712567
66.21,0,,30.1548,3.20047,-3.72431,3.11607,-11.1274,0.389873,21.34,37.5503,0.414252,1.10333,-7.41428,-16.7538,1.73973,-0.348852,5.57131,5.57131,-1.00729,1.00729,3.89114,-3.89114,-3.9277,37.05,3.33886,2.33779,-6.73813,-6.96426,153.779,-5.62678,-0.625727,165.678,24.8842,0.726376,166.208,3.59398,-3.49178,164.442,3.89979,3.80122,154.133,-2.40071,-3.75578,148.933,-37.8882,19.6829,148.984,-36.7321,2.89441,-171.383,-104.011,138.669,-152.856,-345.213,17.0748,-85.9055,159.682,177.731,-40.0405,4.37586,-64.067,236.832,188.004,-61.5186,246.084,-398.444,-86.9312,-1716.78,-138.138,1555.61,-0.304344,-0.503516,-0.437288,0.710048,0.180243,0.678797,0.727867,0.000793482,0.685508,0.0971094,0.021668,0.837302,0.249823,-0.697648,0.189702,0.249533,-0.646905,-0.226826,0.289994,-0.310747,0.680214
66.22,0,,29.5956,4.62205,-3.73409,3.73992,-11.4925,-0.379264,21.3525,40.4807,1.02928,-7.46543,-7.45177,-15.424,2.41515,3.18106,5.57804,5.57804,-1.00793,1.00793,3.76302,-3.76302,-3.93373,47.4945,3.25481,1.89451,-6.51081,-6.52549,154.004,-5.63209,-0.638631,166.249,24.3339,0.739425,166.79,3.0347,-3.57796,164.311,3.90757,3.7017,153.572,-1.03867,-4.36878,147.747,-38.9866,21.0975,148.172,-47.091,5.17531,-156.741,-31.7469,139.156,-179.2,-389.613,9.75254,-123.554,-127.487,141.593,-1.43002,-40.608,9.77293,285.145,261.738,-98.1585,197.758,-30.7465,-86.4294,-297.849,463.912,6485.22,-0.305381,-0.502845,-0.43857,0.71172,0.172498,0.679003,0.729213,-0.00604269,0.684045,0.0975995,0.0224619,0.837805,0.240304,-0.695581,0.198554,0.261004,-0.645368,-0.232743,0.360858,-0.348345,0.6373
66.23,0,,28.9014,6.04472,-3.69694,4.33997,-11.9276,-1.31284,21.2482,43.3914,1.59855,-19.1908,-7.44344,-4.9616,3.21557,5.96715,5.55158,5.55158,-1.02559,1.02559,3.60906,-3.60906,-3.8855,60.7428,3.05868,-6.43315,-6.24643,-7.4915,154.268,-5.60507,-0.673041,166.919,23.6765,0.774705,167.476,2.48515,-3.73259,164.157,3.86287,3.48214,152.891,0.324342,-5.01882,146.347,-39.9374,22.7778,142.838,-59.8816,19.5328,-141.11,0,143.556,-105.005,-366.674,33.2028,-49.8097,-358.937,118.628,7.38843,-45.859,11.7275,325.687,291.529,-124.992,231.46,182.588,-126.947,2527.77,1291.48,4539.54,-0.306847,-0.502175,-0.439914,0.713787,0.165293,0.67869,0.730861,-0.0134282,0.682153,0.0991272,0.0237441,0.838248,0.230907,-0.69327,0.207773,0.272907,-0.644881,-0.237932,0.416878,-0.448495,0.551952
66.24,0,,28.128,7.46413,-3.62752,4.90829,-12.3232,-2.17613,21.0729,46.2496,2.1691,-25.6208,-7.41706,10.1163,3.95313,7.14142,5.49147,5.49147,-1.05921,1.05921,3.43961,-3.43961,-3.8644,68.3332,2.82986,-20.0321,-6.00428,-8.65973,154.57,-5.54503,-0.726704,167.561,22.9723,0.782437,168.14,1.95991,-3.89989,164.042,3.84539,3.23386,152.309,1.70376,-5.70034,145.035,-40.7357,24.4865,135.606,-66.7455,40.789,-86.9281,26.3833,126.948,10.7163,-363.789,7.82728,13.6491,-435.588,45.9313,10.2485,-11.7273,30.1875,335.949,308.606,-121.587,384.296,323.224,-111.309,5143.49,-2443.81,-7493.97,-0.308672,-0.501554,-0.441248,0.71611,0.159007,0.6779,0.732471,-0.0205092,0.680221,0.100653,0.0253311,0.838489,0.221752,-0.69071,0.217419,0.283525,-0.645118,-0.243056,0.408945,-0.554761,0.45399
66.25,0,,27.2756,8.87486,-3.50923,5.39029,-12.6311,-2.80205,20.8121,49.0069,2.69264,-18.3413,-7.4483,10.7864,4.57154,9.35633,5.38401,5.38401,-1.1273,1.1273,3.2495,-3.2495,-3.85837,62.5032,2.65942,-22.809,-5.79178,-5.97117,154.888,-5.43903,-0.819487,168.11,22.2372,0.743774,168.722,1.48979,-4.07036,163.96,3.83761,3.04918,151.974,3.12758,-6.36705,144.08,-41.4091,25.881,145.39,-61.9098,34.1118,-9.76127,21.9619,110.845,105.005,-375.47,-8.77413,-11.7085,-420.437,-12.2427,29.3154,-10.6771,56.683,270.491,329.566,-84.4737,375.976,369.168,-76.185,635.314,-3767.1,-1055.32,-0.31099,-0.501002,-0.442405,0.718586,0.153447,0.676776,0.733969,-0.0267342,0.678365,0.101748,0.0265509,0.838642,0.212838,-0.688078,0.227487,0.291456,-0.645232,-0.24818,0.359331,-0.549281,0.464622
66.26,0,,26.3614,10.2682,-3.34792,5.77615,-12.8231,-3.18661,20.4699,51.7072,3.21236,-9.03695,-7.56079,3.12498,5.04156,10.3792,5.25218,5.25218,-1.21475,1.21475,3.04699,-3.04699,-3.88852,54.6295,2.55201,-17.6238,-5.6114,-3.32233,155.224,-5.30924,-0.933163,168.538,21.462,0.664516,169.188,1.05858,-4.25858,163.911,3.87065,2.93427,151.881,4.57747,-6.97264,143.52,-42.1214,26.7822,152.556,-54.4929,22.2923,25.3925,-1.44963,93.7505,130.382,-409.668,-61.5136,-35.1255,-397.412,-112.802,-17.6369,-11.7273,12.1619,200.683,303.712,-70.316,111.822,318.881,-101.064,-2233.45,-2350.12,2168.08,-0.313567,-0.500475,-0.443462,0.721117,0.148447,0.67546,0.735495,-0.0319833,0.676472,0.102179,0.0275286,0.838738,0.203986,-0.685631,0.237496,0.297083,-0.643914,-0.253561,0.32863,-0.491541,0.518703
66.27,0,,25.4098,11.6496,-3.14946,6.08078,-12.8931,-3.39216,20.0881,54.3374,3.67235,-3.4199,-7.71354,-5.62911,5.34418,9.08316,5.09133,5.09133,-1.32348,1.32348,2.83104,-2.83104,-3.90359,49.7036,2.4913,-10.3436,-5.48045,-3.34219,155.559,-5.15059,-1.06978,168.829,20.6775,0.546595,169.518,0.658167,-4.45503,163.894,3.88425,2.86348,151.958,6.06403,-7.5236,143.202,-42.7964,27.4415,153.242,-49.5889,14.276,47.85,-16.1271,79.108,81.5629,-406.712,-81.0503,-35.1255,-376.978,-205.087,-24.3103,-17.5034,11.2932,197.262,260.727,-63.4735,-102.031,237.287,-214.84,-1990.77,-809.131,1541.64,-0.316368,-0.500036,-0.444307,0.723617,0.144174,0.673992,0.737032,-0.0361955,0.674591,0.102483,0.0280776,0.838727,0.195142,-0.683271,0.247574,0.301108,-0.642319,-0.258991,0.326003,-0.432392,0.569604
66.28,0,,24.4467,13.044,-2.92998,6.28323,-12.757,-3.37625,19.6875,56.8602,4.06246,-2.03701,-7.81353,-13.1467,5.44945,6.61518,4.91958,4.91958,-1.44732,1.44732,2.60373,-2.60373,-3.87948,48.318,2.37923,-3.47139,-5.35443,-5.39698,155.888,-4.98015,-1.22176,168.895,19.8929,0.358597,169.644,0.275587,-4.66986,163.867,3.86093,2.74139,152.233,7.60562,-7.9727,143.103,-43.3562,28.0083,150.416,-48.0346,9.50038,31.7241,-59.0724,43.945,34.1582,-404.812,-95.2214,-19.0182,-377.975,-247.05,-13.1085,-9.80192,-17.5913,197.262,185.557,-33.203,-129.387,155.764,-170.392,-1326.63,299.762,704.063,-0.319292,-0.4996,-0.445031,0.726104,0.140692,0.67233,0.738697,-0.038943,0.672652,0.103333,0.0287478,0.838692,0.186229,-0.68119,0.257705,0.30348,-0.641446,-0.264538,0.344262,-0.388088,0.608012
66.29,0,,23.4592,14.4493,-2.71245,6.41682,-12.458,-3.06329,19.2369,59.1945,4.36997,-1.8253,-7.82603,-19.3072,5.40047,4.38016,4.74156,4.74156,-1.59541,1.59541,2.38779,-2.38779,-3.8222,47.9041,2.22046,2.26156,-5.20865,-7.27843,156.201,-4.80395,-1.39606,168.774,19.0936,0.0923073,169.578,-0.0713284,-4.86441,163.818,3.80652,2.56698,152.771,9.21092,-8.33152,143.383,-43.7991,28.2621,147.81,-47.3963,5.72008,-2.44032,-103.504,31.2502,2.90233,-378.425,-108.414,-4.85159,-398.409,-261.741,-18.1136,-5.77613,-9.33857,178.722,116.718,-22.9552,-85.4319,47.3454,-80.5755,-1034.59,870.497,-302.351,-0.322276,-0.499161,-0.44551,0.728731,0.137946,0.670318,0.740255,-0.0402843,0.670917,0.104679,0.0296032,0.838717,0.17707,-0.679225,0.267771,0.303301,-0.640906,-0.270035,0.362207,-0.351769,0.636212
66.3,0,,22.4256,15.8264,-2.5179,6.52376,-11.9848,-2.58854,18.7069,61.2197,4.61776,-0.561841,-7.72674,-23.0362,5.20164,2.47035,4.55982,4.55982,-1.73308,1.73308,2.18011,-2.18011,-3.7589,46.3638,2.00332,5.49578,-5.03816,-8.30222,156.498,-4.62243,-1.55807,168.473,18.2541,-0.237293,169.331,-0.38258,-5.01777,163.735,3.74435,2.33408,153.457,10.822,-8.60561,143.998,-44.1106,28.102,146.745,-45.7374,3.11588,-31.2625,-140.614,15.1295,-2.90233,-332.054,-102.039,17.0776,-377.975,-233.372,-30.7454,-12.2524,-48.8646,137.209,51.7624,-21.0002,-123.042,-35.6491,-31.7368,-1161.11,866.204,-319.817,-0.325159,-0.498817,-0.445957,0.731497,0.135874,0.667954,0.741593,-0.0402841,0.669509,0.106391,0.0308247,0.838799,0.167857,-0.67735,0.277484,0.300855,-0.640224,-0.27467,0.362445,-0.326005,0.656222
66.31,0,,21.3519,17.173,-2.35073,6.58786,-11.3564,-2.06871,18.0977,62.8986,4.76262,1.06668,-7.51843,-24.6564,4.8632,1.23931,4.38621,4.38621,-1.86458,1.86458,1.9869,-1.9869,-3.64134,44.4531,1.73948,6.72114,-4.85531,-8.46472,156.778,-4.44831,-1.71107,168.006,17.3664,-0.624403,168.919,-0.664651,-5.13247,163.637,3.6297,2.04681,154.165,12.409,-8.79266,144.788,-44.2323,27.6751,146.997,-43.8437,1.49684,-53.2253,-154.313,21.9812,-4.3907,-285.613,-121.102,-1.94064,-316.873,-186.512,-10.2485,-26.4302,8.25269,99.1166,5.85186,-37.5859,-232.931,-95.6714,-18.5654,-1634.23,807.616,1.16438,-0.327893,-0.498492,-0.446367,0.734371,0.133983,0.665335,0.742732,-0.0390654,0.668385,0.108767,0.0321052,0.838887,0.158943,-0.675569,0.28694,0.296895,-0.639875,-0.277851,0.353347,-0.310804,0.667081
66.32,0,,20.2321,18.4795,-2.19137,6.60785,-10.6745,-1.49584,17.3841,64.262,4.8198,1.31503,-7.21083,-25.5831,4.47359,0.581814,4.21562,4.21562,-2.00778,2.00778,1.82365,-1.82365,-3.49364,43.8343,1.38925,7.57522,-4.64528,-8.45028,157.031,-4.27718,-1.87247,167.462,16.4266,-1.02891,168.414,-0.894848,-5.23957,163.511,3.48397,1.67233,154.896,13.966,-8.9047,145.689,-44.1561,27.0905,147.222,-43.2395,0.455672,-67.8672,-145.507,19.5292,23.4419,-192.379,-135.242,3.42846,-217.296,-116.686,-5.48174,-12.2524,-13.6821,67.401,17.5556,-48.3383,-311.051,-132.301,18.0636,-1441.95,753.32,102.078,-0.330524,-0.498197,-0.446558,0.737288,0.13221,0.662515,0.743789,-0.036988,0.667372,0.111824,0.0338157,0.838984,0.150522,-0.673749,0.296284,0.291697,-0.640159,-0.279734,0.351836,-0.302393,0.671077
66.33,0,,19.0778,19.7469,-2.05548,6.58437,-9.999,-0.872572,16.6059,65.3425,4.84903,0.629696,-6.84213,-25.0867,4.10079,0.575902,4.04874,4.04874,-2.15353,2.15353,1.67176,-1.67176,-3.34292,44.1372,0.989984,7.21524,-4.42043,-8.04763,157.267,-4.10998,-2.03428,166.93,15.4438,-1.43487,167.915,-1.10397,-5.33082,163.374,3.33241,1.24861,155.659,15.4912,-8.93109,146.699,-43.9062,26.3636,147.799,-43.5918,0.521859,-74.2318,-136.736,0.486925,36.614,-116.244,-135.242,42.5,-86.9183,-84.9392,1.90669,-7.35144,16.5054,20.0176,34.6856,-83.4963,-357.402,-144.558,8.32097,-1080.01,647.507,457.99,-0.333094,-0.497901,-0.446689,-0.740271,-0.1305,-0.659457,0.74472,-0.0347914,0.666469,0.115177,0.0358287,0.839076,0.142771,-0.671859,0.305623,0.285295,-0.640968,-0.280595,0.352684,-0.30544,0.666609
66.34,0,,17.9121,20.9914,-1.92986,6.54216,-9.42018,-0.228089,15.7671,66.1798,4.79947,-0.339276,-6.48038,-23.7542,3.78355,0.826602,3.89231,3.89231,-2.29949,2.29949,1.53951,-1.53951,-3.15,44.6187,0.61874,6.06893,-4.2277,-7.46802,157.487,-3.95272,-2.19404,166.496,14.4397,-1.80072,167.492,-1.27256,-5.4018,163.264,3.14199,0.851555,156.433,16.9884,-8.90053,147.764,-43.4795,25.5739,148.594,-44.1405,1.23973,-92.2704,-140.614,-7.32127,32.2233,-42.9933,-112.296,19.9886,17.0448,-60.5381,60.5375,3.85076,64.067,-22.467,100.12,-101.564,-374.505,-111.36,12.2097,-849.159,448.254,797.214,-0.335534,-0.497594,-0.446748,-0.743143,-0.128547,-0.656407,-0.745455,0.0328994,-0.665739,0.118661,0.0374172,0.839048,0.135748,-0.669707,0.315138,0.277974,-0.642441,-0.280416,0.352067,-0.314467,0.658477
66.35,0,,16.7707,22.223,-1.81156,6.48885,-8.96348,0.415069,14.8971,66.7825,4.77533,-0.679909,-6.24152,-22.1768,3.51162,1.23695,3.76187,3.76187,-2.44801,2.44801,1.42069,-1.42069,-3.00833,44.3638,0.352565,4.57534,-4.09922,-6.54897,157.674,-3.82131,-2.354,166.172,13.4328,-2.12017,167.157,-1.41198,-5.47088,163.204,3.00208,0.569413,157.169,18.4469,-8.82738,148.812,-42.8694,24.7747,149.977,-43.9996,1.78959,-123.533,-145.035,-21.9812,-2.90233,16.6062,-91.3078,-16.6248,67.3816,-48.802,70.3092,32.2063,48.4303,-31.7578,171.406,-121.082,-364.756,-109.889,0,-542.392,122.986,464.2,-0.33773,-0.497226,-0.446686,-0.745832,-0.126228,-0.65348,-0.746113,0.0314339,-0.665056,0.121159,0.0385147,0.83896,0.129464,-0.667281,0.32479,0.269985,-0.644657,-0.279081,0.345234,-0.322406,0.650427
66.36,0,,15.6509,23.4404,-1.73873,6.44157,-8.62,1.04762,14.0208,67.153,4.89478,-0.172352,-6.19847,-20.4232,3.28282,1.62837,3.64953,3.64953,-2.57568,2.57568,1.30497,-1.30497,-3.02038,43.1241,0.245161,2.82624,-4.03497,-5.36448,157.833,-3.70723,-2.49185,165.953,12.4341,-2.41932,166.927,-1.5368,-5.55072,163.182,3.0118,0.458608,157.883,19.8727,-8.71071,149.871,-42.0889,23.9114,151.81,-42.8894,2.17653,-142.099,-136.736,-14.1556,-44.4279,56.1516,-63.9754,6.33942,86.9183,-7.34563,39.0872,37.1073,18.0256,-65.9229,239.235,-123.542,-369.126,-115.702,24.4193,-628.469,-239.658,196.781,-0.339617,-0.496912,-0.446617,-0.748445,-0.123418,-0.650602,-0.746786,0.0305184,-0.664325,0.121711,0.0393089,0.838914,0.123784,-0.664636,0.334546,0.261187,-0.647321,-0.276569,0.330467,-0.328025,0.644086
66.37,0,,14.5398,24.6339,-1.70451,6.4,-8.40119,1.67354,13.1341,67.3108,5.03201,0.736907,-6.30818,-18.9287,3.14102,1.92519,3.53882,3.53882,-2.68186,2.68186,1.24297,-1.24297,-3.06258,41.318,0.284854,1.36653,-3.96085,-4.15653,157.97,-3.59615,-2.6045,165.854,11.446,-2.69044,166.806,-1.64055,-5.62867,163.182,3.05455,0.496569,158.581,21.2695,-8.54496,150.947,-41.1446,22.9995,153.686,-41.1857,2.28091,-158.192,-117.203,-28.8155,-61.9908,76.2058,-54.1913,15.137,46.8481,13.6781,-0.953346,-4.37586,22.3691,-102.537,307.595,-118.654,-408.207,-175.794,35.1655,-727.614,-489.671,-65.9817,-0.341265,-0.49673,-0.446557,-0.750949,-0.12,-0.647856,-0.747388,0.0302129,-0.663647,0.12122,0.0393079,0.838955,0.118537,-0.661844,0.34432,0.251535,-0.650415,-0.273021,0.312211,-0.329729,0.640292
66.38,0,,13.4416,25.7775,-1.68642,6.34574,-8.25108,2.25039,12.2661,67.2231,5.154,1.60817,-6.40747,-18.0785,3.06061,2.06355,3.42184,3.42184,-2.77016,2.77016,1.18201,-1.18201,-3.08369,39.3333,0.324547,0.618328,-3.90155,-3.12371,158.097,-3.47837,-2.69913,165.827,10.4793,-2.93547,166.751,-1.74268,-5.69394,163.187,3.07786,0.53453,159.24,22.6132,-8.33846,151.996,-40.0234,22.0616,155.244,-39.2642,1.93724,-184.574,-104.011,-36.1368,-67.3489,84.9311,-3.40866,23.9345,-1.99354,16.1266,-28.8387,-25.9051,4.34352,-143.544,364.731,-123.037,-457.5,-250.034,96.1721,-714.339,-588.918,-211.529,-0.342798,-0.496679,-0.446504,-0.753276,-0.116156,-0.645299,-0.747898,0.0303359,-0.663055,0.120856,0.0391865,0.838969,0.113471,-0.659158,0.35372,0.241162,-0.653964,-0.268202,0.294994,-0.326184,0.639856
66.39,0,,12.3721,26.8722,-1.66785,6.28577,-8.07934,2.75298,11.4253,66.9163,5.23533,2.40072,-6.46441,-17.9774,2.95462,1.99733,3.30277,3.30277,-2.84251,2.84251,1.11175,-1.11175,-3.07163,37.2004,0.333886,0.671973,-3.86448,-2.33827,158.212,-3.35713,-2.77778,165.777,9.53808,-3.15778,166.669,-1.84481,-5.75288,163.198,3.06426,0.53966,159.816,23.899,-8.11484,152.967,-38.7319,21.145,156.391,-37.1634,1.10227,-192.884,-86.4341,-43.4581,-62.9582,75.2206,40.5251,25.4223,-50.7355,16.1266,-27.8854,-19.0787,-21.5004,-169.938,360.847,-154.79,-468.762,-317.901,107.922,-642.988,-554.32,-362.899,-0.344201,-0.496739,-0.446443,-0.755346,-0.111944,-0.643036,-0.748379,0.0302745,-0.6625,0.120912,0.0390631,0.83894,0.108402,-0.656638,0.362622,0.230295,-0.657987,-0.262096,0.279681,-0.316975,0.643168
66.4,0,,11.3429,27.9071,-1.62043,6.18264,-7.79693,3.12827,10.6616,66.3749,5.31665,3.14034,-6.47968,-18.3857,2.71924,1.75845,3.17489,3.17489,-2.92485,2.92485,1.03116,-1.03116,-3.03847,34.8866,0.340891,1.28183,-3.85954,-1.8345,158.316,-3.22711,-2.86728,165.613,8.63837,-3.36559,166.46,-1.98099,-5.77823,163.215,3.03123,0.545816,160.25,25.1114,-7.8977,153.774,-37.2489,20.2995,157.116,-34.8662,-0.00254565,-188.96,-80.092,-40.5191,-58.5675,52.2111,48.3524,12.226,-70.2722,-15.62,-29.7921,-40.958,-41.0463,-194.348,374.998,-151.857,-451.154,-333.519,127.909,-713.302,-477.044,-234.041,-0.345652,-0.496841,-0.446241,-0.757137,-0.107491,-0.641101,-0.748749,0.0296643,-0.662075,0.121102,0.0388211,0.838866,0.103519,-0.654318,0.371106,0.219308,-0.662623,-0.254282,0.265213,-0.303728,0.649633
66.41,0,,10.3611,28.89,-1.55493,6.0427,-7.36186,3.32851,9.93348,65.6165,5.38908,3.55697,-6.44358,-18.816,2.33036,1.4297,3.05559,3.05559,-3.00549,3.00549,0.940237,-0.940237,-2.99928,32.6993,0.315207,1.98063,-3.86942,-1.65214,158.421,-3.10448,-2.95495,165.294,7.76275,-3.56084,166.104,-2.13175,-5.79534,163.237,2.99237,0.517089,160.497,26.2379,-7.71343,154.384,-35.5939,19.5442,157.401,-32.6842,-0.918981,-174.318,-70.307,-40.5191,-65.9349,27.8647,28.8158,-6.33942,-41.964,-7.34563,-24.787,-40.0829,-29.7531,-221.207,378.882,-149.429,-442.876,-308.586,140.62,-709.569,-371.988,131.187,-0.347059,-0.496905,-0.446061,-0.758688,-0.103152,-0.639361,-0.749123,0.0281387,-0.661655,0.121528,0.0387596,0.838734,0.098701,-0.65233,0.378995,0.208509,-0.667765,-0.244705,0.251972,-0.290855,0.657216
66.42,0,,9.42535,29.7892,-1.46303,5.85834,-6.85173,3.36298,9.28251,64.6105,5.49328,3.63432,-6.32345,-18.9119,1.85669,1.1246,2.93907,2.93907,-3.09741,3.09741,0.858612,-0.858612,-2.95708,30.6775,0.203134,2.38437,-3.87931,-1.70992,158.503,-2.98509,-3.05306,164.877,6.9206,-3.73095,165.654,-2.32466,-5.81752,163.242,2.94962,0.404232,160.536,27.2524,-7.57731,154.768,-33.762,18.8943,157.373,-30.6624,-1.36956,-165.513,-72.7714,-33.6848,-85.4326,11.751,19.5366,4.39878,125.992,32.2532,-11.6785,-22.4044,-23.455,-240.253,375.477,-152.33,-416.023,-244.641,116.201,-520.406,-289.913,164.178,-0.348411,-0.49698,-0.445707,-0.759999,-0.0993107,-0.637737,-0.749599,0.026246,-0.661095,0.122443,0.0392476,0.838543,0.0940596,-0.650788,0.386127,0.198011,-0.673505,-0.23323,0.238778,-0.281076,0.664634
66.43,0,,8.53701,30.6059,-1.33594,5.64732,-6.32125,3.21446,8.7004,63.4137,5.58604,3.76053,-6.15611,-18.6527,1.36328,0.837245,2.82395,2.82395,-3.2021,3.2021,0.788353,-0.788353,-2.87569,28.5032,0.0443625,2.47614,-3.88178,-1.89951,158.563,-2.86777,-3.16284,164.432,6.11728,-3.85999,165.165,-2.54837,-5.84477,163.242,2.86995,0.240077,160.349,28.156,-7.52962,154.943,-31.8133,18.3098,157.192,-28.4869,-1.44593,-161.622,-94.2259,-27.3374,-71.814,-2.95535,0,29.7564,233.443,70.3323,-14.0619,-24.3298,4.34352,-271.969,333.024,-155.263,-419.931,-204.58,121.595,-393.467,-289.661,77.6255,-0.349754,-0.497041,-0.445219,-0.761033,-0.0960142,-0.63627,-0.750144,0.0242927,-0.660419,0.123905,0.0398572,0.838344,0.0897271,-0.649515,0.392602,0.188,-0.679424,-0.220106,0.223222,-0.273214,0.672352
66.44,0,,7.67598,31.3194,-1.21716,5.43884,-5.83148,2.92139,8.19757,62.0241,5.72582,3.99531,-5.97836,-18.3105,0.890332,0.507314,2.70442,2.70442,-3.30126,3.30126,0.732558,-0.732558,-2.79431,26.1307,-0.126083,2.52978,-3.89413,-2.2191,158.607,-2.74653,-3.26648,164.01,5.34743,-3.96921,164.709,-2.81747,-5.86948,163.237,2.78834,0.0646361,159.97,28.9427,-7.56851,154.971,-29.7738,17.7382,156.869,-26.1085,-1.44084,-154.795,-108.903,-33.6848,-51.721,2.46279,-29.7942,56.1491,265.141,16.6332,-23.357,-19.6038,-25.844,-285.145,315.415,-166.52,-416.486,-152.332,116.201,-310.086,-260.619,4.2694,-0.350972,-0.497221,-0.444605,-0.761945,-0.0933891,-0.634741,-0.750722,0.0227677,-0.659652,0.125434,0.0405294,0.838117,0.085819,-0.648465,0.398393,0.178234,-0.685286,-0.205641,0.206068,-0.264971,0.681076
66.45,0,,6.85232,31.9341,-1.12526,5.22719,-5.39513,2.4798,7.76151,60.4109,5.91007,4.21516,-5.76519,-18.0888,0.464171,0.154914,2.58489,2.58489,-3.38807,3.38807,0.707761,-0.707761,-2.72498,23.6557,-0.310538,2.75001,-3.88919,-2.71023,158.624,-2.62645,-3.35599,163.614,4.61641,-4.07119,164.287,-3.11251,-5.87075,163.22,2.71839,-0.125168,159.404,29.6097,-7.68565,154.85,-27.6174,17.1761,156.369,-23.6277,-1.56303,-150.376,-138.186,-37.1107,-62.5117,15.1286,-48.3524,14.6195,274.909,21.0237,-3.33671,-16.6283,-42.5665,-310.526,312.011,-167.465,-438.463,-136.223,95.7121,-247.032,-149.502,-73.3561,-0.352004,-0.497517,-0.443926,-0.762785,-0.0914951,-0.63308,-0.751191,0.0216684,-0.658963,0.126958,0.0413836,0.837926,0.0825852,-0.647619,0.403648,0.168645,-0.691182,-0.189642,0.188856,-0.255145,0.690967
66.46,0,,6.0761,32.4597,-1.05536,5.02125,-5.06183,1.9003,7.37343,58.5939,6.07018,4.29388,-5.51106,-18.0227,0.114033,-0.159644,2.46629,2.46629,-3.46786,3.46786,0.727392,-0.727392,-2.6255,21.2374,-0.546359,3.1834,-3.87437,-3.35483,158.596,-2.51028,-3.43628,163.291,3.93627,-4.16446,163.936,-3.40593,-5.87836,163.204,2.62124,-0.368323,158.641,30.1648,-7.89492,154.576,-25.3637,16.6034,155.727,-21.2002,-1.88124,-139.659,-148.913,-37.5976,-83.4977,70.7876,-43.4604,-12.226,259.26,17.0554,22.8803,-23.9797,-24.9753,-310.526,313.5,-186.038,-431.151,-118.644,80.5755,-242.676,-39.1433,-19.4064,-0.3528,-0.497948,-0.443075,-0.763536,-0.0903377,-0.631326,-0.751679,0.020997,-0.65823,0.128973,0.0424212,0.837682,0.0800813,-0.646876,0.408524,0.159309,-0.69693,-0.172127,0.172922,-0.243788,0.701516
66.47,0,,5.33581,32.88,-1.04167,4.82991,-4.81122,1.17492,7.05838,56.5446,6.30018,4.0021,-5.20902,-17.9398,-0.155698,-0.36659,2.34722,2.34722,-3.52169,3.52169,0.706728,-0.706728,-2.56522,19.1067,-0.842888,3.65209,-3.90402,-4.05361,158.547,-2.39043,-3.4924,163.027,3.30566,-4.27417,163.65,-3.72367,-5.89103,163.16,2.561,-0.667906,157.696,30.5962,-8.19262,154.169,-23.0078,15.988,154.965,-19.0567,-2.25036,-120.103,-150.87,-36.6237,-38.5489,75.7132,-101.06,1.48782,227.562,-10.2163,27.4087,-21.5292,-48.4303,-309.555,312.011,-195.308,-378.917,-38.5907,44.4482,-135.65,40.1535,152.534,-0.353359,-0.498572,-0.442171,-0.764323,-0.0897875,-0.629367,-0.752211,0.0208744,-0.657421,0.131051,0.0440703,0.837458,0.0784348,-0.646217,0.412988,0.150035,-0.702442,-0.153087,0.159433,-0.232863,0.711713
66.48,0,,4.61709,33.1927,-1.02799,4.62619,-4.61404,0.32622,6.78923,54.2541,6.63311,3.33169,-4.91045,-17.7506,-0.382302,-0.438726,2.22444,2.22444,-3.55936,3.55936,0.686063,-0.686063,-2.5833,17.2832,-1.15109,4.10383,-3.93614,-4.80835,158.481,-2.26688,-3.53254,162.797,2.70049,-4.35826,163.409,-4.05924,-5.90941,163.105,2.57849,-0.972619,156.604,30.9051,-8.54588,153.653,-20.5496,15.3085,154.131,-17.2206,-2.60929,-112.782,-141.593,-41.9973,-44.4279,114.766,-81.5552,19.9886,169.451,-7.34563,6.91176,-8.22662,-43.4352,-301.277,314.458,-182.632,-314.959,91.329,-15.1366,80.4772,110.864,234.041,-0.353764,-0.499334,-0.441228,-0.764922,-0.089481,-0.627527,-0.75279,0.0211194,-0.656532,0.132639,0.0462071,0.837283,0.077702,-0.645726,0.417076,0.140691,-0.707606,-0.132573,0.148205,-0.222978,0.721246
66.49,0,,3.91992,33.4208,-1.0319,4.38947,-4.42577,-0.602049,6.56181,51.7817,7.04736,2.65721,-4.6584,-17.6106,-0.622063,-0.397337,2.10537,2.10537,-3.5851,3.5851,0.666432,-0.666432,-2.66168,15.4379,-1.42194,4.66993,-3.98556,-5.51796,158.399,-2.14702,-3.5604,162.572,2.11407,-4.44187,163.162,-4.41912,-5.93476,163.056,2.65427,-1.23629,155.412,31.1107,-8.90979,153.044,-18.0363,14.5555,153.34,-15.3654,-3.14897,-97.6457,-131.844,-56.1529,-26.3442,151.849,-91.3078,19.0182,66.3848,-70.3323,-6.43508,-15.5781,-13.2477,-282.231,308.127,-184.556,-250.959,238.268,-60.0448,306.145,206.576,175.822,-0.354032,-0.500162,-0.440281,-0.765473,-0.089237,-0.625697,-0.753437,0.0214849,-0.655534,0.133611,0.0484029,0.837131,0.0777011,-0.645536,0.420795,0.13129,-0.712235,-0.111025,0.137215,-0.211804,0.730511
66.5,0,,3.24001,33.562,-1.07149,4.13117,-4.19169,-1.47727,6.36569,49.1669,7.43365,2.41157,-4.4001,-17.4991,-0.926881,-0.373686,1.9935,1.9935,-3.57893,3.57893,0.653,-0.653,-2.69483,13.1677,-1.68344,5.31084,-4.05721,-6.08492,158.3,-2.03409,-3.55589,162.281,1.53434,-4.52644,162.86,-4.8017,-5.94997,163.012,2.6873,-1.49279,154.286,31.2314,-9.18713,152.49,-15.5229,13.6698,152.704,-13.0916,-3.88976,-91.3141,-111.803,-59.5788,-29.321,192.379,-88.8775,40.0418,46.8481,-95.2399,-1.90669,-1.40027,19.1115,-264.663,311.532,-180.677,-196.287,361.324,-37.089,322.324,294.459,147.1,-0.35402,-0.501122,-0.439412,-0.765997,-0.088875,-0.623895,-0.754062,0.0216074,-0.654509,0.134831,0.0502947,0.836942,0.0784346,-0.645727,0.424096,0.121102,-0.71599,-0.0894225,0.123179,-0.197953,0.739684
66.51,0,,2.59028,33.6293,-1.11793,3.81893,-3.88638,-2.25967,6.21547,46.4797,7.77802,2.47807,-4.06959,-17.1569,-1.27336,-0.368955,1.88813,1.88813,-3.56553,3.56553,0.638535,-0.638535,-2.65565,10.6165,-1.97763,5.77247,-4.1091,-6.52549,158.206,-1.92786,-3.54422,161.924,0.970678,-4.60522,162.492,-5.21832,-5.93412,162.957,2.64844,-1.78827,153.287,31.2903,-9.34686,152.023,-13.0453,12.65,152.21,-10.5467,-4.55163,-76.1775,-87.8838,-73.2475,-61.0233,228.054,-69.3409,25.4223,120.111,-58.5962,15.7302,17.1534,28.2329,-250.473,337.387,-171.88,-166.031,446.28,-43.4447,303.656,301.277,364.452,-0.35397,-0.502053,-0.438632,-0.766467,-0.0884456,-0.622171,-0.754568,0.0215469,-0.653548,0.136723,0.0520647,0.836758,0.0797172,-0.646344,0.426969,0.109995,-0.718755,-0.0682436,0.106266,-0.184027,0.748012
66.52,0,,1.96787,33.6011,-1.17805,3.46195,-3.61796,-2.932,6.12575,43.7136,8.12238,2.50928,-3.74186,-16.4363,-1.58184,-0.351217,1.77927,1.77927,-3.53786,3.53786,0.62407,-0.62407,-2.59235,8.11981,-2.26482,5.93764,-4.16346,-6.86134,158.113,-1.8177,-3.51841,161.6,0.443165,-4.67626,162.163,-5.6544,-5.91194,162.903,2.58626,-2.07759,152.425,31.2806,-9.37464,151.65,-10.5904,11.5081,151.804,-8.06164,-4.96148,-67.3726,-66.393,-89.3508,-79.5536,223.129,-43.4604,1.48782,187.991,-45.4247,21.4503,30.2809,37.1371,-247.052,353.506,-172.857,-146.953,494.605,-33.702,344.31,233.345,453.721,-0.353835,-0.503072,-0.437884,-0.766924,-0.0876484,-0.620619,-0.755053,0.021852,-0.652569,0.13874,0.0536526,0.83659,0.08155,-0.647456,0.429298,0.0978414,-0.720596,-0.0475474,0.0886272,-0.172432,0.754979
66.53,0,,1.34689,33.461,-1.24698,3.0469,-3.37116,-3.5009,6.06733,40.8862,8.50741,2.38986,-3.49397,-15.3527,-1.86692,-0.326384,1.65255,1.65255,-3.50467,3.50467,0.601339,-0.601339,-2.55014,5.78866,-2.48197,5.81765,-4.22523,-7.12676,158.025,-1.68907,-3.48707,161.303,-0.0656045,-4.7444,161.866,-6.10669,-5.89547,162.853,2.54546,-2.29304,151.705,31.2034,-9.26491,151.359,-8.15169,10.276,151.464,-5.74306,-5.0964,-61.9973,-47.8378,-107.419,-60.0559,182.106,-19.5366,2.45814,167.956,9.28758,18.1136,34.6568,48.4303,-229.02,382.34,-148.925,-134.262,509.243,-20.9906,464.404,60.104,533.675,-0.353784,-0.504185,-0.437164,-0.767438,-0.0861865,-0.619236,-0.755579,0.0224617,-0.65151,0.140208,0.0548747,0.836488,0.0839264,-0.649072,0.431046,0.0846608,-0.721661,-0.0274064,0.0711685,-0.163639,0.760697
66.54,0,,0.711537,33.221,-1.32177,2.61026,-3.1778,-3.9836,6.02352,38.004,8.90768,2.14015,-3.34747,-14.0631,-2.10887,-0.329931,1.51166,1.51166,-3.45701,3.45701,0.578607,-0.578607,-2.51397,3.57951,-2.60104,5.55507,-4.29442,-7.3633,157.948,-1.54658,-3.4416,161.073,-0.570357,-4.80095,161.63,-6.56708,-5.88342,162.82,2.50659,-2.41411,151.112,31.0634,-9.05425,151.139,-5.71624,8.97404,151.146,-3.55045,-5.0964,-67.8672,-30.261,-111.332,-30.7349,137.705,-13.1928,6.33942,102.568,41.0342,10.7251,31.6812,64.067,-227.542,385.266,-127.452,-105.477,520.519,-32.6985,639.67,-54.2956,601.986,-0.35373,-0.505415,-0.4365,-0.767989,-0.0838672,-0.618078,-0.756125,0.0234992,-0.650409,0.141119,0.0554832,0.83646,0.0867369,-0.651046,0.43222,0.070497,-0.72206,-0.00775162,0.0541422,-0.156384,0.765681
66.55,0,,0.0632478,32.868,-1.40584,2.15237,-3.02387,-4.44243,6.00057,35.0647,9.32955,1.85787,-3.27803,-12.7825,-2.32378,-0.341757,1.3543,1.3543,-3.39935,3.39935,0.548644,-0.548644,-2.48081,1.39869,-2.64074,5.31931,-4.38337,-7.59442,157.877,-1.38678,-3.38609,160.886,-1.06975,-4.85507,161.449,-7.04368,-5.86378,162.809,2.47162,-2.45104,150.574,30.8414,-8.78247,150.92,-3.27268,7.64952,150.827,-1.38559,-5.13458,-77.1339,-28.304,-125.488,-5.35814,111.811,-19.0317,21.0236,61.999,31.7466,8.81845,19.6038,39.5261,-228.513,378.403,-79.5863,-68.8329,526.333,-5.35218,837.337,-72.7309,569.383,-0.353725,-0.506751,-0.435884,-0.7686,-0.0809374,-0.617041,-0.756633,0.0249647,-0.649327,0.141546,0.0555443,0.83646,0.0899122,-0.653435,0.432653,0.0558486,-0.722004,0.0117191,0.0374172,-0.148936,0.770378
66.56,0,,-0.608041,32.413,-1.46841,1.6802,-2.88139,-4.84954,5.97761,32.108,9.7527,1.64345,-3.23359,-11.7546,-2.53796,-0.431631,1.18835,1.18835,-3.33636,3.33636,0.51868,-0.51868,-2.42957,-0.832242,-2.63607,5.3292,-4.48468,-7.85984,157.805,-1.21865,-3.32547,160.711,-1.58254,-4.88069,161.274,-7.53488,-5.82829,162.815,2.42304,-2.44694,150.118,30.5422,-8.44125,150.711,-0.855084,6.31788,150.465,0.824098,-5.44261,-87.8844,-40.5171,-132.809,-1.93489,122.084,-39.0733,8.28005,92.7992,35.6305,-2.38336,-3.50069,14.5508,-235.354,339.834,-59.5636,-12.6908,520.519,5.35218,1030.23,2.52538,524.748,-0.353722,-0.508151,-0.43527,-0.769108,-0.0775822,-0.616202,-0.757062,0.0266128,-0.648291,0.141852,0.0552394,0.836465,0.0933257,-0.656271,0.432265,0.0408355,-0.721489,0.0306419,0.0211798,-0.139225,0.775167
66.57,0,,-1.28939,31.8624,-1.52658,1.18296,-2.79361,-5.15852,5.97553,29.1665,10.1873,1.53488,-3.20165,-11.0094,-2.70535,-0.569989,1.00894,1.00894,-3.257,3.257,0.493883,-0.493883,-2.37531,-3.13725,-2.63607,5.61295,-4.58845,-8.08554,157.717,-1.03691,-3.24805,160.579,-2.08997,-4.88407,161.136,-8.03742,-5.80738,162.804,2.36669,-2.44694,149.778,30.186,-7.98196,150.547,1.52682,4.97912,150.114,3.10638,-6.05611,-96.1947,-70.8144,-138.182,-40.0372,127.924,-40.5251,-1.48782,155.297,12.2427,5.95841,-8.22662,-0.868705,-240.718,280.783,-36.1355,54.2091,446.77,29.3116,1157.17,159.604,416.073,-0.353602,-0.509741,-0.434602,-0.76951,-0.0741005,-0.615511,-0.757566,0.0285667,-0.647145,0.142215,0.054933,0.836508,0.0971114,-0.659576,0.431294,0.0253312,-0.720506,0.0487703,0.00524936,-0.1269,0.779652
66.58,0,,-1.97362,31.1901,-1.60186,0.66034,-2.7898,-5.38396,5.97761,26.2339,10.6181,1.58917,-3.1836,-10.2485,-2.79892,-0.692974,0.821864,0.821864,-3.16103,3.16103,0.472185,-0.472185,-2.31201,-5.53376,-2.6314,5.85153,-4.6947,-8.22638,157.63,-0.848,-3.15424,160.524,-2.58401,-4.89084,161.081,-8.53672,-5.79217,162.798,2.30645,-2.44283,149.553,29.7391,-7.41017,150.431,3.84707,3.66053,149.84,5.47619,-6.6467,-104.967,-89.3696,-134.27,-64.4466,147.486,-35.1596,-1.48782,177.724,-11.2295,27.8854,7.87655,23.8894,-223.614,176.248,12.7073,91.7773,385.277,61.5083,1142.65,241.174,400.936,-0.35341,-0.511438,-0.43398,-0.769938,-0.0704382,-0.614839,-0.75807,0.0310064,-0.646007,0.142586,0.0545685,0.836535,0.101692,-0.663196,0.42972,0.00958282,-0.719139,0.065859,-0.0116579,-0.114504,0.783337
66.59,0,,-2.65066,30.4343,-1.69131,0.189439,-2.84323,-5.56829,6.00265,23.3385,11.0869,1.62038,-3.15582,-9.31531,-2.83254,-0.741459,0.645932,0.645932,-3.05805,3.05805,0.436022,-0.436022,-2.26378,-7.81698,-2.64307,5.88259,-4.81083,-8.25347,157.525,-0.669255,-3.05306,160.502,-3.07671,-4.90775,161.065,-9.05385,-5.78076,162.776,2.25593,-2.45207,149.377,29.2052,-6.84023,150.311,6.08619,2.39766,149.631,7.73499,-7.01073,-96.1947,-111.803,-129.887,-78.1396,149.386,-35.6331,-15.6545,144.033,-9.79418,17.1602,17.1534,15.2023,-177.244,71.2864,53.2257,97.6604,353.97,42.9847,1186,161.119,391.232,-0.353052,-0.513158,-0.433319,-0.770436,-0.0665937,-0.614114,-0.758592,0.0338156,-0.644815,0.14295,0.0543846,0.836643,0.107182,-0.666472,0.427875,-0.00585965,-0.717562,0.082035,-0.0285049,-0.104314,0.786112
66.6,0,,-3.32769,29.6198,-1.78908,-0.22244,-2.92083,-5.75129,6.03395,20.4738,11.6194,1.55388,-3.13708,-8.30563,-2.86178,-0.659863,0.479517,0.479517,-2.95209,2.95209,0.471152,-0.471152,-2.26077,-9.93244,-2.6314,5.77671,-4.87014,-8.24263,157.404,-0.503673,-2.94798,160.497,-3.58147,-4.93192,161.059,-9.58881,-5.75985,162.749,2.25399,-2.44078,149.196,28.5981,-6.30918,150.146,8.2604,1.2012,149.511,9.82726,-7.21438,-68.8566,-104.989,-124.514,-88.8559,134.257,-26.8589,-38.1012,83.0309,-2.95514,6.91176,11.2022,-3.90917,-115.713,-8.7778,94.7216,136.699,340.803,62.9718,1240.14,104.046,215.799,-0.352557,-0.514858,-0.432639,-0.770978,-0.0626255,-0.613315,-0.759059,0.0368055,-0.643638,0.14289,0.0543239,0.836771,0.113599,-0.669201,0.42601,-0.0207531,-0.715919,0.0976004,-0.0446203,-0.0959551,0.787967
66.61,0,,-3.97742,28.7792,-1.88488,-0.570857,-2.99334,-5.90511,6.08611,17.7077,12.1493,1.46567,-3.16138,-7.30242,-2.89906,-0.521504,0.330509,0.330509,-2.84655,2.84655,0.51868,-0.51868,-2.24569,-11.9107,-2.59404,5.61295,-4.91708,-8.17582,157.289,-0.356105,-2.84352,160.48,-4.07551,-4.9556,161.054,-10.1351,-5.75605,162.727,2.23845,-2.4018,149.053,27.9475,-5.81748,149.987,10.3227,0.0794478,149.456,11.7893,-7.33148,-62.4919,-91.7978,-113.767,-71.814,132.78,-12.2143,-4.39878,88.9118,0,12.6318,-1.05021,11.7275,-27.8303,-62.9873,123.542,150.861,339.822,136.23,1256.32,-4.29314,132.351,-0.352006,-0.516443,-0.432027,-0.771508,-0.0587176,-0.612507,-0.759621,0.0397969,-0.642305,0.142765,0.0540174,0.836934,0.120673,-0.671303,0.424218,-0.0350354,-0.714197,0.112064,-0.0599987,-0.0886858,0.789139
66.62,0,,-4.61852,27.9061,-1.97043,-0.85327,-3.04041,-6.02712,6.18834,15.0205,12.7236,1.38696,-3.14124,-6.23052,-2.96997,-0.318106,0.175235,0.175235,-2.7408,2.7408,0.561043,-0.561043,-2.23967,-13.8191,-2.58003,5.31084,-4.97638,-8.02415,157.157,-0.20207,-2.73886,160.42,-4.55884,-4.9672,161.005,-10.7203,-5.73133,162.7,2.23067,-2.38538,148.932,27.2688,-5.3693,149.811,12.2989,-0.964046,149.461,13.6809,-7.27802,-41.5184,-90.8193,-109.367,-66.9024,130.88,7.82728,14.1667,121.606,7.34563,1.90669,-7.35144,3.90917,37.1212,-65.9133,114.744,126.95,342.274,141.122,1271.87,-118.188,76.073,-0.351408,-0.518109,-0.43131,-0.771966,-0.0549966,-0.611738,-0.760103,0.0427875,-0.640958,0.14271,0.0538976,0.837091,0.128242,-0.672829,0.42257,-0.0487096,-0.712516,0.125681,-0.0753828,-0.0829516,0.78978
66.63,0,,-5.22944,27.034,-2.02322,-1.09761,-3.07476,-6.1584,6.33648,12.4167,13.3501,1.29875,-3.10028,-5.05751,-3.06499,-0.036659,0.0341186,0.0341186,-2.65526,2.65526,0.605471,-0.605471,-2.25474,-15.634,-2.57303,4.81675,-5.04557,-7.83276,157.009,-0.062122,-2.65468,160.332,-5.02744,-4.96623,160.922,-11.3364,-5.69394,162.661,2.24622,-2.37409,148.773,26.5709,-4.98317,149.569,14.1876,-1.92216,149.483,15.4849,-7.00055,-28.3275,-79.1135,-101.559,-64.4466,129.402,62.492,14.1667,154.798,6.83904,2.86004,-1.05021,-0.868705,71.793,-62.0298,115.249,115.226,323.224,163.074,1227.07,-203.04,-34.1552,-0.350783,-0.519674,-0.430437,-0.772355,-0.0513927,-0.611036,-0.760541,0.045779,-0.639563,0.142526,0.0539585,0.837272,0.136176,-0.673861,0.421102,-0.0613447,-0.710988,0.138804,-0.0907015,-0.0792265,0.79019
66.64,0,,-5.79148,26.2227,-2.07504,-1.30196,-3.11801,-6.35334,6.54721,9.97716,13.9931,1.05583,-3.04889,-3.74453,-3.1454,0.271986,-0.0942323,-0.0942323,-2.57738,2.57738,0.662299,-0.662299,-2.25775,-17.1852,-2.57069,4.10525,-5.09746,-7.71359,156.855,0.0644314,-2.57849,160.239,-5.45856,-4.97058,160.851,-11.9767,-5.65465,162.618,2.2501,-2.37102,148.52,25.9116,-4.68269,149.218,15.9578,-2.80557,149.45,17.0264,-6.48378,-38.5834,-88.8623,-93.2636,-60.0559,107.941,79.5984,15.137,188.489,24.9076,2.86004,1.92538,1.52023,60.5595,-38.5691,123.542,120.1,294.928,186.532,1330.16,-279.307,-76.8492,-0.35012,-0.521152,-0.429532,-0.772758,-0.0480379,-0.610332,-0.76097,0.0489531,-0.638099,0.14246,0.0540174,0.837484,0.143991,-0.674422,0.420072,-0.072514,-0.709576,0.151559,-0.104555,-0.0783095,0.790847
66.65,0,,-6.32334,25.4701,-2.09752,-1.49362,-3.17017,-6.59469,6.82053,7.71959,14.6831,0.696194,-3.00029,-2.47562,-3.22581,0.525052,-0.214228,-0.214228,-2.52866,2.52866,0.744957,-0.744957,-2.2668,-18.4923,-2.5777,3.32457,-5.13452,-7.74248,156.685,0.181285,-2.53117,160.145,-5.87093,-4.97541,160.78,-12.6624,-5.62677,162.568,2.25788,-2.37409,148.185,25.2919,-4.45304,148.768,17.5917,-3.58701,149.275,18.318,-5.90337,-8.80493,-112.781,-87.89,-61.0233,75.7132,40.5251,13.6491,212.91,53.1925,0.476673,0.525103,-9.33857,17.5682,-49.794,166.993,152.332,288.065,180.678,1512.68,-315.925,-185.137,-0.349518,-0.522507,-0.428444,-0.77313,-0.0449863,-0.609604,-0.761484,0.0523688,-0.636422,0.142404,0.0541417,0.837701,0.151494,-0.674702,0.419324,-0.0820348,-0.708466,0.163825,-0.116461,-0.0788003,0.792154
66.66,0,,-6.81638,24.8088,-2.11316,-1.68591,-3.25031,-6.91295,7.12724,5.71188,15.4124,0.493986,-2.9746,-1.53203,-3.26821,0.710712,-0.296391,-0.296391,-2.49334,2.49334,0.837948,-0.837948,-2.28187,-19.7668,-2.58003,2.75848,-5.14935,-7.9429,156.514,0.260035,-2.49738,160.074,-6.27794,-4.99136,160.741,-13.3757,-5.62107,162.508,2.27342,-2.37615,147.746,24.7204,-4.27803,148.208,19.0244,-4.30797,148.923,19.5691,-5.60044,12.6963,-106.946,-63.4742,-12.2047,79.0907,-18.0532,46.8987,164.567,48.802,3.33671,-1.05021,-3.47482,-0.971317,-74.6911,241.218,168.468,207.521,52.7274,1626.97,-196.727,-395.89,-0.348842,-0.523598,-0.4274,-0.773477,-0.0424216,-0.608735,-0.762107,0.0560929,-0.63454,0.142279,0.0543235,0.837986,0.158454,-0.674957,0.41872,-0.0896024,-0.707358,0.175421,-0.127081,-0.0774571,0.794164
66.67,0,,-7.2778,24.2201,-2.09654,-1.90709,-3.33173,-7.2458,7.4715,4.02199,16.1647,0.405774,-2.92391,-0.825637,-3.3128,0.739094,-0.355808,-0.355808,-2.4744,2.4744,0.969168,-0.969168,-2.29392,-20.8889,-2.59871,2.34767,-5.12958,-8.36,156.344,0.313843,-2.47997,160.003,-6.67827,-4.99184,160.708,-14.1182,-5.60649,162.448,2.28508,-2.39359,147.279,24.1982,-4.10025,147.621,20.191,-4.96252,148.375,20.6579,-5.52407,22.9522,-110.824,-62.0134,15.6279,96.1895,-96.1998,75.1674,103.066,35.1239,9.29512,2.97558,0.868705,24.9164,-124.485,333.008,104.972,101.555,149.401,1587.35,-60.104,-450.228,-0.348156,-0.524492,-0.426345,-0.773658,-0.0404072,-0.607879,-0.762678,0.060001,-0.632605,0.14228,0.054568,0.838235,0.16481,-0.675418,0.41813,-0.0952816,-0.706158,0.185619,-0.135627,-0.0751381,0.796977
66.68,0,,-7.69466,23.7043,-2.03935,-2.10573,-3.41569,-7.46593,7.84497,2.62361,16.9525,0.23885,-2.83989,0.0349956,-3.34569,0.553433,-0.389927,-0.389927,-2.4527,2.4527,1.10245,-1.10245,-2.32105,-21.6797,-2.62673,1.72793,-5.09993,-8.88182,156.163,0.342479,-2.4599,159.926,-7.06252,-4.9498,160.653,-14.8752,-5.56974,162.366,2.31034,-2.42026,146.917,23.731,-3.89514,147.149,21.1175,-5.48071,147.716,21.4073,-5.23895,40.0344,-106.439,-55.666,4.91163,91.8269,-139.66,74.7145,92.3008,20.5171,6.91176,5.42607,-0.434352,71.2862,-152.84,349.12,18.574,101.555,154.795,1531.35,96.7219,-760.73,-0.347303,-0.525289,-0.425309,-0.773491,-0.0391263,-0.60722,-0.763117,0.0639695,-0.630722,0.142221,0.0549962,0.838555,0.170419,-0.676001,0.417442,-0.0997941,-0.705211,0.193668,-0.141974,-0.075748,0.80039
66.69,0,,-8.05403,23.2764,-1.96407,-2.24249,-3.45004,-7.7842,8.28938,1.5277,17.7899,-0.116711,-2.72324,0.900813,-3.40563,0.288542,-0.397818,-0.397818,-2.4178,2.4178,1.15618,-1.15618,-2.36024,-22.0239,-2.67342,1.05878,-5.12711,-9.49031,155.987,0.349177,-2.42528,159.799,-7.41866,-4.86764,160.566,-15.6744,-5.51904,162.272,2.3492,-2.46335,146.461,23.3179,-3.78634,146.6,21.7957,-5.89337,146.921,21.7084,-4.87493,53.72,-111.332,-60.5526,12.7256,98.6523,-116.21,98.6491,88.4134,-15.62,3.33671,-3.85076,-7.38399,102.031,-169.917,318.85,-24.4151,142.106,74.7215,1524.5,353.553,-1304.5,-0.346338,-0.525977,-0.424468,-0.773041,-0.0384537,-0.606775,-0.763503,0.0679334,-0.628735,0.142158,0.0556059,0.83891,0.175122,-0.6765,0.416716,-0.101996,-0.704514,0.200758,-0.144842,-0.0786771,0.804533
66.7,0,,-8.37458,22.9321,-1.87755,-2.32658,-3.43604,-8.16346,8.77134,0.760561,18.6528,-0.582197,-2.60659,1.5437,-3.52405,0,-0.385053,-0.385053,-2.37801,2.37801,1.19338,-1.19338,-2.40244,-21.9847,-2.6851,0.523744,-5.18394,-10.1584,155.811,0.335551,-2.38555,159.618,-7.76007,-4.7618,160.417,-16.4963,-5.43095,162.19,2.39389,-2.46643,145.928,22.9597,-3.75671,145.996,22.2014,-6.16491,146.065,21.623,-4.59745,66.9109,-93.7548,-60.5526,16.1489,86.9013,-93.738,114.756,67.88,-3.3773,-25.502,4.90096,-9.33857,119.641,-184.068,305.165,4.87462,94.7609,28.308,1697.7,467.7,-1625.09,-0.345238,-0.526586,-0.423674,-0.772441,-0.038149,-0.606417,-0.763709,0.0717198,-0.6268,0.141853,0.0559722,0.839278,0.179024,-0.676909,0.416033,-0.101751,-0.704202,0.206616,-0.144291,-0.0822163,0.808918
66.71,0,,-8.64913,22.6889,-1.77441,-2.40147,-3.35208,-8.50559,9.30547,0.352883,19.5232,-0.607982,-2.54132,1.74848,-3.74042,-0.167922,-0.349542,-0.349542,-2.34141,2.34141,1.20784,-1.20784,-2.42354,-22.1089,-2.59871,0.286577,-5.30501,-10.6658,155.63,0.300218,-2.34827,159.366,-8.08541,-4.62986,160.187,-17.3571,-5.30104,162.146,2.41332,-2.37409,145.423,22.6798,-3.73356,145.458,22.3295,-6.29416,145.346,21.7062,-4.58472,59.0953,-82.9913,-72.2736,62.5117,102.03,-73.728,144.513,151.808,82.4906,2.86004,4.37586,23.0207,89.8257,-208.007,282.241,21.9778,15.6184,5.35218,1913.62,479.569,-1560.66,-0.34407,-0.527061,-0.422931,-0.771706,-0.0381489,-0.60617,-0.763734,0.0753235,-0.624868,0.141178,0.0555433,0.83962,0.182141,-0.677352,0.415555,-0.0996798,-0.704168,0.210591,-0.144479,-0.082952,0.812429
66.72,0,,-8.88775,22.5064,-1.6263,-2.51888,-3.23377,-8.87557,9.92513,0.300279,20.4737,0.0447844,-2.50313,1.43223,-3.9831,-0.117072,-0.316583,-0.316583,-2.32184,2.32184,1.19131,-1.19131,-2.4778,-22.6361,-2.46796,0.392455,-5.45574,-10.9781,155.471,0.268349,-2.32799,159.097,-8.37327,-4.46265,159.945,-18.2649,-5.15085,162.119,2.46579,-2.23148,144.891,22.4665,-3.70856,144.92,22.1673,-6.31551,144.792,22.1994,-4.93348,64.4376,-96.1829,-90.3246,96.2233,141.083,-62.997,173.364,250.488,115.757,3.81338,-7.87655,-16.071,81.0416,-209.497,271.489,-22.9443,0,-44.4482,1684.01,435.628,-1078.22,-0.343098,-0.527435,-0.422204,-0.770734,-0.0385153,-0.606174,-0.763661,0.0791678,-0.622844,0.140023,0.0549349,0.839955,0.184711,-0.677926,0.415326,-0.095526,-0.704207,0.213026,-0.14716,-0.0794091,0.814905
66.73,0,,-9.10336,22.4,-1.46108,-2.64073,-3.15236,-9.3344,10.5886,0.622477,21.4763,0.764049,-2.50522,0.942289,-4.21117,0.0425718,-0.278519,-0.278519,-2.29396,2.29396,1.18098,-1.18098,-2.55617,-22.9324,-2.29284,0.601388,-5.61635,-11.2743,155.311,0.231168,-2.29932,158.861,-8.64238,-4.27272,159.742,-19.1955,-4.99559,162.113,2.54546,-2.04168,144.265,22.3207,-3.71735,144.322,21.7016,-6.25622,144.276,22.4641,-5.3306,54.6763,-110.353,-125.975,119.144,217.288,-49.3308,219.227,317.371,140.665,-3.81338,-24.3298,1.52023,68.8368,-222.637,253.894,-46.3929,87.8972,-67.3623,1546.91,402.798,-612.853,-0.342063,-0.527805,-0.421536,-0.769575,-0.0390647,-0.606358,-0.763524,0.0833778,-0.620756,0.138437,0.0541418,0.840267,0.186535,-0.67869,0.415247,-0.088874,-0.704155,0.214311,-0.147959,-0.0761158,0.817131
66.74,0,,-9.30317,22.3587,-1.26115,-2.79399,-3.16253,-9.80384,11.321,1.29975,22.5386,1.19832,-2.5448,0.48605,-4.38953,0.170287,-0.257862,-0.257862,-2.27098,2.27098,1.19751,-1.19751,-2.65866,-22.6666,-2.08737,0.739735,-5.79425,-11.6282,155.13,0.210384,-2.27576,158.696,-8.87535,-4.06442,159.605,-20.1616,-4.84666,162.13,2.64455,-1.81904,143.595,22.2589,-3.72106,143.713,20.965,-6.05582,143.755,22.1759,-5.55207,43.9587,-128.908,-147.469,126.437,316.926,-65.4272,239.281,329.632,144.042,6.91176,-2.97558,2.82329,66.8942,-195.825,227.061,-40.5097,252.906,-62.5118,1518.49,143.946,-1069.68,-0.341031,-0.528302,-0.420689,-0.768217,-0.0398574,-0.606773,-0.763351,0.0882621,-0.618567,0.136546,0.0532267,0.840518,0.187327,-0.679909,0.415184,-0.0800223,-0.704331,0.214186,-0.144725,-0.0758721,0.819578
66.75,0,,-9.47423,22.3826,-1.06856,-2.95519,-3.28339,-10.256,12.1388,2.28168,23.6708,1.4521,-2.64687,0.412171,-4.5116,0.0260161,-0.249971,-0.249971,-2.21438,2.21438,1.26674,-1.26674,-2.78526,-21.9869,-1.8282,0.430571,-5.96721,-12.271,154.927,0.200915,-2.21944,158.614,-9.06145,-3.84598,159.55,-21.1651,-4.70535,162.168,2.77085,-1.53895,142.919,22.2831,-3.69096,143.12,20.0109,-5.70127,142.992,21.4586,-5.33569,58.6006,-137.679,-130.861,135.74,402.35,-56.6531,264.638,284.677,136.696,5.95841,1.05021,14.5508,47.3834,-158.692,202.15,25.8859,375.472,-45.4099,831.114,348.249,-1876.6,-0.339728,-0.529062,-0.419807,-0.766748,-0.0406507,-0.607441,-0.763134,0.093881,-0.61627,0.134164,0.0520663,0.840751,0.187023,-0.681744,0.415004,-0.0694012,-0.704815,0.212659,-0.138923,-0.0806313,0.823465
66.76,0,,-9.63091,22.4054,-0.871564,-3.12337,-3.44622,-10.6459,13.0256,3.45869,24.8894,2.04651,-2.83087,-1.0058,-4.62417,0.373686,-0.258327,-0.258327,-2.15353,2.15353,1.38659,-1.38659,-2.9601,-21.4814,-1.49432,1.29454,-6.11794,-12.4154,154.718,0.206227,-2.15901,158.575,-9.2181,-3.62463,159.539,-22.2091,-4.5691,162.234,2.94185,-1.17884,142.31,22.3294,-3.62938,142.593,18.8832,-5.20087,142.794,20.9547,-6.13248,101.57,-132.822,-109.871,137.228,445.835,-40.0517,314.448,253.379,124.538,6.91176,0.525103,-7.81834,72.7643,-142.094,170.398,71.2703,365.246,9.28269,1328.08,-18.9403,-477.397,-0.338448,-0.52992,-0.418895,-0.765257,-0.041324,-0.608262,-0.762878,0.0999835,-0.613818,0.131046,0.0505995,0.840965,0.185802,-0.684183,0.414148,-0.0576189,-0.705587,0.209601,-0.132756,-0.0759304,0.824126
66.77,0,,-9.77897,22.3728,-0.68679,-3.27949,-3.60269,-10.8501,13.9707,4.57214,26.1779,4.45537,-3.04959,-4.90846,-4.74697,0.575902,-0.287571,-0.287571,-2.0914,2.0914,1.48785,-1.48785,-3.17412,-22.8496,-1.10673,4.08972,-6.29831,-12.4858,154.531,0.233246,-2.09818,158.537,-9.34261,-3.41295,159.528,-23.279,-4.41003,162.322,3.15559,-0.758192,141.92,22.3535,-3.49465,142.258,17.7929,-4.49295,142.504,22.2784,-9.29418,154.301,-106.439,-15.1295,180.689,476.092,-29.2892,377.454,254.375,102.501,4.76673,-13.6527,7.81834,202.161,-76.1806,49.3158,271.97,249.054,163.576,-390.564,915.954,-1649.93,-0.337305,-0.530862,-0.418,-0.763893,-0.0416891,-0.609161,-0.762443,0.106331,-0.611371,0.127322,0.0489512,0.841143,0.184216,-0.686934,0.412563,-0.0464501,-0.707372,0.205088,-0.135747,-0.0471819,0.823272
66.78,0,,-9.89396,22.2067,-0.502017,-3.42831,-3.69429,-10.6658,14.9972,5.1442,27.5541,9.14145,-3.28845,-12.496,-4.89683,-0.387876,-0.319137,-0.319137,-2.03863,2.03863,1.55811,-1.55811,-3.42431,-26.9912,-0.670107,10.0782,-6.48116,-13.1503,154.383,0.26373,-2.04636,158.482,-9.43767,-3.19741,159.495,-24.4024,-4.21929,162.431,3.40236,-0.282142,142.013,22.2705,-3.18677,142.346,17.1358,-3.75539,141.247,26.2302,-16.6893,229.489,-29.7899,100.585,217.749,477.57,-39.0733,475.068,353.056,95.2399,18.1136,-1.92538,-0.868705,402.843,22.9287,-64.451,686.018,-50.7773,473.125,-3519.01,1187.94,4639.68,-0.336446,-0.531648,-0.417323,-0.762621,-0.0416896,-0.610206,-0.76181,0.11292,-0.60885,0.123054,0.0471221,0.8413,0.183355,-0.689657,0.410107,-0.0402861,-0.710012,0.199966,-0.150342,0.0209368,0.819098
66.79,0,,-10.0176,21.8081,-0.30209,-3.60062,-3.71464,-9.90728,16.1177,5.04995,29.0294,7.38672,-3.49814,-16.155,-5.05837,-1.59289,-0.410352,-0.410352,-2.00522,2.00522,1.57567,-1.57567,-3.72574,-25.0283,-0.242826,13.935,-6.66648,-13.6486,154.301,0.355181,-2.01584,158.422,-9.48319,-2.9722,159.446,-25.5712,-4.00636,162.557,3.7016,0.191856,142.798,22.0456,-2.60849,143.07,17.0027,-3.18858,140.874,24.2746,-20.2227,354.506,109.846,86.9162,306.158,484.888,-20.0101,563.496,437.482,147.926,0.476673,-10.327,17.1569,573.246,164.065,-73.2484,769.055,-639.653,875.5,-3229.46,2511.23,1925.11,-0.336216,-0.532525,-0.41673,-0.76138,-0.0415054,-0.611473,-0.761013,0.119755,-0.606222,0.11847,0.0455935,0.841375,0.18397,-0.692117,0.407006,-0.0418109,-0.712616,0.193856,-0.125863,0.0438263,0.817928
66.8,0,,-10.0478,21.415,-0.0146646,-3.78783,-3.62814,-8.9684,17.3799,4.92283,30.5885,0.593054,-3.66409,-9.00035,-5.25281,-1.19319,-0.486944,-0.486944,-2.04735,2.04735,1.55191,-1.55191,-4.04526,-17.8453,0.161106,8.14414,-6.8345,-12.475,154.279,0.43139,-2.05988,158.317,-9.45641,-2.71316,159.353,-26.8081,-3.77505,162.683,4.01638,0.643283,143.809,21.7956,-2.02883,144.025,16.8794,-2.73917,142.745,17.4107,-12.1224,481.435,272.965,82.0295,342.251,481.933,-30.2676,604.961,448.247,203.145,-15.7302,-18.0285,20.4146,779.799,175.769,-27.8426,547.848,-1004.41,632.812,2943.85,1601.09,161.461,-0.336633,-0.532876,-0.416168,-0.760066,-0.0412018,-0.613144,-0.760116,0.126716,-0.603307,0.113897,0.0443137,0.841412,0.185008,-0.693885,0.404197,-0.0452891,-0.714494,0.186711,-0.0888726,-0.0375999,0.821583
66.81,0,,-9.88677,21.3075,0.431138,-3.89445,-3.35717,-8.73236,18.8071,5.42914,32.2278,-3.01006,-3.80018,-0.723243,-5.53862,-0.650402,-0.475107,-0.475107,-2.20502,2.20502,1.46202,-1.46202,-4.37383,-13.5011,0.54169,0.420689,-6.97781,-11.7275,154.356,0.418689,-2.21657,158.142,-9.33859,-2.37148,159.16,-28.1196,-3.54311,162.815,4.34088,1.07419,144.089,21.6739,-1.97234,144.305,16.2498,-2.37158,143.766,13.2155,-3.21516,477.049,354.507,226.559,325.656,487.773,-12.6878,676.247,458.514,187.947,-31.2221,-6.82634,19.9802,833.517,-94.747,204.578,376.48,-1019.54,161.611,3513.21,-686.145,-4133.17,-0.337849,-0.532013,-0.415917,-0.758424,-0.0408969,-0.615529,-0.759256,0.133491,-0.599885,0.109383,0.0432161,0.841371,0.18476,-0.694239,0.402602,-0.0420568,-0.715087,0.181229,-0.0778864,-0.120797,0.819028
66.82,0,,-9.63091,21.4649,0.979593,-3.78625,-2.82796,-9.44049,20.4324,6.78368,33.9165,-0.422059,-3.92586,-0.378471,-6.00353,0.850253,-0.493443,-0.493443,-2.44035,2.44035,1.3153,-1.3153,-4.67225,-14.8584,0.968971,-0.808909,-7.11124,-10.9059,154.52,0.437394,-2.45109,157.801,-9.09894,-1.95827,158.782,-29.5073,-3.26554,162.968,4.63817,1.54819,143.386,21.7579,-2.64368,143.669,14.981,-1.91149,144.561,14.584,-2.06452,350.581,222.663,301.755,341.805,493.191,20.0101,905.243,479.446,167.936,-32.1754,12.2524,28.8844,607.411,-689.935,457.022,228.519,-509.243,-83.5024,813.484,-1501.59,-848.059,-0.34004,-0.530782,-0.415726,-0.756493,-0.0411389,-0.618488,-0.758322,0.139591,-0.595964,0.104801,0.0416885,0.841278,0.18196,-0.692925,0.402314,-0.0291151,-0.71506,0.177804,-0.0928408,-0.125436,0.81573
66.83,0,,-9.30317,21.8668,1.55347,-3.60315,-2.01507,-10.8263,22.3289,8.60728,35.6955,3.21362,-4.10361,-6.46641,-6.78129,2.4195,-0.60694,-0.60694,-2.64505,2.64505,1.15102,-1.15102,-4.9556,-17.0762,1.55502,3.93019,-7.29656,-10.5917,154.718,0.553787,-2.65673,157.186,-8.6946,-1.44309,158.079,-31.0052,-2.88975,163.187,4.91409,2.18634,141.947,22.1132,-3.71319,142.351,13.5191,-1.40279,144.797,16.7766,-7.16347,306.161,-16.5983,133.783,357.433,466.312,48.3524,1097.17,384.254,198.248,-50.7657,-53.2104,66.4559,209.467,-634.768,211.925,81.5238,251.925,68.8676,-728.029,101.52,3289.38,-0.342548,-0.53012,-0.415551,-0.75411,-0.0422985,-0.622209,-0.757203,0.144543,-0.591418,0.0994304,0.0389421,0.8411,0.177014,-0.690965,0.40408,-0.0107429,-0.714711,0.177259,-0.0974784,-0.077763,0.814192
66.84,0,,-8.73107,22.3826,2.17769,-3.58665,-0.924844,-12.3088,24.5239,10.2818,37.4161,3.84332,-4.26609,-8.2486,-8.06635,3.70848,-0.684693,-0.684693,-2.76059,2.76059,1.02186,-1.02186,-5.07316,-16.4727,2.37223,5.05815,-7.7092,-10.747,154.85,0.635538,-2.77225,156.209,-8.0747,-0.753923,156.894,-32.5874,-2.2554,163.609,5.02679,3.05431,140.36,22.5553,-4.61092,140.886,12.2989,-1.02215,144.676,16.1745,-8.21482,140.615,-133.801,57.6137,308.093,424.796,111.318,1193.82,377.975,264.612,-179.229,-123.574,175.261,-183.114,101.078,-242.196,-73.2453,738.266,167.465,-474.567,536.138,1421.32,-0.344138,-0.529758,-0.415554,-0.750793,-0.0447424,-0.627187,-0.755291,0.147713,-0.586763,0.0938779,0.0336325,0.840262,0.173353,-0.689382,0.407745,0.00665303,-0.713827,0.179021,-0.0897272,-0.0711714,0.81432
66.85,0,,-7.89303,22.7301,2.90945,-3.66789,0.461786,-13.8564,26.99,11.5684,38.3322,3.47419,-4.16194,-4.65571,-9.82728,5.9908,-0.703725,-0.703725,-2.7808,2.7808,0.916473,-0.916473,-4.27436,-14.9782,3.24547,1.27054,-8.34175,-10.0139,154.954,0.659094,-2.79171,154.875,-7.22452,0.154168,155.143,-34.2085,-1.22244,164.234,4.22818,3.86688,138.724,22.7918,-5.30356,139.371,11.2637,-0.844281,145.51,14.7441,-3.93303,-58.106,-299.82,142.582,189.47,353.516,187.508,1073.75,504.365,355.968,-364.655,-28.8807,510.798,-225.092,771.967,-521.978,-208.516,875.47,-33.702,-1032.72,-1924.84,-563.949,-0.34481,-0.529514,-0.415981,-0.746096,-0.0485271,-0.633782,-0.75199,0.148994,-0.582548,0.0945485,0.0233167,0.838362,0.172924,-0.687971,0.411586,0.0225225,-0.711929,0.182499,-0.0901508,-0.109194,0.811052
66.86,0,,-6.89401,22.7725,3.75999,-3.65615,1.80898,-15.3164,29.6711,12.4693,37.8392,2.04651,-4.26193,-1.56055,-11.9332,7.53639,-0.75618,-0.75618,-2.71058,2.71058,0.878244,-0.878244,-2.00455,-12.5599,4.43859,-1.67429,-9.26586,-10.0013,154.96,0.714519,-2.72186,153.47,-6.13602,1.21788,153.106,-35.8004,0.0969586,165.105,1.97807,4.76153,137.164,22.7609,-5.88322,137.899,10.3454,-0.633211,145.593,12.3657,-0.542224,-55.171,-383.789,152.338,34.6791,274.425,249.021,803.23,997.566,288.084,-454.031,147.029,628.942,-253.429,1241.23,-190.925,-247.051,824.693,-506.827,433.499,-3054.7,-201.826,-0.344632,-0.530071,-0.416171,-0.739923,-0.0539591,-0.641832,-0.747599,0.149605,-0.578767,0.104009,0.00378437,0.835004,0.174139,-0.686975,0.413772,0.0374783,-0.710196,0.186171,-0.0802055,-0.143564,0.809318
66.87,0,,-5.73542,22.5162,4.61494,-3.47179,2.80506,-16.3932,32.4481,12.8835,36.2521,-0.716551,-5.18055,-3.95839,-13.9887,8.0508,-0.805385,-0.805385,-2.591,2.591,0.911307,-0.911307,1.29316,-8.99998,6.20141,1.16466,-10.2468,-10.7398,154.855,0.76417,-2.60347,152.301,-4.86142,2.24292,151.229,-37.2886,1.34982,166.015,-1.27273,5.97012,135.994,22.4375,-6.31149,136.747,9.62497,-0.155338,144.896,8.8409,-2.85622,15.1366,-311.996,162.111,-44.9489,150.371,308.578,570.289,1352.02,227.039,-564.857,181.686,291.016,-250.473,1260.28,119.127,-93.7523,552.737,-841.296,2155.67,1597.55,-564.337,-0.343649,-0.531099,-0.41598,-0.733128,-0.061038,-0.650238,-0.743457,0.150706,-0.574745,0.117621,-0.023866,0.830794,0.17463,-0.687471,0.411884,0.0504189,-0.710259,0.188186,-0.0445582,-0.135872,0.810836
66.88,0,,-4.44315,22.0242,5.37652,-3.20904,3.12564,-16.8375,35.2731,12.9471,34.8848,-0.256493,-4.97988,-9.45011,-14.7321,8.2944,-0.823953,-0.823953,-2.49993,2.49993,1.01566,-1.01566,4.2412,-8.75815,6.42556,5.89811,-10.3481,-11.0269,154.652,0.779412,-2.51417,151.719,-3.49846,3.05291,150.011,-38.7281,2.20343,166.042,-4.17377,5.66233,135.44,21.8921,-6.48094,136.121,9.02949,0.595266,144.512,8.59538,-7.58605,0.494659,-213.857,179.206,30.7349,-9.28824,185.551,350.608,1299.79,33.182,-33.1288,-272.879,-684.974,-214.83,552.256,-136.217,145.02,537.118,-832.014,832.566,2163.49,848.059,-0.342238,-0.532126,-0.415178,-0.726779,-0.0692781,-0.657867,-0.740634,0.154487,-0.569972,0.137821,-0.0390024,0.828877,0.172439,-0.69061,0.404575,0.0603667,-0.712192,0.186777,-0.0292977,-0.0983304,0.813011
66.89,0,,-3.09195,21.4139,6.0462,-3.10052,2.62569,-16.6266,38.2213,12.9668,33.9661,2.93813,-3.3683,-11.4876,-14.4851,8.43867,-0.819078,-0.819078,-2.48717,2.48717,1.18305,-1.18305,6.72804,-11.2396,4.71877,6.40068,-10.064,-10.6098,154.356,0.767634,-2.50352,151.867,-2.15691,3.64348,149.753,-40.3152,2.38341,165.67,-6.62401,3.53857,135.484,21.3004,-6.27121,136.061,8.4259,1.30792,144.726,11.0442,-8.49484,-19.0279,-121.08,207.03,180.689,-153.326,5.36548,324.733,917.526,-5.40368,-1099.21,-378.424,1292.42,-162.126,-265.143,-510.752,149.894,1085.44,-787.106,-1318.33,140.663,1153.13,-0.340768,-0.532972,-0.413585,-0.721179,-0.0784354,-0.66429,-0.740086,0.162605,-0.563198,0.165896,-0.0392463,0.827407,0.169382,-0.695533,0.394735,0.0667158,-0.714098,0.18208,-0.0470615,-0.0838073,0.812925
66.9,0,,-1.68469,20.8014,6.64793,-3.26109,1.4795,-15.8654,41.2674,13.0676,29.8795,3.42262,-2.07472,-8.79816,-13.5677,9.15175,-0.785192,-0.785192,-2.54121,2.54121,1.38762,-1.38762,12.3317,-10.9281,2.66409,3.34716,-9.56731,-9.326,154.01,0.723294,-2.55944,152.608,-0.854197,4.11178,150.335,-42.0319,1.90242,165.182,-12.1579,0.581725,136.033,20.7839,-5.66191,136.472,7.80447,1.85932,145.9,10.7816,-5.13967,-17.0822,-52.7303,203.117,298.791,-271.47,-128.424,425.776,364.219,-86.4589,-859.918,99.5946,1365.82,-36.1499,-551.246,-665.542,103.039,1503.92,-501.934,-1256.32,-286.125,1802.08,-0.339319,-0.533546,-0.411467,-0.716044,-0.0888722,-0.669655,-0.74162,0.174082,-0.554475,0.217968,-0.0514553,0.822979,0.168769,-0.700285,0.386429,0.0695239,-0.715382,0.174939,-0.0551181,-0.111213,0.807301
66.91,0,,-0.274553,20.304,7.18172,-3.61902,-0.00636069,-14.4226,44.1905,13.3153,25.4854,0.0759978,-1.45814,-4.09967,-12.2951,9.00512,-0.702332,-0.702332,-2.64356,2.64356,1.6077,-1.6077,18.2067,-6.85838,1.21413,-0.460217,-9.10525,-8.60917,153.641,0.627917,-2.66226,153.657,0.353461,4.51967,151.399,-43.7114,1.06718,164.82,-17.9697,-1.76467,137.241,20.4113,-4.69658,137.51,7.17329,2.41901,146.575,6.78066,-0.570226,7.81561,40.046,217.29,348.651,-332.547,-175.767,461.419,42.4624,-214.374,-1222.19,121.999,767.066,211.409,-259.77,-601.06,67.3622,1230.98,117.204,23.0231,154.301,872.122,-0.337849,-0.533722,-0.409142,-0.711333,-0.100224,-0.673917,-0.743891,0.186903,-0.545328,0.267474,-0.0687911,0.816887,0.171093,-0.703843,0.381251,0.0684834,-0.717061,0.164006,-0.0364397,-0.159859,0.799903
66.92,0,,1.07234,19.9261,7.63388,-3.96649,-1.53929,-12.472,46.8591,13.6923,20.8409,-4.31288,-0.686019,0.0907294,-11.0897,7.30697,-0.600905,-0.600905,-2.76569,2.76569,1.81745,-1.81745,24.2414,-1.81263,-0.198464,-3.68032,-8.87546,-8.98113,153.29,0.512911,-2.78331,154.771,1.45401,4.89035,152.607,-45.232,0.166667,164.82,-23.9312,-4.17262,138.982,20.1256,-3.628,139.047,6.50318,3.07001,146.12,1.79124,3.3959,61.9973,123.037,211.917,368.149,-312.493,-176.272,334.501,-74.658,-239.704,-596.079,9.80192,767.066,226.57,55.6459,-491.203,182.126,666.968,321.298,884.835,-40.406,404.817,-0.336505,-0.53366,-0.406883,-0.707092,-0.111826,-0.677182,-0.745889,0.199351,-0.536954,0.316971,-0.0869793,0.807595,0.174992,-0.705767,0.378611,0.0647613,-0.719393,0.149604,-0.00708038,-0.206796,0.793429
66.93,0,,2.34879,19.5449,8.02885,-4.20289,-2.99461,-10.5358,49.2939,14.0189,16.0694,-6.23453,0.327734,2.61819,-9.79146,5.85953,-0.525241,-0.525241,-2.86655,2.86655,2.00963,-2.00963,30.2852,0.75599,-1.59705,-6.09858,-8.56413,-8.91071,152.955,0.424462,-2.88326,155.82,2.49832,5.2794,153.754,-46.5596,-0.668571,164.853,-29.912,-6.56723,140.723,19.8003,-2.68349,140.6,5.84443,3.67357,146.048,-0.747239,6.21649,117.663,190.445,213.378,343.293,-227.069,-132.811,129.893,-84.4263,-206.015,-800.81,-75.6149,754.904,192.363,187.526,-330.58,239.276,-78.5822,289.561,1092.87,-453.558,-1097.62,-0.335217,-0.533771,-0.404738,-0.703025,-0.123051,-0.680075,-0.747372,0.210526,-0.529643,0.365063,-0.105167,0.79684,0.180007,-0.706294,0.377349,0.0606095,-0.721516,0.135257,0.00506604,-0.236761,0.786762
66.94,0,,3.57062,19.1289,8.40915,-4.34949,-4.42958,-9.1156,51.5702,14.2622,11.5088,-5.25742,1.39078,2.52228,-8.38067,4.99627,-0.494139,-0.494139,-2.9406,2.9406,2.18528,-2.18528,36.0125,0.38562,-2.84854,-6.57715,-8.14407,-8.54417,152.647,0.381739,-2.9572,156.879,3.51586,5.73272,154.918,-47.7317,-1.52472,164.859,-35.5936,-8.7269,141.953,19.42,-2.01355,141.682,5.22299,4.1467,146.284,-0.380024,6.63397,143.055,240.24,161.624,289.042,-112.303,-71.2977,-65.917,-62.9958,-197.234,-1148.07,257.826,901.281,126.947,229.499,-171.375,100.098,-719.706,240.221,400.934,-110.359,-1825.75,-0.334069,-0.534156,-0.402738,-0.698882,-0.133551,-0.683073,-0.74871,0.22078,-0.522986,0.408656,-0.122871,0.785571,0.185555,-0.705964,0.376787,0.0587174,-0.722798,0.12421,0.000427262,-0.239022,0.785735
66.95,0,,4.76227,18.6587,8.72639,-4.41771,-5.83529,-8.55068,53.7026,14.3345,7.77929,-3.3534,2.12819,0.977285,-7.17309,4.91231,-0.497853,-0.497853,-2.95336,2.95336,2.34026,-2.34026,40.7812,-0.989105,-3.68909,-5.70895,-7.91675,-8.10902,152.373,0.376889,-2.97113,157.949,4.52403,6.23388,156.147,-48.7433,-2.51332,165.116,-40.3115,-10.4649,142.321,18.9798,-1.67371,141.961,4.71189,4.506,146.597,0.97995,5.56989,78.1232,181.639,162.598,247.07,-28.7795,22.9453,-194.84,-86.9183,-239.704,-2600.01,56.7111,1281.77,40.0352,249.502,-43.9554,-113.755,-878.902,119.63,-125.901,82.5798,-659.04,-0.332844,-0.534882,-0.401085,-0.694789,-0.143011,-0.686243,-0.750422,0.229998,-0.516518,0.44301,-0.138677,0.774443,0.190987,-0.705533,0.375991,0.0608569,-0.723385,0.118784,-0.00787408,-0.226517,0.787652
66.96,0,,5.90935,18.1114,8.9312,-4.41327,-7.09853,-8.81988,55.6554,14.2381,1.58203,-1.70995,3.0725,-0.619552,-6.0525,5.54971,-0.542648,-0.542648,-2.88868,2.88868,2.47251,-2.47251,47.8348,-2.15468,-4.62304,-4.74193,-7.79074,-7.73706,152.131,0.417534,-2.90927,158.921,5.53086,6.73747,157.344,-49.5473,-3.5805,166.119,-47.2522,-13.1365,141.876,18.4846,-1.61074,141.467,4.31923,4.84987,146.855,2.13497,4.45235,13.6856,137.679,146.478,221.693,-0.492558,102.544,-200.662,-134.265,-303.704,563.427,113.772,3046.98,15.6255,277.857,-18.0677,-162.123,-558.13,-79.5719,-174.851,165.16,180.091,-0.331497,-0.536036,-0.39986,-0.690915,-0.151746,-0.689328,-0.752538,0.237499,-0.510461,0.490818,-0.16383,0.754631,0.196234,-0.705223,0.374707,0.0672029,-0.723789,0.118597,-0.0142826,-0.214117,0.789267
66.97,0,,7.08662,17.4978,9.04217,-4.35393,-8.02082,-9.58636,57.4373,14.0189,-6.11974,-0.610697,4.97225,-1.60461,-4.89975,6.57616,-0.591157,-0.591157,-2.77016,2.77016,2.59857,-2.59857,56.1725,-2.77995,-6.37886,-4.31841,-7.42751,-7.47886,151.917,0.464876,-2.79416,159.591,6.60329,7.21398,158.2,-50.1115,-4.49052,167.692,-55.4637,-17.2968,140.953,17.9189,-1.69269,140.518,3.98174,5.21391,147.019,2.75624,3.95595,-47.85,89.8408,121.088,170.865,-17.0988,150.391,-81.054,-284.179,-237.34,3093.37,623.472,1574.74,-3.88527,294.934,-45.4058,65.9334,129.429,-231.44,-178.17,62.8819,683.104,-0.329983,-0.537337,-0.39902,-0.687209,-0.160098,-0.692336,-0.754663,0.242134,-0.505327,0.54672,-0.189402,0.72898,0.201551,-0.705001,0.372827,0.0761762,-0.724101,0.121284,-0.0180678,-0.208268,0.789797
66.98,0,,8.28546,16.8635,9.07345,-4.26254,-8.67089,-10.4324,59.0188,13.7712,-4.50594,-0.180495,3.41343,-1.83144,-3.41806,7.5695,-0.635024,-0.635024,-2.60887,2.60887,2.72359,-2.72359,54.9517,-2.74074,-4.93124,-4.43135,-6.20195,-7.37233,151.713,0.510371,-2.63604,160.024,7.72258,7.65716,158.612,-50.4584,-4.94806,165.149,-54.4766,-13.6854,139.981,17.331,-1.76677,139.53,3.65074,5.50561,147.052,2.71781,4.08068,-75.1882,71.2855,136.235,108.875,-32.7199,142.564,-142.572,-334.017,-257.773,187.094,-63.5375,2138.75,-25.3809,312.968,-64.451,233.393,914.061,-230.478,-163.029,-55.5583,802.648,-0.32827,-0.538733,-0.398465,-0.683642,-0.168103,-0.69524,-0.755659,0.244643,-0.50241,0.530125,-0.195509,0.739001,0.206622,-0.705018,0.370455,0.0851494,-0.723922,0.124458,-0.0181894,-0.209362,0.789471
66.99,0,,9.47998,16.1717,8.99329,-4.15592,-9.1632,-10.7692,60.5189,13.517,0.749719,-0.275492,1.8678,-1.50481,-1.53067,7.97985,-0.70094,-0.70094,-2.4095,2.4095,2.85274,-2.85274,49.9931,-2.22875,-3.63072,-4.88451,-4.30677,-7.37052,151.516,0.580113,-2.44126,160.321,8.88873,8.03363,158.787,-50.7064,-5.14831,161.045,-49.8015,-8.74229,139.558,16.7335,-1.6413,139.074,3.31,5.7404,146.992,2.20969,4.59745,-63.4813,62.5153,140.13,82.5303,-64.4547,111.318,-290.513,-387.743,-181.614,-2406.72,91.718,1892.04,-25.3809,327.651,-98.6315,154.307,1420.43,-123.058,24.475,-1.51523,171.94,-0.326439,-0.540383,-0.398038,-0.680456,-0.175546,-0.697913,-0.75597,0.246232,-0.500704,0.490877,-0.184888,0.764577,0.21126,-0.705504,0.367279,0.0905827,-0.723746,0.124582,-0.0155651,-0.215043,0.788571
67,0,,10.6386,15.4235,8.8046,-4.02678,-9.30187,-10.2521,61.8939,13.3482,2.65578,-0.308063,1.88516,-1.18207,-0.242685,7.51274,-0.790066,-0.790066,-2.16566,2.16566,2.98706,-2.98706,48.2387,-1.77995,-3.76381,-5.31649,-2.81929,-7.37774,151.329,0.676183,-2.20387,160.304,10.1004,8.30476,158.529,-50.828,-5.02727,158.541,-48.1616,-6.91709,140.047,16.1321,-1.23619,139.491,2.87516,5.98823,146.932,1.76562,5.08876,-61.0409,65.9219,111.332,109.842,-113.288,96.1998,-335.472,-364.219,-231.43,-2256.33,349.194,1652.28,-28.3371,328.13,-131.835,-52.7383,1250.03,-22.4541,110.76,-58.5887,-324.086,-0.324497,-0.542293,-0.397808,-0.677658,-0.18208,-0.700426,-0.755781,0.245681,-0.50009,0.477634,-0.178052,0.777155,0.215283,-0.706521,0.363179,0.0910068,-0.724026,0.119023,-0.0133675,-0.220288,0.787704
67.01,0,,11.7756,14.6502,8.57926,-3.89255,-8.98383,-9.04797,63.0706,13.1926,1.8743,-0.039356,1.89211,-1.35835,0.0716359,6.3432,-0.882209,-0.882209,-1.90883,1.90883,3.11931,-3.11931,48.935,-1.67974,-3.8035,-5.36449,-2.00637,-7.3651,151.153,0.777103,-1.95399,159.849,11.367,8.46714,157.657,-50.7599,-4.46517,157.324,-48.8961,-6.10555,141.255,15.5153,-0.643094,140.6,2.41273,6.28468,146.904,1.66527,5.14986,-91.3141,85.4556,111.819,164.093,-150.371,70.7927,-237.793,-218.292,-221.213,-1099.21,406.255,560.097,-2.44941,316.426,-124.992,-82.9945,507.352,2.92698,89.3961,-7.82867,-344.269,-0.322538,-0.544238,-0.397679,-0.675015,-0.187386,-0.703092,-0.754953,0.242027,-0.500962,0.4799,-0.182206,0.778632,0.21852,-0.708055,0.358117,0.0873457,-0.725012,0.109075,-0.0126959,-0.221079,0.787632
67.02,0,,12.8767,13.8629,8.32996,-3.76626,-8.2091,-7.61048,63.9845,12.9756,0.719222,0.436987,1.62756,-1.80292,-0.24634,4.98326,-0.970175,-0.970175,-1.63605,1.63605,3.25673,-3.25673,49.7519,-1.84749,-3.54433,-5.20214,-1.401,-7.28566,150.977,0.875482,-1.68854,158.949,12.667,8.50532,156.081,-50.4649,-3.33208,156.398,-49.7316,-5.19961,142.688,14.8676,0.00694486,141.94,1.97789,6.58468,146.943,1.8318,4.96657,-130.359,102.054,105.958,185.526,-173.803,41.0301,-168.447,-25.916,-176.717,-594.649,361.796,-341.401,37.5858,288.55,-107.902,-2.94158,-239.248,-26.3846,2.48899,60.104,-67.9223,-0.32045,-0.546229,-0.397602,-0.6724,-0.191661,-0.705911,-0.752963,0.235118,-0.503929,0.481957,-0.188669,0.778663,0.221084,-0.710129,0.352196,0.0820976,-0.726243,0.0979067,-0.0135506,-0.219129,0.787889
67.03,0,,13.9619,13.094,8.10119,-3.659,-7.19012,-6.32549,64.6208,12.7038,0.862812,0.894331,1.57409,-2.14899,-0.646916,3.79835,-1.05373,-1.05373,-1.37753,1.37753,3.38589,-3.38589,49.0285,-2.03703,-3.38789,-5.11038,-0.531243,-7.18274,150.801,0.970628,-1.43723,157.801,13.9845,8.45409,154.05,-49.9121,-1.71103,154.995,-49.0262,-4.00026,143.941,14.2122,0.583368,143.114,1.59172,6.85267,146.997,2.02181,4.85456,-130.854,130.358,106.445,150.847,-187.031,9.75254,-224.144,155.297,-66.8706,-709.528,366.697,-831.568,73.2289,261.206,-83.4963,81.0615,-687.489,-87.8929,-71.7658,-4.79822,152.922,-0.318442,-0.548133,-0.397488,-0.669667,-0.195388,-0.708855,-0.749558,0.226027,-0.509309,0.474938,-0.187509,0.78489,0.222972,-0.712499,0.345781,0.0774551,-0.727309,0.0880144,-0.0148324,-0.217663,0.788007
67.04,0,,15.0443,12.3794,7.86656,-3.53493,-6.077,-5.56033,65.0277,12.4145,2.09667,1.11418,2.01223,-2.33434,-0.967816,3.06517,-1.11338,-1.11338,-1.13155,1.13155,3.49748,-3.49748,47.033,-1.9891,-3.57001,-5.1005,0.560893,-7.16468,150.653,1.04222,-1.19738,156.588,15.2925,8.31491,151.899,-49.1339,0.0880866,153.324,-47.0287,-2.9671,144.671,13.578,0.96904,143.8,1.24774,7.06848,146.981,1.97271,4.85202,-129.403,149.892,94.7243,96.2233,-193.364,33.2028,-374.543,270.523,18.5752,-1212.89,492.722,-193.938,72.2575,186.515,-56.6311,82.5323,-748.072,-113.776,-41.0683,-25.0012,163.402,-0.316549,-0.549779,-0.397547,-0.666973,-0.198926,-0.711653,-0.745336,0.215831,-0.51626,0.461516,-0.178051,0.796132,0.223893,-0.715018,0.338892,0.0755641,-0.727869,0.0814237,-0.0144053,-0.217789,0.788019
67.05,0,,16.1138,11.7169,7.64512,-3.41562,-4.96133,-5.33622,65.2447,12.1471,2.90357,1.24311,2.68436,-2.44451,-1.489,2.84167,-1.16816,-1.16816,-0.908989,0.908989,3.59253,-3.59253,45.2967,-1.81263,-3.92725,-5.14144,1.41088,-7.18274,150.532,1.10873,-0.980476,155.386,16.5832,8.11483,149.874,-48.158,1.77821,152.118,-45.28,-2.50234,144.852,12.991,1.18711,143.96,0.928099,7.25702,146.937,1.79978,4.91566,-109.386,152.356,98.1502,18.0837,-229.462,59.0834,-501.008,343.786,78.1001,-1230.05,672.307,636.326,22.467,102.035,-70.316,17.5654,-454.614,-100.103,37.1274,5.30329,-3.49315,-0.314897,-0.551238,-0.397665,-0.664282,-0.202159,-0.714394,-0.741126,0.204905,-0.52383,0.450961,-0.168042,0.805235,0.224021,-0.717599,0.331819,0.0767879,-0.72802,0.0781308,-0.0131227,-0.218814,0.787914
67.06,0,,17.1761,11.0957,7.4276,-3.31059,-3.80242,-5.41711,65.3219,11.9235,2.97727,1.48739,2.85864,-2.61689,-2.41223,2.90198,-1.2169,-1.2169,-0.700041,0.700041,3.68966,-3.68966,44.1543,-1.71895,-3.8969,-5.14991,1.80623,-7.22427,150.45,1.16946,-0.776885,154.173,17.8658,7.84274,148.029,-47.02,3.21611,151.62,-44.1277,-2.14428,144.753,12.4466,1.32878,143.839,0.610079,7.45031,146.91,1.70584,4.93348,-113.772,142.571,92.2897,-26.8651,-258.311,66.4057,-540.985,386.746,125.973,-868.736,653.753,705.605,-1.47809,-0.957578,-97.1811,-46.8551,-50.287,-36.629,44.3869,1.01015,-109.84,-0.313486,-0.552506,-0.397961,-0.661604,-0.204908,-0.717149,-0.737481,0.193129,-0.531289,0.443191,-0.163091,0.810268,0.2237,-0.720172,0.324776,0.0797769,-0.728002,0.0764808,-0.0123907,-0.219249,0.78788
67.07,0,,18.188,10.5104,7.22669,-3.19254,-2.62824,-5.54839,65.2175,11.7284,2.9633,1.83209,2.30802,-2.90204,-3.55402,2.97529,-1.26355,-1.26355,-0.495986,0.495986,3.72375,-3.72375,42.9636,-1.72767,-3.20577,-5.07791,1.87788,-7.22968,150.406,1.22858,-0.57698,152.976,19.0922,7.52619,146.416,-45.7345,4.35997,151.565,-42.9346,-1.4579,144.632,11.935,1.44036,143.702,0.296927,7.66019,146.899,1.71438,4.8622,-120.103,125.973,83.9772,-71.814,-307.145,35.1596,-506.83,395.518,158.733,-682.119,389.627,296.445,-23.9451,-71.2864,-103.014,-32.2313,297.38,-32.6985,17.0081,-8.83882,-46.9634,-0.312285,-0.553641,-0.398475,-0.658915,-0.206983,-0.719953,-0.734533,0.180612,-0.53854,0.432997,-0.161993,0.813991,0.223404,-0.722402,0.318199,0.0828888,-0.728054,0.0748929,-0.0122081,-0.218647,0.788033
67.08,0,,19.1583,9.98367,7.0297,-3.05451,-1.54565,-5.50198,64.9254,11.575,3.20092,2.15644,1.64145,-3.217,-4.54376,2.83812,-1.29511,-1.29511,-0.299379,0.299379,3.71962,-3.71962,41.3901,-1.73638,-2.4306,-4.95086,1.91494,-7.23329,150.384,1.27316,-0.38281,151.889,20.245,7.18982,145.137,-44.3193,5.13627,151.554,-41.3607,-0.74588,144.709,11.4591,1.55889,143.762,-0.0243383,7.84992,146.871,1.72078,4.73237,-133.294,105.461,75.1952,-122.568,-335.432,22.9453,-437.484,358.438,198.248,-639.695,187.462,228.035,-53.7181,-119.644,-79.1133,-19.0362,400.895,0,-12.2375,-5.30329,32.6027,-0.311179,-0.554605,-0.399137,-0.6563,-0.208634,-0.72265,-0.732517,0.167854,-0.545496,0.420186,-0.159431,0.818642,0.223282,-0.724172,0.312339,0.0847203,-0.728118,0.0721465,-0.0118413,-0.2176,0.788303
67.09,0,,20.0869,9.48845,6.84982,-2.93901,-0.650062,-5.14526,64.4664,11.4786,3.54782,2.42922,1.15887,-3.50086,-5.29155,2.38875,-1.32946,-1.32946,-0.125752,0.125752,3.72169,-3.72169,39.5815,-1.70588,-1.87256,-4.84357,1.97178,-7.26218,150.378,1.31842,-0.211989,150.995,21.3281,6.8752,144.259,-42.8003,5.55199,151.543,-39.5537,-0.244181,145.105,11.0073,1.73205,144.13,-0.378054,8.04676,146.838,1.69089,4.628,-143.055,85.9268,77.6298,-172.875,-356.964,23.9237,-378.877,315.477,196.306,-514.092,102.57,388.745,-58.5746,-131.348,-57.6086,-21.9778,293.948,13.1714,-8.29662,7.32359,28.3333,-0.310267,-0.555464,-0.399751,-0.653721,-0.210155,-0.725197,-0.731409,0.15534,-0.552265,0.406761,-0.154245,0.823899,0.223586,-0.725572,0.307271,0.08478,-0.728351,0.0673845,-0.0112307,-0.216862,0.788526
67.1,0,,20.9753,9.03124,6.6494,-2.85397,0.0826889,-4.58432,63.8614,11.4457,3.90489,2.69792,0.667965,-3.74453,-5.84271,1.72889,-1.35244,-1.35244,0.0261717,-0.0261717,3.71445,-3.71445,37.6734,-1.66013,-1.32387,-4.77581,2.00637,-7.29649,150.389,1.35144,-0.0614462,150.275,22.3363,6.54947,143.732,-41.2132,5.67873,151.57,-37.6475,0.223661,145.72,10.572,1.9441,144.706,-0.775579,8.2519,146.805,1.64606,4.56436,-150.376,64.436,57.6137,-196.763,-356.471,-9.27912,-340.323,321.757,219.271,-376.095,15.053,264.086,-47.3834,-104.961,-61.5186,-13.1951,72.2788,-28.308,-1.03708,0.505075,1.94064,-0.30953,-0.556129,-0.400418,-0.651463,-0.21162,-0.727333,-0.731023,0.143323,-0.558888,0.392664,-0.148447,0.829154,0.224325,-0.726691,0.302885,0.0837479,-0.728643,0.0611017,-0.0106206,-0.216501,0.788668
67.11,0,,21.8234,8.6001,6.41574,-2.79843,0.652606,-3.94382,63.1019,11.426,4.30135,2.96934,0.0923487,-3.98172,-6.19139,0.993342,-1.35917,-1.35917,0.150009,-0.150009,3.70309,-3.70309,35.6327,-1.61655,-0.695791,-4.7024,2.03108,-7.32899,150.395,1.36599,0.0618558,149.716,23.2615,6.2044,143.501,-39.5597,5.56783,151.598,-35.6072,0.759218,146.401,10.1386,2.16217,145.348,-1.18771,8.44637,146.767,1.60336,4.49562,-139.659,65.4145,41.9973,-203.609,-357.456,-66.8791,-366.716,376.978,245.108,-279.807,-85.9419,36.7028,-39.5706,-66.3921,-45.4058,-17.5654,-159.686,-39.0542,14.1043,-9.84897,-6.21004,-0.308858,-0.556616,-0.400966,-0.649631,-0.213207,-0.72892,-0.731262,0.131725,-0.565416,0.377274,-0.142462,0.834568,0.225478,-0.727584,0.298969,0.0823436,-0.728884,0.054387,-0.0100104,-0.216079,0.78887
67.12,0,,22.6441,8.20479,6.13027,-2.74957,1.0546,-3.38022,62.2006,11.4479,4.74102,3.28691,-0.396474,-4.24225,-6.20089,0.34767,-1.34664,-1.34664,0.249589,-0.249589,3.71549,-3.71549,33.4563,-1.58823,-0.210138,-4.61064,2.17933,-7.36871,150.395,1.35999,0.161808,149.315,24.1157,5.83952,143.578,-37.8414,5.19964,151.499,-33.429,1.23014,146.994,9.71964,2.33996,145.903,-1.62417,8.63965,146.74,1.57347,4.40653,-141.604,68.35,57.6137,-199.74,-371.107,-110.339,-388.192,464.395,296.358,-217.363,-95.2187,-142.685,-58.5746,-57.6143,-47.3608,-21.0113,-313.488,0,15.5562,0,-11.2557,-0.308243,-0.556912,-0.401448,-0.648306,-0.215105,-0.729855,-0.732304,0.120616,-0.571706,0.361285,-0.134894,0.840556,0.226762,-0.728263,0.295371,0.0816082,-0.728981,0.0480372,-0.009461,-0.215467,0.789048
67.13,0,,23.452,7.82252,5.84138,-2.71784,1.16401,-2.97179,61.1803,11.4698,5.20483,3.63432,-0.68949,-4.53388,-5.77546,-0.143089,-1.33225,-1.33225,0.325551,-0.325551,3.77025,-3.77025,31.1534,-1.57952,0.00466974,-4.50899,2.47831,-7.45177,150.395,1.35075,0.237182,149.221,24.9203,5.5655,144.056,-36.0533,4.54692,151.269,-31.1206,1.50202,147.422,9.31421,2.47469,146.292,-2.04766,8.84479,146.712,1.56493,4.3047,-133.294,68.8574,58.5875,-170.865,-418.956,-144.521,-350.608,496.092,300.749,-147.53,27.3054,-152.24,-45.3985,-57.1355,-55.6537,-14.1616,-318.881,-37.5907,0.414831,4.79822,-11.2557,-0.307761,-0.557107,-0.401823,-0.647136,-0.21736,-0.730454,-0.734295,0.11048,-0.577792,0.345362,-0.124887,0.847045,0.228163,-0.728802,0.292009,0.0818535,-0.729052,0.0426664,-0.00903357,-0.214669,0.789278
67.14,0,,24.2268,7.47065,5.57107,-2.69118,0.914667,-2.7185,60.0411,11.5399,5.64831,4.00617,-1.00264,-4.83458,-4.967,-0.475385,-1.31948,-1.31948,0.390448,-0.390448,3.81778,-3.81778,28.7811,-1.56427,0.163441,-4.40312,2.78964,-7.5258,150.389,1.34244,0.301701,149.518,25.6594,5.46933,144.967,-34.2036,3.61662,151.028,-28.7442,1.69388,147.686,8.94546,2.57238,146.518,-2.48088,9.04994,146.679,1.54999,4.19778,-124.028,73.7136,51.7532,-145.042,-477.992,-159.165,-288.573,393.524,265.625,-120.598,111.322,1.95459,-29.3084,-67.4028,-43.4508,-17.5654,-216.766,-45.4099,-1.86674,-3.78807,10.0913,-0.30733,-0.557283,-0.402123,-0.645957,-0.219795,-0.730921,-0.737287,0.101691,-0.583592,0.329176,-0.113957,0.853427,0.229564,-0.729222,0.289015,0.0831955,-0.728983,0.0382101,-0.00854511,-0.213872,0.789507
67.15,0,,24.9958,7.15245,5.34279,-2.65469,0.291319,-2.53152,58.7997,11.6342,5.94438,4.37937,-1.53868,-5.14436,-3.88954,-0.726085,-1.29326,-1.29326,0.439813,-0.439813,3.82191,-3.82191,26.4781,-1.53594,0.504332,-4.30571,2.98237,-7.54386,150.384,1.31957,0.352496,150.226,26.3435,5.59257,146.24,-32.281,2.52346,150.874,-26.4378,1.98936,147.867,8.59602,2.63164,146.671,-2.91735,9.27642,146.657,1.52223,4.10359,-113.772,83.4986,53.214,-151.889,-542.447,-163.079,-214.829,261.752,157.213,-86.9928,100.645,161.579,-43.9627,-109.855,-21.4732,-27.3567,-125.507,0,1.86674,-7.82867,-5.43378,-0.306902,-0.557344,-0.402367,-0.644619,-0.22236,-0.731415,-0.740822,0.0943653,-0.589386,0.312704,-0.104377,0.859067,0.231088,-0.729397,0.286387,0.0850905,-0.728946,0.0341217,-0.00799619,-0.213211,0.78967
67.16,0,,25.7203,6.84402,5.17121,-2.63914,-0.55974,-2.36045,57.4581,11.7569,6.05875,4.77022,-2.20873,-5.43469,-2.70754,-0.948405,-1.27446,-1.27446,0.469602,-0.469602,3.80434,-3.80434,24.3108,-1.5098,0.922273,-4.21536,3.0565,-7.52941,150.367,1.30295,0.384039,151.181,26.9661,5.88592,147.689,-30.2968,1.38784,150.82,-24.2731,2.30228,148.032,8.26492,2.68674,146.792,-3.36355,9.48986,146.641,1.49661,4.01704,-107.407,95.7118,54.6921,-167.963,-565.949,-168.444,-151.37,106.455,57.583,19.5436,108.346,254.313,-72.2575,-153.319,-10.2478,-31.727,-102.045,-41.9812,5.80764,-4.29314,-5.04566,-0.306588,-0.557388,-0.402477,-0.643154,-0.22529,-0.731842,-0.74447,0.0878935,-0.595112,0.29682,-0.0958881,0.863786,0.232741,-0.729475,0.284075,0.087162,-0.728791,0.0301527,-0.00750789,-0.212602,0.789794
67.17,0,,26.3714,6.58012,5.01821,-2.65279,-1.49731,-2.19204,55.9935,11.9498,6.06129,5.17735,-2.81212,-5.74576,-1.53432,-1.17545,-1.26053,-1.26053,0.473006,-0.473006,3.79814,-3.79814,22.2218,-1.48148,1.26783,-4.11654,3.06391,-7.53483,150.356,1.28909,0.388545,152.235,27.507,6.23485,149.155,-28.2477,0.349812,150.847,-22.1863,2.51876,148.191,7.98016,2.73998,146.907,-3.83409,9.71516,146.619,1.46886,3.92285,-104.505,92.2689,53.214,-177.712,-547.865,-144.047,-84.4824,-51.2339,-27.8627,155.157,170.483,191.332,-81.5484,-169.438,-14.6623,-40.5097,-118.644,-57.6196,0.414831,-11.6167,4.2694,-0.306475,-0.557344,-0.402489,0.642005,0.228895,0.731732,-0.747612,0.0817929,-0.601056,0.281748,-0.0872832,0.867766,0.23433,-0.72948,0.282245,0.089421,-0.728614,0.0260633,-0.0069583,-0.211923,0.789951
67.18,0,,26.9277,6.326,4.82562,-2.67405,-2.42724,-2.03821,54.4119,12.1865,6.13499,5.61027,-3.44398,-6.0685,-0.498527,-1.37649,-1.26424,-1.26424,0.478113,-0.478113,3.85187,-3.85187,20.0394,-1.45751,1.6671,-3.99937,2.9972,-7.59081,150.346,1.29348,0.392027,153.284,27.9703,6.55913,150.538,-26.15,-0.525985,151.011,-20.0119,2.75986,148.339,7.72435,2.79554,146.995,-4.31761,9.93335,146.608,1.44537,3.80575,-108.396,79.5846,39.0584,-176.298,-467.789,-78.62,-73.2267,-195.267,-96.1687,189.001,163.132,122.487,-80.5771,-126.932,-17.0902,-55.1756,-118.153,-44.4482,-13.2746,-12.6269,9.31506,-0.306417,-0.557411,-0.402432,0.641386,0.233104,0.730928,-0.749948,0.0757517,-0.607296,0.265758,-0.0786775,0.87119,0.236157,-0.729346,0.280959,0.091864,-0.728319,0.0220351,-0.00640908,-0.211072,0.790087
67.19,0,,27.3777,6.09902,4.59832,-2.69943,-3.25413,-1.89897,52.6906,12.4605,6.22775,6.03097,-4.06334,-6.40161,0.293853,-1.55978,-1.27353,-1.27353,0.475134,-0.475134,3.9087,-3.9087,17.8118,-1.4183,2.12707,-3.8822,2.80694,-7.6522,150.335,1.30295,0.387111,154.222,28.3451,6.79884,151.74,-24.0101,-1.17618,151.296,-17.791,3.02969,148.465,7.5004,2.84184,147.066,-4.80437,10.1634,146.591,1.40694,3.69374,-117.201,64.9434,24.4158,-165.061,-354.501,-20.0101,-105.959,-299.33,-171.398,221.176,130.401,113.8,-81.5484,-80.0641,-10.7523,-48.8302,-114.722,-56.1561,9.74853,-6.81852,24.452,-0.306422,-0.55748,-0.402316,0.641389,0.237561,0.729467,-0.751158,0.0692194,-0.614002,0.249159,-0.0702552,0.873948,0.238114,-0.729054,0.28017,0.0944859,-0.728054,0.0180671,-0.00573768,-0.21028,0.790212
67.2,0,,27.7212,5.87422,4.34071,-2.73275,-3.93472,-1.79288,50.8441,12.7476,6.22394,6.46524,-4.57161,-6.71916,0.805538,-1.70524,-1.2914,-1.2914,0.458963,-0.458963,3.9521,-3.9521,15.6566,-1.38126,2.55902,-3.77208,2.48325,-7.69192,150.329,1.3198,0.368882,154.991,28.6397,6.9187,152.722,-21.8443,-1.60077,151.702,-15.6419,3.25438,148.564,7.28707,2.87702,147.099,-5.296,10.3863,146.586,1.37065,3.58683,-130.854,37.1105,19.0423,-159.182,-244.168,19.0317,-102.078,-352.059,-204.073,292.439,142.653,53.2082,-91.8106,-26.8654,-5.36041,-47.8637,-97.1421,-13.1714,15.1413,5.30329,18.242,-0.306545,-0.557542,-0.402134,0.641995,0.241832,0.727509,-0.751211,0.0619549,-0.621136,0.233164,-0.0620142,0.875829,0.240073,-0.728704,0.279506,0.0972953,-0.727701,0.014283,-0.0051273,-0.209548,0.790276
67.21,0,,27.9986,5.65919,4.06844,-2.76765,-4.44485,-1.70006,48.8892,13.0808,6.09687,6.96194,-4.99585,-7.02375,0.975125,-1.8294,-1.30811,-1.30811,0.436834,-0.436834,3.99446,-3.99446,13.5767,-1.37255,3.00264,-3.69162,2.0039,-7.71539,150.313,1.33528,0.344508,155.562,28.8927,6.92788,153.447,-19.6348,-1.80039,152.244,-13.5686,3.48727,148.636,7.08436,2.90527,147.11,-5.81846,10.6223,146.591,1.35997,3.50791,-128.414,29.2825,5.86049,-154.791,-144.038,35.1596,-66.4345,-401.897,-232.949,391.11,126.9,32.1421,-100.088,-12.1825,-6.8424,-73.2453,-66.3956,-29.7715,-1.45191,-4.79822,5.82191,-0.306662,-0.557596,-0.401884,0.642919,0.245863,0.725321,-0.750032,0.0535301,-0.628811,0.217538,-0.0543234,0.876804,0.241897,-0.728376,0.278825,0.10047,-0.727276,0.0104376,-0.00482199,-0.208932,0.790318
67.22,0,,28.22,5.45502,3.77221,-2.807,-4.7896,-1.62182,46.857,13.4402,5.88466,7.46136,-5.49162,-7.33612,0.831854,-1.9181,-1.32946,-1.32946,0.399598,-0.399598,4.01409,-4.01409,11.545,-1.3464,3.60037,-3.62385,1.36641,-7.69373,150.285,1.35421,0.305592,155.924,29.1163,6.80609,153.946,-17.3977,-1.82954,152.907,-11.54,3.87919,148.685,6.89419,2.92008,147.088,-6.35391,10.8843,146.608,1.33435,3.44427,-149.42,14.6413,-9.77328,-153.823,-74.7281,22.4719,-89.334,-427.215,-256.337,433.534,11.2022,-0.868705,-77.1564,-17.0768,9.27035,-71.2703,-74.7301,-25.3811,1.03708,-3.03045,17.4657,-0.306838,-0.557644,-0.401508,0.644197,0.249463,0.722937,-0.747834,0.0440082,-0.636806,0.201365,-0.048037,0.877057,0.243432,-0.728098,0.278042,0.103947,-0.726898,0.00659208,-0.00445575,-0.208505,0.790256
67.23,0,,28.4011,5.26605,3.43542,-2.83556,-4.93844,-1.53297,44.7852,13.8304,5.53903,7.9757,-6.09987,-7.65626,0.407886,-2.01152,-1.34803,-1.34803,0.367468,-0.367468,4.05025,-4.05025,9.63087,-1.32026,4.38255,-3.57303,0.664671,-7.67928,150.258,1.37061,0.271183,156.061,29.3279,6.53787,154.221,-15.1541,-1.70913,153.636,-9.62804,4.4958,148.745,6.71754,2.92934,147.061,-6.90395,11.1725,146.63,1.30874,3.3959,-150.376,24.4263,-13.6687,-152.335,-38.0677,-6.84887,-149.882,-403.293,-210.49,440.922,-183.086,-57.1173,-82.013,-39.5267,20.4957,-70.3037,-111.85,9.28269,7.88179,5.30329,16.6895,-0.306959,-0.557702,-0.40114,0.645795,0.252641,0.720385,-0.744677,0.0333274,-0.645,0.184828,-0.0438263,0.876771,0.244702,-0.72788,0.277174,0.107547,-0.726581,0.00256354,-0.00415065,-0.208204,0.79015
67.24,0,,28.5535,5.09989,3.0864,-2.85619,-4.90154,-1.44147,42.705,14.2556,4.97991,8.51311,-6.74145,-7.96085,-0.147658,-2.1073,-1.36033,-1.36033,0.324912,-0.324912,4.09468,-4.09468,7.94283,-1.29847,5.2231,-3.54621,0.0197672,-7.66845,150.236,1.37985,0.227146,155.99,29.5274,6.13964,154.297,-12.9234,-1.52029,154.316,-7.94143,5.22526,148.811,6.55537,2.92008,147.044,-7.47347,11.4713,146.663,1.28525,3.37299,-151.86,48.8163,-15.6164,-163.572,-45.3857,-6.84887,-215.799,-352.557,-134.754,527.439,-318.388,-68.8448,-98.1453,-76.1806,47.3608,-54.2091,-138.184,-0.501767,1.86674,-2.52538,6.21004,-0.307156,-0.557666,-0.400792,0.647611,0.25526,0.717804,-0.740948,0.0216077,-0.652991,0.169254,-0.0412606,0.876299,0.245736,-0.727624,0.276315,0.111213,-0.726239,-0.00164805,-0.00396751,-0.208081,0.789963
67.25,0,,28.6642,4.97392,2.74569,-2.88348,-4.74634,-1.3566,40.5727,14.7444,4.16285,9.07224,-7.4483,-8.27193,-0.674693,-2.209,-1.36776,-1.36776,0.271718,-0.271718,4.14221,-4.14221,6.50196,-1.27233,6.09868,-3.52645,-0.474412,-7.67206,150.23,1.38377,0.172254,155.781,29.6907,5.66458,154.27,-10.6782,-1.34031,154.853,-6.49965,6.04604,148.883,6.42795,2.9048,147.017,-8.06732,11.7844,146.701,1.26177,3.35517,-159.676,74.6921,-22.4681,-182.102,-87.3939,-2.43025,-255.841,-287.069,-47.3667,599.178,-430.234,-100.987,-80.0703,-86.448,66.406,-22.44,-186.51,7.31744,-1.03708,-3.03045,-1.94064,-0.307453,-0.55753,-0.400477,0.64957,0.257032,0.715369,-0.736988,0.00903381,-0.660567,0.154917,-0.0402246,0.87603,0.246527,-0.727374,0.275641,0.115056,-0.725858,-0.00604271,-0.00378433,-0.208016,0.789765
67.26,0,,28.7217,4.87835,2.43578,-2.91108,-4.54153,-1.2956,38.4028,15.3077,3.24921,9.66801,-8.18015,-8.56615,-1.06065,-2.31307,-1.38169,-1.38169,0.197458,-0.197458,4.19904,-4.19904,5.16359,-1.24836,6.97192,-3.50668,-0.751152,-7.70817,150.241,1.39232,0.0956512,155.523,29.8099,5.15954,154.199,-8.43297,-1.18695,155.198,-5.16281,6.90478,148.949,6.33625,2.86452,146.984,-8.69849,12.0844,146.734,1.23615,3.3399,-155.752,101.547,-31.2502,-194.828,-129.402,-2.43025,-259.787,-235.337,0,639.218,-533.155,-64.9357,-69.8081,-79.1066,97.1811,-41.5183,-225.591,-12.7114,-1.86674,3.78807,-9.31506,-0.308005,-0.557291,-0.400175,0.651594,0.257708,0.713244,-0.732879,-0.00390641,-0.667691,0.14112,-0.0396137,0.876323,0.247149,-0.726982,0.275289,0.119086,-0.72526,-0.0105597,-0.00360115,-0.207951,0.789568
67.27,0,,28.736,4.79907,2.14103,-2.92854,-4.29855,-1.31682,36.1891,15.917,2.23391,10.3072,-8.66966,-8.86815,-1.17468,-2.36983,-1.39956,-1.39956,0.122348,-0.122348,4.2476,-4.2476,3.92168,-1.23311,7.53462,-3.47845,-0.731385,-7.76234,150.291,1.40479,0.0184339,155.254,29.8862,4.64195,154.138,-6.17639,-1.1071,155.269,-3.91922,7.48548,148.965,6.27061,2.80295,146.891,-9.34913,12.3856,146.773,1.22334,3.31189,-143.55,128.908,-37.1107,-210.903,-163.107,7.82728,-222.138,-228.958,21.4459,718.823,-512.676,222.606,-86.9118,-98.6305,99.609,-41.014,-260.26,-7.31744,-5.80764,-2.52538,-0.388127,-0.308736,-0.556982,-0.40005,0.653666,0.257218,0.71147,-0.728866,-0.0170909,-0.674175,0.129526,-0.037173,0.877381,0.247574,-0.726547,0.275042,0.123539,-0.72451,-0.014893,-0.00347927,-0.20778,0.789367
67.28,0,,28.7102,4.74803,1.90199,-2.94948,-4.08356,-1.46269,33.9733,16.5745,1.21226,10.9654,-8.82103,-9.21162,-1.00144,-2.34381,-1.42161,-1.42161,0.0293634,-0.0293634,4.28273,-4.28273,2.72799,-1.21351,7.71207,-3.43186,-0.43982,-7.84179,150.362,1.4198,-0.0770126,155.029,29.917,4.17074,154.105,-3.95711,-1.08302,155.088,-2.72616,7.6917,148.888,6.23972,2.71359,146.693,-10.0079,12.7116,146.805,1.20199,3.26607,-150.376,142.1,-36.6237,-213.358,-191.394,14.6446,-113.269,-235.836,18.0686,873.503,-306.135,301.658,-92.7819,-103.525,49.8203,-48.8302,-251.435,-6.81567,-3.9409,9.34389,-6.98629,-0.309713,-0.556555,-0.399989,0.655613,0.255629,0.710182,-0.724946,-0.0299696,-0.680022,0.120305,-0.0321058,0.879124,0.247633,-0.726114,0.274856,0.128725,-0.723702,-0.018738,-0.00323506,-0.207471,0.789232
67.29,0,,28.6512,4.71436,1.71135,-2.98883,-3.89783,-1.78493,31.7742,17.2496,0.559112,11.6385,-8.94463,-9.58232,-0.658612,-2.17471,-1.44737,-1.44737,-0.0648974,0.0648974,4.24553,-4.24553,1.21479,-1.18736,7.84983,-3.3641,-0.046947,-7.88151,150.461,1.43851,-0.172049,154.865,29.9103,3.76188,154.105,-1.78483,-1.08239,154.754,-1.21249,7.84867,148.652,6.23779,2.62238,146.336,-10.6504,13.0472,146.827,1.17637,3.20243,-149.42,144.057,-49.3186,-236.354,-228.054,-2.43025,-66.8873,-235.836,-30.3113,830.602,-111.322,-93.8201,-113.264,-119.644,-15.6398,-53.2426,-172.853,-47.8351,0.414831,-2.52538,-3.10502,-0.31082,-0.556082,-0.400061,0.657388,0.253372,0.709271,-0.720981,-0.0424214,-0.685396,0.109139,-0.0249042,0.881536,0.247458,-0.725833,0.274683,0.134835,-0.722762,-0.0216078,-0.00286872,-0.207036,0.789141
67.3,0,,28.5291,4.62857,1.61115,-3.07006,-3.69683,-2.2663,29.6085,17.894,0.292263,12.3211,-9.20431,-10.001,-0.317976,-1.90509,-1.504,-1.504,-0.170648,0.170648,4.25793,-4.25793,-0.617943,-1.16122,8.13935,-3.28504,0.459587,-8.02054,150.593,1.487,-0.281833,154.7,29.8634,3.41392,154.083,0.319357,-1.07225,154.392,0.617904,8.13594,148.29,6.22041,2.54228,145.848,-11.2767,13.4184,146.827,1.15075,3.12352,-148.925,131.336,-64.935,-256.372,-246.068,4.38707,-99.1019,-250.488,-35.6305,636.12,-3.50069,-326.199,-121.077,-120.123,-80.5638,-76.6491,-25.4236,25.8828,14.7265,5.80837,7.37442,-0.312276,-0.55564,-0.400173,0.65889,0.250677,0.708757,-0.716829,-0.0546289,-0.690399,0.0950352,-0.0169684,0.884188,0.247513,-0.72563,0.274431,0.141731,-0.721839,-0.0237439,-0.00244148,-0.206488,0.789148
67.31,0,,28.3451,4.48521,1.56666,-3.19762,-3.45004,-2.8047,27.4386,18.5143,0.00889497,13.035,-9.41331,-10.4222,-0.0307011,-1.6059,-1.58501,-1.58501,-0.279165,0.279165,4.25793,-4.25793,-2.39943,-1.15468,8.38685,-3.22434,0.968591,-8.16499,150.741,1.55998,-0.396123,154.502,29.7777,3.08867,154.001,2.3895,-1.06718,154.031,2.39778,8.34729,147.894,6.17504,2.49922,145.31,-11.9014,13.8097,146.833,1.14221,3.05988,-142.594,115.717,-68.8477,-257.786,-242.69,-10.731,-137.203,-274.411,-2.44854,501.937,95.2187,-402.862,-115.713,-90.3315,-63.4735,-104.972,165.009,15.6384,-8.29662,5.30329,18.242,-0.313925,-0.555273,-0.400295,0.660269,0.247944,0.708369,-0.712497,-0.0669588,-0.695041,0.0816062,-0.00885034,0.88656,0.248184,-0.725447,0.274309,0.148937,-0.720879,-0.0256977,-0.0021974,-0.206006,0.789172
67.32,0,,28.1208,4.30494,1.58035,-3.34993,-3.14727,-3.32851,25.2917,19.0995,-0.575632,13.7244,-9.4647,-10.8305,0.144003,-1.3623,-1.67877,-1.67877,-0.4013,0.4013,4.22383,-4.22383,-3.83426,-1.13943,8.48024,-3.18058,1.40841,-8.31125,150.928,1.64473,-0.523931,154.266,29.6612,2.7726,153.875,4.40939,-1.06908,153.74,3.83178,8.3873,147.543,6.10361,2.47237,144.821,-12.518,14.2129,146.838,1.12726,3.0166,-156.741,74.221,-86.4292,-262.698,-246.068,-14.6446,-200.662,-312.487,-1.01319,454.508,201.64,-386.139,-106.929,-33.6748,48.3383,-112.789,237.778,-35.1655,4.97797,2.0203,23.2876,-0.315867,-0.554827,-0.400525,0.661591,0.24519,0.708041,-0.708033,-0.0792875,-0.699304,0.0714146,-0.00146491,0.888227,0.249767,-0.724947,0.274731,0.155768,-0.720001,-0.0279553,-0.00195323,-0.2057,0.789166
67.33,0,,27.8434,4.09968,1.62337,-3.54413,-2.81397,-3.7197,23.128,19.7023,-1.54773,14.4111,-9.54107,-11.2012,0.166663,-1.27006,-1.78972,-1.78972,-0.543861,0.543861,4.14841,-4.14841,-4.86215,-1.12418,8.58298,-3.1594,1.69503,-8.43944,151.131,1.74565,-0.672016,154.003,29.5059,2.44542,153.716,6.40983,-1.08999,153.581,4.85968,8.43963,147.345,6.01866,2.48256,144.47,-13.1621,14.6077,146.838,1.11232,2.99623,-158.687,66.393,-97.6633,-242.158,-233.895,9.75254,-235.335,-317.371,17.0554,536.019,216.342,-203.711,-142.108,2.44714,74.6989,-82.028,177.265,-2.42521,10.1634,2.52538,14.7488,-0.318071,-0.554351,-0.400717,0.663059,0.242688,0.707495,-0.703456,-0.0916782,-0.703212,0.0639656,0.00360112,0.88917,0.251353,-0.724578,0.275036,0.161814,-0.719097,-0.0311908,-0.0017701,-0.205576,0.789159
67.34,0,,27.4955,3.84664,1.66687,-3.77927,-2.43233,-4.0499,20.9623,20.3291,-2.66468,15.1154,-9.69175,-11.5278,0.0606712,-1.2606,-1.92875,-1.92875,-0.694083,0.694083,4.07918,-4.07918,-5.70617,-1.09804,8.73708,-3.14105,1.90753,-8.59292,151.362,1.87451,-0.829728,153.712,29.3064,2.08247,153.535,8.36974,-1.14513,153.527,5.70299,8.54735,147.241,5.91441,2.53349,144.207,-13.8533,14.9694,146.849,1.0867,2.97841,-189.949,40.046,-102.533,-229.954,-228.054,20.0101,-257.329,-309.596,36.6437,587.023,154.73,-57.5517,-171.881,30.7489,28.8201,-74.7161,64.9249,-65.8988,-2.48899,9.34389,-5.04566,-0.320568,-0.553913,-0.400954,0.664825,0.240306,0.706635,-0.698903,-0.104011,-0.706655,0.0574986,0.00726362,0.889641,0.252823,-0.724469,0.27498,0.167427,-0.717926,-0.0350967,-0.00152593,-0.205513,0.78909
67.35,0,,27.0974,3.53713,1.74655,-4.06358,-2.05832,-4.39071,18.8091,20.9187,-3.7397,15.813,-9.85075,-11.7728,-0.108185,-1.26533,-2.09516,-2.09516,-0.870263,0.870263,3.99652,-3.99652,-6.55924,-1.07407,8.8725,-3.15658,2.05579,-8.76084,151.625,2.02947,-1.01407,153.448,29.0815,1.73209,153.364,10.2907,-1.23828,153.554,6.55406,8.63661,147.153,5.78216,2.60942,143.965,-14.538,15.2836,146.86,1.06321,2.99114,-206.537,30.261,-112.306,-218.27,-209.97,21.4935,-249.501,-297.336,28.2849,683.549,92.2431,237.374,-139.659,18.5664,-67.3835,-98.6269,-24.4431,-87.8929,8.29662,3.03045,-3.49315,-0.323447,-0.553443,-0.40115,0.666718,0.238292,0.705538,-0.694443,-0.116036,-0.709642,0.0510872,0.0110475,0.889723,0.254293,-0.724545,0.274558,0.172737,-0.716524,-0.0389422,-0.00140389,-0.2057,0.788986
67.36,0,,26.6546,3.18092,1.88977,-4.42977,-1.71484,-4.81506,16.6935,21.4426,-4.58853,16.4942,-10.0209,-12.045,-0.296046,-1.18846,-2.28293,-2.28293,-1.06964,1.06964,3.9056,-3.9056,-7.56905,-1.06318,8.99858,-3.15234,2.15956,-8.92515,151.9,2.20475,-1.22257,153.229,28.8231,1.43874,153.222,12.1437,-1.36819,153.631,7.56447,8.71048,146.999,5.63544,2.73859,143.647,-15.1725,15.6062,146.882,1.0504,2.9886,-209.472,34.6824,-125.001,-228.019,-189.916,11.2359,-216.769,-297.336,25.9208,745.516,40.958,396.564,-84.4624,23.4607,-75.6764,-77.1534,-59.602,-73.258,8.29662,5.30329,-10.0913,-0.326617,-0.552948,-0.401267,0.668556,0.236647,0.704385,-0.690171,-0.127511,-0.712145,0.0436424,0.0157479,0.889573,0.255944,-0.724919,0.273951,0.178237,-0.715205,-0.0421176,-0.00134284,-0.205698,0.788857
67.37,0,,26.1673,2.76932,2.08334,-4.83784,-1.46296,-5.39324,14.6279,21.8919,-5.17433,17.1931,-10.1715,-12.3275,-0.392536,-1.00044,-2.48532,-2.48532,-1.28561,1.28561,3.78161,-3.78161,-8.75972,-1.08061,9.10132,-3.16364,2.24852,-9.08044,152.202,2.39505,-1.44665,153.135,28.5312,1.23286,153.172,13.9172,-1.50444,153.707,8.75365,8.75357,146.719,5.45879,2.88536,143.208,-15.7615,15.95,146.904,1.06748,2.99369,-185.563,64.436,-121.575,-245.582,-163.107,2.93523,-154.798,-293.449,-1.94195,791.039,-40.958,626.553,-44.934,24.4182,-101.564,-34.1643,49.7967,-64.937,7.25955,4.29314,0,-0.330038,-0.552403,-0.401392,0.670381,0.235302,0.703158,-0.686069,-0.137885,-0.71433,0.0350961,0.021607,0.889304,0.257644,-0.725505,0.272904,0.184333,-0.713894,-0.0443742,-0.00152592,-0.205694,0.788778
67.38,0,,25.6254,2.30777,2.35806,-5.29256,-1.29376,-6.06425,12.625,22.2842,-5.49582,17.8812,-10.2229,-12.6088,-0.39619,-0.753284,-2.70535,-2.70535,-1.54137,1.54137,3.62043,-3.62043,-10.1101,-1.10022,9.09431,-3.18481,2.33005,-9.21947,152.526,2.60266,-1.70902,153.157,28.1992,1.11397,153.216,15.5853,-1.65083,153.784,10.1022,8.67868,146.379,5.25994,3.03953,142.708,-16.318,16.3022,146.926,1.0867,3.00896,-147.474,112.31,-135.748,-261.21,-139.675,-3.40866,-26.8455,-308.6,-26.8496,896.86,-36.5822,671.292,-43.4559,35.6432,-124.015,-23.9108,163.118,-9.28269,13.6894,7.32359,-5.82191,-0.333878,-0.551723,-0.401447,0.67218,0.234335,0.701846,0.682263,0.147097,0.716138,0.0260631,0.029115,0.888833,0.259536,-0.726114,0.271682,0.190617,-0.712601,-0.0461436,-0.00177009,-0.205757,0.788666
67.39,0,,25.0231,1.83427,2.66944,-5.76759,-1.22888,-6.68619,10.6596,22.6744,-5.46532,18.576,-10.0792,-12.8525,-0.326016,-0.575902,-2.92561,-2.92561,-1.83266,1.83266,3.46441,-3.46441,-11.7078,-1.13507,8.92387,-3.22152,2.40912,-9.37656,152.85,2.80958,-2.00622,153.284,27.8002,1.05211,153.353,17.1496,-1.7649,153.861,11.6974,8.42424,146.088,5.04853,3.19093,142.263,-16.8826,16.6331,146.943,1.11872,3.03696,-92.2704,172.361,-131.348,-250.94,-116.244,-19.0317,136.75,-360.332,-57.1608,925.222,34.1317,388.745,-56.1675,44.421,-54.2032,-14.6659,213.895,61.0483,4.97797,13.132,8.15068,-0.33792,-0.55089,-0.401341,0.674176,0.233535,0.700301,0.678563,0.155098,0.717811,0.0162358,0.0391246,0.887963,0.261732,-0.726538,0.270643,0.196538,-0.711199,-0.0482189,-0.00213636,-0.205884,0.788622
67.4,0,,24.3561,1.36511,3.0253,-6.24071,-1.23016,-7.22989,8.70457,23.0974,-5.08792,19.279,-9.8577,-13.0508,-0.298239,-0.496671,-3.14146,-3.14146,-2.15332,2.15332,3.31253,-3.31253,-13.5706,-1.16122,8.7651,-3.26952,2.41159,-9.54809,153.197,3.01188,-2.33106,153.498,27.3303,1.04003,153.562,18.6346,-1.79088,154.031,13.557,8.18416,145.901,4.83231,3.32427,141.918,-17.4878,16.939,146.959,1.14648,3.07515,-34.6591,208.022,-117.679,-177.712,-85.9162,-17.0748,228.542,-432.598,-143.029,884.228,35.1819,106.851,-65.9229,65.9133,33.676,-48.3259,179.716,72.7562,-4.35573,4.79822,6.98629,-0.342192,-0.549851,-0.401218,0.676339,0.232852,0.698556,0.674597,0.162118,0.719704,0.00451668,0.0504159,0.886428,0.264107,-0.726707,0.269845,0.201917,-0.709641,-0.0510287,-0.0025025,-0.20612,0.788531
67.41,0,,23.5986,0.912247,3.40413,-6.6802,-1.28359,-7.66087,6.69117,23.5511,-4.61903,19.9956,-9.5501,-13.2283,-0.345022,-0.555798,-3.34316,-3.34316,-2.49632,2.49632,3.16478,-3.16478,-15.4727,-1.20697,8.62267,-3.32034,2.30288,-9.73588,153.548,3.20032,-2.67721,153.783,26.7546,1.05743,153.825,20.0676,-1.70216,154.327,15.4612,7.98717,145.835,4.60836,3.41641,141.693,-18.1271,17.2319,146.976,1.18918,3.11588,25.3925,232.919,-124.514,-92.2792,-63.4696,40.0517,209.007,-365.715,-194.786,918.549,95.2187,-91.8655,-76.6496,129.858,90.8116,-102.535,106.947,81.5372,-2.48899,1.01015,6.98629,-0.346572,-0.548606,-0.401078,0.678801,0.232004,0.696563,0.67013,0.168402,0.722011,-0.00762992,0.0616498,0.884155,0.266307,-0.726651,0.268992,0.206619,-0.70806,-0.0547526,-0.00299082,-0.206305,0.788477
67.42,0,,22.7404,0.469155,3.78981,-7.05844,-1.19963,-8.0282,4.65691,24.007,-4.16031,20.6795,-9.09669,-13.402,-0.573087,-0.727268,-3.52884,-3.52884,-2.84634,2.84634,3.00773,-3.00773,-17.2813,-1.23311,8.41253,-3.3768,2.13238,-9.94352,153.922,3.37468,-3.02766,153.953,26.0651,1.01151,153.979,21.4131,-1.56338,154.699,17.2683,7.75018,145.863,4.368,3.45345,141.572,-18.781,17.539,146.981,1.2148,3.16425,65.9216,246.582,-107.906,7.29303,-24.9094,69.3409,51.7503,-270.025,-55.6411,959.543,303.16,-334.886,-55.1962,213.38,182.632,-100.098,28.2952,74.7215,-4.35573,-1.01015,-11.2557,-0.351041,-0.547162,-0.401093,0.681595,0.230718,0.694351,0.665418,0.174808,0.724379,-0.0187991,0.0726938,0.881298,0.268085,-0.726431,0.26778,0.210761,-0.706625,-0.0592058,-0.0033571,-0.206614,0.788431
67.43,0,,21.8104,0.0293222,4.16278,-7.34117,-0.977001,-8.38094,2.63098,24.4563,-3.76257,21.354,-8.97448,-13.5848,-0.997055,-0.96023,-3.70338,-3.70338,-3.16508,3.16508,2.83724,-2.83724,-18.9422,-1.26797,8.5176,-3.41633,1.85564,-10.1638,154.323,3.54211,-3.34452,154.03,25.3006,0.931772,154.045,22.6711,-1.47276,155.198,18.9316,7.87945,145.939,4.11605,3.434,141.511,-19.4382,17.8414,146.997,1.24682,3.19225,107.407,204.108,-124.027,114.754,37.5751,62.0186,-58.6073,-267.134,84.9392,973.128,337.466,-551.193,-19.0463,335.471,211.421,-72.741,6.37342,65.8988,0,0,-11.2557,-0.355424,-0.545679,-0.401446,0.684486,0.229017,0.692116,0.661044,0.181284,0.726294,-0.0307013,0.0806292,0.878254,0.268933,-0.726291,0.265759,0.214489,-0.705239,-0.0640294,-0.00372341,-0.206741,0.788387
67.44,0,,20.8574,-0.413769,4.50642,-7.52553,-0.767099,-8.72705,0.659311,24.8728,-3.64567,22.019,-9.46053,-13.7857,-1.51386,-1.24049,-3.85006,-3.85006,-3.43786,3.43786,2.6554,-2.6554,-20.2203,-1.30283,9.15035,-3.44739,1.42077,-10.3877,154.746,3.68668,-3.61242,154.178,24.4892,0.893593,154.182,23.8302,-1.42586,155.888,20.214,8.62738,146.049,3.82936,3.37335,141.489,-20.0937,18.158,147.014,1.28312,3.21261,130.359,173.811,-121.088,160.149,136.227,76.1582,-36.6134,-286.671,97.6885,1028.42,135.827,-580.078,22.467,393.564,181.655,-29.2897,69.8275,60.0448,-5.39281,-9.84897,-20.9589,-0.359519,-0.544162,-0.402186,-0.687348,-0.227061,-0.689912,0.657284,0.186845,0.727724,-0.0429697,0.0826434,0.875447,0.268448,-0.726544,0.262222,0.217972,-0.703967,-0.0691576,-0.00408945,-0.206792,0.788348
67.45,0,,19.969,-0.855774,4.81535,-7.62581,-0.589,-9.05062,-1.12876,25.2541,-3.74097,22.6772,-10.1334,-14.0112,-2.01677,-1.5787,-3.96263,-3.96263,-3.68106,3.68106,2.46218,-2.46218,-21.1427,-1.35294,9.8835,-3.46574,0.931528,-10.6116,155.185,3.80099,-3.84776,154.392,23.7153,0.879577,154.385,24.8434,-1.42713,156.645,21.1389,9.52408,146.192,3.50501,3.27103,141.517,-20.7475,18.4924,147.03,1.33008,3.21516,129.897,150.399,-99.1241,163.051,238.257,113.78,86.4231,-261.752,55.6411,1171.42,-108.871,-606.356,78.1277,332.014,122.06,74.2118,131.811,89.8581,8.29662,3.53553,-15.5251,-0.363375,-0.542529,-0.403235,-0.690036,-0.22517,-0.687778,0.654333,0.191234,0.728617,-0.0534684,0.0819726,0.872767,0.266371,-0.727271,0.25691,0.221139,-0.702846,-0.0746488,-0.00451687,-0.206677,0.788316
67.46,0,,19.2216,-1.31298,5.06367,-7.62644,-0.35111,-9.29727,-2.62264,25.6289,-3.81467,23.3653,-10.35,-14.2173,-2.41223,-2.05409,-4.04503,-4.04503,-3.89406,3.89406,2.2483,-2.2483,-21.9053,-1.42266,10.1053,-3.47139,0.57819,-10.8427,155.652,3.88944,-4.04951,154.585,23.0553,0.821583,154.572,25.6766,-1.4905,157.275,21.9045,9.87188,146.456,3.12372,3.11917,141.671,-21.4534,18.8019,147.058,1.3984,3.20243,140.12,120.102,-93.2636,175.777,392.076,125.016,139.661,-222.18,47.8733,1363.76,-186.937,-456.939,98.652,176.248,57.1357,162.123,111.85,46.8734,-6.84471,-5.30329,-26.7808,-0.367093,-0.540751,-0.404693,-0.692537,-0.223338,-0.685762,0.652267,0.194777,0.728932,-0.0600597,0.0841081,0.869951,0.262903,-0.728278,0.249901,0.223642,-0.701627,-0.0811189,-0.00506616,-0.20637,0.788307
