"Time,s",Activities,Activity Names,"Hip Flexion LT,deg","Hip Flexion RT,deg","Hip Abduction LT,deg","Hip Abduction RT,deg","Hip Rotation Ext LT,deg","Hip Rotation Ext RT,deg","Knee Flexion LT,deg","Knee Flexion RT,deg","Ankle Dorsiflexion LT,deg","Ankle Dorsiflexion RT,deg","Ankle Inversion LT,deg","Ankle Inversion RT,deg","Ankle Abduction LT,deg","Ankle Abduction RT,deg","Pelvic Tilt LT,deg","Pelvic Tilt RT,deg","Pelvic Obliquity LT,deg","Pelvic Obliquity RT,deg","Pelvic Rotation LT,deg","Pelvic Rotation RT,deg","Foot Pitch Down LT,deg","Foot Pitch Down RT,deg","Foot Roll Med LT,deg","Foot Roll Med RT,deg","Foot Rotation Ext LT,deg","Foot Rotation Ext RT,deg","Pelvis Accel Sensor X,mG","Pelvis Accel Sensor Y,mG","Pelvis Accel Sensor Z,mG","Thigh Accel Sensor X LT,mG","Thigh Accel Sensor Y LT,mG","Thigh Accel Sensor Z LT,mG","Shank Accel Sensor X LT,mG","Shank Accel Sensor Y LT,mG","Shank Accel Sensor Z LT,mG","Foot Accel Sensor X LT,mG","Foot Accel Sensor Y LT,mG","Foot Accel Sensor Z LT,mG","Thigh Accel Sensor X RT,mG","Thigh Accel Sensor Y RT,mG","Thigh Accel Sensor Z RT,mG","Shank Accel Sensor X RT,mG","Shank Accel Sensor Y RT,mG","Shank Accel Sensor Z RT,mG","Foot Accel Sensor X RT,mG","Foot Accel Sensor Y RT,mG","Foot Accel Sensor Z RT,mG","Pelvis Rot X,","Pelvis Rot Y,","Pelvis Rot Z,","LT Thigh Rot X,","LT Thigh Rot Y,","LT Thigh Rot Z,","LT Shank Rot X,","LT Shank Rot Y,","LT Shank Rot Z,","LT Foot Rot X,","LT Foot Rot Y,","LT Foot Rot Z,","RT Thigh Rot X,","RT Thigh Rot Y,","RT Thigh Rot Z,","RT Shank Rot X,","RT Shank Rot Y,","RT Shank Rot Z,","RT Foot Rot X,","RT Foot Rot Y,","RT Foot Rot Z,",,,,,,,,,,,,,,,,,,,,,
158.59,0,,5.228,0.941569,2.73787,-6.8709,0.947742,-10.321,15.6899,1.67017,13.0044,1.4901,0.138176,-6.63102,1.68856,1.56688,0.721829,0.721829,-1.16688,1.16688,-0.950569,0.950569,-1.87794,-0.877994,0.163441,-0.941609,1.97178,-7.7822,153.96,-0.702279,-1.17854,152.899,4.54947,1.48078,152.656,-11.1353,0.296579,151.033,1.87703,0.0974671,143.666,1.25393,5.5582,143.476,-0.405638,7.42659,145.225,0.868932,0.822246,-29.7785,12.6843,3.91279,260.242,257.819,-16.128,468.729,23.4241,-57.1608,32.1754,45.3339,58.2032,-33.7005,18.5664,-26.8651,18.0697,39.5712,-33.2003,0,-9.34389,-3.88127,-0.326011,-0.53037,-0.42172,-0.723186,-0.12751,-0.66404,-0.728447,0.00561565,-0.666675,0.126713,0.0488907,0.889555,0.302448,-0.728438,0.256058,0.087224,-0.724588,0.0730631,0.00927786,-0.188792,0.798751
158.6,0,,6.2299,0.881838,3.06098,-7.01973,1.44133,-10.6724,17.8056,1.65482,14.19,1.59188,0.10693,-6.83451,1.26898,1.82822,0.713473,0.713473,-1.29667,1.29667,-0.939204,0.939204,-1.98043,-0.943353,0.401597,-0.923257,2.12497,-7.86887,154.026,-0.692118,-1.30819,152.438,5.57906,1.60644,152.113,-12.2215,0.489229,150.962,1.97807,0.327284,143.386,1.24234,5.57811,143.197,-0.40077,7.59379,145.22,0.935116,0.794244,29.7785,-16.5983,10.7471,338.382,207.015,-86.4157,505.342,111.339,-42.9762,5.48174,27.8305,5.4294,-21.9602,35.1644,-55.6537,49.3345,86.4264,-82.0389,-22.4009,-15.1523,-1.94064,-0.327118,-0.529774,-0.421488,-0.720991,-0.129036,-0.668009,-0.728944,0.00897293,-0.663753,0.124826,0.047855,0.890139,0.303052,-0.728363,0.256114,0.0894802,-0.725241,0.0742209,0.00885079,-0.188369,0.79889
158.61,0,,7.26199,0.814506,3.38605,-7.14697,1.91965,-10.9801,19.9442,1.62414,15.4074,1.69231,-0.0992922,-7.0069,0.785071,2.06828,0.709296,0.709296,-1.40412,1.40412,-0.927838,0.927838,-2.11608,-1.01089,0.828878,-0.919022,2.20404,-7.92845,154.07,-0.686344,-1.41531,151.961,6.63542,1.73934,151.537,-13.3028,0.694553,150.935,2.11409,0.746906,143.122,1.21532,5.60311,142.933,-0.395902,7.7432,145.214,1.0013,0.77897,89.8301,-48.3451,-6.83434,331.089,161.137,-55.6747,602.568,253.877,-87.8943,14.5385,13.1276,-1.52023,-30.7443,41.9738,-84.9467,42.9891,141.126,-118.668,-12.2375,-19.4454,14.7488,-0.32795,-0.529309,-0.421213,-0.718474,-0.130498,-0.672207,-0.729345,0.0121466,-0.660738,0.121773,0.0455961,0.890802,0.303846,-0.728243,0.256176,0.0915586,-0.725816,0.0753222,0.00836205,-0.188055,0.799034
158.62,0,,8.3372,0.713507,3.66809,-7.2685,2.34964,-11.2241,22.112,1.54742,16.673,1.77102,-0.516597,-7.16762,0.257304,2.27641,0.706278,0.706278,-1.47902,1.47902,-0.916473,0.916473,-2.309,-1.06754,1.51066,-0.91761,2.19168,-7.95373,154.081,-0.682649,-1.49007,151.494,7.73463,1.8476,150.96,-14.3694,0.944238,150.973,2.30645,1.42199,142.897,1.15257,5.66284,142.713,-0.382922,7.88668,145.209,1.05681,0.768787,127.457,-72.264,-19.0423,283.684,113.288,-4.38707,652.313,426.318,-69.3191,47.429,16.6283,-47.3444,-37.1212,21.9711,-98.6315,43.9556,184.549,-95.7121,0,-23.9911,-24.0639,-0.328454,-0.52903,-0.420929,-0.715808,-0.131845,-0.676498,-0.72947,0.0153817,-0.657872,0.117072,0.0417505,0.891531,0.304885,-0.728245,0.255994,0.0933274,-0.726415,0.0762367,0.00793507,-0.187817,0.799123
158.63,0,,9.46848,0.583186,3.90859,-7.35291,2.6753,-11.3487,24.3611,1.44441,18.1051,1.83073,-1.09846,-7.32834,-0.228796,2.39112,0.685389,0.685389,-1.51136,1.51136,-0.906141,0.906141,-2.65263,-1.12418,2.44227,-0.899258,2.1052,-7.94832,154.064,-0.661403,-1.52202,151.11,8.9048,1.95199,150.422,-15.4458,1.28201,151.05,2.65038,2.34537,142.76,1.06859,5.73321,142.587,-0.365074,8.01593,145.209,1.11232,0.743331,133.789,-79.5846,-30.7632,221.693,33.705,10.2575,590.342,538.056,0,78.651,-24.8549,-50.3849,-26.859,12.7145,-109.384,42.4848,194.354,-68.3658,-15.5562,-8.33374,-1.16438,-0.328636,-0.529089,-0.420622,-0.712808,-0.133735,-0.680885,-0.72909,0.0192267,-0.655418,0.110054,0.0368679,0.892398,0.306049,-0.728256,0.255753,0.0944259,-0.727025,0.0766638,0.00756864,-0.187446,0.799224
158.64,0,,10.6716,0.434403,4.10705,-7.42431,2.7898,-11.3461,26.6645,1.3129,19.6325,1.86195,-1.80878,-7.46573,-0.584783,2.40176,0.661947,0.661947,-1.51541,1.51541,-0.895808,0.895808,-3.10177,-1.16775,3.53266,-0.889376,1.93718,-7.91943,154.021,-0.63831,-1.5255,150.901,10.1419,2.06169,150.044,-16.5077,1.6521,151.181,3.10118,3.42674,142.721,0.958546,5.82442,142.56,-0.345603,8.13688,145.203,1.15715,0.728057,111.826,-41.4956,-42.4842,177.265,1.97023,9.27912,458.961,583.01,16.1266,8.34178,-113.247,72.754,-20.5244,13.6721,-105.474,27.3567,173.343,-57.6196,-1.86674,-9.84897,0.388127,-0.328522,-0.529346,-0.420266,-0.709507,-0.136908,-0.685091,-0.728469,0.0241093,-0.653333,0.101504,0.0313729,0.893213,0.307266,-0.728368,0.255322,0.0948508,-0.727678,0.0765399,0.00726335,-0.187199,0.799335
158.65,0,,11.9452,0.26933,4.26592,-7.48206,2.64605,-11.2374,29.0013,1.16824,21.0747,1.89452,-2.35802,-7.58368,-0.673962,2.32253,0.639434,0.639434,-1.49477,1.49477,-0.885476,0.885476,-3.49665,-1.21568,4.42925,-0.875259,1.78152,-7.87068,153.949,-0.61614,-1.50441,150.934,11.4393,2.19943,149.879,-17.5436,2.01142,151.274,3.49563,4.32138,142.76,0.822438,5.93137,142.62,-0.335868,8.23411,145.187,1.20412,0.707692,64.4376,1.957,-63.4742,139.684,5.84033,6.84887,292.454,572.744,2.95514,-114.163,-74.7397,121.184,-19.5108,13.1933,-91.7891,28.8275,104.496,-22.9559,5.39281,-21.9708,5.82191,-0.328145,-0.529756,-0.419886,-0.705921,-0.141428,-0.689074,-0.7278,0.0302131,-0.651565,0.0942433,0.026979,0.893907,0.308548,-0.728552,0.254712,0.0947315,-0.728248,0.0759317,0.00695839,-0.1869,0.799482
158.66,0,,13.2576,0.0814506,4.34658,-7.53823,2.24659,-11.0981,31.3277,0.997278,22.2692,1.91894,-2.60659,-7.72237,-0.367682,2.22319,0.614367,0.614367,-1.47775,1.47775,-0.872044,0.872044,-3.69861,-1.26144,4.91723,-0.84279,1.78399,-7.81109,153.872,-0.591891,-1.48679,151.22,12.7621,2.31638,149.978,-18.5422,2.28518,151.214,3.69771,4.80154,142.831,0.662198,6.03694,142.708,-0.326133,8.33609,145.187,1.24896,0.672052,47.85,45.8808,-71.2824,118.623,27.3722,-35.1596,123.554,504.864,1.43535,-353.93,-60.5619,243.672,-21.9602,14.6297,-78.6088,8.78271,16.1086,10.7462,-16.1784,-14.1421,-6.98629,-0.327776,-0.530179,-0.419456,-0.702547,-0.146735,-0.692476,-0.727447,0.0375382,-0.649868,0.0903978,0.0246595,0.8947,0.309763,-0.728783,0.253792,0.0944277,-0.728869,0.0751393,0.00671412,-0.186469,0.799591
158.67,0,,14.6002,-0.0933967,4.32507,-7.59154,1.59272,-10.9469,33.6144,0.810973,22.8753,1.94337,-2.60382,-7.85846,0.351601,2.10257,0.611814,0.611814,-1.46136,1.46136,-0.858612,0.858612,-3.36402,-1.30937,4.97794,-0.806085,1.9693,-7.75873,153.784,-0.589813,-1.47041,151.763,14.0782,2.41207,150.368,-19.5083,2.41383,150.951,3.3635,4.86207,142.903,0.489409,6.13926,142.801,-0.314775,8.43095,145.165,1.29806,0.628776,37.5941,81.0705,-92.7766,111.33,45.3857,-83.4805,-41.0121,382.859,3.3773,-543.407,89.4426,315.991,3.88527,6.80944,-57.6086,27.3567,-36.6297,-11.7079,-2.48899,7.32359,9.31506,-0.327293,-0.530493,-0.419035,-0.699576,-0.152477,-0.695181,-0.7277,0.046084,-0.647984,0.0924117,0.0227672,0.895674,0.310927,-0.729036,0.252697,0.0940593,-0.729463,0.0743441,0.00647007,-0.185984,0.799787
158.68,0,,15.9471,-0.270416,4.22926,-7.64389,0.712397,-10.8581,35.8323,0.620285,22.4649,1.97594,-2.30802,-7.9803,1.49704,2.04226,0.61808,0.61808,-1.46838,1.46838,-0.844147,0.844147,-2.08292,-1.3573,4.55766,-0.775028,2.40418,-7.70817,153.702,-0.59651,-1.47737,152.543,15.3769,2.50196,151.043,-20.4243,2.36186,150.452,2.08106,4.46912,142.914,0.307932,6.21935,142.834,-0.306662,8.51752,145.148,1.34503,0.593137,55.171,95.7118,-87.89,118.177,41.023,-124.511,-143.09,180.615,-12.2427,-892.57,258.876,672.377,0,-14.6297,-26.3606,23.4486,-60.0923,-10.2444,-1.86674,-11.1117,-3.49315,-0.326922,-0.530668,-0.418541,-0.697023,-0.158278,-0.697267,-0.728684,0.0556066,-0.645793,0.1034,0.0195934,0.896841,0.312095,-0.729177,0.251483,0.0940597,-0.729955,0.0739171,0.00622595,-0.185558,0.799973
158.69,0,,17.2781,-0.436575,4.0655,-7.67055,-0.328211,-10.8249,37.9479,0.414254,20.8308,2.00037,-1.63867,-8.09695,3.01236,2.02098,0.643611,0.643611,-1.46498,1.46498,-0.828649,0.828649,0.361723,-1.39869,3.58869,-0.741147,3.08862,-7.67386,153.63,-0.622375,-1.47409,153.52,16.6354,2.62472,151.981,-21.2818,2.09,149.718,-0.361416,3.60731,142.881,0.121628,6.28464,142.829,-0.290436,8.59341,145.126,1.38559,0.554952,61.9973,89.3696,-86.9162,143.033,10.2734,-75.6848,-149.429,-100.076,-94.7333,-1008.4,234.371,1109.77,-7.81277,-65.9133,0.472977,25.3816,-41.5323,-44.9082,-21.5712,-7.82867,-9.70319,-0.326492,-0.530726,-0.418232,-0.694752,-0.163952,-0.698903,-0.730579,0.0657393,-0.643049,0.124946,0.0144051,0.897819,0.313185,-0.729279,0.250133,0.0942436,-0.730388,0.0737957,0.00604285,-0.185131,0.800159
158.7,0,,18.556,-0.600562,3.86167,-7.67182,-1.38027,-10.8329,39.9154,0.19288,18.1801,2.00309,-0.924181,-8.19545,4.43923,2.03635,0.682836,0.682836,-1.45966,1.45966,-0.81315,0.81315,3.7589,-1.41612,2.531,-0.718559,3.6594,-7.64858,153.576,-0.662096,-1.46918,154.535,17.827,2.76245,153.024,-22.0567,1.66921,149.094,-3.75212,2.77114,142.826,-0.0772242,6.32862,142.796,-0.267721,8.66811,145.115,1.40267,0.529496,84.9495,96.6903,-78.621,161.637,-41.5156,-1.45183,-75.1674,-366.213,-231.936,-628.017,462.441,1000.1,0,-104.482,23.9326,25.8859,-12.1865,-77.6485,-3.31865,-14.6472,7.37442,-0.326067,-0.530668,-0.418052,-0.692737,-0.169202,-0.700184,-0.733009,0.0755654,-0.639925,0.153142,0.00457777,0.897425,0.314229,-0.729294,0.248612,0.0945472,-0.730803,0.0738554,0.00598171,-0.184884,0.800267
158.71,0,,19.7649,-0.761292,3.64268,-7.63977,-2.23769,-10.8369,41.7139,-0.0109591,15.9754,2.0438,-0.219415,-8.29396,5.79008,2.03399,0.728096,0.728096,-1.43604,1.43604,-0.797652,0.797652,6.61952,-1.45316,1.55269,-0.691737,4.27959,-7.63233,153.537,-0.708053,-1.44603,155.38,18.953,2.88327,153.913,-22.7246,1.24018,148.43,-6.6007,2.04989,142.782,-0.280903,6.35825,142.779,-0.269343,8.73214,145.104,1.43897,0.498948,85.4441,67.8789,-78.621,199.74,-120.114,35.1596,25.8752,-543.438,-288.59,-708.098,831.588,625.902,-4.39204,-131.827,17.5632,21.9778,-17.5794,-103.991,0,-14.1421,-8.15068,-0.325575,-0.530601,-0.418048,-0.690772,-0.173593,-0.701453,-0.735347,0.0838077,-0.636828,0.176893,-0.00305198,0.897038,0.315265,-0.729229,0.247085,0.0948527,-0.73111,0.0737336,0.00579863,-0.184518,0.800394
158.72,0,,20.9408,-0.907903,3.45741,-7.59376,-2.7529,-10.7891,43.3706,-0.190688,14.758,2.1008,-0.313152,-8.39117,6.85658,1.96895,0.782175,0.782175,-1.3888,1.3888,-0.78112,0.78112,8.38594,-1.49019,1.49432,-0.664914,4.90473,-7.62692,153.493,-0.763246,-1.39933,155.891,20.0522,2.97413,154.44,-23.2774,0.95311,147.756,-8.35337,2.21609,142.787,-0.484582,6.39622,142.812,-0.295304,8.79855,145.083,1.4774,0.465855,79.1125,54.2161,-69.3347,219.758,-180.698,41.0301,55.1788,-537.558,-290.532,-623.488,583.039,1162.98,-7.30599,-137.2,29.2931,15.6324,-30.7465,-87.8929,-18.0452,-12.1218,-1.16438,-0.324916,-0.53056,-0.418186,-0.688448,-0.177254,-0.703097,-0.736968,0.0894811,-0.634242,0.188604,-0.011597,0.897975,0.316066,-0.729308,0.245382,0.0949718,-0.731393,0.073182,0.00561547,-0.184151,0.80057
158.73,0,,22.0993,-1.02302,3.31761,-7.53854,-2.88521,-10.6685,44.8999,-0.322197,13.1315,2.18494,-1.20123,-8.48449,7.01959,1.83177,0.852501,0.852501,-1.32306,1.32306,-0.763555,0.763555,10.4508,-1.52941,2.42126,-0.638092,5.01839,-7.62692,153.455,-0.834837,-1.3342,156.006,21.1353,3.0041,154.517,-23.7232,0.904947,147.587,-10.4111,3.34569,142.87,-0.679573,6.43928,142.917,-0.360206,8.86258,145.061,1.51583,0.435307,87.8844,57.1154,-66.4131,210.456,-178.236,36.6115,-27.363,-366.711,-184.063,-93.1896,180.635,1135.18,-12.2048,-120.602,0.472977,5.37889,-70.3177,-74.2197,-24.8899,-11.6167,-10.0913,-0.32411,-0.530478,-0.418474,-0.685715,-0.180371,-0.705126,-0.73748,0.0924139,-0.632553,0.197892,-0.0293603,0.897228,0.316673,-0.729484,0.24367,0.0948539,-0.731608,0.0720255,0.00543231,-0.183783,0.800747
158.74,0,,23.2148,-1.1251,3.19883,-7.48587,-2.67403,-10.5173,46.2624,-0.423021,13.1188,2.26501,-1.49216,-8.56744,6.89605,1.67094,0.92538,0.92538,-1.23582,1.23582,-0.74599,0.74599,10.7612,-1.54684,2.81352,-0.616916,5.15182,-7.6215,153.422,-0.909199,-1.24777,155.776,22.1877,2.9432,154.21,-24.0328,1.0545,147.433,-10.7181,3.79198,142.991,-0.863946,6.50224,143.048,-0.444579,8.92661,145.055,1.53291,0.412396,73.7372,35.6609,-48.3447,148.912,-159.659,26.354,-108.417,-155.297,-55.6411,-822.737,633.274,-818.32,-4.89882,-118.633,-9.77486,-11.22,-138.674,-59.5849,-11.2004,-8.33374,15.5251,-0.323204,-0.530432,-0.418913,0.682742,0.182878,0.707402,-0.737089,0.092716,-0.631738,0.198009,-0.0338153,0.897692,0.317149,-0.72982,0.241951,0.0946092,-0.731787,0.0705601,0.00537144,-0.183544,0.800832
158.75,0,,24.3116,-1.20438,3.03068,-7.41796,-2.25804,-10.3582,47.4328,-0.488776,13.8444,2.35593,-2.05597,-8.6504,6.5079,1.49947,1.00476,1.00476,-1.11836,1.11836,-0.727392,0.727392,10.1704,-1.55991,3.49063,-0.591506,5.16911,-7.62692,153.394,-0.990488,-1.13122,155.342,23.2267,2.76922,153.716,-24.1706,1.27757,147.417,-10.1274,4.41577,143.122,-1.03094,6.57678,143.186,-0.546799,8.98946,145.039,1.54572,0.384394,63.4813,29.2825,-50.2924,101.581,-152.834,26.8589,-116.179,80.5389,10.7229,-1355.9,533.155,4.34352,27.3236,-115.229,-16.6173,8.32047,-216.766,-62.9718,3.31865,-4.29314,-0.388127,-0.322111,-0.530442,-0.419531,0.67985,0.185192,0.709514,-0.736321,0.0910711,-0.631577,0.190863,-0.0355235,0.89883,0.317516,-0.73025,0.240304,0.0944258,-0.731907,0.068973,0.00537134,-0.183297,0.80094
158.76,0,,25.3897,-1.26846,2.85128,-7.34212,-1.72756,-10.2335,48.4322,-0.495351,13.5775,2.49978,-2.07541,-8.74631,5.91362,1.36348,1.08042,1.08042,-0.988568,0.988568,-0.708794,0.708794,10.4146,-1.5817,3.63773,-0.573153,5.09005,-7.62872,153.378,-1.06808,-1.00198,154.799,24.2536,2.53096,153.139,-24.1479,1.51141,147.493,-10.3742,4.57172,143.227,-1.17574,6.65225,143.295,-0.684716,9.06654,145.039,1.5692,0.364028,27.8328,12.6843,-15.1295,60.0559,-134.75,49.3308,-133.775,264.144,68.3904,-1009.35,528.254,362.901,46.8766,-113.792,5.36041,15.6324,-250.945,-38.0925,-18.0452,-7.82867,-15.137,-0.321003,-0.530489,-0.420252,0.676922,0.187512,0.711531,-0.735438,0.0880158,-0.631858,0.191847,-0.0379666,0.89838,0.317774,-0.730709,0.238788,0.0946703,-0.731971,0.0673252,0.00524925,-0.183052,0.800998
158.77,0,,26.4419,-1.32167,2.66553,-7.2685,-1.17037,-10.195,49.3023,-0.451515,13.1277,2.65178,-1.94974,-8.84482,5.20676,1.29844,1.14309,1.14309,-0.863667,0.863667,-0.689163,0.689163,10.7371,-1.58388,3.62138,-0.553389,4.91708,-7.654,153.372,-1.13275,-0.877452,154.233,25.2657,2.24824,152.574,-24.0101,1.73131,147.68,-10.6967,4.55325,143.26,-1.28771,6.72216,143.323,-0.840481,9.1448,145.022,1.57134,0.341118,4.88064,8.29913,-21.4769,25.3768,-115.751,80.5768,-180.673,350.065,160.169,-809.152,453.164,152.24,39.5706,-116.718,17.5632,0.504271,-205.56,-33.702,-15.1413,-1.51523,2.32876,-0.320031,-0.530556,-0.42099,0.674042,0.18995,0.71335,-0.734526,0.0842929,-0.632472,0.194168,-0.039676,0.89735,0.317832,-0.731191,0.237382,0.0955256,-0.731915,0.0660439,0.00531038,-0.182873,0.801075
158.78,0,,27.461,-1.3662,2.43383,-7.16918,-0.718758,-10.1712,50.043,-0.341924,13.0464,2.84313,-2.05458,-8.91999,4.5752,1.26178,1.18463,1.18463,-0.714935,0.714935,-0.669532,0.669532,10.5834,-1.58823,3.75914,-0.546331,4.66752,-7.67025,153.361,-1.17616,-0.728547,153.789,26.2605,1.97615,152.173,-23.7589,1.84348,147.943,-10.5471,4.63123,143.271,-1.3688,6.78606,143.317,-1.0287,9.21476,145.022,1.57347,0.333481,-0.989318,14.1701,-40.5191,-4.91163,-113.781,65.4272,-240.704,368.206,203.651,-912.59,377.899,131.392,31.2511,-96.6622,61.5186,5.84114,-114.231,-43.9464,-17.0081,-8.83882,-0.388127,-0.318979,-0.530839,-0.421765,0.671232,0.19233,0.714997,-0.733989,0.0806319,-0.633214,0.192636,-0.03998,0.89665,0.317586,-0.731736,0.236038,0.0966881,-0.731692,0.0647639,0.00531018,-0.182805,0.801105
158.79,0,,28.4586,-1.39986,2.23781,-7.08541,-0.455425,-10.0982,50.6418,-0.19288,13.0273,3.05077,-2.27886,-8.97702,4.11249,1.17191,1.21434,1.21434,-0.588119,0.588119,-0.648867,0.648867,10.2458,-1.59259,3.91091,-0.557625,4.39325,-7.69373,153.361,-1.2078,-0.601763,153.553,27.2366,1.7954,152.014,-23.3828,1.80102,148.25,-10.2149,4.7051,143.342,-1.43347,6.83791,143.367,-1.24287,9.28591,145.017,1.57988,0.343663,-7.81561,21.4908,-36.1368,-0.967443,-100.13,12.6878,-260.757,387.245,199.683,-952.154,319.788,271.47,33.7005,-81.0749,65.933,-13.6573,-45.8746,-36.629,-42.935,10.8591,-24.0639,-0.318131,-0.531094,-0.422446,0.668303,0.194711,0.716645,-0.734039,0.0772737,-0.633998,0.189826,-0.0394302,0.896029,0.316979,-0.732353,0.234636,0.0976635,-0.731439,0.063054,0.00524927,-0.18287,0.801125
158.8,0,,29.4131,-1.4129,2.06819,-7.00132,-0.354926,-9.95502,51.0695,-0.00438364,12.8786,3.25705,-2.65034,-9.01461,3.73896,1.03118,1.24568,1.24568,-0.467474,0.467474,-0.627169,0.627169,9.92024,-1.57734,4.10003,-0.580212,4.03992,-7.70456,153.356,-1.24036,-0.480919,153.487,28.1617,1.71276,152.058,-22.8899,1.6033,148.628,-9.89619,4.80564,143.474,-1.4885,6.87819,143.471,-1.48301,9.3535,145.022,1.5628,0.36912,-24.4032,24.8974,-43.945,-9.74885,-83.5238,2.43025,-258.299,391.631,196.306,-894.953,239.272,222.606,14.1474,-71.7651,71.7664,-26.8524,-8.7547,-15.1366,-26.7566,8.33374,9.70319,-0.317278,-0.531341,-0.423058,0.665317,0.19697,0.718298,-0.734711,0.0740388,-0.634731,0.186961,-0.0392479,0.895132,0.315939,-0.733081,0.233048,0.098396,-0.731134,0.0608566,0.00531033,-0.183115,0.801067
158.81,0,,30.2871,-1.43353,1.93279,-6.90962,-0.418533,-9.7203,51.3011,0.190688,12.6766,3.44297,-3.13847,-9.02239,3.53136,0.807681,1.25102,1.25102,-0.360446,0.360446,-0.605471,0.605471,9.5133,-1.54902,4.31717,-0.626798,3.68411,-7.70998,153.345,-1.24706,-0.373593,153.607,29.0266,1.73789,152.3,-22.2577,1.28011,149.006,-9.49202,4.93389,143.693,-1.54062,6.89208,143.669,-1.72802,9.4199,145.028,1.53504,0.420033,-25.8872,24.8974,-46.3796,-25.8977,-76.2058,19.5366,-233.911,354.949,205.593,-784.604,187.462,149.417,-15.1188,-75.1699,64.451,-39.5432,-34.1783,4.39046,1.45191,-19.9505,-3.49315,-0.316598,-0.531692,-0.423535,0.662341,0.199172,0.719901,-0.735834,0.0708672,-0.635607,0.183358,-0.0388201,0.894326,0.314534,-0.733811,0.231338,0.0985787,-0.730886,0.0581096,0.00537141,-0.183605,0.800951
158.82,0,,31.0949,-1.45308,1.80276,-6.81886,-0.629708,-9.45906,51.3324,0.425213,12.5368,3.68454,-3.61618,-9.06646,3.53501,0.559346,1.24661,1.24661,-0.269377,0.269377,-0.58274,0.58274,8.89838,-1.54684,4.44092,-0.670561,3.37524,-7.70636,153.328,-1.24383,-0.282038,153.887,29.8326,1.83841,152.722,-21.4845,0.847279,149.329,-8.88383,4.9698,143.935,-1.58889,6.88884,143.877,-2.00872,9.51714,145.039,1.53291,0.463309,-37.5941,0,-45.4058,-14.1395,-61.4994,46.3956,-194.84,312.985,199.683,-745.993,177.66,92.2999,-9.29086,-84.0009,58.1131,2.43731,-88.3874,-9.78446,-2.48899,-16.1624,-13.5845,-0.315998,-0.532075,-0.423853,0.659525,0.201184,0.721358,-0.737341,0.0676913,-0.636628,0.178785,-0.0366238,0.893864,0.31301,-0.734487,0.22963,0.0989436,-0.730693,0.0549958,0.00524924,-0.183968,0.800876
158.83,0,,31.8467,-1.49217,1.6351,-6.72494,-0.963008,-9.24821,51.1675,0.640011,12.4885,3.93153,-4.08973,-9.11571,3.6951,0.386694,1.23709,1.23709,-0.17384,0.17384,-0.560009,0.560009,8.05134,-1.54902,4.51097,-0.717148,3.07379,-7.67747,153.295,-1.23528,-0.185977,154.299,30.5824,1.98823,153.288,-20.5653,0.351079,149.631,-8.03859,4.94517,144.111,-1.64391,6.89023,144.014,-2.27644,9.61911,145.055,1.53504,0.509131,-48.3447,-13.6628,-56.1529,0,-77.1205,62.492,-154.281,245.604,186.005,-739.32,169.958,134.866,-11.2335,-95.7046,29.7976,14.1616,-135.243,13.6732,-29.2456,-8.33374,-5.43378,-0.315317,-0.532547,-0.424084,0.65697,0.202957,0.722588,-0.738987,0.0644561,-0.637969,0.172857,-0.0327769,0.893643,0.311472,-0.735192,0.22773,0.099676,-0.73051,0.0523101,0.00506611,-0.184333,0.800751
158.84,0,,32.5525,-1.55516,1.46939,-6.64783,-1.35228,-9.09438,50.8734,0.857001,12.4784,4.16631,-4.64035,-9.12997,3.89612,0.282629,1.21365,1.21365,-0.0929841,0.0929841,-0.537278,0.537278,7.07168,-1.52287,4.60203,-0.770792,2.74764,-7.63956,153.262,-1.21265,-0.104459,154.782,31.2973,2.16946,153.924,-19.5456,-0.190115,149.959,-7.06315,4.94312,144.226,-1.70183,6.89625,144.102,-2.54903,9.69738,145.083,1.50942,0.567681,-47.85,-30.7684,-59.0745,24.9303,-85.9162,30.7726,-131.834,185.997,173.847,-704.523,137.227,151.806,-29.773,-91.2891,-2.93246,-10.7578,-117.173,0,-3.31865,-16.1624,26.0045,-0.314774,-0.533047,-0.424216,0.654518,0.20448,0.723736,-0.74076,0.0610382,-0.639375,0.1659,-0.0284436,0.893408,0.310143,-0.735834,0.225908,0.100713,-0.730139,0.0499903,0.00506623,-0.184887,0.800526
158.85,0,,33.2367,-1.62901,1.28119,-6.5612,-1.76954,-8.9989,50.4436,1.0718,12.4441,4.40244,-5.17222,-9.15459,4.10444,0.228232,1.18626,1.18626,0.00276612,-0.00276612,-0.513514,0.513514,6.00158,-1.49455,4.6604,-0.839966,2.38441,-7.60886,153.218,-1.18609,-0.00778318,155.304,31.9936,2.37824,154.594,-18.406,-0.724972,150.31,-5.99639,4.91132,144.275,-1.75878,6.91106,144.119,-2.81837,9.79935,145.093,1.48167,0.641505,-43.4641,-30.7684,-71.7693,12.2047,-82.5387,35.6331,-106.929,142.538,186.512,-631.353,102.57,135.301,-12.2048,-73.2547,-15.1353,-13.6573,-63.9443,-5.85395,-0.414831,-7.82867,-30.2739,-0.314101,-0.533655,-0.424336,0.652067,0.205759,0.724885,-0.742365,0.0571942,-0.6411,0.158459,-0.0234392,0.893069,0.309161,-0.736371,0.224317,0.102239,-0.729833,0.048037,0.0050661,-0.185554,0.800383
158.86,0,,33.9051,-1.70069,1.11548,-6.49996,-2.17281,-8.91801,49.9073,1.29317,12.397,4.66165,-5.61105,-9.20903,4.26892,0.206946,1.16491,1.16491,0.0900052,-0.0900052,-0.488717,0.488717,4.85914,-1.47712,4.61837,-0.889376,2.00143,-7.5583,153.169,-1.16554,0.0800849,155.803,32.667,2.60587,155.22,-17.1739,-1.23195,150.672,-4.85385,4.78923,144.303,-1.8138,6.94301,144.113,-3.09096,9.90963,145.121,1.46459,0.694963,-52.236,-26.8544,-63.9611,-44.4279,-99.1449,55.6747,-92.3097,107.95,178.237,-555.562,89.4426,150.937,0.506774,-64.9557,-17.5632,-1.93304,-21.9918,-23.4576,-9.74853,-1.51523,3.10502,-0.313434,-0.534211,-0.424402,0.649521,0.206863,0.726125,-0.743741,0.0527364,-0.64303,0.15095,-0.0173961,0.892574,0.308493,-0.736868,0.222977,0.103949,-0.729537,0.0461454,0.005005,-0.186039,0.800189
158.87,0,,34.5491,-1.77888,0.961506,-6.4384,-2.56336,-8.8106,49.271,1.52551,12.3615,4.92357,-5.97211,-9.23625,4.39172,0.163192,1.1352,1.1352,0.182138,-0.182138,-0.464952,0.464952,3.61723,-1.45534,4.50863,-0.952903,1.59867,-7.50414,153.12,-1.13667,0.172869,156.308,33.3217,2.85669,155.818,-15.8576,-1.69646,151.055,-3.6161,4.61071,144.358,-1.87076,6.9782,144.135,-3.37815,10.0104,145.154,1.44324,0.763696,-50.785,-13.1916,-60.5526,-84.4652,-123.562,54.6963,-81.054,81.0373,166.501,-490.735,70.7139,181.125,-4.89882,-64.9557,-10.7523,-12.6908,-20.521,-45.4099,-2.48899,-2.0203,3.49315,-0.312769,-0.534832,-0.424472,0.646883,0.207774,0.727454,-0.744788,0.0477929,-0.645235,0.143076,-0.0104377,0.891907,0.307937,-0.73734,0.221751,0.105535,-0.729163,0.0440696,0.00494402,-0.186652,0.799955
158.88,0,,35.1384,-1.86685,0.820238,-6.39397,-2.945,-8.6634,48.5157,1.76441,12.3322,5.18821,-6.40261,-9.25958,4.429,0.0851436,1.08855,1.08855,0.267675,-0.267675,-0.440155,0.440155,2.2879,-1.44008,4.47361,-1.02066,1.12673,-7.44455,153.065,-1.09071,0.259303,156.791,33.9389,3.11815,156.378,-14.4602,-2.12042,151.494,-2.28897,4.51837,144.446,-1.92385,7.02125,144.185,-3.66534,10.11,145.176,1.42829,0.834974,-39.0781,1.957,-71.2824,-111.851,-158.674,47.374,-54.2085,60.1052,134.248,-424.239,-6.82634,208.923,-23.4383,-86.9268,-17.0902,-1.47079,-52.7383,-63.4736,-22.4009,-5.30329,-24.8402,-0.312154,-0.535557,-0.424404,0.644261,0.208507,0.728799,-0.745511,0.0422989,-0.647668,0.13416,-0.00366223,0.891021,0.307449,-0.737828,0.220653,0.10694,-0.728803,0.0418115,0.00482217,-0.187271,0.799748
158.89,0,,35.7005,-1.94178,0.707809,-6.35272,-3.29484,-8.50957,47.6582,2.02086,12.2458,5.45013,-6.86505,-9.26995,4.3654,0.013008,1.03957,1.03957,0.349595,-0.349595,-0.415358,0.415358,0.931436,-1.41394,4.49229,-1.08984,0.602899,-7.37594,153.004,-1.04222,0.34205,157.241,34.528,3.39556,156.872,-12.9834,-2.49051,151.981,-0.932686,4.50196,144.534,-1.96343,7.06107,144.229,-3.95902,10.2002,145.209,1.40267,0.908798,-15.6312,25.8759,-88.3769,-114.233,-175.773,6.34389,-17.0776,18.0415,79.6199,-369.183,-126.55,212.833,-27.8303,-82.0325,2.93246,-3.9081,-8.33447,-61.5083,4.35573,-11.6167,1.94064,-0.311547,-0.536295,-0.424287,0.641569,0.209299,0.730196,-0.745825,0.0361346,-0.650361,0.124702,0.00274674,0.889882,0.306845,-0.738332,0.21962,0.108344,-0.728379,0.0395533,0.00476113,-0.187943,0.799504
158.9,0,,36.2194,-2.01454,0.586582,-6.33051,-3.57216,-8.34911,46.6755,2.26196,12.0984,5.71476,-7.25666,-9.27254,4.2214,-0.0520322,1.00545,1.00545,0.428961,-0.428961,-0.389527,0.389527,-0.440096,-1.39651,4.48295,-1.17595,0.0741269,-7.29288,152.933,-1.00827,0.422135,157.604,35.0622,3.61545,157.267,-11.4417,-2.78962,152.469,0.441083,4.48246,144.621,-2.01266,7.11802,144.278,-4.24784,10.2998,145.247,1.38559,1.00044,3.89132,43.96,-104.498,-122.568,-191.887,-18.5582,14.1667,-13.1574,44.4115,-293.869,-219.318,240.631,-35.6431,-84.0009,0,-16.5989,-5.39289,-41.0195,8.29662,-24.4962,-7.76255,-0.310869,-0.536956,-0.424157,0.6392,0.210279,0.731308,-0.745633,0.0291759,-0.653345,0.115181,0.00933897,0.888606,0.306287,-0.738921,0.218454,0.109748,-0.728008,0.0372946,0.00457775,-0.188725,0.799213
158.91,0,,36.6923,-2.08948,0.472688,-6.29941,-3.78334,-8.17142,45.5697,2.50963,11.9053,6.02554,-7.5469,-9.30754,4.06716,-0.149001,0.981084,0.981084,0.51386,-0.51386,-0.363696,0.363696,-1.84177,-1.41176,4.41991,-1.2423,-0.390402,-7.21524,152.867,-0.984484,0.507546,157.889,35.5442,3.8078,157.574,-9.83198,-3.01839,152.891,1.84205,4.43219,144.726,-2.07733,7.17312,144.344,-4.5545,10.4077,145.286,1.40054,1.06663,13.6856,54.6873,-101.559,-123.535,-197.234,-25.3755,36.6134,-12.1606,11.7361,-204.969,-280.755,253.445,-49.7906,-105.972,5.36041,-17.5654,-38.5907,-6.81567,-4.97797,-15.6573,-16.3014,-0.310139,-0.53757,-0.424098,0.637064,0.2115,0.732223,-0.744903,0.0214852,-0.656643,0.105659,0.0164195,0.887387,0.305623,-0.739551,0.217055,0.111151,-0.727639,0.0347919,0.00421167,-0.18922,0.798997
158.92,0,,37.1077,-2.19265,0.346572,-6.26768,-3.94744,-8.01096,44.3637,2.72662,11.7109,6.32546,-7.74548,-9.35031,3.93851,-0.218772,0.952071,0.952071,0.601524,-0.601524,-0.337865,0.337865,-3.28866,-1.41612,4.30316,-1.30301,-0.775861,-7.12496,152.796,-0.955617,0.595823,158.12,35.9767,3.9581,157.821,-8.18008,-3.19076,153.236,3.28772,4.34806,144.814,-2.16324,7.23377,144.393,-4.85305,10.5179,145.329,1.40694,1.12772,21.4682,62.5153,-90.3246,-113.786,-174.788,-38.5683,36.6134,-19.0383,-9.28758,-117.262,-286.706,280.374,0,-106.93,-6.3379,12.1865,-14.6379,10.7462,4.97797,8.83882,10.8676,-0.309398,-0.538226,-0.424025,0.635284,0.213023,0.732822,-0.743707,0.0133066,-0.660144,0.0960149,0.0241105,0.886291,0.305133,-0.740156,0.215528,0.112618,-0.727285,0.032412,0.00390634,-0.189702,0.798724
158.93,0,,37.4427,-2.31863,0.20677,-6.24134,-4.06448,-7.8505,43.0534,2.94142,11.5126,6.63488,-7.87394,-9.37753,3.84202,-0.305098,0.906348,0.906348,0.669826,-0.669826,-0.311002,0.311002,-4.77474,-1.42919,4.16774,-1.37642,-1.0699,-7.05093,152.73,-0.909891,0.664848,158.284,36.3502,4.03397,158.002,-6.48765,-3.29723,153.494,4.77419,4.25675,144.907,-2.25688,7.28099,144.448,-5.15971,10.6258,145.368,1.41762,1.20155,22.9522,60.5583,-103.019,-123.014,-168.947,-34.6547,33.1849,-6.37932,-12.6649,-40.9939,-296.333,308.173,15.6255,-104.961,-5.86492,40.0475,-8.33447,5.35218,3.9409,-15.6573,3.88127,-0.30885,-0.538901,-0.423845,0.63401,0.214673,0.733015,-0.741972,0.00463885,-0.663905,0.0861255,0.0321674,0.885365,0.304766,-0.740642,0.214062,0.114079,-0.726897,0.0299695,0.0035402,-0.190255,0.798498
158.94,0,,37.7187,-2.46415,0.0508371,-6.18042,-4.15353,-7.67546,41.668,3.1628,11.2941,6.97416,-7.96559,-9.40475,3.8084,-0.413892,0.853661,0.853661,0.754086,-0.754086,-0.284138,0.284138,-6.26082,-1.45316,4.03932,-1.45406,-1.27498,-6.9787,152.675,-0.857469,0.749848,158.427,36.6729,4.09052,158.156,-4.77738,-3.35236,153.669,6.26065,4.17877,145.017,-2.36789,7.31062,144.519,-5.48746,10.7385,145.406,1.44324,1.27792,18.5662,58.0939,-99.611,-125.991,-144.038,-19.0317,2.45814,-18.5399,-8.27439,38.6105,-264.127,312.516,7.30599,-95.2258,5.86492,16.5989,-27.3147,-9.78446,-15.5562,-17.1726,-6.21004,-0.308254,-0.539658,-0.423743,0.633076,0.216559,0.732933,-0.739784,-0.00421164,-0.667819,0.0761756,0.0402242,0.884626,0.304591,-0.740967,0.212664,0.115546,-0.726479,0.0272842,0.00305196,-0.190809,0.798271
158.95,0,,37.9429,-2.62488,-0.128559,-6.12711,-4.23367,-7.4898,40.2159,3.37979,11.0514,7.30936,-8.05377,-9.43974,3.82156,-0.539243,0.790762,0.790762,0.831325,-0.831325,-0.25624,0.25624,-7.74689,-1.47276,3.93192,-1.50629,-1.41829,-6.9137,152.62,-0.794423,0.827885,158.559,36.9581,4.10453,158.299,-3.04443,-3.37454,153.795,7.74324,4.12337,145.138,-2.48566,7.33979,144.607,-5.81846,10.8357,145.445,1.46245,1.32883,7.32096,46.3881,-112.306,-140.651,-126.939,4.38707,-14.1667,-40.5685,-18.0686,104.868,-228.945,282.329,1.94263,-85.916,12.2028,8.78271,-95.6714,-27.8481,-8.29662,-8.33374,-1.94064,-0.307758,-0.540438,-0.42361,0.632542,0.218518,0.732523,-0.737234,-0.0131845,-0.6718,0.0661048,0.0481594,0.88396,0.30447,-0.741277,0.211261,0.116886,-0.725977,0.024537,0.00268565,-0.19117,0.798067
158.96,0,,38.1298,-2.77258,-0.311377,-6.07888,-4.28456,-7.32669,38.6949,3.60993,10.7642,7.65271,-8.20792,-9.46696,3.85591,-0.659863,0.737147,0.737147,0.90218,-0.90218,-0.228343,0.228343,-9.20885,-1.49455,3.92258,-1.57547,-1.50478,-6.86675,152.576,-0.740846,0.899163,158.658,37.2004,4.08279,158.408,-1.28715,-3.3644,153.872,9.20639,4.16544,145.253,-2.59763,7.36803,144.679,-6.15595,10.9413,145.483,1.4838,1.39756,2.44032,42.9815,-112.306,-150.4,-82.5387,18.0532,-40.0418,-83.5293,-29.2981,156.349,-196.214,209.575,-9.7554,-91.8211,14.1578,3.9081,-113.251,-47.8351,-12.2375,-13.637,-16.6895,-0.307329,-0.541107,-0.423547,0.632304,0.220412,0.73192,-0.73431,-0.0224017,-0.675834,0.0556651,0.0553599,0.883439,0.304346,-0.741576,0.209917,0.118351,-0.725487,0.0217902,0.00225835,-0.191655,0.797871
158.97,0,,38.2721,-2.91485,-0.497617,-6.05889,-4.32527,-7.1848,37.1238,3.84883,10.4236,8.0042,-8.4322,-9.49807,3.9005,-0.752102,0.684229,0.684229,0.954736,-0.954736,-0.200446,0.200446,-10.6256,-1.51634,4.01364,-1.63899,-1.55914,-6.81258,152.537,-0.687499,0.952416,158.729,37.3999,4.02141,158.496,0.470119,-3.32574,153.927,10.621,4.30702,145.352,-2.69995,7.406,144.734,-6.49345,11.0432,145.527,1.50515,1.45866,-9.26661,27.8329,-118.166,-160.67,-49.3262,37.5899,-58.6073,-141.143,-50.744,213.788,-182.561,147.897,-15.1188,-94.215,18.5407,-0.504271,-97.1421,-39.556,-9.74853,-14.1421,-9.70319,-0.307017,-0.541704,-0.423414,0.632351,0.222055,0.731171,-0.731063,-0.0317402,-0.679851,0.0450464,0.0616489,0.883044,0.304034,-0.741988,0.208448,0.11994,-0.724948,0.0191659,0.00183111,-0.192084,0.797634
158.98,0,,38.3741,-3.05928,-0.68288,-6.05127,-4.31,-7.07341,35.5089,4.09651,9.99922,8.36926,-8.70091,-9.53436,3.92755,-0.831332,0.631542,0.631542,0.994739,-0.994739,-0.171516,0.171516,-11.967,-1.54684,4.18875,-1.69828,-1.56655,-6.77286,152.515,-0.634615,0.99297,158.734,37.5646,3.89769,158.535,2.23712,-3.26744,153.943,11.9617,4.52042,145.434,-2.80034,7.44443,144.772,-6.8358,11.1488,145.571,1.53718,1.51466,-8.80493,26.3833,-126.948,-177.712,-29.272,62.997,-55.6963,-173.837,-48.802,246.202,-147.379,29.7531,-29.773,-101.556,26.8651,4.41237,-71.7885,-44.4482,-14.7265,-6.81852,-17.0776,-0.306847,-0.542216,-0.423311,0.632594,0.223276,0.730376,-0.72751,-0.0414447,-0.683807,0.0345468,0.0670795,0.882775,0.303671,-0.742422,0.206923,0.121647,-0.724391,0.0166022,0.00134284,-0.192454,0.797406
158.99,0,,38.4546,-3.2059,-0.865698,-6.06364,-4.24385,-6.95804,33.8794,4.35734,9.47696,8.74789,-8.99254,-9.57843,3.90562,-0.923571,0.582105,0.582105,1.02027,-1.02027,-0.141552,0.141552,-13.2059,-1.57298,4.43625,-1.75475,-1.56161,-6.74217,152.499,-0.584732,1.01878,158.669,37.7105,3.71501,158.507,3.99277,-3.18569,153.96,13.1994,4.80154,145.528,-2.90653,7.48888,144.816,-7.19925,11.2591,145.615,1.56066,1.57067,-5.86996,36.132,-141.608,-173.321,-1.97023,55.1697,-47.8691,-204.138,-71.2611,284.574,-121.649,-54.7284,-35.6431,-89.3739,32.73,-17.1032,-6.86368,11.7079,-12.6524,-13.132,0.388127,-0.306786,-0.542643,-0.423188,0.632905,0.223949,0.729651,-0.723651,-0.0514539,-0.6877,0.0244156,0.0715377,0.882563,0.303245,-0.742913,0.205276,0.12342,-0.723794,0.0138557,0.000915594,-0.192824,0.797177
159,0,,38.5164,-3.34056,-1.06611,-6.07919,-4.10773,-6.80951,32.2165,4.6072,8.8505,9.14009,-9.24528,-9.61213,3.84422,-1.04537,0.554717,0.554717,1.0441,-1.0441,-0.112622,0.112622,-14.3393,-1.6122,4.67674,-1.82534,-1.52948,-6.70064,152.482,-0.556789,1.04295,158.509,37.819,3.45258,158.403,5.74356,-3.10078,153.949,14.3342,5.06829,145.654,-3.02719,7.53379,144.898,-7.56595,11.3741,145.67,1.60123,1.63686,-0.989318,33.7039,-162.111,-160.149,12.1732,30.2676,-26.3927,-198.756,-61.9735,332.003,-105.021,-147.897,-49.326,-83.5221,30.2705,-20.0027,23.4626,25.3811,4.97797,-14.1421,-4.2694,-0.306657,-0.542936,-0.423118,0.633398,0.224073,0.728923,-0.71957,-0.0618919,-0.691432,0.0150761,0.0755638,0.882412,0.302877,-0.743397,0.203566,0.125005,-0.723236,0.0108647,0.00030519,-0.193246,0.796912
159.01,0,,38.5811,-3.46002,-1.24844,-6.10743,-3.90801,-6.6464,30.5641,4.86146,8.13128,9.52008,-9.44595,-9.68212,3.7353,-1.20502,0.547522,0.547522,1.06113,-1.06113,-0.0826582,0.0826582,-15.3581,-1.64052,4.90556,-1.87616,-1.47512,-6.68258,152.471,-0.548937,1.06036,158.268,37.914,3.14715,158.233,7.47003,-3.01522,153.921,15.3524,5.31042,145.808,-3.15461,7.58333,144.997,-7.93914,11.5081,145.708,1.62898,1.68522,6.8263,64.436,-156.251,-143.033,23.9242,3.91364,-29.7564,-172.84,-47.8733,372.043,-97.1441,-128.351,-20.0176,-78.6278,37.5859,2.94158,-24.9334,37.089,1.86674,-17.6776,0,-0.306538,-0.543065,-0.423123,0.633866,0.223944,0.72829,-0.715303,-0.0726351,-0.694977,0.00665307,0.0791654,0.882295,0.302446,-0.743939,0.201733,0.126534,-0.722766,0.00762991,-0.000122074,-0.193548,0.796714
159.02,0,,38.6444,-3.60446,-1.3902,-6.11156,-3.65103,-6.50716,28.9492,5.10694,7.32183,9.9435,-9.47303,-9.75082,3.62712,-1.36466,0.545666,0.545666,1.08389,-1.08389,-0.0516614,0.0516614,-16.2444,-1.68845,5.00129,-1.93122,-1.35158,-6.67716,152.488,-0.546859,1.0835,157.982,37.9997,2.84413,158.002,9.15111,-2.92777,153.844,16.2384,5.39558,145.95,-3.31002,7.61898,145.096,-8.33666,11.6421,145.752,1.67808,1.73359,6.33164,80.092,-137.695,-138.195,42.5007,25.8805,-79.1133,-146.924,-10.7229,422.332,-90.3177,95.7747,6.33468,-61.019,30.2705,18.0697,-69.8275,11.2479,0,-10.8591,3.88127,-0.306474,-0.543119,-0.423301,0.634192,0.223768,0.727825,0.7109,0.0834378,0.698326,-6.10377E-05,0.0831333,0.882178,0.302143,-0.744372,0.19972,0.128182,-0.722217,0.00427275,-0.000732473,-0.1938,0.796504
159.03,0,,38.7062,-3.74021,-1.5432,-6.09093,-3.39661,-6.40505,27.3802,5.36119,6.46919,10.3723,-9.23903,-9.83247,3.60446,-1.50302,0.554021,0.554021,1.11262,-1.11262,-0.0206646,0.0206646,-17.0221,-1.73202,4.81917,-1.96651,-1.15144,-6.688,152.504,-0.554479,1.11238,157.702,38.072,2.53579,157.794,10.7787,-2.87517,153.686,17.0196,5.17294,146.066,-3.4664,7.6375,145.156,-8.73905,11.7713,145.79,1.72078,1.76414,16.5876,102.525,-134.774,-148.465,69.3099,49.8042,-119.155,-146.525,41.5408,547.459,9.80192,408.726,-7.30599,-53.7308,35.158,0.504271,-53.7188,8.78093,-1.86674,-13.132,-2.32876,-0.306356,-0.543127,-0.423551,0.634622,0.223586,0.727279,0.706639,0.0938768,0.701268,-0.00451686,0.0886282,0.881948,0.301718,-0.744743,0.197585,0.130069,-0.721574,0.00109866,-0.00122075,-0.193916,0.796356
159.04,0,,38.7163,-3.90203,-1.71429,-6.05127,-3.2096,-6.33212,25.8195,5.6001,5.62543,10.8012,-8.91408,-9.91283,3.68706,-1.64256,0.56052,0.56052,1.14602,-1.14602,0.0103323,-0.0103323,-17.7395,-1.76688,4.49462,-2.00745,-0.921644,-6.72772,152.537,-0.560484,1.14618,157.527,38.0907,2.26225,157.673,12.3447,-2.86186,153.516,17.7366,4.79025,146.165,-3.64305,7.64629,145.206,-9.15118,11.9077,145.812,1.75494,1.79978,24.4032,99.1184,-144.53,-144.521,93.7268,63.4704,-70.7686,-134.763,23.4722,670.917,172.409,426.751,-15.1188,-69.85,33.203,-7.31192,-59.602,0,-7.88179,-11.6167,15.137,-0.30629,-0.543118,-0.423911,0.635352,0.223036,0.726605,0.702663,0.103397,0.703762,-0.00775159,0.0948501,0.881545,0.301403,-0.745022,0.19532,0.132085,-0.720911,-0.00207527,-0.00164806,-0.194104,0.796255
159.05,0,,38.7091,-4.06601,-1.88097,-5.99034,-3.09638,-6.27642,24.3152,5.83901,5.00152,11.2287,-8.87936,-10.01,3.72799,-1.77619,0.57932,0.57932,1.17773,-1.17773,0.0423623,-0.0423623,-18.5925,-1.78867,4.42458,-2.04274,-0.783274,-6.77467,152.576,-0.578266,1.17813,157.45,38.076,2.04526,157.64,13.8264,-2.85616,153.444,18.5896,4.68868,146.252,-3.83322,7.63425,145.249,-9.57467,12.0559,145.84,1.77629,1.83032,31.7241,92.2689,-132.322,-126.958,104.493,63.4704,-44.8934,-126.988,-26.8496,697.849,206.015,126.397,-12.7116,-103.525,28.3156,5.37889,-70.808,-2.42521,-14.7265,-17.1726,-1.55251,-0.306236,-0.543009,-0.424348,0.636215,0.222367,0.725882,0.698877,0.111942,0.705958,-0.0133065,0.0998599,0.880977,0.301165,-0.74516,0.193004,0.134224,-0.720255,-0.00531035,-0.00195323,-0.194286,0.796126
159.06,0,,38.7076,-4.23217,-2.01882,-5.95227,-2.9997,-6.2446,22.8881,6.08887,4.67621,11.6697,-9.09669,-10.1021,3.69144,-1.911,0.599513,0.599513,1.20092,-1.20092,0.0754256,-0.0754256,-19.6747,-1.81263,4.58335,-2.07803,-0.704205,-6.84509,152.631,-0.598127,1.20168,157.401,38.0626,1.85919,157.618,15.2335,-2.86123,153.455,19.6719,4.83437,146.335,-4.02435,7.63796,145.277,-10.0095,12.2006,145.862,1.79978,1.86087,31.7241,76.6491,-133.783,-116.688,84.4385,55.6747,-57.1194,-138.651,-28.7915,639.218,124.975,-291.016,-25.3809,-115.229,10.2478,22.44,-25.9139,-30.7751,0,-6.81852,5.43378,-0.306295,-0.542823,-0.424834,0.636983,0.221687,0.725243,0.695241,0.119943,0.707876,-0.0216685,0.104375,0.880228,0.300912,-0.745382,0.190618,0.136481,-0.719516,-0.00854532,-0.00225837,-0.194464,0.796047
159.07,0,,38.7105,-4.39833,-2.14396,-5.91165,-2.945,-6.2141,21.5236,6.34093,4.50594,12.1339,-9.29458,-10.2135,3.63954,-2.04226,0.631078,0.631078,1.22369,-1.22369,0.107456,-0.107456,-20.8413,-1.84749,4.70009,-2.10486,-0.669613,-6.90648,152.686,-0.628841,1.22483,157.395,38.0425,1.71808,157.64,16.5725,-2.86947,153.505,20.8416,4.95543,146.406,-4.2261,7.64027,145.299,-10.4557,12.3571,145.884,1.83394,1.88378,27.3382,65.9219,-133.296,-99.1257,60.5143,31.751,-57.6369,-143.535,-8.27439,569.862,105.546,-504.5,-33.7005,-124.485,-2.93246,30.2562,7.84421,-3.8887,-1.45191,-4.29314,-12.032,-0.306297,-0.542581,-0.425324,0.637672,0.220899,0.724714,0.691745,0.127326,0.709568,-0.0304577,0.109501,0.879122,0.300857,-0.745521,0.188303,0.138861,-0.718783,-0.0118414,-0.00262473,-0.194535,0.795964
159.08,0,,38.7421,-4.57752,-2.24319,-5.8796,-2.91319,-6.17962,20.2363,6.57765,4.25688,12.6021,-9.29597,-10.2991,3.60007,-2.19599,0.674713,0.674713,1.25433,-1.25433,0.140519,-0.140519,-21.8691,-1.88017,4.63471,-2.13874,-0.647375,-6.98773,152.752,-0.671565,1.25616,157.45,38.0345,1.63253,157.695,17.8467,-2.87074,153.587,21.8676,4.89593,146.5,-4.45101,7.66157,145.343,-10.9116,12.4958,145.9,1.86596,1.90924,17.5769,62.5153,-128.913,-89.8233,49.8187,37.1165,-77.1727,-154.3,-4.39049,550.796,110.797,-505.803,-1.94263,-108.898,-13.1803,45.4264,0,-36.629,10.1634,-15.1523,10.8676,-0.306285,-0.542254,-0.425978,0.638136,0.220036,0.724381,0.68834,0.134103,0.711108,-0.0372939,0.115117,0.877657,0.30093,-0.745732,0.185807,0.14112,-0.71793,-0.0152595,-0.00299094,-0.194655,0.795894
159.09,0,,38.7393,-4.77843,-2.32433,-5.86151,-2.91319,-6.15177,18.9886,6.80779,3.83246,13.0784,-9.13488,-10.3989,3.53501,-2.36273,0.711616,0.711616,1.27178,-1.27178,0.174615,-0.174615,-22.6559,-1.91721,4.42691,-2.1585,-0.686909,-7.08162,152.823,-0.707591,1.27378,157.532,37.9984,1.56971,157.777,19.0544,-2.86567,153.746,22.6546,4.7133,146.593,-4.69041,7.68472,145.387,-11.3741,12.6358,145.917,1.90226,1.92197,-3.89132,48.3451,-128.427,-95.7024,26.387,73.2545,-83.9649,-183.106,-5.82585,598.701,105.546,-389.614,-2.91395,-84.0009,-30.2705,43.9556,21.5015,-19.0253,8.29662,-14.1421,5.82191,-0.306413,-0.541899,-0.426598,0.63863,0.218757,0.724143,0.685037,0.140328,0.712505,-0.0417493,0.120365,0.87588,0.301038,-0.745942,0.183174,0.143376,-0.717063,-0.0187384,-0.00335705,-0.194648,0.795865
159.1,0,,38.7148,-4.98803,-2.40743,-5.84057,-2.91828,-6.11199,17.7868,7.04451,3.33053,13.5561,-9.01684,-10.5065,3.41659,-2.56377,0.748984,0.748984,1.28624,-1.28624,0.207679,-0.207679,-23.304,-1.94553,4.25413,-2.16838,-0.790687,-7.19718,152.922,-0.74431,1.28894,157.648,37.9395,1.50398,157.887,20.1941,-2.87771,153.992,23.3016,4.59429,146.725,-4.94139,7.70278,145.464,-11.8544,12.7769,145.928,1.93001,1.92451,-7.81561,53.7088,-133.783,-115.2,-15.6211,81.5552,-89.8515,-225.569,-44.9181,638.265,40.0829,-450.206,18.5395,-45.4317,-19.0452,42.4848,46.3649,5.35218,-18.46,-25.0012,-5.43378,-0.306658,-0.541474,-0.427332,0.639234,0.217106,0.723892,0.682,0.146008,0.713619,-0.0454122,0.124517,0.873941,0.301162,-0.746129,0.180489,0.145515,-0.716162,-0.0225231,-0.00360129,-0.194592,0.795824
159.11,0,,38.6774,-5.19655,-2.46022,-5.82439,-2.931,-6.02579,16.6413,7.29438,2.77269,14.0433,-9.09044,-10.605,3.21192,-2.82038,0.795172,0.795172,1.27731,-1.27731,0.242809,-0.242809,-23.8255,-1.96732,4.28915,-2.17544,-0.973533,-7.31996,153.021,-0.789804,1.28074,157.746,37.8605,1.44212,157.986,21.2559,-2.88975,154.327,23.8204,4.71946,146.9,-5.20781,7.69815,145.584,-12.3638,12.9085,145.938,1.94923,1.92451,10.7506,72.264,-154.79,-136.261,-23.4317,51.2561,-69.3454,-222.678,-103.514,601.085,-49.8848,-552.713,5.87013,-37.1327,-22.9552,11.22,-50.287,-28.8098,2.48899,-18.9403,-0.388127,-0.307018,-0.540913,-0.427994,0.639793,0.215096,0.723781,0.679118,0.151315,0.714581,-0.0493186,0.12647,0.87217,0.301293,-0.746212,0.177748,0.147465,-0.715168,-0.0267341,-0.00378431,-0.194526,0.795805
159.12,0,,38.6688,-5.379,-2.5008,-5.79741,-2.88266,-5.95948,15.571,7.54643,2.06363,14.54,-9.35985,-10.7281,2.87713,-3.06753,0.86898,0.86898,1.26326,-1.26326,0.277938,-0.277938,-24.1359,-1.99128,4.55533,-2.16979,-1.23545,-7.44636,153.125,-0.863011,1.26743,157.774,37.7841,1.3387,158.024,22.248,-2.91446,154.76,24.1294,5.1083,147.065,-5.4752,7.67916,145.694,-12.8766,13.0555,145.949,1.97485,1.91179,15.6312,92.7763,-142.582,-179.721,-39.5454,31.751,-69.3454,-188.489,-105.456,608.95,-156.306,-566.83,-5.36336,-41.9738,2.93246,2.43731,-105.967,-39.0542,-13.6894,-18.9403,-4.2694,-0.307342,-0.540153,-0.428753,0.640364,0.213271,0.723621,0.676375,0.156626,0.715379,-0.0529814,0.125678,0.870714,0.301285,-0.746255,0.174875,0.149543,-0.714204,-0.0309462,-0.00396762,-0.194352,0.795782
159.13,0,,38.6415,-5.57231,-2.53697,-5.76663,-2.7987,-5.93296,14.5487,7.78315,1.12712,15.0354,-9.59176,-10.8629,2.54965,-3.29104,0.953696,0.953696,1.23369,-1.23369,0.405025,-0.405025,-24.139,-2.01089,4.84485,-2.16415,-1.38123,-7.67386,153.24,-0.944994,1.24039,157.752,37.6797,1.19226,158.013,23.1623,-2.95692,155.16,24.1294,5.46534,147.202,-5.759,7.64861,145.776,-13.3893,13.2121,145.966,1.99406,1.89651,21.0065,110.353,-147.469,-200.186,-31.7348,34.6547,-78.5958,-181.611,-69.8257,718.823,-236.822,-297.314,2.44941,-74.6911,2.42795,35.6351,-139.165,-60.0448,-7.88179,-17.1726,3.88127,-0.307754,-0.539271,-0.429524,0.641222,0.211747,0.723199,0.67386,0.161751,0.715977,-0.054385,0.123541,0.869672,0.301163,-0.746253,0.171701,0.151803,-0.713237,-0.0350362,-0.00408956,-0.194162,0.795755
159.14,0,,38.5711,-5.75367,-2.61567,-5.73268,-2.74146,-5.96611,13.5639,8.03302,0.0889497,15.5307,-9.61606,-11.0223,2.37276,-3.46487,1.04514,1.04514,1.2005,-1.2005,0.410191,-0.410191,-23.943,-2.01525,4.89622,-2.13168,-1.52454,-7.78942,153.356,-1.03644,1.20803,157.763,37.5271,1.01296,158.035,23.9923,-2.98544,155.439,23.9351,5.57307,147.279,-6.03218,7.61435,145.804,-13.9053,13.3721,145.977,1.99619,1.85833,25.8872,117.674,-154.303,-184.558,8.79568,41.977,-73.7442,-167.956,-41.963,812.012,-231.395,265.172,0,-109.377,-0.977486,44.9221,-88.8777,-67.3623,-13.2746,-13.637,-9.31506,-0.308185,-0.538301,-0.430324,0.642671,0.21046,0.722265,0.671531,0.166204,0.716515,-0.0532858,0.121953,0.868931,0.300803,-0.746269,0.168347,0.154426,-0.712192,-0.0388202,-0.00402848,-0.193855,0.795746
159.15,0,,38.4676,-5.95024,-2.69877,-5.68667,-2.73764,-6.06159,12.6667,8.26535,-0.953033,16.0233,-9.5619,-11.1882,2.34571,-3.59495,1.13868,1.13868,1.17007,-1.17007,0.364729,-0.364729,-23.6114,-2.01525,4.85653,-2.10486,-1.62091,-7.86706,153.493,-1.13113,1.17731,157.856,37.3343,0.870395,158.129,24.6942,-2.99304,155.631,23.6008,5.56486,147.318,-6.31694,7.57962,145.782,-14.4131,13.5453,145.988,1.99833,1.82778,45.4097,120.102,-157.225,-157.247,50.8038,17.5798,-62.4885,-180.216,-61.9735,890.663,-230.87,617.649,2.91395,-124.006,-18.0677,59.0837,0,-60.0448,-18.46,-15.6573,8.92693,-0.308677,-0.537271,-0.431245,0.644449,0.209425,0.721053,0.669548,0.169508,0.716976,-0.0507221,0.120366,0.868502,0.300427,-0.746246,0.164802,0.157299,-0.71117,-0.0423614,-0.00396754,-0.193616,0.795706
159.16,0,,38.3569,-6.14789,-2.77747,-5.6505,-2.76944,-6.14912,11.8947,8.47357,-1.64049,16.497,-9.48067,-11.3438,2.39103,-3.73449,1.25194,1.25194,1.13198,-1.13198,0.352331,-0.352331,-23.4728,-2,4.77714,-2.07803,-1.62338,-7.97721,153.63,-1.24498,1.13983,157.993,37.1187,0.746674,158.266,25.2454,-2.99875,155.757,23.4609,5.48176,147.362,-6.62294,7.54999,145.782,-14.921,13.7113,146.004,1.98125,1.79978,41.0237,113.289,-152.825,-147.498,94.7119,36.6115,-70.7686,-251.485,-77.1714,1016.5,-112.722,139.21,26.859,-139.168,-42.0004,77.6577,70.3177,-41.5212,-4.35573,-13.132,-0.388127,-0.309156,-0.536095,-0.432209,0.646399,0.208508,0.719706,0.668067,0.171762,0.717264,-0.0491982,0.120249,0.867989,0.300189,-0.746199,0.161142,0.160041,-0.710115,-0.0459616,-0.00378435,-0.193429,0.795629
159.17,0,,38.2448,-6.33903,-2.83759,-5.60829,-2.79361,-6.23001,11.2208,8.67084,-1.60745,16.9774,-9.67231,-11.4993,2.40931,-3.89768,1.38308,1.38308,1.09347,-1.09347,0.29757,-0.29757,-23.937,-1.99782,4.9149,-2.04133,-1.62338,-8.06207,153.79,-1.37754,1.10071,158.131,36.8791,0.633586,158.403,25.6799,-3.00508,155.861,23.9273,5.63565,147.433,-6.94246,7.5148,145.798,-15.4288,13.8678,146.021,1.97698,1.76159,55.171,97.1614,-166.998,-128.893,125.462,33.6763,-72.7739,-318.368,-103.008,872.073,-105.021,-549.238,33.7005,-123.049,-60.5411,86.4404,84.4653,-25.3811,-16.5932,-3.53553,-5.04566,-0.309648,-0.534759,-0.433313,0.648428,0.207658,0.718319,0.666954,0.173346,0.717432,-0.0531017,0.121707,0.867267,0.300123,-0.746065,0.157539,0.162608,-0.709031,-0.0496859,-0.00366228,-0.193124,0.79557
159.18,0,,38.114,-6.56709,-2.90456,-5.56069,-2.7669,-6.26714,10.6366,8.83522,-1.08773,17.4483,-10.0285,-11.6445,2.37641,-4.10108,1.51189,1.51189,1.06793,-1.06793,0.267606,-0.267606,-24.784,-1.98475,5.19975,-2.00039,-1.57149,-8.16319,153.944,-1.50686,1.0749,158.218,36.626,0.490534,158.496,26.0073,-3.03297,155.943,24.7745,5.92395,147.543,-7.30059,7.4861,145.87,-15.9432,14.0136,146.043,1.96417,1.71832,75.1882,85.4556,-171.867,-105.451,135.735,45.8906,-91.7922,-333.021,-101.572,720.253,-96.2689,-847.204,41.5132,-118.154,-63.0006,113.293,40.0615,-16.0984,-9.74853,-18.1827,-8.92693,-0.310079,-0.533482,-0.434476,0.650482,0.206675,0.716952,0.666218,0.174627,0.717427,-0.0603659,0.124272,0.866424,0.3005,-0.745849,0.153943,0.164865,-0.707927,-0.053714,-0.00347923,-0.192822,0.795461
159.19,0,,38.0076,-6.79515,-2.98277,-5.5315,-2.67658,-6.30294,10.1526,8.97988,-0.599775,17.9246,-10.1799,-11.835,2.33328,-4.31158,1.66276,1.66276,1.039,-1.039,0.26244,-0.26244,-25.5014,-1.97821,5.28147,-1.9411,-1.45289,-8.28236,154.097,-1.6579,1.04663,158.224,36.3743,0.287071,158.518,26.2408,-3.10648,155.971,25.4915,5.97525,147.658,-7.67995,7.47637,145.941,-16.4608,14.188,146.076,1.95777,1.65467,108.396,67.8789,-191.901,-68.3908,158.674,69.3409,-96.7084,-295.941,-64.9286,629.447,-17.5034,-875.871,76.1851,-89.3739,-58.5861,153.34,-58.6215,-24.4193,-25.9269,-22.9809,-24.452,-0.31044,-0.532069,-0.43569,0.652513,0.205398,0.715628,0.665934,0.175792,0.717145,-0.0655545,0.127691,0.865514,0.301106,-0.745654,0.150278,0.167183,-0.706943,-0.0578641,-0.00329616,-0.192337,0.795352
159.2,0,,37.9142,-7.01127,-3.05316,-5.49469,-2.56972,-6.35201,9.75405,9.1092,-0.513367,18.405,-9.91186,-12.067,2.32013,-4.5197,1.84333,1.84333,1.00878,-1.00878,0.278971,-0.278971,-25.7125,-1.98039,4.98028,-1.84651,-1.30216,-8.42861,154.251,-1.83849,1.01775,158.207,36.1079,0.0787753,158.518,26.3704,-3.199,155.976,25.7072,5.60795,147.752,-8.07379,7.46295,145.996,-16.9751,14.3694,146.098,1.95777,1.55539,136.724,56.6443,-198.735,-48.8186,167.962,86.9207,-68.8279,-204.637,-49.8152,663.529,123.574,-713.858,100.088,-62.9873,-38.0904,174.31,-156.744,-24.4193,-16.5932,-21.9708,-20.9589,-0.310686,-0.530486,-0.436975,0.654438,0.203619,0.714498,0.666041,0.176521,0.716703,-0.0651299,0.131175,0.864573,0.301771,-0.745394,0.146491,0.169564,-0.705968,-0.0619538,-0.00305183,-0.191533,0.795306
159.21,0,,37.8552,-7.21109,-3.10546,-5.46169,-2.48957,-6.42892,9.44734,9.22975,-0.842481,18.9045,-9.49316,-12.3249,2.29454,-4.70537,2.06824,2.06824,0.974312,-0.974312,0.306869,-0.306869,-25.411,-1.97167,4.53898,-1.71805,-1.22062,-8.5857,154.4,-2.06296,0.985392,158.213,35.8281,-0.0956903,158.54,26.398,-3.3061,156.058,25.404,5.11959,147.812,-8.4937,7.45785,146.018,-17.5089,14.5461,146.114,1.94923,1.42302,152.355,64.436,-194.822,-25.8977,181.613,86.4157,-48.8394,-130.377,-27.3561,811.059,228.07,-562.486,144.051,-92.2999,-33.203,180.193,-201.638,10.2444,-8.71146,-15.1523,-38.0365,-0.310748,-0.528656,-0.438319,0.65616,0.201304,0.713658,0.666583,0.176579,0.716084,-0.060428,0.132819,0.863754,0.302567,-0.745094,0.142463,0.172254,-0.704824,-0.0659227,-0.00262463,-0.1905,0.795325
159.22,0,,37.8035,-7.412,-3.15777,-5.40267,-2.49848,-6.54164,9.27,9.34153,-1.19701,19.431,-9.20362,-12.6321,2.24191,-4.84136,2.3015,2.3015,0.935161,-0.935161,0.328566,-0.328566,-24.9558,-1.98475,4.21677,-1.54723,-1.27004,-8.71209,154.531,-2.29597,0.948524,158.317,35.5496,-0.209745,158.655,26.2959,-3.38531,156.261,24.9493,4.80769,147.828,-8.92036,7.43054,145.991,-18.0395,14.7287,146.147,1.96204,1.24737,184.079,86.9053,-197.761,-7.81396,192.872,95.2214,-15.6545,-103.564,-32.6754,901.388,238.747,-649.357,173.824,-144.541,-6.8424,211.415,-207.521,21.4924,-22.4009,-0.505075,-30.6621,-0.310759,-0.526782,-0.439616,0.657775,0.198627,0.712956,0.667528,0.175367,0.715444,-0.0554227,0.132575,0.862897,0.303175,-0.744661,0.13819,0.175179,-0.703644,-0.0696442,-0.0022584,-0.189034,0.795323
159.23,0,,37.7503,-7.5912,-3.17439,-5.33096,-2.62824,-6.72597,9.19697,9.45113,-1.41303,19.9861,-9.05086,-12.9639,2.18563,-4.93714,2.55356,2.55356,0.888562,-0.888562,0.345098,-0.345098,-24.5158,-2.02396,3.99963,-1.35947,-1.44053,-8.85112,154.669,-2.54816,0.904078,158.564,35.2483,-0.214095,158.902,26.0673,-3.43728,156.595,24.5083,4.65585,147.774,-9.33931,7.39628,145.897,-18.5604,14.9208,146.158,2.00046,1.04881,198.721,96.6903,-179.206,-12.7256,208,105.479,14.6195,-66.8832,-42.4696,934.994,236.296,-706.04,224.628,-230.936,-7.31538,285.165,-211.443,-35.6255,-11.6153,-16.1624,-24.452,-0.310754,-0.52476,-0.440952,0.659277,0.195689,0.712441,0.668912,0.172676,0.714751,-0.0512117,0.131417,0.861749,0.303727,-0.744119,0.133918,0.178474,-0.702423,-0.0729401,-0.00201428,-0.187328,0.795456
159.24,0,,37.6928,-7.77473,-3.18368,-5.25321,-2.8445,-7.0018,9.27417,9.54976,-1.56933,20.5547,-8.82659,-13.3605,2.15931,-4.97262,2.81235,2.81235,0.842176,-0.842176,0.35543,-0.35543,-23.9792,-2.07407,3.71711,-1.13219,-1.67527,-9.0046,154.817,-2.80704,0.859632,158.927,34.9377,-0.151268,159.259,25.6799,-3.44552,157.006,23.9681,4.46297,147.631,-9.75728,7.37544,145.722,-19.0682,15.1366,146.158,2.04957,0.806972,219.233,98.1399,-190.423,-12.7256,239.735,108.888,2.45814,-91.304,-49.3086,1018.65,232.446,-405.251,290.044,-289.082,-23.9326,373.034,-31.727,5.85395,8.29662,-22.9809,-29.8858,-0.310749,-0.522676,-0.442349,0.66076,0.192582,0.711973,0.670695,0.168467,0.714093,-0.0460222,0.13001,0.860322,0.304398,-0.743508,0.129645,0.18226,-0.701207,-0.0757484,-0.00170905,-0.185249,0.795686
159.25,0,,37.6065,-7.96044,-3.17683,-5.17008,-3.17271,-7.2816,9.47864,9.62866,-1.83363,21.1369,-8.42456,-13.8544,2.19732,-5.01046,3.06418,3.06418,0.794301,-0.794301,0.364729,-0.364729,-23.1804,-2.16122,3.25481,-0.811732,-1.97672,-9.15447,154.954,-3.05899,0.813957,159.41,34.6043,-0.00289971,159.737,25.1449,-3.43094,157.467,23.1675,4.1008,147.482,-10.1704,7.35276,145.535,-19.5517,15.3536,146.158,2.13497,0.4684,263.686,110.824,-210.456,-13.693,271.962,72.2761,25.4223,-184.103,-57.1608,1156.65,218.793,95.1232,324.716,-278.815,-40.0454,379.884,109.399,62.0101,13.2746,-22.9809,-43.4703,-0.310741,-0.520648,-0.44368,0.66221,0.189342,0.711591,0.672946,0.162728,0.713353,-0.0380876,0.128302,0.85862,0.305258,-0.742788,0.125619,0.185985,-0.700053,-0.0783737,-0.00140388,-0.18226,0.796062
159.26,0,,37.5059,-8.19067,-3.13968,-5.09804,-3.63195,-7.49378,9.88132,9.6725,-1.98866,21.7517,-7.96073,-14.3663,2.30112,-5.15473,3.2986,3.2986,0.727063,-0.727063,0.372995,-0.372995,-22.2912,-2.30283,2.72946,-0.429159,-2.335,-9.33142,155.097,-3.29362,0.748619,160.041,34.2723,0.236809,160.351,24.4105,-3.38151,157.998,22.2737,3.68528,147.406,-10.6232,7.31711,145.431,-20.0417,15.5232,146.131,2.27374,0.0560044,309.096,111.332,-241.219,-13.693,292.509,36.1381,75.1674,-289.561,-117.699,1255.79,244.173,258.874,300.306,-271.473,-54.6762,348.619,27.8049,19.5271,14.1043,-15.1523,-20.5708,-0.310925,-0.518636,-0.444902,0.663613,0.186229,0.711224,0.675736,0.155033,0.712541,-0.0291759,0.126408,0.856599,0.306588,-0.741903,0.121707,0.189096,-0.698764,-0.0813638,-0.00128177,-0.178533,0.796652
159.27,0,,37.4096,-8.45892,-3.09569,-5.0295,-4.15607,-7.66219,10.4613,9.70099,-1.48546,22.4289,-7.68577,-14.8822,2.32378,-5.35931,3.52814,3.52814,0.649612,-0.649612,0.372995,-0.372995,-21.8993,-2.49455,2.33954,0.00141171,-2.79458,-9.50476,155.257,-3.52387,0.672631,160.755,33.947,0.508898,161.049,23.5076,-3.32448,158.639,21.8715,3.46265,147.384,-11.1135,7.27358,145.398,-20.5577,15.6477,146.114,2.45948,-0.412396,348.141,86.4341,-234.368,-17.1163,295.394,13.1928,47.8691,-401.897,-234.891,555.086,562.911,-102.941,261.707,-270.995,-30.2705,356.94,-157.234,-31.235,10.7856,1.51523,-28.7214,-0.31124,-0.516577,-0.446137,0.665076,0.18336,0.710733,0.678984,0.14588,0.711578,-0.0245376,0.125862,0.853809,0.308308,-0.74089,0.117805,0.191845,-0.697247,-0.0847219,-0.00140389,-0.174204,0.797287
159.28,0,,37.2731,-8.77929,-3.0996,-4.94637,-4.62676,-7.86111,11.1645,9.73168,1.31137,23.1807,-7.78367,-15.4344,1.87131,-5.63012,3.72821,3.72821,0.56748,-0.56748,0.347164,-0.347164,-23.7079,-2.75163,2.09204,0.475745,-3.48149,-9.73407,155.46,-3.72478,0.590088,161.441,33.6149,0.680948,161.735,22.4749,-3.31054,159.609,23.663,3.61962,147.378,-11.628,7.22219,145.376,-21.0964,15.7603,146.065,2.71141,-0.941892,384.779,37.1105,-257.81,-24.4093,255.356,-22.9453,44.8934,-446.752,-291.039,-694.274,536.655,-899.326,255.879,-320.31,-12.2028,365.722,-292.967,-22.4541,52.2687,0,-24.8402,-0.311899,-0.514542,-0.447523,0.667087,0.180856,0.709631,0.682689,0.13605,0.710278,-0.0364388,0.134708,0.847737,0.310191,-0.739772,0.113834,0.194587,-0.695582,-0.0882601,-0.00183114,-0.169197,0.798192
159.29,0,,37.0287,-9.09097,-3.24185,-4.87211,-4.93208,-8.01494,11.8029,9.79086,4.96085,24.0221,-9.4029,-15.9463,1.23901,-5.92576,3.93246,3.93246,0.488113,-0.488113,0.325467,-0.325467,-26.3515,-3.07407,3.20577,0.907728,-4.07945,-9.92547,155.625,-3.92962,0.510413,161.88,33.1865,0.58864,162.207,21.4099,-3.43411,160.497,26.2784,5.22321,147.378,-12.1416,7.17543,145.348,-21.6643,15.8789,146.01,3.02738,-1.43829,413.568,10.7273,-252.436,9.74885,167.47,-70.3193,184.555,-336.908,-293.488,-67.4492,190.437,1141.7,309.09,-397.927,16.6173,396.483,-432.622,-90.3181,6.42988,10.354,39.9771,-0.312335,-0.512603,-0.448695,0.670194,0.17823,0.70761,0.686884,0.127269,0.708309,-0.0616476,0.139165,0.843474,0.312158,-0.738643,0.109933,0.197455,-0.69381,-0.0919831,-0.00286884,-0.164256,0.799124
159.3,0,,36.6291,-9.36682,-3.49261,-4.76327,-4.84175,-8.16876,12.1284,9.89168,5.50726,25.0182,-12.0685,-16.4739,-0.380109,-6.24031,4.14135,4.14135,0.436621,-0.436621,0.300669,-0.300669,-26.1616,-3.5403,5.66673,1.33689,-5.57928,-10.0988,155.773,-4.13885,0.458389,161.836,32.6081,0.141119,162.256,20.5085,-3.69584,162.283,26.0278,8.40269,147.356,-12.6242,7.12126,145.293,-22.2419,16.0105,145.955,3.4864,-1.95761,438.004,-41.0245,-93.7505,123.014,17.0988,-108.414,232.941,78.6451,-149.446,-1481.98,-952.712,1365.82,364.244,-485.332,8.79738,412.577,-499.508,-92.2834,28.4159,-16.6675,-16.3014,-0.31252,-0.510775,-0.449919,0.674341,0.175116,0.70486,0.69085,0.122019,0.705988,-0.07532,0.119084,0.841459,0.313909,-0.737501,0.106203,0.200571,-0.691987,-0.0956465,-0.00500508,-0.158698,0.800202
159.31,0,,36.0124,-9.61443,-3.84847,-4.59065,-4.14717,-8.23109,11.83,10.078,6.49079,26.127,-16.4894,-17.1077,-2.7017,-6.63529,4.31937,4.31937,0.446409,-0.446409,0.29447,-0.29447,-26.9122,-4.10239,9.78777,1.87051,-7.10136,-10.2649,155.861,-4.31713,0.46863,161.062,31.8409,-0.731209,161.63,20.0401,-4.24907,164.108,26.6904,13.3776,147.362,-13.0615,7.04024,145.255,-22.8552,16.1493,145.867,4.03722,-2.6042,471.674,-99.6258,49.3186,390.103,-144.531,-44.4388,752.903,755.352,150.881,-2217.24,-2253.92,358.341,378.434,-555.661,-12.2028,442.371,-541.531,-107.42,2.48899,-79.5494,-68.6986,-0.312219,-0.5095,-0.451023,0.679237,0.17103,0.70176,0.694548,0.123418,0.702788,-0.105412,0.0936317,0.840305,0.315397,-0.736332,0.102853,0.20375,-0.690053,-0.0996166,-0.00750766,-0.151862,0.80155
159.32,0,,35.1442,-9.80991,-4.19944,-4.3625,-2.89157,-8.18335,10.8369,10.4046,2.5249,27.3212,-16.8894,-17.9592,-3.28794,-7.15324,4.45932,4.45932,0.513008,-0.513008,0.298603,-0.298603,-22.9543,-4.71895,10.3878,2.62719,-6.86168,-10.4545,155.921,-4.45662,0.53622,159.64,30.8234,-1.85919,160.346,20.019,-4.88976,163.664,22.7809,13.2843,147.444,-13.4206,6.92356,145.255,-23.5286,16.2939,145.73,4.63929,-3.485,379.898,-146.485,-11.721,707.052,-199.697,153.326,1124.53,1467.74,1055.66,-718.823,-3638.61,-1498.95,419.44,-563.003,-10.7523,502.422,-690.921,-81.5372,33.1865,-93.1864,-84.9999,-0.311591,-0.508739,-0.452098,0.684488,0.165903,0.698771,0.69675,0.131415,0.699924,-0.0800801,0.0711687,0.845785,0.316488,-0.735217,0.100165,0.206918,-0.687956,-0.104252,-0.0097051,-0.142952,0.803204
159.33,0,,34.1624,-9.93371,-4.43456,-4.0931,-2.73509,-7.97118,9.79369,10.8977,-2.24916,28.5507,-10.609,-19.0026,-1.30699,-7.82138,4.54706,4.54706,0.615568,-0.615568,0.316168,-0.316168,-17.9264,-5.35075,4.65573,3.61962,-5.18888,-10.6622,155.921,-4.54345,0.640679,159.481,29.7563,-2.14288,160.126,19.9914,-4.75794,161.691,17.8512,6.33331,147.631,-13.6764,6.74439,145.343,-24.2571,16.4161,145.532,5.25629,-4.61272,405.752,-181.639,-187.988,669.917,-24.4168,239.742,407.21,1123.06,1377.94,3435.14,-974.066,-580.078,389.667,-535.18,7.31538,422.369,-812.506,18.0636,19.0822,-64.3971,-47.3516,-0.31069,-0.50858,-0.452851,0.689124,0.161203,0.696449,0.695843,0.132515,0.700848,-0.0103156,0.0860037,0.848684,0.317042,-0.734129,0.0983965,0.209787,-0.685638,-0.109624,-0.0112919,-0.132024,0.805145
159.34,0,,33.4883,-9.84032,-4.55481,-3.82623,-4.38251,-7.50704,9.38058,11.529,-1.65955,29.7654,-6.6366,-20.1536,1.63447,-8.59122,4.71579,4.71579,0.727276,-0.727276,0.402959,-0.402959,-17.8661,-5.96513,0.877911,4.72075,-3.77306,-10.7904,155.773,-4.71042,0.760499,161.249,28.965,-1.2749,161.729,19.604,-4.05705,160.141,17.826,2.09298,147.927,-13.8222,6.50085,145.513,-25.0116,16.5678,145.329,5.85835,-5.83973,390.121,-58.6013,-80.0818,516.614,317.841,173.336,47.3516,309.098,505.835,2006.79,945.361,1128.45,356.938,-548.852,64.9555,354.965,-899.423,5.85395,-42.5202,-8.83882,57.4429,-0.308739,-0.508401,-0.453038,0.692286,0.159552,0.694911,0.694743,0.120307,0.703472,0.0119026,0.112922,0.848682,0.316979,-0.733088,0.0975415,0.212287,-0.683493,-0.115787,-0.0125131,-0.120309,0.806945
159.35,0,,33.2036,-9.5775,-4.56948,-3.58348,-6.18386,-6.93019,9.65599,12.3399,1.42574,30.9135,-7.45524,-21.3564,3.62931,-9.49706,4.92584,4.92584,0.795152,-0.795152,0.48975,-0.48975,-20.0424,-6.49018,1.39392,5.88682,-3.24676,-10.9547,155.614,-4.91896,0.837307,163.159,28.4911,-0.279338,163.507,18.8518,-3.51839,159.56,20.0081,2.57724,148.35,-13.8531,6.19019,145.776,-25.8213,16.741,145.083,6.37288,-7.12528,327.629,17.1056,-6.34742,394.568,656.228,150.865,284.692,-392.627,-232.443,-840.374,759.824,1696.8,333.5,-607.902,168.947,346.686,-1021.01,29.3116,-199.741,99.2473,55.1141,-0.306842,-0.507842,-0.45309,0.6942,0.161327,0.693651,0.69541,0.105047,0.704627,-0.00610389,0.121651,0.850089,0.316246,-0.732109,0.0976024,0.214486,-0.681364,-0.12293,-0.0128787,-0.108401,0.808734
159.36,0,,33.2266,-9.14853,-4.69901,-3.35501,-7.38348,-6.24857,10.3988,13.3131,2.06999,32.2,-7.85797,-22.7692,4.59201,-10.708,5.14541,5.14541,0.816218,-0.816218,0.576541,-0.576541,-19.7018,-7.22003,1.66476,7.26041,-3.42713,-11.2652,155.443,-5.13696,0.868235,164.356,28.3103,0.244542,164.655,17.931,-3.27378,159.664,19.6661,2.89118,148.883,-13.7372,5.80174,146.128,-26.6406,16.9307,144.671,7.08169,-8.67813,196.281,52.7303,28.3286,252.949,795.903,142.09,394.014,-800.804,-249.498,-651.85,694.886,1141.7,243.167,-633.278,264.647,323.742,-1107.43,14.1749,-125.486,-63.387,-49.6803,-0.305121,-0.50709,-0.45289,0.695844,0.164622,0.691876,0.697301,0.0927172,0.704382,-0.00537118,0.1178,0.850539,0.314595,-0.731186,0.0987001,0.216198,-0.679418,-0.130744,-0.0140382,-0.093751,0.811288
159.37,0,,33.5069,-8.5534,-4.95369,-3.12432,-7.97757,-5.50463,11.3815,14.4704,1.44988,33.5965,-6.82686,-23.7685,5.11612,-11.6599,5.3738,5.3738,0.786641,-0.786641,0.667465,-0.667465,-18.1555,-7.96295,0.744823,8.23308,-3.58033,-11.2255,155.262,-5.3642,0.849391,164.85,28.396,0.300603,165.16,17.0345,-3.19266,159.702,18.1194,1.91856,149.487,-13.4689,5.33319,146.523,-27.4795,17.1619,144.6,7.80971,-9.79313,0.494659,43.4526,77.1429,192.372,266.122,210.453,2.45814,-667.437,137.71,628.017,841.74,-392.003,153.806,-624.5,305.669,251.463,-1140.63,-78.1084,-796.476,-372.493,494.474,-0.303607,-0.506133,-0.452419,0.697122,0.167368,0.690042,0.699372,0.0844765,0.703706,0.0104375,0.115667,0.850076,0.311841,-0.730254,0.100712,0.217781,-0.677635,-0.139104,-0.0169073,-0.0825833,0.811916
159.38,0,,33.8217,-7.79319,-5.1453,-2.84572,-8.52586,-4.766,12.3496,15.8359,1.69767,33.5517,-6.588,-24.8961,5.48307,-12.4097,5.59754,5.59754,0.721957,-0.721957,0.74909,-0.74909,-17.5375,-7.23964,0.459969,9.26221,-3.74094,-11.3411,155.103,-5.58775,0.795318,165.294,28.5192,0.365363,165.615,16.1932,-3.17175,159.779,17.4976,1.64155,150.107,-13.0297,4.77529,146.902,-28.3411,17.4773,144.424,7.09877,-10.6943,-144.539,126.48,104.011,102.549,-385.251,157.24,-259.269,-183.605,397.002,422.809,24.3298,-497.116,87.8831,-610.828,312.512,193.346,-1040.55,-107.922,-371.481,59.0938,952.077,-0.302383,-0.505029,-0.451865,0.697656,0.168036,0.689172,0.701525,0.0768485,0.702746,0.0162364,0.114082,0.849787,0.308057,-0.729155,0.103886,0.219612,-0.67611,-0.147893,-0.00848435,-0.0772748,0.812301
159.39,0,,33.9727,-6.89289,-5.17268,-2.51919,-9.5194,-4.12284,13.0694,17.4315,2.53253,30.8524,-7.47052,-26.2363,6.14826,-12.6663,5.80155,5.80155,0.616632,-0.616632,0.795585,-0.795585,-17.5646,-3.81916,1.1184,10.321,-3.96579,-11.7094,155.009,-5.79236,0.697414,166.266,28.4804,0.757306,166.554,15.4361,-3.09317,159.971,17.5228,2.37204,150.711,-12.4196,4.14654,147.215,-29.2367,17.9256,144.078,3.74046,-11.0965,-250.99,223.134,152.338,-135.219,-837.419,81.0503,-198.268,322.255,182.628,-343.204,-860.294,284.718,77.1564,-606.466,306.142,277.349,-836.879,-90.3181,-684.057,320.218,1148.86,-0.301781,-0.503701,-0.451451,0.697999,0.167129,0.688965,0.703357,0.066716,0.701831,0.0122687,0.109503,0.850202,0.3033,-0.727883,0.108221,0.222058,-0.674904,-0.157052,0.0205091,-0.0833792,0.812001
159.4,0,,33.7571,-5.88508,-5.04559,-2.12572,-10.9009,-3.55925,13.3657,19.3625,2.58208,28.069,-7.20667,-26.0886,7.36826,-12.4783,5.9559,5.9559,0.483858,-0.483858,0.815217,-0.815217,-16.8472,-0.0806099,0.681782,9.75208,-4.06709,-11.7311,154.976,-5.94847,0.568787,167.677,28.0934,1.39573,167.876,14.7601,-2.99431,160.048,16.8019,1.91343,151.288,-11.6425,3.44234,147.434,-30.2638,18.5422,144.067,0.0789938,-9.76767,-322.749,269.522,196.77,-368.149,-950.707,21.9669,-107.899,425.82,-319.831,-593.696,620.672,1119.54,144.515,-609.871,284.669,474.141,-652.33,-55.1944,-631.788,356.078,-259.657,-0.301778,-0.502414,-0.45108,0.699095,0.165663,0.688596,0.704942,0.0546301,0.700792,0.0197156,0.108528,0.849664,0.297618,-0.726344,0.113712,0.225719,-0.673677,-0.167183,0.0470001,-0.104438,0.80889
159.41,0,,33.1519,-4.77735,-4.87254,-1.62372,-12.3499,-3.01422,13.3051,21.6618,1.4664,26.013,-6.63036,-24.8819,8.48812,-11.8338,6.08495,6.08495,0.370234,-0.370234,0.825549,-0.825549,-14.9572,3.27233,0.163441,8.04391,-4.44761,-11.1731,154.976,-6.07895,0.458184,169.148,27.3263,2.0124,169.26,14.0598,-2.95122,160.409,14.9133,1.3512,151.87,-10.7313,2.6622,147.577,-31.4791,19.3046,144.616,-3.21099,-7.4104,-287.595,230.455,287.599,-429.172,-667.979,-115.231,77.6255,176.229,-765.128,588.929,1493.57,1242.68,217.279,-584.495,170.398,703.626,-489.773,-102.068,-1041.43,-439.416,27.1689,-0.301904,-0.50126,-0.450902,0.701643,0.164866,0.687177,0.706706,0.0419946,0.69932,0.0358916,0.101754,0.848519,0.291156,-0.724473,0.120125,0.230613,-0.672062,-0.178667,0.0667747,-0.133183,0.801601
159.42,0,,32.2779,-3.63161,-4.69901,-1.01605,-13.5457,-2.51428,13.0673,24.2525,0.00889497,22.3135,-7.54829,-23.3602,9.10872,-10.4455,6.15481,6.15481,0.293208,-0.293208,0.786286,-0.786286,-12.7507,8.56425,1.37057,6.04776,-5.14441,-10.4599,155.059,-6.15008,0.377894,170.388,26.3476,2.42947,170.451,13.3222,-2.91129,161.122,12.7001,2.53209,152.485,-9.71095,1.82928,147.72,-32.8388,20.0624,145.275,-8.42031,-4.48035,-170.427,102.525,250.001,-354.977,-76.2058,-333.985,19.0182,-226.566,-915.08,851.576,436.011,-388.745,211.916,-523.423,-32.2255,903.317,-389.619,-213.377,-1120.04,-788.17,1050.66,-0.30245,-0.50034,-0.451203,0.705243,0.164927,0.684734,0.708275,0.0303355,0.69796,0.0448016,0.0817294,0.848667,0.284074,-0.722332,0.127266,0.235978,-0.669663,-0.190992,0.0997958,-0.172003,0.788417
159.43,0,,31.3853,-2.41637,-4.78456,-0.319857,-14.3472,-1.99578,12.8607,26.9791,0.257954,18.0291,-9.65425,-22.764,9.43693,-8.20808,6.23303,6.23303,0.2964,-0.2964,0.724293,-0.724293,-12.2383,14.7298,3.38789,5.14003,-5.63364,-9.18155,155.174,-6.22883,0.375641,171.267,25.3996,2.44155,171.329,12.5797,-2.94868,161.67,12.1774,4.60866,153.144,-8.61533,1.00006,147.912,-34.2439,20.7039,146.416,-14.537,-2.73912,-94.7107,39.5386,188.962,-204.577,424.304,-456.539,-111.328,-579.621,-785.138,642.555,-1339.36,998.142,140.123,-416.014,-121.082,757.331,-387.728,-110.347,-1053.67,-168.948,934.611,-0.302692,-0.499542,-0.452115,0.710047,0.165838,0.680688,0.710054,0.0205698,0.696382,0.0370494,0.0652484,0.849572,0.276932,-0.720072,0.135078,0.240974,-0.666522,-0.203436,0.141854,-0.204174,0.768782
159.44,0,,30.6479,-1.15877,-5.17512,0.305578,-14.5698,-1.48125,12.8733,29.697,0.89458,13.1585,-11.8803,-21.5858,9.38065,-5.38651,6.32308,6.32308,0.333636,-0.333636,0.651967,-0.651967,-12.1237,21.6078,5.38888,3.88502,-5.96474,-7.61067,155.306,-6.3189,0.405954,171.552,24.6847,1.94764,171.691,11.8502,-3.14007,162.059,12.0569,6.66778,153.803,-7.47241,0.295851,148.137,-35.6036,21.1545,147.782,-21.4073,-0.880796,-87.8844,10.7273,201.657,83.4977,619.638,-288.568,-85.4527,-673.816,-474.595,-288.625,-648.502,256.919,124.498,-314.458,-138.172,639.667,-477.026,-201.167,-1417.48,-83.59,664.086,-0.302758,-0.498757,-0.453282,0.715617,0.166758,0.675392,0.712503,0.0140999,0.694313,0.0264912,0.0512123,0.85065,0.270276,-0.718173,0.1435,0.245373,-0.662691,-0.214976,0.187758,-0.239702,0.742485
159.45,0,,30.0987,0.105343,-5.6659,0.839943,-14.281,-1.10199,13.1361,32.4017,0.848834,7.85627,-11.4998,-19.9319,9.33167,-2.32253,6.40037,6.40037,0.360021,-0.360021,0.567242,-0.567242,-11.2978,28.9324,4.97327,2.30108,-5.89062,-6.1084,155.454,-6.39649,0.423774,171.31,24.208,1.17148,171.581,11.1062,-3.42967,162.031,11.2369,6.14658,154.341,-6.2986,-0.294925,148.23,-36.913,21.6039,149.05,-28.7516,1.06408,-116.212,-49.3236,189.936,395.535,463.356,-96.6733,78.5958,-491.706,-200.19,-903.772,256.425,-396.998,152.328,-150.393,-184.556,491.202,-604.985,-158.684,-1234.33,-517.197,298.47,-0.303002,-0.497964,-0.454442,0.720561,0.165232,0.670815,0.715447,0.0105599,0.692008,0.0348531,0.0499297,0.850392,0.264544,-0.716357,0.152781,0.25025,-0.658708,-0.225408,0.235481,-0.276865,0.711022
159.46,0,,29.6603,1.41833,-6.01296,1.35812,-13.7734,-0.903073,13.5034,35.1831,-0.75226,2.39393,-10.4354,-18.711,9.33971,0.982699,6.457,6.457,0.365553,-0.365553,0.477351,-0.477351,-8.91948,36.4618,4.32418,1.27618,-5.70283,-4.61876,155.592,-6.45376,0.419473,170.833,23.8225,0.459603,171.23,10.3524,-3.70788,161.845,8.87412,5.21808,154.698,-5.0495,-0.860237,148.087,-38.19,22.1825,150.339,-36.3243,2.12817,-130.854,-113.289,161.624,357.433,91.8269,-134.768,86.9406,-169.949,34.7018,124.888,97.1441,907.796,192.363,97.1942,-102.541,412.115,-654.781,-147.938,-1364.17,162.634,1267.24,-0.303428,-0.497229,-0.455417,0.723776,0.160222,0.668538,0.718297,0.0084843,0.689914,0.0556682,0.0426667,0.850649,0.259412,-0.714146,0.163338,0.256248,-0.654843,-0.234884,0.286019,-0.307382,0.676472
159.47,0,,29.2895,2.85511,-6.20457,1.88138,-13.3193,-0.920312,13.8601,38.1179,-2.53253,-4.55308,-9.17585,-15.4732,9.35287,4.69709,6.52037,6.52037,0.354063,-0.354063,0.377128,-0.377128,-6.39948,45.5097,3.52799,-1.40465,-5.55705,-3.38733,155.745,-6.51796,0.397147,170.427,23.4543,-0.0710428,170.928,9.6261,-3.94805,161.713,6.36947,4.14902,154.841,-3.68649,-1.42694,147.659,-39.4442,22.964,151.294,-45.4065,4.84692,-156.741,-117.203,152.338,89.8233,-150.371,-36.1381,21.9939,39.5717,218.258,643.032,-58.1114,30.1875,231.427,263.653,-14.1578,278.315,-484.87,-34.162,-1551.26,507.853,3419.01,-0.303971,-0.496363,-0.456383,0.725747,0.15339,0.667821,0.720878,0.00628708,0.687977,0.0782501,0.0355849,0.850253,0.253616,-0.711713,0.174632,0.263682,-0.65121,-0.243479,0.340292,-0.35189,0.629129
159.48,0,,28.9402,4.40593,-6.30772,2.41162,-13.042,-1.16431,14.1877,41.1098,-2.82352,-14.5427,-9.01892,-4.78921,9.28416,7.77172,6.58535,6.58535,0.340658,-0.340658,0.25624,-0.25624,-5.38967,57.135,3.42525,-10.6598,-5.52987,-3.75929,155.927,-6.58378,0.370316,170.24,23.0807,-0.432056,170.829,8.92902,-4.16859,161.735,5.36489,3.94485,154.786,-2.21923,-1.99873,146.94,-40.5654,24.0134,149.28,-56.946,16.4551,-181.144,-90.8193,161.624,-26.8651,-245.575,82.5336,12.6788,27.8099,328.105,168.981,214.767,-165.488,278.303,312.968,-13.6848,253.9,-240.229,-33.702,-897.902,252.538,5498.99,-0.304649,-0.495399,-0.457493,0.727221,0.146433,0.667585,0.723291,0.00299083,0.685998,0.0860643,0.0312517,0.849961,0.246779,-0.709206,0.186289,0.272112,-0.64854,-0.250871,0.383625,-0.447349,0.54672
159.49,0,,28.5276,5.98282,-6.3214,2.91235,-12.9962,-1.59264,14.4652,44.0139,-2.26695,-24.721,-10.1091,15.0183,9.29659,10.4455,6.62342,6.62342,0.312571,-0.312571,0.119854,-0.119854,-5.21483,68.5968,4.36154,-28.3189,-5.56693,-4.4689,156.124,-6.62281,0.326484,170.322,22.6563,-0.630686,170.972,8.22871,-4.35427,161.834,5.19001,4.86925,154.572,-0.711428,-2.56914,145.991,-41.4659,25.3023,144.161,-68.1567,39.5594,-164.557,-42.9815,132.322,-42.9396,-294.409,131.833,5.3691,-110.841,326.67,107.49,-15.5781,-172.438,331.557,309.085,-23.9326,402.324,-82.5043,-30.7751,6398.36,-2528.91,-7075.18,-0.30562,-0.494473,-0.458583,0.728498,0.139657,0.667521,0.725485,-0.00183111,0.684041,0.0820328,0.0241704,0.850602,0.239448,-0.706626,0.198065,0.280838,-0.647251,-0.256789,0.38101,-0.576826,0.408173
159.5,0,,28.0159,7.56296,-6.27105,3.37913,-13.1374,-2.05413,14.6697,46.8019,-1.46894,-21.9457,-11.3367,18.317,9.44205,11.3797,6.62713,6.62713,0.264696,-0.264696,-0.0289304,0.0289304,-5.27211,67.0347,5.3702,-32.4693,-5.62129,-3.72137,156.35,-6.6272,0.261351,170.608,22.1623,-0.728793,171.301,7.53488,-4.52854,161.965,5.2483,5.88804,154.33,0.823403,-3.15065,145.041,-42.1798,26.5818,146.855,-66.7498,41.1759,-124.522,-4.38513,107.419,-51.2745,-346.198,149.413,-44.8934,-256.369,288.084,-76.7443,-236.296,25.4096,317.367,335.95,-8.79738,508.305,27.8049,-34.6638,2686.03,-4363.35,-2545.34,-0.306912,-0.493635,-0.459574,0.729851,0.133189,0.667347,0.727556,-0.00781269,0.682023,0.0759309,0.017762,0.85117,0.231956,-0.703864,0.210042,0.288717,-0.646654,-0.261677,0.350797,-0.594225,0.394502
159.51,0,,27.4308,9.13441,-6.16058,3.78339,-13.3625,-2.63628,14.799,49.4496,-0.907287,-11.5367,-11.8949,13.1039,9.79658,13.5828,6.60299,6.60299,0.190224,-0.190224,-0.200446,0.200446,-5.09426,58.5533,5.72977,-29.8167,-5.58175,0.379179,156.602,-6.60341,0.166929,170.998,21.6187,-0.777604,171.729,6.86374,-4.73323,162.004,5.06954,6.22558,153.995,2.3621,-3.72985,144.086,-42.7623,27.668,157.127,-58.5515,29.1961,-83.9931,42.9815,115.714,-49.3396,-399.887,112.801,-56.1491,-320.362,215.303,-152.774,-247.499,168.529,245.617,306.159,21.9777,333.029,103.025,-102.528,-1936.43,-3371.63,2596.18,-0.308614,-0.49277,-0.460541,0.731342,0.127323,0.666948,0.729695,-0.0142826,0.679767,0.0751972,0.0145267,0.851339,0.224011,-0.701148,0.221752,0.29604,-0.645734,-0.26491,0.303364,-0.551732,0.442716
159.52,0,,26.7667,10.6679,-5.99732,4.09849,-13.6297,-3.33514,14.8345,51.9702,-0.772592,-3.87317,-11.7324,7.23243,10.3017,13.7566,6.55472,6.55472,0.0955375,-0.0955375,-0.398826,0.398826,-4.51249,52.1437,5.46359,-25.6027,-5.48539,2.06562,156.877,-6.55514,0.0497714,171.442,21.0175,-0.800319,172.207,6.23151,-4.94806,161.976,4.49244,5.89522,153.55,3.8699,-4.28128,143.076,-43.2539,28.6558,159.843,-52.0953,22.9465,-34.1645,62.0079,92.2897,-52.7628,-434.577,48.3524,-56.6666,-298.831,85.9523,-2.38336,-52.1602,147.463,247.559,287.593,31.7525,74.7161,82.5043,-265.644,-3055.23,-2645.58,2258.9,-0.310625,-0.49191,-0.461451,0.733007,0.122198,0.666292,0.73177,-0.0208136,0.677448,0.0808754,0.0134284,0.851053,0.215836,-0.698659,0.232988,0.303303,-0.644573,-0.266863,0.277362,-0.510592,0.487886
159.53,0,,26.025,12.1752,-5.80228,4.29396,-13.9057,-4.10693,14.7761,54.3703,-0.780216,-2.35322,-11.4248,2.31749,10.8419,11.5003,6.48555,6.48555,-0.0338317,0.0338317,-0.615804,0.615804,-3.8222,50.5293,5.05499,-21.081,-5.37667,-0.420708,157.174,-6.48471,-0.103639,171.898,20.3642,-0.845747,172.695,5.64305,-5.19711,161.944,3.80458,5.41404,153.04,5.36129,-4.79334,141.956,-43.5801,29.7562,155.892,-50.5283,21.5922,-11.2453,51.2806,77.6298,-43.4605,-483.41,-27.8374,-63.9763,-276.902,-110.86,134.183,64.4127,21.9348,260.735,301.743,15.6398,-48.3259,-38.5907,-329.117,-1756.4,-809.131,1475.27,-0.313004,-0.490991,-0.462242,0.735011,0.117863,0.665184,0.73391,-0.0271615,0.674948,0.0881372,0.0126957,0.850609,0.207408,-0.696507,0.243848,0.310566,-0.644327,-0.267839,0.290117,-0.489287,0.523225
159.54,0,,25.2244,13.6859,-5.60773,4.44024,-14.1016,-4.766,14.6238,56.6015,-0.545135,-3.55154,-11.436,-2.06085,11.2329,8.60896,6.41314,6.41314,-0.178734,0.178734,-0.836914,0.836914,-3.41828,51.0457,4.87287,-16.6497,-5.30996,-4.26306,157.476,-6.40988,-0.272821,172.266,19.6626,-0.95497,173.102,5.09836,-5.47088,161.955,3.4043,5.18935,152.628,6.85944,-5.30263,141.006,-43.7277,30.7641,149.873,-50.8507,21.9028,-31.2625,15.1486,58.5875,-16.1489,-481.44,-77.1366,-59.5776,-320.76,-277.361,153.25,59.1616,-62.1124,236.832,273.442,-22.9552,-58.1172,-122.566,-55.1944,-737.777,286.63,688.15,-0.315509,-0.490018,-0.462978,0.737397,0.114507,0.663542,0.7361,-0.0327155,0.672377,0.0920466,0.0119026,0.850271,0.198434,-0.694489,0.254284,0.316302,-0.644996,-0.268326,0.316363,-0.475918,0.55301
159.55,0,,24.3547,15.1922,-5.43371,4.5659,-14.136,-5.16117,14.3734,58.5961,0.0279556,-5.66455,-11.8262,-6.31995,11.4025,5.69989,6.32772,6.32772,-0.309805,0.309805,-1.04769,1.04769,-3.40622,52.2461,4.94525,-12.087,-5.25313,-8.08916,157.778,-6.32097,-0.425822,172.474,18.9048,-1.14055,173.354,4.5942,-5.77062,161.987,3.39264,5.25809,152.469,8.38559,-5.77442,140.534,-43.7634,31.2989,143.656,-51.5168,22.3865,-57.6113,-24.4263,42.4842,-29.321,-431.622,-148.434,-36.1605,-403.791,-364.242,69.3559,6.82634,-70.3651,185.564,210.454,-62.0231,-110.351,-146.028,30.2733,-586.986,717.712,121.484,-0.317962,-0.489182,-0.463728,0.740053,0.111948,0.661494,0.738385,-0.0369895,0.669778,0.0917406,0.0113531,0.850203,0.189033,-0.692593,0.264415,0.319054,-0.645615,-0.268513,0.344565,-0.462065,0.57987
159.56,0,,23.4304,16.6995,-5.29831,4.6538,-13.9617,-5.50065,14.0458,60.2882,0.651874,-6.72173,-12.2053,-10.2071,11.3536,3.67418,6.23604,6.23604,-0.438111,0.438111,-1.24917,1.24917,-3.50268,52.5141,5.01296,-8.00438,-5.18394,-10.6008,158.069,-6.22514,-0.574522,172.452,18.1028,-1.43874,173.382,4.12246,-6.05263,162.004,3.48786,5.32991,152.337,9.92428,-6.21982,140.298,-43.6109,31.4874,139.716,-51.2563,21.4955,-75.1882,-64.436,28.8155,-43.9814,-326.636,-172.358,0,-427.714,-395.06,5.48174,3.50069,47.3444,109.379,119.165,-75.2034,-200.195,-102.045,52.7274,-283.745,1525.33,-254.223,-0.320382,-0.488416,-0.464428,0.743043,0.110117,0.658929,0.740572,-0.0396746,0.667449,0.0907028,0.0114142,0.850202,0.179454,-0.690776,0.27443,0.319964,-0.64652,-0.267165,0.361603,-0.443581,0.604056
159.57,0,,22.4515,18.1787,-5.20396,4.7198,-13.5432,-5.86401,13.639,61.6252,1.11187,-5.44741,-12.4629,-13.2167,11.0729,2.5957,6.1439,6.1439,-0.553224,0.553224,-1.44135,1.44135,-3.49364,50.5772,5.03865,-5.24167,-5.10734,-11.4313,158.355,-6.12791,-0.70827,172.189,17.2459,-1.84228,173.173,3.67504,-6.30738,162.026,3.48203,5.34941,152.172,11.4311,-6.65318,140.199,-43.2166,31.4471,139.244,-49.2131,18.7946,-94.7107,-103.504,15.1295,-44.9489,-201.667,-147.961,-3.42846,-365.715,-338.406,-14.0619,0.525103,66.8903,71.793,46.3893,-82.5188,-271.466,-24.9334,119.63,-412.135,1536.69,160.297,-0.322715,-0.487704,-0.465181,0.746261,0.108588,0.655984,0.742652,-0.0406515,0.665439,0.0906415,0.011231,0.850138,0.170234,-0.68887,0.284374,0.319424,-0.648187,-0.263999,0.358243,-0.421297,0.626452
159.58,0,,21.4266,19.6437,-5.15655,4.76835,-12.9287,-6.1584,13.1591,62.6444,1.41811,-2.72778,-12.6518,-15.1375,10.605,2.30952,6.05129,6.05129,-0.657485,0.657485,-1.61184,1.61184,-3.38512,47.2461,5.05966,-3.80596,-5.01839,-10.9366,158.629,-6.03046,-0.82809,171.722,16.3395,-2.32943,172.75,3.24707,-6.54249,162.037,3.37321,5.35761,152.051,12.9302,-7.06061,140.298,-42.6065,31.1684,141.115,-46.1324,15.4037,-115.717,-136.736,14.1556,-27.3117,-93.7268,-132.338,-14.6195,-245.604,-210.49,22.4036,6.30124,4.77788,51.7754,21.4923,-98.1585,-289.073,60.5125,59.5849,-1046,1018.99,340,-0.324904,-0.487081,-0.465901,0.749605,0.106877,0.652799,0.74466,-0.0401628,0.663663,0.0913127,0.0105596,0.850075,0.161446,-0.686801,0.294448,0.317099,-0.650618,-0.259478,0.340837,-0.39919,0.643892
159.59,0,,20.383,21.074,-5.12477,4.80325,-12.2392,-6.34273,12.6312,63.4225,1.6443,-0.0542841,-12.8115,-16.4531,10.059,2.52001,5.94638,5.94638,-0.753661,0.753661,-1.76889,1.76889,-3.24646,43.9367,5.08768,-2.93918,-4.92944,-9.87852,158.893,-5.9203,-0.937464,171.184,15.4144,-2.81948,172.245,2.8499,-6.75732,162.048,3.23525,5.36685,152.024,14.4207,-7.43424,140.589,-41.8261,30.7593,143.519,-43.1242,12.3261,-122.544,-151.849,0,-7.29303,-28.2869,-88.3726,-1.48782,-101.571,-72.2743,39.5639,-5.42607,6.29811,43.9627,35.6432,-108.406,-258.313,100.084,18.0636,-1313.56,722.763,433.927,-0.327039,-0.486592,-0.466571,0.752793,0.104804,0.649698,0.746535,-0.0389411,0.66206,0.0921656,0.00970485,0.849999,0.15333,-0.684432,0.304768,0.313188,-0.653904,-0.254286,0.321184,-0.379293,0.655675
159.6,0,,19.338,22.4749,-5.10815,4.81753,-11.607,-6.3467,12.0846,64.0296,1.90607,1.52403,-12.9531,-17.3436,9.54731,2.80737,5.83637,5.83637,-0.855794,0.855794,-1.91354,1.91354,-3.16809,41.5969,5.10402,-2.24179,-4.84543,-8.93779,159.129,-5.80437,-1.05093,170.696,14.4932,-3.28682,171.779,2.47542,-6.94237,162.059,3.15753,5.37198,152.145,15.9111,-7.75232,141.1,-40.9645,30.1759,145.329,-40.9828,10.0935,-128.414,-157.72,-6.34742,7.29303,20.0541,-77.6416,9.76787,8.77157,57.1608,26.932,-4.37586,-17.1569,74.707,76.6594,-141.105,-167.964,140.635,35.6255,-1209.44,671.75,801.871,-0.329123,-0.486177,-0.467072,0.755859,0.102303,0.646659,0.748201,-0.0378434,0.660612,0.0926549,0.00921666,0.849947,0.145882,-0.681738,0.315325,0.30764,-0.657457,-0.249042,0.307207,-0.364095,0.662574
159.61,0,,18.3203,23.8509,-5.09056,4.82071,-11.0943,-6.15575,11.5379,64.4614,2.21739,2.28943,-13.135,-17.3812,9.1365,3.20234,5.73216,5.73216,-0.952821,0.952821,-2.06542,2.06542,-3.14397,39.9956,5.13671,-2.15285,-4.78365,-7.93568,159.349,-5.69398,-1.15928,170.322,13.5895,-3.69133,171.417,2.1204,-7.12868,162.064,3.13421,5.39865,152.436,17.3996,-7.99539,141.885,-40.0737,29.3293,146.959,-39.5375,8.75959,-145.034,-159.169,-17.0946,5.87908,46.3708,-44.4388,19.0182,57.1149,123.018,-0.476673,-13.1276,0.434352,56.632,125.017,-140.127,-155.273,149.39,35.1655,-864.716,502.045,810.022,-0.331069,-0.4858,-0.467489,-0.758644,-0.0993091,-0.643892,0.74981,-0.0372952,0.659105,0.0926552,0.0089115,0.84995,0.139227,-0.678681,0.326126,0.300243,-0.66073,-0.243905,0.296043,-0.355679,0.664112
159.62,0,,17.3054,25.2008,-5.04265,4.81753,-10.7508,-5.85605,10.983,64.7157,2.50584,2.9137,-13.3086,-16.2704,8.85142,3.70729,5.62307,5.62307,-1.05495,1.05495,-2.21317,2.21317,-3.10479,38.4814,5.16706,-3.05211,-4.76142,-6.70425,159.541,-5.57805,-1.27194,170.114,12.6965,-4.01174,171.203,1.77997,-7.30105,162.092,3.09341,5.42533,152.815,18.8842,-8.19262,142.873,-39.131,28.2229,148.781,-38.1711,8.35229,-154.795,-156.741,-17.5815,-5.35814,73.2504,-24.9021,13.6491,55.221,138.638,-8.34178,-23.9797,0,35.1363,212.901,-135.24,-280.753,142.106,33.2003,-634.692,161.624,569.771,-0.332965,-0.4855,-0.467738,-0.761084,-0.0957077,-0.64151,0.751267,-0.0376,0.657633,0.0927803,0.00848452,0.849855,0.133311,-0.67516,0.337244,0.29128,-0.66356,-0.23842,0.28169,-0.354325,0.661284
159.63,0,,16.3179,26.5268,-4.97617,4.8115,-10.5626,-5.41048,10.4488,64.7507,2.75236,3.6099,-13.4267,-14.5543,8.714,4.13656,5.51538,5.51538,-1.16007,1.16007,-2.35679,2.35679,-3.01436,36.7385,5.15072,-4.47229,-4.754,-5.32837,159.712,-5.46304,-1.38643,170.037,11.8329,-4.26595,171.109,1.45089,-7.46455,162.102,3.00208,5.40173,153.309,20.3669,-8.32133,144.075,-38.0861,26.8842,150.701,-36.5549,8.43884,-153.311,-138.657,-29.3025,-30.2884,76.628,-11.7094,18.0479,52.2307,109.847,-3.33671,-23.4546,6.73246,-20.0176,292.966,-159.173,-421.402,92.3096,91.7816,-493.234,-175.766,210.753,-0.334742,-0.485266,-0.467809,-0.763225,-0.0917408,-0.639439,0.752614,-0.0386989,0.656172,0.0935086,0.00811791,0.849756,0.128,-0.671253,0.348537,0.280417,-0.66625,-0.232562,0.263372,-0.355781,0.657179
159.64,0,,15.3318,27.8159,-4.89845,4.77882,-10.4684,-4.80843,9.93139,64.5863,3.02175,4.32509,-13.494,-12.9691,8.67672,4.29384,5.39167,5.39167,-1.2588,1.2588,-2.51074,2.51074,-2.939,34.7603,5.09468,-5.69906,-4.74906,-4.02291,159.86,-5.33141,-1.49437,170.059,10.9908,-4.47376,171.109,1.12667,-7.60777,162.097,2.92825,5.33709,153.957,21.8583,-8.33291,145.475,-36.926,25.3759,152.446,-34.6612,8.48721,-150.376,-112.781,-46.8666,-58.5675,51.789,12.2143,19.9886,25.4176,52.7703,-3.81338,-18.0285,-25.844,-69.3436,373.03,-177.745,-464.854,-0.490263,112.772,-389.112,-422.748,-145.548,-0.336498,-0.485185,-0.467789,-0.765125,-0.087469,-0.637614,0.753811,-0.0403457,0.654808,0.0943634,0.00811794,0.849698,0.122869,-0.667325,0.359695,0.267655,-0.668923,-0.226515,0.243668,-0.355309,0.654828
159.65,0,,14.3558,29.0344,-4.8134,4.71472,-10.4226,-4.12549,9.42648,64.1809,3.31147,5.07285,-13.5523,-12.0527,8.66868,4.13419,5.25983,5.25983,-1.36029,1.36029,-2.66986,2.66986,-2.88775,32.4967,5.03631,-6.20304,-4.76883,-2.91065,159.997,-5.19077,-1.60436,170.119,10.17,-4.66031,171.137,0.807308,-7.73324,162.092,2.87772,5.27656,154.682,23.3043,-8.24679,146.957,-35.6117,23.7976,153.867,-32.4494,8.05445,-139.164,-75.6706,-44.4319,-70.7722,16.1137,8.30071,-10.7382,-12.1606,9.79418,4.29006,-10.327,-48.8646,-129.396,431.176,-186.511,-439.472,-105.967,119.63,-360.281,-547.249,-433.15,-0.338218,-0.4852,-0.46762,-0.766858,-0.0830092,-0.635936,0.75488,-0.0421785,0.653554,0.0950366,0.00824017,0.849653,0.117927,-0.663553,0.370322,0.253494,-0.671792,-0.219861,0.224499,-0.3492,0.656345
159.66,0,,13.387,30.153,-4.71368,4.59509,-10.3717,-3.49692,8.92156,63.4992,3.60246,5.91426,-13.5753,-11.9517,8.66283,3.70848,5.12336,5.12336,-1.47498,1.47498,-2.83208,2.83208,-2.85459,29.9019,4.95693,-5.81765,-4.78118,-2.06562,160.118,-5.04412,-1.72705,170.158,9.36001,-4.84106,171.148,0.502541,-7.84034,162.064,2.84469,5.19551,155.335,24.65,-8.10326,148.351,-34.1157,22.2359,154.893,-29.881,7.00564,-117.663,-59.5798,-41.9973,-90.7908,-21.4615,0,-12.6788,-51.7323,-9.28758,-10.2485,-18.5536,-51.2536,-182.608,476.555,-180.173,-438.001,-197.786,128.411,-389.112,-495.226,-477.397,-0.339972,-0.485238,-0.467294,-0.768483,-0.0784963,-0.634319,0.755834,-0.0438253,0.652435,0.0957057,0.00860619,0.849694,0.113289,-0.660139,0.380152,0.238726,-0.674915,-0.21193,0.206372,-0.336202,0.662333
159.67,0,,12.4267,31.1706,-4.58512,4.44595,-10.2394,-3.04737,8.4396,62.5962,3.94174,6.75838,-13.5364,-12.2316,8.58023,3.12784,4.97621,4.97621,-1.60031,1.60031,-2.99119,2.99119,-2.86967,27.122,4.84252,-4.96215,-4.78118,-1.52936,160.233,-4.88593,-1.85834,170.119,8.55937,-5.00828,171.071,0.181563,-7.91829,162.02,2.85829,5.08265,155.796,25.8827,-7.99029,149.542,-32.4559,20.7655,155.519,-27.112,5.74554,-127.457,-42.003,-42.4842,-108.428,-53.1963,3.40866,-16.1073,-94.1947,-98.1106,-28.362,-29.2307,-43.8696,-241.225,487.301,-153.812,-458.508,-261.73,87.3911,-454.033,-376.029,-172.717,-0.341812,-0.485312,-0.466879,-0.769911,-0.0742201,-0.632824,0.756668,-0.0450449,0.651502,0.0962564,0.00946084,0.849767,0.108709,-0.657078,0.389058,0.224133,-0.678259,-0.202403,0.188793,-0.319782,0.670999
159.68,0,,11.455,32.0633,-4.45118,4.23208,-9.93921,-2.8352,7.95972,61.4214,4.25053,7.42743,-13.419,-12.2225,8.3814,2.60043,4.82117,4.82117,-1.73968,1.73968,-3.14411,3.14411,-2.85459,24.3703,4.6674,-4.31277,-4.72682,-1.23865,160.354,-4.7185,-2.00192,169.922,7.74266,-5.20159,170.835,-0.157247,-7.99497,161.938,2.84469,4.90311,156,26.9686,-7.92038,150.442,-30.6062,19.4244,155.843,-24.3643,4.87238,-143.055,-46.8593,-45.4058,-108.428,-80.5684,-12.6878,6.85692,-116.223,-101.572,-17.1602,-4.37586,-16.071,-271.969,496.557,-129.88,-481.452,-301.792,99.1408,-437.025,-366.18,73.7442,-0.343768,-0.485377,-0.466394,-0.771339,-0.0702549,-0.631196,0.757578,-0.0452887,0.650582,0.0973562,0.0106207,0.849959,0.104011,-0.65483,0.396634,0.210096,-0.681987,-0.190807,0.170602,-0.305375,0.679662
159.69,0,,10.479,32.817,-4.30747,3.97188,-9.49269,-2.90283,7.50071,59.9726,4.54406,7.81285,-13.1802,-11.7533,8.05831,2.18653,4.65847,4.65847,-1.89245,1.89245,-3.21644,3.21644,-2.80938,21.7756,4.42458,-4.02337,-4.58104,-1.27115,160.459,-4.54484,-2.15123,169.57,6.90989,-5.39877,170.445,-0.533342,-8.0406,161.823,2.80194,4.64867,155.873,27.8847,-7.94214,151.008,-28.5893,18.2078,155.87,-21.7703,4.53126,-141.604,-53.7088,-50.2924,-96.2233,-94.2193,-39.0733,27.8158,-80.0406,-109.847,-35.7505,-7.87655,-13.6821,-304.698,462.883,-129.407,-492.672,-308.095,75.6832,-273.374,-425.779,148.265,-0.345718,-0.485495,-0.46578,-0.772684,-0.0668369,-0.629488,0.758414,-0.0447418,0.649825,0.0990639,0.0121465,0.850192,0.0994325,-0.653362,0.402918,0.196972,-0.685954,-0.17689,0.152227,-0.294689,0.687892
159.7,0,,9.50441,33.4197,-4.1882,3.66916,-8.92277,-3.29801,7.06882,58.2366,4.78422,7.94041,-12.8531,-11.1882,7.65481,1.92164,4.48462,4.48462,-2.0448,2.0448,-3.2743,3.2743,-2.70689,19.318,4.13739,-3.81867,-4.39325,-1.5745,160.563,-4.36055,-2.29788,169.098,6.07979,-5.61528,169.94,-0.933754,-8.06024,161.681,2.69702,4.34498,155.379,28.6174,-8.09076,151.189,-26.394,17.1465,155.612,-19.3108,4.37089,-138.669,-75.6706,-57.1268,-69.8047,-92.7416,-40.0517,-34.1552,4.88417,-73.203,29.3154,-19.9539,28.8844,-325.687,416.014,-133.317,-505.363,-240.719,69.3275,-102.463,-412.647,83.8355,-0.34768,-0.48569,-0.46512,-0.774067,-0.0642106,-0.627518,0.759174,-0.0435802,0.649186,0.101443,0.0136722,0.850485,0.0950977,-0.652683,0.407919,0.185069,-0.690347,-0.16041,0.134773,-0.285294,0.696572
159.71,0,,8.52839,33.8878,-4.07333,3.34073,-8.37066,-3.97829,6.63275,56.1982,4.91129,7.97298,-12.4469,-10.8111,7.24181,1.81048,4.30916,4.30916,-2.19481,2.19481,-3.30839,3.30839,-2.48986,16.8279,3.78015,-3.43186,-4.23512,-2.06562,160.634,-4.17534,-2.44023,168.626,5.24568,-5.81488,169.43,-1.33254,-8.09256,161.56,2.48328,3.96435,154.539,29.1763,-8.36995,151.03,-24.017,16.1872,155.162,-16.8171,4.05777,-151.366,-108.396,-63.9611,-44.9489,-76.2058,-54.6963,-32.7321,105.458,-37.5725,67.9259,0,23.8894,-339.834,371.593,-151.857,-475.107,-148.41,46.8734,52.2687,-305.571,88.4931,-0.349505,-0.485986,-0.464318,-0.775364,-0.0621366,-0.625455,0.760002,-0.0423614,0.648422,0.104987,0.0150766,0.850576,0.0913726,-0.652548,0.412001,0.174144,-0.695052,-0.141305,0.117985,-0.274362,0.706322
159.72,0,,7.57104,34.2418,-3.98632,2.98026,-7.89361,-4.91717,6.2259,53.8815,5.16925,8.10462,-12.1032,-10.544,6.87339,1.8637,4.13694,4.13694,-2.33758,2.33758,-3.33836,3.33836,-2.38737,14.1394,3.44393,-2.94623,-4.08933,-2.64161,160.684,-3.99382,-2.5746,168.209,4.43433,-6.01012,168.974,-1.74106,-8.13565,161.434,2.38029,3.61552,153.38,29.5798,-8.7584,150.569,-21.4939,15.2658,154.613,-14.1249,3.61228,-148.925,-138.186,-55.666,-51.2745,-51.2964,-81.5552,7.30973,167.457,-24.9076,69.3559,8.75172,-45.8242,-360.823,339.834,-147.947,-394.046,-37.6102,11.2479,158.258,-254.811,147.488,-0.351163,-0.486366,-0.463415,-0.776646,-0.0607327,-0.623197,0.760873,-0.0415654,0.647529,0.107609,0.0169073,0.850738,0.088385,-0.652877,0.415434,0.164071,-0.699742,-0.119757,0.100224,-0.26167,0.716892
159.73,0,,6.60795,34.4797,-3.9081,2.59979,-7.5196,-6.08016,5.82948,51.3083,5.57334,8.31226,-11.8741,-10.2563,6.55542,2.06118,3.9566,3.9566,-2.46099,2.46099,-3.37762,3.37762,-2.42354,11.2941,3.1941,-2.46767,-3.99297,-3.27719,160.717,-3.80492,-2.68991,167.891,3.63368,-6.17492,168.617,-2.14796,-8.17431,161.33,2.41721,3.36313,151.969,29.8404,-9.23713,149.866,-18.8557,14.303,153.993,-11.2748,3.12097,-145.496,-154.313,-62.5003,-50.7535,0,-77.6416,0,171.843,52.7703,53.6257,14.7029,-7.81834,-361.33,316.905,-153.308,-315.926,74.2399,-28.308,219.238,-225.516,149.429,-0.352681,-0.486904,-0.462489,-0.777765,-0.0596966,-0.620954,0.76168,-0.041383,0.646625,0.108768,0.0188605,0.850919,0.0861244,-0.653593,0.418292,0.154493,-0.70404,-0.0960776,0.0813648,-0.248062,0.727766
159.74,0,,5.6578,34.6143,-3.8646,2.20156,-7.31988,-7.34791,5.43932,48.5291,6.01808,8.50361,-11.7595,-9.95172,6.35513,2.31898,3.77579,3.77579,-2.56249,2.56249,-3.40242,3.40242,-2.50191,8.39868,3.01899,-1.98486,-3.93861,-3.99221,160.706,-3.61693,-2.78208,167.715,2.86116,-6.33199,168.403,-2.53216,-8.23578,161.248,2.49493,3.19179,150.415,29.9813,-9.73114,149.021,-16.1541,13.2583,153.269,-8.37761,2.57366,-147.474,-161.634,-71.7693,-40.0372,65.4398,-55.1697,9.25037,122.104,51.7572,14.5385,-3.50069,7.38399,-352.039,316.905,-166.015,-245.622,221.669,-46.8734,270.055,-174.251,107.899,-0.353905,-0.487641,-0.461456,-0.778825,-0.0587781,-0.618666,-0.762532,0.0419933,-0.645585,0.109197,0.0205088,0.851116,0.084725,-0.654666,0.420756,0.145027,-0.707676,-0.0709874,0.0623192,-0.233834,0.738736
159.75,0,,4.71196,34.6165,-3.83625,1.78238,-7.1863,-8.65014,5.10966,45.5767,6.49206,8.59454,-11.6595,-9.64064,6.19943,2.56259,3.58268,3.58268,-2.63526,2.63526,-3.56877,3.56877,-2.57124,5.55772,2.85788,-1.47665,-4.05474,-4.65126,160.684,-3.41163,-2.85315,167.589,2.11809,-6.47214,168.244,-2.94716,-8.29091,161.171,2.56489,3.03995,148.828,30.0026,-10.1886,148.115,-13.4298,12.0903,152.435,-5.54024,1.92706,-139.659,-154.784,-78.621,-40.0372,135.735,-36.1381,35.643,81.0373,16.6332,-6.91176,-15.5781,19.1115,-338.398,332.546,-195.813,-184.101,409.16,-59.5849,322.739,-89.3983,170.388,-0.355003,-0.488617,-0.460356,-0.779746,-0.0576188,-0.616534,-0.763359,0.0431549,-0.644515,0.109563,0.0219735,0.851292,0.0842954,-0.656051,0.422759,0.1352,-0.710426,-0.0451684,0.0440087,-0.219067,0.749613
159.76,0,,3.78624,34.5144,-3.81767,1.35273,-7.09471,-9.86882,4.82173,42.5257,6.92537,8.57961,-11.5366,-9.19607,6.06054,2.7719,3.38053,3.38053,-2.70548,2.70548,-3.52641,3.52641,-2.58029,2.81263,2.6921,-1.01643,-4.00038,-5.51435,160.618,-3.20771,-2.90825,167.473,1.39778,-6.60021,168.101,-3.38162,-8.34541,161.094,2.5746,2.87374,147.323,29.9389,-10.5511,147.237,-10.7251,10.7871,151.568,-2.80108,1.2881,-136.229,-127.459,-91.8028,-40.0372,198.219,-38.0949,36.1605,69.3751,21.9525,-0.476673,-13.6527,37.5715,-338.398,337.865,-198.745,-145.986,558.62,-92.2834,400.312,-18.1827,303.904,-0.355846,-0.489761,-0.45912,-0.780568,-0.0559118,-0.614603,-0.764194,0.0444966,-0.6434,0.11042,0.0231949,0.851435,0.084967,-0.657578,0.42453,0.124577,-0.712185,-0.0194099,0.0262467,-0.204785,0.759811
159.77,0,,2.89215,34.2972,-3.78786,0.943389,-6.99548,-10.9324,4.58597,39.4418,7.32437,8.51311,-11.3526,-8.47412,5.8873,2.91498,3.16862,3.16862,-2.75888,2.75888,-3.41895,3.41895,-2.54412,0.150327,2.51232,-0.742558,-3.92131,-6.3666,160.519,-2.99848,-2.94286,167.32,0.70826,-6.69059,167.92,-3.83715,-8.36759,161.023,2.53768,2.68599,145.994,29.7999,-10.7932,146.479,-8.08517,9.32267,150.734,-0.149448,0.758605,-138.175,-121.08,-113.28,-51.721,249.516,-24.4287,6.33942,107.452,42.9762,14.5385,-9.27682,6.29811,-348.618,354.995,-227.061,-115.226,647.007,-106.918,531.191,-7.32359,519.703,-0.356462,-0.491112,-0.457786,-0.781164,-0.0537134,-0.613066,-0.764878,0.0457792,-0.642434,0.111696,0.0242923,0.851511,0.0866134,-0.659153,0.425926,0.112676,-0.712742,0.00549343,0.00848401,-0.191836,0.768932
159.78,0,,2.01962,33.9562,-3.77075,0.552135,-6.91661,-11.789,4.41697,36.3316,7.76277,8.39369,-11.1541,-7.36593,5.71625,2.95992,2.94,2.94,-2.79676,2.79676,-3.33113,3.33113,-2.52,-2.45098,2.3302,-0.763734,-3.88425,-7.11412,160.398,-2.77263,-2.96273,167.161,0.0589101,-6.77226,167.745,-4.31861,-8.37203,160.952,2.51437,2.50131,144.907,29.5972,-10.8872,145.886,-5.48584,7.7183,149.944,2.43173,0.460763,-146.98,-115.717,-125.001,-75.1629,250.501,-11.2359,2.45814,166.062,43.4828,4.29006,-17.5034,-36.0512,-360.359,353.027,-211.421,-60.0502,684.057,-144.049,705.628,-92.1763,716.871,-0.356948,-0.492696,-0.456317,-0.781728,-0.0509677,-0.611734,-0.765485,0.0472439,-0.641516,0.11286,0.0254529,0.851605,0.0894221,-0.660625,0.42709,0.0991231,-0.712295,0.0292975,-0.00976607,-0.181099,0.776952
159.79,0,,1.20027,33.5131,-3.75462,0.172939,-6.89371,-12.4123,4.31473,33.2192,8.24945,8.2444,-10.9201,-6.08794,5.59052,2.82984,2.72415,2.72415,-2.81974,2.81974,-3.24124,3.24124,-2.51699,-5.01088,2.11306,-0.887964,-3.85707,-7.82915,160.239,-2.5604,-2.96928,167.023,-0.547596,-6.83606,167.591,-4.82278,-8.37076,160.859,2.51242,2.28176,144.083,29.3336,-10.8067,145.453,-2.93033,6.02262,149.137,4.9638,0.203652,-142.099,-111.332,-140.617,-87.8885,221.651,1.95682,-11.7085,204.138,9.28758,15.2535,-19.0787,-27.7985,-391.103,317.384,-179.7,25.3816,685.528,-197.278,871.975,-76.7715,785.57,-0.357146,-0.494364,-0.454749,-0.782208,-0.0479152,-0.610629,-0.766065,0.0490121,-0.640575,0.114078,0.0269783,0.851769,0.0934529,-0.662044,0.428015,0.0839886,-0.711034,0.0517604,-0.0278942,-0.171028,0.784456
159.8,0,,0.396736,32.9451,-3.75071,-0.194834,-6.89498,-12.8419,4.273,30.1287,8.77298,8.06255,-10.6263,-4.8281,5.50208,2.54721,2.4946,2.4946,-2.82655,2.82655,-3.18544,3.18544,-2.51699,-7.4989,1.83287,-0.921845,-3.8546,-8.49181,160.08,-2.33362,-2.96068,166.908,-1.12063,-6.89405,167.476,-5.3545,-8.36886,160.754,2.51242,2.00269,143.512,29.0083,-10.5742,145.167,-0.425108,4.26291,148.331,7.41688,-0.190924,-144.539,-102.525,-139.156,-69.3582,187.524,12.6878,-22.4467,211.913,24.401,20.9736,-16.1032,-19.5459,-396.466,309.085,-148.925,99.5935,593.779,-157.722,1056.58,-180.564,785.958,-0.357314,-0.496175,-0.453204,-0.782674,-0.0446178,-0.609635,-0.766649,0.0511507,-0.639566,0.115605,0.0289317,0.851899,0.0986407,-0.663322,0.428684,0.0674482,-0.70903,0.0727586,-0.0451086,-0.160291,0.791445
159.81,0,,-0.399611,32.2631,-3.76879,-0.547375,-6.96241,-13.0501,4.27718,27.0953,9.35624,7.91734,-10.3035,-3.67065,5.47942,2.14869,2.26065,2.26065,-2.80889,2.80889,-3.12345,3.12345,-2.5411,-9.94769,1.50366,-0.825849,-3.84224,-9.07502,159.887,-2.1043,-2.92791,166.82,-1.67492,-6.94963,167.393,-5.91378,-8.38217,160.607,2.5338,1.67336,143.188,28.6261,-10.1696,145.024,2.01521,2.50201,147.552,9.82299,-0.758605,-141.11,-103.032,-142.095,-68.8373,152.834,11.2359,-8.28005,195.267,2.95514,21.927,-11.2022,-28.8844,-389.667,289.082,-104.496,116.697,463.859,-70.791,1198.24,-221.728,560.844,-0.357201,-0.498202,-0.451568,-0.783138,-0.0411407,-0.608687,-0.767313,0.0536527,-0.6384,0.117252,0.031373,0.852137,0.105049,-0.664534,0.429167,0.0498677,-0.70651,0.0920446,-0.061648,-0.148504,0.797761
159.82,0,,-1.19596,31.4736,-3.80399,-0.879608,-7.05273,-13.1111,4.3189,24.1122,9.98651,7.87934,-9.9063,-2.72707,5.47503,1.72297,2.00743,2.00743,-2.77931,2.77931,-3.02322,3.02322,-2.58632,-12.4183,1.10673,-0.519508,-3.79283,-9.59684,159.662,-1.85812,-2.88121,166.732,-2.21181,-7.01004,167.317,-6.49089,-8.38597,160.442,2.58043,1.27733,143.034,28.183,-9.65938,144.953,4.39224,0.755347,146.822,12.2419,-1.5834,-138.669,-93.7548,-137.695,-86.921,118.636,28.3108,-27.363,185.1,54.7123,17.1602,-5.77613,-19.9802,-348.618,262.217,-46.3833,78.6242,365.736,-0.961721,1280.38,-239.658,439.36,-0.356955,-0.500457,-0.449795,-0.783623,-0.0377223,-0.607708,-0.767924,0.0562774,-0.637241,0.119083,0.0344249,0.852384,0.112375,-0.665646,0.429419,0.0317398,-0.703525,0.109991,-0.0778233,-0.134772,0.803319
159.83,0,,-1.98368,30.5635,-3.83527,-1.18201,-7.17867,-13.1615,4.42114,21.1248,10.6689,7.90513,-9.50775,-1.92087,5.49477,1.46873,1.73425,1.73425,-2.73101,2.73101,-2.89407,2.89407,-2.64962,-14.8823,0.695791,-0.166582,-3.72611,-9.98866,159.426,-1.59416,-2.81485,166.661,-2.7179,-7.04725,167.256,-7.0988,-8.39801,160.261,2.64455,0.868996,142.908,27.6424,-9.11814,144.816,6.72871,-0.911871,146.207,14.6523,-2.47437,-150.871,-96.1829,-147.956,-71.2931,87.8864,44.4388,-4.39878,177.226,32.2532,14.5385,-6.82634,-18.46,-265.634,210.454,12.2028,-6.34541,277.839,86.4294,1302.16,-271.983,475.456,-0.35658,-0.502947,-0.447952,-0.783973,-0.0344255,-0.606902,-0.768584,0.0592064,-0.63595,0.120856,0.0376607,0.852645,0.120429,-0.666783,0.42916,0.0140389,-0.700482,0.127388,-0.0940622,-0.120614,0.807678
159.84,0,,-2.75271,29.56,-3.87047,-1.43968,-7.3186,-13.253,4.58179,18.1285,11.3779,7.88206,-9.08766,-1.06672,5.52035,1.44271,1.44667,1.44667,-2.67654,2.67654,-2.75872,2.75872,-2.71593,-17.244,0.27318,-0.0197639,-3.66187,-10.2342,159.162,-1.31611,-2.74296,166.579,-3.19186,-7.08108,167.196,-7.73103,-8.40372,160.075,2.71062,0.447323,142.721,27.0121,-8.61117,144.541,9.02787,-2.42968,145.703,16.9602,-3.13624,-146.98,-66.9004,-132.322,-46.8838,78.5982,66.8791,19.9886,192.376,61.5513,21.927,0.525103,-11.2932,-129.396,152.84,22.9552,-15.6324,244.151,156.719,1400.47,-407.343,516.21,-0.356115,-0.505605,-0.445968,-0.784297,-0.0313743,-0.606123,-0.769216,0.06226,-0.634624,0.122684,0.0410166,0.852926,0.129037,-0.667771,0.428497,-0.00250255,-0.697846,0.144538,-0.110361,-0.108652,0.810859
159.85,0,,-3.51313,28.4773,-3.92717,-1.58532,-7.49416,-13.4665,4.83217,15.1367,12.1543,7.78706,-8.65855,-0.160721,5.55617,1.64611,1.13264,1.13264,-2.60249,2.60249,-2.6306,2.6306,-2.79732,-19.4706,-0.156436,-0.0607034,-3.63222,-10.3696,158.871,-1.01197,-2.65161,166.491,-3.62565,-7.11733,167.146,-8.41351,-8.40372,159.878,2.79223,0.0215454,142.397,26.2939,-8.23429,144.069,11.2654,-3.84551,145.258,19.14,-3.58173,-138.669,-48.3451,-137.209,-46.8838,78.5982,92.7596,6.85692,184.103,63.4933,12.6318,-10.327,-33.228,-4.89882,73.2547,55.1807,30.2562,255.847,132.801,1574.7,-510.631,268.584,-0.355493,-0.508579,-0.443817,-0.784605,-0.0287497,-0.605331,-0.769827,0.0656782,-0.633221,0.124399,0.0444979,0.853212,0.138187,-0.668168,0.427684,-0.017457,-0.69541,0.161874,-0.126351,-0.0988837,0.813288
159.86,0,,-4.25916,27.3924,-3.98045,-1.63959,-7.67099,-13.8352,5.11801,12.2084,12.96,7.74635,-8.235,0.436797,5.6088,1.97249,0.824649,0.824649,-2.53121,2.53121,-2.53244,2.53244,-2.88172,-21.6732,-0.579047,-0.00282342,-3.61492,-10.5249,158.58,-0.711978,-2.56517,166.414,-4.04873,-7.15599,167.108,-9.12031,-8.40308,159.669,2.87772,-0.398076,141.898,25.5274,-8.01946,143.378,13.4055,-5.12735,144.742,21.2899,-4.14941,-122.082,-33.7039,-117.679,-64.0001,103.508,95.6948,-20.5061,178.222,74.7228,13.1085,-10.6771,1.95459,35.6431,-33.196,64.9555,107.914,363.285,164.538,1612.86,-443.456,-237.146,-0.354877,-0.511501,-0.441673,-0.78489,-0.0265516,-0.604461,-0.770425,0.0692785,-0.631746,0.126043,0.0479755,0.853549,0.147655,-0.667775,0.427034,-0.0303357,-0.693388,0.179329,-0.141791,-0.0884437,0.815586
159.87,0,,-4.96782,26.3998,-4.05231,-1.60881,-7.85799,-14.3139,5.44558,9.42921,13.8075,7.8237,-7.83367,0.667509,5.66289,2.34263,0.561912,0.561912,-2.45653,2.45653,-2.49421,2.49421,-2.96311,-23.8867,-0.992319,0.254107,-3.66187,-10.7073,158.289,-0.454484,-2.47874,166.337,-4.47583,-7.21833,167.081,-9.86926,-8.41322,159.467,2.95739,-0.803334,141.266,24.7764,-7.94585,142.516,15.4207,-6.32144,144.117,23.4462,-4.95893,-102.065,-27.8329,-82.5164,-72.7815,142.068,74.7064,8.28005,211.913,87.8943,10.7251,0,18.0256,37.5858,-113.26,124.519,231.922,512.675,41.0195,1557.07,-154.806,-479.337,-0.354079,-0.514181,-0.439654,-0.78525,-0.0247813,-0.603358,-0.771083,0.0731836,-0.630087,0.127632,0.0513334,0.853868,0.157055,-0.666614,0.42685,-0.0413836,-0.691558,0.196603,-0.156688,-0.07636,0.817864
159.88,0,,-5.6348,25.5288,-4.13736,-1.55232,-8.07298,-14.7807,5.81696,6.93492,14.6894,7.89699,-7.47885,1.02265,5.73745,2.6359,0.33283,0.33283,-2.38673,2.38673,-2.46321,2.46321,-3.05053,-25.8997,-1.35889,0.326104,-3.72611,-10.9637,158.009,-0.230013,-2.39886,166.299,-4.88418,-7.30387,167.097,-10.6458,-8.42146,159.28,3.04289,-1.16037,140.64,24.1046,-7.91622,141.632,17.2331,-7.45031,143.393,25.3912,-5.60298,-84.4878,-15.1486,-58.5875,-67.8698,174.295,27.3324,18.5654,215.302,70.3323,9.29512,4.90096,11.7275,33.7005,-206.039,208.993,234.864,486.831,-19.5271,1617.63,-32.3248,-476.232,-0.353222,-0.516618,-0.437758,-0.785659,-0.02356,-0.602062,-0.77169,0.0775169,-0.628376,0.128913,0.0543851,0.854169,0.166022,-0.665003,0.427262,-0.051089,-0.68961,0.212535,-0.170362,-0.0665334,0.820253
159.89,0,,-6.2644,24.786,-4.20677,-1.48949,-8.32868,-14.9557,6.21755,4.80228,15.5776,7.97163,-7.18375,1.96753,5.84783,2.63709,0.126262,0.126262,-2.32758,2.32758,-2.38676,2.38676,-3.12287,-27.6535,-1.67177,-0.207521,-3.75082,-11.2815,157.739,-0.029329,-2.33086,166.304,-5.27647,-7.39087,167.174,-11.4352,-8.43984,159.111,3.11673,-1.46611,140.316,23.5679,-7.8051,141.039,18.8135,-8.43095,142.663,27.0735,-5.64371,-28.3275,0.47113,-40.5191,-64.9675,183.583,-31.751,-5.3691,191.878,70.3323,12.1552,7.35144,28.8844,76.6496,-293.923,298.354,144.516,422.397,27.3463,1784.6,-128.037,-635.365,-0.352382,-0.518838,-0.435946,-0.785986,-0.0228282,-0.600736,-0.772282,0.0822823,-0.626578,0.130008,0.057008,0.854448,0.174269,-0.663137,0.428194,-0.060794,-0.687839,0.225048,-0.183419,-0.0624418,0.822852
159.9,0,,-6.81495,24.2049,-4.23904,-1.42984,-8.58311,-14.9372,6.67865,3.03786,16.4951,8.04762,-6.96364,3.11461,5.97648,2.33081,-0.0336544,-0.0336544,-2.27162,2.27162,-2.30823,2.30823,-3.1922,-29.1394,-1.91226,-0.986784,-3.75082,-11.7184,157.503,0.125168,-2.26839,166.343,-5.63931,-7.44451,167.278,-12.2523,-8.46582,158.952,3.18668,-1.70414,140.206,23.1673,-7.65046,140.682,20.1634,-9.2278,141.84,28.4741,-5.47315,30.2731,-3.40663,-32.7109,-87.8885,165.499,-46.869,2.45814,155.795,40.5276,15.2535,11.2022,25.4096,158.198,-337.865,372.075,-12.1865,360.834,6.35572,1999.49,-179.807,-776.255,-0.351532,-0.520676,-0.434425,-0.786071,-0.0224627,-0.599655,-0.772865,0.0874067,-0.624665,0.130745,0.0591465,0.854786,0.181161,-0.66141,0.429282,-0.0698904,-0.686452,0.234575,-0.194653,-0.0611609,0.825977
159.91,0,,-7.28068,23.8357,-4.2625,-1.39049,-8.81591,-14.8828,7.18566,1.68113,17.443,7.94041,-6.80533,3.86637,6.1066,1.73717,-0.128351,-0.128351,-2.20757,2.20757,-2.239,2.239,-3.25852,-30.1437,-2.10372,-1.471,-3.73352,-12.3703,157.305,0.21454,-2.201,166.398,-5.98741,-7.48317,167.41,-13.1034,-8.50511,158.809,3.25274,-1.89086,140.146,22.9173,-7.50462,140.419,21.2554,-9.7875,140.836,29.375,-5.6208,60.0516,3.40663,-7.32127,-59.5349,162.615,-35.6331,19.5357,129.879,29.2981,9.29512,0,31.7077,213.394,-312.49,419.909,-87.4069,267.123,53.7309,2149.86,70.7106,-893.469,-0.350589,-0.522039,-0.433354,-0.786002,-0.0224624,-0.598673,-0.773472,0.0928386,-0.622586,0.13123,0.060915,0.855129,0.186294,-0.660087,0.430515,-0.0770927,-0.685777,0.241838,-0.20106,-0.0592072,0.829817
159.92,0,,-7.69466,23.5881,-4.27276,-1.34353,-8.98383,-14.782,7.72395,0.7233,18.4215,7.61064,-6.68729,4.01024,6.18408,0.817142,-0.188929,-0.188929,-2.13268,2.13268,-2.16461,2.16461,-3.33689,-30.5751,-2.25081,-1.47241,-3.69152,-13.2568,157.152,0.269272,-2.12399,166.42,-6.33016,-7.49236,167.514,-13.9788,-8.5482,158.683,3.33047,-2.0345,140.162,22.757,-7.36618,140.282,22.044,-10.0472,139.683,29.6782,-6.24449,76.6722,2.9355,-4.88664,-32.2233,143.545,-56.1481,22.4467,102.568,30.3113,3.81338,-4.90096,7.38399,242.66,-264.185,439.932,-40.5097,43.0031,-51.2639,2232.41,397.494,-1140.32,-0.34964,-0.523117,-0.432655,-0.78577,-0.0224628,-0.597888,-0.774079,0.0982095,-0.620386,0.131415,0.0624419,0.855447,0.189956,-0.659168,0.43149,-0.0820356,-0.686071,0.246412,-0.201616,-0.0554857,0.8343
159.93,0,,-8.07559,23.4589,-4.26348,-1.29815,-9.06143,-14.7104,8.31024,0.252059,19.4241,7.34736,-6.59008,3.82489,6.21039,-0.094604,-0.241151,-0.241151,-2.06821,2.06821,-2.10778,2.10778,-3.41225,-30.6797,-2.35588,-1.26771,-3.63222,-14.1217,157.042,0.317076,-2.05804,166.403,-6.66086,-7.48027,167.586,-14.8898,-8.58052,158.574,3.40625,-2.13915,140.173,22.6962,-7.28562,140.216,22.448,-10.0887,138.63,29.6568,-6.96745,84.9495,15.1486,0.97385,0,138.198,-67.3841,57.6369,88.4134,54.2057,5.48174,-7.35144,7.38399,233.412,-200.187,405.278,38.0724,-181.607,-158.224,2294.02,623.01,-1403.47,-0.348959,-0.523957,-0.432215,-0.785437,-0.022462,-0.597257,-0.774618,0.103579,-0.618119,0.131414,0.0636623,0.855749,0.192091,-0.658494,0.432404,-0.0842319,-0.686734,0.248545,-0.19947,-0.0516376,0.838408
159.94,0,,-8.42201,23.4567,-4.22681,-1.29498,-9.07034,-14.7528,8.92782,0.258635,20.4317,7.50071,-6.52759,3.83396,6.18042,-0.66341,-0.273181,-0.273181,-2.02437,2.02437,-2.07472,2.07472,-3.47857,-30.8453,-2.42593,-1.4103,-3.58527,-14.741,156.97,0.346174,-2.01318,166.354,-6.98621,-7.45273,167.624,-15.8252,-8.62045,158.491,3.47037,-2.20789,140.069,22.729,-7.26849,140.112,22.4723,-10.0282,137.862,29.7252,-7.22965,73.2425,14.1701,-34.1717,52.2419,173.31,-76.1582,124.007,92.7992,26.343,5.95841,1.40027,25.4096,201.189,-112.781,337.895,27.3567,-287.574,-181.138,2156.29,631.344,-1502.44,-0.348475,-0.524513,-0.431916,-0.785032,-0.0224626,-0.596724,-0.775183,0.108831,-0.615691,0.131295,0.0645792,0.856011,0.1927,-0.658304,0.433254,-0.0834984,-0.687214,0.249152,-0.199166,-0.0507223,0.841526
159.95,0,,-8.73107,23.5848,-4.19113,-1.34067,-9.01055,-15.0512,9.61217,0.778096,21.4534,7.96348,-6.47204,4.16189,6.10733,-0.755649,-0.311013,-0.311013,-1.98543,1.98543,-2.06852,2.06852,-3.53584,-30.9782,-2.45161,-2.00886,-3.55315,-15.104,156.926,0.382432,-1.97283,166.26,-7.2754,-7.41455,167.629,-16.793,-8.62805,158.42,3.52866,-2.23148,139.69,22.8719,-7.36016,139.821,22.1024,-9.92386,137.384,29.7977,-6.8809,63.4813,-4.8925,-74.2213,74.7163,202.16,-99.6085,162.625,88.9118,29.2981,-1.43002,-2.97558,32.1421,141.601,-54.6883,255.376,-56.6464,-180.697,-221.196,1815.92,381.332,-1269.18,-0.348173,-0.525006,-0.431737,-0.784594,-0.0226454,-0.596289,-0.775563,0.114082,-0.613321,0.130984,0.0651256,0.856277,0.191542,-0.658737,0.434173,-0.0791059,-0.687232,0.249159,-0.200207,-0.0541414,0.843799
159.96,0,,-9.0128,23.8509,-4.14127,-1.42571,-8.92659,-15.6122,10.332,1.74907,22.5043,8.3489,-6.43177,4.44315,6.00426,-0.516774,-0.322386,-0.322386,-1.95054,1.95054,-2.08402,2.08402,-3.59311,-30.6971,-2.44461,-2.63425,-3.55562,-15.3513,156.877,0.393055,-1.9376,166.14,-7.56593,-7.3638,167.607,-17.7981,-8.62425,158.354,3.58695,-2.2202,139.009,23.0958,-7.56897,139.294,21.3674,-9.75429,137.088,29.4924,-6.29795,66.9109,-35.1535,-128.427,105.005,214.333,-83.0071,214.829,75.1564,-13.6781,5.48174,-2.45048,15.6367,59.0814,-15.1616,193.353,-89.34,65.9054,-173.361,1742.71,100.51,-736.666,-0.347789,-0.525345,-0.431592,-0.784102,-0.0227674,-0.59592,-0.775857,0.119391,-0.610871,0.130501,0.0654339,0.856561,0.188429,-0.660081,0.434723,-0.070867,-0.68694,0.24892,-0.198682,-0.0600622,0.845755
159.97,0,,-9.28448,24.1832,-4.09532,-1.56153,-8.80192,-16.2991,11.1186,3.09923,23.5793,8.49275,-6.38664,4.41593,5.82882,-0.164374,-0.352327,-0.352327,-1.90713,1.90713,-2.11295,2.11295,-3.64436,-29.8779,-2.42826,-2.98011,-3.60257,-15.5698,156.806,0.422384,-1.89275,165.947,-7.83505,-7.29566,167.525,-18.8469,-8.61538,158.3,3.63748,-2.19865,138.147,23.397,-7.81019,138.646,20.3354,-9.45429,136.874,28.6769,-5.78627,92.2704,-61.5368,-141.121,164.54,231.924,-72.7495,253.447,68.8767,1.43535,-27.8854,10.6771,21.5004,-30.7443,25.3758,159.173,-35.6351,305.644,-163.074,2056.73,192.434,-732.008,-0.347305,-0.525901,-0.431293,-0.783585,-0.0229497,-0.595654,-0.776144,0.124515,-0.608232,0.130016,0.0656185,0.856825,0.183357,-0.662685,0.434588,-0.0596355,-0.686693,0.247881,-0.192876,-0.0665299,0.847615
159.98,0,,-9.56766,24.5242,-4.04986,-1.74081,-8.61364,-17.0244,11.9448,4.69926,24.7649,8.66511,-6.49982,4.54813,5.53789,0.28736,-0.397818,-0.397818,-1.85883,1.85883,-2.13052,2.13052,-3.78,-28.8583,-2.23914,-3.59138,-3.68411,-15.7251,156.718,0.466493,-1.84277,165.678,-8.10951,-7.21302,167.371,-19.9412,-8.58813,158.278,3.77155,-1.99551,137.219,23.7291,-8.0403,137.965,19.0828,-8.99302,136.764,27.682,-4.90293,151.366,-116.695,-180.667,209.935,219.259,-53.7179,309.596,75.6548,31.24,-40.5172,10.327,-34.7482,-71.793,32.7172,131.835,95.6854,522.48,-169.43,1132.9,465.932,-1319.25,-0.346776,-0.526605,-0.430892,-0.783053,-0.0230723,-0.595423,-0.776366,0.129404,-0.605454,0.127997,0.0650058,0.857222,0.176708,-0.666546,0.433377,-0.0462673,-0.686684,0.245741,-0.186347,-0.0762356,0.849274
159.99,0,,-9.82928,24.8555,-3.99756,-1.92422,-8.33377,-17.6888,12.8232,6.43737,25.9479,9.85664,-6.74076,4.12689,5.10296,1.0028,-0.434258,-0.434258,-1.79308,1.79308,-2.13981,2.13981,-3.88249,-28.7276,-1.8679,-3.99513,-3.81753,-15.5662,156.624,0.500902,-1.77559,165.311,-8.38666,-7.0893,167.108,-21.0905,-8.52476,158.31,3.87259,-1.60975,136.362,24.0544,-8.22688,137.356,17.6858,-8.39301,136.863,27.5816,-4.37089,190.444,-184.067,-158.199,253.917,250.008,-17.5798,377.907,109.346,85.9523,15.7302,-10.6771,14.1165,-56.1675,-33.6748,60.5411,154.307,657.723,-204.596,1214.42,-25.7588,1250.55,-0.346097,-0.527325,-0.430577,-0.78239,-0.0231946,-0.595369,-0.776462,0.133978,-0.602565,0.12525,0.0629301,0.857643,0.169014,-0.671356,0.430989,-0.0319234,-0.686871,0.242202,-0.1866,-0.080573,0.84919
160,0,,-10.0248,25.1085,-3.93548,-2.11715,-7.93559,-18.2033,13.7621,8.03521,27.2339,11.3264,-7.04558,3.32458,4.52622,1.59408,-0.426134,-0.426134,-1.70414,1.70414,-2.15325,2.15325,-4.05431,-28.8954,-1.38458,-4.23795,-3.98061,-15.3405,156.553,0.489817,-1.6869,164.839,-8.66113,-6.91048,166.74,-22.2999,-8.41259,158.393,4.04358,-1.10189,135.72,24.2976,-8.27781,136.9,16.3391,-7.59142,137.006,27.7759,-4.06795,259.762,-147.464,-62.0134,266.121,328.114,-11.2359,454.562,167.956,102.501,36.2271,-13.6527,-19.1115,74.2002,-91.2891,-69.8114,336.895,660.665,-18.0636,-308.012,-107.329,-969.542,-0.345233,-0.527799,-0.430626,-0.781489,-0.0235612,-0.595562,-0.776372,0.138256,-0.599599,0.1214,0.0603643,0.858039,0.161265,-0.676983,0.427089,-0.0180056,-0.68806,0.237369,-0.188851,-0.082279,0.848609
160.01,0,,-10.1628,25.1204,-3.82305,-2.37545,-7.4102,-18.198,14.8095,9.01057,28.7485,14.7463,-7.36984,-1.75626,3.8274,2.02098,-0.40687,-0.40687,-1.63052,1.63052,-2.17701,2.17701,-4.39192,-31.4749,-0.826544,-0.718559,-4.14369,-14.6742,156.52,0.468571,-1.61399,164.273,-8.90614,-6.66884,166.268,-23.5903,-8.23578,158.497,4.38168,-0.508881,135.703,24.3951,-7.9565,136.928,15.4597,-6.73765,137.274,30.3379,-8.09772,383.79,-46.8593,80.5687,283.237,432.114,-20.0101,588.401,325.644,162.111,38.6105,-19.6038,-13.6821,353.01,-117.197,-308.602,765.609,244.641,304.698,-2393.16,789.18,-562.397,-0.34457,-0.528056,-0.430819,-0.780306,-0.024293,-0.596094,-0.776009,0.142469,-0.59655,0.115969,0.0581065,0.858414,0.155285,-0.682974,0.421785,-0.00958323,-0.690542,0.23134,-0.202223,-0.0433378,0.842828
160.02,0,,-10.3108,24.7599,-3.65392,-2.76226,-6.77922,-17.466,15.9925,9.21441,30.4526,17.0452,-7.74479,-6.30958,3.06061,2.48217,-0.451665,-0.451665,-1.62329,1.62329,-2.23384,2.23384,-4.84708,-33.3725,-0.175115,3.05917,-4.32407,-13.2875,156.542,0.514527,-1.60456,163.675,-9.10161,-6.40593,165.763,-24.9666,-8.00954,158.65,4.83248,0.19083,136.571,24.3169,-7.137,137.696,15.1644,-6.06412,138.52,32.3682,-11.6667,499.507,117.203,179.693,349.619,534.214,-41.0301,728.515,507.355,174.775,45.9989,-39.0327,-10.2073,568.347,-150.872,-426.752,770.526,-543.912,720.203,-2474.05,1757.41,4031.09,-0.3448,-0.528278,-0.430862,-0.779027,-0.0254528,-0.596768,-0.775371,0.147042,-0.593355,0.109194,0.0557261,0.858719,0.153145,-0.688265,0.41628,-0.00976607,-0.693452,0.223826,-0.211981,-0.00781273,0.831568
160.03,0,,-10.4546,24.2147,-3.35281,-3.20492,-6.03629,-16.4914,17.3695,9.21222,32.2849,11.838,-8.06211,-1.29743,2.20536,2.17944,-0.599513,-0.599513,-1.73627,1.73627,-2.29893,2.29893,-5.34445,-27.7254,0.471643,-0.465864,-4.53162,-12.8325,156.597,0.668562,-1.71087,163,-9.19266,-6.09373,165.192,-26.4353,-7.73831,158.848,5.32797,0.894646,137.702,24.1557,-6.25223,138.706,14.9907,-5.53882,139.864,26.9753,-6.19103,585.446,283.185,198.735,415.554,615.205,-79.5984,866.236,573.74,208.464,39.0872,-79.6406,32.1421,681.653,-269.026,-230.971,557.135,-892.559,789.531,347.629,955.098,1251.32,-0.346216,-0.528602,-0.430206,-0.777558,-0.0271617,-0.597863,-0.774517,0.151803,-0.589876,0.102116,0.0535301,0.858801,0.154548,-0.691255,0.412983,-0.0127569,-0.695833,0.215769,-0.179876,-0.0628071,0.835353
160.04,0,,-10.4689,23.9128,-2.89674,-3.50923,-5.10636,-16.2805,18.9468,9.77551,34.1719,4.99414,-8.18779,5.46969,1.26167,1.08558,-0.737612,-0.737612,-1.96182,1.96182,-2.40639,2.40639,-5.80565,-19.9912,0.97364,-5.53389,-4.712,-13.8003,156.734,0.819133,-1.92921,162.242,-9.17391,-5.69695,164.523,-27.9964,-7.44744,159.061,5.78654,1.45175,137.999,24.0496,-6.04342,139.008,14.3222,-5.13921,139.678,19.3919,0.572772,552.237,271.479,203.117,445.321,699.221,-68.8359,948.26,525.397,234.385,9.77179,-85.9419,42.5665,899.397,-680.678,11.7298,368.664,-742.188,238.298,4390.57,-97.7321,-3203.6,-0.348653,-0.528229,-0.42953,-0.775732,-0.0292982,-0.599637,-0.773613,0.156505,-0.585856,0.0960761,0.0521277,0.858581,0.157179,-0.690609,0.413547,-0.00915582,-0.69633,0.209973,-0.132516,-0.137765,0.839714
160.05,0,,-10.3094,24.0887,-2.2994,-3.51335,-3.93345,-17.1557,20.7912,11.2923,36.1161,5.55463,-8.05725,5.07307,0.155698,2.19954,-0.848787,-0.848787,-2.24843,2.24843,-2.53244,2.53244,-6.20053,-19.1721,1.32854,-5.7033,-4.86519,-13.5295,156.921,0.947303,-2.20879,161.292,-9.02128,-5.17163,163.628,-29.6953,-7.08052,159.286,6.17904,1.85701,137.071,24.148,-6.82726,138.256,12.9155,-4.62813,140.1,18.6191,1.0539,384.779,137.679,136.235,445.768,762.198,-15.623,1221.18,555.699,248.569,-22.8803,-25.38,8.25269,795.889,-1124.99,269.029,179.688,-200.658,-156.719,1438.43,-415.93,-3021.96,-0.351595,-0.527332,-0.428934,-0.773421,-0.0317401,-0.602391,-0.772526,0.160719,-0.581226,0.0913116,0.0513933,0.858122,0.158395,-0.686316,0.418113,0.00543236,-0.695525,0.206796,-0.127815,-0.143258,0.837633
160.06,0,,-9.91409,24.7382,-1.66149,-3.48702,-2.46795,-18.6423,22.9924,13.4161,38.115,8.60811,-7.67883,1.35705,-1.17395,4.22761,-0.941395,-0.941395,-2.4961,2.4961,-2.66366,2.66366,-6.50799,-20.6209,1.63207,-3.58291,-5.00851,-12.8704,157.13,1.05631,-2.44965,160.046,-8.66247,-4.51919,162.388,-31.5466,-6.54376,159.505,6.48411,2.20276,135.418,24.5699,-8.06252,136.884,11.2475,-3.9297,140.748,20.0794,-1.20664,150.871,-122.566,125.001,436.54,766.139,33.6763,1479.99,692.854,364.749,-51.2423,50.76,37.5715,195.319,-628.437,42.9779,-22.9443,530.255,47.8351,-1335.96,-101.52,2301.6,-0.354332,-0.526401,-0.428677,-0.77063,-0.0349759,-0.606189,-0.770944,0.164016,-0.576102,0.0874658,0.0505996,0.857568,0.158578,-0.680211,0.426841,0.0259415,-0.694623,0.205579,-0.135385,-0.120308,0.835015
160.07,0,,-9.2428,25.355,-0.948797,-3.74753,-0.774732,-20.2031,25.5316,15.266,40.0223,7.91463,-7.10113,1.2728,-2.69731,5.56744,-1.02449,-1.02449,-2.62313,2.62313,-2.76182,2.76182,-6.6346,-18.549,2.02433,-3.95278,-5.14935,-13.1124,157.289,1.14983,-2.57091,158.487,-8.03454,-3.6546,160.692,-33.4806,-5.70345,159.713,6.60652,2.6234,133.655,25.0322,-8.96072,135.363,9.89756,-3.35697,140.726,18.0469,-0.399668,40.0344,-321.274,113.767,395.014,700.699,208.496,1492.16,727.542,440.907,-116.785,48.3095,170.483,-176.273,512.198,-147.947,-135.733,768.032,164.538,-447.81,-318.955,1034.75,-0.356102,-0.525974,-0.428739,-0.76675,-0.0391859,-0.611776,-0.768364,0.165844,-0.571085,0.0844148,0.0483417,0.85721,0.161203,-0.674964,0.437097,0.0449238,-0.69339,0.206918,-0.120673,-0.132454,0.834826
160.08,0,,-8.32139,25.6016,-0.104118,-3.93253,0.973185,-21.7772,28.4192,16.546,41.3083,6.02147,-6.54912,3.40754,-4.40999,6.95576,-1.13613,-1.13613,-2.62483,2.62483,-2.79488,2.79488,-6.05283,-15.4989,2.70144,-5.86,-5.43844,-13.3922,157.338,1.26276,-2.5664,156.731,-7.09465,-2.56914,158.606,-35.4567,-4.55199,160.015,6.0236,3.27797,131.898,25.1722,-9.6816,133.799,8.79422,-3.01309,140.665,15.0686,2.18417,8.80493,-393.067,75.1952,293.433,574.252,378.897,1336.91,962.879,406.289,-269.082,5.77613,456.939,-221.207,1229.96,-279.782,-260.75,687.489,73.718,743.17,-1127.83,-978.469,-0.356721,-0.526474,-0.428687,-0.761364,-0.0446174,-0.619455,-0.764724,0.166629,-0.566173,0.0848443,0.040591,0.856805,0.166032,-0.670475,0.445356,0.0618315,-0.691194,0.210276,-0.102303,-0.161572,0.833436
160.09,0,,-7.17,25.5863,0.79042,-3.90048,2.59389,-23.2452,31.5656,17.4447,41.1672,5.40806,-6.33456,3.81323,-6.3427,8.43749,-1.25867,-1.25867,-2.51653,2.51653,-2.75045,2.75045,-4.00608,-13.8453,3.82452,-6.37386,-6.04134,-13.4229,157.262,1.378,-2.45334,154.963,-5.85486,-1.41022,156.301,-37.3907,-3.15844,160.568,3.98529,4.24751,130.256,25.0438,-10.3238,132.295,7.80447,-2.67039,140.704,13.461,3.09806,-7.81561,-424.814,37.1107,153.302,378.918,515.149,1004.41,1303.67,255.831,-734.791,57.5863,742.742,-432.616,1736.35,159.677,-398.458,618.642,-195.815,-500.079,-1880.4,-776.255,-0.356152,-0.527788,-0.42842,-0.754872,-0.0515782,-0.628399,-0.760212,0.166996,-0.561415,0.0932666,0.0224621,0.855514,0.170604,-0.667217,0.450467,0.0776413,-0.689005,0.213758,-0.091433,-0.173344,0.831931
160.1,0,,-5.87054,25.2171,1.59648,-3.61743,3.77825,-24.2557,34.762,17.8217,38.9219,4.5463,-7.3497,2.64541,-8.38213,9.49587,-1.38122,-1.38122,-2.36503,2.36503,-2.60993,2.60993,0.0542584,-12.0697,5.92823,-5.37155,-7.01487,-13.4753,157.031,1.48746,-2.29973,153.481,-4.41558,-0.419007,154.199,-39.1674,-1.81243,161.439,-0.0524636,5.9219,129.086,24.5882,-10.7511,131.126,7.00617,-2.0609,140.654,11.7338,2.51765,-34.6591,-366.213,91.8028,73.228,86.9013,337.899,488.264,1441.43,-96.1687,-1317.29,86.9921,1028.33,-517.585,1553.24,575.676,-257.808,572.277,-481.446,-1684.01,-618.212,2418.03,-0.35463,-0.529686,-0.427509,-0.748448,-0.0595121,-0.637115,-0.755789,0.168102,-0.556617,0.110722,-0.0119634,0.852331,0.173842,-0.66619,0.450353,0.0913756,-0.688766,0.215163,-0.0759919,-0.173408,0.831211
160.11,0,,-4.44603,24.6122,2.3082,-3.12908,4.29855,-24.5925,37.9959,17.8217,35.435,1.12504,-8.48219,0.086841,-10.0546,9.74776,-1.44853,-1.44853,-2.23183,2.23183,-2.36506,2.36506,5.28416,-7.79519,7.5533,-2.03145,-7.94887,-13.8599,156.652,1.53919,-2.17007,152.515,-2.88526,0.353764,152.728,-40.8744,-0.946773,162.272,-5.2347,6.82167,128.57,23.8999,-10.9173,130.495,6.34255,-1.22018,140.303,7.56633,0.152739,-40.0344,-258.288,227.046,37.5814,-195.827,98.6301,320.335,1048.3,18.0686,-515.998,-286.706,-286.673,-225.599,617.691,318.345,205.574,397.954,-489.265,2680.64,2671.85,1760.93,-0.352312,-0.531642,-0.425802,-0.742387,-0.068544,-0.644973,-0.753042,0.171337,-0.550331,0.139352,-0.0480987,0.846244,0.173653,-0.668425,0.443928,0.102055,-0.690397,0.213144,-0.0358297,-0.165476,0.830613
160.12,0,,-2.95971,23.8933,3.02432,-2.79272,4.13317,-24.2424,41.3092,17.7537,32.3053,-2.86213,-7.05183,1.06153,-9.99028,8.21163,-1.47221,-1.47221,-2.19779,2.19779,-2.06956,2.06956,10.1704,-3.00435,6.05665,-1.89451,-7.58318,-15.4272,156.19,1.55074,-2.14324,152.169,-1.33887,0.980584,152.075,-42.6366,-0.733844,161.823,-10.0788,4.69997,128.691,23.2155,-10.6752,130.434,5.73247,-0.381824,138.674,2.89502,1.09463,-42.9694,-78.6061,247.567,67.3489,-393.061,-5.36548,431.145,478.05,-21.0237,-1376.87,27.8305,1524.36,116.22,-301.743,-247.556,385.725,927.228,-559.554,490.745,960.401,-69.8629,-0.35005,-0.533224,-0.423295,-0.736452,-0.0791693,-0.651911,-0.752425,0.177684,-0.541963,0.18299,-0.0607931,0.84268,0.171395,-0.673374,0.433982,0.108955,-0.692612,0.2079,0.00274678,-0.185255,0.832458
160.13,0,,-1.51076,23.1287,3.69107,-2.79463,3.4335,-23.2969,44.5306,17.7537,26.8336,-3.64654,-5.4083,2.46136,-9.20814,8.10283,-1.48497,-1.48497,-2.27779,2.27779,-1.75339,1.75339,17.3145,-1.52287,3.92491,-3.33163,-7.02723,-14.9685,155.701,1.55397,-2.23132,152.328,0.132548,1.45517,152.162,-44.3695,-1.04627,161.308,-17.1809,1.74107,129.361,22.6692,-9.99041,130.884,5.16944,0.265617,138.975,1.47099,2.93768,-68.3619,82.5201,244.628,195.349,-504.872,-87.8991,536.651,88.9118,-179.672,-1347.08,548.908,1889.22,412.092,-304.669,-631.835,90.8107,1546.85,-688.007,-409.231,-1076.57,-807.305,-0.348294,-0.534404,-0.420138,-0.73107,-0.0913151,-0.657335,-0.753216,0.186473,-0.532684,0.245307,-0.079714,0.835044,0.170299,-0.678999,0.424405,0.111697,-0.694476,0.200384,0.00952194,-0.203867,0.827554
160.14,0,,-0.104934,22.5064,4.27912,-3.01358,2.63078,-21.8448,47.5142,18.0891,20.7914,-3.68589,-5.68396,6.38087,-8.82657,9.08553,-1.46756,-1.46756,-2.4378,2.4378,-1.45582,1.45582,24.8835,-0.6427,3.73112,-7.63593,-7.10383,-12.9607,155.251,1.52903,-2.39968,152.625,1.5089,1.81232,152.475,-45.9566,-1.47402,161.62,-24.6793,0.447323,130.525,22.3361,-9.06258,131.812,4.47986,1.00081,140.836,0.627681,7.49186,-60.5463,149.421,267.096,318.884,-507.335,-167.466,493.181,-63.4942,-198.754,-1045.82,-66.8631,942.979,422.861,97.1942,-653.812,75.6826,1380.37,-98.1373,1261.71,-457.093,2102.49,-0.34707,-0.53501,-0.416899,-0.72635,-0.104375,-0.661284,-0.754059,0.195382,-0.524008,0.299082,-0.113224,0.821621,0.171094,-0.68334,0.417634,0.112495,-0.696822,0.189099,0.00146496,-0.243062,0.812567
160.15,0,,1.23621,22.0644,4.85837,-3.25855,1.88658,-19.7695,50.3079,18.7664,14.8953,-3.48233,-5.63119,8.16564,-8.26152,8.24355,-1.43252,-1.43252,-2.67037,2.67037,-1.17685,1.17685,32.2415,0.0936817,3.38556,-9.88337,-7.01734,-12.1554,154.839,1.487,-2.64034,152.894,2.79288,2.125,152.744,-47.4448,-1.79532,161.944,-31.9698,-1.02187,132.332,22.1913,-8.02733,133.371,3.63938,1.73481,141.51,-0.0918036,9.90259,15.6312,187.981,279.791,423.814,-406.22,-163.584,317.359,-68.3784,-154.258,-995.055,-740.745,316.86,170.403,285.624,-634.263,170.401,748.072,266.104,900.391,-1653.36,841.849,-0.346396,-0.535128,-0.4136,-0.722009,-0.117313,-0.66439,-0.754297,0.203803,-0.516191,0.350794,-0.144297,0.805844,0.172312,-0.686133,0.413047,0.110112,-0.699306,0.173224,-0.000488308,-0.264297,0.804915
160.16,0,,2.50404,21.6409,5.47623,-3.46417,1.12203,-17.4886,52.9681,19.3713,10.3499,-1.65024,-3.58632,5.87537,-6.91871,6.58444,-1.4172,-1.4172,-2.91251,2.91251,-0.916473,0.916473,38.225,-0.967318,1.18378,-8.55354,-6.12041,-11.8575,154.471,1.46345,-2.88961,153.218,4.01392,2.50245,153.019,-48.8551,-2.09,161.324,-37.97,-3.61552,134.391,22.0485,-6.99209,135.182,2.87354,2.35735,141.697,0.945791,8.35483,71.2969,170.911,233.394,412.577,-288.569,-116.21,79.5661,-136.258,-158.227,-1511.29,-113.247,873.917,6.33468,117.676,-469.729,141.616,-69.8275,83.0007,-336.013,-217.182,423.835,-0.346033,-0.535195,-0.41043,-0.717441,-0.129828,-0.667451,-0.75425,0.211925,-0.508876,0.400226,-0.157417,0.794532,0.174023,-0.687973,0.409329,0.105292,-0.7017,0.156503,-0.00518835,-0.249163,0.807979
160.17,0,,3.72012,21.1652,6.05646,-3.6076,0.354926,-15.7487,55.4593,19.7812,7.55691,-0.60934,-1.53174,3.63566,-5.34565,5.18312,-1.43461,-1.43461,-3.09763,3.09763,-0.676764,0.676764,42.3306,-1.33115,-0.985315,-7.00631,-4.92697,-11.8141,154.136,1.4713,-3.0805,153.58,5.20417,2.93209,153.331,-50.1147,-2.44551,160.108,-42.138,-5.45919,135.934,21.784,-6.1888,136.494,2.1872,2.96921,141.642,1.30447,6.73325,122.544,150.399,219.238,335.479,-182.106,-75.1798,-118.185,-243.61,-242.659,-2125.96,526.853,3978.45,6.33468,-57.6143,-268.052,68.8329,-746.111,-51.2639,-157.636,504.318,-33.379,-0.3456,-0.535552,-0.407616,-0.712691,-0.141977,-0.670513,-0.754388,0.219132,-0.50199,0.434889,-0.162786,0.788538,0.176833,-0.689019,0.406343,0.102971,-0.703827,0.143134,-0.00372337,-0.235183,0.810841
160.18,0,,4.90889,20.62,6.51204,-3.68502,-0.214991,-14.9809,57.7273,20.0508,0.0864083,-0.025785,-0.918626,3.03425,-4.19655,4.76922,-1.49704,-1.49704,-3.18891,3.18891,-0.462886,0.462886,50.8461,-1.22658,-1.80719,-6.93572,-4.27465,-11.7112,153.834,1.52257,-3.17677,153.772,6.41049,3.34046,153.507,-51.1311,-2.82447,160.119,-50.6507,-7.03713,136.505,21.3863,-5.74942,136.895,1.52682,3.53958,141.653,1.20199,6.68489,109.386,128.908,200.196,284.205,-84.0163,-40.0517,-96.1909,-327.638,-201.625,1770.6,-216.868,1538.04,0,-34.6856,-187.015,-152.332,-865.244,-122.055,-184.185,387.14,228.607,-0.344928,-0.536406,-0.405295,-0.707992,-0.154246,-0.673261,-0.754994,0.223953,-0.495638,0.489047,-0.19673,0.764579,0.180614,-0.689554,0.403954,0.105904,-0.70501,0.135447,-0.00280784,-0.235065,0.810671
160.19,0,,6.14509,20.0629,6.84493,-3.66694,-0.399451,-15.0499,59.6906,20.1362,-4.50721,0.118068,1.84211,3.67843,-2.66369,5.24342,-1.56528,-1.56528,-3.18018,3.18018,-0.273805,0.273805,56.1484,-0.725489,-4.78415,-8.00438,-2.81435,-11.5234,153.559,1.5803,-3.17267,153.618,7.69045,3.69857,153.161,-51.7828,-2.84539,158.332,-56.0447,-8.97211,136.253,20.8998,-5.62858,136.522,0.971907,4.09927,141.757,0.710944,7.86098,41.0237,90.3481,169.92,265.6,-32.2274,1.95682,-60.5479,-374.985,-230.923,1926.24,324.689,880.432,-0.971317,91.2891,-204.105,-216.29,-518.068,-211.913,12.6524,-76.2664,301.575,-0.343832,-0.537569,-0.403589,-0.703249,-0.166885,-0.675781,-0.755153,0.225044,-0.49135,0.528956,-0.203379,0.753454,0.185006,-0.689606,0.402057,0.112981,-0.705719,0.13294,-0.0021364,-0.245808,0.807926
160.2,0,,7.39999,19.4461,7.07223,-3.59046,-0.321851,-15.6625,61.4349,20.0639,-0.820879,0.389489,1.60187,3.90136,-1.11547,6.15872,-1.65858,-1.65858,-3.09507,3.09507,-0.113655,0.113655,52.9471,-0.400871,-4.63705,-8.70741,-0.625137,-11.3718,153.323,1.66482,-3.09177,153.245,9.03199,3.99386,152.343,-52.1832,-2.34285,154.25,-52.9416,-5.46637,135.489,20.338,-5.67627,135.665,0.507858,4.65778,141.84,0.392834,8.62976,31.2625,94.2259,191.414,224.149,-43.4858,59.5568,-209.977,-252.482,-109.34,-1073.71,916.48,1703.1,11.2335,192.846,-240.241,-12.6908,85.9361,-277.812,326.265,-539.673,-263.539,-0.342558,-0.539047,-0.402377,-0.698577,-0.17939,-0.67813,-0.753968,0.224078,-0.489603,0.50449,-0.193373,0.774528,0.190131,-0.689295,0.400466,0.122505,-0.70616,0.133736,-0.00177011,-0.252821,0.806012
160.21,0,,8.67788,18.7955,7.2047,-3.49273,-0.147568,-16.4396,63.0164,19.8732,3.56053,0.949973,0.270797,2.93574,0.170318,7.07519,-1.75351,-1.75351,-2.94613,2.94613,0.0371962,-0.0371962,48.8597,-0.444444,-3.28516,-8.25284,1.43312,-11.3158,153.098,1.75143,-2.94737,152.795,10.407,4.23599,151.377,-52.3924,-1.69266,150.957,-48.8378,-1.64463,134.589,19.7443,-5.71747,134.688,0.128181,5.13565,141.818,0.435533,8.16646,12.2016,109.375,170.893,190.884,-105.97,110.339,-342.264,-148.917,-34.7018,-2928.68,1054.23,2142.01,39.0638,244.129,-253.421,190.446,778.328,-246.075,-137.724,99.4999,-268.196,-0.340958,-0.540736,-0.401508,-0.694053,-0.191168,-0.680442,-0.752539,0.221873,-0.489037,0.470113,-0.186226,0.796787,0.195565,-0.689116,0.398759,0.132086,-0.70621,0.135932,-0.000854579,-0.248988,0.806784
160.22,0,,9.94283,18.0712,7.2702,-3.41689,0.143752,-16.9555,64.36,19.6387,3.44998,1.26618,-0.857523,2.2812,0.413734,7.66765,-1.8626,-1.8626,-2.76612,2.76612,0.184948,-0.184948,48.9652,-0.287581,-2.22046,-7.94933,2.27817,-11.314,152.889,1.85373,-2.77225,152.257,11.7968,4.40997,150.329,-52.3583,-1.00951,149.609,-48.9135,0.393972,133.996,19.14,-5.58274,134.008,-0.233647,5.5234,141.763,0.281816,7.89152,27.3382,103.032,161.137,209.935,-149.878,141.112,-369.109,61.5007,-17.562,-1892.63,580.589,938.418,31.2511,249.023,-271.962,200.195,1183.57,-194.351,35.0532,94.1966,282.557,-0.33931,-0.542566,-0.400836,-0.689787,-0.201668,-0.682828,-0.751304,0.218024,-0.489516,0.464053,-0.195313,0.799625,0.201305,-0.689246,0.396627,0.139414,-0.706104,0.136728,0.00122074,-0.2472,0.807155
160.23,0,,11.2064,17.3142,7.30148,-3.35279,0.563557,-16.8998,65.4345,19.4699,2.10557,1.64345,-0.809613,1.9779,0.510954,7.70904,-1.96031,-1.96031,-2.55823,2.55823,0.338899,-0.338899,50.0413,-0.202614,-2.44928,-7.94227,2.98978,-11.2797,152.691,1.94495,-2.56968,151.598,13.1852,4.53272,149.193,-52.0552,-0.318126,148.381,-49.9492,1.11318,134.023,18.5628,-5.19476,133.914,-0.645775,5.84594,141.752,0.198552,7.90425,22.4575,104.011,154.303,188.502,-200.19,119.145,-328.615,291.954,15.62,-1046.3,586.89,-249.535,30.7443,265.621,-244.624,92.2815,1163.6,-108.382,70.7287,-106.571,19.4064,-0.337485,-0.544408,-0.400356,-0.685598,-0.210831,-0.685476,-0.750363,0.212175,-0.491005,0.469331,-0.200026,0.799066,0.207166,-0.68968,0.394068,0.143139,-0.706173,0.133983,0.00189219,-0.247511,0.807051
160.24,0,,12.4756,16.5247,7.26482,-3.2944,1.03679,-16.2805,66.2503,19.3384,1.31646,2.06008,0.0451328,1.63183,0.579666,7.20528,-2.0434,-2.0434,-2.33439,2.33439,0.508348,-0.508348,50.3216,-0.178649,-3.48596,-7.85615,3.72611,-11.2273,152.482,2.02255,-2.35236,150.89,14.5722,4.56897,148.057,-51.4991,0.352346,147.165,-50.1746,0.992113,134.633,17.9923,-4.59333,134.375,-1.09847,6.11867,141.763,0.175067,7.82025,-14.6419,102.525,138.182,154.791,-196.812,110.844,-318.329,445.356,82.0684,-847.763,863.27,-179.17,25.8877,290.04,-184.083,0.966519,733.854,-43.4447,-47.2908,2.52538,-28.3333,-0.335474,-0.546245,-0.399932,-0.681682,-0.219129,-0.68803,-0.749577,0.204913,-0.493634,0.473288,-0.195199,0.801612,0.213081,-0.690392,0.391005,0.143444,-0.706538,0.127879,0.00225847,-0.246905,0.807066
160.25,0,,13.7219,15.6982,7.17684,-3.25759,1.39172,-15.3721,66.822,19.139,1.72181,2.29622,0.739484,1.37131,0.562123,6.4177,-2.1323,-2.1323,-2.12289,2.12289,0.633369,-0.633369,49.1732,-0.0631807,-4.19576,-7.77992,4.29442,-11.1443,152.252,2.10868,-2.14632,150.281,15.9352,4.55302,147.151,-50.7194,0.880866,146.337,-48.9874,0.757166,135.517,17.4044,-3.9007,135.111,-1.50735,6.3499,141.741,0.0619141,7.76679,-48.3447,108.903,109.871,142.065,-177.743,115.736,-362.317,457.019,167.936,-1100.64,1068.41,59.5063,47.8479,339.355,-129.88,-24.9194,257.808,33.2003,50.8168,-28.7893,33.7671,-0.333461,-0.548138,-0.399323,-0.678069,-0.226572,-0.69046,-0.749067,0.197216,-0.497344,0.468401,-0.184882,0.808257,0.218828,-0.6914,0.387421,0.141731,-0.707189,0.120551,0.00335705,-0.246774,0.807035
160.26,0,,14.9696,14.8653,7.02823,-3.23157,1.51893,-14.477,67.1725,18.8518,2.69645,2.55543,0.569368,1.06672,0.278503,5.65968,-2.20309,-2.20309,-1.92777,1.92777,0.762522,-0.762522,47.2289,-0.0217865,-3.94826,-7.67404,4.3809,-11.0486,152.015,2.17727,-1.95686,149.902,17.2633,4.51339,146.674,-49.75,1.0995,146.337,-47.0482,0.771529,136.357,16.7731,-3.23677,135.814,-1.86756,6.57282,141.73,0.0213497,7.67005,-54.2146,110.824,117.192,116.688,-166.485,108.888,-391.621,380.367,177.731,-1394.51,902.827,504.5,69.3436,374.041,-90.8116,1.47079,-90.8388,43.9464,19.0822,-3.78807,-29.8858,-0.331435,-0.549889,-0.398638,-0.674843,-0.233106,-0.692727,-0.749277,0.189776,-0.501756,0.456391,-0.176465,0.815119,0.224252,-0.692654,0.383255,0.1399,-0.707926,0.113654,0.00396742,-0.246102,0.807156
160.27,0,,16.2331,14.0356,6.83515,-3.21825,1.40444,-13.7835,67.3666,18.4661,3.06368,2.79699,-0.0173588,0.775088,-0.270462,5.12399,-2.25995,-2.25995,-1.75776,1.75776,0.892709,-0.892709,45.7157,-0.00435729,-3.31318,-7.59075,3.89413,-10.9402,151.774,2.23224,-1.79279,149.77,18.5728,4.47811,146.635,-48.6411,0.983528,147.099,-45.5811,0.669958,136.966,16.1022,-2.66729,136.308,-2.16773,6.79101,141.724,0.00426994,7.58859,-77.6285,107.925,105.958,94.214,-167.47,85.9423,-403.782,270.523,143.029,-1205.98,578.664,542.94,69.8081,353.027,-82.5188,61.0168,-283.722,-3.8887,2.90382,-19.4454,35.3196,-0.329484,-0.551481,-0.397847,-0.671921,-0.238603,-0.694994,-0.750335,0.182869,-0.50649,0.446561,-0.172191,0.818105,0.228896,-0.694319,0.378259,0.139044,-0.708585,0.108342,0.00433379,-0.2455,0.807245
160.28,0,,17.4966,13.2297,6.61763,-3.20365,1.17291,-13.387,67.3874,18.0277,3.08274,3.02227,-0.571451,0.51975,-0.927612,4.88393,-2.29361,-2.29361,-1.60733,1.60733,1.01876,-1.01876,44.3894,0.0348583,-2.74114,-7.51876,3.12321,-10.8301,151.521,2.2648,-1.64799,149.754,19.8487,4.44718,146.827,-47.3848,0.682513,148.178,-44.3065,0.311895,137.241,15.4033,-2.22143,136.494,-2.43869,6.98904,141.713,-0.0341595,7.52495,-97.6457,112.31,97.6633,57.6001,-189.424,62.0186,-368.656,194.868,103.514,-914.497,370.198,349.219,51.7754,287.114,-99.136,31.727,-249.054,-22.9559,10.1634,-14.1421,16.3014,-0.327533,-0.552888,-0.396995,-0.669154,-0.242929,-0.697415,-0.751919,0.175788,-0.511615,0.438562,-0.168039,0.819382,0.232867,-0.696221,0.372649,0.139835,-0.708878,0.105044,0.0048222,-0.245078,0.807322
160.29,0,,18.7256,12.4533,6.36686,-3.18334,0.937565,-13.2345,67.2309,17.5652,3.16661,3.26791,-1.14846,0.276076,-1.66005,4.87683,-2.31728,-2.31728,-1.47072,1.47072,1.13345,-1.13345,42.8611,0.0479302,-2.1224,-7.47217,2.23863,-10.7181,151.29,2.28789,-1.51629,149.765,21.0818,4.38484,147.08,-45.9987,0.362486,149.368,-42.82,-0.0461686,137.263,14.7064,-1.8765,136.456,-2.67721,7.19062,141.702,-0.0469693,7.48167,-109.386,101.547,109.871,19.4977,-208.985,30.2676,-359.406,144.033,91.2716,-713.818,150.88,427.185,9.29086,207.528,-99.609,-5.37889,2.94158,0.501767,7.25955,-6.81852,-11.2557,-0.32569,-0.554149,-0.396187,-0.666609,-0.246293,-0.699814,-0.753499,0.168278,-0.517348,0.429167,-0.163158,0.820733,0.236216,-0.698209,0.366714,0.141912,-0.70901,0.103275,0.00506607,-0.244758,0.807398
