"Time,s",Activities,Activity Names,"Hip Flexion LT,deg","Hip Flexion RT,deg","Hip Abduction LT,deg","Hip Abduction RT,deg","Hip Rotation Ext LT,deg","Hip Rotation Ext RT,deg","Knee Flexion LT,deg","Knee Flexion RT,deg","Ankle Dorsiflexion LT,deg","Ankle Dorsiflexion RT,deg","Ankle Inversion LT,deg","Ankle Inversion RT,deg","Ankle Abduction LT,deg","Ankle Abduction RT,deg","Pelvic Tilt LT,deg","Pelvic Tilt RT,deg","Pelvic Obliquity LT,deg","Pelvic Obliquity RT,deg","Pelvic Rotation LT,deg","Pelvic Rotation RT,deg","Foot Pitch Down LT,deg","Foot Pitch Down RT,deg","Foot Roll Med LT,deg","Foot Roll Med RT,deg","Foot Rotation Ext LT,deg","Foot Rotation Ext RT,deg","Pelvis Accel Sensor X,mG","Pelvis Accel Sensor Y,mG","Pelvis Accel Sensor Z,mG","Thigh Accel Sensor X LT,mG","Thigh Accel Sensor Y LT,mG","Thigh Accel Sensor Z LT,mG","Shank Accel Sensor X LT,mG","Shank Accel Sensor Y LT,mG","Shank Accel Sensor Z LT,mG","Foot Accel Sensor X LT,mG","Foot Accel Sensor Y LT,mG","Foot Accel Sensor Z LT,mG","Thigh Accel Sensor X RT,mG","Thigh Accel Sensor Y RT,mG","Thigh Accel Sensor Z RT,mG","Shank Accel Sensor X RT,mG","Shank Accel Sensor Y RT,mG","Shank Accel Sensor Z RT,mG","Foot Accel Sensor X RT,mG","Foot Accel Sensor Y RT,mG","Foot Accel Sensor Z RT,mG","Pelvis Rot X,","Pelvis Rot Y,","Pelvis Rot Z,","LT Thigh Rot X,","LT Thigh Rot Y,","LT Thigh Rot Z,","LT Shank Rot X,","LT Shank Rot Y,","LT Shank Rot Z,","LT Foot Rot X,","LT Foot Rot Y,","LT Foot Rot Z,","RT Thigh Rot X,","RT Thigh Rot Y,","RT Thigh Rot Z,","RT Shank Rot X,","RT Shank Rot Y,","RT Shank Rot Z,","RT Foot Rot X,","RT Foot Rot Y,","RT Foot Rot Z,",,,,,,,,,,,,,,,,,,,,,
3.15,0,,-2.48789,-0.984459,3.19975,-4.62983,12.6171,3.12068,0.648597,-0.288533,2.1739,0.732222,1.49256,-4.02344,-1.98836,3.62273,-0.65738,-0.65738,-0.608099,0.608099,2.01956,-2.01956,-0.191553,-0.163657,1.12487,-0.537535,12.5464,4.79654,150.688,0.635638,-0.630818,138.108,-1.24636,2.91066,138.078,-1.89313,2.56919,140.165,0.18991,1.08269,153.812,-0.565081,3.97407,153.835,-0.277279,4.5555,157.505,0.163536,0.552307,18.5426,-53.2054,-31.2553,9.78679,144.564,-38.5849,9.79453,152.307,-19.0514,-5.88428,-3.84432,-8.93799,-11.7267,11.2229,24.4005,-7.33674,0.989706,9.74378,-2.44516,0.430716,-8.21985,-0.323864,-0.533649,-0.385451,-0.722407,-0.12855,-0.638416,-0.706749,-0.0816677,-0.691856,0.112123,-0.00146486,0.893747,0.32923,-0.709487,0.274053,0.0756868,-0.708282,0.0855749,0.0134893,-0.198922,0.791598
3.16,0,,-2.31456,-1.01994,3.31409,-4.70639,12.7055,3.0073,1.11092,-0.306154,2.47432,0.766245,1.67454,-4.1237,-1.96759,3.63159,-0.646512,-0.646512,-0.597789,0.597789,2.05036,-2.05036,-0.215497,-0.163657,1.11057,-0.537535,12.6908,4.66599,150.787,0.624486,-0.620384,138.119,-1.05699,2.99919,138.062,-2.16624,2.73231,140.149,0.211739,1.06449,153.801,-0.608473,4.05932,153.824,-0.304005,4.65503,157.505,0.163536,0.552307,7.80457,-53.2054,-20.9873,0,154.299,-42.4946,16.5895,164.004,-0.997931,-10.243,-1.92216,-11.0831,-5.36554,3.9312,16.598,-12.717,-25.3789,0.482365,5.23963,0,-10.383,-0.324228,-0.53334,-0.386119,-0.721434,-0.12971,-0.639457,-0.70677,-0.0797779,-0.691693,0.112008,-0.0012208,0.893807,0.329365,-0.710001,0.273636,0.0761164,-0.708792,0.0852723,0.0134893,-0.198922,0.791598
3.17,0,,-2.10604,-1.05098,3.42896,-4.77965,12.825,2.88042,1.63384,-0.323774,2.7842,0.806184,1.88991,-4.22786,-1.99194,3.64678,-0.635994,-0.635994,-0.580682,0.580682,2.07828,-2.07828,-0.223478,-0.177295,1.09627,-0.544919,12.8216,4.53237,150.886,0.614609,-0.603212,138.097,-0.826781,3.08577,138.012,-2.45802,2.92789,140.143,0.22047,1.04516,153.773,-0.645948,4.1493,153.796,-0.322379,4.7665,157.499,0.176977,0.559574,-0.968843,-58.1078,-21.9652,-1.94481,169.956,-39.0599,15.1203,196.326,0.997931,-9.80713,-5.76648,-13.5857,0.995666,3.9312,18.0521,-3.91293,-41.4969,2.94243,-2.44516,1.93822,-0.865247,-0.32455,-0.533063,-0.386811,-0.720381,-0.131112,-0.640603,-0.706656,-0.0778865,-0.691579,0.112008,-0.00103768,0.893807,0.329479,-0.710534,0.273264,0.0766024,-0.709381,0.0850867,0.0133671,-0.19892,0.79165
3.18,0,,-1.85973,-1.09089,3.56344,-4.85754,12.9491,2.73735,2.23755,-0.348002,3.12957,0.843165,2.12782,-4.33203,-2.02917,3.70121,-0.628631,-0.628631,-0.566388,0.566388,2.11004,-2.11004,-0.23146,-0.186387,1.06767,-0.541965,12.9469,4.41872,150.974,0.607281,-0.5893,138.064,-0.554488,3.17867,137.941,-2.78881,3.13929,140.138,0.224836,1.01786,153.718,-0.686382,4.24024,153.747,-0.339083,4.86603,157.505,0.185938,0.554729,3.90229,-51.7635,-12.6939,-16.625,173.85,-27.8425,15.1203,244.622,13.1546,-8.71745,-2.88324,-2.86016,-1.43818,-0.507251,27.8407,-12.717,-48.849,12.6862,-4.54101,2.36894,-6.92198,-0.324856,-0.53282,-0.387422,-0.719204,-0.132695,-0.64193,-0.706568,-0.0758694,-0.69137,0.112062,-0.00079347,0.893813,0.329673,-0.711046,0.272906,0.0772152,-0.709891,0.0850893,0.0133058,-0.198854,0.791632
3.19,0,,-1.57953,-1.12304,3.67887,-4.92717,13.0887,2.56997,2.90859,-0.36342,3.52697,0.889022,2.39578,-4.44401,-2.05853,3.76957,-0.613906,-0.613906,-0.540376,0.540376,2.15144,-2.15144,-0.247423,-0.195479,1.03907,-0.539012,13.1104,4.28356,151.073,0.592943,-0.562998,138.02,-0.254965,3.25795,137.848,-3.15861,3.37149,140.11,0.242299,0.981471,153.647,-0.723857,4.33638,153.675,-0.362468,4.97352,157.505,0.194899,0.552307,2.93344,-42.4634,-8.78233,-12.2335,192.833,-24.4079,21.4868,280.215,15.1504,-21.5757,-2.88324,-16.4459,-6.3612,-7.35514,28.7983,-20.9776,-43.4764,18.5711,6.28756,7.75289,6.92198,-0.325091,-0.532562,-0.388144,-0.718034,-0.134464,-0.643264,-0.706476,-0.0736752,-0.691094,0.112065,-0.000427264,0.893897,0.329853,-0.711588,0.272537,0.0780061,-0.710417,0.0851475,0.0132449,-0.198796,0.791642
3.2,0,,-1.2459,-1.14521,3.80899,-5.0011,13.2221,2.3999,3.66491,-0.378838,3.93739,0.934878,2.67793,-4.55989,-2.09504,3.85184,-0.590065,-0.590065,-0.518583,0.518583,2.19283,-2.19283,-0.239441,-0.204571,0.996175,-0.536058,13.263,4.16223,151.155,0.569684,-0.540825,137.971,0.0891141,3.33627,137.749,-3.56743,3.61534,140.088,0.229202,0.940529,153.559,-0.761331,4.43205,153.593,-0.384182,5.08599,157.51,0.203859,0.552307,-7.80457,-48.8437,0.488952,-31.7443,190.886,-17.5751,30.3018,326.121,15.604,-12.6403,-7.88085,-3.5752,-0.497833,-11.2229,33.196,-15.1626,-24.3892,9.74378,-1.39724,0,0,-0.325277,-0.532261,-0.388819,-0.716776,-0.136421,-0.64475,-0.706444,-0.0712914,-0.690696,0.112309,-0.000122075,0.893956,0.330032,-0.712129,0.272168,0.0788605,-0.710965,0.0852694,0.0131847,-0.198747,0.79163
3.21,0,,-0.869262,-1.17514,3.95218,-5.06941,13.3462,2.21768,4.52895,-0.376635,4.39275,0.998485,2.9751,-4.67318,-2.12511,3.94551,-0.577092,-0.577092,-0.496321,0.496321,2.23518,-2.23518,-0.215497,-0.218209,0.953278,-0.536058,13.421,4.03782,151.248,0.557577,-0.518436,137.933,0.48889,3.41312,137.644,-4.03223,3.8775,140.061,0.207373,0.902999,153.466,-0.792889,4.52393,153.5,-0.415919,5.19747,157.521,0.219541,0.552307,-8.80033,-41.4901,10.2492,-37.1396,196.808,-6.35774,16.5895,335.428,13.1546,-9.80713,-1.53773,-13.2282,-4.36987,-20.9875,37.0973,-4.89116,-16.6129,20.0182,7.33548,1.07679,6.05673,-0.32552,-0.532014,-0.389489,-0.715385,-0.138682,-0.64641,-0.706476,-0.0685478,-0.690178,0.112613,0.000122074,0.894008,0.33022,-0.712627,0.271867,0.0798395,-0.711475,0.0853941,0.0130623,-0.198681,0.791613
3.22,0,,-0.415734,-1.18623,4.11062,-5.14696,13.4501,2.07056,5.53215,-0.385445,4.95337,1.06357,3.28146,-4.79687,-2.14516,4.02399,-0.544486,-0.544486,-0.477575,0.477575,2.28428,-2.28428,-0.215497,-0.24094,0.91038,-0.540489,13.5763,3.92877,151.309,0.525078,-0.498872,137.889,0.9456,3.48803,137.524,-4.57337,4.14133,140.017,0.213922,0.857508,153.384,-0.829378,4.62102,153.417,-0.444315,5.32287,157.521,0.239703,0.557151,-19.5383,-34.1726,8.29338,-51.757,220.253,1.46155,66.9089,342.345,41.4595,-23.5371,-3.45989,-10.7256,-7.79939,-17.1197,44.9352,-24.4014,-28.348,29.2796,2.44516,5.81467,3.02837,-0.325585,-0.531715,-0.390042,-0.713893,-0.141118,-0.648278,-0.706727,-0.0654965,-0.689331,0.112736,0.000549338,0.894139,0.330473,-0.713135,0.271569,0.0807546,-0.712081,0.0854546,0.0128794,-0.198623,0.791624
3.23,0,,0.10035,-1.19066,4.29682,-5.23409,13.5478,1.92748,6.64755,-0.394256,5.54948,1.12274,3.59283,-4.92448,-2.16521,4.10754,-0.505219,-0.505219,-0.474763,0.474763,2.33915,-2.33915,-0.199534,-0.254578,0.85795,-0.539012,13.7398,3.8228,151.369,0.485251,-0.49496,137.845,1.45924,3.55904,137.386,-5.17049,4.40932,139.967,0.196459,0.808605,153.301,-0.86488,4.71243,153.335,-0.471041,5.44828,157.532,0.255384,0.557151,-33.2098,-29.3062,5.37847,-53.7018,252.459,9.75585,70.337,331.026,55.1584,-7.8457,-3.84432,-19.6636,-12.7224,-30.2448,48.34,-28.3144,-30.7516,38.1069,5.93825,4.95324,-3.02837,-0.325695,-0.53133,-0.390517,-0.712292,-0.14374,-0.650341,-0.707111,-0.0621965,-0.688251,0.113043,0.000915576,0.894274,0.330763,-0.713592,0.271313,0.0816696,-0.712686,0.085515,0.012757,-0.198558,0.791607
3.24,0,,0.694628,-1.18845,4.48139,-5.3288,13.6114,1.75876,7.88415,-0.403066,6.19171,1.18783,3.90754,-5.05729,-2.1423,4.21007,-0.45368,-0.45368,-0.473825,0.473825,2.39979,-2.39979,-0.17559,-0.270489,0.810286,-0.540489,13.9223,3.70607,151.429,0.433635,-0.492351,137.834,2.03353,3.61206,137.265,-5.82867,4.68813,139.907,0.168081,0.766525,153.192,-0.902355,4.81141,153.23,-0.501107,5.57966,157.532,0.271066,0.557151,-37.5965,-18.0596,4.88952,-57.1523,264.141,17.1001,73.7039,310.022,59.6037,-16.5631,0.576648,-14.6583,-7.30155,-17.1197,40.5375,-14.6735,-32.731,38.1069,-2.09585,6.24539,-14.7092,-0.325772,-0.530867,-0.391024,-0.710689,-0.146435,-0.652579,-0.707621,-0.058414,-0.68699,0.11341,0.00122078,0.894462,0.331145,-0.714052,0.271081,0.0827689,-0.713302,0.0856987,0.0126351,-0.1985,0.791618
3.25,0,,1.35407,-1.17182,4.66215,-5.42385,13.644,1.56439,9.22623,-0.422889,6.89664,1.25143,4.2356,-5.1901,-2.09075,4.36196,-0.390572,-0.390572,-0.478981,0.478981,2.46525,-2.46525,-0.151646,-0.293219,0.743557,-0.552303,14.113,3.60777,151.473,0.369594,-0.495177,137.839,2.65733,3.64368,137.145,-6.54284,4.96444,139.825,0.148436,0.70625,153.043,-0.936871,4.90471,153.082,-0.51447,5.72099,157.543,0.293468,0.571686,-40.0455,-13.6618,7.80442,-43.4759,248.565,4.38465,115.208,265.122,43.909,-20.9219,4.42097,-7.15039,-2.43385,-5.83339,27.8407,-22.445,-31.2464,55.665,7.33548,3.44573,-6.48936,-0.325761,-0.530362,-0.391439,-0.709102,-0.149243,-0.654899,-0.708297,-0.0543247,-0.685468,0.113777,0.00170909,0.894709,0.331564,-0.714461,0.270891,0.084051,-0.713976,0.0861874,0.0123906,-0.198493,0.791592
3.26,0,,2.0487,-1.16295,4.83365,-5.52021,13.6626,1.34303,10.6469,-0.440509,7.62639,1.33279,4.54279,-5.33724,-2.0084,4.52652,-0.329567,-0.329567,-0.489526,0.489526,2.53744,-2.53744,-0.119721,-0.327314,0.691126,-0.56264,14.331,3.49105,151.523,0.307782,-0.503655,137.861,3.31207,3.65146,137.035,-7.29941,5.24158,139.731,0.11351,0.663033,152.873,-0.972374,4.99517,152.912,-0.534514,5.87527,157.554,0.324831,0.583798,-42.979,0.504658,18.5614,-6.33632,263.654,-11.7289,166.507,228.02,25.4019,-11.3327,8.26529,9.29551,-10.7311,2.47285,12.2003,-11.7388,10.7454,59.0897,2.79447,5.81467,-14.7092,-0.325829,-0.529824,-0.391874,-0.707551,-0.152228,-0.657195,-0.709087,-0.0499297,-0.683756,0.114203,0.00201427,0.895009,0.332174,-0.714767,0.27083,0.0855141,-0.714693,0.0867348,0.0120856,-0.198435,0.791605
3.27,0,,2.79806,-1.15297,5.00951,-5.62483,13.6595,1.11896,12.164,-0.471345,8.41411,1.40528,4.84248,-5.48828,-1.91174,4.70753,-0.264004,-0.264004,-0.508507,0.508507,2.63178,-2.63178,-0.0877951,-0.359136,0.662528,-0.572977,14.568,3.36818,151.567,0.240555,-0.520175,137.889,4.01261,3.64513,136.92,-8.10687,5.53204,139.627,0.0851321,0.640287,152.692,-1.01182,5.08611,152.736,-0.542866,6.03153,157.565,0.358434,0.593487,-47.3657,6.84893,10.7381,24.9061,272.497,-30.2906,192.891,165.513,8.79994,-5.88428,-7.30421,6.43535,-1.93602,34.6833,0,-15.1626,30.2567,56.1473,5.23963,-0.430716,15.1418,-0.325878,-0.529254,-0.392226,-0.705967,-0.155342,-0.659578,-0.709933,-0.0452292,-0.681856,0.114506,0.00219734,0.895356,0.332839,-0.715058,0.270764,0.0869795,-0.715429,0.0874068,0.0117802,-0.19837,0.79159
3.28,0,,3.58782,-1.14078,5.16577,-5.71723,13.6564,0.876005,13.7215,-0.506585,9.23376,1.47628,5.12045,-5.63151,-1.81651,4.90373,-0.196688,-0.196688,-0.534518,0.534518,2.76269,-2.76269,-0.0798137,-0.390959,0.657762,-0.599558,14.8405,3.20537,151.605,0.170778,-0.543217,137.911,4.74161,3.60428,136.788,-8.92621,5.82083,139.528,0.0807664,0.635738,152.489,-1.0493,5.15857,152.538,-0.546207,6.19575,157.576,0.389797,0.620134,-24.8939,9.76874,9.76023,73.7146,268.522,-68.364,253.434,67.9156,-51.8017,0,5.38205,-15.7309,-24.8917,31.7666,-14.6474,-4.40204,30.7516,28.7972,-13.2737,0,5.19148,-0.325945,-0.528653,-0.392538,-0.704484,-0.158573,-0.66188,-0.710791,-0.0405294,-0.679844,0.114568,0.00231943,0.895727,0.333633,-0.715181,0.270825,0.0885645,-0.716207,0.0881983,0.0114138,-0.19843,0.791583
3.29,0,,4.4232,-1.1441,5.29426,-5.807,13.6874,0.60605,15.3172,-0.574864,10.0463,1.53397,5.36754,-5.78125,-1.77355,5.14676,-0.124113,-0.124113,-0.562404,0.562404,2.78965,-2.78965,-0.063851,-0.420508,0.676827,-0.624663,14.9931,3.16851,151.633,0.0965404,-0.56778,137.883,5.50899,3.5211,136.601,-9.74386,6.11296,139.429,0.0589376,0.661896,152.247,-1.10255,5.22772,152.308,-0.531174,6.36495,157.593,0.41892,0.64678,3.90229,0,10.2492,116.187,255.38,-104.501,353.521,25.9085,-96.1643,20.0501,28.8324,42.5448,-24.3938,39.0583,-28.3372,19.0212,55.6356,-18.0887,14.3217,-6.24539,51.9148,-0.325951,-0.528053,-0.39279,-0.703105,-0.161936,-0.664101,-0.711589,-0.0361349,-0.677712,0.114629,0.00213633,0.896099,0.33461,-0.715242,0.270825,0.0902752,-0.717014,0.0892986,0.0110477,-0.198492,0.791526
3.3,0,,5.31201,-1.13856,5.38028,-5.87795,13.8146,0.326646,16.9421,-0.654156,10.9594,1.5961,5.56455,-5.94531,-1.86664,5.39359,-0.0347097,-0.0347097,-0.581619,0.581619,2.81468,-2.81468,-0.135683,-0.459149,0.819819,-0.629093,15.0884,3.13012,151.644,0.00605369,-0.582561,137.741,6.30854,3.38539,136.294,-10.5564,6.45086,139.374,0.12879,0.784722,151.984,-1.16271,5.28881,152.05,-0.511129,6.52619,157.587,0.457004,0.654047,31.7296,-31.7214,10.2492,174.343,249.052,-80.093,441.917,143.503,-58.0615,-40.5361,-11.1485,-67.2137,-20.024,47.3646,-56.1424,41.5205,78.6109,-52.2402,-13.623,3.44573,-16.0071,-0.325767,-0.527441,-0.393032,-0.701832,-0.165478,-0.666185,-0.712074,-0.0323504,-0.675573,0.113652,0.0014649,0.896459,0.335649,-0.715246,0.270765,0.092109,-0.717766,0.090583,0.0107426,-0.198373,0.791599
3.31,0,,6.24644,-1.14078,5.44398,-5.94165,14.0194,0.048592,18.6096,-0.757676,12.0038,1.64935,5.6739,-6.08724,-2.05996,5.66068,0.0631085,0.0631085,-0.588181,0.588181,2.83874,-2.83874,-0.319255,-0.490971,1.15347,-0.648291,15.1375,3.11476,151.655,-0.0920798,-0.5843,137.51,7.14646,3.21758,135.882,-11.3656,6.86116,139.352,0.312151,1.0679,151.715,-1.23766,5.35607,151.791,-0.484404,6.68047,157.609,0.490607,0.675849,63.4862,-69.3184,18.0724,232.436,261.707,-142.574,458.507,272.417,42.4574,-51.6509,-26.3336,-90.81,-24.8917,47.3646,-76.1806,36.6293,103.495,-86.4399,4.89032,2.36894,8.21985,-0.325465,-0.526836,-0.393341,-0.700537,-0.169076,-0.668309,-0.712137,-0.0288713,-0.673561,0.111207,-0.000122072,0.896861,0.336813,-0.715254,0.270647,0.0938772,-0.718484,0.091924,0.0103766,-0.198376,0.791551
3.32,0,,7.21735,-1.15186,5.50551,-5.98521,14.1667,-0.148475,20.2883,-0.881018,12.9843,1.68485,5.76406,-6.22526,-2.20244,5.86447,0.155317,0.155317,-0.564279,0.564279,2.86281,-2.86281,-0.486864,-0.52734,1.52048,-0.651245,15.1865,3.11783,151.638,-0.183204,-0.555824,137.312,8.0277,3.06777,135.492,-12.1408,7.30059,139.314,0.467135,1.39544,151.501,-1.32148,5.43279,151.594,-0.444315,6.81384,157.62,0.52645,0.680694,89.8333,-97.1827,20.9873,220.705,283.692,-223.617,390.129,352.029,55.7027,38.5747,26.3336,25.0264,-20.5218,51.2958,-71.7829,17.0647,112.332,-88.8517,14.3217,1.93822,14.2766,-0.324903,-0.526449,-0.393631,-0.698964,-0.172742,-0.670703,-0.711949,-0.0253308,-0.671786,0.108827,-0.00213626,0.897353,0.338027,-0.715301,0.270519,0.0951593,-0.719158,0.0930229,0.0100713,-0.198252,0.791545
3.33,0,,8.21042,-1.18734,5.51531,-6.02151,14.2009,-0.283453,22.0052,-1.02198,14.0416,1.73367,5.66222,-6.34375,-2.25901,6.01004,0.239462,0.239462,-0.516943,0.516943,2.88687,-2.88687,-0.718323,-0.581892,2.06861,-0.663059,15.192,3.12705,151.622,-0.265088,-0.504089,137.225,8.92874,2.89364,135.212,-12.9313,7.70424,139.314,0.691972,1.87992,151.347,-1.42503,5.5242,151.462,-0.409238,6.93825,157.637,0.580215,0.695228,78.1265,-89.8291,18.0724,160.165,283.692,-41.983,399.923,446.734,8.79994,64.945,2.88324,74.3641,-9.79072,51.2958,-77.1382,8.31497,110.847,-54.7002,-8.38341,1.50751,-10.383,-0.32423,-0.526202,-0.393995,-0.6975,-0.176221,-0.673084,-0.712012,-0.0211193,-0.669896,0.105348,-0.00518808,0.897842,0.339141,-0.715518,0.270105,0.0960734,-0.719818,0.093754,0.00958295,-0.198129,0.79154
3.34,0,,9.23477,-1.23168,5.45977,-6.04296,14.1357,-0.29965,23.7983,-1.15193,15.2552,1.76029,5.47439,-6.45963,-2.27762,6.06067,0.303973,0.303973,-0.434691,0.434691,2.91286,-2.91286,-1.07749,-0.613714,2.74544,-0.671919,15.1075,3.15623,151.578,-0.325625,-0.418662,137.214,9.86691,2.69226,134.992,-13.7557,8.12453,139.38,1.03905,2.46562,151.292,-1.52759,5.63218,151.418,-0.382512,7.06067,157.648,0.611578,0.704918,41.0144,-40.5168,15.6277,134.757,275.417,45.4177,429.674,464.845,-1.45154,40.972,-44.0175,25.0264,-8.29722,41.0239,-65.4345,-15.6517,59.0996,-19.5358,0,6.89146,18.6028,-0.323321,-0.526273,-0.394308,-0.696209,-0.1786,-0.675822,-0.712076,-0.0162363,-0.668006,0.100528,-0.00866725,0.89822,0.340114,-0.715876,0.269674,0.0964446,-0.720527,0.0938809,0.00927758,-0.198064,0.791524
3.35,0,,10.3373,-1.29487,5.3939,-6.07068,13.948,-0.257807,25.7015,-1.28849,16.5526,1.78396,5.33248,-6.5625,-2.21891,6.06447,0.353408,0.353408,-0.347753,0.347753,2.93982,-2.93982,-1.50848,-0.647809,3.42227,-0.691117,14.9631,3.19616,151.528,-0.370868,-0.329104,137.318,10.888,2.48554,134.871,-14.5988,8.57728,139.5,1.45598,3.03085,151.281,-1.64002,5.74869,151.429,-0.359127,7.17911,157.664,0.645181,0.726719,4.87113,22.4573,4.40057,148.935,239.236,44.4311,377.457,416.046,12.2473,-29.8573,-78.6163,27.1715,10.2332,41.0239,-36.6362,-0.489116,-12.7248,-4.38952,0,-3.01501,-11.2482,-0.322411,-0.526467,-0.39456,-0.694809,-0.18031,-0.679061,-0.71202,-0.0104987,-0.666302,0.0952186,-0.0117803,0.898412,0.340966,-0.716358,0.269062,0.0965038,-0.721246,0.093696,0.0089115,-0.198067,0.791476
3.36,0,,11.4946,-1.35807,5.35034,-6.08983,13.6735,-0.220014,27.663,-1.41403,17.6431,1.81059,5.31245,-6.67057,-2.11223,6.05308,0.39548,0.39548,-0.263627,0.263627,2.96677,-2.96677,-1.73994,-0.681905,3.9132,-0.69407,14.8132,3.21613,151.495,-0.408465,-0.242806,137.521,11.9747,2.30557,134.822,-15.43,9.03419,139.643,1.683,3.46642,151.281,-1.74455,5.85336,151.445,-0.339083,7.2876,157.681,0.681025,0.731564,-13.187,73.7161,-15.6277,160.666,221.226,42.9696,291.51,334.044,-20.9566,-128.364,-47.8618,86.5197,17.5901,32.7177,-13.1933,9.2932,-56.1305,-4.38952,-11.8765,10.3372,-10.383,-0.321617,-0.526649,-0.394864,-0.693085,-0.181893,-0.682648,-0.711889,-0.00427268,-0.664767,0.0918635,-0.0145272,0.898309,0.341563,-0.71688,0.268319,0.0965033,-0.721913,0.0934513,0.00860624,-0.197944,0.791469
3.37,0,,12.7249,-1.38689,5.32094,-6.09049,13.3384,-0.203816,29.6514,-1.52196,18.3043,1.8239,5.39926,-6.75651,-1.97332,6.06574,0.45929,0.45929,-0.182547,0.182547,2.99276,-2.99276,-1.57233,-0.697816,4.14676,-0.719175,14.7097,3.23456,151.462,-0.468046,-0.158248,137.779,13.1109,2.14895,134.827,-16.2324,9.46531,139.737,1.52365,3.74733,151.265,-1.8343,5.93861,151.44,-0.324049,7.39808,157.692,0.696706,0.75821,-15.6361,125.984,-36.126,163.113,206.056,36.1368,212.419,229.027,-65.9542,-195.707,56.1271,139.79,14.6584,18.5781,16.598,-11.7388,-47.3645,23.443,2.09585,0,6.48936,-0.320754,-0.526695,-0.39522,-0.691036,-0.183487,-0.686458,-0.711771,0.00201427,-0.663306,0.0921097,-0.0173965,0.898024,0.341882,-0.717397,0.267475,0.096683,-0.722559,0.0933259,0.00836231,-0.198071,0.791429
3.38,0,,14.002,-1.40795,5.30406,-6.08157,12.977,-0.213265,31.6825,-1.61667,18.5361,1.87124,5.47356,-6.86198,-1.77928,6.09358,0.528008,0.528008,-0.123495,0.123495,3.01875,-3.01875,-0.981709,-0.73873,4.23255,-0.725082,14.7179,3.24684,151.435,-0.533999,-0.095427,138.07,14.2867,1.99232,134.86,-17.0382,9.85813,139.737,0.949551,3.98388,151.227,-1.92009,5.99307,151.418,-0.314027,7.50557,157.703,0.73927,0.7679,-4.38671,144.044,-46.394,169.449,171.903,13.6655,128.431,138.221,-99.6117,-251.498,189.525,149.086,22.4578,-3.42394,40.9985,13.2061,-22.9753,2.94243,0.349309,17.0133,-0.865247,-0.320038,-0.526602,-0.395546,-0.688798,-0.184941,-0.690385,-0.711835,0.00836232,-0.661661,0.0958282,-0.0213019,0.897794,0.341885,-0.717892,0.266379,0.0969872,-0.723162,0.093264,0.00799601,-0.197947,0.791422
3.39,0,,15.3392,-1.41571,5.27466,-6.05583,12.614,-0.249709,33.7293,-1.69816,18.1967,1.91857,5.37589,-6.95442,-1.50505,6.1151,0.608296,0.608296,-0.0747529,0.0747529,3.04378,-3.04378,0.143665,-0.770552,4.30405,-0.742803,14.9032,3.22534,151.429,-0.611423,-0.0423879,138.377,15.5059,1.81576,134.915,-17.81,10.2093,139.572,-0.137521,4.33872,151.183,-2.00096,6.02244,151.385,-0.314027,7.61207,157.703,0.768393,0.784857,12.7026,143.071,-52.2426,177.229,116.251,-18.5617,59.0733,96.2138,-145.063,-329.519,246.997,290.663,21.96,-28.3427,46.8858,21.9559,-18.5216,-15.1463,-6.98618,9.69112,-2.59574,-0.319424,-0.526351,-0.395969,-0.686438,-0.186045,-0.694434,-0.71199,0.0145267,-0.659987,0.103216,-0.0278334,0.897812,0.341632,-0.718361,0.26509,0.0974165,-0.723727,0.0932049,0.00769074,-0.197945,0.791475
3.4,0,,16.705,-1.41793,5.23274,-6.02382,12.2402,-0.301,35.7603,-1.78186,17.241,1.96147,4.87336,-7.04036,-1.25516,6.14675,0.697349,0.697349,-0.0403056,0.0403056,3.06784,-3.06784,1.85966,-0.795555,4.57573,-0.764954,15.1511,3.20077,151.44,-0.698405,-0.00282586,138.701,16.7411,1.62557,135.009,-18.5513,10.5231,139.347,-1.79651,5.0643,151.139,-2.08479,6.03191,151.352,-0.315698,7.71856,157.708,0.795276,0.809081,17.5737,130.382,-70.804,168.446,34.6401,-55.1735,-27.3635,64.8971,-147.422,-541.571,264.681,471.568,7.30155,-55.6708,48.8365,25.8688,34.1448,-36.1292,-1.39724,9.69112,-3.46099,-0.318919,-0.525957,-0.396436,-0.683993,-0.186716,-0.69852,-0.71222,0.0205706,-0.658322,0.11384,-0.039249,0.897599,0.341214,-0.718808,0.263632,0.0978458,-0.724291,0.0931458,0.00738548,-0.198004,0.791467
3.41,0,,18.0773,-1.42347,5.18319,-5.97993,11.8105,-0.327996,37.7824,-1.86115,15.5225,2.01768,4.31657,-7.125,-0.877111,6.13156,0.783597,0.783597,-0.00421803,0.00421803,3.09191,-3.09191,4.3259,-0.834197,4.6377,-0.772338,15.5925,3.15316,151.451,-0.782838,0.0380404,139.091,17.985,1.45971,135.173,-19.2791,10.7661,138.913,-4.16711,5.80353,151.128,-2.17157,6.03049,151.352,-0.324049,7.80615,157.703,0.833359,0.81877,30.2764,104.5,-71.7819,157.718,-50.7839,-88.3873,-66.4192,-11.1935,-147.966,-468.781,250.073,661.769,0.497833,-42.4823,22.9464,21.4667,97.2032,-41.4834,-0.349309,23.474,5.19148,-0.31845,-0.525562,-0.396949,-0.681329,-0.187027,-0.702693,-0.712738,0.0267346,-0.656523,0.130135,-0.0529819,0.897091,0.340724,-0.719231,0.262104,0.0980875,-0.724761,0.0928993,0.00708064,-0.197892,0.791567
3.42,0,,19.4496,-1.43345,5.12004,-5.95254,11.3374,-0.292902,39.7888,-1.94264,12.9937,2.0591,3.63624,-7.17057,-0.448222,6.03789,0.876858,0.876858,0.0243708,-0.0243708,3.11405,-3.11405,7.61423,-0.854654,4.509,-0.809256,16.1319,3.09172,151.484,-0.87428,0.0719507,139.546,19.2214,1.30698,135.431,-20.0051,10.9101,138.33,-7.31045,6.63488,151.194,-2.27709,6.03617,151.429,-0.347434,7.88876,157.692,0.853521,0.855106,35.6319,78.6185,-83.009,115.748,-122.579,-81.043,-51.2989,-122.122,-142.613,-270.023,270.063,751.864,8.29722,-35.1271,12.2003,36.1402,111.342,-67.8688,0,1.50751,-1.29787,-0.318073,-0.525055,-0.397545,-0.678569,-0.18745,-0.706647,-0.713711,0.0330213,-0.654444,0.152347,-0.0698259,0.895529,0.340165,-0.71976,0.260388,0.0979029,-0.725238,0.0921044,0.00677536,-0.198072,0.791618
3.43,0,,20.7711,-1.46006,5.01006,-5.90204,10.8643,-0.178171,41.7458,-2.02634,10.4224,2.102,2.81483,-7.21875,0.0859211,5.86321,0.961002,0.961002,0.0822516,-0.0822516,3.13715,-3.13715,10.9425,-0.877384,4.45181,-0.829931,16.7095,3.02721,151.523,-0.955209,0.134772,140.019,20.417,1.16738,135.739,-20.7345,10.9734,137.66,-10.4756,7.63227,151.342,-2.39642,6.04422,151.588,-0.385853,7.96142,157.686,0.875923,0.876908,20.5072,55.188,-75.2046,84.9443,-189.912,-35.6618,-30.3018,-241.729,-168.923,-198.758,277.368,595.27,-3.92735,-36.6489,-20.4993,35.162,52.7372,-54.2179,6.28756,-1.50751,-6.92198,-0.317589,-0.524696,-0.398283,-0.675796,-0.188175,-0.710221,-0.715057,0.0393083,-0.652066,0.17426,-0.0876486,0.893332,0.339497,-0.720379,0.258499,0.0972357,-0.725697,0.0907655,0.00653105,-0.198129,0.791661
3.44,0,,22.0118,-1.49775,4.87558,-5.84462,10.4455,0.00404933,43.6131,-2.11444,8.03799,2.15969,1.79975,-7.25781,0.562067,5.62903,1.0441,1.0441,0.147865,-0.147865,3.15929,-3.15929,14.0871,-0.911479,4.62816,-0.856512,17.189,2.97192,151.556,-1.03423,0.205201,140.441,21.5371,1.02535,136.019,-21.4487,11.0125,137.023,-13.4487,8.87077,151.55,-2.53251,6.0499,151.813,-0.435963,8.03209,157.686,0.909527,0.903554,16.6049,30.7481,-82.52,85.4462,-242.156,3.90965,-38.0763,-330.523,-197.228,-290.073,415.955,738.635,-14.1606,-50.2813,-39.5444,3.91293,-41.4969,-37.5763,2.09585,11.1986,-3.89361,-0.31704,-0.524392,-0.399016,-0.673125,-0.189095,-0.713349,-0.716456,0.0452286,-0.649559,0.193858,-0.106512,0.890306,0.338764,-0.721049,0.256423,0.0962573,-0.726172,0.0889937,0.00616468,-0.198185,0.791704
3.45,0,,23.1612,-1.5421,4.71224,-5.79842,10.1973,0.186269,45.3389,-2.19153,5.88183,2.23217,0.434078,-7.27604,0.814818,5.39486,1.12123,1.12123,0.222384,-0.222384,3.18239,-3.18239,16.9844,-0.95012,5.2192,-0.897861,17.5187,2.9197,151.589,-1.10719,0.284325,140.699,22.5743,0.827865,136.167,-22.1052,11.0583,136.507,-16.1751,10.4709,151.77,-2.6686,6.07453,152.039,-0.494426,8.09479,157.692,0.94985,0.947157,38.0809,13.6618,-73.7377,112.799,-279.311,18.5617,-62.5014,-343.728,-216.823,-569.903,489.19,501.957,-2.93168,-70.3177,-45.3963,15.1626,-135.236,-50.7931,-0.349309,-6.24539,14.2766,-0.316486,-0.52414,-0.399804,-0.670674,-0.190435,-0.715903,-0.717685,0.0500511,-0.647064,0.210212,-0.127385,0.88626,0.337973,-0.721848,0.254289,0.0952793,-0.726588,0.0871613,0.00567647,-0.19831,0.791715
3.46,0,,24.226,-1.59642,4.53366,-5.72582,10.1849,0.315848,46.8695,-2.26862,3.84277,2.2943,-1.1645,-7.30078,0.952292,5.21132,1.19906,1.19906,0.315181,-0.315181,3.20453,-3.20453,19.6661,-0.966031,6.08191,-0.924442,17.8865,2.86441,151.627,-1.17983,0.381708,140.716,23.5373,0.555963,136.118,-22.6328,11.1398,135.913,-18.6767,12.344,151.929,-2.80963,6.09253,152.209,-0.56124,8.14953,157.697,0.965532,0.973804,59.0725,-6.84893,-86.4316,144.543,-272.497,8.2943,-108.413,-304.237,-164.024,-471.178,147.045,652.473,-1.43818,-95.2364,-43.4457,9.2932,-186.065,-72.2583,2.09585,-1.50751,17.3049,-0.315817,-0.523961,-0.400661,-0.66835,-0.192143,-0.718034,-0.718488,0.0530427,-0.644875,0.224007,-0.149297,0.881865,0.337243,-0.722586,0.252093,0.0946698,-0.7269,0.0856362,0.00543239,-0.198435,0.791725
3.47,0,,25.2438,-1.6197,4.35127,-5.64166,10.3928,0.410332,48.2116,-2.30166,1.53876,2.39636,-2.22382,-7.31119,1.18714,5.06828,1.29267,1.29267,0.422506,-0.422506,3.22667,-3.22667,22.4995,-0.997854,6.32976,-0.959884,18.5349,2.81065,151.649,-1.26681,0.494525,140.496,24.4395,0.210614,135.86,-23.0195,11.2721,134.93,-21.2765,13.8293,152.044,-2.92994,6.11621,152.33,-0.648099,8.19731,157.686,0.996895,1.00772,64.9394,-20.0061,-66.4034,129.424,-261.707,8.2943,-141.103,-211.419,-62.0532,293.56,-270.063,1034.3,33.1889,-114.766,-28.7983,25.3797,-158.706,-59.5721,-7.33548,1.93822,-9.0851,-0.314962,-0.523777,-0.401576,-0.666058,-0.194165,-0.719895,-0.71879,0.0542023,-0.643103,0.240492,-0.167307,0.877857,0.336383,-0.723367,0.249952,0.0944865,-0.727082,0.0842932,0.00506616,-0.198557,0.791786
3.48,0,,26.2186,-1.64076,4.16942,-5.53869,10.7759,0.489969,49.3921,-2.30386,0.514498,2.51914,-1.63447,-7.32031,1.29454,4.96955,1.38313,1.38313,0.545297,-0.545297,3.24881,-3.24881,23.8962,-1.01831,5.30499,-0.989419,19.088,2.78915,151.66,-1.34997,0.622775,140.073,25.3059,-0.201373,135.442,-23.2723,11.4286,134.178,-22.5076,13.5484,152.132,-3.04335,6.13658,152.418,-0.758342,8.23811,157.703,1.01706,1.03921,72.744,-8.29081,-48.331,90.8414,-247.592,38.0734,-141.592,-137.215,18.0535,148.415,817.879,166.962,20.5218,-139.177,-8.79553,14.6735,-95.2238,-48.8154,-7.68479,5.38395,6.48936,-0.313976,-0.5237,-0.40248,-0.663727,-0.196481,-0.721591,-0.718731,0.0537141,-0.6417,0.252082,-0.16718,0.877403,0.33553,-0.724103,0.247879,0.0946095,-0.727151,0.0830122,0.00476109,-0.198684,0.791745
3.49,0,,27.153,-1.65739,3.99574,-5.44233,11.28,0.592552,50.4065,-2.28404,1.79424,2.6434,-1.27552,-7.33073,1.11268,4.85309,1.45781,1.45781,0.661762,-0.661762,3.27095,-3.27095,22.7389,-1.04104,5.26686,-1.01895,19.3114,2.76765,151.671,-1.41752,0.743852,139.508,26.1426,-0.681456,134.921,-23.3791,11.5992,134.139,-21.3965,13.156,152.236,-3.13901,6.15505,152.522,-0.873597,8.27991,157.708,1.03946,1.06828,69.8375,-5.371,-45.4161,61.5438,-239.236,74.7218,-121.085,-70.8083,47.81,-762.123,1034.12,472.283,19.5261,-149.893,2.44714,11.7388,-48.3542,-56.1473,0,3.01501,6.92198,-0.313063,-0.523705,-0.403277,-0.661429,-0.199295,-0.723018,-0.718312,0.0518225,-0.640792,0.244828,-0.160594,0.880674,0.334557,-0.724843,0.245928,0.0946729,-0.727229,0.0816103,0.00445579,-0.198801,0.791727
3.5,0,,28.0406,-1.67624,3.82152,-5.32946,11.8633,0.734279,51.2863,-2.22457,3.443,2.79132,-2.08608,-7.33724,0.461826,4.69234,1.51636,1.51636,0.78924,-0.78924,3.29213,-3.29213,21.1347,-1.0615,6.52519,-1.04849,19.0853,2.74,151.677,-1.4685,0.874929,138.849,26.9422,-1.20288,134.35,-23.3842,11.7549,134.617,-19.9187,13.7304,152.385,-3.22284,6.16499,152.665,-1.01725,8.32072,157.708,1.06186,1.09977,65.9083,11.2467,-44.4382,49.3103,-208.49,113.782,-79.5806,69.8022,58.6058,-1008.83,470.737,303.177,32.2485,-160.165,10.7462,29.7817,-79.1058,-55.665,-2.79447,3.87645,-2.59574,-0.312156,-0.523841,-0.404082,0.659171,0.202409,0.72424,-0.717747,0.0490136,-0.640168,0.23073,-0.161694,0.882329,0.333507,-0.725548,0.244087,0.0946705,-0.727272,0.0798382,0.00415065,-0.198926,0.791736
3.51,0,,28.9124,-1.68733,3.64566,-5.21858,12.4418,0.929996,52.0605,-2.12986,4.60446,2.96439,-2.49261,-7.33333,-0.329364,4.50373,1.57,1.57,0.921639,-0.921639,3.31235,-3.31235,19.9534,-1.08423,7.25444,-1.07802,18.7338,2.73847,151.671,-1.51406,1.01079,138.185,27.7256,-1.73599,133.801,-23.296,11.8822,135.144,-18.8535,13.9055,152.566,-3.30173,6.17778,152.835,-1.19096,8.35158,157.719,1.08202,1.12884,49.8147,20.0061,-34.189,48.8085,-163.547,94.2335,-129.41,245.125,82.0118,-932.549,326.575,-415.438,23.9513,-150.907,14.1509,23.4232,-102.505,-69.3159,2.44516,0.430716,8.21985,-0.311168,-0.524066,-0.404799,0.656875,0.205754,0.725358,-0.717094,0.0456577,-0.639879,0.221088,-0.160841,0.88301,0.332357,-0.726303,0.242264,0.0946106,-0.72722,0.0777028,0.00384555,-0.199053,0.791695
3.52,0,,29.7517,-1.6973,3.45945,-5.09878,13.0003,1.13921,52.7226,-2.00432,5.23605,3.15225,-2.17039,-7.3151,-1.05826,4.31639,1.61067,1.61067,1.0524,-1.0524,3.33352,-3.33352,19.2351,-1.10696,7.09239,-1.11494,18.4478,2.75076,151.649,-1.54688,1.14425,137.521,28.4806,-2.2866,133.295,-23.1264,11.9621,135.529,-18.2095,13.3926,152.752,-3.36682,6.1792,153.005,-1.37972,8.37546,157.736,1.10667,1.1676,33.2098,26.3504,-32.2332,43.9151,-118.685,52.2504,-208.501,375.548,188.518,-836.003,466.316,-183.765,6.85904,-137.211,9.29205,-4.40204,-139.619,-19.0534,-6.98618,-1.50751,-6.05673,-0.310198,-0.524382,-0.405418,0.654661,0.209125,0.726322,-0.716459,0.0419328,-0.639857,0.217292,-0.155462,0.883574,0.33107,-0.727024,0.24049,0.0946115,-0.727105,0.0755061,0.00347906,-0.199222,0.79164
3.53,0,,30.5623,-1.70063,3.25528,-4.97865,13.3958,1.33628,53.268,-1.86115,5.48561,3.3416,-2.09109,-7.3164,-1.71484,4.15564,1.64643,1.64643,1.19511,-1.19511,3.35278,-3.35278,18.8201,-1.12287,7.01136,-1.14005,18.0691,2.77379,151.616,-1.57364,1.28946,137.027,29.2121,-2.76425,133.004,-22.894,11.898,135.952,-17.8559,13.0434,152.912,-3.4181,6.19199,153.148,-1.57348,8.40731,157.747,1.12011,1.19424,19.0539,30.2795,-39.5487,44.417,-81.53,23.4213,-257.351,464.845,244.584,-732.483,358.483,326.058,0.497833,-133.787,4.89429,5.38027,-147.466,-33.1867,0,4.95324,8.65247,-0.309105,-0.524819,-0.405975,0.652494,0.212412,0.727204,-0.716334,0.0385146,-0.639977,0.215161,-0.152352,0.883166,0.329794,-0.727768,0.238846,0.094857,-0.726993,0.0734318,0.003235,-0.199349,0.791598
3.54,0,,31.3495,-1.70617,3.05928,-4.86513,13.5556,1.49285,53.7056,-1.70036,5.63227,3.55609,-2.39494,-7.31901,-2.23395,4.03665,1.67728,1.67728,1.3411,-1.3411,3.37299,-3.37299,18.3971,-1.14333,7.20678,-1.16811,17.5705,2.80144,151.583,-1.59563,1.43749,136.807,29.9349,-3.10279,133.015,-22.6107,11.6308,136.501,-17.511,12.9388,153.027,-3.46445,6.21662,153.241,-1.77893,8.44414,157.758,1.14027,1.22331,4.38671,27.8283,-59.5769,24.4042,-51.2706,0,-282.205,472.139,251.932,-604.991,101.49,290.663,8.29722,-120.092,-1.95062,-14.1844,-134.247,-1.4471,-1.39724,1.07679,-4.32624,-0.308001,-0.525299,-0.406518,0.650294,0.215707,0.728056,-0.717038,0.0357695,-0.640128,0.212112,-0.151439,0.882142,0.328562,-0.728537,0.237251,0.0954637,-0.726843,0.0715368,0.00292988,-0.199476,0.791557
3.55,0,,32.1067,-1.69841,2.85566,-4.73873,13.447,1.63998,54.0198,-1.52857,5.89248,3.77206,-2.67292,-7.32942,-2.4287,3.95184,1.72111,1.72111,1.48123,-1.48123,3.3932,-3.3932,17.7426,-1.15242,7.34977,-1.19764,17.0828,2.85519,151.523,-1.63067,1.58031,136.873,30.628,-3.28908,133.356,-22.285,11.1598,137.034,-16.9391,12.7205,153.115,-3.50784,6.22372,153.307,-1.99274,8.48793,157.774,1.15147,1.2548,-10.2536,34.1726,-43.4603,-11.2297,-40.0755,16.5886,-265.126,424.347,214.827,-532.2,-2.49881,181.262,-8.29722,-108.425,1.4541,-16.0865,-112.332,7.33195,2.09585,-5.81467,-10.383,-0.306786,-0.525736,-0.406953,0.648224,0.218821,0.728794,-0.718603,0.0338762,-0.640291,0.207714,-0.148812,0.881701,0.327536,-0.729112,0.235855,0.0963151,-0.726697,0.0697643,0.00268567,-0.199655,0.791478
3.56,0,,32.8378,-1.69287,2.63189,-4.61365,13.1476,1.76551,54.224,-1.34796,6.36558,4.01761,-2.85072,-7.34505,-2.32846,3.90121,1.77019,1.77019,1.63121,-1.63121,3.41246,-3.41246,16.7609,-1.17288,7.39743,-1.22422,16.6387,2.92124,151.457,-1.67018,1.73355,137.17,31.3026,-3.35524,133.949,-21.9084,10.5165,137.534,-16.042,12.3281,153.164,-3.55518,6.24314,153.335,-2.2199,8.53272,157.79,1.17163,1.28387,-36.6277,12.6885,-63.4697,-33.6891,-38.5341,34.1637,-206.053,350.646,189.97,-562.929,37.6743,152.303,-21.96,-102.528,10.7462,-17.5538,-72.7434,-3.42479,-2.09585,1.50751,10.8156,-0.305437,-0.526214,-0.407372,0.646271,0.221873,0.729405,-0.720883,0.0325343,-0.640432,0.201483,-0.14362,0.882107,0.32674,-0.729656,0.234571,0.0974801,-0.726492,0.0681201,0.00238045,-0.199775,0.791408
3.57,0,,33.5298,-1.67402,2.3798,-4.48099,12.7086,1.87754,54.2824,-1.15193,6.92857,4.26464,-3.08696,-7.36328,-2.01557,3.86324,1.81682,1.81682,1.77767,-1.77767,3.43267,-3.43267,15.5637,-1.19561,7.46416,-1.25228,16.2164,2.98728,151.38,-1.70714,1.88332,137.631,31.9412,-3.34502,134.751,-21.447,9.72747,138.017,-14.9331,11.9153,153.197,-3.58674,6.25308,153.346,-2.44373,8.58249,157.801,1.19179,1.31536,-25.3783,12.6885,-67.8703,-40.0254,-49.3236,62.5178,-142.082,252.42,155.768,-619.592,52.6672,143.008,-4.8677,-97.1386,-2.94367,-0.489116,-53.7269,-5.83662,3.49309,-3.01501,0.865247,-0.304095,-0.526704,-0.407739,0.644569,0.224623,0.72984,-0.723679,0.0314351,-0.640665,0.193736,-0.137459,0.882923,0.326008,-0.730084,0.233534,0.0987605,-0.726299,0.0665932,0.00207532,-0.199902,0.791367
3.58,0,,34.1971,-1.65961,2.11956,-4.35129,12.158,1.98957,54.2083,-0.955905,7.39221,4.52351,-3.37913,-7.39713,-1.60028,3.83918,1.86731,1.86731,1.92295,-1.92295,3.45192,-3.45192,14.3585,-1.21606,7.54519,-1.26262,15.7859,3.06868,151.298,-1.74824,2.03179,138.224,32.5613,-3.25163,135.679,-20.8821,8.88439,138.479,-13.8067,11.5297,153.219,-3.62619,6.26445,153.346,-2.67925,8.63126,157.818,1.2142,1.32747,-26.3741,17.5909,-71.7819,-61.0419,-68.3879,81.5545,-113.311,166.519,114.762,-609.349,32.6767,133.355,2.93168,-79.575,0,4.89116,-24.884,-31.7396,-11.1779,1.07679,-0.432624,-0.302692,-0.527194,-0.408045,0.642927,0.227066,0.730275,-0.726486,0.0303974,-0.641275,0.185804,-0.131357,0.883669,0.32546,-0.730453,0.232558,0.100166,-0.726065,0.0650681,0.00183119,-0.199904,0.791316
3.59,0,,34.8213,-1.64742,1.84624,-4.21961,11.6027,2.1151,54.0153,-0.740055,7.7423,4.78977,-3.6304,-7.40234,-1.16423,3.78982,1.90658,1.90658,2.06918,-2.06918,3.47118,-3.47118,13.1852,-1.23879,7.53089,-1.2892,15.3663,3.1378,151.215,-1.77787,2.18091,138.844,33.148,-3.14365,136.634,-20.2239,8.02549,138.924,-12.7087,11.085,153.263,-3.65676,6.27345,153.357,-2.9248,8.66709,157.823,1.2366,1.35654,-22.4718,23.4306,-75.6747,-59.599,-75.6891,65.9159,-97.1495,99.1065,97.6158,-541.571,55.7426,123.702,-6.3612,-67.401,-3.90124,4.89116,17.6026,-32.7044,-2.44516,3.01501,-3.02837,-0.301347,-0.527738,-0.408347,0.641408,0.229022,0.730709,-0.72917,0.0290545,-0.642128,0.178353,-0.124762,0.884319,0.324902,-0.7308,0.231698,0.101507,-0.725749,0.0634191,0.00152595,-0.200022,0.791298
3.6,0,,35.4325,-1.63744,1.56476,-4.08826,11.0722,2.26897,53.7056,-0.539624,8.09831,5.04568,-3.85328,-7.41536,-0.81983,3.74552,1.95216,1.95216,2.20767,-2.20767,3.49043,-3.49043,11.9242,-1.2547,7.51659,-1.30544,14.8841,3.23916,151.122,-1.81388,2.3222,139.426,33.7124,-3.04637,137.551,-19.4572,7.20738,139.413,-11.5169,10.6199,153.312,-3.70015,6.2725,153.384,-3.167,8.70093,157.851,1.25228,1.37592,-7.80457,37.597,-93.2582,-63.9905,-77.636,54.187,-77.132,59.1117,81.5582,-496.676,55.166,69.7163,-21.0196,-55.6708,-8.29901,7.33674,35.6294,-12.2038,-2.44516,1.07679,-3.46099,-0.299957,-0.528252,-0.40855,0.639929,0.230604,0.731182,-0.731422,0.027101,-0.643405,0.170238,-0.117683,0.884821,0.324482,-0.731061,0.230849,0.102728,-0.725442,0.0617099,0.00128182,-0.200086,0.791187
3.61,0,,36.019,-1.62635,1.29416,-3.98101,10.613,2.44175,53.2971,-0.343597,8.48389,5.28827,-4.04527,-7.43229,-0.603596,3.67083,2.00124,2.00124,2.33655,-2.33655,3.50968,-3.50968,10.5673,-1.26152,7.488,-1.31578,14.3474,3.32978,151.023,-1.85434,2.45458,139.931,34.2458,-2.97633,138.375,-18.6056,6.43754,139.945,-10.2377,10.1354,153.389,-3.74946,6.28529,153.434,-3.4092,8.73477,157.862,1.259,1.38803,-10.738,42.4634,-92.2803,-58.5952,-68.3879,45.8927,-72.7244,31.694,74.6634,-492.754,4.42097,91.8825,-19.0283,-34.176,-13.6544,7.33674,22.9753,-30.2925,2.44516,4.95324,-5.19148,-0.298598,-0.528711,-0.40871,0.638461,0.231823,0.731727,-0.733267,0.0244158,-0.644943,0.161503,-0.11011,0.885153,0.324048,-0.731413,0.229928,0.103828,-0.725145,0.0598794,0.00115974,-0.200147,0.791126
3.62,0,,36.5898,-1.63522,1.01867,-3.8721,10.2594,2.61317,52.7877,-0.176204,8.7784,5.53087,-4.18301,-7.45052,-0.537723,3.59742,2.05138,2.05138,2.46497,-2.46497,3.52893,-3.52893,9.23445,-1.27289,7.41173,-1.32759,13.7779,3.42193,150.935,-1.89576,2.58653,140.32,34.7595,-2.9666,139.083,-17.654,5.73428,140.511,-8.96944,9.62933,153.46,-3.81948,6.29524,153.483,-3.64472,8.77159,157.884,1.2702,1.40257,0.484422,66.3986,-82.0311,-69.825,-67.9011,31.7522,-74.6833,10.6904,55.7027,-438.052,-33.6378,162.671,-22.9556,-26.8843,-23.4429,11.7388,40.5072,-20.5005,1.04793,5.38395,-12.5461,-0.29726,-0.529146,-0.4089,0.63706,0.232923,0.732219,-0.734574,0.0208134,-0.646864,0.15296,-0.10236,0.885167,0.323697,-0.731752,0.22884,0.104862,-0.724879,0.0580465,0.00097659,-0.200201,0.791038
3.63,0,,37.1111,-1.68844,0.789457,-3.78795,9.97395,2.80079,52.1862,-0.0352407,9.02204,5.76755,-4.33076,-7.47656,-0.607176,3.51261,2.08048,2.08048,2.57206,-2.57206,3.54915,-3.54915,7.90156,-1.27971,7.36407,-1.34531,13.1758,3.52177,150.836,-1.91711,2.69587,140.611,35.2446,-2.97195,139.671,-16.6277,5.0976,141.088,-7.69027,9.1767,153.548,-3.91612,6.30471,153.549,-3.88191,8.82235,157.906,1.27692,1.42437,-6.83573,64.452,-92.2803,-74.2165,-67.4144,33.2137,-83.4984,-2.38962,50.2595,-363.735,-109.371,170.894,-6.3612,-24.4115,-26.8476,23.9123,64.9671,-17.0757,-6.28756,-4.30716,-4.75886,-0.296101,-0.529636,-0.408901,0.635554,0.233846,0.732853,-0.735381,0.0163581,-0.649074,0.144174,-0.0949159,0.884945,0.323442,-0.732094,0.227551,0.105841,-0.724709,0.0560943,0.000793481,-0.200323,0.790918
3.64,0,,37.6024,-1.75052,0.56732,-3.71072,9.78006,3.00325,51.4725,0.0881018,9.22311,6.00127,-4.48603,-7.48437,-0.77329,3.40501,2.10923,2.10923,2.67915,-2.67915,3.5684,-3.5684,6.52876,-1.29789,7.345,-1.36156,12.5764,3.61545,150.743,-1.93846,2.80521,140.803,35.6976,-3.02107,140.148,-15.5081,4.51086,141.648,-6.37181,8.77296,153.647,-4.02263,6.31892,153.637,-4.10908,8.8542,157.922,1.29484,1.44375,-0.484422,68.8498,-92.7692,-84.9443,-75.6891,31.7522,-84.4779,5.40809,47.3564,-295.303,-193.754,199.138,-1.43818,-17.1197,-19.0452,19.5103,58.1099,-8.29668,9.78065,1.07679,3.46099,-0.294941,-0.530125,-0.408901,0.634077,0.234574,0.73351,-0.735712,0.0109871,-0.651599,0.134957,-0.0875906,0.884635,0.323257,-0.732456,0.226207,0.106633,-0.72446,0.0541407,0.000549334,-0.200385,0.790857
3.65,0,,38.0403,-1.84586,0.376761,-3.63911,9.64666,3.22192,50.6556,0.191621,9.42181,6.2483,-4.62043,-7.49088,-0.989524,3.2835,2.12641,2.12641,2.7689,-2.7689,3.58862,-3.58862,5.09212,-1.32517,7.33071,-1.38371,12.0152,3.71221,150.65,-1.94897,2.8965,140.913,36.1098,-3.0916,140.533,-14.3172,3.97072,142.176,-4.9835,8.39652,153.768,-4.15281,6.31797,153.741,-4.34293,8.89203,157.95,1.32173,1.4704,4.38671,68.8498,-97.6587,-96.174,-94.2665,16.1136,-98.6187,8.3008,37.1049,-219.68,-250.073,186.983,-0.995666,-16.6125,-19.0452,6.84762,37.114,-3.42479,0,-1.93822,-1.29787,-0.293956,-0.530597,-0.408828,0.632645,0.235052,0.73421,-0.735614,0.00488293,-0.654374,0.125186,-0.0800802,0.884361,0.323258,-0.732702,0.224804,0.107301,-0.724252,0.0520026,0.000183114,-0.200448,0.790746
3.66,0,,38.4352,-1.95894,0.179669,-3.57707,9.56134,3.45408,49.731,0.26871,9.63234,6.47018,-4.73646,-7.50651,-1.17998,3.1316,2.14008,2.14008,2.861,-2.861,3.60883,-3.60883,3.58364,-1.34108,7.32594,-1.39109,11.5247,3.79362,150.562,-1.95566,2.98997,140.979,36.4786,-3.1884,140.862,-13.0551,3.46304,142.621,-3.51006,8.0451,153.905,-4.29975,6.32602,153.868,-4.56676,8.92487,157.966,1.33741,1.48008,8.80033,75.6987,-96.6808,-109.85,-113.25,0.986547,-93.2317,18.6139,39.5544,-186.553,-302.163,129.422,3.92735,-23.9042,1.95062,10.2714,1.48456,-6.84959,-0.349309,-1.93822,2.59574,-0.292982,-0.531091,-0.408771,0.631372,0.235361,0.73483,-0.735139,-0.0017701,-0.657377,0.114749,-0.0722676,0.884301,0.323318,-0.733005,0.223277,0.107797,-0.724059,0.0498088,0,-0.200451,0.790695
3.67,0,,38.8027,-2.07978,-0.0130669,-3.51073,9.51946,3.70109,48.7188,0.350205,9.82986,6.7113,-4.83496,-7.49869,-1.35111,2.96958,2.15621,2.15621,2.93973,-2.93973,3.62904,-3.62904,2.01929,-1.36381,7.30211,-1.41029,11.1079,3.87809,150.474,-1.96586,3.07018,140.979,36.814,-3.32265,141.131,-11.7337,2.96285,142.989,-1.98423,7.69141,154.053,-4.45852,6.31323,154.005,-4.80562,8.94677,157.983,1.36205,1.50189,14.1559,75.6987,-92.7692,-121.582,-124.039,-0.986547,-96.1701,25.4055,28.8493,-138.607,-307.546,122.987,9.79072,-36.6489,11.2427,14.1844,-38.5985,-15.1463,1.39724,-1.93822,8.65247,-0.292069,-0.531523,-0.408652,0.630262,0.235723,0.735306,-0.734421,-0.00903377,-0.660442,0.10401,-0.064091,0.884394,0.323443,-0.733195,0.221692,0.10828,-0.723776,0.0474868,-0.000305194,-0.200512,0.790635
3.68,0,,39.1233,-2.20395,-0.197092,-3.4411,9.49775,3.9184,47.6012,0.425091,9.98717,6.95389,-4.93347,-7.48958,-1.44204,2.81895,2.17795,2.17795,3.00628,-3.00628,3.64926,-3.64926,0.446957,-1.38881,7.28304,-1.42949,10.8,3.9472,150.403,-1.98211,3.13866,140.974,37.095,-3.46419,141.378,-10.3562,2.48513,143.252,-0.440941,7.36729,154.19,-4.62223,6.28671,154.131,-5.04448,8.96767,157.999,1.38445,1.52611,11.2224,63.9474,-90.3244,-123.025,-115.683,8.80584,-98.6187,33.2032,38.5564,-81.944,-271.409,59.7058,4.36987,-54.2125,11.2427,-7.82585,-69.8449,-17.0757,-2.09585,-2.36894,-4.75886,-0.291278,-0.531833,-0.408596,0.629436,0.236039,0.735583,-0.733377,-0.0166025,-0.663671,0.0930796,-0.0559088,0.884714,0.323565,-0.733316,0.220044,0.108831,-0.723483,0.0452292,-0.000610388,-0.200573,0.790574
3.69,0,,39.3931,-2.31481,-0.390917,-3.37477,9.48379,4.09792,46.3803,0.528611,10.1232,7.2172,-5.06452,-7.47786,-1.46639,2.6949,2.20354,2.20354,3.06885,-3.06885,3.66947,-3.66947,-1.1573,-1.41609,7.29734,-1.44426,10.5739,4.00403,150.342,-2.00282,3.20343,140.968,37.3202,-3.61546,141.614,-8.92791,2.01241,143.434,1.13728,7.08297,154.3,-4.77213,6.26161,154.23,-5.29503,8.97862,158.016,1.41357,1.54307,7.32015,56.1612,-97.1698,-120.578,-104.001,0,-81.0498,34.7124,33.6575,-69.7396,-228.929,-68.2862,-3.42952,-95.2364,17.5911,4.89116,-69.3501,-26.8677,-2.09585,-0.430716,-1.29787,-0.290546,-0.532078,-0.408596,0.628939,0.23628,0.735634,-0.732096,-0.0244154,-0.666968,0.0817905,-0.0477925,0.885169,0.323576,-0.733463,0.218403,0.109627,-0.723075,0.0430939,-0.000915593,-0.200576,0.790523
3.7,0,,39.6172,-2.43565,-0.608698,-3.31998,9.46052,4.28419,45.0696,0.625523,10.1729,7.47754,-5.22313,-7.48047,-1.42629,2.57085,2.22247,2.22247,3.13072,-3.13072,3.68969,-3.68969,-2.72165,-1.44336,7.32117,-1.44721,10.4022,4.06854,150.276,-2.01652,3.26712,140.968,37.5034,-3.77501,141.851,-7.45039,1.55133,143.549,2.68057,6.83049,154.41,-4.92696,6.24551,154.323,-5.54559,8.99454,158.032,1.43822,1.54791,1.9646,52.2321,-92.2803,-114.242,-89.8047,-3.90965,-61.5219,8.80387,24.8576,-66.4705,-189.909,-38.9696,-9.79072,-112.8,11.7037,3.91293,-55.6356,-27.3501,-8.38341,-1.50751,-9.95035,-0.289811,-0.532378,-0.408531,0.628686,0.236276,0.735562,-0.730538,-0.03241,-0.670357,0.070684,-0.039981,0.885687,0.323687,-0.733622,0.216809,0.110418,-0.722691,0.0409566,-0.00115968,-0.200503,0.790477
3.71,0,,39.8036,-2.54208,-0.827024,-3.27576,9.43725,4.43807,43.6669,0.737853,10.0617,7.73493,-5.39426,-7.48047,-1.35111,2.46452,2.24982,2.24982,3.18555,-3.18555,3.7099,-3.7099,-4.17426,-1.45246,7.33547,-1.45164,10.2796,4.11615,150.221,-2.03914,3.32429,140.985,37.6396,-3.9326,142.076,-5.92367,1.10191,143.62,4.11035,6.59053,154.498,-5.0739,6.23603,154.4,-5.80616,9.00848,158.043,1.44942,1.55518,3.41786,57.6031,-100.592,-117.19,-88.3445,-10.2674,-22.9559,-13.2058,3.901,-21.5757,-133.782,-21.0937,-10.7311,-125.988,13.1933,-4.40204,-48.3542,-30.7749,-1.04793,-3.44573,-6.92198,-0.289144,-0.532569,-0.408537,0.628696,0.236158,0.73533,-0.728695,-0.0405916,-0.67382,0.0604261,-0.0326545,0.886128,0.323805,-0.733795,0.21528,0.111394,-0.722259,0.038881,-0.00128177,-0.200506,0.790426
3.72,0,,39.9522,-2.65959,-1.05787,-3.23352,9.40623,4.58789,42.2126,0.850182,9.84642,7.99824,-5.55286,-7.47916,-1.26948,2.37212,2.27717,2.27717,3.24015,-3.24015,3.73108,-3.73108,-5.53907,-1.45928,7.35454,-1.45459,10.1734,4.17144,150.166,-2.06176,3.38146,141.007,37.7374,-4.08922,142.279,-4.37999,0.696603,143.675,5.44846,6.37103,154.586,-5.2307,6.22751,154.472,-6.07175,9.02042,158.065,1.45614,1.56002,-3.90229,47.8344,-104.485,-111.795,-72.7686,-15.127,4.40754,-35.2155,-3.4474,20.0501,-97.6457,9.29551,-20.024,-130.364,0,-7.33674,-68.3604,-23.9253,5.23963,-2.36894,-0.865247,-0.288476,-0.532759,-0.408542,0.628931,0.235971,0.734953,-0.726471,-0.0487691,-0.677396,0.0507833,-0.0258189,0.886448,0.324056,-0.733934,0.213759,0.112434,-0.721787,0.0368066,-0.00140388,-0.200511,0.790324
3.73,0,,40.076,-2.77711,-1.31758,-3.18369,9.40313,4.73232,40.7022,0.966917,9.55192,8.28225,-5.62298,-7.5,-1.18929,2.27718,2.31012,2.31012,3.30319,-3.30319,3.75226,-3.75226,-6.84004,-1.47746,7.29734,-1.44573,10.0916,4.22366,150.112,-2.08916,3.44711,141.007,37.8017,-4.27844,142.449,-2.81086,0.328743,143.697,6.73199,6.09467,154.668,-5.39145,6.21898,154.538,-6.3507,9.04132,158.087,1.47182,1.55518,-8.80033,42.968,-105.463,-106.463,-44.9429,-19.0367,8.81508,-71.8145,-18.5978,55.5737,-64.3923,78.6543,-6.3612,-130.871,-5.85186,0.489116,-75.2176,-36.1292,0,-1.93822,-3.89361,-0.287745,-0.532945,-0.408605,0.629434,0.235794,0.734361,-0.723855,-0.057132,-0.681067,0.0418104,-0.0187384,0.886685,0.324362,-0.734056,0.212233,0.113589,-0.721333,0.0346689,-0.00152596,-0.200389,0.790265
3.74,0,,40.162,-2.88797,-1.56966,-3.14243,9.41553,4.85515,39.147,1.10788,9.21601,8.57366,-5.59877,-7.52343,-1.16137,2.19491,2.34518,2.34518,3.35122,-3.35122,3.77344,-3.77344,-8.10109,-1.48428,7.18295,-1.43983,9.99629,4.26513,150.068,-2.11975,3.49798,140.99,37.8215,-4.48273,142.564,-1.23834,0.00416131,143.741,7.97623,5.766,154.734,-5.54529,6.20572,154.587,-6.64134,9.0672,158.103,1.48078,1.55033,-14.6403,45.8878,-123.047,-119.135,-25.8787,-0.475004,2.93836,-93.3211,-23.406,109.84,14.6084,130.495,-2.93168,-133.28,-14.1509,3.42381,-87.8717,-59.0897,-1.04793,-10.3372,-3.02837,-0.287123,-0.533046,-0.40865,0.630167,0.23555,0.733628,-0.720866,-0.0656165,-0.684792,0.0333256,-0.0114137,0.886667,0.324727,-0.734115,0.210828,0.114935,-0.720859,0.0325333,-0.00158698,-0.200326,0.790195
3.75,0,,40.2389,-2.99994,-1.81956,-3.11636,9.43105,4.97123,37.5894,1.24664,8.88603,8.88134,-5.54535,-7.55989,-1.19788,2.11136,2.3855,2.3855,3.39012,-3.39012,3.79365,-3.79365,-9.35417,-1.50019,7.06379,-1.42211,9.85461,4.30353,150.013,-2.15639,3.54036,140.957,37.8265,-4.69383,142.652,0.324004,-0.28713,143.818,9.2161,5.4487,154.789,-5.70801,6.19862,154.625,-6.94201,9.09706,158.109,1.49646,1.5358,-9.28475,52.7368,-116.22,-133.815,-17.604,-2.4481,0,-99.6096,-32.206,140.133,72.2732,157.309,-13.6628,-126.94,2.44714,-12.2279,-105.969,-42.9787,-11.8765,1.50751,-2.16312,-0.286506,-0.533094,-0.40864,0.63097,0.235309,0.732846,-0.717601,-0.0740978,-0.688487,0.0248432,-0.00421174,0.886358,0.325212,-0.734168,0.209422,0.116399,-0.720371,0.0303969,-0.00164802,-0.200143,0.790196
3.76,0,,40.2884,-3.10748,-2.08308,-3.08831,9.46672,5.08731,36.0072,1.40743,8.5383,9.18754,-5.50611,-7.59375,-1.31459,2.04934,2.42582,2.42582,3.43652,-3.43652,3.81483,-3.81483,-10.5833,-1.49337,6.97799,-1.40881,9.65572,4.35882,149.958,-2.19207,3.58992,140.902,37.8005,-4.91855,142.702,1.88126,-0.556783,143.95,10.4298,5.18258,154.844,-5.86482,6.19672,154.653,-7.25937,9.12791,158.131,1.48974,1.52369,-7.80457,66.3986,-102.059,-136.701,4.38072,2.9231,2.93836,-91.3088,-12.7009,216.846,118.213,216.299,-3.92735,-127.447,5.85186,-5.86939,-94.729,-35.6468,-14.3217,3.87645,-4.75886,-0.285844,-0.533173,-0.408654,0.63193,0.234998,0.731972,-0.714094,-0.0826466,-0.69212,0.0163584,0.00250259,0.885735,0.325703,-0.734235,0.208081,0.117989,-0.719838,0.0282002,-0.00158699,-0.200083,0.790076
3.77,0,,40.3001,-3.20836,-2.34659,-3.07874,9.49309,5.18989,34.3981,1.57702,8.17874,9.49374,-5.55119,-7.64323,-1.51865,1.98984,2.46789,2.46789,3.46792,-3.46792,3.83504,-3.83504,-11.7805,-1.48655,6.99229,-1.38666,9.37782,4.40643,149.914,-2.23063,3.62492,140.858,37.7349,-5.14716,142.735,3.42494,-0.799803,144.17,11.6194,5.04838,154.893,-6.01669,6.20004,154.68,-7.57841,9.16474,158.153,1.48078,1.50189,-18.0582,58.5764,-110.842,-135.76,23.9317,18.5617,14.1409,-63.0106,-18.5978,261.741,105.527,-16.0884,0.497833,-144.503,18.0521,19.0212,-123.996,-51.7578,1.04793,0,-3.46099,-0.285292,-0.533168,-0.40865,0.633084,0.234324,0.73105,-0.710361,-0.0910688,-0.695712,0.00756885,0.0081182,0.884762,0.3262,-0.734317,0.206805,0.119633,-0.719325,0.0260019,-0.00146493,-0.199964,0.789966
3.78,0,,40.2819,-3.31701,-2.62535,-3.0563,9.52256,5.26683,32.7912,1.76644,7.81918,9.82066,-5.6522,-7.70573,-1.78644,1.94934,2.49805,2.49805,3.50589,-3.50589,3.85622,-3.85622,-12.9538,-1.47973,7.07809,-1.35713,9.0427,4.44636,149.881,-2.25675,3.66579,140.831,37.6482,-5.38209,142.768,4.94826,-1.03034,144.455,12.7938,5.00516,154.926,-6.16166,6.19862,154.691,-7.91081,9.20754,158.18,1.4763,1.47282,-9.28475,63.4788,-111.331,-138.207,25.3919,30.7656,5.87672,-27.292,9.25355,278.304,75.7331,-202.714,-4.36987,-131.378,25.8901,-2.44558,-98.6171,-32.7044,-6.98618,3.01501,-0.865247,-0.284803,-0.533228,-0.40871,0.63437,0.23341,0.730078,-0.706505,-0.0993075,-0.699181,-0.0014039,0.0130013,0.883478,0.326682,-0.734363,0.20558,0.121467,-0.71879,0.023805,-0.00134285,-0.199779,0.789837
3.79,0,,40.2259,-3.42343,-2.88288,-3.06125,9.49309,5.32487,31.182,1.98449,7.32243,10.1638,-5.73567,-7.7539,-2.03633,1.91643,2.52609,2.52609,3.52041,-3.52041,3.87644,-3.87644,-13.9594,-1.46837,7.11145,-1.34088,8.69396,4.47708,149.859,-2.28256,3.68296,140.869,37.5307,-5.57228,142.844,6.44105,-1.24506,144.774,13.798,4.96194,154.953,-6.29972,6.20288,154.686,-8.26493,9.24834,158.208,1.46286,1.45586,-9.76917,70.3277,-106.93,-145.045,21.498,36.6118,-11.6922,6.28848,34.6554,316.879,83.9984,-164.101,-11.2289,-125.481,22.9464,-11.7388,-86.882,-14.1815,-20.6092,0,3.02837,-0.284508,-0.533186,-0.408725,0.635778,0.232191,0.729106,-0.70259,-0.107058,-0.702529,-0.00903363,0.0172738,0.881999,0.32717,-0.734423,0.20442,0.12348,-0.718174,0.0215464,-0.00122073,-0.199711,0.789689
3.8,0,,40.1542,-3.53762,-3.14095,-3.06257,9.40313,5.35996,29.5886,2.18933,6.666,10.4922,-5.80913,-7.8138,-2.24827,1.9025,2.55274,2.55274,3.5326,-3.5326,3.89665,-3.89665,-14.7815,-1.44564,7.10669,-1.32021,8.33432,4.50165,149.848,-2.30709,3.69774,141.001,37.4057,-5.7182,142.982,7.9084,-1.44397,145.131,14.6187,4.91645,154.975,-6.44272,6.20335,154.68,-8.61069,9.29711,158.246,1.44046,1.43406,-9.28475,62.5055,-116.69,-139.148,36.5871,69.8256,-20.0176,43.5163,43.4554,389.234,110.332,-143.008,0,-110.327,36.6362,5.38027,-77.6212,-24.4077,4.89032,-1.93822,12.1135,-0.284311,-0.533099,-0.408827,0.637316,0.230974,0.728021,-0.698636,-0.114201,-0.705777,-0.0151982,0.0208746,0.880336,0.32765,-0.734466,0.203194,0.125492,-0.71761,0.0193487,-0.00103765,-0.199656,0.789467
3.81,0,,40.0734,-3.64959,-3.38269,-3.08138,9.21699,5.37346,28.0445,2.41619,5.94688,10.8399,-5.86924,-7.86328,-2.37357,1.87972,2.57307,2.57307,3.52955,-3.52955,3.91687,-3.91687,-15.4839,-1.432,7.06379,-1.30544,7.98286,4.49705,149.864,-2.32621,3.69687,141.259,37.2868,-5.79457,143.212,9.33164,-1.62124,145.499,15.3303,4.86073,155.003,-6.57684,6.20809,154.669,-8.96815,9.33991,158.279,1.42702,1.4171,-7.80457,68.3451,-127.447,-139.65,41.5357,92.7719,-44.4427,16.6016,76.2057,465.294,156.272,-69.0013,2.43385,-102.528,28.3372,0,-19.0165,0,8.73272,6.89146,-0.865247,-0.284325,-0.532941,-0.408969,0.638914,0.229758,0.726874,-0.694737,-0.120428,-0.708897,-0.0204473,0.0241706,0.878563,0.328083,-0.734539,0.202038,0.127574,-0.716975,0.0170912,-0.000915586,-0.199598,0.789296
3.82,0,,39.9952,-3.77154,-3.62551,-3.08765,8.91916,5.38426,26.5633,2.65186,5.24315,11.2111,-5.92851,-7.91406,-2.433,1.84934,2.59797,2.59797,3.52651,-3.52651,3.98136,-3.98136,-16.1543,-1.42291,7.01612,-1.29363,7.6314,4.44176,149.897,-2.34692,3.69818,141.671,37.1816,-5.78581,143.569,10.7023,-1.77188,145.933,16.0048,4.8141,155.036,-6.72082,6.20146,154.669,-9.34565,9.38868,158.312,1.41806,1.40257,-17.5737,62.9741,-114.264,-140.152,55.6513,110.822,-58.0938,-26.4116,44.4533,497.548,227.968,-11.0831,4.8677,-71.776,31.7419,13.2061,-31.7413,-4.38952,6.98618,-3.44573,7.78723,-0.28438,-0.532748,-0.409205,0.640541,0.228529,0.72569,-0.690947,-0.125555,-0.711883,-0.0253919,0.027284,0.876508,0.328627,-0.734528,0.200875,0.129703,-0.716329,0.0146489,-0.000854529,-0.199533,0.789097
3.83,0,,39.9014,-3.9079,-3.84983,-3.11504,8.52672,5.38831,25.1584,2.90075,4.6293,11.5883,-6.09713,-7.95052,-2.47668,1.80377,2.61094,2.61094,3.5101,-3.5101,4.04489,-4.04489,-16.8327,-1.40927,7.07332,-1.28772,7.21182,4.36343,149.952,-2.3568,3.68535,142.22,37.0826,-5.70604,144.036,12.0017,-1.89922,146.46,16.6946,4.89939,155.085,-6.86776,6.20335,154.691,-9.73818,9.43148,158.356,1.40461,1.3953,-4.87113,79.5918,-118.646,-143.038,58.5718,110.347,-49.34,-81.4987,35.6534,491.664,192.408,-134.785,4.8677,-52.2469,36.1397,22.9341,-36.1243,-2.94243,8.73272,0,14.7092,-0.284686,-0.532505,-0.409511,0.642205,0.227192,0.724488,0.687365,0.129587,0.71465,-0.0309466,0.0295428,0.874136,0.329117,-0.734593,0.199655,0.131784,-0.715623,0.0120247,-0.000793504,-0.199536,0.788865
3.84,0,,39.788,-4.05868,-4.08122,-3.13385,8.06137,5.38696,23.814,3.14744,4.03319,11.9818,-6.33671,-7.98047,-2.51033,1.73289,2.62496,2.62496,3.49628,-3.49628,4.15463,-4.15463,-17.4553,-1.40472,7.21155,-1.28772,6.77317,4.21137,150.024,-2.36508,3.67709,142.873,36.9725,-5.57422,144.596,13.2282,-1.99077,147.076,17.332,5.08818,155.151,-7.02654,6.20004,154.719,-10.1407,9.4703,158.389,1.40013,1.39046,-12.2182,80.0604,-115.731,-142.097,43.4827,104.501,-40.0352,-144.006,-23.9504,503.868,74.1954,-142.65,5.36554,-42.4823,31.7419,15.6517,-22.4805,-6.36722,-1.04793,3.01501,11.2482,-0.285045,-0.532247,-0.409928,0.643968,0.225602,0.723258,0.683927,0.132635,0.717254,-0.0364397,0.0308853,0.871502,0.329553,-0.734673,0.198257,0.133857,-0.71488,0.00927781,-0.000793468,-0.199527,0.788707
3.85,0,,39.642,-4.21056,-4.27559,-3.1553,7.5681,5.39236,22.5169,3.40954,3.36493,12.3783,-6.42603,-8.00781,-2.51534,1.65061,2.63303,2.63303,3.47331,-3.47331,4.24608,-4.24608,-17.9421,-1.39109,7.20678,-1.28624,6.3427,4.07007,150.112,-2.3689,3.65861,143.565,36.8437,-5.3962,145.173,14.3885,-2.03987,147.691,17.8254,5.15756,155.233,-7.18235,6.1882,154.763,-10.5567,9.50712,158.422,1.38669,1.38319,-6.35131,79.5918,-137.207,-139.148,32.6931,85.4642,-26.384,-171.927,-34.6554,594.312,22.8737,23.9538,11.2289,-24.9187,35.6432,11.7388,-41.9918,-26.8677,10.8286,4.30716,16.4397,-0.285538,-0.53195,-0.410362,0.645681,0.223772,0.722164,0.68051,0.135138,0.719757,-0.0403462,0.0325944,0.868756,0.329846,-0.734767,0.196784,0.135874,-0.714104,0.00634813,-0.000732469,-0.199537,0.788502
3.86,0,,39.4908,-4.36022,-4.44981,-3.17048,7.11051,5.36941,21.2892,3.67605,2.69786,12.7954,-6.41768,-8.03776,-2.55687,1.57719,2.65091,2.65091,3.44754,-3.44754,4.3125,-4.3125,-18.3332,-1.38881,7.10192,-1.27886,5.89315,3.94106,150.21,-2.3842,3.63688,144.229,36.6964,-5.23131,145.727,15.4623,-2.07566,148.317,18.2336,5.15301,155.31,-7.34409,6.1702,154.801,-10.9809,9.54295,158.466,1.38445,1.3735,-2.44902,89.8291,-130.851,-155.773,9.73493,60.5447,-46.4016,-202.615,-8.79994,679.307,15.1851,134.427,20.024,-34.6833,38.5868,29.2926,-42.4867,-27.3501,0,-3.01501,12.1135,-0.286091,-0.531529,-0.410916,0.647436,0.221936,0.721049,0.677298,0.13734,0.721979,-0.0432749,0.0345467,0.865865,0.330044,-0.734863,0.195145,0.138004,-0.713277,0.00341806,-0.000732453,-0.199471,0.788303
3.87,0,,39.2901,-4.52984,-4.58865,-3.17906,6.64361,5.33432,20.1132,3.95357,2.2425,13.2199,-6.41517,-8.0638,-2.61486,1.49745,2.65161,2.65161,3.41285,-3.41285,4.38758,-4.38758,-18.86,-1.38199,7.04949,-1.27886,5.44088,3.78594,150.326,-2.38292,3.60558,144.904,36.5195,-5.03529,146.287,16.4546,-2.08149,148.965,18.7727,5.19395,155.387,-7.50582,6.13752,154.84,-11.4169,9.58277,158.499,1.37773,1.37108,-6.83573,78.6185,-131.34,-156.275,0.973493,64.9294,-54.176,-253.929,-19.0514,710.036,-28.2557,-65.0686,21.0196,-38.5511,33.196,37.1185,-40.0124,-28.7972,-4.54101,5.81467,0.432624,-0.286814,-0.531145,-0.411451,0.649221,0.220049,0.719966,0.674229,0.139045,0.724037,-0.0473656,0.036745,0.862836,0.330031,-0.734954,0.193306,0.140204,-0.712433,0.000427265,-0.000732455,-0.199472,0.788121
3.88,0,,39.0425,-4.71276,-4.70081,-3.19227,6.17982,5.28303,18.9776,4.21347,2.03079,13.6371,-6.43938,-8.07682,-2.68647,1.43036,2.65406,2.65406,3.36364,-3.36364,4.49636,-4.49636,-19.5464,-1.3729,7.07332,-1.27886,5.02675,3.58934,150.457,-2.38229,3.56123,145.574,36.2979,-4.83197,146.847,17.3639,-2.06983,149.619,19.4691,5.29289,155.458,-7.6784,6.09727,154.873,-11.8462,9.60864,158.543,1.37101,1.36623,4.38671,71.301,-154.302,-147.931,-5.84096,59.5582,-46.8913,-302.224,-84.0077,658.167,-76.1175,-311.042,12.2246,-38.5511,28.7983,28.8035,-15.1284,-53.6873,8.38341,0,-6.92198,-0.287679,-0.530677,-0.412016,0.651149,0.218026,0.71884,0.671374,0.14033,0.725882,-0.0528592,0.0392477,0.859725,0.329849,-0.73508,0.191171,0.142342,-0.711526,-0.00250258,-0.000732466,-0.199475,0.787889
3.89,0,,38.7675,-4.88682,-4.79173,-3.21306,5.77341,5.23443,17.8847,4.47557,1.87585,14.0823,-6.51368,-8.10807,-2.80532,1.35061,2.66809,2.66809,3.30459,-3.30459,4.54834,-4.54834,-20.2009,-1.38427,7.14005,-1.27148,4.57993,3.45265,150.595,-2.3979,3.50558,146.172,36.0293,-4.66416,147.347,18.1815,-2.06151,150.262,20.1327,5.45552,155.541,-7.85887,6.05227,154.922,-12.2871,9.64746,158.592,1.38221,1.35654,27.8273,76.672,-179.69,-138.207,-8.76143,48.8158,-20.5073,-313.418,-115.76,638.117,-130.322,-392.556,4.8677,-50.7885,12.6968,29.7817,-9.26082,-32.222,-4.89032,1.93822,-16.0071,-0.288587,-0.530053,-0.412616,0.653213,0.215886,0.717668,0.668787,0.141546,0.727444,-0.0583514,0.0412,0.856716,0.329481,-0.735258,0.188789,0.144477,-0.710667,-0.00561551,-0.000854546,-0.199353,0.787647
3.9,0,,38.4808,-5.06087,-4.85108,-3.2421,5.4818,5.17909,16.8321,4.72446,1.58726,14.5232,-6.63555,-8.13671,-3.00079,1.27467,2.69543,2.69543,3.24273,-3.24273,4.48192,-4.48192,-20.6478,-1.38427,7.21155,-1.26409,4.07862,3.43268,150.743,-2.4339,3.4432,146.633,35.7199,-4.55909,147.72,18.9245,-2.06401,150.866,20.5889,5.67615,155.629,-8.06005,6.0087,154.977,-12.7331,9.68727,158.653,1.37997,1.34685,41.4988,73.7161,-158.195,-117.19,2.92048,22.9463,-17.5689,-292.54,-106.96,656.206,-174.34,-483.724,10.2332,-62.9625,0.993044,42.4987,14.6335,-26.8677,-5.93825,-3.01501,-5.19148,-0.289504,-0.529262,-0.413289,0.655305,0.213694,0.716526,0.666392,0.14313,0.728771,-0.0625029,0.041872,0.854043,0.329176,-0.735442,0.186226,0.146611,-0.709798,-0.00878931,-0.000915588,-0.199293,0.787344
3.91,0,,38.1759,-5.25821,-4.88211,-3.26883,5.27394,5.1413,15.8424,4.95352,1.1591,14.9684,-6.79499,-8.18099,-3.24567,1.17973,2.71682,2.71682,3.17243,-3.17243,4.42031,-4.42031,-20.8713,-1.39109,7.32117,-1.24194,3.62634,3.40965,150.886,-2.46449,3.37212,146.979,35.3956,-4.49878,147.995,19.5861,-2.07399,151.421,20.8268,5.93773,155.733,-8.27899,5.95045,155.048,-13.1791,9.73007,158.713,1.38893,1.32505,54.6858,65.4253,-156.747,-103.514,13.2233,0.986547,-44.4427,-271.537,-86.4572,717.228,-208.939,-513.756,14.6584,-77.6094,-2.44714,47.3899,9.26082,-22.9606,-9.78065,-5.81467,-0.865247,-0.290483,-0.528473,-0.413903,0.657381,0.211741,0.715367,0.664214,0.144904,0.729891,-0.0651886,0.0413227,0.851725,0.328821,-0.735589,0.183424,0.148628,-0.708959,-0.0120856,-0.000976572,-0.199099,0.787056
3.92,0,,37.8696,-5.44778,-4.86686,-3.30777,5.10176,5.1089,14.9222,5.18039,0.659976,15.424,-6.9177,-8.23437,-3.44042,1.07087,2.76065,2.76065,3.07893,-3.07893,4.44534,-4.44534,-20.9431,-1.40245,7.4308,-1.20207,3.36206,3.29753,151.034,-2.51387,3.28343,147.27,35.0491,-4.44041,148.226,20.1578,-2.07399,151.877,20.9032,6.14585,155.854,-8.50975,5.88461,155.136,-13.6335,9.76291,158.779,1.40013,1.28145,55.6547,52.7368,-164.551,-88.8966,34.1534,5.8462,-56.1349,-236.824,-63.5047,806.146,-211.822,-484.797,16.0966,-86.9301,-13.1933,51.7376,-11.7351,-34.1997,-9.43134,4.30716,-2.59574,-0.291521,-0.527497,-0.414515,0.659403,0.209852,0.714277,0.662267,0.146492,0.730874,-0.0664696,0.0404067,0.849884,0.32851,-0.735698,0.180552,0.150584,-0.708054,-0.0155039,-0.000976599,-0.198738,0.786773
3.93,0,,37.5738,-5.65288,-4.82059,-3.35166,4.94354,5.07381,14.1008,5.37641,0.202251,15.8752,-6.99033,-8.30599,-3.55427,0.960746,2.81499,2.81499,2.98262,-2.98262,4.47711,-4.47711,-20.9591,-1.41382,7.49753,-1.14448,3.20404,3.17927,151.188,-2.57377,3.193,147.55,34.705,-4.36599,148.44,20.6327,-2.07233,152.234,20.9207,6.27095,155.974,-8.76517,5.82115,155.23,-14.0828,9.79775,158.845,1.41133,1.22331,71.2907,55.188,-176.756,-66.4372,79.583,15.6386,-62.0116,-202.615,-65.4099,858.015,-173.763,-380.401,23.9513,-100.119,-27.3442,97.171,-20.501,-8.29668,2.44516,-6.89146,-1.29787,-0.292549,-0.526441,-0.415172,0.661312,0.208148,0.713258,0.66067,0.14765,0.731657,-0.0670182,0.0397959,0.848409,0.328264,-0.735818,0.177439,0.15247,-0.707174,-0.0189215,-0.000915576,-0.198253,0.78648
3.94,0,,37.304,-5.86684,-4.75471,-3.38962,4.78843,5.05221,13.4141,5.57024,-0.162037,16.3441,-7.09384,-8.38541,-3.58935,0.834165,2.87354,2.87354,2.8849,-2.8849,4.49154,-4.49154,-20.9511,-1.432,7.57379,-1.06473,3.10868,3.0779,151.336,-2.63877,3.10105,147.813,34.3832,-4.27941,148.654,20.9924,-2.08065,152.503,20.9185,6.38354,156.101,-9.03736,5.74632,155.334,-14.5455,9.81965,158.905,1.4315,1.14337,79.5797,42.4634,-183.601,-55.1448,124.039,22.9463,-70.8267,-167.525,-55.1584,876.539,-143.585,-282.798,27.8233,-106.459,-20.4993,65.9219,-80.5903,19.5358,2.09585,-1.50751,-17.7376,-0.293537,-0.525363,-0.415798,0.663013,0.206497,0.712394,0.65957,0.14826,0.732144,-0.0673869,0.0391259,0.847341,0.328208,-0.735829,0.174328,0.154361,-0.70619,-0.0224614,-0.000793502,-0.197582,0.786239
3.95,0,,37.0473,-6.07637,-4.68284,-3.43186,4.60384,5.00497,12.8597,5.75305,-0.506218,16.8219,-7.19067,-8.48828,-3.49556,0.730369,2.94717,2.94717,2.78226,-2.78226,4.5339,-4.5339,-20.8394,-1.45928,7.64529,-0.974652,3.13865,2.95042,151.479,-2.71811,3.00628,148.11,34.0614,-4.1724,148.896,21.2248,-2.06983,152.657,20.805,6.45292,156.194,-9.31546,5.67717,155.4,-15.0048,9.85448,158.966,1.45838,1.0489,91.7979,52.7368,-175.289,-45.4207,176.283,41.033,-50.8091,-155.703,-40.008,951.073,-73.8109,2.86016,46.8516,-128.905,-12.6968,77.1716,-121.098,32.222,-3.8424,3.87645,-7.78723,-0.294453,-0.524204,-0.416409,0.664653,0.204786,0.711592,0.65891,0.148018,0.732462,-0.0667763,0.0382102,0.846789,0.328207,-0.735825,0.171153,0.156441,-0.705236,-0.0258192,-0.000671411,-0.196784,0.786039
3.96,0,,36.8244,-6.29588,-4.62295,-3.484,4.37272,4.91859,12.4827,5.91604,-0.730942,17.3174,-7.25912,-8.6263,-3.30438,0.667079,3.03342,3.03342,2.67165,-2.67165,4.58588,-4.58588,-20.6877,-1.49792,7.68342,-0.865373,3.22311,2.82601,151.605,-2.81019,2.90542,148.444,33.7631,-4.05663,149.192,21.3011,-2.0432,152.75,20.6522,6.46884,156.243,-9.61427,5.61655,155.427,-15.4642,9.90624,159.02,1.49646,0.93989,95.7002,67.8765,-170.419,-47.3655,230.474,51.7754,-19.5279,-166.519,-41.0059,1019.07,68.4289,-51.8403,71.7986,-150.4,-8.79553,135.268,-135.731,35.1644,10.13,7.32218,-3.02837,-0.295305,-0.522979,-0.416955,0.666237,0.203076,0.710796,0.65885,0.146676,0.732524,-0.0656758,0.0374767,0.846461,0.328449,-0.735759,0.167917,0.158817,-0.704302,-0.0289314,-0.000549343,-0.19581,0.785866
3.97,0,,36.6302,-6.5043,-4.57177,-3.51997,4.06714,4.79441,12.2672,6.09224,-0.594925,17.8396,-7.35762,-8.78125,-3.07597,0.603789,3.13509,3.13509,2.56198,-2.56198,4.59647,-4.59647,-20.7436,-1.54792,7.77875,-0.736896,3.22584,2.70929,151.737,-2.91979,2.80499,148.873,33.4797,-3.9039,149.576,21.2333,-1.96663,152.887,20.7133,6.55868,156.254,-9.91407,5.54693,155.411,-15.9385,9.957,159.042,1.54575,0.811503,107.434,75.6987,-166.018,-33.1872,269.495,55.1735,-4.89727,-196.326,-79.1087,939.958,100.529,-558.446,94.2564,-152.366,1.95062,145.485,-116.22,35.1644,17.1161,15.7211,-6.92198,-0.2961,-0.521638,-0.417567,0.667813,0.201302,0.70999,0.65921,0.143989,0.732517,-0.0664696,0.0371717,0.845916,0.328811,-0.735567,0.164741,0.161503,-0.703264,-0.0319221,-0.000366233,-0.194653,0.785875
3.98,0,,36.4634,-6.71272,-4.53856,-3.55034,3.72123,4.64728,12.2089,6.27285,-0.234185,18.3914,-7.38434,-8.94531,-2.81678,0.559486,3.24027,3.24027,2.44552,-2.44552,4.56182,-4.56182,-20.8952,-1.61611,7.79781,-0.592175,3.1768,2.63864,151.863,-3.03577,2.69543,149.334,33.2185,-3.75749,150.005,21.028,-1.87342,153.025,20.8596,6.58484,156.238,-10.2168,5.46784,155.372,-16.4196,10.0048,159.07,1.61295,0.666159,125.492,96.1734,-170.419,-26.349,281.745,63.9794,0.489727,-213.808,-110.317,826.196,158.194,-766.164,111.791,-176.27,17.0945,143.528,-119.118,43.9435,7.33548,2.36894,-16.0071,-0.296898,-0.520243,-0.418123,0.669371,0.199419,0.709169,0.660052,0.140324,0.73232,-0.0676319,0.0377225,0.845215,0.329293,-0.735248,0.161625,0.164378,-0.702132,-0.0347923,-0.000244155,-0.19331,0.785934
3.99,0,,36.2992,-6.92669,-4.53039,-3.57839,3.37532,4.48396,12.2852,6.46887,0.0260206,18.9742,-7.35512,-9.13411,-2.57262,0.508853,3.34826,3.34826,2.32015,-2.32015,4.57625,-4.57625,-20.7995,-1.69794,7.76921,-0.434163,3.16045,2.50655,151.984,-3.15238,2.58001,149.784,32.9549,-3.64757,150.433,20.687,-1.76106,153.184,20.7701,6.56778,156.199,-10.5245,5.38401,155.312,-16.919,10.0625,159.07,1.69584,0.508703,145.515,104.5,-156.258,-14.6174,256.84,49.3273,11.6922,-221.732,-117.212,930.151,261.798,-777.963,142.104,-183.625,13.1933,166.028,-135.731,12.2038,2.44516,-1.93822,-23.7943,-0.297691,-0.518838,-0.41861,0.671004,0.197279,0.708298,0.661296,0.135934,0.731979,-0.0668371,0.0375386,0.844528,0.329855,-0.734849,0.158518,0.167488,-0.70096,-0.0376604,-0.000122078,-0.191785,0.786123
4,0,,36.1506,-7.12513,-4.53965,-3.58796,3.03252,4.30849,12.5029,6.67591,-0.209347,19.6014,-7.39102,-9.34635,-2.54828,0.46455,3.47167,3.47167,2.20087,-2.20087,4.5801,-4.5801,-20.0732,-1.80705,7.73108,-0.240709,2.91252,2.38061,152.105,-3.28492,2.4711,150.239,32.6925,-3.55369,150.872,20.2053,-1.65537,153.591,20.0497,6.66559,156.155,-10.8312,5.29213,155.235,-17.4318,10.1113,159.075,1.80561,0.317334,174.311,97.6513,-158.684,14.6174,246.618,57.1466,70.337,-210.916,-124.469,223.167,66.3145,-1236.3,152.337,-200.174,21.4923,186.516,-153.829,20.9829,8.38341,11.1986,-14.2766,-0.298409,-0.517347,-0.4192,0.672672,0.194965,0.707405,0.663096,0.130739,0.731335,-0.0617722,0.033816,0.843142,0.330468,-0.734367,0.155468,0.170721,-0.699668,-0.0405286,-6.10385E-05,-0.189891,0.786359
4.01,0,,36.0008,-7.33688,-4.55217,-3.59225,2.73314,4.13437,12.8575,6.90718,-0.0461274,20.2951,-7.27749,-9.56119,-2.39362,0.388602,3.59298,3.59298,2.07785,-2.07785,4.57048,-4.57048,-19.6102,-1.95934,7.56426,-0.0310116,2.82261,2.24852,152.231,-3.41587,2.35763,150.64,32.4252,-3.49873,151.268,19.5844,-1.56881,153.81,19.5869,6.55982,156.117,-11.1498,5.19172,155.169,-17.9764,10.1501,159.059,1.95795,0.106585,188.467,76.1673,-129.892,40.5273,215.304,47.8658,181.627,-137.215,-143.067,504.304,309.66,-799.414,172.859,-224.142,25.3935,202.168,-205.576,-1.4471,11.1779,6.89146,-9.95035,-0.299155,-0.515846,-0.419769,0.674347,0.192514,0.706514,0.665426,0.125065,0.730369,-0.0578031,0.0325943,0.842204,0.331138,-0.733815,0.152354,0.174081,-0.698217,-0.0435814,-0.00018311,-0.187688,0.786763
4.02,0,,35.8496,-7.54198,-4.57014,-3.55463,2.52994,3.94945,13.322,7.16708,0.613849,21.0377,-7.73661,-9.82421,-2.30483,0.302527,3.70938,3.70938,1.97568,-1.97568,4.55123,-4.55123,-19.5384,-2.14345,8.01707,0.217082,2.74087,2.11183,152.357,-3.54077,2.26395,150.942,32.1591,-3.49046,151.581,18.855,-1.50057,154.008,19.5127,7.04657,156.068,-11.4525,5.07379,155.081,-18.5376,10.2028,159.031,2.14164,-0.138077,229.993,50.7902,-120.113,95.2329,191.372,51.7754,175.322,-89.7995,-33.6575,245.178,75.7331,498.025,197.253,-253.879,19.5417,255.862,-251.951,-3.42479,16.0682,8.39897,-22.9291,-0.299823,-0.514436,-0.420436,0.675949,0.190076,0.705675,0.66812,0.119329,0.729158,-0.0593303,0.0288716,0.841916,0.331751,-0.733148,0.149364,0.177622,-0.696756,-0.0466945,-0.000366232,-0.185069,0.787278
4.03,0,,35.6984,-7.72712,-4.58429,-3.50182,2.50978,3.75778,13.7552,7.46002,1.8451,21.8469,-8.23914,-10.0859,-2.61916,0.22025,3.83454,3.83454,1.88593,-1.88593,4.52909,-4.52909,-20.0492,-2.37075,8.54137,0.479942,2.42483,1.97514,152.484,-3.67363,2.18308,151.035,31.8744,-3.57752,151.707,18.1374,-1.51804,154.442,20.0301,7.65843,156.007,-11.7454,4.95776,154.982,-19.1206,10.2417,158.999,2.37015,-0.397273,273.914,20.0061,-50.7758,174.343,157.706,41.033,230.478,67.4125,26.3998,-914.024,-654.303,321.768,224.136,-283.68,6.34839,275.372,-269.059,-19.5358,17.4654,10.7679,-5.19148,-0.300372,-0.513031,-0.421168,0.677473,0.187512,0.704941,0.67098,0.114872,0.727622,-0.0657404,0.0271019,0.840403,0.332353,-0.732459,0.146492,0.181344,-0.6951,-0.049807,-0.000793492,-0.182137,0.787876
4.04,0,,35.4768,-7.89895,-4.64037,-3.40843,2.8138,3.58771,13.9774,7.81904,2.76291,22.7477,-7.70489,-10.3659,-3.05807,0.0949353,3.94709,3.94709,1.83039,-1.83039,4.51754,-4.51754,-20.4004,-2.65943,7.95034,0.754617,2.29678,1.81694,152.599,-3.79088,2.13591,150.755,31.5105,-3.8645,151.504,17.5556,-1.71196,154.678,20.3793,7.09775,155.952,-12.0097,4.83509,154.884,-19.7369,10.2924,158.944,2.65913,-0.668582,309.572,-37.0924,18.5614,311.546,118.685,95.695,461.445,409.129,171.916,-943.445,-640.656,-450.832,270.489,-320.329,-10.7462,301.295,-311.05,-47.8506,24.8009,-1.93822,-4.75886,-0.300733,-0.511862,-0.421954,0.679213,0.184574,0.704116,0.67393,0.113349,0.725568,-0.0658004,0.0328392,0.838436,0.332847,-0.731738,0.143869,0.18525,-0.693392,-0.0531641,-0.00158699,-0.178842,0.788673
4.05,0,,35.1719,-8.07079,-4.71877,-3.25233,3.4777,3.43788,13.9213,8.2243,0.918999,23.7373,-6.60717,-10.6667,-3.24137,-0.0215187,4.03158,4.03158,1.82922,-1.82922,4.5262,-4.5262,-18.1975,-3.02084,6.61575,1.05292,2.79264,1.67103,152.692,-3.87468,2.142,150.075,31.0724,-4.31978,150.911,17.1773,-1.96247,154.288,18.1768,5.69663,155.887,-12.2434,4.70296,154.768,-20.37,10.3442,158.9,3.01981,-0.964114,313.475,-98.156,-16.1166,474.596,128.42,179.186,570.287,727.577,523.46,-653.808,-697.744,530.202,330.561,-365.221,-21.9888,366.185,-329.077,-18.0887,13.623,-26.9198,-39.3688,-0.3008,-0.511141,-0.422756,0.680874,0.181098,0.703519,0.676039,0.115298,0.723831,-0.0433981,0.0325943,0.839518,0.333194,-0.730963,0.141481,0.189344,-0.691576,-0.0565224,-0.00280773,-0.175056,0.789522
4.06,0,,34.88,-8.21491,-4.76233,-3.04805,3.77242,3.32855,13.9302,8.70886,-3.25375,24.8334,-4.11206,-11.0846,-2.50675,-0.168352,4.09048,4.09048,1.86343,-1.86343,4.57625,-4.57625,-13.6561,-3.46408,3.73685,1.46345,3.86065,1.50055,152.736,-3.92885,2.18417,149.806,30.7035,-4.46911,150.658,16.8024,-1.94583,153.349,13.6211,2.80112,155.81,-12.4229,4.55472,154.631,-21.0281,10.4039,158.823,3.46337,-1.3735,294.932,-124.038,-45.9051,496.554,200.702,235.346,426.246,712.359,806.147,1556.72,-170.496,475.143,338.858,-366.679,-32.2385,374.989,-315.928,-12.6862,29.6912,-23.474,-68.3545,-0.30056,-0.510842,-0.423372,0.681938,0.177931,0.703424,0.677065,0.114818,0.723334,0.00311284,0.0328374,0.84181,0.333397,-0.730092,0.139597,0.193674,-0.68967,-0.0599395,-0.00408963,-0.170055,0.790642
4.07,0,,34.7301,-8.32577,-4.74709,-2.8167,3.22486,3.30425,14.3432,9.2595,-5.19702,26.0316,-1.54181,-11.6549,-1.2838,-0.403792,4.14097,4.14097,1.91686,-1.91686,4.65038,-4.65038,-11.1101,-3.99823,1.07244,2.03495,4.59083,1.31471,152.725,-3.97186,2.24656,150.47,30.555,-4.04788,151.246,16.2358,-1.65537,152.706,11.0737,0.172866,155.766,-12.5639,4.38469,154.516,-21.713,10.4656,158.702,3.99654,-1.94276,287.101,-109.871,-80.0753,415.499,369.603,230.487,268.064,375.045,521.465,1758.31,412.688,474.786,330.561,-357.422,-34.1891,373.521,-332.541,9.74378,48.2046,-5.38395,-73.546,-0.300001,-0.510826,-0.423725,0.682044,0.176096,0.703895,0.678151,0.107857,0.723442,0.0335718,0.0408966,0.841982,0.333579,-0.729112,0.138193,0.198002,-0.687696,-0.0636608,-0.00524941,-0.163464,0.792112
4.08,0,,34.7483,-8.37899,-4.71768,-2.5781,2.22902,3.36904,15.1713,9.8652,-3.77417,27.3437,-1.4191,-12.3125,-0.305736,-0.730369,4.19531,4.19531,1.96302,-1.96302,4.74279,-4.74279,-11.7087,-4.65514,1.163,2.7305,4.64804,1.11965,152.66,-4.01869,2.30351,151.601,30.5934,-3.36496,152.267,15.4402,-1.30415,152.668,11.6718,0.199024,155.755,-12.6586,4.18435,154.444,-22.4045,10.5014,158.537,4.65292,-2.64041,299.803,-60.0543,-119.135,329.614,533.231,192.377,227.05,-68.4187,41.0059,328.212,266.027,981.034,335.927,-339.858,-28.7983,362.815,-353.042,36.1292,35.9788,7.75289,-26.39,-0.299219,-0.510907,-0.423741,0.681553,0.175851,0.704503,0.680013,0.0969878,0.723167,0.028932,0.043337,0.84208,0.333697,-0.728006,0.137337,0.202102,-0.685596,-0.0675707,-0.00671415,-0.155402,0.793917
4.09,0,,34.9047,-8.36679,-4.77213,-2.36425,1.29987,3.47972,16.2329,10.5392,-2.47787,28.7431,-1.81395,-13.0247,0.498342,-1.12024,4.26123,4.26123,1.97943,-1.97943,4.84579,-4.84579,-12.0758,-5.38932,1.66824,3.48216,4.58265,0.918454,152.566,-4.07891,2.33264,152.605,30.7382,-2.83721,153.201,14.5191,-1.03034,152.734,12.0342,0.686916,155.771,-12.703,3.97265,154.384,-23.1127,10.5472,158.345,5.38771,-3.39378,295.417,-11.7153,-158.684,274.908,526.335,138.19,174.832,-403.846,-234.877,-330.609,-165.113,594.555,330.561,-316.398,18.0521,380.858,-365.696,35.6468,-1.39724,-4.95324,17.3049,-0.298415,-0.510888,-0.423482,0.681257,0.176891,0.704513,0.682469,0.086064,0.722266,0.0241102,0.041323,0.842331,0.333762,-0.726853,0.137033,0.206183,-0.683491,-0.0717183,-0.00848411,-0.146549,0.795859
4.1,0,,35.1172,-8.32688,-4.95888,-2.17779,0.705777,3.67274,17.3842,11.266,-2.28863,30.0773,-1.19538,-13.7031,1.14919,-1.55821,4.31592,4.31592,1.96677,-1.96677,4.96707,-4.96707,-11.2857,-6.04622,1.01524,4.21611,4.69708,0.720326,152.429,-4.12957,2.33351,153.171,30.9263,-2.66697,153.755,13.5539,-0.895513,152.618,11.2462,0.0796095,155.837,-12.7158,3.74342,154.367,-23.8427,10.586,158.131,6.04634,-4.13988,282.714,35.6505,-226.065,196.802,204.109,85.9392,-33.6687,-488.238,-235.33,42.0617,191.832,22.5237,313.967,-333.518,61.0367,338.849,-378.421,78.1432,-60.4304,-11.6293,80.0354,-0.297617,-0.510943,-0.422805,0.681435,0.178355,0.703836,0.685387,0.0773341,0.720727,0.0326543,0.0423591,0.842238,0.333639,-0.725692,0.136971,0.2101,-0.681331,-0.0762392,-0.00976603,-0.138128,0.797702
4.11,0,,35.3309,-8.23487,-5.19953,-2.02301,0.314885,3.97239,18.4682,12.0369,-2.11121,31.3007,-0.465799,-14.3685,1.59097,-2.06959,4.37587,4.37587,1.91311,-1.91311,5.10377,-5.10377,-10.5434,-6.60311,0.214487,4.97368,4.81969,0.520662,152.253,-4.1882,2.29525,153.434,31.0971,-2.71561,154.052,12.6412,-0.856397,152.47,10.504,-0.680092,155.98,-12.6892,3.48435,154.433,-24.576,10.597,157.895,6.60415,-4.91262,242.668,93.2536,-260.743,53.7018,-312.004,14.177,-262.187,-412.147,-42.4574,105.481,362.327,-276.363,300.304,-348.164,104.021,344.718,-432.148,49.8283,-121.21,-4.30716,51.9148,-0.296842,-0.510912,-0.421731,0.681993,0.179883,0.702746,0.688375,0.0705587,0.718893,0.0415053,0.0447402,0.842069,0.333209,-0.724526,0.137153,0.213518,-0.679132,-0.0811833,-0.0101933,-0.129949,0.799473
4.12,0,,35.4782,-8.09296,-5.35959,-1.8646,-0.0899672,4.36653,19.3861,12.8408,-1.6322,32.5003,-0.313037,-15.1146,1.93251,-2.72021,4.44389,4.44389,1.82359,-1.82359,5.24334,-5.24334,-10.1922,-7.16682,-0.0142992,5.85086,4.85783,0.27185,152.066,-4.25861,2.22243,153.681,31.1949,-2.71464,154.326,11.8236,-0.859726,152.388,10.1569,-0.888214,156.21,-12.6231,3.16846,154.593,-25.3042,10.583,157.593,7.16644,-5.81618,219.228,175.765,-222.661,-100.126,-740.747,18.5617,-366.193,-284.239,32.206,-100.686,-107.833,-322.84,288.079,-339.351,132.323,318.849,-460.92,48.8154,-63.5742,-45.0099,-30.7163,-0.296168,-0.510725,-0.420446,0.68267,0.181838,0.701592,0.691196,0.0645173,0.717015,0.0449861,0.044803,0.842223,0.332542,-0.723194,0.137644,0.216318,-0.676971,-0.0866127,-0.0100714,-0.120796,0.801438
4.13,0,,35.4586,-7.87013,-5.33346,-1.70883,-0.533599,4.80925,20.01,13.6998,-1.23953,33.66,-0.0834766,-15.9518,2.38073,-3.44679,4.52909,4.52909,1.69565,-1.69565,5.35597,-5.35597,-9.86498,-7.70779,-0.386077,6.85948,4.99133,0.012287,151.929,-4.35101,2.11157,153.978,31.107,-2.55315,154.628,11.1111,-0.924642,152.234,9.82512,-1.24987,156.545,-12.4959,2.81088,154.873,-26.0242,10.5412,157.307,7.70857,-6.85781,172.373,212.389,-161.128,-311.044,-965.299,85.9392,-306.63,-216.324,-16.6019,-742.726,343.298,-615.291,231.935,-339.351,167.966,262.22,-544.904,29.7619,-72.6562,-184.131,48.8865,-0.295847,-0.510149,-0.419326,0.683574,0.184032,0.700482,0.693977,0.0589606,0.714973,0.049014,0.0460841,0.842516,0.331492,-0.721825,0.138554,0.218391,-0.674889,-0.0925935,-0.00927758,-0.110721,0.803182
4.14,0,,35.138,-7.58078,-5.18156,-1.50554,-0.944656,5.30057,20.2524,14.6513,-1.51038,34.7843,0.578493,-16.2851,2.75162,-3.88982,4.622,4.622,1.55388,-1.55388,5.42046,-5.42046,-8.93116,-8.13967,-1.24403,7.42212,5.07579,0.105975,151.863,-4.45456,1.98419,154.29,30.7035,-2.32211,154.919,10.4614,-1.0345,152.162,8.89303,-2.04028,157.012,-12.3036,2.38605,155.285,-26.7742,10.4566,157.406,8.13869,-7.40527,131.359,233.873,-46.394,-436.516,-952.644,92.2969,-104.495,-148.408,-170.374,173.259,723.116,895.944,129.381,-337.893,205.56,191.896,-669.465,-39.554,-499.861,-32.7344,211.553,-0.29592,-0.509253,-0.418609,0.685572,0.186591,0.698634,0.696749,0.0538966,0.712802,0.0594511,0.0479149,0.841899,0.329972,-0.72031,0.139838,0.219805,-0.672723,-0.0994343,-0.0101934,-0.104741,0.802894
4.15,0,,34.5138,-7.18389,-4.89028,-1.24747,-1.28281,5.78919,20.1559,15.7108,-2.23304,34.8316,-0.175301,-17.0365,2.90127,-4.70373,4.73349,4.73349,1.40507,-1.40507,5.44068,-5.44068,-7.55038,-7.56005,-0.73879,8.34509,5.00223,-0.293352,151.885,-4.57914,1.84833,154.576,29.9696,-2.02589,155.177,9.82358,-1.19929,152.294,7.52001,-1.40113,157.561,-12.0137,1.91102,155.795,-27.5275,10.3561,157.049,7.55848,-8.38392,60.0683,201.178,112.308,-358.912,-625.956,-39.0599,114.229,0,-308.089,728.996,79.193,70.7889,55.6467,-341.317,235.848,122.551,-748.076,-126.959,-227.4,124.477,556.787,-0.29635,-0.507977,-0.418431,0.688591,0.189773,0.695976,0.699727,0.0491957,0.710347,0.0670816,0.0371726,0.842213,0.327662,-0.718744,0.141551,0.220712,-0.670621,-0.106816,-0.00134278,-0.100159,0.803961
4.16,0,,33.6367,-6.72048,-4.51841,-0.91085,-1.59924,6.25082,19.8551,16.9045,-2.22476,33.4456,-1.79975,-17.474,2.8533,-5.32018,4.83061,4.83061,1.28322,-1.28322,5.41373,-5.41373,-6.86398,-5.49842,0.652995,8.79402,4.73795,-0.675786,151.979,-4.68811,1.73399,154.905,28.9906,-1.65865,155.457,9.14165,-1.37739,152.64,6.84113,0.0852958,158.148,-11.6271,1.39952,156.339,-28.3176,10.2954,156.731,5.49748,-8.85871,-31.2452,152.839,187.005,-177.229,-25.8787,-264.175,183.586,63.5137,-336.938,963.932,-1063.92,948.142,12.7224,-369.659,242.196,139.67,-747.086,-153.344,-362.233,151.397,707.34,-0.297017,-0.506688,-0.41873,0.692247,0.1938,0.692552,0.702874,0.0441318,0.707696,0.0657997,0.0230116,0.842395,0.324484,-0.717148,0.143564,0.221631,-0.668677,-0.114752,0.0163581,-0.105778,0.803683
4.17,0,,32.6762,-6.12737,-4.2598,-0.501298,-1.92654,6.73674,19.4736,18.3296,-1.54704,31.385,-3.03604,-17.2292,2.75234,-5.75561,4.92562,4.92562,1.17402,-1.17402,5.37041,-5.37041,-6.856,-2.66852,1.72067,8.43517,4.39194,-0.926134,152.088,-4.7942,1.63074,155.262,27.9311,-1.40231,155.781,8.4648,-1.51888,153.052,6.83677,1.19187,158.768,-11.0955,0.844922,156.899,-29.1862,10.2854,156.55,2.66809,-8.47839,-97.1804,86.4407,244.137,22.4594,539.072,-425.311,111.352,-123.506,-353.54,-682.576,-120.135,-202.714,24.8917,-419.94,222.158,249.992,-623.02,-139.645,-271.413,159.15,-48.8865,-0.297694,-0.505414,-0.419164,0.696568,0.19813,0.688083,0.705779,0.038759,0.70523,0.0610375,0.014588,0.841707,0.320096,-0.715516,0.146131,0.22285,-0.666781,-0.12348,0.0360126,-0.121039,0.80186
4.18,0,,31.8252,-5.40898,-4.29464,0.0211212,-2.12199,7.23345,19.211,20.0762,-0.729759,29.4975,-3.26978,-16.6328,2.88408,-6.06827,5.01257,5.01257,1.10489,-1.10489,5.30688,-5.30688,-6.99168,0.161384,1.81123,7.63625,4.32927,-0.989105,152.215,-4.88883,1.56487,155.52,26.9991,-1.46652,156.061,7.79305,-1.63623,153.179,6.97429,1.28057,159.416,-10.4101,0.240594,157.47,-30.2084,10.3491,156.55,-0.161295,-7.63297,-124.012,7.8222,219.238,308.597,872.574,-296.877,44.4427,-231.919,-406.702,-340.852,419.031,-414.723,62.5057,-460.457,189.955,420.911,-428.189,-73.2231,-497.416,-94.3269,-59.2694,-0.298286,-0.504284,-0.419871,0.701471,0.201676,0.682731,0.708476,0.0336323,0.702921,0.059634,0.014466,0.841224,0.314593,-0.713725,0.149423,0.224864,-0.664765,-0.133429,0.0534096,-0.13972,0.798459
4.19,0,,31.2778,-4.55756,-4.56034,0.619444,-2.10027,7.82871,19.2492,22.1664,-1.86993,27.3866,-3.3207,-16.2409,3.07526,-6.11637,5.09496,5.09496,1.05334,-1.05334,5.24527,-5.24527,-5.17991,3.42089,1.70637,6.94513,4.43008,-0.737221,152.336,-4.97709,1.51575,155.558,26.3753,-1.83716,156.182,7.13656,-1.74109,153.151,5.16687,1.3056,160.157,-9.56792,-0.407305,158.119,-31.4044,10.4427,156.863,-3.42081,-6.90141,-140.132,-37.0924,174.8,520.519,619.628,-158.213,-2.44863,-124.009,-335.486,154.299,-52.6672,1183.75,66.4331,-479.479,157.22,610.851,-379.411,-89.3341,-388.082,-435.023,466.368,-0.298782,-0.50326,-0.420614,0.705867,0.20247,0.678216,0.710975,0.0295426,0.700781,0.0730625,0.00628692,0.841043,0.308183,-0.711768,0.153633,0.227308,-0.662454,-0.145028,0.0739753,-0.159547,0.792122
4.2,0,,31.0093,-3.55093,-4.83093,1.26859,-1.99324,8.482,19.5297,24.5562,-2.78893,25.1825,-3.16877,-15.9128,3.28863,-5.81004,5.19243,5.19243,1.01256,-1.01256,5.16152,-5.16152,-3.60758,6.97134,1.42038,6.36034,4.599,-0.124406,152.489,-5.08032,1.47684,155.548,26.0127,-2.2258,156.265,6.49534,-1.8343,153.058,3.59738,1.13273,160.975,-8.56695,-1.06562,158.882,-32.7423,10.4009,157.543,-6.97154,-6.34426,-151.866,-39.075,154.302,337.895,143.103,-227.052,-34.6482,39.4917,-129.913,342.814,12.6863,-140.505,41.4861,-440.928,119.626,699.707,-473.15,-187.013,-842.183,-230.864,844.914,-0.299278,-0.502113,-0.421602,0.708878,0.199895,0.675857,0.713328,0.0257572,0.698741,0.0855751,0.000671417,0.840858,0.301046,-0.709705,0.158885,0.229876,-0.659109,-0.157666,0.0966859,-0.179638,0.782582
4.21,0,,30.8425,-2.4168,-5.03238,1.94348,-2.0072,9.20143,19.8574,27.0913,-3.04559,21.9341,-3.2631,-14.9219,3.53494,-4.96702,5.31339,5.31339,0.977645,-0.977645,5.07104,-5.07104,-2.72963,11.6742,1.40132,5.0992,4.68891,0.873914,152.649,-5.20617,1.44488,155.696,25.7292,-2.47241,156.479,5.88804,-1.92003,153.047,2.71986,1.17936,161.864,-7.44468,-1.71116,159.783,-34.112,10.1501,158.631,-11.6738,-5.2784,-166.991,-22.4573,155.769,-70.8287,-104.975,-222.156,-2.44863,72.3175,-9.79787,113.763,211.822,-207.004,69.3094,-385.257,-70.7898,564.44,-729.484,-188.942,-1223.28,-219.665,670.999,-0.2997,-0.500823,-0.422754,0.710899,0.19483,0.675131,0.715548,0.0213022,0.696748,0.0919208,-0.00354011,0.840654,0.293786,-0.707454,0.165235,0.231891,-0.654776,-0.170607,0.124338,-0.209,0.767269
4.22,0,,30.6184,-1.19177,-5.22838,2.65368,-2.21505,9.82233,20.1245,29.7278,-2.8528,17.2893,-3.53106,-14.0716,4.05261,-3.79235,5.41611,5.41611,0.942495,-0.942495,4.97381,-4.97381,-2.32258,17.8023,1.58721,3.83954,4.86873,1.85688,152.819,-5.31387,1.40989,156.063,25.4161,-2.62757,156.896,5.30789,-1.97912,152.942,2.31167,1.38975,162.671,-6.19814,-2.33632,160.645,-35.4634,9.81268,159.762,-17.7918,-4.43541,-182.116,-15.6084,149.901,-235.322,-185.045,-88.8623,33.6687,73.701,1.45154,107.878,-5.76648,-85.0897,65.4374,-302.258,-140.622,360.37,-966.306,-177.269,-872.923,-438.469,675.326,-0.300249,-0.499601,-0.423913,0.712938,0.188977,0.674545,0.717537,0.0156862,0.694893,0.0940594,-0.00683624,0.841163,0.286763,-0.70476,0.173046,0.234145,-0.649942,-0.182873,0.162246,-0.243064,0.746649
4.23,0,,30.2548,0.11308,-5.40805,3.2355,-2.59819,10.1314,20.2187,32.3884,-2.55238,12.3753,-3.70636,-13.7279,4.75502,-2.17085,5.51218,5.51218,0.897269,-0.897269,4.86408,-4.86408,-2.06718,24.2417,1.7302,2.95644,5.08124,2.88898,153.011,-5.41614,1.36272,156.629,24.9804,-2.70831,157.484,4.77863,-1.98661,152.816,2.05627,1.54784,163.181,-4.89047,-2.7782,161.156,-36.7696,9.66139,161.069,-24.2077,-4.25857,-166.991,-2.91981,151.857,-216.815,-206.056,11.2174,-47.3811,-55.716,0,38.1388,-96.6846,16.0884,102.056,-165.554,-37.0973,251.949,-995.149,-184.071,-838.341,-455.052,171.319,-0.300977,-0.498312,-0.425128,0.715367,0.182565,0.673678,0.719079,0.00915558,0.693382,0.0952804,-0.00903363,0.841776,0.280043,-0.702488,0.181833,0.238168,-0.645531,-0.193305,0.203864,-0.273934,0.722556
4.24,0,,29.7413,1.44786,-5.52674,3.71633,-3.03872,9.96,20.1648,35.0315,-2.28626,7.68908,-3.57113,-14.2995,5.61709,-0.216453,5.583,5.583,0.847355,-0.847355,4.7322,-4.7322,-1.78783,30.4698,1.53478,2.91657,5.38911,3.76443,153.247,-5.49388,1.30642,157.288,24.4197,-2.72874,158.142,4.27311,-2.02406,152.607,1.78123,1.36701,163.247,-3.56899,-3.07658,161.084,-38.0173,9.90823,162.365,-30.3975,-5.12822,-155.768,1.94654,161.617,-142.097,-200.702,23.4213,-57.6041,-231.919,43.4554,36.6133,-60.548,143.008,177.229,0,-20.0027,258.307,-767.588,-179.199,-1185.9,-77.0982,348.695,-0.302017,-0.497034,-0.426474,0.717982,0.175787,0.672692,0.720655,0.00231938,0.691724,0.0981494,-0.00872846,0.842449,0.273213,-0.700613,0.190932,0.24494,-0.642227,-0.201237,0.247821,-0.296591,0.698537
4.25,0,,29.1053,2.80926,-5.57356,4.15361,-3.42186,9.33641,20.0145,37.6437,-2.03552,2.72328,-3.30818,-15.0143,6.42904,2.15567,5.63068,5.63068,0.779164,-0.779164,4.58107,-4.58107,-1.48454,36.9842,1.17253,3.06572,5.70516,4.49398,153.516,-5.55028,1.22773,157.897,23.7563,-2.7448,158.768,3.75912,-2.10812,152.415,1.47781,1.02355,162.912,-2.22975,-3.33564,160.469,-39.1782,10.5353,163.737,-36.8515,-6.44358,-127.43,-12.2199,142.586,-8.28113,-139.128,84.9526,16.5895,-363.223,62.9604,34.216,24.4114,96.1728,270.047,169.929,-0.496522,272.927,-386.197,-134.29,-1004.96,32.3037,771.368,-0.303427,-0.495702,-0.427887,0.720716,0.168887,0.671582,0.72244,-0.00421159,0.689784,0.10193,-0.00732431,0.842907,0.266137,-0.698733,0.200275,0.253981,-0.639987,-0.206737,0.294332,-0.317771,0.672531
4.26,0,,28.4042,4.14404,-5.56322,4.60474,-3.6809,8.36457,19.817,40.2207,-1.76112,-3.2632,-3.20884,-15.0013,7.05555,4.98347,5.64576,5.64576,0.698787,-0.698787,4.41261,-4.41261,-1.22115,44.5329,0.967577,2.68472,5.96126,5.07607,153.824,-5.57513,1.13252,158.396,23.0521,-2.78565,159.279,3.25361,-2.20383,152.294,1.2115,0.840448,162.259,-0.911231,-3.64822,159.437,-40.2757,11.4738,165.363,-44.3114,-7.65962,-129.879,-50.2856,129.892,121.08,-171.903,60.5447,34.6482,-451.136,73.2119,66.9064,37.6743,81.5145,296.377,266.117,-1.4541,192.386,2.47426,-131.83,-1008.8,125.554,4526.54,-0.30519,-0.494408,-0.429341,0.723368,0.161935,0.670508,0.724214,-0.0100102,0.687836,0.10474,-0.00701929,0.843169,0.2588,-0.696561,0.20942,0.264659,-0.638514,-0.21058,0.34462,-0.344864,0.640105
4.27,0,,27.7004,5.47772,-5.51966,5.08921,-3.79413,7.21321,19.615,42.769,-1.37791,-13.964,-3.29148,-7.32812,7.47299,8.35178,5.6384,5.6384,0.628252,-0.628252,4.24223,-4.24223,-1.07749,56.6776,0.938978,-4.79056,6.16015,4.99314,154.137,-5.57641,1.04491,158.753,22.359,-2.8484,159.653,2.76336,-2.30786,152.239,1.07397,0.824526,161.436,0.409265,-4.02995,158.152,-41.2795,12.6582,167.438,-56.3481,-2.74942,-94.2469,-87.8826,118.157,237.769,-301.296,88.3873,15.61,-509.744,57.6079,74.3162,-16.5306,-64.3535,296.377,271.506,-30.7489,170.919,260.222,-117.697,-808.999,93.6808,5245.13,-0.307026,-0.493255,-0.430812,0.725766,0.155347,0.669548,0.725965,-0.0148318,0.685925,0.105837,-0.00744643,0.843339,0.251109,-0.694121,0.218515,0.275967,-0.637819,-0.2134,0.387604,-0.430393,0.568587
4.28,0,,27.0045,6.79144,-5.41404,5.55784,-3.72899,6.15633,19.4242,45.2689,-0.833841,-24.5968,-3.44508,7.73828,7.68206,12.4112,5.59001,5.59001,0.544829,-0.544829,4.06896,-4.06896,-1.13335,68.7019,0.943745,-18.9422,6.33725,5.77643,154.455,-5.53722,0.941228,158.912,21.703,-2.93498,159.845,2.30026,-2.45267,152.201,1.12636,0.81884,160.706,1.74159,-4.45999,156.927,-42.1782,13.9233,174.104,-67.9681,4.4669,-56.6504,-133.302,87.8985,241.721,-454.134,80.568,14.1409,-519.554,42.0038,12.6403,-45.363,-80.4419,255.886,242.656,-53.6953,285.644,354.527,-106.94,5704.91,-1673.76,-5001.13,-0.309102,-0.492281,-0.432096,0.727813,0.149542,0.668728,0.727861,-0.0182499,0.683915,0.105472,-0.00714136,0.843535,0.24324,-0.691509,0.227614,0.286213,-0.637799,-0.216445,0.387902,-0.535983,0.455595
4.29,0,,26.3307,8.11292,-5.27303,5.98323,-3.51182,5.29787,19.2335,47.7247,-0.282678,-23.4563,-3.54859,8.86198,7.70426,12.5884,5.52305,5.52305,0.471951,-0.471951,3.91783,-3.91783,-1.22115,68.4814,0.877015,-20.1413,6.50072,5.26191,154.735,-5.47795,0.849496,158.89,21.0755,-3.02545,159.856,1.86429,-2.62412,152.168,1.21586,0.736956,160.14,3.09661,-4.87251,155.878,-42.9967,15.0778,172.765,-67.8762,7.04675,-29.3075,-142.566,53.7095,109.349,-549.293,28.7925,5.87672,-461.449,-18.5978,-18.9604,-17.4917,37.182,182.594,242.656,-49.333,269.068,408.678,-85.4269,2461.58,-3207.11,-1536.25,-0.311054,-0.491546,-0.433192,0.729543,0.144969,0.667955,0.729849,-0.0203261,0.681872,0.105167,-0.00610373,0.843657,0.235486,-0.688939,0.237012,0.294998,-0.637729,-0.219799,0.379177,-0.544655,0.453279
4.3,0,,25.6361,9.44327,-5.08737,6.3149,-3.16126,4.69182,19.0023,50.1123,0.147844,-14.8826,-3.67464,3.54297,7.5274,13.4517,5.44066,5.44066,0.389465,-0.389465,3.77729,-3.77729,-1.22913,61.235,0.810286,-15.8602,6.61242,7.2048,154.993,-5.40308,0.747983,158.704,20.4356,-3.12468,159.702,1.45886,-2.82137,152.173,1.22241,0.666445,159.8,4.48022,-5.22014,155.158,-43.7667,15.889,173.506,-60.4208,2.99166,-24.8939,-117.693,39.0597,-23.4632,-565.924,7.30775,2.44863,-355.928,-46.3585,-33.1263,-5.76648,80.4419,151.341,238.788,-38.0903,87.3887,449.185,12.2038,-1121.98,-1038.03,-535.156,-0.313004,-0.490931,-0.434043,0.731206,0.14192,0.66693,0.731924,-0.0211197,0.679796,0.105416,-0.00555466,0.843576,0.227795,-0.686619,0.246594,0.301897,-0.636755,-0.223524,0.355981,-0.499057,0.500522
4.31,0,,24.8724,10.7448,-4.85924,6.51159,-2.73624,4.42187,18.6993,52.425,0.487294,-6.19061,-3.84577,-3.45312,7.19589,12.977,5.33127,5.33127,0.280733,-0.280733,3.65215,-3.65215,-1.18124,53.5818,0.800753,-9.82183,6.67236,8.28759,155.224,-5.30271,0.620602,158.402,19.745,-3.22828,159.427,1.0721,-3.01112,152.217,1.17002,0.663033,159.762,5.87862,-5.45458,154.801,-44.51,16.4245,172.677,-52.7794,-1.233,-18.0582,-98.156,37.5929,-84.9443,-536.638,-47.8658,20.997,-234.435,-68.8573,-2.83317,-12.6863,14.3008,142.104,206.071,0,-51.7376,375.028,-135.255,-2036.12,-727.049,680.084,-0.315081,-0.490445,-0.434534,0.732997,0.140447,0.665429,0.733929,-0.0210583,0.677834,0.105838,-0.00579851,0.843348,0.220228,-0.684732,0.256119,0.30678,-0.635351,-0.228163,0.337979,-0.442236,0.552047
4.32,0,,24.0201,12.0186,-4.60553,6.60267,-2.31898,4.42187,18.2684,54.6319,0.761693,-1.34611,-3.95428,-10.4245,6.83574,10.8505,5.2054,5.2054,0.14435,-0.14435,3.53278,-3.53278,-1.12537,49.1449,0.757856,-3.36993,6.72141,7.20941,155.433,-5.18642,0.465614,158.078,18.9838,-3.32265,159.125,0.743003,-3.17091,152.256,1.11545,0.62664,159.959,7.28294,-5.5905,154.702,-45.1798,16.8146,169.92,-48.6238,-4.88598,-18.0582,-102.554,16.1166,-61.0419,-438.964,-109.361,12.6717,-136.209,-127.463,3.92285,-15.1851,-41.4723,168.434,180.201,19.0452,-127.442,208.969,-130.383,-1576.78,9.69112,828.907,-0.317272,-0.490008,-0.434708,0.735022,0.140205,0.663363,0.735633,-0.0205088,0.676182,0.106389,-0.00579862,0.84312,0.212847,-0.683099,0.265585,0.309968,-0.634159,-0.2333,0.342679,-0.394441,0.593431
4.33,0,,23.07,13.2603,-4.35236,6.65449,-1.95291,4.71612,17.7118,56.6429,1.01362,0.389039,-4.00521,-16.6588,6.49778,8.06571,5.07042,5.07042,-0.00960773,0.00960773,3.42208,-3.42208,-1.08547,47.3719,0.676827,2.58873,6.76227,5.07761,155.597,-5.06184,0.293672,157.771,18.1347,-3.40874,158.818,0.452926,-3.31323,152.272,1.08052,0.547031,160.409,8.69219,-5.66202,154.96,-45.7193,16.9291,166.51,-47.1274,-8.08112,-26.3741,-96.6781,12.205,-17.566,-305.19,-171.878,4.40754,-101.622,-187.974,3.48698,17.4917,-4.29023,158.2,106.459,11.7037,-105.486,78.1161,4.38952,-1188,519.444,-125.461,-0.319421,-0.489661,-0.434542,-0.737287,-0.140755,-0.660744,0.737148,-0.0197761,0.674707,0.107003,-0.0053715,0.84296,0.205457,-0.681498,0.274797,0.310809,-0.633092,-0.2386,0.361157,-0.357128,0.624593
4.34,0,,22.043,14.4543,-4.08884,6.68254,-1.63027,5.20069,17.07,58.3873,1.23834,0.622759,-4.05696,-21.5508,6.18131,5.62777,4.92211,4.92211,-0.194732,0.194732,3.32678,-3.32678,-1.05354,46.9196,0.600565,7.36453,6.80314,3.16544,155.74,-4.92516,0.091949,157.48,17.2238,-3.49046,158.521,0.186599,-3.44806,152.272,1.04123,0.475382,161.008,10.0857,-5.69517,155.554,-46.0918,16.6922,163.704,-46.8272,-10.7433,-41.4988,-105.474,8.29338,-6.8382,-164.52,-202.644,13.1614,-102.502,-233.879,0,16.1461,15.7309,125.509,32.2104,-10.2496,-201.679,-47.3645,-2.46006,-916.936,965.881,-333.553,-0.32167,-0.489342,-0.434041,-0.739669,-0.141854,-0.657694,0.738563,-0.0189829,0.673314,0.107608,-0.00500504,0.842861,0.198005,-0.679832,0.283579,0.309411,-0.631884,-0.243366,0.380825,-0.329002,0.645614
4.35,0,,20.9796,15.6006,-3.83513,6.67957,-1.31073,5.70011,16.39,59.8586,1.4335,0.662698,-4.10955,-23.6484,5.85695,4.28728,4.76259,4.76259,-0.386653,0.386653,3.23341,-3.23341,-0.997671,46.7127,0.529069,9.38028,6.83039,2.31149,155.866,-4.77668,-0.11673,157.183,16.2881,-3.57509,158.214,-0.0695505,-3.57706,152.278,0.988843,0.411695,161.606,11.4436,-5.68191,156.207,-46.2605,16.3409,162.48,-46.6636,-11.8334,-49.8147,-118.667,7.80442,6.8382,-20.0377,-210.938,27.8532,-101.119,-231.974,9.80713,10.1874,28.9591,77.662,-14.1396,-15.6404,-292.98,-101.091,22.4782,-832.403,1162.07,412.29,-0.323934,-0.489105,-0.433377,-0.741987,-0.142892,-0.654519,0.739912,-0.0180675,0.671976,0.108283,-0.00476104,0.842766,0.190869,-0.678144,0.292194,0.306904,-0.631144,-0.246781,0.388434,-0.316778,0.654491
4.36,0,,19.8901,16.6959,-3.59012,6.63238,-1.0005,6.27781,15.6673,61.0876,1.58371,1.3106,-4.15296,-22.6966,5.51613,4.19488,4.58974,4.58974,-0.601538,0.601538,3.14293,-3.14293,-0.933821,46.0286,0.476639,8.28011,6.83583,2.86902,155.96,-4.6161,-0.348667,156.876,15.3412,-3.67675,157.884,-0.293469,-3.68026,152.278,0.925539,0.366203,162.248,12.7691,-5.61181,156.916,-46.2355,15.9567,163.243,-45.9557,-11.2496,-64.9394,-133.302,-5.37847,8.28113,85.424,-174.801,15.1203,-77.5999,-186.069,20.486,20.9515,21.4512,23.4535,-20.9875,-46.8858,-311.512,-118.199,22.9606,-893.183,649.951,467.234,-0.326256,-0.488927,-0.432404,-0.744245,-0.14338,-0.651344,0.741051,-0.0169073,0.670858,0.108952,-0.00469991,0.842687,0.184092,-0.67643,0.300676,0.30325,-0.63122,-0.249229,0.378987,-0.320513,0.652134
4.37,0,,18.8214,17.7801,-3.37724,6.5568,-0.701124,6.91896,14.9402,62.1118,1.74574,1.50586,-4.20805,-20.7435,5.18677,4.42778,4.42882,4.42882,-0.818063,0.818063,3.05244,-3.05244,-0.893914,45.7103,0.452807,6.19495,6.83311,3.68918,156.053,-4.46603,-0.580605,156.585,14.4018,-3.79543,157.571,-0.50721,-3.76681,152.283,0.890613,0.344595,162.951,14.0758,-5.47352,157.712,-46.0501,15.5088,164.391,-45.5906,-9.96817,-82.9976,-138.673,-23.921,10.7278,146.511,-135.742,21.4868,-42.0071,-130.82,0.435872,0.96108,-16.4459,-23.4535,21.4948,-68.8392,-284.176,-88.8614,17.5581,-900.867,234.956,600.049,-0.328518,-0.488688,-0.431432,-0.74645,-0.142954,-0.648299,0.742064,-0.0158094,0.669854,0.10932,-0.00469996,0.842635,0.177988,-0.674535,0.309404,0.29849,-0.631835,-0.250939,0.367157,-0.331509,0.645134
4.38,0,,17.7723,18.8555,-3.18178,6.4578,-0.407955,7.5817,14.1996,62.9818,1.89595,0.729264,-4.26398,-19.569,4.85024,4.62272,4.2721,4.2721,-1.03553,1.03553,2.98313,-2.98313,-0.877951,46.1968,0.448041,4.88803,6.83039,4.20984,156.125,-4.32011,-0.811238,156.289,13.4785,-3.91606,157.247,-0.68872,-3.83256,152.283,0.875333,0.343458,163.653,15.3647,-5.27839,158.47,-45.7294,15.0938,165.181,-46.0341,-9.26567,-105.469,-132.329,-30.7664,0.501886,157.706,-81.043,19.0381,-16.0985,-88.9066,-5.4484,-0.96108,-14.3008,-50.779,82.9989,-69.8323,-227.548,10.2505,30.7749,-703.508,177.24,455.985,-0.330649,-0.488497,-0.430326,-0.748511,-0.141608,-0.645539,0.742895,-0.0145271,0.669039,0.10944,-0.00476093,0.842624,0.172494,-0.672458,0.318437,0.293239,-0.633052,-0.251792,0.36421,-0.340588,0.638023
4.39,0,,16.7545,19.9198,-3.01355,6.35087,-0.136502,8.27143,13.4589,63.6954,2.01541,0.224844,-4.27901,-19.22,4.54737,4.76069,4.1301,4.1301,-1.23307,1.23307,2.92056,-2.92056,-0.854007,46.2922,0.419442,4.41547,6.83311,4.77043,156.185,-4.18756,-1.02057,156.025,12.5738,-4.02599,156.956,-0.85157,-3.87917,152.283,0.846956,0.319575,164.389,16.626,-5.01838,159.272,-45.2934,14.6419,166,-46.0834,-9.38679,-137.199,-106.447,-29.2995,-26.8509,116.738,-44.4311,10.2843,5.91117,-30.3008,-3.92285,0,7.15039,-60.0719,168.471,-58.5896,-213.852,44.4661,42.9787,-379.349,303.224,175.645,-0.332598,-0.488307,-0.429344,-0.750445,-0.139347,-0.643082,0.743571,-0.0133674,0.668371,0.109742,-0.00469974,0.842596,0.167548,-0.670253,0.327588,0.28726,-0.634585,-0.252039,0.362701,-0.342557,0.633902
4.4,0,,15.7549,20.9408,-2.85457,6.22414,0.130297,9.00841,12.7542,64.2328,2.14197,0.831331,-4.28318,-18.9661,4.26169,4.86828,3.98215,3.98215,-1.40695,1.40695,2.85896,-2.85896,-0.822081,45.2057,0.390844,4.08763,6.83583,5.65203,156.245,-4.04705,-1.20621,155.778,11.6938,-4.11063,156.676,-1.02799,-3.91912,152.278,0.814213,0.29228,165.184,17.8459,-4.67407,160.145,-44.7539,14.0905,167.109,-44.9252,-9.75257,-167.475,-88.3873,-30.7664,-45.9226,88.3445,-21.9598,-7.3459,12.1997,24.8576,-16.5631,-5.76648,1.07256,-60.0719,244.622,-42.9846,-235.862,-5.86754,46.4035,-483.793,49.317,-37.6383,-0.334436,-0.488256,-0.428437,-0.752171,-0.136481,-0.64096,0.744238,-0.0123907,0.667696,0.110113,-0.00463891,0.842572,0.163094,-0.668064,0.336687,0.280414,-0.636151,-0.251787,0.353898,-0.338761,0.633086
4.41,0,,14.7683,21.9341,-2.68688,6.09742,0.404852,9.80208,12.0518,64.6029,2.26024,2.173,-4.28736,-18.8203,3.96955,4.89107,3.83384,3.83384,-1.56161,1.56161,2.79927,-2.79927,-0.790156,43.2668,0.362246,3.93848,6.83583,6.72253,156.3,-3.90559,-1.37228,155.531,10.8298,-4.15829,156.385,-1.19084,-3.95407,152.272,0.788018,0.269535,166.046,19.0323,-4.26108,161.106,-44.0974,13.4555,168.3,-42.8978,-10.2249,-174.311,-60.559,-32.2332,-55.1448,69.3614,6.35774,-4.40754,42.5101,35.1998,-12.2044,-15.1851,-19.6636,-46.4091,307.141,-43.4457,-293.959,-134.741,66.4217,-764.986,-253.907,-69.2198,-0.336135,-0.488303,-0.42757,-0.753633,-0.133001,-0.639248,0.744843,-0.011292,0.667081,0.110418,-0.00457786,0.842571,0.158824,-0.665876,0.345604,0.272539,-0.637858,-0.251054,0.339996,-0.330535,0.634823
4.42,0,,13.8078,22.9042,-2.52027,5.96244,0.701124,10.5876,11.3875,64.7747,2.39862,3.39041,-4.27817,-18.9909,3.67957,4.78221,3.68764,3.68764,-1.7001,1.7001,2.73382,-2.73382,-0.766212,41.2666,0.314582,4.21168,6.84128,7.67785,156.366,-3.76444,-1.52227,155.284,9.98821,-4.18651,156.1,-1.37065,-3.99735,152.261,0.764006,0.225181,166.924,20.1832,-3.79504,162.112,-43.289,12.7518,169.272,-40.8167,-10.8984,-173.342,-27.3597,-27.8326,-56.6504,59.0586,-0.475004,8.32535,94.7045,45.4512,-7.8457,-11.1485,-26.814,-48.3451,372.069,-32.6995,-345.207,-272.452,86.9222,-851.615,-331.005,41.5319,-0.33779,-0.488373,-0.426846,-0.754934,-0.129281,-0.637739,0.745529,-0.0102545,0.666362,0.110783,-0.00433368,0.842565,0.154369,-0.663867,0.354091,0.263687,-0.639746,-0.249465,0.327527,-0.319714,0.637842
4.43,0,,12.8408,23.8354,-2.35204,5.8235,0.960167,11.3098,10.7209,64.757,2.54883,4.19955,-4.25731,-19.1953,3.41966,4.61512,3.53688,3.53688,-1.83578,1.83578,2.67317,-2.67317,-0.75823,39.4845,0.262151,4.57496,6.84401,8.44118,156.427,-3.61851,-1.66878,155.081,9.14781,-4.1938,155.847,-1.54538,-4.03563,152.261,0.755275,0.170592,167.748,21.2857,-3.31859,163.045,-42.3218,12.081,169.986,-38.9752,-11.4725,-154.288,-1.94654,-26.3658,-57.5915,54.1911,-5.8462,9.30481,126.021,10.7051,5.88428,-1.92216,-4.29023,-84.9635,392.105,-48.34,-362.815,-373.048,78.6255,-774.068,-300.209,14.7092,-0.339433,-0.488488,-0.426107,-0.756155,-0.125436,-0.636274,0.746176,-0.00946072,0.665668,0.111091,-0.00396753,0.84252,0.149605,-0.662081,0.361956,0.25429,-0.642074,-0.246721,0.316858,-0.309594,0.640857
4.44,0,,11.8947,24.719,-2.19741,5.68555,1.19905,11.8888,10.1037,64.5478,2.7499,4.7809,-4.22058,-19.0534,3.20414,4.43032,3.38998,3.38998,-1.96841,1.96841,2.60194,-2.60194,-0.766212,37.7639,0.204955,4.63846,6.85491,9.04017,156.492,-3.47577,-1.81246,154.911,8.32722,-4.20207,155.639,-1.75064,-4.0606,152.245,0.764006,0.112591,168.434,22.3232,-2.87861,163.825,-41.2027,11.5007,170.48,-37.2144,-11.5791,-148.933,2.4512,-47.8609,-57.1523,57.5983,-14.177,-10.7128,144.509,-14.6061,2.83317,5.38205,3.93272,-136.738,367.186,-50.2906,-346.185,-415.04,113.259,-717.83,-359.863,20.3333,-0.341091,-0.488563,-0.425448,-0.757362,-0.12171,-0.634736,0.746818,-0.00909488,0.664964,0.111275,-0.00347926,0.842531,0.144536,-0.660545,0.369031,0.24476,-0.644921,-0.242562,0.304882,-0.302135,0.643762
4.45,0,,10.9785,25.5605,-2.02155,5.54068,1.41311,12.2857,9.51125,64.1579,2.96635,5.19952,-4.21807,-18.5794,3.01368,4.25817,3.25149,3.25149,-2.10644,2.10644,2.52108,-2.52108,-0.790156,36.0432,0.157291,4.4007,6.85218,9.47482,156.564,-3.34068,-1.96136,154.768,7.53014,-4.18456,155.452,-1.9559,-4.11137,152.234,0.785835,0.061413,168.922,23.2975,-2.50256,164.391,-39.9316,11.0498,170.749,-35.476,-11.2302,-151.355,-12.6885,-40.0376,-77.6669,34.6401,-14.177,-24.9148,129.417,1.45154,-2.3973,-4.8054,-12.8707,-176.731,322.738,-70.3288,-297.871,-384.289,127.923,-671.721,-432.655,99.0708,-0.342743,-0.488569,-0.424782,-0.758398,-0.118048,-0.633331,-0.747595,0.00885053,-0.664095,0.11133,-0.00299078,0.842545,0.139228,-0.659273,0.375384,0.235425,-0.648351,-0.236707,0.291213,-0.297072,0.646943
4.46,0,,10.0897,26.3553,-1.8653,5.37633,1.62717,12.4247,8.96141,63.6029,3.2029,5.48501,-4.19553,-17.8698,2.84184,4.10627,3.11826,3.11826,-2.2372,2.2372,2.42771,-2.42771,-0.8141,34.3157,0.0953278,3.96949,6.85218,9.68678,156.641,-3.21005,-2.10309,154.636,6.75658,-4.17435,155.287,-2.18151,-4.15215,152.223,0.805481,0.00113728,169.147,24.2009,-2.21129,164.665,-38.5335,10.7483,170.749,-33.76,-10.5205,-135.746,-33.704,-37.5929,-90.8414,20.5245,-31.2406,-20.0176,107.91,-23.9504,-1.96143,0,-12.8707,-212.409,286.153,-79.0888,-280.752,-307.162,110.365,-591.38,-436.962,41.9645,-0.344377,-0.488549,-0.424215,-0.759419,-0.114566,-0.631853,-0.748367,0.00885027,-0.663221,0.111454,-0.0024415,0.842561,0.133797,-0.658366,0.381066,0.226822,-0.652266,-0.228897,0.276388,-0.293784,0.650927
4.47,0,,9.22044,27.0793,-1.72973,5.20406,1.85208,12.3613,8.44747,62.8739,3.45246,5.6995,-4.16632,-17.2044,2.65997,3.89615,2.98398,2.98398,-2.35366,2.35366,2.33722,-2.33722,-0.830063,32.5087,0.0333647,3.60916,6.84401,9.64838,156.712,-3.07751,-2.22982,154.499,6.0053,-4.16559,155.111,-2.4207,-4.1921,152.206,0.82731,-0.0659621,169.142,25.0243,-2.0029,164.698,-37.0151,10.5671,170.447,-31.9947,-9.70655,-134.266,-57.6031,-27.8326,-82.9995,12.6554,-47.8658,-7.83563,73.1979,-15.604,-10.6789,-7.30421,-6.43535,-222.144,244.115,-103.028,-283.687,-253.435,119.144,-506.847,-403.797,-37.2056,-0.345906,-0.488614,-0.423669,-0.760377,-0.111459,-0.6303,-0.749163,0.00885031,-0.662308,0.111579,-0.00183116,0.842578,0.128548,-0.657754,0.386132,0.218757,-0.656636,-0.219367,0.261368,-0.290239,0.656532
4.48,0,,8.37463,27.7456,-1.61539,5.00605,2.10492,12.1237,7.97617,62.0016,3.72804,5.98943,-4.13126,-16.7318,2.45663,3.62147,2.84549,2.84549,-2.46005,2.46005,2.24866,-2.24866,-0.86997,30.5084,-0.0333647,3.50284,6.84128,9.41492,156.784,-2.93954,-2.34655,154.329,5.27754,-4.16608,154.914,-2.67515,-4.22955,152.19,0.860053,-0.134199,168.944,25.7847,-1.85655,164.556,-35.4016,10.4427,169.926,-30.0547,-9.0089,-142.097,-82.043,-33.7001,-51.2551,33.1799,-44.4311,6.36645,75.7133,-2.44947,-5.88428,-2.49881,-16.0884,-207.984,221.669,-115.229,-317.871,-235.833,103.998,-439.081,-307.531,-37.6383,-0.347384,-0.488755,-0.423136,-0.761289,-0.108773,-0.628649,-0.749984,0.00878959,-0.661356,0.111637,-0.00115971,0.842618,0.123482,-0.657451,0.390772,0.211131,-0.661165,-0.208323,0.246294,-0.284627,0.664047
4.49,0,,7.52752,28.3453,-1.51086,4.81067,2.36862,11.7174,7.52282,60.9598,3.99652,6.33114,-4.0628,-16.4713,2.25686,3.27843,2.69684,2.69684,-2.55449,2.55449,2.16395,-2.16395,-0.885932,28.315,-0.114393,3.64461,6.85218,8.98027,156.849,-2.79107,-2.45089,154.159,4.56091,-4.15878,154.711,-2.93978,-4.24953,152.162,0.877516,-0.219495,168.56,26.4839,-1.80398,164.254,-33.666,10.371,169.19,-27.9377,-8.45175,-129.394,-89.3605,-32.7222,-40.0254,45.9164,-35.6618,1.46918,89.2964,-2.90307,-8.71745,-7.30421,-22.5237,-192.883,190.409,-131.33,-354.5,-218.23,116.202,-405.198,-166.041,19.9007,-0.348846,-0.488995,-0.422644,-0.762111,-0.106327,-0.626975,-0.750737,0.00878911,-0.660465,0.11188,-0.000427254,0.842667,0.118903,-0.657141,0.395164,0.203684,-0.665987,-0.195749,0.231161,-0.27688,0.673338
4.5,0,,6.71821,28.8952,-1.39652,4.61497,2.61836,11.1654,7.12334,59.7705,4.2792,6.65509,-3.97515,-16.2721,2.05495,2.95819,2.55134,2.55134,-2.64283,2.64283,2.08309,-2.08309,-0.893914,26.0397,-0.204955,3.87646,6.84673,8.43811,156.899,-2.64578,-2.54827,153.983,3.88018,-4.13008,154.507,-3.22307,-4.26034,152.14,0.890613,-0.313889,167.989,27.1279,-1.84235,163.809,-31.8287,10.3203,168.361,-25.7378,-7.97695,-124.012,-104.969,-32.2332,-36.1358,54.6778,-31.7522,8.32535,106.904,-6.35047,-11.3327,-10.1874,-21.4512,-177.726,171.895,-147.467,-365.696,-188.963,100.573,-370.267,-34.6727,145.794,-0.350184,-0.489293,-0.422089,-0.762733,-0.104131,-0.625458,-0.751485,0.00891137,-0.659563,0.112188,0.000366229,0.842693,0.115056,-0.656703,0.399552,0.196487,-0.670887,-0.181715,0.215954,-0.268142,0.683388
4.51,0,,5.93887,29.3963,-1.29961,4.413,2.86964,10.4878,6.77548,58.4027,4.55833,6.83408,-3.85328,-16.0078,1.85733,2.7354,2.40023,2.40023,-2.71383,2.71383,2.00993,-2.00993,-0.893914,23.7962,-0.328881,4.04776,6.84673,7.84065,156.943,-2.49412,-2.62805,153.802,3.23781,-4.09652,154.299,-3.51993,-4.26451,152.107,0.886247,-0.43444,167.265,27.7225,-1.94465,163.248,-29.8576,10.2735,167.51,-23.5603,-7.49005,-112.305,-111.313,-28.8105,-32.6854,62.9525,-37.5984,23.4457,97.5972,-2.90307,1.96143,-3.45989,2.86016,-172.859,167.964,-149.914,-363.304,-131.348,78.1432,-300.406,49.317,270.39,-0.351408,-0.489725,-0.421543,-0.763263,-0.102053,-0.624038,-0.752224,0.00909456,-0.658654,0.112741,0.00128184,0.842721,0.112066,-0.656101,0.404135,0.189219,-0.675939,-0.166146,0.200688,-0.25971,0.693313
4.52,0,,5.18169,29.8409,-1.19453,4.21103,3.08991,9.69815,6.48372,56.8719,4.87294,6.87106,-3.72389,-15.6784,1.67761,2.63794,2.24105,2.24105,-2.77781,2.77781,1.9464,-1.9464,-0.901895,21.6027,-0.457573,4.15999,6.84128,7.22937,156.97,-2.33418,-2.7,153.643,2.62763,-4.04253,154.112,-3.83715,-4.26867,152.074,0.897162,-0.562953,166.392,28.2669,-2.12746,162.589,-27.7714,10.2158,166.686,-21.4232,-7.01284,-107.434,-117.189,-32.2332,-36.1358,89.8047,-65.4409,18.5484,98.1003,7.3484,9.80713,9.80301,6.79287,-175.293,170.436,-159.171,-317.871,-53.232,74.7184,-191.072,97.1265,356.915,-0.352565,-0.49027,-0.420929,-0.763634,-0.0999786,-0.622821,-0.75301,0.00952173,-0.657671,0.113225,0.00231943,0.842745,0.110053,-0.655193,0.408961,0.181895,-0.681008,-0.149179,0.185498,-0.251603,0.702865
4.53,0,,4.45318,30.2156,-1.09108,4.00246,3.29156,8.83969,6.2391,55.1473,5.22067,6.89177,-3.59033,-15.2891,1.50219,2.65946,2.08819,2.08819,-2.83147,2.83147,1.89442,-1.89442,-0.917858,19.3479,-0.5672,4.22792,6.83039,6.65956,156.976,-2.1806,-2.76108,153.478,2.04344,-3.97638,153.925,-4.17982,-4.25452,152.041,0.914625,-0.678955,165.421,28.7304,-2.36048,161.875,-25.5765,10.1153,165.928,-19.2121,-6.55985,-90.3447,-119.135,-33.2111,-23.9023,114.71,-69.3506,9.79453,136.712,20.9566,0.871745,10.7641,16.0884,-191.389,182.103,-152.361,-270.97,36.1243,51.2754,-73.7042,111.771,362.106,-0.353545,-0.490886,-0.420262,-0.763899,-0.097906,-0.62174,-0.753758,0.0101323,-0.656708,0.113591,0.00329603,0.842807,0.109133,-0.654124,0.413825,0.174327,-0.685953,-0.13105,0.169628,-0.243241,0.712083
4.54,0,,3.76637,30.5349,-1.0007,3.78399,3.45288,7.96098,6.0416,53.2686,5.57432,6.91543,-3.48682,-14.9115,1.3282,2.7468,1.94514,1.94514,-2.8774,2.8774,1.85399,-1.85399,-0.933821,17.0294,-0.657762,4.33868,6.78952,6.12815,156.959,-2.03723,-2.81325,153.33,1.49142,-3.91023,153.761,-4.53435,-4.24453,152.025,0.925539,-0.767663,164.389,29.1249,-2.61433,161.145,-23.3098,9.93809,165.22,-16.9293,-6.21103,-86.4155,-131.355,-43.9492,-42.974,159.166,-60.0697,-6.85617,171.424,-16.1483,-1.52555,-2.88324,14.3008,-213.847,208.036,-144.523,-212.874,129.369,37.0939,35.2802,123.616,345.234,-0.354334,-0.49155,-0.419524,-0.764136,-0.0957688,-0.620757,-0.754554,0.0109258,-0.655672,0.113895,0.00402846,0.842802,0.109077,-0.652997,0.418668,0.16639,-0.690526,-0.112127,0.153507,-0.234014,0.721086
4.55,0,,3.09781,30.761,-0.914136,3.55661,3.59869,7.09983,5.9047,51.2334,5.94334,7.04265,-3.36744,-14.5234,1.17497,2.8392,1.79403,1.79403,-2.9163,2.9163,1.8203,-1.8203,-0.925839,14.5564,-0.748323,4.50112,6.75682,5.63974,156.932,-1.88557,-2.85803,153.187,0.970354,-3.83921,153.601,-4.92112,-4.21956,151.992,0.921173,-0.85637,163.362,29.4345,-2.86866,160.469,-20.9914,9.6385,164.577,-14.483,-5.96394,-71.7752,-124.038,-54.6874,-71.7698,160.14,-34.1637,-14.6306,191.924,-28.8493,1.52555,2.88324,6.79287,-234.369,234.857,-140.622,-179.179,181.611,16.111,92.9161,106.387,298.943,-0.355056,-0.492329,-0.418718,-0.764329,-0.0935116,-0.619911,-0.755334,0.0119633,-0.654623,0.114322,0.00469984,0.842858,0.109809,-0.651897,0.423244,0.157782,-0.694485,-0.0928381,0.136482,-0.223523,0.72996
4.56,0,,2.46443,30.9051,-0.833013,3.28632,3.72899,6.29131,5.80595,49.0375,6.33719,7.2601,-3.24306,-14.0703,1.02676,2.91135,1.65485,1.65485,-2.95614,2.95614,1.79527,-1.79527,-0.933821,11.9515,-0.838884,4.65618,6.72141,5.1759,156.888,-1.74665,-2.90281,153.044,0.470324,-3.77355,153.448,-5.32146,-4.19127,151.959,0.923356,-0.947353,162.38,29.6475,-3.07421,159.849,-18.6362,9.22446,163.973,-11.9023,-5.74835,-67.8729,-119.64,-50.7758,-88.8966,146.997,-21.0098,-21.4868,202.615,-10.2515,0,10.1874,0,-234.369,277.34,-138.671,-147.441,212.433,11.7215,121.559,55.1317,291.156,-0.355676,-0.493075,-0.417875,-0.764559,-0.0909463,-0.619167,-0.756133,0.0131231,-0.653528,0.114688,0.00543227,0.842918,0.111273,-0.651094,0.427389,0.148448,-0.697803,-0.0733694,0.118415,-0.212292,0.738628
4.57,0,,1.84409,30.945,-0.780201,2.98897,3.79879,5.53408,5.7678,46.6918,6.77008,7.45092,-3.12536,-13.513,0.937972,2.96198,1.50444,1.50444,-2.99293,2.99293,1.76928,-1.76928,-0.933821,9.32618,-0.919913,4.76841,6.68054,4.7305,156.838,-1.59626,-2.94498,152.951,-0.0012377,-3.7322,153.349,-5.75403,-4.15964,151.921,0.929905,-1.02924,161.441,29.7679,-3.23808,159.294,-16.2392,8.686,163.397,-9.29465,-5.54487,-66.4196,-105.474,-68.8482,-69.3231,142.13,-22.9463,-3.42809,208.023,-26.8534,4.35872,7.88085,5.36279,-236.803,301.751,-133.777,-101.573,242.195,-18.0887,162.079,6.89146,272.986,-0.356283,-0.493925,-0.416955,-0.764922,-0.0882602,-0.618371,-0.756973,0.0148318,-0.652357,0.114998,0.00610391,0.843011,0.113231,-0.650636,0.430949,0.138251,-0.700412,-0.0537745,0.09998,-0.200998,0.746859
4.58,0,,1.25111,30.8918,-0.75679,2.64477,3.84998,4.8133,5.77453,44.1985,7.22899,7.55447,-3.02519,-12.8763,0.874247,2.96198,1.35333,1.35333,-3.02386,3.02386,1.73848,-1.73848,-0.949783,6.73722,-0.981876,4.85111,6.63694,4.24516,156.789,-1.4446,-2.9815,152.885,-0.445571,-3.71615,153.277,-6.20696,-4.12552,151.888,0.940819,-1.09179,160.552,29.7974,-3.33943,158.789,-13.8055,8.04502,162.804,-6.7184,-5.35108,-47.3657,-76.672,-75.6747,-48.8085,134.748,-36.1368,-13.6511,175.826,-39.1008,-0.435872,2.49881,5.36279,-216.336,344.233,-120.123,-62.4981,257.323,-30.2925,210.284,-18.9515,228.858,-0.356895,-0.494781,-0.416102,-0.765419,-0.0854535,-0.617523,-0.757831,0.0168461,-0.651139,0.115177,0.00665305,0.843107,0.115607,-0.650669,0.43386,0.127266,-0.702376,-0.0340598,0.0817311,-0.189831,0.754807
4.59,0,,0.684202,30.7643,-0.739911,2.25996,3.89806,4.13302,5.80819,41.5973,7.69381,7.61659,-2.92085,-12.1836,0.816966,2.91135,1.21344,1.21344,-3.05643,3.05643,1.71056,-1.71056,-0.949783,4.16644,-1.04861,4.93824,6.5988,3.71682,156.74,-1.30409,-3.0191,152.819,-0.875051,-3.70739,153.212,-6.67006,-4.09056,151.849,0.945185,-1.15661,159.707,29.7422,-3.38632,158.311,-11.3568,7.30452,162.178,-4.15784,-5.20815,-42.4676,-62.9741,-71.7819,-39.0844,118.198,-67.889,-17.5689,120.613,-23.9504,-4.79459,4.8054,2.50264,-208.979,357.929,-107.923,-18.0429,271.462,-22.9606,251.502,-53.1935,205.929,-0.357449,-0.495581,-0.415253,-0.765981,-0.0823419,-0.61674,-0.758703,0.0189218,-0.649872,0.115421,0.00720234,0.843223,0.118234,-0.651231,0.436067,0.115669,-0.703598,-0.0143442,0.0637234,-0.178474,0.762545
4.6,0,,0.125111,30.557,-0.752978,1.86955,3.91357,3.46623,5.86655,38.9058,8.16455,7.59588,-2.814,-11.4479,0.79119,2.84553,1.07565,1.07565,-3.07729,3.07729,1.68842,-1.68842,-0.941802,1.66612,-1.1201,5.02832,6.56338,3.16083,156.685,-1.16581,-3.04432,152.77,-1.29711,-3.71712,153.168,-7.15013,-4.05977,151.805,0.938636,-1.22826,158.878,29.6091,-3.40763,157.849,-8.89632,6.47742,161.535,-1.66448,-5.12095,-46.3968,-51.7635,-86.4316,-41.5311,98.1605,-77.6449,-17.5689,56.0933,-37.5585,1.96143,4.8054,2.86016,-189.951,371.118,-92.2821,0,286.166,-21.9959,298.31,-60.0849,243.567,-0.357885,-0.496448,-0.414409,-0.76666,-0.0790466,-0.615892,-0.759617,0.0212412,-0.648528,0.115788,0.00775175,0.843354,0.121163,-0.652143,0.437651,0.103579,-0.704116,0.00543224,0.0463279,-0.167122,0.769935
4.61,0,,-0.427463,30.2788,-0.753523,1.44746,3.94925,2.79944,5.93612,36.1129,8.65421,7.44352,-2.73386,-10.6172,0.746797,2.80755,0.940317,0.940317,-3.10142,3.10142,1.66532,-1.66532,-0.949783,-0.736457,-1.16777,5.05194,6.53069,2.59563,156.63,-1.03008,-3.07279,152.71,-1.71668,-3.71761,153.113,-7.63868,-4.03397,151.761,0.940819,-1.2783,158.055,29.4049,-3.40053,157.372,-6.40081,5.58961,160.887,0.73479,-5.01921,-52.7212,-57.6031,-90.8134,-39.0844,82.5035,-86.9257,14.1409,7.79772,-44.4533,0,-0.576648,1.7876,-189.951,356.914,-81.536,-4.40204,293.448,-0.482365,383.192,-48.8863,385.468,-0.35835,-0.49727,-0.413588,-0.767316,-0.0755047,-0.615147,-0.76057,0.0234989,-0.647104,0.115975,0.00817928,0.843504,0.124154,-0.65355,0.438508,0.0910104,-0.704095,0.0254536,0.0294199,-0.156438,0.776819
4.62,0,,-0.990464,29.9174,-0.777479,1.03263,3.99268,2.1043,6.01242,33.2386,9.14742,7.19205,-2.63369,-9.63281,0.693813,2.84553,0.797622,0.797622,-3.11267,3.11267,1.64222,-1.64222,-0.941802,-3.05493,-1.22496,4.9279,6.49254,2.055,156.569,-0.886706,-3.08866,152.633,-2.13998,-3.72734,153.041,-8.1391,-3.99152,151.717,0.938636,-1.32948,157.209,29.1298,-3.39721,156.839,-3.88024,4.65901,160.267,3.05117,-4.81815,-55.1703,-54.2147,-95.214,-27.3528,77.636,-83.4911,21.9765,0.503079,-47.81,9.80713,10.1874,6.43535,-188.015,344.74,-56.1424,-7.33674,295.922,0.964731,488.334,-40.918,457.716,-0.358735,-0.498212,-0.412756,-0.768058,-0.0717212,-0.614361,-0.76145,0.0257581,-0.645722,0.116216,0.00860633,0.843665,0.12745,-0.655193,0.43881,0.0782506,-0.703584,0.0457785,0.012513,-0.146982,0.783133
4.63,0,,-1.55216,29.4872,-0.812324,0.619114,4.07645,1.37812,6.09546,30.2916,9.64654,6.84739,-2.52517,-8.48958,0.601448,2.9835,0.654576,0.654576,-3.10588,3.10588,1.61237,-1.61237,-0.941802,-5.29158,-1.26786,4.6296,6.44623,1.56659,156.509,-0.741736,-3.08627,152.517,-2.56327,-3.72831,152.926,-8.64462,-3.9316,151.668,0.938636,-1.37269,156.342,28.7896,-3.383,156.257,-1.3413,3.70849,159.69,5.28914,-4.48628,-71.2907,-77.6453,-101.57,-28.2938,61.979,-72.2737,0,15.0924,-25.4019,3.92285,4.42097,10.7256,-191.389,311.008,-29.2948,41.5205,311.545,13.6509,594.873,-74.7293,623.843,-0.359027,-0.499231,-0.412008,-0.768769,-0.0678739,-0.613611,-0.762252,0.0278337,-0.644386,0.116397,0.00897239,0.843831,0.131049,-0.657076,0.43862,0.0653707,-0.702719,0.0663473,-0.00457785,-0.138983,0.788794
4.64,0,,-2.11256,28.9717,-0.851524,0.224082,4.17882,0.643844,6.16952,27.2631,10.1397,6.41101,-2.39828,-7.16146,0.489034,3.19995,0.522048,0.522048,-3.07658,3.07658,1.5835,-1.5835,-0.941802,-7.43958,-1.32029,4.1275,6.39991,1.13808,156.449,-0.606962,-3.06084,152.386,-2.99399,-3.70739,152.794,-9.14844,-3.86419,151.624,0.936454,-1.42501,155.491,28.3586,-3.35459,155.642,1.20099,2.73708,159.174,7.43975,-3.97758,-69.3261,-87.414,-103.996,-34.191,47.3766,-46.4042,3.42809,43.8936,-27.307,4.79459,6.91977,16.0884,-188.458,281.271,-4.89429,122.551,322.291,23.443,697.919,-141.06,683.978,-0.359155,-0.500278,-0.411404,-0.769384,-0.0639678,-0.612943,-0.763005,0.0297853,-0.64307,0.116644,0.00939987,0.843974,0.135256,-0.659068,0.437873,0.0523093,-0.701507,0.0868567,-0.0219127,-0.132758,0.7938
4.65,0,,-2.64819,28.4085,-0.901614,-0.127717,4.27034,-0.0566906,6.26603,24.2346,10.6436,5.93322,-2.28141,-5.69922,0.389509,3.48096,0.407401,0.407401,-3.02925,3.02925,1.55943,-1.55943,-0.933821,-9.5103,-1.36319,3.47035,6.36449,0.795584,156.383,-0.489712,-3.01693,152.254,-3.41852,-3.67918,152.662,-9.66922,-3.79428,151.575,0.925539,-1.46481,154.695,27.8724,-3.31575,155.032,3.70485,1.75472,158.746,9.50971,-3.33806,-69.3261,-96.1734,-120.602,-35.6339,30.2594,-21.9598,9.30481,89.2964,-29.7565,2.83317,3.45989,5.00527,-183.092,241.198,7.80249,173.364,326.179,28.3148,835.896,-252.83,706.907,-0.35909,-0.50131,-0.410912,-0.769936,-0.0602447,-0.612274,-0.76377,0.0318619,-0.641694,0.116889,0.00970512,0.844162,0.139958,-0.66091,0.436842,0.0391268,-0.699948,0.10682,-0.0393699,-0.127937,0.798079
4.66,0,,-3.19164,27.7744,-0.948437,-0.435954,4.36186,-0.687036,6.376,21.2105,11.1616,5.5072,-2.1395,-4.28515,0.288552,3.72273,0.288897,0.288897,-2.96059,2.96059,1.53729,-1.53729,-0.917858,-11.5901,-1.40132,2.82944,6.32362,0.483801,156.311,-0.368319,-2.95193,152.117,-3.84181,-3.62471,152.525,-10.2053,-3.69774,151.525,0.914625,-1.50462,153.993,27.329,-3.24281,154.466,6.15861,0.776335,158.345,11.5909,-2.73004,-69.8375,-98.6246,-119.135,-48.3693,18.5775,3.90965,-8.81508,121.619,-13.1546,-8.71745,-1.53773,-3.93272,-154.771,222.683,43.4457,204.613,321.796,12.2038,981.558,-343.281,637.687,-0.358902,-0.502463,-0.410479,-0.770321,-0.0567669,-0.611679,-0.764421,0.0340584,-0.640395,0.117133,0.0100104,0.84435,0.145332,-0.662509,0.43563,0.025697,-0.698154,0.125922,-0.0567647,-0.122868,0.80203
4.67,0,,-3.72206,27.0759,-0.989815,-0.693038,4.42235,-1.26879,6.49719,18.1996,11.6714,5.19804,-2.00093,-2.97135,0.206927,3.95944,0.176704,0.176704,-2.88373,2.88373,1.519,-1.519,-0.901895,-13.7245,-1.44422,2.23727,6.28003,0.205807,156.24,-0.252981,-2.87803,152.001,-4.25767,-3.5571,152.41,-10.7413,-3.60203,151.476,0.894979,-1.54215,153.351,26.7225,-3.16988,153.906,8.54722,-0.18015,157.966,13.7235,-2.18742,-58.5881,-90.3338,-118.646,-38.5825,28.3124,0,-25.8943,143.503,-20.503,1.96143,5.38205,5.00527,-123.518,172.339,76.6772,219.233,294.437,26.3854,1071.68,-426.194,603.943,-0.358608,-0.503638,-0.410064,-0.770568,-0.0537762,-0.611071,-0.765062,0.0363792,-0.639078,0.117438,0.0102545,0.844531,0.151255,-0.663861,0.43411,0.0123907,-0.696201,0.144233,-0.0742852,-0.117135,0.805662
4.68,0,,-4.25248,26.3454,-1.04807,-0.888079,4.4875,-1.8222,6.64082,15.2306,12.2025,4.99391,-1.87906,-1.73958,0.138906,4.17589,0.0662639,0.0662639,-2.78577,2.78577,1.5036,-1.5036,-0.86997,-15.9043,-1.48711,1.66872,6.25824,-0.0721862,156.174,-0.139235,-2.78303,151.886,-4.67354,-3.48413,152.3,-11.3028,-3.52712,151.415,0.868784,-1.58195,152.769,26.0884,-3.10641,153.362,10.8724,-1.11474,157.598,15.9055,-1.68841,-63.9706,-76.672,-107.419,-20.5146,44.9429,-6.35774,8.81508,145.012,0.453605,-5.88428,5.38205,5.36279,-41.4861,136.26,105.972,188.473,236.328,61.5016,1159.71,-516.644,507.9,-0.358236,-0.50485,-0.409813,-0.770724,-0.0512717,-0.610378,-0.765843,0.0388201,-0.637541,0.117801,0.0104984,0.844751,0.157542,-0.664839,0.432524,-0.000793493,-0.694123,0.16175,-0.0919207,-0.110903,0.809036
4.69,0,,-4.77508,25.5948,-1.10742,-0.979824,4.51077,-2.32971,6.81363,12.332,12.7513,4.79865,-1.7672,-0.635416,0.100241,4.31892,-0.0420723,-0.0420723,-2.67985,2.67985,1.43333,-1.43333,-0.846025,-18.0159,-1.52048,1.15777,6.17378,-0.331749,156.097,-0.024852,-2.68,151.798,-5.07827,-3.40777,152.212,-11.8796,-3.45055,151.349,0.844773,-1.61152,152.236,25.4366,-3.09978,152.813,13.1173,-1.98463,157.175,18.0158,-1.26691,-63.9706,-56.6298,-103.996,-12.2335,63.4393,-14.652,30.7916,123.003,7.3484,3.92285,7.88085,2.86016,3.92735,54.6563,146.97,142.604,193.346,87.887,1269.04,-621.524,294.617,-0.357754,-0.506142,-0.409516,-0.770769,-0.0493175,-0.609633,-0.766631,0.0415055,-0.635949,0.118108,0.0106816,0.845004,0.164074,-0.665206,0.430937,-0.0135506,-0.692177,0.178416,-0.108652,-0.104562,0.812388
4.7,0,,-5.28986,24.8687,-1.17602,-0.983454,4.53404,-2.88582,7.00215,9.56786,13.3036,4.6522,-1.63197,0.113281,0.0701689,4.39994,-0.150759,-0.150759,-2.57042,2.57042,1.4083,-1.4083,-0.8141,-20.0548,-1.56814,0.887524,6.14108,-0.758723,156.02,0.0876192,-2.57327,151.716,-5.4768,-3.33724,152.13,-12.4665,-3.36317,151.283,0.809847,-1.6536,151.649,24.8015,-3.19072,152.181,15.247,-2.80377,156.621,20.0544,-1.16517,-45.8855,-48.339,-86.9206,-12.6726,96.7003,-41.033,47.8708,88.9191,6.80408,0,2.49881,6.43535,36.1206,-11.7302,171.371,103.529,209.464,111.33,1369.64,-574.791,-25.9574,-0.357263,-0.50742,-0.409269,-0.77079,-0.0477318,-0.608794,-0.767365,0.0443133,-0.634364,0.118534,0.0109257,0.845244,0.170545,-0.664966,0.429536,-0.0251475,-0.690273,0.194588,-0.123424,-0.0964438,0.815987
4.71,0,,-5.75642,24.2246,-1.25605,-0.917121,4.59608,-3.49187,7.23107,6.99528,13.8749,4.61078,-1.4742,0.276042,0.00429605,4.38728,-0.235255,-0.235255,-2.45958,2.45958,1.40349,-1.40349,-0.782174,-22.0573,-1.61104,1.04111,6.13291,-1.36386,155.943,0.17492,-2.46458,151.579,-5.85802,-3.27303,151.998,-13.0772,-3.25331,151.212,0.777104,-1.69568,151.007,24.2186,-3.36453,151.456,17.2381,-3.53332,155.874,22.0504,-1.59394,-35.6319,-71.7696,-66.8924,1.94481,139.615,-50.2773,58.0938,69.2991,35.6534,0,0,1.07256,19.5261,-103.986,202.155,121.572,322.785,117.697,1316.54,-218.804,-414.886,-0.356649,-0.508575,-0.409082,-0.770796,-0.0465725,-0.607884,-0.768029,0.0469985,-0.632771,0.118965,0.0111701,0.845511,0.176889,-0.664095,0.428671,-0.0352187,-0.688688,0.210214,-0.135686,-0.0850248,0.819912
4.72,0,,-6.19561,23.6946,-1.32955,-0.819765,4.6814,-4.14112,7.4712,4.68481,14.4592,4.55605,-1.29222,0.138021,-0.0687369,4.29234,-0.289598,-0.289598,-2.35179,2.35179,1.34862,-1.34862,-0.750249,-23.8553,-1.66347,1.42063,6.08387,-2.05807,155.877,0.234182,-2.35785,151.431,-6.23799,-3.20105,151.85,-13.6964,-3.12514,151.141,0.746543,-1.74345,150.315,23.7137,-3.58571,150.66,19.0404,-4.21709,154.974,23.8381,-2.33035,-19.0539,-81.0697,-49.3089,-14.6174,185.045,-55.6485,36.1173,128.411,50.2595,1.96143,3.45989,-1.07256,19.0283,-192.882,247.552,148.419,343.781,-11.7215,1416.1,75.16,-369.028,-0.355968,-0.509536,-0.409009,-0.770745,-0.0455354,-0.606976,-0.768608,0.0496861,-0.631208,0.119389,0.011475,0.845793,0.182868,-0.662804,0.428421,-0.0437044,-0.687123,0.224992,-0.145268,-0.0726952,0.824001
4.73,0,,-6.61786,23.2556,-1.41612,-0.697658,4.73724,-4.70667,7.75623,2.6827,15.0943,4.36819,-1.08436,0.283854,-0.105969,4.12526,-0.339033,-0.339033,-2.22759,2.22759,1.29664,-1.29664,-0.734286,-25.2987,-1.71113,1.49742,6.043,-2.7354,155.795,0.288665,-2.2346,151.293,-6.60558,-3.12808,151.712,-14.3512,-2.96701,151.047,0.72908,-1.7878,149.706,23.2985,-3.7761,149.924,20.6239,-4.84612,154.062,25.2674,-2.7906,10.2536,-79.0871,-44.4382,-20.5146,229.501,-48.3408,33.179,214.815,43.4554,2.83317,2.49881,7.15039,43.9199,-266.117,294.437,116.192,274.431,49.8283,1629.87,101.649,-455.985,-0.355114,-0.510576,-0.408949,-0.770673,-0.0444971,-0.606113,-0.769079,0.0527369,-0.629668,0.119694,0.0118412,0.846158,0.188361,-0.661338,0.428726,-0.0511509,-0.685592,0.237992,-0.153455,-0.0641534,0.827951
4.74,0,,-7.01665,22.8643,-1.50977,-0.590073,4.74344,-5.09406,8.09511,0.96031,15.7413,4.16701,-0.89153,0.563802,-0.103105,3.82653,-0.394779,-0.394779,-2.09331,2.09331,1.26102,-1.26102,-0.710342,-26.4965,-1.7588,1.40291,6.00758,-3.37739,155.707,0.348565,-2.10157,151.2,-6.93976,-3.06047,151.619,-15.0229,-2.82053,150.959,0.705069,-1.83102,149.289,22.9484,-3.86514,149.375,21.9919,-5.3587,153.194,26.4457,-3.08613,24.8939,-98.156,-46.394,-27.3528,217.251,-24.9194,25.4046,242.232,63.9583,0.871745,4.42097,-0.35752,64.4417,-334.976,311.532,38.5858,242.195,42.014,1771,119.524,-866.545,-0.35421,-0.511691,-0.408901,-0.770571,-0.0435826,-0.605335,-0.769606,0.0561533,-0.628002,0.120065,0.0121469,0.846499,0.193313,-0.660084,0.429171,-0.0580471,-0.684419,0.248547,-0.160586,-0.0579844,0.831618
4.75,0,,-7.3581,22.586,-1.60287,-0.501958,4.69691,-5.4342,8.50133,-0.405268,16.4391,4.01021,-0.703707,0.488281,-0.0322204,3.43033,-0.425983,-0.425983,-1.94592,1.94592,1.27065,-1.27065,-0.694379,-27.4648,-1.81123,1.60522,6.043,-4.10386,155.619,0.382976,-1.95506,151.145,-7.23928,-2.98751,151.575,-15.7286,-2.6907,150.844,0.694154,-1.88674,148.916,22.693,-3.90776,148.875,23.096,-5.79067,152.267,27.3888,-3.73534,27.8273,-105.942,-41.9934,2.4467,196.808,-28.3175,35.1379,239.717,11.2494,2.83317,14.6084,-5.36279,105.485,-351.081,314.44,-60.0525,218.23,-21.9959,1945.65,337.466,-972.538,-0.35311,-0.512726,-0.40896,-0.770404,-0.0426035,-0.604751,-0.770238,0.0600003,-0.626127,0.120365,0.0126347,0.846949,0.19734,-0.659164,0.429839,-0.0634189,-0.683386,0.257277,-0.16474,-0.050478,0.835175
4.76,0,,-7.64873,22.4186,-1.6829,-0.422423,4.6209,-5.746,8.96365,-1.36117,17.1665,3.78241,-0.515885,0.0325521,0.0608608,2.96958,-0.439305,-0.439305,-1.80508,1.80508,1.31589,-1.31589,-0.694379,-28.0399,-1.86366,2.07778,6.10294,-4.87948,155.526,0.397951,-1.81463,151.118,-7.50539,-2.91455,151.553,-16.4597,-2.55837,150.734,0.689789,-1.93906,148.554,22.5283,-3.94518,148.425,23.8844,-6.06736,151.317,27.9287,-4.6728,42.4676,-104.5,-42.4824,23.9023,172.876,-49.3273,83.4984,189.409,32.7503,1.96143,5.76648,18.9485,122.08,-350.067,288.586,-89.8343,162.1,-45.3906,2141.96,572.853,-1065.12,-0.351948,-0.51364,-0.409019,-0.770198,-0.04169,-0.604292,-0.770853,0.0641513,-0.624178,0.120611,0.0131231,0.847387,0.200508,-0.658351,0.430803,-0.0665925,-0.682893,0.263989,-0.164987,-0.042727,0.838548
4.77,0,,-7.89504,22.3576,-1.74769,-0.327378,4.53869,-5.95387,9.48657,-1.86556,17.9613,3.56792,-0.354775,-0.566406,0.168978,2.47718,-0.437202,-0.437202,-1.67479,1.67479,1.38616,-1.38616,-0.726305,-28.2536,-1.85889,2.60645,6.1874,-5.59213,155.433,0.396357,-1.68486,151.09,-7.74426,-2.84062,151.537,-17.2214,-2.39941,150.624,0.718166,-1.93906,148.296,22.4583,-3.97738,148.117,24.3154,-6.15694,150.471,28.108,-5.60301,50.7835,-130.851,-42.9713,41.5311,157.219,-92.7719,147.469,181.611,51.8017,-26.3703,0,-38.2546,99.1241,-351.588,287.593,-40.0531,74.7228,-106.94,2284.13,756.338,-1271.05,-0.35078,-0.51442,-0.40907,-0.769954,-0.0408966,-0.603926,-0.771355,0.0686083,-0.622236,0.120369,0.0133676,0.847894,0.202654,-0.657587,0.431921,-0.0677537,-0.683031,0.267963,-0.162727,-0.0363785,0.841466
4.78,0,,-8.09704,22.3887,-1.80704,-0.246194,4.46424,-6.08344,10.0768,-1.91621,18.8271,3.61082,-0.227891,-1.16927,0.225543,2.10883,-0.428787,-0.428787,-1.55294,1.55294,1.47857,-1.47857,-0.798137,-28.365,-1.78263,3.08492,6.24461,-6.122,155.323,0.388392,-1.56335,151.046,-7.94477,-2.77155,151.493,-18.0119,-2.20383,150.553,0.792384,-1.87082,148.092,22.479,-3.98449,147.908,24.3872,-6.13803,149.85,28.1886,-6.3806,58.5881,-141.593,-83.009,82.9995,168.982,-105.962,167.487,187.523,116.214,-17.6528,-4.42097,-5.00527,87.3974,-331.045,274.399,-32.7164,29.7619,-139.162,2191.56,934.008,-1474.81,-0.349571,-0.51517,-0.409023,-0.769686,-0.040468,-0.603602,-0.771702,0.0731845,-0.620328,0.119514,0.0132454,0.848316,0.203744,-0.657131,0.433123,-0.0669003,-0.683347,0.269493,-0.160414,-0.0312526,0.843514
4.79,0,,-8.26907,22.4973,-1.83208,-0.215172,4.36031,-6.22787,10.7434,-1.52857,19.7295,4.07086,-0.152762,-1.55208,0.263491,2.1063,-0.420373,-0.420373,-1.44022,1.44022,1.50264,-1.50264,-0.86997,-28.5468,-1.6444,3.31677,6.17378,-6.24795,155.197,0.382338,-1.45075,151.008,-8.11186,-2.68448,151.46,-18.8465,-1.9941,150.525,0.864419,-1.73776,147.851,22.5825,-3.96791,147.705,24.1049,-6.06437,149.592,28.3633,-6.7052,64.455,-145.522,-129.892,116.187,177.257,-103.514,194.85,211.419,135.265,-1.96143,-19.0294,-0.35752,39.5501,-281.715,247.055,-31.2491,103.495,-170.42,1780.78,833.005,-1411.22,-0.34834,-0.515948,-0.408828,-0.769268,-0.0402243,-0.603487,-0.772004,0.0781282,-0.618312,0.118416,0.0125741,0.848627,0.203628,-0.657335,0.434235,-0.0636632,-0.683571,0.269302,-0.160528,-0.0285045,0.844269
4.8,0,,-8.42025,22.6359,-1.83317,-0.230353,4.2114,-6.44923,11.4728,-0.788511,20.7136,4.57084,-0.102676,-1.53516,0.297144,2.51642,-0.417919,-0.417919,-1.30759,1.30759,1.5421,-1.5421,-0.98969,-28.4672,-1.46328,3.11593,6.07024,-6.03292,155.037,0.382657,-1.31815,150.986,-8.24553,-2.56288,151.432,-19.7082,-1.77022,150.509,0.98666,-1.56944,147.494,22.7236,-3.92245,147.42,23.5086,-5.95091,149.724,28.2939,-6.37575,68.8417,-159.184,-168.952,142.598,187.478,-77.1333,197.237,168.909,130.82,2.3973,-11.1485,-2.86016,-4.8677,-211.397,195.807,-60.0525,249.477,-168.442,1624.98,463.451,-682.68,-0.346877,-0.516929,-0.408526,-0.768574,-0.0403453,-0.603653,-0.77224,0.0833155,-0.616229,0.116765,0.0118413,0.848911,0.202467,-0.658492,0.434905,-0.0578642,-0.683689,0.268019,-0.161199,-0.0310068,0.844019
4.81,0,,-8.5636,22.7822,-1.80813,-0.308897,4.05783,-6.71784,12.256,0.277521,21.7958,4.72468,-0.101007,-1.54427,0.278527,3.10628,-0.429839,-0.429839,-1.16886,1.16886,1.57483,-1.57483,-1.18922,-27.7422,-1.22973,2.95644,5.90677,-5.65817,154.867,0.397632,-1.18034,150.953,-8.35569,-2.41161,151.388,-20.6022,-1.54551,150.536,1.18094,-1.35109,147.077,22.8922,-3.83246,147.101,22.6166,-5.76379,150.054,27.5972,-5.92518,84.4778,-157.237,-193.362,157.718,188.939,-51.2639,245.598,97.5972,110.317,-5.88428,-20.5671,-5.36279,-47.3495,-131.378,148.425,-47.3899,421.403,-133.278,1837.01,449.668,-874.333,-0.34537,-0.518054,-0.40812,-0.767674,-0.0407123,-0.604032,-0.772486,0.0885648,-0.613972,0.114385,0.0109868,0.849097,0.20033,-0.660624,0.435024,-0.0497484,-0.683842,0.265467,-0.157605,-0.0367461,0.843267
4.82,0,,-8.70566,22.8798,-1.76729,-0.397012,3.92753,-6.92975,13.1223,1.54619,22.9915,5.04272,-0.12605,-1.02604,0.153942,3.70121,-0.471911,-0.471911,-1.00577,1.00577,1.64125,-1.64125,-1.44463,-26.9602,-0.915147,2.18558,5.68609,-5.24502,154.653,0.442875,-1.01883,150.843,-8.43242,-2.22093,151.257,-21.5471,-1.26587,150.608,1.43415,-1.05539,146.687,23.053,-3.68232,146.821,21.5125,-5.45823,150.416,26.8378,-4.84722,96.1846,-165.023,-182.624,157.718,211.897,-20.0232,277.859,101.119,84.0077,4.79459,-14.224,9.65303,-58.0805,-51.7396,130.372,64.9437,573.252,-99.6084,1142.59,845.711,-878.226,-0.343648,-0.519562,-0.407495,-0.766511,-0.0415667,-0.604639,-0.772554,0.0937539,-0.611659,0.111211,0.00976609,0.849162,0.197583,-0.663553,0.434413,-0.0401643,-0.684319,0.261495,-0.155831,-0.0473048,0.842819
4.83,0,,-8.86204,22.9086,-1.69162,-0.493707,3.86859,-7.01749,14.038,2.91617,24.2571,6.48054,-0.146919,-0.358073,-0.0952292,4.76702,-0.533267,-0.533267,-0.845246,0.845246,1.6942,-1.6942,-1.72398,-27.1375,-0.548135,1.03372,5.38094,-4.24209,154.428,0.508191,-0.860582,150.651,-8.50545,-1.98843,151.021,-22.5378,-0.929636,150.734,1.71792,-0.709661,146.424,23.1743,-3.46778,146.656,20.2664,-5.00637,151.355,27.0573,-3.20483,130.363,-152.839,-139.163,159.161,252.946,-20.4982,296.407,168.028,86.4572,8.28157,-19.9905,4.29023,1.43818,6.34064,106.93,147.93,616.233,-102.551,1010.9,13.5676,1020.99,-0.341943,-0.521216,-0.406706,-0.7651,-0.042848,-0.605366,-0.772442,0.0986992,-0.609286,0.107611,0.00824019,0.849045,0.194532,-0.667037,0.432952,-0.0299085,-0.685332,0.255931,-0.163767,-0.0570713,0.839772
4.84,0,,-9.02234,22.7767,-1.5898,-0.594693,3.89341,-6.84202,15.0389,4.09894,25.5794,8.38136,-0.14358,-0.18099,-0.428173,5.54549,-0.634591,-0.634591,-0.690116,0.690116,1.73078,-1.73078,-2.01131,-27.8126,-0.162057,0.209698,5.04582,-3.23302,154.208,0.613334,-0.709073,150.388,-8.54629,-1.72626,150.697,-23.5776,-0.543467,150.888,2.00388,-0.338909,146.462,23.191,-3.12536,146.749,19.1022,-4.34847,152.283,27.7652,-1.91369,180.662,-127.931,-65.4255,180.679,315.898,-27.331,365.703,291.031,95.7107,-2.3973,-35.1755,22.5237,184.585,93.2708,62.9873,371.565,496.55,114.272,-978.414,-206.959,-1264.99,-0.340468,-0.523032,-0.40584,-0.76346,-0.0447407,-0.606227,-0.772186,0.10352,-0.606774,0.103883,0.00653086,0.848829,0.1919,-0.670856,0.430432,-0.0210581,-0.687533,0.248852,-0.174138,-0.0620134,0.836327
4.85,0,,-9.16179,22.4075,-1.45151,-0.708549,4.0113,-6.13339,16.1521,4.59231,26.8958,12.8427,-0.0868156,-3.80208,-0.842743,6.11763,-0.766768,-0.766768,-0.549281,0.549281,1.76254,-1.76254,-2.2268,-31.4994,0.209721,2.93577,4.69708,-1.85995,154.027,0.749383,-0.572562,150.069,-8.53268,-1.43296,150.29,-24.6803,-0.101536,151.091,2.2178,0.0272947,147.126,23.0253,-2.53145,147.387,18.4391,-3.60697,153.612,31.4817,-4.07447,307.608,-4.39774,-38.0818,208.471,388.667,-62.0063,461.445,444.847,112.766,-4.35872,-28.8324,68.2862,467.797,186.985,45.8928,746.608,57.615,516.613,-2379.84,238.832,2.16312,-0.339363,-0.524853,-0.405038,-0.761561,-0.0472428,-0.60732,-0.77177,0.108404,-0.604097,0.100712,0.00451677,0.848359,0.190499,-0.674833,0.426593,-0.0183725,-0.690831,0.240796,-0.194156,-0.0280156,0.827041
4.86,0,,-9.22174,21.8732,-1.2174,-0.864318,4.18658,-4.8133,17.4021,4.40068,28.1661,14.8989,0.00918242,-5.80599,-1.26376,6.30877,-0.880013,-0.880013,-0.493041,0.493041,1.78468,-1.78468,-2.30662,-33.2951,0.557667,4.78022,4.36741,-0.316391,153.901,0.864403,-0.520175,149.751,-8.46213,-1.1236,149.873,-25.8592,0.377014,151.316,2.29857,0.380988,148.471,22.6762,-1.71447,148.661,18.2804,-2.92519,155.309,33.2963,-4.98772,431.647,183.119,-12.205,257.342,471.171,-97.1566,544.943,572.252,151.323,-26.3703,-10.7641,77.5817,659.186,270.048,80.0819,615.742,-636.239,749.017,-2067.91,649.951,3212.23,-0.338886,-0.526091,-0.404197,-0.75946,-0.050236,-0.60863,-0.77125,0.113771,-0.601143,0.0985782,0.00201429,0.847712,0.190252,-0.678668,0.421581,-0.0228898,-0.694385,0.231523,-0.204297,-0.0104987,0.817065
4.87,0,,-9.16179,21.3965,-0.844446,-1.07289,4.44252,-3.46893,18.825,4.21127,29.3512,8.39763,0.111024,-0.515625,-1.71126,5.39359,-0.968015,-0.968015,-0.557249,0.557249,1.78276,-1.78276,-2.21084,-26.6216,0.896081,0.332268,4.0432,0.00921526,153.829,0.950429,-0.587126,149.438,-8.29751,-0.792844,149.423,-27.1162,0.880532,151.564,2.20689,0.739231,149.849,22.3291,-0.987479,149.979,18.1217,-2.36384,155.622,26.6227,-0.327024,453.607,301.281,135.252,268.572,559.109,-135.266,573.715,570.743,209.021,-35.0877,1.92216,97.2453,801.29,208.987,114.271,372.054,-1033.18,505.857,597.667,-40.918,2812.92,-0.339267,-0.526542,-0.403239,-0.757117,-0.0537746,-0.61032,-0.770703,0.119509,-0.597788,0.0977249,-0.00128184,0.846868,0.189586,-0.682106,0.416527,-0.0281389,-0.697186,0.222181,-0.173654,-0.0734902,0.822187
4.88,0,,-9.05753,21.0705,-0.309794,-1.28212,4.87529,-2.87772,20.4319,4.68702,30.4559,0.881625,0.171962,5.21875,-2.26832,4.28855,-1.10966,-1.10966,-0.753387,0.753387,1.75484,-1.75484,-1.93947,-18.4342,1.27739,-4.8895,3.74895,-0.534485,153.851,1.08616,-0.78711,149.048,-8.03636,-0.41831,148.863,-28.4614,1.41734,151.855,1.93621,1.1532,150.436,22.1467,-0.738833,150.556,17.4619,-1.92392,155.039,18.4347,4.71156,463.376,302.254,235.844,233.879,659.217,-114.257,630.401,535.15,224.081,-36.6133,8.84193,71.8614,800.294,-266.624,242.693,403.303,-1139.65,80.0726,3874.53,-80.9747,-3431.14,-0.341019,-0.526514,-0.402057,-0.754473,-0.0577406,-0.612502,-0.770168,0.125187,-0.593893,0.0979667,-0.00579865,0.845809,0.187331,-0.684621,0.412384,-0.0262472,-0.698785,0.214799,-0.133372,-0.148082,0.823731
4.89,0,,-8.92069,20.9441,0.33865,-1.30225,5.55005,-3.3191,22.2363,6.06361,31.4849,2.07833,0.223717,4.8737,-2.97645,5.18094,-1.32773,-1.32773,-1.02967,1.02967,1.69131,-1.69131,-1.49252,-18.2819,1.71113,-5.10806,3.49829,-0.13055,153.961,1.29708,-1.06839,148.532,-7.65763,0.00632329,148.116,-29.883,2.03155,152.151,1.49309,1.61835,149.964,22.2068,-1.20771,150.116,16.1457,-1.50291,155.517,18.2824,5.06523,435.065,247.571,170.907,235.322,733.365,-121.089,850.594,516.662,194.324,-40.972,14.6084,52.1979,665.05,-1080.06,233.897,442.867,-781.231,-72.7407,1519.49,-337.897,-2855.75,-0.343946,-0.526325,-0.400833,-0.751579,-0.0618941,-0.615278,-0.769515,0.130379,-0.589512,0.0992456,-0.0114749,0.844625,0.183728,-0.68486,0.410306,-0.0142834,-0.699581,0.209978,-0.134286,-0.150766,0.821401
4.9,0,,-8.60791,21.2191,1.06168,-1.29796,6.51952,-4.39487,24.3078,8.00405,32.4855,6.06635,0.30135,1.52604,-3.9001,6.82902,-1.53354,-1.53354,-1.33079,1.33079,1.59601,-1.59601,-0.901895,-20.6753,2.17824,-2.73936,3.30213,0.47305,154.159,1.4959,-1.37315,147.797,-7.10066,0.491758,147.073,-31.3876,2.76727,152.453,0.90371,2.12785,148.861,22.623,-2.02611,149.095,14.6223,-1.15057,156.264,20.6749,2.91657,234.379,101.58,96.1919,278.296,746.588,-90.3238,1079.6,454.154,206.572,-131.851,5.38205,75.7942,211.911,-1310.55,-223.648,182.114,110.847,199.699,-1156.21,4.95324,2646.79,-0.347359,-0.525708,-0.400033,-0.74834,-0.0664716,-0.618876,-0.768661,0.134651,-0.584568,0.101382,-0.0181278,0.843342,0.179085,-0.683381,0.411762,0.00225842,-0.6995,0.207592,-0.143928,-0.123358,0.819193
4.91,0,,-8.05664,21.8055,1.82555,-1.76758,7.80853,-5.7595,26.6418,10.0524,33.2117,5.73204,0.384827,1.35026,-5.15168,8.07077,-1.69306,-1.69306,-1.57825,1.57825,1.46028,-1.46028,0.0478882,-18.9592,2.75021,-2.97859,3.07599,0.340965,154.4,1.65234,-1.62095,146.776,-6.31473,1.0662,145.601,-32.9194,3.72853,152.789,-0.0458404,2.75335,147.472,23.3232,-2.49072,147.793,13.2777,-1.00725,156.22,18.9589,3.09582,0.968843,-133.302,81.0532,265.121,701.158,38.0734,1282.23,515.152,250.934,-164.542,-60.548,258.129,-145.976,-279.812,-352.034,-184.56,548.368,82.5327,-452.006,187.577,1596.38,-0.350476,-0.524921,-0.399855,-0.744569,-0.071356,-0.623648,-0.767201,0.137338,-0.579444,0.105657,-0.0272841,0.841718,0.176401,-0.682288,0.417747,0.0187387,-0.698094,0.208079,-0.132214,-0.132641,0.818491
4.92,0,,-7.28121,22.2235,2.64441,-2.4088,9.2961,-7.41837,29.2295,11.7814,33.33,3.82383,0.311368,3.64453,-6.89445,9.65809,-1.84242,-1.84242,-1.7165,1.7165,1.33803,-1.33803,1.68407,-15.8634,3.61769,-5.26607,2.61282,0.198128,154.576,1.80177,-1.7592,145.464,-5.26268,1.7535,143.641,-34.4207,5.06431,153.299,-1.68518,3.69274,145.732,23.8636,-2.81372,146.151,12.0917,-1.06,156.121,15.863,5.32201,-100.598,-295.405,19.5393,165.999,611.353,154.778,1257.31,730.973,222.176,-331.481,-54.7815,332.136,-222.642,828.151,-422.859,-394.553,703.115,-79.5903,576.709,-756.338,-947.446,-0.35263,-0.524703,-0.399814,-0.739898,-0.0767243,-0.629908,-0.764451,0.138497,-0.574803,0.113533,-0.0420562,0.838805,0.17805,-0.680886,0.425439,0.0357074,-0.695347,0.211803,-0.118717,-0.163091,0.816613
4.93,0,,-6.30639,22.3765,3.51281,-2.65962,10.7356,-9.0597,32.0416,13.0523,32.9598,3.32237,-0.0150258,4.52344,-8.90214,11.4644,-2.00229,-2.00229,-1.73478,1.73478,1.25043,-1.25043,3.86298,-14.3132,4.74732,-6.35443,1.98618,0.357859,154.658,1.96394,-1.77812,144.097,-3.94082,2.50937,141.411,-35.8524,6.66059,153.915,-3.86151,4.88006,143.981,24.117,-3.37448,144.503,11.0828,-1.00824,156.275,14.3127,6.446,-138.679,-394.03,14.1608,61.0419,514.166,254.383,976.576,1063.01,204.576,-178.272,-62.4702,249.906,-446.28,1346.69,-389.663,-450.693,776.353,-186.531,-441.876,-1792,-633.361,-0.353716,-0.525294,-0.399739,-0.734185,-0.0828919,-0.63756,-0.760714,0.139044,-0.570521,0.124032,-0.0612836,0.834653,0.181165,-0.678269,0.43167,0.0518812,-0.693133,0.216314,-0.112369,-0.178167,0.814113
4.94,0,,-5.12174,22.2579,4.38121,-2.54741,11.7562,-10.3069,35.0399,13.8298,32.249,2.78245,0.287159,3.95182,-10.3535,12.8277,-2.14779,-2.14779,-1.65651,1.65651,1.22252,-1.22252,6.32125,-12.8562,5.02854,-6.14326,1.73007,0.468442,154.603,2.1121,-1.70204,143.005,-2.39989,3.23461,139.352,-37.2299,8.20443,154.09,-6.32161,5.22011,142.598,24.0628,-3.96649,143.179,10.2577,-0.656899,156.308,12.8566,6.24979,-119.141,-406.25,57.6211,-55.1448,344.698,320.299,539.556,1362.84,167.017,-153.427,242.192,-111.904,-556.135,1547.37,181.16,-234.884,703.61,-473.152,-1108.01,-1574.7,904.616,-0.353594,-0.526576,-0.399373,-0.727708,-0.0902157,-0.645976,-0.757104,0.140507,-0.565936,0.140512,-0.0750783,0.831415,0.184333,-0.675805,0.434769,0.0658589,-0.692831,0.219245,-0.101139,-0.183417,0.812466
4.95,0,,-3.76376,21.8277,5.16468,-2.22927,12.1425,-11.0425,38.1999,14.2108,32.1827,0.75589,0.863148,1.26693,-10.8676,13.3985,-2.25157,-2.25157,-1.54544,1.54544,1.27931,-1.27931,8.08513,-9.97172,4.82835,-3.5752,1.93986,0.179698,154.406,2.21661,-1.5953,142.39,-0.761183,3.81489,137.815,-38.6718,9.40455,153.728,-8.07664,5.1041,141.687,23.6555,-4.41074,142.262,9.48429,-0.0587228,155.869,9.97119,3.60695,-92.7668,-326.189,133.785,-84.9443,132.314,262.202,313.976,1273.92,62.9604,-823.799,211.438,-383.618,-374.979,1063.45,557.63,215.809,389.661,-581.057,2050.79,1971.6,2148.41,-0.35245,-0.528186,-0.398413,-0.721288,-0.0985156,-0.654085,-0.754803,0.144234,-0.56009,0.154185,-0.0816092,0.830986,0.185799,-0.675748,0.432391,0.0778225,-0.694054,0.219429,-0.068608,-0.177685,0.812187
4.96,0,,-2.30413,21.1659,5.82238,-1.96427,11.8043,-11.1856,41.5259,14.3187,30.9077,-0.576903,0.560128,0.992187,-10.9771,13.6163,-2.2989,-2.2989,-1.48826,1.48826,1.41215,-1.41215,11.0781,-7.78735,4.73779,-3.48216,2.13058,0.0614351,154.104,2.26153,-1.54444,142.39,0.834207,4.19721,137.057,-40.3444,10.0113,153.343,-11.0737,5.15414,141.325,23.0036,-4.52772,141.834,8.73096,0.584242,155.578,7.78698,3.49067,-64.9394,-166.033,207.522,28.7957,-97.187,69.3506,312.507,806.183,-95.2571,-1299.34,-358.483,1667.83,43.4774,7.79898,142.573,458.519,597.146,-461.913,979.462,752.461,-587.07,-0.350911,-0.529571,-0.396751,-0.715645,-0.107545,-0.660957,-0.754839,0.151493,-0.551892,0.176216,-0.0947305,0.828769,0.18434,-0.679434,0.424166,0.0867962,-0.695774,0.216624,-0.0516991,-0.186776,0.81095
4.97,0,,-0.785855,20.4508,6.42999,-1.92269,10.9124,-10.7753,44.9596,14.3033,26.7562,-0.457084,0.65863,1.47135,-10.5296,13.6378,-2.30662,-2.30662,-1.54614,1.54614,1.58735,-1.58735,16.9365,-7.13499,3.21255,-4.29585,2.61554,0.287209,153.741,2.26281,-1.60943,142.884,2.36276,4.45549,136.985,-42.2273,10.092,152.596,-16.9195,4.01118,141.473,22.3173,-4.29802,141.883,8.06448,1.08986,155.622,7.13508,4.33125,-23.9251,29.3062,237.311,228.547,-313.951,-109.872,498.052,316.94,-216.823,-743.162,129.361,1702.51,227.067,-601.092,-519.043,72.7696,1181.64,-491.723,298.659,-548.733,-467.666,-0.349631,-0.530429,-0.394373,-0.710595,-0.117802,-0.666526,-0.756764,0.161632,-0.541723,0.224618,-0.110417,0.822785,0.182505,-0.684484,0.41445,0.0919268,-0.697203,0.211688,-0.0505389,-0.195808,0.809477
4.98,0,,0.706357,19.8577,6.97499,-2.22168,9.82194,-9.74674,48.2183,14.4333,21.4812,-0.607967,0.0158605,1.59375,-10.0972,13.1428,-2.2947,-2.2947,-1.70221,1.70221,1.76447,-1.76447,23.8324,-6.25988,2.16394,-4.68276,2.77357,0.532949,153.395,2.24114,-1.77203,143.57,3.79106,4.62427,137.249,-44.0526,9.95218,152.129,-23.8021,3.38681,142.241,21.8064,-3.62502,142.498,7.41806,1.63926,155.698,6.25916,4.74063,-1.45327,128.435,251.472,442.413,-458.515,-190.915,564.471,60.9983,-247.578,-1258.36,33.6378,966.733,343.726,-297.376,-686.051,-62.009,1335.47,-364.765,26.8968,-229.572,-206.362,-0.348904,-0.530741,-0.391693,-0.706195,-0.129032,-0.670672,-0.759022,0.172497,-0.531651,0.277416,-0.134161,0.811435,0.183663,-0.688384,0.408282,0.0935705,-0.699368,0.203377,-0.0460221,-0.202644,0.807646
4.99,0,,2.11256,19.4652,7.50365,-2.68404,8.68339,-8.03927,51.1381,14.8452,15.9494,-0.752932,-0.58851,0.960937,-9.30597,12.1467,-2.26945,-2.26945,-1.94826,1.94826,1.93485,-1.93485,30.7921,-5.33477,1.22496,-4.35492,3.03785,0.904631,153.082,2.20259,-2.02375,144.328,5.09064,4.7629,137.644,-45.6709,9.79655,151.481,-30.748,3.03653,143.712,21.5027,-2.67637,143.762,6.69813,2.27924,155.924,5.33395,4.44025,39.0498,175.297,269.036,566.379,-502.89,-209.952,393.067,-41.0009,-222.629,-773.019,-249.112,1092.22,243.662,184.069,-605.969,94.7254,1000.03,50.7931,72.3069,-103.587,-115.511,-0.348767,-0.530535,-0.388807,-0.702244,-0.140815,-0.673618,-0.760708,0.18299,-0.522968,0.328879,-0.158824,0.797843,0.186534,-0.690651,0.405601,0.0918619,-0.702423,0.19056,-0.0383917,-0.204471,0.805372
5,0,,3.378,19.1593,8.05083,-3.09095,7.565,-5.97951,53.7752,15.4002,10.5738,-1.21741,-0.272134,0.808593,-8.03219,10.7226,-2.2954,-2.2954,-2.21236,2.21236,2.09753,-2.09753,37.4725,-4.10052,-0.362246,-4.44943,3.68083,1.18263,152.797,2.2131,-2.29503,145.091,6.29492,4.96184,138.029,-47.0976,9.71082,150.262,-37.3839,2.45652,145.573,21.2995,-1.70831,145.409,5.93812,2.9023,156.083,4.09959,4.53473,92.2823,180.668,219.238,505.839,-416.493,-191.39,140.123,-96.7169,-228.98,-1073.34,-384.816,755.439,63.9439,382.34,-462.9,134.779,416.03,158.216,206.441,15.7211,671.432,-0.349083,-0.53043,-0.38589,-0.698244,-0.15248,-0.676147,-0.761702,0.192699,-0.515594,0.379103,-0.177558,0.784697,0.189282,-0.691817,0.404384,0.0878954,-0.705605,0.175241,-0.0300919,-0.210583,0.802655
5.01,0,,4.5418,18.8344,8.56261,-3.37708,6.45282,-4.04663,56.208,15.887,6.3502,-2.01028,1.39322,1.07031,-6.13047,9.24164,-2.37043,-2.37043,-2.42584,2.42584,2.24962,-2.24962,42.9158,-2.63442,-2.93133,-4.91756,4.89325,1.29321,152.561,2.27332,-2.51697,145.887,7.4435,5.22596,138.457,-48.3715,9.58765,148.141,-42.7211,1.60356,147.351,21.0816,-0.879495,146.991,5.23323,3.44275,156.105,2.63449,4.97803,110.341,141.124,191.406,345.235,-247.592,-116.705,-66.9089,-147.905,-232.427,-1464.31,27.8713,349.297,-7.79939,332.059,-251.949,164.071,-265.17,123.051,8.73272,-288.149,761.418,-0.3495,-0.530659,-0.383315,-0.694127,-0.163949,-0.678501,-0.76251,0.201676,-0.509011,0.422204,-0.184458,0.776777,0.192087,-0.692234,0.403645,0.0836255,-0.708375,0.16072,-0.0213636,-0.22029,0.799855
5.02,0,,5.68995,18.4032,8.98456,-3.5477,5.37011,-2.61857,58.5039,16.1931,3.58256,-2.50139,5.69978,0.50651,-2.82824,8.00115,-2.46614,-2.46614,-2.53785,2.53785,2.39786,-2.39786,46.8507,-1.54565,-7.86931,-4.58677,7.50062,1.21027,152.341,2.35775,-2.6387,146.682,8.59704,5.54018,138.962,-49.5115,9.29386,143.846,-46.3293,0.0568639,148.652,20.7512,-0.263801,148.134,4.59849,3.86874,155.951,1.54575,4.61951,104.501,103.996,157.236,246.552,-57.1116,-8.2943,-154.815,-240.22,-244.584,-376.376,805.193,2421.84,-4.36987,219.259,-51.7447,73.7478,-724.606,89.8647,403.801,-169.918,868.276,-0.34951,-0.531345,-0.38125,-0.689907,-0.174995,-0.680935,-0.763762,0.209481,-0.502583,0.45894,-0.16944,0.781034,0.194959,-0.692793,0.402064,0.0813038,-0.710309,0.149423,-0.0115976,-0.222491,0.799014
5.03,0,,6.83811,17.8721,9.23065,-3.61007,4.52318,-2.02736,60.6292,16.3693,-3.42052,-2.35199,10.3995,0.00390625,0.647272,7.5366,-2.59166,-2.59166,-2.52496,2.52496,2.52782,-2.52782,54.9597,-1.10923,-13.9893,-4.36526,10.1298,1.17341,152.149,2.47787,-2.63674,147.27,9.79636,5.8043,139.363,-50.4394,8.91102,137.391,-53.7031,0.089845,149.124,20.3449,0.0492555,148.502,4.02055,4.21112,155.847,1.10891,4.38938,67.3884,69.3184,145.501,240.215,47.3766,98.1431,-82.0292,-339.327,-253.384,2421.92,855.553,4076.8,2.43385,126.496,-56.639,-94.2363,-766.598,-26.3854,206.092,416.072,58.4042,-0.349023,-0.53263,-0.379787,-0.685963,-0.18556,-0.683216,-0.765377,0.214982,-0.496619,0.517849,-0.166268,0.772806,0.197518,-0.693815,0.399492,0.083194,-0.71133,0.143194,-0.00720249,-0.222728,0.798927
5.04,0,,8.01885,17.2757,9.3292,-3.5774,3.96942,-2.32027,62.5368,16.4618,-7.35791,-1.68781,10.9922,0.34375,1.30743,8.14419,-2.72734,-2.72734,-2.41365,2.41365,2.63659,-2.63659,59.5889,-1.13651,-15.3621,-5.07557,10.2524,1.4084,151.984,2.61328,-2.53653,147.605,11.065,5.99497,139.5,-51.0704,8.70545,134.958,-58.0667,1.50917,148.718,19.8903,0.0435722,148.046,3.48269,4.55649,156.028,1.13803,5.10399,48.3345,69.3184,134.274,252.951,69.3614,148.42,-102.537,-370.14,-222.176,1519.45,1626.53,1387.53,-26.883,96.1875,-144.523,-137.224,-365.696,-51.7578,-8.73272,139.121,-167.858,-0.348165,-0.534272,-0.378928,-0.682288,-0.195506,-0.685462,-0.766411,0.218094,-0.492405,0.546311,-0.178421,0.759342,0.200089,-0.694939,0.396393,0.0899704,-0.711828,0.142097,-0.0108649,-0.227797,0.797535
5.05,0,,9.21913,16.6349,9.29272,-3.47707,3.62351,-3.04645,64.2402,16.4552,-1.9066,-1.16416,9.25922,0.88151,2.21963,9.22012,-2.85952,-2.85952,-2.22548,2.22548,2.74055,-2.74055,54.5128,-1.03195,-12.7882,-6.00149,11.5193,1.69868,151.814,2.74997,-2.35959,147.742,12.372,6.10684,139.336,-51.4487,8.82197,135.21,-52.9216,2.86025,147.867,19.3942,-0.0933013,147.167,3.00163,4.92376,156.253,1.0305,6.03177,44.9167,69.8231,120.602,262.675,18.5775,151.855,-243.149,-361.336,-135.265,-1648.47,1369.15,1389.68,3.42952,113.307,-199.212,-3.91293,179.702,-182.141,6.98618,-280.827,-136.276,-0.346821,-0.536224,-0.378378,-0.678944,-0.204544,-0.687673,-0.766343,0.219618,-0.490264,0.507661,-0.175304,0.779589,0.203191,-0.695941,0.39326,0.0990669,-0.712146,0.143748,-0.0145877,-0.23499,0.795487
5.06,0,,10.4546,15.9564,9.14735,-3.34737,3.4839,-3.83742,65.7933,16.3187,2.77947,-0.822456,6.8551,0.671875,2.64708,10.1328,-2.98223,-2.98223,-1.97779,1.97779,2.84452,-2.84452,49.9714,-0.841016,-9.59951,-6.12111,12.3584,1.7724,151.644,2.88028,-2.12331,147.687,13.726,6.13505,138.957,-51.6268,9.09994,135.683,-48.4162,4.69241,146.973,18.8558,-0.203179,146.25,2.6091,5.24524,156.264,0.84232,6.14562,51.7524,67.8765,117.668,262.675,-41.5357,160.661,-358.419,-254.432,-96.7086,-2844.28,484.769,1678.2,58.0805,161.116,-219.711,116.192,716.335,-242.678,105.142,-191.453,-109.021,-0.345107,-0.538352,-0.378128,-0.67589,-0.212234,-0.690112,-0.765828,0.219549,-0.489392,0.470434,-0.178419,0.79486,0.20692,-0.696874,0.390157,0.107794,-0.712256,0.146187,-0.013734,-0.236652,0.794986
5.07,0,,11.6744,15.2502,8.93992,-3.1893,3.58473,-4.32064,67.1668,16.1358,2.6813,-0.391998,5.81665,0.0299479,2.15232,10.634,-3.12212,-3.12212,-1.69307,1.69307,2.95329,-2.95329,50.0911,-0.816012,-8.651,-5.77555,12.1705,1.76933,151.473,3.03067,-1.85181,147.396,15.1086,6.08009,138.397,-51.5997,9.40871,135.847,-48.5733,5.4976,146.407,18.3124,-0.187076,145.651,2.25498,5.52392,156.198,0.815438,5.80164,30.7608,53.2054,100.592,254.896,-91.3461,154.303,-309.568,-41.504,-88.9066,-1547.35,610.286,1018.93,40.9883,205.563,-207.014,134.289,1040.53,-228.496,43.3143,135.676,-27.2553,-0.343218,-0.540737,-0.377948,-0.672963,-0.218583,-0.692862,-0.765416,0.217356,-0.48928,0.46876,-0.185734,0.792924,0.210883,-0.697714,0.387158,0.114201,-0.712427,0.147039,-0.0119024,-0.234263,0.795566
5.08,0,,12.9125,14.5208,8.68348,-3.04013,3.96631,-4.23695,68.3001,15.942,1.07157,0.0887542,5.21478,-0.273437,1.22008,10.6226,-3.24097,-3.24097,-1.38703,1.38703,3.05725,-3.05725,51.4878,-0.866019,-8.40791,-5.72829,11.6909,1.84305,151.303,3.16226,-1.55792,146.836,16.5183,5.91179,137.567,-51.296,9.87894,135.979,-50.0206,5.87973,146.446,17.7315,0.0539916,145.629,1.8708,5.76777,156.209,0.864722,5.75562,-15.1247,77.1406,82.52,200.19,-137.668,111.809,-219.704,140.107,-69.3109,-672.333,646.422,-60.0633,-11.2289,219.703,-173.357,88.3669,1036.65,-142.105,-18.1641,18.0901,114.213,-0.34115,-0.54307,-0.377957,-0.670122,-0.223883,-0.695819,-0.764575,0.212843,-0.490693,0.477382,-0.19337,0.786237,0.215102,-0.698716,0.383875,0.117075,-0.712886,0.14436,-0.0120856,-0.233716,0.795635
5.09,0,,14.135,13.7614,8.38784,-2.9266,4.52783,-3.57826,69.1777,15.7504,0.758145,0.434896,4.29904,-0.402344,0.0107401,10.0568,-3.35667,-3.35667,-1.09434,1.09434,3.16507,-3.16507,51.3282,-0.804647,-7.54043,-5.79327,11.1842,1.92138,151.138,3.2913,-1.27816,146.084,17.9218,5.61557,136.552,-50.7328,10.5348,136.748,-49.9857,6.08216,147.077,17.1142,0.492082,146.178,1.44319,5.98574,156.226,0.804237,5.82102,-54.6858,103.996,80.0753,133.815,-164.52,65.9159,-200.176,234.812,18.0535,-563.583,321.385,-968.163,-22.4578,234.857,-141.119,38.5858,668.97,-87.4046,-16.0682,-52.332,21.1986,-0.339139,-0.545333,-0.3779,-0.667491,-0.228458,-0.698681,-0.762969,0.206734,-0.493916,0.47518,-0.198007,0.783849,0.219374,-0.699933,0.380211,0.116586,-0.713679,0.138133,-0.0119634,-0.234446,0.795383
5.1,0,,15.3652,13.002,8.06226,-2.85862,5.10797,-2.61587,69.8487,15.5059,2.04616,0.662698,3.57864,-0.566406,-1.12557,9.17202,-3.45344,-3.45344,-0.825796,0.825796,3.27577,-3.27577,49.3408,-0.69327,-6.42509,-5.76374,10.8736,1.96746,150.968,3.40058,-1.02209,145.305,19.3068,5.23082,135.569,-49.9661,11.223,137.82,-48.1564,5.96275,147.999,16.4653,1.02347,147.024,1.03729,6.16191,156.215,0.694466,5.78711,-79.0953,118.667,81.5421,90.8414,-206.056,51.2639,-277.859,245.628,99.6117,-1062.44,-44.4019,-720.759,-5.36554,248.046,-122.57,-8.80408,175.814,-21.4653,28.294,10.3372,-55.3758,-0.337179,-0.547397,-0.37777,-0.665023,-0.232682,-0.701341,-0.760888,0.199957,-0.498551,0.461089,-0.196057,0.788075,0.22346,-0.701448,0.376116,0.11402,-0.71458,0.130379,-0.010987,-0.234694,0.795274
5.11,0,,16.5642,12.2459,7.73286,-2.84113,5.62605,-1.67237,70.2818,15.1932,3.27268,0.914169,3.6354,-0.779948,-2.04779,8.32393,-3.53863,-3.53863,-0.595211,0.595211,3.3855,-3.3855,47.2417,-0.654628,-6.01042,-5.6899,10.7019,2.02121,150.798,3.49744,-0.803413,144.586,20.6336,4.80132,134.778,-49.0229,11.774,138.638,-46.1722,5.34521,148.883,15.7937,1.53592,147.837,0.676495,6.32813,156.215,0.654142,5.71201,-80.0911,124.038,67.8703,71.2679,-248.565,48.3408,-364.724,261.224,162.572,-1339.87,-116.291,81.872,11.7267,254.386,-105.972,-41.5205,-257.818,34.6821,29.6912,4.30716,-21.1986,-0.335412,-0.549233,-0.377529,-0.662711,-0.236469,-0.703791,-0.758828,0.192759,-0.504176,0.447964,-0.188549,0.793871,0.227245,-0.703222,0.371601,0.111334,-0.715493,0.123054,-0.0103765,-0.234326,0.795266
