"Time,s",Activities,Activity Names,"Hip Flexion LT,deg","Hip Flexion RT,deg","Hip Abduction LT,deg","Hip Abduction RT,deg","Hip Rotation Ext LT,deg","Hip Rotation Ext RT,deg","Knee Flexion LT,deg","Knee Flexion RT,deg","Ankle Dorsiflexion LT,deg","Ankle Dorsiflexion RT,deg","Ankle Inversion LT,deg","Ankle Inversion RT,deg","Ankle Abduction LT,deg","Ankle Abduction RT,deg","Pelvic Tilt LT,deg","Pelvic Tilt RT,deg","Pelvic Obliquity LT,deg","Pelvic Obliquity RT,deg","Pelvic Rotation LT,deg","Pelvic Rotation RT,deg","Foot Pitch Down LT,deg","Foot Pitch Down RT,deg","Foot Roll Med LT,deg","Foot Roll Med RT,deg","Foot Rotation Ext LT,deg","Foot Rotation Ext RT,deg","Pelvis Accel Sensor X,mG","Pelvis Accel Sensor Y,mG","Pelvis Accel Sensor Z,mG","Thigh Accel Sensor X LT,mG","Thigh Accel Sensor Y LT,mG","Thigh Accel Sensor Z LT,mG","Shank Accel Sensor X LT,mG","Shank Accel Sensor Y LT,mG","Shank Accel Sensor Z LT,mG","Foot Accel Sensor X LT,mG","Foot Accel Sensor Y LT,mG","Foot Accel Sensor Z LT,mG","Thigh Accel Sensor X RT,mG","Thigh Accel Sensor Y RT,mG","Thigh Accel Sensor Z RT,mG","Shank Accel Sensor X RT,mG","Shank Accel Sensor Y RT,mG","Shank Accel Sensor Z RT,mG","Foot Accel Sensor X RT,mG","Foot Accel Sensor Y RT,mG","Foot Accel Sensor Z RT,mG","Pelvis Rot X,","Pelvis Rot Y,","Pelvis Rot Z,","LT Thigh Rot X,","LT Thigh Rot Y,","LT Thigh Rot Z,","LT Shank Rot X,","LT Shank Rot Y,","LT Shank Rot Z,","LT Foot Rot X,","LT Foot Rot Y,","LT Foot Rot Z,","RT Thigh Rot X,","RT Thigh Rot Y,","RT Thigh Rot Z,","RT Shank Rot X,","RT Shank Rot Y,","RT Shank Rot Z,","RT Foot Rot X,","RT Foot Rot Y,","RT Foot Rot Z,",,,,,,,,,,,,,,,,,,,,,
95.82,0,,1.09066,1.44736,0.891266,-4.26411,0.957091,-5.66948,6.07477,6.9606,5.69226,8.73897,0.741971,-9.86003,-2.31312,-6.27406,-0.878159,-0.878159,0.0979802,-0.0979802,-2.81672,2.81672,-1.53319,-5.37083,0.881617,1.81578,-4.19895,-8.58564,159.967,0.872306,0.140908,159.012,1.9804,0.999072,158.872,-4.09289,1.67559,161.354,1.52857,0.992134,154.313,2.74347,4.15523,153.594,-4.17063,7.77155,148.531,5.30822,-2.61818,-4.39766,-46.3792,2.92745,-44.4136,311.006,93.7643,62.0406,483.407,83.9578,-56.5467,-16.6656,-35.2311,8.29686,21.453,-38.5721,3.38414,189.404,24.9033,-20.5145,43.7953,2.02562,-0.405248,-0.579579,-0.405431,0.736186,0.00964409,0.676368,-0.688852,0.0418707,-0.72175,0.137583,0.00799617,0.843505,0.268081,-0.709877,0.290909,0.230111,-0.751065,0.0911288,0.00524916,-0.0936913,0.78951
95.83,0,,1.65401,1.41708,0.867438,-4.24715,0.950454,-5.81355,7.23038,7.01733,6.25317,9.1393,0.896225,-10.0561,-2.32691,-6.14932,-0.874761,-0.874761,0.178329,-0.178329,-2.76724,2.76724,-1.48425,-5.69155,0.919948,1.83314,-4.16673,-8.59009,159.934,0.865043,0.220357,158.99,2.53603,1.04614,158.806,-4.69176,1.86914,161.338,1.4808,1.02966,154.137,2.72228,4.21387,153.396,-4.2447,7.92179,148.537,5.62777,-2.68517,0,-40.5372,0.487909,-46.8745,318.861,86.439,112.298,521.941,96.6809,-44.8375,-10.8459,5.75202,-7.32516,25.4257,-12.2042,-2.8889,153.288,-2.95588,-33.741,23.8298,-37.6187,-0.40464,-0.579949,-0.405678,0.734649,0.0130621,0.677884,-0.688797,0.0455332,-0.721269,0.137702,0.0075077,0.843609,0.26949,-0.709707,0.29183,0.231951,-0.751338,0.0914375,0.00286874,-0.0921661,0.789698
95.84,0,,2.31889,1.38048,0.828293,-4.24121,0.907975,-5.91342,8.55728,7.0346,6.85355,9.52804,1.04876,-10.1847,-2.32898,-6.02573,-0.858448,-0.858448,0.25087,-0.25087,-2.71775,2.71775,-1.39455,-6.0149,0.980183,1.793,-4.16136,-8.54563,159.873,0.845673,0.291311,158.979,3.18264,1.06967,158.74,-5.37139,2.07789,161.321,1.39323,1.07892,153.978,2.68095,4.27984,153.226,-4.3029,8.06524,148.564,5.94962,-2.69053,0.983328,-31.2549,8.29445,-59.5892,316.897,79.1136,140.112,514.643,121.609,-36.5555,-17.4592,6.47103,-0.971705,43.5018,12.2042,-2.4762,133.315,3.39927,-35.6305,47.0155,-33.2781,-0.403907,-0.580315,-0.405799,0.73302,0.017152,0.679428,-0.688776,0.0497476,-0.720639,0.138006,0.00671412,0.84372,0.271134,-0.709513,0.292741,0.233539,-0.751648,0.0917433,0.000244152,-0.0911297,0.78977
95.85,0,,3.06892,1.33001,0.76532,-4.20474,0.874789,-5.96908,10.0482,7.01733,7.53707,9.88203,1.20904,-10.3038,-2.34554,-5.9368,-0.838737,-0.838737,0.338523,-0.338523,-2.66827,2.66827,-1.30484,-6.32248,1.04042,1.7648,-4.16136,-8.4945,159.807,0.822154,0.377255,158.952,3.90762,1.08411,158.658,-6.13512,2.30048,161.305,1.30034,1.13403,153.863,2.61737,4.33398,153.1,-4.34698,8.19027,148.592,6.25078,-2.70125,-0.491664,-41.024,23.434,-64.4525,320.825,92.7876,168.007,452.171,152.308,-41.1249,-17.9883,-10.4255,3.43834,52.2419,5.84426,-0.49524,98.1973,19.5088,-35.0906,37.9988,-16.4943,-0.403047,-0.580735,-0.405977,0.731233,0.0219126,0.68106,-0.688808,0.0543844,-0.719816,0.138309,0.00585951,0.843831,0.272965,-0.709208,0.293596,0.234747,-0.751971,0.0919211,-0.0021973,-0.0900893,0.789807
95.86,0,,3.92049,1.29467,0.680221,-4.16148,0.841603,-5.9609,11.7032,6.98773,8.30656,10.2,1.38053,-10.3892,-2.37106,-5.88251,-0.801015,-0.801015,0.42668,-0.42668,-2.6168,2.6168,-1.22329,-6.59589,1.0897,1.72358,-4.1721,-8.42113,159.719,0.780648,0.462949,158.908,4.71657,1.07555,158.537,-6.97792,2.52651,161.272,1.21542,1.17977,153.78,2.54425,4.38472,153.012,-4.38931,8.30174,148.625,6.52435,-2.69321,-14.149,-41.5109,22.9461,-46.8745,327.183,96.6944,189.969,375.014,224.134,-60.545,-34.1248,-40.6237,3.43834,67.8351,-4.40039,0,67.4066,20.0261,-30.2319,12.5589,-53.2449,-0.402001,-0.581149,-0.40609,0.729334,0.0274057,0.682701,-0.688948,0.05933,-0.718735,0.138621,0.00512732,0.843994,0.274738,-0.708911,0.294332,0.235671,-0.752305,0.0919247,-0.00445575,-0.0892982,0.789828
95.87,0,,4.84739,1.25429,0.583776,-4.13221,0.817709,-5.93307,13.4933,6.92607,9.10988,10.505,1.53565,-10.4914,-2.40073,-5.8444,-0.757514,-0.757514,0.505517,-0.505517,-2.56534,2.56534,-1.10096,-6.87981,1.12803,1.71056,-4.17747,-8.3411,159.621,0.7343,0.5389,158.847,5.59691,1.04507,158.406,-7.88465,2.72214,161.234,1.10131,1.20909,153.714,2.46054,4.44168,152.94,-4.41047,8.40642,148.658,6.80712,-2.71197,-8.79532,-36.6101,28.8153,-14.6483,321.76,103.043,207.523,287.09,256.312,-29.7013,3.968,35.2311,-5.38175,79.0581,8.2851,-10.7302,32.7879,27.3419,-46.4276,-31.2363,-58.4536,-0.400964,-0.581517,-0.406152,0.727346,0.0334496,0.684313,-0.689359,0.0645167,-0.717253,0.139229,0.00433375,0.844165,0.276508,-0.708666,0.294942,0.236344,-0.752675,0.0919862,-0.00671419,-0.088261,0.789833
95.88,0,,5.87583,1.23915,0.473148,-4.08047,0.807089,-5.85448,15.4378,6.84714,9.96815,10.7483,1.62786,-10.6429,-2.45316,-5.84902,-0.686827,-0.686827,0.5904,-0.5904,-2.51387,2.51387,-0.962319,-7.11641,1.18827,1.75287,-4.19089,-8.26107,159.505,0.660282,0.620097,158.76,6.55002,1.00442,158.236,-8.87381,2.87629,161.184,0.958008,1.25834,153.681,2.36835,4.4834,152.907,-4.42281,8.5111,148.669,7.04161,-2.78165,-10.243,-26.354,13.1879,19.5115,320.825,118.67,327.116,133.311,206.085,-21.1336,-28.8342,57.5202,-27.3572,81.5411,12.6855,-26.8255,10.8183,41.9736,-29.6921,-4.50834,-39.6443,-0.399693,-0.581838,-0.406225,0.725168,0.0397954,0.685983,-0.690145,0.0698873,-0.715231,0.139899,0.00329605,0.8444,0.27815,-0.708406,0.295363,0.236778,-0.753124,0.0919277,-0.00842337,-0.0869805,0.789905
95.89,0,,6.98942,1.25303,0.37103,-4.00667,0.850895,-5.74643,17.4933,6.77068,10.8884,10.9453,1.69766,-10.8774,-2.5594,-5.89291,-0.594389,-0.594389,0.673267,-0.673267,-2.45845,2.45845,-0.831835,-7.31621,1.25945,1.87544,-4.207,-8.19438,159.362,0.565166,0.698046,158.589,7.56891,0.962168,157.983,-9.9067,3.0249,161.107,0.830628,1.32167,153.643,2.27934,4.49976,152.875,-4.43339,8.62354,148.641,7.23932,-2.92368,0,-8.7955,20.0186,87.421,324.191,123.554,476.045,54.7304,135.738,-36.2699,-30.1568,-19.4131,-15.622,74.1915,19.5267,-34.1716,-11.1512,49.8067,-16.7355,24.7958,-21.1243,-0.398221,-0.582133,-0.406217,0.722712,0.0461461,0.687797,-0.691058,0.0750141,-0.712909,0.140388,0.00225841,0.844769,0.279678,-0.708046,0.295731,0.23719,-0.753624,0.0918607,-0.00958298,-0.0852092,0.790138
95.9,0,,8.22256,1.31108,0.295008,-3.9316,1.0593,-5.62692,19.7008,6.70161,11.9426,11.1139,1.85622,-11.0999,-2.79533,-5.94142,-0.463209,-0.463209,0.743289,-0.743289,-2.405,2.405,-0.766593,-7.48183,1.30326,1.9774,-4.19626,-8.12324,159.214,0.431657,0.762255,158.255,8.67178,0.904406,157.544,-11.0035,3.23366,161.009,0.764283,1.3592,153.621,2.1935,4.50088,152.847,-4.44927,8.7476,148.619,7.40714,-3.04159,1.47499,4.38152,19.0428,177.713,334.477,130.391,582.492,130.819,95.7193,-49.6926,-24.8661,-33.7931,14.1271,64.9548,23.4458,-6.85082,-6.82388,54.1666,-49.3968,9.66072,-55.2705,-0.396686,-0.582181,-0.406269,0.719896,0.0526768,0.689803,-0.691799,0.0795929,-0.710476,0.140631,0.0017701,0.845253,0.281017,-0.70767,0.295971,0.237564,-0.754198,0.0916806,-0.0105597,-0.0837448,0.790326
95.91,0,,9.56705,1.40446,0.247353,-3.83999,1.48276,-5.51723,22.0482,6.64735,13.1279,11.2619,2.04494,-11.2767,-3.23684,-5.97838,-0.301782,-0.301782,0.806258,-0.806258,-2.3476,2.3476,-0.750282,-7.6159,1.41825,2.02187,-4.18284,-8.0521,159.077,0.268402,0.817969,157.706,9.85862,0.819902,156.875,-12.1559,3.55163,160.91,0.751015,1.4753,153.594,2.11191,4.47607,152.82,-4.47572,8.88524,148.603,7.54048,-3.09519,3.906,0.486836,13.1879,255.349,326.155,147.931,600.607,287.624,174.795,-13.1371,1.5872,-16.5371,21.4522,60.0882,0.481292,0.990481,-23.4675,-1.92132,-53.1758,12.2369,-55.5599,-0.395117,-0.582024,-0.40641,0.716651,0.0591462,0.692053,-0.692113,0.0833783,-0.708105,0.140085,0.00103767,0.845821,0.282067,-0.707275,0.295985,0.238052,-0.754808,0.0914364,-0.0114747,-0.0828864,0.790472
95.92,0,,10.9885,1.54452,0.204804,-3.73778,1.99383,-5.42555,24.4438,6.61529,14.4146,11.3894,2.36983,-11.3981,-3.69146,-5.97491,-0.122344,-0.122344,0.86948,-0.86948,-2.2902,2.2902,-0.83999,-7.73157,1.50039,2.02513,-4.11035,-7.96762,158.934,0.0875073,0.873682,157.07,11.1056,0.703843,156.079,-13.293,3.97191,160.751,0.838589,1.55856,153.544,2.05999,4.43773,152.77,-4.49335,9.00736,148.603,7.65543,-3.10322,12.2097,3.40785,-6.34281,288.103,314.934,181.139,513.157,403.314,252.465,2.57031,-42.5899,17.9751,14.1271,49.759,-8.2851,12.2159,-46.935,-25.4206,-36.7102,-23.8298,-28.3587,-0.393471,-0.581783,-0.406595,0.713065,0.0651903,0.694448,-0.691865,0.0866739,-0.706026,0.139046,0.00115973,0.846664,0.282665,-0.706938,0.295911,0.238607,-0.755313,0.0913774,-0.0123904,-0.0824602,0.790544
95.93,0,,12.4853,1.70352,0.211612,-3.65847,2.46109,-5.33714,26.8878,6.60789,15.8183,11.4808,2.8076,-11.4859,-4.01156,-5.95066,0.0669495,0.0669495,0.920863,-0.920863,-2.23279,2.23279,-1.06834,-7.79204,1.47849,1.99692,-3.95195,-7.87425,158.791,-0.102726,0.917654,156.471,12.4184,0.610247,155.306,-14.4033,4.41431,160.51,1.06947,1.55387,153.495,2.01866,4.40784,152.715,-4.52686,9.12852,148.614,7.7198,-3.07107,7.32033,8.30866,-11.7242,259.275,271.453,202.627,454.083,428.677,266.15,-16.5642,-89.9414,29.8386,2.46663,25.9223,-10.2447,-1.98096,-71.2347,-47.368,-46.4276,-66.981,-76.1055,-0.391861,-0.581443,-0.406754,0.708886,0.070498,0.697228,-0.691443,0.0900317,-0.703956,0.137521,0.00274675,0.847831,0.282973,-0.706762,0.295669,0.239269,-0.755771,0.0912517,-0.0130006,-0.0825202,0.790534
95.94,0,,14.0558,1.86378,0.256998,-3.6063,2.77039,-5.22581,29.404,6.58569,17.2262,11.5117,3.35998,-11.6435,-4.14402,-5.95066,0.259302,0.259302,0.958896,-0.958896,-2.17143,2.17143,-1.31299,-7.81044,1.29231,2.05116,-3.75328,-7.79644,158.632,-0.29538,0.948384,156.016,13.8012,0.554089,154.658,-15.517,4.80418,160.214,1.31096,1.37796,153.451,1.97627,4.39318,152.671,-4.54626,9.24096,148.592,7.73819,-3.11662,3.41433,26.8409,-26.8493,259.275,201.696,220.208,458.972,390.588,229.978,-17.1354,-42.8544,27.3221,5.83023,25.9223,1.47826,-20.0572,-30.2914,-35.175,-24.8334,-1.93214,-55.5599,-0.390226,-0.581097,-0.406768,0.704124,0.0753198,0.700339,-0.691248,0.0940585,-0.701563,0.136847,0.00561547,0.849035,0.283165,-0.706721,0.295312,0.239825,-0.756221,0.0911933,-0.0130014,-0.0820979,0.790643
95.95,0,,15.6885,2.04296,0.338125,-3.54226,2.95623,-5.09811,32.0096,6.58075,18.6101,11.5104,3.95976,-11.8515,-4.12884,-5.983,0.448935,0.448935,0.992899,-0.992899,-2.11007,2.11007,-1.52503,-7.80518,1.01851,2.15963,-3.51165,-7.73864,158.462,-0.485268,0.975616,155.67,15.2498,0.544462,154.104,-16.6525,5.16224,159.863,1.52591,1.11058,153.413,1.95296,4.36273,152.627,-4.56213,9.35145,148.542,7.73359,-3.21846,-16.1157,51.7669,-41.5009,295.427,116.23,206.534,454.563,310.584,134.776,-21.9904,-14.5493,92.7514,-8.29686,17.0829,28.3275,-27.816,51.7616,-25.4206,-45.3479,63.4387,11.575,-0.388571,-0.580782,-0.4067,0.698762,0.0801428,0.703767,-0.691199,0.0986991,-0.69889,0.136847,0.00897259,0.850321,0.283101,-0.706655,0.294943,0.240303,-0.756678,0.0911285,-0.012635,-0.0813034,0.790877
95.96,0,,17.3753,2.22341,0.463504,-3.48034,3.01464,-4.89183,34.6634,6.59802,19.98,11.5052,4.49233,-11.9489,-3.93154,-6.04306,0.629393,0.629393,1.00348,-1.00348,-2.04871,2.04871,-1.76153,-7.77889,0.772099,2.16505,-3.19217,-7.63415,158.281,-0.665125,0.980363,155.434,16.7627,0.580296,153.632,-17.7728,5.48713,159.425,1.75944,0.868997,153.434,1.93177,4.31255,152.649,-4.59916,9.46583,148.526,7.7083,-3.20506,-27.342,80.0683,-55.6646,275.388,35.1589,155.745,401.34,245.619,37.1338,-143.08,30.6859,98.5034,12.1837,21.9496,22.9645,-10.235,103.024,-44.9294,-32.6613,-11.5929,36.7506,-0.386991,-0.580487,-0.406402,0.692845,0.0852704,0.707433,-0.691245,0.103702,-0.696067,0.136543,0.0123908,0.852034,0.282733,-0.706588,0.294391,0.240494,-0.75725,0.0905819,-0.012452,-0.0814876,0.790949
95.97,0,,19.085,2.39376,0.586613,-3.41417,2.98145,-4.5906,37.3027,6.63748,21.1201,11.464,5.12313,-11.9754,-3.4169,-6.19321,0.797616,0.797616,1.02212,-1.02212,-1.98537,1.98537,-1.85124,-7.70528,0.394264,2.11733,-2.623,-7.53634,158.105,-0.83253,0.993854,155.308,18.3093,0.64822,153.254,-18.8411,5.79128,158.745,1.84967,0.479649,153.566,1.90846,4.26969,152.77,-4.66088,9.57438,148.515,7.63703,-3.13538,-36.629,105.968,-80.5623,232.908,-37.1225,103.043,290.565,206.996,16.1258,-468.652,60.5782,292.994,8.29686,-14.2027,18.5641,26.8255,105.521,-20.9868,-25.9131,-73.0994,-55.5599,-0.385466,-0.580243,-0.406158,0.686625,0.0908867,0.711101,-0.691246,0.10889,-0.693321,0.137948,0.0162974,0.854545,0.281944,-0.706723,0.293481,0.240121,-0.757962,0.0893587,-0.0120854,-0.0822783,0.790982
95.98,0,,20.7881,2.53004,0.680789,-3.36158,2.8341,-4.19931,39.8431,6.68188,21.2047,11.4331,5.95128,-12.0331,-2.58975,-6.44847,0.958703,0.958703,1.03924,-1.03924,-1.92202,1.92202,-1.01941,-7.61853,-0.251891,2.13468,-1.75046,-7.45631,157.946,-0.993018,1.00635,155.314,19.853,0.72898,153.018,-19.8168,6.03598,157.775,1.0217,-0.220474,153.802,1.85123,4.24432,152.995,-4.75964,9.66065,148.504,7.55427,-3.12734,-30.7563,119.145,-92.2865,193.357,-104.448,58.6027,102.038,135.269,31.7338,-846.773,65.8688,872.51,0.971705,-56.612,6.84123,31.2827,48.2665,-44.4122,-24.0236,-4.50834,-11.575,-0.384047,-0.579976,-0.405959,0.680454,0.0971118,0.714452,-0.691325,0.114203,-0.690714,0.147166,0.0178235,0.857544,0.280969,-0.707091,0.292078,0.239211,-0.758713,0.0873467,-0.0114142,-0.0825851,0.790998
95.99,0,,22.4552,2.64613,0.726742,-3.30602,2.51684,-3.79657,42.2653,6.73615,19.171,11.4138,7.04657,-12.074,-1.64533,-6.74184,1.11367,1.11367,1.05411,-1.05411,-1.85868,1.85868,1.81046,-7.52652,-1.31969,2.15095,-0.716828,-7.40517,157.825,-1.14728,1.01734,155.539,21.3617,0.835412,153.029,-20.7184,6.15004,156.684,-1.81252,-1.34278,154.082,1.78024,4.215,153.27,-4.88308,9.7314,148.498,7.46461,-3.12734,1.47499,117.684,-119.624,189.959,-141.571,5.86027,-106.928,2.93675,14.6464,-1261.16,31.744,1254.3,-11.7352,-92.7642,-6.35994,22.4509,-32.2886,-35.175,-29.4221,16.1012,1.44687,-0.382833,-0.57962,-0.405905,0.674602,0.103827,0.717268,-0.691815,0.120125,-0.68803,0.172248,0.0120854,0.859529,0.279867,-0.707512,0.290427,0.238109,-0.759434,0.0849648,-0.0106816,-0.0828888,0.790984
96,0,,24.0601,2.76349,0.729578,-3.23986,1.99117,-3.40365,44.5741,6.80028,14.8303,11.3855,8.68649,-12.0283,-0.903032,-7.04099,1.26728,1.26728,1.07526,-1.07526,-1.79336,1.79336,6.9238,-7.42136,-3.15411,2.08804,0.118129,-7.37627,157.731,-1.30016,1.03508,156.027,22.8047,1.01565,153.358,-21.5865,6.04013,155.819,-6.92101,-3.13941,154.384,1.71348,4.1806,153.561,-5.01358,9.79053,148.498,7.35886,-3.04427,48.8386,88.8638,-138.667,226.58,-147.929,-33.6965,-244.155,-130.819,-22.4874,-1137.22,114.808,1419.31,-21.4522,-128.42,-27.8462,15.6001,-90.8741,-63.9949,-9.17755,-7.40655,21.1243,-0.381734,-0.579194,-0.406028,0.669116,0.110665,0.719596,-0.69322,0.127022,-0.684797,0.216261,-0.000549351,0.857598,0.278698,-0.707916,0.28877,0.236894,-0.760125,0.0824644,-0.0100713,-0.0838663,0.790931
96.01,0,,25.5913,2.87327,0.708588,-3.16097,1.38718,-3.05985,46.7743,6.88414,10.0879,11.3894,11.2881,-11.9898,-0.275946,-7.29856,1.40934,1.40934,1.11481,-1.11481,-1.72606,1.72606,12.4204,-7.32935,-6.16037,2.02404,0.714143,-7.3496,157.649,-1.44231,1.0718,156.636,24.1819,1.26114,153.901,-22.4326,5.65165,155.194,-12.4143,-6.00089,154.648,1.65414,4.15071,153.814,-5.15289,9.84965,148.515,7.26691,-2.96655,80.5783,61.536,-145.999,306.618,-148.958,-21.4877,-244.635,-275.877,-137.217,-458.942,1118.71,1267.24,-25.8623,-141.629,-27.3305,31.7779,-119.168,-75.6706,-9.7174,-23.5077,-27.7799,-0.380644,-0.578841,-0.406281,0.663808,0.117319,0.721674,-0.695963,0.134102,-0.68052,0.267773,-0.00738559,0.851662,0.277606,-0.708299,0.287251,0.235975,-0.760722,0.0800825,-0.00958321,-0.0847839,0.790828
96.02,0,,27.0177,2.93636,0.688731,-3.07657,0.877444,-2.75534,48.8419,6.968,7.38768,11.3829,13.8251,-11.9766,0.887855,-7.51455,1.51401,1.51401,1.17803,-1.17803,-1.65876,1.65876,15.7885,-7.21105,-9.19401,1.99584,1.64307,-7.32959,157.567,-1.54746,1.13376,157.163,25.4905,1.52642,154.439,-23.2233,5.07446,154.196,-15.7872,-8.72749,154.873,1.5895,4.13887,154.028,-5.30103,9.89618,148.52,7.15196,-2.921,105.954,41.9977,-162.603,340.836,-154.288,-27.3479,-189.969,-326.157,-200.685,988.14,1790.1,1501.64,-45.4459,-136.763,-26.3679,28.8065,-132.816,-78.1093,-19.4348,-16.7452,-17.6518,-0.379542,-0.578774,-0.406521,0.658492,0.123543,0.723743,-0.699678,0.140204,-0.675446,0.303661,-0.00268565,0.848421,0.276622,-0.708767,0.285716,0.235362,-0.761144,0.0778845,-0.00878931,-0.0855126,0.790733
96.03,0,,28.3802,2.96412,0.714261,-2.97394,0.594697,-2.49667,50.7261,7.03213,6.79999,11.3881,14.5973,-11.9225,1.64671,-7.67972,1.60713,1.60713,1.26014,-1.26014,-1.59146,1.59146,16.9792,-7.09801,-10.5246,1.93727,2.15048,-7.29846,157.484,-1.64154,1.21496,157.465,26.7515,1.77458,154.812,-23.8777,4.41639,153.643,-16.9682,-9.86974,155.054,1.5026,4.12703,154.198,-5.44916,9.92526,148.537,7.03931,-2.84328,133.787,23.9199,-162.115,299.821,-144.563,-25.3945,-138.67,-390.588,-184.559,173.353,1926.86,953.757,-50.7529,-141.629,-49.8138,19.0668,-141.637,-90.3023,-21.5942,-18.0333,-18.52,-0.378378,-0.578828,-0.406822,0.652865,0.129035,0.726111,-0.703848,0.144176,-0.670154,0.31697,0.00103764,0.847634,0.275836,-0.709215,0.284077,0.235,-0.761398,0.0759323,-0.00811775,-0.0864876,0.790596
96.04,0,,29.7083,2.978,0.799927,-2.8696,0.622574,-2.27893,52.4004,7.09626,9.6581,11.4022,12.012,-11.8239,2.43522,-7.78714,1.69685,1.69685,1.37323,-1.37323,-1.52218,1.52218,14.549,-6.97182,-8.50952,1.83856,2.7465,-7.25623,157.407,-1.73285,1.32764,157.448,27.9901,1.97194,154.9,-24.3369,3.80048,153.045,-14.532,-7.79869,155.202,1.40935,4.14451,154.335,-5.60611,9.94464,148.575,6.91747,-2.72269,138.185,-9.28234,-154.294,217.263,-113.238,-14.6507,-99.6336,-421.913,-196.765,-1315.43,799.685,243.742,-43.9509,-152.852,-78.6226,36.1525,-111.845,-115.723,-30.2319,-18.6774,-26.9118,-0.377108,-0.578969,-0.407323,0.646727,0.13374,0.728949,-0.707871,0.145334,-0.665326,0.290841,-6.10369E-05,0.855371,0.275105,-0.709828,0.282369,0.234877,-0.76152,0.0741011,-0.00750781,-0.0878352,0.790334
96.05,0,,30.9709,2.96034,0.900343,-2.72583,0.97302,-2.11194,53.8431,7.14806,11.875,11.437,8.2177,-11.6771,2.40556,-7.82872,1.77059,1.77059,1.52562,-1.52562,-1.4529,1.4529,12.6162,-6.85615,-5.29518,1.69321,2.89416,-7.19176,157.336,-1.80895,1.48029,157.092,29.191,2.05163,154.691,-24.596,3.25163,152.914,-12.6001,-4.64638,155.301,1.30445,4.16086,154.429,-5.76306,9.95918,148.636,6.80252,-2.55654,123.053,-34.6627,-145.512,130.37,-95.6583,5.37191,-109.413,-375.993,-147.943,-1206.62,-188.083,192.333,-47.3893,-143.516,-94.2302,33.6763,-84.5496,-117.644,-25.9131,-23.8298,-15.0475,-0.375693,-0.579318,-0.407982,0.640313,0.137585,0.732057,-0.711639,0.143683,-0.6611,0.262531,-0.0126352,0.861817,0.27449,-0.710426,0.280594,0.235061,-0.761521,0.0725141,-0.00714152,-0.0895436,0.789962
96.06,0,,32.1844,2.91365,0.982038,-2.58078,1.66462,-1.96295,55.0541,7.17273,12.8009,11.4589,6.45368,-11.4835,2.18825,-7.82179,1.8372,1.8372,1.69488,-1.69488,-1.38362,1.38362,11.768,-6.72471,-4.07953,1.51315,3.23512,-7.10061,157.243,-1.87778,1.64993,156.334,30.3624,1.91899,154.153,-24.6482,2.79195,152.552,-11.7535,-3.40445,155.367,1.17941,4.19244,154.484,-5.91296,9.96112,148.707,6.67378,-2.34752,94.7272,-53.2274,-129.396,66.9134,-75.6477,5.86027,-129.371,-303.731,-102.081,-1123.51,-416.111,-196.647,-47.3893,-121.567,-78.1413,12.2159,-25.4647,-91.3368,-5.39856,-14.1691,19.9668,-0.374116,-0.579821,-0.408603,0.633889,0.140878,0.735152,-0.71506,0.139045,-0.657562,0.250741,-0.0164801,0.865509,0.274185,-0.711038,0.278824,0.235425,-0.761393,0.0711708,-0.00677531,-0.0916193,0.789537
96.07,0,,33.3324,2.84046,1.00473,-2.43191,2.60711,-1.7845,56.0409,7.18506,12.8869,11.5001,7.29734,-11.2442,2.11512,-7.79869,1.89464,1.89464,1.88757,-1.88757,-1.31236,1.31236,11.5804,-6.59852,-5.38827,1.3179,3.96538,-6.96722,157.116,-1.93727,1.8438,155.248,31.4835,1.57081,153.352,-24.5237,2.46361,151.757,-11.5545,-4.57484,155.427,1.03423,4.24488,154.544,-6.0699,9.93301,148.789,6.54964,-2.12241,61.0483,-49.3002,-118.16,41.484,-69.3827,7.81369,-178.747,-178.252,-63.4677,-947.3,237.816,397.968,-30.7956,-101.107,-55.658,-4.86986,46.935,-83.5037,7.82791,0.644048,15.0475,-0.372284,-0.580552,-0.409152,0.627721,0.143868,0.738018,-0.7178,0.132146,-0.654932,0.255142,-0.0053714,0.86742,0.274123,-0.711707,0.277053,0.235796,-0.761104,0.0698294,-0.00653114,-0.0938165,0.789048
96.08,0,,34.4214,2.73951,0.96672,-2.27456,3.68367,-1.54384,56.8418,7.17519,12.753,11.5696,8.22631,-10.9845,1.88816,-7.82872,1.93644,1.93644,2.08453,-2.08453,-1.2411,1.2411,11.4744,-6.51702,-6.75724,1.11073,4.63119,-6.81605,156.973,-1.98119,2.04217,153.975,32.5584,1.03918,152.436,-24.2579,2.17951,151.001,-11.4404,-5.81559,155.531,0.872104,4.29394,154.643,-6.22156,9.90393,148.872,6.46918,-1.88927,20.0216,-51.28,-104.011,30.7614,-93.7882,23.4411,-261.228,-73.7747,-53.2596,-693.982,479.07,478.137,-18.5371,-64.4582,-38.0909,-1.48572,104.522,-37.0964,9.7174,-3.86429,41.0912,-0.370376,-0.581444,-0.409562,0.621982,0.147103,0.740458,-0.720187,0.123846,-0.652862,0.260274,0.00579879,0.868842,0.274315,-0.712278,0.275352,0.235851,-0.760901,0.0683017,-0.00665312,-0.0959515,0.788609
96.09,0,,35.481,2.62847,0.869708,-2.11509,4.83722,-1.21968,57.5174,7.17026,13.2011,11.6674,7.99106,-10.6958,1.49632,-7.90033,1.98232,1.98232,2.27949,-2.27949,-1.16786,1.16786,10.7078,-6.43553,-6.93247,0.905721,5.1413,-6.62931,156.809,-2.02823,2.23855,152.565,33.587,0.348178,151.492,-23.9097,1.87536,150.404,-10.6655,-5.96453,155.69,0.690901,4.33849,154.808,-6.40144,9.85256,148.965,6.39332,-1.65077,0.491664,-28.3338,-120.6,10.7225,-149.425,17.0925,-297.859,31.2364,-65.9087,-657.141,299.187,-53.5657,-23.9189,-61.9752,-23.4458,11.2254,118.669,-18.5482,-8.36776,-17.7113,-11.2856,-0.368367,-0.582367,-0.409873,0.616666,0.15058,0.742465,-0.722531,0.114755,-0.650931,0.255573,0.0119638,0.871645,0.274613,-0.712809,0.273575,0.23561,-0.760666,0.0662882,-0.00683625,-0.098088,0.788061
96.1,0,,36.5078,2.48714,0.714261,-1.94926,6.10228,-0.846412,58.0409,7.13819,14.2497,11.7421,6.97591,-10.4168,1.02652,-8.03316,2.03193,2.03193,2.47217,-2.47217,-1.09462,1.09462,9.23173,-6.333,-6.27536,0.732169,5.62992,-6.45591,156.628,-2.07873,2.43292,150.985,34.5584,-0.531626,150.483,-23.4588,1.56015,149.834,-9.18732,-5.3594,155.894,0.47155,4.37401,155.016,-6.58837,9.78181,149.037,6.29446,-1.4471,-15.1323,0.973672,-121.087,-8.32023,-198.704,-2.93013,-300.264,117.203,-74.1935,-870.191,50.7904,-178.313,-14.6503,-55.6188,-20.5237,10.7302,84.0503,19.0655,-15.6558,-6.44048,-7.81311,-0.366299,-0.583294,-0.410125,0.611807,0.15431,0.74402,-0.724764,0.104619,-0.649199,0.242382,0.0159309,0.875957,0.2751,-0.713294,0.27156,0.235115,-0.7604,0.0640279,-0.00671415,-0.100041,0.78763
96.11,0,,37.5165,2.36726,0.56392,-1.79573,7.46557,-0.450219,58.3449,7.09626,15.208,11.8013,5.96593,-10.1342,0.435994,-8.1937,2.11384,2.11384,2.65025,-2.65025,-1.02138,1.02138,7.68224,-6.21207,-5.57445,0.567296,6.09438,-6.29584,156.463,-2.1607,2.61205,149.251,35.4555,-1.54728,149.402,-22.8532,1.24356,149.291,-7.64018,-4.75192,156.119,0.239484,4.4039,155.247,-6.78235,9.69845,149.108,6.17492,-1.25147,-27.8336,33.689,-114.745,-37.0895,-239.286,-47.3705,-285.675,175.315,-56.1445,-910.745,-112.427,-223.61,1.49493,-46.8787,-7.32252,-2.4762,2.99585,29.7805,-15.6558,4.83036,9.83873,-0.364231,-0.583978,-0.410439,0.607207,0.157967,0.745397,-0.726725,0.0930838,-0.647925,0.228591,0.0200208,0.88012,0.275659,-0.713746,0.269493,0.23445,-0.760116,0.0615881,-0.00640891,-0.101993,0.787197
96.12,0,,38.4942,2.25622,0.415848,-1.64729,8.86072,-0.0491148,58.4245,7.02473,15.7478,11.8373,5.31703,-9.7987,-0.220757,-8.33693,2.22429,2.22429,2.81019,-2.81019,-0.946166,0.946166,6.39371,-6.07537,-5.21304,0.350357,6.53737,-6.11355,156.271,-2.27035,2.7732,147.423,36.2658,-2.65706,148.277,-22.0979,0.921434,148.748,-6.35311,-4.48219,156.333,-0.012716,4.41799,155.478,-6.96399,9.61315,149.179,6.04158,-0.999571,-51.7613,52.7405,-114.745,-87.421,-269.021,-87.4157,-272.93,211.891,-13.6847,-838.776,-175.386,-154.226,-1.49493,-51.2487,4.40039,-2.4762,-84.0503,-12.7103,-22.9439,7.72857,9.25998,-0.362078,-0.5845,-0.410664,0.602856,0.161441,0.746657,-0.72836,0.0803863,-0.647119,0.218144,0.025208,0.883502,0.27633,-0.714112,0.267296,0.233782,-0.759821,0.0592695,-0.0061649,-0.104437,0.786727
96.13,0,,39.4129,2.13886,0.284797,-1.50648,10.2399,0.301237,58.2797,6.94087,15.8915,11.8553,5.0878,-9.41989,-0.889235,-8.40392,2.34221,2.34221,2.95452,-2.95452,-0.870948,0.870948,5.35799,-5.91501,-5.2678,0.0780981,6.97766,-5.9068,156.078,-2.38656,2.91835,145.574,36.9796,-3.79947,147.147,-21.2013,0.595856,148.2,-5.31814,-4.61237,156.492,-0.274453,4.42138,155.648,-7.14387,9.53367,149.273,5.88295,-0.688712,-59.5733,79.0946,-106.938,-135.233,-296.887,-114.764,-273.892,243.127,42.4597,-701.122,-157.662,-26.2436,-23.4704,-71.3112,10.7259,4.37462,-112.344,0,-27.2627,12.5589,0,-0.359953,-0.584946,-0.410799,0.598779,0.164802,0.747833,-0.729597,0.0668375,-0.646828,0.211252,0.0320449,0.886087,0.277119,-0.714407,0.265034,0.233474,-0.759445,0.0572544,-0.00592084,-0.10743,0.786129
96.14,0,,40.2923,2.01646,0.15261,-1.37924,11.57,0.573006,57.9492,6.82248,15.9197,11.827,5.06798,-9.0086,-1.49425,-8.3889,2.47645,2.47645,3.08776,-3.08776,-0.79573,0.79573,4.31412,-5.71521,-5.53064,-0.244056,7.44213,-5.70227,155.897,-2.51903,3.05302,143.764,37.6108,-4.95899,146.077,-20.1902,0.222582,147.636,-4.27521,-4.97005,156.574,-0.549966,4.4242,155.752,-7.30258,9.46292,149.372,5.68754,-0.324257,-61.5126,100.093,-99.6051,-180.643,-300.253,-145.489,-302.267,254.429,113.251,-572.321,-67.456,14.7396,-30.2723,-96.6376,32.7279,-7.8413,-102.525,19.5088,-23.4837,7.40655,22.8606,-0.35787,-0.585239,-0.410974,0.595114,0.168463,0.748745,-0.730645,0.0528603,-0.646837,0.205267,0.0405286,0.888332,0.278154,-0.714644,0.262773,0.233532,-0.759011,0.0557279,-0.00555457,-0.110969,0.785453
96.15,0,,41.1095,1.88649,0.0277989,-1.24522,12.7913,0.782562,57.4305,6.69422,16.017,11.7601,4.95854,-8.57928,-1.99578,-8.32076,2.61035,2.61035,3.20967,-3.20967,-0.718532,0.718532,3.07453,-5.48124,-5.70039,-0.613938,7.92538,-5.50886,155.721,-2.65012,3.17669,142.074,38.1609,-6.06931,145.128,-19.0682,-0.2212,147.066,-3.04121,-5.27379,156.607,-0.826538,4.40784,155.802,-7.45248,9.41252,149.47,5.45765,0.085754,-61.0483,121.092,-104.011,-219.724,-277.811,-135.234,-330.082,257.811,166.51,-535.766,5.29067,61.8343,-12.1837,-102.497,38.5721,-13.2064,-72.2333,37.0964,-35.0906,5.79643,-11.575,-0.355904,-0.585463,-0.411142,0.591882,0.17237,0.74942,-0.731597,0.0387589,-0.647121,0.197583,0.0494415,0.890679,0.279374,-0.714702,0.260635,0.233901,-0.758591,0.0545077,-0.00506631,-0.114999,0.784729
96.16,0,,41.8808,1.76787,-0.116869,-1.13325,13.8931,0.947915,56.7429,6.56102,16.1776,11.6327,4.63624,-8.16318,-2.41039,-8.22835,2.74935,2.74935,3.33107,-3.33107,-0.849174,0.849174,1.66367,-5.18418,-5.66206,-0.966464,8.17506,-5.13538,155.568,-2.7985,3.28986,140.537,38.6311,-7.13363,144.338,-17.8536,-0.754152,146.54,-1.64799,-5.4239,156.613,-1.10629,4.4022,155.824,-7.60237,9.36987,149.558,5.16339,0.501125,-77.1366,121.092,-98.6293,-241.228,-241.25,-115.252,-345.712,256.832,198.244,-505.493,-2.3808,99.2224,-18.0887,-127.923,26.3679,4.86986,-41.4426,9.31104,-46.4276,-3.86429,-32.6993,-0.354032,-0.585496,-0.41141,0.589263,0.176584,0.749671,-0.732584,0.0248427,-0.647557,0.18794,0.0578041,0.893064,0.280772,-0.714748,0.258616,0.234449,-0.758161,0.0534088,-0.00408954,-0.119268,0.783971
96.17,0,,42.5998,1.65557,-0.270613,-1.01704,14.8449,1.10672,55.9034,6.43029,16.32,11.4396,4.13298,-7.7086,-2.71669,-8.14057,2.89684,2.89684,3.45223,-3.45223,-0.950125,0.950125,0.179415,-4.82402,-5.50874,-1.35153,8.42743,-4.8197,155.43,-2.95346,3.40379,139.21,39.0398,-8.09366,143.734,-16.5532,-1.3984,146.057,-0.175148,-5.48254,156.635,-1.38604,4.39149,155.868,-7.75227,9.30977,149.646,4.80706,0.945974,-73.7223,119.145,-90.8228,-230.974,-206.091,-104.508,-345.231,257.366,217.772,-443.235,-56.6102,33.7931,-29.3006,-130.903,28.8088,-5.3651,-21.4703,20.9868,-26.4529,11.2708,25.7543,-0.352252,-0.585418,-0.411825,0.587073,0.180736,0.74968,-0.73375,0.0112922,-0.648051,0.177256,0.0656773,0.895311,0.282307,-0.714709,0.256731,0.234876,-0.757671,0.0522489,-0.00268574,-0.123971,0.783138
96.18,0,,43.2663,1.52433,-0.41131,-0.917798,15.6334,1.22132,54.9504,6.2971,16.4976,11.2207,3.52716,-7.23117,-2.87398,-8.04586,3.04603,3.04603,3.56053,-3.56053,-1.01545,1.01545,-1.41901,-4.4218,-5.29518,-1.77022,8.73349,-4.5796,155.337,-3.10876,3.50597,138.123,39.4037,-8.928,143.317,-15.1872,-2.12559,145.586,1.40119,-5.51185,156.651,-1.68063,4.38529,155.901,-7.91803,9.24968,149.729,4.40704,1.41762,-79.5949,109.863,-97.1656,-210.935,-170.932,-99.1362,-331.043,238.322,212.373,-380.976,-107.401,-89.8754,-29.7491,-132.79,33.6905,-6.35558,-35.118,6.87243,-39.1395,8.37262,-6.94499,-0.35073,-0.58518,-0.412379,0.585236,0.184763,0.749491,-0.735013,-0.00164801,-0.648645,0.165596,0.0736729,0.897442,0.284018,-0.714653,0.254841,0.235429,-0.757134,0.051029,-0.00103763,-0.129032,0.78225
96.19,0,,43.9049,1.41455,-0.541227,-0.839336,16.2573,1.33265,53.8744,6.18117,16.6723,10.9633,2.83087,-6.75495,-2.88225,-7.96039,3.21086,3.21086,3.6638,-3.6638,-1.02138,1.02138,-3.09899,-3.98014,-5.03234,-2.21061,9.11473,-4.41732,155.277,-3.27547,3.60616,137.273,39.7466,-9.62115,143.081,-13.7304,-2.92191,145.126,3.05979,-5.52241,156.695,-1.96568,4.39713,155.961,-8.08733,9.20219,149.827,3.96795,1.90267,-81.5343,97.6593,-104.011,-203.611,-147.462,-97.6712,-285.194,227.554,179.677,-344.135,-173.799,-213.544,-20.4805,-128.916,44.4164,-0.49524,-46.935,2.4386,-68.2917,0.966072,-39.0656,-0.349337,-0.584772,-0.413125,0.583612,0.188494,0.749216,-0.736288,-0.0140995,-0.649433,0.15315,0.0817942,0.899431,0.28584,-0.714631,0.253185,0.235856,-0.756704,0.049625,0.000854518,-0.134342,0.781213
96.2,0,,44.4667,1.28963,-0.639941,-0.76257,16.6993,1.45216,52.6802,6.08744,16.8076,10.6454,2.14318,-6.22942,-2.75877,-7.883,3.35461,3.35461,3.75675,-3.75675,-1.05899,1.05899,-4.81975,-3.45962,-4.80235,-2.69004,9.4718,-4.23502,155.227,-3.42351,3.69435,136.664,40.0615,-10.1373,142.994,-12.1912,-3.75002,144.665,4.75554,-5.59629,156.761,-2.24861,4.39713,156.043,-8.27778,9.14015,149.926,3.44839,2.43595,-80.0866,83.5086,-109.866,-206.541,-128.386,-112.81,-250.487,200.678,150.384,-321.288,-192.845,-266.031,-30.7956,-114.217,51.2576,-4.37462,-73.2319,2.4386,-66.4023,0.966072,0.868123,-0.348159,-0.584375,-0.413835,0.582192,0.191968,0.748951,-0.737413,-0.0260637,-0.650493,0.140634,0.0903986,0.901117,0.287733,-0.71451,0.251659,0.23622,-0.75621,0.0479765,0.00323504,-0.140266,0.78001
96.21,0,,44.9547,1.15208,-0.724473,-0.705313,17.0046,1.55203,51.3533,5.99125,16.7639,10.2592,1.62613,-5.66901,-2.56078,-7.78483,3.48613,3.48613,3.84087,-3.84087,-1.11244,1.11244,-6.44264,-2.87075,-4.75854,-3.21721,9.79128,-4.0505,155.194,-3.55978,3.77255,136.247,40.3386,-10.5218,142.988,-10.5611,-4.56501,144.232,6.34514,-5.86016,156.821,-2.53048,4.40728,156.115,-8.46648,9.08394,150.025,2.86216,3.01479,-71.2913,72.2789,-129.396,-218.259,-134.745,-109.392,-220.669,166.06,118.65,-284.161,-153.694,-208.151,-25.8623,-93.7574,62.9805,-3.87938,-61.5814,0.51728,-42.1087,5.79643,22.8606,-0.347134,-0.583969,-0.414522,0.581037,0.195083,0.748652,-0.738136,-0.0377827,-0.65195,0.129642,0.0997952,0.902185,0.289621,-0.71444,0.25013,0.23665,-0.755728,0.0463899,0.00598168,-0.146795,0.778656
96.22,0,,45.3674,1.00949,-0.8056,-0.659084,17.2077,1.62897,49.9034,5.90492,16.4666,9.88975,1.29263,-5.08936,-2.31863,-7.66932,3.60576,3.60576,3.92072,-3.92072,-1.20151,1.20151,-7.86981,-2.29502,-4.93377,-3.77582,10.041,-3.83042,155.178,-3.68707,3.84425,135.983,40.5709,-10.801,143.043,-8.85699,-5.3475,143.843,7.74633,-6.31166,156.876,-2.80705,4.42138,156.181,-8.65693,9.03935,150.146,2.28973,3.62311,-54.684,63.9702,-143.072,-240.232,-135.212,-111.833,-207.523,110.351,84.4756,-207.624,-91.2641,-68.3053,-16.1452,-80.5479,63.9775,7.34606,-46.4357,-23.9427,-14.5761,0.966072,19.0987,-0.346274,-0.583532,-0.415248,0.580286,0.198006,0.748201,-0.738382,-0.049258,-0.653783,0.120855,0.109563,0.902565,0.291463,-0.714404,0.248613,0.237134,-0.755287,0.0448021,0.00848431,-0.153511,0.777139
96.23,0,,45.7211,0.840403,-0.883891,-0.629396,17.3166,1.72884,48.3497,5.82106,15.9592,9.59498,1.06771,-4.50731,-2.11857,-7.57808,3.71485,3.71485,3.98419,-3.98419,-1.29652,1.29652,-9.15018,-1.77713,-5.19661,-4.32577,10.1779,-3.59921,155.167,-3.80397,3.89922,135.841,40.7669,-11.001,143.114,-7.08727,-6.06432,143.563,9.00156,-6.82766,156.953,-3.10058,4.43378,156.269,-8.86679,8.98507,150.272,1.77247,4.21535,-53.7006,49.8195,-156.246,-262.673,-139.607,-92.7876,-204.077,42.9834,68.3498,-90.8174,-71.6886,10.785,-4.41004,-61.9752,61.021,15.6001,-31.29,0.51728,26.7229,-11.5929,19.0987,-0.345538,-0.583099,-0.415854,0.579809,0.200696,0.747666,-0.737977,-0.060613,-0.656061,0.113468,0.118961,0.90231,0.293344,-0.714377,0.246956,0.237564,-0.754809,0.0429715,0.0105593,-0.159916,0.775593
96.24,0,,46.0028,0.654908,-0.955373,-0.6031,17.3816,1.81888,46.714,5.73719,15.4448,9.35942,0.877267,-3.96133,-1.95715,-7.51802,3.80694,3.80694,4.04086,-4.04086,-1.40737,1.40737,-10.455,-1.3197,-5.4485,-4.84859,10.2504,-3.38357,155.172,-3.90497,3.94644,135.775,40.9194,-11.1428,143.186,-5.28055,-6.72447,143.344,10.2833,-7.32959,157.03,-3.39516,4.44168,156.362,-9.08017,8.94048,150.382,1.31728,4.77007,-54.684,49.8195,-149.903,-281.716,-146.526,-79.602,-212.894,-39.5126,30.2544,26.2742,-108.459,-20.4916,-7.84838,-46.8787,67.8622,3.87938,1.49793,15.5923,47.7772,-15.1351,34.7249,-0.344988,-0.582671,-0.416464,0.579628,0.203077,0.747059,-0.737021,-0.0718405,-0.658588,0.105838,0.128238,0.901697,0.295007,-0.714414,0.245076,0.237992,-0.754383,0.0410794,0.0122689,-0.165843,0.774159
96.25,0,,46.196,0.455534,-1.02232,-0.578925,17.4228,1.92039,44.9673,5.66813,15.0925,9.25901,0.608399,-3.47188,-1.8516,-7.51109,3.897,3.897,4.08771,-4.08771,-1.53406,1.53406,-11.9474,-0.977948,-5.54707,-5.32043,10.2692,-3.17238,155.189,-4.00493,3.98191,135.758,40.9894,-11.2347,143.235,-3.44859,-7.34037,143.163,11.7535,-7.70956,157.134,-3.70141,4.43716,156.477,-9.32,8.90947,150.481,0.974745,5.26583,-49.303,59.0694,-152.342,-291.97,-150.36,-60.0678,-215.86,-133.756,9.24645,93.6733,-199.723,-257.763,1.94341,-51.2487,65.4214,6.85082,4.82665,-9.75442,52.366,-21.8976,-2.02562,-0.344558,-0.582178,-0.417071,0.579873,0.204909,0.746389,-0.735582,-0.0830742,-0.661236,0.0962556,0.137334,0.90097,0.29653,-0.714468,0.242938,0.238419,-0.754018,0.038882,0.013245,-0.170904,0.772912
96.26,0,,46.3139,0.248588,-1.09096,-0.569595,17.4878,2.03663,43.1362,5.63113,14.8797,9.31179,0.216301,-3.07622,-1.83021,-7.56537,3.97415,3.97415,4.126,-4.126,-1.69241,1.69241,-13.6111,-0.765008,-5.43208,-5.68706,10.2396,-2.95896,155.227,-4.09417,4.0069,135.736,40.9922,-11.3348,143.219,-1.59981,-7.89682,143.004,13.3882,-7.89602,157.277,-4.00659,4.43604,156.62,-9.58805,8.87264,150.574,0.765543,5.64637,-61.0483,56.1484,-152.83,-307.614,-139.607,-53.2308,-210.489,-182.168,-17.0874,77.1092,-294.955,-489.641,-0.971705,-79.0581,60.5397,8.74925,-29.2928,4.87721,29.4221,-21.8976,-31.2524,-0.344327,-0.581651,-0.417697,0.580462,0.206244,0.745628,-0.733555,-0.0944868,-0.664032,0.0845971,0.145634,0.900294,0.297805,-0.714635,0.240613,0.238782,-0.753642,0.0363179,0.0135508,-0.174634,0.771907
96.27,0,,46.3417,0.0239755,-1.18627,-0.550933,17.594,2.18397,41.2038,5.59413,14.6006,9.46754,-0.276623,-2.7383,-1.90885,-7.67857,4.03906,4.03906,4.16529,-4.16529,-1.85076,1.85076,-15.2177,-0.654594,-5.16923,-5.97016,10.1618,-2.75665,155.26,-4.1713,4.03263,135.681,40.904,-11.4567,143.12,0.2557,-8.40973,142.889,14.9778,-7.91948,157.447,-4.31919,4.4225,156.796,-9.86315,8.81836,150.651,0.655194,5.93847,-67.8769,60.0431,-157.221,-298.356,-102.578,-36.1383,-176.263,-182.613,-33.6571,62.5441,-321.408,-587.066,-8.82009,-101.604,56.1393,20.9652,-56.089,-5.39449,-5.39856,-19.9655,-34.1462,-0.344125,-0.581192,-0.418285,0.581515,0.207104,0.744733,-0.73101,-0.106209,-0.666857,0.0725757,0.152476,0.899658,0.298908,-0.714827,0.238052,0.238966,-0.753215,0.0335712,0.0133675,-0.177317,0.771162
96.28,0,,46.2779,-0.227136,-1.2986,-0.557719,17.7334,2.3526,39.1917,5.55467,13.9058,9.65805,-0.818667,-2.51462,-2.11581,-7.83449,4.08562,4.08562,4.18821,-4.18821,-2.03485,2.03485,-16.4165,-0.575727,-4.88996,-6.14697,9.94968,-2.54991,155.298,-4.23183,4.04062,135.588,40.7291,-11.6113,142.933,2.10448,-8.87425,142.9,16.1667,-7.80221,157.634,-4.64345,4.41292,156.993,-10.1488,8.77183,150.712,0.577031,6.1207,-60.0649,77.1472,-171.873,-308.083,-67.8865,-35.1616,-143.559,-148.439,-56.1445,11.7092,-294.955,-307.733,-35.1309,-139.643,55.658,14.1969,-105.521,0,-9.7174,-16.7452,-48.9043,-0.34407,-0.580774,-0.418719,0.582995,0.207415,0.743714,-0.72794,-0.11817,-0.669709,0.0631126,0.156561,0.899019,0.299826,-0.715138,0.235185,0.239089,-0.752852,0.0306415,0.0133065,-0.179028,0.770618
96.29,0,,46.1207,-0.502223,-1.45632,-0.556023,17.8993,2.53105,37.088,5.50287,12.4105,9.84084,-1.2866,-2.30897,-2.49041,-8.01121,4.12368,4.12368,4.21617,-4.21617,-2.21696,2.21696,-16.8243,-0.486345,-4.76402,-6.28689,9.52549,-2.35872,155.331,-4.28371,4.05362,135.484,40.4562,-11.7829,142.681,3.94148,-9.27586,143.174,16.586,-7.62981,157.831,-4.9836,4.39657,157.197,-10.4398,8.70495,150.761,0.485074,6.2654,-62.0043,83.9954,-186.525,-302.751,-33.6628,-37.115,-132.337,-116.224,-57.1061,151.362,-272.469,208.151,-16.5937,-164.075,45.4134,35.1621,-112.844,-47.368,-14.5761,6.7625,4.34062,-0.344015,-0.580418,-0.419153,0.58505,0.207224,0.742467,-0.724282,-0.130195,-0.672704,0.059572,0.156926,0.898097,0.300668,-0.715474,0.232062,0.239157,-0.752386,0.0276514,0.013489,-0.180484,0.770154
96.3,0,,45.9012,-0.760905,-1.65999,-0.573412,18.0599,2.70786,34.9046,5.49301,10.2993,10.0532,-1.47705,-2.09611,-2.96504,-8.19486,4.1648,4.1648,4.23103,-4.23103,-2.40698,2.40698,-16.6204,-0.399592,-4.96115,-6.43116,8.92948,-2.16531,155.381,-4.3387,4.05262,135.402,40.1049,-11.9766,142.39,5.77176,-9.60282,143.662,16.4135,-7.6134,158.034,-5.30998,4.38416,157.405,-10.7555,8.63517,150.805,0.400013,6.41547,-41.9826,92.7584,-201.176,-291.501,-1.49612,-39.0685,-151.895,-96.2008,-21.4518,536.051,-286.49,442.906,-26.3855,-190.892,35.1687,33.1811,-118.669,-64.9556,-21.5942,3.86429,-14.1793,-0.344067,-0.579975,-0.41957,0.58768,0.206616,0.740888,-0.719977,-0.142091,-0.67597,0.0614664,0.155833,0.896542,0.301402,-0.715845,0.229012,0.23933,-0.751865,0.0244762,0.0136115,-0.181955,0.769692
96.31,0,,45.6245,-1.00823,-1.89713,-0.586984,18.1396,2.88795,32.6803,5.49794,8.53346,10.2952,-1.53823,-1.83756,-3.32584,-8.36811,4.21714,4.21714,4.24564,-4.24564,-2.60097,2.60097,-16.7264,-0.318096,-5.17471,-6.60796,8.40327,-1.95634,155.43,-4.40511,4.05012,135.451,39.6934,-12.1022,142.165,7.57344,-9.87449,144.062,16.5382,-7.68962,158.254,-5.63847,4.36499,157.631,-11.0923,8.55181,150.876,0.319551,6.5977,-44.9326,87.8901,-214.838,-277.321,21.9743,-39.5568,-130.894,-56.5992,-7.32319,739.677,-90.735,180.11,-30.2723,-199.234,37.6096,23.9366,-115.174,-23.4254,-28.8823,-4.83036,-17.9412,-0.344134,-0.579437,-0.420066,0.59078,0.205513,0.739101,-0.715332,-0.153211,-0.679379,0.0614049,0.156686,0.894827,0.302146,-0.716178,0.225969,0.239514,-0.751257,0.0211192,0.0135506,-0.183666,0.769088
96.32,0,,45.2904,-1.26944,-2.15016,-0.617944,18.0812,3.07786,30.468,5.5078,7.29044,10.5437,-2.3276,-1.55976,-3.66042,-8.56446,4.26098,4.26098,4.24841,-4.24841,-2.80881,2.80881,-17.2973,-0.241858,-4.55593,-6.80212,7.82605,-1.74736,155.491,-4.46356,4.03463,135.681,39.2553,-12.1258,142.055,9.32633,-10.1054,144.49,17.1274,-6.98598,158.484,-5.97121,4.34638,157.867,-11.4344,8.46651,150.937,0.241387,6.79333,-30.7563,83.5086,-227.05,-266.599,45.9123,-44.9287,-62.5215,-22.4261,9.76425,714.259,-131.473,320.316,-27.3572,-191.885,37.6096,33.1811,-108.849,-23.9427,-4.8587,-18.9994,4.34062,-0.344317,-0.578888,-0.420493,0.594182,0.203981,0.737189,-0.71059,-0.163151,-0.682818,0.0544474,0.154003,0.894353,0.30293,-0.716521,0.22291,0.239638,-0.750653,0.0176402,0.0134282,-0.185492,0.768518
96.33,0,,44.9137,-1.52686,-2.40942,-0.631092,17.9073,3.28087,28.316,5.5448,6.29686,10.7908,-3.65212,-1.29399,-3.99638,-8.76775,4.30754,4.30754,4.25546,-4.25546,-3.00873,3.00873,-18.0231,-0.128816,-3.36219,-6.98327,7.16828,-1.54284,155.546,-4.52479,4.02339,136.06,38.7991,-12.0423,142.05,10.9934,-10.2982,144.999,17.8784,-5.68894,158.726,-6.305,4.31029,158.108,-11.8065,8.37443,150.992,0.12874,6.97824,-18.5467,91.7848,-224.61,-252.419,61.0605,-41.9986,20.5199,-9.25522,7.32319,721.113,-353.417,167.887,-43.9509,-190.395,25.4054,30.2922,-103.024,-16.6269,-4.8587,-30.9143,6.36624,-0.344447,-0.578351,-0.42093,0.597751,0.20216,0.735271,-0.705927,-0.171827,-0.68615,0.0437045,0.147899,0.894661,0.303726,-0.716772,0.21986,0.239877,-0.749965,0.0139165,0.0136115,-0.187325,0.767918
96.34,0,,44.5141,-1.78428,-2.66188,-0.657812,17.6073,3.49697,26.2533,5.60153,5.29202,11.0727,-4.89563,-1.08353,-4.19713,-8.9976,4.35953,4.35953,4.2542,-4.2542,-3.22251,3.22251,-18.6184,-0.0341756,-2.25059,-7.10909,6.5132,-1.33387,155.606,-4.59189,4.00265,136.592,38.34,-11.8626,142.165,12.563,-10.4268,145.509,18.4967,-4.43997,158.989,-6.64515,4.27477,158.366,-12.2033,8.28332,151.047,0.0344839,7.10687,-20.0216,71.3052,-222.659,-228.513,79.1075,-36.1383,90.3356,-15.6627,27.8133,827.067,-435.951,21.9296,-23.4704,-182.152,15.642,22.4509,-105.521,-2.4386,-10.2573,-22.5417,-4.34062,-0.34463,-0.57774,-0.421356,0.601487,0.200333,0.733272,-0.701321,-0.179084,-0.68948,0.0341205,0.14167,0.894885,0.304637,-0.717005,0.216865,0.240132,-0.749269,0.00994956,0.0138552,-0.188662,0.767406
96.35,0,,44.0867,-2.06441,-2.93363,-0.665022,17.1905,3.70817,24.2943,5.64347,4.35059,11.3379,-5.64019,-0.917576,-4.16885,-9.23438,4.41051,4.41051,4.25949,-4.25949,-3.42243,3.42243,-19.124,0.0788668,-1.59896,-7.21431,5.97894,-1.14935,155.655,-4.65691,3.98866,137.273,37.8768,-11.6027,142.407,14.0164,-10.4662,145.904,19.0195,-3.67066,159.236,-7.00332,4.22345,158.619,-12.6036,8.21354,151.085,-0.0804624,7.21674,-8.30366,74.7131,-210.447,-193.357,90.3284,-14.6507,107.89,-39.5126,46.3802,946.729,-285.167,122.95,-13.6786,-166.956,14.645,24.4319,-119.168,-15.5923,-11.6069,-22.8637,7.23436,-0.344746,-0.577181,-0.421777,0.605441,0.19868,0.731119,-0.696748,-0.184823,-0.692903,0.0272224,0.138493,0.894556,0.305679,-0.717137,0.213756,0.240495,-0.748648,0.00598186,0.0143444,-0.189895,0.766966
96.36,0,,43.6429,-2.33193,-3.19971,-0.650178,16.6568,3.89317,22.4752,5.71746,3.51204,11.6262,-6.15983,-0.758834,-3.97086,-9.46307,4.46556,4.46556,4.25143,-4.25143,-3.62829,3.62829,-19.5563,0.191909,-1.13898,-7.30325,5.51179,-0.978168,155.721,-4.72539,3.96043,138.085,37.4121,-11.2727,142.774,15.3269,-10.4109,146.244,19.4653,-3.09133,159.472,-7.34983,4.13662,158.855,-13.0251,8.13309,151.112,-0.19311,7.30517,0.983328,80.0683,-221.195,-139.159,140.168,31.2548,76.148,-68.3462,80.5551,1138.65,-143.113,133.735,-22.9472,-154.739,14.1637,39.0414,-116.672,-32.2191,1.07971,-13.203,3.47249,-0.344994,-0.576516,-0.422209,0.609596,0.197156,0.728805,-0.69235,-0.18885,-0.696378,0.0216683,0.136358,0.894077,0.306655,-0.717074,0.210703,0.24104,-0.7479,0.00195322,0.014893,-0.190984,0.766562
96.37,0,,43.1909,-2.60323,-3.49358,-0.623882,16.0528,4.07489,20.825,5.79639,2.96099,11.9352,-6.56744,-0.627752,-3.67215,-9.70447,4.52809,4.52809,4.25622,-4.25622,-3.82821,3.82821,-20.0864,0.297065,-0.728292,-7.37484,5.09029,-0.820327,155.793,-4.80183,3.94444,138.996,36.939,-10.9133,143.257,16.4624,-10.2782,146.545,20.0014,-2.58823,159.714,-7.70588,4.04865,159.091,-13.4607,8.0633,151.14,-0.296562,7.37753,13.193,89.3506,-205.567,-97.1474,184.584,80.0903,39.0359,-90.3273,79.0757,1260.31,-73.8048,-0.359501,-24.4421,-143.02,21.005,42.5081,-115.174,-36.653,-8.36776,-29.3042,-2.02562,-0.34517,-0.575833,-0.42275,0.613939,0.195694,0.726313,0.688325,0.191232,0.699739,0.0157482,0.135202,0.893495,0.307635,-0.717021,0.207531,0.241655,-0.747184,-0.00219742,0.0154427,-0.191904,0.766213
96.38,0,,42.7504,-2.86948,-3.78745,-0.607765,15.3825,4.2517,19.3534,5.89259,2.7665,12.2788,-6.77512,-0.513506,-3.29893,-9.95511,4.60558,4.60558,4.2406,-4.2406,-4.00636,4.00636,-20.7714,0.391705,-0.459974,-7.41932,4.74127,-0.698056,155.875,-4.89038,3.90846,139.972,36.4702,-10.548,143.844,17.4246,-10.0756,146.797,20.6993,-2.25634,159.961,-8.06722,3.94885,159.339,-13.9174,7.98479,151.167,-0.390818,7.42308,4.88932,95.7119,-183.597,-46.4058,251.442,161.605,26.8522,-130.374,81.0729,1293.43,-39.9446,-339.01,-0.523226,-134.28,31.2496,42.0129,-120.666,-10.7151,0.539856,-29.6262,5.49812,-0.345477,-0.574982,-0.423301,0.61832,0.19398,0.723734,0.684713,0.192084,0.702963,0.00933883,0.135993,0.892561,0.30849,-0.716962,0.204175,0.242326,-0.746387,-0.00653119,0.0159918,-0.192572,0.765895
96.39,0,,42.3345,-3.13321,-4.07622,-0.59589,14.7042,4.42361,18.1182,6.02825,2.95395,12.6534,-6.78977,-0.434135,-2.9202,-10.2277,4.67831,4.67831,4.20509,-4.20509,-4.18451,4.18451,-21.644,0.483716,-0.37236,-7.42799,4.42447,-0.602462,155.968,-4.97235,3.85275,140.938,36.0265,-10.2271,144.475,18.1816,-9.85859,147.027,21.5724,-2.12617,160.219,-8.41903,3.83156,159.591,-14.4059,7.90434,151.178,-0.482775,7.4338,16.1157,101.067,-176.752,4.39449,317.832,231.928,16.1113,-210.912,31.216,1237.17,-29.3632,-794.858,16.5937,-119.58,34.1718,36.6478,-153.288,-25.864,1.07971,-22.5417,-0.578749,-0.345966,-0.574067,-0.42379,0.622464,0.191781,0.721223,0.681845,0.191656,0.70571,0.00256364,0.138986,0.891109,0.309223,-0.71684,0.200818,0.243116,-0.745524,-0.011109,0.0166637,-0.192945,0.765674
96.4,0,,41.9775,-3.38432,-4.33038,-0.573412,14.0988,4.58077,17.1411,6.19351,3.28655,13.0782,-6.67516,-0.358372,-2.57319,-10.5026,4.76089,4.76089,4.17537,-4.17537,-4.36464,4.36464,-22.4432,0.552067,-0.432595,-7.41389,4.1372,-0.517984,156.089,-5.0647,3.80103,141.827,35.622,-9.95381,145.095,18.7284,-9.64361,147.247,22.3845,-2.13907,160.482,-8.76554,3.7092,159.849,-14.9173,7.80935,151.2,-0.551742,7.41772,17.099,92.2716,-165.042,36.152,380.857,285.159,0,-278.813,7.32319,1501.34,-23.0144,-1301.4,20.4805,-131.3,47.3729,59.0987,-193.898,-30.7412,-18.0852,-20.9316,-2.02562,-0.346519,-0.573035,-0.424466,0.626021,0.188795,0.719106,0.679727,0.190319,0.707927,-0.00311305,0.142712,0.889415,0.309706,-0.716767,0.197274,0.243971,-0.744547,-0.01587,0.0172123,-0.193058,0.765459
96.41,0,,41.663,-3.61777,-4.52895,-0.540754,13.6249,4.72484,16.427,6.39823,3.89537,13.5532,-6.53038,-0.268178,-2.24275,-10.7786,4.84959,4.84959,4.13784,-4.13784,-4.56456,4.56456,-23.3077,0.596758,-0.553064,-7.39545,3.97074,-0.424614,156.227,-5.16328,3.73857,142.551,35.2427,-9.7586,145.627,19.0446,-9.486,147.334,23.247,-2.26221,160.762,-9.09828,3.56654,160.124,-15.4534,7.69983,151.233,-0.595422,7.39897,37.585,98.1461,-164.554,61.0541,407.693,312.995,18.516,-249.001,-35.1365,1044.4,318.763,-2095.53,42.456,-137.16,30.7683,84.9337,-232.345,-29.2633,-4.8587,-15.1351,2.02562,-0.347193,-0.57188,-0.425201,0.628955,0.184951,0.717463,0.678613,0.188483,0.709315,-0.00878957,0.147408,0.887869,0.309947,-0.716639,0.193671,0.244889,-0.743456,-0.0208143,0.0175791,-0.193064,0.765238
96.42,0,,41.4419,-3.80074,-4.65659,-0.480953,13.2758,4.81816,16.0217,6.67202,3.16253,14.0629,-7.34129,-0.175578,-2.25517,-11.0281,4.95392,4.95392,4.10434,-4.10434,-4.80407,4.80407,-22.6471,0.644079,0.0711865,-7.38461,3.35594,-0.315681,156.391,-5.27984,3.67486,143.133,34.9292,-9.6158,146.094,19.1271,-9.3913,147.943,22.6047,-1.32754,161.015,-9.39286,3.4047,160.36,-16.0212,7.59515,151.266,-0.643699,7.38825,41.491,94.7382,-169.433,57.5971,401.896,310.065,68.3729,-122.543,-43.4213,1266.59,21.9563,-273.94,66.8981,-148.88,22.4489,97.1496,-255.812,-37.6136,-24.0236,-9.66072,0.868123,-0.347929,-0.570543,-0.426122,0.631045,0.18056,0.716381,0.678572,0.185986,0.709885,-0.00762974,0.13819,0.888163,0.309894,-0.716414,0.190197,0.246175,-0.74225,-0.02582,0.0179456,-0.193129,0.765008
96.43,0,,41.2929,-3.97866,-4.73942,-0.397826,12.9732,4.85254,15.9276,6.9976,1.12605,14.6036,-9.31643,-0.0829787,-2.52835,-11.2222,5.05655,5.05655,4.06303,-4.06303,-4.98024,4.98024,-20.5023,0.701914,1.76323,-7.37376,2.38406,-0.268996,156.567,-5.39017,3.60841,143.659,34.6941,-9.49225,146.565,18.979,-9.30006,149.033,20.4817,0.87486,161.229,-9.66838,3.22652,160.558,-16.6226,7.4924,151.31,-0.703472,7.37753,47.8553,99.6066,-170.897,24.4333,372.067,291.508,75.1861,-42.9834,-26.3339,1911.74,-323.26,-1135.67,66.8981,-173.809,5.36297,105.486,-256.811,-10.7151,-10.7971,-29.6262,27.7799,-0.348776,-0.569187,-0.427088,0.632435,0.175795,0.715694,0.679394,0.182315,0.709973,-0.00122074,0.113407,0.890225,0.309589,-0.716107,0.186656,0.247936,-0.740877,-0.0308241,0.0183725,-0.193247,0.764686
96.44,0,,41.1979,-4.14775,-4.79843,-0.258714,12.6214,4.8067,16.1495,7.37992,-0.538362,15.1403,-11.4338,-0.0276596,-2.65391,-11.3469,5.14457,5.14457,4.03583,-4.03583,-5.1663,5.1663,-18.4798,0.796554,3.65241,-7.3499,1.49809,-0.231203,156.765,-5.48667,3.55569,144.263,34.5402,-9.3195,147.158,18.5988,-9.17771,150.009,18.4702,3.15114,161.372,-9.91528,3.02183,160.684,-17.2486,7.41196,151.354,-0.795429,7.35341,53.2363,77.6341,-163.579,6.8554,328.586,249.509,114.783,-15.6627,-28.775,1746.95,-279.347,-840.874,41.4843,-204.101,-4.88168,117.207,-237.338,-17.0702,1.34964,-31.2363,39.6443,-0.349683,-0.567892,-0.428177,0.633288,0.170911,0.715264,0.681061,0.176705,0.709748,0.00341811,0.0882604,0.891882,0.309038,-0.715614,0.183176,0.250256,-0.739415,-0.0356462,0.0191045,-0.193365,0.764304
96.45,0,,41.1635,-4.30675,-4.87558,-0.0920343,12.1236,4.73958,16.7165,7.80416,-0.83573,15.6771,-13.6605,-0.0180388,-2.53042,-11.4543,5.23361,5.23361,4.01945,-4.01945,-5.33456,5.33456,-17.5093,0.917483,5.72777,-7.29891,0.851066,-0.211195,156.941,-5.58456,3.51497,145.026,34.466,-9.06973,147.943,17.9562,-9.02494,150.699,17.5095,5.45791,161.476,-10.1495,2.80699,160.766,-17.9064,7.34605,151.382,-0.919571,7.30249,74.7056,61.0492,-128.908,12.1874,251.91,204.58,201.191,37.5548,-90.8372,661.996,-98.671,505.819,67.8698,-219.198,4.88168,175.81,-212.373,-36.1357,4.8587,-48.3036,57.0068,-0.350425,-0.566687,-0.429227,0.633825,0.166208,0.714884,0.683741,0.168524,0.709133,-0.000305188,0.0677518,0.893286,0.308375,-0.715025,0.179702,0.253011,-0.737851,-0.0404695,0.0202037,-0.19337,0.764017
96.46,0,,41.1766,-4.46322,-4.98224,0.0873689,11.655,4.65117,17.5778,8.27034,-0.233948,16.219,-16.7008,-0.0493062,-2.65667,-11.5352,5.32401,5.32401,4.01341,-4.01341,-5.47905,5.47905,-17.232,1.07785,8.53143,-7.21648,0.0617492,-0.215642,157.089,-5.68244,3.48623,145.734,34.4296,-8.86703,148.749,17.0646,-9.00213,151.533,17.2309,8.51406,161.536,-10.3815,2.59554,160.805,-18.603,7.28595,151.382,-1.0782,7.21942,156.732,15.1244,-41.9888,136.698,182.62,160.14,453.121,162.144,-49.7829,-1028.69,-999.408,23.3676,161.602,-244.127,-19.5267,237.303,-239.668,-7.31581,-44.808,-28.6601,41.3806,-0.350978,-0.565594,-0.430208,0.634258,0.162059,0.714403,0.687893,0.159125,0.707303,-0.012818,0.0454734,0.894269,0.307696,-0.714398,0.176219,0.256293,-0.736103,-0.0452892,0.0217292,-0.193244,0.76382
96.47,0,,41.2405,-4.58184,-5.15697,0.325301,11.6311,4.6086,18.4873,8.78832,1.39805,16.7185,-20.3029,-0.121462,-3.29962,-11.6068,5.43854,5.43854,4.05018,-4.05018,-5.57011,5.57011,-17.9742,1.3197,11.7786,-7.10801,-0.665818,-0.226757,157.166,-5.80557,3.50272,145.865,34.3414,-8.98469,149.095,16.0889,-9.28347,152.283,17.9766,11.9936,161.564,-10.6041,2.36435,160.81,-19.3419,7.22586,151.36,-1.32188,7.11223,232.912,-118.171,47.8581,415.015,130.35,180.163,912.574,513.219,27.3695,-1739.81,-1513.66,845.188,274.394,-290.509,-22.9645,328.592,-271.457,-6.35515,-43.4584,-47.3375,46.2999,-0.35085,-0.564729,-0.431116,0.63468,0.158517,0.713847,0.6932,0.152471,0.703698,-0.0349742,0.0256355,0.895046,0.306779,-0.713661,0.172617,0.259962,-0.734168,-0.0502345,0.0240492,-0.193187,0.763654
96.48,0,,41.2782,-4.74083,-5.43042,0.620065,12.4501,4.66427,19.0301,9.36795,-1.06263,17.1729,-21.3078,-0.266975,-3.80874,-11.6692,5.49156,5.49156,4.12524,-4.12524,-5.56813,5.56813,-14.9486,1.64569,12.381,-6.94205,-0.931608,-0.235649,157.111,-5.86576,3.57243,144.899,34.1455,-9.70939,148.42,15.3858,-9.70789,152.486,14.946,12.6304,161.553,-10.8054,2.11398,160.766,-20.1178,7.16673,151.288,-1.64603,6.94876,282.707,-208.496,28.8153,648.45,177.29,306.158,1169.47,841.335,516.618,-290.444,-1862.32,1752.93,341.293,-367.68,-50.7763,406.262,-291.929,9.31104,-12.1468,-23.5077,-5.49812,-0.349999,-0.564796,-0.431365,0.634986,0.155771,0.713298,0.696917,0.15369,0.70003,-0.0167245,0.00579863,0.895553,0.305744,-0.712752,0.169139,0.26411,-0.732024,-0.055178,0.0272833,-0.192936,0.763627
96.49,0,,41.383,-4.9238,-5.77025,0.972934,13.2971,4.78051,19.5223,10.0512,-4.6846,17.747,-18.6156,-0.489454,-3.67491,-11.7142,5.4817,5.4817,4.21667,-4.21667,-5.50874,5.50874,-10.8057,1.91909,9.54446,-6.69257,-0.636286,-0.217865,156.957,-5.86091,3.67061,143.819,34.0503,-10.5111,147.586,14.8272,-9.79568,152.081,10.8035,9.66803,161.498,-10.9654,1.82584,160.69,-20.959,7.11536,151.217,-1.9196,6.69953,295.408,-232.902,-60.5437,641.126,376.462,356.459,895.981,640.123,819.827,2118.22,-96.2902,1023.86,277.31,-457.564,-57.1363,429.208,-294.426,28.3026,-1.8895,-27.6941,-78.1311,-0.348778,-0.565589,-0.431058,0.634997,0.154858,0.712639,0.698151,0.156074,0.698517,0.0273457,0.00506627,0.894472,0.304647,-0.711534,0.166088,0.268809,-0.729641,-0.060366,0.030397,-0.191843,0.763771
96.5,0,,41.7007,-5.07018,-6.14979,1.31774,12.9333,4.92785,20.7527,10.8479,-4.82271,18.4588,-17.2928,-0.800925,-3.05679,-11.7627,5.46539,5.46539,4.29173,-4.29173,-5.35237,5.35237,-9.64765,2.12152,8.54785,-6.31944,-0.48057,-0.260104,156.743,-5.84155,3.76281,144.098,34.3806,-10.6117,148.014,13.934,-9.3201,151.861,9.64643,8.6325,161.421,-11.0745,1.5377,160.58,-21.8584,7.04848,151.118,-2.12191,6.32972,219.227,-203.14,-135.251,477.065,581.524,276.369,339.861,331.586,653.835,887.612,551.288,1752.93,208.02,-546.355,-15.642,379.849,-294.925,31.7019,-19.9747,-37.0328,-78.1311,-0.347318,-0.566634,-0.430332,0.634555,0.156808,0.711708,0.69922,0.148084,0.699281,0.0407122,0.00647,0.894203,0.303796,-0.71014,0.163893,0.274003,-0.726912,-0.0657388,0.0333883,-0.189526,0.764268
96.51,0,,42.2526,-5.18627,-6.54578,1.56925,11.6802,5.13577,22.7382,11.7432,-3.68257,19.2466,-17.4316,-1.29038,-2.17031,-11.8355,5.43922,5.43922,4.31667,-4.31667,-5.07129,5.07129,-9.35406,2.28976,9.07901,-5.77926,-0.732937,-0.382375,156.457,-5.79935,3.81877,145.322,35.114,-10.2196,149.38,12.674,-8.68277,152.119,9.3492,9.20245,161.339,-11.1349,1.29749,160.453,-22.8089,7.00584,150.992,-2.28973,5.79376,155.284,-111.323,-129.884,338.844,545.43,258.788,-77.1099,122.543,31.216,177.351,416.376,1074.55,221.698,-586.381,39.5347,406.262,-307.075,55.6445,13.7663,-33.1685,-66.2668,-0.345781,-0.567898,-0.428976,0.633502,0.161809,0.71053,0.701624,0.132085,0.700099,0.0399796,0.000915563,0.893712,0.303474,-0.708818,0.162785,0.2795,-0.724113,-0.0714164,0.0366835,-0.185798,0.765043
96.52,0,,42.978,-5.26198,-6.89299,1.73423,10.3302,5.41409,24.9384,12.7521,-2.62557,20.1541,-16.5388,-1.89408,-0.912001,-11.9775,5.40625,5.40625,4.30332,-4.30332,-4.69916,4.69916,-8.93815,2.39755,8.49857,-5.10458,-0.673872,-0.584678,156.128,-5.7402,3.84575,146.606,36.0559,-9.74737,150.812,11.4106,-8.14153,152.103,8.93787,8.60436,161.284,-11.1445,1.10464,160.349,-23.8194,6.95834,150.832,-2.39778,5.12916,136.71,-27.847,-106.938,226.58,91.2635,314.949,-389.156,-157.25,-355.951,454.087,581.974,-562.979,271.031,-583.997,101.071,478.485,-357.505,42.9342,-4.8587,-5.79643,-51.798,-0.344197,-0.569308,-0.427149,0.631432,0.168158,0.709682,0.704231,0.115724,0.700385,0.0458996,0.0029908,0.893151,0.303663,-0.707611,0.162788,0.285173,-0.721111,-0.0775802,0.0399802,-0.180796,0.766215
96.53,0,,43.5283,-5.34148,-7.05864,1.80039,9.19126,5.75953,26.813,13.8891,-0.866735,21.2109,-16.2182,-2.57354,0.0248351,-12.1797,5.2975,5.2975,4.24237,-4.24237,-4.43985,4.43985,-9.4927,2.42121,8.26311,-4.316,-0.668503,-0.664709,155.771,-5.60981,3.81927,147.588,36.8844,-9.24248,151.898,10.3559,-7.86157,151.993,9.49516,8.37333,161.273,-11.0915,0.949573,160.278,-24.8986,6.88371,150.657,-2.42307,4.34398,175.77,39.5635,-166.018,61.5228,-507.84,-28.813,-589.866,-446.297,-410.173,-930.736,622.183,-1461.01,332.996,-556.685,150.885,546.415,-485.328,27.3419,-3.50906,0,-25.7543,-0.342985,-0.571031,-0.424657,0.62852,0.172558,0.710069,0.706933,0.102909,0.69967,0.0430928,0.00744663,0.893413,0.304024,-0.706561,0.1637,0.290915,-0.717827,-0.0843569,0.0430307,-0.174564,0.767656
96.54,0,,43.7297,-5.39322,-7.01212,1.81397,8.23549,6.18683,28.1302,15.1668,-0.62574,22.4157,-17.3006,-3.32636,0.40909,-12.4095,5.15171,5.15171,4.13834,-4.13834,-4.11127,4.11127,-8.8729,2.36863,9.27067,-3.44282,-1.04705,-0.746964,155.331,-5.43514,3.75831,148.258,37.4051,-8.62207,152.601,9.55007,-7.81526,152.278,8.87418,9.43583,161.273,-10.9675,0.804092,160.217,-26.0484,6.81877,150.47,-2.36789,3.47304,226.083,128.914,-237.798,-319.801,-837.922,-585.457,-678.679,-636.741,-342.784,-1447.65,-32.2731,-16.5371,372.537,-516.56,183.579,602.047,-586.854,28.8199,-20.5145,18.6774,19.0987,-0.34171,-0.573118,-0.42143,0.625704,0.175363,0.711707,0.709641,0.0941833,0.698165,0.0421775,-0.003174,0.893236,0.304271,-0.705531,0.16535,0.296958,-0.714348,-0.0916206,0.0457183,-0.167369,0.769276
96.55,0,,43.5316,-5.32886,-6.95766,1.81778,7.35805,6.66979,28.8588,16.5974,-2.84825,23.7763,-18.1649,-4.12609,0.756091,-12.6255,5.03276,5.03276,4.00762,-4.00762,-3.72924,3.72924,-5.96964,2.21878,10.0975,-2.50239,-1.59206,-0.789203,154.848,-5.28261,3.67161,148.784,37.4835,-8.00434,153.073,8.89568,-7.87332,152.711,5.97096,10.2626,161.284,-10.7492,0.643386,160.162,-27.2529,6.7577,150.322,-2.21846,2.53242,239.249,229.981,-182.621,-751.926,-1041.49,-589.852,-559.087,-729.471,-398.411,299.869,-918.46,908.101,379.413,-468.29,199.221,639.19,-638.616,34.2144,-46.4276,-3.54226,40.5124,-0.340222,-0.575154,-0.417861,0.625107,0.177747,0.712821,0.712202,0.087835,0.696393,0.0584739,-0.0239267,0.89133,0.303978,-0.704459,0.167615,0.303186,-0.71069,-0.0993123,0.0477939,-0.159313,0.770807
96.56,0,,42.8438,-5.1156,-7.1897,1.84535,6.58017,7.14456,28.9867,18.1957,-4.64936,25.3172,-18.1839,-5.0172,1.21071,-12.8357,4.9546,4.9546,3.87261,-3.87261,-3.36503,3.36503,-3.49044,1.94801,10.0701,-1.46217,-1.87932,-0.789203,154.376,-5.17331,3.57493,149.201,36.9796,-7.69093,153.44,8.25979,-7.99083,152.886,3.48704,10.1852,161.311,-10.4186,0.466892,160.113,-28.5102,6.72184,150.212,-1.94719,1.4873,273.447,336.923,6.83072,-680.149,-1190.91,-311.53,-222.192,-681.148,-284.643,1583.59,-644.933,681.974,402.36,-479.513,235.833,658.67,-694.372,20.0261,-33.2011,-36.7107,29.8056,-0.338701,-0.576872,-0.414449,0.628768,0.179151,0.711415,0.714891,0.0823419,0.694321,0.0762993,-0.0361964,0.889344,0.303108,-0.703324,0.170658,0.309592,-0.706959,-0.10743,0.0491375,-0.150037,0.772283
96.57,0,,41.8022,-4.77742,-7.39507,1.97598,6.00538,7.48346,28.8274,19.9519,-4.28435,27.0948,-17.554,-5.97206,1.60807,-13.0228,4.89105,4.89105,3.76506,-3.76506,-3.13145,3.13145,-3.05006,1.48795,9.23234,-0.33734,-1.80952,-0.738072,154.057,-5.08926,3.49198,149.53,36.0741,-7.46576,153.715,7.51792,-8.19613,152.727,3.04652,9.32793,161.355,-9.97462,0.24416,160.08,-29.8117,6.71796,150.179,-1.48741,0.356415,334.96,342.765,150.879,-70.3118,-706.076,-376.97,400.378,-604.971,-139.141,1273.44,419.021,50.6897,403.332,-488.254,222.151,714.879,-644.94,57.6398,0,-121.081,-19.0987,-0.337788,-0.578036,-0.412011,0.635116,0.18141,0.708669,0.718233,0.0770298,0.691498,0.0838066,-0.0323507,0.889095,0.301464,-0.701992,0.174323,0.31606,-0.70323,-0.115974,0.0491362,-0.139474,0.773545
96.58,0,,40.8262,-4.31432,-7.3111,2.20755,5.45051,7.68155,28.8395,21.8462,-2.15063,28.9549,-17.2299,-6.95217,1.95508,-13.1152,4.84687,4.84687,3.6701,-3.6701,-3.02258,3.02258,-4.24888,0.975319,8.66832,0.80159,-1.54642,-0.580231,153.898,-5.03357,3.40928,149.975,35.2287,-6.99938,154.044,6.65998,-8.32885,152.42,4.24602,8.78261,161.421,-9.41935,-0.0366521,160.069,-31.136,6.75286,150.289,-0.974745,-0.790545,383.307,194.345,154.294,339.84,-6.82606,-362.319,599.084,-386.761,-121.092,-180.778,520.866,-675.863,361.325,-511.693,199.702,907.693,-600.169,-61.9997,-47.7772,-130.742,-47.7468,-0.337595,-0.578568,-0.410534,0.6409,0.186166,0.706394,0.721479,0.0705609,0.688823,0.0781891,-0.0222177,0.890538,0.299152,-0.700361,0.178661,0.322407,-0.699628,-0.124886,0.0485858,-0.128667,0.773954
96.59,0,,40.027,-3.72629,-7.40471,2.54218,4.92882,7.99752,29.0156,23.9403,-0.551046,30.8059,-17.9676,-7.57752,2.07373,-13.0841,4.81051,4.81051,3.58824,-3.58824,-2.91174,2.91174,-4.93392,0.567841,9.37471,1.6585,-1.57326,-0.195634,153.739,-4.98619,3.33908,150.381,34.5304,-6.75336,154.378,5.77681,-8.28461,152.399,4.93069,9.50854,161.608,-8.73587,-0.405993,160.223,-32.5292,6.69082,150.624,-0.567835,-1.65612,351.567,36.6101,94.726,752.453,639.125,-158.187,244.155,-106.969,-144.984,-727.396,-548.907,642.429,241.73,-478.52,197.261,978.512,-761.279,-52.2453,-168.975,-106.59,98.6767,-0.337308,-0.579088,-0.409152,0.646682,0.192143,0.70308,0.723749,0.0636035,0.687125,0.0697044,-0.0238045,0.891509,0.296222,-0.698286,0.18391,0.328139,-0.695648,-0.134894,0.0477322,-0.120551,0.77281
96.6,0,,39.4227,-2.99441,-7.64469,2.94764,4.5505,8.5296,29.2738,26.2934,-0.497492,32.2514,-18.2416,-7.52942,2.13651,-12.9778,4.77006,4.77006,3.49605,-3.49605,-2.76328,2.76328,-4.19179,0.68877,9.75255,1.93184,-1.75046,0.351251,153.552,-4.93292,3.26188,150.584,34.0027,-6.78759,154.587,4.98952,-8.20443,152.536,4.19029,9.88264,161.992,-7.88284,-0.852585,160.651,-34.0193,6.39132,151.134,-0.689678,-1.93751,250.967,-54.2011,159.173,936.494,905.247,-83.9972,-100.596,-137.671,-79.5935,263.313,-801.272,497.55,137.683,-415.552,215.825,805.673,-933.54,89.3416,-718.818,10.6268,338.279,-0.336943,-0.5797,-0.407566,0.651341,0.19575,0.699928,-0.725447,-0.0578648,-0.685832,0.0730042,-0.030276,0.890883,0.292625,-0.695793,0.190444,0.332845,-0.690778,-0.146432,0.0490763,-0.118906,0.769961
96.61,0,,39.069,-2.03665,-7.6549,3.40145,4.28368,9.07314,29.5994,28.8438,-0.0126839,31.7121,-16.5896,-8.01646,2.53387,-13.0898,4.77244,4.77244,3.39127,-3.39127,-2.66233,2.66233,-3.9716,2.7209,8.09883,2.29522,-1.43903,0.562446,153.437,-4.92462,3.16569,150.705,33.6836,-6.71164,154.724,4.3469,-8.20719,152.212,3.96737,8.19976,162.458,-6.83589,-1.32342,161.206,-35.513,6.04917,151.332,-2.71963,-2.3234,57.6066,-142.091,204.104,424.8,517.097,65.928,-198.225,-409.632,-4.88213,345.278,460.024,-333.977,64.4315,-355.464,221.188,592.307,-836.508,-38.057,-742.302,72.1334,519.427,-0.336871,-0.579803,-0.406393,0.652957,0.194782,0.699409,-0.727148,-0.0535305,-0.68436,0.0831344,-0.0194102,0.890734,0.288108,-0.693046,0.198318,0.336878,-0.685965,-0.15852,0.0664115,-0.122507,0.766602
96.62,0,,38.8135,-0.861854,-7.58569,3.87307,4.06996,9.58557,29.9493,31.5521,0.817408,29.1737,-16.0416,-9.16614,2.73324,-13.3647,4.81187,4.81187,3.27113,-3.27113,-2.58117,2.58117,-4.15102,6.61692,7.43625,2.75296,-1.24304,0.437952,153.365,-4.95437,3.05102,150.798,33.4233,-6.62179,154.85,3.7413,-8.30328,152.02,4.15048,7.52427,162.947,-5.59715,-1.77735,161.788,-36.9661,5.77875,151.217,-6.61631,-2.80309,-74.7056,-152.347,226.562,60.5267,-10.7534,55.6726,-109.894,-612.802,-1.92326,48.2646,232.525,257.763,34.6824,-295.376,214.347,540.06,-756.785,-185.999,-470.754,217.366,1100.49,-0.336998,-0.579506,-0.405484,0.653466,0.191169,0.699915,-0.729227,-0.0496243,-0.68241,0.0852705,-0.0136115,0.890976,0.28285,-0.690096,0.207651,0.34054,-0.68169,-0.170606,0.0993114,-0.131113,0.762262
96.63,0,,38.522,0.475723,-7.51137,4.32307,4.01686,10.0243,30.2267,34.4528,1.46711,27.2004,-16.4294,-9.59787,2.5725,-13.0413,4.87338,4.87338,3.11471,-3.11471,-2.48022,2.48022,-4.20811,10.0555,7.69909,2.49697,-1.22425,0.869235,153.305,-5.00348,2.90062,150.683,33.0888,-6.6726,154.812,3.14074,-8.4277,152.042,4.21152,7.79165,163.375,-4.2111,-2.1918,162.293,-38.458,5.61397,151.7,-10.0532,-2.65302,-151.378,-164.551,243.653,-24.9021,-441.45,-20.5109,-25.4094,-647.954,-33.2133,-16.5642,-325.641,62.5533,73.7001,-196.751,201.18,560.529,-759.781,-387.221,-884.284,-562.576,1007.89,-0.337304,-0.578959,-0.404508,0.654137,0.186408,0.700403,-0.731356,-0.0468771,-0.680267,0.0834996,-0.0151984,0.891151,0.276994,-0.686992,0.218092,0.344748,-0.677594,-0.182751,0.125616,-0.143805,0.754307
96.64,0,,38.1094,1.91804,-7.38032,4.75058,4.14961,10.1848,30.3811,37.4916,2.09426,23.4906,-15.9899,-8.97733,2.35934,-12.2259,4.91756,4.91756,2.9389,-2.9389,-2.38917,2.38917,-4.24888,15.2318,7.18436,0.649733,-1.03363,1.27384,153.261,-5.03565,2.73098,150.354,32.6311,-6.80096,154.549,2.53513,-8.52793,151.9,4.25133,7.26158,163.54,-2.71274,-2.54591,162.48,-39.9658,5.6382,152.183,-15.2281,-0.996891,-157.223,-135.243,232.417,-42.9488,-746.097,-94.2527,4.8895,-580.587,-23.449,-37.1266,-140.203,-69.0243,160.63,-81.0445,167.008,587.438,-741.14,-505.382,-1550.74,-183.232,974.034,-0.337847,-0.578399,-0.403463,0.655191,0.18153,0.700848,-0.733259,-0.0454739,-0.678202,0.085879,-0.0111698,0.891262,0.270339,-0.683875,0.229199,0.350676,-0.673456,-0.19368,0.160231,-0.174087,0.741028
96.65,0,,37.5247,3.42344,-7.22544,5.1009,4.37395,9.94574,30.3522,40.5402,2.56638,17.4406,-15.2341,-9.30203,2.05097,-11.0431,4.94916,4.94916,2.7578,-2.7578,-2.26446,2.26446,-4.17548,22.6584,6.39583,-0.828707,-0.794686,1.116,153.184,-5.05433,2.55984,149.887,32.0041,-6.94911,154.126,1.94467,-8.60812,151.708,4.17171,6.45122,163.276,-1.16987,-2.79346,162.096,-41.4242,5.99199,152.123,-22.6536,0.361775,-126.467,-38.5899,215.813,12.1874,-862.327,-151.35,19.0771,-439.445,37.5776,22.5616,70.3659,151.71,268.041,7.84622,87.9046,647.939,-663.082,-524.891,-1128.3,-56.0322,1231,-0.33829,-0.577999,-0.402201,0.657161,0.17775,0.700866,-0.734942,-0.0451671,-0.676225,0.0905194,-0.00573757,0.891216,0.262716,-0.681266,0.240253,0.359215,-0.669416,-0.20204,0.213639,-0.207779,0.723199
96.66,0,,36.796,4.94525,-7.04843,5.36344,4.58634,9.28433,30.1929,43.5001,2.99341,10.4201,-14.7705,-8.61656,1.65016,-8.9306,4.97363,4.97363,2.58904,-2.58904,-2.08236,2.08236,-4.05316,31.0945,5.91395,-3.2888,-0.585275,0.964829,153.08,-5.06436,2.40619,149.421,31.2456,-7.02666,153.665,1.34747,-8.67102,151.576,4.05495,5.95749,162.557,0.356047,-2.94796,161.069,-42.7838,6.72572,152.117,-31.0884,2.70661,-77.1366,52.2537,185.549,72.7727,-806.597,-160.628,14.6685,-254.874,96.1631,90.2463,-33.3312,107.491,353.551,57.1086,-46.376,554.174,-514.121,-538.562,-1152.32,-377.09,1274.98,-0.338518,-0.577789,-0.400839,0.660011,0.17573,0.700419,-0.736526,-0.0450448,-0.674269,0.0938136,-0.00274666,0.891198,0.254168,-0.67943,0.250689,0.370328,-0.665577,-0.207413,0.270107,-0.25094,0.696174
96.67,0,,36.0034,6.45571,-6.86916,5.51612,4.71244,8.23982,29.9806,46.3489,3.58955,2.7611,-14.3672,-7.41276,1.28729,-6.38841,4.99946,4.99946,2.4286,-2.4286,-1.85868,1.85868,-4.10209,40.1826,5.51421,-5.85519,-0.351702,0.413498,152.959,-5.07577,2.26478,149.053,30.4352,-7.02238,153.265,0.748596,-8.7125,151.445,4.10006,5.53765,161.443,1.82792,-3.02916,159.432,-44.0518,7.83359,151.634,-40.1829,5.50702,-34.1706,58.0957,156.246,127.909,-605.93,-135.722,4.40857,-90.3273,117.689,18.5633,-48.9387,-32.3551,338.377,59.5916,-178.216,278.82,-312.567,-573.22,-1323.73,-616.676,885.775,-0.33858,-0.577667,-0.399435,0.663493,0.17567,0.699445,-0.738014,-0.0444969,-0.672398,0.0955834,0.00054933,0.891318,0.245069,-0.678442,0.26039,0.383812,-0.661783,-0.210157,0.329309,-0.295737,0.662403
96.68,0,,35.2501,7.9283,-6.7364,5.57168,4.67395,7.03324,29.7683,49.0671,4.21106,-6.09501,-13.9311,-6.47595,1.08447,-3.61636,5.04126,5.04126,2.28024,-2.28024,-1.50634,1.50634,-4.18364,50.4432,5.07614,-7.51043,-0.0161085,-0.678048,152.789,-5.09964,2.14661,148.856,29.6682,-6.94055,153.012,0.191775,-8.74637,151.297,4.18764,5.07912,160.12,3.22244,-3.05961,157.372,-45.2245,9.29911,150.217,-50.4362,8.33154,-21.961,-6.36132,143.072,169.451,-369.636,-138.164,-2.40467,29.8125,99.122,-51.6917,-32.8022,10.4255,294.95,60.5848,-259.279,74.2035,-46.4357,-455.576,-1082.95,-607.337,1262.83,-0.338274,-0.577666,-0.397969,0.667156,0.177318,0.698042,-0.739411,-0.0432147,-0.670683,0.0972334,0.00433369,0.891459,0.235794,-0.678267,0.269244,0.398513,-0.65841,-0.211372,0.397412,-0.336436,0.621601
96.69,0,,34.5377,9.32897,-6.63145,5.59161,4.42572,5.90523,29.5415,51.6446,4.67332,-16.5756,-13.533,-4.15375,1.0686,-1.18505,5.06403,5.06403,2.13113,-2.13113,-1.13421,1.13421,-4.18364,62.1286,4.6545,-9.73948,0.279214,-2.53657,152.58,-5.10517,2.03018,148.856,28.981,-6.77261,152.935,-0.272523,-8.79752,151.16,4.17968,4.63113,158.819,4.56291,-3.11092,155.198,-46.2561,10.9992,146.033,-62.0204,14.5219,-9.28699,-53.7142,124.517,179.178,-167.94,-140.606,-14.1876,77.6014,30.7722,-31.1293,-47.3515,32.3551,280.299,73.6949,-340.824,-31.7779,178.253,-382.344,5363.2,-522.323,4291.13,-0.337785,-0.577909,-0.396199,0.670643,0.180006,0.696462,-0.740741,-0.0413218,-0.669145,0.0994892,0.00756851,0.891497,0.226819,-0.67826,0.277725,0.4127,-0.655888,-0.212118,0.468902,-0.38479,0.567968
96.7,0,,33.8466,10.6741,-6.52763,5.63233,4.01022,5.00152,29.2931,54.0347,4.99747,-22.0154,-13.0978,-0.349954,1.18933,1.37216,5.07355,5.07355,1.97144,-1.97144,-0.732388,0.732388,-4.09393,68.827,4.16715,-12.8829,0.553058,-2.78333,152.316,-5.0986,1.90651,148.982,28.347,-6.53408,152.979,-0.66112,-8.86042,151.028,4.0921,4.12685,157.688,5.87266,-3.22426,153.193,-47.0973,12.644,143.918,-68.6551,20.0289,-13.193,-65.9176,107.914,143.553,-34.2238,-136.699,-21.9627,-3.91567,-63.0238,-5.99738,-53.1712,35.2311,251.97,110.84,-373.036,-121.581,323.718,-263.665,4944.27,-1375.36,-517.98,-0.33712,-0.578347,-0.394069,0.673797,0.182869,0.694977,-0.74199,-0.039126,-0.667767,0.102608,0.0108041,0.891429,0.218888,-0.677723,0.286642,0.424961,-0.653984,-0.212725,0.50039,-0.419881,0.52218
96.71,0,,33.1539,11.9675,-6.417,5.66456,3.50978,4.44489,29.0204,56.2817,5.28638,-17.801,-12.5911,-1.91933,1.38387,2.91642,5.06777,5.06777,1.78279,-1.78279,-0.27712,0.27712,-4.00422,65.8012,3.59766,-11.2928,0.875228,-1.47837,152.031,-5.07646,1.75836,149.163,27.7326,-6.28324,153.067,-1.00598,-8.93162,150.875,3.99922,3.53814,156.865,7.16651,-3.35339,151.595,-47.8203,14.0359,148.147,-65.7585,14.5782,-18.055,-76.6604,91.3107,84.4913,53.2058,-142.071,17.5541,-133.311,-161.11,7.71092,-3.43894,-12.2231,175.281,84.918,-343.746,-131.816,443.885,-142.548,-1109.4,-2439.33,3221.61,-0.336496,-0.578874,-0.391613,0.676745,0.185499,0.693531,-0.743191,-0.0368666,-0.666467,0.106144,0.014649,0.891331,0.212481,-0.676507,0.296472,0.434656,-0.65238,-0.214062,0.486538,-0.399253,0.538237
96.72,0,,32.4431,13.2231,-6.29446,5.66159,3.02791,4.14856,28.7478,58.4054,5.63589,-15.7299,-12.1111,-6.30638,1.5177,3.40153,5.05248,5.05248,1.56945,-1.56945,0.20586,-0.20586,-3.96345,64.5524,3.06102,-6.839,1.20008,-1.47614,151.718,-5.04672,1.58772,149.289,27.1028,-6.0661,153.106,-1.3643,-9.00282,150.721,3.96207,2.97992,156.267,8.44446,-3.45883,150.31,-48.457,15.1845,148.493,-64.5125,9.93675,-23.9276,-75.6867,99.6051,43.9449,118.661,-145.978,80.5566,-231.914,-241.221,-6.85415,2.3808,53.5657,143.588,43.5018,-316.415,-160.623,564.884,-168.929,-863.769,-635.353,2483.41,-0.335897,-0.579443,-0.388879,0.679546,0.187511,0.692181,-0.744395,-0.0348516,-0.66511,0.109134,0.0185552,0.891261,0.207722,-0.674683,0.30734,0.442486,-0.650819,-0.21578,0.494163,-0.367814,0.559718
96.73,0,,31.698,14.4522,-6.16114,5.60646,2.64693,4.07489,28.4656,60.4921,5.97977,-15.1944,-11.6682,-9.85041,1.50252,3.68105,5.01441,5.01441,1.32084,-1.32084,0.714573,-0.714573,-3.93083,64.7365,2.612,-3.17273,1.51957,-1.8763,151.394,-4.9976,1.38335,149.262,26.4464,-5.9372,153.018,-1.74112,-9.03738,150.59,3.92491,2.50613,155.866,9.7256,-3.52255,149.239,-49.0689,16.2012,147.724,-64.6711,7.1417,-28.817,-79.0946,87.4074,20.0389,137.737,-134.745,102.038,-268.045,-279.761,-5.4262,11.1104,-2.87601,156.743,5.36324,-311.018,-190.42,613.317,-92.7409,-110.94,119.149,1874.57,-0.335472,-0.580056,-0.385829,0.682276,0.188667,0.690883,-0.7454,-0.0335101,-0.663853,0.111698,0.0218512,0.8912,0.204236,-0.672343,0.319172,0.449081,-0.649358,-0.218101,0.50748,-0.345665,0.572243
96.74,0,,30.9054,15.6295,-6.03803,5.52163,2.42525,4.30737,28.1519,62.5196,6.31378,-12.5916,-11.2295,-11.0831,1.30936,3.87855,4.94101,4.94101,1.05839,-1.05839,1.21537,-1.21537,-3.90636,62.8778,2.22868,-2.14227,1.82563,-1.65399,151.075,-4.9177,1.16324,149.053,25.755,-5.92009,152.749,-2.12298,-9.01803,150.464,3.90634,2.10389,155.767,11.0046,-3.51748,148.53,-49.6667,16.9951,148.669,-62.832,5.36767,-15.624,-68.3517,74.2195,29.7653,157.186,-123.066,70.2966,-242.682,-256.829,-20.5624,6.3488,8.26853,154.8,-44.8923,-292.007,-114.235,505.3,-44.4122,-453.479,-245.06,359.403,-0.33523,-0.580793,-0.382597,0.685039,0.188976,0.689556,-0.74607,-0.0331438,-0.662814,0.113778,0.0247211,0.891182,0.201793,-0.66953,0.331622,0.453826,-0.648114,-0.22145,0.498455,-0.334318,0.582507
96.75,0,,30.0686,16.774,-5.92116,5.4033,2.31109,4.90657,27.7925,64.3967,6.62946,-8.93721,-10.7866,-11.2478,0.972019,3.74688,4.85367,4.85367,0.783086,-0.783086,1.69241,-1.69241,-3.89005,59.8599,1.89466,-2.35379,2.07531,-1.13379,150.735,-4.82847,0.926398,148.707,25.016,-5.97999,152.348,-2.5099,-8.95374,150.354,3.88776,1.75324,156.014,12.2794,-3.40865,148.338,-50.2116,17.3595,150.179,-59.8388,4.30646,15.1323,-31.7417,66.9009,22.4412,139.607,-122.089,17.0732,-142.566,-187.962,-20.5624,-0.529067,3.59501,171.394,-66.9412,-253.435,-60.5844,288.101,-35.6184,-960.403,-734.215,9.25998,-0.335037,-0.58157,-0.379168,0.687897,0.188424,0.688202,-0.746471,-0.0335088,-0.661936,0.115606,0.0272228,0.891152,0.200147,-0.666362,0.344443,0.456082,-0.64689,-0.225539,0.477519,-0.327482,0.59252
96.76,0,,29.1859,17.8996,-5.79408,5.24214,2.23808,5.80209,27.3727,66.106,6.86341,-5.93411,-10.3273,-11.4174,0.607081,3.17746,4.74016,4.74016,0.504006,-0.504006,2.11799,-2.11799,-3.82481,57.2836,1.55515,-2.45141,2.27935,-0.806988,150.405,-4.71813,0.679309,148.323,24.2491,-6.05861,151.904,-2.86653,-8.87217,150.245,3.82142,1.40494,156.569,13.5711,-3.16956,148.662,-50.6913,17.2131,151.036,-57.2732,3.70886,26.8503,-9.76917,38.5735,15.6444,110.339,-112.322,8.81714,-49.3018,-128.933,-10.2812,-5.29067,35.2311,210.935,-62.9684,-185.057,-121.086,76.7271,13.1537,-933.95,-903.921,-723.147,-0.334977,-0.582426,-0.375629,0.690751,0.187077,0.686906,-0.7467,-0.0343044,-0.661183,0.117746,0.0294823,0.891122,0.198801,-0.663055,0.357499,0.456027,-0.645372,-0.229936,0.459629,-0.321313,0.601608
96.77,0,,28.2868,19.0731,-5.66983,5.04407,2.18233,6.78112,26.9167,67.6648,7.03112,-3.79345,-9.83435,-12.5478,0.263528,2.20262,4.61883,4.61883,0.231727,-0.231727,2.5693,-2.5693,-3.71064,55.3066,1.18827,-1.35045,2.5344,-0.949267,150.103,-4.60365,0.439215,147.961,23.4667,-6.13884,151.476,-3.19962,-8.78784,150.14,3.70996,1.02497,157.244,14.9074,-2.81601,149.228,-51.0422,16.7702,151.014,-55.2961,2.72001,32.2313,23.9199,11.7242,-4.86323,58.6293,-109.392,23.8864,7.83134,-77.1524,3.42707,0,35.2311,265.126,-19.0693,-115.235,-210.477,-75.2291,14.1882,-1070.26,-875.905,-833.398,-0.335049,-0.583238,-0.372283,0.693649,0.185071,0.685592,-0.746862,-0.0350969,-0.660493,0.12037,0.0317406,0.890994,0.197088,-0.659809,0.370738,0.454692,-0.643857,-0.233603,0.44949,-0.309772,0.613196
96.78,0,,27.3747,20.2996,-5.54332,4.82989,2.06817,7.69138,26.4221,69.0609,7.18897,-2.70961,-9.35608,-14.4419,-0.0200061,1.058,4.49037,4.49037,-0.0216614,0.0216614,2.82662,-2.82662,-3.61277,54.1236,0.843286,0.527162,2.59347,-1.41834,149.818,-4.4857,0.20012,147.687,22.6801,-6.19178,151.119,-3.50074,-8.68001,150.053,3.60912,0.676668,157.881,16.286,-2.41058,149.794,-51.2027,16.2497,150.234,-54.0983,1.4337,17.5906,46.3792,11.7242,-11.7186,29.2679,-82.0438,45.9293,41.4705,-25.3723,8.28209,11.6395,20.8511,280.299,45.3889,-72.2626,-276.839,-190.403,-7.31581,-1078.63,-517.492,-67.4243,-0.335222,-0.584014,-0.369038,0.696575,0.182628,0.684245,-0.746845,-0.0355234,-0.660051,0.122746,0.0338147,0.89084,0.194712,-0.65659,0.383992,0.452912,-0.642745,-0.235673,0.447652,-0.294691,0.62576
96.79,0,,26.4461,21.5729,-5.40036,4.60511,1.881,8.38226,25.8769,70.2572,7.39473,-2.18571,-8.98293,-15.9343,-0.208339,0.058906,4.37211,4.37211,-0.276813,0.276813,3.06415,-3.06415,-3.572,53.2798,0.602347,2.11407,2.66596,-2.0297,149.581,-4.38055,-0.0422226,147.539,21.8754,-6.20034,150.878,-3.77158,-8.55904,149.981,3.57196,0.438603,158.336,17.6805,-2.01587,150.161,-51.1163,15.8271,149.262,-53.2316,0.602958,-4.39766,61.0492,11.2363,17.5779,-9.72479,-59.5794,27.8141,40.0466,-2.44106,3.42707,11.6395,10.785,238.292,115.707,-59.0958,-310.02,-315.397,4.35993,-957.974,-294.974,169.573,-0.335598,-0.584581,-0.366057,0.699611,0.179694,0.682826,-0.746733,-0.0353407,-0.659816,0.124152,0.0354021,0.89079,0.191839,-0.653278,0.397167,0.451276,-0.642395,-0.235435,0.446809,-0.282857,0.636397
96.8,0,,25.5242,22.8587,-5.25285,4.37778,1.63542,8.86522,25.2858,71.2438,7.60754,-1.70429,-8.71407,-16.5524,-0.329065,-0.742677,4.25384,4.25384,-0.51937,0.51937,3.26803,-3.26803,-3.58831,52.2887,0.470926,2.86577,2.70891,-2.59881,149.384,-4.27644,-0.275571,147.511,21.0804,-6.17734,150.735,-3.98859,-8.43945,149.943,3.58523,0.299047,158.622,19.0708,-1.64371,150.326,-50.7865,15.5363,148.416,-52.2132,0.490406,-19.53,63.9702,-3.90327,16.5819,-51.8032,-49.8123,11.7027,10.2341,4.88213,-13.7083,-0.529067,4.31402,137.235,183.641,-98.1493,-322.732,-448.712,18.5482,-901.289,-359.379,225.133,-0.336135,-0.585046,-0.363357,0.70265,0.176578,0.681348,-0.746529,-0.0347904,-0.659797,0.124704,0.0365018,0.890753,0.188484,-0.649988,0.409988,0.449748,-0.642942,-0.232992,0.442048,-0.276448,0.645004
96.81,0,,24.6185,24.1244,-5.09854,4.12203,1.34603,9.17464,24.6537,71.9616,7.7682,-1.28851,-8.50466,-16.5104,-0.35666,-1.47149,4.15393,4.15393,-0.749838,0.749838,3.43628,-3.43628,-3.58831,51.1609,0.377836,3.01437,2.75187,-3.21017,149.235,-4.19136,-0.499176,147.583,20.2883,-6.12653,150.691,-4.15681,-8.32678,149.921,3.57992,0.205229,158.775,20.4081,-1.27831,150.365,-50.2257,15.293,147.57,-51.0477,0.962053,-29.773,69.3254,-12.7,8.78897,-81.5387,-39.0685,-3.92763,-40.0466,-24.9284,-11.138,-13.7557,42.4212,20.0321,259.72,-131.358,-314.478,-528.268,49.8067,-804.115,-548.407,112.277,-0.336806,-0.585291,-0.361038,0.70572,0.173409,0.679779,-0.746294,-0.0338753,-0.659927,0.125188,0.037172,0.890724,0.185256,-0.646717,0.422396,0.448033,-0.644215,-0.228533,0.434234,-0.274127,0.652632
96.82,0,,23.7064,25.3156,-4.95104,3.79504,1.04868,9.32854,23.971,72.339,7.87249,-0.942249,-8.32973,-16.5681,-0.358729,-2.24189,4.06862,4.06862,-0.973505,0.973505,3.74508,-3.74508,-3.54753,49.8648,0.317601,3.44825,2.9398,-4.0883,149.115,-4.12357,-0.705292,147.703,19.4737,-6.0677,150.686,-4.2998,-8.22309,149.921,3.54277,0.136037,158.797,21.6341,-0.886418,150.266,-49.4269,15.0982,146.538,-49.6913,1.38546,-60.5566,53.2274,-21.4823,-23.4373,-93.7882,-33.2082,11.2218,-71.283,-43.4213,-10.2812,-13.2267,32.7146,-79.0818,332.521,-152.329,-295.411,-525.938,36.1357,-692.365,-571.914,-142.662,-0.337476,-0.58541,-0.359022,0.70889,0.170234,0.678066,-0.746056,-0.0328379,-0.660115,0.125801,0.0374779,0.89062,0.182629,-0.64378,0.434171,0.446202,-0.646169,-0.22188,0.425567,-0.270466,0.662034
96.83,0,,22.7844,26.3869,-4.82112,3.41333,0.769921,9.26469,23.2617,72.3636,7.96269,-0.435082,-8.1703,-17.0287,-0.35804,-3.06311,3.99012,3.99012,-1.18735,1.18735,4.15482,-4.15482,-3.4986,48.1823,0.268318,4.3941,3.23512,-5.24209,149.005,-4.0658,-0.894669,147.83,18.6368,-6.02224,150.697,-4.43774,-8.13323,149.927,3.495,0.0680186,158.594,22.716,-0.531738,149.914,-48.3829,15.0391,145.33,-47.9142,1.43638,-81.0426,62.5097,-6.34281,-35.1559,-100.614,-20.0226,15.1494,-99.5826,-50.3007,-7.71092,-5.29067,-6.47103,-124.528,386.253,-159.652,-285.671,-471.181,24.386,-738.253,-436.664,-224.265,-0.338093,-0.585483,-0.357198,0.712178,0.167119,0.676167,-0.74588,-0.0318006,-0.660244,0.126471,0.0377217,0.890487,0.180798,-0.641157,0.445098,0.444675,-0.648853,-0.212785,0.415309,-0.262651,0.674786
96.84,0,,21.8329,27.3396,-4.70652,2.982,0.545582,8.96017,22.5114,72.0849,8.04302,0.187935,-8.03156,-17.6119,-0.412539,-3.81272,3.91162,3.91162,-1.38658,1.38658,4.51705,-4.51705,-3.45782,46.2133,0.251891,5.43324,3.47407,-6.50704,148.906,-4.00873,-1.0738,147.917,17.7648,-6.00566,150.664,-4.56896,-8.02263,149.954,3.45254,0.0445639,158.133,23.6697,-0.246979,149.288,-47.1273,15.1457,144.072,-45.8314,1.31043,-104.97,53.7142,0,-35.1559,-90.3284,-23.4411,3.4467,-105.011,-75.673,5.99738,-8.7296,20.8511,-124.976,430.648,-142.084,-261.734,-398.448,46.8508,-838.396,-293.042,-158.577,-0.338708,-0.585552,-0.355494,0.71561,0.164131,0.674043,-0.745568,-0.0310068,-0.660482,0.126896,0.0376598,0.890345,0.179511,-0.63894,0.455095,0.443755,-0.652142,-0.201368,0.403219,-0.252821,0.689245
96.85,0,,20.8733,28.2103,-4.59192,2.52776,0.386288,8.45593,21.737,71.5768,8.11348,0.659059,-7.89195,-18.099,-0.524297,-4.42257,3.83379,3.83379,-1.58002,1.58002,4.86741,-4.86741,-3.41705,44.2679,0.251891,6.36282,3.69958,-7.85202,148.813,-3.95409,-1.24869,147.945,16.8747,-6.01101,150.576,-4.69513,-7.90581,149.981,3.41274,0.0293184,157.447,24.5418,-0.0541324,148.453,-45.6953,15.358,142.792,-43.7463,1.222,-115.732,49.3002,-4.39118,-34.1598,-63.9592,-1.95342,5.37044,-90.3273,-53.7034,3.42707,-0.529067,7.90903,-112.269,437.005,-110.835,-227.563,-320.39,71.7541,-841.365,-169.385,-68.003,-0.339314,-0.585605,-0.353841,0.719054,0.161268,0.671809,-0.745199,-0.0305795,-0.660724,0.127267,0.0375392,0.890199,0.178355,-0.637061,0.46426,0.443264,-0.655862,-0.187999,0.390766,-0.24342,0.703464
96.86,0,,19.9103,29.0267,-4.49434,2.06801,0.323898,7.7716,20.9674,70.8516,8.23891,0.886898,-7.78079,-18.3251,-0.709181,-4.88457,3.75597,3.75597,-1.75256,1.75256,5.1762,-5.1762,-3.4252,42.4382,0.290222,7.05052,3.90094,-9.21034,148.73,-3.89874,-1.40634,147.895,15.972,-6.04631,150.417,-4.83812,-7.77862,150.003,3.4207,0.057464,156.563,25.3609,0.0501852,147.52,-44.0888,15.5538,141.524,-41.7669,1.27559,-129.881,39.5635,-5.367,-32.695,-36.0939,12.2089,-2.40467,-68.3462,-21.0079,-4.28384,-0.529067,3.95452,-90.817,435.018,-116.198,-214.852,-244.661,87.8637,-752.559,-58.9304,31.8312,-0.339877,-0.58569,-0.35233,0.722497,0.158575,0.669456,-0.744787,-0.0305191,-0.660921,0.127078,0.0373543,0.890154,0.177075,-0.635541,0.472688,0.442841,-0.659714,-0.172803,0.378377,-0.235608,0.716651
96.87,0,,18.9687,29.8002,-4.38201,1.5684,0.351774,6.97757,20.2147,69.8995,8.38548,0.907494,-7.7084,-18.3046,-0.980297,-5.19412,3.68222,3.68222,-1.92384,1.92384,5.41769,-5.41769,-3.45782,40.6795,0.410691,7.49091,4.03518,-10.4997,148.664,-3.84721,-1.56723,147.775,15.0762,-6.09605,150.181,-4.98952,-7.61618,150.047,3.44989,0.166528,155.559,26.1366,0.105445,146.553,-42.3059,15.6798,140.354,-39.8588,1.41226,-133.296,23.433,-7.31863,-57.1283,-10.7534,32.7198,-4.8895,-36.6649,2.95886,-6.28297,-20.1045,13.6611,-64.9547,412.076,-111.316,-230.452,-180.583,112.767,-657.814,-28.6601,85.3655,-0.340545,-0.585684,-0.350922,0.725815,0.156077,0.667096,-0.744187,-0.0307636,-0.661235,0.126354,0.0366853,0.890152,0.175736,-0.634394,0.480511,0.442044,-0.663738,-0.155955,0.36588,-0.229148,0.728709
96.88,0,,18.0549,30.5372,-4.2589,1.04546,0.460625,6.07059,19.4837,68.7304,8.53628,0.876601,-7.63257,-18.1567,-1.2997,-5.3847,3.61833,3.61833,-2.08605,2.08605,5.52854,-5.52854,-3.49044,38.8287,0.520209,7.76859,4.06471,-11.6602,148.626,-3.80259,-1.72738,147.599,14.1959,-6.15381,149.907,-5.14933,-7.45166,150.091,3.48174,0.27442,154.444,26.8731,0.0930401,145.598,-40.3555,15.7088,139.327,-37.884,1.47122,-135.262,6.84816,-13.1879,-91.8155,13.6521,-0.488356,25.8903,56.1542,8.80262,-28.8445,-14.2848,-12.2231,-62.4881,383.77,-131.84,-263.22,-127.989,144.543,-509.354,0.644048,121.537,-0.341336,-0.585557,-0.349698,0.729003,0.153821,0.664727,-0.743585,-0.0312523,-0.661487,0.125619,0.0360132,0.890137,0.174389,-0.633467,0.487827,0.440749,-0.667807,-0.137578,0.352611,-0.222602,0.740318
96.89,0,,17.1575,31.2488,-4.13182,0.505128,0.581423,5.12104,18.7816,67.3565,8.72372,0.965419,-7.52398,-18.0112,-1.59014,-5.50944,3.56905,3.56905,-2.25228,2.25228,5.56417,-5.56417,-3.52306,36.7072,0.624251,7.98553,4.05397,-12.7117,148.598,-3.77042,-1.89527,147.434,13.3156,-6.21264,149.632,-5.33606,-7.26364,150.113,3.51889,0.374102,153.264,27.5767,0.032705,144.67,-38.2482,15.6517,138.454,-35.6678,1.33187,-136.71,-2.92101,-17.5791,-83.0265,59.5644,-9.27876,27.8141,168.908,14.1286,-37.6978,8.20054,-39.9047,-69.3648,355.96,-164.568,-296.401,-74.2305,160.652,-478.582,51.2018,92.3105,-0.342183,-0.585301,-0.348531,0.732156,0.151741,0.662267,-0.742911,-0.0314964,-0.66179,0.124887,0.035464,0.890201,0.17304,-0.632711,0.494706,0.438737,-0.672022,-0.117924,0.337494,-0.21468,0.752143
96.9,0,,16.2945,31.9416,-4.03084,-0.0169648,0.679654,4.14529,18.0892,65.8051,8.88016,1.08771,-7.4223,-17.8885,-1.80882,-5.56142,3.54084,3.54084,-2.39661,2.39661,5.51468,-5.51468,-3.53122,34.4201,0.728292,8.15149,3.99222,-13.6277,148.598,-3.75451,-2.04517,147.314,12.4562,-6.27094,149.413,-5.51101,-7.07147,150.119,3.5242,0.479649,152.073,28.2506,-0.0738682,143.807,-36.0085,15.5063,137.74,-33.3229,1.01833,-161.621,-31.2549,-22.4582,-84.9601,85.9335,4.88356,-18.0351,249.001,56.1445,-36.2699,-1.5872,-13.3016,-116.231,338.381,-192.861,-322.732,-18.4744,165.012,-483.981,104.336,112.277,-0.342985,-0.584948,-0.347624,0.73526,0.149603,0.659756,-0.742204,-0.0314338,-0.662185,0.124336,0.034731,0.890311,0.171819,-0.631914,0.501295,0.435824,-0.676381,-0.0973583,0.321293,-0.205691,0.763681
96.91,0,,15.4674,32.57,-3.92248,-0.502159,0.682309,3.15972,17.4306,64.0514,8.9774,1.12761,-7.33612,-17.7779,-1.8992,-5.53485,3.51875,3.51875,-2.54094,2.54094,5.41769,-5.41769,-3.47413,32.0883,0.794003,8.299,3.89557,-14.408,148.598,-3.74275,-2.19732,147.308,11.6389,-6.30196,149.309,-5.67587,-6.91041,150.119,3.46316,0.558222,150.855,28.8631,-0.260512,143.033,-33.6455,15.2543,137.152,-30.9642,0.568121,-160.146,-51.28,-16.6032,-70.3118,81.0711,20.9993,-48.3339,263.685,63.4677,-23.4183,-24.8661,15.0991,-166.535,343.744,-212.903,-321.741,45.4371,187.477,-430.535,143.945,131.955,-0.343819,-0.584547,-0.346749,0.738183,0.147283,0.65737,-0.741678,-0.0307634,-0.662512,0.124393,0.0338753,0.890403,0.170969,-0.630896,0.507476,0.431864,-0.680788,-0.0759958,0.304889,-0.195996,0.774523
96.92,0,,14.6765,33.1391,-3.82206,-0.940701,0.58806,2.23145,16.8106,62.1003,9.04787,1.09285,-7.22495,-17.6131,-1.85436,-5.46324,3.50346,3.50346,-2.6767,2.6767,5.30486,-5.30486,-3.36812,29.7091,0.788527,8.37493,3.81234,-15.0527,148.604,-3.73584,-2.34123,147.402,10.8649,-6.31426,149.314,-5.83737,-6.79083,150.097,3.36497,0.564086,149.696,29.4163,-0.483244,142.401,-31.1748,14.8792,136.707,-28.5918,0.0535963,-166.51,-60.0431,-21.4823,-73.2414,82.4737,52.7424,-36.6312,226.575,61.9882,-1.99913,-16.1365,17.6156,-207.496,355.96,-225.107,-309.608,114.175,177.279,-369.261,176.791,82.4717,-0.344617,-0.584128,-0.34596,0.74095,0.144906,0.655069,-0.741393,-0.0294824,-0.662712,0.125066,0.0333874,0.890474,0.170604,-0.629556,0.513399,0.426474,-0.685276,-0.054202,0.288048,-0.186172,0.784425
96.93,0,,13.915,33.6249,-3.72902,-1.30544,0.428766,1.34411,16.2485,59.9445,9.13947,1.03622,-7.0819,-17.3293,-1.72259,-5.34543,3.49395,3.49395,-2.78803,2.78803,5.15047,-5.15047,-3.2621,27.2353,0.717341,8.3131,3.69958,-15.5173,148.609,-3.7303,-2.46315,147.572,10.1259,-6.30249,149.408,-6.01905,-6.69889,150.058,3.25617,0.505449,148.588,29.8878,-0.756726,141.907,-28.6054,14.381,136.422,-26.1664,-0.471647,-175.77,-74.7131,-23.434,-81.0343,68.3541,79.602,-28.295,152.355,86.3989,-2.85589,-15.0784,12.2231,-230.443,395.489,-224.11,-281.214,189.904,164.569,-359.274,163.91,71.7649,-0.345294,-0.583772,-0.345294,0.743515,0.142404,0.652933,-0.741319,-0.0276507,-0.662762,0.126107,0.0333274,0.890502,0.170848,-0.627846,0.518952,0.419635,-0.689728,-0.0320449,0.270348,-0.176529,0.793343
96.94,0,,13.1911,34.0123,-3.64562,-1.60657,0.241596,0.559909,15.7394,57.5791,9.2494,0.886898,-6.93885,-16.8856,-1.54806,-5.22299,3.47933,3.47933,-2.90591,2.90591,5.17224,-5.17224,-3.15608,24.7799,0.646154,8.18077,3.7667,-15.9975,148.609,-3.72719,-2.58057,147.769,9.42335,-6.29608,149.534,-6.21755,-6.61317,150.014,3.14736,0.43743,147.589,30.2598,-1.04769,141.578,-25.9585,13.7597,136.263,-23.7594,-0.929895,-175.77,-62.5097,-24.4098,-79.1008,61.528,79.602,-30.7798,75.1986,84.9934,-11.138,-15.6075,15.4586,-256.381,427.768,-213.866,-274.446,238.337,130.355,-312.037,136.216,88.838,-0.345917,-0.583427,-0.344636,0.74595,0.139961,0.650852,-0.741315,-0.0255142,-0.662758,0.127205,0.0333272,0.890556,0.17176,-0.625821,0.52401,0.411105,-0.694148,-0.0098885,0.252278,-0.167738,0.801088
96.95,0,,12.487,34.295,-3.57754,-1.8479,0.0570803,-0.0933181,15.2714,55.0016,9.40865,0.629453,-6.82338,-16.2686,-1.39215,-5.13752,3.46812,3.46812,-2.9996,2.9996,5.23954,-5.23954,-3.07453,22.3351,0.596871,7.91611,3.86335,-16.391,148.587,-3.72753,-2.67026,147.945,8.74036,-6.28217,149.643,-6.43793,-6.53783,149.965,3.06775,0.390521,146.732,30.5247,-1.30087,141.413,-23.2339,13.0104,136.191,-21.38,-1.30239,-179.212,-64.9439,-34.6702,-51.7378,72.2814,85.9506,-11.2218,46.899,63.0238,-25.9886,-15.0784,-2.51651,-257.352,483.387,-175.294,-262.23,286.603,112.324,-270.468,90.8107,87.9698,-0.346267,-0.583216,-0.344009,0.748212,0.13752,0.648902,-0.741408,-0.0233769,-0.66261,0.127995,0.0333264,0.890657,0.173472,-0.623631,0.528594,0.40077,-0.698449,0.0122074,0.233953,-0.159855,0.807819
96.96,0,,11.8155,34.4868,-3.52422,-2.03705,-0.0942489,-0.607386,14.8564,52.2612,9.58905,0.216254,-6.73203,-15.5471,-1.28522,-5.1098,3.46064,3.46064,-3.07794,3.07794,5.38404,-5.38404,-2.99297,19.9875,0.569492,7.61565,4.00833,-16.7556,148.544,-3.73411,-2.73972,148.071,8.07836,-6.27254,149.72,-6.68858,-6.47423,149.921,2.98548,0.358857,146.035,30.6963,-1.50387,141.407,-20.4687,12.1536,136.169,-19.1064,-1.62933,-169.433,-59.5562,-47.8581,-34.6871,66.858,86.9273,5.85137,59.536,58.5855,-47.979,-18.5173,-5.75202,-274.918,521.526,-157.211,-250.509,323.219,66.8769,-236.727,33.8125,166.969,-0.34639,-0.583094,-0.343399,0.750317,0.135195,0.647044,-0.741614,-0.0213634,-0.662264,0.128733,0.0332057,0.890755,0.175665,-0.621481,0.53255,0.388764,-0.702509,0.0339382,0.216189,-0.15259,0.813608
96.97,0,,11.185,34.6067,-3.47429,-2.17404,-0.217702,-0.96265,14.4801,49.3877,9.74407,-0.513603,-6.64069,-14.8231,-1.22175,-5.1895,3.46676,3.46676,-3.15199,3.15199,5.64137,-5.64137,-2.87065,17.9185,0.547588,7.43342,4.24459,-17.178,148.483,-3.7597,-2.79593,148.153,7.43595,-6.25971,149.742,-6.95606,-6.4058,149.877,2.86341,0.334229,145.514,30.779,-1.64822,141.561,-17.6736,11.1979,136.131,-17.0948,-1.9777,-169.433,-56.6352,-31.7428,-41.484,61.9956,85.4623,-11.7027,74.2197,65.4649,-45.4087,-28.3051,-11.1445,-285.681,556.685,-121.595,-243.658,354.01,38.057,-99.0635,0,252.913,-0.346269,-0.582975,-0.34279,0.752252,0.132944,0.645311,-0.741815,-0.0195327,-0.661853,0.129705,0.0328382,0.890844,0.178044,-0.619583,0.535658,0.375029,-0.706292,0.055119,0.200567,-0.145573,0.818564
96.98,0,,10.5693,34.6281,-3.47089,-2.26099,-0.326553,-1.16238,14.1327,46.3711,9.81313,-1.29495,-6.52521,-14.0174,-1.18726,-5.3385,3.46574,3.46574,-3.18977,3.18977,6.0234,-6.0234,-2.65861,15.847,0.470926,7.21214,4.56676,-17.5937,148.384,-3.78115,-2.80868,148.192,6.81174,-6.25489,149.742,-7.23699,-6.36156,149.839,2.6458,0.262693,145.173,30.7748,-1.69446,141.852,-14.8309,10.1811,136.169,-15.0879,-2.30732,-165.035,-62.0229,-40.5251,-32.2262,82.4737,89.8575,-10.2599,77.1565,67.906,-24.2751,-37.0347,21.9296,-302.723,578.137,-103.031,-252.407,373.982,9.31104,-41.029,-57.9643,229.474,-0.345784,-0.583102,-0.342244,-0.754101,-0.130678,-0.643626,-0.742166,-0.0178843,-0.661229,0.131602,0.0323511,0.890814,0.180488,-0.618248,0.5378,0.35959,-0.709902,0.0758124,0.184767,-0.138804,0.822814
96.99,0,,9.96991,34.5448,-3.46635,-2.31909,-0.426111,-1.21477,13.8504,43.2139,9.83709,-2.20244,-6.31236,-13.2814,-1.15828,-5.5799,3.4552,3.4552,-3.20715,3.20715,6.39949,-6.39949,-2.35687,13.8306,0.295698,7.06896,4.87819,-17.9383,148.269,-3.79118,-2.80193,148.208,6.21412,-6.23243,149.715,-7.55493,-6.31386,149.79,2.34858,0.0949915,145.009,30.6815,-1.65386,142.253,-11.93,9.13337,136.235,-13.1453,-2.73341,-164.052,-72.7657,-46.8679,-41.484,106.412,84.4855,2.96576,63.4516,61.0266,10.8524,-18.5173,23.3676,-309.077,590.85,-99.1119,-268.09,395.452,-8.27648,3.50906,-58.6084,243.653,-0.345121,-0.583422,-0.341642,-0.75573,-0.128488,-0.642136,-0.742571,-0.0161747,-0.660477,0.13453,0.0321676,0.890682,0.182872,-0.617589,0.538849,0.342546,-0.713352,0.096074,0.169628,-0.131357,0.826595
97,0,,9.38528,34.3455,-3.50266,-2.32206,-0.516378,-1.12964,13.6308,39.9112,9.96252,-3.28371,-6.11415,-12.6885,-1.17967,-5.90446,3.44297,3.44297,-3.17693,3.17693,6.69838,-6.69838,-2.12852,11.9168,0.142373,7.04727,5.06344,-18.1339,148.126,-3.78979,-2.75371,148.186,5.6403,-6.21318,149.665,-7.91157,-6.25856,149.757,2.12036,-0.0457367,145.009,30.4897,-1.53262,142.753,-8.96907,8.09529,136.318,-11.3153,-3.29081,-163.588,-67.3781,-47.3702,-59.5892,108.843,97.6712,-7.29418,57.1332,59.1033,55.1188,44.4416,62.5533,-306.61,584.991,-90.3455,-248.528,430.237,-20.0261,81.5182,1.93214,308.473,-0.344134,-0.584014,-0.341082,-0.757254,-0.12629,-0.64073,-0.743,-0.0144047,-0.659624,0.136847,0.0321059,0.890543,0.185257,-0.617605,0.538741,0.323984,-0.716757,0.115848,0.155646,-0.122991,0.829867
97.01,0,,8.799,34.0136,-3.55826,-2.28983,-0.609299,-0.936455,13.4475,36.4408,10.2585,-4.59668,-6.13311,-12.2063,-1.25072,-6.25096,3.42224,3.42224,-3.12554,3.12554,6.97154,-6.97154,-2.04697,10.1633,0.213559,7.11886,5.18694,-18.2206,147.967,-3.7763,-2.687,148.164,5.07906,-6.19606,149.616,-8.29175,-6.20741,149.751,2.04074,0.0304911,145.146,30.1792,-1.35669,143.324,-5.93235,7.11245,136.455,-9.6486,-3.90985,-164.544,-63.9702,-67.3888,-43.9449,112.303,99.6246,-31.2608,45.3862,67.3881,7.42533,-15.0784,-15.4586,-305.638,562.544,-94.7115,-222.693,458.532,-43.4515,141.172,-36.7107,674.821,-0.343041,-0.584757,-0.340538,-0.758742,-0.123965,-0.639355,-0.743499,-0.0125127,-0.658657,0.137034,0.0311913,0.89063,0.187755,-0.61826,0.537384,0.304104,-0.720217,0.135266,0.143074,-0.114447,0.832383
97.02,0,,8.20618,33.5454,-3.63938,-2.18592,-0.699566,-0.684333,13.2834,32.81,10.6207,-6.25463,-6.18482,-11.813,-1.32661,-6.5813,3.38486,3.38486,-3.03839,3.03839,7.26846,-7.26846,-2.03066,8.70426,0.323077,7.27288,5.33191,-18.2606,147.808,-3.74172,-2.58582,148.137,4.53183,-6.17306,149.561,-8.6753,-6.16525,149.746,2.02482,0.131346,145.377,29.7554,-1.17851,143.917,-2.82333,6.22073,136.625,-8.26234,-4.52621,-159.19,-62.9966,-81.0502,-31.7575,117.633,88.3924,-25.4094,39.5126,91.7988,-36.2699,-39.9446,-31.6361,-285.158,534.636,-112.313,-150.883,490.154,-50.7673,424.327,37.9988,773.498,-0.341817,-0.585728,-0.340108,-0.760145,-0.121523,-0.638072,-0.744047,-0.0106205,-0.657618,0.136663,0.0303967,0.890781,0.19032,-0.619365,0.534826,0.283222,-0.723743,0.154429,0.132759,-0.106512,0.83403
97.03,0,,7.59043,32.9398,-3.73015,-2.02306,-0.801779,-0.392918,13.1097,29.0214,10.9082,-7.76454,-6.15638,-11.3621,-1.38249,-6.85157,3.33728,3.33728,-2.92379,2.92379,7.55349,-7.55349,-1.94095,7.03229,0.323077,7.25227,5.46883,-18.1561,147.643,-3.6926,-2.45965,148.115,3.9776,-6.13563,149.517,-9.05885,-6.13414,149.735,1.93194,0.140728,145.662,29.2086,-1.00934,144.521,0.345642,5.424,136.916,-6.68068,-5.05145,-149.903,-56.1484,-80.5623,-25.3708,103.98,90.8342,6.33231,24.9179,69.8292,-11.7092,-3.968,41.3427,-255.857,485.373,-112.313,-88.4004,499.475,-85.4251,654.845,192.892,933.233,-0.340468,-0.586878,-0.339736,-0.761504,-0.118779,-0.636865,-0.744649,-0.00872826,-0.656512,0.137278,0.0299095,0.890814,0.193248,-0.620763,0.531219,0.261612,-0.727215,0.173411,0.120489,-0.0990039,0.835124
97.04,0,,6.96322,32.199,-3.79937,-1.8076,-0.911958,-0.0622121,12.9698,25.107,11.1689,-8.92176,-6.13742,-10.4517,-1.44941,-7.03175,3.27577,3.27577,-2.78828,2.78828,7.80884,-7.80884,-1.80231,4.96861,0.339505,6.62749,5.54938,-17.8649,147.473,-3.62412,-2.31724,148.104,3.42896,-6.06235,149.473,-9.46764,-6.0975,149.735,1.79129,0.164183,145.997,28.5452,-0.859352,145.125,3.54284,4.72225,137.361,-4.72889,-5.09969,-140.124,-55.1747,-86.9195,-40.5465,123.056,110.368,20.5199,7.83134,41.4981,-4.85502,-7.936,49.2517,-250.999,423.299,-101.553,29.797,536.091,-85.4251,691.285,236.366,1101.65,-0.33908,-0.588187,-0.339386,-0.762661,-0.11591,-0.635887,-0.745262,-0.00665303,-0.655354,0.138187,0.0290535,0.890771,0.196484,-0.622412,0.526581,0.239523,-0.730533,0.192034,0.103947,-0.0947302,0.835603
97.05,0,,6.31308,31.3599,-3.89298,-1.53786,-1.00488,0.330706,12.813,21.1087,11.4437,-9.94382,-6.15379,-8.92442,-1.5246,-7.10452,3.21459,3.21459,-2.63615,2.63615,8.00876,-8.00876,-1.67182,2.76559,0.383312,5.29114,5.58965,-17.3514,147.324,-3.55045,-2.16234,148.087,2.86353,-6.00459,149.435,-9.8781,-6.06501,149.746,1.6586,0.218129,146.425,27.7897,-0.727404,145.773,6.74885,4.12131,137.971,-2.63917,-4.46725,-143.566,-56.6352,-85.9437,-8.78897,114.734,75.2068,30.2989,-4.36063,22.9312,0,-23.0144,2.87601,-210.935,366.19,-77.6256,147.499,574.704,-99.6133,1036.52,152.961,1202.06,-0.337725,-0.589509,-0.33919,-0.763947,-0.112676,-0.634792,-0.745895,-0.00457791,-0.654153,0.138865,0.0280171,0.890749,0.199843,-0.624188,0.521031,0.216871,-0.733748,0.209974,0.0845372,-0.0958292,0.835057
97.06,0,,5.62527,30.3958,-4.03537,-1.2185,-1.0832,0.81858,12.6634,17.0661,11.751,-10.8539,-6.13053,-6.95337,-1.58117,-7.1692,3.12589,3.12589,-2.4558,2.4558,8.19681,-8.19681,-1.5495,0.481087,0.388788,3.44825,5.64603,-16.7178,147.187,-3.44391,-1.98496,148.071,2.29111,-5.97571,149.397,-10.3054,-6.03045,149.74,1.54449,0.236892,146.979,26.9441,-0.588126,146.509,9.91959,3.61244,138.674,-0.462084,-3.30957,-147.472,-62.9966,-83.9777,7.32414,119.129,48.8356,26.8522,-24.9179,0,13.1371,-11.1104,11.1445,-144.037,300.739,-37.0939,188.439,562.055,-123.556,1331.01,-25.4399,1400.28,-0.33644,-0.591028,-0.339126,-0.765386,-0.109445,-0.633477,-0.74654,-0.00238043,-0.652909,0.139597,0.0273456,0.890745,0.20326,-0.626199,0.514497,0.193674,-0.736792,0.226818,0.0630524,-0.100896,0.833842
97.07,0,,4.89489,29.3384,-4.16075,-0.853756,-1.14028,1.44725,12.509,13.0752,12.0765,-11.6932,-6.09261,-4.8284,-1.6536,-7.36902,3.00049,3.00049,-2.27596,2.27596,8.4284,-8.4284,-1.45979,-1.7745,0.388788,1.4242,5.75879,-16.142,147.066,-3.30141,-1.81157,148.044,1.70888,-5.9372,149.347,-10.7327,-5.99451,149.74,1.44895,0.240411,147.687,26.0423,-0.451667,147.361,12.9916,3.18694,139.355,1.7035,-1.91607,-152.826,-62.0229,-101.557,-9.78506,115.762,31.7431,53.7044,-27.8546,-33.6571,18.5633,-5.81974,20.4916,-76.6899,238.267,18.5641,97.1496,537.589,-155.258,1646.02,-213.502,1428.35,-0.335351,-0.592694,-0.339014,-0.766779,-0.106148,-0.632187,-0.747171,-0.000244153,-0.651646,0.140264,0.0268565,0.89072,0.206434,-0.628335,0.507112,0.170118,-0.739558,0.242023,0.0410778,-0.107608,0.832482
97.08,0,,4.10882,28.2204,-4.28613,-0.438541,-1.17214,2.25109,12.3377,9.22983,12.4542,-12.2788,-6.06676,-3.05578,-1.78399,-7.7779,2.8445,2.8445,-2.07899,2.07899,8.68572,-8.68572,-1.4027,-4.12736,0.410691,-0.296122,5.87423,-15.6351,146.923,-3.12571,-1.62544,147.972,1.10147,-5.888,149.248,-11.1717,-5.95303,149.74,1.39853,0.266211,148.56,25.1151,-0.29942,148.344,15.8996,2.85933,139.942,3.97484,-0.817343,-136.71,-49.3002,-139.154,-38.5543,103.513,27.3479,71.7394,-31.7703,-53.2596,0,-13.7557,5.39252,-25.4138,115.21,69.8218,-86.4194,484.829,-198.266,2010.69,-207.061,1195.7,-0.334186,-0.594638,-0.338764,-0.76817,-0.102606,-0.630894,-0.747785,0.00164804,-0.650306,0.140509,0.0264293,0.890723,0.209119,-0.630713,0.498992,0.146616,-0.742052,0.255205,0.0189828,-0.111272,0.831518
97.09,0,,3.2769,27.0973,-4.41889,-0.0127236,-1.14426,3.15481,12.1471,5.59167,12.8685,-12.266,-6.00816,-1.88326,-1.98129,-8.31267,2.67764,2.67764,-1.88177,1.88177,9.00243,-9.00243,-1.37824,-6.91136,0.443547,-1.59125,6.04069,-15.2416,146.781,-2.93893,-1.43931,147.835,0.453463,-5.84895,149.078,-11.6327,-5.87492,149.746,1.36934,0.296702,149.515,24.1964,-0.147172,149.382,18.6118,2.72654,140.436,6.66689,-0.233144,-112.782,-39.5635,-148.927,-51.7378,86.8686,21.976,73.7433,-9.25522,-56.6623,-9.13886,-19.5755,-2.87601,10.2403,-38.0393,107.431,-185.55,389.128,-237.284,2063.6,63.4387,1123.06,-0.333027,-0.596653,-0.33846,-0.769695,-0.0988213,-0.629429,-0.748241,0.00329595,-0.648997,0.140574,0.0260638,0.890748,0.211258,-0.633284,0.490452,0.124153,-0.744676,0.266557,-0.0052491,-0.109316,0.831189
97.1,0,,2.40568,26.0172,-4.55504,0.392736,-1.05399,4.11909,11.9372,2.20756,13.2871,-11.7047,-5.90647,-0.951249,-2.24896,-8.88787,2.50092,2.50092,-1.68959,1.68959,9.36863,-9.36863,-1.33746,-10.0792,0.470926,-2.85166,6.2501,-14.9215,146.621,-2.74247,-1.25993,147.616,-0.23093,-5.81847,148.826,-12.1088,-5.75741,149.746,1.33219,0.323675,150.503,23.3317,0.0118415,150.447,21.1265,2.83994,140.854,9.73595,0.230464,-89.3463,-18.5647,-138.667,-52.7338,110.339,14.6507,43.4444,65.4095,-12.7231,-7.42533,-1.5872,12.5826,43.4277,-199.234,93.2676,-58.6034,284.107,-232.924,2107.33,190.316,785.073,-0.331867,-0.598728,-0.338032,-0.771333,-0.0949747,-0.627773,-0.748514,0.00463892,-0.647739,0.140698,0.0256981,0.890764,0.212785,-0.635973,0.48197,0.103215,-0.747717,0.276381,-0.0321676,-0.105109,0.831108
97.11,0,,1.53446,25.0266,-4.66624,0.719309,-0.914613,5.12595,11.7442,-0.870692,13.7325,-10.7535,-5.80392,-0.0781683,-2.56216,-9.5289,2.33236,2.33236,-1.50497,1.50497,9.79618,-9.79618,-1.30484,-13.431,0.514733,-4.16957,6.532,-14.6992,146.479,-2.55431,-1.08604,147.363,-0.929319,-5.76659,148.53,-12.6151,-5.624,149.751,1.29769,0.367066,151.53,22.5422,0.231754,151.556,23.4102,3.14138,141.189,12.9843,0.702111,-50.778,-13.6639,-144.048,-74.2375,134.277,3.90685,68.8538,193.381,16.5696,-2.85589,-7.40694,21.5701,37.0743,-372.05,81.5447,218.731,216.367,-148.459,2135.13,320.414,253.492,-0.330777,-0.600697,-0.337675,-0.772883,-0.0911932,-0.626144,-0.748752,0.00592068,-0.646392,0.140752,0.0252085,0.89078,0.213763,-0.638909,0.473856,0.0837453,-0.750961,0.284502,-0.0604282,-0.100225,0.830979
97.12,0,,0.717283,24.1534,-4.73091,0.931794,-0.763283,6.14753,11.5947,-3.61349,14.2074,-9.4315,-5.68155,0.560407,-2.88225,-10.3143,2.19846,2.19846,-1.34074,1.34074,10.1663,-10.1663,-1.27222,-16.8933,0.569492,-5.19352,6.75751,-14.528,146.347,-2.4004,-0.931645,147.094,-1.60811,-5.68369,148.228,-13.1484,-5.46225,149.762,1.26319,0.418666,152.556,21.8259,0.525535,152.693,25.4329,3.48644,141.365,16.3385,0.836102,1.47499,-7.33499,-140.13,-93.2803,158.215,4.3952,42.4826,304.71,36.0982,-19.4201,-22.4853,-3.59501,17.5654,-527.783,95.2271,488.307,357.006,-332.98,2248.5,794.433,6.36624,-0.329729,-0.602387,-0.337359,-0.774221,-0.0876523,-0.624675,-0.748889,0.00738573,-0.645061,0.140754,0.0246595,0.890792,0.214367,-0.642123,0.466272,0.0657383,-0.753762,0.29097,-0.0885023,-0.0921644,0.831006
97.13,0,,-0.0196516,23.4543,-4.79729,1.01153,-0.586733,6.93992,11.5247,-5.97892,14.7317,-7.77484,-5.53247,1.26633,-3.16441,-11.1113,2.10432,2.10432,-1.19087,1.19087,10.4593,-10.4593,-1.2396,-20.3792,0.602347,-5.96149,6.96961,-14.4858,146.264,-2.28557,-0.788987,146.847,-2.24772,-5.60935,147.954,-13.7203,-5.29289,149.762,1.23135,0.449158,153.369,21.2283,0.837924,153.621,27.1982,3.55041,141.321,19.7041,0.653875,46.872,-16.6173,-97.6535,-101.073,174.298,-7.81369,62.0406,395.482,55.7006,-10.2812,-11.6395,9.34704,3.43834,-691.361,112.794,350.548,308.573,-666.035,2520.59,1217.25,-281.851,-0.328881,-0.60368,-0.337365,-0.775471,-0.0846579,-0.623184,-0.74905,0.00927767,-0.643638,0.140819,0.0242939,0.890816,0.214245,-0.645725,0.459436,0.0497468,-0.754564,0.297016,-0.115666,-0.0815459,0.831267
97.14,0,,-0.656691,22.9319,-4.83587,0.91186,-0.431421,7.675,11.5488,-7.86336,15.2912,-5.72944,-5.37218,2.43645,-3.38999,-11.8066,2.06252,2.06252,-1.06443,1.06443,10.778,-10.778,-1.19882,-23.8072,0.618775,-6.93229,7.2354,-14.4146,146.22,-2.22504,-0.659821,146.661,-2.83974,-5.51736,147.74,-14.3394,-5.12353,149.768,1.18623,0.469094,154.154,20.7281,1.29016,154.506,28.5825,3.40308,141.315,23.0146,0.664594,70.7996,-11.2297,-42.9647,-34.1598,207.493,-27.8363,100.115,452.171,33.6571,-17.9921,-9.78774,13.6611,48.8095,-831.104,202.143,-177.709,21.4703,-123.039,2588.34,1170.88,-1000.37,-0.32814,-0.604519,-0.337662,-0.77646,-0.0823398,-0.621852,-0.749282,0.011841,-0.642102,0.14106,0.023927,0.890793,0.213276,-0.650205,0.453043,0.0355855,-0.754009,0.30092,-0.142766,-0.0725733,0.830717
97.15,0,,-1.22004,22.5685,-4.81828,0.637878,-0.315933,8.69987,11.6743,-9.20516,15.8817,-3.58621,-5.20069,3.23016,-3.51969,-12.4742,2.03125,2.03125,-0.949073,0.949073,11.0096,-11.0096,-1.13358,-26.8988,0.618775,-7.60046,7.47166,-13.9789,146.22,-2.17523,-0.543397,146.546,-3.36598,-5.38097,147.608,-14.9938,-4.95833,149.762,1.1252,0.471439,155.279,20.3318,2.01812,155.774,29.5242,3.61051,141.639,26.0399,0.613677,87.8986,26.8409,-29.7911,-5.85932,214.881,-41.0219,127.448,463.829,72.2703,-9.13886,-3.968,28.7601,135.291,-933.601,237.312,-503.412,-186.076,398.897,2906.31,1085.86,-1483.04,-0.327657,-0.605141,-0.338156,-0.777017,-0.0805094,-0.620942,-0.749577,0.015138,-0.640498,0.141487,0.0236218,0.890793,0.211014,-0.655748,0.446931,0.0224622,-0.75511,0.300249,-0.167485,-0.0633563,0.828026
97.16,0,,-1.73262,22.3363,-4.76722,0.247263,-0.252215,9.70836,11.9372,-9.95006,16.5497,-1.86133,-5.03179,3.4815,-3.57764,-13.0506,1.98707,1.98707,-0.826157,0.826157,11.1897,-11.1897,-1.07649,-29.0992,0.618775,-7.84018,7.67301,-13.4676,146.231,-2.10986,-0.424724,146.496,-3.81945,-5.20929,147.553,-15.7121,-4.79104,149.757,1.06947,0.477303,156.399,20.0414,2.86845,157.065,29.9721,4.06897,142.1,28.2262,0.455568,101.064,89.8374,-67.3888,1.93357,210.953,-26.8596,106.928,392.101,93.722,-10.2812,-10.8459,16.5371,218.783,-962.9,210.462,-726.105,-366.16,380.348,3152.22,1233.35,-2691.76,-0.32729,-0.60581,-0.338704,-0.777201,-0.0789226,-0.620455,-0.749952,0.0192874,-0.638744,0.141854,0.0233168,0.8908,0.20808,-0.661716,0.441673,0.0127573,-0.757382,0.296592,-0.185069,-0.05524,0.824572
97.17,0,,-2.18133,22.2618,-4.74056,-0.174314,-0.2031,10.2535,12.2943,-9.92293,17.2375,0.294775,-4.89218,2.86457,-3.60454,-13.0298,1.96125,1.96125,-0.697196,0.697196,11.3362,-11.3362,-1.00309,-31.1129,0.629727,-7.44318,7.85558,-12.7695,146.264,-2.06005,-0.298056,146.48,-4.22252,-5.05419,147.531,-16.4725,-4.64312,149.751,0.989853,0.492549,157.057,19.891,3.6077,157.834,29.787,4.57977,142.781,30.2608,-0.152749,89.3463,83.0217,-101.557,-19.5115,226.569,13.1856,72.3005,274.453,100.601,-2.85589,-7.936,16.5371,240.235,-920.392,202.143,-689.457,-407.269,167.451,2932.5,1077.49,-4220.82,-0.326927,-0.606365,-0.33944,-0.777343,-0.0773986,-0.620043,-0.750468,0.023866,-0.636753,0.142342,0.0228284,0.890795,0.205822,-0.666723,0.438561,0.0101931,-0.760023,0.291753,-0.200384,-0.0435192,0.819479
97.18,0,,-2.57108,22.3552,-4.71446,-0.570867,-0.12478,10.3698,12.7599,-9.24709,18.0253,4.05476,-4.76895,1.0234,-3.64317,-11.929,1.93678,1.93678,-0.574532,0.574532,11.4549,-11.4549,-0.962319,-34.215,0.668058,-6.01897,8.01935,-11.2534,146.308,-2.01232,-0.178384,146.441,-4.57382,-4.90283,147.504,-17.2917,-4.48759,149.751,0.952701,0.53594,157.277,19.927,4.19075,158.097,29.1433,5.09057,144.242,33.4701,-1.54089,46.872,10.256,-155.27,-41.484,249.011,20.5109,108.371,228.533,76.1908,4.28384,-13.2267,-12.2231,239.712,-849.577,228.029,-256.369,-237.837,41.5302,2033.64,444.393,-3458.89,-0.326677,-0.606842,-0.340227,-0.777374,-0.0760528,-0.619775,-0.751008,0.0287488,-0.634548,0.142399,0.0223395,0.890833,0.205092,-0.669664,0.438812,0.0135509,-0.762816,0.286643,-0.223283,-0.0206925,0.808288
97.19,0,,-2.90025,22.6682,-4.66794,-0.870296,-0.0358411,10.3026,13.3076,-8.07055,18.916,6.88537,-4.62935,-1.60305,-3.69974,-10.8098,1.93576,1.93576,-0.460935,0.460935,11.4965,-11.4965,-0.986784,-36.1026,0.739244,-3.84958,8.09721,-9.90172,146.341,-1.9888,-0.0657073,146.381,-4.88592,-4.73703,147.449,-18.153,-4.29404,149.746,0.976584,0.602786,157.299,20.1887,4.64524,158.086,28.2263,5.55,145.654,35.4839,-3.29885,1.96666,-66.8912,-203.616,-59.5892,244.616,22.4644,120.634,238.767,57.1061,17.7065,13.2267,-16.1776,178.196,-711.921,280.765,216.337,-188.406,-110.328,1116.69,0.644048,-1565.52,-0.32631,-0.607208,-0.340959,-0.777257,-0.0747105,-0.619718,-0.751393,0.0338157,-0.632305,0.141918,0.0219744,0.890938,0.205885,-0.669965,0.442961,0.0200816,-0.765421,0.281143,-0.235185,0.00164807,0.796994
97.2,0,,-3.19502,23.1363,-4.61178,-1.07727,0.0212392,10.0751,13.9397,-6.54622,19.9138,7.15697,-4.48888,-2.83571,-3.74734,-10.0706,1.9242,1.9242,-0.345323,0.345323,11.5935,-11.5935,-1.07649,-35.3113,0.848762,-3.06643,8.19923,-9.41042,146.325,-1.95456,0.0484685,146.304,-5.15044,-4.56107,147.372,-19.0513,-4.07906,149.724,1.06681,0.694259,157.118,20.6423,4.98413,157.79,27.1611,5.79038,146.444,34.7667,-3.54003,-9.28699,-171.399,-241.213,-26.8357,212.917,14.6507,96.6679,254.429,44.9008,-17.7065,-20.1045,-29.1196,72.7283,-488.254,323.738,276.839,-124.494,-245.117,1140.99,-279.195,480.072,-0.32571,-0.607777,-0.341397,-0.776981,-0.0735534,-0.619863,-0.751687,0.0390645,-0.629977,0.140818,0.0217911,0.891177,0.207534,-0.668322,0.449983,0.0286887,-0.766905,0.276022,-0.228888,0.00292977,0.793601
97.21,0,,-3.46523,23.6764,-4.54767,-1.25031,0,9.53318,14.6417,-4.76537,21.0018,6.07056,-4.35617,-0.875485,-3.81909,-8.86246,1.92012,1.92012,-0.229208,0.229208,11.7558,-11.7558,-1.21513,-32.9453,0.985659,-5.39853,8.26366,-9.02804,146.226,-1.92654,0.166892,146.211,-5.39117,-4.3803,147.29,-19.9951,-3.84887,149.718,1.20215,0.811533,156.525,21.1975,5.18318,157.021,25.9408,5.71575,147.263,32.4861,-0.407332,4.88932,-241.698,-230.953,-0.996084,231.431,-22.9527,106.928,247.043,16.1258,-0.856768,0,-7.19003,-55.6861,-272.929,317.859,20.0572,40.9433,-156.736,-65.0526,-499.137,1105.12,-0.324609,-0.608565,-0.341395,-0.776601,-0.0726366,-0.620097,-0.751939,0.0445584,-0.627481,0.139289,0.0216074,0.891398,0.209423,-0.666053,0.458033,0.0404682,-0.766637,0.272229,-0.218881,-0.0266124,0.795931
97.22,0,,-3.73544,24.1382,-4.44668,-1.43735,-0.0610627,8.73097,15.4041,-2.85626,22.1532,2.50752,-4.26052,0.303053,-3.89153,-7.36093,1.90721,1.90721,-0.124931,0.124931,11.9617,-11.9617,-1.36193,-27.9057,1.17184,-6.87046,8.32541,-8.99247,146.072,-1.89161,0.273322,146.118,-5.6221,-4.17813,147.185,-20.991,-3.61177,149.713,1.34811,0.972197,155.592,21.7125,5.25705,155.884,24.5565,5.51414,147.889,27.5319,2.13849,13.193,-289.051,-179.694,38.0855,223.67,39.5568,188.927,247.577,17.6052,12.5659,18.5173,1.79751,-163.545,-112.33,244.634,-115.226,200.223,4.35993,1236.27,166.164,1138.69,-0.323334,-0.609494,-0.341036,-0.776053,-0.0719653,-0.620464,-0.752196,0.050297,-0.624745,0.137456,0.02118,0.891695,0.211379,-0.664106,0.465301,0.0552405,-0.765371,0.269244,-0.186595,-0.0611605,0.798505
97.23,0,,-3.98764,24.4222,-4.34059,-1.62947,-0.13009,7.92385,16.246,-1.04088,23.4159,3.90287,-4.20106,-1.22424,-3.96603,-6.41497,1.88512,1.88512,-0.0319884,0.0319884,12.1972,-12.1972,-1.56581,-27.8032,1.42921,-5.80529,8.39521,-9.0147,145.891,-1.84907,0.367012,145.997,-5.82644,-3.98505,147.059,-22.039,-3.34633,149.691,1.55245,1.19854,154.604,22.0664,5.27847,154.709,23.1016,5.42594,147.927,27.4285,1.08264,42.966,-277.334,-109.866,89.3546,328.586,-7.32534,262.671,279.792,12.7231,0.571179,9.78774,-50.6897,-72.7283,97.6308,58.5802,72.3051,366.659,215.853,5.93841,307.211,-2345.09,-0.321981,-0.610513,-0.340415,-0.775431,-0.0718421,-0.620821,-0.752346,0.0562764,-0.621848,0.134894,0.0205697,0.892128,0.213516,-0.662888,0.470736,0.0709901,-0.764288,0.266075,-0.182993,-0.0532254,0.797465
97.24,0,,-4.18579,24.5004,-4.16643,-1.82372,-0.152657,7.37377,17.1725,0.152926,24.8013,9.29248,-4.1459,-5.81212,-4.03847,-6.53394,1.86031,1.86031,0.0115863,-0.0115863,12.4229,-12.4229,-1.85124,-32.225,1.73585,-2.04574,8.49455,-9.24368,145.721,-1.81448,0.411732,145.843,-5.98879,-3.76898,146.895,-23.1308,-3.04841,149.653,1.83375,1.46357,153.868,22.1968,5.31287,153.852,22.0453,5.60331,147.263,31.7574,-3.73566,115.241,-187.01,-29.7911,162.127,400.867,7.32534,370.64,358.373,13.1669,-8.28209,8.7296,-23.3676,169.899,319.808,-141.122,894.569,464.357,324.187,-3160.05,-803.128,-3608.5,-0.320944,-0.611307,-0.339622,-0.774565,-0.0720852,-0.621422,-0.752361,0.0623813,-0.618808,0.131595,0.0200811,0.892724,0.21571,-0.662451,0.473781,0.0830736,-0.764448,0.263748,-0.204474,-0.003296,0.792383
97.25,0,,-4.32499,24.3692,-3.93836,-2.0256,-0.106196,7.76505,18.2123,0.212123,26.3177,9.63746,-4.09334,-15.2549,-4.11918,-7.66932,1.8338,1.8338,-0.00730443,0.00730443,12.5971,-12.5971,-2.19376,-32.4984,2.10821,7.2642,8.57241,-10.1018,145.6,-1.79131,0.392995,145.673,-6.11055,-3.55451,146.697,-24.2932,-2.69863,149.62,2.17078,1.78256,154.148,22.0283,5.63372,154.121,21.8178,5.82915,146.274,31.9344,-13.6403,287.596,22.4594,-53.713,165.994,456.037,6.34862,513.638,453.595,58.1417,-4.85502,3.43894,-28.4006,434.053,539.999,-193.376,1128.9,-333.039,711.408,-1466.25,2517.58,1768.66,-0.320452,-0.611729,-0.338764,-0.773537,-0.0730017,-0.622101,-0.752164,0.0689113,-0.615623,0.127632,0.0194714,0.893364,0.218457,-0.662391,0.47482,0.083133,-0.765715,0.260874,-0.179817,0.0719025,0.780978
97.26,0,,-4.32171,24.1546,-3.6286,-2.24318,0.0955763,8.66549,19.4016,-0.0295986,27.9892,3.6776,-4.0356,-12.3674,-4.18334,-8.19601,1.84604,1.84604,-0.117375,0.117375,12.6624,-12.6624,-2.61783,-26.4572,2.54081,4.84425,8.68785,-10.6465,145.6,-1.82659,0.290311,145.487,-6.15394,-3.32667,146.467,-25.528,-2.29356,149.576,2.58742,2.14728,155.054,21.6754,6.0555,155.055,21.7049,6.03463,146.411,25.9687,-10.0975,425.781,198.726,-12.7,166.522,557.586,9.27876,577.122,519.004,126.491,-20.5624,-17.4592,-18.6941,519.04,648.952,25.4054,572.745,-634.288,796.906,1767.22,2488.28,-43.4062,-0.320933,-0.611225,-0.338328,-0.772192,-0.0746495,-0.623076,-0.751742,0.0758701,-0.612271,0.122868,0.0189216,0.894137,0.221938,-0.661845,0.475066,0.0780664,-0.767358,0.255379,-0.140933,0.0275275,0.793047
97.27,0,,-4.1907,23.9691,-3.23545,-2.45863,0.51505,8.43137,20.7792,0.355183,29.8115,1.57299,-3.91323,-4.93663,-4.25646,-6.09041,1.86099,1.86099,-0.313839,0.313839,12.5872,-12.5872,-3.09084,-23.4813,2.9734,-2.4026,8.83283,-9.1392,145.765,-1.88469,0.0994354,145.24,-6.10355,-3.08065,146.165,-26.8586,-1.8325,149.51,3.05448,2.4991,154.862,21.4582,5.93088,154.824,21.1036,5.89506,148.411,23.1663,-1.54357,465.333,325.206,79.0986,95.2139,655.302,40.0452,624.013,681.148,120.574,-21.9904,-19.0464,12.5826,633.327,606.94,357.91,-131.321,-549.239,248.073,2203.69,-1070.41,588.877,-0.322653,-0.609904,-0.33834,-0.770553,-0.0767257,-0.624426,-0.751139,0.0831343,-0.608553,0.1178,0.0187381,0.894973,0.225476,-0.660314,0.475673,0.0825877,-0.766424,0.252769,-0.142037,-0.0457789,0.794355
97.28,0,,-4.02858,23.7647,-2.80088,-2.55745,1.18807,7.18549,22.3787,1.30974,31.8211,1.52021,-3.63316,-4.05393,-4.38271,-4.40062,1.77807,1.77807,-0.555893,0.555893,12.3892,-12.3892,-3.62908,-22.2904,3.36767,-3.57841,8.99928,-8.75015,146.056,-1.85599,-0.161395,144.872,-5.9454,-2.83997,145.704,-28.302,-1.25047,149.433,3.58523,2.80166,153.703,21.4296,5.23618,153.567,20.1266,5.76227,149.009,22.0168,0.0107193,425.781,362.303,159.661,50.8003,765.173,86.9273,700.161,942.875,167.99,-39.9825,-36.5056,49.2517,889.633,200.228,478.026,-0.990481,84.8824,-50.3239,630.282,-993.122,-1165.6,-0.325699,-0.608488,-0.338456,-0.76877,-0.0791049,-0.626064,-0.750098,0.0905806,-0.604522,0.112495,0.0192273,0.895811,0.228281,-0.657559,0.476644,0.0960735,-0.764559,0.253002,-0.13752,-0.0609774,0.792767
97.29,0,,-3.77966,23.66,-2.34078,-2.50189,1.9779,5.92324,24.2026,2.61208,33.9535,1.57299,-3.27725,-8.22692,-4.49102,-3.87162,1.63194,1.63194,-0.827164,0.827164,12.0943,-12.0943,-4.20811,-21.1757,3.75646,0.137756,9.155,-9.46377,146.446,-1.76917,-0.466697,144.493,-5.64309,-2.61588,145.199,-29.8227,-0.594474,149.368,4.15579,3.08547,152.611,21.561,4.35766,152.364,18.961,5.84466,148.411,20.8743,-3.78122,316.905,311.023,154.294,65.9173,883.834,68.3698,745.128,1041.48,244.624,-17.7065,-18.5173,113.602,1086.89,-449.718,496.591,310.02,463.358,-224.13,-2.96921,1142.54,1801.65,-0.329671,-0.60697,-0.338704,-0.766762,-0.0819743,-0.628083,-0.748752,0.0985152,-0.600247,0.107,0.0200205,0.896587,0.229442,-0.653778,0.478111,0.110783,-0.763459,0.251719,-0.117313,-0.0354625,0.793053
97.3,0,,-3.34568,23.9805,-1.85912,-2.51843,2.83145,4.77068,26.287,4.34113,36.1844,1.86133,-2.95754,-6.51683,-4.58829,-2.39204,1.4977,1.4977,-1.0939,1.0939,11.7063,-11.7063,-4.80344,-20.0874,4.18357,-1.91015,9.27044,-9.03471,146.923,-1.68823,-0.767251,144.131,-5.15744,-2.37681,144.678,-31.4208,0.0829498,149.335,4.74227,3.41031,151.733,22.0675,3.63364,151.353,17.7442,5.92801,149.026,19.8259,-1.37742,161.129,171.885,194.331,118.651,942.37,76.1835,929.166,1059.1,289.081,67.3991,6.3488,78.0118,825.65,-857.92,350.106,261.734,667.409,-364.756,-1282.16,-2270.91,1989.16,-0.334067,-0.605142,-0.3395,-0.76426,-0.0853315,-0.63083,-0.747351,0.107,-0.595488,0.101203,0.0205701,0.897273,0.227305,-0.650421,0.481284,0.124458,-0.762251,0.249099,-0.116033,-0.0571924,0.791965
97.31,0,,-2.72502,24.7856,-1.34739,-2.88784,3.685,3.81949,28.7309,6.53142,38.5887,-0.167339,-2.65248,-3.35282,-4.70625,-1.35137,1.37127,1.37127,-1.31505,1.31505,11.3164,-11.3164,-5.41508,-16.6961,4.64902,-5.05143,9.35904,-9.22812,147.396,-1.6028,-1.02034,143.747,-4.47025,-2.08693,144.085,-33.1704,0.798392,149.313,5.34202,3.76682,151.074,23.0064,3.40583,150.507,16.5027,6.05014,149.086,16.4741,2.2966,45.397,20.0252,252.923,181.639,910.671,129.414,996.096,1005.35,332.502,-141.652,-60.5782,-75.1358,254.362,-561.551,10.2447,-123.067,502.471,-596.202,1866.28,-2694.7,-797.227,-0.338153,-0.603488,-0.340473,-0.761061,-0.0889299,-0.634594,-0.745939,0.116093,-0.589805,0.0951582,0.020936,0.89793,0.221024,-0.649827,0.485936,0.137215,-0.761154,0.245437,-0.0998588,-0.097112,0.793254
97.32,0,,-1.95861,25.6045,-0.764753,-3.52487,4.51067,3.20392,31.5126,8.82285,40.5998,-0.776197,-2.12078,-5.78566,-4.84837,-1.51654,1.20747,1.20747,-1.45912,1.45912,10.9898,-10.9898,-5.48848,-14.8191,4.8133,-2.80502,9.47717,-10.1707,147.775,-1.46341,-1.20247,143.303,-3.56472,-1.69329,143.323,-35.0427,1.60923,149.247,5.41367,3.9099,150.712,23.9717,3.63646,149.898,15.1906,6.32832,148.251,14.5798,0.131311,-32.2313,-166.498,202.64,192.361,809.589,228.021,1078.1,990.219,332.059,-675.419,-102.904,364.175,-281.271,140.139,-342.783,-326.198,167.934,-375.028,1404.16,420.563,-3029.17,-0.34157,-0.602569,-0.341204,-0.756868,-0.0924722,-0.639737,-0.744282,0.125308,-0.583328,0.093938,0.0203258,0.898362,0.213573,-0.65189,0.489955,0.149118,-0.760852,0.239944,-0.0776985,-0.0866708,0.796273
97.33,0,,-1.03662,26.1711,-0.112897,-4.06223,5.29785,2.71277,34.5355,10.8578,41.3496,0.859867,-1.40121,-10.1835,-5.09534,-1.68402,1.01376,1.01376,-1.55433,1.55433,10.7859,-10.7859,-4.24888,-15.2423,4.52856,1.02504,9.66241,-10.7465,148.022,-1.28667,-1.33713,142.743,-2.44646,-1.23012,142.335,-36.9335,2.53619,149.121,4.18764,3.81608,150.355,24.7241,3.84058,149.305,13.9245,6.66853,147.68,14.9683,-3.93397,-82.5176,-349.126,159.173,192.889,674.845,325.693,1081.06,1012.2,305.207,-616.302,49.7323,583.83,-618.677,874.506,-777.356,-271.474,75.2291,-373.993,-999.003,1724.76,2116.77,-0.344135,-0.602388,-0.341327,-0.751799,-0.0958289,-0.646082,-0.742286,0.133796,-0.576384,0.103214,0.0151983,0.89835,0.206802,-0.654649,0.49204,0.160775,-0.760721,0.23457,-0.0687908,-0.053348,0.797351
97.34,0,,0.0540419,26.3982,0.508322,-4.2323,5.86998,2.02353,37.638,12.3401,40.4279,0.566379,-0.836764,-10.8245,-5.27125,-0.94365,0.81087,0.81087,-1.56592,1.56592,10.7839,-10.7839,-1.44348,-13.8516,3.98097,1.47844,10.0436,-10.9955,148.044,-1.08952,-1.3866,142.172,-1.11966,-0.768023,141.227,-38.6881,3.5226,148.776,1.42507,3.7293,149.592,25.1882,3.65168,148.404,12.9175,6.86335,147.51,13.5913,-4.16979,-90.3296,-397.453,190.428,100.077,524.858,322.762,1046.35,927.746,126.491,157.645,541.5,898.754,-960.418,1529.32,-821.772,-162.604,288.101,-466.291,-251.843,1395.65,896.482,-0.345117,-0.603253,-0.3406,-0.746069,-0.0992481,-0.65323,-0.740037,0.141183,-0.569677,0.123541,0.00286879,0.898298,0.202101,-0.65654,0.492405,0.172685,-0.759472,0.232505,-0.0568264,-0.0557887,0.79795
97.35,0,,1.33303,26.1496,1.06714,-4.21576,6.11954,1.37194,40.8033,13.1615,38.0814,0.272892,0.934143,-9.19139,-4.86354,0.377691,0.627354,0.627354,-1.53645,1.53645,10.9363,-10.9363,2.65045,-12.5214,1.7249,-0.297207,10.9887,-10.6754,147.884,-0.907586,-1.3896,141.734,0.387683,-0.365827,140.228,-40.3216,4.42399,147.822,-2.59803,2.23171,148.719,25.1617,3.32463,147.47,12.0781,7.04364,147.889,12.3016,-2.0581,-67.8769,-366.685,196.283,-25.3708,338.872,287.112,797.871,817.396,21.4518,-505.493,217.711,1525.72,-1089.36,1616.22,-396.001,-76.1845,626.965,-248.073,229.439,-147.487,627.943,-0.344868,-0.604709,-0.339191,-0.739914,-0.102973,-0.660746,-0.738039,0.148328,-0.563097,0.159676,-0.00427268,0.897629,0.200816,-0.658297,0.490259,0.183785,-0.75809,0.231639,-0.052675,-0.0765405,0.796656
97.36,0,,2.75614,25.3282,1.48469,-4.23358,6.14211,1.06743,43.9975,13.3638,33.9084,0.0772335,2.27762,-7.26364,-4.74075,1.54657,0.465248,0.465248,-1.51831,1.51831,11.1976,-11.1976,8.53038,-11.2937,-0.733768,-2.38308,11.5793,-10.1907,147.621,-0.750903,-1.39909,141.41,2.00279,-0.1305,139.372,-41.8675,5.25902,147.11,-8.35935,0.993307,148.138,24.5153,3.18197,146.855,11.2369,7.31794,148.432,11.113,0.359095,-55.1756,-265.131,161.139,-15.117,148.958,139.141,649.422,651.87,-153.343,-2109.93,-392.039,114.321,-596.178,1065.4,-71.3,-47.8732,865.302,-134.788,278.296,-377.09,-99.2554,-0.344025,-0.606316,-0.337249,-0.73399,-0.107428,-0.667702,-0.73618,0.155647,-0.556728,0.206915,-0.0211188,0.893459,0.203323,-0.66106,0.484594,0.193,-0.757535,0.229012,-0.0505388,-0.0994296,0.794033
97.37,0,,4.28732,24.2909,1.76438,-4.28277,5.90715,1.16238,47.2158,13.3292,29.1519,0.0244573,3.39445,-6.6888,-4.62071,2.31581,0.327611,0.327611,-1.54627,1.54627,11.4886,-11.4886,14.9812,-10.2132,-3.26363,-3.11199,11.8585,-9.69498,147.313,-0.629153,-1.45006,141.284,3.66829,-0.0668544,138.78,-43.3816,5.96409,146.54,-14.6541,-0.116101,147.929,23.5934,3.20791,146.619,10.3587,7.64749,148.954,10.0647,1.37474,-37.585,-126.48,168.458,155.272,-21.5068,-58.1143,521.494,409.632,-99.6398,-1097.23,-244.693,1047.95,225.585,267.566,-41.013,-79.0734,926.217,-69.3155,360.894,138.148,-137.163,-0.343033,-0.607754,-0.334915,-0.728476,-0.112796,-0.673787,-0.734619,0.163954,-0.550461,0.256909,-0.0409565,0.886089,0.206249,-0.664953,0.476283,0.200029,-0.757755,0.22414,-0.0455949,-0.110661,0.79086
97.38,0,,5.87255,23.4606,1.93174,-4.43461,5.50493,1.63225,50.3666,13.4254,23.6696,0.281902,5.37304,-6.61785,-4.40892,2.59879,0.242309,0.242309,-1.64274,1.64274,11.7439,-11.7439,22.1007,-9.50082,-6.96532,-3.36039,11.8585,-9.2548,147.022,-0.571738,-1.55924,141.333,5.30999,-0.145475,138.489,-44.8552,6.45419,145.991,-21.6096,-2.19536,148.116,22.7913,3.42895,146.729,9.46813,7.99739,149.377,9.37502,1.81959,-3.906,-6.84816,221.195,473.608,-188.511,-206.534,464.823,186.973,17.0874,-1158.64,714.24,1828.07,739.243,-463.424,-110.835,-67.8479,896.425,-1.92132,68.8316,74.7095,-132.244,-0.342241,-0.608612,-0.332536,-0.723506,-0.119211,-0.678764,-0.733676,0.17292,-0.544092,0.315025,-0.0559732,0.874268,0.206492,-0.6702,0.466943,0.204779,-0.758628,0.217352,-0.0418119,-0.11628,0.788201
97.39,0,,7.37754,22.9622,2.01797,-4.65303,5.03369,2.41154,53.3557,13.7954,17.6884,0.382306,5.62037,-6.19574,-4.84078,2.60341,0.189294,0.189294,-1.77901,1.77901,11.93,-11.93,29.628,-8.67009,-9.09544,-3.90707,10.8464,-8.78795,146.775,-0.55306,-1.70164,141.487,6.82154,-0.298438,138.429,-46.307,6.73414,146.271,-29.0481,-2.98696,148.659,22.2593,3.80167,147.152,8.57934,8.36183,149.811,8.5681,2.57262,43.9493,67.8649,220.219,755.383,-319.796,-389.667,393.084,194.804,-99.122,-1320.85,276.967,1146.81,624.507,-838.354,-348.628,4.86986,721.168,91.3368,-32.1214,92.7429,369.531,-0.341771,-0.60901,-0.330356,-0.719171,-0.126169,-0.682608,-0.733369,0.182198,-0.537438,0.368921,-0.0846615,0.856747,0.204177,-0.675706,0.458528,0.207469,-0.76011,0.208934,-0.0380879,-0.124762,0.785318
97.4,0,,8.75151,22.7224,2.12066,-4.874,4.2558,3.37582,56.1784,14.417,11.4339,0.0643613,4.74741,-5.31905,-5.37266,2.41399,0.147493,0.147493,-1.94953,1.94953,12.031,-12.031,37.2776,-7.43451,-10.0647,-4.8052,9.13889,-8.35889,146.594,-0.550639,-1.87603,142.008,8.19032,-0.387755,138.879,-47.7621,6.65741,147.192,-36.7254,-3.17225,149.449,21.9509,4.21387,147.778,7.66233,8.72046,150.19,7.35427,3.71958,109.368,142.578,190.916,662.571,-478.011,-408.672,312.527,212.87,-462.397,-1428.23,-381.722,1077.79,289.568,-655.309,-531.725,132.312,520.945,167.451,-33.741,32.8464,377.923,-0.341753,-0.609039,-0.328385,-0.715126,-0.133491,-0.685767,-0.733914,0.192939,-0.530598,0.419269,-0.12116,0.833656,0.202894,-0.678756,0.454071,0.208875,-0.761889,0.199292,-0.0323494,-0.13776,0.782184
97.41,0,,10.0944,22.5748,2.26873,-5.04068,2.76906,4.35648,58.9287,15.1471,5.16095,-0.556081,4.39926,-4.37743,-5.21399,2.03052,0.106711,0.106711,-2.12055,2.12055,12.0587,-12.0587,44.7804,-5.91764,-11.2913,-5.6838,7.22198,-8.08322,146.484,-0.54718,-2.05167,143.308,9.53812,-0.277044,140.415,-49.2189,5.82169,148.414,-44.3311,-4.17845,150.322,21.7305,4.57419,148.481,6.72945,9.02481,150.41,5.85996,4.84778,105.954,199.7,176.264,395.035,-511.674,-310.554,124.482,-119.161,-587.926,-1526.48,-595.729,1102.59,70.3365,-100.61,-387.681,139.163,296.922,147.425,-17.0055,-208.994,302.107,-0.342119,-0.608856,-0.326799,-0.710782,-0.141729,-0.688809,-0.736131,0.206739,-0.523532,0.469696,-0.152903,0.806571,0.204851,-0.6784,0.454077,0.209664,-0.76352,0.189156,-0.024232,-0.151618,0.779331
97.42,0,,11.4127,22.3805,2.3334,-5.08691,0.961073,5.20453,61.5391,15.8426,-0.266362,-0.947398,4.98698,-3.59935,-4.45583,1.56159,0.0604924,0.0604924,-2.2611,2.2611,12.0428,-12.0428,51.2965,-4.66628,-12.8738,-6.45719,5.50642,-7.91427,146.429,-0.530924,-2.19882,145.004,10.8747,-0.0898523,142.659,-50.5698,4.40533,149.696,-50.9682,-6.04193,151.113,21.4921,4.78282,149.129,5.81067,9.29911,150.519,4.62084,5.81252,47.3636,226.087,183.109,331.051,-359.817,-112.322,13.7066,-398.953,-609.896,-108.81,768.999,3079.49,-34.1592,404.329,-108.394,60.5844,69.9032,16.6269,217.292,-275.975,166.39,-0.342665,-0.608667,-0.325636,-0.706658,-0.15089,-0.691215,-0.739418,0.221508,-0.516384,0.514872,-0.175002,0.780335,0.208991,-0.675865,0.45607,0.210639,-0.764916,0.179388,-0.0175793,-0.163341,0.777031
97.43,0,,12.6343,22.0587,2.2466,-5.03559,-0.639831,5.78408,63.9009,16.4174,-9.29873,-0.822537,6.70963,-3.64866,-3.59212,1.08918,-0.0295665,-0.0295665,-2.33188,2.33188,11.9933,-11.9933,61.2051,-4.01432,-15.5953,-6.51034,3.4687,-7.84535,146.413,-0.455522,-2.28701,146.551,12.1693,0.0449261,144.826,-51.6901,3.0332,151.226,-61.0126,-9.31621,151.689,21.2102,4.83977,149.59,4.96949,9.5453,150.53,3.97714,5.96259,14.149,187.497,145.512,388.648,-168.968,-22.4644,-57.632,-474.152,-494.648,3112.93,-93.6449,475.98,-105.467,643.092,36.1313,-41.5176,-111.346,-71.3107,330.662,-141.046,-77.5524,-0.343281,-0.60886,-0.324847,-0.703106,-0.160227,-0.69279,-0.742055,0.234696,-0.51035,0.580213,-0.204594,0.739091,0.213333,-0.673143,0.457552,0.212353,-0.765912,0.171091,-0.0129399,-0.166632,0.776151
97.44,0,,13.7774,21.5956,2.07697,-4.98003,-1.72037,5.99528,66.0119,16.7676,-13.156,-0.298636,10.9598,-4.09843,-1.69017,0.826993,-0.137977,-0.137977,-2.3417,2.3417,11.9003,-11.9003,66.0085,-3.86973,-19.8556,-6.28798,3.66737,-7.78088,146.446,-0.347608,-2.31999,147.643,13.4219,0.102153,146.401,-52.5699,2.05163,149.379,-65.7496,-11.6769,151.936,20.8478,4.79466,149.772,4.26939,9.80991,150.536,3.83231,5.76428,13.6846,100.58,115.72,348.161,-92.7596,-11.7205,-90.8165,-492.217,-260.75,1198.62,2475.5,2685.12,-120.118,663.055,34.6531,-92.775,-176.256,-173.806,2.96921,64.0828,27.2012,-0.343964,-0.609247,-0.324553,0.699863,0.169198,0.693942,-0.743561,0.244761,-0.505636,0.616055,-0.199594,0.724519,0.217115,-0.67155,0.457182,0.215224,-0.766652,0.165111,-0.0111699,-0.165534,0.77603
97.45,0,,14.9188,20.9861,1.87671,-4.94525,-2.28587,5.92161,67.9275,16.8934,-10.6052,0.244573,9.35177,-4.40148,0.144872,0.836234,-0.244349,-0.244349,-2.28881,2.28881,11.7717,-11.7717,64.3286,-3.80401,-17.6707,-6.28472,5.2997,-7.65639,146.506,-0.227588,-2.29051,148.263,14.6858,0.108037,147.213,-53.2294,1.6666,146.189,-63.823,-6.796,151.941,20.3678,4.71459,149.728,3.67686,10.121,150.596,3.77024,5.77768,33.2146,30.2812,101.069,226.052,-63.9592,-4.3952,-154.3,-447.276,-94.2398,-1115.23,1873.16,2763.13,-81.5484,559.068,-29.7714,-16.0953,-109.848,-202.183,-55.0653,34.1345,25.465,-0.344513,-0.609795,-0.324736,0.696434,0.177923,0.695152,-0.743567,0.25166,-0.502711,0.595014,-0.208572,0.737603,0.220293,-0.671499,0.454563,0.219072,-0.767331,0.160901,-0.0108039,-0.165843,0.775622
97.46,0,,16.0275,20.258,1.59191,-4.89478,-2.48764,5.66457,69.6187,16.886,-9.0084,0.554794,4.80428,-4.43876,0.454621,1.0118,-0.352419,-0.352419,-2.16992,2.16992,11.6153,-11.6153,63.1868,-3.51746,-12.6602,-6.5136,5.58965,-7.52522,146.594,-0.0916579,-2.19632,148.548,15.9398,0.0181844,147.52,-53.6668,1.68319,145.959,-62.65,-1.75207,151.799,19.7966,4.61197,149.563,3.12489,10.4225,150.657,3.48747,6.0537,61.5126,11.7165,79.5865,132.831,-2.4312,16.1157,-282.229,-460.002,-17.0874,-1164.63,323.789,1477.55,-15.622,436.508,-124.036,75.194,79.0572,-175.801,-48.8569,-23.5077,67.4243,-0.344868,-0.610568,-0.325335,0.693169,0.186294,0.696099,-0.742663,0.25612,-0.501437,0.570966,-0.237811,0.740535,0.222669,-0.672767,0.449915,0.223525,-0.767751,0.157603,-0.00952204,-0.168955,0.774825
97.47,0,,17.1002,19.4643,1.21804,-4.83498,-2.50755,5.30767,71.0782,16.8145,-7.30171,0.687378,2.05356,-4.39066,0.918899,1.23125,-0.469326,-0.469326,-1.99285,1.99285,11.4253,-11.4253,61.7352,-3.06792,-9.45137,-6.74138,6.14271,-7.42074,146.698,0.0653711,-2.04642,148.696,17.177,-0.149219,147.685,-53.8838,1.79586,145.312,-61.1321,1.80953,151.59,19.1831,4.52569,149.349,2.59408,10.6629,150.684,3.04148,6.3458,53.2363,34.1759,57.1284,123.514,54.2344,33.2082,-352.525,-353.033,0,-1214.9,233.848,-3.59501,19.5088,312.061,-176.772,68.3432,289.1,-139.666,58.5743,-59.5744,63.373,-0.345114,-0.611549,-0.326314,0.690175,0.193496,0.696889,-0.741662,0.258919,-0.501359,0.550367,-0.253302,0.746295,0.224135,-0.675091,0.443815,0.228049,-0.767773,0.154739,-0.00695841,-0.172739,0.77397
97.48,0,,18.1417,18.6479,0.795388,-4.79511,-2.45844,5.00152,72.2676,16.6911,-5.743,0.92809,1.93292,-4.46401,1.61773,1.33636,-0.583514,-0.583514,-1.80243,1.80243,10.9581,-10.9581,60.1857,-2.77085,-8.68475,-6.79562,6.76557,-7.06726,146.819,0.230355,-1.88028,148.795,18.396,-0.369036,147.899,-53.8518,1.81522,144.353,-59.492,2.92949,151.453,18.5494,4.49919,149.206,2.08973,10.8451,150.695,2.74952,6.45567,14.149,72.7657,78.6107,197.752,75.1801,48.8356,-483.42,-278.279,-13.1669,-1498.49,726.938,167.168,9.79179,213.834,-204.102,15.1048,478.504,-101.091,124.977,-41.5411,-59.0324,-0.345359,-0.612587,-0.327413,0.687425,0.198805,0.69774,-0.741094,0.260216,-0.502303,0.538707,-0.250066,0.755141,0.224867,-0.67814,0.436793,0.231823,-0.767676,0.151741,-0.00500516,-0.17457,0.77348
97.49,0,,19.198,17.8112,0.378405,-4.79978,-2.25932,4.82962,73.2109,16.5086,-4.89036,1.32584,2.8886,-4.62636,2.09512,1.26706,-0.707557,-0.707557,-1.60395,1.60395,10.7087,-10.7087,59.0684,-2.6841,-9.34733,-6.76741,7.26225,-6.93165,146.956,0.397415,-1.70739,148.757,19.6263,-0.629501,148.019,-53.5591,1.81107,143.739,-58.3085,2.5636,151.475,17.8818,4.57306,149.222,1.60653,10.9992,150.723,2.66446,6.44227,-5.38099,109.863,78.1228,272.927,63.9592,36.6267,-509.31,-116.224,8.28482,-1195.76,1232.46,44.9377,31.7673,160.202,-178.216,-23.4414,560.557,-63.9949,4.31885,19.6435,-55.2705,-0.345655,-0.613609,-0.328625,0.6845,0.202286,0.699028,-0.740937,0.25941,-0.504233,0.534526,-0.239948,0.762205,0.225301,-0.681702,0.429177,0.234395,-0.767765,0.148145,-0.00433378,-0.174755,0.773244
97.5,0,,20.2903,16.9948,0.0340394,-4.85831,-1.89825,4.8509,73.8937,16.3039,-4.55071,1.68627,2.85758,-4.70333,2.0013,1.01873,-0.825484,-0.825484,-1.41983,1.41983,10.6394,-10.6394,58.1632,-2.60786,-9.29257,-6.81948,7.37501,-6.97167,147.099,0.548909,-1.54799,148.559,20.8733,-0.899592,147.943,-52.9871,1.88227,143.953,-57.4062,2.38534,151.7,17.1994,4.74955,149.431,1.13039,11.1485,150.761,2.58629,6.50391,-19.53,119.632,72.7558,283.181,47.4084,19.0459,-507.306,13.7048,18.5669,-1061.54,1166.59,497.191,88.8736,169.935,-131.84,-29.3017,497.478,-63.9949,-18.625,-8.37262,42.8274,-0.346028,-0.614476,-0.329853,0.681069,0.20454,0.700907,-0.740933,0.256174,-0.507404,0.529458,-0.236102,0.765804,0.225407,-0.685622,0.421212,0.235606,-0.768224,0.143622,-0.00396739,-0.175481,0.772908
97.51,0,,21.3793,16.1721,-0.22693,-4.95713,-1.41506,5.08338,74.3062,16.1066,-4.32099,1.96946,1.55374,-4.72979,1.34524,0.580974,-0.958703,-0.958703,-1.2551,1.2551,10.5682,-10.5682,57.0459,-2.46853,-8.00574,-6.89432,7.07432,-7.01168,147.253,0.712164,-1.40958,148.225,22.1217,-1.17396,147.674,-52.1393,2.05232,144.967,-56.3792,2.74889,152.134,16.5021,5.00499,149.843,0.63309,11.2861,150.799,2.45066,6.59234,-39.06,97.6593,87.8953,238.767,17.5794,0.488356,-503.378,100.117,20.4901,-913.029,656.837,299.465,106.439,201.618,-125.48,-5.3651,353.011,-16.6269,4.31885,-29.3042,24.8862,-0.346575,-0.615326,-0.330949,0.677113,0.205887,0.703299,-0.740892,0.250687,-0.511935,0.519866,-0.239211,0.7675,0.225414,-0.68961,0.413168,0.235544,-0.769011,0.137945,-0.00323488,-0.176637,0.772465
97.52,0,,22.4667,15.3481,-0.423791,-5.05001,-0.872134,5.38298,74.4992,15.9216,-3.839,2.22819,0.28007,-4.78751,0.530506,0.0427357,-1.10246,-1.10246,-1.11405,1.11405,10.4177,-10.4177,55.4393,-2.31868,-6.66415,-6.91385,6.69577,-7.01168,147.423,0.882682,-1.29516,147.835,23.3687,-1.45743,147.334,-51.0677,2.26107,146.15,-54.8771,2.94474,152.65,15.807,5.24295,150.337,0.125207,11.4073,150.821,2.30123,6.62986,-26.8503,83.5086,83.9777,172.85,-21.0392,-7.81369,-495.122,87.9245,26.8517,-961.294,452.617,287.601,94.2553,208.471,-124.517,49.2764,180.25,-2.95588,5.39856,-9.33869,-4.91937,-0.347381,-0.616081,-0.331999,0.672776,0.206557,0.705981,-0.740773,0.243669,-0.517613,0.507711,-0.239756,0.770722,0.225416,-0.693278,0.405236,0.234933,-0.769865,0.13178,-0.00219735,-0.177436,0.772125
97.53,0,,23.5426,14.5304,-0.571295,-5.14501,-0.350447,5.65639,74.4823,15.7021,-3.37251,2.48949,-0.364522,-4.84403,-0.298711,-0.481643,-1.23534,-1.23534,-0.996426,0.996426,10.1267,-10.1267,53.6533,-2.19775,-5.79348,-6.92795,6.24741,-6.88052,147.61,1.04075,-1.19822,147.467,24.5878,-1.72859,147.01,-49.8144,2.4643,147.269,-53.1947,2.61989,153.144,15.1066,5.44876,150.826,-0.35446,11.5187,150.849,2.18168,6.6647,-32.723,63.4834,96.1898,142.088,-72.7489,-13.674,-458.972,45.9201,13.6847,-966.72,409.762,655.371,98.6654,179.669,-97.1523,75.194,20.4716,25.864,-5.93841,6.44048,-10.7069,-0.348339,-0.616658,-0.333079,0.668193,0.206495,0.708845,-0.740533,0.235735,-0.52427,0.496745,-0.235371,0.774905,0.225419,-0.696767,0.397246,0.23421,-0.77069,0.125864,-0.00140382,-0.178102,0.771796
97.54,0,,24.5923,13.7215,-0.671711,-5.2239,0.0703548,5.86922,74.2652,15.4603,-3.16675,2.72634,-0.527394,-4.87169,-1.13138,-0.954046,-1.37161,-1.37161,-0.895675,0.895675,9.91297,-9.91297,51.9652,-2.07682,-5.44303,-6.96374,5.78027,-6.83606,147.808,1.19674,-1.11852,147.21,25.783,-1.94733,146.801,-48.3879,2.61085,148.392,-51.5918,1.89045,153.577,14.4199,5.59876,151.265,-0.800621,11.6157,150.876,2.06214,6.71561,-47.8553,66.8912,89.847,144.022,-123.991,-18.5575,-438.933,-44.9412,-9.76425,-730.823,319.821,1001.57,128.938,114.714,-48.8168,68.3432,-72.7326,3.91655,-7.82791,7.40655,-13.3112,-0.349435,-0.617142,-0.334115,0.663311,0.205213,0.71202,-0.740218,0.227248,-0.531831,0.488005,-0.228224,0.778672,0.22542,-0.699942,0.389372,0.233591,-0.771395,0.120427,-0.000671412,-0.178901,0.771452
97.55,0,,25.6011,12.9064,-0.710857,-5.27013,0.386288,5.96581,73.884,15.1791,-2.71859,2.94002,-0.344702,-4.88492,-1.86815,-1.33636,-1.50823,-1.50823,-0.807518,0.807518,9.77243,-9.77243,49.9182,-1.96378,-5.43755,-7.02232,5.42319,-6.88941,148.027,1.34927,-1.05182,147.089,26.9335,-2.08639,146.73,-46.8453,2.67168,149.417,-49.6174,0.968679,153.912,13.7407,5.66868,151.622,-1.19917,11.7097,150.909,1.94949,6.78529,-70.3079,78.6078,100.581,127.44,-202.164,-39.5568,-437.971,-99.1376,1.92326,-440.379,283.315,843.391,114.287,64.9548,-42.9725,34.1716,-91.3734,-7.31581,-2.96921,-10.3048,-15.0475,-0.350736,-0.617481,-0.335232,0.658116,0.202526,0.715554,-0.73992,0.218521,-0.539894,0.478175,-0.217419,0.783855,0.225353,-0.702793,0.381427,0.233281,-0.771989,0.115725,-6.10379E-05,-0.179818,0.771091
97.56,0,,26.5673,12.1316,-0.702914,-5.27564,0.753991,5.95926,73.3291,14.9078,-1.72924,3.14598,-0.198204,-4.9222,-2.59527,-1.65052,-1.63058,-1.63058,-0.723895,0.723895,9.64575,-9.64575,47.2352,-1.85863,-5.36637,-7.07004,5.18694,-6.98945,148.274,1.48624,-0.987109,146.924,28.0223,-2.2217,146.626,-45.1933,2.71384,150.31,-46.9849,0.220474,154.165,13.0996,5.67093,151.902,-1.57126,11.8124,150.931,1.84604,6.84424,-85.4403,76.6604,94.726,111.796,-305.209,-68.3698,-475.564,-83.03,54.665,-367.268,221.15,839.795,28.3289,33.6692,-37.6096,-2.4762,-53.2596,-24.386,8.90762,-18.6774,-1.44687,-0.352134,-0.617653,-0.336508,0.652701,0.198746,0.719296,-0.739596,0.208872,-0.548242,0.464014,-0.204051,0.79118,0.225107,-0.705292,0.373673,0.233353,-0.772512,0.11158,0.00054935,-0.180614,0.7708
97.57,0,,27.4729,11.3858,-0.613844,-5.30109,1.38187,5.88395,72.6271,14.6439,-0.391792,3.3352,-0.369693,-4.97992,-3.52452,-1.93119,-1.7519,-1.7519,-0.675031,0.675031,9.41613,-9.41613,44.128,-1.75873,-4.92282,-7.08631,4.94262,-7.02947,148.565,1.61802,-0.952631,146.48,29.037,-2.47147,146.253,-43.4556,2.859,151.111,-43.9198,-0.143074,154.384,12.4903,5.6512,152.155,-1.91514,11.9055,150.953,1.74718,6.87104,-87.4069,69.3254,95.214,91.2881,-408.722,-108.903,-526.864,-35.686,171.392,-237.325,12.1685,689.883,-45.8944,6.35643,-52.7359,-17.581,20.971,-50.7673,13.7663,-18.6774,-2.89374,-0.353895,-0.617577,-0.337843,0.647109,0.194157,0.723161,-0.739004,0.197401,-0.556679,0.445698,-0.190682,0.799411,0.224749,-0.707574,0.366178,0.23348,-0.772955,0.107797,0.00122075,-0.181159,0.770537
97.58,0,,28.336,10.6615,-0.510592,-5.34011,2.26596,5.789,71.7634,14.3923,1.12323,3.54888,-0.689404,-5.03885,-4.51378,-2.22803,-1.86065,-1.86065,-0.635738,0.635738,8.97076,-8.97076,40.7354,-1.68249,-4.24929,-7.1015,4.65267,-6.88941,148.884,1.73908,-0.918153,145.761,29.9831,-2.88009,145.71,-41.6152,2.96891,151.73,-40.5707,-0.254483,154.609,11.8916,5.64274,152.408,-2.26431,12.0004,150.964,1.66902,6.90052,-102.539,37.5837,90.8228,51.269,-519.528,-159.163,-563.014,11.747,269.553,-103.383,-202.104,465.195,-68.3931,-28.8026,-96.1897,-35.6573,50.763,-62.9603,12.6866,-21.8976,-4.34062,-0.355792,-0.617342,-0.339373,0.641581,0.189526,0.726792,-0.738561,0.184091,-0.564907,0.424717,-0.17665,0.808293,0.224444,-0.709772,0.358853,0.233594,-0.773417,0.103948,0.00170901,-0.181643,0.770337
97.59,0,,29.1957,9.97631,-0.403935,-5.42239,3.19915,5.73333,70.7067,14.1679,2.70168,3.78316,-1.03583,-5.09297,-5.31609,-2.56299,-1.94935,-1.94935,-0.616343,0.616343,8.4086,-8.4086,37.1308,-1.61677,-3.51552,-7.09933,4.43789,-6.63153,149.214,1.83835,-0.894919,144.976,30.8957,-3.36625,145.238,-39.6201,2.91292,152.064,-36.9961,-0.161837,154.884,11.3045,5.6777,152.71,-2.62935,12.0751,150.992,1.60465,6.91124,-101.556,18.0778,77.147,-14.6483,-616.215,-244.626,-576.641,114.266,232.419,-50.8349,-326.699,249.494,-55.6861,-90.3805,-119.154,-37.6383,15.1457,-67.8376,7.82791,-25.7619,-0.868123,-0.357746,-0.616915,-0.34096,0.636159,0.185562,0.730039,-0.738496,0.169502,-0.573145,0.401572,-0.16163,0.817915,0.224379,-0.711896,0.35195,0.233467,-0.773828,0.0997956,0.00213631,-0.181952,0.770108
97.6,0,,30.0407,9.31762,-0.333019,-5.51188,4.02217,5.68749,69.4329,13.973,4.19697,4.03159,-1.35468,-5.14829,-5.73967,-2.92682,-2.02786,-2.02786,-0.595186,0.595186,7.80092,-7.80092,33.4202,-1.5563,-2.82556,-7.09065,4.38151,-6.3492,149.554,1.92827,-0.864938,144.312,31.783,-3.85188,145.018,-37.4433,2.60877,152.114,-33.31,0.0609822,155.18,10.7302,5.7307,153.023,-3.0085,12.1449,151.008,1.54718,6.91928,-100.108,10.7428,74.7074,-68.3782,-711.874,-317.879,-571.751,222.125,218.29,-46.2655,-380.928,85.5614,-44.9226,-144.51,-137.684,-21.4604,-33.1208,-49.2894,16.7355,-18.9994,-0.868123,-0.359694,-0.616418,-0.342665,0.631085,0.182874,0.732654,-0.738946,0.154369,-0.581525,0.377158,-0.14576,0.827989,0.224684,-0.71379,0.345603,0.233293,-0.774226,0.0954659,0.00256362,-0.1822,0.769941
97.61,0,,30.8497,8.70183,-0.308057,-5.62427,4.65669,5.66294,67.9275,13.8151,5.52596,4.28775,-1.57184,-5.20481,-5.72242,-3.2918,-2.09854,-2.09854,-0.58914,0.58914,7.35753,-7.35753,29.7095,-1.49847,-2.42034,-7.07981,4.62851,-6.21803,149.884,2.0061,-0.852946,143.835,32.6227,-4.31451,145.117,-35.0982,2.01775,151.922,-29.6027,0.216956,155.487,10.1855,5.79724,153.341,-3.3947,12.2079,151.025,1.48741,6.9166,-102.048,11.7165,69.8283,-89.3546,-806.129,-371.598,-515.161,310.05,216.811,-29.4157,-386.219,-131.218,-79.605,-173.809,-119.154,-20.4699,-66.408,-50.7673,18.625,-22.8637,2.89374,-0.361655,-0.61582,-0.344259,0.626667,0.181524,0.734459,-0.740103,0.139048,-0.589824,0.352803,-0.128425,0.838121,0.225537,-0.71531,0.340167,0.233108,-0.774586,0.0910703,0.00299087,-0.182382,0.769753
97.62,0,,31.5949,8.10875,-0.33926,-5.71461,5.07086,5.64329,66.2146,13.6622,6.7408,4.54906,-1.73902,-5.26614,-5.27677,-3.62214,-2.16447,-2.16447,-0.571509,0.571509,7.03092,-7.03092,25.9826,-1.45115,-2.19035,-7.06137,5.13861,-6.16468,150.18,2.07839,-0.832459,143.583,33.4023,-4.69799,145.485,-32.622,1.20968,151.505,-25.8689,0.310775,155.767,9.65884,5.85307,153.627,-3.76856,12.2631,151.052,1.44143,6.90588,-114.257,29.3075,66.413,-96.21,-882.806,-408.672,-391.08,382.312,170.431,-42.5528,-352.094,-403.001,-95.227,-192.381,-94.2302,-34.1716,-86.8797,-14.1882,18.0852,-12.2369,-6.36624,-0.363362,-0.615328,-0.345721,0.622969,0.181653,0.735525,-0.741752,0.123849,-0.597943,0.328332,-0.10981,0.848268,0.227002,-0.716408,0.335528,0.23304,-0.774867,0.086917,0.00335703,-0.18244,0.769554
97.63,0,,32.2646,7.54343,-0.366491,-5.80622,5.19033,5.61218,64.3062,13.5414,7.87531,4.84898,-1.92688,-5.3407,-4.4379,-3.92822,-2.22055,-2.22055,-0.549596,0.549596,6.71422,-6.71422,22.2149,-1.42223,-1.94941,-7.03859,5.78564,-6.10243,150.46,2.14134,-0.805726,143.67,34.1203,-4.87502,146.094,-30.0212,0.306914,150.93,-22.0979,0.409285,156.014,9.1502,5.91678,153.88,-4.15829,12.3261,151.074,1.41384,6.88712,-112.782,53.2274,63.9591,-104.472,-915.066,-420.393,-293.931,438.021,85.4372,-132.228,-293.368,-599.648,-92.7604,-194.864,-52.7359,-20.9652,-112.844,0.960662,9.17755,-18.0333,3.76187,-0.364901,-0.614862,-0.347138,0.619893,0.183172,0.736108,-0.743344,0.109261,-0.606248,0.303244,-0.0907047,0.858215,0.229077,-0.7172,0.331682,0.233294,-0.775083,0.082831,0.00360132,-0.182386,0.769401
