"Time,s",Activities,Activity Names,"Hip Flexion LT,deg","Hip Flexion RT,deg","Hip Abduction LT,deg","Hip Abduction RT,deg","Hip Rotation Ext LT,deg","Hip Rotation Ext RT,deg","Knee Flexion LT,deg","Knee Flexion RT,deg","Ankle Dorsiflexion LT,deg","Ankle Dorsiflexion RT,deg","Ankle Inversion LT,deg","Ankle Inversion RT,deg","Ankle Abduction LT,deg","Ankle Abduction RT,deg","Pelvic Tilt LT,deg","Pelvic Tilt RT,deg","Pelvic Obliquity LT,deg","Pelvic Obliquity RT,deg","Pelvic Rotation LT,deg","Pelvic Rotation RT,deg","Foot Pitch Down LT,deg","Foot Pitch Down RT,deg","Foot Roll Med LT,deg","Foot Roll Med RT,deg","Foot Rotation Ext LT,deg","Foot Rotation Ext RT,deg","Pelvis Accel Sensor X,mG","Pelvis Accel Sensor Y,mG","Pelvis Accel Sensor Z,mG","Thigh Accel Sensor X LT,mG","Thigh Accel Sensor Y LT,mG","Thigh Accel Sensor Z LT,mG","Shank Accel Sensor X LT,mG","Shank Accel Sensor Y LT,mG","Shank Accel Sensor Z LT,mG","Foot Accel Sensor X LT,mG","Foot Accel Sensor Y LT,mG","Foot Accel Sensor Z LT,mG","Thigh Accel Sensor X RT,mG","Thigh Accel Sensor Y RT,mG","Thigh Accel Sensor Z RT,mG","Shank Accel Sensor X RT,mG","Shank Accel Sensor Y RT,mG","Shank Accel Sensor Z RT,mG","Foot Accel Sensor X RT,mG","Foot Accel Sensor Y RT,mG","Foot Accel Sensor Z RT,mG","Pelvis Rot X,","Pelvis Rot Y,","Pelvis Rot Z,","LT Thigh Rot X,","LT Thigh Rot Y,","LT Thigh Rot Z,","LT Shank Rot X,","LT Shank Rot Y,","LT Shank Rot Z,","LT Foot Rot X,","LT Foot Rot Y,","LT Foot Rot Z,","RT Thigh Rot X,","RT Thigh Rot Y,","RT Thigh Rot Z,","RT Shank Rot X,","RT Shank Rot Y,","RT Shank Rot Z,","RT Foot Rot X,","RT Foot Rot Y,","RT Foot Rot Z,",,,,,,,,,,,,,,,,,,,,,
20.89,0,,1.61962,2.12624,0.187217,-4.07496,-2.98411,-4.28445,6.93846,7.32565,8.83506,9.9554,0.797123,-11.4871,-2.07856,-0.380001,-2.10296,-2.10296,-0.244321,0.244321,-8.04439,8.04439,-5.67605,-7.19791,0.377836,4.76507,-13.2519,3.906,156.078,2.11643,0.0524659,159.072,3.71868,0.433751,158.905,-3.21476,2.26799,161.343,5.52779,1.68053,151.793,4.5396,3.79942,151.095,-2.74221,7.21423,151.964,7.18185,-4.27162,-27.8336,-20.0252,0,-142.557,279.307,84.4855,69.8157,602.034,122.571,-33.6996,-16.6656,-49.2517,-8.29686,19.0693,15.642,-13.7016,85.8811,40.0522,-21.8642,85.0143,-13.6006,-0.389976,-0.599094,-0.380881,0.73527,0.0231336,0.676673,-0.68361,0.0380869,-0.727191,0.107124,0.0255755,0.845272,0.277906,-0.699496,0.320083,0.238363,-0.745427,0.114939,-0.00720252,-0.0743446,0.771768
20.9,0,,2.18624,2.0846,0.346635,-4.10125,-2.78632,-4.49073,8.14232,7.34292,9.46644,10.3197,1.03928,-11.6098,-2.2662,-0.235624,-2.08835,-2.08835,-0.205784,0.205784,-8.1493,8.1493,-5.62712,-7.48183,0.405215,4.72493,-13.3566,4.01049,156.073,2.09637,0.0924399,158.869,4.25611,0.64715,158.647,-3.87756,2.52582,161.338,5.47471,1.71219,151.585,4.49615,3.85411,150.864,-2.80041,7.38772,151.964,7.46461,-4.19927,-41.491,-27.3277,1.95163,-182.635,320.825,113.299,99.1527,672.338,124.05,-31.7004,-24.8661,-8.26853,-14.1271,47.8719,13.6825,-18.0763,95.7008,60.0784,-31.8515,44.7613,-54.6918,-0.389667,-0.599149,-0.381121,0.732823,0.0285658,0.679109,-0.683373,0.0411391,-0.726832,0.107308,0.0250873,0.845337,0.279256,-0.699392,0.320641,0.240369,-0.745767,0.115485,-0.00970527,-0.0739798,0.771966
20.91,0,,2.86913,2.04675,0.481091,-4.10634,-2.59251,-4.63644,9.55607,7.33798,10.2007,10.6544,1.37364,-11.6651,-2.44143,-0.110882,-2.06082,-2.06082,-0.162461,0.162461,-8.25025,8.25025,-5.57003,-7.74472,0.383312,4.62189,-13.4506,4.14832,156.045,2.06247,0.134912,158.655,4.89852,0.839691,158.351,-4.64971,2.82029,161.299,5.41367,1.68405,151.415,4.43893,3.89584,150.683,-2.85155,7.56122,151.98,7.72439,-4.05724,-47.8553,-14.1507,7.80654,-214.334,354.02,162.093,88.4118,695.832,149.423,-45.9799,-5.29067,-23.0081,-23.4704,67.3385,29.2901,-29.3017,94.2029,87.4203,-44.808,15.7792,-125.878,-0.389183,-0.599217,-0.381309,0.730199,0.0345476,0.681613,-0.683115,0.0447394,-0.726328,0.107857,0.0249652,0.84546,0.280587,-0.699241,0.321055,0.24208,-0.746201,0.115852,-0.0122686,-0.0742221,0.772069
20.92,0,,3.67812,2.00637,0.574132,-4.08513,-2.40932,-4.69865,11.2111,7.31825,11.0364,10.9762,1.69507,-11.7313,-2.63942,-0.0450457,-2.02412,-2.02412,-0.12342,0.12342,-8.34526,8.34526,-5.48848,-7.99972,0.377836,4.53403,-13.5687,4.31283,155.979,2.02062,0.171888,158.414,5.66129,0.98677,158.011,-5.53625,3.11546,161.261,5.33406,1.66997,151.288,4.36264,3.91332,150.546,-2.90445,7.74248,151.986,7.97728,-3.92861,-54.1923,4.38152,12.7,-197.283,397.501,207.51,103.481,640.657,177.754,-83.9633,2.90987,-28.7601,-35.1309,41.5155,20.5237,-34.1716,74.7298,100.131,-35.0906,60.5405,-41.0912,-0.388515,-0.599345,-0.381312,0.727473,0.0410188,0.684074,-0.68307,0.0488299,-0.72543,0.108465,0.0246595,0.845624,0.281941,-0.698961,0.321311,0.24349,-0.746766,0.115915,-0.0147103,-0.0744062,0.772201
20.93,0,,4.61485,1.98113,0.636537,-4.05926,-2.23808,-4.7052,13.0808,7.28619,11.9356,11.298,1.95532,-11.7385,-2.83465,-0.00924015,-1.96736,-1.96736,-0.0987358,0.0987358,-8.43632,8.43632,-5.36615,-8.25998,0.427119,4.39519,-13.6869,4.49957,155.897,1.96044,0.191126,158.167,6.53882,1.08625,157.654,-6.5254,3.39956,161.201,5.2173,1.69929,151.2,4.2768,3.91332,150.447,-2.95736,7.92373,152.002,8.23476,-3.7437,-55.6673,20.0252,27.8251,-159.666,407.226,239.254,190.931,501.472,193.362,-79.1083,-31.744,28.7601,-11.7352,12.7129,23.9271,-33.6763,29.7921,65.9162,-11.337,58.9304,41.9593,-0.387772,-0.599389,-0.381179,0.724663,0.0479772,0.686452,-0.683267,0.0534088,-0.724101,0.109073,0.0238655,0.845914,0.283231,-0.698616,0.321443,0.244642,-0.747416,0.11579,-0.0173955,-0.0750144,0.772301
20.94,0,,5.69733,1.96725,0.675115,-4.01727,-2.1133,-4.69374,15.1556,7.22452,12.8347,11.6005,2.1992,-11.6759,-3.01885,0.0381156,-1.88342,-1.88342,-0.086142,0.086142,-8.51945,8.51945,-5.16227,-8.51235,0.487354,4.1815,-13.8291,4.71299,155.793,1.8757,0.193874,157.942,7.53532,1.15096,157.308,-7.59531,3.66915,161.146,5.01296,1.72275,151.102,4.17402,3.88344,150.348,-2.99616,8.11467,152.03,8.48304,-3.47572,-64.9543,23.433,14.1637,-83.0265,408.722,259.765,287.118,334.968,187.962,-71.3974,16.1365,-48.8922,11.7352,-8.34282,7.32252,-24.4319,-17.1429,29.2633,-3.77899,-34.1345,-34.1462,-0.386915,-0.599324,-0.380933,0.721669,0.0551796,0.68883,-0.683674,0.0585343,-0.722371,0.110295,0.0226449,0.846163,0.284623,-0.698098,0.32149,0.245753,-0.748125,0.115735,-0.0202642,-0.0762958,0.772357
20.95,0,,6.92555,2.00384,0.702914,-3.9808,-2.00047,-4.71175,17.3992,7.16779,13.7254,11.8862,2.49823,-11.6483,-3.13681,0.107417,-1.75734,-1.75734,-0.0868976,0.0868976,-8.60061,8.60061,-4.89315,-8.74895,0.487354,3.98734,-13.9016,4.91974,155.677,1.75049,0.176885,157.723,8.64099,1.18626,156.946,-8.72745,3.92837,161.025,4.74493,1.66528,150.97,4.08289,3.83551,150.216,-3.0279,8.31531,152.046,8.71753,-3.23186,-51.7613,33.2022,22.9461,50.2729,380.857,247.067,359.9,191.868,113.251,-50.2637,33.5958,0.359501,5.83023,-36.1522,-28.3275,-10.7302,-64.4108,-14.6316,-1.07971,-106.59,-71.1861,-0.385993,-0.599009,-0.380682,0.718458,0.062257,0.691236,-0.684225,0.0639668,-0.720298,0.112374,0.021669,0.846618,0.285967,-0.69749,0.321613,0.247083,-0.748818,0.115912,-0.0229495,-0.0774546,0.772471
20.96,0,,8.2897,2.10732,0.753406,-3.97953,-1.94604,-4.72975,19.7563,7.11846,14.5837,12.1591,2.74383,-11.7397,-3.18372,0.172098,-1.57178,-1.57178,-0.124679,0.124679,-8.67781,8.67781,-4.55878,-8.97767,0.509257,3.91141,-13.9473,5.11315,155.529,1.57271,0.114176,157.525,9.82643,1.20712,156.606,-9.8882,4.14818,160.839,4.42382,1.60899,150.805,4.00447,3.7763,150.046,-3.05611,8.51401,152.024,8.94283,-3.1059,-25.867,36.1232,18.5549,228.513,330.549,218.743,436.047,64.4305,57.6239,-15.993,20.8981,86.9994,-19.5088,-70.318,-46.8916,0.49524,-84.5496,-43.4515,11.337,-104.014,-80.4461,-0.384975,-0.598368,-0.380214,0.715,0.0691562,0.693698,-0.685036,0.0695839,-0.717813,0.114813,0.0204479,0.847336,0.287373,-0.696764,0.321922,0.248611,-0.749433,0.116279,-0.025148,-0.0777024,0.772751
20.97,0,,9.75211,2.24612,0.845313,-3.99734,-1.93144,-4.74285,22.1688,7.0568,15.4392,12.4166,2.87999,-11.9489,-3.17131,0.237934,-1.34375,-1.34375,-0.174803,0.174803,-8.75105,8.75105,-4.23257,-9.20375,0.602347,3.97758,-13.9446,5.30656,155.364,1.35446,0.0317294,157.338,11.0707,1.25633,156.266,-11.0489,4.33758,160.592,4.10537,1.62307,150.624,3.92182,3.71766,149.865,-3.07375,8.69041,151.986,9.16352,-3.1193,-0.983328,16.098,29.3032,359.879,266.59,146.954,500.974,4.89459,-36.616,21.4192,-8.20054,188.379,-24.8906,-92.2676,-59.0958,5.86034,-71.734,-49.2894,-18.0852,-43.4732,-89.7061,-0.383819,-0.597519,-0.379668,0.711094,0.0755652,0.696445,-0.685998,0.0751369,-0.715052,0.116824,0.0188603,0.84841,0.288958,-0.695966,0.322347,0.250136,-0.74992,0.116828,-0.0268575,-0.0768491,0.773069
20.98,0,,11.2735,2.42531,0.986009,-4.03763,-1.93409,-4.76577,24.6055,6.9976,16.2876,12.665,2.89119,-12.2712,-3.1306,0.32687,-1.08513,-1.08513,-0.242054,0.242054,-8.82033,8.82033,-3.90636,-9.42458,0.815907,4.14137,-13.9097,5.51109,155.167,1.10958,-0.0727028,157.135,12.3443,1.33548,155.887,-12.203,4.5263,160.285,3.78692,1.75676,150.399,3.85188,3.65732,149.64,-3.0808,8.87942,151.931,9.37962,-3.22918,27.8336,-9.28234,34.6702,415.015,165.041,81.0671,520.532,76.1775,-107.407,-8.85327,-71.1595,203.478,-2.46663,-106.967,-80.0664,12.2159,-15.645,-47.368,-35.6305,41.8631,5.78749,-0.382541,-0.596549,-0.378939,0.706769,0.0817311,0.699445,-0.686944,0.0804506,-0.712153,0.11817,0.0165413,0.849893,0.290726,-0.695045,0.323077,0.2519,-0.75039,0.117618,-0.0282002,-0.0752615,0.77343
20.99,0,,12.8194,2.59692,1.14543,-4.10676,-1.93011,-4.72812,27.0566,6.9458,17.0359,12.8838,2.79036,-12.4781,-3.11957,0.430822,-0.836359,-0.836359,-0.330463,0.330463,-8.88565,8.88565,-3.4986,-9.60597,1.21565,4.19994,-13.8748,5.77786,154.92,0.877494,-0.197372,156.861,13.6571,1.41196,155.415,-13.3284,4.77584,159.935,3.39151,2.05698,150.185,3.78406,3.60939,149.42,-3.09667,9.06552,151.892,9.55664,-3.22382,51.2696,-16.6173,27.3372,367.672,42.4525,32.2315,462.9,232.893,-90.3194,8.85327,-189.935,321.394,34.6824,-95.7438,-89.3485,45.397,50.2637,-94.2188,-24.2935,27.6941,91.4423,-0.381134,-0.59575,-0.377776,0.702125,0.0881394,0.702552,-0.687521,0.0852076,-0.709433,0.119144,0.0127567,0.851772,0.292686,-0.694084,0.323999,0.253676,-0.750834,0.118354,-0.0296039,-0.0747118,0.773731
21,0,,14.3817,2.75592,1.28499,-4.18014,-1.88896,-4.61843,29.5367,6.91374,17.477,13.0782,2.68092,-12.5779,-3.1175,0.527844,-0.610701,-0.610701,-0.422902,0.422902,-8.94899,8.94899,-2.78094,-9.75582,1.74133,4.18692,-13.7781,6.09576,154.639,0.669275,-0.32279,156.515,15.0105,1.45849,154.85,-14.4387,5.08482,159.485,2.69888,2.40293,150.009,3.72366,3.56879,149.239,-3.12136,9.22448,151.876,9.69917,-3.14074,64.9543,-19.5383,-5.8549,292.497,-46.8473,-11.2322,377.935,301.773,17.6052,-135.369,-140.203,390.059,40.0641,-75.6813,-96.671,50.2669,90.8741,-120.6,4.8587,1.93214,105.043,-0.37965,-0.595172,-0.376354,0.697314,0.0955267,0.705554,-0.687774,0.0894815,-0.706818,0.121894,0.00714148,0.853987,0.294692,-0.693089,0.325089,0.255204,-0.751207,0.118843,-0.0310076,-0.0748944,0.773909
21.01,0,,15.9325,2.85686,1.3803,-4.24715,-1.94604,-4.45962,32.0216,6.87921,17.3023,13.3022,2.89464,-12.6609,-2.83534,0.58906,-0.429564,-0.429564,-0.505517,0.505517,-9.00837,9.00837,-1.49241,-9.9267,2.00965,4.19343,-13.4372,6.42701,154.354,0.503254,-0.431969,156.257,16.3946,1.50289,154.367,-15.5237,5.36685,158.789,1.45161,2.35602,149.878,3.6463,3.54229,149.107,-3.16369,9.35824,151.87,9.8624,-3.07107,82.0259,0,-44.9163,240.232,-61.9956,-26.3712,245.116,208.509,69.8292,-491.214,587.793,632.723,28.7774,-34.1658,-102.55,46.3875,121.166,-150.898,27.8026,11.2708,74.0799,-0.378195,-0.594882,-0.374838,0.692495,0.104561,0.708243,-0.688069,0.0940579,-0.704122,0.13056,0.0014649,0.856542,0.296712,-0.692187,0.326011,0.256487,-0.751515,0.119026,-0.0325339,-0.0748952,0.774039
21.02,0,,17.4146,2.91112,1.37576,-4.29083,-2.1518,-4.25334,34.4607,6.84714,16.4637,13.5571,2.79295,-12.7462,-2.08201,0.60061,-0.293966,-0.293966,-0.556145,0.556145,-9.0638,9.0638,0.407762,-10.1265,2.55724,4.2238,-12.715,6.75603,154.085,0.3777,-0.502923,156.186,17.7466,1.53712,154.104,-16.5986,5.50096,157.731,-0.398064,2.46743,149.806,3.56047,3.5327,149.03,-3.21483,9.48327,151.881,10.0555,-3.02015,83.9926,24.8935,-86.4316,253.884,-41.0499,-10.2555,131.856,58.1121,67.3881,-734.822,918.989,872.151,25.4138,14.2027,-67.3809,21.9557,130.32,-155.775,17.5453,19.9655,76.6842,-0.376734,-0.594889,-0.373438,0.688069,0.114566,0.710287,-0.68906,0.0994313,-0.700841,0.142528,-0.00793518,0.860356,0.2986,-0.691443,0.326738,0.257408,-0.751896,0.118846,-0.0342427,-0.0746503,0.774093
21.03,0,,18.8197,2.92753,1.27932,-4.29847,-2.38012,-3.96356,36.8057,6.80521,14.9233,13.8441,2.63956,-12.7835,-1.48735,0.532464,-0.188614,-0.188614,-0.57705,0.57705,-9.11922,9.11922,2.97666,-10.3631,3.13768,4.26177,-12.1216,7.09394,153.816,0.277741,-0.539899,156.148,19.0496,1.5307,153.94,-17.6349,5.47814,156.832,-2.91118,2.51317,149.823,3.45768,3.52763,149.052,-3.27655,9.57438,151.903,10.2831,-2.96923,88.3903,60.5624,-112.793,306.149,20.4782,10.7438,84.4842,-148.884,15.608,130.229,1072.15,1969.35,17.1169,66.4446,-48.3355,29.3017,140.639,-140.626,0.539856,25.7619,56.1386,-0.375202,-0.595123,-0.37215,0.684068,0.124886,0.711719,-0.690828,0.10468,-0.696932,0.159491,-0.0203866,0.862645,0.30018,-0.690879,0.327037,0.257705,-0.752301,0.118171,-0.0362568,-0.0742837,0.774089
21.04,0,,20.1462,2.89724,1.14543,-4.27853,-2.5049,-3.5952,39.0349,6.77068,14.1383,14.1505,3.3798,-12.7523,-1.09964,0.385776,-0.118946,-0.118946,-0.566723,0.566723,-9.17068,9.17068,4.72189,-10.6102,2.54629,4.26828,-11.7324,7.42518,153.569,0.207527,-0.540649,156.038,20.3079,1.497,153.769,-18.6072,5.31224,156.164,-4.6202,1.58202,149.943,3.33264,3.53496,149.173,-3.36296,9.64805,151.947,10.5199,-2.8808,100.108,90.3243,-120.6,332.516,90.7959,23.4411,82.4803,-297.858,-77.1524,197.628,1471.07,1270.48,-4.41004,83.0309,-40.5317,32.6859,122.996,-142.104,-14.0362,16.7452,70.8967,-0.373685,-0.595564,-0.37106,0.680166,0.134776,0.712944,-0.693338,0.109015,-0.692422,0.176156,-0.0219737,0.863202,0.301287,-0.690654,0.32668,0.25746,-0.752788,0.116828,-0.038455,-0.0741632,0.773983
21.05,0,,21.4333,2.84046,1.00473,-4.24036,-2.44782,-3.18264,41.1531,6.72381,15.3941,14.4787,2.42498,-12.6452,-1.03687,0.199818,-0.0560744,-0.0560744,-0.521134,0.521134,-9.22413,9.22413,4.34674,-10.8705,3.14863,4.24224,-11.7297,7.76309,153.338,0.139043,-0.505422,155.775,21.5311,1.42801,153.501,-19.5106,5.04197,155.879,-4.25663,2.26338,150.136,3.18217,3.56315,149.365,-3.46701,9.69263,152.019,10.7682,-2.75753,120.594,82.5349,-120.6,326.657,158.215,21.976,95.2251,-286.111,-146.982,-594.597,793.865,401.204,0.971705,81.5411,-60.5397,41.5176,71.2347,-129.394,-4.31885,8.69465,44.5637,-0.372098,-0.596053,-0.370267,0.676125,0.143563,0.714274,-0.696439,0.112004,-0.687406,0.170174,-0.0243542,0.865337,0.301902,-0.690846,0.325585,0.256782,-0.753257,0.115055,-0.0408969,-0.0742858,0.773744
21.06,0,,22.6976,2.77232,0.882189,-4.19413,-2.13852,-2.74388,43.1796,6.67202,16.6949,14.7889,0.529979,-12.5069,-1.31074,-0.0231004,0.00441798,0.00441798,-0.453127,0.453127,-9.27361,9.27361,3.8819,-11.1097,4.61069,4.20536,-11.8344,8.081,153.135,0.068484,-0.447959,155.27,22.7333,1.2927,153.062,-20.3416,4.71293,155.725,-3.80019,3.81139,150.372,3.01686,3.60544,149.601,-3.58163,9.72365,152.096,10.9981,-2.62354,137.202,54.6879,-142.584,258.279,191.41,59.5794,140.593,-193.826,-134.258,-696.267,-104.491,95.6274,-26.3855,44.8923,-98.6306,39.5367,-1.49793,-156.219,-17.0055,-13.525,-7.23436,-0.370505,-0.596531,-0.369711,0.671785,0.150825,0.715916,-0.699943,0.113229,-0.681997,0.159001,-0.0324716,0.867761,0.302023,-0.691395,0.323876,0.255808,-0.753753,0.11298,-0.0432146,-0.0745268,0.773468
21.07,0,,23.9307,2.67389,0.734117,-4.11567,-1.59559,-2.33132,45.059,6.60049,17.3911,15.0914,-0.63339,-12.3542,-1.49839,-0.235624,0.0550549,0.0550549,-0.343812,0.343812,-9.3231,9.3231,3.89821,-11.3332,5.4485,4.17825,-11.6115,8.38112,152.953,0.00138351,-0.348024,154.546,23.9118,1.06111,152.447,-21.0515,4.41708,155.27,-3.81346,4.66514,150.608,2.82612,3.65563,149.843,-3.70155,9.72656,152.172,11.2119,-2.50563,155.748,29.3075,-165.042,193.357,217.312,92.2992,98.6718,-132.777,-86.3989,-685.415,-413.995,117.557,-43.9509,9.73329,-107.431,17.0858,-65.4094,-151.341,-15.116,-22.8637,3.47249,-0.368804,-0.597094,-0.369475,0.667278,0.156565,0.717757,-0.703231,0.112739,-0.676862,0.154792,-0.0378434,0.870337,0.301904,-0.692193,0.32162,0.25484,-0.754083,0.110909,-0.0453515,-0.0747109,0.773172
21.08,0,,25.1278,2.57421,0.549737,-4.01346,-0.913285,-1.96623,46.7647,6.52402,17.5531,15.3656,-0.545491,-12.2087,-1.37352,-0.430822,0.0995746,0.0995746,-0.194701,0.194701,-9.37061,9.37061,4.2815,-11.5329,5.11995,4.17608,-10.9377,8.639,152.8,-0.0664087,-0.208365,153.706,25.0524,0.747164,151.772,-21.6235,4.13989,154.394,-4.20356,4.30394,150.822,2.63644,3.71653,150.063,-3.81794,9.70136,152.244,11.4004,-2.41987,147.936,9.76917,-174.8,157.733,227.037,120.136,-46.8911,-152.355,-21.0079,-484.931,-125.389,342.245,-58.078,-24.9291,-99.5932,-18.0763,-119.668,-120.6,-12.1468,-16.1012,10.7069,-0.367027,-0.597693,-0.36959,0.662684,0.16059,0.719754,-0.706273,0.111028,-0.672153,0.159617,-0.0361352,0.873225,0.301522,-0.693196,0.319101,0.253919,-0.754248,0.109014,-0.0471821,-0.0747101,0.772919
21.09,0,,26.3119,2.47578,0.325644,-3.89301,-0.115488,-1.63225,48.3497,6.44756,17.7307,15.6372,-0.463624,-12.0656,-1.09275,-0.604075,0.145114,0.145114,-0.014357,0.014357,-9.41811,9.41811,4.53431,-11.7249,4.72021,4.1674,-10.0544,8.89021,152.651,-0.140773,-0.0379753,152.762,26.1707,0.340155,151.064,-22.0962,3.81777,153.325,-4.46628,3.92632,151.019,2.44359,3.78701,150.271,-3.93433,9.68003,152.31,11.582,-2.33144,123.053,13.177,-165.042,148.416,189.914,128.438,-122.558,-170.866,-47.3418,-411.534,-24.8661,273.94,-38.5692,-29.2992,-70.3031,-14.6096,-124.994,-96.6574,-0.539856,-21.5756,0.578749,-0.365137,-0.598307,-0.369959,0.657972,0.16315,0.721877,-0.709457,0.108344,-0.667462,0.163704,-0.0333267,0.876933,0.301092,-0.694288,0.316473,0.253129,-0.754382,0.107185,-0.0489537,-0.0747734,0.772638
21.1,0,,27.5008,2.40133,0.0675115,-3.7628,0.845585,-1.33101,49.8214,6.41056,18.2733,15.9217,-0.74628,-11.9285,-0.801622,-0.762312,0.190313,0.190313,0.192686,-0.192686,-9.46364,9.46364,4.31412,-11.9089,4.57236,4.15872,-9.08251,9.11919,152.514,-0.219287,0.158647,151.648,27.282,-0.189866,150.269,-22.4612,3.45832,152.157,-4.2646,3.89113,151.195,2.27192,3.8699,150.442,-4.06835,9.66065,152.37,11.7567,-2.24568,86.9153,43.945,-148.439,131.835,128.947,107.438,-98.1107,-166.95,-93.722,-580.603,-42.5899,39.9047,-40.0641,-37.1454,-45.4134,-20.0572,-113.343,-53.7232,-14.0362,-43.4732,-49.1937,-0.363115,-0.598966,-0.370501,0.653012,0.164382,0.724185,-0.712766,0.104318,-0.662774,0.162785,-0.0303963,0.881614,0.300496,-0.69548,0.313924,0.252634,-0.754424,0.105412,-0.0506615,-0.0748326,0.772436
21.11,0,,28.7192,2.35969,-0.201967,-3.61139,1.99914,-1.02159,51.1724,6.37603,18.9286,16.1946,-1.00825,-11.8443,-0.585005,-0.92748,0.259981,0.259981,0.411063,-0.411063,-9.51115,9.51115,3.87374,-12.0798,4.41356,4.20862,-8.04351,9.34595,152.366,-0.324434,0.362514,150.293,28.3834,-0.870176,149.314,-22.7069,3.13965,150.919,-3.83203,3.8712,151.365,2.10555,3.937,150.612,-4.20414,9.63545,152.414,11.9176,-2.21889,52.2529,72.2789,-135.739,89.8233,56.6656,79.1136,-28.295,-118.182,-94.7576,-729.967,32.2731,6.83053,-42.9792,-41.0189,-18.0828,-9.24449,-70.2361,8.79376,-38.0598,-39.931,-87.3911,-0.360924,-0.599525,-0.371117,0.64775,0.164684,0.726674,-0.715784,0.0986363,-0.658409,0.160166,-0.0263688,0.886713,0.299883,-0.696573,0.311419,0.25215,-0.754437,0.103643,-0.0520665,-0.0744678,0.772268
21.12,0,,29.9523,2.36221,-0.464638,-3.46761,3.31199,-0.700704,52.369,6.36863,19.4205,16.4507,-1.14355,-11.7926,-0.527746,-1.10535,0.360236,0.360236,0.628181,-0.628181,-9.56063,9.56063,3.47413,-12.227,4.21643,4.28997,-7.02599,9.57048,152.218,-0.459327,0.559636,148.735,29.4485,-1.69329,148.206,-22.8229,2.90186,149.696,-3.44989,3.79145,151.546,1.9519,4.00354,150.793,-4.34875,9.61315,152.447,12.0556,-2.22693,34.1706,103.501,-126.957,51.269,-20.4782,66.4164,19.0771,-36.1309,-43.9391,-741.676,108.988,73.6978,-22.9472,-43.8991,6.84123,-19.562,-46.4357,38.057,-64.5128,-4.83036,-76.1055,-0.358668,-0.599896,-0.371792,0.642308,0.164438,0.729227,-0.718227,0.0914951,-0.654626,0.158093,-0.0222185,0.891547,0.299151,-0.697672,0.308978,0.251668,-0.754456,0.101754,-0.0531631,-0.0739157,0.772117
21.13,0,,31.1658,2.38745,-0.74206,-3.31535,4.76023,-0.391281,53.4016,6.36616,19.7813,16.6451,-1.1875,-11.7493,-0.647093,-1.30748,0.477142,0.477142,0.849078,-0.849078,-9.61012,9.61012,3.10715,-12.3137,4.02477,4.37024,-6.07559,9.74833,152.097,-0.612205,0.757508,147.028,30.4464,-2.66722,146.988,-22.8229,2.75463,148.567,-3.09163,3.69529,151.738,1.80249,4.06106,150.985,-4.49688,9.58795,152.458,12.1337,-2.25372,22.4527,119.632,-114.257,9.25772,-110.339,42.9753,39.0359,92.7301,29.8106,-724.54,159.778,71.1813,0.971705,-41.0189,8.2851,-11.7207,-40.9433,47.368,-65.3225,16.1012,-39.6443,-0.356478,-0.600092,-0.372654,0.637003,0.164073,0.731552,-0.719992,0.0833155,-0.651509,0.156194,-0.0182501,0.895905,0.298486,-0.698665,0.306665,0.251109,-0.754487,0.0997967,-0.0537133,-0.0734285,0.772068
21.14,0,,32.3744,2.45307,-0.993951,-3.17582,6.25627,-0.126061,54.2942,6.3711,20.1533,16.7635,-1.14958,-11.6603,-0.900963,-1.50037,0.630073,0.630073,1.05562,-1.05562,-9.66356,9.66356,2.65045,-12.3242,3.82217,4.37566,-5.21647,9.88839,152.014,-0.798288,0.934893,145.267,31.3729,-3.72887,145.748,-22.7338,2.67651,147.575,-2.63784,3.57919,151.93,1.66261,4.1073,151.172,-4.64148,9.5676,152.469,12.1383,-2.22693,12.2097,130.861,-103.523,-23.4373,-197.301,29.3013,-7.29418,201.657,122.053,-723.112,203.691,48.1732,0.523226,-18.5727,21.4863,-13.2064,-35.6173,43.9688,-42.3787,2.57619,-12.1537,-0.354519,-0.599899,-0.373747,0.631876,0.163951,0.733628,-0.721153,0.0747093,-0.649007,0.153632,-0.0139166,0.899756,0.297861,-0.699545,0.304514,0.250558,-0.754543,0.0978427,-0.0538368,-0.0736136,0.772028
21.15,0,,33.5584,2.55275,-1.23393,-3.02483,7.72044,0.040929,55.0083,6.38343,20.5987,16.873,-1.11253,-11.5858,-1.20795,-1.66207,0.819366,0.819366,1.25838,-1.25838,-9.71503,9.71503,2.0225,-12.3164,3.61956,4.36481,-4.44863,9.96397,151.992,-1.01965,1.10203,143.583,32.2099,-4.82582,144.612,-22.542,2.59011,146.731,-2.01421,3.46426,152.084,1.53015,4.12816,151.326,-4.78609,9.55694,152.474,12.1268,-2.20013,-11.718,122.066,-99.6051,-47.3433,-262.663,-30.2781,-62.5215,303.197,204.605,-724.255,242.313,-8.62804,2.46663,-14.5999,38.0909,-16.0953,-22.9682,48.3287,-13.7663,23.5077,9.83873,-0.352814,-0.599295,-0.375216,0.627177,0.164317,0.735278,-0.722037,0.0661059,-0.64702,0.149729,-0.00903377,0.903132,0.297319,-0.700234,0.302507,0.25026,-0.754564,0.0960754,-0.0538359,-0.0738565,0.772014
21.16,0,,34.7309,2.66758,-1.42455,-2.89335,9.04789,0.129336,55.568,6.38096,21.0934,16.9746,-1.17026,-11.5461,-1.53081,-1.80991,1.04706,1.04706,1.45106,-1.45106,-9.76649,9.76649,1.2396,-12.2927,3.48814,4.35939,-3.81234,9.97953,152.02,-1.27802,1.25244,142.068,32.9852,-5.85537,143.657,-22.256,2.4484,146.068,-1.23931,3.40445,152.205,1.37862,4.14902,151.447,-4.93599,9.555,152.463,12.1038,-2.19745,-32.723,106.942,-82.514,-64.9212,-283.702,-49.3239,-113.26,388.185,266.15,-747.673,236.757,-67.2268,8.29686,-26.3196,42.4912,-12.7112,-8.32181,28.8199,-17.5453,29.6262,8.68123,-0.351331,-0.598288,-0.376966,0.622674,0.164993,0.736759,-0.722877,0.0578644,-0.645481,0.144415,-0.00415055,0.90598,0.296897,-0.700919,0.300377,0.250196,-0.754556,0.0944264,-0.0536523,-0.073978,0.772069
21.17,0,,35.8773,2.80134,-1.58907,-2.75806,10.1868,0.142433,55.983,6.36863,21.5852,17.0647,-1.28229,-11.4883,-1.83642,-1.92311,1.30025,1.30025,1.63896,-1.63896,-9.81796,9.81796,0.375141,-12.2585,3.37314,4.30841,-3.32372,9.95953,152.091,-1.5606,1.39309,140.806,33.7074,-6.78652,142.939,-21.8809,2.24103,145.597,-0.376834,3.3505,152.304,1.22921,4.1541,151.545,-5.07354,9.56372,152.463,12.0717,-2.15725,-57.6066,81.5288,-86.4316,-77.6359,-285.666,-62.5095,-153.819,449.234,321.777,-752.814,218.24,-110.367,-1.49493,-34.6624,20.5237,0,10.8183,17.0702,-11.6069,10.6268,14.1793,-0.350063,-0.596969,-0.378996,0.618506,0.166026,0.737959,-0.723733,0.0503567,-0.644444,0.13837,0.000793474,0.908162,0.296466,-0.701521,0.298236,0.25026,-0.754566,0.0929626,-0.053531,-0.0744062,0.772079
21.18,0,,36.9876,2.92122,-1.72637,-2.63676,11.0709,0.126061,56.2677,6.3489,21.9953,17.1857,-1.45292,-11.4042,-2.06476,-2.03861,1.55683,1.55683,1.81981,-1.81981,-9.86546,9.86546,-0.505625,-12.2533,3.21434,4.22923,-2.9747,9.91062,152.19,-1.84561,1.52626,139.852,34.4072,-7.55989,142.522,-21.4166,1.90093,145.295,0.504215,3.24261,152.392,1.06602,4.16481,151.633,-5.21638,9.57341,152.458,12.0671,-2.09025,-64.4626,81.5288,-86.9195,-108.866,-263.224,-73.7417,-198.225,478.067,350.108,-711.974,192.316,-130.859,-7.84838,-47.3753,21.9676,-4.86986,32.2886,3.91655,-7.82791,23.8298,-25.465,-0.34895,-0.595541,-0.381117,0.614541,0.167369,0.739,-0.724967,0.0437044,-0.643724,0.132393,0.0059818,0.909662,0.296161,-0.70213,0.296039,0.250381,-0.754562,0.0914972,-0.0537129,-0.074954,0.772123
21.19,0,,38.0815,3.04362,-1.83643,-2.5108,11.6908,0.0900438,56.4293,6.30943,22.3491,17.3042,-1.68732,-11.3236,-2.18687,-2.15527,1.82769,1.82769,1.99461,-1.99461,-9.91099,9.91099,-1.43532,-12.2506,3.01721,4.15872,-2.74113,9.83725,152.311,-2.14376,1.65043,139.231,35.1042,-8.15891,142.412,-20.853,1.43918,145.142,1.43569,3.08898,152.49,0.891177,4.16143,151.738,-5.3504,9.57438,152.463,12.0671,-2.03398,-62.9876,70.2991,-90.3349,-110.331,-228.533,-68.8582,-226.6,462.85,361.795,-678.275,154.223,-163.573,-17.5654,-65.948,12.2042,-5.3651,50.2637,9.31104,-19.1649,36.7107,0,-0.347989,-0.593919,-0.383392,0.610771,0.169021,0.739872,-0.726541,0.0379659,-0.643406,0.126227,0.0115362,0.910566,0.29603,-0.702599,0.293894,0.250378,-0.754551,0.090031,-0.0538959,-0.075381,0.772121
21.2,0,,39.1624,3.16728,-1.91529,-2.39544,12.0094,0.0589377,56.4751,6.25517,22.6408,17.4084,-1.99324,-11.2093,-2.17376,-2.3008,2.1135,2.1135,2.16287,-2.16287,-9.9387,9.9387,-2.42211,-12.2401,2.7708,4.04266,-2.61226,9.7261,152.459,-2.45505,1.7656,138.979,35.8152,-8.53917,142.626,-20.1902,0.849544,145.131,2.41758,2.88376,152.611,0.705736,4.1603,151.864,-5.48267,9.58311,152.463,12.0625,-1.94287,-73.7223,47.8397,-100.093,-106.464,-183.088,-83.9972,-238.303,383.824,350.108,-632.295,98.671,-149.553,-15.622,-60.0882,43.9351,-16.5905,41.4426,21.9474,-20.5145,14.1691,-4.34062,-0.347127,-0.592137,-0.385765,0.607146,0.170968,0.740637,-0.728504,0.0332664,-0.643477,0.119943,0.0175183,0.910893,0.296106,-0.703001,0.291833,0.250203,-0.754636,0.0884468,-0.0541425,-0.0761169,0.772157
21.21,0,,40.199,3.26571,-1.96294,-2.28983,12.032,0.0753093,56.3955,6.20337,22.8903,17.5076,-2.32071,-11.059,-2.04131,-2.49484,2.38843,2.38843,2.31374,-2.31374,-9.96047,9.96047,-3.47413,-12.2165,2.44224,3.90599,-2.59884,9.60383,152.602,-2.7525,1.86579,139.083,36.543,-8.69588,143.136,-19.4097,0.163135,145.246,3.47377,2.59878,152.787,0.506519,4.1541,152.045,-5.63256,9.58311,152.463,12.0418,-1.83567,-73.2306,40.5372,-96.6777,-107.929,-123.991,-82.0438,-215.298,283.174,287.602,-596.596,32.8022,-152.788,-23.4704,-69.3249,59.5771,2.4762,27.7948,16.1096,-43.9982,-11.2708,-58.1643,-0.346399,-0.590374,-0.388028,0.603671,0.173227,0.741312,-0.730696,0.0294207,-0.644021,0.113471,0.0242935,0.91064,0.296231,-0.703374,0.2897,0.249776,-0.75476,0.0864937,-0.054325,-0.0770316,0.772208
21.22,0,,41.2061,3.34268,-1.98677,-2.1944,11.8063,0.119513,56.1808,6.11458,23.0805,17.5886,-2.61198,-10.9063,-1.8447,-2.69812,2.67016,2.67016,2.45656,-2.45656,-9.98621,9.98621,-4.5914,-12.1823,1.98227,3.78342,-2.72502,9.50156,152.728,-3.05549,1.95648,139.467,37.2777,-8.64721,143.855,-18.5063,-0.586179,145.476,4.58835,2.2024,152.962,0.276572,4.14846,152.237,-5.7754,9.56954,152.458,12.0119,-1.74188,-61.0483,30.2812,-100.093,-129.374,-113.238,-59.5794,-169.449,207.53,214.814,-549.76,0,-117.557,-33.1874,-82.5343,48.8168,-4.37462,-12.6491,7.31581,-39.9493,6.44048,-21.9925,-0.345605,-0.588602,-0.390163,0.600306,0.175667,0.741975,-0.732961,0.0260638,-0.645003,0.10712,0.0320445,0.90976,0.296464,-0.703774,0.287308,0.249215,-0.754848,0.0845367,-0.0543859,-0.077886,0.772268
21.23,0,,42.1478,3.40325,-2.01797,-2.11424,11.4346,0.193185,55.8141,6.04058,23.2074,17.6363,-2.86103,-10.7151,-1.62946,-2.92451,2.94102,2.94102,2.58829,-2.58829,-10.0298,10.0298,-5.7576,-12.0955,1.45111,3.62397,-2.96933,9.41709,152.849,-3.34672,2.03643,140.038,37.9789,-8.48248,144.689,-17.4852,-1.32927,145.8,5.7507,1.75089,153.165,0.0402672,4.14733,152.446,-5.93764,9.55306,152.441,11.9314,-1.61593,-42.4743,30.2812,-111.817,-131.366,-121.092,-36.6267,-119.112,132.777,167.99,-478.077,-20.6336,-121.511,-25.8623,-95.7438,54.2142,-4.86986,-62.58,5.39449,-29.6921,-8.37262,27.7799,-0.344865,-0.586881,-0.392169,0.597319,0.17817,0.742407,-0.734965,0.0228895,-0.64652,0.100711,0.0403455,0.908355,0.296586,-0.704262,0.284745,0.248613,-0.754934,0.082342,-0.0541402,-0.0791656,0.772368
21.24,0,,43.0288,3.44111,-2.06449,-2.03027,10.9886,0.245574,55.293,5.94685,23.3187,17.6788,-3.12559,-10.5191,-1.45975,-3.12086,3.21018,3.21018,2.71574,-2.71574,-10.0792,10.0792,-7.00535,-12.0035,0.936376,3.44825,-3.31298,9.34817,152.97,-3.63553,2.11188,140.707,38.6283,-8.25143,145.556,-16.3547,-2.02812,146.216,6.99797,1.34278,153.341,-0.215112,4.13718,152.633,-6.09988,9.54434,152.436,11.8418,-1.47122,-48.347,15.6112,-112.793,-148.416,-153.82,-17.5808,-87.3698,80.0932,134.258,-419.531,-91.2641,-114.321,-19.5088,-124.546,35.1687,5.86034,-102.525,-1.92132,-24.2935,-42.5072,-53.2449,-0.344131,-0.585169,-0.394121,0.594759,0.180674,0.742595,-0.736547,0.0195932,-0.64853,0.0935701,0.0486467,0.906525,0.296779,-0.704714,0.282008,0.248188,-0.755001,0.0802674,-0.0538962,-0.0806307,0.772431
21.25,0,,43.8624,3.4878,-2.12066,-1.95562,10.5015,0.279954,54.644,5.87285,23.3694,17.7135,-3.38928,-10.3723,-1.35213,-3.30451,3.48103,3.48103,2.83135,-2.83135,-10.105,10.105,-8.28573,-11.8931,0.459974,3.30941,-3.71569,9.25035,153.074,-3.92365,2.17634,141.432,39.2315,-7.98241,146.406,-15.1334,-2.64886,146.709,8.27178,1.00152,153.484,-0.457775,4.12478,152.787,-6.26918,9.53561,152.409,11.736,-1.37206,-42.4743,1.46051,-120.6,-146.952,-166.537,-16.6041,-86.4079,2.93675,88.8399,-362.699,-193.903,-94.1894,-18.0887,-127.427,41.9756,8.74925,-122.996,-16.1096,-24.2935,-42.8292,-39.9337,-0.343397,-0.583458,-0.395951,0.59255,0.183234,0.74258,-0.737546,0.0160535,-0.651052,0.0860029,0.0565825,0.904343,0.297011,-0.705111,0.279432,0.248,-0.754986,0.0783125,-0.0533486,-0.0817931,0.772578
21.26,0,,44.6124,3.5143,-2.18476,-1.90897,10.009,0.286503,53.8527,5.80379,23.3356,17.729,-3.55991,-10.299,-1.29695,-3.46275,3.73626,3.73626,2.93109,-2.93109,-10.1149,10.1149,-9.5661,-11.7485,-0.0383312,3.21504,-4.13988,9.13253,153.173,-4.19274,2.22905,142.156,39.769,-7.70055,147.196,-13.8297,-3.1673,147.241,9.54027,0.657904,153.594,-0.702557,4.12872,152.902,-6.44729,9.53852,152.365,11.5981,-1.32383,-39.06,1.46051,-124.029,-161.6,-159.711,-31.7431,-99.1527,-57.5781,45.8624,-293.015,-264.533,-75.1358,-25.4138,-134.776,41.013,2.4762,-115.673,-5.39449,-34.2808,-37.0328,-41.0912,-0.342741,-0.581836,-0.397616,0.590751,0.185685,0.742375,-0.737848,0.0120859,-0.654101,0.0785582,0.064519,0.901863,0.297203,-0.705619,0.276754,0.248124,-0.754933,0.0764822,-0.0523716,-0.082647,0.772756
21.27,0,,45.2691,3.50925,-2.26305,-1.85765,9.54038,0.317609,52.9215,5.74953,23.2341,17.7148,-3.65384,-10.2376,-1.31074,-3.63484,3.96395,3.96395,3.01497,-3.01497,-10.1129,10.1129,-10.8546,-11.5645,-0.547588,3.14019,-4.58287,9.00359,153.245,-4.4314,2.27152,142.842,40.2336,-7.43528,147.893,-12.4502,-3.59657,147.784,10.8194,0.328366,153.703,-0.94734,4.11745,153.017,-6.63775,9.52786,152.304,11.4211,-1.30507,-33.679,3.89469,-134.763,-192.889,-159.711,-40.5335,-107.409,-104.032,7.32319,-234.469,-307.652,-56.8012,-31.7673,-141.133,52.2546,0,-78.0586,12.193,-19.9747,-25.7619,-25.465,-0.342121,-0.580416,-0.399009,0.589322,0.187936,0.742039,-0.737514,0.00744655,-0.657555,0.0710492,0.0724531,0.899163,0.297508,-0.705987,0.274191,0.2483,-0.754788,0.0745876,-0.0509658,-0.0834374,0.773032
21.28,0,,45.8668,3.5042,-2.35496,-1.81312,9.16736,0.356901,51.8913,5.71499,23.0862,17.6517,-3.6728,-10.1751,-1.4018,-3.81387,4.18587,4.18587,3.09481,-3.09481,-10.1089,10.1089,-12.1432,-11.3174,-1.04589,3.04908,-5.00437,8.86576,153.327,-4.66383,2.3115,143.413,40.6339,-7.24434,148.464,-11.0304,-3.92837,148.321,12.0932,0.0293184,153.824,-1.18788,4.11012,153.149,-6.84407,9.5201,152.238,11.1797,-1.28363,-23.436,20.9989,-150.879,-203.611,-143.067,-23.9294,-110.855,-136.692,-12.7231,-185.633,-334.899,-33.7931,-21.9755,-144.013,52.7359,-2.8889,-55.5897,-3.39927,-45.8877,-20.6095,-45.4318,-0.341567,-0.579003,-0.400407,0.58825,0.19002,0.741523,-0.736554,0.00213635,-0.661293,0.0634808,0.0802055,0.896361,0.297744,-0.706394,0.271619,0.248478,-0.754649,0.0725108,-0.0490741,-0.0844759,0.773284
21.29,0,,46.4089,3.49663,-2.45538,-1.77579,8.88595,0.425662,50.7502,5.71746,22.8466,17.6273,-3.67366,-10.1559,-1.5515,-4.01947,4.40983,4.40983,3.16232,-3.16232,-10.0852,10.0852,-13.3909,-11.0703,-1.45111,3.00135,-5.3695,8.71236,153.415,-4.89522,2.34023,143.873,40.9628,-7.1347,148.892,-9.56689,-4.15993,148.825,13.3298,-0.174738,153.978,-1.43161,4.09771,153.303,-7.09096,9.51332,152.183,10.9406,-1.30239,-38.0766,21.4857,-163.091,-190.896,-120.157,-7.81369,-119.112,-145.503,-33.2133,-116.235,-349.713,1.79751,-24.8906,-143.02,64.4588,-1.48572,-53.2596,-11.2324,-61.5436,-18.0333,-63.0836,-0.341085,-0.577549,-0.401757,0.587561,0.191907,0.74083,-0.734908,-0.00396753,-0.665385,0.0557899,0.0871641,0.893677,0.297939,-0.706789,0.269006,0.248673,-0.754504,0.0700118,-0.0470605,-0.0851484,0.773477
21.3,0,,46.8773,3.46887,-2.57905,-1.75629,8.71736,0.528803,49.4908,5.73473,22.5027,17.5578,-3.71761,-10.109,-1.78192,-4.24354,4.62053,4.62053,3.21748,-3.21748,-10.0476,10.0476,-14.5897,-10.7574,-1.70848,2.93193,-5.69704,8.55007,153.503,-5.1107,2.36097,144.186,41.2175,-7.13951,149.183,-8.05456,-4.30855,149.313,14.5134,-0.228683,154.17,-1.68275,4.09376,153.495,-7.35901,9.49006,152.128,10.6371,-1.31311,-35.6456,34.6627,-172.361,-191.893,-96.6869,-2.93013,-160.151,-149.418,-33.6571,-41.9817,-367.172,-16.5371,-42.456,-150.369,62.9805,-0.990481,-81.0544,-5.39449,-88.8063,-13.525,-41.3806,-0.340718,-0.576145,-0.403039,0.58731,0.193552,0.739906,-0.732632,-0.0109867,-0.669763,0.0477944,0.0929031,0.891186,0.29806,-0.707275,0.266258,0.24873,-0.754309,0.067203,-0.0445585,-0.0861261,0.773609
21.31,0,,47.2916,3.44363,-2.69762,-1.74823,8.62045,0.649952,48.1326,5.78159,22.1095,17.3647,-3.86583,-9.96225,-2.04683,-4.45491,4.83226,4.83226,3.2603,-3.2603,-10.008,10.008,-15.7804,-10.2947,-1.77419,2.74428,-5.97088,8.39446,153.602,-5.32515,2.36971,144.417,41.4107,-7.20423,149.364,-6.50185,-4.39012,149.768,15.6943,-0.0914733,154.395,-1.93071,4.08756,153.715,-7.65351,9.45419,152.096,10.1842,-1.22467,-29.3086,33.2022,-168.946,-191.424,-65.4553,0,-185.561,-135.269,-20.0463,20.5624,-367.702,-185.503,-41.4843,-166.062,33.2092,13.2064,-108.849,-24.386,-25.9131,13.525,38.1974,-0.340471,-0.574674,-0.404317,0.587309,0.194773,0.738928,-0.7298,-0.0186784,-0.674375,0.0389434,0.0973584,0.889044,0.298049,-0.707799,0.263441,0.248726,-0.754052,0.0640889,-0.0412007,-0.0883832,0.773597
21.32,0,,47.6535,3.40325,-2.83492,-1.75544,8.58063,0.759642,46.6923,5.84572,21.6923,17.1355,-4.16917,-9.72775,-2.31243,-4.60044,5.03276,5.03276,3.30337,-3.30337,-9.98423,9.98423,-16.9792,-9.7637,-1.63181,2.48721,-6.20446,8.28997,153.7,-5.52887,2.37945,144.57,41.552,-7.32456,149.468,-4.91886,-4.42814,150.168,16.8779,0.259174,154.598,-2.18291,4.09715,153.913,-7.97094,9.38344,152.096,9.66239,-1.06657,-40.0433,25.3804,-187.988,-194.822,-29.8289,0.976712,-195.821,-113.287,-32.6955,17.7065,-359.501,-335.774,-45.8944,-176.788,27.3305,21.4604,-118.17,-38.057,-59.1142,-19.6435,-137.163,-0.340231,-0.573277,-0.405543,0.587508,0.19551,0.73791,-0.726532,-0.0269176,-0.679106,0.0289937,0.100471,0.887389,0.297998,-0.708432,0.260519,0.248921,-0.753537,0.0609788,-0.0375392,-0.091437,0.773369
21.33,0,,47.9843,3.37044,-2.97958,-1.76604,8.55408,0.861146,45.1965,5.91479,21.1441,16.9618,-4.58368,-9.52451,-2.56492,-4.69169,5.23735,5.23735,3.35173,-3.35173,-9.99017,9.99017,-18.0639,-9.27999,-1.35254,2.27678,-6.4434,8.26996,153.788,-5.73917,2.3907,144.702,41.6542,-7.45506,149.539,-3.32074,-4.44749,150.541,17.95,0.744687,154.79,-2.43405,4.11068,154.099,-8.29013,9.3088,152.145,9.18191,-0.929895,-41.0266,21.4857,-203.128,-200.213,8.32218,-1.95342,-189.488,-64.4305,-17.0874,25.9886,-300.775,-434.997,-45.4459,-167.949,30.287,4.37462,-134.314,5.39449,-21.0544,24.7958,-85.9442,-0.339923,-0.571869,-0.40676,0.587813,0.195754,0.736933,-0.722996,-0.0354021,-0.68381,0.0192266,0.102176,0.886074,0.298057,-0.709036,0.257709,0.249217,-0.752961,0.0579248,-0.0341814,-0.094121,0.772866
21.34,0,,48.2365,3.32376,-3.13844,-1.77749,8.54081,0.929907,43.6259,5.99618,20.3168,16.7558,-5.01628,-9.30564,-2.78843,-4.72865,5.42529,5.42529,3.40261,-3.40261,-10.0119,10.0119,-18.8794,-8.74632,-0.996611,2.00994,-6.68503,8.2833,153.871,-5.9339,2.40569,144.828,41.6906,-7.59091,149.572,-1.71252,-4.4309,150.886,18.7462,1.28297,154.938,-2.68095,4.12985,154.242,-8.61814,9.26325,152.205,8.65546,-0.739629,-45.8886,18.5647,-199.225,-222.654,30.764,4.3952,-193.336,-14.1498,20.4901,61.9729,-188.877,-489.641,-56.6579,-158.216,33.6905,-3.87938,-132.317,0.960662,6.7482,31.8804,-13.6006,-0.339611,-0.570576,-0.407912,0.588365,0.195389,0.735959,-0.719093,-0.0440697,-0.688573,0.0111698,0.102299,0.885104,0.298225,-0.709612,0.255011,0.249889,-0.752415,0.0549952,-0.0306413,-0.0974173,0.772258
21.35,0,,48.4363,3.26192,-3.31601,-1.78894,8.49435,0.965924,41.9951,6.06525,19.1682,16.5228,-5.48335,-9.06151,-2.99884,-4.6836,5.61016,5.61016,3.46079,-3.46079,-10.0337,10.0337,-19.3769,-8.17585,-0.569492,1.69755,-6.97229,8.34777,153.942,-6.1269,2.42817,144.987,41.6808,-7.69574,149.611,-0.0958876,-4.3915,151.253,19.2292,1.8752,155.043,-2.93845,4.15748,154.335,-8.94614,9.22254,152.299,8.08992,-0.503805,-66.4019,15.1244,-189.452,-245.095,28.3328,3.90685,-194.298,31.7703,54.2212,123.66,-99.9937,-503.302,-36.1026,-153.846,37.6096,6.35558,-90.3748,1.47794,-17.5453,-0.644048,-102.439,-0.339187,-0.569361,-0.409014,0.58908,0.194468,0.735022,-0.714905,-0.0526778,-0.693357,0.00512719,0.100591,0.884318,0.298541,-0.710188,0.252274,0.250863,-0.751796,0.0523089,-0.0269791,-0.101202,0.771408
21.36,0,,48.5624,3.15214,-3.49358,-1.78385,8.35895,0.97411,40.3377,6.11211,17.7927,16.286,-6.06417,-8.81258,-3.14647,-4.56348,5.77329,5.77329,3.51721,-3.51721,-10.0575,10.0575,-19.6297,-7.59224,-0.0109518,1.35695,-7.30252,8.46337,154.008,-6.29811,2.45266,145.273,41.6332,-7.70858,149.731,1.5056,-4.32722,151.659,19.468,2.58471,155.114,-3.22032,4.17158,154.401,-9.27415,9.20219,152.447,7.51059,-0.233144,-67.3853,16.098,-186.037,-262.673,12.2495,13.1856,-228.043,35.686,87.4345,194.772,-30.1568,-466.273,-34.6824,-165.565,33.6905,12.7112,-63.9115,-0.51728,-44.5381,-4.83036,-125.878,-0.338827,-0.568272,-0.410059,0.589925,0.192939,0.734156,-0.710524,-0.0606701,-0.698134,0.000305188,0.0969278,0.883765,0.299023,-0.710659,0.249399,0.252032,-0.751214,0.0497472,-0.0233776,-0.105291,0.770239
21.37,0,,48.6181,3.02091,-3.67285,-1.77749,8.09346,0.97411,38.6416,6.14911,16.1791,15.8792,-6.70187,-8.53959,-3.22029,-4.40986,5.92894,5.92894,3.57136,-3.57136,-10.0891,10.0891,-19.6297,-6.82986,0.607823,0.965379,-7.70523,8.58787,154.079,-6.4624,2.47489,145.739,41.5394,-7.5984,149.967,3.09532,-4.23735,152.119,19.4494,3.34816,155.18,-3.51597,4.18173,154.467,-9.60745,9.16729,152.595,6.75195,0.0589559,-53.7006,31.2549,-199.713,-266.13,-16.6444,12.6972,-251.93,24.3839,81.5167,269.882,17.4592,-403.001,-30.7956,-174.305,41.9756,36.1525,-40.6104,-4.35993,-86.9168,12.5589,-86.523,-0.338508,-0.567212,-0.411081,0.590981,0.190747,0.733325,-0.705978,-0.0678144,-0.702926,-0.0029298,0.0916782,0.883212,0.299705,-0.711051,0.246539,0.25325,-0.750532,0.0471829,-0.0184334,-0.110173,0.768893
21.38,0,,48.5951,2.84803,-3.86404,-1.77198,7.66204,1.01504,36.9287,6.17131,14.3709,15.1854,-7.37318,-8.23053,-3.21477,-4.25047,6.06623,6.06623,3.62401,-3.62401,-10.1267,10.1267,-19.4095,-5.76516,1.24303,0.508722,-8.2207,8.71459,154.129,-6.6087,2.49788,146.408,41.4051,-7.34435,150.351,4.65475,-4.13367,152.662,19.2,4.12685,155.268,-3.83704,4.19188,154.55,-9.95133,9.09557,152.711,5.69674,0.367135,-48.347,48.3266,-217.292,-287.106,-46.3798,15.6274,-237.822,15.1287,85.955,345.563,75.6566,-248.056,-41.0358,-166.956,34.1718,37.6383,-70.7354,-7.83309,-126.056,23.5077,46.0105,-0.33815,-0.566309,-0.411944,0.592249,0.188057,0.732514,-0.701434,-0.0738544,-0.707598,-0.00457782,0.0852084,0.882481,0.30056,-0.711418,0.243548,0.254349,-0.749679,0.0444973,-0.0111701,-0.116218,0.767382
21.39,0,,48.5067,2.6638,-4.03481,-1.78979,7.06468,1.0707,35.2158,6.17871,12.3753,14.4826,-8.01001,-7.85892,-3.1306,-4.0726,6.19809,6.19809,3.6633,-3.6633,-10.1723,10.1723,-18.9528,-4.69783,1.85085,-0.00759287,-8.83014,8.88132,154.184,-6.74706,2.50787,147.286,41.2343,-6.93895,150.894,6.17213,-3.99956,153.292,18.717,4.86802,155.372,-4.16554,4.20936,154.654,-10.2864,9.02287,152.875,4.64153,0.734269,-50.2863,69.3254,-211.91,-294.431,-67.8865,1.46507,-195.34,-15.1287,67.3881,439.808,112.427,-85.5614,-14.6503,-159.209,29.2901,28.3112,-99.1959,11.7496,-35.0906,80.506,153.368,-0.337907,-0.565396,-0.41274,0.59372,0.185007,0.731727,-0.696864,-0.0786772,-0.712184,-0.00439465,0.077822,0.881433,0.30154,-0.711792,0.240621,0.255263,-0.748882,0.0417504,-0.00415058,-0.122747,0.765538
21.4,0,,48.3593,2.43919,-4.18855,-1.80082,6.33592,1.07889,33.5102,6.12938,10.2698,13.9278,-8.56154,-7.23238,-2.97401,-3.82196,6.32486,6.32486,3.70461,-3.70461,-10.2237,10.2237,-18.333,-3.79086,2.40939,-0.769049,-9.51475,9.10585,154.25,-6.88126,2.51961,148.351,41.0216,-6.39983,151.58,7.64073,-3.82191,153.988,18.0695,5.54352,155.438,-4.52477,4.22571,154.731,-10.5985,8.9715,153.101,3.74265,1.36938,-56.1589,81.5288,-202.64,-293.962,-87.4296,-4.3952,-138.67,-70.304,42.4597,601.451,129.886,73.3383,-1.94341,-163.579,27.8462,14.1969,-71.734,-31.7019,75.5798,88.8786,321.206,-0.337722,-0.564478,-0.413592,0.595455,0.181902,0.730905,-0.692228,-0.0823398,-0.716705,-0.00274678,0.0700125,0.880009,0.302816,-0.712084,0.237565,0.256303,-0.748157,0.0393092,0.000610381,-0.130866,0.763343
21.41,0,,48.1366,2.1906,-4.29805,-1.8199,5.46644,1.05761,31.8383,6.08251,8.2516,13.5223,-8.91744,-6.28353,-2.73255,-3.56092,6.44244,6.44244,3.7167,-3.7167,-10.2218,10.2218,-17.705,-3.02323,2.84198,-1.84724,-10.1698,9.27703,154.348,-6.99886,2.51087,149.602,40.7641,-5.72701,152.414,9.02521,-3.58136,154.733,17.4166,6.06539,155.504,-4.88929,4.23135,154.802,-10.9177,8.94048,153.359,2.98401,2.33412,-38.0766,96.6856,-221.683,-277.849,-83.9699,-9.27876,-87.3698,-117.203,11.2437,804.22,101.052,185.862,-9.26857,-166.459,30.287,37.143,-29.2928,-47.368,80.9784,18.6774,215.295,-0.337845,-0.563503,-0.414448,0.597502,0.178842,0.730016,-0.687538,-0.0845993,-0.72117,-0.000366233,0.0631752,0.878043,0.304222,-0.712272,0.234575,0.257395,-0.747525,0.0368055,0.0030519,-0.14112,0.7609
21.42,0,,47.8582,1.91047,-4.40811,-1.82966,4.51465,1.0969,30.2653,6.06278,6.66329,13.3936,-9.03378,-5.25412,-2.46627,-3.37727,6.5427,6.5427,3.72476,-3.72476,-10.2178,10.2178,-17.3788,-2.49745,3.02816,-2.92325,-10.8491,9.46155,154.447,-7.09916,2.50112,150.957,40.4646,-4.9975,153.347,10.2751,-3.29242,155.528,17.0584,6.39961,155.63,-5.27289,4.22176,154.934,-11.2828,8.88427,153.639,2.46215,3.33369,-27.8336,99.1198,-236.822,-261.208,-65.9229,8.7904,-69.8157,-144.524,-34.1749,970.719,121.156,135.173,-20.4805,-181.655,35.65,44.9018,2.99585,-41.5302,98.5237,-86.3024,-23.4393,-0.338044,-0.562614,-0.415261,0.599837,0.175916,0.728996,0.683009,0.0855135,0.725369,0.000854533,0.0590849,0.875408,0.305741,-0.712379,0.231519,0.258313,-0.7468,0.033693,0.00341817,-0.150827,0.758467
21.43,0,,47.5208,1.61266,-4.4864,-1.84238,3.50048,1.17548,28.7912,6.04798,5.62321,13.4361,-8.97259,-4.53256,-2.20067,-3.33223,6.63955,6.63955,3.72299,-3.72299,-10.2158,10.2158,-17.4522,-2.14255,3.02269,-3.64241,-11.531,9.57048,154.557,-7.19393,2.48214,152.378,40.1077,-4.21236,154.357,11.3702,-2.95578,156.35,17.0876,6.61657,155.806,-5.67026,4.20146,155.11,-11.6654,8.81933,153.858,2.11501,3.99828,-21.4966,110.836,-236.334,-229.509,-24.4055,46.8822,-84.0033,-167.484,-73.2319,1011.84,169.037,117.197,-13.1554,-191.388,30.287,31.2827,-13.6478,-20.5434,66.9421,-85.3363,-167.548,-0.338351,-0.561701,-0.416057,0.602379,0.172919,0.727994,0.678686,0.0851486,0.729287,-6.10375E-05,0.0578025,0.872226,0.30733,-0.712445,0.228407,0.258994,-0.746094,0.0302149,0.00360115,-0.157291,0.756608
21.44,0,,47.1442,1.29594,-4.56412,-1.86189,2.50888,1.29172,27.4475,6.02331,4.9425,13.5648,-8.89762,-4.14653,-2.0013,-3.42232,6.73811,6.73811,3.72425,-3.72425,-10.2119,10.2119,-17.7213,-1.88229,2.98436,-4.00578,-12.2371,9.59494,154.678,-7.29112,2.46615,153.772,39.6962,-3.46413,155.372,12.2871,-2.60255,157.227,17.3078,6.85698,156.031,-6.09201,4.18511,155.346,-12.0622,8.75245,154.001,1.85523,4.31986,0,117.684,-227.538,-202.146,10.7534,80.5787,-110.855,-177.718,-104.522,1060.68,204.22,117.557,8.29686,-189.005,23.9271,51.2574,-51.7616,-51.728,-3.50906,4.50834,-135.138,-0.338694,-0.560747,-0.416944,0.605139,0.169749,0.726912,0.674768,0.0838043,0.732753,-0.00238041,0.0573739,0.868727,0.308981,-0.712573,0.225113,0.259412,-0.745459,0.0263685,0.00433374,-0.160715,0.755353
21.45,0,,46.7462,0.982994,-4.65433,-1.86698,1.56108,1.44889,26.2315,6.00605,4.49011,13.7012,-8.85022,-3.75328,-1.85987,-3.57247,6.84006,6.84006,3.72929,-3.72929,-10.2059,10.2059,-18.0639,-1.62203,2.96793,-4.36048,-12.9512,9.59716,154.815,-7.39177,2.45341,155.105,39.2469,-2.78542,156.376,13.0407,-2.23895,158.142,17.5918,7.15134,156.311,-6.51693,4.15184,155.631,-12.4731,8.672,154.144,1.60005,4.63072,20.0216,119.145,-224.122,-154.276,82.4737,115.252,-122.077,-183.146,-146.982,1153.78,230.409,19.0536,8.82009,-207.975,26.3679,100.616,-110.846,-27.3419,-1.8895,47.3375,-2.315,-0.339077,-0.559737,-0.417941,0.608076,0.166394,0.725699,0.671236,0.081669,0.735814,-0.00543227,0.0570083,0.865074,0.310504,-0.712687,0.221692,0.259534,-0.744849,0.0221569,0.00506613,-0.164069,0.754121
21.46,0,,46.3417,0.653647,-4.73715,-1.87758,0.64514,1.63389,25.1748,6.00605,4.2773,13.9201,-8.98724,-3.20129,-1.76053,-3.70992,6.94065,6.94065,3.71645,-3.71645,-10.196,10.196,-18.4879,-1.41434,3.1103,-4.84642,-13.66,9.6394,154.958,-7.48827,2.42418,156.384,38.7837,-2.17036,157.369,13.6244,-1.88918,159.069,17.95,7.62747,156.629,-6.95564,4.10109,155.956,-12.9105,8.5741,154.342,1.39545,5.08361,28.3253,120.119,-226.074,-112.792,146.994,136.699,-135.704,-219.277,-186.556,1205.47,183.586,-190.895,35.6541,-217.807,41.4943,104.991,-149.959,-66.8769,31.8515,13.525,14.7581,-0.339609,-0.55867,-0.418895,0.610992,0.162789,0.724462,0.668242,0.0787388,0.738374,-0.00994891,0.0559092,0.861527,0.312032,-0.712754,0.218154,0.259532,-0.744171,0.0175788,0.00482208,-0.168345,0.752549
21.47,0,,45.9176,0.315466,-4.8631,-1.86995,-0.258853,1.80742,24.2677,6.01591,4.30972,14.2483,-9.36642,-2.54107,-1.65223,-3.7977,7.02562,7.02562,3.7172,-3.7172,-10.1822,10.1822,-19.0099,-1.30656,3.43885,-5.42782,-14.358,9.73722,155.084,-7.57128,2.41143,157.624,38.3078,-1.61146,158.367,14.0484,-1.56015,159.984,18.3959,8.32055,156.915,-7.38692,4.04809,156.252,-13.3548,8.4859,154.572,1.2874,5.64905,39.5516,103.014,-221.195,-67.3821,203.099,144.513,-130.333,-264.664,-237.301,1177.2,20.1045,-407.675,63.0113,-235.387,41.013,102.02,-233.343,-8.27648,78.0091,-49.2697,30.3843,-0.339998,-0.557791,-0.419778,0.613909,0.158879,0.723165,0.6658,0.0749544,0.740449,-0.0162363,0.0539583,0.858267,0.313312,-0.712872,0.214429,0.259782,-0.743456,0.0131234,0.00335715,-0.173168,0.750841
21.48,0,,45.4967,0,-5.00493,-1.85298,-1.10046,1.94822,23.515,6.08498,4.43655,14.7271,-9.89553,-1.96142,-1.49218,-3.86816,7.11398,7.11398,3.71569,-3.71569,-10.1683,10.1683,-19.4584,-1.30656,3.88788,-5.90074,-14.9514,9.82836,155.205,-7.65741,2.39619,158.76,37.825,-1.14562,159.305,14.3142,-1.27328,160.779,18.778,9.09925,157.161,-7.79701,3.9855,156.499,-13.8328,8.3977,154.797,1.2874,6.12337,56.6506,126.48,-228.513,-34.1598,246.112,141.582,-131.375,-320.284,-283.681,1670.98,-219.298,-1101.15,55.6861,-252.47,23.9271,131.816,-303.746,-64.9556,62.8932,-76.3197,-11.575,-0.340348,-0.556911,-0.420613,0.616787,0.15467,0.721833,0.663981,0.070683,0.741989,-0.0226451,0.0512108,0.85563,0.314231,-0.713002,0.210586,0.260518,-0.742549,0.00866765,0.00134284,-0.176888,0.749365
21.49,0,,45.0693,-0.296539,-5.11556,-1.81397,-1.804,2.01043,22.9119,6.2379,5.28356,15.3489,-10.5134,-1.5802,-1.25693,-3.93053,7.20573,7.20573,3.70637,-3.70637,-10.1545,10.1545,-20.4778,-1.38805,4.24929,-6.14914,-15.2682,9.85949,155.342,-7.74561,2.37221,159.72,37.3267,-0.786742,160.128,14.4201,-1.07005,161.36,19.7228,9.8627,157.354,-8.18379,3.90204,156.68,-14.3741,8.30174,154.979,1.36786,6.386,57.1423,106.942,-197.761,-37.6168,240.689,127.949,-106.447,-386.227,-330.061,1242.6,19.5755,-2388.53,53.7427,-254.853,9.76336,143.042,-325.216,-42.9342,4.31885,-60.2185,-16.205,-0.340834,-0.55593,-0.421525,0.619532,0.150091,0.72061,0.662993,0.0662871,0.74283,-0.0328382,0.0517598,0.85361,0.31478,-0.713061,0.206618,0.261979,-0.741318,0.00415065,-0.000488302,-0.178658,0.748324
21.5,0,,44.6484,-0.579196,-5.20066,-1.77028,-2.28056,1.98587,22.5042,6.46483,5.02424,15.9165,-10.7271,-1.3,-0.972709,-3.95709,7.28322,7.28322,3.6963,-3.6963,-10.1386,10.1386,-20.1434,-1.37228,4.47927,-6.33354,-15.4507,9.82392,155.502,-7.81928,2.35072,160.411,36.8453,-0.585109,160.754,14.3444,-0.98572,161.694,19.3831,10.0574,157.48,-8.53665,3.8293,156.79,-14.9526,8.22129,155.116,1.35177,6.56822,48.8386,110.349,-193.843,-59.0619,207.493,133.769,-73.7433,-391.567,-367.639,1423.38,-212.42,-1403.49,74.2233,-262.699,0.962585,137.182,-304.745,-57.6398,11.337,-65.0488,105.043,-0.341457,-0.554974,-0.422518,0.622033,0.145391,0.71951,0.663055,0.0621366,0.742832,-0.0314946,0.0487067,0.852551,0.315019,-0.713173,0.202709,0.264114,-0.739911,-0.000244155,-0.00122079,-0.180128,0.747431
21.51,0,,44.2374,-0.842926,-5.29597,-1.69818,-2.53941,1.91711,22.3329,6.79781,3.71075,16.5164,-10.4919,-1.10638,-0.778167,-3.97904,7.33861,7.33861,3.6832,-3.6832,-10.1188,10.1188,-18.4961,-1.32759,4.56141,-6.44743,-15.644,9.74166,155.666,-7.87082,2.33049,160.839,36.3918,-0.561577,161.176,14.0635,-1.00922,161.924,17.7855,9.71376,157.568,-8.8429,3.73852,156.851,-15.5909,8.1515,155.22,1.30809,6.67274,55.6673,117.684,-183.597,-88.8858,165.509,162.582,-71.2585,-371.099,-301.73,1242.31,-42.0608,-1809.01,102.029,-273.426,-24.4084,162.109,-238.337,-20.9868,24.2935,-49.2697,39.0656,-0.34219,-0.554121,-0.423495,0.624412,0.140752,0.718349,0.664168,0.0580483,0.742054,-0.0189221,0.0419338,0.851738,0.314905,-0.713192,0.19899,0.266856,-0.738308,-0.00482195,-0.00140388,-0.1811,0.74674
21.52,0,,43.8558,-1.05618,-5.42305,-1.61166,-2.58056,1.86472,22.427,7.22699,2.68335,17.1549,-10.1368,-0.959667,-0.616049,-4.0264,7.39435,7.39435,3.6696,-3.6696,-10.0971,10.0971,-16.8814,-1.27764,4.43547,-6.506,-15.6601,9.64384,155.837,-7.92235,2.31,160.998,35.9691,-0.72791,161.407,13.5454,-1.18134,161.99,16.241,9.12036,157.677,-9.1004,3.63195,156.928,-16.2752,8.07396,155.308,1.25981,6.72097,102.048,119.145,-144.536,-75.7024,153.82,152.815,136.265,-275.432,-135.22,966.435,536.738,-60.0367,157.192,-304.712,6.35994,203.626,-151.79,-20.9868,15.116,-44.4393,26.9118,-0.342923,-0.553267,-0.424472,0.626862,0.136542,0.716955,0.666664,0.0538361,0.740216,-0.00537142,0.0369895,0.851187,0.314649,-0.713102,0.195748,0.269737,-0.736572,-0.00976643,-0.00134284,-0.18165,0.746133
21.53,0,,43.5529,-1.21139,-5.60856,-1.48824,-2.30312,1.89092,22.8081,7.7425,2.44095,17.8731,-11.0477,-0.864662,-0.685035,-4.14074,7.48271,7.48271,3.69403,-3.69403,-10.1426,10.1426,-15.8375,-1.24347,5.25685,-6.48973,-15.6548,9.62606,155.968,-8.01574,2.312,160.757,35.5772,-1.1515,161.347,12.7766,-1.58365,161.99,15.2352,9.63284,157.831,-9.34624,3.49943,157.037,-17.0317,7.98188,155.38,1.22533,6.69686,197.758,88.3769,-59.5679,40.0191,197.301,124.042,545.38,7.83134,31.216,-421.816,-48.4096,-13.6611,199.723,-324.178,-4.88168,287.57,-144.467,22.4647,28.8823,-41.8631,15.0475,-0.343228,-0.55235,-0.425509,0.62951,0.133373,0.715272,0.671009,0.0501135,0.736871,-0.00152595,0.0280164,0.85215,0.314356,-0.712885,0.192642,0.272722,-0.734665,-0.0153818,-0.00109871,-0.181592,0.745718
21.54,0,,43.3072,-1.30729,-5.89223,-1.30163,-1.48542,2.03826,23.3124,8.34927,3.34433,18.6725,-13.8251,-0.837003,-1.73777,-4.27934,7.5918,7.5918,3.74617,-3.74617,-10.0159,10.0159,-15.9353,-1.23032,7.57315,-6.3856,-15.8857,9.53714,156.001,-8.12677,2.36222,159.797,35.2064,-1.98691,160.721,11.9086,-2.22375,162.39,15.3122,12.044,158.007,-9.55817,3.33196,157.169,-17.85,7.87817,155.44,1.21383,6.58966,240.232,-2.43418,-7.80654,331.051,264.627,204.092,1052.29,499.96,61.9882,-1206.9,-1220.29,1863.66,286.653,-334.011,1.47826,383.316,-201.221,37.6136,-11.337,-30.2702,-27.7799,-0.342732,-0.551789,-0.426294,0.632359,0.13166,0.713357,0.676724,0.0495015,0.732269,-0.0153201,0.0130618,0.853166,0.313861,-0.712504,0.189769,0.275888,-0.732568,-0.0214851,-0.000732458,-0.180795,0.745399
21.55,0,,43.1058,-1.41834,-6.27063,-1.0497,0.0053098,2.31822,23.5536,9.05717,2.04493,19.5542,-14.8954,-0.856244,-3.27893,-4.43527,7.65569,7.65569,3.81216,-3.81216,-9.71701,9.71701,-14.0923,-1.23032,8.91474,-6.20988,-15.9877,9.38596,155.903,-8.18868,2.45865,157.942,34.8733,-3.30795,159.294,11.3517,-2.79126,162.56,13.5315,12.8672,158.188,-9.74043,3.12333,157.307,-18.737,7.7512,155.495,1.21613,6.41011,272.955,-43.4582,-87.8953,618.158,414.052,387.714,1187.03,1044.95,444.348,709.975,-2071.3,1489.41,335.911,-363.806,-24.4084,441.424,-337.865,62.9603,-13.7663,-41.8631,-3.76187,-0.34157,-0.552029,-0.426474,0.635004,0.131359,0.711427,0.680824,0.0554841,0.728801,-0.00817922,-0.00238052,0.853385,0.313246,-0.711884,0.187142,0.279381,-0.730163,-0.0280175,-0.000183114,-0.179391,0.745214
21.56,0,,43.0763,-1.50541,-6.73413,-0.74815,1.28497,2.65711,23.7756,9.84893,-0.297368,20.4913,-10.7039,-0.969287,-3.54659,-4.55886,7.70429,7.70429,3.86581,-3.86581,-9.27559,9.27559,-11.2379,-1.24872,5.50326,-5.93762,-14.9406,9.18588,155.688,-8.22603,2.56708,156.263,34.7109,-4.52898,157.928,10.9867,-2.94403,161.551,10.8512,8.43666,158.309,-9.87395,2.86733,157.383,-19.6593,7.62713,155.522,1.23222,6.13677,256.348,-49.3002,-145.512,575.209,658.668,497.065,758.274,1043.44,842.315,1710.4,-292.839,1594.39,326.642,-368.177,-10.2447,424.338,-397.45,63.9949,-7.82791,-22.8637,-59.0324,-0.339874,-0.552783,-0.426002,0.636919,0.132511,0.709553,0.681979,0.0617095,0.727818,0.0341815,0.011048,0.853195,0.312517,-0.710916,0.184947,0.283401,-0.727515,-0.0344866,0.00061038,-0.177193,0.745213
21.57,0,,43.2876,-1.54705,-7.21125,-0.441934,1.10709,2.98782,24.772,10.7344,-0.717346,21.4619,-7.49985,-1.24588,-2.7974,-4.66281,7.759,7.759,3.88671,-3.88671,-8.77084,8.77084,-9.876,-1.25924,2.91317,-5.53195,-14.1003,8.94134,155.403,-8.25993,2.65203,156.274,34.8915,-4.77875,157.994,10.1742,-2.63089,160.861,9.57477,5.34298,158.358,-9.95448,2.58539,157.383,-20.6186,7.53505,155.506,1.24372,5.72676,178.228,-17.1042,-94.2381,420.875,693.827,448.229,293.45,771.031,821.307,1351.69,1248.6,1218.71,295.398,-387.742,30.287,427.227,-375.979,48.846,14.0362,-48.9476,-48.9043,-0.337972,-0.553684,-0.425014,0.637736,0.135079,0.707931,0.682367,0.0561569,0.728147,0.0596953,0.0243542,0.85252,0.311795,-0.709657,0.183366,0.2881,-0.724707,-0.0408346,0.0020143,-0.173963,0.745537
21.58,0,,43.7363,-1.55967,-7.5976,-0.157773,-0.212392,3.23339,26.6296,11.7087,1.0584,22.5213,-7.65325,-1.72932,-1.60324,-4.75406,7.80998,7.80998,3.8774,-3.8774,-8.28588,8.28588,-10.243,-1.30919,3.20339,-4.92777,-13.8694,8.65678,155.134,-8.28656,2.70574,157.69,35.4121,-4.16209,159.284,8.8267,-2.24379,160.866,9.94365,5.68307,158.342,-9.99051,2.31021,157.307,-21.6238,7.46623,155.44,1.2943,5.12648,138.185,41.5109,-47.3702,269.529,466.323,317.391,-87.8507,453.15,310.089,44.552,1182.99,290.477,311.543,-421.908,83.5042,465.856,-345.688,49.2894,8.36776,-30.2702,-60.1899,-0.336326,-0.55448,-0.423917,0.637107,0.138677,0.706934,0.684127,0.0400417,0.727587,0.0553608,0.0241707,0.852934,0.311118,-0.708302,0.182325,0.293479,-0.721673,-0.0471227,0.00384538,-0.169075,0.746248
21.59,0,,44.1981,-1.58743,-7.83361,0.129357,-1.78144,3.37419,28.6224,12.7817,2.59457,23.6837,-7.46625,-2.42683,-0.135903,-4.88457,7.80454,7.80454,3.84767,-3.84767,-7.87416,7.87416,-10.3082,-1.41434,3.08292,-4.08713,-13.6869,8.30331,154.947,-8.25751,2.73672,159.5,36.0055,-3.20099,160.864,7.41026,-1.92789,160.91,10.0073,5.54821,158.292,-9.97992,2.02996,157.208,-22.6837,7.38676,155.314,1.40005,4.29306,126.467,61.536,-74.7074,97.6748,15.6158,165.024,-411.119,27.8546,-146.02,-193.915,1111.83,-448.658,307.582,-453.095,111.316,489.297,-342.359,39.535,9.7174,-39.6089,-56.7174,-0.335359,-0.55529,-0.422953,0.635514,0.141788,0.706682,0.686136,0.0217908,0.726421,0.0556649,0.025391,0.852551,0.310498,-0.706814,0.181892,0.299275,-0.71831,-0.0535924,0.00616471,-0.162175,0.747456
21.6,0,,44.4847,-1.63285,-7.92325,0.405884,-3.13942,3.4233,30.2026,13.9459,3.41761,24.9117,-8.34955,-3.2975,0.980297,-5.06591,7.73725,7.73725,3.78848,-3.78848,-7.5337,7.5337,-9.93309,-1.55105,3.97002,-3.0686,-13.7003,7.88092,154.843,-8.16689,2.73622,161.108,36.4492,-2.25593,162.252,6.26634,-1.81937,161.146,9.64908,6.34801,158.237,-9.91952,1.74803,157.092,-23.7806,7.31018,155.132,1.53798,3.28277,114.749,95.2251,-145.999,-112.323,-453.606,-90.3458,-620.085,-328.649,-319.335,-528.912,249.455,-706.42,320.812,-439.984,132.802,507.291,-353.51,33.6971,11.6069,-41.5411,-20.5456,-0.335159,-0.556116,-0.422077,0.633819,0.143501,0.706943,0.68828,0.00653121,0.724598,0.0537135,0.0180673,0.852518,0.309839,-0.705256,0.182021,0.305314,-0.71476,-0.060245,0.00891141,-0.153752,0.749047
21.61,0,,44.5191,-1.69216,-7.89601,0.666718,-4.14695,3.44622,31.281,15.1865,3.48667,26.2028,-10.3075,-4.30527,1.52598,-5.33388,7.62204,7.62204,3.70637,-3.70637,-7.2645,7.2645,-9.0931,-1.71667,5.91395,-1.88737,-13.9929,7.41407,154.804,-8.02923,2.70824,162.321,36.6549,-1.49058,163.311,5.38821,-1.92858,161.645,8.81845,8.12705,158.221,-9.8252,1.46101,157.021,-24.9198,7.21907,154.902,1.7035,2.10901,136.218,182.628,-191.892,-426.734,-804.166,-268.067,-621.608,-514.198,-314.971,-929.594,-1445.41,718.284,326.194,-422.802,148.926,533.209,-387.63,40.0522,21.0544,0,-2.02562,-0.335593,-0.55692,-0.421292,0.632921,0.144542,0.707267,0.690833,-0.00488308,0.722085,0.0494417,0.00158702,0.85229,0.309037,-0.70371,0.182443,0.311244,-0.711058,-0.0673884,0.0120245,-0.143928,0.750891
21.62,0,,44.2161,-1.71361,-7.84722,0.951728,-4.84652,3.42821,31.9372,16.5283,2.13231,27.6728,-12.0947,-5.46818,1.65774,-5.70233,7.48339,7.48339,3.62552,-3.62552,-7.0428,7.0428,-6.89118,-2.03476,7.99479,-0.51523,-14.5003,6.87385,154.848,-7.87082,2.67651,163.182,36.5262,-0.984631,164.106,4.60597,-2.16153,162.357,6.67156,9.73018,158.243,-9.66838,1.15539,156.999,-26.096,7.12312,154.633,2.01846,0.758387,168.45,243.645,-113.769,-629.876,-976.033,-129.903,-401.34,-645.551,-233.898,992.709,-2096.16,406.237,329.109,-388.636,174.812,575.717,-411.097,21.9474,21.0544,10.6268,-0.578749,-0.336508,-0.557591,-0.420864,0.633994,0.145208,0.706872,0.693765,-0.0139778,0.719096,0.0546299,-0.0213026,0.850212,0.307878,-0.702127,0.183299,0.317047,-0.707282,-0.0750194,0.0145878,-0.132145,0.753072
21.63,0,,43.5709,-1.67828,-7.80184,1.25285,-5.30449,3.39874,32.316,17.9811,1.84622,29.4298,-8.71751,-6.72127,2.7836,-6.15972,7.33352,7.33352,3.55222,-3.55222,-6.88445,6.88445,-5.65158,-2.59209,4.6545,1.02721,-13.7244,6.31363,154.974,-7.70583,2.64378,163.769,36.0601,-0.726306,164.704,3.7699,-2.44011,161.831,5.48798,6.00089,158.342,-9.44902,0.839052,157.054,-27.3234,7.00099,154.358,2.5771,-0.742308,201.664,238.777,-51.7614,-488.784,-819.781,-88.3924,-10.2599,-787.583,-168.951,882.186,877.458,-1063.05,351.533,-373.54,170.412,629.368,-467.852,0,0,-12.5589,17.6518,-0.33784,-0.558062,-0.420851,0.637624,0.146801,0.705317,0.69699,-0.0221567,0.71579,0.0834422,-0.00335722,0.848461,0.306233,-0.700607,0.18446,0.322594,-0.703359,-0.0833191,0.0156873,-0.118296,0.755372
21.64,0,,42.6718,-1.61645,-7.68894,1.58282,-5.65361,3.4102,32.6272,19.5499,2.84965,31.4186,-6.31666,-7.96956,3.78253,-6.62288,7.13946,7.13946,3.47968,-3.47968,-6.73995,6.73995,-5.57819,-3.33081,1.97132,2.63256,-12.8438,5.81343,155.128,-7.49796,2.61455,164.214,35.3729,-0.523069,165.176,2.78074,-2.72628,161.244,5.4349,3.21447,158.506,-9.15868,0.493958,157.191,-28.5931,6.85075,154.166,3.31275,-2.29392,287.104,228.521,5.367,-143.553,-277.811,-187.976,360.861,-782.689,-216.811,273.024,1416.58,775.445,306.61,-376.42,170.412,714.879,-504.468,-27.3419,-77.1994,-32.8464,62.5049,-0.339442,-0.558697,-0.420869,0.642921,0.150705,0.703166,0.70047,-0.0304578,0.712189,0.0992489,0.0150766,0.847767,0.303915,-0.699084,0.185865,0.327839,-0.69932,-0.0922905,0.0153814,-0.103397,0.75717
21.65,0,,41.7089,-1.43348,-7.52328,1.96156,-5.89786,3.42821,33.0035,21.2765,4.27307,33.4395,-8.06603,-8.97373,3.85358,-6.98324,6.96172,6.96172,3.42376,-3.42376,-6.62712,6.62712,-5.831,-4.03535,3.41695,4.00795,-12.7445,5.45328,155.315,-7.3098,2.59431,164.554,34.5961,-0.35513,165.544,1.63514,-2.9537,161.453,5.68967,4.70736,158.715,-8.76448,0.114467,157.394,-29.9157,6.68016,154.111,4.01622,-3.62311,307.618,109.863,66.413,306.618,222.174,-272.95,315.894,-511.262,-167.472,-92.8166,-115.601,76.2143,234.405,-409.195,159.17,828.62,-509.794,-121.117,-154.669,0,192.434,-0.341101,-0.559141,-0.421187,0.648835,0.156197,0.700718,0.703817,-0.0391247,0.708639,0.0892978,0.00653101,0.848726,0.300799,-0.697489,0.187755,0.332968,-0.695112,-0.101874,0.014405,-0.0903974,0.75791
21.66,0,,40.8458,-1.10287,-7.52498,2.37296,-5.83812,3.4806,33.404,23.2102,5.43295,35.3266,-9.78351,-9.31286,3.64455,-7.12185,6.81219,6.81219,3.35047,-3.35047,-6.48658,6.48658,-5.91255,-4.49541,4.99401,4.74012,-12.6398,5.28877,155.529,-7.14655,2.55659,164.559,33.9117,-0.571204,165.665,0.553456,-3.10094,161.71,5.76662,6.29172,159,-8.24525,-0.314081,157.696,-31.323,6.43106,154.309,4.47601,-4.32522,250.475,13.177,126.469,756.848,432.099,-97.1828,-6.33231,-278.813,-152.825,-220.189,-724.557,-50.6897,158.687,-430.152,172.853,837.864,-602.499,-223.613,-235.917,-14.4911,260.148,-0.342913,-0.559294,-0.421652,0.654575,0.159981,0.697607,0.706556,-0.0460214,0.705702,0.07996,-0.00360125,0.849407,0.296892,-0.695719,0.19038,0.337902,-0.690452,-0.112369,0.013001,-0.0832551,0.756987
21.67,0,,40.0794,-0.604434,-7.47846,2.83907,-5.57263,3.64759,33.6887,25.44,5.89239,36.8069,-8.95105,-8.73682,3.79287,-7.00057,6.66538,6.66538,3.27088,-3.27088,-6.36188,6.36188,-5.4477,-4.38762,4.25476,4.65551,-12.0169,5.40438,155.798,-6.9864,2.50962,164.378,33.3127,-0.862154,165.599,-0.333083,-3.18182,161.469,5.32875,5.39341,159.45,-7.55435,-0.810858,158.251,-32.8625,5.93383,154.819,4.37026,-4.24215,160.146,-71.3052,156.733,743.137,525.419,-70.8116,-193.336,-230.49,-199.206,-114.807,-277.231,146.317,81.5484,-395.489,193.376,582.072,-950.683,-176.245,-427.836,37.0328,267.671,-0.344998,-0.559249,-0.422336,0.658914,0.161142,0.695354,0.708584,-0.0507221,0.703518,0.0878929,0,0.849388,0.292378,-0.693589,0.19441,0.342129,-0.684686,-0.124461,0.0131838,-0.0843519,0.75404
21.68,0,,39.3654,0.107259,-7.33266,3.31027,-5.2713,3.93246,33.901,27.9065,5.78951,36.9665,-7.14223,-8.1271,4.10676,-7.09528,6.52332,6.52332,3.18725,-3.18725,-6.22926,6.22926,-4.50985,-2.95225,2.612,4.37349,-11.2088,5.29322,156.095,-6.83041,2.45815,164.197,32.7487,-1.06539,165.522,-1.10355,-3.31315,161.075,4.42648,3.4924,160.06,-6.64833,-1.31327,159.042,-34.4267,5.28055,155.132,2.94033,-4.10012,67.3853,-134.269,179.694,295.895,367.672,-105.973,-145.483,-274.898,-185.077,91.6742,251.836,207.432,-9.79179,-337.388,226.551,337.919,-1251.93,-115.723,-1008.18,-133.64,411.491,-0.347252,-0.559059,-0.423185,0.662027,0.160227,0.694134,0.710686,-0.0545696,0.701225,0.104439,0.00781307,0.848695,0.286877,-0.691435,0.199959,0.345306,-0.678587,-0.137524,0.0238047,-0.0905799,0.75119
21.69,0,,38.6989,1.04735,-7.17778,3.69197,-4.94608,4.11091,34.094,30.5112,5.74723,34.8143,-6.23566,-8.24015,4.22059,-7.20039,6.40982,6.40982,3.08675,-3.08675,-6.061,6.061,-3.69432,0.696656,1.76323,4.08605,-10.5457,4.98643,156.408,-6.69967,2.3907,164,32.2071,-1.27933,165.456,-1.83532,-3.51292,160.883,3.63035,2.43929,160.581,-5.54416,-1.70912,159.685,-35.9186,4.90932,155.303,-0.694276,-4.14567,-23.436,-176.754,199.225,-1.46483,50.7746,-147.931,-54.1853,-369.141,-212.89,285.589,338.338,133.735,-63.0113,-309.082,216.788,429.208,-1198.67,-347.686,-1120.2,-559.034,885.775,-0.349569,-0.558627,-0.424097,0.664592,0.157603,0.69328,0.713096,-0.0581073,0.698569,0.115544,0.0105595,0.848056,0.279803,-0.689863,0.206373,0.348889,-0.67379,-0.149968,0.0526146,-0.103154,0.74692
21.7,0,,37.9734,2.14012,-7.0246,3.9456,-4.60625,4.11909,34.1977,33.3157,6.15029,30.3914,-6.39939,-7.37188,4.11297,-6.65291,6.28951,6.28951,2.98197,-2.98197,-5.91255,5.91255,-3.38443,6.67213,1.85085,2.05007,-10.0624,5.03979,156.715,-6.56305,2.316,163.78,31.6122,-1.5093,165.357,-2.5284,-3.70164,160.85,3.33313,2.44515,160.927,-4.29588,-1.95159,160.025,-37.4564,4.91416,155.846,-6.6462,-2.63962,-84.4843,-204.601,192.867,-90.8194,-234.891,-219.719,72.3005,-324.2,-275.396,176.78,23.808,-129.061,-16.5937,-319.808,157.211,688.962,-991.627,-508.782,-881.854,-357.769,862.915,-0.351901,-0.558219,-0.424906,0.666917,0.153026,0.692737,0.715374,-0.0612218,0.696024,0.1175,0.00891166,0.848134,0.270889,-0.689246,0.212902,0.354149,-0.669966,-0.161937,0.0935731,-0.136423,0.736255
21.71,0,,37.1628,3.36161,-6.91851,4.15215,-4.22527,4.00777,34.2026,36.352,6.99589,25.218,-6.7079,-6.3172,3.90325,-5.78202,6.1777,6.1777,2.88878,-2.88878,-5.6572,5.6572,-3.53938,13.5335,2.06441,-0.357949,-9.49596,4.99755,156.979,-6.43196,2.26378,163.484,30.9237,-1.78474,165.176,-3.2198,-3.80878,160.806,3.49235,2.64921,161.125,-2.93209,-2.10947,160.135,-39.1035,5.08669,156.434,-13.4809,-0.841462,-114.257,-180.649,177.728,-91.2881,-343.734,-272.462,149.41,-243.661,-170.431,-35.6987,-122.479,-96.3464,100.609,-339.374,28.3275,755.407,-745.135,-575.659,-900.479,-616.354,1081.1,-0.353909,-0.557965,-0.425631,0.669599,0.147898,0.692062,0.717192,-0.0639064,0.693937,0.115303,0.00848442,0.848625,0.260877,-0.68906,0.21986,0.361035,-0.665917,-0.173773,0.139538,-0.175064,0.72046
21.72,0,,36.2621,4.67395,-6.88164,4.37905,-3.95978,3.71144,34.0771,39.4574,7.68646,18.7008,-6.53038,-6.20536,3.83013,-4.75868,6.08119,6.08119,2.7976,-2.7976,-5.27121,5.27121,-3.572,21.7357,1.90561,-1.86025,-8.78987,4.47956,157.193,-6.31229,2.2253,163.275,30.1413,-2.04307,165.045,-3.87924,-3.83366,160.702,3.52685,2.45336,161.086,-1.49731,-2.26792,159.97,-40.7435,5.35421,156.714,-21.6651,0.0750348,-103.523,-133.296,153.806,-18.574,-363.277,-261.718,63.9643,-138.205,-40.0186,-88.2471,-75.6566,103.177,200.171,-329.144,-59.0958,544.434,-446.215,-488.756,-1298.35,-565.796,972.298,-0.355558,-0.557845,-0.426182,0.672947,0.142891,0.690953,-0.718431,0.0668989,-0.692367,0.116156,0.0100714,0.848864,0.250932,-0.688521,0.227798,0.369228,-0.661424,-0.184339,0.198678,-0.210641,0.700407
21.73,0,,35.3041,6.04434,-6.89639,4.59662,-3.9173,3.34144,33.86,42.5085,8.03456,10.2283,-6.02194,-6.86679,3.96534,-3.82773,5.99351,5.99351,2.71272,-2.71272,-4.83574,4.83574,-3.27841,31.7307,1.50039,-2.57615,-8.07841,3.28131,157.341,-6.20091,2.19632,163.275,29.3015,-2.21208,165.077,-4.49999,-3.8309,160.576,3.24555,1.96199,160.911,-0.0201336,-2.41791,159.613,-42.2724,5.78262,156.341,-31.6723,0.549362,-72.7663,-104.994,148.439,70.3118,-347.194,-214.347,-54.6662,-32.2153,23.449,3.42707,28.3051,110.726,254.362,-313.452,-74.2222,293.925,-182.58,-354.484,-1271.9,-370.972,1372.21,-0.356834,-0.557896,-0.426479,0.676693,0.138073,0.689572,-0.719339,0.0707436,-0.691017,0.120732,0.0119023,0.848726,0.241531,-0.687664,0.23677,0.377711,-0.657392,-0.193555,0.273327,-0.246165,0.675261
21.74,0,,34.3444,7.4223,-6.92816,4.76288,-4.05403,3.01401,33.5608,45.4536,8.24314,-1.29624,-5.63502,-8.16679,4.2406,-2.90603,5.9235,5.9235,2.62531,-2.62531,-4.23795,4.23795,-2.91142,44.5886,1.19374,-2.41887,-7.26225,1.21159,157.468,-6.1013,2.17933,163.462,28.4562,-2.28535,165.269,-5.04503,-3.85786,160.477,2.88729,1.56208,160.762,1.44962,-2.5228,159.168,-43.6903,6.39423,154.907,-44.5762,1.22735,-38.0766,-114.244,145.024,170.916,-280.803,-170.884,-105.004,23.939,-44.4569,83.9633,51.8486,61.1153,268.564,-282.265,-74.2222,171.848,11.1512,-265.66,-1551.28,-292.398,1253.28,-0.357865,-0.558009,-0.426716,0.680527,0.133676,0.688096,-0.720179,0.0750759,-0.68966,0.125313,0.0126961,0.848562,0.232743,-0.686816,0.246172,0.385778,-0.654297,-0.202167,0.368856,-0.28566,0.639378
21.75,0,,33.3848,8.78637,-6.98262,4.86085,-4.31421,2.81919,33.1821,48.295,8.56165,-14.4079,-5.59107,-7.94671,4.54828,-1.46572,5.84194,5.84194,2.54471,-2.54471,-3.7431,3.7431,-2.74016,58.9766,1.07875,-3.21721,-6.64207,-0.706948,157.545,-5.99546,2.15685,163.736,27.6248,-2.32546,165.566,-5.49587,-3.97952,160.433,2.72011,1.39555,160.691,2.91408,-2.57298,158.696,-44.9988,7.16576,152.414,-58.9675,4.39221,0.491664,-123.04,125.493,180.643,-195.337,-170.395,-104.042,-76.1775,-82.5523,81.1074,26.4533,1.43801,301.752,-198.738,-94.2302,97.6449,218.198,-222.135,6285.27,2205.54,3077.5,-0.358732,-0.558272,-0.426669,0.68441,0.129704,0.686485,-0.721343,0.0793489,-0.687955,0.127329,0.0129404,0.848512,0.224443,-0.686026,0.255879,0.393097,-0.652212,-0.210466,0.464816,-0.335412,0.585125
21.76,0,,32.4464,10.1404,-7.02971,4.89945,-4.62483,2.81428,32.7985,51.06,9.01686,-18.2104,-5.75222,-2.21156,4.86423,1.19429,5.73522,5.73522,2.46688,-2.46688,-3.36503,3.36503,-2.74832,64.3789,1.06232,-9.08432,-6.16955,0.446845,157.594,-5.86991,2.12512,164.038,26.8355,-2.34365,165.906,-5.89793,-4.16339,160.395,2.73337,1.35803,160.79,4.39549,-2.56678,158.295,-46.205,8.02162,155.253,-64.3745,8.15199,18.5467,-132.322,110.841,107.929,-135.773,-168.93,29.2569,-230.935,-123.533,10.2812,-13.7557,-30.1981,343.236,-68.8283,-145.007,16.0953,372.983,-132.35,4475.67,-1017.92,-432.036,-0.359585,-0.558697,-0.426363,0.68809,0.126228,0.684916,-0.722743,0.083438,-0.685998,0.127451,0.0133067,0.848636,0.216867,-0.685087,0.266307,0.399255,-0.65104,-0.218824,0.477797,-0.384288,0.533158
21.77,0,,31.5081,11.4653,-7.05297,4.85449,-4.88103,3.05985,32.4535,53.7486,9.45798,-12.6496,-5.84356,-1.51647,5.10224,4.17424,5.60812,5.60812,2.36739,-2.36739,-2.97904,2.97904,-2.74016,60.6301,1.01851,-10.0877,-5.70241,3.89266,157.638,-5.7236,2.0719,164.257,26.0685,-2.39499,166.158,-6.31512,-4.3127,160.357,2.72276,1.29118,161.125,5.87478,-2.47148,158.081,-47.3424,8.81739,162.546,-60.3951,3.20774,9.77865,-133.782,103.523,67.8509,-108.843,-150.861,106.928,-346.715,-166.51,-19.4201,-32.2731,61.4748,335.911,78.1643,-151.848,47.378,428.24,-82.0258,-503.955,-3348.08,2763.24,-0.36057,-0.559198,-0.425823,0.691553,0.122685,0.683436,-0.723997,0.0871654,-0.684199,0.127873,0.0137334,0.848725,0.210402,-0.683943,0.277545,0.403964,-0.650322,-0.227619,0.44773,-0.371307,0.530012
21.78,0,,30.5664,12.7259,-7.04503,4.71114,-5.04298,3.57065,32.1374,56.3829,9.8089,-9.55894,-5.79272,-5.76401,5.1933,5.21953,5.46063,5.46063,2.23768,-2.23768,-2.69796,2.69796,-2.62599,58.9687,0.925424,-6.28581,-5.37218,5.21097,157.66,-5.56,1.97772,164.329,25.3127,-2.50891,166.257,-6.75419,-4.38805,160.329,2.61926,1.17391,161.695,7.31486,-2.27412,158.097,-48.4834,9.46486,164.985,-58.5767,-2.29928,7.81199,-116.224,100.581,71.7766,-130.817,-111.345,60.0367,-375.459,-132.779,9.71004,-6.87787,46.7352,305.638,258.329,-140.641,13.2064,448.213,-17.5875,-1099.15,-1491.61,1709.91,-0.361716,-0.559726,-0.424891,0.694872,0.119149,0.681993,-0.724945,0.0902138,-0.682768,0.129216,0.0139776,0.848665,0.205274,-0.682536,0.289385,0.407504,-0.649468,-0.237202,0.451392,-0.338651,0.541792
21.79,0,,29.574,13.9588,-6.99,4.50205,-5.10802,4.34175,31.749,58.9727,10.1175,-8.37083,-5.68069,-9.35976,5.1457,5.67576,5.3026,5.3026,2.0732,-2.0732,-2.45647,2.45647,-2.52813,59.0712,0.826858,-3.24215,-5.10102,5.76452,157.66,-5.38671,1.8433,164.252,24.5122,-2.6715,166.213,-7.16465,-4.415,160.302,2.51842,1.0496,162.502,8.74117,-1.98542,158.334,-49.6173,9.98341,166.308,-58.5904,-6.27344,8.79532,-114.244,83.0019,86.8936,-149.893,-109.392,2.96576,-335.413,-126.491,17.7065,5.29067,4.31402,352.056,415.552,-113.757,33.6763,402.276,-54.1666,-771.994,-551.627,1508.8,-0.363009,-0.560231,-0.423622,0.698216,0.115423,0.680576,-0.725677,0.0922279,-0.681669,0.130559,0.0142827,0.848602,0.200877,-0.68082,0.301651,0.409826,-0.648677,-0.247519,0.464145,-0.317101,0.546426
21.8,0,,28.5472,15.2118,-6.90093,4.28023,-5.06555,5.36661,31.2882,61.4664,10.4276,-6.17225,-5.59624,-10.145,4.94495,6.19899,5.14865,5.14865,1.87548,-1.87548,-2.10017,2.10017,-2.47104,58.1327,0.766624,-2.92325,-4.74127,6.78048,157.649,-5.21378,1.68516,164.038,23.6724,-2.87474,166.021,-7.54316,-4.42952,160.285,2.46269,0.971025,163.545,10.1887,-1.62172,158.888,-50.6684,10.2354,168.236,-57.4939,-7.8331,13.193,-103.501,70.3163,85.9562,-173.363,-127.461,3.92763,-278.279,-109.404,21.1336,12.6976,22.2891,360.876,441.871,-92.7863,111.347,229.515,-58.0831,-1001.43,-1386.64,1111.2,-0.364341,-0.560702,-0.422144,0.701577,0.111639,0.679176,-0.726401,0.0932034,-0.680684,0.131353,0.014527,0.848547,0.19636,-0.678808,0.314042,0.410424,-0.647864,-0.258071,0.458342,-0.310505,0.544285
21.81,0,,27.4697,16.485,-6.78463,4.06053,-4.98855,6.64032,30.7623,63.7973,10.7348,-4.12556,-5.59107,-10.2894,4.67866,6.15625,4.97635,4.97635,1.6571,-1.6571,-1.76565,1.76565,-2.44657,57.0838,0.788527,-3.2107,-4.42447,7.50966,157.627,-5.02493,1.50277,163.769,22.7935,-3.09081,165.78,-7.89643,-4.43505,160.285,2.43881,0.979234,164.835,11.669,-1.174,159.838,-51.5642,10.1259,169.494,-56.3306,-8.20559,9.77865,-109.863,60.5437,64.9212,-188.979,-143.536,30.2989,-207.53,-83.9578,7.71092,2.3808,21.5701,309.6,392.112,-42.4912,166.483,-6.32457,46.8508,-965.262,-1793.35,-181.727,-0.365814,-0.561204,-0.420445,0.705074,0.108041,0.677667,-0.727086,0.0936935,-0.679782,0.131478,0.0143441,0.848562,0.191293,-0.676545,0.32637,0.408838,-0.647133,-0.268449,0.449124,-0.308796,0.542331
21.82,0,,26.3659,17.8087,-6.64847,3.84042,-4.9036,8.00244,30.1857,65.9679,11.0251,-2.40969,-5.59968,-11.4968,4.39237,5.32002,4.79725,4.79725,1.42638,-1.42638,-1.443,1.443,-2.43026,56.0033,0.83781,-2.28328,-4.12646,7.56746,157.605,-4.83158,1.3049,163.495,21.8936,-3.30207,165.516,-8.2211,-4.42676,160.291,2.42819,1.01442,166.229,13.1918,-0.64395,161.014,-52.2908,9.71589,169.526,-55.2685,-8.76567,11.2263,-99.1198,62.0075,73.7102,-184.584,-124.531,14.6685,-120.14,-58.1417,-0.571179,-14.5493,13.3016,222.147,302.725,14.645,126.947,-203.052,95.6968,-1159.07,-1546.04,-350.722,-0.367387,-0.56167,-0.418659,0.708654,0.104681,0.676059,-0.727661,0.093941,-0.679012,0.131358,0.0140392,0.848579,0.185374,-0.674172,0.338582,0.405915,-0.64629,-0.277914,0.444667,-0.301226,0.547212
21.83,0,,25.2425,19.1438,-6.49983,3.59994,-4.86112,9.25978,29.5681,67.9016,11.276,-1.08513,-5.59107,-13.2213,4.15781,4.06451,4.61679,4.61679,1.19339,-1.19339,-1.15401,1.15401,-2.39764,54.957,0.859714,-0.712645,-3.85262,7.11617,157.594,-4.63996,1.10004,163.281,20.9713,-3.48819,165.308,-8.5239,-4.42745,160.291,2.39369,1.02262,167.536,14.7039,-0.0507491,162.112,-52.7881,9.25937,168.703,-54.3328,-9.30699,12.2097,-84.9691,37.5977,80.5656,-183.555,-104.996,-1.4428,-61.0488,-15.608,10.2812,0,19.0536,132.301,219.198,61.021,30.7874,-376.978,116.24,-1240.59,-1106.8,101.57,-0.369023,-0.562079,-0.416875,0.71231,0.101445,0.674344,-0.728222,0.0943618,-0.678233,0.131539,0.0137948,0.848562,0.178842,-0.67191,0.35036,0.402682,-0.645805,-0.285302,0.443077,-0.290908,0.556303
21.84,0,,24.0929,20.4145,-6.32623,3.35649,-4.87705,10.247,28.8829,69.5394,11.4945,0.127435,-5.6376,-14.4599,3.99845,2.68542,4.4292,4.4292,0.971994,-0.971994,-0.958043,0.958043,-2.36502,53.7319,0.898045,0.431709,-3.662,6.39144,157.589,-4.44489,0.897417,163.149,20.0279,-3.62083,165.171,-8.78465,-4.45786,160.291,2.36185,1.05194,168.579,16.1366,0.530046,162.881,-53.0402,8.97344,167.352,-53.25,-9.06045,1.47499,-64.4571,22.4582,73.2414,-173.831,-85.9506,-21.9627,-64.9645,20.0463,13.1371,-6.3488,8.26853,49.3327,159.705,118.639,-76.6797,-533.761,162.574,-1266.23,-893.616,-3.47249,-0.370697,-0.562485,-0.415134,0.715933,0.0983348,0.672656,-0.728843,0.0949126,-0.677389,0.131597,0.0134282,0.848603,0.171945,-0.669897,0.361103,0.400003,-0.645999,-0.289946,0.438437,-0.283461,0.56674
21.85,0,,22.9154,21.5716,-6.13447,3.07064,-4.95404,10.9739,28.1471,70.8418,11.7157,1.19197,-5.73843,-15.2272,3.89428,1.26937,4.23107,4.23107,0.759157,-0.759157,-0.890742,0.890742,-2.36502,52.3807,0.936376,1.07927,-3.60025,5.45551,157.594,-4.2422,0.6933,163.094,19.0664,-3.7155,165.105,-9.00839,-4.53252,160.302,2.36185,1.08595,169.358,17.4474,1.10069,163.249,-53.0473,8.96181,165.589,-52.0454,-8.1118,-19.53,-52.7405,24.4098,58.5932,-160.646,-89.8575,-1.4428,-74.6647,19.0107,-2.85589,-19.5755,-16.5371,-1.49493,147.489,147.963,-141.639,-644.607,210.902,-1328.58,-816.009,-16.4943,-0.372452,-0.562889,-0.413408,0.71957,0.0954624,0.670923,-0.729611,0.0956497,-0.676384,0.131413,0.013184,0.848599,0.164621,-0.668615,0.370259,0.397973,-0.647194,-0.291827,0.430946,-0.279138,0.578053
21.86,0,,21.7478,22.6492,-5.93477,2.72243,-5.05758,11.4077,27.3871,71.8013,11.9116,1.84331,-5.85563,-15.7792,3.8391,-0.058906,4.03464,4.03464,0.5569,-0.5569,-0.908557,0.908557,-2.36502,51.1451,0.963755,1.4741,-3.6083,4.30171,157.605,-4.04298,0.49268,163.094,18.1105,-3.78877,165.088,-9.20184,-4.63067,160.307,2.35919,1.11175,169.847,18.6607,1.65611,163.15,-52.774,9.2836,163.529,-50.9465,-6.79601,-43.4576,-46.3792,3.90327,47.8706,-140.168,-92.7876,21.4818,-91.3063,-28.775,-7.71092,-8.7296,-3.59501,-8.29686,157.222,99.5932,-193.887,-672.901,220.213,-1286.21,-615.388,78.1311,-0.374222,-0.563255,-0.41176,0.723127,0.0928401,0.669169,-0.730441,0.0964399,-0.675323,0.131293,0.0130012,0.848615,0.156989,-0.66812,0.37819,0.39671,-0.649606,-0.290559,0.423292,-0.276986,0.589801
21.87,0,,20.6194,23.6751,-5.74529,2.34878,-5.15581,11.4732,26.6224,72.4179,12.085,2.18828,-5.97886,-16.2326,3.80943,-1.1966,3.8552,3.8552,0.376556,-0.376556,-0.989713,0.989713,-2.35687,49.9174,0.974707,1.75938,-3.66468,3.00564,157.622,-3.86139,0.309799,163.111,17.1756,-3.85295,165.088,-9.37343,-4.74335,160.296,2.35389,1.127,169.951,19.8019,2.12695,162.529,-52.192,9.9679,161.294,-49.8223,-5.32479,-68.3686,-46.8661,2.92745,36.6207,-131.846,-76.1835,40.0779,-85.9667,-58.1417,-2.85589,-1.05813,0,-2.46663,175.299,12.2042,-264.623,-634.288,214.376,-1182.55,-343.277,297.766,-0.375869,-0.56356,-0.410294,0.726559,0.0905224,0.667412,-0.731308,0.097174,-0.674236,0.131231,0.0128789,0.848667,0.149487,-0.66802,0.385406,0.396392,-0.653309,-0.285727,0.415241,-0.275586,0.602262
21.88,0,,19.5026,24.6543,-5.5541,1.95308,-5.22351,11.1982,25.8286,72.7262,12.2188,2.48563,-6.09778,-16.5813,3.737,-2.08481,3.6931,3.6931,0.203013,-0.203013,-1.06493,1.06493,-2.34055,48.4741,0.996611,1.94811,-3.73449,1.64955,157.627,-3.69641,0.134413,163.089,16.2309,-3.91874,165.05,-9.52315,-4.84842,160.296,2.33796,1.14928,169.676,20.8913,2.48727,161.415,-51.3085,11.004,159.048,-48.4453,-3.80802,-93.2523,-58.0957,3.90327,40.0191,-95.6583,-75.2068,42.0016,-128.416,-82.9962,-7.71092,-10.3168,1.79751,-5.38175,166.956,-63.4618,-345.182,-527.769,245.117,-1041.38,-75.3536,426.249,-0.377357,-0.563837,-0.408854,0.729887,0.0882603,0.665675,-0.732135,0.0975367,-0.673235,0.131235,0.0126352,0.848696,0.142585,-0.668002,0.392415,0.397052,-0.658294,-0.277478,0.405249,-0.274133,0.615534
21.89,0,,18.4152,25.6386,-5.36235,1.55059,-5.24475,10.7054,25.0349,72.8076,12.333,2.93101,-6.17706,-16.8411,3.62455,-2.78591,3.55444,3.55444,0.0355147,-0.0355147,-1.0966,1.0966,-2.30793,46.6733,1.00209,2.07936,-3.76402,0.304566,157.622,-3.55425,-0.0324789,163.023,15.2904,-3.98719,164.957,-9.66951,-4.93413,160.291,2.30612,1.1528,169.16,21.9743,2.75962,160.036,-50.1675,12.2147,156.967,-46.6728,-2.40379,-126.959,-82.0156,9.27027,19.5115,-67.419,-72.765,42.9635,-161.165,-73.7497,-0.571179,-13.2267,5.39252,-2.91511,157.719,-128.402,-374.484,-412.096,274.897,-976.599,122.047,327.283,-0.378677,-0.564048,-0.407486,0.733071,0.0861251,0.663975,-0.732888,0.0976004,-0.672338,0.131413,0.0124516,0.848721,0.136541,-0.667629,0.399918,0.398096,-0.664225,-0.266679,0.39242,-0.271807,0.629556
21.9,0,,17.3294,26.6191,-5.16548,1.18203,-5.2036,10.1029,24.2267,72.6719,12.4401,3.49096,-6.23566,-17.1886,3.44242,-3.36803,3.41986,3.41986,-0.114604,0.114604,-1.15994,1.15994,-2.28347,44.5545,1.00756,2.25074,-3.83919,-0.927036,157.605,-3.41694,-0.183881,162.897,14.3387,-4.0487,164.798,-9.81081,-4.99773,160.285,2.28224,1.16101,168.507,23.0646,2.9457,158.608,-48.7761,13.434,155.143,-44.5463,-1.33723,-151.842,-96.1988,13.1879,3.3984,-35.1589,-54.6958,28.295,-152.8,-43.9391,0.856768,-9.25867,3.95452,-9.79179,127.923,-186.535,-345.182,-307.075,298.323,-968.771,283.059,164.654,-0.379853,-0.564316,-0.406161,0.736061,0.0838667,0.662388,-0.733569,0.0972355,-0.671554,0.131537,0.0122687,0.848736,0.131478,-0.666545,0.408167,0.398717,-0.670958,-0.253929,0.377589,-0.267352,0.644269
21.91,0,,16.2601,27.6222,-4.99245,0.866479,-5.10802,9.45787,23.4113,72.3143,12.5416,4.08565,-6.25893,-17.7178,3.18924,-3.87509,3.2982,3.2982,-0.253388,0.253388,-1.05306,1.05306,-2.27531,42.1858,1.01851,2.71391,-3.77207,-2.16308,157.567,-3.29311,-0.314046,162.705,13.3884,-4.12144,164.562,-9.94707,-5.02952,160.291,2.26897,1.16687,167.783,24.1762,3.0613,157.279,-47.1326,14.5099,153.6,-42.1485,-0.755708,-162.604,-94.2514,21.4823,2.46091,-12.717,-38.0917,35.1884,-80.0932,-34.6927,5.4262,-8.20054,-1.0785,-31.7673,104.98,-215.825,-280.801,-235.341,307.634,-940.429,498.171,51.2193,-0.380755,-0.564663,-0.404865,0.738933,0.0815476,0.660804,-0.734119,0.096442,-0.670943,0.131597,0.0121465,0.84873,0.127509,-0.664525,0.417442,0.39835,-0.678221,-0.239462,0.361665,-0.25991,0.659481
21.92,0,,15.2546,28.633,-4.81318,0.596738,-4.9859,8.77681,22.62,71.7125,12.6346,4.66233,-6.25634,-18.396,2.9264,-4.27472,3.20372,3.20372,-0.386883,0.386883,-0.918454,0.918454,-2.259,39.6463,1.01851,3.3593,-3.67274,-3.26352,157.523,-3.19696,-0.438465,162.491,12.4674,-4.18027,164.298,-10.08,-5.04335,160.274,2.25039,1.1657,167.003,25.2804,3.08667,156.109,-45.258,15.3812,152.365,-39.5691,-0.659234,-161.129,-92.2716,12.2121,-15.6444,-9.25726,-33.2082,29.2569,10.7681,-32.6955,-2.57031,-8.20054,-1.43801,-63.4598,115.21,-236.315,-226.077,-199.224,303.717,-918.025,661.115,2.89374,-0.381488,-0.564908,-0.403645,0.741554,0.0793497,0.659335,-0.734583,0.0954622,-0.670433,0.131719,0.0120854,0.848788,0.124824,-0.661474,0.427575,0.396816,-0.685776,-0.223465,0.34512,-0.249654,0.674492
21.93,0,,14.2933,29.587,-4.6288,0.358806,-4.84652,8.06956,21.8721,70.7949,12.7361,5.17078,-6.24169,-18.9949,2.63114,-4.48956,3.10958,3.10958,-0.510555,0.510555,-0.752182,0.752182,-2.25085,36.9911,1.02947,3.99385,-3.55998,-4.15054,157.462,-3.10253,-0.551392,162.249,11.5885,-4.21664,164.002,-10.2129,-5.03782,160.269,2.24508,1.17039,166.169,26.3379,3.04044,155.137,-43.1365,15.9928,151.519,-36.8771,-0.873619,-161.621,-110.349,8.29445,-18.574,7.85464,-25.3945,32.7036,80.0932,-28.3311,1.99913,-7.936,0.359501,-121.089,164.075,-253.916,-205.607,-168.933,301.722,-931.251,730.35,53.8237,-0.382103,-0.56522,-0.402429,0.743867,0.0772128,0.658048,-0.734958,0.0943647,-0.670014,0.131723,0.0120248,0.848815,0.123545,-0.657582,0.438266,0.393829,-0.693474,-0.205827,0.327654,-0.23805,0.688146
21.94,0,,13.3745,30.4715,-4.44725,0.156077,-4.73368,7.34266,21.1652,69.5814,12.8404,5.48101,-6.19947,-19.2775,2.35727,-4.45375,3.03244,3.03244,-0.634478,0.634478,-0.55226,0.55226,-2.22638,34.4122,1.02399,4.38434,-3.42574,-4.79524,157.38,-3.02609,-0.663819,162.019,10.7334,-4.24285,163.722,-10.3643,-5.02676,160.252,2.22385,1.15514,165.269,27.315,2.90454,154.33,-40.8299,16.3641,151.019,-34.2747,-1.10676,-148.428,-115.737,-5.8549,-44.9409,28.3328,-22.4644,27.8141,99.5826,-25.8901,-7.71092,-6.3488,2.87601,-161.153,253.86,-224.11,-235.322,-132.317,288.051,-940.969,710.063,225.133,-0.382528,-0.565521,-0.401145,0.746033,0.0752015,0.656792,-0.735313,0.0934477,-0.669576,0.131964,0.0120245,0.848857,0.123421,-0.653118,0.448942,0.389616,-0.70104,-0.186842,0.309896,-0.227615,0.699325
21.95,0,,12.4951,31.2753,-4.24982,-0.0466533,-4.64607,6.63704,20.4969,68.0694,12.9559,5.37545,-6.15379,-19.1404,2.09512,-4.1546,2.97126,2.97126,-0.769736,0.769736,-0.324626,0.324626,-2.20192,32.1382,1.02399,4.41363,-3.28345,-5.23764,157.276,-2.9666,-0.786489,161.799,9.90341,-4.25301,163.442,-10.5274,-5.00187,160.236,2.19997,1.14811,164.347,28.1966,2.72523,153.671,-38.3522,16.5318,150.772,-31.9873,-1.13088,-146.489,-129.888,-3.90327,-56.6596,56.6656,-26.8596,34.7075,135.713,-31.216,0.856768,-0.529067,-7.90903,-192.846,354.967,-184.094,-253.398,-52.7603,284.652,-851.083,619.574,327.572,-0.382836,-0.56577,-0.399744,0.748021,0.0733677,0.655609,-0.735596,0.0926591,-0.669184,0.13215,0.0119637,0.848934,0.124152,-0.648472,0.459253,0.384118,-0.708478,-0.166697,0.293114,-0.220354,0.707514
21.96,0,,11.6501,31.982,-4.07168,-0.226905,-4.6089,5.95108,19.8504,66.2564,13.0574,4.81294,-6.09519,-18.7917,1.86953,-3.64177,2.91825,2.91825,-0.900209,0.900209,-0.0574034,0.0574034,-2.16929,30.1981,1.00756,4.30299,-3.12505,-5.53554,157.144,-2.91714,-0.902913,161.607,9.10285,-4.26263,163.201,-10.6839,-4.98114,160.214,2.16547,1.12348,163.403,28.9723,2.49911,153.144,-35.7123,16.5192,150.69,-30.0424,-1.09068,-136.218,-135.243,-13.6758,-74.2375,73.2165,-27.8363,16.1113,141.587,-19.5285,9.13886,0.529067,-2.87601,-204.581,466.801,-156.248,-285.176,-7.32319,286.13,-693.715,506.222,309.631,-0.382955,-0.566071,-0.398276,0.749921,0.0715984,0.654396,-0.735868,0.0920445,-0.668788,0.132515,0.0119636,0.84899,0.125252,-0.644023,0.468658,0.377287,-0.715753,-0.145458,0.278274,-0.214977,0.713478
21.97,0,,10.8395,32.5864,-3.90489,-0.412246,-4.61421,5.32732,19.2665,64.1722,13.1913,3.9801,-6.06934,-18.3912,1.67085,-3.05733,2.86387,2.86387,-1.03068,1.03068,0.233572,-0.233572,-2.14483,28.4104,1.01304,4.22706,-2.96128,-5.74229,156.99,-2.86837,-1.01884,161.443,8.34008,-4.27333,162.987,-10.8622,-4.96662,160.192,2.13893,1.12348,162.491,29.642,2.27864,152.765,-32.9489,16.3175,150.701,-28.2561,-1.1282,-144.03,-138.196,-12.2121,-68.847,70.7853,0.976712,2.96576,105.011,9.76425,8.85327,-1.85173,11.8635,-207.496,541.489,-152.329,-270.979,54.2582,268.542,-470.754,364.853,473.706,-0.38296,-0.566444,-0.396694,0.751704,0.0698295,0.653186,-0.736177,0.0917399,-0.668303,0.132694,0.0118412,0.849084,0.126476,-0.640071,0.477032,0.369043,-0.722644,-0.123482,0.264662,-0.209606,0.718421
21.98,0,,10.0665,33.0836,-3.74604,-0.570443,-4.63811,4.76577,18.7334,61.8043,13.3435,3.38412,-6.02884,-18.2409,1.49563,-2.56414,2.81188,2.81188,-1.15662,1.15662,0.534445,-0.534445,-2.11221,26.2416,1.01304,4.45918,-2.79482,-5.85567,156.82,-2.82237,-1.13027,161.284,7.6137,-4.28082,162.784,-11.0607,-4.94588,160.154,2.10709,1.11527,161.624,30.1994,2.04237,152.545,-30.0638,15.9289,150.832,-26.0951,-1.58109,-137.693,-132.322,-26.3614,-64.9212,66.858,9.27876,-3.4467,67.3673,-1.47943,4.85502,-8.20054,7.19003,-230.967,588.864,-163.089,-240.274,118.669,242.678,-258.321,342.633,223.686,-0.382841,-0.566876,-0.395049,0.75335,0.067998,0.652024,-0.736467,0.0916159,-0.667801,0.132941,0.0117804,0.849223,0.12763,-0.636686,0.484091,0.359157,-0.729117,-0.100898,0.249286,-0.200088,0.724114
21.99,0,,9.33778,33.4861,-3.60534,-0.690045,-4.68457,4.32538,18.2557,59.1972,13.5027,3.07261,-6.00212,-18.1964,1.30108,-2.27308,2.76702,2.76702,-1.26946,1.26946,0.849174,-0.849174,-2.07143,23.66,1.00756,4.8616,-2.66327,-5.91791,156.622,-2.78536,-1.2282,161.119,6.92371,-4.28831,162.587,-11.2744,-4.94035,160.132,2.06993,1.10589,160.861,30.6518,1.83035,152.518,-27.0959,15.3396,151.014,-23.5249,-2.27516,-136.71,-129.401,-42.4768,-51.269,50.7746,16.1157,5.85137,55.1753,21.4518,1.42795,-5.81974,9.70654,-262.211,632.366,-179.213,-208.991,197.227,213.415,-327.692,335.871,554.731,-0.382466,-0.567413,-0.393331,0.754862,0.0661656,0.650913,-0.736864,0.0915587,-0.667157,0.133247,0.0116583,0.849287,0.128791,-0.63382,0.490014,0.347433,-0.734968,-0.0781907,0.231393,-0.187385,0.730497
22,0,,8.63524,33.7852,-3.48223,-0.776142,-4.72174,4.00286,17.819,56.4001,13.6803,2.71476,-5.96938,-17.8885,1.09206,-2.07672,2.72556,2.72556,-1.36694,1.36694,1.1837,-1.1837,-2.03066,21.0601,1.00756,5.10675,-2.52366,-5.91791,156.391,-2.75319,-1.3104,160.927,6.25471,-4.2974,162.351,-11.5082,-4.9286,160.099,2.03013,1.09768,160.208,30.9909,1.65611,152.66,-24.098,14.5593,151.233,-20.9432,-2.83256,-130.373,-116.711,-62.9833,-39.0816,42.4525,28.3246,13.7066,47.8779,29.2928,0,-4.49707,5.03302,-298.837,665.538,-193.376,-203.131,287.602,182.156,-213.783,294.974,610.87,-0.38185,-0.568075,-0.391555,0.756282,0.0642748,0.649829,-0.737274,0.0914344,-0.66647,0.133553,0.0115364,0.849419,0.130072,-0.631498,0.494834,0.334053,-0.739946,-0.0557264,0.212784,-0.175611,0.735953
22.01,0,,7.97036,33.9871,-3.3404,-0.846546,-4.7536,3.81131,17.4258,53.4353,13.8663,2.41355,-5.91078,-17.2271,0.840945,-1.99818,2.68953,2.68953,-1.45585,1.45585,1.5301,-1.5301,-1.98988,18.3444,0.996611,5.08614,-2.41359,-5.86011,156.128,-2.72725,-1.38335,160.696,5.6137,-4.27761,162.087,-11.7555,-4.90233,160.072,1.99032,1.07774,159.681,31.223,1.54221,152.935,-21.0683,13.6346,151.486,-18.2466,-3.14878,-127.942,-107.915,-67.8767,-26.8357,28.3328,38.0917,19.0771,50.2807,42.4597,1.42795,-5.29067,-5.03302,-347.646,664.049,-190.901,-201.645,340.861,134.271,-46.9674,243.772,414.674,-0.381014,-0.568835,-0.389681,0.757442,0.0624436,0.648974,-0.737644,0.0911907,-0.665802,0.133923,0.0114756,0.849501,0.131538,-0.629733,0.498684,0.319104,-0.744108,-0.0335706,0.192335,-0.165295,0.740714
22.02,0,,7.32677,34.0653,-3.20254,-0.899985,-4.79873,3.72454,17.0687,50.2929,14.0622,2.27195,-5.86252,-16.3432,0.573967,-2.03514,2.65895,2.65895,-1.52587,1.52587,1.91015,-1.91015,-1.94095,15.4263,0.991135,4.90608,-2.30083,-5.77786,155.837,-2.70858,-1.43632,160.455,4.98809,-4.23964,161.807,-12.028,-4.8816,160.05,1.93725,1.06602,159.253,31.3226,1.48864,153.297,-18.0122,12.6256,151.755,-15.3453,-3.31493,-124.992,-97.1724,-77.147,-28.8278,16.0833,37.6034,14.6685,51.7936,39.057,11.7092,2.90987,5.03302,-368.201,667.525,-205.581,-172.839,357.505,125.034,-60.4638,163.91,65.3986,-0.379898,-0.569725,-0.387772,0.758457,0.0607327,0.648223,-0.73808,0.0910088,-0.665017,0.134341,0.0112918,0.849568,0.133368,-0.628632,0.501429,0.302817,-0.74755,-0.0117196,0.169687,-0.155343,0.745158
22.03,0,,6.71757,34.0174,-3.05788,-0.939428,-4.84784,3.74255,16.7478,46.973,14.2666,2.04025,-5.79703,-15.3811,0.291813,-2.18645,2.63244,2.63244,-1.58154,1.58154,2.32187,-2.32187,-1.89202,12.5293,0.974707,4.70432,-2.18002,-5.74007,155.518,-2.6944,-1.47354,160.192,4.38907,-4.17813,161.511,-12.3056,-4.84842,160.028,1.88682,1.04843,158.934,31.2866,1.49259,153.737,-14.9085,11.5691,151.964,-12.4648,-3.43016,-126.959,-100.093,-79.5865,-34.6871,41.0499,13.1856,17.5541,52.2386,24.4106,5.4262,-5.81974,12.2231,-390.102,650.343,-197.261,-115.226,357.006,90.3023,-77.7392,50.8798,49.7724,-0.378566,-0.570718,-0.38583,0.759268,0.0593913,0.647627,-0.738473,0.0907604,-0.664254,0.134771,0.0111699,0.849643,0.135691,-0.628097,0.503149,0.28517,-0.750402,0.00988816,0.147042,-0.145577,0.74931
22.04,0,,6.10673,33.8281,-2.93533,-0.975054,-4.90492,3.81786,16.4511,43.4063,14.4977,1.35931,-5.74101,-14.2952,0.000689864,-2.40013,2.60899,2.60899,-1.6231,1.6231,2.77318,-2.77318,-1.83493,9.97139,0.969231,4.46569,-2.04041,-5.80454,155.183,-2.68436,-1.49478,159.928,3.78586,-4.12304,161.209,-12.6151,-4.81869,160,1.83375,1.03552,158.671,31.1054,1.53657,154.209,-11.6989,10.4748,152.068,-9.91757,-3.44624,-132.312,-100.093,-89.359,-42.48,68.8216,34.1849,-8.81714,39.0677,29.8106,4.28384,-1.85173,-6.83053,-374.031,627.003,-200.183,-97.6449,322.72,58.0831,30.7718,-107.878,486.728,-0.377034,-0.571807,-0.38387,0.760107,0.0581082,0.646942,-0.738928,0.0906417,-0.663363,0.1352,0.0109869,0.849718,0.138559,-0.628217,0.503758,0.266133,-0.752679,0.0318016,0.126776,-0.137396,0.752963
22.05,0,,5.50409,33.4874,-2.82471,-0.997957,-4.93015,3.88171,16.1688,39.5955,14.726,-0.0733719,-5.68069,-13.0685,-0.320097,-2.61727,2.5869,2.5869,-1.6372,1.6372,3.25616,-3.25616,-1.76969,8.05755,0.969231,4.16306,-1.87127,-6.00906,154.848,-2.67572,-1.48753,159.626,3.18684,-4.05405,160.875,-12.933,-4.78551,159.978,1.77006,1.02497,158.408,30.7705,1.58168,154.654,-8.37654,9.37859,152.035,-8.01406,-3.31493,-140.616,-95.7119,-102.045,-48.8081,102.578,27.8363,26.8522,68.8802,-31.216,7.42533,-0.529067,19.0536,-361.325,581.018,-188.976,-86.9147,281.277,72.7887,439.982,-275.33,1057.66,-0.375339,-0.572988,-0.382053,0.76084,0.0567654,0.646332,-0.739394,0.0903948,-0.662427,0.13569,0.0107429,0.849787,0.142038,-0.628947,0.503207,0.246045,-0.754371,0.0542629,0.111213,-0.132271,0.755967
22.06,0,,4.89325,32.9927,-2.74868,-1.01959,-4.95537,3.84733,15.9107,35.575,14.9811,-1.71716,-5.61778,-11.8611,-0.638125,-2.83673,2.55495,2.55495,-1.6299,1.6299,3.71143,-3.71143,-1.7126,6.27254,0.963755,3.86802,-1.73435,-6.30251,154.502,-2.65531,-1.46105,159.325,2.59202,-4.0011,160.54,-13.2729,-4.74266,159.951,1.71168,1.01793,158.034,30.2958,1.5783,154.95,-4.95538,8.34245,151.876,-6.23469,-3.17558,-162.604,-104.994,-100.581,-48.8081,135.212,37.115,30.2989,82.496,-27.3695,13.1371,4.7616,1.79751,-379.862,504.84,-163.089,4.37462,288.101,51.728,876.996,-379.344,581.643,-0.373554,-0.574308,-0.380268,0.761636,0.0553007,0.645602,-0.739835,0.0902744,-0.661463,0.136113,0.0104984,0.849879,0.146127,-0.630228,0.501618,0.225845,-0.755481,0.0777028,0.0967478,-0.127451,0.759333
22.07,0,,4.2775,32.3542,-2.71294,-1.02637,-4.97262,3.54772,15.6622,31.4164,15.2475,-3.164,-5.52816,-11.0506,-0.941665,-2.97995,2.51655,2.51655,-1.58128,1.58128,4.0796,-4.0796,-1.66367,4.26669,0.941852,3.88429,-1.66454,-6.67155,154.167,-2.6228,-1.39834,159.028,2.00279,-3.9519,160.211,-13.6144,-4.69289,159.913,1.6586,0.992134,157.392,29.695,1.44353,154.934,-1.49367,7.41196,151.557,-4.23922,-3.38728,-187.488,-105.481,-104.499,-58.1244,156.251,43.952,-1.4428,85.9667,-40.5364,14.5651,7.936,-2.87601,-395.484,446.241,-125.48,201.645,287.102,0.960662,957.434,-406.394,507.273,-0.371665,-0.575779,-0.378685,0.762447,0.0535929,0.644824,-0.740231,0.090217,-0.660513,0.136599,0.0104372,0.849989,0.151009,-0.631808,0.499233,0.206982,-0.755901,0.102545,0.081852,-0.119024,0.763769
22.08,0,,3.61426,31.553,-2.705,-0.990323,-5.01643,2.98454,15.4089,27.2282,15.5477,-4.73442,-5.44457,-10.5467,-1.24107,-2.97071,2.45368,2.45368,-1.50748,1.50748,4.45173,-4.45173,-1.63105,2.48693,0.919948,4.19126,-1.61353,-7.17842,153.805,-2.56331,-1.3124,158.727,1.39678,-3.90911,159.876,-13.9693,-4.65141,159.869,1.62676,0.963988,156.431,28.9638,1.14411,154.566,1.89398,6.52605,151.074,-2.46905,-3.88037,-222.669,-99.1198,-88.8711,-72.2454,175.327,70.3232,21.0008,92.7301,-72.2703,0,-3.43894,-9.34704,-371.565,373.54,-84.4668,375.97,239.335,-77.6659,1330.2,-333.617,594.665,-0.369595,-0.577557,-0.376981,-0.763337,-0.0513937,-0.643947,-0.740692,0.0902137,-0.659451,0.136969,0.0104985,0.850138,0.156747,-0.633517,0.496059,0.190322,-0.755245,0.128306,0.0697666,-0.109014,0.768654
22.09,0,,2.87241,30.599,-2.7623,-0.92628,-5.05227,2.16105,15.158,23.1387,15.8718,-6.12591,-5.31875,-9.88048,-1.50597,-2.87369,2.33304,2.33304,-1.40346,1.40346,4.83574,-4.83574,-1.59843,0.715059,0.865189,4.36264,-1.51688,-7.85424,153.459,-2.44329,-1.20172,158.436,0.776765,-3.91018,159.569,-14.3394,-4.59404,159.814,1.60022,0.906524,155.213,28.1436,0.720638,153.896,5.10704,5.59459,150.442,-0.708069,-4.26358,-234.387,-62.5097,-86.4316,-63.9837,191.878,90.3458,48.8149,49.8358,-58.1417,-7.42533,-1.05813,-9.70654,-298.837,284.649,-1.95955,427.723,267.629,-128.877,1687.86,-285.313,360.85,-0.367691,-0.579675,-0.375321,-0.764504,-0.0487695,-0.642733,-0.741069,0.0904591,-0.658423,0.137457,0.0108036,0.850314,0.16328,-0.635054,0.492527,0.175972,-0.753205,0.154181,0.0574365,-0.0999187,0.774019
22.1,0,,2.0454,29.5087,-2.89562,-0.797772,-5.06422,1.12145,14.8878,19.2046,16.1819,-7.20074,-5.15933,-8.81498,-1.76467,-2.727,2.16311,2.16311,-1.2677,1.2677,5.22173,-5.22173,-1.5495,-1.14094,0.783051,4.19886,-1.39607,-8.66345,153.118,-2.26931,-1.06556,158.134,0.125962,-3.9642,159.245,-14.7196,-4.52975,159.743,1.54714,0.82326,153.791,27.2365,0.177058,152.968,8.09438,4.53809,149.679,1.12877,-4.37078,-234.851,-29.7944,-112.793,-53.2026,216.283,72.2766,65.8881,25.3629,-51.2623,14.5651,13.7557,6.83053,-187.987,143.516,108.875,285.671,366.16,-183.117,1783.68,-320.736,13.6006,-0.365868,-0.582129,-0.373681,-0.766031,-0.0456567,-0.641085,-0.741423,0.0907018,-0.657375,0.138251,0.01117,0.850505,0.170545,-0.636218,0.488685,0.16383,-0.749566,0.1797,0.043581,-0.0928997,0.779881
22.11,0,,1.10049,28.2872,-3.06752,-0.593345,-5.08015,-0.072035,14.5717,15.3937,16.5131,-8.23953,-4.98181,-7.55707,-2.02682,-2.54335,1.93712,1.93712,-1.107,1.107,5.63147,-5.63147,-1.50872,-2.84183,0.706389,3.9049,-1.26183,-9.61717,152.767,-2.03653,-0.911408,157.816,-0.580824,-4.04549,158.899,-15.1115,-4.44611,159.661,1.50468,0.738823,152.199,26.2458,-0.458434,151.793,10.8842,3.35462,148.767,2.80239,-4.3815,-216.305,1.46051,-172.849,-67.3821,238.257,48.3472,67.892,79.1143,-10.2821,13.1371,-8.20054,-20.8511,-38.1207,-51.2487,219.229,113.74,493.65,-223.169,1941.86,-406.716,-267.093,-0.364044,-0.585009,-0.371857,-0.767819,-0.0423006,-0.639086,-0.741695,0.0909494,-0.656362,0.138983,0.0115972,0.850745,0.178353,-0.637052,0.484457,0.153572,-0.744545,0.204967,0.030763,-0.0872839,0.786165
22.12,0,,0.129373,27.0342,-3.23715,-0.374499,-5.07882,-1.3965,14.2509,11.7654,16.8879,-9.4315,-4.76809,-6.51082,-2.29863,-2.3135,1.70908,1.70908,-0.949325,0.949325,6.0709,-6.0709,-1.48425,-4.18782,0.607823,3.84741,-1.08732,-10.7398,152.415,-1.79995,-0.763254,157.481,-1.31,-4.13213,158.543,-15.5237,-4.34381,159.573,1.48611,0.637968,150.487,25.2115,-1.12719,150.381,13.4624,2.09942,147.719,4.11508,-4.63072,-171.864,43.4582,-201.664,-67.8509,290.996,43.952,75.1861,162.589,30.2544,0.856768,-7.40694,-28.4006,130.881,-290.509,305.174,1.48572,615.647,-242.161,2311.39,-349.718,7.23436,-0.362267,-0.587867,-0.370019,-0.769687,-0.0389421,-0.63693,-0.741899,0.0912496,-0.655349,0.139655,0.0122686,0.850989,0.186293,-0.637742,0.480016,0.145333,-0.738566,0.22981,0.0216071,-0.080996,0.792687
22.13,0,,-0.872858,25.8392,-3.40508,-0.153956,-5.06953,-2.75861,13.9252,8.4356,17.3051,-10.7187,-4.52852,-5.81452,-2.55319,-2.12292,1.4824,1.4824,-0.790894,0.790894,6.53607,-6.53607,-1.48425,-5.21835,0.503781,4.03615,-0.85912,-12.0426,152.08,-1.56268,-0.616849,157.146,-2.07137,-4.22145,158.186,-15.9577,-4.2256,159.474,1.48345,0.526558,148.758,24.2197,-1.76494,148.827,15.7902,0.90723,146.521,5.10132,-5.12916,-129.39,54.2011,-209.471,-58.1244,367.204,22.9527,99.1527,260.748,88.3961,4.85502,4.7616,5.39252,219.755,-546.852,335.942,-3.87938,716.841,-348.647,2774.32,-138.148,282.14,-0.360556,-0.590672,-0.368247,-0.771636,-0.0355238,-0.634607,-0.742038,0.09174,-0.654327,0.140263,0.0131229,0.851281,0.193612,-0.638395,0.475668,0.139047,-0.732529,0.253434,0.0158091,-0.073796,0.799488
22.14,0,,-1.82924,24.7931,-3.55428,0.045381,-5.02572,-4.05033,13.6574,5.55714,17.7744,-11.5026,-4.30878,-5.27095,-2.80499,-2.01551,1.2785,1.2785,-0.65891,0.65891,6.95966,-6.95966,-1.49241,-6.4513,0.443547,4.15221,-0.63897,-13.3853,151.789,-1.34893,-0.498926,156.823,-2.81035,-4.31665,157.835,-16.4304,-4.08528,159.392,1.49141,0.457367,147.15,23.3402,-2.34179,147.278,17.7882,-0.165744,145.286,6.27607,-5.65173,-86.4236,48.8134,-187.013,-42.9488,330.549,58.1143,134.261,363.267,129.376,-0.856768,-5.81974,1.43801,238.292,-740.227,296.373,-24.9271,808.547,-421.361,3113.35,21.5756,326.704,-0.359146,-0.593104,-0.366654,-0.773592,-0.0320448,-0.632228,-0.742091,0.0925936,-0.653282,0.140575,0.013734,0.851567,0.199724,-0.638971,0.471659,0.134466,-0.726895,0.274547,0.00842304,-0.0659805,0.806414
22.15,0,,-2.7676,23.8884,-3.65016,0.172193,-4.97528,-5.12431,13.4644,3.24598,18.3283,-11.231,-4.08558,-4.52294,-3.03195,-2.03514,1.07629,1.07629,-0.53272,0.53272,7.3892,-7.3892,-1.51688,-8.36513,0.394264,3.67061,-0.37855,-14.6992,151.542,-1.13587,-0.389747,156.532,-3.53813,-4.36372,157.522,-16.9671,-3.92906,159.315,1.51795,0.402248,145.821,22.6026,-2.73707,145.933,19.3595,-1.0439,144.083,8.08992,-5.80716,-34.1706,41.9977,-157.709,-49.3354,325.22,49.3239,159.189,473.173,132.335,5.4262,-0.529067,-11.8635,223.118,-763.169,267.083,-78.5781,847.16,-527.847,2965.43,95.6411,-256.386,-0.357988,-0.595365,-0.365252,-0.775257,-0.0289325,-0.630106,-0.742098,0.0940593,-0.652128,0.140691,0.0143438,0.851839,0.204665,-0.639815,0.468172,0.131292,-0.722196,0.291637,-0.00543251,-0.0595745,0.813289
22.16,0,,-3.63227,23.1287,-3.68874,0.185765,-4.89962,-5.81683,13.3824,1.5046,18.9639,-10.3763,-3.87359,-3.7593,-3.24236,-2.29964,0.89787,0.89787,-0.440281,0.440281,7.74748,-7.74748,-1.55765,-10.4604,0.383312,2.8842,-0.155715,-15.8663,151.35,-0.949091,-0.315295,156.274,-4.22252,-4.3819,157.237,-17.571,-3.74173,159.255,1.5551,0.388175,144.943,22.006,-2.88819,145.005,20.5022,-1.68749,142.979,10.0578,-5.77232,35.154,35.6364,-143.56,-23.906,391.61,33.2082,178.186,594.737,174.795,9.13886,-3.43894,4.31402,189.931,-623.526,282.244,-232.928,796.397,-445.821,2944.91,275.975,-1237.37,-0.3572,-0.597205,-0.364036,-0.776665,-0.0262469,-0.628217,-0.741987,0.096197,-0.650917,0.140508,0.01471,0.85208,0.208687,-0.640954,0.465227,0.128487,-0.718858,0.30367,-0.0212411,-0.0545677,0.819492
22.17,0,,-4.40032,22.5344,-3.6808,0.121299,-4.81466,-6.13116,13.4571,0.347783,19.7291,-9.20109,-3.68917,-3.28908,-3.40517,-2.9118,0.739163,0.739163,-0.362703,0.362703,8.10971,-8.10971,-1.63105,-12.4767,0.416167,2.1336,0.120814,-17.049,151.213,-0.782724,-0.254834,156.054,-4.83554,-4.35783,157.001,-18.259,-3.54334,159.206,1.63206,0.413975,144.515,21.5779,-2.83237,144.532,21.2306,-2.03448,141.886,11.9199,-5.84467,72.7663,-15.1244,-137.203,-21.9724,456.037,8.30205,188.446,683.551,168.433,13.7083,0,-15.4586,168.479,-447.235,310.537,-328.592,675.231,-334.976,2738.69,490.764,-2743.56,-0.356702,-0.598715,-0.363111,-0.777684,-0.02411,-0.626738,-0.741858,0.099187,-0.649507,0.139834,0.0150149,0.852371,0.211862,-0.642118,0.463155,0.126105,-0.717199,0.310623,-0.0360124,-0.0492576,0.825232
22.18,0,,-5.02262,22.1003,-3.5991,0.000848242,-4.73634,-6.17373,13.7273,-0.305852,20.6452,-7.72464,-3.53406,-3.68955,-3.50865,-3.61059,0.61478,0.61478,-0.304771,0.304771,8.45611,-8.45611,-1.76153,-14.4484,0.498305,2.03706,0.432245,-18.0561,151.125,-0.653019,-0.211113,155.89,-5.34219,-4.26745,156.82,-19.0379,-3.3332,159.151,1.76475,0.48434,144.411,21.2918,-2.64516,144.395,21.5974,-2.11687,140.975,13.7223,-6.60306,110.843,-37.0969,-148.439,-26.8357,551.789,1.95342,232.933,748.516,165.992,9.13886,-3.968,-23.3676,125.499,-268.559,297.37,-354.51,484.329,-317.388,2628.02,602.507,-3140,-0.356409,-0.599833,-0.362451,-0.778102,-0.0227669,-0.625936,-0.741699,0.103097,-0.64788,0.138554,0.0153203,0.85275,0.21449,-0.643103,0.462002,0.124518,-0.716955,0.313492,-0.0487693,-0.038698,0.829383
22.19,0,,-5.50245,21.805,-3.48564,-0.189582,-4.68191,-6.08696,14.2364,-0.443979,21.7459,-6.7309,-3.39876,-5.54995,-3.5666,-4.45953,0.501611,0.501611,-0.241298,0.241298,8.75303,-8.75303,-1.97357,-15.5446,0.607823,3.43198,0.711459,-19.0654,151.064,-0.532307,-0.162145,155.78,-5.71727,-4.12946,156.699,-19.9227,-3.11546,159.107,1.97175,0.586367,144.471,21.1488,-2.34912,144.455,21.5921,-1.97245,140.085,14.6718,-8.62364,125.484,-76.6604,-173.825,-62.9876,565.908,66.4164,251.93,755.368,182.118,3.99825,-1.5872,-12.5826,81.0252,-112.827,271.483,-388.681,336.367,-311.994,2666.08,820.195,-2728.51,-0.356229,-0.600816,-0.362028,-0.778008,-0.0219131,-0.625775,-0.741539,0.108035,-0.645955,0.136603,0.0158088,0.853125,0.21669,-0.644026,0.461945,0.12464,-0.717745,0.313064,-0.0516378,-0.0201424,0.832186
22.2,0,,-5.84635,21.6322,-3.32962,-0.462716,-4.66466,-5.97072,14.9746,-0.0665968,23.0129,-6.59574,-3.25054,-7.22997,-3.55694,-5.26804,0.397279,0.397279,-0.189412,0.189412,9.00441,-9.00441,-2.23454,-15.337,0.728292,4.79544,0.96651,-20.0258,151.009,-0.421972,-0.124919,155.703,-5.9664,-3.95457,156.617,-20.9119,-2.88043,159.047,2.23712,0.691914,144.559,21.1233,-1.98542,144.554,21.19,-1.62933,139.311,14.389,-10.1619,114.257,-116.711,-166.018,-32.695,643.52,-10.2555,261.228,770.052,177.754,0.571179,13.2267,-33.0741,96.1988,22.9428,202.143,-324.217,296.922,-356.923,2902.26,797.009,-3037.56,-0.356089,-0.601701,-0.361582,-0.77744,-0.0218516,-0.626188,-0.741311,0.113898,-0.643771,0.13422,0.016602,0.853601,0.218273,-0.645176,0.46261,0.127445,-0.71926,0.310007,-0.045596,-0.00854543,0.834706
22.21,0,,-6.05269,21.5994,-3.15319,-0.77699,-4.6474,-5.93798,15.9614,0.853426,24.4715,-6.73734,-3.13593,-7.2925,-3.5052,-5.94142,0.302802,0.302802,-0.125183,0.125183,9.17068,-9.17068,-2.5689,-14.4247,0.903521,4.5644,1.16787,-20.9039,150.976,-0.3189,-0.075451,155.654,-6.08956,-3.73582,156.562,-22.0222,-2.62674,158.975,2.56884,0.851406,144.575,21.2335,-1.61608,144.598,20.3806,-1.12241,138.624,13.4579,-9.80812,104.014,-147.933,-91.7986,-58.5932,692.424,-7.32534,300.745,772.455,201.203,0,13.2267,-17.6156,125.499,133.783,133.284,-71.3146,251.485,-299.283,956.084,470.155,-1774.44,-0.355978,-0.602513,-0.361349,-0.776385,-0.0224615,-0.627212,-0.741026,0.120676,-0.641225,0.131107,0.0173955,0.854212,0.218703,-0.646649,0.463776,0.13349,-0.721166,0.304763,-0.0385151,-0.0139167,0.83842
22.22,0,,-6.13457,21.6511,-2.97505,-1.09211,-4.60359,-5.8332,17.2038,2.28156,26.1232,-7.51354,-3.07043,-8.27743,-3.45898,-6.00956,0.208325,0.208325,-0.0536498,0.0536498,9.28351,-9.28351,-2.96035,-12.3742,1.13898,5.38117,1.33164,-21.1462,150.971,-0.214099,-0.0192375,155.599,-6.08816,-3.49568,156.507,-23.2654,-2.36753,158.921,2.96425,1.06836,144.696,21.4285,-1.2208,144.73,19.1479,-0.410968,138.652,11.5291,-9.90727,136.218,-147.933,51.7614,-67.3821,656.704,60.0678,367.675,789.541,202.164,22.8472,-8.20054,-10.785,276.861,158.216,23.9271,462.389,231.013,348.647,-1210.09,811.178,307.026,-0.355989,-0.603264,-0.361299,-0.774998,-0.0235606,-0.62869,-0.740769,0.128243,-0.638162,0.127265,0.0181284,0.854842,0.217914,-0.648493,0.464822,0.141978,-0.723807,0.296347,-0.0220956,-0.0176399,0.838352
22.23,0,,-6.08217,21.6915,-2.78726,-1.42462,-4.53589,-5.02117,18.6948,3.78122,28.023,-8.56005,-3.05406,-13.7119,-3.39689,-7.45103,0.111129,0.111129,0.00730443,-0.00730443,9.37852,-9.37852,-3.49044,-10.0187,1.46206,10.5693,1.50346,-22.0999,151.009,-0.108606,0.0252336,155.566,-5.9524,-3.24431,156.458,-24.6246,-2.07444,158.882,3.4897,1.36858,145.618,21.6224,-0.537377,145.62,17.8411,0.579619,137.982,9.27617,-14.3718,240.232,-33.2022,187.5,16.1131,689.432,31.7431,508.829,849.611,183.598,32.2716,3.968,-27.6816,586.91,-18.5727,-107.431,1603.01,18.9737,758.776,-734.474,3889.73,4134.87,-0.356282,-0.603855,-0.36141,-0.773302,-0.0252701,-0.630593,-0.740325,0.136663,-0.634791,0.12208,0.0189834,0.855536,0.215961,-0.65118,0.464701,0.146797,-0.728734,0.283156,0.00695829,0.0141607,0.838046
22.24,0,,-5.89875,21.6183,-2.61082,-1.73296,-4.36996,-2.96326,20.4559,4.62231,30.1863,-7.8495,-3.14713,-13.0505,-3.34101,-9.25632,0.00101954,0.00101954,0.059443,-0.059443,9.333,-9.333,-4.15102,-10.0424,1.91656,9.4618,1.61085,-21.842,151.169,0.00864697,0.0587119,155.55,-5.67948,-2.99401,156.43,-26.1117,-1.76545,158.888,4.14783,1.7978,148.006,21.6892,0.619703,147.921,17.0687,1.37538,138.355,9.31525,-13.2329,388.66,133.782,118.16,99.6084,674.845,34.6733,643.09,862.337,252.909,35.1275,4.49707,-9.34704,640.652,-337.884,-102.55,1228.03,-1044.89,658.202,779.282,2017.16,1951.25,-0.357316,-0.604092,-0.362077,-0.771345,-0.0277115,-0.632848,-0.739773,0.146001,-0.630944,0.115299,0.0196539,0.856225,0.213511,-0.654329,0.462974,0.138742,-0.73497,0.265703,0.00408953,0.00476095,0.837255
22.25,0,,-5.51882,21.6877,-2.34418,-2.06505,-4.11775,-1.94167,22.5235,5.42394,32.6428,-7.61136,-3.35567,-4.62155,-3.29479,-8.55869,-0.0992347,-0.0992347,0.0312328,-0.0312328,9.16277,-9.16277,-4.96654,-9.55339,2.49153,0.984903,1.65918,-20.0347,151.416,0.102726,0.0149903,155.55,-5.23442,-2.71268,156.398,-27.7384,-1.45439,158.915,4.95988,2.34782,149.334,21.8482,1.30425,149.184,16.4268,1.73013,140.288,8.97041,-4.28502,441.897,252.441,169.433,162.127,618.179,64.463,687.015,767.115,309.571,0.856768,2.90987,-5.39252,593.786,-664.049,227.548,80.5591,-661.084,232.924,313.116,-1131.27,1044.06,-0.359156,-0.60368,-0.36288,-0.768908,-0.0309468,-0.635721,-0.739189,0.156139,-0.626449,0.106817,0.0203258,0.856979,0.210336,-0.656828,0.461995,0.135259,-0.737758,0.254831,-0.0144661,-0.0700721,0.832808
22.26,0,,-4.98823,22.017,-1.99131,-2.47051,-3.79385,-2.96162,24.8757,6.9384,35.2782,-8.43905,-3.684,-0.0769657,-3.30997,-6.82847,-0.229056,-0.229056,-0.0561686,0.0561686,9.01431,-9.01431,-5.84731,-7.55806,3.17054,-3.44933,1.74509,-19.4478,151.679,0.217558,-0.0911907,155.495,-4.6228,-2.39446,156.299,-29.4795,-1.17443,158.943,5.84093,2.99282,148.445,22.3261,1.15821,148.25,15.3899,1.89588,141.09,7.12437,0.919176,349.109,237.803,248.532,236.834,580.121,169.419,874.981,723.598,141.138,16.5642,32.8022,1.79751,668.458,-815.908,430.172,-341.303,-228.517,-424.317,1572.33,-2575.23,-697.682,-0.361472,-0.603125,-0.363365,-0.76597,-0.035097,-0.639193,-0.738812,0.166391,-0.621068,0.0973571,0.0207532,0.857841,0.205758,-0.65878,0.462971,0.147592,-0.736557,0.253312,-0.0125128,-0.117559,0.828285
22.27,0,,-4.38558,22.6177,-1.53121,-2.8484,-3.33721,-4.56768,27.5029,9.1879,38.0983,-7.02439,-3.98906,-1.29399,-3.47347,-5.39509,-0.456412,-0.456412,-0.190167,0.190167,8.92523,-8.92523,-6.78516,-7.56332,3.92621,-2.57507,1.84979,-19.7412,151.894,0.42128,-0.258832,155.259,-3.85304,-2.01847,155.964,-31.3418,-0.805305,158.959,6.78302,3.70819,146.826,23.1653,0.618575,146.603,13.9809,2.01316,140.92,7.11518,0.00803944,151.378,54.2011,183.109,311.54,561.513,209.952,1028.32,787.583,259.271,52.834,20.8981,74.7763,633.776,-793.958,400.401,-169.95,-81.0544,-479.518,-259.401,-2866.33,1616.74,-0.36415,-0.60299,-0.36299,-0.762462,-0.0399786,-0.643319,-0.738203,0.176158,-0.615088,0.0871007,0.021058,0.858799,0.198683,-0.66008,0.465792,0.166451,-0.733496,0.253309,-0.0100101,-0.110111,0.829186
22.28,0,,-3.68467,23.4316,-0.907151,-3.07021,-2.76508,-5.82665,30.3715,11.6865,41.0198,-6.56742,-4.23208,-2.78039,-3.84737,-4.4422,-0.76669,-0.76669,-0.337767,0.337767,8.9094,-8.9094,-7.74748,-6.58537,4.8133,-1.19859,1.88738,-20.3192,152.003,0.705247,-0.452456,154.803,-2.90972,-1.50289,155.284,-33.2713,-0.233642,159.008,7.74368,4.55842,145.421,24.2642,-0.0456742,145.191,12.5877,2.19926,140.475,6.17262,-1.09604,-10.243,-129.888,130.86,265.603,560.578,207.999,989.283,828.609,346.187,-432.097,-48.4096,178.313,267.592,-161.592,-33.6905,-118.197,-61.0821,-438.505,628.932,-1122.9,638.649,-0.366674,-0.603513,-0.361668,-0.757846,-0.0456563,-0.648649,-0.736925,0.184888,-0.608987,0.0759946,0.0205704,0.859746,0.190992,-0.659287,0.471407,0.183788,-0.730697,0.25203,0.00091558,-0.10346,0.830736
22.29,0,,-2.80199,24.1483,-0.193457,-3.17243,-2.19958,-7.04306,33.4378,13.8768,42.7829,-6.15809,-4.30619,-4.91859,-4.32476,-3.29989,-1.08852,-1.08852,-0.435747,0.435747,8.95493,-8.95493,-7.5436,-5.76253,5.48683,0.643224,1.92228,-20.7283,152.02,1.0072,-0.59986,154.249,-1.76347,-0.861619,154.378,-35.1958,0.427883,159.036,7.53934,5.23392,143.96,25.2592,-0.809167,143.736,11.4027,2.57824,140.151,5.38639,-2.68785,-51.2696,-308.589,83.0019,205.545,567.872,326.669,960.427,746.113,333.982,-714.83,-189.406,652.495,-529.28,485.373,-448.255,-276.839,140.139,-397.493,-30.2319,665.623,-326.704,-0.368492,-0.60459,-0.360007,-0.752014,-0.0523724,-0.655205,-0.735454,0.192577,-0.602573,0.0737345,0.0149544,0.860459,0.186415,-0.65636,0.478978,0.200632,-0.728672,0.251965,0.0115973,-0.0922901,0.831771
22.3,0,,-1.71296,24.5294,0.559381,-3.18218,-1.57037,-8.12195,36.7092,15.4973,42.9464,-5.82341,-3.59955,-8.78973,-4.6283,-2.46135,-1.38147,-1.38147,-0.497205,0.497205,9.09547,-9.09547,-5.72498,-5.07902,5.2459,4.05893,2.376,-21.3796,151.899,1.28563,-0.709539,153.492,-0.422672,-0.162055,153.155,-37.1253,1.17305,158.608,5.71886,5.00641,142.55,25.8738,-1.54672,142.324,10.4151,3.11715,139.541,4.72889,-5.91435,-100.573,-492.191,110.353,195.818,507.279,409.161,993.691,514.643,258.309,-237.896,15.0784,578.078,-1241.24,1048.31,-630.356,-287.57,404.773,-584.97,586.553,2189.44,1941.41,-0.369355,-0.60607,-0.357941,-0.745281,-0.0598178,-0.662574,-0.734058,0.198683,-0.595438,0.0872856,0.0068974,0.861747,0.185069,-0.653112,0.485317,0.216443,-0.727459,0.252578,0.0252689,-0.0670786,0.833935
22.31,0,,-0.451987,24.3565,1.29577,-3.32384,-0.888064,-8.86195,40.1398,16.553,41.6385,-4.29418,-2.49392,-9.15411,-5.04567,-0.733437,-1.65708,-1.65708,-0.47907,0.47907,9.41019,-9.41019,-2.43842,-5.58902,4.47927,3.71074,3.03914,-20.7838,151.586,1.55645,-0.743767,152.482,1.09587,0.569599,151.514,-39.0279,2.1007,157.956,2.43615,4.34967,141.392,25.9628,-1.82302,141.127,9.46637,3.55526,140.123,5.22546,-5.69996,-31.248,-505.368,82.514,93.749,366.737,393.574,991.206,394.504,55.1828,-482.932,397.065,523.075,-1190.41,1473.6,-227.067,-155.753,609.822,-727.517,-562.53,-20.9316,167.837,-0.368744,-0.608387,-0.355254,-0.737712,-0.0675697,-0.670631,-0.732416,0.202835,-0.587874,0.113166,-0.0057987,0.862786,0.187265,-0.652315,0.488306,0.230351,-0.725905,0.252324,0.0202648,-0.0677527,0.831467
22.32,0,,0.987493,23.6297,1.97883,-3.52996,-0.173896,-9.22048,43.6404,17.1524,38.1885,-4.06763,-0.239568,-6.9197,-5.18019,0.933255,-1.88784,-1.88784,-0.4428,0.4428,9.84963,-9.84963,2.91142,-4.55587,2.23964,1.50122,4.24996,-20.0102,151.114,1.78439,-0.759257,151.275,2.76836,1.22745,149.512,-40.833,3.262,156.712,-2.90056,2.45688,140.563,25.4913,-1.70855,140.237,8.40123,3.81696,140.898,4.2806,-3.06303,5.38099,-428.708,77.147,0.468745,155.784,344.25,821.757,272.94,-13.1669,-962.436,425.37,1071.31,-565.457,1133.33,-235.833,-122.077,949.685,-442.865,-108.511,-104.98,1194.83,-0.367024,-0.611056,-0.351948,-0.729779,-0.0753829,-0.678812,-0.730208,0.205335,-0.580419,0.159742,-0.0197771,0.86311,0.191725,-0.654404,0.486363,0.242444,-0.723671,0.249952,0.0211196,-0.0921082,0.827387
22.33,0,,2.55798,22.6884,2.55239,-3.51681,0.488501,-9.18938,47.1338,17.5125,33.3658,-4.91077,1.17543,-4.32091,-5.4382,2.22803,-2.09209,-2.09209,-0.42542,0.42542,10.3643,-10.3643,9.53348,-2.3844,0.416167,-0.661664,5.43125,-19.341,150.537,1.98154,-0.795233,150.013,4.55282,1.71629,147.366,-42.5034,4.54842,155.402,-9.48985,1.32519,140.085,24.7516,-1.59634,139.683,7.30963,4.13197,141.551,2.25065,-0.128631,30.2646,-219.725,147.951,43.9449,-35.1589,224.603,590.828,101.54,-35.6543,-1254.88,446.797,1125.96,265.649,475.541,-271.002,-76.1845,1334.98,-95.1795,480.472,209.316,240.76,-0.364769,-0.613808,-0.348105,-0.72196,-0.0836223,-0.686496,-0.727667,0.206989,-0.573173,0.210821,-0.0441905,0.86141,0.195691,-0.657207,0.481049,0.252581,-0.722219,0.245501,0.0299085,-0.121709,0.822056
22.34,0,,4.20872,21.8694,2.97732,-3.48882,1.07789,-8.63274,50.5861,17.8011,27.4508,-4.69194,1.35123,-2.47733,-6.33916,2.95107,-2.26813,-2.26813,-0.457409,0.457409,10.8809,-10.8809,17.1913,-1.54579,-0.706389,-2.57181,5.86618,-18.6252,149.955,2.14099,-0.87768,148.806,6.38767,1.97515,145.276,-44.0679,5.84658,154.7,-17.0982,1.10589,140.14,24.0978,-1.33188,139.633,6.37322,4.50029,142.21,1.46442,2.07954,74.2139,5.35519,174.313,295.895,-190.475,99.6246,414.085,-116.669,-76.1908,-1186.91,97.0838,1015.23,725.116,-159.705,-164.052,-69.3336,1342.81,85.9423,262.1,-455.664,-611.738,-0.362566,-0.616241,-0.344072,-0.714695,-0.0925947,-0.693148,-0.725089,0.208694,-0.565959,0.263504,-0.0802048,0.853626,0.197154,-0.660986,0.47433,0.258801,-0.722323,0.239269,0.0299097,-0.142101,0.817267
22.35,0,,5.86273,21.3079,3.32338,-3.6186,1.66462,-7.48509,53.9154,18.1933,21.3837,-4.1719,1.24265,-2.14903,-7.48917,2.83211,-2.4027,-2.4027,-0.58511,0.58511,11.3362,-11.3362,24.9143,-1.20403,-1.92751,-3.17599,5.84738,-18.1272,149.422,2.2406,-1.04632,147.632,8.16513,2.0297,143.273,-45.5516,7.09014,154.322,-24.7808,0.782214,140.837,23.6549,-0.796761,140.166,5.54262,4.90932,142.633,1.14257,2.80041,119.147,159.195,162.603,807.121,-320.825,-135.234,321.745,-200.678,-74.1935,-1327.13,173.269,1092.17,638.709,-446.241,-359.388,-78.5781,983.804,186.516,171.944,-469.833,-188.093,-0.360928,-0.617906,-0.340053,-0.708151,-0.102054,-0.698629,-0.722778,0.210467,-0.558519,0.316121,-0.11573,0.84063,0.19698,-0.665045,0.468309,0.260823,-0.724114,0.230547,0.0300919,-0.148994,0.814495
22.36,0,,7.39228,21.0012,3.68023,-3.79885,2.2925,-6.09187,56.989,18.7976,15.3335,-3.63255,0.71181,-3.36605,-8.55294,2.08019,-2.49786,-2.49786,-0.787871,0.787871,11.738,-11.738,32.515,-0.922741,-3.03364,-2.27352,5.71046,-18.0027,148.95,2.28522,-1.27967,146.463,9.76345,1.99066,141.293,-46.9462,8.30881,153.933,-32.3361,0.598095,141.82,23.3974,-0.224424,140.962,4.68557,5.33676,142.694,0.875891,1.98842,143.074,239.75,178.718,988.759,-468.754,-309.089,303.71,-73.2408,-229.46,-1365.69,-21.4272,1170.54,232.387,-248.993,-429.21,21.9557,615.647,144.543,225.12,8.37262,-105.332,-0.35982,-0.618866,-0.336198,0.702176,0.111516,0.703214,-0.720686,0.211927,-0.550937,0.366048,-0.150765,0.824263,0.198137,-0.666684,0.465922,0.261308,-0.726548,0.220229,0.0343646,-0.143074,0.814252
22.37,0,,8.81047,20.7615,4.15224,-4.00285,2.74118,-4.78869,59.7924,19.4561,8.80546,-2.72634,-0.692851,-4.8284,-9.6243,1.29016,-2.59268,-2.59268,-1.0128,1.0128,12.0765,-12.0765,40.3766,-1.03578,-3.54837,-1.27126,5.16814,-17.916,148.56,2.32327,-1.533,145.53,11.2414,2.04949,139.499,-48.1827,9.46872,153.878,-40.1806,0.831469,142.764,23.1865,0.292089,141.715,3.82676,5.76905,142.726,0.983941,0.951334,156.24,304.207,183.109,665.501,-693.359,-275.88,207.523,23.405,-415.499,-1481.07,-596.258,1290.61,-22.9472,143.02,-262.201,109.366,291.929,14.6316,61.5436,237.654,218.767,-0.359215,-0.619486,-0.332663,0.695879,0.121463,0.707781,-0.718622,0.213578,-0.544048,0.413829,-0.190312,0.802206,0.201305,-0.666297,0.466212,0.261978,-0.728924,0.210034,0.0361969,-0.134289,0.814645
22.38,0,,10.1861,20.4334,4.64582,-4.20389,2.82747,-3.60339,62.3641,20.0037,2.19996,-1.58972,-2.85327,-5.46938,-10.3714,0.666446,-2.71434,-2.71434,-1.21581,1.21581,12.3556,-12.3556,48.0099,-1.43012,-3.40052,-1.1975,4.34392,-17.6893,148.241,2.39106,-1.76885,145.026,12.697,2.20192,138.231,-49.2273,10.3031,154.125,-47.8288,1.4108,143.659,22.911,0.76744,142.418,3.01379,6.22267,142.913,1.36326,0.763747,113.274,310.536,170.409,359.879,-748.061,-220.696,24.9285,-0.444962,-383.321,-1734.96,364.263,2613.22,-15.1735,476.534,-142.084,180.68,43.4398,-110.328,-63.9729,200.299,422.776,-0.358975,-0.620103,-0.329492,0.689259,0.133249,0.712088,-0.717278,0.215898,-0.538066,0.456393,-0.231584,0.775751,0.20558,-0.665267,0.466951,0.262715,-0.731378,0.200332,0.033387,-0.131778,0.814228
22.39,0,,11.4896,19.9842,4.97713,-4.35233,2.71729,-2.66202,64.615,20.386,-7.14951,-0.773623,-5.11969,-5.2024,-10.2328,0.256414,-2.85708,-2.85708,-1.3624,1.3624,12.5654,-12.5654,58.0409,-1.54842,-3.77288,-1.86025,3.42574,-17.398,147.989,2.49206,-1.95148,144.79,14.0993,2.28963,137.518,-50.0382,10.6998,154.109,-57.8759,1.70164,144.383,22.5422,1.1396,142.989,2.27489,6.59584,143.155,1.47821,1.39618,66.4019,278.795,152.83,280.251,-592.277,-122.089,-132.818,-87.3906,-262.229,3523.89,-1138.55,761.065,14.6503,583.997,-58.0989,139.658,-90.3748,-180.678,-71.261,8.69465,350.722,-0.358919,-0.620845,-0.326873,0.68326,0.147041,0.715122,-0.717078,0.218151,-0.532987,0.512124,-0.279562,0.736873,0.20991,-0.66446,0.466758,0.263684,-0.73325,0.191904,0.0304584,-0.136727,0.812917
22.4,0,,12.6655,19.405,5.10818,-4.44564,2.57791,-2.07756,66.5403,20.5908,-14.0538,-0.419636,0.860893,-4.62276,-7.55953,0.112037,-3.01782,-3.01782,-1.43494,1.43494,12.7059,-12.7059,65.8454,-1.25135,-11.6143,-2.66293,4.85403,-17.1402,147.797,2.62833,-2.06391,144.658,15.4037,2.26449,137.15,-50.6455,10.827,148.787,-65.3913,-0.929979,144.817,22.0855,1.38038,143.308,1.62593,6.91666,143.369,1.19544,2.29392,40.0433,203.627,111.329,240.701,-393.574,-95.2294,-209.928,-151.376,-63.0238,2629.42,1664.97,2073.6,33.7107,518.546,-22.9645,-18.0763,-192.9,-201.665,54.7954,-101.438,76.1055,-0.35891,-0.621806,-0.32485,0.678205,0.16212,0.716659,-0.717502,0.219981,-0.528895,0.576446,-0.268874,0.720741,0.213579,-0.664542,0.46488,0.265647,-0.734435,0.18544,0.0300913,-0.144902,0.811185
22.41,0,,13.7692,18.7425,5.10932,-4.46939,2.5726,-1.8549,68.229,20.6697,-12.0046,-0.11585,3.97097,-4.37743,-5.10776,0.179028,-3.16532,-3.16532,-1.42159,1.42159,12.7831,-12.7831,64.7282,-0.938514,-14.5878,-3.15104,7.61127,-16.9334,147.648,2.77222,-2.08689,144.444,16.6466,2.16876,136.805,-51.0778,10.8948,143.054,-63.6823,1.0883,144.932,21.562,1.49766,143.34,1.03516,7.25203,143.501,0.89888,2.87812,24.4193,139.17,99.1172,146.952,-256.865,-76.1835,-241.67,-205.039,93.2782,-1006.42,3462.48,4036.12,42.456,380.889,-92.2706,-78.5781,-190.902,-173.806,189.489,-136.86,-131.376,-0.358662,-0.622959,-0.323504,0.673564,0.177745,0.717329,-0.718079,0.220661,-0.525557,0.57243,-0.24721,0.740228,0.216381,-0.665623,0.461327,0.269116,-0.735141,0.180794,0.0307622,-0.150515,0.809888
22.42,0,,14.8075,17.9955,4.99983,-4.45285,2.7518,-1.92203,69.7586,20.6672,-9.77649,0.539347,-0.729045,-4.66966,-4.80835,0.363831,-3.31009,-3.31009,-1.33218,1.33218,12.8227,-12.8227,62.9422,-0.99635,-9.66493,-3.22805,8.38984,-16.7934,147.533,2.93201,-2.03393,144.098,17.846,1.98477,136.355,-51.389,11.0303,142.413,-61.761,6.27296,144.806,20.9803,1.54277,143.143,0.469086,7.6029,143.578,0.954055,2.93976,61.5126,121.579,88.3832,70.7805,-102.578,7.81369,-285.675,-257.811,98.6042,-1052.11,897.562,2378.1,45.8944,221.681,-202.624,-26.8255,-32.7879,-168.485,60.4638,7.72857,-175.65,-0.358243,-0.624315,-0.322718,0.669286,0.193247,0.717323,-0.718437,0.220353,-0.522866,0.543425,-0.272903,0.746256,0.218757,-0.667441,0.456557,0.273944,-0.735399,0.177441,0.0300314,-0.15089,0.809567
22.43,0,,15.8032,17.2144,4.76552,-4.40789,3.04119,-2.21999,71.1265,20.5834,-7.68082,1.25376,-3.92357,-5.00157,-4.70005,0.697631,-3.43311,-3.43311,-1.18508,1.18508,12.793,-12.793,61.1154,-1.1462,-6.19322,-3.29856,8.95632,-16.6289,147.467,3.08558,-1.9165,143.703,18.9979,1.70024,135.96,-51.5825,11.1339,142.21,-59.8715,9.56014,144.498,20.3657,1.54559,142.78,-0.047614,7.95765,143.644,1.09659,2.97191,86.4236,116.224,72.2679,49.8042,72.7489,31.2548,-372.083,-283.174,55.1828,-1084.95,349.713,-455.129,49.7812,97.1342,-261.239,33.1811,153.787,-157.696,-29.6921,18.9994,89.7061,-0.357686,-0.625706,-0.322527,0.665562,0.207775,0.716712,-0.718796,0.219497,-0.520847,0.519798,-0.287793,0.752291,0.221086,-0.669547,0.451268,0.279559,-0.735338,0.175243,0.0286885,-0.150767,0.809383
22.44,0,,16.7726,16.4017,4.48356,-4.39856,3.37703,-2.61127,72.2966,20.4255,-5.23141,1.78281,-3.45822,-5.18076,-3.98811,1.0938,-3.56463,-3.56463,-1.0196,1.0196,12.7198,-12.7198,58.8319,-1.14883,-6.30822,-3.45367,10.1161,-16.4621,147.434,3.2523,-1.78009,143.297,20.1329,1.35795,135.735,-51.6128,11.0275,141.152,-57.3929,9.88733,144.131,19.7394,1.57717,142.368,-0.504356,8.28429,143.71,1.10119,3.12734,76.6723,126.967,72.2679,69.3157,232.46,62.9979,-433.082,-214.383,17.6052,-1629.86,983.8,-46.0162,79.0818,67.3385,-256.838,49.2764,356.506,-161.613,3.50906,-44.4393,76.1055,-0.357259,-0.627111,-0.322589,0.662151,0.220412,0.716049,-0.719774,0.217727,-0.519382,0.506078,-0.276265,0.766228,0.22359,-0.671808,0.445898,0.285113,-0.735091,0.173717,0.0281386,-0.152046,0.809
22.45,0,,17.7487,15.5626,4.15962,-4.40619,3.84031,-2.95344,73.2543,20.1862,-3.65579,2.20888,-1.88983,-5.37798,-3.56246,1.39295,-3.70465,-3.70465,-0.834469,0.834469,12.6268,-12.6268,57.1356,-1.13042,-7.7648,-3.56431,10.8732,-16.331,147.44,3.43285,-1.62494,142.792,21.2848,0.928473,135.603,-51.4243,10.7538,140.593,-55.5777,8.51523,143.856,19.1015,1.6719,142.05,-0.890558,8.59446,143.753,1.08509,3.24793,48.8386,120.605,47.3702,121.581,340.835,86.439,-427.23,-54.1964,49.7829,-1300.29,1349.12,-86.9994,80.0535,97.6308,-227.067,41.5176,524.94,-146.021,28.8823,-18.6774,-29.2268,-0.356963,-0.62853,-0.322902,0.658929,0.23061,0.715696,-0.721281,0.214364,-0.518697,0.501663,-0.257454,0.777244,0.226333,-0.674054,0.44058,0.289688,-0.735085,0.172189,0.0278942,-0.153082,0.808688
22.46,0,,18.7771,14.7323,3.84078,-4.42061,4.41377,-3.11715,73.9588,19.8952,-2.79892,2.58475,-1.58908,-5.59325,-3.88739,1.48766,-3.82801,-3.82801,-0.651102,0.651102,12.5416,-12.5416,55.7574,-1.12517,-8.12621,-3.61963,10.8759,-16.2287,147.456,3.59541,-1.4678,142.172,22.4702,0.434821,135.482,-50.9533,10.3964,141.174,-54.2747,7.36595,143.785,18.4509,1.84163,141.924,-1.24325,8.86682,143.792,1.0805,3.30421,29.773,117.684,65.9251,186.033,378.425,77.6486,-417.932,123.077,121.609,-1156.64,1189.34,289.039,63.0113,133.783,-213.384,26.8255,606.493,-82.9865,13.7663,-8.69465,-6.94499,-0.356665,-0.629826,-0.323337,0.655603,0.238229,0.716031,-0.723,0.208996,-0.519254,0.496853,-0.2469,0.782635,0.229199,-0.676243,0.435264,0.292734,-0.735437,0.169928,0.0277118,-0.153574,0.808463
22.47,0,,19.8432,13.8704,3.58605,-4.44606,4.92218,-3.04839,74.4365,19.5671,-2.30425,2.92586,-2.52494,-5.7568,-4.71936,1.3456,-3.96191,-3.96191,-0.473781,0.473781,12.4367,-12.4367,54.3628,-1.13042,-7.2884,-3.6782,10.3014,-16.1042,147.473,3.76697,-1.31689,141.613,23.6962,-0.00481351,135.515,-50.2266,9.86273,142.61,-53.0965,6.72094,143.944,17.7706,2.09481,142.039,-1.59066,9.09557,143.83,1.08509,3.36585,26.8503,87.8901,59.08,228.982,379.922,61.5328,-460.976,257.811,197.726,-965.864,634.88,165.011,62.4881,127.923,-191.898,24.4319,540.085,-64.9556,11.337,-12.5589,26.3331,-0.356413,-0.631154,-0.323695,0.651762,0.243724,0.717317,-0.725131,0.202219,-0.520959,0.489045,-0.243973,0.784656,0.232258,-0.678401,0.429845,0.294141,-0.736176,0.166572,0.0274669,-0.154059,0.80826
22.48,0,,20.9306,13.0061,3.4221,-4.50289,5.31112,-2.7668,74.7308,19.2712,-1.82649,3.25925,-3.41341,-5.87465,-5.65344,0.980611,-4.10159,-4.10159,-0.325425,0.325425,12.3259,-12.3259,52.7481,-1.11202,-6.46154,-3.72484,9.56845,-15.9886,147.495,3.93714,-1.19472,141.168,24.9447,-0.359409,135.729,-49.3165,9.15628,144.287,-51.7086,5.86837,144.323,17.0775,2.41171,142.363,-1.98921,9.27779,143.858,1.069,3.41944,37.1206,66.4044,44.9163,212.869,319.796,47.8589,-513.157,320.818,242.701,-909.317,311.091,303.779,91.7887,122.56,-155.286,40.0319,350.015,-44.9294,12.1468,-16.1012,21.1243,-0.356347,-0.632366,-0.323935,0.647419,0.2472,0.719503,-0.727661,0.194657,-0.523482,0.480428,-0.239512,0.786777,0.235365,-0.680519,0.424401,0.294337,-0.737123,0.161879,0.027406,-0.154548,0.808081
22.49,0,,22.018,12.1556,3.30693,-4.57754,5.52883,-2.35424,74.8611,18.985,-1.38959,3.5772,-3.90117,-5.97086,-6.50335,0.496658,-4.24025,-4.24025,-0.197472,0.197472,12.2368,-12.2368,50.9947,-1.09099,-6.04537,-3.74654,8.79524,-15.8886,147.5,4.10178,-1.09329,140.883,26.1875,-0.624152,136.19,-48.2701,8.22655,145.959,-50.1694,4.64403,144.811,16.3824,2.75342,142.802,-2.39834,9.41639,143.874,1.04831,3.44892,24.911,45.8924,54.2009,174.783,207.026,30.2781,-538.086,303.197,252.465,-757.954,106.342,708.577,102.552,130.406,-111.316,27.816,128.988,-46.8508,10.2573,-7.40655,0,-0.356289,-0.633531,-0.323999,0.642735,0.248548,0.722451,-0.730804,0.186775,-0.52645,0.472624,-0.23146,0.789355,0.238421,-0.682608,0.418977,0.293771,-0.738121,0.156621,0.0274665,-0.15485,0.807943
22.5,0,,23.1054,11.329,3.20765,-4.6348,5.5713,-1.94495,74.8249,18.6767,-0.8766,3.86168,-4.20192,-6.05865,-7.16976,0,-4.36395,-4.36395,-0.0833713,0.0833713,12.1378,-12.1378,49.0049,-1.0647,-5.79896,-3.75955,8.02203,-15.793,147.511,4.24877,-1.00085,140.795,27.4121,-0.803857,136.975,-47.0993,7.01548,147.559,-48.3622,3.32119,145.294,15.6894,3.0551,143.247,-2.78277,9.53852,143.891,1.02532,3.47036,14.6407,44.9187,55.1767,133.299,47.4084,7.32534,-521.494,245.619,186.039,-539.193,-23.808,962.745,71.7566,174.305,-69.8218,14.6096,-11.6505,-32.7364,14.0362,-5.47441,8.39186,-0.356277,-0.634548,-0.32411,0.637868,0.247822,0.725949,-0.734779,0.178842,-0.52969,0.464007,-0.220956,0.792693,0.241228,-0.684617,0.41342,0.292982,-0.739108,0.151496,0.0275892,-0.155098,0.80784
22.51,0,,24.1633,10.5227,3.12085,-4.68272,5.40803,-1.5815,74.6005,18.3141,-0.119793,4.1011,-4.6552,-6.15125,-7.62576,-0.443527,-4.48324,-4.48324,0.00352628,-0.00352628,12.0131,-12.0131,46.6072,-1.0463,-5.32256,-3.77691,7.27567,-15.664,147.511,4.38574,-0.931395,140.921,28.6018,-0.884082,138.061,-45.7872,5.55418,149.033,-46.1197,2.30677,145.7,15.0038,3.30038,143.643,-3.10902,9.66549,143.891,1.00923,3.49448,-29.3086,45.8924,64.447,102.538,-110.807,-35.1616,-470.675,177.273,127.453,-343.85,-269.56,1124.88,1.49493,201.221,-53.6985,-6.85082,-84.0503,0.960662,18.625,-0.966072,-2.89374,-0.356287,-0.635482,-0.324058,0.632858,0.245257,0.729849,-0.739521,0.170903,-0.533217,0.451916,-0.209845,0.797202,0.243732,-0.686575,0.407685,0.292254,-0.740095,0.147042,0.0276505,-0.155344,0.807787
22.52,0,,25.1983,9.74413,3.03575,-4.71283,5.13723,-1.30482,74.1904,17.9269,1.02035,4.32122,-5.36787,-6.26549,-7.861,-0.793498,-4.58417,-4.58417,0.0677549,-0.0677549,11.8093,-11.8093,43.6958,-1.03315,-4.4738,-3.78016,6.63133,-15.4506,147.511,4.50092,-0.873932,141.163,29.7466,-0.902267,139.312,-44.3253,3.95256,150.223,-43.3306,1.8236,146.013,14.3277,3.48252,143.95,-3.39647,9.79828,143.902,0.995435,3.5052,-80.0866,38.5899,95.214,76.6398,-267.619,-95.2294,-367.194,112.308,74.7113,-185.919,-588.852,981.799,-31.7673,188.508,-40.5317,-20.4699,-104.522,0,10.2573,-3.54226,7.23436,-0.356285,-0.636271,-0.323995,0.627736,0.241352,0.733945,-0.744731,0.162668,-0.537017,0.434787,-0.198501,0.803528,0.245915,-0.68849,0.401741,0.291894,-0.740967,0.143261,0.0277114,-0.155465,0.807721
22.53,0,,26.2054,8.99837,2.93987,-4.75567,4.84386,-1.09199,73.609,17.5372,2.54242,4.53103,-6.165,-6.41101,-7.81961,-1.07301,-4.66947,-4.66947,0.101255,-0.101255,11.5717,-11.5717,40.3195,-1.01475,-3.45528,-3.77257,6.24741,-15.2038,147.506,4.59465,-0.839455,141.432,30.8411,-0.925799,140.579,-42.7171,2.34126,150.946,-40.032,1.81891,146.249,13.6644,3.63025,144.186,-3.66981,9.95336,143.907,0.979343,3.5052,-113.766,33.689,104.499,45.8784,-391.61,-125.507,-255.857,51.7936,65.9087,-133.656,-848.623,671.549,-27.8057,126.93,-42.9725,-11.2254,-110.347,-6.35515,4.31885,-5.79643,-14.1793,-0.356345,-0.63688,-0.323872,0.622677,0.236899,0.737861,-0.749983,0.15394,-0.541169,0.413114,-0.185987,0.812067,0.247821,-0.69042,0.395659,0.291946,-0.741797,0.1399,0.0278335,-0.155526,0.807661
22.54,0,,27.1552,8.28036,2.80996,-4.80996,4.66598,-0.946278,72.8418,17.1746,4.26462,4.7563,-6.83889,-6.55532,-7.54298,-1.30517,-4.75035,-4.75035,0.115863,-0.115863,11.3184,-11.3184,36.6741,-0.998979,-2.56819,-3.76715,6.18298,-14.9571,147.506,4.68043,-0.820717,141.569,31.8656,-1.05362,141.699,-40.9591,0.832263,151.165,-36.4282,2.0218,146.414,13.0243,3.75262,144.351,-3.94667,10.1065,143.902,0.965549,3.51056,-133.787,30.768,112.305,9.25772,-503.913,-169.907,-152.857,33.7281,78.6318,-112.808,-998.085,243.023,-24.8906,35.6556,-66.4184,-3.87938,-119.168,-47.368,-1.07971,-1.93214,-21.1243,-0.35648,-0.63739,-0.323701,0.617894,0.232435,0.741314,-0.75493,0.144174,-0.545688,0.389126,-0.171399,0.822323,0.24953,-0.692311,0.389616,0.292446,-0.742439,0.136853,0.0279562,-0.15559,0.807679
22.55,0,,28.0805,7.62041,2.62274,-4.85025,4.60094,-0.831677,71.8647,16.8539,6.04037,5.00731,-7.18618,-6.69482,-7.00074,-1.48651,-4.79929,-4.79929,0.127954,-0.127954,11.0531,-11.0531,32.8901,-0.985834,-1.96584,-3.76932,6.47562,-14.677,147.495,4.73473,-0.796732,141.574,32.8271,-1.29109,142.631,-39.0262,-0.503229,150.891,-32.6519,2.20357,146.54,12.4108,3.85524,144.477,-4.23765,10.2626,143.907,0.954055,3.5186,-133.787,36.6101,108.402,-5.39057,-599.103,-212.882,-58.5939,56.1542,90.3194,-121.947,-1010.78,-237.271,-20.4805,-55.2215,-87.389,5.3651,-103.024,-41.5302,-11.6069,-0.966072,-7.81311,-0.356455,-0.637774,-0.323617,0.61345,0.228655,0.744136,-0.759186,0.133245,-0.550987,0.364449,-0.153995,0.833942,0.251116,-0.69408,0.383755,0.293287,-0.742953,0.133917,0.0280157,-0.155704,0.807634
22.56,0,,28.9943,7.01724,2.39411,-4.91599,4.59032,-0.72035,70.6778,16.5653,7.74988,5.24287,-7.14567,-6.81748,-6.19912,-1.65514,-4.82988,-4.82988,0.11939,-0.11939,10.7364,-10.7364,29.049,-0.959546,-1.67014,-3.77257,7.05284,-14.3457,147.495,4.76759,-0.78449,141.514,33.7508,-1.61574,143.383,-36.9066,-1.61545,150.212,-28.8119,2.23289,146.661,11.8343,3.96689,144.604,-4.52333,10.407,143.918,0.931065,3.53467,-112.782,63.4834,91.3107,-15.6444,-674.845,-249.997,-51.2997,71.8169,86.3989,-195.914,-849.153,-525.232,-54.7144,-133.783,-108.394,-16.5905,-72.2333,-47.368,-8.36776,-1.61012,-11.2856,-0.356473,-0.637988,-0.323572,0.609357,0.225907,0.746268,-0.762382,0.121407,-0.557473,0.340041,-0.133978,0.846228,0.252821,-0.695655,0.378438,0.294094,-0.743413,0.131054,0.0281387,-0.155892,0.807538
22.57,0,,29.877,6.45192,2.11612,-4.98469,4.61421,-0.577917,69.2785,16.3088,9.17048,5.47071,-6.7846,-6.93894,-5.23193,-1.85265,-4.84959,-4.84959,0.114604,-0.114604,10.4929,-10.4929,25.3791,-0.927999,-1.69752,-3.78016,7.87169,-14.0901,147.495,4.78904,-0.772748,141.415,34.6283,-2.01044,143.992,-34.607,-2.52237,149.324,-25.1205,2.0171,146.815,11.2822,4.08474,144.752,-4.81783,10.5533,143.929,0.89888,3.55343,-91.8046,90.3243,99.1172,-27.8317,-754.42,-272.462,-115.745,21.0022,89.8755,-301.297,-600.491,-545.004,-75.195,-151.859,-105.472,-26.3303,-19.473,-28.3026,-4.8587,-6.44048,0,-0.356457,-0.638144,-0.323558,0.6057,0.224383,0.747679,-0.764493,0.108708,-0.565084,0.317402,-0.112434,0.857962,0.255017,-0.69681,0.373919,0.294756,-0.743939,0.127998,0.0283224,-0.156139,0.807432
22.58,0,,30.7285,5.92951,1.82168,-5.06528,4.65802,-0.42075,67.6886,16.0893,9.98366,5.68954,-6.33649,-7.05439,-4.2061,-2.06864,-4.8574,-4.8574,0.1073,-0.1073,10.3286,-10.3286,22.1823,-0.87805,-1.92203,-3.78559,8.77913,-13.9233,147.506,4.79803,-0.767501,141.3,35.4597,-2.44152,144.486,-32.1594,-3.2779,148.403,-21.9095,1.63948,146.996,10.7588,4.2071,144.922,-5.12115,10.6949,143.946,0.852902,3.57487,-92.7606,122.066,100.093,-55.6635,-812.02,-287.112,-235.337,-69.8591,108.368,-344.706,-342.835,-218.217,-80.0535,-163.579,-91.7893,-41.5176,-15.645,-18.5482,-1.8895,-1.61012,-6.36624,-0.35653,-0.638164,-0.323629,0.602457,0.224075,0.748462,-0.765669,0.0952814,-0.573519,0.298177,-0.0921084,0.867857,0.257772,-0.697504,0.37033,0.295299,-0.744474,0.124761,0.0286268,-0.15644,0.807288
