"Time,s",Activities,Activity Names,"Hip Flexion LT,deg","Hip Flexion RT,deg","Hip Abduction LT,deg","Hip Abduction RT,deg","Hip Rotation Ext LT,deg","Hip Rotation Ext RT,deg","Knee Flexion LT,deg","Knee Flexion RT,deg","Ankle Dorsiflexion LT,deg","Ankle Dorsiflexion RT,deg","Ankle Inversion LT,deg","Ankle Inversion RT,deg","Ankle Abduction LT,deg","Ankle Abduction RT,deg","Pelvic Tilt LT,deg","Pelvic Tilt RT,deg","Pelvic Obliquity LT,deg","Pelvic Obliquity RT,deg","Pelvic Rotation LT,deg","Pelvic Rotation RT,deg","Foot Pitch Down LT,deg","Foot Pitch Down RT,deg","Foot Roll Med LT,deg","Foot Roll Med RT,deg","Foot Rotation Ext LT,deg","Foot Rotation Ext RT,deg","Pelvis Accel Sensor X,mG","Pelvis Accel Sensor Y,mG","Pelvis Accel Sensor Z,mG","Thigh Accel Sensor X LT,mG","Thigh Accel Sensor Y LT,mG","Thigh Accel Sensor Z LT,mG","Shank Accel Sensor X LT,mG","Shank Accel Sensor Y LT,mG","Shank Accel Sensor Z LT,mG","Foot Accel Sensor X LT,mG","Foot Accel Sensor Y LT,mG","Foot Accel Sensor Z LT,mG","Thigh Accel Sensor X RT,mG","Thigh Accel Sensor Y RT,mG","Thigh Accel Sensor Z RT,mG","Shank Accel Sensor X RT,mG","Shank Accel Sensor Y RT,mG","Shank Accel Sensor Z RT,mG","Foot Accel Sensor X RT,mG","Foot Accel Sensor Y RT,mG","Foot Accel Sensor Z RT,mG","Pelvis Rot X,","Pelvis Rot Y,","Pelvis Rot Z,","LT Thigh Rot X,","LT Thigh Rot Y,","LT Thigh Rot Z,","LT Shank Rot X,","LT Shank Rot Y,","LT Shank Rot Z,","LT Foot Rot X,","LT Foot Rot Y,","LT Foot Rot Z,","RT Thigh Rot X,","RT Thigh Rot Y,","RT Thigh Rot Z,","RT Shank Rot X,","RT Shank Rot Y,","RT Shank Rot Z,","RT Foot Rot X,","RT Foot Rot Y,","RT Foot Rot Z,",,,,,,,,,,,,,,,,,,,,,
110.79,0,,0.426481,3.85018,3.9046,-3.68128,6.21091,-5.20037,4.24237,9.49114,5.46316,6.766,3.41655,-11.1749,0.284706,2.14158,1.83383,1.83383,0.822245,-0.822245,-0.420213,0.420213,-0.342997,0.54525,-0.889427,4.98311,6.08107,-2.72077,157.407,-1.83983,0.808732,151.222,-0.895475,4.83817,150.949,-5.12675,2.50179,150.901,0.344964,-0.92646,152.269,2.40856,4.29018,151.395,-7.03913,6.282,154.262,-0.544792,-4.95701,40.5144,-49.3086,-76.171,-64.4454,266.587,82.0137,54.6772,496.541,42.0127,-24.2946,-1.02464,1.4648,20.5351,59.6201,29.2922,-6.31626,159.597,67.8636,51.7627,79.6767,62.9087,-0.400671,-0.586661,-0.38419,-0.729077,-0.042115,-0.68269,-0.683328,-0.0377829,-0.714824,0.134036,0.0396738,0.920066,0.238843,-0.711462,0.28804,0.231768,-0.750057,0.0476111,0.0142218,-0.139471,0.714201
110.8,0,,0.894963,3.73229,4.09927,-3.8171,6.18964,-5.2526,5.45748,9.50564,6.04935,7.36691,3.565,-11.5613,0.494368,1.88306,1.76697,1.76697,0.79755,-0.79755,-0.271184,0.271184,-0.277664,-0.0254261,-0.861976,5.13358,6.4584,-3.12074,157.599,-1.77054,0.789086,151.442,-0.344809,4.95364,151.081,-5.78725,2.68803,150.869,0.276943,-0.892818,152.406,2.37504,4.40823,151.51,-7.08268,6.4722,154.207,0.0273536,-5.13514,43.4547,-49.8075,-55.1712,-85.4297,261.188,82.0137,62.036,458.985,39.5231,-29.3119,-8.88017,-4.3944,-1.4668,42.4677,55.6501,1.49134,80.6322,84.0182,-50.3933,-11.8181,-137.762,-0.401996,-0.58627,-0.384845,-0.727073,-0.0432142,-0.684896,-0.683511,-0.0325336,-0.714274,0.134282,0.0391249,0.920198,0.238297,-0.712388,0.287067,0.231526,-0.751162,0.0463296,0.0101937,-0.136302,0.715266
110.81,0,,1.43291,3.59434,4.28765,-3.92422,6.17597,-5.33009,6.81073,9.48146,6.71028,7.89367,3.72829,-12.0229,0.715634,1.59794,1.70604,1.70604,0.79268,-0.79268,-0.117269,0.117269,-0.220498,-0.542424,-0.834524,5.3759,6.86581,-3.57255,157.808,-1.70797,0.789086,151.673,0.272759,5.07662,151.202,-6.51765,2.89064,150.825,0.221068,-0.859176,152.538,2.3151,4.51833,151.62,-7.11578,6.64811,154.114,0.540233,-5.4079,38.1003,-43.4603,-56.1582,-87.8881,253.446,84.0071,78.0989,395.022,46.8364,-50.7017,-17.4188,-33.6904,-29.7943,20.0456,87.8765,4.38629,13.1861,87.4043,-82.9847,28.2109,-146.92,-0.403284,-0.585852,-0.385705,-0.72483,-0.0447411,-0.687292,-0.683691,-0.0268569,-0.7136,0.134463,0.0386359,0.920365,0.237933,-0.71325,0.285971,0.231206,-0.752213,0.045167,0.00695853,-0.132517,0.716484
110.82,0,,2.07263,3.45764,4.50179,-4.04993,6.17901,-5.44296,8.31616,9.42826,7.41973,8.37056,3.86988,-12.4875,0.916786,1.34899,1.66881,1.66881,0.77842,-0.77842,0.0366465,-0.0366465,-0.138832,-1.01705,-0.812563,5.60649,7.28143,-4.02683,158.022,-1.66849,0.779636,151.898,0.970097,5.20712,151.301,-7.31969,3.069,150.781,0.138471,-0.828121,152.642,2.23892,4.63883,151.702,-7.13842,6.83611,154.032,1.01436,-5.67787,15.6301,-46.3983,-43.9396,-87.8881,241.731,78.5965,112.282,319.362,80.6022,-38.0263,-1.36618,23.4368,-24.3855,3.40982,68.3484,1.92997,-36.0723,102.995,-69.8386,83.4889,-62.5105,-0.404576,-0.585255,-0.38663,-0.722316,-0.0466325,-0.689905,-0.684102,-0.0209357,-0.712545,0.134834,0.0380271,0.920523,0.237744,-0.714148,0.284804,0.231036,-0.753292,0.0441928,0.00402859,-0.128915,0.717577
110.83,0,,2.81413,3.34728,4.71906,-4.16635,6.22611,-5.58446,9.96909,9.36056,8.16458,8.80654,3.97037,-12.7451,1.06223,1.15218,1.65738,1.65738,0.758942,-0.758942,0.193005,-0.193005,-0.0244998,-1.46342,-0.774131,5.64557,7.70251,-4.4589,158.236,-1.65505,0.764466,152.073,1.74592,5.32634,151.334,-8.18987,3.22612,150.731,0.0218639,-0.776363,152.714,2.16273,4.74342,151.757,-7.14365,7.00651,153.972,1.45886,-5.76137,-3.40457,-45.4005,-28.3174,-78.5813,230.017,95.6827,208.976,194.358,88.3823,-27.4634,-30.7391,8.78879,-22.0019,-22.4221,20.034,18.5979,-52.7444,82.5368,-107.907,46.891,-60.5198,-0.40579,-0.584514,-0.387601,-0.719647,-0.04877,-0.692607,-0.684708,-0.015015,-0.711076,0.135323,0.0371115,0.920707,0.237746,-0.714886,0.28383,0.230913,-0.754266,0.0435212,0.00073246,-0.126899,0.718421
110.84,0,,3.64124,3.25071,4.94198,-4.25568,6.28232,-5.77988,11.7742,9.26383,8.9973,9.08782,4.05487,-12.8724,1.15971,1.05111,1.66542,1.66542,0.750246,-0.750246,0.351806,-0.351806,0.0898324,-1.77136,-0.730209,5.54787,8.09625,-4.86134,158.439,-1.66093,0.760238,152.227,2.5925,5.45254,151.323,-9.14218,3.37838,150.693,-0.0923143,-0.716842,152.719,2.08654,4.83089,151.751,-7.121,7.19231,153.928,1.7643,-5.70014,-27.8246,-48.3385,-3.91406,-84.9907,229.507,96.7079,373.007,116.231,13.1484,0.528143,-27.6651,35.1552,-32.7279,-34.7181,18.061,-0.964984,-84.4213,59.5393,-106.538,19.0614,-74.0571,-0.406812,-0.583759,-0.388623,0.716726,0.051029,0.695484,-0.685443,-0.00885033,-0.709247,0.135745,0.0361336,0.920857,0.238176,-0.715382,0.283223,0.231099,-0.755253,0.0433387,-0.00189217,-0.12647,0.718965
110.85,0,,4.58628,3.188,5.18186,-4.34097,6.42513,-6.00225,13.79,9.16953,9.99263,9.28855,4.23757,-12.8782,1.16745,1.01813,1.7107,1.7107,0.733203,-0.733203,0.513051,-0.513051,0.171498,-1.98889,-0.719228,5.33291,8.49819,-5.23168,158.626,-1.70377,0.74855,152.282,3.52657,5.57338,151.18,-10.2133,3.59435,150.638,-0.167623,-0.696139,152.686,2.0073,4.90673,151.702,-7.10184,7.38031,153.901,1.97857,-5.51366,-36.6146,-45.8994,17.5792,-64.9722,223.192,89.8164,542.973,263.713,-82.0026,-19.5413,-4.44009,6.83573,-34.1947,-46.9108,14.1655,-2.45632,-91.848,64.4774,-77.5071,-15.2491,-42.6027,-0.407665,-0.582841,-0.38966,0.713534,0.0536524,0.698519,-0.68594,-0.00256358,-0.707181,0.136119,0.0356473,0.92103,0.238898,-0.715717,0.282844,0.231582,-0.756152,0.0433377,-0.00415057,-0.127325,0.719269
110.86,0,,5.63148,3.15038,5.40478,-4.42263,6.78217,-6.25325,16.0002,9.05829,11.1296,9.3985,4.55502,-12.8478,0.961658,1.03834,1.78432,1.78432,0.714073,-0.714073,0.676738,-0.676738,0.220498,-2.12167,-0.697267,5.08473,8.90013,-5.58967,158.796,-1.776,0.734872,152.106,4.552,5.6448,150.768,-11.3858,3.96743,150.572,-0.21621,-0.659909,152.604,1.92705,4.97769,151.614,-7.07049,7.56941,153.879,2.11078,-5.291,-48.3449,-47.3684,22.4633,65.938,250.492,76.6601,452.135,452.132,36.6444,-86.3514,21.8589,-26.8546,-40.5202,-64.8899,7.79101,-9.73757,-85.4823,40.0691,-48.7501,-4.57474,-69.2792,-0.40835,-0.581823,-0.39071,0.710236,0.0568262,0.701507,-0.685625,0.00317391,-0.705156,0.13624,0.0352198,0.92127,0.239886,-0.715935,0.282675,0.232254,-0.757009,0.0436431,-0.0058597,-0.12873,0.719462
110.87,0,,6.77038,3.13031,5.61954,-4.50226,7.20454,-6.51942,18.2946,8.93497,12.2311,9.48288,4.95126,-12.8319,0.699388,1.11281,1.8736,1.8736,0.689378,-0.689378,0.842869,-0.842869,0.318497,-2.2375,-0.658835,4.85414,9.31848,-5.91063,158.934,-1.86335,0.716718,151.821,5.66105,5.67488,150.213,-12.5583,4.44607,150.457,-0.310953,-0.608151,152.478,1.84985,5.04191,151.482,-7.02171,7.75521,153.863,2.22703,-5.08504,-31.7244,-48.8374,15.1287,209.492,263.225,59.5739,275.364,418.962,135.219,-77.1089,-2.04927,20.0189,-19.9851,-46.3942,10.27,-14.6502,-65.9305,17.0717,-48.7501,12.1993,-68.4829,-0.408828,-0.580831,-0.391615,0.706769,0.0602454,0.704511,-0.684663,0.00842325,-0.703341,0.136541,0.0344862,0.921665,0.240991,-0.716076,0.282621,0.233164,-0.757783,0.0443133,-0.00738549,-0.13007,0.719628
110.88,0,,7.96743,3.15414,5.88579,-4.56694,7.43699,-6.77716,20.5773,8.83341,13.1701,9.59028,5.23331,-12.7769,0.53073,1.23409,1.97388,1.97388,0.6619,-0.6619,1.009,-1.009,0.522661,-2.37593,-0.625893,4.56492,9.67393,-6.17481,159.032,-1.96204,0.696574,151.689,6.80483,5.75436,149.796,-13.6836,4.82704,150.369,-0.515016,-0.538279,152.318,1.80414,5.08656,151.318,-6.96597,7.9542,153.863,2.3638,-4.82063,-7.33531,-52.7455,5.85407,272.444,250.492,59.0613,340.802,418.414,169.918,28.7838,-1.36618,109.372,-19.5267,-9.2995,5.86855,-11.2289,-25.9175,8.81803,-43.8203,4.95596,-14.3336,-0.409073,-0.579917,-0.392349,0.702847,0.0632348,0.707852,-0.684196,0.0139781,-0.701226,0.137516,0.0330208,0.921959,0.242083,-0.716056,0.282919,0.234261,-0.75857,0.0451675,-0.00927812,-0.131786,0.719665
110.89,0,,9.21618,3.18048,6.23054,-4.63646,7.48409,-6.98269,22.9397,8.72459,14.2782,9.64398,5.37947,-12.6438,0.476574,1.36282,2.0877,2.0877,0.617727,-0.617727,1.18002,-1.18002,0.604327,-2.45504,-0.527068,4.2034,9.98291,-6.38714,159.093,-2.07459,0.660763,151.695,7.97693,5.90741,149.499,-14.8578,5.12066,150.287,-0.595184,-0.424412,152.17,1.74115,5.12387,151.164,-6.91546,8.15869,153.879,2.43902,-4.4755,26.8652,-52.7455,4.39055,292.024,222.173,71.762,632.308,516.096,87.9155,42.5155,-4.44009,-76.1695,1.4668,27.7952,18.5669,-0.526355,14.0955,-4.86755,-28.7571,-5.33719,50.1677,-0.409145,-0.579017,-0.392848,0.698374,0.0655527,0.711619,-0.684293,0.0203255,-0.698576,0.137401,0.031924,0.922316,0.243243,-0.715994,0.283102,0.235309,-0.759398,0.045902,-0.010926,-0.134347,0.719528
110.9,0,,10.5441,3.24193,6.60731,-4.67729,7.4537,-7.09892,25.4565,8.64237,15.7168,9.68234,5.4674,-12.4571,0.497463,1.45113,2.21718,2.21718,0.586076,-0.586076,1.35103,-1.35103,0.432829,-2.50024,-0.301966,3.81257,10.2919,-6.55749,159.109,-2.2031,0.638133,151.738,9.20821,6.10773,149.192,-16.1194,5.45552,150.171,-0.425132,-0.222558,152.077,1.68731,5.1465,151.06,-6.88584,8.34559,153.901,2.48461,-4.09697,33.2101,-72.7571,-9.27462,279.293,166.553,98.1317,882.826,531.721,-21.0064,25.3509,20.8342,-69.8221,24.9355,51.2506,-4.40142,10.2639,72.2962,-38.5877,16.1587,-22.4925,64.5013,-0.4089,-0.578222,-0.393274,0.693344,0.0678145,0.715745,-0.684247,0.0272844,-0.695722,0.135141,0.0316182,0.922972,0.244097,-0.715932,0.283162,0.236104,-0.760195,0.0462685,-0.0124515,-0.137272,0.71932
110.91,0,,11.9156,3.29962,6.99789,-4.69548,7.31089,-7.11914,28.0389,8.57709,17.2904,9.7143,5.60899,-12.3051,0.650647,1.47985,2.33819,2.33819,0.56625,-0.56625,1.52449,-1.52449,0.138832,-2.52849,0.0109806,3.46864,10.6255,-6.69329,159.087,-2.32236,0.628185,151.848,10.4832,6.34779,148.879,-17.4002,5.91414,149.985,-0.133613,0.0362303,152.033,1.62738,5.1618,151.01,-6.87888,8.52699,153.912,2.51197,-3.76298,54.1946,-62.5018,-15.6222,246.543,108.896,137.715,862.807,387.163,-51.7379,34.5934,33.1299,24.4133,24.3855,46.3942,-34.6548,-0.526355,68.8102,-67.3698,8.76406,-79.6767,-22.2968,-0.408408,-0.577668,-0.393515,0.687858,0.070501,0.720087,-0.683447,0.0347919,-0.693335,0.131721,0.031679,0.923939,0.244522,-0.715987,0.282794,0.236643,-0.761018,0.0462056,-0.0136723,-0.139897,0.719138
110.92,0,,13.3518,3.34602,7.37152,-4.6781,7.07388,-7.03322,30.612,8.5118,18.8706,9.71174,5.81453,-12.2357,0.9516,1.42453,2.45624,2.45624,0.56625,-0.56625,1.69795,-1.69795,-0.253164,-2.51436,0.312947,3.24391,11.0192,-6.81673,159.038,-2.43869,0.638879,152.029,11.8136,6.60986,148.593,-18.6094,6.41705,149.716,0.25265,0.263964,152.066,1.55017,5.16608,151.043,-6.88933,8.68311,153.912,2.49829,-3.5431,52.2447,-47.8396,-35.652,241.187,82.0033,127.463,603.031,275.409,6.84652,10.8269,74.1153,57.6154,8.80077,-3.92646,-63.4917,0,56.0788,-74.7064,5.75141,-75.8644,-26.6765,-0.407679,-0.577306,-0.393701,0.681984,0.0739788,0.724528,-0.68224,0.0421784,-0.691335,0.127815,0.0325336,0.925164,0.244644,-0.716108,0.282,0.236712,-0.761835,0.0456576,-0.014222,-0.141732,0.719037
110.93,0,,14.8703,3.39368,7.70497,-4.66476,6.73203,-6.82602,33.1804,8.45376,20.4692,9.69001,5.97782,-12.3037,1.40032,1.27133,2.57218,2.57218,0.561728,-0.561728,1.87386,-1.87386,-0.759492,-2.48611,0.658835,3.17747,11.454,-6.92043,158.944,-2.55208,0.645593,152.271,13.2095,6.85206,148.346,-19.7452,6.90904,149.364,0.745802,0.507224,152.181,1.46586,5.17281,151.153,-6.91372,8.82493,153.895,2.46866,-3.47631,49.3044,0.498906,-42.476,240.748,101.053,92.2654,450.157,205.049,0,14.5239,162.234,-24.9016,-1.92517,-72.2261,-59.0903,6.84261,38.0426,-93.2595,0,-39.6477,-31.0562,-0.406778,-0.577082,-0.393654,0.67594,0.0786786,0.7288,-0.680953,0.0493807,-0.689499,0.123052,0.0339369,0.926673,0.244461,-0.716352,0.280901,0.236276,-0.762723,0.0446183,-0.0141609,-0.142342,0.719095
110.94,0,,16.4874,3.44886,7.94987,-4.65587,6.30511,-6.55311,35.7534,8.39814,22.0402,9.65804,6.09316,-12.4426,2.0649,1.07026,2.7025,2.7025,0.551642,-0.551642,2.05465,-2.05465,-1.32299,-2.44091,1.0157,3.20483,12.0145,-7.01425,158.84,-2.68101,0.648329,152.584,14.6647,7.03036,148.17,-20.8268,7.35552,148.876,1.29483,0.740133,152.351,1.36631,5.18198,151.318,-6.95552,8.95026,153.873,2.42079,-3.50414,33.7053,36.6142,-65.4328,228.983,149.949,73.2428,313.503,187.048,-28.3197,-2.37664,184.434,-18.0659,-18.5183,-128.436,-62.9858,3.42131,17.1268,-88.8858,-8.76406,-17.5365,9.15759,-0.405781,-0.57681,-0.393573,0.670019,0.0845992,0.732583,-0.679798,0.0565837,-0.687673,0.117927,0.0358298,0.928584,0.244338,-0.716596,0.279741,0.235548,-0.763594,0.0432154,-0.0136728,-0.142283,0.719165
110.95,0,,18.1626,3.49401,8.06353,-4.65223,5.74449,-6.19766,38.3124,8.34736,23.2243,9.61074,6.26216,-12.5323,2.99406,0.83195,2.8269,2.8269,0.540164,-0.540164,2.23299,-2.23299,-1.58432,-2.37028,1.18041,3.19896,12.7363,-7.06856,158.697,-2.80363,0.65007,152.995,16.1507,7.13025,148.132,-21.863,7.71829,148.195,1.54262,0.828121,152.565,1.25863,5.19605,151.532,-7.00952,9.0657,153.863,2.35241,-3.49022,31.2602,75.6951,-83.4886,225.12,147.912,54.6758,188.482,222.137,-69.7878,-536.593,195.364,337.392,-25.3939,-163.051,-68.3484,15.1766,-0.909386,-77.6692,-12.5983,-7.62456,29.8617,-0.404626,-0.576694,-0.393273,0.664447,0.0911891,0.735677,-0.67899,0.0640292,-0.685765,0.115543,0.0372327,0.930816,0.244335,-0.716831,0.278639,0.234564,-0.764486,0.041505,-0.0131235,-0.142589,0.719169
110.96,0,,19.8879,3.5379,8.05536,-4.67001,5.0137,-5.82368,40.8386,8.30142,23.0067,9.57366,7.18823,-12.583,4.36189,0.588323,2.9568,2.9568,0.511295,-0.511295,2.41622,-2.41622,-0.514495,-2.294,0.230592,3.1677,13.8902,-7.11054,158.555,-2.93298,0.635397,153.577,17.647,7.17106,148.319,-22.8642,7.93669,147.086,0.498011,0.106103,152.796,1.13977,5.21623,151.757,-7.08268,9.17014,153.857,2.27718,-3.45126,20.5203,71.787,-84.9691,244.173,116.74,39.0704,0,240.229,-113.279,-921.874,495.582,964.814,-6.87561,-165.014,-74.217,41.4943,-7.27509,-84.9353,2.46489,-12.5805,49.3714,-0.403516,-0.576495,-0.392895,0.659321,0.0981474,0.737998,-0.678812,0.0721478,-0.683695,0.126162,0.0378425,0.933,0.244456,-0.71707,0.277538,0.233536,-0.765311,0.0396145,-0.0126348,-0.143134,0.719088
110.97,0,,21.6342,3.57302,7.9505,-4.70559,4.02615,-5.46149,43.2993,8.25548,20.5373,9.56087,8.82114,-12.5642,5.71656,0.364909,3.08797,3.08797,0.474773,-0.474773,2.6019,-2.6019,2.82564,-2.23468,-1.94905,3.07585,15.0441,-7.14757,158.412,-3.06317,0.614507,154.434,19.124,7.23551,148.835,-23.8287,7.96641,145.955,-2.7257,-1.2163,153.01,1.01279,5.24682,151.971,-7.16107,9.26249,153.863,2.21792,-3.35384,37.605,69.8191,-105.475,302.209,56.129,27.3379,-198.768,93.2956,-103.554,-1216.84,972.037,1476.52,-7.79235,-165.531,-93.7451,66.9348,-19.0971,-90.7905,9.31181,-20.9675,41.8064,-0.402428,-0.576267,-0.392479,0.654504,0.105228,0.739712,-0.679422,0.0813646,-0.681497,0.154911,0.031556,0.933373,0.244708,-0.717338,0.276449,0.232616,-0.766027,0.0377825,-0.0124516,-0.144109,0.718959
110.98,0,,23.3595,3.56926,7.81611,-4.73065,2.77577,-5.12288,45.6405,8.18535,15.802,9.55448,10.156,-12.5367,6.41208,0.158517,3.20602,3.20602,0.453209,-0.453209,2.78758,-2.78758,8.51775,-2.181,-4.38674,2.99573,15.4788,-7.18954,158.269,-3.18034,0.608787,155.597,20.5625,7.44281,149.725,-24.7216,7.71647,145.417,-8.20382,-2.09618,153.208,0.863466,5.28291,152.169,-7.2412,9.33066,153.868,2.16321,-3.26756,52.2447,49.3086,-112.793,373.064,-3.46349,-3.41724,-359.397,-139.624,-168.44,-1345.18,1229.9,1797.8,-40.5202,-159.641,-110.339,54.2146,-45.4693,-100.102,5.47754,-24.7798,14.7318,-0.401331,-0.576146,-0.392114,0.649585,0.112374,0.741267,-0.681229,0.0913718,-0.67891,0.196906,0.0102542,0.929962,0.245076,-0.71765,0.275169,0.231767,-0.766594,0.0360743,-0.0122686,-0.144965,0.718843
110.99,0,,25.0121,3.51784,7.69743,-4.74682,1.32331,-4.80449,47.8437,8.0983,10.1552,9.56471,11.4167,-12.5309,6.62175,-0.00319162,3.30461,3.30461,0.4466,-0.4466,2.97569,-2.97569,15.1408,-2.12732,-7.02208,2.94492,15.1453,-7.20682,158.104,-3.27735,0.61774,156.975,21.9198,7.83645,150.916,-25.5586,7.13107,145.423,-14.6051,-2.97865,153.356,0.688741,5.3245,152.322,-7.32829,9.39112,153.873,2.11078,-3.21189,66.8844,50.7776,-135.256,371.132,-54.7028,-38.5578,-382.819,-340.287,-272.46,-802.249,1879.86,925.753,-43.4538,-149.929,-97.6406,33.1604,-83.0573,-103.488,15.611,-20.9675,35.8341,-0.400107,-0.576264,-0.391623,0.644451,0.119209,0.742907,-0.684565,0.101693,-0.675409,0.244762,-0.0164802,0.921916,0.245744,-0.717944,0.273822,0.231217,-0.767021,0.0345483,-0.0120245,-0.145576,0.718722
111,0,,26.6001,3.43381,7.59822,-4.72539,0.00303861,-4.53832,49.9321,7.99432,5.79101,9.61074,12.9422,-12.5179,7.03179,-0.119154,3.3867,3.3867,0.482773,-0.482773,3.16626,-3.16626,20.3593,-2.11037,-9.76174,2.89998,14.8253,-7.22411,157.928,-3.35504,0.669467,158.254,23.245,8.32409,152.086,-26.3082,6.31938,145.34,-19.6532,-4.33728,153.449,0.503858,5.37098,152.421,-7.40842,9.4307,153.873,2.09483,-3.16458,97.1541,57.6237,-143.561,303.262,-99.6264,-84.4627,-258.826,-392.554,-325.676,797.232,1879.52,1106.9,-46.3874,-150.342,-121.115,25.8791,-101.093,-136.715,8.76406,-19.4426,4.77788,-0.398712,-0.576642,-0.391265,0.638943,0.12586,0.744783,-0.688997,0.110601,-0.67093,0.285172,-0.0325946,0.91332,0.246592,-0.71823,0.272472,0.230969,-0.767251,0.0333879,-0.0120248,-0.146006,0.718678
111.01,0,,28.0928,3.30965,7.48895,-4.66799,-0.989067,-4.32943,51.8636,7.87825,4.1754,9.6964,14.0545,-12.5193,6.98923,-0.176603,3.45228,3.45228,0.562424,-0.562424,3.3617,-3.3617,22.6704,-2.11885,-11.7108,2.8648,14.0543,-7.23398,157.758,-3.41341,0.764217,159.231,24.5303,8.77627,153.025,-26.9321,5.4537,145.95,-21.9587,-5.92107,153.493,0.304753,5.42298,152.471,-7.49378,9.46808,153.89,2.10166,-3.13118,119.624,51.2765,-169.921,227.052,-151.884,-119.603,-99.1469,-413.571,-249.509,888.073,2250.1,231.438,-45.929,-134.739,-104.015,22.4578,-106.398,-144.051,-1.36938,-20.5863,-17.917,-0.397185,-0.577252,-0.391081,0.633389,0.132086,0.746675,-0.693704,0.117194,-0.666053,0.307878,-0.0348529,0.906359,0.247697,-0.718493,0.271136,0.231087,-0.767359,0.0324717,-0.0122074,-0.146245,0.718591
111.02,0,,29.516,3.1579,7.38408,-4.58189,-1.58159,-4.16771,53.6219,7.75009,7.17843,9.76416,12.6054,-12.5338,7.26388,-0.207456,3.50898,3.50898,0.686248,-0.686248,3.55715,-3.55715,20.098,-2.11037,-10.5304,2.86089,13.7535,-7.26608,157.593,-3.45961,0.902985,159.83,25.8105,9.14736,153.613,-27.3811,4.68388,146.548,-19.4977,-5.55876,153.499,0.096505,5.49087,152.487,-7.57391,9.49117,153.884,2.09255,-3.1284,136.245,36.143,-185.067,173.845,-144.55,-129.855,11.7109,-431.664,-178.243,-855.064,1922.9,689.432,-59.5886,-102.088,-82.008,25.3528,-64.4148,-129.378,-14.2416,-14.4867,-11.1484,-0.395533,-0.578039,-0.391138,0.627659,0.137825,0.748698,-0.697969,0.120916,-0.661529,0.289873,-0.0262466,0.909293,0.248854,-0.718851,0.269668,0.2314,-0.767324,0.0318014,-0.0121463,-0.146305,0.718586
111.03,0,,30.8682,2.98483,7.30873,-4.47922,-1.88546,-4.038,55.1882,7.61225,9.49562,9.8332,9.03925,-12.5323,6.53355,-0.221286,3.56864,3.56864,0.838245,-0.838245,3.75504,-3.75504,18.0972,-2.08777,-7.26915,2.84721,12.791,-7.31793,157.451,-3.50622,1.07035,160.165,27.0611,9.46905,153.915,-27.6624,4.08087,147.778,-17.6345,-3.12874,153.488,-0.130028,5.57038,152.492,-7.66449,9.50656,153.89,2.07203,-3.1117,145.499,7.31729,-187.007,75.1571,-127.436,-98.6443,-40.0386,-326.672,-125.027,-1092.2,468.6,395.984,-59.5886,-65.4065,-82.008,13.1589,-18.4908,-114.282,-7.94243,-13.7242,21.8986,-0.393833,-0.578846,-0.391452,0.621753,0.142772,0.750913,-0.70139,0.122443,-0.657869,0.265088,-0.0364397,0.911174,0.250078,-0.719287,0.268023,0.231831,-0.767214,0.0311305,-0.0120245,-0.146491,0.718538
111.04,0,,32.1767,2.82932,7.22207,-4.35755,-1.97813,-3.86954,56.6,7.45991,10.5132,9.8869,6.80912,-12.4773,5.47905,-0.256394,3.6575,3.6575,1.01842,-1.01842,3.95538,-3.95538,17.3132,-2.05952,-5.49578,2.81399,11.7247,-7.35743,157.302,-3.57845,1.26831,160.296,28.2731,9.72146,154.047,-27.8302,3.51366,149.002,-16.9421,-1.86845,153.515,-0.368751,5.66152,152.531,-7.75332,9.49007,153.901,2.0424,-3.0783,125.969,-9.75639,-175.299,-0.526802,-104.007,-1.93644,-125.496,-172.336,-48.8592,-775.842,-276.993,-299.796,-36.1198,-36.578,-54.6889,6.84261,36.6786,-86.9105,3.01264,-13.343,15.5281,-0.391873,-0.57963,-0.391995,0.615817,0.146614,0.753215,-0.704681,0.122381,-0.654447,0.253619,-0.0442536,0.909853,0.251233,-0.719824,0.266188,0.231951,-0.767024,0.0303367,-0.0119023,-0.146856,0.718411
111.05,0,,33.4351,2.6713,7.05064,-4.23668,-1.85355,-3.64212,57.8479,7.2979,11.4981,9.9406,7.08775,-12.4267,4.80287,-0.341504,3.76413,3.76413,1.20346,-1.20346,4.15571,-4.15571,16.423,-2.02562,-6.20403,2.7925,11.186,-7.39199,157.148,-3.66665,1.47347,160.187,29.458,9.78375,154.036,-27.8774,2.9962,149.666,-16.104,-2.92948,153.597,-0.63287,5.75878,152.63,-7.85436,9.46918,153.917,2.00821,-3.05325,102.54,4.87819,-157.72,-4.91682,-93.3106,100.581,-195.287,-36.6421,-19.9949,-843.708,-12.6372,-27.8312,-14.1179,-16.1191,-26.3579,0,64.4148,-53.1904,-1.09551,-20.5863,-14.3336,-0.389798,-0.580363,-0.392606,0.610369,0.14954,0.755088,-0.707749,0.120858,-0.65141,0.25349,-0.033937,0.908242,0.252393,-0.720434,0.264112,0.231765,-0.766893,0.0291766,-0.0117198,-0.147168,0.718262
111.06,0,,34.6548,2.5208,6.79381,-4.09399,-1.60894,-3.3372,58.9366,7.14314,12.2954,9.98663,8.13715,-12.3789,4.31005,-0.49151,3.87964,3.87964,1.40693,-1.40693,4.36093,-4.36093,15.59,-1.97476,-7.71386,2.7925,10.8716,-7.41915,156.984,-3.76156,1.69829,159.962,30.6185,9.7134,154.003,-27.8057,2.45144,150.078,-15.3072,-4.69959,153.74,-0.903084,5.85114,152.789,-7.97455,9.434,153.934,1.95806,-3.04768,58.0944,16.1036,-132.806,41.9686,-79.5585,137.202,-275.918,25.4027,-26.8415,-704.015,267.088,581.037,-17.6015,3.40982,4.40142,-2.45632,81.5416,-6.84279,-4.38203,-4.95596,7.16681,-0.387542,-0.581161,-0.39328,0.605255,0.151741,0.75663,-0.710918,0.118354,-0.648597,0.257514,-0.0184331,0.906395,0.253309,-0.721107,0.261793,0.231218,-0.766778,0.0275899,-0.0113533,-0.147349,0.718127
111.07,0,,35.8664,2.37909,6.53321,-3.9509,-1.29445,-2.9649,59.859,6.99321,13.0652,10.048,8.15085,-12.321,3.80176,-0.726626,3.99177,3.99177,1.65632,-1.65632,3.92606,-3.92606,14.6019,-1.93804,-8.05975,2.80813,9.94463,-6.8192,156.83,-3.86907,1.92609,159.665,31.7675,9.59364,153.981,-27.5786,1.8454,150.49,-14.3743,-5.48113,153.96,-1.1865,5.94227,153.025,-8.10868,9.39552,153.939,1.92387,-3.03933,27.8246,40.5223,-144.531,48.817,-71.3072,121.597,-341.831,59.1207,-74.2225,-531.312,-3.41545,178.705,-18.0599,-3.40982,17.0998,-11.7553,61.9898,33.2263,-6.29917,-1.14368,10.3521,-0.385265,-0.581865,-0.394054,0.600139,0.153758,0.758108,-0.714321,0.114811,-0.64602,0.255561,-0.00897241,0.905481,0.254101,-0.721835,0.259289,0.230238,-0.766769,0.0255142,-0.0111089,-0.147529,0.71805
111.08,0,,37.078,2.22357,6.28454,-3.79689,-0.875119,-2.56397,60.6223,6.84571,14.2139,10.1413,7.17453,-12.2458,3.43118,-1.00643,4.11236,4.11236,1.89144,-1.89144,3.63044,-3.63044,13.0665,-1.90979,-7.47229,2.80618,9.35949,-6.37232,156.687,-3.98455,2.14841,159.264,32.9254,9.40299,153.948,-27.1872,1.17749,150.726,-12.8876,-5.31291,154.223,-1.49532,6.01384,153.305,-8.27068,9.35264,153.95,1.89879,-3.01707,0,42.9614,-140.14,8.78003,-57.657,81.0455,-355.441,84.4321,-108.922,-709.56,-271.87,-36.62,-3.94201,-18.0824,9.76406,11.7553,21.5221,29.2759,-26.2922,-8.76824,-5.97234,-0.383084,-0.582438,-0.394925,0.594959,0.155836,0.759523,-0.717984,0.10999,-0.64364,0.245016,-0.0025637,0.906634,0.254838,-0.722519,0.256486,0.229078,-0.766768,0.0230116,-0.010987,-0.147775,0.717937
111.09,0,,38.275,2.09064,6.06036,-3.64167,-0.250685,-2.18999,61.2053,6.70546,15.3443,10.2308,5.90588,-12.1431,3.1016,-1.29793,4.25664,4.25664,2.11439,-2.11439,3.32994,-3.32994,11.3924,-1.86741,-6.62129,2.80031,8.98216,-5.96248,156.594,-4.12692,2.35831,158.655,34.0718,9.06949,153.794,-26.6385,0.515645,150.77,-11.2526,-4.81604,154.498,-1.8082,6.06828,153.601,-8.44661,9.28558,153.961,1.85776,-2.9948,-6.34488,59.5638,-126.952,-39.0711,-90.3564,37.134,-317.855,95.6714,-131.873,-822.319,-435.47,-55.6624,-11.7344,-42.4677,6.32387,22.9842,-57.5944,16.5779,-33.6868,-5.71842,-12.741,-0.381073,-0.582689,-0.396028,0.589874,0.157662,0.760842,-0.721598,0.103521,-0.641577,0.23176,0.00286877,0.908728,0.255512,-0.723137,0.25362,0.227855,-0.766638,0.0203867,-0.0107428,-0.14808,0.717817
111.1,0,,39.4414,1.96021,5.82739,-3.48766,0.58949,-1.87328,61.5916,6.54103,16.1482,10.2807,4.94555,-11.9882,2.78208,-1.5373,4.41785,4.41785,2.33561,-2.33561,2.93416,-2.93416,9.8979,-1.78831,-6.06128,2.76319,8.70053,-5.47116,156.506,-4.29238,2.55875,157.782,35.195,8.53675,153.464,-25.9378,-0.0903895,150.616,-9.78288,-4.54949,154.734,-2.13632,6.11415,153.859,-8.6121,9.19983,153.977,1.78026,-2.93357,-18.5394,77.6353,-130.372,-84.4639,-161.154,-26.3697,-279.795,87.4475,-109.389,-806.21,-463.818,8.30053,-39.0534,-63.4433,20.4893,11.2289,-116.705,27.865,-25.7444,1.52491,10.3521,-0.379107,-0.58273,-0.397236,0.585058,0.159251,0.761949,-0.724896,0.0952815,-0.639991,0.220709,0.00933862,0.910851,0.256234,-0.723719,0.250558,0.226826,-0.766362,0.018068,-0.0103154,-0.148811,0.717624
111.11,0,,40.5787,1.87116,5.59882,-3.35264,1.61198,-1.64081,61.7484,6.37176,16.5691,10.3344,4.58928,-11.8174,2.45405,-1.68624,4.62053,4.62053,2.53039,-2.53039,2.58724,-2.58724,8.63208,-1.7092,-6.07775,2.68502,8.62123,-5.01935,156.434,-4.50194,2.73656,156.657,36.2603,7.80745,152.965,-25.0851,-0.606641,150.309,-8.53421,-4.77722,154.893,-2.45732,6.15574,154.041,-8.76713,9.13276,154.005,1.70276,-2.83337,-43.4547,76.1663,-118.171,-109.838,-260.781,-89.8164,-275.364,74.7461,-42.0127,-706.127,-319.345,138.179,-23.4687,-84.0055,37.5891,-10.2639,-131.406,44.9367,-21.3624,6.8621,-0.796313,-0.377156,-0.582427,-0.398519,0.5806,0.160471,0.762861,-0.727637,0.0853315,-0.639071,0.213688,0.0182498,0.912553,0.257092,-0.724217,0.247631,0.226274,-0.766047,0.0161755,-0.0100101,-0.149846,0.717307
111.12,0,,41.6497,1.80595,5.37024,-3.21844,2.77881,-1.49088,61.6922,6.1904,16.7986,10.3817,4.50249,-11.6365,2.10667,-1.76071,4.85283,4.85283,2.69769,-2.69769,2.38935,-2.38935,7.43976,-1.6301,-6.3358,2.56972,8.80169,-4.72061,156.374,-4.73586,2.89796,155.334,37.2368,6.90201,152.322,-24.1188,-1.04342,149.891,-7.35356,-5.19128,154.981,-2.77325,6.18449,154.156,-8.90474,9.08549,154.049,1.62298,-2.70534,-46.395,90.3297,-116.214,-112.297,-338.404,-132.304,-273.465,77.6702,36.6444,-584.39,-138.667,144.527,-20.5351,-129.366,31.7205,-0.526355,-123.07,26.3835,-13.6938,4.57474,12.741,-0.375271,-0.581889,-0.39987,0.576695,0.161753,0.763474,-0.729822,0.0740992,-0.638694,0.208017,0.0281995,0.914163,0.258067,-0.724579,0.244822,0.226092,-0.765745,0.0147106,-0.00982728,-0.151133,0.716903
111.13,0,,42.6626,1.74073,5.16553,-3.08788,4.01704,-1.39822,61.4441,6.01146,17.0491,10.4252,4.25014,-11.4253,1.71365,-1.78837,5.10374,5.10374,2.84308,-2.84308,2.25009,-2.25009,6.11677,-1.52557,-6.36325,2.41144,9.08333,-4.49099,156.33,-4.98825,3.0417,153.885,38.1271,5.89184,151.597,-23.0494,-1.4341,149.452,-6.04173,-5.39573,155.03,-3.10035,6.19978,154.233,-9.0528,9.04811,154.092,1.52268,-2.52999,-66.4201,90.3297,-105.475,-124.062,-380.373,-144.549,-302.267,96.2197,98.6521,-499.095,-68.309,-10.2536,-34.653,-144.969,30.7593,4.91265,-112.309,17.5655,-6.84692,-7.24333,30.2599,-0.373492,-0.581143,-0.401264,0.573233,0.163528,0.763863,-0.731548,0.0618931,-0.638769,0.200272,0.0374175,0.916087,0.259299,-0.724791,0.242085,0.226275,-0.765379,0.0133677,-0.00958321,-0.152843,0.716421
111.14,0,,43.6335,1.70813,4.98531,-2.97227,5.30845,-1.38811,61.0343,5.84944,17.4556,10.5044,3.6849,-11.2285,1.30439,-1.75646,5.38681,5.38681,2.97525,-2.97525,2.16703,-2.16703,4.54879,-1.44364,-6.0503,2.24729,9.47433,-4.33545,156.314,-5.27088,3.17699,152.364,38.9261,4.80541,150.845,-21.8979,-1.84419,148.986,-4.48939,-5.29997,155.025,-3.41628,6.22608,154.244,-9.20784,9.02722,154.147,1.44062,-2.35743,-80.0694,89.8308,-98.1408,-160.675,-363.259,-144.549,-328.142,140.172,157.237,-472.688,-72.7491,-163.081,-29.3359,-162.121,23.4236,16.1416,-105.489,12.2042,-39.4383,-5.33719,-29.8617,-0.371787,-0.580113,-0.402856,0.57023,0.165783,0.76403,-0.73313,0.0490137,-0.638948,0.189216,0.0458392,0.918493,0.260702,-0.724972,0.239582,0.22689,-0.764966,0.0122693,-0.00952191,-0.154487,0.715913
111.15,0,,44.5592,1.70186,4.8233,-2.85585,6.59074,-1.39148,60.4654,5.69468,17.9736,10.5658,2.95979,-11.0041,0.892029,-1.71284,5.68469,5.68469,3.10881,-3.10881,1.99601,-1.99601,2.77664,-1.34194,-5.54519,2.07923,9.78604,-4.1009,156.314,-5.57283,3.30531,150.833,39.6338,3.68945,150.125,-20.666,-2.29978,148.519,-2.73785,-5.07224,155.025,-3.72306,6.24505,154.266,-9.36287,8.98434,154.218,1.33804,-2.17373,-86.4142,85.9504,-93.2567,-207.033,-337.894,-118.18,-340.802,190.429,206.018,-491.173,-94.608,-270.5,-20.5351,-158.195,14.6714,18.5979,-83.0573,4.37374,-52.8582,5.33719,-25.0838,-0.370141,-0.578894,-0.404567,0.567607,0.168286,0.764033,-0.73466,0.0357076,-0.639196,0.176031,0.0543232,0.920991,0.262287,-0.725027,0.237383,0.227431,-0.764453,0.0111701,-0.00933877,-0.156257,0.715301
111.16,0,,45.4363,1.6843,4.66317,-2.75035,7.8001,-1.41001,59.7396,5.53025,18.4247,10.5748,2.32033,-10.7234,0.536919,-1.65539,5.98469,5.98469,3.24272,-3.24272,1.81034,-1.81034,0.97999,-1.1809,-5.13891,1.85841,10.0759,-3.85895,156.325,-5.87898,3.43065,149.378,40.259,2.59336,149.488,-19.3415,-2.81603,148.063,-0.962012,-4.96873,155.019,-4.04508,6.27318,154.282,-9.52312,8.93817,154.284,1.17848,-1.93716,-86.9094,75.6951,-94.2437,-255.85,-303.667,-87.4244,-327.113,237.305,231.926,-494.606,-88.4602,-261.711,-20.9935,-143.522,24.8908,3.94766,-61.0804,-21.0222,-35.0562,3.81228,11.5465,-0.368547,-0.577602,-0.40633,0.56535,0.170972,0.763851,-0.736184,0.022279,-0.63956,0.163221,0.0636647,0.923108,0.264112,-0.725073,0.235241,0.228041,-0.763902,0.0100714,-0.00885072,-0.158642,0.714589
111.17,0,,46.2263,1.66423,4.48232,-2.66708,8.86665,-1.4336,58.8312,5.37065,18.6936,10.576,1.85558,-10.4094,0.25376,-1.57241,6.27453,6.27453,3.36828,-3.36828,1.61,-1.61,-0.726826,-1.01422,-4.95224,1.58873,10.2974,-3.58243,156.33,-6.17757,3.54355,148.077,40.7711,1.55687,148.989,-17.9297,-3.38627,147.652,0.71908,-5.08,155.008,-4.35999,6.31172,154.288,-9.67816,8.90849,154.366,1.01208,-1.65326,-81.0598,80.0744,-110.836,-268.054,-289.1,-85.9436,-305.195,278.333,250.52,-443.904,-53.281,-222.649,-25.8523,-122.03,31.2652,9.73757,-28.3425,-33.2263,-3.83428,2.28737,-3.98156,-0.367022,-0.576322,-0.407979,0.563678,0.17359,0.763392,-0.737666,0.00909493,-0.640124,0.152108,0.0737954,0.924548,0.265951,-0.725155,0.233173,0.228715,-0.76342,0.00903383,-0.00848447,-0.161449,0.713733
111.18,0,,46.9371,1.62159,4.28891,-2.583,9.76152,-1.43528,57.7566,5.19897,18.7906,10.5824,1.48104,-10.078,0.065761,-1.51815,6.55041,6.55041,3.48828,-3.48828,1.39257,-1.39257,-2.35198,-0.850363,-4.92479,1.30929,10.4368,-3.29603,156.347,-6.46356,3.64676,146.985,41.1893,0.629945,148.665,-16.4269,-4.03113,147.3,2.31514,-5.35432,155.019,-4.68913,6.33863,154.326,-9.84016,8.87111,154.448,0.85024,-1.35824,-85.95,60.5339,-107.909,-264.63,-285.127,-87.4244,-307.094,286.649,249.976,-367.588,7.17245,-184.565,-22.0019,-95.6815,42.9517,-6.84261,14.0955,-27.865,15.0632,-8.76824,4.37972,-0.365622,-0.575047,-0.40957,0.562527,0.176278,0.762671,-0.739226,-0.00366225,-0.640833,0.142343,0.0844168,0.92535,0.267903,-0.725152,0.231096,0.229206,-0.762942,0.00781315,-0.00817909,-0.164314,0.712863
111.19,0,,47.5687,1.56641,4.0798,-2.50135,10.4482,-1.40159,56.5181,5.05146,18.784,10.654,1.10307,-9.77406,-0.0224361,-1.50857,6.8174,6.8174,3.61071,-3.61071,1.15559,-1.15559,-3.96079,-0.728883,-4.95224,1.03766,10.4723,-2.99235,156.369,-6.74325,3.74797,146.178,41.5186,-0.134796,148.533,-14.8298,-4.71967,147.031,3.89663,-5.67522,155.068,-5.02639,6.3631,154.397,-10.03,8.85022,154.536,0.727149,-1.07713,-80.5646,54.6856,-124.025,-248.563,-270.051,-112.769,-300.764,280.801,234.338,-310.548,34.1545,-143.55,-23.4687,-101.571,49.7815,-4.91265,36.0723,-7.3366,26.8399,-18.6802,2.38894,-0.364287,-0.573776,-0.411165,0.561979,0.17933,0.761635,-0.740728,-0.0157485,-0.641842,0.132939,0.0950957,0.925627,0.26973,-0.725201,0.228834,0.229627,-0.762554,0.00616488,-0.00817915,-0.16694,0.712014
111.2,0,,48.1164,1.48991,3.87258,-2.43748,10.8904,-1.31736,55.1133,4.9233,18.7106,10.7908,0.618907,-9.49621,-0.00851025,-1.54368,7.07001,7.07001,3.72793,-3.72793,0.908833,-0.908833,-5.58594,-0.644129,-4.92479,0.805115,10.3958,-2.66645,156.38,-7.01034,3.83974,145.678,41.7669,-0.683649,148.593,-13.1384,-5.43793,146.85,5.4927,-5.93659,155.167,-5.37787,6.39123,154.507,-10.2565,8.81723,154.629,0.642808,-0.834981,-73.2293,52.2466,-132.329,-225.12,-249.066,-133.272,-292.93,256.86,197.304,-258.79,7.17245,-134.762,-22.9187,-94.235,55.6501,10.2639,13.6408,-9.31184,-13.1461,-6.48088,-29.8617,-0.363007,-0.572558,-0.412633,0.561985,0.182934,0.760362,-0.742123,-0.0271017,-0.643177,0.123116,0.105293,0.925539,0.271444,-0.725336,0.226336,0.229925,-0.762104,0.00408946,-0.00836215,-0.169135,0.71121
111.21,0,,48.6059,1.40964,3.69487,-2.38695,11.1183,-1.16069,53.5915,4.81207,18.5651,10.9366,0.0182703,-9.20533,0.0858761,-1.65113,7.31288,7.31288,3.84132,-3.84132,0.66208,-0.66208,-7.21109,-0.559375,-4.83146,0.592111,10.2399,-2.34796,156.396,-7.26778,3.92578,145.459,41.9715,-1.01285,148.802,-11.3596,-6.16226,146.74,7.09362,-6.11774,155.332,-5.7324,6.41876,154.694,-10.5003,8.75127,154.711,0.558468,-0.615103,-76.6648,49.3086,-140.617,-225.12,-225.636,-145.005,-278.292,204.592,151.868,-211.521,-53.6226,-88.8645,-20.9935,-102.088,62.4799,21.4928,-27.8878,5.85517,-39.986,-3.04982,-6.76866,-0.361775,-0.57138,-0.414023,0.562283,0.187143,0.759009,-0.743315,-0.0378433,-0.644801,0.112862,0.114815,0.925171,0.272907,-0.725575,0.223648,0.229814,-0.761591,0.00158703,-0.00848468,-0.171159,0.710455
111.22,0,,48.9952,1.29552,3.536,-2.35097,11.1593,-0.98044,51.9222,4.68874,18.3342,11.0453,-0.544684,-8.89709,0.228229,-1.78944,7.53629,7.53629,3.93036,-3.93036,0.44953,-0.44953,-8.81174,-0.437895,-4.78753,0.355657,10.0267,-2.07638,156.412,-7.50505,3.9897,145.486,42.1002,-1.16537,149.126,-9.50564,-6.85626,146.718,8.67268,-6.32995,155.519,-6.10419,6.43466,154.897,-10.7494,8.6875,154.787,0.437657,-0.372958,-73.2293,50.3064,-156.256,-250.933,-183.565,-138.683,-246.087,147.482,106.432,-147.88,-106.562,-80.0757,-6.32556,-97.1281,62.9858,16.5802,-98.2137,13.6856,-7.39467,12.1993,4.77788,-0.36074,-0.570226,-0.415248,0.563082,0.19154,0.757491,-0.744128,-0.0480378,-0.646771,0.102971,0.124335,0.9243,0.274306,-0.725805,0.220714,0.229575,-0.761119,-0.00109874,-0.00836222,-0.17347,0.70969
111.23,0,,49.3021,1.17387,3.39847,-2.31661,11.0742,-0.805241,50.1334,4.57751,18.0235,11.1578,-1.00144,-8.58016,0.393019,-1.91391,7.7542,7.7542,4.01244,-4.01244,0.241867,-0.241867,-10.3716,-0.307939,-4.85342,0.0996623,9.75323,-1.79985,156.429,-7.73729,4.04491,145.678,42.1581,-1.17235,149.51,-7.59927,-7.50476,146.757,10.2202,-6.63014,155.705,-6.47599,6.44261,155.1,-11.0107,8.63693,154.869,0.305448,-0.108548,-66.8844,56.6536,-164.067,-279.82,-152.801,-123.533,-216.335,66.4309,66.4423,-65.4897,-140.717,-80.0757,-5.86718,-108.391,54.1829,32.1954,-120.191,-1.48143,5.47754,4.95596,-11.5465,-0.359767,-0.569071,-0.416411,0.564227,0.195868,0.755945,-0.744504,-0.0578659,-0.648977,0.0938171,0.134164,0.922911,0.275523,-0.726042,0.217599,0.229447,-0.760673,-0.00384548,-0.00824017,-0.175973,0.708838
111.24,0,,49.5331,1.04093,3.26221,-2.28711,10.8934,-0.672157,48.223,4.47837,17.6589,11.3432,-1.38969,-8.29073,0.574055,-2.00434,7.96026,7.96026,4.07923,-4.07923,0.0268741,-0.0268741,-11.9232,-0.228835,-4.96871,-0.148516,9.43332,-1.51593,156.456,-7.95819,4.0832,146.002,42.1516,-1.09824,149.922,-5.63698,-8.0841,146.845,11.7628,-6.95104,155.859,-6.84474,6.44078,155.265,-11.2825,8.60505,154.968,0.230226,0.141947,-62.0251,56.6536,-167.488,-286.141,-102.581,-96.1953,-186.978,-21.9304,39.0563,8.18622,-156.086,-108.883,-6.32556,-126.99,63.4917,32.1954,-142.016,-25.8897,21.3624,3.43105,-19.9078,-0.35896,-0.567891,-0.417495,0.565768,0.199963,0.754256,-0.74429,-0.0674463,-0.651513,0.0848435,0.144051,0.921132,0.276572,-0.726254,0.214311,0.229624,-0.760225,-0.00653103,-0.00854531,-0.178231,0.707979
111.25,0,,49.6834,0.896703,3.11338,-2.25396,10.6564,-0.571081,46.1861,4.38164,17.2419,11.5886,-1.77108,-8.02446,0.717955,-2.06924,8.16336,8.16336,4.14462,-4.14462,-0.193005,0.193005,-13.4667,-0.203409,-5.05107,-0.383016,9.03138,-1.22212,156.484,-8.17741,4.11702,146.403,42.0654,-0.970427,150.34,-3.63626,-8.58458,147.004,13.3005,-7.20724,155.974,-7.21959,6.43466,155.397,-11.5612,8.57976,155.066,0.202872,0.378525,-58.5896,60.5339,-184.573,-290.531,-71.8166,-69.8256,-156.752,-100.606,15.6381,67.8664,-156.769,-117.672,-24.3855,-144.556,59.0903,38.073,-140.197,-18.5531,-5.47754,-11.0556,-34.2414,-0.358187,-0.566703,-0.418557,0.567721,0.203503,0.752485,-0.743441,-0.0769077,-0.654326,0.0756881,0.15339,0.919061,0.277552,-0.726445,0.210834,0.23005,-0.759731,-0.00909456,-0.0092167,-0.180183,0.707184
111.26,0,,49.769,0.742445,2.94572,-2.22526,10.4163,-0.464951,44.0813,4.30426,16.7016,11.884,-2.15704,-7.77555,0.776753,-2.14371,8.34657,8.34657,4.20027,-4.20027,-0.412884,0.412884,-14.904,-0.217535,-5.07852,-0.594065,8.55287,-0.930789,156.506,-8.37646,4.1399,146.798,41.9303,-0.86302,150.702,-1.62854,-8.98799,147.245,14.7363,-7.3444,156.095,-7.58529,6.41937,155.528,-11.8503,8.55228,155.159,0.216549,0.590053,-52.7399,60.5339,-203.616,-293.429,-36.1629,-34.685,-131.352,-150.406,-8.32474,119.624,-145.157,-145.992,-44.4622,-159.228,69.8156,26.8441,-110.794,-22.9269,-12.3245,-15.2491,-14.3336,-0.357513,-0.5656,-0.419469,0.569916,0.206493,0.750651,-0.741865,-0.0864308,-0.657387,0.0667156,0.161387,0.916866,0.278342,-0.726619,0.207292,0.230542,-0.759195,-0.0117194,-0.0101327,-0.181839,0.706482
111.27,0,,49.8126,0.575646,2.76738,-2.21637,10.2234,-0.345344,41.9414,4.2293,15.9541,12.1806,-2.5647,-7.55703,0.671536,-2.22882,8.53275,8.53275,4.24305,-4.24305,-0.630319,0.630319,-16.129,-0.21471,-5.02911,-0.767986,7.95133,-0.641923,156.533,-8.57888,4.14861,147.122,41.7451,-0.818446,150.966,0.349472,-9.31073,147.624,15.9728,-7.31852,156.227,-7.96623,6.40714,155.671,-12.1569,8.5171,155.258,0.214269,0.7654,-40.0501,63.0008,-207.037,-288.073,10.6961,5.86626,-101.046,-175.261,-37.578,186.434,-134.227,-103.024,-43.4538,-179.17,34.1995,26.4055,-64.4148,-29.7697,-10.6812,4.95596,-10.7502,-0.356899,-0.564434,-0.420319,0.572299,0.208691,0.748823,-0.739676,-0.0961372,-0.660508,0.0585355,0.167244,0.914595,0.279255,-0.726795,0.203688,0.231034,-0.758597,-0.0145274,-0.0108037,-0.183236,0.705782
111.28,0,,49.8045,0.400068,2.57272,-2.21596,10.0684,-0.163407,39.7616,4.17368,14.9234,12.4708,-2.97578,-7.31825,0.394566,-2.40223,8.71469,8.71469,4.28653,-4.28653,-0.874629,0.874629,-17.0763,-0.186458,-4.91381,-0.939952,7.17206,-0.357996,156.577,-8.77878,4.15234,147.407,41.5083,-0.823279,151.158,2.29603,-9.53518,148.195,16.9372,-7.1089,156.441,-8.36139,6.38756,155.896,-12.5001,8.45993,155.34,0.184636,0.937962,-33.2101,59.0927,-208.5,-287.634,49.3038,26.8823,-57.6049,-156.711,-63.9527,259.846,-126.372,-19.0424,-32.2695,-196.736,32.7324,20.9665,-79.5713,-6.84279,-25.7444,1.52491,2.38894,-0.356407,-0.563207,-0.421231,0.574911,0.209968,0.746975,-0.736794,-0.10584,-0.663853,0.0515783,0.170483,0.912234,0.28023,-0.726974,0.200086,0.231149,-0.757964,-0.017945,-0.0112314,-0.184707,0.705134
111.29,0,,49.7528,0.225744,2.3297,-2.20788,9.9484,0.0623304,37.5538,4.13257,13.6081,12.7623,-3.35489,-7.06355,-0.0595717,-2.60437,8.89748,8.89748,4.32444,-4.32444,-1.1165,1.1165,-17.7297,-0.141256,-4.76557,-1.12169,6.21505,-0.0617234,156.616,-8.97994,4.14911,147.632,41.2188,-0.905983,151.279,4.20065,-9.66683,148.964,17.6199,-6.7466,156.693,-8.76265,6.34536,156.154,-12.8589,8.39506,155.427,0.141327,1.12166,-21.975,64.9409,-210.457,-275.869,77.623,42.4877,-44.4697,-143.553,-43.9578,408.255,-115.101,45.897,-17.6015,-209.445,13.6596,23.4228,-118.675,-21.516,1.09551,-15.6303,-0.796313,-0.35591,-0.561972,-0.422074,0.577801,0.21022,0.745049,-0.733258,-0.115546,-0.667397,0.0460835,0.171272,0.909767,0.281269,-0.727038,0.196546,0.231097,-0.757322,-0.0216692,-0.0115977,-0.186296,0.704407
111.3,0,,49.643,0.0451487,2.0421,-2.19616,9.83597,0.269537,35.3367,4.12048,12.0816,13.073,-3.71573,-6.81608,-0.637495,-2.80757,9.06631,9.06631,4.362,-4.362,-1.37302,1.37302,-18.138,-0.0988795,-4.57341,-1.31124,5.10493,0.229611,156.665,-9.16808,4.14239,147.863,40.8753,-1.03702,151.378,6.04761,-9.71536,149.913,18.0596,-6.24196,156.94,-9.15274,6.29459,156.407,-13.2387,8.34559,155.509,0.0980169,1.31092,-4.8902,92.7688,-220.702,-274.903,86.3836,54.6758,-15.1134,-105.997,-36.0998,576.204,-153.354,111.325,-25.3939,-223.601,16.1385,33.6867,-143.077,-40.9862,21.3624,-20.9675,-11.1484,-0.355544,-0.560753,-0.42293,0.581036,0.209549,0.742974,-0.72921,-0.124882,-0.671103,0.0417496,0.169928,0.9072,0.282309,-0.727045,0.19313,0.231212,-0.75669,-0.0255139,-0.0119634,-0.187935,0.703702
111.31,0,,49.4814,-0.119142,1.72184,-2.18928,9.681,0.476743,33.1335,4.15434,10.5408,13.4527,-4.13024,-6.63809,-1.29278,-3.02672,9.23683,9.23683,4.39296,-4.39296,-1.62466,1.62466,-18.4646,-0.0932292,-4.27694,-1.4324,3.88817,0.503663,156.726,-9.35748,4.12797,148.148,40.4765,-1.1643,151.504,7.81769,-9.70322,150.989,18.424,-5.5717,157.198,-9.5286,6.23893,156.665,-13.648,8.30161,155.592,0.093458,1.43338,10.2447,100.086,-223.629,-282.717,75.6875,43.9685,12.6604,-79.5891,-30.2647,797.76,-191.265,157.71,-29.7943,-227.528,14.6714,57.6359,-138.681,-65.3945,-4.38203,-17.9177,-15.5281,-0.355244,-0.559478,-0.42379,0.584619,0.2082,0.740753,-0.724889,-0.13349,-0.674838,0.0372331,0.167183,0.904521,0.283283,-0.727039,0.189832,0.231457,-0.75602,-0.0296036,-0.012452,-0.188917,0.703112
111.32,0,,49.2989,-0.285942,1.38275,-2.18848,9.46678,0.66205,31.0053,4.20995,9.09566,13.8631,-4.67264,-6.4789,-1.97515,-3.24588,9.40735,9.40735,4.42496,-4.42496,-1.88119,1.88119,-18.7995,-0.0988795,-3.78281,-1.53402,2.60305,0.76537,156.808,-9.54731,4.1118,148.533,40.0545,-1.26311,151.696,9.48292,-9.60919,152.159,18.7787,-4.66594,157.456,-9.90446,6.18938,156.917,-14.0783,8.25654,155.674,0.0980169,1.53637,9.2852,103.994,-211.921,-277.8,84.9575,20.0478,53.7276,-33.1697,-25.3632,990.268,-236.008,252.434,-7.33398,-211.409,3.89551,57.1095,-152.322,-69.8388,-15.611,-11.8181,-17.5189,-0.355056,-0.558128,-0.424761,0.588436,0.206624,0.738353,-0.720321,-0.141,-0.678693,0.0315569,0.162973,0.901904,0.284381,-0.727035,0.186657,0.231823,-0.755287,-0.0338152,-0.0129401,-0.189706,0.702548
111.33,0,,49.0986,-0.4402,1.011,-2.1909,9.12646,0.83051,28.9872,4.28975,7.73577,14.2595,-5.41487,-6.3255,-2.65597,-3.44057,9.57576,9.57576,4.45313,-4.45313,-2.13038,2.13038,-19.0853,-0.0791036,-3.0526,-1.63563,1.21676,1.02214,156.89,-9.73419,4.09166,149.071,39.6183,-1.29695,152.009,11.0223,-9.44358,153.443,19.0799,-3.47552,157.692,-10.2631,6.13923,157.148,-14.5155,8.21696,155.756,0.0797812,1.63656,12.1946,116.689,-218.745,-266.562,97.6909,-12.1882,97.6434,0,-2.41184,1225.03,-294.753,221.673,-8.3424,-187.54,21.9565,55.7059,-165.963,-66.8759,-23.8273,-17.1553,-15.9263,-0.354876,-0.55679,-0.42568,0.592513,0.205155,0.735712,-0.715729,-0.146979,-0.682586,0.024721,0.156811,0.899357,0.285412,-0.727019,0.183601,0.232378,-0.754511,-0.0379667,-0.0132454,-0.190563,0.701945
111.34,0,,48.8692,-0.603237,0.624184,-2.18645,8.64332,1.00739,27.0954,4.37922,6.66962,14.6712,-6.23703,-6.16487,-3.20759,-3.62781,9.74162,9.74162,4.48096,-4.48096,-2.35759,2.35759,-19.4936,-0.0565026,-2.19063,-1.71966,-0.11484,1.26903,156.967,-9.91771,4.07375,149.79,39.1577,-1.23089,152.47,12.4097,-9.18819,154.706,19.4905,-2.15053,157.945,-10.6277,6.08112,157.389,-14.9701,8.15209,155.854,0.0569866,1.72006,20.5203,122.066,-229.976,-243.646,162.58,-13.1564,119.166,0,7.31333,1421.5,-371.943,101.559,-8.80077,-160.675,31.7205,71.7597,-143.531,-37.1063,-5.47754,-10.2932,-8.75944,-0.354708,-0.555472,-0.426614,0.596835,0.203869,0.73289,-0.71117,-0.151134,-0.686572,0.0162358,0.150578,0.896878,0.286456,-0.726975,0.180492,0.232923,-0.75358,-0.0422386,-0.0134895,-0.191294,0.701269
111.35,0,,48.6059,-0.777561,0.22983,-2.18443,7.96419,1.16406,25.3769,4.48562,5.95624,15.1135,-6.96328,-5.9941,-3.47063,-3.82144,9.90156,9.90156,4.51574,-4.51574,-2.60923,2.60923,-20,-0.0423769,-1.38355,-1.8076,-1.32613,1.51346,157.072,-10.0966,4.05709,150.772,38.674,-1.02306,153.157,13.6014,-8.82056,155.837,19.9982,-0.900582,158.192,-10.9965,6.02791,157.625,-15.4457,8.08173,155.942,0.0433098,1.80913,12.6898,103.024,-227.049,-217.745,239.796,14.6372,126.446,-21.0166,40.0677,1524.48,-415.66,-74.2165,18.0599,-155.715,25.3967,79.5673,-121.555,-22.4331,-5.75141,-12.5805,0.796313,-0.354641,-0.554119,-0.427645,0.601373,0.202533,0.729924,0.706771,0.152781,0.690718,0.00726351,0.145575,0.894449,0.287435,-0.726979,0.177258,0.233598,-0.752556,-0.0466342,-0.0137945,-0.192025,0.700651
111.36,0,,48.3264,-0.964427,-0.170803,-2.18484,7.10426,1.32578,23.8621,4.59685,5.60086,15.6058,-7.47485,-5.83347,-3.4482,-4.01932,10.0683,10.0683,4.55261,-4.55261,-2.85843,2.85843,-20.6125,-0.0536774,-0.785112,-1.88186,-2.38977,1.76282,157.176,-10.2826,4.04093,151.985,38.1709,-0.693316,154.058,14.5712,-8.37104,156.83,20.5909,0.111279,158.45,-11.3866,5.97469,157.878,-15.9474,8.01247,156.04,0.0524276,1.88427,3.40457,89.3596,-222.165,-176.742,334.94,60.0864,112.757,-84.9803,45.436,1625.89,-398.925,-311.514,68.3894,-157.265,-1.97305,95.1825,-136.711,-26.3835,20.5408,-32.7856,19.5097,-0.354576,-0.552708,-0.428738,0.606005,0.200883,0.726925,0.702788,0.151923,0.694792,-0.00115972,0.142706,0.891884,0.288346,-0.727029,0.173716,0.234323,-0.751495,-0.0512716,-0.0142831,-0.192578,0.699995
111.37,0,,48.0098,-1.1701,-0.585879,-2.16139,6.06202,1.47066,22.5815,4.73469,5.52873,16.1504,-7.81856,-5.70757,-3.14415,-4.21507,10.2138,10.2138,4.58739,-4.58739,-3.12228,3.12228,-21.2168,-0.0932292,-0.37883,-1.92094,-3.33584,2.01218,157.291,-10.4485,4.01954,153.413,37.6498,-0.266371,155.172,15.2946,-7.84933,157.703,21.1813,0.913521,158.702,-11.7706,5.89456,158.114,-16.4699,7.94541,156.139,0.093458,1.92324,2.4451,83.9825,-231.44,-117.652,423.361,128.431,47.8722,-197.282,24.8964,2004.3,-504.804,-657.206,52.713,-171.421,-7.33569,132.291,-147.017,-18.0593,19.1714,-34.3105,38.223,-0.35464,-0.551371,-0.42978,0.610625,0.198313,0.723973,0.699333,0.148449,0.698723,-0.00854532,0.141242,0.889324,0.289151,-0.726936,0.170121,0.235246,-0.750357,-0.0559731,-0.0148936,-0.192762,0.699449
111.38,0,,47.6834,-1.40212,-0.989024,-2.12501,4.94837,1.56837,21.5747,4.90637,5.66774,16.7271,-8.25819,-5.61205,-2.40917,-4.39061,10.3327,10.3327,4.62356,-4.62356,-3.41545,3.41545,-21.7394,-0.135606,0.0823544,-1.92094,-3.93465,2.26155,157.434,-10.5896,3.99467,154.933,37.1455,0.190111,156.408,15.7682,-7.30699,158.208,21.6841,1.64848,158.927,-12.1515,5.80587,158.328,-17.0204,7.87285,156.232,0.134488,1.92602,18.0752,92.2976,-236.818,-42.9344,487.334,177.241,-58.5544,-345.678,-40.0677,1593.14,-435.47,-1784.61,49.321,-181.65,-6.82978,134.747,-161.113,-20.0346,-5.47754,-26.3047,50.964,-0.354936,-0.550074,-0.430867,0.614889,0.194465,0.721277,0.696564,0.142951,0.70224,-0.0154424,0.139775,0.888088,0.289761,-0.726814,0.166336,0.236462,-0.749062,-0.0607331,-0.0153816,-0.192636,0.698946
111.39,0,,47.3684,-1.66298,-1.36077,-2.07085,3.86967,1.65597,20.8817,5.10224,6.1136,17.2934,-9.17171,-5.50497,-1.54268,-4.58636,10.4254,10.4254,4.66356,-4.66356,-3.71351,3.71351,-22.2948,-0.141256,0.900408,-1.93853,-4.353,2.47881,157.599,-10.7051,3.97303,156.421,36.6784,0.625649,157.671,15.9744,-6.85383,158.538,22.2234,2.68622,159.169,-12.5335,5.70373,158.548,-17.597,7.80358,156.314,0.139047,1.94551,27.3294,75.1962,-217.281,20.5453,514.634,214.375,-87.9107,-447.289,-109.389,1813.91,-194.339,-1323.69,87.366,-200.663,-7.79101,152.818,-158.233,7.3366,1.09551,-27.4484,52.5566,-0.355423,-0.548852,-0.432025,0.618546,0.189275,0.719013,0.694987,0.135994,0.704754,-0.0245376,0.136727,0.88793,0.290293,-0.726647,0.162481,0.237746,-0.747725,-0.0657388,-0.0156254,-0.192754,0.698442
111.4,0,,47.0776,-1.95519,-1.6917,-1.98919,2.89427,1.75873,20.5446,5.3634,4.77469,17.8956,-10.3467,-5.39209,-0.737297,-4.78956,10.4812,10.4812,4.70739,-4.70739,-3.99935,3.99935,-20.8085,-0.12148,2.02592,-1.96393,-5.00649,2.69114,157.758,-10.7832,3.95836,157.766,36.2757,1.00856,158.852,15.8992,-6.51411,159.054,20.727,3.9284,159.416,-12.9114,5.57711,158.773,-18.2363,7.73762,156.396,0.120812,1.97056,51.2543,100.585,-236.818,44.9538,515.144,217.792,-86.4073,-499.556,-159.648,2229.03,-614.781,-1947.21,132.287,-223.188,13.2042,185.54,-185.515,-5.85517,-8.2163,-13.343,28.6673,-0.355974,-0.547878,-0.433065,0.621325,0.182936,0.717341,0.694617,0.12812,0.706214,-0.0216682,0.12061,0.889619,0.290728,-0.726362,0.158579,0.239325,-0.746236,-0.0711689,-0.0156871,-0.193006,0.697922
111.41,0,,46.8483,-2.25116,-1.99563,-1.87722,2.07993,1.8598,20.575,5.67534,3.26269,18.5362,-11.009,-5.27053,0.123785,-4.98957,10.5269,10.5269,4.74878,-4.74878,-4.27054,4.27054,-18.8566,-0.0988795,2.69024,-1.9952,-5.48773,2.88372,157.923,-10.8504,3.94468,158.908,35.9515,1.28191,159.895,15.5393,-6.29451,159.389,18.7689,4.55984,159.668,-13.2791,5.42114,158.992,-18.9139,7.66836,156.478,0.0980169,2.00117,92.2949,130.852,-250.483,35.1201,493.65,219.728,-20.0193,-537.112,-172.875,1620.61,-212.441,-1416.95,177.757,-252.946,43.9636,248.527,-195.821,11.7103,-13.1461,-17.9177,-14.7318,-0.356579,-0.546954,-0.434096,0.6234,0.175917,0.715997,0.695425,0.119577,0.706656,-0.0126346,0.105288,0.891195,0.290782,-0.725979,0.154425,0.241106,-0.744621,-0.0768487,-0.0157479,-0.193308,0.697363
111.42,0,,46.6851,-2.55216,-2.28512,-1.72523,1.4479,1.94066,21.0128,6.03806,2.46275,19.2087,-12.184,-5.21554,0.976357,-5.17788,10.5561,10.5561,4.7926,-4.7926,-4.57348,4.57348,-17.2968,-0.0678031,3.75536,-1.97761,-5.77483,3.10592,158.088,-10.9042,3.92827,159.824,35.7122,1.42476,160.791,14.8665,-6.2569,159.498,17.2045,5.54841,159.899,-13.6356,5.22602,159.19,-19.6333,7.61888,156.555,0.0661044,1.98169,156.239,91.7987,-228.019,52.2412,456.061,211.926,178.195,-455.604,-168.44,384.224,322.419,606.915,253.389,-312.05,61.0127,342.745,-242.2,54.6718,-12.5983,-32.4044,-13.5373,-0.357248,-0.546096,-0.43507,0.624897,0.168767,0.714805,0.697794,0.110297,0.705729,-0.00848411,0.0900292,0.893456,0.290547,-0.72539,0.150095,0.243248,-0.742928,-0.0827104,-0.0155644,-0.193243,0.696858
111.43,0,,46.6706,-2.79671,-2.55828,-1.53121,1.14404,2.07206,21.9002,6.47332,2.01033,19.9579,-15.1073,-5.22856,1.10014,-5.35767,10.6213,10.6213,4.84443,-4.84443,-4.83978,4.83978,-15.8595,-0.0593277,6.37423,-1.89163,-6.46114,3.36269,158.192,-10.9915,3.9228,160.296,35.5964,1.35924,161.367,13.8845,-6.53292,159.998,15.7517,8.20357,160.124,-13.9709,4.98625,159.382,-20.4015,7.57601,156.642,0.059266,1.89541,277.844,21.9796,-129.879,204.575,406.247,158.674,529.284,-130.395,-88.3823,-1214.46,-422.491,775.367,332.963,-384.276,57.6231,444.331,-329.652,27.3712,-26.8399,-3.43105,-42.6027,-0.357451,-0.545271,-0.435887,0.625596,0.162243,0.71392,0.70229,0.101443,0.702718,-0.0147716,0.0652513,0.895755,0.289991,-0.72458,0.145697,0.245691,-0.741102,-0.0888761,-0.0153814,-0.192573,0.696376
111.44,0,,46.845,-2.98859,-2.86848,-1.30161,1.54361,2.28938,23.0895,7.00289,1.98804,20.8056,-19.7948,-5.30092,0.34892,-5.5013,10.7165,10.7165,4.90495,-4.90495,-4.97659,4.97659,-14.8387,-0.0762784,10.5414,-1.75288,-7.22674,3.62193,158.143,-11.1007,3.94817,159.791,35.662,0.793205,161.181,12.7889,-7.19234,160.569,14.7168,12.4503,160.283,-14.2817,4.71957,159.503,-21.2393,7.54962,156.713,0.0775017,1.75903,386.728,-102.054,-40.519,482.463,343.293,207.996,1151.86,355.455,-155.291,-1694.28,-1696.45,1662.55,413.086,-471.691,47.8591,525.39,-420.439,1.97524,11.2289,-50.7033,-21.8986,-0.35671,-0.544892,-0.436121,0.625347,0.157176,0.713365,0.708474,0.0969902,0.697548,-0.033449,0.0332659,0.898118,0.289254,-0.723533,0.141362,0.248918,-0.739003,-0.0951603,-0.0151986,-0.191416,0.696081
111.45,0,,47.1293,-3.2043,-3.35766,-1.01663,2.88972,2.61956,23.9839,7.64611,0.186214,21.73,-20.199,-5.53536,-0.885066,-5.59066,10.7449,10.7449,4.96443,-4.96443,-4.91063,4.91063,-12.552,-0.101705,10.9971,-1.46171,-7.60954,3.84907,157.884,-11.1297,4.01755,157.952,35.8988,-0.582686,159.824,12.1354,-7.70009,160.695,12.4357,12.6858,160.349,-14.5428,4.41374,159.514,-22.1399,7.53972,156.746,0.100296,1.46957,453.613,-162.588,-104.012,776.33,224.108,472.148,1244.6,903.35,297.824,589.936,-2704.7,-123.531,440.955,-574.193,10.7253,589.868,-478.034,11.2165,24.9228,-22.8737,-65.2976,-0.355058,-0.54574,-0.4352,0.624787,0.154671,0.712438,0.711709,0.102239,0.69413,-0.0206916,0.0178839,0.898468,0.28847,-0.72209,0.137521,0.253127,-0.736552,-0.101324,-0.0145271,-0.189035,0.696141
111.46,0,,47.5494,-3.38114,-4.05343,-0.687991,4.12187,3.00365,24.6582,8.45376,-0.457668,22.749,-13.8363,-5.93043,-1.17751,-5.67896,10.7423,10.7423,4.99469,-4.99469,-4.69808,4.69808,-11.5802,-0.141256,5.06754,-1.02007,-6.77558,3.9898,157.484,-11.1146,4.08992,156.113,36.2616,-2.09874,158.374,11.7982,-7.63336,159.63,11.5004,6.45158,160.327,-14.7196,4.05286,159.426,-23.1206,7.54962,156.702,0.141327,1.02981,390.628,-144.045,-152.342,671.848,196.808,677.24,477.06,989.701,760.275,1432.59,41.6685,632.793,343.23,-613.25,-3.44019,571.271,-477.125,23.4207,47.3807,-3.81228,-36.2322,-0.352866,-0.547275,-0.433377,0.624585,0.155459,0.710463,0.710806,0.109261,0.694447,0.0222788,0.0503562,0.897194,0.287687,-0.720164,0.134657,0.258308,-0.733725,-0.107547,-0.013367,-0.185428,0.696791
111.47,0,,47.9451,-3.48899,-4.62172,-0.371887,3.59315,3.37763,25.7562,9.43794,-0.0642571,23.929,-10.1743,-6.50784,-0.187999,-5.77471,10.736,10.736,4.98425,-4.98425,-4.40246,4.40246,-11.1066,-0.251436,1.92709,-0.396695,-6.16037,4.04659,157.039,-11.0864,4.13791,156.388,36.6681,-2.23247,158.649,11.0852,-7.07647,158.845,11.0437,3.13651,160.261,-14.81,3.68403,159.283,-24.1884,7.5815,156.615,0.250741,0.414707,221.204,-91.2998,-43.4631,350.587,38.0984,284.2,62.5108,885.714,725.575,792.479,1620.97,420.397,340.847,-628.956,37.1338,555.217,-482.884,15.5903,43.8203,-12.5805,-73.6589,-0.350618,-0.54894,-0.431131,0.623829,0.15669,0.709224,0.709622,0.10297,0.696744,0.0444965,0.0683012,0.896399,0.28712,-0.718044,0.133061,0.26429,-0.730551,-0.114078,-0.0121467,-0.180186,0.697917
111.48,0,,48.1616,-3.54041,-4.91121,-0.0925676,1.73201,3.71961,27.1867,10.5793,1.17892,25.2498,-10.2085,-7.30377,1.49084,-5.93748,10.7089,10.7089,4.95817,-4.95817,-4.0873,4.0873,-11.0167,-0.44072,2.23455,0.453366,-6.04826,3.99721,156.616,-11.0344,4.17522,158.342,36.9756,-1.08267,160.269,9.95471,-6.48681,158.625,10.9538,3.40824,160.184,-14.815,3.35312,159.113,-25.3294,7.62658,156.462,0.437657,-0.423057,201.674,21.0095,21.4763,-1.93161,-274.94,-137.202,-382.819,582.526,360.376,-445.225,2181.11,614.239,396.035,-637.739,57.1172,638.644,-501.981,1.48143,21.9101,-34.6917,-82.8165,-0.348594,-0.550634,-0.428861,0.622341,0.156684,0.709564,0.710203,0.0858835,0.698422,0.0433368,0.0661649,0.897622,0.286884,-0.716051,0.132821,0.270712,-0.727107,-0.120981,-0.0107426,-0.172919,0.699671
111.49,0,,48.1196,-3.52662,-5.10839,0.149968,-0.41477,3.95714,28.252,11.8802,1.32973,26.6971,-9.03925,-8.29507,3.34143,-6.16303,10.6632,10.6632,4.9053,-4.9053,-3.79902,3.79902,-9.95507,-0.692156,1.33414,1.51643,-6.16037,3.80957,156.303,-10.9642,4.18143,160.719,37.0142,0.347463,162.213,8.94124,-6.01424,158.702,9.89463,2.4119,160.118,-14.7287,3.06075,158.937,-26.5348,7.67165,156.254,0.690677,-1.46957,236.803,61.0328,23.4333,-182.625,-582.478,-298.838,-609.362,49.3434,-195.826,644.599,1867.57,98.6298,441.872,-640.632,61.0127,689.437,-577.612,-21.516,9.31181,-48.7972,-49.3714,-0.347319,-0.551987,-0.426977,0.622294,0.157054,0.709519,0.710975,0.0675084,0.6995,0.0560323,0.0660425,0.896456,0.286695,-0.714266,0.133734,0.277422,-0.723373,-0.128304,-0.00915576,-0.163766,0.701881
111.5,0,,47.8111,-3.4752,-5.38783,0.405438,-2.5661,4.1576,28.6617,13.319,0.647816,28.2684,-10.7144,-9.52515,4.99784,-6.4524,10.5777,10.5777,4.85869,-4.85869,-3.54738,3.54738,-8.48508,-1.01987,3.17339,2.82376,-6.61153,3.56761,156.055,-10.8576,4.18914,163.134,36.7826,1.67341,164.228,8.32617,-5.78796,159.136,8.43218,4.15613,160.08,-14.5631,2.77143,158.778,-27.7977,7.73322,156.024,1.01664,-2.75822,262.709,132.321,-59.5788,-274.376,-813.921,-290.522,-430.691,-616.701,-390.641,546.892,-610.683,-513.168,453.148,-636.706,62.0245,755.407,-657.183,-41.48,19.993,-40.0289,-69.2792,-0.346449,-0.553366,-0.425309,0.624425,0.158578,0.708231,0.711945,0.0512107,0.699554,0.0551802,0.0463294,0.89735,0.286521,-0.712517,0.13563,0.284263,-0.719478,-0.136119,-0.0073857,-0.152414,0.704389
111.51,0,,47.1988,-3.33097,-5.69301,0.656058,-4.58374,4.33954,28.4651,14.9247,0.476027,30.0046,-13.6811,-11.0258,6.53742,-6.7971,10.4605,10.4605,4.79817,-4.79817,-3.40568,3.40568,-7.84809,-1.47189,6.01187,4.43399,-7.04354,3.38244,155.836,-10.7265,4.16328,165.314,36.2513,2.755,166.107,8.02737,-5.76491,159.493,7.79084,6.97692,160.058,-14.2777,2.46621,158.63,-29.1041,7.79479,155.767,1.46797,-4.34747,340.333,274.897,-20.5063,-237.324,-781.221,-323.726,-98.1182,-1026.34,-544.454,-430.701,-2267.18,919.406,397.502,-614.284,81.5527,743.125,-720.688,-33.2263,-19.993,-94.1633,-19.9078,-0.34598,-0.55468,-0.423564,0.628568,0.16053,0.706025,0.713105,0.0377824,0.6987,0.042482,0.0248422,0.899019,0.286082,-0.710719,0.138738,0.291158,-0.715382,-0.144297,-0.00573767,-0.138254,0.707138
111.52,0,,46.4299,-3.0212,-5.87009,0.917996,-6.22003,4.44736,28.1537,16.673,-0.350136,31.8432,-13.0519,-12.7566,8.08551,-7.15456,10.3949,10.3949,4.71226,-4.71226,-3.33239,3.33239,-6.44343,-2.00019,5.44088,6.28263,-7.17206,3.20468,155.715,-10.651,4.09489,167.015,35.5076,3.53854,167.611,7.63421,-5.84256,159.553,6.39398,6.24973,160.069,-13.8723,2.13469,158.509,-30.4332,7.86955,155.542,1.99681,-6.17051,342.779,271.959,119.634,-190.439,-511.273,-237.327,237.304,-1003.41,-521.969,830.505,-838.493,1137.66,340.297,-589.382,144.538,735.844,-678.705,-65.8883,-137.76,-151.348,31.0562,-0.345971,-0.555275,-0.422271,0.633994,0.163763,0.703455,0.714678,0.0261847,0.69716,0.0556659,0.0209358,0.898163,0.285229,-0.708831,0.142889,0.297936,-0.711236,-0.152783,-0.00408955,-0.121893,0.709628
111.53,0,,45.593,-2.56595,-6.00699,1.17913,-7.22125,4.48442,28.1466,18.5688,0.18228,33.5922,-11.2648,-14.609,9.17637,-7.38967,10.3365,10.3365,4.59365,-4.59365,-3.33972,3.33972,-6.06777,-2.42678,3.49183,8.20943,-6.97792,3.17258,155.682,-10.5863,3.97851,167.943,34.7279,3.78988,168.512,6.8811,-5.98633,159.312,6.01986,4.22859,160.107,-13.3268,1.78238,158.405,-31.7658,7.98938,155.471,2.42307,-8.07705,331.048,186.037,203.616,70.7671,-127.436,-167.957,339.378,-1008.8,-397.954,967.822,1166.03,-53.221,278.783,-579.152,187.49,784.181,-613.229,-195.337,-239.368,-191.758,156.874,-0.346583,-0.5554,-0.421235,0.640236,0.168101,0.700237,0.716954,0.0162972,0.695041,0.0700703,0.0313729,0.897058,0.283828,-0.706884,0.148201,0.304523,-0.707258,-0.161509,-0.00158702,-0.105171,0.710803
111.54,0,,44.7223,-1.99658,-6.13383,1.44389,-7.6816,4.61413,28.4018,20.6967,1.78215,34.8694,-12.0322,-16.0909,9.36901,-7.57479,10.2354,10.2354,4.4667,-4.4667,-3.38369,3.38369,-6.6231,-2.29965,3.93105,9.75518,-6.99706,3.23431,155.698,-10.4809,3.84993,168.245,33.9933,3.64434,168.88,5.89559,-6.10645,159.312,6.57132,4.7384,160.288,-12.6269,1.40621,158.46,-33.1768,8.02127,155.504,2.29542,-9.62733,281.744,53.2167,188.47,415.032,157.691,-107.928,203.12,-908.193,-206.018,5.28143,265.722,67.869,166.023,-530.278,183.595,813.481,-894.987,-198.229,-228.413,40.0289,317.331,-0.347617,-0.555576,-0.420253,0.646394,0.172311,0.696873,0.71928,0.00830126,0.693033,0.0635407,0.0314957,0.897565,0.281809,-0.704979,0.15479,0.310505,-0.702863,-0.171336,0.00421157,-0.0930207,0.710656
111.55,0,,43.871,-1.26918,-6.27135,1.71917,-7.9019,4.9241,28.746,23.1076,3.02533,35.4985,-13.6411,-16.5757,9.15316,-7.64288,10.122,10.122,4.33418,-4.33418,-3.41545,3.41545,-6.83543,-1.38996,5.40245,10.3238,-7.2076,3.44417,155.715,-10.3616,3.71863,168.267,33.3114,3.32426,169.006,4.85941,-6.16833,159.515,6.78267,6.26525,160.656,-11.7584,0.995782,158.734,-34.7044,7.86845,155.701,1.38819,-10.2397,176.264,-48.3385,177.239,754.38,350.628,10.7643,-102.549,-653.8,31.7429,-418.817,-1045.81,216.79,62.9805,-429.224,222.145,591.272,-1196.75,-77.6692,-552.136,-6.8621,528.752,-0.348713,-0.555817,-0.419213,0.651833,0.174327,0.693889,0.721245,0.00152599,0.691397,0.0531012,0.0231936,0.898326,0.279072,-0.703051,0.162731,0.315698,-0.697624,-0.182631,0.0133062,-0.0908853,0.708832
111.56,0,,43.102,-0.372477,-6.38187,1.99849,-8.01433,5.19532,29.0059,25.6031,3.71117,34.8311,-13.2083,-16.0547,9.11912,-7.30456,10.0196,10.0196,4.21383,-4.21383,-3.46431,3.46431,-6.63127,0.754309,4.94126,9.53631,-7.23494,3.94536,155.748,-10.2554,3.59578,168.201,32.7003,2.98754,169.056,3.98048,-6.25386,159.52,6.57861,5.77873,161.013,-10.7283,0.621446,158.981,-36.152,7.83217,156.182,-0.754502,-9.58837,37.605,-91.7987,251.946,736.294,291.545,-8.77091,-229.945,-430.658,141.598,-83.9747,-475.089,225.091,20.9935,-336.435,266.109,447.226,-1083.08,-152.799,-1344.73,-195.189,642.624,-0.349819,-0.555951,-0.418367,0.656053,0.17323,0.691761,0.723051,-0.00384537,0.689786,0.0573161,0.0249651,0.897829,0.275527,-0.701208,0.171762,0.320635,-0.693091,-0.193492,0.0281995,-0.102971,0.70395
111.57,0,,42.4381,0.706076,-6.30526,2.27862,-8.08877,5.29303,29.1323,28.2147,4.13344,31.9033,-11.9088,-15.5352,9.18875,-6.63539,9.94261,9.94261,4.0907,-4.0907,-3.53516,3.53516,-6.33727,5.11348,3.59614,8.06678,-7.14198,4.4268,155.83,-10.1756,3.46447,168.152,32.1419,2.82106,169.083,3.29901,-6.38004,159.432,6.28952,4.38904,161.238,-9.53876,0.291762,159.025,-37.542,8.08833,156.691,-5.09688,-8.46393,-82.5145,-126.473,281.251,362.264,47.8777,-12.1882,-150.422,-321.28,71.8106,182.209,383.214,-10.2536,80.5821,-266.586,282.247,488.282,-908.173,-352.51,-1399.78,-620.258,452.704,-0.3511,-0.555766,-0.417817,0.658728,0.170358,0.691017,0.724768,-0.00787393,0.688145,0.0674465,0.0319226,0.896763,0.271145,-0.699349,0.181842,0.326259,-0.689631,-0.203691,0.0591474,-0.125925,0.695791
111.58,0,,41.8193,1.93262,-6.16083,2.57774,-8.11612,5.21217,29.1745,31.056,4.60684,27.2609,-11.7124,-14.2704,9.12298,-5.27363,9.87194,9.87194,3.96966,-3.96966,-3.62067,3.62067,-6.22294,11.3372,3.26672,5.34268,-7.13378,5.13045,155.94,-10.1029,3.33316,168.086,31.6131,2.70291,169.089,2.73287,-6.55294,159.449,6.17534,4.03968,161.32,-8.20597,-0.0134565,158.828,-38.9948,8.60065,157.501,-11.2925,-6.36812,-128.909,-142.077,248.543,106.414,-236.332,-12.7007,-14.1638,-332.063,-18.5167,93.2172,65.5766,212.884,165.565,-197.769,237.322,617.677,-728.57,-534.655,-958.021,-954.976,1549.23,-0.352498,-0.555451,-0.417443,0.660735,0.16645,0.690826,0.726568,-0.0110475,0.686346,0.0702548,0.0333878,0.896344,0.265936,-0.697341,0.192814,0.333281,-0.686462,-0.213764,0.100898,-0.16273,0.680403
111.59,0,,41.1845,3.31341,-5.97747,2.87445,-8.03863,4.87356,29.1628,34.0931,5.04877,21.5164,-11.9248,-14.1705,8.91332,-3.47887,9.81863,9.81863,3.84167,-3.84167,-3.68419,3.68419,-6.11677,18.8012,3.32712,3.59566,-7.13378,5.60695,156.055,-10.045,3.19738,167.905,31.0547,2.55093,168.995,2.19468,-6.75313,159.498,6.07088,4.09144,161.15,-6.73706,-0.28014,158.284,-40.4894,9.31087,158.245,-18.7075,-5.49974,-134.759,-115.718,222.165,-22.4769,-442.41,-47.3857,35.1326,-433.126,-125.027,-6.86586,-274.261,-18.5541,218.736,-116.657,169.935,666.979,-573.671,-534.655,-850.661,-933.627,1160.63,-0.353896,-0.555015,-0.417131,0.662636,0.162058,0.690836,0.728487,-0.0133673,0.684417,0.0706198,0.0324106,0.896206,0.259599,-0.695296,0.204359,0.342183,-0.682962,-0.222913,0.155592,-0.193437,0.661005
111.6,0,,40.443,4.80207,-5.77213,3.13275,-7.83353,4.27384,29.0246,37.1641,5.50513,14.4206,-11.556,-14.5207,8.61701,-1.5224,9.77759,9.77759,3.7008,-3.7008,-3.65732,3.65732,-6.05144,27.5619,2.83299,2.35477,-6.97792,5.38475,156.16,-9.99372,3.06433,167.548,30.3844,2.3286,168.743,1.66523,-6.95029,159.471,6.00286,3.56868,160.711,-5.17673,-0.490551,157.356,-41.8986,10.2212,158.524,-27.4311,-5.16018,-109.875,-52.2466,194.818,-50.7486,-486.315,-106.447,-1.97819,-519.02,-194.348,-56.5113,-13.6618,-2.9296,234.412,-32.7549,87.4212,586.886,-483.339,-526.824,-1681.6,-749.494,1352.14,-0.355182,-0.554594,-0.416769,0.664977,0.157668,0.690797,0.730383,-0.0145881,0.682529,0.0741622,0.0352805,0.895745,0.252149,-0.693455,0.216014,0.352559,-0.67942,-0.230176,0.222063,-0.222795,0.63872
111.61,0,,39.5803,6.31956,-5.55674,3.2912,-7.42028,3.49219,28.8326,40.165,5.81592,5.70482,-11.0787,-13.6712,8.08551,0.571301,9.71919,9.71919,3.5568,-3.5568,-3.6451,3.6451,-5.82277,37.8172,2.28396,0.242316,-6.87402,4.4984,156.231,-9.92527,2.92631,166.911,29.6176,1.98274,168.238,1.08686,-7.15958,159.443,5.77693,2.98124,160.052,-3.58287,-0.62267,156.105,-43.1824,11.2931,158.223,-37.6795,-3.72402,-85.95,6.8461,183.11,-7.28743,-482.444,-146.998,14.1638,-499.556,-173.808,51.2299,62.5027,159.175,270.991,22.0088,-15.1267,433.102,-452.571,-505.873,-1251.07,-710.99,1369.26,-0.3564,-0.554346,-0.416156,0.667822,0.153756,0.690589,0.73244,-0.0144657,0.680497,0.0791065,0.0376,0.895198,0.243539,-0.692224,0.227059,0.363913,-0.675882,-0.235549,0.296033,-0.262096,0.60873
111.62,0,,38.624,7.82076,-5.36396,3.37286,-6.84902,2.57071,28.6126,43.0402,6.13196,-4.8482,-10.8069,-11.3905,7.33583,2.8182,9.64303,9.64303,3.42463,-3.42463,-3.63777,3.63777,-5.58594,49.7166,1.96003,-2.66157,-6.833,2.95779,156.275,-9.84044,2.80097,166.082,28.7761,1.54721,167.557,0.457808,-7.3628,159.46,5.54372,2.6267,159.229,-2.00019,-0.701574,154.546,-44.3129,12.6003,157.162,-49.6285,-0.823848,-60.0443,32.2349,147.458,69.3623,-440.475,-190.454,49.2965,-376.015,-71.266,91.8969,-20.4927,57.6154,324.254,51.2506,-166.495,270.546,-325.712,-392.085,-603.898,-796.004,1915.53,-0.357507,-0.554298,-0.415433,0.671162,0.150517,0.690083,0.73454,-0.0134895,0.678384,0.0827062,0.0383928,0.894753,0.234143,-0.691563,0.237317,0.375932,-0.67282,-0.239268,0.376916,-0.310384,0.565894
111.63,0,,37.6224,9.2768,-5.21828,3.40439,-6.28232,1.56668,28.3644,45.7485,6.60537,-16.5238,-10.5625,-6.13158,6.56836,4.43529,9.56475,9.56475,3.29072,-3.29072,-3.51318,3.51318,-5.49611,62.359,1.68552,-7.43754,-6.68809,0.313555,156.297,-9.74846,2.69378,165.264,27.8909,1.10845,166.865,-0.186967,-7.51386,159.46,5.45869,2.3265,158.296,-0.461192,-0.76274,152.729,-45.2692,14.1724,153.414,-62.357,6.8385,-56.1445,2.938,118.647,114.755,-379.354,-189.942,17.5663,-158.721,21.4732,31.6886,-4.44009,-4.88266,337.913,84.0055,-296.362,145.976,-68.3555,-356.46,5662.68,-420.495,1215.17,-0.358426,-0.554425,-0.414644,0.674951,0.148321,0.689173,0.736356,-0.0125737,0.676478,0.085028,0.0397367,0.894411,0.224617,-0.691245,0.246956,0.388209,-0.670576,-0.241654,0.451205,-0.374356,0.505958
111.64,0,,36.6079,10.6714,-5.09457,3.39347,-5.89034,0.554235,28.0553,48.2948,7.07484,-18.5144,-10.333,-2.78432,5.95253,5.63747,9.48351,9.48351,3.13211,-3.13211,-3.26398,3.26398,-5.43895,65.3791,1.44944,-10.2848,-6.43926,-0.478974,156.292,-9.64641,2.58262,164.628,26.9993,0.760445,166.321,-0.779322,-7.62245,159.454,5.40767,2.06254,157.324,1.02295,-0.837362,150.769,-46.0583,15.9282,151.838,-65.375,11.3307,-47.8497,-31.736,100.098,113.262,-291.952,-189.429,-7.35886,77.1219,69.321,8.71436,12.2956,83.0053,264.115,121.617,-365.216,53.2496,138.681,-212.903,3247.08,-2572.91,1348.95,-0.359281,-0.55467,-0.413668,0.678907,0.146976,0.688002,-0.737832,0.0123298,-0.67484,0.0869204,0.0410797,0.894108,0.215586,-0.69095,0.25642,0.400286,-0.669035,-0.243114,0.461025,-0.401635,0.481778
111.65,0,,35.6014,12.0171,-4.99473,3.36477,-5.7536,-0.348713,27.6714,50.7105,7.44858,-15.1135,-10.1777,-5.13594,5.58195,6.94285,9.39677,9.39677,2.96342,-2.96342,-2.95371,2.95371,-5.34911,63.1162,1.27924,-7.99057,-6.16037,0.108633,156.27,-9.53723,2.47121,164.276,26.118,0.535427,166.019,-1.28431,-7.72739,159.46,5.31536,1.85551,156.435,2.46443,-0.940121,148.875,-46.7238,17.674,153.512,-63.1183,7.77924,-45.8998,-51.2765,85.9391,98.1608,-168.489,-159.186,-10.2866,217.294,45.436,21.3898,1.02464,39.5496,202.601,144.039,-377.459,63.5135,328.591,-156.256,-979.931,-2327.02,3006.48,-0.360062,-0.555017,-0.412555,0.682907,0.146311,0.68663,-0.739136,0.0131236,-0.673334,0.0887493,0.041811,0.893841,0.207471,-0.69041,0.26619,0.411395,-0.667816,-0.244335,0.452741,-0.382117,0.498094
111.66,0,,34.574,13.3038,-4.91309,3.31101,-5.86147,-1.11184,27.1891,53.027,7.78822,-13.5333,-10.1195,-8.30955,5.42722,7.6067,9.27914,9.27914,2.81282,-2.81282,-2.75582,2.75582,-5.29195,62.424,1.14198,-4.86586,-6.02639,-0.167888,156.215,-9.40368,2.36005,164.172,25.2393,0.418352,165.942,-1.68096,-7.85054,159.476,5.26434,1.69765,155.645,3.86934,-1.05267,147.096,-47.3038,19.3254,153.069,-62.4254,5.18523,-47.3545,-52.7455,69.3299,48.378,-59.5925,-141.588,-1.97819,224.147,-29.7979,2.37664,-2.04927,-22.4603,176.291,140.113,-356.464,-17.1065,426.805,-179.676,-652.375,-860.813,1496.67,-0.360803,-0.555579,-0.411221,0.686868,0.145882,0.685159,-0.740372,0.0147098,-0.671889,0.0900306,0.0424823,0.893592,0.20046,-0.689584,0.276517,0.421483,-0.666621,-0.245504,0.458647,-0.361961,0.514009
111.67,0,,33.5272,14.5216,-4.82581,3.18691,-6.15774,-1.6745,26.6506,55.2759,8.07672,-12.1652,-10.124,-10.8826,5.44811,7.70564,9.13613,9.13613,2.64517,-2.64517,-2.61412,2.61412,-5.22661,61.8025,1.0157,-2.45638,-5.95803,-0.864128,156.16,-9.24704,2.22227,164.265,24.3644,0.364112,166.041,-2.01296,-7.99432,159.498,5.19875,1.56308,155.041,5.2326,-1.1383,145.504,-47.8543,20.8656,151.685,-61.7917,4.06636,-58.0944,-56.1547,63.4758,25.3743,49.3038,-104.511,21.9975,87.9044,-110.322,-17.6928,-10.2464,0,189.492,129.883,-320.797,-82.55,420.894,-165.497,-406.707,-401.433,1143.5,-0.361725,-0.5562,-0.409642,0.690792,0.145337,0.68359,-0.74161,0.0170296,-0.67044,0.0912522,0.0429099,0.893356,0.19459,-0.688574,0.287308,0.430385,-0.665446,-0.247207,0.462372,-0.347862,0.528722
111.68,0,,32.4675,15.6704,-4.72094,3.02037,-6.51933,-1.90866,26.1121,57.4184,8.34686,-9.76416,-10.1138,-12.706,5.53166,7.50883,8.97999,8.97999,2.45387,-2.45387,-2.54082,2.54082,-5.12861,60.0933,0.878447,-1.13341,-5.94983,-1.28138,156.099,-9.07989,2.05043,164.403,23.4921,0.312019,166.184,-2.34845,-8.1387,159.504,5.10158,1.41039,154.739,6.54405,-1.20191,144.318,-48.3873,22.1288,150.957,-60.0684,3.36219,-68.8343,-55.6557,46.3901,0.965804,110.322,-83.4945,40.0386,-103.073,-180.655,-6.33772,-14.0033,11.2301,188.025,100.538,-281.741,-7.28124,320.862,-54.6718,-763.295,-605.771,539.9,-0.362814,-0.556795,-0.4078,0.694598,0.144169,0.682025,-0.742839,0.0196544,-0.668982,0.0927764,0.0432753,0.893156,0.189708,-0.687234,0.298296,0.437113,-0.664367,-0.249901,0.454864,-0.337485,0.543126
111.69,0,,31.4013,16.8091,-4.60791,2.81179,-6.81256,-1.78905,25.583,59.4326,8.57242,-7.04088,-10.0567,-14.3311,5.5363,6.9471,8.82174,8.82174,2.22813,-2.22813,-2.45287,2.45287,-4.99795,57.9066,0.735699,-0.0918456,-5.93889,-1.60234,156.028,-8.90897,1.84551,164.446,22.621,0.197093,166.239,-2.69093,-8.25457,159.509,4.9704,1.25253,154.761,7.85754,-1.21843,143.632,-48.8768,22.9633,150.53,-57.871,2.64689,-70.8151,-57.1247,46.3901,-7.28743,139.66,-81.0455,50.3251,-264.17,-225.624,2.37664,-13.6618,13.6715,159.697,64.8899,-205.551,52.2846,150.352,-2.46905,-893.66,-605.009,-126.614,-0.364027,-0.557333,-0.405716,0.698348,0.142404,0.680402,-0.743913,0.02179,-0.667678,0.0945507,0.0434603,0.892951,0.185252,-0.685647,0.309588,0.441257,-0.66332,-0.253193,0.442905,-0.327417,0.557782
111.7,0,,30.3141,17.9604,-4.51246,2.5826,-6.96297,-1.4993,25.0562,61.2873,8.7783,-4.76126,-9.93335,-16.0431,5.40323,6.04813,8.6398,8.6398,2.01422,-2.01422,-2.46997,2.46997,-4.85912,55.9065,0.576481,1.08261,-6.03459,-2.04428,155.946,-8.71831,1.63711,164.326,21.7513,-0.00268519,166.14,-3.04215,-8.32797,159.504,4.83678,1.08691,154.937,9.20658,-1.18662,143.27,-49.2583,23.4272,149.803,-55.8537,1.93437,-67.8748,-56.6536,26.3603,4.91682,153.82,-46.8731,42.4915,-322.743,-213.409,-3.96107,6.8309,-17.0893,131.37,22.4221,-125.466,7.8076,-13.6408,27.3712,-1087.84,-559.262,-203.06,-0.365255,-0.558014,-0.403465,0.702049,0.139897,0.678733,-0.744781,0.0230112,-0.666591,0.0963771,0.0437023,0.892785,0.180679,-0.683956,0.321133,0.443696,-0.662278,-0.255878,0.432824,-0.316363,0.572969
111.71,0,,29.1768,19.1255,-4.40194,2.30206,-6.97968,-1.21628,24.506,62.9679,8.97763,-3.28711,-9.76663,-17.7927,5.1224,5.14064,8.44305,8.44305,1.77284,-1.77284,-2.43088,2.43088,-4.73662,54.4995,0.455694,2.56777,-6.07834,-2.66645,155.852,-8.51043,1.41056,164.046,20.8507,-0.263148,165.876,-3.40386,-8.33039,159.493,4.71289,0.960103,155.085,10.5881,-1.11077,142.979,-49.4795,23.6999,148.807,-54.4131,1.16341,-53.2351,-54.1867,12.2017,0,111.85,-70.3382,32.6797,-276.871,-179.721,-6.86586,3.41545,-20.9955,134.303,-20.4589,-75.1782,-96.6738,-139.136,55.1656,-1115.77,-398.765,17.1207,-0.366599,-0.55875,-0.401025,0.705718,0.136358,0.677092,-0.745291,0.0233781,-0.665879,0.0979041,0.0437639,0.892673,0.17579,-0.682345,0.332719,0.445533,-0.661371,-0.257101,0.427533,-0.304779,0.587034
111.72,0,,28.0039,20.2981,-4.29833,1.99323,-6.90068,-1.00066,23.9136,64.4212,9.12319,-2.34739,-9.57251,-19.2196,4.74872,4.35231,8.23783,8.23783,1.50084,-1.50084,-2.19879,2.19879,-4.59779,53.409,0.37883,4.01385,-5.93342,-3.45404,155.742,-8.28911,1.18176,163.667,19.9269,-0.567649,165.508,-3.75508,-8.29521,159.476,4.56956,0.854,155.14,11.989,-1.01046,142.677,-49.4655,23.8967,147.745,-53.2688,0.626236,-50.79,-44.9293,0,-9.74584,65.3989,-61.0547,19.5445,-165.483,-121.059,-10.8269,-5.80627,-0.976533,132.837,-26.8652,-43.4577,-200.717,-241.139,54.6718,-1009.78,-178.033,94.363,-0.367934,-0.559592,-0.398453,0.709399,0.132028,0.6754,-0.745588,0.0230116,-0.665383,0.0994292,0.0435804,0.892605,0.170542,-0.680827,0.344198,0.447003,-0.661134,-0.256311,0.423624,-0.295072,0.5993
111.73,0,,26.8053,21.4945,-4.24119,1.69694,-6.78369,-0.869256,23.2675,65.669,9.23991,-1.47287,-9.31673,-20.1429,4.35802,3.71079,8.03304,8.03304,1.24832,-1.24832,-1.88119,1.88119,-4.45079,52.1914,0.280005,5.0261,-5.70921,-4.23669,155.622,-8.06948,0.982316,163.255,18.9761,-0.896316,165.096,-4.07659,-8.22181,159.449,4.43109,0.724606,155.096,13.4101,-0.904645,142.304,-49.2182,24.1045,146.831,-51.9923,0.414707,-61.5299,-27.8279,-6.34758,-12.2042,11.7148,-60.5421,27.8529,-40.5713,-58.5844,-11.6191,15.7111,-31.7373,117.16,-11.2627,-49.3262,-258.791,-335.867,74.7064,-981.848,-147.916,-25.482,-0.369034,-0.56057,-0.395952,0.713173,0.127021,0.673559,-0.745644,0.022279,-0.665134,0.10108,0.0435814,0.892564,0.165048,-0.679297,0.355671,0.448269,-0.661783,-0.253616,0.417214,-0.288174,0.610103
111.74,0,,25.5985,22.6534,-4.19158,1.42611,-6.71836,-0.847356,22.5838,66.6483,9.34613,-0.572783,-9.05181,-20.7304,4.03076,3.18843,7.82232,7.82232,0.991633,-0.991633,-1.44876,1.44876,-4.32012,50.7534,0.203141,5.79214,-5.36469,-5.03663,155.49,-7.8448,0.79207,162.904,18.0189,-1.19867,164.728,-4.3684,-8.11564,159.405,4.30476,0.610739,154.931,14.7957,-0.838585,141.897,-48.7252,24.2881,146.098,-50.4833,0.342342,-60.5395,0.498906,-5.37758,-18.5259,-56.129,-36.1088,28.3277,43.9522,9.80297,-17.1646,2.39082,-28.8077,66.3725,9.81614,-70.3215,-261.247,-391.188,76.1878,-1006.77,-234.074,-207.838,-0.37008,-0.56162,-0.393458,0.716902,0.12159,0.671673,-0.745464,0.0217297,-0.665137,0.102546,0.0435819,0.892574,0.159863,-0.67748,0.367032,0.449189,-0.663316,-0.24898,0.40811,-0.282674,0.620344
111.75,0,,24.3999,23.762,-4.15453,1.14557,-6.76242,-0.933271,21.8487,67.3133,9.42874,0.0856618,-8.80858,-21.2558,3.84818,2.73948,7.62091,7.62091,0.75442,-0.75442,-1.12138,1.12138,-4.19762,49.3211,0.148238,6.48391,-5.10219,-5.81434,155.369,-7.63398,0.604311,162.69,17.059,-1.47256,164.481,-4.60953,-7.99007,159.356,4.18086,0.520164,154.651,16.1163,-0.791488,141.497,-47.9919,24.3826,145.354,-48.9788,0.239361,-83.0097,3.40919,-23.9268,-0.526802,-115.721,-40.5512,18.5159,80.5943,61.0741,-16.6365,-7.85554,-13.1832,16.5931,60.5501,-107.405,-242.65,-405.738,69.345,-1026.76,-234.074,-198.68,-0.371103,-0.562576,-0.391062,0.720695,0.115975,0.669605,-0.745089,0.0217295,-0.665374,0.103825,0.0434588,0.892676,0.155647,-0.675325,0.378497,0.44962,-0.66558,-0.242329,0.399011,-0.276995,0.630593
111.76,0,,23.219,24.8205,-4.13255,0.888083,-6.9265,-1.1489,21.076,67.6494,9.45759,0.42703,-8.52768,-21.7058,3.83116,2.37244,7.43178,7.43178,0.561033,-0.561033,-0.921048,0.921048,-4.04246,47.9678,0.0164709,7.10338,-4.9436,-6.55009,155.248,-7.43996,0.441172,162.624,16.1044,-1.69919,164.377,-4.80873,-7.88148,159.273,4.02539,0.364891,154.24,17.3678,-0.789041,141.123,-47.0164,24.3507,144.588,-47.5541,0.108548,-89.3545,14.1634,-43.9396,7.28743,-154.737,-28.3061,-4.43114,56.1967,74.6893,1.58443,-31.7637,28.8077,-26.4023,125.027,-130.373,-219.227,-361.329,47.829,-984.861,-162.022,-84.011,-0.371967,-0.563505,-0.388874,0.724461,0.11054,0.667451,-0.744733,0.0223402,-0.665627,0.105715,0.04358,0.89278,0.152598,-0.672651,0.390223,0.449492,-0.668439,-0.233597,0.390517,-0.271189,0.640649
111.77,0,,22.0704,25.8163,-4.1156,0.610784,-7.20758,-1.47908,20.273,67.676,9.43399,0.608582,-8.18168,-21.9634,3.97429,2.08519,7.26803,7.26803,0.37008,-0.37008,-0.632762,0.632762,-3.84646,46.5977,-0.203141,7.69354,-4.67018,-7.35249,155.144,-7.27156,0.289472,162.712,15.1575,-1.88984,164.415,-4.9625,-7.79655,159.191,3.8359,0.108691,153.718,18.53,-0.803721,140.767,-45.8441,24.1979,143.871,-46.1021,0.0139164,-100.59,10.2553,-40.0425,-14.6627,-181.63,-8.31528,-8.78316,-16.0823,52.2825,24.8227,-19.1265,36.1317,-67.3809,181.65,-135.736,-223.174,-291.004,67.3698,-948.161,-132.667,-6.76866,-0.372779,-0.564265,-0.38694,0.728227,0.105471,0.665176,-0.744426,0.0236219,-0.66587,0.108402,0.0441297,0.892787,0.150766,-0.669656,0.402001,0.448884,-0.671677,-0.223099,0.381488,-0.265882,0.650299
111.78,0,,20.9347,26.7606,-4.1156,0.315296,-7.57221,-1.86991,19.4465,67.4366,9.4012,0.690408,-7.81742,-22.0691,4.21489,1.86178,7.12628,7.12628,0.197909,-0.197909,-0.324932,0.324932,-3.65046,45.1851,-0.483146,8.20943,-4.37487,-8.14749,155.045,-7.12751,0.157419,162.898,14.2054,-2.06545,164.553,-5.09879,-7.74195,159.103,3.63913,-0.201854,153.136,19.6169,-0.816566,140.454,-44.5167,23.9209,143.237,-44.6068,-0.0890647,-117.179,8.78629,-26.3603,-23.4427,-175.823,-4.38546,-11.7109,-80.046,35.633,36.1778,-6.48936,39.0613,-74.7149,252.946,-148.434,-239.228,-201.126,89.8734,-901.328,-100.644,75.2515,-0.37342,-0.564952,-0.3852,0.732039,0.100714,0.66276,-0.744248,0.0253922,-0.665996,0.111453,0.0449842,0.892725,0.149786,-0.666528,0.41365,0.447721,-0.675153,-0.211195,0.371859,-0.260765,0.659604
111.79,0,,19.8055,27.6736,-4.11371,-0.00363803,-7.92013,-2.32307,18.6013,66.9603,9.4117,0.721093,-7.5171,-22.0633,4.44544,1.67347,7.00019,7.00019,0.0399992,-0.0399992,-0.0684068,0.0684068,-3.50346,43.668,-0.724718,8.63935,-4.12058,-8.90051,154.962,-7.00027,0.0315833,163.091,13.243,-2.24911,164.695,-5.22635,-7.71101,159.021,3.49337,-0.473582,152.494,20.6571,-0.839197,140.185,-43.0326,23.5141,142.678,-43.0112,-0.239361,-133.8,2.4391,-27.8239,-38.1053,-162.58,20.0478,4.43114,-114.221,-1.47823,12.6754,17.4188,1.95307,-87.9161,297.894,-150.862,-258.791,-134.286,107.439,-752.066,-62.5214,185.541,-0.374043,-0.56552,-0.383626,0.735865,0.0962557,0.660239,-0.744187,0.0271013,-0.665996,0.113958,0.0459007,0.892684,0.149239,-0.663306,0.425134,0.445901,-0.678832,-0.197893,0.361296,-0.255453,0.668877
111.8,0,,18.6779,28.5741,-4.12753,-0.340358,-8.21639,-2.77117,17.7374,66.2832,9.47464,0.961457,-7.35152,-22.0054,4.60327,1.47666,6.89441,6.89441,-0.0883461,0.0883461,0.0781792,-0.0781792,-3.4218,41.7921,-0.840015,8.95202,-3.99754,-9.49553,154.869,-6.89486,-0.0785853,163.233,12.2626,-2.45748,164.789,-5.35216,-7.66734,158.955,3.4132,-0.600388,151.846,21.6659,-0.845314,140.003,-41.4283,22.9468,142.306,-41.0964,-0.565004,-156.239,-7.8162,-11.7252,-23.4427,-140.577,14.1815,7.35886,-130.395,-0.466808,-10.2988,5.80627,5.37093,-87.366,352.038,-163.561,-281.249,-83.0573,132.835,-714.818,-71.2896,82.4184,-0.374488,-0.566035,-0.382179,0.73974,0.0919868,0.65758,-0.744064,0.0285051,-0.666056,0.115182,0.0462682,0.892769,0.148874,-0.660136,0.436367,0.443209,-0.682545,-0.183546,0.348165,-0.248916,0.678628
111.81,0,,17.5584,29.4495,-4.13632,-0.687183,-8.45189,-3.17716,16.8477,65.3957,9.49038,1.25041,-7.25218,-21.8766,4.67213,1.25112,6.80386,6.80386,-0.189214,0.189214,0.127041,-0.127041,-3.3238,39.7156,-0.872956,9.14743,-4.01668,-9.95722,154.765,-6.80415,-0.174081,163.305,11.2693,-2.66747,164.805,-5.46574,-7.61335,158.911,3.31117,-0.639206,151.226,22.636,-0.825741,139.932,-39.7055,22.2212,142.033,-39.0016,-0.974145,-166.019,-29.2969,-1.46352,-8.34103,-113.786,10.2517,0,-114.221,-4.35687,-14.2599,-17.4188,1.95307,-99.1004,385.723,-178.687,-308.619,-63.9601,144.051,-702.768,-88.0637,154.883,-0.374725,-0.566573,-0.380768,0.743512,0.0880789,0.654945,-0.743881,0.0293597,-0.666178,0.116036,0.0459626,0.892883,0.148628,-0.657075,0.447226,0.439428,-0.686336,-0.168288,0.333517,-0.241715,0.68846
111.82,0,,16.4664,30.2923,-4.13381,-1.03684,-8.59774,-3.54778,15.9908,64.3076,9.46415,1.50228,-7.12315,-21.6725,4.64892,1.00004,6.72643,6.72643,-0.291473,0.291473,0.210106,-0.210106,-3.16863,37.5403,-0.916879,9.33894,-4.00848,-10.409,154.655,-6.72771,-0.266593,163.294,10.2864,-2.88497,164.739,-5.59854,-7.55996,158.883,3.16298,-0.696139,150.639,23.5635,-0.800051,139.976,-37.8695,21.345,141.825,-36.8179,-1.43338,-176.759,-41.9913,3.42055,-30.2911,-106.961,21.9842,-21.9975,-81.0511,12.2148,-25.879,-35.5207,11.7184,-139.162,404.322,-192.398,-341.341,-60.0195,160.629,-621.153,-104.838,136.568,-0.374898,-0.567047,-0.379415,0.747136,0.0844801,0.65234,-0.743744,0.0297864,-0.666226,0.117315,0.0454732,0.892923,0.148569,-0.653974,0.457733,0.434426,-0.690186,-0.152235,0.318001,-0.234076,0.698076
111.83,0,,15.4163,31.0899,-4.13318,-1.38083,-8.65395,-3.88301,15.1737,63.0211,9.42743,1.74008,-6.94844,-21.4222,4.53674,0.723435,6.66,6.66,-0.379819,0.379819,0.320046,-0.320046,-3.0053,35.2519,-1.01021,9.52068,-3.9866,-10.8436,154.534,-6.6622,-0.342443,163.189,9.32786,-3.10086,164.585,-5.74881,-7.51204,158.851,2.99778,-0.799654,150.079,24.4361,-0.757846,140.097,-35.9203,20.3643,141.655,-34.5316,-1.94551,-187.004,-65.911,3.91406,-41.5296,-98.0984,34.1724,-23.8965,-54.1864,21.94,0,-25.9574,-3.41786,-172.349,431.187,-215.821,-358.886,-62.4445,165.497,-576.784,-129.236,59.7234,-0.374904,-0.567545,-0.378139,0.750542,0.0813047,0.649827,-0.743682,0.0297253,-0.666164,0.11896,0.045167,0.892903,0.148753,-0.650922,0.467804,0.428297,-0.694113,-0.135441,0.301535,-0.225907,0.707569
111.84,0,,14.3921,31.796,-4.11874,-1.71149,-8.62509,-4.2014,14.4175,61.505,9.39071,1.88712,-6.74975,-21.1791,4.33868,0.419167,6.58383,6.58383,-0.472687,0.472687,0.425099,-0.425099,-2.81747,32.9127,-1.13649,9.73954,-3.97566,-11.2707,154.419,-6.58703,-0.423764,163.003,8.39636,-3.31675,164.355,-5.92879,-7.48716,158.823,2.81073,-0.941988,149.525,25.2264,-0.73338,140.283,-33.8492,19.2979,141.491,-32.1997,-2.52999,-190.439,-90.8286,-5.85407,-48.817,-81.494,35.6532,-26.3495,-14.6203,26.3747,21.1257,-12.6372,28.3194,-215.802,440.383,-228.014,-371.607,-70.7805,175.796,-523.926,-120.468,40.2138,-0.374958,-0.568083,-0.376789,0.753759,0.078617,0.647369,-0.743806,0.0292981,-0.665861,0.120978,0.0449854,0.892811,0.149241,-0.647872,0.477206,0.420979,-0.698152,-0.117864,0.284743,-0.216991,0.716955
111.85,0,,13.4148,32.4168,-4.07603,-2.0284,-8.56735,-4.51306,13.7268,59.7494,9.41432,1.9357,-6.53278,-20.881,4.08105,0.132984,6.51994,6.51994,-0.581902,0.581902,0.605888,-0.605888,-2.66231,30.5481,-1.27924,9.976,-3.91551,-11.725,154.276,-6.52571,-0.512545,162.772,7.49445,-3.50847,164.075,-6.14721,-7.4538,158.807,2.65282,-1.09467,148.954,25.9192,-0.730322,140.498,-31.6456,18.1699,141.338,-29.845,-3.13675,-186.044,-102.553,-15.6222,-70.3281,-43.4974,20.5034,13.2143,71.2738,5.8351,11.3551,-9.22172,0.976533,-242.205,463.839,-238.789,-357.395,-69.8712,172.34,-459.565,-116.656,70.8718,-0.374907,-0.568587,-0.375334,0.75671,0.0764828,0.645068,-0.743937,0.0288102,-0.665503,0.122868,0.0450456,0.892672,0.150096,-0.644941,0.485812,0.412612,-0.702235,-0.0993688,0.267602,-0.207782,0.725955
111.86,0,,12.4552,32.9548,-4.04464,-2.28589,-8.50962,-4.84492,13.0689,57.7569,9.51529,1.87177,-6.35122,-20.4569,3.80717,-0.107451,6.4607,6.4607,-0.687291,0.687291,0.837983,-0.837983,-2.56431,28.1609,-1.38355,10.1265,-3.81981,-12.1768,154.111,-6.46986,-0.592125,162.52,6.60413,-3.69858,163.784,-6.3831,-7.41376,158.779,2.55808,-1.21113,148.339,26.5186,-0.788429,140.701,-29.2958,17.0144,141.201,-27.4744,-3.68505,-189.449,-95.7068,-23.4333,-72.2597,13.6502,15.1498,8.78316,160.183,21.0064,5.28143,12.2956,-12.6949,-279.791,490.704,-250.476,-354.939,-61.5351,160.135,-377.95,-144.485,158.068,-0.374652,-0.56918,-0.373797,0.759567,0.0748336,0.642738,-0.744052,0.0283216,-0.66513,0.124152,0.0452296,0.892628,0.151008,-0.642179,0.49343,0.403277,-0.706392,-0.0798376,0.250014,-0.198986,0.734355
111.87,0,,11.5166,33.3875,-4.02768,-2.48639,-8.50202,-5.20711,12.4368,55.5419,9.65168,1.73753,-6.25074,-19.9287,3.53872,-0.289374,6.40316,6.40316,-0.779811,0.779811,1.07008,-1.07008,-2.49081,25.7369,-1.4165,10.1616,-3.77333,-12.5768,153.908,-6.41652,-0.65952,162.295,5.73567,-3.88063,163.509,-6.62599,-7.37736,158.763,2.49006,-1.25253,147.658,27.0072,-0.90281,140.86,-26.8257,15.8589,141.075,-25.0741,-4.16934,-182.609,-89.3596,-23.4333,-58.5628,67.3344,35.1406,-21.9975,222.137,44.8914,-14.5239,1.02464,-11.2301,-305.644,525.835,-240.712,-347.131,-48.8037,156.749,-277.437,-171.934,186.337,-0.374162,-0.569911,-0.372148,0.7623,0.0734894,0.640408,-0.744189,0.028017,-0.664716,0.124824,0.0451075,0.892629,0.15211,-0.639691,0.499972,0.393218,-0.710503,-0.0593917,0.231888,-0.190565,0.742238
111.88,0,,10.6378,33.7399,-4.00256,-2.65455,-8.57495,-5.59626,11.8655,53.0996,9.7933,1.5662,-6.21534,-19.292,3.33524,-0.427678,6.35915,6.35915,-0.870592,0.870592,1.31927,-1.31927,-2.40914,23.2225,-1.4165,10.0972,-3.72684,-12.9619,153.688,-6.37747,-0.723432,162.13,4.9161,-4.03638,163.306,-6.87761,-7.36705,158.746,2.40746,-1.2603,146.934,27.3983,-1.05634,140.97,-24.2215,14.6914,140.955,-22.5963,-4.60075,-179.204,-83.0124,-40.0425,-48.817,91.2732,59.5739,-24.4504,232.919,76.1675,-29.8401,-11.6125,-14.1597,-305.644,563.033,-231.909,-333.534,-9.24542,125.992,-201.573,-210.057,243.273,-0.373493,-0.570647,-0.370441,0.764771,0.0722104,0.638235,-0.74447,0.0281381,-0.664145,0.125373,0.0446803,0.892691,0.153215,-0.637641,0.505425,0.382342,-0.71451,-0.0379046,0.212847,-0.182388,0.749756
111.89,0,,9.79775,33.9757,-3.98373,-2.78471,-8.74055,-6.01235,11.3411,50.4324,9.89952,1.35397,-6.19593,-18.5597,3.19908,-0.512788,6.31473,6.31473,-0.945025,0.945025,1.59534,-1.59534,-2.27848,20.6432,-1.42199,9.93105,-3.68856,-13.3347,153.43,-6.33883,-0.768196,162.031,4.139,-4.16902,163.174,-7.13097,-7.38161,158.73,2.27385,-1.27324,146.16,27.6705,-1.23066,141.014,-21.4989,13.5326,140.824,-20.0638,-4.96536,-175.305,-68.849,-35.1585,-47.3244,104.516,62.9911,-19.0697,185.586,93.2838,-8.71436,-11.6125,1.95307,-315.911,601.574,-209.497,-296.426,48.349,73.7187,-137.76,-249.323,273.932,-0.372567,-0.571546,-0.368661,0.767014,0.0709271,0.636208,-0.744874,0.0286889,-0.663446,0.126285,0.0440074,0.892721,0.154491,-0.636155,0.509681,0.370807,-0.718358,-0.0155037,0.193068,-0.174573,0.756891
111.9,0,,9.02394,34.1073,-3.95798,-2.90557,-8.9411,-6.48741,10.8892,47.5621,9.98345,1.07269,-6.1434,-17.784,3.09231,-0.528746,6.28172,6.28172,-1.00311,1.00311,1.8763,-1.8763,-2.09881,18.0413,-1.47689,9.71218,-3.66396,-13.7075,153.166,-6.31112,-0.796049,161.965,3.41721,-4.2716,163.075,-7.40531,-7.4174,158.724,2.09651,-1.34052,145.326,27.827,-1.41477,140.964,-18.6717,12.398,140.665,-17.5108,-5.29935,-164.069,-54.6856,-49.8106,-52.768,110.322,91.8098,-2.45296,125.003,88.3823,13.2036,-3.757,31.249,-313.986,620.587,-198.266,-255.37,107.914,10.2289,-98.0479,-298.883,271.941,-0.371473,-0.572469,-0.366956,0.768949,0.0697657,0.634422,-0.745414,0.0295431,-0.662584,0.12781,0.0433967,0.892653,0.155959,-0.635311,0.512803,0.358839,-0.721951,0.00781279,0.172982,-0.166878,0.763708
111.91,0,,8.29537,34.1186,-3.93223,-3.00097,-9.16444,-7.0029,10.5146,44.4814,10.1448,0.626482,-6.16509,-16.9881,2.97781,-0.518107,6.24364,6.24364,-1.04415,1.04415,2.19635,-2.19635,-1.96815,15.5071,-1.4714,9.51482,-3.63114,-14.1371,152.886,-6.27878,-0.803013,161.91,2.74303,-4.35054,162.993,-7.70585,-7.4629,158.724,1.96775,-1.34828,144.453,27.8666,-1.60683,140.849,-15.7418,11.2469,140.446,-15.0262,-5.63891,-150.884,-38.0832,-53.2142,-51.2754,121.12,78.1409,2.45296,59.5776,77.1789,46.4766,17.4188,32.2256,-303.26,643.526,-188.451,-193.348,189.001,-40.9862,-39.4383,-333.193,275.922,-0.370207,-0.573531,-0.365263,0.770617,0.0686689,0.632852,-0.746028,0.030642,-0.66161,0.128668,0.0426655,0.892618,0.157663,-0.635048,0.514802,0.346221,-0.725159,0.0319851,0.153454,-0.15913,0.77026
111.92,0,,7.59749,34.0359,-3.89832,-3.09515,-9.32245,-7.54029,10.1962,41.2338,10.4188,0.0038356,-6.31126,-16.1951,2.76815,-0.50534,6.21445,6.21445,-1.08067,1.08067,2.53105,-2.53105,-1.92731,13.0747,-1.35061,9.37411,-3.59833,-14.6136,152.601,-6.2561,-0.804256,161.79,2.08301,-4.41928,162.85,-8.04659,-7.50658,158.746,1.92402,-1.22665,143.569,27.8036,-1.78849,140.673,-12.737,10.0629,140.162,-12.6442,-6.02022,-139.154,-25.3888,-73.7375,-56.1922,126.01,88.8482,3.40249,26.8648,37.578,-13.7317,-24.2497,-20.0189,-301.793,644.972,-188.451,-139.659,264.631,-74.2126,31.222,-337.387,255.218,-0.368864,-0.574568,-0.363614,0.772138,0.0675697,0.631383,-0.746696,0.0315574,-0.660508,0.128243,0.0416286,0.892695,0.159619,-0.6353,0.515846,0.332919,-0.727855,0.0567683,0.134832,-0.151129,0.776578
111.93,0,,6.92223,33.8565,-3.89581,-3.14891,-9.44703,-8.04904,9.91992,37.8485,10.7283,-0.815705,-6.41974,-15.4455,2.51981,-0.526618,6.19371,6.19371,-1.09041,1.09041,2.90484,-2.90484,-1.89465,10.7863,-1.25179,9.33503,-3.54091,-15.1296,152.293,-6.24098,-0.774165,161.614,1.43585,-4.49071,162.658,-8.42052,-7.54237,158.757,1.88758,-1.13608,142.718,27.636,-1.93957,140.481,-9.68512,8.83922,139.822,-10.408,-6.4878,-135.75,-21.9796,-83.9821,-40.5638,140.577,75.6918,10.7614,42.4902,32.2098,-24.2946,-23.9082,-19.5307,-296.384,638.669,-170.39,-74.7424,354.964,-87.8981,89.8316,-314.132,314.145,-0.36722,-0.575735,-0.362032,0.773597,0.0664705,0.629914,-0.74736,0.0323506,-0.659342,0.127933,0.0408335,0.892784,0.161754,-0.63609,0.515843,0.318747,-0.73003,0.0817317,0.117562,-0.142649,0.782587
111.94,0,,6.26636,33.5806,-3.88451,-3.15094,-9.51996,-8.51905,9.68346,34.3736,11.0155,-1.93186,-6.46427,-14.7219,2.21189,-0.6096,6.17594,6.17594,-1.07963,1.07963,3.29574,-3.29574,-1.81298,8.78332,-1.20237,9.40734,-3.47802,-15.6901,151.964,-6.22754,-0.721194,161.378,0.797693,-4.53206,162.4,-8.82242,-7.56906,158.763,1.80985,-1.09467,141.922,27.3698,-2.07414,140.283,-6.61933,7.5826,139.417,-8.45225,-7.01384,-138.659,-21.9796,-97.6643,-71.2939,154.329,51.7712,21.9975,75.6599,-1.94503,-22.9742,-1.02464,26.3664,-290.976,617.177,-162.094,-25.8791,431.655,-127.897,167.613,-307.651,515.612,-0.365381,-0.577005,-0.360498,0.774835,0.0654343,0.628646,-0.748019,0.0328994,-0.65811,0.12818,0.0401021,0.892806,0.164018,-0.637271,0.514822,0.303801,-0.731637,0.106517,0.102729,-0.134164,0.788196
111.95,0,,5.62017,33.1993,-3.91026,-3.11334,-9.55642,-8.94188,9.48445,30.8069,11.2843,-3.50702,-6.5031,-14.0605,1.87225,-0.827695,6.16536,6.16536,-1.04868,1.04868,3.68175,-3.68175,-1.68232,7.2408,-1.131,9.69069,-3.42881,-16.3345,151.645,-6.21999,-0.649324,161.103,0.163398,-4.59221,162.109,-9.25926,-7.57088,158.774,1.68352,-1.02998,141.209,26.994,-2.17445,140.102,-3.55353,6.28091,138.887,-6.9478,-7.64286,-142.59,-22.4508,-111.823,-82.0055,146.995,75.1793,20.9688,103.073,1.94503,-13.2036,-6.8309,16.1128,-282.725,574.193,-145.5,5.35127,497.131,-175.302,353.027,-255.423,714.691,-0.363432,-0.578293,-0.359098,0.77616,0.064151,0.627227,-0.748582,0.0335104,-0.656901,0.12861,0.038943,0.892821,0.166516,-0.638842,0.512734,0.287978,-0.732642,0.130927,0.0919215,-0.125614,0.79354
111.96,0,,4.98369,32.7015,-3.95547,-3.01875,-9.55642,-9.34787,9.32056,27.1338,11.5518,-5.16144,-6.54078,-13.363,1.52566,-1.02664,6.14548,6.14548,-0.988851,0.988851,4.07509,-4.07509,-1.54348,5.76044,-1.05414,9.976,-3.34678,-16.9122,151.338,-6.20025,-0.547859,160.818,-0.452884,-4.63947,161.807,-9.71357,-7.56481,158.785,1.54019,-0.962691,140.561,26.5125,-2.26314,139.916,-0.458127,4.94623,138.443,-5.51174,-8.29415,-133.8,-12.6944,-135.75,-79.5471,149.949,78.5965,9.73269,115.683,-2.95645,5.28143,-5.46472,0.488266,-263.657,522.012,-128.4,20.0015,572.762,-219.252,553.779,-219.206,916.158,-0.361465,-0.579674,-0.357925,0.77739,0.0626258,0.625892,-0.749117,0.0341202,-0.655669,0.129096,0.0376606,0.892868,0.169203,-0.640675,0.509622,0.271255,-0.733134,0.15516,0.0815457,-0.11713,0.798123
111.97,0,,4.35689,32.107,-4.01512,-2.87364,-9.54882,-9.6949,9.18477,23.3421,11.8574,-6.9092,-6.58074,-12.6278,1.17674,-1.21707,6.13151,6.13151,-0.923808,0.923808,4.4953,-4.4953,-1.41282,4.34222,-0.977272,10.2339,-3.23194,-17.4307,151.035,-6.18513,-0.438436,160.521,-1.06531,-4.69264,161.51,-10.1906,-7.56542,158.79,1.41387,-0.897994,139.996,25.9253,-2.33593,139.729,2.6756,3.60275,138.077,-4.14178,-8.93152,-131.355,-12.1955,-152.835,-61.0212,149.949,95.2271,21.5227,126.465,24.8964,8.18622,-14.6864,-23.4368,-236.796,467.248,-101.081,82.9886,651.878,-268.068,823.821,-187.945,1138.33,-0.359461,-0.581034,-0.356836,-0.778664,-0.060794,-0.624481,-0.749711,0.0348518,-0.654311,0.129521,0.0365004,0.892916,0.172256,-0.642574,0.50566,0.253619,-0.733266,0.179151,0.0715355,-0.109012,0.801967
111.98,0,,3.68324,31.4147,-4.09173,-2.67557,-9.53819,-9.94591,9.03493,19.4417,12.2233,-8.63777,-6.61158,-12.0577,0.851798,-1.52028,6.10993,6.10993,-0.836158,0.836158,4.92284,-4.92284,-1.32299,2.85055,-0.922369,10.6111,-3.07335,-17.9492,150.761,-6.15909,-0.307129,160.253,-1.71375,-4.7458,161.224,-10.6886,-7.56967,158.785,1.31912,-0.848824,139.584,25.2528,-2.36651,139.603,5.85811,2.26148,137.738,-2.71256,-9.7331,-140.145,-2.4391,-159.183,-43.988,155.755,99.0999,20.0193,120.617,41.4681,-4.75329,-12.2956,-6.83573,-203.61,407.732,-82.5139,120.097,669.914,-220.733,1078.53,-61.3777,1442.92,-0.357505,-0.582434,-0.355979,-0.780013,-0.0585971,-0.622961,-0.75034,0.0358293,-0.652862,0.129829,0.0356464,0.892991,0.175546,-0.644504,0.500942,0.234698,-0.733209,0.202591,0.0612222,-0.0994326,0.805594
111.99,0,,3.02252,30.6447,-4.20288,-2.41242,-9.53363,-10.0133,8.90382,15.4808,12.6088,-10.2411,-6.65954,-11.2415,0.563997,-1.94264,6.08962,6.08962,-0.729377,0.729377,5.3284,-5.3284,-1.24132,1.22611,-0.878447,10.617,-2.89835,-18.3788,150.497,-6.13095,-0.158414,160.005,-2.34547,-4.81454,160.972,-11.1901,-7.60485,158.757,1.23895,-0.815182,139.403,24.5052,-2.33838,139.592,9.04235,0.982869,137.475,-1.16253,-10.2313,-143.054,0.970095,-134.763,-44.9538,126.01,137.202,27.8529,103.53,33.2212,-11.3551,-9.90481,-1.4648,-157.222,337.882,-26.3579,147.467,667.944,-139.184,1490.71,-70.9084,1787.72,-0.355552,-0.583838,-0.355308,-0.781433,-0.0562177,-0.621325,-0.751129,0.0369278,-0.651211,0.130135,0.0349752,0.893119,0.179146,-0.646268,0.495627,0.214492,-0.733266,0.224686,0.0491973,-0.0922907,0.808582
112,0,,2.30041,29.8007,-4.29017,-2.08701,-9.51996,-9.81619,8.73993,11.503,12.9812,-11.5503,-6.7075,-9.97522,0.274649,-2.50117,6.05323,6.05323,-0.600336,0.600336,5.69731,-5.69731,-1.12699,-0.692156,-0.845505,9.9076,-2.74797,-18.675,150.266,-6.08308,0.0059685,159.769,-3.02351,-4.84999,160.73,-11.7056,-7.65035,158.746,1.12721,-0.789303,139.546,23.7057,-2.23011,139.795,12.2109,-0.12863,137.316,0.654206,-10.1283,-149.399,4.407,-127.922,-14.1359,160.136,52.7394,57.1301,102.068,41.0013,-17.6928,-15.028,4.88266,-87.9161,253.463,79.5796,147.906,742.665,-116.186,2055.17,-8.76824,1741.54,-0.353723,-0.585306,-0.354821,-0.782743,-0.0537129,-0.619773,-0.751984,0.0381485,-0.64944,0.130685,0.0341819,0.893185,0.182811,-0.647866,0.489775,0.192946,-0.733999,0.244707,0.0336943,-0.0898514,0.81086
112.01,0,,1.56053,28.8826,-4.38373,-1.68885,-9.47893,-9.34282,8.60179,7.59291,13.3445,-12.0949,-6.71092,-8.74658,-0.0170205,-3.22992,6.005,6.005,-0.4546,0.4546,6.054,-6.054,-0.97999,-3.27997,-0.845505,8.87971,-2.58938,-18.8972,150.052,-6.01925,0.183532,159.528,-3.7067,-4.87684,160.478,-12.2507,-7.68493,158.724,0.979017,-0.799654,140.007,22.8483,-2.06068,140.223,15.2576,-1.05433,137.207,3.10235,-9.94184,-132.809,9.2852,-132.806,-24.4085,191.409,48.8096,71.294,112.302,43.9578,-4.75329,-13.6618,20.5072,10.2676,135.773,185.568,86.4099,874.981,-286.621,2352.05,256.948,1519.36,-0.351958,-0.586841,-0.354461,-0.784004,-0.051274,-0.618218,-0.752798,0.0394924,-0.647627,0.131658,0.0333875,0.893224,0.1866,-0.649223,0.483377,0.170663,-0.735269,0.261977,0.0126348,-0.0870398,0.813084
112.02,0,,0.836807,27.9345,-4.48295,-1.23046,-9.40753,-8.66898,8.50112,3.85933,13.6868,-11.8188,-6.62756,-7.55992,-0.296311,-4.014,5.9538,5.9538,-0.324168,0.324168,6.51819,-6.51819,-0.792159,-6.51757,-0.905898,7.58019,-2.28314,-19.1367,149.86,-5.95205,0.356121,159.275,-4.37316,-4.90745,160.219,-12.8169,-7.69888,158.697,0.78953,-0.874703,140.693,21.9615,-1.89248,140.821,18.1056,-1.80522,137.158,6.15455,-9.72475,-103.53,6.8461,-140.14,-81.5665,209.949,59.5739,62.9856,175.809,34.1548,4.75329,-10.2464,18.0659,70.3145,-59.1035,278.807,-55.1795,1013.66,-400.409,2472.56,466.623,1214.77,-0.350363,-0.588293,-0.354209,-0.785269,-0.0487703,-0.616617,-0.753516,0.0409566,-0.645845,0.133304,0.0327767,0.89321,0.190379,-0.650181,0.47671,0.148568,-0.736735,0.276505,-0.0136723,-0.0833763,0.814964
112.03,0,,0.111467,26.9914,-4.56646,-0.772474,-9.31941,-7.70875,8.45195,0.333701,14.0907,-10.8599,-6.49282,-6.1996,-0.57947,-4.82999,5.89879,5.89879,-0.202431,0.202431,6.98482,-6.98482,-0.612494,-10.2609,-1.01021,5.79214,-1.95502,-19.1935,149.684,-5.8794,0.51926,159.017,-5.03704,-4.92786,159.961,-13.432,-7.69646,158.664,0.612189,-0.985982,141.675,21.0889,-1.65332,141.689,20.7551,-2.28017,137.229,9.68544,-9.19593,-53.2351,11.7243,-143.067,-68.8355,244.176,39.0704,78.6528,271.937,47.381,2.37664,-11.6125,-5.37093,111.843,-302.75,324.693,-181.154,1054.13,-410.144,2715.76,635.126,757.691,-0.3489,-0.5897,-0.353966,-0.786495,-0.0460849,-0.615035,-0.754177,0.0427261,-0.644005,0.135075,0.0324718,0.893158,0.193861,-0.651108,0.469882,0.126536,-0.739009,0.287864,-0.0446188,-0.0813637,0.815895
112.04,0,,-0.605796,26.121,-4.62172,-0.423628,-9.24192,-6.45204,8.43322,-2.91868,14.5483,-9.3154,-6.32039,-4.79731,-0.814663,-5.72684,5.84887,5.84887,-0.105737,0.105737,7.43191,-7.43191,-0.449162,-14.4195,-1.131,3.64647,-1.61323,-19.0627,149.536,-5.81305,0.654297,158.792,-5.69964,-4.94719,159.731,-14.0767,-7.67644,158.62,0.451854,-1.11796,142.965,20.2975,-1.27164,142.864,23.2147,-2.37472,137.371,13.613,-8.44723,-20.0251,-8.28738,-126.458,-79.1081,289.1,42.9433,113.311,363.771,37.1112,31.6886,10.5879,9.27706,130.82,-557.143,273.444,-155.275,838.909,-435.046,2953.21,759.406,133.382,-0.347674,-0.590912,-0.353717,-0.787691,-0.0434588,-0.613429,-0.754745,0.0449246,-0.64219,0.136852,0.0324124,0.893142,0.196612,-0.652524,0.463115,0.104678,-0.742575,0.295968,-0.0792875,-0.0802641,0.815887
112.05,0,,-1.29075,25.3773,-4.64182,-0.28417,-9.169,-4.93589,8.49644,-5.72612,15.0847,-7.15851,-6.1571,-3.56868,-1.022,-6.82795,5.79724,5.79724,-0.0420862,0.0420862,7.84479,-7.84479,-0.318497,-18.886,-1.24081,1.51252,-1.27692,-18.8355,149.421,-5.74879,0.75228,158.611,-6.33008,-4.96115,159.56,-14.7687,-7.65156,158.587,0.320671,-1.23701,144.524,19.6433,-0.683224,144.373,25.3677,-2.12845,137.48,17.8391,-7.81542,15.1349,-23.4486,-92.7802,-35.6469,340.848,4.89804,121.065,412.109,51.2711,35.1215,7.85554,10.7419,91.308,-736.831,221.69,3.94766,551.694,-440.902,3179.71,937.058,-516.011,-0.346819,-0.591888,-0.353473,-0.788788,-0.0409562,-0.611901,-0.755295,0.0477324,-0.640298,0.138371,0.0324107,0.893094,0.198129,-0.654999,0.456564,0.0835022,-0.747064,0.300315,-0.116094,-0.0773957,0.815218
112.06,0,,-1.91755,24.7427,-4.62989,-0.41231,-9.1067,-3.32372,8.67203,-7.9387,15.7469,-4.5682,-6.04405,-2.72354,-1.1806,-8.22588,5.73504,5.73504,0.0017391,-0.0017391,8.22591,-8.22591,-0.253164,-23.296,-1.29571,-0.134837,-0.935129,-18.7293,149.355,-5.67572,0.824897,158.479,-6.89618,-4.95847,159.445,-15.5113,-7.6182,158.554,0.255079,-1.29135,146.204,19.1049,0.130895,146.086,27.04,-1.71287,137.36,21.9945,-7.73749,51.2543,-20.0117,-56.1582,-28.3595,355.008,9.2835,126.446,427.734,71.8106,13.7317,-3.07391,-8.30053,46.3874,-821.766,168.468,-50.2669,201.126,-473.634,3424.28,1231.75,-1142.71,-0.346343,-0.592703,-0.353302,-0.789693,-0.0385141,-0.610611,-0.755796,0.0512735,-0.638356,0.139107,0.0324116,0.89312,0.198439,-0.658981,0.450104,0.0642735,-0.751445,0.30092,-0.151067,-0.0701317,0.814541
112.07,0,,-2.49911,24.2361,-4.5784,-0.808046,-9.05961,-1.80758,8.94362,-9.47421,16.5088,-2.07506,-5.96298,-2.56146,-1.28814,-9.62594,5.67835,5.67835,0.0379123,-0.0379123,8.50687,-8.50687,-0.220498,-26.98,-1.32865,-0.797298,-0.650762,-18.6158,149.333,-5.61021,0.880354,158.408,-7.42626,-4.9284,159.407,-16.3099,-7.59757,158.527,0.223498,-1.32499,147.807,18.6681,1.12301,147.793,28.1374,-1.24783,137.174,25.4639,-8.43609,81.0598,-11.2254,-61.0423,-7.81423,374.057,26.3697,152.795,409.185,81.5358,-10.2988,-4.78163,-16.1128,66.3725,-920.444,134.774,-366.694,-231.893,-197.242,3817.02,1552.74,-1679.82,-0.346151,-0.593297,-0.353292,-0.790339,-0.0363185,-0.609601,-0.756356,0.0555471,-0.636228,0.139473,0.0324725,0.893178,0.19734,-0.664655,0.44351,0.0484642,-0.755162,0.298354,-0.178906,-0.0579261,0.813041
112.08,0,,-3.00637,23.9037,-4.48609,-1.38407,-9.01555,-0.431259,9.32993,-10.2456,17.3376,-0.125296,-5.9036,-2.95364,-1.39336,-10.776,5.63053,5.63053,0.0699117,-0.0699117,8.70476,-8.70476,-0.204165,-29.4548,-1.32316,-0.785573,-0.456627,-18.3467,149.311,-5.55477,0.923875,158.348,-7.89845,-4.85965,159.379,-17.1678,-7.56663,158.516,0.204063,-1.32241,149.25,18.3634,2.20931,149.413,28.599,-0.567293,137.207,27.8231,-9.29613,90.345,9.75639,-91.7932,27.3059,377.419,-4.89804,184.605,373.548,132.34,-4.75329,-2.04927,12.2067,154.747,-1001.97,113.273,-658.207,-578.673,176.784,4059.68,1811.6,-2989.76,-0.346024,-0.593776,-0.353287,-0.790674,-0.0343639,-0.608967,-0.756858,0.0603045,-0.633991,0.139593,0.03235,0.893225,0.194774,-0.671424,0.437219,0.037538,-0.759245,0.292613,-0.197273,-0.0462663,0.810331
112.09,0,,-3.45223,23.7846,-4.42141,-1.98555,-8.96541,0.619934,9.86373,-10.1779,18.232,2.49186,-5.89218,-3.5817,-1.49239,-11.1962,5.57045,5.57045,0.119302,-0.119302,8.88799,-8.88799,-0.179665,-31.9917,-1.26826,-0.818794,-0.270695,-17.5936,149.305,-5.48506,0.981073,158.287,-8.29215,-4.79038,159.374,-18.0922,-7.53448,158.505,0.17977,-1.26547,150.37,18.2618,3.21855,150.714,28.4231,0.341915,137.732,30.3328,-9.87505,94.74,10.7542,-154.793,41.5296,308.149,41.5195,154.299,353.536,160.193,5.80957,-9.22172,10.7419,214.336,-984.817,105.938,-655.312,-671.43,193.856,3715.69,1551.22,-4489.61,-0.345916,-0.594351,-0.353363,-0.790883,-0.032778,-0.608498,-0.75735,0.065554,-0.631552,0.139408,0.0318611,0.893333,0.19142,-0.677785,0.43271,0.0330219,-0.763959,0.284745,-0.217419,-0.0357076,0.804855
112.1,0,,-3.83994,23.8498,-4.30461,-2.46982,-8.90464,1.11858,10.5169,-9.33396,19.247,6.97824,-5.91845,-4.71337,-1.63706,-9.97915,5.50825,5.50825,0.158953,-0.158953,9.14696,-9.14696,-0.212331,-35.7944,-1.14747,-0.72304,-0.0437487,-15.6382,149.267,-5.41283,1.03504,158.188,-8.63438,-4.66149,159.33,-19.0847,-7.48049,158.494,0.211351,-1.14643,150.88,18.3603,3.92686,151.334,27.6775,1.21045,139.412,34.2808,-10.2786,54.6898,-39.0533,-217.775,4.91682,244.176,59.0613,140.61,370.076,161.127,12.1473,-24.9328,-17.5776,175.74,-882.833,123.543,-359.851,-468.334,-9.31184,2697.69,221.112,-4357.42,-0.345672,-0.595022,-0.353241,-0.790707,-0.0314964,-0.608504,-0.757744,0.0709889,-0.628951,0.138493,0.031312,0.893522,0.188794,-0.682113,0.431181,0.0360116,-0.768086,0.276923,-0.249713,-0.0210587,0.791683
112.11,0,,-4.14526,24.0919,-4.21293,-2.84332,-8.8621,1.0613,11.3223,-7.89034,20.3905,10.305,-5.95613,-6.99408,-1.84053,-8.40567,5.45494,5.45494,0.2233,-0.2233,9.43036,-9.43036,-0.302164,-37.9895,-0.982762,0.53544,0.131246,-13.9446,149.168,-5.34437,1.11661,158.046,-8.89942,-4.52025,159.258,-20.1523,-7.40345,158.51,0.303665,-0.985982,150.771,18.6651,4.37581,151.235,26.5383,1.87119,141.157,36.6834,-11.1943,24.9153,-100.086,-268.062,2.89741,220.237,90.329,173.369,416.495,161.127,34.0652,-1.36618,0.976533,90.8497,-748.093,209.953,66.9348,-232.954,-144.545,1127.82,-654.187,-3263.29,-0.344989,-0.595918,-0.352985,-0.790333,-0.0308857,-0.608742,-0.758019,0.0767235,-0.626179,0.136973,0.0308249,0.893678,0.187878,-0.684127,0.433439,0.045229,-0.770847,0.270337,-0.267957,-0.00469994,0.778603
112.12,0,,-4.39243,24.4969,-4.12564,-3.1477,-8.87273,0.645204,12.2729,-6.00904,21.7123,11.1463,-6.06575,-9.04325,-2.07959,-7.97374,5.41516,5.41516,0.314081,-0.314081,9.6991,-9.6991,-0.481828,-37.5346,-0.719228,1.79001,0.202338,-14.0137,148.992,-5.28474,1.22429,157.87,-9.11428,-4.35699,159.16,-21.3143,-7.30335,158.527,0.485865,-0.722018,150.211,19.1547,4.66207,150.604,25.1482,2.29446,141.261,36.2343,-12.3271,25.3795,-155.271,-239.251,36.1737,207.504,65.4401,186.504,458.528,159.182,24.0305,1.36618,-12.6949,7.79235,-565.41,265.603,315.462,-95.6371,-57.1408,-142.964,-178.033,-53.3529,-0.343714,-0.59709,-0.352443,-0.789715,-0.0310075,-0.609225,-0.758179,0.0828925,-0.623158,0.134284,0.0302139,0.893966,0.188247,-0.684442,0.438817,0.0585368,-0.772026,0.26485,-0.262346,0.00354027,0.777027
112.13,0,,-4.53943,24.9785,-4.00759,-3.50665,-8.9016,0.0101076,13.3663,-3.95121,23.2165,10.273,-6.21077,-11.8131,-2.33645,-7.86735,5.41601,5.41601,0.398949,-0.398949,9.97028,-9.97028,-0.759492,-35.2943,-0.406282,3.8966,0.248821,-14.8902,148.767,-5.26458,1.33321,157.667,-9.27254,-4.15614,159.039,-22.5619,-7.19658,158.532,0.760378,-0.406297,149.376,19.7053,4.92019,149.654,23.6467,2.63638,140.736,33.9435,-14.2058,78.1195,-166.995,-87.4026,32.7495,260.781,82.9819,227.017,513.172,116.702,17.1646,6.8309,-53.221,67.8393,-390.166,150.862,478.018,-61.9898,315.897,-3158.07,197.857,3080.14,-0.342063,-0.598182,-0.351768,-0.788738,-0.0319841,-0.610079,-0.758296,0.0894231,-0.619797,0.130683,0.0298477,0.894395,0.189348,-0.684449,0.445292,0.0742854,-0.772336,0.260213,-0.240312,0.012452,0.780082
112.14,0,,-4.56367,25.3222,-3.8889,-3.89875,-8.88641,-0.451474,14.6165,-2.45681,24.8596,7.07285,-6.3615,-17.5728,-2.56623,-8.12162,5.4634,5.4634,0.470947,-0.470947,10.156,-10.156,-1.08616,-31.0708,-0.0768641,9.40538,0.278898,-16.211,148.58,-5.2944,1.42971,157.464,-9.36003,-3.94884,158.929,-23.8986,-7.09467,158.505,1.08348,-0.0828121,148.756,20.0619,5.25049,148.946,22.5109,3.05965,140.036,29.706,-18.9513,199.229,-129.882,-5.85407,40.0369,353.989,80.5899,370.634,584.994,72.7443,2.37664,14.6864,34.1786,314.903,-168.941,-71.7886,1399.93,-165.054,920.391,-2653.87,1582.48,287.071,-0.340529,-0.59884,-0.351394,-0.787499,-0.0339976,-0.611163,-0.758391,0.0965003,-0.616052,0.126715,0.0297256,0.894941,0.191356,-0.684731,0.450465,0.0866174,-0.773147,0.256495,-0.196786,0.0407732,0.782138
112.15,0,,-4.46835,25.4037,-3.77273,-4.22456,-8.76334,0.0977071,16.0376,-2.35525,26.6378,6.40034,-6.57732,-21.7984,-2.7844,-8.60675,5.54887,5.54887,0.507469,-0.507469,10.2854,-10.2854,-1.44549,-30.2599,0.345888,13.7436,0.360927,-16.3419,148.503,-5.36873,1.49262,157.261,-9.37418,-3.74852,158.825,-25.328,-6.97395,158.472,1.44059,0.339012,149.289,20.0161,5.84135,149.49,22.3629,3.29932,140.079,28.9195,-23.065,297.838,0,-61.0423,109.399,492.631,84.9753,496.605,622.093,97.1739,-5.28143,19.1265,-46.3853,485.326,53.7305,-164.067,1580.12,-1191.9,1104.51,805.745,2382.68,169.615,-0.339558,-0.598851,-0.351522,-0.786044,-0.037172,-0.612392,-0.758325,0.10419,-0.612019,0.121955,0.0292374,0.895617,0.19453,-0.684915,0.453334,0.0845397,-0.774591,0.252703,-0.182445,0.0726362,0.775987
112.16,0,,-4.22442,25.351,-3.63772,-4.38746,-8.52329,0.12803,17.6999,-2.58256,28.6259,2.7693,-6.82397,-14.0562,-2.99561,-7.64607,5.6555,5.6555,0.491121,-0.491121,10.3319,-10.3319,-1.87831,-26.4319,0.801583,6.91383,0.48397,-15.895,148.514,-5.4754,1.50058,157.036,-9.2764,-3.54767,158.715,-26.8884,-6.87142,158.411,1.87787,0.786715,149.332,19.8526,6.02118,149.55,22.4238,2.93871,141.25,25.3476,-14.6678,391.588,136.229,11.7252,144.519,605.5,75.1793,603.981,596.233,194.348,-21.3898,5.80627,-67.3808,514.662,241.167,13.2042,346.166,-752.517,429.191,1566.3,2311.39,2754.84,-0.339256,-0.598246,-0.351952,-0.784348,-0.0413232,-0.613867,-0.758286,0.112556,-0.607337,0.116525,0.0290549,0.896429,0.198686,-0.683772,0.455543,0.0826493,-0.772961,0.253014,-0.168275,-0.000915532,0.786808
112.17,0,,-3.86579,25.3472,-3.4418,-4.32723,-8.02952,-2.06869,19.6525,-1.83536,30.8513,0.640545,-6.98383,-5.85083,-3.31203,-3.77888,5.72743,5.72743,0.423644,-0.423644,10.3099,-10.3099,-2.39281,-23.3271,1.26826,-0.842244,0.664434,-14.5964,148.608,-5.55897,1.44512,156.635,-9.05253,-3.29043,158.429,-28.6148,-6.68943,158.302,2.39531,1.23959,147.077,19.9786,5.11164,147.2,21.8072,2.04709,143.133,22.5325,-5.36058,465.343,286.123,202.153,97.634,717.758,165.053,756.855,805.668,143.077,-31.1604,14.6864,-35.6434,732.389,221.638,262.213,-411.171,15.6111,97.6332,2786.15,-694.216,-507.649,-0.339757,-0.597352,-0.352393,-0.782275,-0.0461454,-0.615822,-0.757912,0.120917,-0.602082,0.110537,0.0293586,0.89742,0.203079,-0.680226,0.459262,0.0989435,-0.7664,0.261733,-0.163524,-0.0805717,0.786734
112.18,0,,-3.42154,25.4288,-3.1743,-4.08106,-7.18934,-4.7927,21.8744,-0.47637,33.2917,0.602189,-7.01923,-6.53244,-3.77932,-0.598961,5.72404,5.72404,0.284516,-0.284516,10.1633,-10.1633,-2.99714,-22.0219,1.7514,-0.429916,0.87224,-14.2408,148.838,-5.58375,1.29318,156.031,-8.69871,-2.9913,157.913,-30.4844,-6.38004,158.181,2.99536,1.70282,144.343,20.2213,3.70666,144.368,20.6959,1.50729,143.74,21.313,-5.25203,416.998,303.723,256.354,86.3955,835.007,241.2,809.08,946.754,282.73,0,4.78163,36.62,1203.14,-145.486,374.019,-15.1766,669.914,-22.9269,981.574,220.731,1576.3,-0.341633,-0.596102,-0.352864,-0.779959,-0.051395,-0.618144,-0.757007,0.128976,-0.596413,0.103947,0.0300914,0.898469,0.208023,-0.673571,0.465609,0.122142,-0.760078,0.2698,-0.154119,-0.08356,0.783962
112.19,0,,-2.86097,25.7285,-2.82767,-3.69987,-6.15774,-6.77885,24.328,1.20181,35.8004,1.25552,-7.15398,-9.76538,-4.39361,1.50006,5.66904,5.66904,0.0890418,-0.0890418,9.94097,-9.94097,-3.5933,-21.2591,2.38828,2.30982,1.01716,-14.1322,149.168,-5.56821,1.06936,155.329,-8.19179,-2.65136,157.276,-32.4345,-6.02577,158.137,3.59054,2.32391,142.444,20.5789,2.3188,142.402,19.3772,1.45451,144.035,20.5881,-7.73749,261.224,185.066,340.812,156.285,973.14,209.989,962.429,860.312,344.271,68.9227,-26.299,110.348,1432.6,-696.739,267.576,364.764,990.776,-222.144,-1200.68,-794.098,2541.83,-0.344496,-0.594567,-0.353346,-0.777262,-0.0570708,-0.621004,-0.755898,0.136909,-0.590179,0.0964987,0.0297248,0.899372,0.213577,-0.663561,0.475742,0.14216,-0.756092,0.271869,-0.14326,-0.0646411,0.781248
112.2,0,,-2.19218,26.5374,-2.34917,-3.3393,-5.0608,-8.19055,27.1001,3.53288,38.3418,1.08036,-7.24419,-5.8161,-5.18351,3.50759,5.52137,5.52137,-0.123824,0.123824,9.78461,-9.78461,-4.09146,-19.4397,3.05809,-1.8291,1.09645,-13.7693,149.426,-5.46196,0.819177,154.494,-7.48802,-2.19917,156.452,-34.5086,-5.59626,158.153,4.09584,2.97865,141.039,21.4485,1.02331,140.948,17.9175,1.63262,144.687,18.8603,-2.97253,192.884,46.8695,426.751,213.355,1030.8,174.336,1085.95,774.874,372.046,-147.352,-109.978,135.25,895.02,-649.932,148.434,84.9186,1199.18,-821.276,-228.413,-4693.68,1954.15,-0.347421,-0.593643,-0.353037,-0.773769,-0.0629904,-0.62496,-0.754532,0.144595,-0.583142,0.0894193,0.0285654,0.900053,0.215468,-0.652751,0.489044,0.160227,-0.75316,0.27022,-0.139413,-0.107062,0.780017
112.21,0,,-1.34083,27.8768,-1.67035,-3.44723,-3.92132,-9.05475,30.2655,6.42979,40.6538,-2.91889,-6.77144,-3.3791,-6.05233,3.87463,5.32377,5.32377,-0.350602,0.350602,9.7162,-9.7162,-4.18946,-13.8912,3.25025,-3.1716,1.19762,-15.1099,149.563,-5.30658,0.555568,153.495,-6.55652,-1.56761,155.348,-36.7505,-5.02481,158.12,4.19301,3.1598,140.034,22.9083,0.245276,139.899,16.4821,1.96134,143.778,13.4032,-0.517688,184.559,24.4187,274.903,276.834,989.744,280.271,1310.51,673.812,383.327,-625.849,-169.065,354.481,120.644,123.58,41.9905,-345.201,775.858,-786.145,4052.83,-1429.22,-3817.92,-0.34994,-0.593304,-0.351832,-0.769096,-0.0686693,-0.630536,-0.752687,0.15199,-0.575182,0.0877122,0.0280166,0.900378,0.210215,-0.646516,0.501795,0.175914,-0.751146,0.266435,-0.0986362,-0.141667,0.783352
112.22,0,,-0.235857,29.3391,-0.801266,-4.01396,-2.49925,-9.00758,33.7071,9.53708,42.0543,-1.15707,-5.65467,-9.62356,-6.86854,3.48632,5.14563,5.14563,-0.589902,0.589902,9.60626,-9.60626,-3.30747,-14.185,2.90985,2.07923,1.50386,-15.6506,149.723,-5.17135,0.279276,152.232,-5.37928,-0.75776,153.756,-39.0308,-4.12637,157.862,3.30874,2.82079,139.99,24.5265,0.236712,139.723,14.9997,2.80458,143.248,13.6494,-5.98125,-63.975,-195.793,135.256,372.537,841.323,358.867,1469.72,758.792,366.211,-571.187,-38.253,670.39,-547.39,1039.06,-211.926,-383.8,87.9073,-259.744,39.986,1402.92,1496.67,-0.352559,-0.592745,-0.350727,-0.763221,-0.0735509,-0.637787,-0.749752,0.157849,-0.567121,0.0952787,0.0251472,0.900905,0.200636,-0.645306,0.511386,0.18769,-0.752593,0.25709,-0.0887496,-0.0964405,0.786295
112.23,0,,1.03066,30.3324,0.158872,-4.62676,-1.12277,-8.66729,37.2542,12.2285,41.3829,0.490957,-4.33806,-15.9158,-7.47122,2.97459,4.91376,4.91376,-0.778072,0.778072,9.61115,-9.61115,-0.457329,-14.4025,2.22906,7.3711,2.00697,-16.1123,149.739,-4.97439,0.0552087,150.866,-3.94729,0.136408,151.811,-41.1678,-2.87609,157.374,0.459142,2.21522,140.171,25.7536,0.538261,139.685,13.5487,3.72369,142.777,13.8249,-11.4476,-209.969,-406.747,178.719,294.921,567.911,339.332,1348.18,770.488,254.41,-27.4634,799.898,881.321,-935.999,1812.47,-729.977,-45.442,-149.442,-855.49,-1584.1,2182.15,1815.59,-0.354385,-0.593103,-0.348953,-0.756351,-0.0775213,-0.646356,-0.745595,0.162242,-0.559913,0.11695,0.012696,0.90148,0.192758,-0.646209,0.517602,0.198434,-0.754551,0.246898,-0.078555,-0.0510272,0.787076
112.24,0,,2.47811,30.666,1.07568,-4.67284,-0.0805231,-8.80206,40.8012,13.9429,37.8448,-0.301734,-1.24352,-15.6582,-7.46658,3.31823,4.6895,4.6895,-0.8932,0.8932,9.80415,-9.80415,5.06328,-12.3147,-0.763151,7.31247,2.97491,-16.5098,149.542,-4.77323,-0.0798287,149.62,-2.29658,0.992983,149.796,-43.0759,-1.45533,156.391,-5.05785,-0.496873,139.705,26.2666,0.270965,139.142,12.359,4.10188,142.503,11.8008,-10.8631,-166.979,-500.985,186.53,134.773,252.428,307.153,884.805,722.698,102.542,-863.778,162.234,1061.98,-1306.64,2391.11,-565.405,-30.7918,210.978,-772.953,5.47754,1120.05,1593.82,-0.354697,-0.594396,-0.346517,-0.748832,-0.0811215,-0.655564,-0.740844,0.165968,-0.553634,0.167851,-0.000793476,0.899801,0.188488,-0.646339,0.5195,0.20936,-0.75339,0.241649,-0.0626265,-0.0606122,0.788752
112.25,0,,4.10811,30.2082,1.7972,-4.56572,0.591009,-8.94862,44.3084,14.6031,33.5133,-0.439816,0.823307,-12.3095,-7.97797,4.26614,4.55283,4.55283,-0.965199,0.965199,10.1291,-10.1291,11.2046,-10.9954,-3.1075,4.05098,3.25381,-16.1863,149.201,-4.65144,-0.147969,148.598,-0.52622,1.65515,147.951,-44.8145,-0.0740102,156.045,-11.1846,-2.46366,139.189,25.908,0.0825741,138.598,11.3487,4.35804,142.886,10.5562,-7.15022,-146.489,-465.341,160.153,159.182,-21.494,215.343,592.27,620.082,-60.5294,-2332.54,-1023.27,-84.4701,-1370.63,2220.72,-198.721,-335.464,480.004,-250.996,413.006,154.779,877.138,-0.353652,-0.59591,-0.343886,-0.741489,-0.0850258,-0.664215,-0.736236,0.170051,-0.547691,0.217901,-0.0227667,0.894308,0.188007,-0.649052,0.5147,0.218948,-0.751821,0.237687,-0.0601839,-0.0941213,0.787213
112.26,0,,5.80918,29.1234,2.31337,-4.82564,0.91614,-8.72794,47.7524,14.5716,28.3859,-0.841275,4.41114,-8.94919,-8.01511,5.19384,4.46017,4.46017,-1.05633,1.05633,10.5004,-10.5004,18.04,-9.45288,-7.43934,0.744536,3.6913,-15.5913,148.778,-4.57795,-0.224316,147.841,1.26473,2.06974,146.457,-46.4605,1.08649,155.43,-18.0061,-6.23937,139.057,24.9369,0.553552,138.346,10.415,4.8033,143.516,9.10417,-3.30653,-52.7399,-297.376,134.269,461.391,-241.222,-3.41724,531.737,422.891,52.2825,-345.141,267.088,762.672,-595.244,1100.54,2.42837,-321.252,800.714,202.18,308.111,-260.76,-181.559,-0.352069,-0.597382,-0.340899,-0.734757,-0.0899677,-0.671645,-0.732402,0.17512,-0.541473,0.281566,-0.0356459,0.884921,0.189404,-0.656841,0.503389,0.226692,-0.751734,0.232308,-0.0568257,-0.129094,0.782925
112.27,0,,7.48764,28.0399,2.70647,-5.17045,0.984509,-8.18044,50.9786,14.4193,23.3961,-1.17625,9.01298,-7.53387,-8.24643,5.7279,4.41743,4.41743,-1.19267,1.19267,10.8376,-10.8376,24.5814,-8.07139,-12.9736,-0.756261,3.60927,-15.0408,148.366,-4.56283,-0.33921,147.336,2.96562,2.31678,145.331,-47.9772,1.98918,155.266,-24.5313,-11.3246,139.271,23.9068,1.21047,138.406,9.54229,5.39039,144.052,7.79348,-1.34989,62.9846,-116.217,199.702,978.008,-377.419,-338.876,549.304,288.111,111.801,-1123.62,905.777,2091.24,850.1,79.5624,-321.759,-56.1445,1171.44,46.4181,330.022,-83.4889,-470.223,-0.35053,-0.598397,-0.337895,-0.728596,-0.0960719,-0.677875,-0.729434,0.180802,-0.535264,0.348403,-0.0384538,0.870581,0.188251,-0.666937,0.488574,0.23244,-0.752988,0.22542,-0.0508436,-0.148136,0.778584
112.28,0,,9.04656,27.34,3.10648,-5.57184,0.800673,-7.32803,53.8748,14.5958,17.512,-1.22356,10.462,-7.58742,-9.13691,5.7396,4.40262,4.40262,-1.36797,1.36797,11.1014,-11.1014,31.7108,-7.05434,-15.7077,-0.855923,2.43079,-14.6359,148.009,-4.58341,-0.492899,147.133,4.49925,2.55093,144.65,-49.328,2.51028,156.287,-31.6832,-14.2049,139.82,23.2018,1.93284,138.779,8.66958,5.95548,144.402,6.82243,-0.935179,133.8,10.7542,191.414,977.042,-567.402,-514.636,497.079,388.717,-145.489,-1423.35,294.412,1153.29,1516.58,-1150.35,-567.378,108.868,1260.71,54.6718,245.667,-100.263,-55.3437,-0.349386,-0.598913,-0.335103,-0.722584,-0.103401,-0.683397,-0.727743,0.186712,-0.529068,0.404123,-0.0631118,0.851887,0.182753,-0.677846,0.473302,0.235978,-0.754752,0.216934,-0.0441917,-0.153755,0.775735
112.29,0,,10.5199,27.0967,3.60821,-5.84025,-0.154969,-6.25831,56.5532,15.3406,10.5198,-1.24401,10.7452,-8.04182,-9.9508,5.27788,4.37089,4.37089,-1.55893,1.55893,11.3164,-11.3164,39.6488,-5.99775,-17.5415,-0.404512,0.358193,-14.468,147.729,-4.59139,-0.669467,147.764,5.91965,2.95371,145.122,-50.5703,2.2015,158.615,-39.649,-17.2456,140.632,22.9194,2.50108,139.405,7.65404,6.39744,144.533,5.80579,-1.09939,192.389,108.401,179.196,526.89,-693.819,-521.471,279.795,346.683,-436.543,-1662.59,-469.283,990.692,858.442,-1495.57,-600.11,183.084,1070.8,362.809,91.201,-141.054,306.182,-0.348772,-0.599212,-0.332536,-0.715991,-0.112495,-0.688951,-0.728259,0.195387,-0.522801,0.460663,-0.0972355,0.825739,0.176405,-0.685355,0.462926,0.238184,-0.756182,0.206503,-0.0355848,-0.154791,0.774197
112.3,0,,11.9818,27.083,4.05657,-5.8738,-2.01156,-5.24417,59.077,16.3997,3.80953,-1.19671,11.6884,-8.60766,-9.76435,4.67786,4.32773,4.32773,-1.75301,1.75301,11.5021,-11.5021,47.1375,-4.9355,-19.765,0.199325,-1.74995,-14.4556,147.498,-4.59013,-0.853247,149.34,7.27444,3.45745,147.099,-51.7096,0.757088,161.601,-47.107,-21.6528,141.406,22.8422,2.76654,140.003,6.53397,6.77564,144.522,4.77775,-1.43338,199.229,212.395,168.951,249.529,-669.88,-334.491,43.441,29.3319,-521.969,-1698.24,-939.932,623.516,53.7214,-683.1,-478.034,95.7089,717.354,402.808,66.2782,-56.0405,459.074,-0.348469,-0.599398,-0.330157,-0.709388,-0.123969,-0.693823,-0.731532,0.207588,-0.516131,0.515525,-0.124395,0.796481,0.175,-0.686328,0.461031,0.2408,-0.75707,0.19557,-0.0263071,-0.154486,0.773467
112.31,0,,13.3372,26.9952,4.24684,-5.84591,-4.08845,-4.13402,61.3949,17.3621,-2.24638,-0.850225,13.3316,-9.32834,-9.14774,3.84165,4.26257,4.26257,-1.88518,1.88518,11.6365,-11.6365,53.9076,-4.26312,-22.06,0.754307,-3.77606,-14.4606,147.29,-4.55527,-0.985301,151.189,8.52502,3.87419,149.686,-52.7039,-1.13745,165.35,-53.7391,-27.2245,142.34,22.7183,3.06747,140.745,5.46443,7.2253,144.457,4.12811,-1.82026,130.364,262.203,149.908,250.494,-474.6,-158.218,-65.4385,-187.962,-572.229,1218.16,306.707,4143.43,-98.1836,91.3418,-105.938,-36.5817,237.35,97.6332,123.518,43.0788,324.896,-0.348165,-0.599828,-0.328144,-0.703877,-0.137028,-0.69698,-0.735445,0.220774,-0.509727,0.565283,-0.145334,0.76659,0.178113,-0.684069,0.463473,0.242331,-0.758673,0.184037,-0.0199601,-0.152845,0.773379
112.32,0,,14.5666,26.6892,4.24495,-5.72423,-5.96327,-3.11315,63.5278,18.015,-12.2246,-0.263378,19.3163,-9.88115,-9.33033,3.01821,4.15805,4.15805,-1.94605,1.94605,11.7073,-11.7073,64.3445,-3.99756,-28.4287,0.951677,-7.16385,-14.3816,147.119,-4.46624,-1.06065,152.886,9.71384,4.21091,152.262,-53.5356,-3.10418,175.04,-63.4272,-42.9821,143.245,22.4318,3.30602,141.475,4.54469,7.72443,144.44,3.87281,-1.94829,54.1946,258.295,137.69,281.224,-262.207,-66.4083,-127.475,-348.145,-433.587,4232.8,1128.46,458.97,-53.7214,568.406,-79.1243,-39.5643,-60.4742,-119.149,23.5534,102.55,219.782,-0.347918,-0.600616,-0.326493,0.699202,0.150522,0.698896,-0.739287,0.232736,-0.50356,0.650069,-0.15681,0.71233,0.183302,-0.680775,0.46622,0.243236,-0.760777,0.173348,-0.017518,-0.152413,0.773295
112.33,0,,15.6974,26.1562,4.15139,-5.50151,-7.45826,-2.60103,65.464,18.3076,-12.2088,0.276163,21.8262,-10.023,-6.36644,2.6533,4.02223,4.02223,-1.92588,1.92588,11.7293,-11.7293,65.3653,-3.845,-30.548,0.72304,-5.61624,-14.2235,146.993,-4.32976,-1.06687,154.286,10.8705,4.53045,154.491,-54.1734,-4.88831,172.026,-64.773,-42.5913,143.69,21.996,3.31153,141.826,3.83573,8.16968,144.495,3.72692,-1.66996,25.8747,171.873,105.475,187.98,-110.832,-21.9842,-137.207,-441.441,-204.073,1189.38,3370.02,3064.85,-33.7363,749.54,-50.2874,-54.6532,-204.612,-124.511,-21.0885,3.81228,5.17603,-0.347733,-0.601712,-0.325394,0.694801,0.163766,0.700294,-0.742684,0.242332,-0.498032,0.655904,-0.15009,0.715293,0.188978,-0.67766,0.46744,0.245448,-0.762226,0.166033,-0.0170297,-0.155038,0.772686
112.34,0,,16.8056,25.4438,3.98875,-5.30061,-8.49291,-2.48648,67.22,18.3076,-9.07861,0.551048,16.61,-10.0823,-3.52247,2.6299,3.87879,3.87879,-1.85214,1.85214,11.7195,-11.7195,63.1195,-3.53706,-25.0083,0.422099,-3.3085,-14.0877,146.911,-4.17395,-1.02459,155.279,12.0555,4.79897,156.073,-54.619,-6.14891,165.938,-62.9292,-31.4997,143.772,21.4272,3.23446,141.853,3.28354,8.62924,144.539,3.43059,-1.28309,40.5144,100.086,107.909,64.4454,19.5585,24.4333,-182.152,-437.512,-50.8043,-1589.97,1731.97,2846.59,-45.929,704.592,-44.4189,-13.1589,-203.551,-269.55,-35.0562,-40.4102,-73.6589,-0.347556,-0.602943,-0.324727,0.690529,0.176768,0.701333,-0.744861,0.249162,-0.494112,0.616254,-0.175061,0.738333,0.194287,-0.675947,0.466278,0.249035,-0.763341,0.161323,-0.0155034,-0.158941,0.771936
112.35,0,,17.875,24.5634,3.74699,-5.147,-9.27231,-2.62798,68.7605,18.1287,-8.13049,0.663559,10.7989,-10.2632,-2.34651,2.78522,3.72774,3.72774,-1.70953,1.70953,11.4337,-11.4337,62.5887,-3.08786,-18.7329,0.295078,-2.88195,-13.7544,146.85,-3.99253,-0.935563,156.075,13.2481,5.02238,157.331,-54.8531,-7.12257,164.549,-62.4457,-24.2717,143.635,20.7354,3.16106,141.678,2.78709,9.0723,144.533,2.99977,-1.02981,75.2101,91.2998,105.952,6.84843,152.801,51.2586,-259.301,-434.039,-27.3083,-1404.86,194.339,1769.97,-2.47522,537.615,-145.044,123.079,-28.7972,-309.054,64.9088,-40.4102,-5.97234,-0.347379,-0.604358,-0.324428,0.686566,0.188671,0.70207,-0.746491,0.2541,-0.491659,0.586958,-0.210465,0.745356,0.199049,-0.675827,0.462739,0.253619,-0.764033,0.15797,-0.0125128,-0.162056,0.771336
112.36,0,,18.9283,23.5814,3.41606,-5.03624,-9.89218,-2.97164,70.1021,17.8554,-7.4748,0.854061,7.64042,-10.4976,-1.06765,3.07885,3.55595,3.55595,-1.55371,1.55371,11.226,-11.226,62.1395,-2.72342,-15.2136,0.271629,-2.26673,-13.5224,146.834,-3.79011,-0.831114,156.761,14.4678,5.17221,158.457,-54.8723,-7.96823,162.924,-62.0571,-19.4919,143.328,19.9765,3.08215,141.359,2.31328,9.4274,144.539,2.64874,-0.91013,68.8343,99.116,104.012,51.2754,264.142,38.1022,-382.344,-396.484,-67.8428,-1002.94,-88.4602,175.288,63.4389,331.992,-257.306,141.151,212.342,-295.933,115.85,0,27.4728,-0.347376,-0.605817,-0.324364,0.683139,0.198862,0.702488,-0.748013,0.2577,-0.490436,0.567835,-0.229929,0.750704,0.20308,-0.676872,0.457433,0.258801,-0.764014,0.155647,-0.00988809,-0.163886,0.770844
112.37,0,,19.9864,22.5581,3.0374,-5.00916,-10.3434,-3.38437,71.268,17.5362,-6.10836,1.24273,7.81399,-10.7133,0.468837,3.37674,3.3685,3.3685,-1.40276,1.40276,11.1088,-11.1088,60.8166,-2.58499,-15.1861,0.24427,-1.16481,-13.4063,146.867,-3.57593,-0.726914,157.349,15.7261,5.2619,159.445,-54.6906,-8.68528,160.382,-60.7962,-17.2689,142.998,19.1964,3.07298,141.03,1.86212,9.69676,144.572,2.51425,-0.843331,39.0597,105.962,115.72,199.219,296.434,55.1884,-474.607,-294.964,-52.2825,-1312.96,598.045,-13.1832,74.2565,166.048,-314.929,34.6517,480.004,-249.515,72.3035,1.14368,43.7972,-0.347692,-0.607179,-0.324557,0.680106,0.206925,0.702874,-0.749492,0.259963,-0.490323,0.55788,-0.224373,0.760585,0.206498,-0.678826,0.451086,0.263745,-0.763584,0.153693,-0.00897253,-0.16474,0.770477
112.38,0,,21.0575,21.5497,2.67759,-5.02371,-10.6032,-3.62022,72.2045,17.2025,-4.75896,1.66337,9.10205,-10.8276,1.80804,3.49802,3.1726,3.1726,-1.26502,1.26502,11.0795,-11.0795,59.2322,-2.53131,-16.4599,0.162195,-0.0820288,-13.3644,146.911,-3.3563,-0.631169,157.755,17.0179,5.33386,160.159,-54.259,-9.24157,158.164,-59.2318,-16.5961,142.861,18.4294,3.16473,140.893,1.43187,9.90345,144.626,2.46182,-0.745917,14.6397,113.279,93.2567,333.466,291.545,19.5352,-532.212,-260.698,-50.8043,-1063.42,1273.28,-209.466,42.9955,113.764,-289.077,-66.4084,707.502,-162.604,16.1587,-14.4867,39.0193,-0.348114,-0.608513,-0.324736,0.677037,0.212718,0.70371,-0.751166,0.259972,-0.491316,0.552331,-0.209298,0.770785,0.209481,-0.681117,0.444475,0.267173,-0.763308,0.151075,-0.0088507,-0.165661,0.770072
112.39,0,,22.1851,20.5539,2.39564,-5.07424,-10.6655,-3.55283,72.8788,16.8447,-3.85805,1.96894,9.11347,-10.8638,2.49582,3.3161,2.99023,2.99023,-1.13563,1.13563,11.099,-11.099,57.7296,-2.42678,-16.5313,0.0801206,0.56053,-13.3866,146.944,-3.15262,-0.53816,157.969,18.3534,5.43966,160.439,-53.5531,-9.44783,157.012,-57.7207,-15.6463,143.031,17.6452,3.39165,141.046,1.00683,10.0574,144.659,2.36152,-0.642936,-14.6397,102.054,95.7072,331.534,255.891,-23.9207,-520.026,-172.885,-77.1789,-1020.64,1381.89,351.552,7.79235,91.3418,-241.218,-94.7439,783.133,-77.1754,19.4453,-28.2109,51.7603,-0.348467,-0.609771,-0.324906,0.673395,0.216692,0.70538,-0.752564,0.257284,-0.494059,0.543429,-0.201672,0.778611,0.21254,-0.683523,0.437838,0.268456,-0.763495,0.147108,-0.00830128,-0.166758,0.769699
112.4,0,,23.3482,19.5444,2.20662,-5.18581,-10.5607,-3.1738,73.2908,16.4868,-3.43054,2.1799,7.3835,-10.9101,2.36585,2.80969,2.8104,2.8104,-1.00555,1.00555,10.972,-10.972,56.3168,-2.2488,-14.7305,0.048854,0.486704,-13.2952,147.004,-2.95062,-0.451866,158.035,19.721,5.58573,160.318,-52.5868,-9.30102,157.11,-56.3117,-14.0004,143.542,16.8284,3.76415,141.53,0.545224,10.2146,144.681,2.18828,-0.567787,-30.2697,91.2998,98.1408,259.274,197.725,-53.195,-503.41,-132.313,-102.075,-906.822,771.892,249.016,35.1114,103.534,-187.49,-23.9491,578.066,-2.46905,42.4509,-11.8181,34.6396,-0.348958,-0.610936,-0.325153,0.669111,0.219009,0.707871,-0.75348,0.252218,-0.498699,0.529387,-0.20509,0.783552,0.215715,-0.686148,0.431063,0.267767,-0.76436,0.1413,-0.00708053,-0.167796,0.769337
112.41,0,,24.5113,18.521,2.08668,-5.31799,-10.4346,-2.62798,73.4266,16.1458,-2.98205,2.44839,5.68664,-10.9694,1.93183,2.13094,2.62084,2.62084,-0.888679,0.888679,10.8645,-10.8645,54.5854,-2.1245,-12.9077,0.0273583,0.251555,-13.2236,147.059,-2.74148,-0.378503,158.079,21.0874,5.77853,159.994,-51.3654,-8.91156,157.5,-54.5845,-12.5538,144.211,15.9883,4.17947,142.161,0.0452901,10.363,144.698,2.06747,-0.512122,-39.5549,73.256,104.012,192.371,107.47,-76.1475,-477.535,-87.4475,-117.713,-928.74,533.835,73.24,81.4988,158.712,-135.23,43.9506,219.314,0,34.7824,8.38702,10.7502,-0.349515,-0.612109,-0.325282,0.664338,0.219554,0.711032,-0.753915,0.245506,-0.505174,0.513889,-0.20674,0.788748,0.218946,-0.688762,0.42422,0.266181,-0.765462,0.134464,-0.00622572,-0.168522,0.76906
112.42,0,,25.6567,17.5001,1.99437,-5.46876,-10.2447,-2.09228,73.34,15.7928,-2.49422,2.75396,4.81081,-11.0432,1.32064,1.449,2.4317,2.4317,-0.796854,0.796854,10.8425,-10.8425,52.6173,-2.04539,-11.8975,-0.00781665,0.0300772,-13.2532,147.13,-2.53822,-0.325035,158.062,22.4383,5.94662,159.495,-49.971,-8.2946,157.934,-52.6191,-11.8577,144.87,15.1381,4.57154,142.792,-0.45116,10.5213,144.719,1.98997,-0.462023,-53.2351,76.6652,101.561,172.879,-9.77927,-99.6125,-478.484,-59.5776,-114.757,-934.549,542.032,453.111,126.97,230.938,-70.7768,87.3749,-92.3027,9.73511,-3.83428,10.2932,-25.8802,-0.350244,-0.613141,-0.325401,0.659395,0.218577,0.714451,-0.753651,0.237626,-0.513157,0.500382,-0.202338,0.794337,0.222004,-0.691406,0.417151,0.26461,-0.766605,0.127635,-0.0057375,-0.169134,0.768825
112.43,0,,26.7907,16.5106,1.90144,-5.56376,-9.90282,-1.67281,73.1152,15.418,-2.34735,3.02757,4.30152,-11.1054,0.345825,0.869186,2.25526,2.25526,-0.697726,0.697726,10.8425,-10.8425,50.8615,-1.96064,-11.1947,-0.0566707,-0.38827,-13.3076,147.207,-2.3463,-0.260625,157.903,23.7803,6.04973,158.731,-48.484,-7.42347,158.669,-50.8554,-11.6687,145.408,14.3122,4.87248,143.325,-0.904061,10.673,144.741,1.90791,-0.395224,-77.16,87.3917,104.488,164.538,-136.197,-128.887,-499.058,-31.7077,-51.7379,-657.274,442.984,899.875,157.681,279.295,-4.40142,108.868,-234.318,-29.2759,-11.7767,13.7242,0,-0.350918,-0.614121,-0.325647,0.65423,0.216327,0.718078,-0.752499,0.228533,-0.522256,0.48959,-0.196971,0.798201,0.224505,-0.693964,0.409823,0.263449,-0.767579,0.121592,-0.00524916,-0.169865,0.768574
112.44,0,,27.8715,15.5525,1.85623,-5.62682,-9.3893,-1.40159,72.7734,15.0141,-2.12573,3.22446,3.70774,-11.1633,-0.912144,0.438316,2.06739,2.06739,-0.609727,0.609727,10.7447,-10.7447,48.9342,-1.85611,-10.3382,-0.0918456,-0.954269,-13.2779,147.29,-2.14472,-0.213374,157.557,25.0952,6.08142,157.759,-46.9306,-6.41826,159.498,-48.929,-11.4358,145.798,13.5361,5.07311,143.725,-1.27683,10.8116,144.763,1.80761,-0.336776,-94.2448,101.084,111.823,133.808,-263.633,-155.769,-520.501,1.00514,62.4745,-180.625,126.03,850.072,105.976,250.983,11.7371,88.8662,-241.139,-61.0208,-13.6938,-1.14368,-6.76866,-0.351757,-0.615072,-0.325817,0.648773,0.2129,0.721957,-0.750819,0.218086,-0.531818,0.477566,-0.191173,0.802048,0.226095,-0.696536,0.402136,0.262769,-0.768347,0.116766,-0.00457792,-0.170604,0.768298
112.45,0,,28.9118,14.647,1.8669,-5.66764,-8.70561,-1.29378,72.3099,14.6151,-1.05303,3.37661,3.05115,-11.201,-2.09197,0.124473,1.89814,1.89814,-0.516164,0.516164,10.4174,-10.4174,46.133,-1.72898,-9.31153,-0.123112,-1.36988,-13.0656,147.416,-1.96036,-0.164134,157.047,26.3625,6.05242,156.666,-45.3055,-5.40881,159.817,-46.1134,-10.7345,146.056,12.8067,5.20767,144.005,-1.60954,10.9292,144.769,1.68224,-0.267194,-109.38,92.7688,118.647,66.377,-380.373,-186.524,-553.26,8.31528,154.747,-154.746,46.4501,554.182,27.8691,153.338,-23.4236,36.5817,-177.179,-53.6842,11.7767,-8.38702,15.1299,-0.352741,-0.615817,-0.32625,0.643032,0.208566,0.726043,-0.748989,0.206367,-0.541401,0.459503,-0.181042,0.809624,0.226878,-0.699189,0.394122,0.262647,-0.768836,0.112859,-0.00372341,-0.17146,0.768059
112.46,0,,29.9086,13.7766,1.92404,-5.72504,-7.91253,-1.31568,71.6894,14.2403,0.347513,3.54921,2.16846,-11.2371,-3.23621,-0.0925571,1.74412,1.74412,-0.433035,0.433035,9.98494,-9.98494,42.8991,-1.6075,-8.05426,-0.152425,-1.75542,-12.7866,147.581,-1.7928,-0.124095,156.437,27.5796,5.96112,155.601,-43.5599,-4.53404,159.965,-42.8751,-9.68384,146.209,12.1088,5.31899,144.187,-1.93354,11.038,144.774,1.56827,-0.203179,-110.339,84.9526,122.068,-5.88262,-484.889,-198.257,-569.798,26.8648,223.134,-118.04,-186.484,589.826,-40.5202,42.4677,-66.426,-20.0015,-66.3852,-38.0939,24.375,-8.76824,9.15759,-0.353916,-0.616331,-0.326874,0.637132,0.203628,0.730156,-0.747435,0.193436,-0.550825,0.437354,-0.169875,0.818489,0.227307,-0.70188,0.386006,0.263132,-0.76907,0.109501,-0.00292994,-0.172256,0.767828
112.47,0,,30.8407,12.9313,1.98244,-5.80629,-7.02678,-1.43191,70.8817,13.8945,1.81493,3.75761,1.28806,-11.3052,-4.23269,-0.258522,1.59476,1.59476,-0.351645,0.351645,9.58428,-9.58428,39.4854,-1.51427,-6.9013,-0.17392,-1.99604,-12.5792,147.784,-1.63111,-0.0810722,155.757,28.7401,5.77745,154.645,-41.671,-3.86916,159.959,-39.4522,-8.54776,146.314,11.4394,5.43765,144.318,-2.25754,11.159,144.791,1.47937,-0.155863,-128.414,61.0328,102.531,-66.9038,-590.831,-221.665,-540.046,103.987,203.606,-1.05629,-357.256,324.697,-52.713,-28.8285,-101.587,-72.2861,23.4925,-38.5877,23.0056,-8.38702,-0.796313,-0.355307,-0.616675,-0.327778,0.631384,0.198681,0.733928,-0.746386,0.179455,-0.559972,0.413476,-0.15748,0.827806,0.227615,-0.704575,0.378015,0.264,-0.769232,0.106394,-0.00231945,-0.17286,0.767615
112.48,0,,31.7373,12.1588,1.99375,-5.90169,-6.20939,-1.5212,69.8632,13.6165,3.3676,3.98775,0.68057,-11.3847,-4.86167,-0.457466,1.46148,1.46148,-0.276169,0.276169,9.31309,-9.31309,35.8431,-1.44082,-6.12168,-0.193462,-1.91947,-12.5175,148.009,-1.48707,-0.0360597,155.147,29.844,5.54008,153.959,-39.6074,-3.45785,159.696,-35.8155,-7.50743,146.462,10.8228,5.57772,144.472,-2.59547,11.2843,144.807,1.40643,-0.119681,-138.659,39.0533,93.7502,-110.804,-674.362,-249.515,-513.696,169.961,174.353,10.8269,-372.626,-50.7797,-79.5737,-71.8128,-100.575,-98.1652,56.0788,-10.2289,12.5983,-5.33719,4.37972,-0.356722,-0.616877,-0.328826,0.626011,0.19453,0.73704,-0.74586,0.165055,-0.569085,0.388689,-0.142218,0.837867,0.228041,-0.707011,0.37081,0.264725,-0.769454,0.103033,-0.00183111,-0.173345,0.767418
