"Time,s",Activities,Activity Names,"Hip Flexion LT,deg","Hip Flexion RT,deg","Hip Abduction LT,deg","Hip Abduction RT,deg","Hip Rotation Ext LT,deg","Hip Rotation Ext RT,deg","Knee Flexion LT,deg","Knee Flexion RT,deg","Ankle Dorsiflexion LT,deg","Ankle Dorsiflexion RT,deg","Ankle Inversion LT,deg","Ankle Inversion RT,deg","Ankle Abduction LT,deg","Ankle Abduction RT,deg","Pelvic Tilt LT,deg","Pelvic Tilt RT,deg","Pelvic Obliquity LT,deg","Pelvic Obliquity RT,deg","Pelvic Rotation LT,deg","Pelvic Rotation RT,deg","Foot Pitch Down LT,deg","Foot Pitch Down RT,deg","Foot Roll Med LT,deg","Foot Roll Med RT,deg","Foot Rotation Ext LT,deg","Foot Rotation Ext RT,deg","Pelvis Accel Sensor X,mG","Pelvis Accel Sensor Y,mG","Pelvis Accel Sensor Z,mG","Thigh Accel Sensor X LT,mG","Thigh Accel Sensor Y LT,mG","Thigh Accel Sensor Z LT,mG","Shank Accel Sensor X LT,mG","Shank Accel Sensor Y LT,mG","Shank Accel Sensor Z LT,mG","Foot Accel Sensor X LT,mG","Foot Accel Sensor Y LT,mG","Foot Accel Sensor Z LT,mG","Thigh Accel Sensor X RT,mG","Thigh Accel Sensor Y RT,mG","Thigh Accel Sensor Z RT,mG","Shank Accel Sensor X RT,mG","Shank Accel Sensor Y RT,mG","Shank Accel Sensor Z RT,mG","Foot Accel Sensor X RT,mG","Foot Accel Sensor Y RT,mG","Foot Accel Sensor Z RT,mG","Pelvis Rot X,","Pelvis Rot Y,","Pelvis Rot Z,","LT Thigh Rot X,","LT Thigh Rot Y,","LT Thigh Rot Z,","LT Shank Rot X,","LT Shank Rot Y,","LT Shank Rot Z,","LT Foot Rot X,","LT Foot Rot Y,","LT Foot Rot Z,","RT Thigh Rot X,","RT Thigh Rot Y,","RT Thigh Rot Z,","RT Shank Rot X,","RT Shank Rot Y,","RT Shank Rot Z,","RT Foot Rot X,","RT Foot Rot Y,","RT Foot Rot Z,"
66.62,0,,14.0949,10.2045,-0.836885,-2.5641,0.381082,-9.47802,15.0066,7.88516,8.269,1.89811,2.81413,-8.59021,-3.63298,9.04052,6.34521,6.34521,3.34676,-3.34676,-5.36966,5.36966,-0.555689,2.35673,-0.0766372,3.70157,-9.10748,4.93019,-48.8284,18.5564,-29.7762,116.2,259.777,27.344,227.54,36.5995,42.4987,-20.9471,-30.3045,-13.6119,-44.9049,-4.89228,-38.5703,-9.77024,75.7024,17.5925,-34.2081,35.1525,-57.1689,-0.408539,-0.601975,-0.377287,-0.700783,-0.244948,-0.647008,-0.673068,-0.154365,-0.637788,0.101447,-0.0824642,0.913027,-0.68589,-0.0750774,-0.721781,0.233653,-0.71164,0.041933,0.107305,-0.0334489,0.714818
66.63,0,,14.8432,10.3315,-0.742595,-2.55071,0.832159,-9.68243,16.4648,8.01585,9.11273,2.12897,2.8311,-8.64497,-4.06167,9.22338,6.39682,6.39682,3.41094,-3.41094,-5.45296,5.45296,-0.620881,2.20347,-0.0383186,3.64114,-9.18358,5.01067,-31.2423,3.90834,-36.1251,150.901,248.032,38.5778,316.881,-9.24156,27.8159,-40.9933,-52.2871,-28.3127,-40.0514,-11.7187,-25.8783,-17.0875,89.8233,-16.5967,-26.3372,9.76458,-40.0743,-0.408166,-0.601781,-0.37783,-0.700044,-0.245983,-0.6492,-0.671655,-0.15241,-0.635887,0.100773,-0.0823394,0.913119,-0.685468,-0.076604,-0.72197,0.235365,-0.711651,0.042605,0.105838,-0.0335094,0.714927
66.64,0,,15.6027,10.4769,-0.623911,-2.53786,1.37786,-9.82303,17.9731,8.14873,10.0046,2.38605,2.90376,-8.65744,-4.59281,9.35504,6.45444,6.45444,3.47781,-3.47781,-5.54032,5.54032,-0.689178,2.01503,-0.0836043,3.54116,-9.27056,5.1102,-4.38662,-15.1407,-42.474,176.738,210.921,58.1015,500.02,25.3776,-73.2512,-36.7138,-8.32197,27.2238,-12.193,-21.5033,-7.81292,-17.5864,78.632,-40.5328,-11.8063,1.06523,-45.9593,-0.407798,-0.601534,-0.378438,-0.699237,-0.246283,-0.651812,-0.670276,-0.150707,-0.633408,0.100589,-0.0817288,0.913117,-0.685019,-0.0781275,-0.722191,0.23659,-0.711783,0.0429109,0.103948,-0.0338152,0.714941
66.65,0,,16.3911,10.6275,-0.501943,-2.53977,2.02466,-9.91026,19.5616,8.2816,10.933,2.67432,3.00818,-8.65883,-5.24962,9.46371,6.51886,6.51886,3.54669,-3.54669,-5.62768,5.62768,-0.729535,1.79896,-0.125406,3.4181,-9.38199,5.24362,28.8008,-24.4189,-48.3405,172.838,172.347,10.2585,603.052,179.184,-171.871,-53.6066,-25.908,36.7521,-8.28649,-34.1701,7.81292,-11.2254,58.5932,-52.2611,0,23.435,-32.6479,-0.407323,-0.60131,-0.379,-0.69841,-0.246049,-0.654706,-0.668501,-0.149363,-0.630596,0.100529,-0.0813018,0.913058,-0.684485,-0.0794721,-0.722512,0.237623,-0.712014,0.0429711,0.101751,-0.0342425,0.714882
66.66,0,,17.2356,10.7624,-0.366841,-2.53758,2.74664,-9.96364,21.2584,8.38615,11.8729,3.02499,3.2118,-8.60477,-6.00502,9.55984,6.58527,6.58527,3.61994,-3.61994,-5.71504,5.71504,-0.717118,1.51504,-0.153274,3.23022,-9.51788,5.40881,45.4144,-37.1128,-53.2228,145.494,166.497,10.2585,568.368,360.348,-197.77,-91.2214,-53.2292,20.4178,11.7195,-73.7254,26.8509,-13.6783,62.9876,-4.3889,-23.9154,16.6886,-40.0743,-0.406768,-0.601118,-0.379544,-0.697363,-0.245862,-0.65781,-0.665936,-0.148264,-0.627909,0.100776,-0.0812431,0.912902,-0.683996,-0.0805706,-0.722816,0.238483,-0.712336,0.0429111,0.0987623,-0.0350368,0.714775
66.67,0,,18.1938,10.9195,-0.242059,-2.50724,3.41937,-9.9337,23.0836,8.49506,12.7992,3.4131,3.56161,-8.51328,-6.73529,9.59955,6.66489,6.66489,3.70865,-3.70865,-5.80444,5.80444,-0.645716,1.19344,-0.247329,3.00938,-9.68095,5.61,46.387,-23.4336,-53.2228,139.157,179.705,-11.2338,539.053,500.511,-222.16,-112.844,-48.3616,60.9812,22.4524,-88.3643,41.9984,-17.0875,114.725,14.642,-42.079,13.1378,-38.533,-0.405965,-0.600982,-0.380085,-0.696031,-0.246355,-0.660934,-0.662873,-0.146858,-0.625579,0.101812,-0.0811199,0.912645,-0.683601,-0.0813608,-0.723092,0.238962,-0.712734,0.042482,0.0953445,-0.0360136,0.714656
66.68,0,,19.2675,11.0858,-0.0802171,-2.47116,3.92748,-9.81783,25.0251,8.60397,13.6064,3.72134,3.96972,-8.41139,-7.3196,9.57656,6.76172,6.76172,3.77753,-3.77753,-5.76787,5.76787,-0.447034,0.954754,-0.383186,2.78744,-9.72172,5.70318,43.9456,8.78555,-48.8229,85.9314,214.851,-47.8429,470.705,584.932,-245.612,-143.477,4.86757,100.183,39.0649,-83.51,44.438,20.9956,118.182,22.4608,-48.7389,-3.90583,28.8647,-0.40505,-0.600861,-0.380513,-0.694169,-0.247869,-0.664139,-0.659876,-0.144598,-0.62362,0.104011,-0.0814261,0.91229,-0.683307,-0.0817283,-0.723347,0.239088,-0.713237,0.0416284,0.0925942,-0.037233,0.714508
66.69,0,,20.4388,11.2534,0.109302,-2.41184,4.2619,-9.62644,27.0629,8.70417,14.0842,3.90353,4.2138,-8.2901,-7.80049,9.48983,6.86534,6.86534,3.85952,-3.85952,-5.73333,5.73333,0.0838189,0.834153,-0.365769,2.57978,-9.80053,5.8006,24.9104,34.1733,-12.6978,0.487491,213.388,-63.4836,338.841,611.337,-225.586,-206.093,65.4766,283.127,54.6908,-42.9686,36.1308,41.4924,73.7102,18.5514,-45.409,-9.76458,33.6288,-0.404023,-0.600754,-0.381011,-0.691756,-0.25026,-0.667463,-0.657179,-0.14136,-0.621961,0.10749,-0.0844174,0.911561,-0.683125,-0.0815453,-0.723592,0.23873,-0.713748,0.0403479,0.0908874,-0.0386378,0.714281
66.7,0,,21.7143,11.4158,0.313832,-2.36838,4.40189,-9.40121,29.1549,8.80437,13.8479,3.91102,4.09023,-8.17713,-8.19631,9.354,6.96937,6.96937,3.92908,-3.92908,-5.68457,5.68457,1.27901,0.884403,-0.0104505,2.40069,-9.90925,5.85354,-22.469,46.8672,-3.89811,-18.569,161.15,-65.4341,190.44,596.228,-142.097,-300.693,137.705,489.755,38.0784,-23.9304,39.0646,3.9081,27.8317,8.7778,-6.35725,16.1559,83.9318,-0.403042,-0.600625,-0.381434,-0.688954,-0.253864,-0.670581,-0.65501,-0.137338,-0.620645,0.11329,-0.0929031,0.910108,-0.682947,-0.0809355,-0.723903,0.23817,-0.714267,0.0388812,0.0907003,-0.0402231,0.714128
66.71,0,,23.0235,11.5585,0.468637,-2.3096,4.3306,-9.18379,31.1987,8.90893,12.4814,3.88482,3.36408,-8.03851,-8.45536,9.22129,7.05699,7.05699,3.99528,-3.99528,-5.62362,5.62362,3.49866,0.977366,0.888295,2.21171,-9.99894,5.88319,-34.1799,64.4547,-43.4582,34.1687,124.998,-103.019,83.0055,495.597,-64.9309,-555.211,290.484,884.772,32.2384,0.49302,49.317,7.8162,35.6246,-21.9814,10.5954,30.359,-10.7892,-0.402176,-0.600547,-0.38185,-0.686185,-0.258372,-0.673123,-0.653652,-0.132513,-0.619776,0.122503,-0.109991,0.907453,-0.68288,-0.0801414,-0.724141,0.237622,-0.714697,0.0373554,0.0908228,-0.0419933,0.713948
66.72,0,,24.3423,11.6894,0.618751,-2.25767,4.00785,-8.94033,33.1522,9.00259,9.66477,3.92725,1.99574,-7.88395,-8.54574,9.05829,7.14902,7.14902,4.0235,-4.0235,-5.55048,5.55048,7.05942,1.00249,2.37924,2.00955,-10.0343,5.89802,-44.4418,54.6839,-62.5049,94.7063,55.1638,-130.363,59.5965,354.993,-24.4306,-701.616,49.7748,751.92,28.3319,19.0382,50.784,10.7265,84.9601,-13.1667,-28.759,10.2972,-57.5893,-0.40145,-0.600375,-0.38204,-0.683465,-0.263205,-0.675286,-0.653241,-0.126839,-0.619303,0.13691,-0.137521,0.902583,-0.683015,-0.0791662,-0.724215,0.236949,-0.71512,0.0357072,0.090336,-0.0437031,0.713837
66.73,0,,25.6355,11.8086,0.759952,-2.20873,3.49455,-8.68645,35.0215,9.07883,5.7859,3.96468,0.999825,-7.6781,-8.31424,8.90887,7.23544,7.23544,4.0487,-4.0487,-5.46718,5.46718,11.6012,1.02762,3.45564,1.74037,-9.84946,5.92766,-43.4494,45.4057,-56.156,101.088,-12.7055,-125.486,60.5629,165.981,-42.9882,-671.885,21.9826,925.336,40.9984,40.5414,50.2897,30.7659,134.764,-12.2078,-33.6026,8.87689,-37.5521,-0.40079,-0.600208,-0.382234,-0.680694,-0.2682,-0.677215,-0.653722,-0.120307,-0.618991,0.160467,-0.16767,0.895234,-0.68315,-0.0781301,-0.724291,0.236159,-0.71568,0.0339986,0.0896008,-0.0459601,0.713571
66.74,0,,26.8741,11.895,0.835478,-2.17429,2.8646,-8.37529,36.8106,9.13764,1.63519,3.90977,0.693526,-7.40918,-7.61442,8.7281,7.29305,7.29305,4.06013,-4.06013,-5.37982,5.37982,16.3261,1.1256,3.75871,1.41844,-9.33035,5.9679,-35.1525,43.4515,-64.9364,141.107,-43.9665,-62.5083,46.3886,-47.8214,-102.535,468.27,204.595,1095.21,48.3379,48.8469,64.4486,15.6324,112.323,-46.8764,16.9527,0.532614,28.3042,-0.40023,-0.600192,-0.382224,-0.678267,-0.273272,-0.678572,-0.655309,-0.113226,-0.618319,0.189951,-0.194223,0.886884,-0.683257,-0.0770297,-0.724397,0.234993,-0.716333,0.0321056,0.0892979,-0.04883,0.713223
66.75,0,,28.0583,11.9422,0.868315,-2.14805,2.22946,-8.02377,38.5175,9.17685,-1.16889,3.82616,-0.573007,-7.11531,-6.34672,8.50344,7.34026,7.34026,4.07054,-4.07054,-5.28433,5.28433,19.6229,1.25374,4.88737,1.09212,-8.41715,5.98908,-4.38662,41.4973,-114.261,192.869,-40.9958,-44.9171,15.1407,-235.807,-211.923,976.181,-700.145,1058.46,48.3379,35.6491,82.0356,0,50.8003,-98.1417,65.9943,20.5944,46.9402,-0.399749,-0.600204,-0.382231,-0.676063,-0.278275,-0.679542,-0.657864,-0.106022,-0.616968,0.204235,-0.218457,0.881765,-0.683366,-0.0757464,-0.724505,0.233532,-0.716954,0.0299087,0.0892359,-0.0518203,0.712849
66.76,0,,29.1816,11.9474,0.877228,-2.11033,1.70839,-7.66574,40.106,9.18992,-0.878235,3.8324,-1.36486,-6.90876,-4.97511,8.25893,7.37267,7.37267,4.0823,-4.0823,-5.18072,5.18072,19.7378,1.29394,5.35416,0.858097,-7.5719,6.0039,9.76568,22.4647,-115.226,145.494,-43.9665,-26.3687,8.32203,-358.881,-290.517,-313.982,106.929,911.996,52.7179,27.8367,93.755,6.36105,42.9488,-126.467,46.3171,0.532614,0.42036,-0.399192,-0.600375,-0.382101,-0.673916,-0.283153,-0.680325,-0.660798,-0.0998582,-0.614897,0.201973,-0.222298,0.884004,-0.683566,-0.0743444,-0.724522,0.232127,-0.717499,0.0277722,0.0887499,-0.0538359,0.712624
66.77,0,,30.26,11.9461,0.861279,-2.05866,1.44915,-7.33375,41.5581,9.18338,0.233151,3.90853,-1.30003,-6.78193,-3.73447,8.02906,7.41068,7.41068,4.10146,-4.10146,-5.06695,5.06695,18.9493,1.25877,4.9431,0.698783,-6.64784,6.0039,31.2423,20.0179,-124.991,78.1316,-27.3305,36.1396,25.8788,-395.994,-321.269,-750.042,955.143,538.214,37.6049,32.2359,92.7664,31.2648,78.1047,-95.228,-19.6772,-5.32614,-43.4372,-0.398574,-0.600546,-0.382033,-0.671852,-0.288224,-0.680764,-0.662877,-0.0957692,-0.612764,0.199479,-0.216204,0.888806,-0.683822,-0.0729419,-0.724474,0.230854,-0.718015,0.02582,0.0878965,-0.0550574,0.71245
66.78,0,,31.3096,11.9042,0.795604,-2.0029,1.49711,-6.98093,42.93,9.12021,0.391024,3.90728,-1.47711,-6.6641,-3.068,7.78037,7.44149,7.44149,4.13002,-4.13002,-4.95927,4.95927,19.089,1.27133,4.91175,0.566937,-5.92489,6.01238,43.4494,16.1096,-126.457,55.6627,-17.5958,86.4207,87.8914,-267.565,-276.853,-605.44,1054.22,718.707,40.9984,59.0865,94.2333,30.7659,73.7102,-52.2611,-18.1636,1.4203,-9.24791,-0.397861,-0.600821,-0.38193,-0.669959,-0.293717,-0.680702,-0.663606,-0.0939377,-0.610747,0.200573,-0.217114,0.890614,-0.684116,-0.0712926,-0.724401,0.229319,-0.718537,0.0239879,0.0875279,-0.0561546,0.712309
66.79,0,,32.3496,11.8518,0.6666,-1.93046,1.76153,-6.56041,44.2838,9.04615,0.381614,3.82367,-1.99965,-6.51717,-2.95346,7.47526,7.4743,7.4743,4.17908,-4.17908,-4.8394,4.8394,19.4181,1.36932,5.26359,0.418611,-5.54168,6.01449,65.9184,31.7429,-118.661,44.9379,-22.4403,92.2905,97.1798,-73.7125,-156.25,-566.473,889.666,508.268,26.3589,61.5137,74.7011,2.45296,45.4097,-47.3558,26.9426,7.27905,20.4575,-0.396998,-0.601174,-0.381921,-0.668269,-0.299647,-0.680111,-0.6636,-0.0933264,-0.608605,0.200395,-0.22121,0.890821,-0.684401,-0.0696425,-0.724319,0.227429,-0.719093,0.0217297,0.0878312,-0.0576182,0.71211
66.8,0,,33.3831,11.7824,0.512733,-1.85364,2.12577,-6.11775,45.5835,8.96338,0.602218,3.8012,-2.34076,-6.41043,-3.17094,7.14402,7.50791,7.50791,4.23788,-4.23788,-4.70938,4.70938,19.4832,1.41454,5.46911,0.296653,-5.39763,6.01238,62.5043,58.0996,-97.6651,31.2438,-24.9083,89.3466,-0.483215,90.802,-63.4626,-621.657,906.781,398.011,-2.44649,59.0865,61.5307,13.6783,-18.0467,-26.3703,39.6572,3.01814,-0.42036,-0.396017,-0.601594,-0.381917,-0.666592,-0.306043,-0.679165,-0.663059,-0.0936327,-0.606659,0.199474,-0.222913,0.890981,-0.684684,-0.0678764,-0.724238,0.225536,-0.719702,0.0193491,0.0877726,-0.0587185,0.712008
66.81,0,,34.4231,11.7143,0.338225,-1.76097,2.49648,-5.71285,46.7769,8.86972,0.862552,3.83989,-2.65054,-6.3127,-3.63684,6.82219,7.55392,7.55392,4.31752,-4.31752,-4.57122,4.57122,19.4274,1.39444,5.71644,0.202164,-5.4846,5.98273,45.4144,58.0996,-80.085,32.7062,-22.4403,49.3239,-108.884,213.363,-38.5833,-679.092,688.525,359.898,-24.8989,53.7013,49.8113,7.31729,-155.741,0,34.2081,-13.1378,18.4958,-0.394976,-0.601955,-0.382158,-0.664944,-0.312452,-0.678067,-0.66213,-0.0944854,-0.605427,0.19746,-0.224134,0.890678,-0.684964,-0.0661037,-0.72415,0.223701,-0.720176,0.0170904,0.0872844,-0.059451,0.711947
66.82,0,,35.4487,11.6358,0.159027,-1.67541,2.79849,-5.37826,47.8259,8.76952,1.19921,3.88856,-2.75061,-6.26557,-4.17379,6.53275,7.60353,7.60353,4.38909,-4.38909,-4.41885,4.41885,19.179,1.36932,5.75824,0.158215,-5.71018,5.90013,15.6211,51.2682,-49.3246,38.5561,-5.85002,-20.499,-191.89,301.744,10.2372,-719.635,633.726,192.744,-20.006,59.5796,43.9437,30.267,-292.497,-18.0719,8.17361,-11.7175,19.4767,-0.394071,-0.602215,-0.382473,-0.663419,-0.318495,-0.676908,-0.661474,-0.0955253,-0.604709,0.195446,-0.223096,0.89037,-0.685272,-0.0642728,-0.724031,0.222181,-0.720563,0.0151376,0.0869155,-0.0597544,0.711987
66.83,0,,36.4165,11.531,-0.0103203,-1.59341,2.99033,-5.22463,48.6984,8.66279,1.54737,3.91227,-2.78672,-6.27112,-4.72137,6.4105,7.63594,7.63594,4.45797,-4.45797,-4.26038,4.26038,18.7879,1.37183,5.72341,0.152721,-6.05807,5.79636,-3.91024,50.2993,-56.6384,14.1816,-11.243,-105.475,-251.486,339.371,29.2841,-766.034,556.159,167.426,-24.4254,75.2045,26.3726,37.1269,-320.798,-52.7405,-6.96271,8.87689,12.1904,-0.393282,-0.602527,-0.382783,-0.661907,-0.323995,-0.675884,-0.661367,-0.0966871,-0.604416,0.192941,-0.220775,0.889996,-0.685566,-0.0625628,-0.723898,0.221691,-0.720738,0.0142219,0.0869189,-0.0598178,0.712015
66.84,0,,37.3571,11.4315,-0.173569,-1.52479,3.06292,-5.26108,49.3884,8.55387,1.74392,3.91726,-2.82849,-6.28983,-5.19356,6.4711,7.67835,7.67835,4.52115,-4.52115,-4.09175,4.09175,18.3967,1.39947,5.66071,0.142833,-6.45759,5.67141,-13.1797,33.2044,-72.2695,-11.2123,-11.243,-95.704,-296.372,348.172,70.804,-713.779,421.908,164.976,-36.6184,55.6733,17.5711,14.6346,-169.92,-72.2509,3.02726,5.85875,6.86587,-0.392606,-0.602704,-0.383206,-0.660498,-0.329242,-0.674781,-0.662005,-0.097842,-0.604509,0.190565,-0.218338,0.889346,-0.685809,-0.0610978,-0.723774,0.222239,-0.720736,0.0143439,0.0871035,-0.0600019,0.711966
66.85,0,,38.2449,11.3464,-0.349484,-1.46875,2.98903,-5.36263,49.8697,8.45803,1.88298,3.95096,-2.87939,-6.3127,-5.53525,6.585,7.72756,7.72756,4.57457,-4.57457,-3.92109,3.92109,17.9124,1.40198,5.56665,0.139537,-6.89244,5.53164,-31.2423,15.6169,-75.2027,-34.1687,-22.943,-48.8363,-352.532,328.149,104.004,-698.688,323.772,52.8141,-12.193,50.288,13.1863,-13.6783,60.5267,-61.5183,-11.2009,1.06523,-39.0935,-0.391983,-0.602806,-0.383621,0.659334,0.334184,0.673495,-0.663493,-0.0988831,-0.604957,0.187759,-0.215227,0.888744,-0.686008,-0.0598174,-0.723669,0.223154,-0.720612,0.0148322,0.0871031,-0.0600627,0.711963
66.86,0,,39.1054,11.2953,-0.554014,-1.42584,2.75572,-5.38346,50.1565,8.40358,1.95407,4.00587,-2.96032,-6.32726,-5.71021,6.63411,7.77918,7.77918,4.61725,-4.61725,-3.77278,3.77278,17.3319,1.39193,5.4726,0.131846,-7.37078,5.42787,-45.8908,15.1407,-59.0892,-26.8563,-34.186,17.5731,-381.847,280.768,117.177,-736.753,216.371,-17.6954,47.8643,68.8332,2.43954,-0.498906,261.736,0,-40.8681,12.7827,-34.1893,-0.391378,-0.602876,-0.383931,0.658435,0.33877,0.672047,-0.665816,-0.0998602,-0.605814,0.184335,-0.211558,0.888288,-0.686138,-0.0587804,-0.723615,0.223704,-0.720552,0.0148322,0.086978,-0.0601216,0.711938
66.87,0,,39.929,11.2757,-0.773556,-1.3698,2.39537,-5.24806,50.2348,8.37744,1.88925,4.00087,-3.03472,-6.29745,-5.72616,6.52857,7.83239,7.83239,4.66631,-4.66631,-3.63869,3.63869,16.7141,1.43716,5.34371,0.117563,-7.85184,5.3368,-53.7113,28.3272,-45.4072,-18.569,-55.6666,49.3239,-393.068,223.631,115.22,-712.878,155.291,-5.98923,43.9579,83.017,29.2905,-19.5405,275.388,12.2078,22.099,7.81167,0,-0.390722,-0.60296,-0.384251,0.657654,0.342622,0.670777,-0.668855,-0.101018,-0.607024,0.180916,-0.207468,0.887919,-0.686236,-0.0583511,-0.72353,0.223274,-0.720543,0.0139165,0.0872871,-0.0603685,0.711908
66.88,0,,40.6982,11.2429,-0.989345,-1.32469,1.92874,-4.92909,50.1305,8.37308,1.68851,4.0146,-3.05995,-6.29399,-5.60775,6.22032,7.862,7.862,4.70629,-4.70629,-3.51883,3.51883,16.0777,1.46479,5.14863,0.151623,-8.32475,5.23515,-50.7736,48.3451,-53.7052,-40.0186,-82.0373,69.3353,-382.33,156.226,83.9778,-625.486,122.003,56.081,20.006,77.1387,20.5049,-22.9497,164.061,12.6872,39.6572,17.5762,-10.7892,-0.390171,-0.603142,-0.384434,0.656905,0.345727,0.669784,-0.672401,-0.102423,-0.608555,0.177804,-0.202891,0.887616,-0.686271,-0.0584151,-0.723444,0.221814,-0.720683,0.0118415,0.0876513,-0.0601839,0.712014
66.89,0,,41.4353,11.2036,-1.20279,-1.28178,1.42323,-4.51508,49.8517,8.37308,1.39368,4.11319,-3.08649,-6.2829,-5.40428,5.80654,7.89601,7.89601,4.7446,-4.7446,-3.40302,3.40302,15.3885,1.42208,4.93962,0.183485,-8.76775,5.13561,-38.0901,64.9473,-87.8812,-53.2252,-104.98,82.032,-351.566,73.7125,61.0154,-564.897,80.0794,133.669,-28.8054,23.9304,22.9445,-25.86,23.906,40.5328,6.35725,20.0618,12.1904,-0.389678,-0.603257,-0.384673,0.65622,0.3481,0.669038,-0.676232,-0.104313,-0.610312,0.174449,-0.19801,0.887444,-0.686308,-0.0588404,-0.723297,0.219795,-0.720911,0.00903351,0.087407,-0.0598176,0.712135
66.9,0,,42.1388,11.1434,-1.40685,-1.24405,0.916412,-4.11409,49.4305,8.36219,1.02461,4.228,-3.12435,-6.22884,-5.16456,5.38022,7.92801,7.92801,4.79063,-4.79063,-3.28925,3.28925,14.6683,1.37183,4.73409,0.183485,-9.18087,5.0149,-20.0276,93.2582,-84.9673,-37.5812,-108.408,51.7621,-300.291,-2.93383,13.6632,-467.369,51.345,242.291,-49.3243,-21.0102,24.4114,-31.2648,-77.1672,20.9856,-5.7518,3.01814,27.8839,-0.389303,-0.603304,-0.385091,0.655566,0.350001,0.668445,-0.680139,-0.106632,-0.612265,0.170781,-0.19306,0.887293,-0.686292,-0.0594494,-0.723158,0.217716,-0.721082,0.00610362,0.0869797,-0.0596956,0.712257
66.91,0,,42.807,11.0858,-1.60294,-1.20469,0.464039,-3.77819,48.8789,8.35566,0.651358,4.30537,-3.17395,-6.18448,-4.93306,4.98734,7.94562,7.94562,4.86624,-4.86624,-3.40505,3.40505,13.8674,1.36178,4.60172,0.169202,-9.76792,5.08902,-8.29686,100.09,-84.4656,-30.7563,-119.651,33.6833,-253.902,-45.9144,-21.4941,-362.858,19.4703,259.17,-27.3454,-46.8748,11.7194,-8.3151,-157.205,33.7097,2.42181,-4.43845,14.7126,-0.389126,-0.603191,-0.385708,0.65505,0.351513,0.667868,-0.683857,-0.109622,-0.614397,0.166328,-0.187813,0.887304,-0.686319,-0.0598789,-0.723003,0.215835,-0.721301,0.00329612,0.0868582,-0.059757,0.712322
66.92,0,,43.4399,11.019,-1.8009,-1.15603,0.107584,-3.54905,48.221,8.32081,0.37325,4.38399,-3.23573,-6.15398,-4.80257,4.68222,7.97443,7.97443,4.94117,-4.94117,-3.51273,3.51273,12.9081,1.34671,4.49025,0.147228,-10.3495,5.13773,-10.7383,110.846,-74.2185,-12.1873,-129.889,18.5484,-223.138,-78.1132,-33.1996,-322.766,-15.0738,173.96,2.92,-39.5554,28.8121,45.8994,-174.315,29.8003,1.81636,8.34428,-14.7126,-0.389011,-0.602958,-0.386447,0.654697,0.352802,0.66721,-0.68711,-0.11347,-0.61661,0.160595,-0.181958,0.887513,-0.686479,-0.0596938,-0.722796,0.214483,-0.721514,0.00103762,0.0866757,-0.0598795,0.712389
66.93,0,,44.0184,10.9234,-1.9801,-1.0907,-0.117954,-3.46182,47.4589,8.27071,0.147418,4.45138,-3.29229,-6.10893,-4.79,4.48056,7.99283,7.99283,5.01678,-5.01678,-3.61838,3.61838,11.834,1.34168,4.39619,0.121957,-10.8904,5.1462,-5.85544,93.2582,-85.9322,-14.1816,-148.947,-8.30795,-177.716,-112.292,-52.2465,-285.151,-47.8906,117.062,13.653,-20.5172,42.4768,31.7221,-143.084,-9.29414,3.93544,6.39136,5.32456,-0.389131,-0.602649,-0.387361,0.654445,0.353896,0.66653,-0.689745,-0.118355,-0.618939,0.153875,-0.175727,0.887851,-0.686804,-0.0589021,-0.722512,0.213691,-0.721521,-0.000549335,0.0865535,-0.0600625,0.712449
66.94,0,,44.5392,10.8056,-2.17478,-0.987097,-0.25924,-3.47354,46.5924,8.20318,-0.0825959,4.52875,-3.33145,-6.08745,-4.87458,4.37816,8.01324,8.01324,5.09608,-5.09608,-3.71996,3.71996,10.7195,1.34168,4.31259,0.105477,-11.4285,5.15468,0.496224,70.3172,-80.085,-33.6812,-169.925,-20.0113,-124.025,-124.981,-62.9732,-243.257,-77.5671,29.4017,15.1524,21.9584,61.0364,14.6346,-66.386,-20.0267,1.81636,-0.532614,15.6934,-0.389199,-0.602354,-0.388283,0.65439,0.354815,0.665743,-0.691866,-0.12409,-0.621306,0.146737,-0.169383,0.888177,-0.687414,-0.0575591,-0.722022,0.213576,-0.721423,-0.00158702,0.0864922,-0.0601844,0.712507
66.95,0,,45.0119,10.6563,-2.37133,-0.866819,-0.331827,-3.54124,45.6537,8.10952,-0.294836,4.6186,-3.33014,-6.0923,-5.03697,4.31546,8.02764,8.02764,5.18512,-5.18512,-3.82357,3.82357,9.55536,1.32912,4.2255,0.0999831,-11.9612,5.15256,-3.91024,46.391,-83.9831,-51.2752,-186.515,-22.9552,-96.6966,-124.541,-68.3569,-226.139,-81.4925,-96.0999,16.0995,81.0449,55.1688,0.956237,-1.46483,-36.6233,12.1091,3.01814,9.80839,-0.389299,-0.602076,-0.389299,0.654475,0.355927,0.66473,-0.693447,-0.130437,-0.623804,0.139228,-0.16285,0.888474,-0.688137,-0.0557883,-0.721463,0.213751,-0.721335,-0.00238044,0.0863709,-0.060185,0.712575
66.96,0,,45.4173,10.4664,-2.59697,-0.732053,-0.321457,-3.62326,44.6208,7.99625,-0.566671,4.71219,-3.27837,-6.10893,-5.28732,4.26008,8.02924,8.02924,5.28089,-5.28089,-3.92313,3.92313,8.41604,1.31907,4.15235,0.104378,-12.4722,5.13985,-17.0899,25.3878,-108.896,-57.1251,-196.295,-31.7328,-83.0055,-93.7359,-59.0985,-202.714,-74.2697,-206.084,-27.8189,103.534,37.1034,-6.36105,20.0389,-55.1747,15.7418,1.4203,-6.3054,-0.389439,-0.601861,-0.390355,0.654885,0.357138,0.663369,-0.694365,-0.137579,-0.626492,0.131719,-0.156562,0.888648,-0.688957,-0.0537761,-0.72082,0.214003,-0.721237,-0.00317403,0.0863105,-0.0601244,0.712642
66.97,0,,45.7746,10.2399,-2.84466,-0.598928,-0.263128,-3.67404,43.5337,7.85031,-0.946194,4.80205,-3.22267,-6.13111,-5.60147,4.16813,8.03044,8.03044,5.37699,-5.37699,-4.02471,4.02471,7.38228,1.31655,4.13144,0.125254,-12.9831,5.12079,-3.41402,11.725,-149.904,-71.3067,-178.7,-55.6633,-70.3346,-37.1129,-47.8417,-187.398,-58.5678,-290.478,-40.0514,93.7496,37.5977,-29.3107,-6.8554,-33.1933,12.7145,-5.85875,2.38204,-0.389551,-0.601662,-0.391382,0.655564,0.358424,0.661729,-0.694754,-0.145152,-0.629258,0.124516,-0.151189,0.888579,-0.689826,-0.0516973,-0.7201,0.21412,-0.721099,-0.00415056,0.0863719,-0.0599415,0.712766
66.98,0,,46.1031,10.0251,-3.11439,-0.493685,-0.229427,-3.66102,42.3905,7.70655,-1.51496,4.90063,-3.1635,-6.17547,-5.93881,4.05319,8.04164,8.04164,5.46099,-5.46099,-4.12629,4.12629,6.52856,1.30902,4.15931,0.158215,-13.5213,5.14197,-12.2071,-11.725,-143.072,-83.0065,-156.716,-33.1957,-79.0861,48.3349,-19.0469,-161.721,-9.26408,-286.666,-38.0784,99.628,45.4106,4.86433,-72.7727,-40.0533,-4.84362,5.85875,0,-0.389504,-0.6015,-0.392189,0.656421,0.359646,0.659961,-0.694822,-0.152967,-0.632073,0.118169,-0.14704,0.888163,-0.690584,-0.049746,-0.719455,0.21412,-0.721037,-0.00531027,0.0864302,-0.0596344,0.712866
66.99,0,,46.422,9.82872,-3.40759,-0.395276,-0.213873,-3.62456,41.1991,7.57803,-2.35242,5.01045,-3.19091,-6.20527,-6.27857,3.93198,8.07245,8.07245,5.53929,-5.53929,-4.22584,4.22584,5.93562,1.3065,4.31955,0.179091,-14.0703,5.17797,-27.3519,-1.46152,-85.9322,-62.975,-124.998,23.4429,-108.884,107.452,43.9262,-95.2756,-14.6027,-186.483,-32.7119,101.562,63.476,49.8075,-98.1435,-63.9525,-3.02726,2.48553,-11.7701,-0.389377,-0.601248,-0.392978,0.657513,0.360802,0.658001,-0.694747,-0.160838,-0.634868,0.112676,-0.144965,0.887308,-0.691334,-0.047855,-0.718801,0.214128,-0.720943,-0.00665336,0.0864916,-0.0594515,0.71293
67,0,,46.6896,9.62445,-3.72001,-0.32967,-0.237204,-3.59722,39.9355,7.46041,-3.53803,5.10904,-3.30404,-6.22537,-6.59078,3.82644,8.09566,8.09566,5.60481,-5.60481,-4.32742,4.32742,5.66864,1.32409,4.64004,0.20546,-14.603,5.21397,-44.4418,2.92304,-74.2185,-59.0751,-66.4068,40.0407,-140.615,131.802,116.688,18.4695,-164.555,189.477,-30.2654,107.896,51.7566,22.4508,-97.1474,-45.4011,-8.77906,-4.97106,-10.2288,-0.389321,-0.601011,-0.393655,0.658855,0.361595,0.655986,-0.694443,-0.168773,-0.637798,0.108341,-0.145452,0.886016,-0.691945,-0.0460849,-0.718253,0.214237,-0.720714,-0.00793469,0.0867347,-0.0592677,0.712983
67.01,0,,46.914,9.41363,-4.01367,-0.274725,-0.361639,-3.56988,38.6398,7.36674,-4.94635,5.22634,-3.34711,-6.23716,-6.79232,3.7324,8.09886,8.09886,5.66429,-5.66429,-4.42901,4.42901,5.62518,1.33414,4.93614,0.215348,-15.0949,5.26056,-63.9732,1.46152,-93.2653,-95.1938,-19.5153,42.4789,-208.964,76.6463,157.229,380.877,-530.722,887.767,-31.7254,101.069,35.1581,24.4048,-130.839,-39.0575,-15.1363,-6.92398,-15.1329,-0.389362,-0.600859,-0.394245,0.660137,0.362022,0.654216,-0.694129,-0.176218,-0.640842,0.105717,-0.146917,0.884495,-0.692491,-0.0443756,-0.717761,0.214429,-0.720502,-0.0092779,0.0868562,-0.0592063,0.712978
67.02,0,,47.1127,9.20411,-4.29513,-0.250669,-0.591066,-3.50869,37.31,7.29922,-6.04519,5.36112,-3.00861,-6.22191,-6.81939,3.63627,8.10126,8.10126,5.71301,-5.71301,-4.53262,4.53262,5.24955,1.35173,4.80376,0.227434,-15.5162,5.3368,-73.2426,30.7576,-104.979,-138.182,35.1458,57.1262,-217.769,-11.7353,199.238,779.774,-475.137,1150.48,-32.7119,101.069,25.8783,22.9497,-113.788,-47.3558,-1.51363,9.76458,-5.32456,-0.389366,-0.600743,-0.394677,0.661345,0.362015,0.652739,-0.693877,-0.183235,-0.643887,0.103765,-0.144356,0.883715,-0.692912,-0.042605,-0.717388,0.214615,-0.720083,-0.010804,0.0870384,-0.0591446,0.712909
67.03,0,,47.2985,8.99984,-4.55127,-0.231808,-0.865861,-3.46443,35.9883,7.24912,-6.2637,5.5246,-2.54655,-6.22121,-6.73432,3.56208,8.10526,8.10526,5.75468,-5.75468,-4.63827,4.63827,3.98606,1.35173,4.41013,0.241717,-15.8776,5.4194,-74.7115,69.3319,-111.81,-153.826,88.3901,48.8363,-117.69,-110.385,214.37,762.205,-210.876,921.797,-34.6849,103.534,33.1969,-16.5886,-70.3118,2.91364,-9.38452,-3.90583,-5.88504,-0.389366,-0.600621,-0.395042,0.662394,0.361534,0.651652,-0.69354,-0.189958,-0.646844,0.097418,-0.135933,0.884392,-0.693328,-0.0408953,-0.717011,0.215042,-0.719654,-0.0122689,0.0870997,-0.0590227,0.71285
67.04,0,,47.4684,8.79688,-4.77456,-0.235361,-1.17824,-3.46443,34.7327,7.20338,-5.73885,5.6781,-2.3264,-6.22191,-6.60238,3.50879,8.11126,8.11126,5.77853,-5.77853,-4.73985,4.73985,2.02718,1.36681,4.09661,0.246112,-16.2391,5.47022,-70.8012,92.2893,-101.081,-145.494,107.403,41.9913,-0.483215,-132.829,108.408,419.393,114.78,192.744,-24.4254,94.2427,31.2517,7.8162,-40.5465,-0.479459,-23.0072,0,-16.1138,-0.38962,-0.60033,-0.395479,0.663422,0.36049,0.650848,-0.693351,-0.195816,-0.649585,0.0855169,-0.124582,0.88575,-0.693718,-0.0390655,-0.716669,0.215584,-0.719263,-0.0136723,0.0872247,-0.0590247,0.712752
67.05,0,,47.6174,8.5926,-4.9683,-0.244109,-1.52303,-3.46312,33.5554,7.17288,-5.02685,5.84906,-2.28724,-6.19973,-6.47962,3.44401,8.12886,8.12886,5.79063,-5.79063,-4.83737,4.83737,-0.0279396,1.38942,3.87366,0.247211,-16.6386,5.50411,-73.2426,90.8278,-103.512,-94.7063,109.871,30.7575,15.1407,-62.4906,32.2207,291.458,256.411,-305.178,-4.89298,88.8574,18.0654,14.6346,-4.39449,-1.47526,-23.3099,-0.532614,-30.8264,-0.389982,-0.599897,-0.395964,0.664384,0.358713,0.650468,-0.693447,-0.200691,-0.651942,0.0722054,-0.113343,0.886728,-0.694176,-0.0370496,-0.716271,0.216135,-0.718721,-0.0153205,0.0874063,-0.0590847,0.712618
67.06,0,,47.728,8.36738,-5.13296,-0.252036,-1.83153,-3.48265,32.3941,7.11625,-4.46018,5.97635,-2.4169,-6.20943,-6.50476,3.36355,8.14087,8.14087,5.8118,-5.8118,-4.93083,4.93083,-1.89058,1.43967,3.79703,0.265889,-17.1414,5.49776,-58.5941,89.8425,-98.63,-74.7191,102.558,28.8069,-42.9524,18.5565,38.5833,180.641,219.198,-556.726,-3.43297,84.9511,20.5049,15.6324,-11.2499,-5.3847,0,8.34428,-2.38204,-0.390475,-0.599416,-0.39664,0.665265,0.356407,0.650433,-0.693646,-0.205274,-0.653971,0.0590221,-0.104006,0.886735,-0.694607,-0.0347914,-0.715909,0.216568,-0.718313,-0.016969,0.0878948,-0.0590848,0.712497
67.07,0,,47.7873,8.11989,-5.2493,-0.269531,-2.16076,-3.50218,31.1746,7.06833,-4.35354,6.11612,-2.62443,-6.22121,-6.66521,3.27264,8.14367,8.14367,5.8155,-5.8155,-5.02428,5.02428,-3.29067,1.49997,3.87715,0.286765,-17.7502,5.47658,-51.2698,68.363,-108.896,-71.7942,100.09,39.5531,-73.7171,88.8951,85.9355,260.15,69.8732,-392.022,2.44649,82.524,6.346,-3.9081,-50.2729,-7.33942,-6.35725,8.87689,-9.80839,-0.391202,-0.598859,-0.397306,0.666061,0.353601,0.65074,-0.693714,-0.209854,-0.655991,0.0477936,-0.0979677,0.885616,-0.695099,-0.0324111,-0.715485,0.216991,-0.71787,-0.0188608,0.0884439,-0.0590847,0.712312
67.08,0,,47.8386,7.86062,-5.36423,-0.275545,-2.54962,-3.54124,29.9331,7.01387,-4.58146,6.27086,-2.69361,-6.25448,-6.8624,3.1786,8.14887,8.14887,5.82356,-5.82356,-5.11977,5.11977,-4.35548,1.55022,3.93985,0.313134,-18.4242,5.43634,-57.6215,43.9441,-115.728,-88.8564,72.2568,75.6746,-44.4558,128.942,117.667,482.46,-44.9072,-279.86,4.89298,79.6038,-10.7467,-22.9497,-66.386,1.47526,-22.4017,-1.06523,-26.903,-0.391948,-0.598268,-0.398052,0.666842,0.350542,0.651155,-0.693377,-0.214239,-0.658403,0.0389411,-0.0936294,0.883742,-0.69565,-0.0299086,-0.714999,0.217537,-0.717493,-0.0207527,0.0889326,-0.0590239,0.712193
67.09,0,,47.8914,7.57516,-5.4876,-0.286753,-3.03959,-3.59332,28.7397,6.94853,-4.71424,6.41687,-2.63009,-6.33765,-7.01126,3.0971,8.13407,8.13407,5.82591,-5.82591,-5.21526,5.21526,-5.48548,1.60549,3.91895,0.357083,-19.1336,5.39398,-67.3872,20.0179,-139.155,-83.9815,43.9665,77.6432,18.5769,117.647,148.419,441.016,-46.3204,-343.836,-21.466,82.524,8.78555,-36.628,-98.1435,-30.7592,16.0445,2.48553,-2.38204,-0.39279,-0.597762,-0.398711,0.667578,0.347248,0.651647,-0.692629,-0.217976,-0.661315,0.030092,-0.0886278,0.881639,-0.696182,-0.0275885,-0.714493,0.218215,-0.71727,-0.0225845,0.0895431,-0.0588409,0.712072
67.1,0,,47.9363,7.25696,-5.59315,-0.306708,-3.65787,-3.68185,27.6185,6.86793,-4.89198,6.57536,-2.55699,-6.47281,-7.07602,3.05844,8.10526,8.10526,5.81281,-5.81281,-5.31075,5.31075,-6.50373,1.65323,3.93288,0.420808,-19.862,5.3601,-72.27,5.8625,-166.017,-119.613,18.0528,46.38,59.0596,58.6033,132.309,473.675,-84.0048,-240.114,-38.0784,86.9232,15.6258,14.6346,-95.2139,-35.1481,-0.908179,5.32614,3.92336,-0.393698,-0.597323,-0.399192,0.668124,0.343584,0.652437,-0.691707,-0.220721,-0.664544,0.0217292,-0.0844752,0.879299,-0.69677,-0.0251484,-0.713922,0.219249,-0.717138,-0.0241711,0.0901545,-0.0584753,0.711958
67.11,0,,47.986,6.93091,-5.67853,-0.335684,-4.36041,-3.82115,26.5735,6.77209,-5.08644,6.74133,-2.55525,-6.60103,-7.05862,3.08038,8.09005,8.09005,5.79231,-5.79231,-5.4042,5.4042,-7.41953,1.70097,4.03391,0.47025,-20.5795,5.33257,-68.3598,3.41569,-168.449,-132.819,9.7805,36.6272,52.2409,-6.82115,85.4461,459.035,-101.12,-337.847,-32.2384,103.989,31.746,20.4967,-71.7766,-11.2489,-12.1091,-3.90583,-17.515,-0.394621,-0.596784,-0.399687,0.668566,0.339746,0.653367,-0.690767,-0.222484,-0.667878,0.0134281,-0.0813008,0.876853,-0.69738,-0.0225847,-0.713311,0.220593,-0.716958,-0.0255141,0.0907009,-0.0582293,0.711752
67.12,0,,48.0469,6.60355,-5.75875,-0.367393,-5.1135,-3.97348,25.6008,6.66318,-5.36873,6.87985,-2.71711,-6.72509,-6.95664,3.11591,8.08365,8.08365,5.76644,-5.76644,-5.49359,5.49359,-8.18011,1.77383,4.2882,0.535074,-21.2671,5.30292,-56.1527,0.968873,-178.213,-104.013,-10.7403,37.1149,18.5769,-69.3117,54.6937,464.891,-165.968,-286.666,-17.086,120.107,30.279,16.5886,-49.3354,0.958919,-2.42181,-8.34428,-8.26707,-0.395543,-0.596183,-0.400182,0.66899,0.336021,0.654218,-0.690061,-0.223408,-0.671016,0.00518808,-0.0796523,0.874405,-0.698017,-0.019898,-0.712666,0.221938,-0.71666,-0.0267351,0.0914976,-0.0579261,0.711532
67.13,0,,48.0581,6.24214,-5.81035,-0.419058,-5.84845,-4.12711,24.6541,6.54338,-5.74721,7.02836,-3.00165,-6.84708,-6.816,3.14099,8.06405,8.06405,5.72544,-5.72544,-5.58299,5.58299,-8.78236,1.84167,4.65049,0.605392,-21.8895,5.25633,-43.4494,-2.44682,-163.084,-63.95,-12.2028,37.1149,15.1407,-133.783,36.6256,466.693,-285.616,-363.709,-3.90649,123.065,36.625,38.0832,-40.5465,10.2531,6.96271,4.97106,0.980839,-0.396572,-0.595622,-0.40054,0.669407,0.332537,0.655002,-0.689545,-0.22407,-0.673736,-0.00262468,-0.0792286,0.872125,-0.698646,-0.0170297,-0.712014,0.223341,-0.716292,-0.0279558,0.0922904,-0.0575594,0.711405
67.14,0,,48.0501,5.87942,-5.8202,-0.478377,-6.57561,-4.26641,23.7194,6.41704,-6.20619,7.19184,-3.30012,-6.98986,-6.61398,3.16815,8.05725,8.05725,5.67672,-5.67672,-5.67035,5.67035,-9.26044,1.90197,5.04064,0.674611,-22.4276,5.2288,-20.504,-1.95417,-140.622,-82.0315,-11.7,46.38,17.0736,-198.767,1.46829,517.146,-393.017,-266.248,14.166,120.107,47.8501,79.1182,-69.3157,42.4875,-38.1435,1.4203,-63.4743,-0.397546,-0.595007,-0.400842,0.669706,0.329299,0.65585,-0.689003,-0.224622,-0.676246,-0.00964371,-0.0794691,0.870131,-0.699297,-0.0140384,-0.711322,0.224799,-0.716026,-0.0292978,0.0930227,-0.0571931,0.711221
67.15,0,,48.0228,5.52064,-5.79299,-0.54535,-7.23927,-4.37447,22.8429,6.29506,-6.61917,7.33535,-3.51114,-7.10144,-6.3617,3.19114,8.04844,8.04844,5.62363,-5.62363,-5.75974,5.75974,-9.70747,1.98237,5.33674,0.736139,-22.8407,5.22456,-0.972599,10.2471,-114.261,-75.2066,-9.27776,57.6138,13.6911,-249.522,-28.7947,564.897,-430.701,-270.604,33.6984,121.093,53.2235,111.797,-133.299,-6.82308,-29.3645,-9.76458,-29.2851,-0.398529,-0.594406,-0.401093,0.669853,0.326259,0.65679,-0.688414,-0.225178,-0.678464,-0.0156259,-0.0792284,0.868582,-0.699916,-0.0109867,-0.710659,0.226026,-0.715676,-0.0307634,0.0938755,-0.0569479,0.710903
67.16,0,,48.0036,5.15923,-5.7442,-0.618883,-7.78237,-4.47342,22.0848,6.20575,-6.89728,7.48385,-3.62382,-7.20125,-6.1186,3.20682,8.02804,8.02804,5.55978,-5.55978,-5.8471,5.8471,-10.2011,2.08036,5.5144,0.809753,-23.1315,5.21821,4.88284,28.8035,-96.6809,-52.7377,9.7805,37.6025,20.0266,-257.297,-45.8839,582.916,-373.076,-311.168,19.5324,121.093,52.7292,57.6237,-132.303,-51.2653,-3.02726,20.9495,-22.4192,-0.399568,-0.593859,-0.401216,0.669842,0.323446,0.657756,-0.687678,-0.226032,-0.680354,-0.0209356,-0.0780661,0.867517,-0.700533,-0.00793494,-0.709994,0.22731,-0.715136,-0.0323508,0.094914,-0.0566432,0.710604
67.17,0,,47.9812,4.80437,-5.66211,-0.704444,-8.1829,-4.58929,21.4329,6.12951,-7.0562,7.68852,-3.74652,-7.28581,-5.92721,3.25906,8.01003,8.01003,5.48888,-5.48888,-5.93446,5.93446,-10.7133,2.13312,5.66767,0.84711,-23.3272,5.23727,14.6485,47.8525,-93.7477,-72.7692,29.2958,23.4429,9.77168,-259.791,-72.2723,546.878,-275.41,-409.718,1.93351,123.52,26.8509,15.1335,-106.464,-41.0122,-13.32,7.27905,-0.980839,-0.400602,-0.593304,-0.401274,0.669655,0.320758,0.658851,-0.68692,-0.227244,-0.681793,-0.0260637,-0.0766039,0.866876,-0.701118,-0.00476079,-0.709358,0.228834,-0.714641,-0.0338765,0.0954636,-0.0565213,0.71024
67.18,0,,47.9555,4.45082,-5.54014,-0.790825,-8.4227,-4.74682,20.8773,6.07724,-7.1963,7.90815,-3.99016,-7.38631,-5.80542,3.32385,7.99163,7.99163,5.40723,-5.40723,-6.02386,6.02386,-11.1417,2.1884,5.94287,0.86359,-23.4142,5.23303,10.2619,57.6233,-110.344,-21.9814,73.7194,41.5036,-7.30191,-253.923,-81.0412,489.217,-238.354,-526.78,-11.246,121.093,26.8509,14.1772,-63.9837,-45.4011,11.8063,6.39136,8.82755,-0.401823,-0.592632,-0.401395,0.669401,0.318251,0.65994,-0.68617,-0.228825,-0.682813,-0.0313133,-0.0759943,0.86658,-0.701725,-0.00170899,-0.708683,0.230604,-0.714276,-0.0354635,0.0959517,-0.0565822,0.709872
67.19,0,,47.9379,4.10643,-5.42099,-0.874746,-8.5251,-4.91347,20.4301,6.04456,-7.42631,8.13777,-4.37913,-7.50621,-5.74936,3.39594,7.97122,7.97122,5.31012,-5.31012,-6.11122,6.11122,-11.3807,2.24618,6.37134,0.897651,-23.4251,5.22668,0.496224,64.4547,-141.606,14.1816,108.865,14.6473,8.80525,-252.896,-89.8509,443.944,-248.089,-565.982,-37.0919,84.9511,25.8783,-6.81838,-66.386,-54.6953,10.5954,8.34428,19.0563,-0.403169,-0.591904,-0.40146,0.669223,0.315873,0.660861,-0.685628,-0.230658,-0.683308,-0.0361336,-0.0769059,0.866534,-0.702383,0.00103767,-0.707937,0.232431,-0.713894,-0.0371108,0.0965009,-0.0565211,0.709444
67.2,0,,47.9091,3.74109,-5.26384,-0.965501,-8.54972,-5.09704,20.0349,6.00971,-7.86857,8.38611,-4.93082,-7.63374,-5.69184,3.48163,7.94122,7.94122,5.19487,-5.19487,-6.19858,6.19858,-11.3404,2.29392,6.99837,0.913033,-23.3435,5.21821,18.0625,54.1912,-180.182,-59.5626,114.258,12.6967,58.5764,-229.499,-78.5941,465.342,-321.26,-537.669,-20.9924,52.7531,42.971,8.77243,-53.7299,-51.7447,-4.84362,3.37322,-0.980839,-0.404636,-0.591175,-0.401401,0.668902,0.313607,0.661882,-0.685321,-0.232672,-0.683368,-0.0401642,-0.0799621,0.866826,-0.703086,0.00366222,-0.707115,0.234447,-0.713594,-0.0387591,0.0969285,-0.0565823,0.709019
67.21,0,,47.8978,3.40195,-5.13014,-1.05544,-8.49658,-5.27801,19.71,5.9705,-8.41851,8.60824,-5.47293,-7.74533,-5.60678,3.58089,7.94242,7.94242,5.07491,-5.07491,-6.28797,6.28797,-11.1014,2.3693,7.66721,0.921822,-23.1506,5.2288,30.2697,50.2993,-168.95,-54.2002,106.946,42.4789,92.7772,-201.627,-24.9201,548.905,-340.887,-450.553,17.5595,35.1561,65.4372,40.5361,-21.9724,-54.2158,1.81636,-6.92398,5.88504,-0.405973,-0.590312,-0.401334,0.668759,0.311367,0.662716,-0.684973,-0.234815,-0.683264,-0.0428496,-0.0840512,0.867553,-0.703841,0.00622598,-0.706221,0.236462,-0.713232,-0.0403463,0.097541,-0.0567667,0.708546
67.22,0,,47.9139,3.06149,-5.01005,-1.14892,-8.37085,-5.46418,19.4914,5.93783,-8.97264,8.83911,-5.98068,-7.8583,-5.44633,3.68434,7.95202,7.95202,4.96167,-4.96167,-6.3794,6.3794,-10.7754,2.45472,8.31514,0.919625,-22.8163,5.24786,35.6487,32.7118,-140.139,-78.1316,71.2971,59.5644,76.1869,-188.499,26.3476,578.636,-340.887,-413.529,45.8914,25.8646,89.8485,76.6652,11.2499,-17.0761,-24.8236,-3.90583,-14.1521,-0.407262,-0.589407,-0.401341,0.668669,0.3094,0.663358,-0.68466,-0.236887,-0.683012,-0.044496,-0.0883206,0.868802,-0.704557,0.00897253,-0.705351,0.2386,-0.712869,-0.0420556,0.098209,-0.0570699,0.708033
67.23,0,,47.9651,2.74984,-4.88527,-1.23941,-8.19327,-5.63213,19.363,5.91387,-9.45253,9.04751,-6.37443,-7.96227,-5.16698,3.76793,7.99043,7.99043,4.86187,-4.86187,-6.47488,6.47488,-10.4463,2.5703,8.82373,0.919625,-22.3243,5.26692,51.7661,14.6481,-113.779,-64.925,27.8333,104.987,37.5834,-179.697,45.8839,592.826,-302.26,-395.561,95.2157,24.9165,89.3543,110.341,28.3005,19.0309,12.1091,7.81167,-1.4012,-0.40842,-0.588366,-0.401522,0.668539,0.307627,0.663962,-0.684423,-0.238721,-0.682653,-0.044924,-0.0918622,0.870647,-0.705244,0.0119636,-0.704511,0.240619,-0.712457,-0.0439487,0.0991268,-0.0574374,0.707499
67.24,0,,48.0148,2.4526,-4.75627,-1.32852,-7.97032,-5.75972,19.3069,5.90516,-9.81637,9.29336,-6.64592,-8.07108,-4.78082,3.81391,8.04644,8.04644,4.76442,-4.76442,-6.5724,6.5724,-10.1576,2.66829,9.13377,0.928415,-21.7047,5.29657,67.8636,14.6481,-79.1008,-26.8563,-5.39298,118.172,7.30191,-200.674,66.8886,604.539,-250.444,-361.259,118.655,25.4095,75.6896,160.149,12.1874,58.6047,-1.51363,19.5292,-4.9042,-0.409502,-0.587244,-0.40175,0.668489,0.306045,0.664461,-0.684559,-0.240191,-0.681934,-0.0440071,-0.0941789,0.873002,-0.705964,0.0152595,-0.703644,0.242508,-0.71202,-0.0462065,0.09992,-0.0576814,0.706948
67.25,0,,48.0629,2.18547,-4.63336,-1.41518,-7.70849,-5.79227,19.3209,5.93565,-10.0297,9.58288,-6.76035,-8.14594,-4.33135,3.78569,8.11006,8.11006,4.67941,-4.67941,-6.66586,6.66586,-9.94962,2.73612,9.20692,0.933908,-21.0062,5.34527,80.0707,39.0669,-78.1167,-27.3438,-33.6833,116.691,14.1743,-230.966,34.1784,598.232,-86.9882,-316.34,131.834,27.3436,64.4486,161.147,-29.7653,34.1891,0,13.6704,16.5341,-0.410361,-0.586212,-0.401938,0.668427,0.304824,0.664887,-0.684986,-0.241412,-0.680897,-0.0418728,-0.0949158,0.875728,-0.706629,0.0186774,-0.702845,0.244036,-0.711478,-0.0489538,0.100467,-0.0578634,0.706446
67.26,0,,48.0661,1.91572,-4.46917,-1.4868,-7.40777,-5.81961,19.3911,5.98357,-10.153,9.92481,-6.86173,-8.20485,-3.86641,3.73763,8.16247,8.16247,4.59742,-4.59742,-6.7329,6.7329,-9.73852,2.75622,9.22085,0.932809,-20.2398,5.3601,81.5395,76.6559,-74.701,-41.5254,-35.6485,108.888,49.3416,-257.297,-13.6632,570.753,8.79303,-264.07,147.934,51.7671,62.009,178.692,-74.7063,10.7325,0,16.6886,14.1521,-0.411274,-0.585232,-0.402179,0.668322,0.303977,0.665331,-0.685709,-0.242202,-0.679605,-0.0392484,-0.0953438,0.878543,-0.707333,0.0223407,-0.702023,0.245493,-0.710905,-0.051821,0.100592,-0.057987,0.705977
67.27,0,,48.0228,1.64336,-4.26886,-1.54037,-7.05521,-5.84955,19.5295,6.05763,-10.2011,10.3129,-6.9705,-8.24436,-3.45706,3.67911,8.19928,8.19928,4.50703,-4.50703,-6.79792,6.79792,-9.50258,2.74115,9.24524,0.920724,-19.4625,5.36222,79.5943,110.353,-96.6809,-83.0065,-26.8735,86.9084,28.2949,-271.013,-60.0774,545.301,52.7582,-232.491,152.827,73.7254,62.5033,199.23,-81.0343,25.3745,7.26543,10.8298,5.88504,-0.412326,-0.584276,-0.402376,0.66825,0.303545,0.665687,-0.68642,-0.242805,-0.678241,-0.0365,-0.0959497,0.881309,-0.708164,0.0260633,-0.701084,0.246967,-0.71026,-0.0548138,0.100406,-0.0581075,0.70553
67.28,0,,47.9475,1.39587,-4.02024,-1.58958,-6.63654,-5.92116,19.696,6.18179,-10.2126,10.7547,-7.09754,-8.26792,-3.14678,3.60492,8.24369,8.24369,4.4022,-4.4022,-6.87512,6.87512,-9.22629,2.70346,9.31143,0.916329,-18.696,5.31986,88.8638,148.927,-112.312,-152.851,-31.261,35.6519,-7.30191,-200.161,-86.4249,534.264,78.6662,-233.852,168.926,98.6419,73.2501,244.131,-75.7024,20.9856,-8.17361,32.667,7.28623,-0.413603,-0.58311,-0.402677,0.668299,0.303417,0.665918,-0.686999,-0.243425,-0.676866,-0.0338143,-0.0969873,0.883873,-0.709058,0.0296636,-0.700085,0.248611,-0.709393,-0.0579259,0.10004,-0.0581072,0.705222
67.29,0,,47.8049,1.13398,-3.77349,-1.61773,-6.13361,-6.0149,19.9026,6.31684,-10.1488,11.2264,-7.22589,-8.2499,-2.9781,3.50357,8.2769,8.2769,4.28728,-4.28728,-6.95232,6.95232,-8.92827,2.63813,9.3811,0.903144,-17.9758,5.23092,99.1257,151.374,-153.319,-131.844,-16.1332,3.41348,4.88584,-88.8951,-69.8252,676.164,203.653,-414.073,184.552,103.041,66.8881,248.538,-104.003,46.3969,-11.8063,20.9495,-11.2096,-0.415115,-0.581869,-0.40303,0.668789,0.303723,0.665676,-0.687532,-0.243969,-0.675386,-0.0311293,-0.09821,0.886087,-0.710097,0.0332038,-0.698927,0.250196,-0.708349,-0.0610993,0.0994312,-0.0581083,0.705052
67.3,0,,47.6334,0.877331,-3.56521,-1.61773,-5.58791,-6.11124,20.1533,6.48674,-10.0621,11.7418,-6.92699,-8.20832,-3.03175,3.37923,8.30771,8.30771,4.16698,-4.16698,-7.02343,7.02343,-8.58368,2.55773,8.99443,0.891058,-17.4431,5.1102,139.657,168.453,-160.652,-29.7813,16.5903,16.5978,104.482,6.38108,8.76893,264.204,888.724,-1454.57,173.819,130.878,88.3816,213.864,-122.577,17.0761,12.1091,22.0147,8.26707,-0.416705,-0.580592,-0.403399,0.669724,0.304403,0.664902,-0.6883,-0.244225,-0.67365,-0.0253314,-0.0975412,0.887332,-0.711284,0.0365622,-0.697612,0.251854,-0.707097,-0.0644591,0.0986979,-0.0580468,0.704985
67.31,0,,47.4283,0.627226,-3.35505,-1.62621,-5.12387,-6.23232,20.4361,6.661,-10.9079,12.3159,-7.56874,-8.17089,-3.13228,3.24966,8.35732,8.35732,4.02283,-4.02283,-7.07016,7.07016,-7.18049,2.4296,9.77822,0.885565,-16.9811,4.94713,180.665,143.557,-163.566,27.8313,54.7068,27.344,336.425,115.74,18.5575,375.472,240.238,-227.591,162.613,187.992,83.9809,212.908,-160.135,14.642,-14.5309,26.4531,-0.42036,-0.418369,-0.579149,-0.40372,0.670933,0.30513,0.663913,-0.689308,-0.243483,-0.671973,-0.0203259,-0.108405,0.887623,-0.712549,0.0399184,-0.696191,0.25367,-0.705772,-0.0678123,0.0975985,-0.0578023,0.705041
67.32,0,,47.228,0.422952,-3.12425,-1.61883,-4.83223,-6.4211,20.7951,6.87447,-12.173,12.9473,-8.42542,-8.11613,-3.10956,3.12531,8.44414,8.44414,3.88641,-3.88641,-7.11689,7.11689,-5.22471,2.27131,10.9417,0.861393,-16.5299,4.72477,223.638,112.8,-140.622,27.3438,103.015,59.5644,378.894,125.495,64.9309,426.826,-638.122,609.268,134.754,213.857,69.3436,228.499,-173.319,-28.325,-16.9527,13.1378,4.9042,-0.420079,-0.577379,-0.404391,0.672278,0.305925,0.662817,-0.690299,-0.240863,-0.67101,-0.0142221,-0.124214,0.887018,-0.713807,0.0430335,-0.694762,0.25581,-0.704318,-0.0711703,0.0961964,-0.0576202,0.705237
67.33,0,,47.0758,0.286769,-2.90564,-1.60215,-4.61965,-6.66586,21.2243,7.09229,-11.6711,13.6137,-8.33014,-8.07386,-3.10376,3.0156,8.59618,8.59618,3.76107,-3.76107,-7.17377,7.17377,-5.01982,2.08287,10.7745,0.841616,-16.2527,4.48334,221.673,38.5743,-111.81,62.975,153.334,101.556,241.715,112.292,87.8932,-671.434,221.239,-41.1079,136.727,219.242,75.1953,204.094,-119.647,-27.8455,-9.38452,12.7827,0,-0.421667,-0.575184,-0.405431,0.673888,0.306973,0.661375,-0.691189,-0.237131,-0.670497,-0.0114753,-0.124275,0.887019,-0.715053,0.0459001,-0.693323,0.258129,-0.702851,-0.0744052,0.0945486,-0.0573151,0.705482
67.34,0,,46.9556,0.218678,-2.72973,-1.57591,-4.37337,-6.91453,21.6275,7.33625,-11.7966,14.3462,-7.99556,-8.06207,-3.20139,2.89857,8.80103,8.80103,3.64111,-3.64111,-7.23472,7.23472,-4.16611,1.83664,10.4749,0.846011,-16.0489,4.24615,218.259,-27.8346,-101.081,124.532,189.44,149.904,155.756,256.343,40.541,-429.754,447.816,-209.895,124.495,210.937,90.3269,203.138,-57.1283,-31.2386,-13.6227,0,-15.6934,-0.423125,-0.572672,-0.406705,0.675894,0.30819,0.659474,-0.692294,-0.23341,-0.66971,-0.00347914,-0.12708,0.886081,-0.716296,0.0484042,-0.691881,0.260452,-0.701394,-0.0777631,0.0925314,-0.0566419,0.705705
67.35,0,,46.8707,0.199036,-2.61808,-1.53682,-3.99099,-7.15929,21.9243,7.58674,-13.0324,15.1574,-8.01862,-8.11405,-3.43144,2.75855,9.0471,9.0471,3.53829,-3.53829,-7.30177,7.30177,-2.26932,1.51253,10.6735,0.926217,-15.8504,4.00896,198.251,-100.09,-104.979,165.526,175.272,142.084,128.911,476.527,120.114,15.5414,271.485,86.0271,109.382,188.978,116.699,205.092,-67.8509,-72.2509,6.35725,-7.81167,-22.9797,-0.424386,-0.569957,-0.408211,0.678262,0.309466,0.657143,-0.693652,-0.23079,-0.668259,0.00817886,-0.138003,0.883988,-0.7175,0.0505393,-0.69046,0.262711,-0.699872,-0.0811817,0.090155,-0.0551185,0.705981
67.36,0,,46.8034,0.204274,-2.50737,-1.51495,-3.62547,-7.34417,22.1088,7.87209,-14.8704,16.0684,-8.29316,-8.26792,-3.68807,2.57987,9.30676,9.30676,3.45059,-3.45059,-7.37491,7.37491,0.127281,1.11555,11.203,1.12838,-15.6874,3.7993,136.223,-156.744,-106.446,168.45,172.85,76.1803,174.816,537.624,338.848,369.165,-397.413,726.602,103.502,162.128,133.298,217.274,-91.2881,-74.2056,6.96271,-29.8264,-14.7126,-0.425387,-0.567305,-0.4097,0.680513,0.311172,0.654755,-0.695022,-0.228765,-0.666701,0.0209361,-0.153328,0.880963,-0.718514,0.0524909,-0.689217,0.264904,-0.698211,-0.0849035,0.0875904,-0.0523711,0.706278
67.37,0,,46.7281,0.193798,-2.40839,-1.52042,-3.63972,-7.38713,22.2994,8.16833,-16.3414,16.9919,-8.20353,-8.41278,-3.70789,2.37298,9.54122,9.54122,3.36591,-3.36591,-7.45008,7.45008,2.14825,0.708528,11.4155,1.34812,-15.6575,3.70188,145.989,-137.695,-129.892,104.013,209.001,0.487641,266.09,419.464,386.73,615.125,-606.876,689.033,121.575,138.69,147.951,215.32,-107.401,-22.9403,-9.38452,0,-35.1701,-0.425938,-0.565171,-0.410617,0.682435,0.313566,0.652403,-0.696021,-0.225171,-0.666357,0.0331436,-0.165047,0.87797,-0.719403,0.0542635,-0.68809,0.266859,-0.696446,-0.0888717,0.0850255,-0.0494405,0.706511
67.38,0,,46.7249,0.223916,-2.4098,-1.55049,-4.10506,-7.24262,22.6343,8.50595,-17.0273,17.9615,-7.75365,-8.56457,-3.37151,2.13892,9.78208,9.78208,3.29031,-3.29031,-7.52525,7.52525,3.43968,0.268839,11.2587,1.59094,-15.7635,3.76753,125.009,-91.304,-187.997,85.444,240.216,-30.7575,283.701,178.744,243.164,506.335,-288.129,217.79,118.655,113.774,160.149,216.816,-143.084,-10.2531,1.51363,13.1378,-15.6934,-0.425688,-0.563575,-0.410855,0.684235,0.316542,0.649809,-0.696942,-0.21913,-0.667155,0.0430322,-0.170969,0.875904,-0.720209,0.0558514,-0.687064,0.268631,-0.694621,-0.0931451,0.0822822,-0.0462074,0.706662
67.39,0,,46.7794,0.247486,-2.52473,-1.6273,-4.89185,-6.91323,23.1438,8.8414,-17.1883,18.9648,-7.29638,-8.6117,-2.79977,1.92054,10.0137,10.0137,3.20597,-3.20597,-7.60448,7.60448,4.30581,-0.195976,11.0706,1.77662,-16.0081,4.03225,91.8014,-35.6513,-162.1,149.881,273.443,-85.9331,154.79,-66.3779,31.7313,212.85,-22.9247,-123.051,139.647,121.586,167.483,229.996,-195.291,-17.0761,5.44907,24.5002,-8.26707,-0.424714,-0.562603,-0.410187,0.685992,0.319955,0.646928,-0.697979,-0.211255,-0.668436,0.0502971,-0.174392,0.874522,-0.720977,0.0576195,-0.686063,0.270214,-0.692596,-0.0975385,0.0791044,-0.0433976,0.70663
67.4,0,,46.8066,0.26189,-2.6861,-1.68498,-5.76938,-6.50182,23.7034,9.22477,-17.2301,20.0193,-6.92438,-8.54516,-2.16664,1.71887,10.2026,10.2026,3.13742,-3.13742,-7.69388,7.69388,5.08502,-0.69094,10.9522,1.86672,-16.3342,4.40075,104.009,51.7608,-139.155,164.551,267.593,-102.531,0,-204.121,-125.987,-52.7057,43.9651,-17.151,151.367,148.437,161.137,276.851,-194.822,15.1214,16.6499,29.8264,12.1904,-0.42343,-0.562173,-0.409086,0.687562,0.32321,0.644223,-0.699206,-0.202834,-0.669601,0.0565809,-0.177616,0.87325,-0.721822,0.0594499,-0.685017,0.271866,-0.69047,-0.102057,0.075323,-0.0413239,0.706534
67.41,0,,46.8274,0.30772,-2.81229,-1.72352,-6.54191,-6.11124,24.2549,9.64952,-17.388,21.1088,-6.55282,-8.30881,-1.60843,1.5496,10.4118,10.4118,3.05173,-3.05173,-7.73451,7.73451,6.00081,-1.19093,10.8093,1.81728,-16.5761,4.72688,77.6292,147.466,-142.571,92.7563,180.665,-35.6519,-161.608,-222.164,-124.029,-106.988,50.2459,136.119,173.345,176.767,139.166,296.891,-134.764,102.051,13.6227,32.3119,47.3605,-0.42232,-0.561486,-0.408159,0.689088,0.326018,0.64172,-0.700641,-0.194707,-0.670245,0.0639689,-0.181408,0.871698,-0.722799,0.06122,-0.683858,0.273516,-0.688153,-0.106818,0.07099,-0.0404088,0.706238
67.42,0,,46.7457,0.319505,-2.90893,-1.71259,-7.12261,-5.77144,24.7343,10.1135,-18.0237,22.1882,-6.49582,-7.87979,-1.33391,1.39599,10.5667,10.5667,2.95865,-2.95865,-7.76702,7.76702,7.3978,-1.66077,11.0462,1.60083,-16.8778,4.99584,86.9186,215.336,-106.446,22.9564,23.4458,63.4836,-284.667,-261.258,-51.2677,555.211,-386.736,1319.81,204.084,209.003,120.606,330.068,-122.05,131.851,-31.1808,-3.90583,141.101,-0.421901,-0.560704,-0.407557,0.690783,0.327843,0.639449,-0.702257,-0.187269,-0.670333,0.0718406,-0.189581,0.868557,-0.723944,0.0629888,-0.682562,0.27492,-0.685773,-0.111946,0.0662899,-0.0409582,0.705689
67.43,0,,46.5534,0.312958,-3.00228,-1.64425,-7.57758,-5.44726,25.0933,10.6145,-18.8622,23.0855,-6.67986,-7.39947,-1.04006,1.22672,10.6915,10.6915,2.86289,-2.86289,-7.79749,7.79749,8.9531,-1.92709,11.5583,1.35691,-17.0028,5.19915,180.665,219.245,-159.668,22.4689,-173.809,77.6432,-158.226,-119.627,-105.961,1070.78,-529.309,-970.255,213.397,233.881,114.26,342.291,-149.881,152.357,-79.0116,-107.41,110.835,-0.421964,-0.559791,-0.407254,0.692796,0.328514,0.637373,-0.703839,-0.180431,-0.670207,0.078923,-0.199963,0.865284,-0.72531,0.0645778,-0.681058,0.276017,-0.683267,-0.117561,0.0631752,-0.0422999,0.704938
67.44,0,,46.3275,0.367955,-3.09704,-1.53846,-8.06883,-5.0684,25.3761,11.1481,-17.5448,23.6246,-6.27436,-7.12432,-0.522932,1.00938,10.848,10.848,2.7604,-2.7604,-7.82187,7.82187,8.23288,-1.83162,10.8337,1.34483,-17.1251,5.35375,198.251,182.624,-143.072,42.5004,-306.166,-14.6473,-6.8187,-42.9806,-44.4157,-292.584,314.037,-360.715,210.437,250.492,106.447,357.425,-205.545,147.932,-25.429,-108.476,-38.1126,-0.422033,-0.558641,-0.407078,0.695039,0.328872,0.635221,-0.705618,-0.173292,-0.669971,0.0789206,-0.192571,0.866296,-0.726906,0.0660435,-0.679357,0.276627,-0.680641,-0.123603,0.0638453,-0.0427873,0.704007
67.45,0,,46.039,0.424261,-3.22792,-1.37855,-8.61972,-4.62574,25.6008,11.7123,-17.4487,23.9678,-6.41924,-7.07857,-0.0111159,0.694862,10.9888,10.9888,2.67237,-2.67237,-7.84625,7.84625,8.77926,-1.53263,11.0671,1.57336,-17.2067,5.45328,162.603,156.744,-56.156,67.8499,-289.073,-90.8276,0.966429,-116.693,-55.1831,125.458,41.9239,507.723,166.519,259.784,122.073,357.425,-269.06,158.185,-20.5854,-54.6817,-28.8647,-0.422091,-0.5576,-0.406953,0.697616,0.329916,0.632426,-0.707175,-0.165838,-0.670064,0.0809993,-0.196486,0.86499,-0.728717,0.0675066,-0.677446,0.276868,-0.677949,-0.130133,0.0670801,-0.0418717,0.703151
67.46,0,,45.6144,0.424261,-3.3527,-1.13444,-9.11616,-4.17918,25.7371,12.3113,-17.02,24.0913,-6.22215,-7.13541,0.665506,0.268541,11.0664,11.0664,2.60684,-2.60684,-7.88079,7.88079,8.9531,-0.987416,10.886,1.89419,-17.0871,5.43422,90.3326,79.5954,-29.7762,63.4625,-119.651,-105.962,-95.1933,-188.939,-177.744,9.23475,-333.036,-142.653,75.2098,245.6,125.979,364.243,-300.29,138.674,-90.8179,36.5728,21.4383,-0.422516,-0.556742,-0.407073,0.700377,0.330961,0.629448,-0.708414,-0.158517,-0.670387,0.0834989,-0.196479,0.865019,-0.730796,0.0690939,-0.675253,0.276872,-0.675211,-0.137215,0.072695,-0.0408337,0.702536
67.47,0,,45.06,0.378431,-3.4803,-0.817614,-9.4117,-3.717,25.7813,12.9757,-16.4355,24.0651,-5.82753,-7.25185,1.26722,-0.267496,11.088,11.088,2.56484,-2.56484,-7.91939,7.91939,8.93758,-0.243713,10.3565,2.26335,-16.9023,5.31351,36.6213,20.0179,-40.0425,70.8192,151.369,-18.5484,-185.554,-305.192,-200.176,0.450476,-70.3442,-178.316,-23.4389,209.458,133.298,348.652,-261.208,160.139,-70.838,102.084,102.007,-0.423243,-0.556063,-0.407434,0.703247,0.331205,0.626702,-0.709866,-0.152044,-0.67007,0.087162,-0.193795,0.865516,-0.733082,0.0709887,-0.672836,0.276751,-0.672346,-0.145029,0.0801437,-0.0399193,0.702127
67.48,0,,44.4703,0.365336,-3.6351,-0.426439,-9.38966,-3.10119,25.7632,13.7685,-15.8344,24.1088,-5.4899,-7.03837,1.64468,-0.94355,11.1032,11.1032,2.55409,-2.55409,-7.95799,7.95799,8.86929,0.520089,9.75731,2.33038,-16.6712,5.21185,-5.37907,-10.2471,14.1644,45.9128,367.18,50.2992,-135.246,-387.192,-142.587,247.987,135.193,198.733,-137.714,210.937,128.419,345.201,-128.905,223.133,-40.8681,102.084,184.118,-0.423977,-0.555394,-0.408107,0.70614,0.33015,0.624472,-0.711337,-0.147407,-0.668976,0.0908851,-0.190499,0.866185,-0.73558,0.0732467,-0.670208,0.275955,-0.669347,-0.154488,0.0866741,-0.0415059,0.701572
67.49,0,,43.9319,0.436046,-3.81665,0.0724399,-9.20949,-2.17291,25.7813,14.7705,-15.229,24.4795,-5.35851,-6.4229,1.96655,-1.90277,11.1316,11.1316,2.58063,-2.58063,-7.99456,7.99456,8.79478,1.09545,9.3602,2.19194,-16.3451,5.13138,-63.9732,-9.77084,93.7477,21.4939,448.715,48.3487,4.88584,-302.258,-36.1362,237.401,-31.7177,-32.124,-255.855,170.888,126.458,262.716,-90.3506,223.133,-77.1952,-69.4173,-99.6252,-0.424592,-0.554668,-0.409149,0.708855,0.327356,0.623155,-0.7125,-0.143562,-0.66782,0.0932071,-0.188245,0.867125,-0.738419,0.0756852,-0.667251,0.273573,-0.665561,-0.166634,0.0908878,-0.0442536,0.700977
67.5,0,,43.4928,0.633773,-4.00241,0.701711,-8.94766,-0.903537,25.9036,15.9446,-14.286,24.9262,-5.24016,-5.74229,2.2807,-3.22353,11.184,11.184,2.63238,-2.63238,-8.03113,8.03113,8.40052,1.65826,8.8934,2.23589,-15.9619,4.98949,-99.1257,-33.2044,169.433,28.8063,333.999,93.2658,47.355,-139.65,81.0412,55.6338,8.79303,-4.3558,-297.84,127.92,127.446,28.8118,-362.281,-9.7736,-110.495,-65.8665,-116.72,-0.425259,-0.553685,-0.41067,0.711331,0.322644,0.622887,-0.713423,-0.139718,-0.666789,0.0938183,-0.184035,0.868658,-0.741722,0.0782494,-0.663838,0.268689,-0.66092,-0.181283,0.0956459,-0.0455341,0.700345
67.51,0,,43.1595,1.02661,-4.20929,1.45891,-8.70397,0.447863,26.1042,17.2036,-13.4914,25.192,-5.03132,-5.19682,2.71229,-4.62893,11.2657,11.2657,2.70798,-2.70798,-8.06567,8.06567,8.16769,2.32658,8.4092,2.42267,-15.4754,4.8603,-123.54,-34.1733,216.307,83.494,46.3888,86.4207,0,-11.2219,192.876,160.144,62.4933,246.103,-295.394,116.694,56.6357,-26.8578,-896.007,-208.971,-236.732,-68.3521,122.044,-0.425813,-0.552531,-0.412506,0.713618,0.316431,0.623401,-0.714272,-0.135505,-0.66593,0.095706,-0.180547,0.870204,-0.745403,0.080693,-0.660071,0.26247,-0.65654,-0.196059,0.101751,-0.0460231,0.69938
67.52,0,,42.8534,1.61848,-4.40631,2.34815,-8.57306,1.58835,26.2747,18.6194,-12.7919,25.3493,-5.0335,-4.7872,3.23087,-5.79087,11.3613,11.3613,2.78594,-2.78594,-8.09411,8.09411,8.00316,3.06024,8.15838,2.46991,-15.0106,4.86242,-127.926,-20.5106,238.287,134.769,-189.44,63.4836,-24.9124,27.358,293.943,145.053,-43.4941,62.6147,-271.481,166.489,-34.1855,359.878,-1451.65,-229.477,-306.662,-101.019,193.786,-0.426303,-0.551313,-0.414401,0.715735,0.309586,0.6243,-0.715323,-0.130747,-0.665149,0.0963816,-0.178602,0.871524,-0.749477,0.0822783,-0.655907,0.257342,-0.653306,-0.209793,0.107854,-0.0479148,0.697542
67.53,0,,42.5249,2.37534,-4.55502,3.3183,-8.5925,2.24322,26.397,20.4883,-11.967,24.9549,-5.05873,-4.5467,3.85675,-6.56619,11.4461,11.4461,2.86289,-2.86289,-8.12052,8.12052,7.6834,4.58784,7.88667,2.14579,-14.5812,4.87301,-100.098,-1.46152,236.338,106.45,-346.659,38.0901,-24.9124,7.848,283.216,-18.019,-129.854,-47.3693,-224.13,254.891,-57.13,984.882,-1607.44,-513.169,-445.31,-98.7111,536.099,-0.426842,-0.55014,-0.416283,0.717578,0.302816,0.625408,-0.716613,-0.125194,-0.664484,0.0961362,-0.175731,0.872917,-0.753583,0.0823411,-0.651709,0.256729,-0.65043,-0.222853,0.119087,-0.055057,0.695049
67.54,0,,42.1532,3.28934,-4.65025,4.22393,-8.77267,2.27447,26.4251,22.8474,-11.2215,23.6533,-5.04307,-4.31521,4.5759,-6.89429,11.5505,11.5505,2.91161,-2.91161,-8.14084,8.14084,7.42574,7.36417,7.5627,1.3712,-14.2007,4.71418,-66.891,2.92304,225.589,47.8628,-455.57,8.79559,-54.1737,-73.7125,243.164,-23.8752,-30.7756,24.7736,-192.878,348.641,15.1315,1162.12,-1093.29,-888.18,-658.732,-38.5257,795.881,-0.427409,-0.548819,-0.418009,0.719353,0.29647,0.62639,-0.718297,-0.118902,-0.663729,0.0966254,-0.172864,0.874023,-0.757125,0.0808763,-0.648109,0.261855,-0.646274,-0.234631,0.138866,-0.0693412,0.692252
67.55,0,,41.7686,4.34868,-4.72765,4.91389,-9.07209,1.8279,26.395,25.3284,-10.5796,20.5472,-5.13531,-3.98945,5.33372,-7.02595,11.6682,11.6682,2.94152,-2.94152,-8.16116,8.16116,7.25189,11.9746,7.36066,0.353786,-13.8882,4.0979,-51.7661,-18.0637,246.102,49.8128,-491.219,1.95056,-91.8108,-176.763,158.697,10.3609,-16.1729,107.806,-155.747,429.193,88.3816,721.21,-503.901,-552.264,-1117.06,-303.235,1342.35,-0.427964,-0.547422,-0.419601,0.721176,0.290973,0.626931,-0.720204,-0.112129,-0.662949,0.0968093,-0.171034,0.874763,-0.759255,0.0780679,-0.64609,0.269792,-0.639933,-0.243363,0.172553,-0.091007,0.689297
67.56,0,,41.3488,5.47873,-4.74735,5.33295,-9.47262,1.37223,26.2867,27.7701,-10.1656,14.7793,-5.37417,-4.35125,6.06302,-7.69887,11.781,11.781,2.92841,-2.92841,-8.17944,8.17944,7.27052,19.0699,7.34673,-0.390044,-13.6653,2.66628,-43.4494,-53.715,235.836,61.0251,-496.566,-18.0608,-130.844,-244.608,50.7782,131.314,-68.774,177.771,-91.7827,466.814,103.513,445.814,-335.915,-177.732,-1135.83,-199.197,1495.08,-0.428636,-0.54602,-0.420823,0.722883,0.286333,0.627235,-0.722301,-0.105287,-0.662058,0.0969325,-0.171219,0.874896,0.75993,-0.0741009,0.645727,0.277476,-0.633813,-0.251169,0.226512,-0.118658,0.68564
67.57,0,,40.9209,6.65724,-4.74876,5.62872,-9.86796,1.00769,26.1423,30.3688,-9.66163,7.18934,-5.67916,-5.31603,6.72707,-8.96738,11.8862,11.8862,2.89044,-2.89044,-8.1957,8.1957,7.16186,27.924,7.33627,-0.88996,-13.4886,0.412967,-47.8558,-104.491,187.997,57.1251,-478.01,-43.4542,-115.703,-306.659,-72.2723,-12.1628,-26.8501,-101,-47.3514,459.457,66.8881,484.355,-373.063,-353.989,-1061.06,-3.37322,1251.41,-0.429356,-0.544661,-0.421787,0.724574,0.282603,0.627159,-0.724453,-0.0988806,-0.660974,0.0961969,-0.170725,0.875111,0.759928,-0.0689123,0.646152,0.285362,-0.628223,-0.260091,0.293295,-0.151805,0.679859
67.58,0,,40.4979,7.90645,-4.7375,5.9152,-10.2218,0.714758,25.9959,33.1961,-9.1901,-1.91932,-5.9946,-6.83876,7.28287,-10.1638,11.9918,11.9918,2.83063,-2.83063,-8.20992,8.20992,7.08425,38.3133,7.31886,-1.0251,-13.3663,-2.12201,-70.8012,-168.945,175.299,62.975,-426.777,-60.052,-56.1603,-356.46,-177.744,-20.0462,-2.98335,27.7682,-43.4449,441.898,40.5315,433.092,-421.402,-342.777,-963.881,-417.569,586.402,-0.429952,-0.543422,-0.422383,0.726182,0.279864,0.626749,-0.726583,-0.0931422,-0.659625,0.0957099,-0.1703,0.875245,0.759853,-0.0625632,0.646629,0.293783,-0.622602,-0.270221,0.369468,-0.189159,0.667092
67.59,0,,40.0556,9.27482,-4.73,6.19238,-10.4512,0.381464,25.8294,36.1781,-8.7719,-12.7127,-6.37269,-9.66381,7.64535,-9.56716,12.0827,12.0827,2.77485,-2.77485,-8.23023,8.23023,7.04389,50.509,7.37808,0.0758114,-13.3065,-3.54093,-69.8286,-207.52,175.782,68.8692,-350.087,-82.032,2.95298,-396.947,-231.459,9.68523,-34.7011,-27.7682,-39.5384,446.297,-20.5049,395.508,-310.544,-347.645,1319.89,1950.61,-811.014,-0.430399,-0.542409,-0.422769,0.72771,0.27779,0.626141,-0.728449,-0.0885687,-0.658131,0.0949759,-0.170481,0.875231,0.75942,-0.0551773,0.647418,0.302873,-0.617831,-0.280227,0.458222,-0.22139,0.638594
67.6,0,,39.5845,10.7336,-4.74125,6.39221,-10.5135,-0.0768136,25.673,39.1884,-8.292,-21.9312,-6.68421,-11.8124,7.77826,-7.48884,12.1435,12.1435,2.72613,-2.72613,-8.25055,8.25055,6.94145,61.3304,7.38504,1.09872,-13.293,-3.75059,-59.5667,-228.03,150.888,86.9064,-256.35,-103.524,39.5699,-408.169,-229.012,-16.6676,-19.9413,-20.4178,21.466,429.686,-57.6242,336.928,-95.2139,-374.495,5745.75,3056.67,1023.44,-0.430705,-0.541739,-0.422892,0.729182,0.276388,0.625292,-0.72976,-0.085452,-0.656698,0.0941796,-0.169987,0.875327,0.758265,-0.0465714,0.648947,0.312824,-0.613928,-0.288775,0.533124,-0.246236,0.60271
67.61,0,,39.0958,12.2564,-4.77362,6.47422,-10.4318,-0.575451,25.5366,42.1355,-7.79434,-20.1916,-6.9618,-10.3978,7.69706,-4.81806,12.1915,12.1915,2.67505,-2.67505,-8.2729,8.2729,6.82969,61.456,7.38504,-0.461461,-13.3337,-1.55233,-35.6487,-231.938,104.979,94.2188,-170.427,-105.962,21.9594,-387.192,-167.956,7.43285,-3.92546,-28.3127,151.84,341.815,-39.0646,234.86,91.2881,-372.577,995.667,524.447,2713.84,-0.43083,-0.541315,-0.422712,0.730634,0.275285,0.624305,-0.730626,-0.0835611,-0.655244,0.0934507,-0.169383,0.875421,0.756344,-0.0365018,0.651295,0.322882,-0.610607,-0.295782,0.532456,-0.250266,0.586477
67.62,0,,38.591,13.8147,-4.82945,6.41708,-10.2516,-0.895725,25.3982,44.9323,-7.25694,-16.6661,-7.23242,-10.3631,7.42883,-2.04802,12.2359,12.2359,2.61659,-2.61659,-8.29525,8.29525,6.67758,59.6771,7.38853,-0.608688,-13.4452,1.21984,-23.4416,-211.921,75.6852,88.8564,-75.1819,-73.2364,0,-331.083,-156.74,-38.0652,-32.6598,-72.6874,262.208,165.048,25.384,175.282,288.571,-149.407,-1021.4,40.4786,1699.23,-0.430704,-0.541127,-0.422158,0.732078,0.274117,0.62331,-0.731119,-0.0827682,-0.653783,0.0924129,-0.168528,0.875542,0.753627,-0.0253304,0.654441,0.331506,-0.60771,-0.301841,0.523764,-0.236704,0.578515
67.63,0,,38.0814,15.3755,-4.88058,6.24405,-9.99887,-0.872291,25.2437,47.5832,-6.69759,-15.9111,-7.42734,-10.3125,6.99821,0.865182,12.2923,12.2923,2.53594,-2.53594,-8.31556,8.31556,6.4851,60.549,7.34673,-1.04378,-13.6137,3.88824,-10.7383,-179.685,54.6894,72.7692,-36.1513,-74.2117,-0.966429,-218.277,-109.387,-37.1643,-21.5115,-23.4124,338.878,-21.9584,62.9817,99.6149,413.082,-189.94,-590.922,-243.582,1501.95,-0.430442,-0.540982,-0.421286,0.73348,0.272774,0.622393,-0.731215,-0.0829484,-0.652417,0.0914356,-0.167184,0.875657,0.750361,-0.013795,0.658008,0.337732,-0.604963,-0.308189,0.531287,-0.232011,0.560159
67.64,0,,37.5462,16.8984,-4.935,5.9942,-9.72538,-0.536394,25.0592,50.1274,-6.17587,-15.8837,-7.58484,-9.52104,6.48881,3.6206,12.3383,12.3383,2.44555,-2.44555,-8.33385,8.33385,6.30505,62.0866,7.29796,-2.3919,-13.8284,6.46134,-8.29686,-157.22,43.9406,37.0937,-9.27776,-72.7487,7.83882,-95.2028,-33.1996,15.0909,-4.86757,29.4017,352.531,-197.739,104.486,26.8578,404.762,-270.009,234.916,-855.91,1155.71,-0.430023,-0.541054,-0.420074,0.734803,0.271019,0.621696,-0.731132,-0.0837463,-0.651048,0.0906395,-0.165837,0.875755,0.746653,-0.00250247,0.661813,0.34219,-0.602403,-0.315027,0.539764,-0.234754,0.537567
67.65,0,,36.9902,18.4108,-5.00067,5.71729,-9.5115,0.0950406,24.8466,52.6367,-5.68448,-14.2988,-7.75974,-8.96032,5.97361,5.74698,12.404,12.404,2.17976,-2.17976,-7.59839,7.59839,6.11568,61.8932,7.2039,-2.90061,-13.3337,8.55159,6.35166,-119.139,49.8071,25.3939,-4.38751,-84.9578,10.2549,35.1326,39.0727,30.8576,-29.3624,20.1456,313.979,-275.409,114.26,69.8053,319.801,-189.94,-314.835,-1647.02,591.306,-0.429523,-0.541283,-0.418597,0.736138,0.268941,0.621078,-0.731006,-0.0845394,-0.649763,0.089607,-0.164748,0.875744,0.742651,0.00836223,0.665621,0.345103,-0.600116,-0.322703,0.537159,-0.232748,0.522326
67.66,0,,36.3813,19.8892,-5.05696,5.38816,-9.47651,1.13268,24.5919,55.024,-5.18054,-12.5542,-7.93943,-8.99567,5.56812,6.9946,12.44,12.44,1.89011,-1.89011,-6.87309,6.87309,5.89837,61.3077,7.13423,-2.88193,-12.9016,10.1653,18.5588,-69.3319,37.5917,11.2123,-5.85002,-88.8589,-6.8187,130.335,63.4626,8.3338,-16.1729,1.90566,259.288,-250.985,112.299,160.149,185.565,-167.958,-714.434,-2066.9,457.071,-0.42904,-0.541717,-0.41671,0.737464,0.266371,0.620637,-0.730971,-0.0845964,-0.648694,0.0882603,-0.163581,0.875706,0.738271,0.018617,0.66954,0.345415,-0.597685,-0.331254,0.533364,-0.227861,0.512549
67.67,0,,35.7403,21.2956,-5.12592,5.0287,-9.6165,2.34607,24.3151,57.1827,-4.65987,-11.5733,-8.10868,-9.81629,5.3255,7.31225,12.4416,12.4416,1.59307,-1.59307,-6.1681,6.1681,5.64691,61.1595,7.04366,-1.95022,-12.5075,11.0019,7.82049,-50.2993,21.4782,-5.8499,-8.77502,-62.5083,-4.40262,182.631,76.6772,-14.6405,-1.41316,-14.7008,190.431,-195.805,73.7284,206.547,17.1092,-197.279,-768.925,-1994.11,623.954,-0.428621,-0.542338,-0.414582,-0.738863,-0.263622,-0.620144,-0.731225,-0.083743,-0.647726,0.086858,-0.162058,0.875721,0.733611,0.0278942,0.673489,0.343824,-0.594444,-0.339368,0.535546,-0.220286,0.507835
67.68,0,,35.0561,22.605,-5.17612,4.6285,-9.91981,3.46573,23.9721,59.0864,-4.20089,-11.2451,-8.27053,-10.9148,5.24962,6.95803,12.4156,12.4156,1.29401,-1.29401,-5.52813,5.52813,5.41408,61.3605,6.96354,-0.553753,-12.1623,11.1438,-8.29686,-34.666,18.5643,-3.41244,-22.943,-58.1015,0,174.783,67.378,-11.7124,1.41316,12.7952,121.575,-137.211,18.5597,163.101,-160.135,-165.045,-660.246,-1734.37,1042.91,-0.428371,-0.543002,-0.412318,-0.740272,-0.260572,-0.619721,-0.731721,-0.0821569,-0.64694,0.085577,-0.160655,0.87573,0.728737,0.0360126,0.677465,0.34187,-0.590474,-0.345898,0.541597,-0.212537,0.507232
67.69,0,,34.3414,23.849,-5.23522,4.19687,-10.3683,4.33411,23.587,60.7702,-3.79,-10.6499,-8.41628,-11.7521,5.34048,6.17226,12.3631,12.3631,1.00672,-1.00672,-4.96333,4.96333,5.19988,61.0339,6.90432,0.792174,-11.8715,10.8303,-27.8282,-16.1096,19.5292,-12.6748,-11.7,-37.1149,6.33548,119.627,40.541,-10.8114,4.86757,-11.7062,71.3033,-96.6698,-36.625,94.709,-289.04,-101.092,-718.37,-1592.34,709.007,-0.428246,-0.54373,-0.409995,-0.741795,-0.257397,-0.619169,-0.732329,-0.0798372,-0.646449,0.0843547,-0.159371,0.875775,0.723591,0.043214,0.681537,0.340601,-0.586408,-0.350123,0.543556,-0.205459,0.511388
67.7,0,,33.6075,25.0458,-5.27979,3.73462,-10.8933,4.89915,23.1879,62.2361,-3.36134,-9.79877,-8.53941,-12.2615,5.54202,5.11168,12.2911,12.2911,0.726811,-0.726811,-4.41275,4.41275,4.96394,60.1872,6.81375,2.02054,-11.559,10.0785,-51.7661,-11.725,18.5643,-30.7563,-16.5903,-16.1102,5.36905,32.7122,5.38372,-33.7857,-7.37986,-49.8195,40.0514,-56.1664,-85.4478,1.45514,-391.578,-37.5822,-891.529,-1524.87,464.357,-0.428253,-0.544472,-0.407744,-0.743276,-0.254046,-0.618695,-0.733051,-0.0769673,-0.646073,0.0831969,-0.157787,0.875918,0.718195,0.0500527,0.685722,0.340289,-0.582916,-0.351764,0.541046,-0.199596,0.51956
67.71,0,,32.8816,26.2309,-5.31403,3.21305,-11.4299,5.22203,22.7908,63.5169,-2.90131,-8.97638,-8.61903,-12.7377,5.78464,3.84839,12.2143,12.2143,0.456987,-0.456987,-3.90484,3.90484,4.69386,59.147,6.67092,3.27857,-11.2573,8.8862,-62.0081,-4.87721,12.6978,-16.619,-33.6833,-19.036,-18.04,-76.2062,-29.2841,-45.9485,-3.92546,-57.1699,46.8779,-4.89228,-101.074,-92.755,-459.488,18.0719,-1002.02,-1235.31,281.781,-0.428366,-0.545132,-0.405598,-0.744749,-0.25063,-0.618213,-0.733811,-0.0739183,-0.645732,0.0822181,-0.155708,0.876138,0.712438,0.0570097,0.690159,0.340839,-0.580476,-0.351093,0.536785,-0.194229,0.531108
67.72,0,,32.1621,27.3963,-5.32811,2.6606,-11.868,5.28842,22.4017,64.6409,-2.48729,-8.30125,-8.63948,-13.0607,5.98762,2.58092,12.1163,12.1163,0.209004,-0.209004,-3.44366,3.44366,4.45482,58.0993,6.48978,4.36849,-10.9447,7.39529,-81.0631,1.95417,13.6627,8.28735,-52.7416,-14.6473,-24.4292,-155.786,-53.2254,-5.85619,5.80968,20.4178,69.3303,54.6873,-80.0744,-174.326,-480.464,49.3106,-1084.97,-993.147,399.482,-0.428617,-0.545812,-0.403591,-0.746085,-0.247393,-0.61778,-0.734454,-0.0714129,-0.645341,0.0817898,-0.15357,0.876433,0.70647,0.0644576,0.694689,0.342433,-0.579328,-0.348231,0.531343,-0.190502,0.544161
67.73,0,,31.4442,28.5512,-5.30934,2.07998,-12.1791,5.08923,22.0266,65.5753,-2.05758,-7.88943,-8.59119,-13.0565,6.1215,1.45137,12.0187,12.0187,-0.0325939,0.0325939,-3.02107,3.02107,4.22199,57.1546,6.24245,5.10903,-10.6077,5.73071,-88.8638,6.35515,9.28214,16.619,-70.2916,8.30795,-23.4628,-238.74,-42.4987,15.5414,3.4544,-53.6308,103.502,113.281,-60.5421,-241.678,-430.66,58.6047,-1015.04,-806.199,497.005,-0.428989,-0.546369,-0.401704,-0.747309,-0.244342,-0.617355,-0.734961,-0.0694615,-0.644807,0.0819116,-0.151067,0.876857,0.700478,0.0727579,0.699135,0.344927,-0.579557,-0.342973,0.524944,-0.18959,0.557173
67.74,0,,30.7344,29.6616,-5.2507,1.50675,-12.3411,4.60231,21.6555,66.2702,-1.54423,-7.63485,-8.51244,-12.9151,6.13793,0.491106,11.9138,11.9138,-0.259071,0.259071,-2.65537,2.65537,3.90224,56.1898,5.95332,5.68915,-10.2816,3.95813,-97.1606,-10.2471,-6.34891,6.82488,-76.1873,27.8316,-5.36905,-302.698,-39.0727,-46.8495,-36.1142,-74.3209,125.008,145.024,-52.7292,-305.663,-339.372,25.3745,-922.71,-599.545,527.832,-0.429484,-0.546865,-0.39994,-0.74832,-0.241708,-0.616967,-0.73525,-0.0683613,-0.644183,0.0817906,-0.147834,0.877479,0.694748,0.0818536,0.703233,0.348178,-0.581172,-0.335177,0.517591,-0.18958,0.570632
67.75,0,,30.0245,30.7288,-5.14422,0.98409,-12.3087,3.79381,21.3045,66.7124,-1.03715,-7.40648,-8.42281,-12.7765,5.95766,-0.285259,11.8046,11.8046,-0.471436,0.471436,-2.31609,2.31609,3.61353,55.0642,5.67464,6.29674,-9.97991,2.11566,-108.395,-24.8951,-6.83135,-9.74983,-81.0319,17.5731,26.8453,-259.277,-36.6256,-60.1385,-12.2474,48.7305,115.222,139.638,-53.7178,-390.643,-214.334,19.0309,-863.678,-357.384,626.476,-0.43009,-0.547288,-0.398349,-0.749068,-0.239333,-0.616736,-0.735294,-0.0681823,-0.643367,0.0817899,-0.14478,0.877959,0.689541,0.0918614,0.706692,0.352019,-0.584033,-0.324734,0.508958,-0.188677,0.585015
67.76,0,,29.3002,31.7489,-5.03304,0.533595,-12.1376,2.78222,20.9736,66.867,-0.654494,-7.12445,-8.29142,-12.6843,5.62515,-0.88608,11.6942,11.6942,-0.643478,0.643478,-2.13324,2.13324,3.48004,53.6773,5.43428,6.79665,-9.85217,0.357905,-120.602,-30.7576,-12.6978,-22.4689,-79.5694,23.9305,4.88584,-126.448,-24.9201,-9.68523,-1.88422,34.3019,98.1357,101.562,-47.3558,-443.86,-93.749,-11.2489,-780.126,-137.237,632.361,-0.430632,-0.547766,-0.396755,-0.749741,-0.237197,-0.616432,-0.735019,-0.0687287,-0.642485,0.0825863,-0.142771,0.878174,0.684908,0.102605,0.709445,0.355801,-0.588241,-0.311913,0.498452,-0.186294,0.600206
67.77,0,,28.5535,32.7336,-4.935,0.167295,-11.9004,1.65475,20.6427,66.7385,-0.296927,-6.60157,-8.21571,-12.5408,5.21241,-1.33539,11.5741,11.5741,-0.807456,0.807456,-1.87115,1.87115,3.38691,51.828,5.27055,7.26031,-9.67008,-1.37444,-124.016,-31.7429,-17.0977,-29.2938,-75.1819,3.90112,-16.5904,59.5568,-11.7055,22.0733,-18.9992,-8.16713,50.3108,41.9825,-50.2897,-447.768,-49.3354,-17.0761,-794.051,-10.8298,459.033,-0.431064,-0.548383,-0.395234,-0.750347,-0.235243,-0.616062,-0.734587,-0.0695828,-0.641566,0.0830737,-0.141427,0.878286,0.680799,0.114138,0.7115,0.358905,-0.593658,-0.297134,0.484521,-0.182443,0.615997
67.78,0,,27.8003,33.6685,-4.83461,-0.151167,-11.7047,0.610603,20.2957,66.3682,0.0627311,-5.98134,-8.17525,-12.3856,4.82867,-1.75022,11.4425,11.4425,-0.995627,0.995627,-1.45263,1.45263,3.27825,49.7226,5.10334,7.73386,-9.35209,-3.10678,-116.692,-39.0669,-6.34891,-59.5626,-66.9096,-7.33267,-32.6975,215.343,25.4095,33.7857,21.5115,58.5311,18.0724,-53.2082,-68.355,-425.276,-53.2026,46.3969,-800.711,71.7253,235.822,-0.431428,-0.549112,-0.393644,-0.750851,-0.233538,-0.615648,-0.73437,-0.0702568,-0.64049,0.083438,-0.14002,0.878388,0.677097,0.126227,0.712988,0.360496,-0.599768,-0.281573,0.468539,-0.177564,0.631575
67.79,0,,27.028,34.576,-4.76659,-0.415778,-11.6269,-0.218724,19.9186,65.7845,0.381614,-5.49465,-8.18961,-12.4313,4.56188,-2.19117,11.3029,11.3029,-1.17338,1.17338,-0.993479,0.993479,3.19443,47.5869,4.97445,8.31068,-9.01236,-4.73112,-113.278,-44.9294,2.93323,-74.7191,-37.6138,-16.1102,-24.9124,292.943,47.8417,14.19,18.0571,66.9705,17.5595,-152.836,-72.7558,-360.335,-63.9837,44.9217,-759.238,224.053,209.479,-0.431607,-0.550023,-0.391993,-0.751393,-0.231888,-0.615092,-0.734397,-0.0703757,-0.639424,0.0836813,-0.138981,0.878501,0.673685,0.138863,0.713971,0.359893,-0.606434,-0.265891,0.452738,-0.170853,0.64642
67.8,0,,26.262,35.4337,-4.71358,-0.643212,-11.7176,-0.933481,19.5395,64.9938,0.683769,-5.17143,-8.2701,-12.5478,4.45894,-2.5945,11.1516,11.1516,-1.33971,1.33971,-0.514009,0.514009,3.11061,45.489,4.9222,8.96002,-8.66176,-6.20721,-106.926,-47.8525,0,-74.7191,-3.88478,-13.1844,-3.91941,280.254,50.2888,-14.19,11.7764,-36.7521,18.0724,-237.294,-59.5695,-298.346,-69.843,24.895,-701.114,389.163,200.231,-0.431723,-0.551052,-0.390339,-0.751889,-0.230364,-0.614488,-0.734583,-0.0695824,-0.638632,0.0834377,-0.13831,0.878629,0.670523,0.151562,0.714532,0.357449,-0.613084,-0.249836,0.437536,-0.162672,0.660028
67.81,0,,25.5105,36.239,-4.68918,-0.849324,-11.9548,-1.54408,19.1584,64.0179,0.944103,-4.87692,-8.3371,-12.581,4.51259,-2.91529,10.9948,10.9948,-1.50537,1.50537,-0.0121899,0.0121899,3.05473,43.3157,4.86298,9.54454,-8.28942,-7.48847,-107.919,-55.6692,-5.36473,-58.1001,23.9485,-21.4923,-7.83882,196.273,27.3264,-34.6866,14.6027,6.26147,7.81298,-314.471,-51.2623,-286.622,-56.1322,43.4464,-641.174,478.465,226.994,-0.431782,-0.552149,-0.388628,-0.752467,-0.229012,-0.613669,-0.734901,-0.0680577,-0.638094,0.083379,-0.137765,0.878776,0.667515,0.163827,0.714819,0.353348,-0.619535,-0.23347,0.421898,-0.153695,0.672156
67.82,0,,24.7557,36.9775,-4.65025,-1.0609,-12.2659,-2.05965,18.7653,62.846,1.15843,-4.57367,-8.39584,-12.4237,4.65709,-3.09606,10.8332,10.8332,-1.67338,1.67338,0.49166,-0.49166,3.033,41.0318,4.78634,9.92799,-7.89805,-8.54524,-94.2428,-47.8525,-5.86647,-51.7627,69.3318,-7.33267,-0.483215,85.9612,10.2372,-44.3719,-2.98335,-57.1699,18.546,-352.547,-64.9429,-259.265,49.3354,51.7447,-582.445,491.247,157.775,-0.43185,-0.553257,-0.386865,-0.752952,-0.227729,-0.612872,-0.735398,-0.0661663,-0.637552,0.0836827,-0.137335,0.878943,0.664583,0.175362,0.715,0.347801,-0.625896,-0.21675,0.405299,-0.144845,0.682537
67.83,0,,24.0346,37.6715,-4.58786,-1.27713,-12.5913,-2.4997,18.3722,61.5108,1.31735,-4.29164,-8.4276,-12.17,4.83253,-3.09919,10.6839,10.6839,-1.87331,1.87331,1.07678,-1.07678,3.05163,38.6952,4.68532,10.2609,-7.4034,-9.422,-97.6568,-56.1454,-21.98,-45.9128,103.518,10.7462,4.88584,-24.4241,61.0154,-13.289,-2.51229,-5.98923,46.8779,-362.294,-77.6349,-264.628,175.311,76.1603,-524.322,512.197,134.235,-0.431909,-0.55423,-0.385031,-0.753354,-0.226519,-0.612107,-0.735936,-0.0643341,-0.636993,0.0844161,-0.137031,0.879136,0.661776,0.186105,0.715062,0.34103,-0.632069,-0.199723,0.388388,-0.135628,0.69114
67.84,0,,23.3328,38.2922,-4.49685,-1.49664,-12.8842,-2.81607,17.9891,60.034,1.43341,-4.05578,-8.42455,-11.8727,4.98429,-2.96858,10.5303,10.5303,-2.10651,2.10651,1.77973,-1.77973,3.11061,36.361,4.55295,10.5795,-6.7783,-10.1717,-84.4771,-53.2223,-36.1251,-40.9936,99.5874,27.8316,20.5098,-62.4906,53.2254,15.0909,-16.6439,13.0674,60.0573,-365.252,-81.5413,-301.256,291.501,86.9297,-379.316,508.824,229.516,-0.431984,-0.555164,-0.383091,-0.753645,-0.225233,-0.611485,-0.736418,-0.0628076,-0.636377,0.0855723,-0.136842,0.879343,0.659135,0.195989,0.715045,0.333021,-0.638086,-0.182868,0.371544,-0.126229,0.69798
67.85,0,,22.6646,38.8396,-4.39693,-1.69837,-13.1188,-2.93324,17.6843,58.4547,1.67701,-3.74754,-8.40106,-11.4194,5.06645,-2.84632,10.3766,10.3766,-2.33299,2.33299,2.4258,-2.4258,3.08888,33.9063,4.40664,10.6674,-6.21298,-10.6821,-86.4223,-66.4089,-41.0074,-19.0565,88.8471,27.344,72.7507,8.80149,-42.0093,22.9743,-15.7018,0.544475,30.2654,-385.731,-65.4372,-372.059,346.696,77.6356,-266.702,395.909,219.708,-0.432052,-0.556088,-0.381082,-0.753882,-0.223949,-0.610931,-0.736671,-0.0614045,-0.635774,0.0863672,-0.136051,0.879664,0.656716,0.204846,0.714947,0.323207,-0.643668,-0.166884,0.353712,-0.117192,0.703335
67.86,0,,22.0156,39.3241,-4.28857,-1.90394,-13.2718,-2.76139,17.4275,56.7971,1.98648,-3.44055,-8.36843,-10.8545,5.0592,-2.84005,10.2342,10.2342,-2.51477,2.51477,2.824,-2.824,3.033,31.4013,4.24988,10.4784,-5.90859,-10.8219,-71.2974,-60.0537,-43.9406,0.487491,62.0193,30.7575,50.7912,-17.603,-23.9412,8.3338,-7.37986,22.5957,-16.0995,-408.676,-66.8881,-451.177,314.938,68.8578,-112.311,226.538,340.772,-0.432101,-0.556989,-0.379058,-0.754073,-0.222608,-0.610449,-0.736854,-0.0603058,-0.634981,0.0871035,-0.134897,0.880007,0.654377,0.212775,0.714926,0.311175,-0.648841,-0.152353,0.335527,-0.108648,0.707311
67.87,0,,21.3698,39.7536,-4.16425,-2.07998,-13.4131,-2.2979,17.1929,55.0938,2.35346,-3.16101,-8.32709,-10.2661,5.02489,-3.04695,10.1038,10.1038,-2.6606,2.6606,3.06983,-3.06983,2.94918,28.8989,4.09661,10.1774,-5.76998,-10.7329,-68.856,-62.0079,-46.3914,6.82488,39.0763,21.9799,13.6911,-70.7786,-50.2888,16.6676,-2.51229,11.7062,-77.1433,-449.217,-65.9155,-495.622,221.189,91.3186,64.4807,64.4462,451.186,-0.432049,-0.557916,-0.377051,-0.754132,-0.221143,-0.610142,-0.736929,-0.0591472,-0.6342,0.0877135,-0.133554,0.88037,0.652197,0.219617,0.714944,0.296949,-0.653653,-0.139532,0.317399,-0.100225,0.710425
67.88,0,,20.7225,40.1202,-4.05964,-2.22213,-13.5608,-1.58835,16.9582,53.3098,2.71626,-2.85652,-8.30447,-9.72896,4.98429,-3.49939,9.96733,9.96733,-2.78997,2.78997,3.32988,-3.32988,2.86537,26.3336,3.95727,9.90162,-5.63952,-10.6461,-70.8012,-56.638,-39.5601,-7.31237,23.9485,23.9305,0.966429,-80.5336,-43.4368,47.3,-12.2474,73.7764,-126.468,-490.251,-73.2501,-454.088,158.67,120.123,241.273,-78.1167,506.393,-0.431852,-0.558996,-0.375024,-0.754193,-0.219617,-0.609837,-0.737025,-0.0580464,-0.633383,0.0882014,-0.132272,0.880732,0.650144,0.225545,0.71503,0.280776,-0.65842,-0.127936,0.29873,-0.091255,0.713437
67.89,0,,20.0735,40.4397,-3.95503,-2.33967,-13.658,-0.826723,16.7336,51.4126,3.14178,-2.52831,-8.30838,-9.26598,4.87603,-4.08558,9.8373,9.8373,-2.90691,2.90691,3.56352,-3.56352,2.73188,23.6804,3.8667,9.68518,-5.54983,-10.608,-79.5943,-60.0537,-42.9757,-14.6691,3.88478,4.8764,-2.95298,-43.9341,1.46829,6.75714,-1.41316,-7.35042,-140.634,-519.529,-57.6242,-378.919,97.1474,75.2014,374.472,-147.001,458.052,-0.431623,-0.560054,-0.373084,-0.754243,-0.217904,-0.609583,-0.736905,-0.057131,-0.632653,0.0880794,-0.130929,0.881099,0.648222,0.230296,0.715241,0.263622,-0.663237,-0.116399,0.279383,-0.0813673,0.71674
67.9,0,,19.4165,40.7134,-3.89499,-2.40528,-13.754,-0.145816,16.5089,49.3912,3.57985,-2.22382,-8.35146,-8.88131,4.74892,-4.69581,9.70967,9.70967,-2.97579,2.97579,3.7484,-3.7484,2.58907,20.9719,3.79703,9.52147,-5.54168,-10.6101,-85.4497,-45.8983,-39.0583,-8.77485,-5.85002,1.95056,-20.0266,-0.51342,28.7947,-17.1181,3.4544,24.7736,-141.107,-514.144,-36.625,-304.208,36.6207,44.9217,473.767,-138.124,360.809,-0.43113,-0.56133,-0.371249,-0.754327,-0.21608,-0.609297,-0.736881,-0.0562183,-0.63177,0.0877724,-0.129644,0.881448,0.646297,0.233602,0.715762,0.246355,-0.668137,-0.104011,0.259656,-0.0706212,0.720434
67.91,0,,18.7563,40.9281,-3.8645,-2.46842,-13.868,0.377559,16.2763,47.2805,3.93428,-1.94802,-8.41019,-8.54169,4.66289,-5.23811,9.56523,9.56523,-3.0598,3.0598,4.13035,-4.13035,2.51767,18.2659,3.73084,9.46434,-5.32425,-10.896,-99.1257,-36.1275,-48.8229,21.9814,-1.96524,-8.30795,-19.5434,43.9341,21.9835,26.3528,-2.51229,74.3209,-105.949,-460.443,-37.1034,-255.856,-46.4058,30.7592,532.798,-113.269,288.507,-0.430633,-0.562661,-0.369532,-0.754511,-0.214127,-0.608931,-0.736993,-0.0551799,-0.630845,0.0877745,-0.128854,0.881712,0.644284,0.235312,0.716739,0.229692,-0.673022,-0.0905826,0.239751,-0.0595106,0.72432
67.92,0,,18.0769,41.0565,-3.87904,-2.51162,-14.0223,0.684813,16.0095,45.0848,4.2699,-1.70717,-8.51853,-8.16534,4.6107,-5.61846,9.41359,9.41359,-3.1149,3.1149,4.62405,-4.62405,2.44627,15.6027,3.69252,9.36325,-5.01985,-11.3386,-99.1257,-24.4189,-42.9757,14.1816,26.3708,-19.036,8.80525,45.9144,46.8628,-1.57667,-9.26408,-10.345,-72.2503,-404.769,-40.0372,-213.366,-102.538,44.9217,652.375,-127.472,261.183,-0.429908,-0.564197,-0.368013,-0.754704,-0.212115,-0.608512,-0.737283,-0.053958,-0.629856,0.0875903,-0.128242,0.881946,0.642245,0.235486,0.718177,0.214302,-0.677759,-0.0759915,0.219803,-0.0489535,0.728138
67.93,0,,17.3958,41.0761,-3.89827,-2.5805,-14.2154,0.725173,15.7407,42.7977,4.60864,-1.52373,-8.6595,-7.7384,4.58798,-5.79296,9.25675,9.25675,-3.16329,3.16329,5.17462,-5.17462,2.37177,13.0073,3.66117,9.18526,-4.66653,-11.9231,-99.1257,-11.725,-48.3405,6.82488,60.0541,-3.90112,30.2815,-3.88732,41.5199,4.50476,-15.7018,9.80055,-41.5114,-348.641,-39.0646,-202.14,-133.299,84.4586,756.816,-185.527,225.033,-0.429163,-0.565768,-0.366598,-0.75485,-0.210091,-0.608116,-0.737718,-0.0524326,-0.628824,0.0872842,-0.127691,0.88212,0.640229,0.234203,0.720066,0.20063,-0.682215,-0.0599387,0.200024,-0.039187,0.731978
67.94,0,,16.6956,40.9713,-3.92829,-2.64037,-14.3852,0.437447,15.474,40.3886,4.9568,-1.46882,-8.79046,-7.32878,4.55512,-5.72399,9.08911,9.08911,-3.19252,3.19252,5.75161,-5.75161,2.29726,10.5199,3.62285,8.94904,-4.27788,-12.6304,-99.1257,-14.6481,-50.772,-13.6498,91.3151,16.5978,35.1673,-43.9341,8.32029,0,-17.5861,5.98923,-35.6319,-281.249,-49.317,-177.236,-142.557,87.8886,880.025,-244.115,239.745,-0.428429,-0.567413,-0.365315,-0.754987,-0.207898,-0.607762,-0.738126,-0.0509053,-0.627771,0.0870394,-0.12708,0.882296,0.638517,0.231822,0.722078,0.188922,-0.686529,-0.0419962,0.180855,-0.0300916,0.735931
67.95,0,,16.0242,40.7671,-3.97708,-2.66114,-14.4876,-0.2031,15.2493,37.8575,5.34051,-1.54744,-8.90489,-6.95035,4.44637,-5.41052,8.91947,8.91947,-3.21806,3.21806,6.4566,-6.4566,2.20102,8.13802,3.58105,8.68864,-3.76693,-13.5728,-101.071,-21.0032,-53.2228,-14.6691,113.755,30.7575,43.4356,-33.6657,-20.0258,-7.43285,-14.1316,-10.345,-55.1643,-195.312,-44.438,-99.116,-112.792,67.862,990.218,-272.521,155.813,-0.427575,-0.569123,-0.364156,-0.755109,-0.2057,-0.607457,-0.738348,-0.0496871,-0.626704,0.0866723,-0.126346,0.88247,0.637229,0.228584,0.724024,0.179267,-0.690518,-0.0219125,0.162362,-0.0214244,0.74015
67.96,0,,15.3592,40.4908,-4.0315,-2.65431,-14.5382,-1.12747,15.0648,35.2698,5.73048,-1.66349,-9.00147,-6.5643,4.28157,-4.96853,8.73902,8.73902,-3.23083,3.23083,7.16565,-7.16565,2.1141,5.78128,3.5288,8.31947,-3.26413,-14.6783,-100.594,-32.7118,-82.9989,-28.3188,105.483,11.2338,50.308,19.51,-11.2161,-2.47762,-4.86757,-0.544475,-80.0633,-120.6,-81.0471,31.7221,13.1835,41.0122,962.064,-301.814,-5.32456,-0.426735,-0.570913,-0.363008,-0.755228,-0.203441,-0.60721,-0.738479,-0.048646,-0.625561,0.0864286,-0.125614,0.882597,0.636268,0.224989,0.725812,0.171398,-0.694075,-0.000183117,0.143871,-0.0132456,0.745051
67.97,0,,14.6749,40.1595,-4.08263,-2.61768,-14.603,-2.24712,14.8943,32.6907,6.14765,-1.95925,-9.09415,-6.28221,4.09791,-4.44294,8.55297,8.55297,-3.21773,3.21773,7.76702,-7.76702,2.02407,3.64063,3.47654,7.98876,-2.89722,-15.788,-94.7192,-43.9441,-114.743,-57.6126,83.4998,17.5731,23.4628,80.5336,-41.0304,-16.2171,2.51229,-15.2453,-80.5763,-43.4616,-120.606,209.457,271.989,-94.2322,979.017,-147.001,-34.1893,-0.425746,-0.57291,-0.361655,-0.755334,-0.200934,-0.607075,-0.738558,-0.0476095,-0.624356,0.0861879,-0.124826,0.882755,0.635584,0.221566,0.727385,0.165236,-0.69696,0.022585,0.127325,-0.00518821,0.750398
67.98,0,,13.9955,39.7863,-4.13892,-2.51298,-14.7028,-3.51911,14.7459,30.1466,6.5324,-2.48838,-9.18464,-6.10131,3.93359,-3.89541,8.38573,8.38573,-3.13574,3.13574,7.98237,-7.98237,1.98061,1.81152,3.43474,7.83933,-2.93799,-16.5864,-86.9186,-62.5005,-129.892,-67.3625,72.7596,16.1102,19.5434,131.802,-17.0892,-6.30666,-7.37986,31.3073,-77.1433,2.9202,-97.1672,229.497,584.467,-184.076,1088.91,249.441,243.669,-0.424592,-0.575055,-0.360195,-0.755412,-0.198436,-0.606967,-0.738689,-0.0464504,-0.623082,0.0862498,-0.124278,0.882885,0.635399,0.218514,0.728481,0.160101,-0.698574,0.0458392,0.113773,0.00335704,0.755884
67.99,0,,13.2969,39.366,-4.18959,-2.36756,-14.8272,-4.68173,14.6095,27.683,6.91924,-2.9863,-9.29255,-5.68407,3.7654,-3.467,8.20088,8.20088,-3.06181,3.06181,8.22414,-8.22414,1.94336,0.0678378,3.40339,7.56905,-2.97604,-17.3827,-73.2426,-78.6101,-127.924,-69.3567,74.7248,9.28323,47.355,112.292,-6.36257,-3.82904,-10.2062,-5.44475,-98.1357,17.597,-66.4098,66.3961,743.137,-69.3372,1202.73,425.736,482.433,-0.423433,-0.577315,-0.358548,-0.755519,-0.195868,-0.606832,-0.738859,-0.0451678,-0.621728,0.086308,-0.123846,0.882978,0.635642,0.215889,0.729151,0.154429,-0.699018,0.0678143,0.100594,0.010621,0.76117
68,0,,12.6238,38.9757,-4.25573,-2.20409,-14.9491,-5.40039,14.5132,25.3392,7.33535,-3.26958,-9.40132,-5.06097,3.59045,-3.39176,8.04124,8.04124,-2.98923,2.98923,8.46387,-8.46387,1.90921,-1.79393,3.37901,7.03288,-3.02224,-18.0901,-45.8908,-88.8736,-115.226,-59.0751,109.871,17.5731,77.6365,119.114,-21.4941,-8.3338,-9.26408,-1.08895,-118.655,9.29153,-78.6075,-96.2057,726.555,68.8578,1231.79,515.215,473.605,-0.42213,-0.579482,-0.356943,-0.755733,-0.193191,-0.606613,-0.738922,-0.043764,-0.620387,0.0863073,-0.123479,0.883093,0.636004,0.213629,0.729635,0.146614,-0.699559,0.0864911,0.0860024,0.0163582,0.766087
68.01,0,,11.9813,38.6261,-4.34345,-2.06003,-15.0566,-5.62692,14.4651,23.1567,7.77447,-3.34696,-9.49573,-4.48709,3.38118,-3.65717,7.90601,7.90601,-2.92136,2.92136,8.71986,-8.71986,1.88748,-3.74113,3.35462,6.40112,-3.06844,-18.7021,-17.5862,-94.2435,-80.5675,-38.5561,137.201,-2.4382,109.368,139.137,-33.1996,-8.78428,-17.5861,7.35042,-104.962,-14.1459,-97.1672,-96.6631,649.388,51.7447,1246.63,555.693,446.842,-0.420671,-0.581566,-0.355361,-0.756082,-0.190501,-0.606233,-0.73885,-0.0422984,-0.619034,0.0863688,-0.123175,0.883159,0.636224,0.211749,0.730166,0.136968,-0.700833,0.101505,0.0706836,0.021791,0.770377
68.02,0,,11.406,38.3289,-4.44572,-1.89793,-15.1435,-5.46549,14.4771,21.1396,8.26587,-3.19096,-9.58492,-4.03866,3.15886,-4.17649,7.80758,7.80758,-2.83937,2.83937,8.93928,-8.93928,1.83781,-5.79385,3.31979,5.78364,-3.14454,-19.1532,-12.7033,-102.536,-63.9715,-30.2688,146.479,-8.30795,109.368,141.117,-21.4941,-14.6405,-18.9992,1.90566,-73.7498,-21.5033,-69.822,-20.0394,549.78,-15.1214,1162.17,600.078,163.52,-0.419029,-0.583528,-0.353962,-0.756408,-0.188064,-0.605822,-0.738746,-0.0407735,-0.617585,0.08637,-0.122627,0.883293,0.63644,0.210092,0.730621,0.125927,-0.702699,0.11323,0.0547509,0.0278333,0.773838
68.03,0,,10.8692,38.0722,-4.53907,-1.71806,-15.2368,-4.9994,14.5373,19.2903,8.80013,-2.88896,-9.65802,-3.76558,2.94234,-4.83269,7.72596,7.72596,-2.74931,2.74931,9.10385,-9.10385,1.76951,-7.8541,3.28147,5.29251,-3.26956,-19.384,-9.76568,-88.8736,-40.0425,-6.33739,92.2749,-18.0608,106.468,142.584,-42.0093,-24.3257,2.98335,-9.25608,-24.8989,10.7327,-26.8509,36.628,430.66,-101.572,995.97,668.43,-179.634,-0.417324,-0.585426,-0.352623,-0.756641,-0.185864,-0.605447,-0.738525,-0.0390657,-0.6162,0.0863072,-0.121953,0.883459,0.636638,0.208571,0.731004,0.113959,-0.704995,0.122199,0.0390656,0.0347928,0.776124
68.04,0,,10.3789,37.8418,-4.63242,-1.51741,-15.3366,-4.35885,14.6496,17.539,9.31661,-2.59445,-9.69587,-3.55349,2.74129,-5.49202,7.65074,7.65074,-2.6354,2.6354,9.25216,-9.25216,1.73847,-9.82391,3.21528,4.88489,-3.40545,-19.4094,-9.76568,-69.3319,-27.8271,37.0937,8.77502,-87.396,77.6365,61.0237,-1.46829,-34.2362,-7.85092,16.062,0.986487,35.1561,11.7194,51.2626,284.646,-126.467,853.991,680.148,-387.151,-0.415498,-0.587386,-0.351406,-0.756742,-0.183845,-0.605247,-0.738252,-0.037233,-0.614833,0.0866142,-0.121345,0.8836,0.636748,0.207041,0.731418,0.101382,-0.707475,0.12952,0.024171,0.041689,0.777197
68.05,0,,9.90294,37.6191,-4.7239,-1.32169,-15.4688,-3.66753,14.77,15.8727,9.76409,-2.45968,-9.73155,-3.3019,2.59195,-5.98,7.58033,7.58033,-2.51074,2.51074,9.42688,-9.42688,1.77572,-11.5374,3.13168,4.50034,-3.5033,-19.2294,-15.1448,-44.4368,-33.2112,98.6505,-44.9263,-124.511,101.099,-50.7553,-2.44714,22.9743,-9.73514,46.2804,12.706,36.1422,35.6524,52.2604,153.338,-126.946,814.031,587.828,-445.301,-0.413614,-0.589351,-0.350314,-0.756753,-0.181894,-0.605134,-0.73813,-0.0351578,-0.613369,0.0874649,-0.121096,0.883682,0.636756,0.205518,0.731916,0.0889329,-0.709876,0.135932,0.0109872,0.047123,0.77692
68.06,0,,9.39176,37.3834,-4.79098,-1.14838,-15.566,-3.05041,14.8743,14.2848,10.245,-2.5645,-9.77549,-3.08704,2.38606,-6.18898,7.4807,7.4807,-2.38944,2.38944,9.70318,-9.70318,1.77572,-12.9419,3.05504,4.17402,-3.50873,-18.9414,-4.38662,-14.6481,-32.227,149.394,-36.6083,-145.516,176.266,-118.16,-24.9201,17.5686,-50.2459,-17.151,2.44649,27.3436,59.5695,25.86,51.269,-80.5492,811.004,477.577,-431.149,-0.411843,-0.591426,-0.349215,-0.756562,-0.180183,-0.605067,-0.737949,-0.0332657,-0.611845,0.0880193,-0.120676,0.883733,0.636637,0.204298,0.732468,0.0773979,-0.712146,0.142283,6.10E-05,0.0512107,0.775424
68.07,0,,8.83893,37.1085,-4.82476,-1.00733,-15.5868,-2.62468,14.9685,12.7448,10.8368,-2.90269,-9.79855,-2.92763,2.09511,-6.02911,7.36907,7.36907,-2.23588,2.23588,9.73366,-9.73366,1.67948,-14.0248,2.9993,3.99713,-3.75877,-18.2404,14.6485,-16.6022,-62.5049,166.5,1.4625,-131.844,253.419,-85.9612,41.5199,-6.75714,-23.3957,7.35042,-3.90649,18.0521,83.5025,12.6805,48.8081,-9.29414,898.492,349.572,-207.518,-0.410309,-0.593489,-0.34817,-0.756169,-0.178665,-0.605033,-0.737462,-0.0316177,-0.610442,0.0878942,-0.119695,0.883825,0.636581,0.203384,0.732962,0.0673864,-0.714027,0.149239,-0.00866763,0.0541422,0.772823
68.08,0,,8.2909,36.8073,-4.83836,-0.901809,-15.5142,-2.42939,15.0949,11.2614,11.4557,-3.27582,-9.77244,-2.76475,1.70992,-5.5286,7.25424,7.25424,-2.0887,2.0887,9.81086,-9.81086,1.58014,-15.0022,2.92615,3.78837,-3.95174,-17.4907,40.5316,-38.5743,-81.0499,175.763,61.0138,-71.2858,247.084,5.86766,35.6467,-22.5238,-22.9247,32.124,-6.35298,9.29153,90.8212,-9.77024,166.99,69.3372,986.888,189.966,-70.7605,-0.408915,-0.595457,-0.347263,-0.755604,-0.177441,-0.60502,-0.736681,-0.0302144,-0.609048,0.0878326,-0.118656,0.88382,0.636565,0.202768,0.733432,0.0592063,-0.71548,0.156988,-0.0168469,0.0560954,0.769587
68.09,0,,7.74288,36.4511,-4.81819,-0.831282,-15.3768,-2.41768,15.2213,9.82378,12.0778,-3.55287,-9.75765,-2.56029,1.25513,-4.8097,7.14141,7.14141,-1.95295,1.95295,9.90635,-9.90635,1.48391,-15.9846,2.86693,3.47524,-4.13112,-16.7432,56.6489,-71.7787,-82.9989,160.163,89.3499,-21.9799,239.728,112.806,21.9835,-20.9471,-33.7589,-5.44475,-20.5189,12.7047,82.514,-38.0832,314.938,53.22,1058.03,38.1706,-68.7989,-0.407683,-0.597272,-0.346461,-0.75487,-0.176342,-0.60508,-0.735833,-0.0289938,-0.607528,0.0876509,-0.117743,0.883711,0.636739,0.202094,0.733849,0.0527972,-0.716638,0.165106,-0.0253926,0.0571333,0.766233
68.1,0,,7.23171,36.0635,-4.77925,-0.769503,-15.2329,-2.48798,15.3757,8.46239,12.7198,-3.67641,-9.69631,-2.34058,0.807597,-4.06364,7.02858,7.02858,-1.8592,1.8592,10.3208,-10.3208,1.37836,-17.0424,2.76591,2.98741,-3.97077,-16.3683,66.891,-103.998,-95.2143,160.163,115.721,-29.7822,252.936,161.654,-8.76893,-9.68523,-19.4703,19.0566,-33.1854,36.6352,97.6615,-29.3107,383.316,15.6378,1075.28,-131.911,-130.312,-0.406513,-0.598966,-0.34578,-0.753951,-0.175608,-0.605199,-0.734908,-0.0276506,-0.606055,0.0876508,-0.116583,0.883589,0.637064,0.201124,0.734239,0.0476094,-0.717681,0.17292,-0.0344855,0.0578013,0.763197
68.11,0,,6.74137,35.6275,-4.71264,-0.673555,-15.1331,-2.46975,15.5542,7.17942,13.3847,-3.64396,-9.628,-2.03007,0.383258,-3.5182,6.92096,6.92096,-1.74999,1.74999,10.7028,-10.7028,1.25728,-18.1127,2.66837,2.37323,-3.85662,-16.0697,61.5317,-133.787,-118.159,113.763,128.426,-53.2251,241.715,153.806,-33.689,-19.5957,-17.115,1.90566,-63.9638,70.3122,75.1953,-9.77024,327.653,37.5822,1150.97,-298.264,-268.049,-0.405296,-0.60068,-0.345173,-0.752744,-0.175185,-0.605516,-0.733923,-0.0260022,-0.604705,0.0875301,-0.115364,0.883419,0.637708,0.199833,0.734451,0.0427273,-0.718856,0.179332,-0.04401,0.057683,0.760927
68.12,0,,6.235,35.1273,-4.63148,-0.523481,-15.0955,-2.34998,15.7528,5.99011,14.0769,-3.5329,-9.56882,-1.78888,-0.0115992,-3.28936,6.79773,6.79773,-1.62835,1.62835,11.0685,-11.0685,1.13311,-19.1076,2.5778,1.86122,-3.78595,-15.9617,37.5939,-150.881,-135.739,70.3317,131.854,-62.5083,191.89,114.273,-44.9051,-18.019,-4.86757,-3.81133,-95.2157,107.896,20.5049,51.7615,239.763,-99.1375,1177.3,-333.949,-492.662,-0.404013,-0.60257,-0.344439,-0.751398,-0.174817,-0.60594,-0.732948,-0.0239881,-0.603364,0.0873462,-0.114142,0.883228,0.638716,0.198195,0.734426,0.0380882,-0.719953,0.184337,-0.0525555,0.0583543,0.759765
68.13,0,,5.71903,34.6113,-4.55267,-0.296867,-15.1059,-2.23411,15.9614,4.97288,14.7606,-3.44679,-9.49573,-1.90254,-0.392924,-3.31967,6.66489,6.66489,-1.4926,1.4926,11.4606,-11.4606,1.02445,-19.8915,2.49419,1.78431,-3.72616,-16.1269,13.6759,-147.942,-142.571,15.644,126.964,-62.9959,115.703,96.6697,-13.1738,-6.75714,5.80968,23.4124,-115.222,128.413,-7.31863,63.9847,120.585,-176.773,1187.6,-127.472,-667.952,-0.402488,-0.604709,-0.343525,-0.74994,-0.174636,-0.606373,-0.731868,-0.0219133,-0.602097,0.0872239,-0.113043,0.883042,0.639974,0.196478,0.734154,0.0344861,-0.720547,0.188483,-0.0581081,0.0620146,0.759556
68.14,0,,5.1726,34.0758,-4.48418,-0.0103876,-15.1331,-2.12865,16.1599,4.12555,15.4183,-3.38564,-9.41742,-2.26087,-0.783432,-3.54328,6.51886,6.51886,-1.32526,1.32526,11.8791,-11.8791,0.940635,-20.477,2.42452,2.02933,-3.66637,-16.506,-5.37907,-132.325,-152.335,-47.3753,131.854,-53.2251,29.7982,56.1828,-3.426,8.3338,-4.39651,11.7062,-102.042,160.156,-11.2251,31.2648,-31.7575,-68.3414,1238.76,137.237,-709.427,-0.400719,-0.607152,-0.342549,-0.748349,-0.174513,-0.606859,-0.730677,-0.0199592,-0.600851,0.087162,-0.112187,0.882851,0.641321,0.194649,0.733793,0.0318622,-0.720685,0.191784,-0.0610977,0.0676897,0.76009
68.15,0,,4.60374,33.5677,-4.38896,0.262424,-15.1305,-2.04402,16.3705,3.50694,16.1041,-3.32699,-9.34302,-2.68643,-1.25707,-3.78883,6.35681,6.35681,-1.13978,1.13978,12.2895,-12.2895,0.844398,-20.8739,2.36879,2.38092,-3.66093,-16.9253,-42.0004,-92.2893,-156.253,-93.2438,160.647,-35.6519,9.28846,10.7085,-24.4306,22.5238,-15.7018,-7.35042,-60.5308,221.176,-5.37337,21.4945,-133.768,-10.7325,1282.65,305.188,-823.765,-0.398772,-0.609847,-0.341394,-0.746505,-0.17451,-0.60752,-0.729362,-0.0183119,-0.599409,0.0869206,-0.111336,0.882634,0.642201,0.19252,0.733822,0.0305804,-0.720562,0.194347,-0.0624433,0.0733693,0.760978
68.16,0,,4.01405,33.0767,-4.28012,0.446667,-15.0579,-2.0935,16.6232,3.14535,16.8422,-3.20594,-9.25208,-3.1411,-1.83461,-3.85466,6.16477,6.16477,-0.94892,0.94892,12.7486,-12.7486,0.726431,-21.1453,2.33744,2.72811,-3.63919,-17.3552,-65.9184,-34.1733,-185.064,-111.325,201.643,-37.6025,83.0055,84.9344,-23.9412,17.5686,-17.115,-16.6065,-32.2384,286.141,0.972628,-16.5886,-106.464,-14.1625,1267.21,393.957,-940.905,-0.396813,-0.612768,-0.340047,-0.744509,-0.174758,-0.608206,-0.727719,-0.0170302,-0.597887,0.0863667,-0.110476,0.882405,0.642292,0.190008,0.73458,0.031497,-0.720097,0.196673,-0.0628702,0.0784351,0.761828
68.17,0,,3.40834,32.6118,-4.16613,0.528401,-14.9529,-2.32003,16.9281,3.04298,17.6933,-3.13106,-9.12721,-3.54726,-2.47305,-3.62164,5.95351,5.95351,-0.767469,0.767469,13.2423,-13.2423,0.537062,-21.1679,2.3235,3.03795,-3.60929,-17.7195,-62.9807,26.8493,-219.24,-63.4625,202.145,-53.2251,150.87,187.472,-12.6844,9.23475,-19.4703,-28.8572,12.193,317.391,23.933,-64.9409,44.4136,-20.0267,1241.78,399.815,-823.765,-0.394924,-0.615764,-0.338524,-0.742591,-0.174875,-0.608857,-0.725693,-0.0157481,-0.596473,0.0852708,-0.109259,0.882189,0.641642,0.187207,0.736008,0.0347922,-0.7191,0.198987,-0.0617078,0.0818498,0.762406
68.18,0,,2.84589,32.1889,-4.05589,0.587447,-14.8492,-2.66244,17.2671,3.15189,18.6165,-3.30203,-8.96797,-3.90974,-3.11826,-3.12636,5.77547,5.77547,-0.565857,0.565857,13.4191,-13.4191,0.294918,-20.7031,2.3026,3.47194,-3.90282,-17.6623,-50.7736,81.0569,-213.373,12.1873,201.186,-93.2658,139.166,224.145,31.7313,2.47762,-4.86757,-24.5014,16.0995,362.787,61.0364,-118.657,196.756,11.7283,1505.46,320.278,-734.929,-0.392971,-0.618573,-0.337059,-0.740722,-0.175063,-0.609425,-0.7235,-0.0143443,-0.595134,0.0839262,-0.10767,0.881988,0.640861,0.18428,0.737549,0.0401032,-0.717891,0.200882,-0.0574979,0.0827677,0.762672
68.19,0,,2.28665,31.7895,-3.88748,0.600568,-14.7793,-3.01656,17.5719,3.46773,19.5595,-3.322,-8.84093,-3.85499,-3.69242,-2.56315,5.61423,5.61423,-0.405576,0.405576,13.6446,-13.6446,0.0372529,-20.1956,2.29215,3.36866,-4.0985,-17.6347,-9.26946,96.6738,-211.907,26.8563,243.644,-117.196,146.951,221.651,23.4518,10.8114,9.26408,8.7116,-12.193,413.075,72.7558,-91.2998,252.419,-53.22,1342.29,-90.8994,-1394.47,-0.391316,-0.621003,-0.33571,-0.738699,-0.175122,-0.610089,-0.721467,-0.0125127,-0.593776,0.0824022,-0.106024,0.881826,0.640109,0.181345,0.739052,0.0469375,-0.716941,0.201483,-0.0542628,0.0792884,0.763586
68.2,0,,1.76747,31.4556,-3.6867,0.519654,-14.6833,-3.35767,17.8748,3.99268,20.5277,-3.81868,-8.70997,-4.42263,-4.21487,-2.12743,5.4986,5.4986,-0.274864,0.274864,13.8254,-13.8254,-0.226622,-18.9921,2.27822,3.9378,-4.25342,-17.7237,35.6487,63.4694,-254.4,0,301.779,-114.252,183.085,187.985,-41.0304,0.900952,-12.7185,1.08895,-43.4449,462.908,81.0471,22.4508,162.596,-145.498,1119.18,-184.994,-822.784,-0.390104,-0.622787,-0.334863,-0.736649,-0.174884,-0.610843,-0.719454,-0.0101933,-0.592495,0.0808737,-0.104312,0.881615,0.639203,0.179028,0.74059,0.0548746,-0.716543,0.200393,-0.0441927,0.0779476,0.764155
68.21,0,,1.31879,31.2356,-3.48358,0.337324,-14.5654,-3.68836,18.1877,4.74852,21.5189,-4.84822,-8.56726,-6.46449,-4.71557,-1.91427,5.46699,5.46699,-0.165658,0.165658,13.9717,-13.9717,-0.490496,-17.0172,2.24338,6.17258,-4.39747,-18.0202,89.8364,40.5285,-277.827,2.92495,376.96,-133.306,245.58,196.787,-45.8839,-3.82904,0.94211,14.7008,-11.7195,469.734,110.848,64.9409,131.835,-48.8311,593.646,220.147,951.694,-0.388891,-0.623959,-0.334503,-0.734714,-0.174141,-0.611661,-0.717433,-0.00756863,-0.591146,0.0794709,-0.102543,0.881382,0.637904,0.17768,0.742339,0.063784,-0.716089,0.197822,-0.0241705,0.0865499,0.763384
68.22,0,,1.00472,31.1492,-3.29265,0.0738067,-14.4319,-3.83938,18.5507,5.61763,22.51,-3.72508,-8.35798,-8.89864,-5.19453,-2.19326,5.55141,5.55141,-0.0836689,0.0836689,14.0834,-14.0834,-0.710909,-17.1981,2.18416,8.12061,-4.5551,-18.6026,162.603,73.2402,-258.298,-13.6498,421.887,-143.059,313.982,273.946,-67.8674,-25.0014,11.3053,41.3801,177.252,415.047,106.941,222.18,222.185,248.544,-1343.8,688.492,-43.0168,-0.387356,-0.624493,-0.334557,-0.732941,-0.173103,-0.612514,-0.715126,-0.00476099,-0.589936,0.0784933,-0.100894,0.881127,0.636271,0.177379,0.744249,0.0725728,-0.716328,0.193487,-0.0200813,0.104252,0.762968
68.23,0,,0.887739,31.2356,-3.11955,-0.238095,-14.205,-3.57509,18.9739,6.22753,23.4886,-1.55617,-8.0878,-9.27152,-5.66623,-2.9529,5.80347,5.80347,-0.0295697,0.0295697,14.0916,-14.0916,-0.875442,-18.7358,2.07966,7.57454,-4.72361,-19.1151,226.556,117.184,-139.657,-16.619,468.276,-149.904,381.364,379.858,-114.73,-44.3719,-9.26408,20.4178,530.256,216.322,-77.6349,766.112,36.6207,409.163,-2390.02,71.7253,-391.635,-0.385643,-0.623939,-0.33553,-0.731319,-0.171766,-0.613451,-0.712631,-0.00183117,-0.588661,0.0781297,-0.0993712,0.880851,0.63468,0.178599,0.745893,0.0774588,-0.71831,0.187635,-0.0320448,0.108586,0.765658
68.24,0,,0.852486,31.3574,-2.99806,-0.572959,-13.833,-2.89288,19.4894,6.38654,24.4369,-4.34405,-7.6997,-6.79232,-6.10072,-3.60597,6.09675,6.09675,0.0497309,-0.0497309,13.9879,-13.9879,-0.962366,-15.4494,1.87413,5.71772,-4.84319,-19.0558,245.115,186.04,100.579,1.94997,509.774,-163.089,484.396,492.663,-177.744,-44.8223,6.28073,22.5957,862.781,-9.29153,-184.082,958.981,-631.341,602.533,-975.081,-1404.32,650.437,-0.384413,-0.622826,-0.337415,-0.729842,-0.17042,-0.614417,-0.709974,0.00128176,-0.587291,0.0789819,-0.0977813,0.880581,0.633258,0.181096,0.747152,0.0759307,-0.721098,0.180976,-0.0136118,0.0767876,0.771782
68.25,0,,0.7291,31.2578,-2.92628,-0.840577,-13.2225,-2.5674,20.1613,6.43882,25.3956,-12.991,-7.18456,-5.90308,-6.49557,-4.27575,6.22198,6.22198,0.211356,-0.211356,13.738,-13.738,-0.977888,-6.04761,1.56758,7.25372,-4.84319,-19.0939,312.502,209.966,371.575,-27.3438,533.22,-173.835,585.925,591.827,-176.765,-47.7504,21.5115,30.2184,665.997,-157.235,-57.6242,653.318,-1049.34,696.765,3134.73,458.048,-671.875,-0.384733,-0.621994,-0.33993,-0.728394,-0.169387,-0.615531,-0.707007,0.00463892,-0.585785,0.0809982,-0.0960747,0.880421,0.632557,0.182693,0.747861,0.0737321,-0.722001,0.175785,0.0565826,0.041384,0.774089
68.26,0,,0.472713,30.8912,-2.86577,-0.935158,-12.4305,-3.32903,21.0157,6.8614,26.3544,-15.669,-6.56848,-7.25462,-6.86433,-4.43249,6.12676,6.12676,0.464379,-0.464379,13.3805,-13.3805,-0.897173,-2.5703,1.17046,9.51927,-4.75079,-19.5365,380.365,190.917,357.912,-61.5126,542.955,-188.97,598.166,646.469,-206.049,-46.8495,38.1555,52.8141,318.359,-81.0449,20.9992,222.637,-950.205,307.112,2298,2194.37,1639.68,-0.386316,-0.621987,-0.34249,-0.726761,-0.168766,-0.617018,-0.703793,0.00811834,-0.583849,0.0842918,-0.0944239,0.880456,0.632751,0.181414,0.74818,0.0794735,-0.720572,0.17439,0.0867352,0.0427877,0.774635
68.27,0,,0.233953,30.4997,-2.74849,-0.962494,-11.5297,-4.94992,22.0988,7.83506,27.2964,-13.4552,-5.88235,-6.5234,-7.22584,-3.40326,5.9135,5.9135,0.738572,-0.738572,12.964,-12.964,-0.692282,-3.84916,0.717603,8.44912,-4.60402,-19.8034,363.276,166.022,183.597,-114.738,496.566,-151.855,586.408,644.562,-241.696,-52.7057,48.8327,66.9705,50.3108,199.711,-138.177,111.797,-507.3,106.44,-988.704,1261.23,218.727,-0.388391,-0.622476,-0.344688,-0.724775,-0.168833,-0.619056,-0.700235,0.0115973,-0.581393,0.0887488,-0.0932046,0.880713,0.632832,0.178655,0.74868,0.0932654,-0.717436,0.175666,0.0750753,0.0408337,0.777243
68.28,0,,0.13941,30.3281,-2.59322,-1.07102,-10.472,-6.90802,23.4065,9.22694,28.1882,-13.0546,-5.17229,-4.53353,-7.69948,-1.56631,5.70345,5.70345,1.01848,-1.01848,12.4662,-12.4662,-0.347693,-3.02757,0.282164,6.63295,-4.50618,-19.4857,199.224,85.4415,112.312,-153.826,407.216,-116.203,603.535,579.138,-223.628,-96.1766,42.552,117.607,-135.741,570.31,-272.464,24.4048,-17.5779,-57.1294,23.0072,-254.412,591.866,-0.39035,-0.622974,-0.346829,-0.722399,-0.169933,-0.621502,-0.696203,0.0145271,-0.578277,0.0939378,-0.0929001,0.881025,0.631696,0.177624,0.749745,0.110663,-0.713604,0.177867,0.0762377,0.0213026,0.778186
68.29,0,,0.205109,30.3229,-2.31973,-1.23968,-9.1382,-9.04448,24.973,10.6428,29.0058,-13.2755,-4.54577,-3.11684,-8.44666,0.22152,5.4942,5.4942,1.26276,-1.26276,11.9136,-11.9136,0.180055,-1.67082,0.013934,5.62982,-4.47628,-19.3247,21.9728,-37.1128,159.186,-170.888,342.774,-49.3239,617.173,475.134,-180.191,-172.757,102.533,115.157,-233.403,689.469,-338.379,-149.921,359.879,-128.901,164.683,-902.425,-78.6073,-0.392477,-0.623263,-0.348835,-0.719269,-0.172432,-0.624538,-0.691319,0.0164193,-0.57437,0.0990052,-0.0946714,0.881158,0.630217,0.180856,0.750279,0.128359,-0.70924,0.181888,0.0831934,0.00598162,0.779076
68.3,0,,0.358941,30.2771,-1.90926,-1.40533,-7.54517,-11.2031,26.7661,11.8277,30.0691,-13.4203,-3.7413,-1.72442,-9.45096,1.88083,5.23853,5.23853,1.45261,-1.45261,11.3956,-11.3956,0.568106,-0.608027,-0.306549,4.72667,-4.40018,-19.329,-106.926,-180.67,114.743,-228.013,313.479,13.672,611.804,505.352,-324.206,-169.829,296.451,103.45,-290.027,313.978,-437.986,-417.959,547.377,-262.707,-17.5581,-879.878,-285.144,-0.394807,-0.623646,-0.350248,-0.715309,-0.176584,-0.627963,-0.685479,0.0170302,-0.569625,0.103645,-0.0952217,0.881533,0.629445,0.188553,0.74945,0.144784,-0.704205,0.187572,0.0883821,-0.00683619,0.780485
68.31,0,,0.613726,30.1042,-1.38621,-1.61883,-5.86011,-13.2979,28.7316,12.7099,31.4335,-13.9918,-2.85633,-0.53992,-10.6839,3.46491,4.98207,4.98207,1.58736,-1.58736,10.9709,-10.9709,0.726431,0.728628,-0.574779,4.23555,-4.36213,-19.4094,-201.665,-309.563,75.6852,-339.338,286.148,18.0608,614.756,767.123,-531.234,-466.693,165.968,443.747,-205.584,-266.61,-290.529,-622.053,666.028,-322.271,-741.074,-1016.58,906.295,-0.396811,-0.624179,-0.350971,-0.710722,-0.181953,-0.631678,-0.678807,0.0167855,-0.56436,0.106573,-0.0946093,0.882002,0.62906,0.198008,0.748024,0.160288,-0.698896,0.19447,0.0965617,-0.0175789,0.78171
68.32,0,,1.05599,29.79,-0.820935,-1.86922,-4.31116,-15.0099,30.8898,13.261,31.7346,-16.5501,-2.49391,-0.690322,-11.9293,4.67804,4.77641,4.77641,1.66027,-1.66027,10.7109,-10.7109,1.99924,4.0577,-0.376219,5.72541,-4.3866,-19.5598,-257.322,-365.232,132.324,-405.283,234.366,9.28323,622.542,964.863,-482.903,-286.728,-31.7177,65.337,0,-677.258,-61.0364,-525.39,668.958,-323.229,1929.27,1119.2,895.927,-0.39779,-0.624977,-0.350729,-0.70592,-0.188672,-0.635297,-0.671466,0.0164799,-0.558975,0.112799,-0.103582,0.881397,0.628775,0.206133,0.746826,0.174817,-0.695118,0.20082,0.123604,-0.021913,0.781422
68.33,0,,1.70818,29.3618,-0.242528,-2.12645,-3.12643,-15.9668,33.1963,13.6095,31.3373,-17.1054,-1.89741,-1.52065,-12.7625,5.83789,4.62718,4.62718,1.65725,-1.65725,10.654,-10.654,3.96433,5.26371,-0.588713,6.69337,-4.17189,-19.4942,-221.673,-342.768,204.593,-322.276,181.168,-12.6967,687.024,1049.28,-457.045,-101.582,-37.5274,561.898,278.821,-909.167,63.9703,-88.8469,702.649,-449.696,942.992,1032.21,789.996,-0.397614,-0.626086,-0.349331,-0.701149,-0.196727,-0.638585,-0.664289,0.0170909,-0.553625,0.126043,-0.114507,0.880531,0.62852,0.211012,0.746326,0.187449,-0.694068,0.203807,0.134468,-0.0197764,0.781169
68.34,0,,2.63758,28.893,0.304919,-2.37712,-2.43296,-16.0931,35.7035,13.9145,30.0848,-16.2144,-1.8452,-1.73551,-13.3396,6.96952,4.56716,4.56716,1.56787,-1.56787,10.7718,-10.7718,6.75519,5.04009,-0.599164,6.2418,-4.0061,-18.9562,-106.926,-289.545,177.731,-123.557,106.946,-56.1509,752.956,1102.53,-405.777,-438.989,263.163,962.904,460.453,-860.851,88.3816,336.429,1027.84,-673.346,-183.149,-25.9205,-177.672,-0.396396,-0.62719,-0.347015,-0.696698,-0.206129,-0.641336,-0.657991,0.0197764,-0.548245,0.142649,-0.131723,0.878173,0.62839,0.212047,0.746622,0.19703,-0.69455,0.20228,0.131967,-0.0224624,0.779654
68.35,0,,3.85381,28.4491,0.785753,-2.49084,-2.26835,-15.4122,38.3309,14.141,27.5107,-15.8026,-1.92656,-2.19988,-13.5073,7.21716,4.60077,4.60077,1.39986,-1.39986,10.9892,-10.9892,10.7568,5.36923,-0.905713,6.36266,-3.88651,-18.448,28.3245,-210.443,212.891,222.651,84.9623,-87.396,652.34,920.416,-104.982,-1763.16,-348.11,628.052,296.893,-619.612,81.0471,210.455,1352.04,-545.883,-87.4879,711.927,182.576,-0.394255,-0.628159,-0.343959,-0.692668,-0.216932,-0.643349,-0.652999,0.0245378,-0.543128,0.16822,-0.15473,0.873143,0.629141,0.210467,0.746766,0.201732,-0.695351,0.196788,0.134773,-0.0230725,0.778058
68.36,0,,5.22067,28.0143,1.15635,-2.48291,-2.58203,-14.0035,40.9403,14.2347,23.7479,-15.3346,-1.06509,-2.02869,-13.0564,6.76159,4.67879,4.67879,1.19892,-1.19892,11.233,-11.233,15.8045,5.5828,-2.49768,5.79682,-3.6718,-17.8846,154.782,-142.096,269.529,557.602,38.5735,-109.864,492.181,635.248,143.076,-639.225,72.2284,955.01,70.7903,-396.957,29.7848,-227.044,1304.22,-36.6233,323.614,352.058,236.803,-0.391516,-0.629149,-0.340425,-0.689193,-0.228408,-0.644573,-0.649512,0.0310076,-0.538483,0.208322,-0.176643,0.86521,0.630634,0.207648,0.746543,0.201671,-0.69712,0.187937,0.13508,-0.0287495,0.776846
68.37,0,,6.57632,27.6516,1.5382,-2.51626,-3.4764,-11.9243,43.3692,14.3719,19.2239,-14.4673,-0.756178,-1.54699,-12.215,5.89745,4.74481,4.74481,0.976474,-0.976474,11.5357,-11.5357,21.4142,5.35164,-3.78309,4.58274,-3.63647,-17.1731,247.556,-53.715,208.993,605.464,-38.5735,-93.7534,350.599,363.795,138.182,-887.663,151.837,857.821,-83.4963,-323.231,85.9421,-304.208,862.315,176.773,323.312,-324.184,-220.268,-0.388697,-0.630228,-0.336569,-0.685635,-0.239633,-0.645777,-0.648286,0.0394917,-0.534389,0.249095,-0.203195,0.853857,0.631679,0.205148,0.746553,0.197883,-0.700586,0.175482,0.130559,-0.0377213,0.775117
68.38,0,,7.87748,27.4395,1.99323,-2.66278,-4.80501,-9.59129,45.6277,14.6965,13.8667,-13.5064,-0.526888,-1.85819,-11.1217,4.78776,4.78802,4.78802,0.706314,-0.706314,11.8486,-11.8486,27.741,5.06773,-5.08941,4.107,-3.88651,-16.5039,256.845,56.1454,205.558,423.32,-82.0373,-22.4676,239.245,83.4675,22.9624,-1037.67,-19.4703,818.346,-90.3227,-272.943,156.242,-63.9847,226.052,104.006,94.1479,32.3119,-328.161,-0.386135,-0.631208,-0.33236,-0.681815,-0.250446,-0.647083,-0.648903,0.0495635,-0.530427,0.293601,-0.233111,0.837648,0.631855,0.204169,0.746848,0.193061,-0.70443,0.161443,0.127448,-0.0402853,0.773355
68.39,0,,9.11775,27.285,2.36476,-2.86507,-6.2723,-7.52123,47.7758,15.0668,7.52146,-12.0313,0.116603,-1.96146,-9.84437,3.95288,4.81962,4.81962,0.450603,-0.450603,12.1391,-12.1391,35.0115,4.21097,-6.76498,3.36427,-4.3567,-15.7859,208.493,163.575,252.934,295.907,-60.5568,65.9218,129.877,-161.141,-44.4157,-1450.76,-62.4933,644.114,5.36649,-310.072,102.541,144.516,-391.109,22.4608,43.5926,139.722,8.26707,-0.383881,-0.63207,-0.328456,-0.678379,-0.260817,-0.647921,-0.650626,0.0604296,-0.526287,0.344986,-0.265331,0.815221,0.631577,0.204178,0.747248,0.189101,-0.70739,0.148815,0.119451,-0.0424212,0.771578
68.4,0,,10.3468,27.1514,2.54912,-3.06271,-7.59961,-6.15811,49.8477,15.4174,0.143236,-10.2967,1.22694,-1.43748,-8.51722,3.67598,4.86323,4.86323,0.270832,-0.270832,12.3443,-12.3443,43.2537,3.0326,-8.73665,2.07328,-5.07149,-15.0765,134.278,230.477,267.58,298.345,-6.85549,47.3553,37.1002,-333.503,-77.1666,-1762.71,113.21,469.61,66.4103,-356.946,49.8113,201.641,-892.081,-174.302,139.557,-87.8812,141.101,-0.382158,-0.632596,-0.325759,-0.675655,-0.271019,-0.648004,-0.653126,0.0711724,-0.52183,0.40224,-0.299757,0.785314,0.631213,0.204484,0.747616,0.187875,-0.709016,0.139716,0.107487,-0.0477311,0.769863
68.41,0,,11.5743,26.993,2.5904,-3.22945,-8.62231,-5.72327,51.8453,15.6723,-8.37669,-8.55084,1.50409,-1.11727,-7.30269,4.03752,4.91885,4.91885,0.17137,-0.17137,12.4947,-12.4947,52.5452,1.74871,-9.62146,1.06905,-6.03632,-14.5555,47.8558,266.604,284.176,326.664,16.5903,47.3553,-37.5834,-457.017,-126.966,603.412,-579.555,1726.53,87.4027,-339.842,0,173.328,-976.572,-326.18,124.118,-143.983,-78.1869,-0.381008,-0.632796,-0.324364,-0.673444,-0.280902,-0.647685,-0.655861,0.0807543,-0.51712,0.456254,-0.343762,0.746181,0.631022,0.204664,0.747851,0.19056,-0.709381,0.135626,0.0953386,-0.0502328,0.768568
68.42,0,,12.7857,26.7861,2.52191,-3.34344,-9.29763,-6.19847,53.7507,15.864,-18.5684,-6.74508,2.92029,-1.32589,-5.63095,5.01137,4.97566,4.97566,0.171706,-0.171706,12.5495,-12.5495,63.5099,0.349239,-11.189,0.63286,-6.66686,-14.1764,-0.496224,294.439,280.761,319.351,22.4403,78.1308,-125.475,-519.068,-163.592,5523.96,-1749.97,-365.343,82.0363,-309.086,-26.8509,52.2604,-516.089,-257.802,10.5954,2.48553,-28.8647,-0.380207,-0.632905,-0.324113,-0.671484,-0.290482,-0.64719,-0.65811,0.0885659,-0.512718,0.518157,-0.390098,0.69639,0.631008,0.204476,0.748017,0.197336,-0.708286,0.13642,0.083803,-0.0474863,0.767777
68.43,0,,13.9603,26.5281,2.39197,-3.40468,-9.60613,-7.22569,55.5398,16.0186,-17.0555,-5.21262,5.28889,-1.49154,-3.00179,6.33213,5.00447,5.00447,0.222781,-0.222781,12.5191,-12.5191,62.9232,-0.793953,-13.6623,0.234026,-4.42464,-13.882,-18.5588,248.048,259.282,310.532,18.5555,143.547,-234.842,-542.025,-135.735,453.629,601.537,3390.18,97.1492,-247.572,0,-78.6193,97.1474,-39.537,-79.0116,97.6458,308.544,-0.380017,-0.632894,-0.324596,-0.669913,-0.299462,-0.646596,-0.659508,0.0943026,-0.509112,0.522936,-0.377598,0.709233,0.631371,0.203865,0.747953,0.206372,-0.706339,0.139901,0.074221,-0.0456557,0.767052
68.44,0,,15.1364,26.2531,2.20902,-3.4219,-9.56594,-8.36097,57.1985,16.145,-12.6895,-4.31036,3.93534,-1.31411,-1.07921,7.67483,5.01927,5.01927,0.329635,-0.329635,12.4134,-12.4134,59.2848,-1.29897,-12.4988,-0.426302,-2.14438,-13.6046,9.76568,168.945,209.958,308.582,-2.42227,199.21,-353.498,-590.36,-110.856,-1797.85,679.261,2484.99,119.128,-151.357,-52.7292,-87.3917,771.965,44.9217,-18.4663,57.6998,359.828,-0.380152,-0.632854,-0.325705,-0.668672,-0.307693,-0.646149,-0.659825,0.0976614,-0.506679,0.493919,-0.368852,0.734226,0.631857,0.20301,0.747828,0.215654,-0.704887,0.143505,0.0685464,-0.048953,0.766096
68.45,0,,16.319,25.9362,2.02138,-3.40222,-9.23541,-9.20852,58.7048,16.2735,-10.8295,-3.81119,3.37191,-0.974491,0.312696,8.60062,5.02408,5.02408,0.480172,-0.480172,12.2428,-12.2428,57.9189,-1.34419,-12.0077,-1.13827,-0.429419,-13.3844,33.2073,83.98,169.433,263.201,-26.8735,238.763,-424.316,-581.999,-157.229,-1637.25,604.992,1705.57,111.315,-122.572,-77.1406,-29.7681,1307.62,88.3681,74.7734,-44.3845,159.176,-0.380515,-0.632788,-0.32729,-0.667572,-0.314895,-0.646208,-0.658889,0.098635,-0.505748,0.480239,-0.366832,0.746665,0.632553,0.201797,0.747612,0.223034,-0.704198,0.144661,0.0661031,-0.0547502,0.765221
68.46,0,,17.5272,25.5932,1.79198,-3.31638,-8.6586,-9.36085,60.0847,16.4194,-10.9696,-3.39313,4.42264,-0.759631,1.16234,8.7281,5.02608,5.02608,0.667671,-0.667671,12.0436,-12.0436,58.3194,-1.28389,-13.0527,-1.58984,0.712074,-13.1895,19.0351,31.7429,122.559,240.245,-59.0943,234.862,-412.612,-453.13,-184.555,-1187.45,1108.39,1752.94,78.6033,-177.26,-83.5025,-99.116,1392.58,161.135,125.026,-8.87689,81.9701,-0.380645,-0.632922,-0.328944,-0.666726,-0.321125,-0.646645,-0.657081,0.0972345,-0.505766,0.484589,-0.364281,0.749864,0.633457,0.200267,0.747293,0.226028,-0.704332,0.141489,0.0651895,-0.0588414,0.764572
68.47,0,,18.729,25.237,1.54148,-3.15565,-7.79923,-8.80493,61.3343,16.5371,-11.0909,-2.99504,4.82031,-0.736759,1.14832,8.0813,5.02288,5.02288,0.880708,-0.880708,11.8811,-11.8811,58.4715,-1.23113,-13.5091,-1.82716,1.30185,-13.0667,11.7109,14.6481,97.6651,187.507,-91.8178,194.821,-359.888,-291.989,-215.349,-506.335,1089.86,1016.54,115.735,-248.065,-20.5049,-166.51,944.346,264.145,89.0015,41.0112,85.4731,-0.380401,-0.63335,-0.33047,-0.665949,-0.326382,-0.647515,-0.654508,0.0932657,-0.506125,0.486164,-0.362929,0.751799,0.634552,0.198496,0.746863,0.224805,-0.705788,0.134346,0.0648838,-0.0610995,0.764323
68.48,0,,19.9116,24.9149,1.29849,-2.96976,-6.65339,-7.75037,62.4334,16.6721,-10.1394,-2.54828,3.72998,-0.82201,0.232468,6.98728,5.01687,5.01687,1.08232,-1.08232,11.7673,-11.7673,57.3415,-1.23615,-12.471,-2.04251,1.52743,-12.9481,14.6485,28.3272,55.1718,100.113,-125.501,147.466,-333.472,-133.783,-192.386,-930.233,950.746,503.912,193.351,-255.877,-9.75817,3.40919,354.957,161.135,19.6772,56.102,1.96168,-0.379783,-0.634009,-0.331562,-0.665147,-0.330834,-0.648727,-0.650647,0.0864884,-0.50709,0.475302,-0.362687,0.757297,0.635576,0.196722,0.74648,0.221262,-0.708405,0.124639,0.0642136,-0.0628708,0.764277
68.49,0,,21.067,24.5993,1.08786,-2.7478,-5.33515,-6.46146,63.3581,16.8638,-9.07719,-2.02914,2.13975,-0.80191,-1.42816,5.72713,5.00247,5.00247,1.24428,-1.24428,11.6942,-11.6942,55.8979,-1.25877,-10.8128,-2.34136,1.35892,-12.802,11.2345,61.039,30.2779,25.8814,-180.665,149.417,-336.908,-22.0037,-102.535,-1176.19,613.314,439.936,221.683,-251.478,-15.1315,174.326,-52.2651,0.479459,-11.8063,8.87689,22.4192,-0.378935,-0.634813,-0.332056,-0.664278,-0.33455,-0.65024,-0.645328,0.0774003,-0.509084,0.460716,-0.363726,0.762366,0.636857,0.194707,0.745929,0.217054,-0.710981,0.113593,0.0631754,-0.0652508,0.76427
68.5,0,,22.2319,24.2811,0.925077,-2.52009,-3.96377,-5.21942,64.1042,17.0206,-8.38296,-1.57739,1.07597,-0.643885,-3.45512,4.52444,5.01207,5.01207,1.3545,-1.3545,11.6515,-11.6515,54.6717,-1.21605,-9.52392,-2.66548,0.989294,-12.6749,-15.6211,97.1665,52.7403,15.644,-228.014,131.844,-370.142,112.292,-32.7101,-1028.89,420.966,512.623,163.56,-235.36,-2.93383,135.744,-277.321,-27.8455,13.6227,-20.9495,-27.8839,-0.378021,-0.635427,-0.332241,-0.66325,-0.337912,-0.651897,-0.638766,0.0667759,-0.512355,0.449425,-0.363483,0.765909,0.638467,0.191906,0.745285,0.213087,-0.712873,0.103095,0.0625647,-0.0681193,0.764328
68.51,0,,23.3536,23.9367,0.789036,-2.28281,-2.62351,-4.27813,64.6658,17.099,-8.01599,-1.28412,0.474678,-0.51289,-5.64061,3.61224,5.00087,5.00087,1.41565,-1.41565,11.6292,-11.6292,53.6441,-1.08038,-8.5764,-2.89402,0.508236,-12.5881,-56.6489,110.846,91.7986,68.8692,-235.829,147.954,-405.256,284.655,51.7571,-788.107,268.03,715.44,20.9924,-253.905,5.85172,49.8075,-444.312,-68.8578,65.9943,-10.8298,30.2659,-0.377395,-0.635949,-0.332105,-0.662255,-0.341077,-0.653405,-0.631568,0.0553011,-0.516754,0.440943,-0.362264,0.768292,0.64046,0.188909,0.744344,0.210465,-0.714105,0.0948559,0.0629304,-0.0706212,0.764381
68.52,0,,24.4032,23.5491,0.667538,-2.0778,-1.32471,-3.81074,65.0629,17.1034,-7.47545,-1.00459,0.010007,-0.438036,-7.86332,3.10024,4.97526,4.97526,1.46673,-1.46673,11.5845,-11.5845,52.3744,-0.982391,-7.63237,-3.07201,0.0190249,-12.5648,-82.5121,95.2123,88.8654,123.025,-228.516,129.387,-461.9,460.905,146.992,-483.811,38.1555,540.392,-76.6698,-259.291,15.1315,-80.0744,-448.238,-128.901,58.7289,8.34428,-8.26707,-0.377224,-0.636276,-0.332177,-0.661338,-0.343945,-0.654746,-0.624133,0.0436436,-0.521952,0.431049,-0.359818,0.771518,0.642553,0.185801,0.743328,0.210036,-0.714648,0.0894836,0.0631734,-0.072512,0.76455
68.53,0,,25.3887,23.1419,0.595765,-1.93346,-0.038886,-3.66883,65.2875,17.0925,-6.53658,-0.651421,-0.531239,-0.473383,-10.0783,2.89648,4.92645,4.92645,1.49596,-1.49596,11.5093,-11.5093,50.6235,-0.974854,-6.48281,-3.22693,-0.423983,-12.55,-96.188,82.5184,61.5207,87.8814,-228.014,74.6993,-545.388,562.489,287.091,-502.055,-158.746,519.429,-100.109,-245.6,64.4486,-106.433,-186.502,-160.656,11.2009,-2.48553,-19.0563,-0.377476,-0.636472,-0.332245,-0.66033,-0.346524,-0.656118,-0.616843,0.0313121,-0.527423,0.417261,-0.355978,0.776718,0.644511,0.18214,0.742539,0.211496,-0.714998,0.0860024,0.0628086,-0.0737955,0.764751
68.54,0,,26.3421,22.7438,0.536188,-1.82357,1.13158,-3.63628,65.3337,17.099,-5.47433,-0.310735,-0.911938,-0.519821,-12.0521,2.77422,4.87844,4.87844,1.52419,-1.52419,11.4707,-11.4707,48.6491,-0.952241,-5.44473,-3.38075,-0.736535,-12.6029,-102.54,84.4726,69.8187,1.94997,-212.886,30.2698,-627.911,591.313,390.156,-398.896,-303.202,421.424,-78.6033,-191.406,84.4752,-12.6805,159.666,-196.763,-29.6672,-6.39136,-15.6934,-0.37789,-0.636572,-0.332478,-0.659243,-0.349033,-0.657412,-0.610565,0.0187997,-0.532985,0.402241,-0.350602,0.783057,0.64627,0.17762,0.742099,0.213513,-0.715251,0.0830126,0.062562,-0.0751355,0.764966
68.55,0,,27.2924,22.3706,0.447058,-1.74403,2.03114,-3.53603,65.1532,17.1208,-4.30335,-0.0311983,-0.930647,-0.539227,-13.4643,2.58196,4.83723,4.83723,1.54737,-1.54737,11.4138,-11.4138,46.3922,-0.876866,-4.70274,-3.52688,-0.847966,-12.6495,-107.919,77.6412,82.9989,-25.3939,-211.926,31.2451,-655.776,585.959,446.767,-318.937,-201.612,184.033,-60.0573,-90.3364,80.0744,-17.0875,357.418,-138.195,-25.7317,-6.39136,-31.2467,-0.378378,-0.636572,-0.332782,-0.65832,-0.35147,-0.658442,-0.606671,0.00665329,-0.538551,0.386931,-0.342127,0.791196,0.647835,0.17267,0.741891,0.214975,-0.715547,0.0795934,0.0627459,-0.0766623,0.765097
68.56,0,,28.2121,22.0249,0.316647,-1.67459,2.61832,-3.26263,64.7299,17.1709,-3.16687,0.197173,-1.0181,-0.515662,-14.2555,2.20266,4.79242,4.79242,1.60046,-1.60046,11.2716,-11.2716,43.9615,-0.758778,-3.8876,-3.66312,-0.864273,-12.6135,-105.954,83.0111,93.7477,-1.94997,-222.666,23.9305,-585.441,559.555,388.688,-336.505,-189.521,34.3019,-60.0573,5.3853,82.0356,-95.2079,328.59,-143.063,-5.7518,-10.8298,-47.921,-0.378928,-0.636572,-0.333332,-0.657583,-0.353543,-0.659353,-0.605916,-0.00469986,-0.543841,0.37003,-0.332917,0.800245,0.649148,0.167979,0.741805,0.215035,-0.716029,0.0750149,0.063237,-0.0783137,0.76507
68.57,0,,29.1095,21.6976,0.192333,-1.62293,2.90219,-2.86684,64.0761,17.2058,-2.25205,0.358157,-1.33876,-0.478235,-14.4773,1.66349,4.76521,4.76521,1.67707,-1.67707,11.0603,-11.0603,41.5338,-0.597977,-2.95053,-3.78068,-0.81807,-12.5457,-113.774,80.5643,112.312,10.2373,-251.962,34.6767,-458.034,560.068,294.432,-327.045,-230.974,-44.9192,-76.6698,62.4998,80.0744,-137.698,147.948,-123.553,16.9527,-18.6415,-0.42036,-0.379599,-0.636388,-0.334308,-0.656832,-0.355181,-0.660373,-0.608265,-0.015138,-0.548812,0.352068,-0.324296,0.809244,0.650304,0.163705,0.741739,0.213875,-0.716762,0.0695216,0.0640903,-0.0800213,0.764933
68.58,0,,29.9892,21.3414,0.0436269,-1.58247,2.90478,-2.42939,63.2437,17.2058,-1.60278,0.514148,-1.63331,-0.482394,-14.1535,1.06894,4.74641,4.74641,1.76847,-1.76847,10.8145,-10.8145,39.1931,-0.434664,-2.16326,-3.87627,-0.668589,-12.4547,-114.747,86.9194,124.508,23.9314,-316.404,54.2003,-334.009,563.442,250.016,-231.545,-132.838,-33.213,-94.7422,89.8434,79.5961,-103.024,-37.0895,-122.078,49.9498,-1.4203,-16.1138,-0.380274,-0.63615,-0.335471,-0.656215,-0.356337,-0.661403,-0.613066,-0.0245983,-0.553615,0.335155,-0.315257,0.818142,0.651454,0.159979,0.741545,0.212411,-0.717681,0.0636623,0.0650082,-0.0815502,0.764777
68.59,0,,30.8289,20.9617,-0.0764643,-1.57318,2.61314,-2.03621,62.2228,17.1949,-1.18248,0.720057,-2.02924,-0.525365,-13.3952,0.507824,4.722,4.722,1.86222,-1.86222,10.5098,-10.5098,36.9052,-0.316576,-1.34812,-3.94988,-0.486494,-12.3191,-104.009,63.9621,115.226,33.1937,-379.885,25.3934,-244.614,500.951,257.317,-127.935,-76.1539,-42.4691,-114.748,78.6177,52.7292,1.45514,-222.185,-100.096,36.6299,3.90583,-15.1329,-0.381072,-0.635853,-0.336696,-0.655491,-0.357258,-0.662511,-0.61978,-0.0332047,-0.558558,0.31825,-0.306469,0.826814,0.652532,0.156862,0.741278,0.211189,-0.718531,0.0579244,0.0656766,-0.0827062,0.76462
68.6,0,,31.6525,20.5636,-0.198432,-1.58903,2.00392,-1.74328,61.0635,17.1644,-0.93783,0.97214,-2.52915,-0.611309,-12.2991,0.0480657,4.7076,4.7076,1.95228,-1.95228,10.1989,-10.1989,34.67,-0.233663,-0.46679,-3.99383,-0.317987,-12.1793,-85.946,47.3598,118.661,36.1187,-426.274,15.6226,-156.723,389.613,254.381,-6.75714,-106.458,-34.3019,-117.195,54.1943,44.9163,52.2604,-372.535,-57.1294,21.4936,-1.95292,-30.2659,-0.381747,-0.635552,-0.337859,-0.654715,-0.358305,-0.663444,-0.627718,-0.0407126,-0.563933,0.301097,-0.298228,0.835051,0.653529,0.15412,0.740996,0.210765,-0.719151,0.052859,0.066167,-0.0834412,0.764583
68.61,0,,32.4409,20.1655,-0.270674,-1.61691,1.0227,-1.6196,59.7759,17.1295,-0.806094,1.22422,-2.97294,-0.700025,-10.8496,-0.214206,4.68759,4.68759,2.04098,-2.04098,9.84743,-9.84743,32.4534,-0.155776,0.390153,-4.02459,-0.179377,-11.9676,-63.9732,42.4826,102.046,10.7248,-479.473,-26.8563,-93.7437,253.41,165.998,127.034,-94.6821,-40.0189,-134.281,43.4616,28.8121,41.4924,-422.339,-84.4586,13.32,3.37322,-5.32456,-0.382355,-0.635305,-0.338895,-0.653592,-0.359757,-0.664335,-0.636507,-0.0468774,-0.569976,0.284258,-0.28969,0.843068,0.654437,0.151554,0.740743,0.211377,-0.719404,0.0490142,0.0666529,-0.0840485,0.764494
68.62,0,,33.1861,19.7976,-0.342447,-1.63851,-0.195726,-1.68209,58.3839,17.1143,-0.698406,1.46383,-3.32057,-0.819237,-9.20061,-0.262271,4.67799,4.67799,2.11894,-2.11894,9.48986,-9.48986,30.2183,-0.0577877,1.15653,-4.04547,-0.0924066,-11.7283,-62.0081,29.2961,84.4656,-45.9128,-500.496,-52.2498,-62.4958,96.6697,58.6091,222.085,-26.3791,-49.275,-150.893,41.9825,16.5985,23.9059,-348.629,-110.349,6.35725,7.81167,-12.7509,-0.38279,-0.635074,-0.339756,-0.652455,-0.361966,-0.664663,-0.645532,-0.0520039,-0.576377,0.267893,-0.280345,0.850862,0.65532,0.14912,0.74047,0.213387,-0.719387,0.0464495,0.0673235,-0.084658,0.764424
68.63,0,,33.8943,19.478,-0.458317,-1.65026,-1.45693,-1.86045,56.8977,17.16,-0.619992,1.7184,-3.52897,-0.926667,-7.53177,-0.198532,4.68199,4.68199,2.20899,-2.20899,9.16886,-9.16886,27.98,0.0502502,1.76962,-4.07074,-0.0298962,-11.525,-77.1529,21.4794,110.344,-53.2252,-504.884,-35.1643,-85.9585,-72.2456,-70.804,291.458,76.6249,-9.80055,-152.827,35.6491,55.1688,-11.7243,-257.341,-90.3228,1.51363,-10.2972,-5.88504,-0.383076,-0.634858,-0.340715,-0.651513,-0.365125,-0.664147,-0.654028,-0.056888,-0.583102,0.252281,-0.270105,0.858294,0.656033,0.14704,0.740265,0.216192,-0.719072,0.0444957,0.0680572,-0.0853309,0.764377
68.64,0,,34.5353,19.1965,-0.599517,-1.65136,-2.59888,-2.11433,55.3473,17.2602,-0.544715,2.00917,-3.55987,-1.05558,-6.08815,-0.0355268,4.68479,4.68479,2.29804,-2.29804,8.84786,-8.84786,25.7635,0.140701,2.2399,-4.05206,-0.0760995,-11.2899,-99.602,14.6481,121.092,-48.8378,-477.553,0.975281,-142.065,-246.588,-157.229,357.903,245.577,0,-157.72,26.8506,72.7558,-61.0328,-166.99,-115.734,-0.605453,-15.6233,-82.5306,-0.383273,-0.634699,-0.341582,-0.650803,-0.368801,-0.663011,-0.661124,-0.0623829,-0.589952,0.237678,-0.25898,0.865137,0.656659,0.145395,0.740039,0.219552,-0.718412,0.0430315,0.0687912,-0.0855769,0.764272
68.65,0,,35.0881,18.9543,-0.759483,-1.66967,-3.49325,-2.40987,53.7467,17.404,-0.449573,2.30244,-3.47241,-1.23995,-5.07563,0.157781,4.68039,4.68039,2.39213,-2.39213,8.5492,-8.5492,23.5624,0.226126,2.62657,-3.97735,-0.274502,-11.0908,-102.54,-2.92304,103.512,-42.0129,-439.94,46.8677,-133.797,-361.815,-180.191,378.85,386.265,-24.7736,-125.008,-31.2499,49.317,-87.3917,-67.3821,-102.051,-4.84362,-9.23197,-61.0923,-0.383512,-0.634569,-0.342494,-0.650372,-0.372644,-0.66142,-0.666338,-0.0690935,-0.596878,0.223526,-0.247453,0.871091,-0.657014,-0.144172,-0.739964,0.223091,-0.717677,0.0418105,0.0696436,-0.0853302,0.764187
68.66,0,,35.5496,18.7173,-0.9551,-1.67733,-4.14006,-2.67546,52.1081,17.563,-0.370113,2.55577,-3.32753,-1.46104,-4.57832,0.374076,4.65838,4.65838,2.48453,-2.48453,8.27696,-8.27696,21.4142,0.346726,2.9784,-3.88286,-0.720228,-10.8727,-104.485,4.87721,98.63,-35.1437,-370.608,93.7534,-80.0526,-422.838,-165.019,413.537,435.569,-30.7629,-61.0438,-58.1005,45.4106,-59.0788,43.4761,-131.335,5.7518,-34.2648,-38.1126,-0.383679,-0.634602,-0.343211,-0.650266,-0.376621,-0.659361,-0.669913,-0.0771544,-0.603624,0.209782,-0.235966,0.87581,-0.657331,-0.142954,-0.739917,0.226635,-0.717076,0.0405904,0.070804,-0.0850868,0.76395
68.67,0,,35.9518,18.4986,-1.16667,-1.70302,-4.5691,-2.87205,50.4895,17.7569,-0.276017,2.81159,-3.12435,-1.74521,-4.57058,0.545441,4.62157,4.62157,2.57492,-2.57492,7.99862,-7.99862,19.3187,0.469839,3.30237,-3.72904,-1.44046,-10.6291,-95.2154,17.0949,73.7361,-47.8628,-278.333,115.228,-60.5629,-398.928,-170.403,456.107,437.924,-111.345,19.5324,-64.9269,36.1308,12.2232,175.311,-14.1625,27.8508,0,4.34372,-0.38386,-0.634721,-0.34382,-0.65036,-0.380755,-0.656952,-0.672072,-0.0862444,-0.61012,0.196362,-0.224562,0.879264,-0.657453,-0.141733,-0.740039,0.229879,-0.716555,0.0390049,0.0721472,-0.0843548,0.763649
68.68,0,,36.314,18.2851,-1.40873,-1.73446,-4.82056,-2.90981,48.929,17.9812,-0.170419,3.0799,-2.88592,-1.99265,-5.00314,0.580968,4.57676,4.57676,2.65388,-2.65388,7.78936,-7.78936,17.3008,0.592952,3.59847,-3.59719,-2.3618,-10.4343,-75.1878,37.6054,52.2386,-38.0687,-206.533,112.789,-103.515,-305.192,-132.309,462.413,391.133,-174.777,71.7768,-60.0726,29.7848,62.9869,220.193,48.3516,33.2999,17.5762,23.4,-0.383998,-0.63493,-0.344261,-0.650683,-0.38516,-0.654101,-0.672986,-0.096071,-0.616344,0.18317,-0.213627,0.881426,-0.65751,-0.140511,-0.740217,0.232367,-0.716145,0.0365,0.0734284,-0.0838048,0.763338
68.69,0,,36.6088,18.0416,-1.66204,-1.76316,-4.92555,-2.84861,47.3766,18.199,-0.127553,3.38315,-2.64749,-2.18186,-5.78367,0.526632,4.51435,4.51435,2.73352,-2.73352,7.5862,-7.5862,15.4196,0.685915,3.89108,-3.49501,-3.48427,-10.2289,-46.387,63.4694,20.0116,-11.6998,-129.889,106.938,-186.038,-203.608,-23.4518,459.035,264.105,-195.739,60.5308,-59.5796,6.346,55.1707,133.299,64.9483,39.0517,23.9676,18.4958,-0.384179,-0.635232,-0.344626,-0.651189,-0.389566,-0.651005,-0.67309,-0.106515,-0.622183,0.17042,-0.203564,0.882316,-0.657622,-0.139044,-0.740389,0.234215,-0.715708,0.0333895,0.0744057,-0.0833783,0.762979
68.7,0,,36.8364,17.7692,-1.89519,-1.82057,-4.97999,-2.7705,45.7681,18.4081,-0.25197,3.69887,-2.38688,-2.34058,-6.72611,0.424232,4.43193,4.43193,2.80073,-2.80073,7.29567,-7.29567,13.7122,0.768828,4.14886,-3.40822,-4.80242,-9.97474,-26.3594,83.5037,33.2112,-7.31237,-108.408,96.1916,-244.131,-107.892,95.2347,532.688,193.918,-250.459,20.006,-80.5519,-28.3178,16.1313,-20.9763,71.7714,45.409,9.76458,25.3617,-0.384605,-0.635474,-0.34493,-0.651874,-0.393688,-0.647845,-0.672948,-0.117255,-0.627719,0.158696,-0.194403,0.882108,-0.657742,-0.137457,-0.740571,0.23586,-0.71521,0.0300929,0.07526,-0.0830119,0.762733
68.71,0,,37.0126,17.4785,-2.09597,-1.89902,-5.07591,-2.78873,44.0612,18.602,-0.570853,4.01834,-2.11799,-2.52217,-7.64003,0.373031,4.3383,4.3383,2.86927,-2.86927,6.90153,-6.90153,12.16,0.841691,4.36136,-3.30713,-6.24016,-9.66343,-23.4416,84.9653,17.0977,9.26234,-81.0319,131.844,-202.145,-40.0468,221.67,605.89,120.119,-285.033,7.81298,-86.9232,-20.9992,-27.814,-133.768,31.755,38.1435,18.1089,2.38204,-0.385279,-0.6356,-0.345359,-0.65263,-0.397304,-0.644878,-0.673007,-0.127875,-0.633088,0.147897,-0.185985,0.881157,-0.657853,-0.135623,-0.740802,0.237864,-0.71463,0.0272228,0.0761149,-0.0824629,0.762552
