"Time,s",Activities,Activity Names,"Hip Flexion LT,deg","Hip Flexion RT,deg","Hip Abduction LT,deg","Hip Abduction RT,deg","Hip Rotation Ext LT,deg","Hip Rotation Ext RT,deg","Knee Flexion LT,deg","Knee Flexion RT,deg","Ankle Dorsiflexion LT,deg","Ankle Dorsiflexion RT,deg","Ankle Inversion LT,deg","Ankle Inversion RT,deg","Ankle Abduction LT,deg","Ankle Abduction RT,deg","Pelvic Tilt LT,deg","Pelvic Tilt RT,deg","Pelvic Obliquity LT,deg","Pelvic Obliquity RT,deg","Pelvic Rotation LT,deg","Pelvic Rotation RT,deg","Foot Pitch Down LT,deg","Foot Pitch Down RT,deg","Foot Roll Med LT,deg","Foot Roll Med RT,deg","Foot Rotation Ext LT,deg","Foot Rotation Ext RT,deg","Pelvis Accel Sensor X,mG","Pelvis Accel Sensor Y,mG","Pelvis Accel Sensor Z,mG","Thigh Accel Sensor X LT,mG","Thigh Accel Sensor Y LT,mG","Thigh Accel Sensor Z LT,mG","Shank Accel Sensor X LT,mG","Shank Accel Sensor Y LT,mG","Shank Accel Sensor Z LT,mG","Foot Accel Sensor X LT,mG","Foot Accel Sensor Y LT,mG","Foot Accel Sensor Z LT,mG","Thigh Accel Sensor X RT,mG","Thigh Accel Sensor Y RT,mG","Thigh Accel Sensor Z RT,mG","Shank Accel Sensor X RT,mG","Shank Accel Sensor Y RT,mG","Shank Accel Sensor Z RT,mG","Foot Accel Sensor X RT,mG","Foot Accel Sensor Y RT,mG","Foot Accel Sensor Z RT,mG","Pelvis Rot X,","Pelvis Rot Y,","Pelvis Rot Z,","LT Thigh Rot X,","LT Thigh Rot Y,","LT Thigh Rot Z,","LT Shank Rot X,","LT Shank Rot Y,","LT Shank Rot Z,","LT Foot Rot X,","LT Foot Rot Y,","LT Foot Rot Z,","RT Thigh Rot X,","RT Thigh Rot Y,","RT Thigh Rot Z,","RT Shank Rot X,","RT Shank Rot Y,","RT Shank Rot Z,","RT Foot Rot X,","RT Foot Rot Y,","RT Foot Rot Z,"
11.24,0,,14.772,8.65763,1.22585,-3.34135,4.74367,-7.28928,19.9401,5.82136,8.76889,2.97578,1.32574,-7.26675,-6.40492,12.7338,6.31915,6.31915,2.13764,-2.13764,-2.60776,2.60776,3.14743,1.35971,3.8937,0.895281,-4.16742,8.04941,-77.6373,94.2378,-66.4044,215.821,351.065,-161.125,338.376,611.829,0.984341,-317.373,77.6175,208.986,-10.2452,-9.75311,-17.5711,-63.474,239.239,-85.4548,-0.475451,1.00049,2.94823,-0.399688,-0.613143,-0.363125,-0.683274,-0.260088,-0.661483,-0.645601,-0.17463,-0.629914,0.102973,-0.125435,0.917355,-0.688982,-0.0545668,-0.720965,0.236947,-0.71963,0.0550556,0.0869783,-0.0519428,0.71548
11.25,0,,16.0278,8.82233,1.28795,-3.28442,4.74891,-6.96562,21.8903,5.7641,7.79456,3.15184,1.11487,-7.29027,-6.32976,12.6015,6.51352,6.51352,2.15668,-2.15668,-2.60407,2.60407,4.9892,1.1831,4.06757,0.889524,-3.89901,8.26934,-53.2268,110.838,-29.7875,142.093,279.768,41.4962,313.967,411.615,-65.9081,-289.982,89.3055,395.974,-20.0106,-58.582,16.1096,-41.0194,222.175,-51.2543,1.9018,-3.44615,12.1949,-0.397738,-0.613027,-0.36264,-0.682491,-0.261374,-0.664362,-0.644561,-0.170845,-0.627653,0.114385,-0.136481,0.916302,-0.689202,-0.0560957,-0.720516,0.236395,-0.719865,0.0544446,0.0855114,-0.0514533,0.715708
11.26,0,,17.3256,8.97735,1.33741,-3.25054,4.63701,-6.56489,23.8816,5.72525,6.09698,3.28844,0.809755,-7.33026,-5.95559,12.3596,6.68531,6.68531,2.16666,-2.16666,-2.59341,2.59341,7.49461,1.03628,4.16647,0.911474,-3.39144,8.44528,-39.5557,122.561,-16.6011,116.699,194.827,48.8201,373.051,306.155,-159.185,-72.2277,41.5321,633.884,0,-88.8546,53.2223,10.2548,152.322,-62.9846,-24.4857,14.1181,-5.36041,-0.396033,-0.612911,-0.362155,-0.681602,-0.262765,-0.667259,-0.644635,-0.166332,-0.625041,0.130625,-0.150707,0.914499,-0.689295,-0.0576803,-0.72018,0.235243,-0.720257,0.0532258,0.0844157,-0.0508447,0.715977
11.27,0,,18.6902,9.12146,1.40977,-3.24749,4.56882,-6.11622,25.9607,5.70685,4.11522,3.39468,0.372254,-7.33685,-5.39393,12.0268,6.83656,6.83656,2.17176,-2.17176,-2.5762,2.5762,10.2594,0.921371,4.32519,0.913633,-2.63581,8.56095,-21.9646,134.771,-16.1133,148.928,144.048,-14.6477,347.666,208.004,-182.125,362.822,-139.121,976.083,10.2452,-101.078,60.0537,37.5893,71.3027,-30.765,-2.37725,11.2278,-5.36041,-0.394637,-0.61274,-0.361796,-0.68019,-0.265142,-0.670119,-0.64498,-0.161871,-0.622091,0.148076,-0.166814,0.91232,-0.689222,-0.0589611,-0.720045,0.233597,-0.720751,0.0514561,0.0835004,-0.0504787,0.716284
11.28,0,,20.059,9.23408,1.54764,-3.23443,4.59067,-5.69494,28.0887,5.68231,3.06398,3.50699,-0.307322,-7.3265,-4.88224,11.6607,6.95018,6.95018,2.18291,-2.18291,-2.55652,2.55652,12.1098,0.778803,4.7447,0.915792,-1.91579,8.61797,-1.45783,144.04,-36.1291,152.346,111.801,-51.2669,285.653,90.8065,-193.359,353.946,-296.853,993.193,36.6343,-72.7683,59.0848,34.6543,2.94879,-45.8998,-13.7881,13.2288,-9.78275,-0.393635,-0.612579,-0.361651,-0.677941,-0.268747,-0.672997,-0.645237,-0.157662,-0.618929,0.15778,-0.179632,0.911098,-0.689193,-0.0596963,-0.719956,0.231633,-0.721266,0.0496225,0.0823427,-0.0500527,0.716608
11.29,0,,21.4221,9.31159,1.70288,-3.19611,4.74017,-5.36015,30.2146,5.65369,3.57358,3.62841,-0.359016,-7.30721,-4.21864,11.2939,7.04839,7.04839,2.22145,-2.22145,-2.53398,2.53398,12.3822,0.638363,4.58519,0.911834,-1.04694,8.58864,3.90373,127.927,-80.5664,125.498,75.6914,-14.6477,282.222,-13.1783,-226.077,-280.341,404.768,460.34,30.7638,-46.8656,49.8067,24.3995,-76.6686,-65.9249,-23.0594,-6.78113,-34.1726,-0.392977,-0.612295,-0.36203,-0.675154,-0.273516,-0.675581,-0.645421,-0.153817,-0.615573,0.160776,-0.180126,0.913141,-0.689236,-0.0598168,-0.719877,0.229755,-0.721738,0.0477333,0.0811811,-0.0496853,0.716957
11.3,0,,22.7461,9.35761,1.7826,-3.12391,5.00069,-5.08272,32.2918,5.60257,4.09599,3.71644,-0.383917,-7.29263,-3.67098,10.957,7.13497,7.13497,2.2897,-2.2897,-2.5057,2.5057,12.633,0.527713,4.3866,0.910394,-0.208626,8.53,17.5749,114.741,-113.281,103.521,21.4742,48.3374,292.488,-64.9305,-218.267,-498.554,688.458,474.191,-0.987828,-19.5379,51.7608,12.6948,-163.102,-74.2197,-31.8552,-25.9017,-16.6173,-0.392368,-0.612053,-0.362702,-0.672471,-0.279072,-0.677415,-0.64549,-0.150401,-0.612041,0.16376,-0.1803,0.914991,-0.689381,-0.0593304,-0.719778,0.227979,-0.722207,0.046023,0.0802653,-0.0493799,0.71726
11.31,0,,24.0192,9.38425,1.7676,-3.03726,5.42995,-4.92859,34.2831,5.52692,4.2306,3.7559,-0.588483,-7.33402,-3.40514,10.7005,7.22189,7.22189,2.36979,-2.36979,-2.47208,2.47208,13.262,0.459621,4.32838,0.955734,0.502482,8.42085,29.7882,98.6282,-145.02,106.447,-42.9839,62.0197,267.577,-13.1783,-149.406,-560.529,799.777,653.031,-24.8933,3.41992,57.6233,17.5747,-182.148,-64.9345,2.85271,-9.78261,7.77259,-0.391941,-0.611687,-0.36368,-0.670249,-0.285227,-0.678245,-0.645352,-0.14765,-0.608302,0.168097,-0.183601,0.915502,-0.689618,-0.0583533,-0.719649,0.22663,-0.722614,0.044801,0.0798996,-0.048831,0.71751
11.32,0,,25.2924,9.40121,1.68683,-2.9745,5.90117,-4.84725,36.1963,5.44104,4.07249,3.79638,-0.825515,-7.39518,-3.37475,10.4887,7.31976,7.31976,2.43781,-2.43781,-2.43437,2.43437,14.1397,0.400041,4.34512,1.01799,1.02277,8.27749,48.8209,71.2955,-155.767,134.277,-73.2463,37.1019,236.808,134.768,-61.0292,-456.014,752.458,851.018,-46.8795,26.3777,62.9932,5.87002,-172.383,-38.5645,6.89404,4.44664,3.48427,-0.391624,-0.61118,-0.364706,-0.668433,-0.291764,-0.678321,-0.64475,-0.145272,-0.605075,0.173405,-0.188908,0.914816,-0.689856,-0.0568267,-0.719582,0.225653,-0.72292,0.0438855,0.0796556,-0.0481596,0.717816
11.33,0,,26.5815,9.4339,1.58237,-2.91674,6.31731,-4.82499,37.9943,5.35311,4.00305,3.85405,-0.966411,-7.47468,-3.4587,10.3304,7.43987,7.43987,2.5042,-2.5042,-2.39134,2.39134,14.8401,0.329821,4.32758,1.08528,1.3637,8.12598,52.7409,29.7865,-147.459,117.19,-69.809,-29.7781,167.961,270.498,-11.7265,-451.729,729.99,790.725,-43.4644,40.5324,64.4547,8.30996,-181.617,-4.8902,-14.2635,-1.44516,-12.1949,-0.391318,-0.610508,-0.365865,-0.666788,-0.298052,-0.678202,-0.644025,-0.143076,-0.602579,0.177682,-0.193003,0.913926,-0.690115,-0.0549357,-0.719536,0.224992,-0.723196,0.043216,0.0793512,-0.0474276,0.718068
11.34,0,,27.8779,9.48355,1.50133,-2.87036,6.58483,-4.84725,39.7025,5.29995,4.21671,3.91476,-1.04994,-7.5603,-3.58743,10.2021,7.56204,7.56204,2.56271,-2.56271,-2.34215,2.34215,15.1686,0.276624,4.28451,1.14933,1.50109,7.95004,49.3231,7.81989,-116.696,95.2136,-41.4956,-76.168,110.356,362.78,21.9765,-605.519,758.813,648.957,-33.6991,68.8417,75.6871,26.3797,-177.749,-2.4451,-33.2816,-4.44664,-25.3279,-0.391078,-0.609782,-0.367029,-0.665008,-0.304213,-0.678132,-0.643709,-0.140571,-0.600677,0.179754,-0.194831,0.913238,-0.690333,-0.0527974,-0.71957,0.224676,-0.723408,0.0426647,0.0791677,-0.046756,0.718369
11.35,0,,29.1917,9.53321,1.43555,-2.80538,6.66614,-4.90633,41.2975,5.24679,4.47632,3.92083,-1.15175,-7.61769,-3.69616,10.1283,7.68797,7.68797,2.63607,-2.63607,-2.2905,2.2905,15.3221,0.28088,4.24224,1.19539,1.45784,7.78713,47.8491,-12.2103,-100.094,112.3,7.33526,-113.769,49.794,376.954,30.2792,-691.825,742.699,602.108,-20.9984,106.461,75.6871,23.4447,-192.397,-37.1098,-21.3953,-6.33646,-1.47411,-0.390711,-0.609109,-0.368249,-0.662963,-0.310392,-0.678162,-0.644194,-0.137824,-0.599271,0.180734,-0.195627,0.912458,-0.690592,-0.050418,-0.719586,0.22462,-0.723485,0.0423605,0.0794112,-0.0463893,0.718607
11.36,0,,30.4808,9.59739,1.41029,-2.73123,6.52626,-5.01165,42.7401,5.20998,4.64512,3.91071,-1.28634,-7.70567,-3.75053,10.0844,7.8204,7.8204,2.69851,-2.69851,-2.23189,2.23189,15.4367,0.312798,4.18721,1.26448,1.25811,7.59652,27.3423,-39.0699,-70.307,103.03,61.0209,-136.224,-24.911,327.638,56.6424,-698.711,633.762,560.148,-8.77756,152.82,67.3777,29.7744,-173.35,-58.0944,-18.0671,10.2273,-28.8122,-0.390352,-0.608387,-0.369415,-0.660698,-0.316676,-0.678156,-0.645647,-0.134647,-0.598343,0.181531,-0.196119,0.911315,-0.690939,-0.0481582,-0.719504,0.224929,-0.723495,0.0423,0.0799579,-0.0458995,0.71895
11.37,0,,31.7612,9.67611,1.38714,-2.66375,6.19229,-5.12553,44.0306,5.20589,4.79896,3.91375,-1.45245,-7.7847,-3.74173,10.0658,7.94839,7.94839,2.75098,-2.75098,-2.16876,2.16876,15.4216,0.348972,4.14015,1.32673,0.921006,7.41406,-0.485942,-51.2654,-47.3642,72.274,122.573,-101.568,-103.521,233.88,50.287,-726.102,503.946,430.601,-11.7128,174.321,73.2402,22.9496,-113.263,-87.8999,-21.8707,0,-9.78275,-0.389981,-0.607709,-0.370449,-0.65838,-0.323208,-0.677913,-0.647934,-0.131296,-0.597943,0.181469,-0.195874,0.910092,-0.691237,-0.0462045,-0.719436,0.225469,-0.723405,0.0422983,0.0805113,-0.0454745,0.719291
11.38,0,,33.0098,9.75604,1.32662,-2.60488,5.72894,-5.24113,45.1531,5.22429,4.94959,3.89958,-1.55679,-7.82515,-3.65898,10.0747,8.06371,8.06371,2.81018,-2.81018,-2.10359,2.10359,15.2594,0.408552,4.03647,1.36811,0.510115,7.25441,-35.6519,-75.1981,-71.7704,64.9484,170.412,-42.4783,-180.179,129.895,17.0976,-744.159,405.222,418.787,-29.776,179.673,67.8704,13.1899,-47.374,-75.6744,-19.9689,-9.22678,-11.6589,-0.389552,-0.607157,-0.371424,-0.656234,-0.32949,-0.677475,-0.650726,-0.128058,-0.598111,0.180861,-0.194412,0.909005,-0.691382,-0.0446801,-0.71946,0.226088,-0.723187,0.0423609,0.0811782,-0.0452889,0.719557
11.39,0,,34.2162,9.83112,1.22138,-2.55683,5.16418,-5.32247,46.0863,5.26928,5.07565,3.88137,-1.60407,-7.85056,-3.52626,10.0747,8.16192,8.16192,2.86729,-2.86729,-2.03595,2.03595,14.9633,0.4809,3.86499,1.39906,0.0203537,7.1143,-51.7528,-78.125,-111.817,52.7328,169.916,-12.2009,-220.712,66.4061,-17.0976,-707.586,333.505,318.164,-24.4135,175.778,71.7787,8.30996,18.0795,-58.0944,-9.27129,-1.00049,-14.2051,-0.389125,-0.60673,-0.372279,-0.654381,-0.334973,-0.677026,-0.654048,-0.125133,-0.598746,0.179818,-0.191721,0.908003,-0.691398,-0.0437655,-0.719537,0.226641,-0.722956,0.0422396,0.0819124,-0.0452288,0.719755
11.4,0,,35.3763,9.88683,1.07614,-2.54573,4.58805,-5.31048,46.8535,5.31835,5.26689,3.84292,-1.63464,-7.87972,-3.41713,10.0357,8.24029,8.24029,2.92881,-2.92881,-1.9675,1.9675,14.4661,0.583038,3.67836,1.43324,-0.529197,7.02145,-72.7617,-65.4269,-134.272,41.9899,136.216,28.8127,-243.168,0.480458,-58.5897,-733.906,276.881,219.578,-8.29776,169.444,80.5643,-19.5196,56.1721,-46.395,6.41859,-2.44565,6.29848,-0.38852,-0.606556,-0.372894,-0.65268,-0.339494,-0.67679,-0.657517,-0.123056,-0.59953,0.177682,-0.187753,0.90733,-0.691135,-0.043215,-0.719823,0.226937,-0.722805,0.0417496,0.082889,-0.0452288,0.719877
11.41,0,,36.5045,9.95101,0.887485,-2.53406,4.01542,-5.18376,47.4509,5.40628,5.38761,3.85203,-1.64693,-7.89666,-3.39075,9.93103,8.31591,8.31591,3.00309,-3.00309,-1.89864,1.89864,13.904,0.66177,3.5013,1.46707,-1.1767,6.98072,-53.7128,-21.4788,-146.483,39.0634,90.3265,23.4363,-235.357,-12.2174,-62.5057,-696.262,195.746,218.763,-17.1035,149.4,63.4694,-1.44982,53.2233,-38.1003,9.74675,-7.33696,-18.4934,-0.387597,-0.606605,-0.373314,-0.651056,-0.343108,-0.676815,-0.660855,-0.122014,-0.600611,0.175118,-0.18342,0.906599,-0.690761,-0.0429704,-0.720181,0.226999,-0.722623,0.040712,0.0836839,-0.0451685,0.720011
11.42,0,,37.6109,10.0067,0.672257,-2.52879,3.46901,-4.9774,47.8979,5.46966,5.45064,3.88339,-1.61352,-7.9183,-3.42912,9.77762,8.39359,8.39359,3.08087,-3.08087,-1.8306,1.8306,13.2793,0.706455,3.3043,1.51097,-1.87509,6.97583,-38.0816,27.8353,-145.507,12.2156,37.5976,27.8306,-219.233,-18.5663,-81.0584,-620.056,131.292,164.989,0,138.19,62.0079,-9.26472,-12.7136,-7.33531,0.950902,-1.00049,-14.6071,-0.386436,-0.606786,-0.373557,-0.64944,-0.346083,-0.677029,-0.663986,-0.122018,-0.601909,0.172306,-0.178593,0.905905,-0.690332,-0.0429703,-0.720546,0.226753,-0.722496,0.039491,0.0842333,-0.0449244,0.720195
11.43,0,,38.6825,10.06,0.425456,-2.5199,2.98818,-4.75734,48.181,5.54123,5.52222,3.92994,-1.53188,-7.93853,-3.55425,9.63476,8.4788,8.4788,3.17233,-3.17233,-1.76829,1.76829,12.5292,0.757524,3.11847,1.54299,-2.60909,7.00515,-29.3023,62.9878,-135.248,-12.2156,-26.8605,15.1304,-192.872,-20.0076,-94.24,-588.38,67.4046,96.5491,19.5308,122.072,38.5743,3.43007,-79.0856,15.6301,-24.0103,-12.6729,-10.7208,-0.385162,-0.60698,-0.373869,-0.64794,-0.348478,-0.677301,-0.666642,-0.123111,-0.603652,0.168588,-0.173166,0.905322,-0.68986,-0.0430933,-0.720928,0.226575,-0.722392,0.0380881,0.0847825,-0.0448023,0.720255
11.44,0,,39.6918,10.1097,0.147607,-2.49407,2.60963,-4.57753,48.3235,5.61075,5.53931,3.96434,-1.4203,-7.9564,-3.76372,9.52762,8.55683,8.55683,3.2631,-3.2631,-1.71009,1.71009,11.751,0.819232,2.95338,1.57142,-3.33038,7.03122,-20.5067,95.7013,-105.964,-17.5776,-93.2677,-12.7002,-194.322,-11.2221,-83.0056,-518.142,14.1845,100.216,52.242,120.109,31.2503,9.75978,-104.996,8.78999,-17.1162,-2.44565,-12.731,-0.383995,-0.607153,-0.374229,0.646714,0.350428,0.677417,-0.668757,-0.125194,-0.605703,0.164498,-0.167794,0.90471,-0.689463,-0.0435797,-0.721202,0.226512,-0.722262,0.0368669,0.0853923,-0.0447409,0.72025
11.45,0,,40.6575,10.1545,-0.142345,-2.44575,2.35522,-4.49362,48.3587,5.6864,5.5094,4.00076,-1.32038,-7.96299,-4.02276,9.47323,8.63211,8.63211,3.35086,-3.35086,-1.65762,1.65762,10.9576,0.889452,2.83454,1.58042,-3.98424,7.02145,-15.129,97.6525,-83.9811,-26.3758,-165.026,-21.4888,-218.257,4.87322,-45.9003,-439.487,-62.5252,60.6997,37.5939,120.109,45.4057,21.9595,-77.6354,26.8652,-13.7881,-2.00099,-31.7604,-0.383094,-0.607176,-0.374793,0.64573,0.352316,0.677226,-0.670406,-0.128124,-0.607962,0.159917,-0.162725,0.90414,-0.689197,-0.0444978,-0.721303,0.226812,-0.722064,0.0358896,0.0860013,-0.0448623,0.720238
11.46,0,,41.5624,10.1617,-0.43256,-2.37383,2.2066,-4.49362,48.2669,5.73957,5.43996,4.05136,-1.25608,-7.98275,-4.30619,9.47648,8.692,8.692,3.44325,-3.44325,-1.61048,1.61048,10.1167,0.942649,2.76356,1.59301,-4.56687,6.99375,-11.7112,105.472,-82.0299,-35.1552,-204.572,-35.1545,-253.908,6.82937,-6.82619,-374.451,-122.1,-1.62952,14.1683,132.332,23.9262,49.789,-41.5248,40.5144,-39.9379,8.78212,-55.2122,-0.382416,-0.607166,-0.375519,0.644883,0.354335,0.676746,-0.67178,-0.131963,-0.610315,0.154668,-0.157781,0.903717,-0.689062,-0.0457177,-0.721229,0.22737,-0.721845,0.0352194,0.0864933,-0.0449253,0.720147
11.47,0,,42.3918,10.1472,-0.701726,-2.30273,2.1218,-4.55527,48.0502,5.79273,5.33846,4.08475,-1.19304,-7.94464,-4.56643,9.52193,8.7334,8.7334,3.52474,-3.52474,-1.56908,1.56908,9.23477,1.015,2.71012,1.56782,-5.05154,6.94814,-30.7601,93.75,-80.5664,-45.8981,-243.162,-25.3838,-284.677,-2.91707,22.4687,-342.775,-149.902,-79.0318,0,115.232,7.81667,44.9091,-9.76485,33.2101,-44.9301,-22.4555,-39.533,-0.382045,-0.607096,-0.376307,0.644181,0.356637,0.67592,-0.672915,-0.136487,-0.612789,0.148997,-0.152781,0.903504,-0.688976,-0.0471199,-0.721081,0.228043,-0.721486,0.0347314,0.0869767,-0.0453499,0.719984
11.48,0,,43.1546,10.0975,-0.959578,-2.25525,2.09645,-4.63747,47.7086,5.82749,5.20172,4.06046,-1.10794,-7.88443,-4.77431,9.57713,8.75325,8.75325,3.61249,-3.61249,-1.61827,1.61827,8.31389,1.13841,2.6503,1.54479,-5.5095,6.9742,-34.1779,87.4083,-97.6553,-55.1684,-254.395,-19.042,-298.346,0.480458,35.1581,-293.501,-124.029,-98.9934,-0.987828,86.4163,-3.41569,-10.2548,25.8624,3.40457,-23.0594,-6.78113,-10.3188,-0.381928,-0.606982,-0.377166,0.643662,0.359218,0.674731,-0.67391,-0.141667,-0.615315,0.143137,-0.147471,0.903566,-0.688822,-0.0484037,-0.720989,0.228583,-0.72103,0.0342417,0.0878949,-0.0459007,0.719701
11.49,0,,43.8332,10.0297,-1.20717,-2.19359,2.10519,-4.6897,47.2381,5.85816,5.04574,4.00481,-1.01527,-7.83456,-4.9422,9.59012,8.75804,8.75804,3.70396,-3.70396,-1.66746,1.66746,7.34977,1.29375,2.58171,1.51816,-5.88986,6.98561,-50.7809,65.9147,-117.671,-68.3657,-264.176,-16.5952,-307.133,-7.8246,47.8475,-269.017,-74.2132,-219.578,3.89487,48.8289,-10.7397,-6.36508,66.9037,10.7399,11.1731,13.2288,17.5553,-0.381919,-0.606907,-0.378073,0.643294,0.362025,0.673265,-0.674799,-0.147351,-0.617848,0.137027,-0.14191,0.903829,-0.688742,-0.049501,-0.720847,0.228893,-0.720737,0.0334488,0.0890548,-0.0465722,0.719397
11.5,0,,44.4553,9.94617,-1.42687,-2.1375,2.11568,-4.70511,46.6544,5.90315,4.82032,4.00178,-0.934575,-7.7814,-5.04854,9.56414,8.75599,8.75599,3.79357,-3.79357,-1.71665,1.71665,6.38782,1.42355,2.51232,1.46743,-6.19516,6.99701,-68.3558,50.7776,-128.418,-86.4342,-258.789,-10.2534,-304.204,8.78552,72.7557,-278.352,-36.6527,-268.056,-3.41506,14.1547,-0.492647,17.0796,107.897,-3.40457,15.2144,10.7831,8.84468,-0.381976,-0.60684,-0.378985,0.642934,0.365019,0.671684,-0.675699,-0.153451,-0.620337,0.13093,-0.136362,0.90424,-0.688684,-0.0501727,-0.720728,0.229136,-0.720551,0.032228,0.0899075,-0.0473647,0.719077
11.51,0,,45.0049,9.83233,-1.64815,-2.0939,2.11655,-4.62462,45.9535,5.95017,4.40688,4.0119,-0.877524,-7.69579,-5.12689,9.44969,8.73785,8.73785,3.87482,-3.87482,-1.76419,1.76419,5.54908,1.54697,2.44852,1.42928,-6.47757,7.01167,-76.1795,27.8353,-140.629,-98.14,-251.95,-1.46477,-293.464,21.4833,94.7321,-204.135,-9.30502,-158.878,-0.987828,-25.8711,12.2012,-8.80502,120.61,11.2351,26.3875,3.89081,5.36041,-0.382058,-0.606873,-0.379738,0.642746,0.368191,0.669848,-0.676671,-0.159921,-0.622713,0.125613,-0.131533,0.904498,-0.688651,-0.0503579,-0.720636,0.228885,-0.720226,0.030457,0.0907644,-0.0480374,0.718791
11.52,0,,45.4979,9.70881,-1.85575,-2.06613,2.04224,-4.46279,45.1472,5.9972,3.80006,4.06755,-0.792104,-7.63134,-5.13369,9.25651,8.7139,8.7139,3.93587,-3.93587,-1.81174,1.81174,4.85085,1.6257,2.36318,1.40553,-6.73835,7.02959,-60.5483,33.6891,-135.248,-98.14,-228.988,24.9011,-271.008,19.0467,110.845,-104.057,-16.1136,-52.5521,57.6045,-31.2543,24.8951,-5.37495,73.7198,7.33531,0,6.33646,-8.30863,-0.382177,-0.60693,-0.380285,0.642672,0.371418,0.66788,-0.677646,-0.166451,-0.625214,0.121346,-0.127328,0.904604,-0.688694,-0.0499293,-0.720556,0.228289,-0.720025,0.0282614,0.0913117,-0.0484636,0.718591
11.53,0,,45.9358,9.5877,-2.06176,-2.0278,1.90848,-4.24445,44.2473,6.05241,3.12381,4.12826,-0.652784,-7.55983,-5.08652,9.03654,8.68276,8.68276,3.99507,-3.99507,-1.86134,1.86134,4.17424,1.70443,2.20606,1.38142,-7.00804,7.07846,-53.7128,27.8353,-142.093,-104.484,-210.455,42.4783,-236.333,-25.8761,105.474,3.97864,6.80855,72.9211,116.225,0,37.1128,-1.44982,3.91561,5.38541,13.7881,-15.1186,-4.42234,-0.38222,-0.607084,-0.380694,0.642677,0.374717,0.665811,-0.678748,-0.172983,-0.627658,0.117684,-0.122811,0.904662,-0.688835,-0.049076,-0.720453,0.227491,-0.719827,0.0258193,0.091859,-0.0488898,0.718332
11.54,0,,46.3056,9.4666,-2.2691,-1.98476,1.71003,-4.00727,43.2497,6.11171,2.52127,4.17783,-0.418589,-7.55795,-5.00217,8.78249,8.65025,8.65025,4.03245,-4.03245,-1.91381,1.91381,3.38738,1.80231,1.95882,1.41597,-7.29172,7.11105,-40.5275,32.7135,-124.028,-104.975,-189.441,59.0901,-187.014,-71.7941,83.99,89.3664,80.5678,50.9225,26.8689,40.5324,66.4089,-12.6948,-41.5248,-0.990421,24.0103,-14.6739,2.41218,-0.382342,-0.607206,-0.380938,0.642963,0.377941,0.663533,-0.679781,-0.179452,-0.630218,0.113836,-0.117193,0.904765,-0.689132,-0.048282,-0.720201,0.22669,-0.719684,0.023255,0.0927789,-0.0488921,0.718182
11.55,0,,46.6348,9.30432,-2.47407,-1.94671,1.50021,-3.80776,42.1994,6.13625,2.08539,4.23146,-0.174307,-7.60123,-4.93341,8.54628,8.61945,8.61945,4.06309,-4.06309,-1.96709,1.96709,2.42542,1.89807,1.69801,1.48254,-7.5983,7.12571,-27.3423,34.6647,-103.021,-106.447,-170.412,63.9671,-150.889,-104.019,36.1424,75.1351,151.377,-104.289,-52.242,81.0648,45.4057,8.30996,-51.2896,25.8747,21.3953,5.8918,37.6569,-0.382601,-0.60723,-0.381258,0.643478,0.381252,0.660996,-0.680712,-0.185804,-0.632796,0.10883,-0.1106,0.904881,-0.689507,-0.047428,-0.719844,0.226022,-0.719572,0.0207528,0.093817,-0.0486481,0.718002
11.56,0,,46.9321,9.1263,-2.68219,-1.92422,1.30875,-3.67418,41.1217,6.14034,1.6869,4.33669,0.0523236,-7.63933,-4.93381,8.33768,8.5996,8.5996,4.09397,-4.09397,-2.02202,2.02202,1.44401,1.95126,1.45954,1.5268,-7.95194,7.10779,-24.4105,38.0795,-85.9324,-92.2871,-129.377,56.6433,-124.025,-103.024,18.0605,55.2419,177.703,-201.246,-53.2298,115.232,19.049,21.4998,-74.2032,19.0347,5.94314,6.78113,6.29848,-0.382966,-0.607106,-0.381745,0.644266,0.384607,0.658183,-0.681471,-0.192021,-0.635328,0.103458,-0.10413,0.904694,-0.689854,-0.046328,-0.719518,0.22566,-0.719462,0.0184336,0.094423,-0.0484627,0.717908
11.57,0,,47.1742,8.93133,-2.87768,-1.91061,1.13652,-3.60911,40.009,6.14442,1.19119,4.44192,0.218435,-7.66144,-5.04294,8.18021,8.57257,8.57257,4.11184,-4.11184,-2.07571,2.07571,0.570688,2.00872,1.31119,1.5653,-8.36538,7.06869,-30.7601,37.5916,-73.2491,-75.6913,-85.9324,47.3553,-129.883,-87.8895,9.75782,87.3771,154.327,-236.688,-29.2962,139.172,-10.7397,4.87989,-111.329,4.8902,2.85271,-4.89131,18.0914,-0.383515,-0.606922,-0.382233,0.645245,0.387965,0.655195,-0.681922,-0.198314,-0.637852,0.098151,-0.0988834,0.904051,-0.690221,-0.0452904,-0.719153,0.225595,-0.719206,0.0164191,0.0950368,-0.0483424,0.717811
11.58,0,,47.354,8.72545,-3.09791,-1.88284,0.970414,-3.56972,38.8376,6.14851,0.48716,4.54614,0.281791,-7.70943,-5.26241,8.03735,8.53972,8.53972,4.13854,-4.13854,-2.12695,2.12695,-0.0864679,2.07468,1.3096,1.61352,-8.87295,7.01819,-29.3023,42.4846,-78.6151,-75.6913,-52.2327,31.7422,-167.961,-75.6721,26.3632,160.217,83.5182,-196.357,-38.0737,151.87,-6.83138,0,-134.774,-12.1946,16.1653,4.44664,14.6071,-0.384011,-0.606811,-0.382729,0.64647,0.39102,0.652147,-0.682058,-0.204666,-0.640429,0.0932639,-0.0957664,0.902853,-0.690599,-0.0444977,-0.718738,0.225779,-0.718964,0.014527,0.0957674,-0.0481584,0.717798
11.59,0,,47.4599,8.48809,-3.31235,-1.86229,0.77808,-3.55516,37.6116,6.15465,-0.433744,4.67565,0.238608,-7.75553,-5.55224,7.93995,8.49078,8.49078,4.15688,-4.15688,-2.17696,2.17696,-0.520969,2.13639,1.45476,1.6603,-9.44667,6.98398,-51.2668,24.4205,-97.1675,-78.6178,-18.5685,15.1304,-204.114,-61.5329,64.9451,231.985,-25.8725,-69.2547,-68.8375,147.468,4.40098,10.2548,-130.859,-53.6994,14.2635,0,14.2051,-0.384548,-0.606792,-0.383083,0.64781,0.393703,0.649214,-0.681932,-0.211013,-0.64305,0.0888713,-0.094792,0.901226,-0.690999,-0.0437024,-0.718282,0.226271,-0.71861,0.0127571,0.0964377,-0.0479747,0.717728
11.6,0,,47.515,8.22288,-3.50363,-1.85368,0.558644,-3.57058,36.3368,6.15465,-1.4508,4.83249,0.156025,-7.79599,-5.84366,7.87664,8.43295,8.43295,4.16872,-4.16872,-2.22533,2.22533,-0.864679,2.18107,1.66292,1.70852,-10.0204,6.95465,-41.9854,31.7378,-120.598,-85.4524,0.496105,0.482708,-208.019,-62.4938,98.1345,298.398,-94.7523,-107.956,-81.0583,146.012,24.8951,-9.26472,-116.695,-60.0443,-0.475451,-11.2278,5.89645,-0.385088,-0.606839,-0.383318,0.649089,0.396082,0.646525,-0.681605,-0.217415,-0.645654,0.0846608,-0.0946711,0.899528,-0.691388,-0.0428493,-0.717818,0.227062,-0.718114,0.01117,0.0969913,-0.0477327,0.717699
11.61,0,,47.5092,7.94313,-3.6815,-1.86951,0.268394,-3.56544,35.0074,6.15669,-2.49135,5.01462,0.0438132,-7.84256,-6.08751,7.832,8.36451,8.36451,4.16245,-4.16245,-2.27288,2.27288,-1.18893,2.21299,1.899,1.75206,-10.5979,6.96117,-42.9734,31.7378,-153.328,-65.4204,26.3644,11.2354,-179.203,-92.2822,122.55,375.982,-183.15,-46.034,-88.8763,124.985,28.3272,-31.7547,-88.8505,-45.8998,3.80361,-7.78162,0.938072,-0.385594,-0.606988,-0.383274,0.650352,0.397902,0.644187,-0.681263,-0.223649,-0.64818,0.0803882,-0.0947933,0.897881,-0.691743,-0.0419331,-0.717379,0.227977,-0.717624,0.00958297,0.0974158,-0.0474872,0.717618
11.62,0,,47.4729,7.65975,-3.822,-1.90922,-0.0795565,-3.53889,33.6818,6.17918,-3.43042,5.21293,-0.028053,-7.89196,-6.21743,7.76219,8.29778,8.29778,4.13808,-4.13808,-2.32042,2.32042,-1.59317,2.24917,2.05692,1.80388,-11.1093,6.95954,-33.692,28.3231,-156.742,-55.1684,39.5466,22.9536,-85.4449,-111.809,121.095,420.359,-185.987,-93.2901,-75.1878,109.374,27.8346,-33.6995,-63.9549,-12.6898,-0.475451,-5.8918,-4.82437,-0.386184,-0.607079,-0.383133,0.651512,0.399123,0.642296,-0.681124,-0.229381,-0.650482,0.0761163,-0.0940009,0.896488,-0.692066,-0.0409575,-0.71697,0.228893,-0.717075,0.00775183,0.0979052,-0.0471825,0.717564
11.63,0,,47.4178,7.40664,-3.92093,-1.96727,-0.454609,-3.48495,32.3523,6.22417,-4.26265,5.43958,-0.100234,-7.92912,-6.24821,7.65667,8.25021,8.25021,4.10836,-4.10836,-2.36879,2.36879,-2.07523,2.26406,2.16538,1.84886,-11.5495,6.95302,-31.246,10.259,-138.19,-49.3155,45.8897,39.0661,-17.5744,-145.991,95.6951,431.683,-164.54,-125.066,-33.191,94.7128,37.1128,10.2548,-60.5227,2.94031,0,4.89131,-6.29848,-0.386752,-0.607047,-0.383029,0.652509,0.399562,0.641033,-0.681208,-0.234699,-0.652458,0.0716599,-0.0924743,0.895383,-0.692307,-0.0398586,-0.716662,0.229682,-0.716514,0.00567645,0.0982088,-0.0468766,0.717553
11.64,0,,47.3497,7.18381,-3.95461,-2.04558,-0.815673,-3.42587,31.0561,6.31618,-5.0404,5.69659,-0.188176,-7.97946,-6.19984,7.54547,8.21325,8.21325,4.06704,-4.06704,-2.41798,2.41798,-2.56161,2.28108,2.24993,1.89528,-11.8866,6.94651,-26.3704,16.1128,-114.744,-51.751,44.9329,50.2849,8.78718,-189.438,85.4451,448.209,-193.817,-152.36,-6.35032,86.4163,40.0358,37.5893,-84.9832,22.9344,-0.475451,6.78113,13.669,-0.38743,-0.606874,-0.382974,0.653236,0.399254,0.640479,-0.681448,-0.239703,-0.654041,0.0673862,-0.0907028,0.894576,-0.692468,-0.0386976,-0.716455,0.230539,-0.715969,0.00329602,0.0985169,-0.0465728,0.717452
11.65,0,,47.2989,6.97431,-3.94514,-2.10473,-1.14002,-3.36764,29.8262,6.41637,-5.79358,5.97383,-0.203621,-7.99592,-6.09471,7.42615,8.18998,8.18998,4.02966,-4.02966,-2.46758,2.46758,-3.01773,2.28108,2.25072,1.92838,-12.1257,6.93347,-18.5468,21.4788,-95.704,-67.384,36.6054,49.3194,-9.76354,-222.177,58.0975,499.473,-240.682,-91.6606,14.1683,85.4347,20.5106,45.8993,-104.996,15.1349,-5.94314,2.44565,-6.29848,-0.38809,-0.606612,-0.383024,0.65366,0.398275,0.640598,-0.681654,-0.244512,-0.655348,0.0639669,-0.0885648,0.89401,-0.692732,-0.0374169,-0.716171,0.231337,-0.715313,0.000854542,0.098635,-0.0463267,0.717362
11.66,0,,47.2395,6.73937,-3.92988,-2.16027,-1.40054,-3.32141,28.6704,6.52066,-6.47838,6.28749,-0.120407,-8.01756,-5.98997,7.31414,8.15371,8.15371,3.99995,-3.99995,-2.51881,2.51881,-3.46952,2.26193,2.13827,1.95465,-12.3089,6.92044,-34.1779,24.9083,-71.7704,-91.3054,41.9917,33.6897,-52.2489,-235.356,33.2108,554.714,-268.03,-51.3299,11.7128,76.1566,26.3731,28.8197,-99.6305,12.6898,-1.9018,4.44664,-14.2051,-0.388763,-0.606431,-0.383086,0.653969,0.396813,0.64109,-0.681795,-0.249218,-0.656342,0.0613419,-0.0857566,0.893577,-0.693,-0.0359501,-0.715889,0.232316,-0.714649,-0.00164806,0.0985801,-0.0460855,0.717285
11.67,0,,47.1902,6.50564,-3.91067,-2.18415,-1.57452,-3.29572,27.5889,6.64334,-7.004,6.62646,0.0595733,-8.05237,-5.90762,7.21511,8.11812,8.11812,3.98184,-3.98184,-2.56964,2.56964,-4.01643,2.24065,1.92532,1.98847,-12.4323,6.90252,-50.7809,26.8596,-65.4288,-124.025,34.6564,17.0945,-64.4394,-222.658,18.5527,570.782,-230.923,-57.4406,5.3625,96.6761,41.4973,17.5747,-113.746,-4.39499,2.85271,9.22678,0.938072,-0.389431,-0.606242,-0.383266,0.654201,0.395157,0.641749,-0.681722,-0.253975,-0.657124,0.0587787,-0.0818507,0.893338,-0.693407,-0.0343041,-0.715503,0.233466,-0.71395,-0.00421155,0.098513,-0.0457774,0.717179
11.68,0,,47.1394,6.23679,-3.90199,-2.18943,-1.65408,-3.31969,26.5952,6.74762,-7.3683,6.96643,0.281791,-8.07684,-5.89443,7.14936,8.06713,8.06713,3.96675,-3.96675,-2.6217,2.6217,-4.65414,2.21725,1.65494,2.00611,-12.5392,6.87157,-72.7617,30.2744,-65.9166,-146.493,40.0427,8.78862,-53.2252,-197.743,8.3027,550.277,-174.299,-108.771,-9.28558,101.553,62.9932,16.1249,-97.6485,-30.765,-13.0749,-6.78113,-8.30863,-0.390163,-0.606121,-0.383449,0.654451,0.393391,0.642426,-0.681497,-0.258804,-0.65763,0.0559711,-0.077151,0.893157,-0.69394,-0.0324722,-0.714998,0.234885,-0.713202,-0.00653137,0.0983931,-0.0455953,0.717134
11.69,0,,47.08,5.95099,-3.92198,-2.18082,-1.65582,-3.40104,25.6738,6.84577,-7.62043,7.30742,0.481314,-8.09848,-5.98078,7.12258,8.01888,8.01888,3.95654,-3.95654,-2.67375,2.67375,-5.31561,2.20448,1.43641,2.01978,-12.66,6.82269,-85.9307,30.2744,-78.6151,-164.07,34.1958,-1.46477,-45.8886,-164.557,3.91597,531.761,-112.341,-139.731,-11.233,106.461,65.4236,10.7499,-52.7399,-60.5395,-4.99224,-1.00049,-3.8863,-0.390957,-0.605938,-0.383755,0.654933,0.391312,0.64303,-0.680952,-0.263567,-0.658123,0.0526148,-0.0726352,0.892864,-0.694566,-0.0304586,-0.714404,0.236581,-0.712369,-0.00866733,0.0983334,-0.0454738,0.717083
11.7,0,,46.993,5.63491,-4.00802,-2.16388,-1.64009,-3.47211,24.8284,6.93983,-7.81914,7.64031,0.566734,-8.11729,-6.13148,7.10878,7.94394,7.94394,3.95004,-3.95004,-2.72622,2.72622,-5.95332,2.20448,1.35745,2.03849,-12.8356,6.79663,-104.494,37.1038,-102.046,-169.923,13.6783,-0.482708,-73.2544,-139.642,7.31836,510.184,-82.043,-185.358,-8.29776,97.6577,74.2255,18.5648,0.966817,-50.2948,-21.3953,-2.44565,-30.2863,-0.391753,-0.605942,-0.38394,0.655724,0.38893,0.643456,-0.68022,-0.268023,-0.658673,0.0484644,-0.0690954,0.892441,-0.695222,-0.0283826,-0.713777,0.238296,-0.71147,-0.0108039,0.0983947,-0.0453519,0.716963
11.71,0,,46.8755,5.28856,-4.14405,-2.1711,-1.66107,-3.49779,24.0476,7.02775,-8.0093,7.96004,0.47501,-8.1314,-6.34695,7.08199,7.85223,7.85223,3.92357,-3.92357,-2.77705,2.77705,-6.51536,2.22363,1.49543,2.0644,-13.0963,6.79337,-113.775,37.1038,-149.41,-159.671,3.40186,-10.7361,-89.3503,-116.683,22.4687,530.69,-138.667,-108.771,-6.83013,70.2984,61.039,22.9496,20.9799,-44.4451,-13.0749,-9.78261,-2.94823,-0.392594,-0.606043,-0.383866,0.656842,0.386317,0.643658,-0.679303,-0.27199,-0.659404,0.0433365,-0.0672631,0.891816,-0.695872,-0.0261845,-0.713145,0.239874,-0.710527,-0.0131229,0.0986375,-0.0452292,0.71677
11.72,0,,46.7044,4.92404,-4.30297,-2.20443,-1.74587,-3.42244,23.294,7.12181,-8.23899,8.26461,0.243336,-8.12388,-6.57042,6.98946,7.74477,7.74477,3.88852,-3.88852,-2.8291,2.8291,-6.9758,2.26619,1.79212,2.08995,-13.422,6.82269,-94.2403,56.1583,-173.344,-142.093,6.83916,-20.0241,-64.9415,-105.461,66.4002,630.309,-220.71,-41.5528,-8.77756,41.0074,53.715,-9.75978,41.5248,-30.2697,-5.94314,-2.44565,-7.77259,-0.393391,-0.606292,-0.383564,0.658111,0.383501,0.643828,-0.678383,-0.275406,-0.660255,0.0377832,-0.0668989,0.89105,-0.696422,-0.0239262,-0.712597,0.241036,-0.709558,-0.0159307,0.0990657,-0.0451686,0.716533
11.73,0,,46.5072,4.54983,-4.45505,-2.24525,-1.90498,-3.28459,22.5853,7.21382,-8.37788,8.56917,-0.110636,-8.12999,-6.73272,6.86609,7.63219,7.63219,3.84441,-3.84441,-2.87993,2.87993,-7.46002,2.313,2.21005,2.1173,-13.754,6.87971,-47.3631,81.0519,-171.392,-117.681,11.7293,-33.6897,-20.5034,-120.114,101.066,681.113,-248.512,-141.768,-19.5308,19.0312,61.039,-12.6948,-7.83122,-20.5203,-4.99224,-3.44615,-15.6792,-0.394135,-0.606615,-0.383087,0.659348,0.380703,0.644027,-0.677521,-0.27815,-0.661224,0.0312509,-0.0670796,0.890407,-0.697004,-0.0215467,-0.712019,0.242011,-0.708698,-0.0190435,0.0995545,-0.0451078,0.716231
11.74,0,,46.2969,4.18894,-4.55609,-2.31384,-2.09382,-3.1356,21.9235,7.30788,-8.33728,8.89599,-0.532062,-8.17092,-6.81347,6.70375,7.54116,7.54116,3.78753,-3.78753,-2.93035,2.93035,-8.05232,2.34918,2.67822,2.1558,-14.0199,6.9123,-0.485942,93.75,-160.157,-89.8516,34.1958,-15.6298,29.2906,-154.776,130.853,609.803,-244.654,-359.309,-19.5308,29.7976,61.039,5.37495,-97.1651,0,0.950902,-1.44516,-6.83452,-0.394937,-0.606751,-0.382668,0.660462,0.377721,0.64447,-0.676746,-0.280294,-0.662219,0.0236823,-0.0668963,0.890038,-0.697531,-0.0188604,-0.711509,0.242932,-0.707983,-0.022401,0.0999832,-0.0449253,0.715997
11.75,0,,46.0548,3.81958,-4.6095,-2.39077,-2.30976,-3.05511,21.3301,7.40194,-8.16955,9.21876,-0.960422,-8.21373,-6.7623,6.57631,7.4474,7.4474,3.71626,-3.71626,-2.98036,2.98036,-8.67922,2.38961,3.13682,2.19862,-14.1687,6.9123,27.3423,82.0275,-154.791,-80.5624,40.0427,34.6718,23.9346,-185.045,114.74,533.138,-221.732,-567.888,-13.1804,50.7922,60.5464,23.4447,-163.102,-32.2196,-14.2635,-3.44615,-14.2051,-0.396021,-0.606728,-0.382348,0.661527,0.374222,0.64523,-0.676183,-0.28157,-0.663243,0.0160535,-0.0663502,0.88996,-0.698096,-0.0159921,-0.710975,0.244035,-0.7072,-0.0255754,0.100468,-0.0447406,0.715728
11.76,0,,45.83,3.4817,-4.64318,-2.44603,-2.48986,-3.08251,20.8147,7.49804,-7.93879,9.51522,-1.30368,-8.29229,-6.61399,6.52355,7.39094,7.39094,3.64128,-3.64128,-3.02831,3.02831,-9.28017,2.46621,3.48854,2.24828,-14.1827,6.87808,60.0624,91.3109,-135.736,-60.5493,29.8017,63.4844,-31.7454,-192.389,61.5213,469.786,-179.178,-749.987,9.76539,84.9597,48.8214,42.0095,-127.91,-47.3545,7.84494,-1.00049,14.6071,-0.397193,-0.60638,-0.382299,0.662653,0.370331,0.646111,-0.675831,-0.282308,-0.664111,0.00946063,-0.0651868,0.890153,-0.698816,-0.013062,-0.710291,0.245615,-0.706448,-0.0283825,0.101259,-0.0446175,0.715405
11.77,0,,45.6299,3.18985,-4.66186,-2.48241,-2.60963,-3.19211,20.3539,7.61254,-7.75504,9.8208,-1.55962,-8.3925,-6.38253,6.51787,7.36424,7.36424,3.57883,-3.57883,-3.07627,3.07627,-9.77736,2.53643,3.71744,2.29614,-14.0708,6.81618,62.0062,83.491,-107.915,-38.0817,23.4232,85.456,-80.0889,-192.389,48.8319,426.786,-139.121,-769.949,25.4013,100.571,43.9441,64.9238,-39.0594,-29.7745,5.94314,0.444664,-4.82437,-0.398348,-0.605824,-0.382539,0.663725,0.366227,0.647122,-0.675803,-0.282785,-0.664634,0.00457783,-0.0637234,0.890601,-0.699536,-0.0102541,-0.709607,0.247569,-0.705717,-0.0308851,0.101994,-0.0444964,0.715117
11.78,0,,45.4428,2.9101,-4.64318,-2.49324,-2.62624,-3.34196,19.9635,7.75159,-7.70803,10.1537,-1.70651,-8.5021,-6.13028,6.51706,7.3444,7.3444,3.51893,-3.51893,-3.12341,3.12341,-10.0714,2.59601,3.82751,2.35155,-13.8304,6.72006,53.2268,80.0763,-104.988,-30.7561,23.4232,98.6389,-91.8052,-175.779,27.8397,439.946,-131.292,-659.141,33.6991,107.917,20.5106,47.3491,-4.88242,-20.0251,-0.950902,-3.44615,9.24671,-0.399691,-0.605091,-0.383027,0.664717,0.36239,0.648054,-0.676001,-0.283218,-0.66477,0.00207524,-0.0625014,0.891195,-0.700344,-0.00756865,-0.708828,0.249597,-0.704963,-0.0335115,0.102669,-0.0443147,0.714774
11.79,0,,45.2674,2.62551,-4.61608,-2.4974,-2.58952,-3.48324,19.6179,7.87631,-7.77961,10.4775,-1.75536,-8.60936,-5.85045,6.51462,7.33584,7.33584,3.46995,-3.46995,-3.17014,3.17014,-10.1989,2.66836,3.83149,2.39725,-13.5174,6.63535,36.1379,74.7103,-112.305,-34.6643,9.28424,84.9566,-62.4866,-170.906,0.984341,488.302,-51.745,-492.523,50.7744,85.9413,0.492647,61.034,-19.0463,-41.5048,-9.74675,4.89131,0,-0.400978,-0.604305,-0.383642,0.665684,0.359027,0.648776,-0.676368,-0.283585,-0.664649,0.00152598,-0.0614664,0.891903,-0.701136,-0.00488299,-0.708033,0.251542,-0.704269,-0.0362572,0.103399,-0.0442528,0.714332
11.8,0,,45.0614,2.33849,-4.55293,-2.51518,-2.56067,-3.62024,19.3193,8.00513,-7.96977,10.8114,-1.82691,-8.70862,-5.59221,6.50164,7.3201,7.3201,3.40796,-3.40796,-3.21605,3.21605,-10.134,2.73007,3.89291,2.43252,-13.2108,6.54412,32.2341,80.0763,-140.629,-44.9163,5.84695,53.7138,-8.31296,-145.51,-28.3105,537.576,33.7023,-169.878,55.6571,47.3722,1.95417,84.9738,-43.4584,-38.1003,-10.6976,-6.33646,12.731,-0.402375,-0.603501,-0.384185,0.666623,0.356232,0.649288,-0.676729,-0.283583,-0.664582,0.00195322,-0.0617705,0.892498,-0.701886,-0.00231948,-0.707258,0.253437,-0.703605,-0.0390655,0.104008,-0.0442523,0.713897
11.81,0,,44.8178,2.03695,-4.47268,-2.55184,-2.57029,-3.74011,19.0713,8.13599,-8.19733,11.1615,-2.08759,-8.79001,-5.36155,6.51706,7.28348,7.28348,3.3288,-3.3288,-3.26195,3.26195,-9.95894,2.77688,4.15052,2.43971,-12.9577,6.50013,36.1379,79.5885,-194.823,-61.5311,-9.78035,36.6192,63.9651,-104.5,-40.5292,607.967,104.511,-159.286,61.5276,33.6926,1.95417,98.1283,-53.7067,-15.1349,-7.36949,1.00049,22.9157,-0.40383,-0.602815,-0.384481,0.66758,0.354085,0.649512,-0.67718,-0.283105,-0.664545,0.00177012,-0.0637853,0.892995,-0.702601,0.000183112,-0.706508,0.255328,-0.702992,-0.0418731,0.104375,-0.0444358,0.713293
11.82,0,,44.5467,1.69786,-4.37559,-2.61904,-2.64635,-3.88653,18.8839,8.24028,-8.3533,11.5075,-2.6187,-8.81918,-5.15887,6.60147,7.23797,7.23797,3.22526,-3.22526,-3.30786,3.30786,-9.78168,2.83008,4.67452,2.40301,-12.7872,6.49687,55.6565,62.5,-225.098,-66.4022,-19.0292,18.5593,115.712,-65.9257,-21.9765,542.473,101.561,-196.357,92.7712,34.6742,39.0669,95.2286,-39.5428,-24.9153,-13.7881,7.78162,11.2569,-0.405318,-0.602178,-0.384502,0.668573,0.352507,0.649467,-0.67773,-0.282006,-0.664606,-0.000244143,-0.0673835,0.893381,-0.703333,0.00292979,-0.705714,0.25746,-0.702246,-0.0443749,0.10462,-0.0449855,0.712566
11.83,0,,44.2784,1.36604,-4.28087,-2.69957,-2.80633,-4.06292,18.7551,8.31184,-8.5018,11.8515,-3.30679,-8.83611,-4.99098,6.74595,7.21367,7.21367,3.09712,-3.09712,-3.35418,3.35418,-9.53741,2.87476,5.3684,2.33824,-12.7223,6.53108,89.8506,70.8077,-225.098,-39.0634,-19.5253,1.94748,152.841,-86.4138,5.37108,551.195,8.73764,-225.281,121.588,41.0074,51.7608,131.828,48.8242,24.4201,6.89404,12.6729,19.9675,-0.406697,-0.60147,-0.384296,0.669678,0.351412,0.649107,-0.678333,-0.280233,-0.664843,-0.00305195,-0.0723922,0.893488,-0.704181,0.00579849,-0.704791,0.259842,-0.701518,-0.0464505,0.104679,-0.0457168,0.711815
11.84,0,,44.0058,1.02695,-4.18457,-2.79149,-3.00217,-4.23332,18.7082,8.37523,-8.55949,12.2219,-3.96682,-8.82811,-4.82148,6.88557,7.20204,7.20204,2.96131,-2.96131,-3.40009,3.40009,-9.28233,2.89817,6.03436,2.26627,-12.6918,6.57018,98.63,52.241,-211.912,-10.252,-3.89796,0.982061,198.73,-112.29,-3.4238,592.818,-69.3337,-274.574,150.884,56.6504,69.3319,169.912,97.6485,68.8343,-1.9018,9.22678,0,-0.408049,-0.60069,-0.384061,0.670879,0.350608,0.648539,-0.679037,-0.277718,-0.665181,-0.00567661,-0.0773361,0.893424,-0.705053,0.00897263,-0.703833,0.262222,-0.700661,-0.0485867,0.104556,-0.0464489,0.711077
11.85,0,,43.7187,0.668487,-4.09196,-2.87953,-3.23384,-4.40542,18.7355,8.40999,-8.46334,12.6458,-4.44751,-8.76414,-4.63359,7.02599,7.20067,7.20067,2.8132,-2.8132,-3.44682,3.44682,-9.08778,2.87051,6.50572,2.16408,-12.6816,6.6158,140.632,42.9724,-196.286,10.7429,33.6997,6.34179,208.493,-124.988,-2.43945,586.391,-24.3973,-346.273,191.413,96.2011,68.8557,198.237,98.6153,88.8593,3.32816,25.3459,29.3482,-0.409327,-0.59989,-0.38369,0.672191,0.350164,0.647716,-0.679842,-0.274549,-0.665559,-0.00744654,-0.0809353,0.893279,-0.706094,0.0123908,-0.702676,0.264659,-0.699612,-0.0506001,0.103885,-0.0472424,0.710468
11.86,0,,43.4692,0.324555,-4.04565,-2.94257,-3.43492,-4.57239,18.8937,8.42226,-8.21762,13.0728,-4.71007,-8.67146,-4.4617,7.14044,7.23729,7.23729,2.67158,-2.67158,-3.49642,3.49642,-8.917,2.83646,6.75536,2.05612,-12.674,6.64838,155.275,29.7865,-172.368,19.5223,84.4795,35.1545,134.29,-140.637,35.6503,577.209,70.8089,-358.087,209.956,126.474,47.3598,214.857,111.329,125.969,17.1162,39.5751,7.37056,-0.410363,-0.598972,-0.383384,0.673739,0.350115,0.646455,-0.68063,-0.270885,-0.66592,-0.00793506,-0.0831961,0.893122,-0.707299,0.0158697,-0.701318,0.267106,-0.698407,-0.0525545,0.103157,-0.0480381,0.710072
11.87,0,,43.2532,-0.0121103,-4.03328,-2.98839,-3.55993,-4.71881,19.1416,8.43453,-7.89392,13.5646,-4.82859,-8.53033,-4.33857,7.19157,7.2982,7.2982,2.53276,-2.53276,-3.54724,3.54724,-8.74191,2.74709,6.84469,1.93234,-12.6537,6.64349,148.925,28.8109,-155.767,5.85291,137.704,75.2026,24.911,-174.303,67.3846,515.693,185.079,-413.898,210.944,134.264,17.5711,243.181,104.996,111.825,10.2222,19.5652,-5.36041,-0.411289,-0.59795,-0.383149,0.675457,0.350303,0.644877,-0.68144,-0.267168,-0.666058,-0.00732445,-0.0845973,0.892972,-0.708601,0.0192273,-0.699811,0.269482,-0.696992,-0.05469,0.101932,-0.0487687,0.709985
11.88,0,,43.0763,-0.339088,-4.06801,-3.02449,-3.64911,-4.82071,19.5028,8.46315,-7.56487,14.0786,-4.91874,-8.39673,-4.26262,7.17047,7.37075,7.37075,2.39254,-2.39254,-3.59356,3.59356,-8.49115,2.64495,6.88855,1.84814,-12.6587,6.60765,137.7,56.1583,-155.279,-13.1785,177.251,86.9207,-53.6995,-185.56,49.7948,418.523,225.136,-444.045,207.021,118.652,-11.725,239.751,12.2302,97.1541,5.46769,31.2377,-15.6792,-0.412134,-0.596899,-0.382896,0.677343,0.350544,0.64304,-0.682404,-0.263135,-0.665985,-0.00592066,-0.0861853,0.892677,-0.709944,0.0223402,-0.698224,0.271682,-0.695412,-0.0571321,0.100774,-0.0491356,0.710116
11.89,0,,42.9356,-0.678175,-4.11748,-3.04143,-3.67621,-4.90462,19.9537,8.47747,-7.28176,14.626,-5.11574,-8.2683,-4.23783,7.08199,7.44329,7.44329,2.25209,-2.25209,-3.63783,3.63783,-8.13879,2.50451,6.96592,1.77761,-12.6791,6.52294,181.645,111.814,-181.149,-7.32557,177.747,55.1785,-108.403,-197.262,56.6424,207.501,288.569,120.177,214.359,109.374,0.968873,250.501,-102.048,52.2447,13.0749,32.6828,-16.0812,-0.412978,-0.595846,-0.382643,0.679194,0.350676,0.641227,-0.68387,-0.258923,-0.665314,-0.00408952,-0.0885046,0.892249,-0.711384,0.0252693,-0.696491,0.273753,-0.693812,-0.0596946,0.09937,-0.0492577,0.710544
11.9,0,,42.8762,-0.926436,-4.14247,-3.0331,-3.59403,-5.00223,20.4125,8.54494,-6.67068,15.2563,-5.7266,-8.17516,-4.22704,6.91803,7.59523,7.59523,2.11117,-2.11117,-3.67841,3.67841,-8.11934,2.31513,7.32402,1.74954,-12.6295,6.35677,236.816,151.86,-215.326,70.8013,173.353,36.1365,-68.3727,-185.045,-5.37108,-788.077,487.265,403.307,187.49,84.9597,23.4336,256.831,-148.938,47.8497,-7.84494,21.455,-27.8741,-0.413796,-0.594233,-0.382848,0.681029,0.350311,0.639643,-0.685813,-0.254891,-0.663961,-0.00628669,-0.0905162,0.892222,-0.712911,0.0278938,-0.694661,0.275835,-0.692121,-0.0626871,0.0977219,-0.0488915,0.711215
11.91,0,,42.8718,-1.04996,-4.10695,-3.02005,-3.39558,-5.13238,20.7717,8.65536,-6.52004,15.9778,-7.1179,-8.11118,-4.44611,6.70862,7.85291,7.85291,1.96562,-1.96562,-3.71161,3.71161,-7.67835,2.04702,8.40951,1.76933,-12.6905,6.1124,254.39,176.753,-166.011,194.826,141.602,7.32385,85.947,-30.7493,-101.066,-926.258,-393.988,-104.289,190.425,89.3613,62.5005,242.191,-161.12,2.4451,-10.2222,0,-52.8,-0.414522,-0.591904,-0.383575,0.682785,0.349205,0.638531,-0.68838,-0.251413,-0.661707,-0.0106205,-0.098819,0.891447,-0.714441,0.0303966,-0.692834,0.277911,-0.69029,-0.0658611,0.0956486,-0.0479159,0.712085
11.92,0,,42.8805,-1.04391,-3.95303,-2.96673,-3.0214,-5.29421,20.8615,8.80053,-6.72944,16.7629,-7.46021,-8.12247,-4.953,6.47404,8.20983,8.20983,1.82424,-1.82424,-3.74194,3.74194,-7.04065,1.72145,8.4462,1.86685,-12.8343,5.81591,273.439,172.851,-112.793,248.05,100.107,20.0241,108.403,252.446,-95.6951,-1197.27,-144.568,-1599.78,184.075,124.51,124.508,235.826,-148.455,-12.6898,-10.2222,-16.1191,-35.1107,-0.415133,-0.588914,-0.384857,0.684189,0.347374,0.638226,-0.690836,-0.249832,-0.658852,-0.00689749,-0.102547,0.889715,-0.716143,0.0328377,-0.690873,0.279922,-0.688453,-0.0691566,0.0933886,-0.046145,0.712988
11.93,0,,42.9255,-0.920381,-3.68571,-2.89064,-2.45576,-5.52198,20.7034,8.98251,-8.44197,17.6503,-7.319,-8.27253,-5.46189,6.22404,8.66325,8.66325,1.6817,-1.6817,-3.76572,3.76572,-5.05189,1.31077,8.23404,2.07807,-12.7096,5.4461,283.207,128.903,-76.176,175.776,95.2166,45.4078,353.524,677.24,23.4316,-355.017,231.491,-511.67,186.022,165.043,141.111,277.341,-78.1188,-66.4201,-19.9689,-26.3464,-16.6173,-0.415745,-0.585192,-0.38675,0.685306,0.34537,0.638366,-0.692553,-0.250445,-0.65593,0.00799602,-0.112005,0.887497,-0.717916,0.0352183,-0.688863,0.282061,-0.686689,-0.0725754,0.0908864,-0.0432153,0.713907
11.94,0,,43.0299,-0.709662,-3.38023,-2.76345,-1.90236,-5.77029,20.5218,9.20948,-11.7859,18.5863,-7.94216,-8.43672,-5.84446,5.95618,9.1704,9.1704,1.56307,-1.56307,-3.79072,3.79072,-1.42888,0.859662,9.03559,2.3242,-12.4259,5.03882,191.412,31.7378,-40.5347,49.8064,161.624,54.6958,520.508,875.017,216.298,396.487,-736.798,421.231,189.945,186.037,155.759,298.84,-29.778,-73.7245,-15.6899,3.44615,-18.0914,-0.416281,-0.581085,-0.38918,0.686285,0.344089,0.638306,-0.6937,-0.25105,-0.653659,0.0272846,-0.135751,0.883788,-0.719763,0.0373554,-0.686803,0.284079,-0.684805,-0.0761776,0.0882028,-0.0398591,0.714778
11.95,0,,43.1908,-0.520742,-3.13632,-2.65903,-1.58851,-5.92356,20.5101,9.46303,-14.5593,19.5384,-8.18865,-8.5562,-6.09711,5.67452,9.63477,9.63477,1.4384,-1.4384,-3.81736,3.81736,1.67748,0.402169,9.47904,2.54946,-12.2351,4.7016,83.9869,-33.2013,-15.6255,32.7196,291.001,-42.961,457.519,749.995,381.839,691.825,-1313.03,459.525,162.117,187.494,158.698,281.266,-79.0856,-13.6802,-23.0594,8.78212,20.5036,-0.416772,-0.577304,-0.391258,0.687319,0.34427,0.637388,-0.694385,-0.250201,-0.652573,0.0451682,-0.154915,0.879558,-0.721486,0.0393704,-0.684863,0.285791,-0.682858,-0.0801459,0.0853925,-0.036623,0.71543
11.96,0,,43.2836,-0.461401,-2.99503,-2.56655,-1.61911,-5.9227,20.7092,9.75542,-16.135,20.5057,-7.34327,-8.56232,-5.97598,5.36121,9.9431,9.9431,1.32047,-1.32047,-3.85344,3.85344,3.68569,-0.0531969,8.85375,2.69412,-12.0278,4.4833,4.87561,-69.3295,58.5993,83.0169,415.027,-154.3,382.814,446.792,335.446,751.963,-529.819,602.923,128.897,173.814,172.854,263.656,-136.708,-51.2543,-22.3462,16.1191,26.4,-0.41733,-0.57463,-0.392487,0.688441,0.345777,0.635644,-0.694747,-0.247086,-0.652874,0.0628675,-0.162357,0.876789,-0.723092,0.0413213,-0.683053,0.287125,-0.680823,-0.0845993,0.0822799,-0.0339985,0.715921
11.97,0,,43.2401,-0.595825,-2.97846,-2.48046,-2.06322,-5.75659,21.1212,10.0683,-16.8637,21.4862,-6.29207,-8.3925,-5.47108,5.07469,10.0324,10.0324,1.21995,-1.21995,-3.89688,3.89688,4.96326,-0.517074,8.06496,2.69988,-11.8968,4.44909,0.485942,-70.8077,25.8849,151.855,490.222,-171.877,326.158,133.773,234.872,-366.647,1431.61,1926.91,118.172,162.098,177.731,245.621,-163.102,-59.0848,-19.4935,14.1181,53.2021,-0.417994,-0.57352,-0.392601,0.689604,0.347793,0.63351,-0.695341,-0.24116,-0.654263,0.0767857,-0.164924,0.8751,-0.724586,0.0433983,-0.681371,0.288108,-0.678701,-0.0893622,0.0785573,-0.0324728,0.716049
11.98,0,,43.1256,-0.807755,-3.01134,-2.41548,-2.86753,-5.45091,21.7127,10.4425,-18.5944,22.4737,-6.51366,-8.05567,-5.26001,4.81007,9.99717,9.99717,1.1192,-1.1192,-3.93746,3.93746,7.40165,-0.966056,8.75884,2.55414,-12.4005,4.56313,109.369,-44.4359,-164.06,174.813,460.456,-65.9146,276.364,-97.1554,87.8846,1736.37,-188.937,707.62,110.834,174.796,215.336,271.471,-194.33,-51.2543,-11.6485,-1.00049,86.4366,-0.418602,-0.573395,-0.391867,0.690525,0.349199,0.631867,-0.696505,-0.232677,-0.656159,0.0880152,-0.181707,0.869165,-0.725988,0.0455955,-0.679843,0.288905,-0.676572,-0.0944906,0.074342,-0.0322271,0.715893
11.99,0,,43.0748,-0.933702,-3.07528,-2.36244,-4.0364,-5.01508,22.394,10.878,-18.7439,23.4086,-6.61799,-7.61911,-4.20105,4.58037,10.0122,10.0122,1.01217,-1.01217,-3.97681,3.97681,8.28579,-1.32992,9.20707,2.33536,-12.4959,4.82867,197.26,28.8109,-218.756,181.157,326.189,-6.34179,226.068,-40.0496,-92.2927,989.764,30.7519,-1558.64,85.4612,173.339,238.277,308.6,-238.272,-33.2101,-44.9301,-77.1492,66.4691,-0.418672,-0.573286,-0.390838,0.691314,0.349502,0.630887,-0.698383,-0.221808,-0.658343,0.0910088,-0.188732,0.867605,-0.727478,0.0480387,-0.678279,0.28951,-0.674363,-0.100105,0.0704978,-0.032899,0.715294
12,0,,43.0908,-0.97851,-3.13711,-2.28885,-5.39061,-4.55612,23.1066,11.3749,-17.7365,24.1594,-7.13209,-7.23147,-3.02177,4.35796,10.0831,10.0831,0.911886,-0.911886,-4.01329,4.01329,8.01341,-1.47462,9.82917,2.20258,-12.7643,5.09258,158.692,66.8904,-76.176,120.608,123.53,-49.3194,-52.7231,-143.074,-74.2108,-468.256,-619.124,316.942,82.018,176.284,225.091,333,-325.189,-23.9249,-39.4624,-110.833,8.84468,-0.418674,-0.5728,-0.390168,0.692124,0.349327,0.630108,-0.701235,-0.209125,-0.660216,0.0848431,-0.190561,0.867292,-0.729046,0.0507232,-0.676675,0.289933,-0.671974,-0.106207,0.0687301,-0.0336326,0.714341
12.01,0,,43.0328,-1.01,-3.20368,-2.18693,-6.70373,-4.128,23.6786,11.9474,-17.3968,24.6764,-6.91208,-6.98873,-1.60703,4.13718,10.1347,10.1347,0.810436,-0.810436,-4.04732,4.04732,8.32902,-1.3512,9.78291,2.24144,-12.7313,5.29134,116.205,67.866,-64.9409,48.3337,-127.428,29.2954,-269.055,-368.648,-176.261,-10.2527,173.845,-230.985,27.3487,178.216,182.132,350.115,-370.097,-5.84967,-52.2996,-103.051,34.1726,-0.419042,-0.572192,-0.389743,0.693258,0.348338,0.629413,-0.704077,-0.196727,-0.6619,0.0873456,-0.191965,0.866925,-0.730696,0.053531,-0.675028,0.290356,-0.669338,-0.112675,0.0698273,-0.033876,0.713166
12.02,0,,42.8008,-1.01605,-3.31393,-2.06835,-7.78954,-3.69302,24.0495,12.6078,-16.9844,24.8737,-6.8172,-6.80385,-0.430539,3.944,10.1628,10.1628,0.699468,-0.699468,-4.08011,4.08011,8.51277,-0.86179,9.78132,2.32744,-12.7134,5.49497,113.775,61.0365,-112.793,22.9585,-388.166,38.5667,-317.371,-548.34,-341.802,-87.8362,-198.242,108.771,-27.3487,167.956,131.34,312.49,-294.927,20.0251,-63.9482,-37.1295,96.2193,-0.419696,-0.571559,-0.389361,0.6951,0.346024,0.628691,-0.706584,-0.185863,-0.663064,0.0885636,-0.192936,0.866593,-0.732398,0.0562773,-0.673374,0.290726,-0.666661,-0.119635,0.0740377,-0.0349131,0.711507
12.03,0,,42.3744,-0.938546,-3.40891,-1.89839,-8.46971,-3.15016,24.1803,13.3787,-16.8604,24.8535,-6.69994,-6.60721,0.367777,3.66965,10.2045,10.2045,0.592447,-0.592447,-4.117,4.117,8.95375,-0.123417,9.7542,2.43647,-12.6333,5.71164,50.295,47.3628,-63.9653,-1.47267,-434.092,-2.92954,-230.95,-607.917,-305.167,332.064,-209.476,147.472,-32.2314,158.203,98.628,267.581,-96.1983,124.019,15.6899,-33.2387,68.3452,-0.420319,-0.570843,-0.389067,0.697355,0.343337,0.627833,-0.708308,-0.17787,-0.663565,0.0917409,-0.19514,0.866014,-0.734319,0.0590263,-0.671569,0.290542,-0.663852,-0.127509,0.0803844,-0.0365605,0.709604
12.04,0,,41.8147,-0.78959,-3.51021,-1.64596,-8.79318,-2.32815,24.153,14.2845,-16.2152,24.7331,-6.44684,-6.23416,0.847087,3.15585,10.2559,10.2559,0.503766,-0.503766,-4.15922,4.15922,8.84134,0.778803,9.41842,2.47498,-12.5392,5.94786,23.4386,47.8506,23.9184,-14.1603,-261.234,23.919,-4.88177,-445.796,-146.474,111.861,89.3055,-128.732,-44.9321,146.962,69.8246,196.787,59.0725,294.929,-52.2996,35.1285,87.9107,-0.420861,-0.570101,-0.388938,0.699944,0.340968,0.626513,-0.709396,-0.172252,-0.663556,0.0933283,-0.19276,0.866567,-0.736557,0.0618935,-0.669476,0.288844,-0.660765,-0.137463,0.0877717,-0.039247,0.707484
12.05,0,,41.2057,-0.590981,-3.65861,-1.26995,-8.93306,-1.09429,24.1042,15.2987,-15.4481,24.7098,-6.24763,-5.53604,1.24285,2.22403,10.3158,10.3158,0.451764,-0.451764,-4.20841,4.20841,8.63598,1.62144,9.11136,2.4156,-12.3649,6.15313,-8.2934,48.3385,61.5262,34.6643,45.3936,35.6372,14.6453,-268.061,-118.164,16.5267,46.8655,56.6259,-81.0583,149.907,43.4515,89.8537,-96.6817,222.164,-86.5321,31.7935,54.1401,-0.421353,-0.569312,-0.389185,0.702843,0.338451,0.624898,-0.710068,-0.167369,-0.663495,0.0941197,-0.19007,0.867524,-0.739239,0.0650672,-0.666909,0.284441,-0.657082,-0.150216,0.0943038,-0.0424825,0.705478
12.06,0,,40.5937,-0.343932,-3.86226,-0.7262,-8.91295,0.401583,24.0554,16.3763,-14.805,24.8464,-6.07521,-4.63234,1.63101,1.07062,10.3839,10.3839,0.436675,-0.436675,-4.26702,4.26702,8.56248,2.32577,8.80829,2.24864,-12.0837,6.42519,-30.2742,72.2712,146.971,96.1954,242.666,67.8787,-106.925,-258.795,-120.603,61.0569,-156.256,11.814,-123.535,167.006,-41.4973,65.9139,-514.153,0.990421,-175.679,-105.497,-80.1381,-0.421794,-0.568475,-0.389808,0.705955,0.334788,0.623555,-0.710785,-0.163032,-0.663053,0.0958305,-0.188121,0.868579,-0.742579,0.0683617,-0.663597,0.278095,-0.653302,-0.164806,0.0992444,-0.0461431,0.703073
12.07,0,,40.0514,-0.0133213,-4.04433,0.0205502,-8.66554,1.79556,24.0261,17.5111,-14.0635,24.7847,-5.75182,-3.96056,1.93962,-0.0714287,10.4728,10.4728,0.461747,-0.461747,-4.33178,4.33178,8.37226,3.21948,8.24441,2.17343,-11.6996,6.67445,-50.7809,80.0763,238.772,145.511,278.315,134.276,-134.765,-311.028,-34.6659,132.825,43.4612,-2.85166,-141.118,197.754,-88.8736,263.196,-990.746,-146.985,-147.39,-44.4664,110.826,-0.422273,-0.567425,-0.391021,0.708767,0.329541,0.623253,-0.711599,-0.159679,-0.662035,0.0985185,-0.184158,0.870064,-0.74663,0.0712326,-0.659467,0.271809,-0.650011,-0.179273,0.106083,-0.0496845,0.700283
12.08,0,,39.628,0.451713,-4.1822,0.980578,-8.22492,2.78882,24.0163,18.8811,-13.3082,24.6238,-5.48358,-3.47931,2.17268,-0.908281,10.5817,10.5817,0.506784,-0.506784,-4.35802,4.35802,8.10204,4.32172,7.67256,1.99495,-11.1704,6.89275,-73.7336,47.8506,273.438,153.327,176.259,149.406,-18.5507,-279.798,124.027,131.295,29.2768,92.8827,-156.726,264.157,-120.6,562.496,-1282.72,-205.079,-322.831,-183.646,243.631,-0.423004,-0.566019,-0.392911,0.71121,0.323316,0.623744,-0.712376,-0.157295,-0.660738,0.100651,-0.179816,0.871736,-0.75134,0.0729427,-0.654592,0.267958,-0.647189,-0.192942,0.114143,-0.0547522,0.696702
12.09,0,,39.264,1.09356,-4.25061,2.00142,-7.74321,3.25291,24.0397,20.6436,-12.5967,24.0865,-5.40163,-3.25538,2.33578,-1.27354,10.6929,10.6929,0.566679,-0.566679,-4.38261,4.38261,7.87506,6.02402,7.31685,1.72111,-10.6463,7.12897,-61.5202,42.4846,278.316,108.883,-61.517,118.646,63.463,-165.037,267.099,30.2989,-105.986,44.4045,-202.138,342.784,-13.6792,789.552,-1135.24,-363.763,-417.921,-152.297,348.695,-0.423925,-0.56444,-0.395175,0.713173,0.316362,0.625033,-0.712991,-0.154977,-0.659582,0.101505,-0.176886,0.873075,-0.755835,0.0733678,-0.649934,0.268203,-0.6442,-0.205455,0.126592,-0.0624417,0.692047
12.1,0,,38.9406,1.93764,-4.26956,2.86175,-7.32532,3.31113,24.1256,22.7313,-11.9215,22.5091,-5.4032,-3.01076,2.50848,-1.31575,10.8048,10.8048,0.608233,-0.608233,-4.40843,4.40843,7.71726,8.9158,7.005,1.2598,-10.1845,7.24463,-76.6654,19.5276,221.196,52.7328,-327.642,36.6192,35.1487,-39.0544,397.952,80.0319,-30.298,125.881,-230.474,417.484,83.5037,633.29,-523.918,-349.619,-522.521,-87.3765,785.702,-0.424953,-0.562779,-0.397363,0.714827,0.309284,0.626626,-0.714078,-0.151983,-0.658107,0.102484,-0.17457,0.874009,-0.759063,0.0723905,-0.646693,0.271504,-0.639816,-0.216324,0.147839,-0.0752015,0.686641
12.11,0,,38.6216,2.95248,-4.24456,3.40772,-7.05605,3.36679,24.2037,24.9601,-11.2688,19.167,-5.48074,-2.78401,2.74234,-1.61851,10.93,10.93,0.61218,-0.61218,-4.43631,4.43631,7.58756,13.578,6.76174,0.574664,-9.79523,6.99538,-97.6581,-12.2103,236.333,47.8428,-508.295,15.6298,-18.5507,17.0906,384.77,44.9893,-26.3264,51.3299,-167.479,401.366,75.1944,430.173,-121.094,-91.7996,-935.45,-281.695,1352.57,-0.425997,-0.561017,-0.399261,0.716347,0.302934,0.627963,-0.715493,-0.148262,-0.656591,0.103156,-0.172741,0.874691,-0.760411,0.0699495,-0.645598,0.275042,-0.63505,-0.226821,0.182196,-0.0951569,0.680686
12.12,0,,38.2576,3.9867,-4.19457,3.78124,-6.9695,3.6562,24.1979,27.2788,-10.7026,13.5575,-5.63488,-3.35512,3.06814,-2.68264,11.031,11.031,0.58409,-0.58409,-4.46377,4.46377,7.47947,20.5191,6.63333,0.195033,-9.4683,6.0619,-114.747,-68.8417,239.26,31.7379,-635.262,24.4184,-52.2489,52.7474,281.243,-1.53025,-32.2271,30.1461,-72.2526,277.837,36.6201,481.447,-74.2032,-213.869,-751.45,-71.8133,1146.46,-0.427225,-0.559317,-0.400855,0.717879,0.297504,0.628824,-0.717043,-0.143995,-0.655392,0.103157,-0.171643,0.875122,-0.760846,0.0662269,-0.645544,0.277601,-0.630951,-0.238903,0.235241,-0.120428,0.673801
12.13,0,,37.8386,5.00881,-4.12563,4.17919,-7.07878,4.08262,24.1295,29.8122,-10.2378,6.52022,-5.74551,-4.25082,3.51307,-3.82549,11.0792,11.0792,0.535106,-0.535106,-4.49082,4.49082,7.41246,29.0072,6.51848,-0.141417,-9.1897,4.98343,-98.144,-151.372,176.27,54.6964,-657.728,-11.7182,-111.806,3.43184,177.738,1.53025,-8.28373,-2.85166,-43.9442,197.754,-47.3598,607.9,-221.691,-438.478,-972.06,-231.892,759.302,-0.42862,-0.557902,-0.402068,0.719349,0.293416,0.629133,-0.718641,-0.139102,-0.654614,0.103338,-0.170847,0.875352,0.761393,-0.0617099,0.645298,0.279991,-0.626087,-0.252645,0.29896,-0.151006,0.661764
12.14,0,,37.376,6.13506,-4.06933,4.62407,-7.32707,4.66487,23.9734,32.5971,-9.82867,-2.13192,-5.90248,-6.44632,4.03635,-5.12014,11.1179,11.1179,0.487051,-0.487051,-4.51501,4.51501,7.34761,39.1678,6.45548,0.514931,-8.97599,3.59218,-102.048,-238.278,127.931,66.4022,-535.155,-22.4542,-143.552,-166.993,40.037,-0.459074,-17.1348,-2.0369,-63.475,204.087,-105.476,515.147,-363.281,-333.989,181.622,761.71,-388.228,-0.429777,-0.556739,-0.402981,0.720817,0.290854,0.62877,-0.720426,-0.133977,-0.653895,0.103216,-0.170297,0.875535,0.761934,-0.0567651,0.644925,0.282002,-0.620161,-0.267719,0.376413,-0.180363,0.644729
12.15,0,,36.8772,7.41996,-4.04565,5.03369,-7.69425,5.29421,23.7411,35.5497,-9.45903,-11.5318,-6.09034,-9.45943,4.57403,-5.44969,11.1548,11.1548,0.44155,-0.44155,-4.53714,4.53714,7.28708,50.0923,6.40364,1.68297,-8.88058,2.76948,-82.027,-253.903,109.866,78.6178,-365.735,-11.7182,-99.616,-375.478,-116.709,7.80426,-12.7093,5.29594,-70.8132,289.553,-106.445,362.314,-323.739,-283.694,1886.11,2451.66,524.382,-0.430456,-0.555954,-0.403415,0.722266,0.289321,0.627961,-0.722459,-0.128854,-0.652996,0.103097,-0.169752,0.875618,0.761887,-0.0512116,0.645058,0.284326,-0.614492,-0.282555,0.457658,-0.207222,0.618736
12.16,0,,36.3421,8.81386,-4.06065,5.40359,-7.97314,5.77971,23.4482,38.5453,-9.09686,-17.9255,-6.29712,-9.45473,4.9426,-3.9854,11.185,11.185,0.41996,-0.41996,-4.55764,4.55764,7.20278,58.1974,6.36535,0.185677,-8.87295,3.60684,-62.9942,-247.561,97.6553,103.03,-214.849,-38.084,-13.669,-524.42,-235.835,-11.7829,-14.6384,-41.9602,-17.1035,291.992,-62.0079,254.886,-182.632,-304.214,4870.04,2394.07,1347.61,-0.43064,-0.55559,-0.403539,0.72362,0.288166,0.627056,-0.724229,-0.124947,-0.651898,0.10279,-0.169078,0.875727,0.76117,-0.0447424,0.645804,0.287928,-0.609551,-0.295741,0.508261,-0.238963,0.583155
12.17,0,,35.7867,10.2392,-4.10195,5.72268,-8.02996,6.1616,23.1476,41.4897,-8.70265,-16.2924,-6.49254,-7.23806,5.00577,-1.73377,11.2069,11.2069,0.410674,-0.410674,-4.5769,4.5769,7.08821,58.4485,6.31032,-2.45771,-8.94164,6.25251,-37.5957,-211.921,97.6553,125.498,-108.399,-50.2849,33.6982,-576.652,-259.267,-8.26333,-7.37593,-16.2952,91.3035,217.292,-15.1407,145.018,-52.2565,-223.154,609.29,-147.406,1487.25,-0.430515,-0.555525,-0.403413,0.724895,0.287004,0.626195,-0.725489,-0.122807,-0.650535,0.102419,-0.168095,0.875815,0.759928,-0.0374776,0.647007,0.292255,-0.60508,-0.307454,0.503085,-0.24904,0.561499
12.18,0,,35.2168,11.6174,-4.14116,5.99705,-7.87697,6.57174,22.8508,44.2664,-8.32446,-14.5116,-6.65613,-8.01521,4.79509,0.51867,11.213,11.213,0.393727,-0.393727,-4.59371,4.59371,6.98661,58.4634,6.26007,-2.08671,-9.04341,8.95356,-27.3423,-188.963,98.631,120.117,-70.8012,-68.3615,22.4561,-521.983,-242.683,10.2527,-10.7802,26.0723,165.052,78.1199,12.2012,95.6883,107.413,-110.339,-540.112,12.2283,1331.53,-0.430323,-0.555636,-0.403039,0.726069,0.285666,0.625475,-0.726097,-0.122318,-0.649129,0.102119,-0.167188,0.875859,0.758447,-0.0298472,0.648336,0.295983,-0.600939,-0.318202,0.507413,-0.236768,0.547576
12.19,0,,34.6368,12.9531,-4.19825,6.2381,-7.50454,7.05895,22.5736,46.8837,-7.93452,-14.7808,-6.83107,-9.22939,4.32298,2.84497,11.2048,11.2048,0.380494,-0.380494,-4.61051,4.61051,6.87852,60.4657,6.22658,-1.58869,-9.17953,11.4412,-10.2534,-171.387,77.1517,93.2689,-58.6112,-86.9207,1.95271,-396.481,-162.587,42.5409,-2.49647,21.5912,199.711,-45.8839,4.87721,9.75978,166.969,-176.264,75.1213,284.14,1692.42,-0.43002,-0.555943,-0.402491,-0.727215,-0.284074,-0.624853,-0.726231,-0.123358,-0.647492,0.101689,-0.166328,0.875894,0.756729,-0.0219731,0.649793,0.298791,-0.59691,-0.328273,0.525585,-0.22852,0.527904
12.2,0,,34.0031,14.2429,-4.2272,6.41527,-7.01234,7.61637,22.2925,49.4049,-7.48795,-14.2647,-7.02334,-8.79895,3.66738,5.22404,11.1696,11.1696,0.349618,-0.349618,-4.62732,4.62732,6.73585,61.6871,6.21142,-2.71031,-9.35635,14.1113,-8.2934,-149.421,67.38,45.8981,-36.1448,-76.6674,12.6926,-265.144,-89.8532,13.6192,-3.85818,-15.4805,203.126,-131.35,26.3731,-42.9643,178.716,-127.455,5.46769,-839.304,1028.8,-0.429775,-0.556431,-0.401636,-0.728236,-0.282297,-0.624411,-0.726023,-0.125246,-0.6457,0.100898,-0.165356,0.875918,0.754674,-0.0141608,0.651459,0.30118,-0.593325,-0.337988,0.531706,-0.227979,0.506314
12.21,0,,33.3476,15.5036,-4.2464,6.51358,-6.48254,8.38443,22.0036,51.8258,-7.04353,-13.3339,-7.23264,-8.52186,2.92703,7.25326,11.1193,11.1193,0.293438,-0.293438,-4.64658,4.64658,6.58885,62.4255,6.22099,-3.73981,-9.56879,16.625,-10.2534,-122.561,45.4129,8.30735,-46.8819,-97.6568,29.2906,-107.897,-44.9159,2.90747,-6.35465,11.814,182.607,-159.66,10.2471,-20.5097,165.519,-88.3641,-246.997,-1505.86,711.46,-0.429602,-0.556993,-0.400485,-0.729271,-0.280221,-0.624043,-0.725666,-0.127567,-0.643816,0.0999187,-0.164497,0.875891,0.752213,-0.00659193,0.653395,0.302267,-0.59019,-0.347925,0.534337,-0.225662,0.487642
12.22,0,,32.6748,16.7243,-4.27456,6.53941,-5.99471,9.35028,21.6815,54.0852,-6.65145,-12.5295,-7.39055,-9.18941,2.21546,8.53979,11.069,11.069,0.226579,-0.226579,-4.6679,4.6679,6.47212,63.1128,6.21621,-3.83913,-9.78505,18.5523,-20.0208,-91.7987,36.6169,5.85291,-48.8309,-118.646,18.0765,65.9257,8.3027,30.2989,19.9717,19.5543,146.481,-126.474,0,28.8197,111.812,-107.925,-374.418,-1674.27,1006.28,-0.429403,-0.557583,-0.399189,-0.730391,-0.27791,-0.623634,-0.7252,-0.12989,-0.642066,0.0992507,-0.163709,0.87586,0.749355,0.000427261,0.655602,0.3019,-0.586954,-0.357873,0.540062,-0.219004,0.474691
12.23,0,,31.9759,17.9002,-4.30139,6.4947,-5.62928,10.3581,21.3183,56.1586,-6.27326,-11.7665,-7.53712,-9.92563,1.61462,9.13395,11.0094,11.0094,0.153451,-0.153451,-4.69003,4.69003,6.34674,63.5895,6.22897,-3.67036,-10.0051,19.9256,-20.5067,-59.5731,53.7059,-8.79824,-41.9917,-133.294,17.5744,237.312,81.0584,22.0356,34.7236,7.33285,89.8359,-89.3613,-41.0211,31.2596,8.31462,-72.765,-302.625,-1783.21,1193.36,-0.42924,-0.558219,-0.397804,-0.731539,-0.275342,-0.623258,-0.724771,-0.13166,-0.640599,0.0983949,-0.162974,0.875849,0.746124,0.0071414,0.658107,0.300679,-0.582984,-0.366967,0.545149,-0.212297,0.466285
12.24,0,,31.2494,19.0264,-4.32402,6.39028,-5.48415,11.2443,20.8888,58.0623,-5.92071,-10.5878,-7.64713,-10.4723,1.26363,9.12827,10.9427,10.9427,0.0670914,-0.0670914,-4.71217,4.71217,6.19759,63.3639,6.23136,-3.33931,-10.1845,20.8053,-22.4667,-43.9481,64.4531,-25.3941,-28.8095,-81.5444,10.2657,327.158,111.808,-31.6761,16.5675,-46.8487,53.2298,-48.8289,-39.0669,21.9595,-56.1721,-101.085,-474.025,-1932.62,784.228,-0.429186,-0.558839,-0.396345,-0.732768,-0.272415,-0.622899,-0.724593,-0.132393,-0.639566,0.0974764,-0.162054,0.876006,0.742641,0.0135503,0.66079,0.299631,-0.578509,-0.374646,0.545804,-0.205516,0.463525
12.25,0,,30.5113,20.1212,-4.36559,6.24032,-5.56633,11.8531,20.4203,59.7737,-5.64187,-9.1712,-7.72467,-11.0344,1.1629,8.6794,10.8647,10.8647,-0.0183399,0.0183399,-4.73348,4.73348,6.07869,62.5425,6.22498,-2.6441,-10.3486,21.1474,-24.4105,-41.509,44.4373,1.47267,-36.1448,-83.4919,-6.36025,289.064,102.543,-7.34519,7.82983,29.3314,24.8933,-28.3093,-38.0816,-6.36508,-162.619,-86.4142,-663.967,-1911.61,518.62,-0.42922,-0.559475,-0.394917,-0.734126,-0.269186,-0.622484,-0.724775,-0.131905,-0.638954,0.0968055,-0.161261,0.876132,0.738878,0.0198377,0.663678,0.299521,-0.574321,-0.37991,0.54367,-0.197826,0.466639
12.26,0,,29.7877,21.1918,-4.38796,6.0437,-5.84784,12.2008,19.9284,61.3195,-5.44743,-7.89731,-7.76344,-11.7194,1.29601,7.84174,10.7822,10.7822,-0.101914,0.101914,-4.7548,4.7548,6.0052,61.551,6.19388,-1.64735,-10.4784,20.8623,-35.1498,-45.4115,47.3642,5.85291,-21.0136,-83.4919,-28.3143,120.114,64.4529,43.459,0.453903,0,25.4013,9.75311,-17.5711,-66.409,-306.626,-13.185,-817.776,-1697.73,434.595,-0.429299,-0.560109,-0.393529,-0.735354,-0.265953,-0.622185,-0.725322,-0.130379,-0.638647,0.0966242,-0.160593,0.876271,0.734839,0.0260023,0.666781,0.30049,-0.570889,-0.382953,0.541354,-0.190441,0.474516
12.27,0,,29.0597,22.2502,-4.38349,5.78183,-6.24912,12.3968,19.413,62.6997,-5.19424,-7.07368,-7.87533,-12.346,1.53747,6.73621,10.7004,10.7004,-0.185488,0.185488,-4.77611,4.77611,5.85604,60.7658,6.19388,-0.690532,-10.6234,20.0624,-43.4594,-35.1526,45.9007,-24.9032,-4.89017,-55.6612,-13.1947,-76.6674,-9.28705,-8.26333,-15.6597,-40.3307,24.8933,25.3961,-20.0179,-100.109,-404.806,9.2852,-805.176,-1367.68,499.054,-0.429347,-0.560763,-0.392113,-0.736418,-0.262706,-0.622034,-0.726225,-0.12824,-0.63833,0.095708,-0.159676,0.876509,0.730459,0.0323509,0.670213,0.302017,-0.568265,-0.384174,0.539953,-0.185437,0.484652
12.28,0,,28.3289,23.2856,-4.36086,5.44941,-6.6198,12.36,18.9112,63.9163,-4.92395,-6.41802,-7.96454,-12.7191,1.73655,5.51462,10.6131,10.6131,-0.277884,0.277884,-4.79784,4.79784,5.69824,59.9253,6.16516,0.103994,-10.7722,18.8976,-61.5202,-29.2987,52.2424,-41.9899,-3.89796,-42.961,16.1238,-225.575,-98.6267,-11.7829,-10.7802,-4.48118,44.9321,28.3093,-11.725,-125.498,-469.245,-29.7745,-742.654,-1074.2,403.773,-0.429523,-0.561365,-0.390703,-0.737446,-0.259406,-0.621903,-0.727087,-0.126166,-0.637971,0.0949127,-0.158574,0.876676,0.725839,0.039063,0.673897,0.304473,-0.566523,-0.383278,0.537083,-0.182629,0.496736
12.29,0,,27.6184,24.2956,-4.32876,5.06229,-6.86634,12.0252,18.4408,64.9285,-4.64618,-5.65004,-8.03357,-12.7026,1.8121,4.31657,10.5344,10.5344,-0.375619,0.375619,-4.82079,4.82079,5.5534,58.7464,6.1213,0.630079,-10.9172,17.4933,-74.7054,-21.4788,46.3886,-29.7932,-20.0214,-42.4783,15.1474,-269.537,-133.293,13.1601,-8.28373,-12.2214,50.7744,13.6797,-12.6939,-149.402,-503.422,-93.7495,-794.003,-958.474,256.362,-0.429728,-0.561882,-0.389319,-0.738443,-0.256178,-0.621737,-0.727696,-0.124701,-0.637481,0.0943039,-0.157478,0.876812,0.72111,0.0461452,0.677712,0.308179,-0.566064,-0.379777,0.530355,-0.181647,0.510823
12.3,0,,26.9107,25.2741,-4.25982,4.62768,-6.95201,11.3933,17.9996,65.7443,-4.28188,-4.93974,-8.06698,-12.5064,1.70417,3.23702,10.4506,10.4506,-0.493319,0.493319,-4.84293,4.84293,5.34156,57.4271,6.04473,1.02302,-11.0622,15.8952,-83.501,-3.90255,37.5926,-31.247,-44.4368,-34.6718,13.1947,-200.179,-116.216,1.98932,-10.2128,-41.1454,40.0494,10.2598,-30.2814,-182.607,-513.67,-77.6242,-790.437,-824.741,209.458,-0.430036,-0.562374,-0.387796,-0.739312,-0.252948,-0.621689,-0.727883,-0.124213,-0.636875,0.0934483,-0.155828,0.877046,0.71634,0.0536523,0.681549,0.313129,-0.566929,-0.373619,0.521813,-0.181649,0.526207
12.31,0,,26.1871,26.2309,-4.1601,4.16725,-6.90043,10.478,17.5525,66.3639,-3.87378,-4.45912,-8.05658,-12.3154,1.4891,2.29708,10.3674,10.3674,-0.618216,0.618216,-4.86506,4.86506,5.09944,56.1589,5.92749,1.41057,-11.1666,14.1146,-90.8225,7.31729,41.5104,-36.6279,-77.6404,-28.8127,4.88177,-95.1993,-84.9529,-9.33451,-7.82983,-39.9233,29.2962,7.31483,-54.6839,-205.557,-457.014,-86.4142,-761.197,-632.757,228.085,-0.430517,-0.562731,-0.386385,-0.740109,-0.249653,-0.621691,-0.727798,-0.124331,-0.636183,0.0926556,-0.153816,0.87736,0.711645,0.0616486,0.685277,0.318981,-0.569112,-0.365064,0.513266,-0.182136,0.542259
12.32,0,,25.4925,27.1827,-4.03565,3.67071,-6.73083,9.31004,17.1308,66.783,-3.40799,-4.21426,-7.98692,-12.2731,1.18328,1.54465,10.2894,10.2894,-0.753095,0.753095,-4.88596,4.88596,4.80545,54.9524,5.73608,1.93846,-11.2353,12.2313,-114.747,-13.1859,43.4617,-28.8114,-81.5383,-27.8306,6.36025,-8.30506,-48.8319,-19.5872,1.47519,-69.2547,26.8689,-0.981644,-72.2714,-246.576,-353.517,-92.7591,-712.939,-376.519,336.902,-0.431186,-0.562911,-0.385101,-0.740826,-0.246535,-0.621678,-0.727573,-0.124945,-0.635345,0.0919855,-0.151132,0.877739,0.706983,0.0703137,0.688916,0.325467,-0.572497,-0.354156,0.505409,-0.181837,0.558697
12.33,0,,24.8023,28.114,-3.89488,3.18361,-6.51227,7.91092,16.7111,66.9916,-2.89518,-4.17278,-7.84602,-12.4495,0.879467,0.990262,10.2128,10.2128,-0.883796,0.883796,-4.90523,4.90523,4.46174,53.7842,5.48803,2.67793,-11.2467,10.3041,-103.02,-25.884,35.1535,-59.5675,-82.9912,-40.0315,12.2184,63.4891,-22.9394,-31.6761,21.4469,-46.034,20.9984,-2.43828,-82.5184,-268.076,-196.796,-96.6898,-682.51,-66.922,410.205,-0.431984,-0.562977,-0.384006,-0.741439,-0.243667,-0.62162,-0.727168,-0.125681,-0.634631,0.0913729,-0.147894,0.878267,0.70255,0.0795328,0.692235,0.332295,-0.576939,-0.341085,0.498375,-0.17994,0.575344
12.34,0,,24.1294,29.0465,-3.76964,2.71013,-6.33217,6.4082,16.2894,66.9998,-2.47319,-3.99672,-7.69189,-12.6607,0.62642,0.628248,10.1471,10.1471,-1.01566,1.01566,-4.92326,4.92326,4.20883,52.3394,5.25514,3.47209,-11.2505,8.50067,-107.911,-48.3385,32.2266,-63.4757,-70.8012,-41.4962,7.3366,150.383,6.82619,16.5267,20.5391,95.327,9.28558,-6.83984,-68.8557,-281.725,-101.564,-92.2949,-664.443,221.665,270.969,-0.43277,-0.562967,-0.382962,-0.742118,-0.240923,-0.621382,-0.726802,-0.126169,-0.634021,0.0912535,-0.145212,0.878658,0.698291,0.0892396,0.695239,0.338777,-0.582147,-0.326325,0.489469,-0.176097,0.592075
12.35,0,,23.474,29.9681,-3.67597,2.26441,-6.21065,4.9363,15.8814,66.826,-2.10782,-3.50497,-7.5948,-12.6523,0.446529,0.430196,10.0807,10.0807,-1.12941,1.12941,-4.94089,4.94089,4.00346,50.469,5.08207,4.0464,-11.2569,6.93999,-100.104,-54.1923,33.2022,-48.3337,-58.6112,-47.3553,-13.1947,206.048,53.2186,39.4804,28.8229,14.2583,1.94743,-15.1363,-54.6839,-286.146,-66.4203,-46.8902,-731.481,308.597,168.451,-0.433447,-0.563035,-0.38199,-0.742818,-0.23841,-0.620988,-0.726595,-0.126287,-0.633451,0.0910673,-0.143132,0.878995,0.69417,0.0994287,0.697954,0.344204,-0.587813,-0.310632,0.476821,-0.171453,0.608173
12.36,0,,22.8374,30.8751,-3.58467,1.82897,-6.21153,3.6288,15.4695,66.4927,-1.72429,-2.95656,-7.59796,-12.482,0.369776,0.28328,10.0167,10.0167,-1.23899,1.23899,-4.95852,4.95852,3.75919,48.4581,4.99195,4.4102,-11.2874,5.5862,-103.522,-56.6462,26.3727,-60.0584,-34.6564,-20.5068,-36.1251,208.999,51.2713,6.88611,8.73764,-9.36975,-7.81795,-31.7293,-58.5922,-256.831,-42.0082,-1.45468,-764.05,282.251,-0.938072,-0.434113,-0.563089,-0.38107,-0.743452,-0.236159,-0.62052,-0.726662,-0.125739,-0.633029,0.0900301,-0.141301,0.879304,0.690219,0.110113,0.700352,0.347864,-0.593609,-0.294882,0.462486,-0.166878,0.622895
12.37,0,,22.2023,31.758,-3.516,1.39464,-6.38113,2.54821,15.0614,66.006,-1.37708,-2.56498,-7.7026,-12.3126,0.42934,0.196429,9.95199,9.95199,-1.34183,1.34183,-4.97532,4.97532,3.54735,46.5303,4.97041,4.71642,-11.3637,4.48004,-101.562,-64.4513,15.6255,-66.8931,-20.5175,-3.9116,-33.196,177.735,13.1816,0,-3.40427,24.8502,0,-69.3484,-68.8557,-225.112,10.2483,18.5394,-739.802,287.142,-29.3482,-0.434604,-0.563277,-0.380035,-0.744112,-0.233958,-0.619961,-0.727199,-0.124272,-0.632591,0.0887505,-0.140023,0.879509,0.686321,0.121223,0.702558,0.349579,-0.599296,-0.279261,0.448751,-0.161751,0.635771
12.38,0,,21.5889,32.5875,-3.46916,0.998351,-6.63466,1.58407,14.669,65.3476,-1.08222,-2.4213,-7.83404,-12.2491,0.554064,0.195617,9.87979,9.87979,-1.43956,1.43956,-4.99295,4.99295,3.37441,44.762,4.98716,5.118,-11.4668,3.58077,-109.855,-81.0519,16.6011,-64.9484,-6.34305,11.2354,-18.0765,132.812,19.0449,-4.89679,-8.73764,-7.74023,26.3609,-120.616,-92.2893,-199.722,125.009,17.58,-671.337,390.082,62.0467,-0.435026,-0.563575,-0.378931,-0.74479,-0.231946,-0.619295,-0.727833,-0.122445,-0.632306,0.0874677,-0.139167,0.879621,0.682751,0.132571,0.704297,0.349691,-0.604833,-0.263443,0.436663,-0.155463,0.646999
12.39,0,,20.9755,33.3771,-3.4368,0.661217,-6.95813,0.722678,14.2747,64.5502,-0.783089,-2.42333,-7.99259,-12.2561,0.715167,0.297079,9.79834,9.79834,-1.52546,1.52546,-5.01098,5.01098,3.17986,43.0703,5.02465,5.59263,-11.6067,2.91773,-98.144,-78.6128,8.30817,-41.0081,32.7075,2.44683,-11.7162,67.3671,10.7422,-28.7686,-2.49647,-32.183,41.517,-171.883,-88.381,-232.926,211.443,17.0848,-578.624,484.35,168.987,-0.435344,-0.564018,-0.377782,-0.745459,-0.229809,-0.618683,-0.72856,-0.120369,-0.632118,0.0858817,-0.138314,0.879693,0.679488,0.14393,0.705551,0.348285,-0.610202,-0.247511,0.425559,-0.147957,0.656651
12.4,0,,20.3752,34.128,-3.39654,0.355741,-7.3157,0.00941879,13.8999,63.6423,-0.498912,-2.36464,-8.16879,-12.1752,0.87467,0.476462,9.71485,9.71485,-1.6153,1.6153,-5.03148,5.03148,3.0026,41.2744,5.08686,6.01436,-11.7861,2.52837,-89.8506,-83.491,10.2594,-41.0081,39.0505,3.41225,4.88177,33.2202,-18.0605,-27.8505,-2.95037,-10.5919,31.2436,-213.365,-73.7329,-294.42,268.05,58.0944,-501.363,492.688,229.023,-0.43564,-0.564495,-0.376554,-0.746085,-0.227616,-0.618146,-0.729291,-0.11811,-0.631995,0.0842341,-0.137704,0.879636,0.676432,0.154916,0.706463,0.345241,-0.615158,-0.23189,0.413775,-0.139715,0.664762
12.41,0,,19.7763,34.8425,-3.36629,0.062206,-7.70911,-0.37247,13.5309,62.665,-0.228623,-2.1562,-8.37903,-11.956,1.02698,0.592534,9.63546,9.63546,-1.7012,1.7012,-5.05197,5.05197,2.84479,39.3189,5.18496,6.26337,-12.01,2.40456,-78.1232,-75.6859,-8.79599,-43.4626,61.0209,12.2009,6.83448,21.0029,-21.4843,-31.6761,8.73764,-37.8864,3.41506,-254.404,-44.9294,-357.894,276.365,61.5299,-418.872,349.173,229.962,-0.435746,-0.565084,-0.375197,-0.746724,-0.225287,-0.617632,-0.730023,-0.11579,-0.631873,0.0824637,-0.137399,0.879511,0.673372,0.165291,0.707309,0.339996,-0.619805,-0.217609,0.400468,-0.131536,0.671476
12.42,0,,19.1832,35.5206,-3.34155,-0.222164,-8.10427,-0.369901,13.1834,61.6283,0.00961501,-1.89313,-8.61606,-11.6596,1.1601,0.538962,9.54922,9.54922,-1.78291,1.78291,-5.07124,5.07124,2.7259,37.2804,5.31416,6.41846,-12.2606,2.49253,-78.6092,-71.2955,-15.6255,-29.3023,63.466,16.1125,-8.78718,10.7417,-3.91597,-8.26333,3.40427,-7.74023,-13.6603,-295.411,-26.8493,-382.824,232.423,69.8247,-314.035,137.179,226.611,-0.435702,-0.565839,-0.373686,-0.747353,-0.22279,-0.617219,-0.730737,-0.11359,-0.631674,0.0807517,-0.137455,0.879358,0.670247,0.175115,0.708151,0.332116,-0.624129,-0.204971,0.386376,-0.123298,0.676981
12.43,0,,18.6162,36.1358,-3.30893,-0.517365,-8.5108,-0.0428127,12.8652,60.4894,0.252127,-1.62499,-8.82126,-11.3887,1.29122,0.280033,9.44314,9.44314,-1.97119,1.97119,-4.45188,4.45188,2.60268,35.1802,5.39073,6.98089,-11.8751,2.16345,-69.3439,-70.8077,-31.2509,-33.2105,60.5602,19.042,-15.6217,-13.1783,-9.75782,21.4235,-8.73764,-32.183,-4.88269,-332.017,-37.1128,-347.18,180.166,96.1946,-214.428,-0.444664,185.604,-0.435516,-0.56669,-0.372035,-0.747909,-0.220289,-0.61692,-0.731365,-0.111456,-0.631505,0.0792273,-0.137396,0.879252,0.66709,0.184153,0.709084,0.321912,-0.628198,-0.193611,0.372038,-0.114389,0.681877
12.44,0,,18.0391,36.6748,-3.29261,-0.758691,-8.89896,0.458095,12.5665,59.2298,0.575832,-1.38317,-8.99556,-11.2113,1.39156,-0.160715,9.32473,9.32473,-2.14251,2.14251,-3.87762,3.87762,2.41462,33.0459,5.39631,7.58938,-11.552,1.87021,-61.0343,-64.9391,-36.1291,-34.6643,56.1661,40.0315,16.598,-25.8761,-3.91597,13.6192,-26.8938,-92.8827,-0.987828,-385.248,-63.4694,-270.516,177.749,62.4894,-125.519,-26.9022,250.465,-0.435204,-0.567719,-0.370259,-0.748515,-0.217663,-0.616611,-0.732096,-0.109442,-0.631077,0.0777634,-0.136544,0.879263,0.66422,0.192332,0.709815,0.310018,-0.632183,-0.182873,0.357689,-0.104438,0.68669
12.45,0,,17.5011,37.1531,-3.25788,-0.948642,-9.25653,0.981266,12.3108,57.8271,1.02346,-1.21622,-9.08035,-11.0834,1.47511,-0.674514,9.21899,9.21899,-2.30897,2.30897,-3.27507,3.27507,2.12711,30.918,5.29103,8.26444,-11.1793,1.51507,-56.1587,-55.6705,-41.0226,-37.1188,36.6054,28.8127,20.5034,-5.86845,-15.1289,-9.79358,-11.688,-67.2178,7.33815,-398.927,-76.1797,-250.501,163.102,20.5203,-23.5348,69.3676,299.379,-0.434781,-0.5687,-0.368553,-0.748964,-0.215167,-0.616445,-0.732757,-0.107487,-0.63058,0.0764182,-0.134525,0.87948,0.661707,0.19947,0.710353,0.297195,-0.63614,-0.172006,0.343522,-0.0938765,0.691378
12.46,0,,16.9849,37.6,-3.23499,-1.09138,-9.55203,1.49245,12.0941,56.3488,1.50208,-0.986532,-9.08351,-10.8232,1.51668,-1.16234,9.12078,9.12078,-2.47704,2.47704,-2.59218,2.59218,1.8396,28.7051,5.09164,8.84738,-10.7073,1.11268,-62.4921,-49.3141,-29.2996,-48.3337,35.6487,38.5667,13.1947,29.3079,11.2343,-29.2277,2.49647,-24.8502,-12.2208,-394.051,-68.8557,-276.845,92.7661,22.9344,86.5321,54.6937,335.026,-0.434191,-0.569704,-0.366862,-0.749395,-0.212849,-0.616205,-0.733376,-0.10578,-0.629855,0.0757479,-0.131964,0.879798,0.659354,0.205522,0.710872,0.283954,-0.639934,-0.16096,0.328271,-0.0836852,0.695667
12.47,0,,16.4918,38.025,-3.22473,-1.23551,-9.83004,2.06528,11.893,54.8275,1.9668,-0.683995,-9.03654,-10.4097,1.56025,-1.65504,9.02873,9.02873,-2.62864,2.62864,-1.91831,1.91831,1.56939,26.4048,4.87152,9.21478,-10.2277,0.726581,-61.5202,-31.25,-19.528,-31.247,14.1744,-0.482708,-12.2184,86.4138,38.0897,-2.90747,-0.453903,-18.7395,-47.3593,-383.791,-63.9621,-317.865,-40.5096,87.8999,151.907,-124.061,243.229,-0.4335,-0.570716,-0.365258,-0.749847,-0.210458,-0.615991,-0.733849,-0.10419,-0.629231,0.0753811,-0.129338,0.880159,0.65684,0.210401,0.711714,0.270219,-0.643839,-0.150156,0.311659,-0.0745272,0.699555
12.48,0,,16.0191,38.4186,-3.22263,-1.38714,-10.1273,2.66466,11.6978,53.2305,2.40375,-0.421932,-8.95648,-10.0033,1.653,-2.14935,8.95207,8.95207,-2.74518,2.74518,-1.32724,1.32724,1.33161,24.1195,4.60832,9.4771,-9.80922,0.386098,-55.1706,-9.28335,-23.4306,-31.7379,17.0802,0.982061,-8.31296,117.197,17.5683,0,4.42556,-17.5174,-46.8795,-354.975,-52.2535,-284.165,-174.317,104.985,224.651,-271.467,198.737,-0.432639,-0.571745,-0.363788,-0.750226,-0.208142,-0.615819,-0.734462,-0.102482,-0.628501,0.0755634,-0.12659,0.880576,0.654162,0.214127,0.712943,0.256242,-0.64799,-0.139291,0.294877,-0.0656775,0.703225
12.49,0,,15.5362,38.7359,-3.21394,-1.55904,-10.4822,3.11591,11.5006,51.5068,2.85993,-0.323785,-8.86507,-9.69794,1.8129,-2.5341,8.86755,8.86755,-2.85568,2.85568,-0.802577,0.802577,1.07436,21.9427,4.31562,9.73834,-9.44158,0.0130328,-50.7809,5.36601,-31.7387,-25.3941,22.9626,-21.4888,21.9819,86.4138,4.38674,-10.2527,18.61,-17.9247,-31.7516,-336.419,-47.3598,-207.997,-278.83,107.43,331.627,-338.389,253.949,-0.431851,-0.57279,-0.362266,-0.750578,-0.206002,-0.615563,-0.735246,-0.100405,-0.62776,0.0758714,-0.123543,0.881036,0.651477,0.21663,0.71447,0.242996,-0.652507,-0.127205,0.27888,-0.0568259,0.706936
12.5,0,,15.0708,38.9818,-3.22578,-1.69622,-10.8494,3.2178,11.3229,49.6277,3.30222,-0.394613,-8.76263,-9.53,2.01598,-2.68669,8.7861,8.7861,-2.93949,2.93949,-0.299634,0.299634,0.843062,19.851,4.01573,10.0474,-9.07267,-0.47407,-40.0416,15.625,-34.1778,-17.0867,28.8095,-30.2774,28.3143,41.0105,-0.984341,-25.4021,6.80855,0,-24.4135,-305.165,-61.039,-132.818,-274.914,109.875,432.185,-263.686,311.038,-0.430943,-0.573899,-0.360869,-0.750911,-0.203995,-0.61528,-0.736045,-0.0982085,-0.627033,0.076419,-0.120549,0.881565,0.649006,0.218024,0.716086,0.231523,-0.657395,-0.11274,0.263625,-0.047671,0.711037
12.51,0,,14.6082,39.1876,-3.2392,-1.79092,-11.2105,2.87701,11.1472,47.6627,3.6334,-0.51502,-8.67406,-9.41709,2.24864,-2.52598,8.70534,8.70534,-3.02306,3.02306,0.264793,-0.264793,0.730654,17.7593,3.75971,10.3767,-8.61471,-1.15504,-33.692,10.7468,-67.38,-13.6694,35.6487,-52.249,33.196,-4.39276,-53.7108,-3.97864,29.2768,85.9573,-24.8933,-261.244,-64.9473,-83.9837,-196.796,21.975,475.213,-163.081,355.931,-0.430086,-0.574933,-0.359646,-0.751213,-0.202041,-0.614973,-0.736803,-0.0958924,-0.626383,0.0774553,-0.118472,0.881978,0.646819,0.218516,0.717623,0.222365,-0.662333,-0.0956479,0.248245,-0.0383324,0.715498
12.52,0,,14.1644,39.3766,-3.24841,-1.86257,-11.5479,2.21513,10.991,45.6507,3.91224,-0.623286,-8.63371,-9.164,2.43612,-2.08604,8.64751,8.64751,-3.11894,3.11894,0.874719,-0.874719,0.696067,15.6527,3.5683,10.5073,-8.13386,-1.94515,-29.3023,18.5519,-77.6395,-20.5041,63.466,-44.4258,45.8886,-20.0076,-61.0292,42.5409,36.0853,113.659,-41.009,-210.452,-49.314,-82.0388,-83.968,38.5645,528.701,-198.765,433.657,-0.429111,-0.575851,-0.358426,-0.751514,-0.200147,-0.614603,-0.737489,-0.0936358,-0.625663,0.0785573,-0.117195,0.882259,0.644796,0.218147,0.7192,0.215289,-0.667048,-0.0766055,0.232002,-0.0302744,0.720115
12.53,0,,13.712,39.5388,-3.28551,-1.93672,-11.8697,1.41453,10.8524,43.6223,4.17184,-0.71435,-8.66208,-8.80883,2.60842,-1.57711,8.58694,8.58694,-3.20832,3.20832,1.49407,-1.49407,0.698228,13.5354,3.46701,10.4605,-7.64791,-2.84605,-42.9734,11.2346,-67.8679,-19.5223,63.0053,-42.4783,36.1251,-18.0515,-19.537,47.8967,16.5675,32.5904,-49.8148,-170.394,-67.3777,-86.4236,54.6735,85.95,599.544,-264.686,438.481,-0.42814,-0.576775,-0.357272,-0.751952,-0.198197,-0.614062,-0.738057,-0.0913111,-0.625017,0.0792884,-0.116644,0.882488,0.642744,0.217178,0.720935,0.209123,-0.671501,-0.0567672,0.215045,-0.0232563,0.725036
12.54,0,,13.2523,39.6515,-3.3234,-1.98559,-12.1896,0.536871,10.7236,41.5306,4.47311,-0.766965,-8.73363,-8.43201,2.75313,-1.09822,8.53321,8.53321,-3.28075,3.28075,2.03514,-2.03514,0.680935,11.3735,3.40958,10.3004,-7.26501,-3.78767,-56.6446,4.39037,-86.4202,-30.2652,71.2973,-31.2429,43.9359,30.2688,-29.2948,22.0356,8.28373,26.0723,-33.6991,-140.628,-91.304,-4.87989,231.939,98.6397,612.381,-293.923,356.467,-0.427088,-0.577731,-0.3561,-0.752383,-0.196184,-0.613516,-0.738565,-0.088933,-0.624362,0.0795915,-0.116213,0.882709,0.640911,0.21559,0.722643,0.203382,-0.675641,-0.0363793,0.197458,-0.0164192,0.730503
12.55,0,,12.7869,39.6817,-3.38418,-1.99281,-12.4641,-0.459808,10.626,39.3775,4.81071,-0.822616,-8.84048,-8.13564,2.86826,-0.664774,8.48188,8.48188,-3.30466,3.30466,2.44052,-2.44052,0.657156,9.23711,3.38326,10.1478,-7.00677,-4.74396,-58.1024,-4.39037,-106.451,-31.247,71.7934,-31.7422,29.2906,62.0134,27.3476,2.90747,26.8938,-3.25904,-8.77756,-126.949,-128.909,149.898,462.912,-32.7148,632.825,-67.9225,277.401,-0.425988,-0.578767,-0.355122,-0.752788,-0.194225,-0.612949,-0.739031,-0.0865499,-0.623611,0.0796531,-0.115909,0.882959,0.639515,0.213762,0.724117,0.198187,-0.67928,-0.0155644,0.180185,-0.00903366,0.736487
12.56,0,,12.3243,39.6454,-3.44101,-1.94172,-12.6853,-1.49331,10.5518,37.2326,5.15258,-0.854994,-8.93315,-7.77341,2.93342,-0.328734,8.42953,8.42953,-3.31185,3.31185,2.73237,-2.73237,0.644186,7.14541,3.35934,9.96072,-6.86048,-5.67743,-43.9453,-13.1859,-113.769,0,69.809,-27.8306,53.6995,71.7941,-5.37108,0.459074,0.453903,17.5174,-23.9337,-115.707,-107.906,149.402,610.352,-184.559,701.29,174.753,260.248,-0.424952,-0.579807,-0.354147,-0.753136,-0.192511,-0.612324,-0.739359,-0.0843552,-0.622837,0.079779,-0.11567,0.883185,0.638712,0.211805,0.725143,0.193004,-0.681861,0.00488308,0.163279,-0.00164805,0.742661
12.57,0,,11.898,39.6042,-3.49574,-1.85674,-12.8619,-2.34356,10.4991,35.1408,5.48269,-0.806426,-9.01448,-7.16608,2.9642,-0.245942,8.39839,8.39839,-3.30721,3.30721,3.04184,-3.04184,0.652833,5.05796,3.35455,9.62859,-6.68747,-6.64838,-34.6638,-40.5333,-92.2893,-4.39912,71.7934,-25.3838,48.8177,36.1373,15.1289,7.80426,-18.0427,23.6281,-59.5801,-89.3613,-73.7329,-54.7043,597.638,-50.79,729.58,289.588,84.4264,-0.423858,-0.58073,-0.353419,-0.753331,-0.19111,-0.611723,-0.73949,-0.0822809,-0.622173,0.0799005,-0.115669,0.883361,0.638158,0.209667,0.725992,0.186291,-0.683393,0.0235611,0.146002,0.00482196,0.748685
12.58,0,,11.4948,39.5679,-3.52415,-1.78703,-12.9992,-2.74943,10.4854,33.1206,5.8972,-0.789225,-9.06775,-6.5564,2.9626,-0.573053,8.35013,8.35013,-3.34691,3.34691,3.68415,-3.68415,0.59879,3.06414,3.32345,9.29466,-6.16463,-7.93374,-32.2341,-48.8263,-93.265,-24.9032,84.4795,-17.5772,29.2906,13.1783,3.4238,-14.2313,-6.35465,-70.4768,-83.9936,-41.0074,-63.4694,-182.112,457.498,58.0944,706.045,383.301,-53.7381,-0.422826,-0.581591,-0.352812,-0.753296,-0.190018,-0.611256,-0.739476,-0.080204,-0.62155,0.0797773,-0.11518,0.883593,0.637559,0.207657,0.726859,0.176951,-0.685036,0.0391867,0.129518,0.0109865,0.754222
12.59,0,,11.1135,39.5049,-3.53336,-1.74066,-13.0814,-2.82478,10.4952,31.129,6.33308,-0.921775,-9.08445,-6.10714,2.92023,-1.11607,8.30496,8.30496,-3.38173,3.38173,4.32646,-4.32646,0.536101,1.27247,3.26044,9.04133,-5.62272,-9.12625,-46.3912,-58.5974,-80.5664,-20.9949,74.6992,2.44683,33.196,34.6616,-16.6054,2.90747,3.40427,21.1838,-77.6433,-3.89491,-64.4547,-156.722,301.26,58.5896,699.151,510.252,-30.2863,-0.421783,-0.582439,-0.352259,-0.753103,-0.189039,-0.610943,-0.739374,-0.0783749,-0.620835,0.0798362,-0.114444,0.883875,0.636993,0.205759,0.727757,0.166026,-0.687117,0.0525547,0.115054,0.0172734,0.758871
12.6,0,,10.7625,39.4032,-3.55704,-1.6915,-13.1443,-2.74515,10.5479,29.1354,6.76469,-1.16866,-9.09044,-5.72985,2.85347,-1.65341,8.26287,8.26287,-3.40286,3.40286,4.95237,-4.95237,0.488544,-0.383018,3.19265,8.75922,-5.10878,-10.1575,-54.6846,-52.7288,-68.3557,3.41734,68.8522,-12.7002,49.3198,44.4424,-28.8027,14.6904,1.02128,12.6288,-58.5923,29.7976,-58.0996,-80.5536,233.39,55.6493,718.169,577.174,14.6071,-0.420696,-0.583309,-0.35178,-0.752897,-0.18824,-0.610619,-0.739229,-0.0765414,-0.620083,0.0800222,-0.113777,0.88409,0.636619,0.204048,0.728541,0.154551,-0.689622,0.0647627,0.101752,0.0229506,0.762497
12.61,0,,10.4,39.2567,-3.57441,-1.62263,-13.2256,-2.63555,10.6279,27.1479,7.22194,-1.49346,-9.11314,-5.41372,2.79351,-2.03815,8.20709,8.20709,-3.4205,3.4205,5.62419,-5.62419,0.443148,-1.93211,3.14399,8.48502,-4.55923,-11.0437,-53.7128,-43.4603,-76.6639,1.47267,95.7127,-39.5488,24.4088,23.4395,-63.9608,5.35586,-10.2128,-8.14761,-43.4644,74.2249,-52.7297,-55.6591,216.325,12.1946,687.978,592.293,37.6569,-0.419593,-0.58428,-0.351288,-0.752601,-0.187448,-0.610382,-0.73905,-0.0744665,-0.619354,0.0800793,-0.113222,0.88429,0.636516,0.202589,0.729112,0.143197,-0.692119,0.0764817,0.0894819,0.0283217,0.76493
12.62,0,,9.99545,39.052,-3.57809,-1.5421,-13.3218,-2.49855,10.6885,25.1625,7.68025,-1.88605,-9.14592,-5.15781,2.73914,-2.22809,8.13318,8.13318,-3.414,3.414,6.18779,-6.18779,0.402076,-3.39184,3.08258,8.23421,-4.12672,-11.5927,-73.2476,-50.7776,-90.8259,-24.4123,102.552,-33.207,-13.669,20.0076,-31.7343,17.1388,14.6384,29.7388,-54.6975,100.096,-55.1765,-53.2191,264.183,-7.33531,714.365,614.304,175.285,-0.418492,-0.585438,-0.350677,-0.752233,-0.186471,-0.610258,-0.739003,-0.0723316,-0.61845,0.0802647,-0.112615,0.884499,0.636628,0.201365,0.729528,0.131965,-0.694555,0.0878341,0.0780675,0.0334488,0.766026
12.63,0,,9.58507,38.8425,-3.5873,-1.45823,-13.4092,-2.33415,10.747,23.2282,8.12254,-2.25233,-9.22913,-4.89154,2.66718,-2.22971,8.06782,8.06782,-3.38359,3.38359,6.56449,-6.56449,0.36965,-4.83879,3.06663,7.92583,-3.89011,-11.7459,-64.938,-46.875,-109.378,-53.2237,83.4873,-37.6013,-36.1251,16.1297,-22.4687,10.7117,-1.92909,16.7026,-77.6433,98.6394,-57.1307,-54.7043,275.881,-10.2447,757.869,572.727,261.186,-0.417441,-0.586579,-0.350055,-0.751942,-0.185376,-0.610087,-0.738998,-0.0702558,-0.61747,0.0802025,-0.112308,0.884669,0.63687,0.200571,0.72977,0.120979,-0.697003,0.0986389,0.0665942,0.0378445,0.765924
12.64,0,,9.1544,38.6197,-3.59783,-1.38103,-13.5613,-2.12608,10.7997,21.3634,8.56804,-2.53564,-9.3467,-4.62857,2.6328,-2.06413,7.99424,7.99424,-3.35573,3.35573,6.92643,-6.92643,0.341548,-6.3049,3.06982,7.5516,-3.69166,-11.6888,-57.6165,-42.4846,-114.744,-50.2972,54.1817,-46.8726,-10.2657,22.959,-23.9238,10.2527,-3.40427,6.51809,-100.109,70.805,-42.9753,-32.7094,251.952,-30.2697,789.486,465.786,248.053,-0.41635,-0.58781,-0.349268,-0.751745,-0.18403,-0.609893,-0.739101,-0.0678735,-0.616477,0.0800223,-0.112129,0.884823,0.637161,0.2002,0.729937,0.110479,-0.699498,0.108831,0.0547501,0.0416272,0.764854
12.65,0,,8.72952,38.4259,-3.62072,-1.30077,-13.7327,-1.87519,10.8583,19.6049,9.01888,-2.67831,-9.48287,-4.41453,2.58523,-1.80358,7.92204,7.92204,-3.35643,3.35643,7.47569,-7.47569,0.311284,-7.8391,3.08099,7.13274,-3.33674,-11.6888,-51.2668,-51.2654,-110.842,-39.5543,36.1448,-63.9671,22.4561,41.491,-21.9765,11.7829,0.453903,6.92547,-104.992,40.5324,-28.3272,0,212.893,-13.6802,830.137,337.389,148.885,-0.415135,-0.589039,-0.348418,-0.751639,-0.18263,-0.609601,-0.739253,-0.0654347,-0.615403,0.0797765,-0.112004,0.884927,0.637431,0.20033,0.730027,0.10047,-0.702009,0.118294,0.0423607,0.0454127,0.763104
12.66,0,,8.27999,38.22,-3.6815,-1.19219,-13.9128,-1.63716,10.9188,17.9344,9.47826,-2.7208,-9.62093,-4.25693,2.54726,-1.48702,7.83477,7.83477,-3.33902,3.33902,8.07455,-8.07455,0.276697,-9.39032,3.08817,6.72648,-2.93094,-11.6758,-44.9172,-46.3872,-97.6553,-23.9214,36.6054,-48.3374,16.1238,52.7474,-17.0976,10.2527,15.6597,3.25904,-82.526,8.29647,22.4647,12.6948,177.266,-6.34488,840.835,225.556,13.669,-0.413845,-0.590431,-0.347618,-0.751626,-0.181223,-0.609162,-0.739424,-0.062931,-0.614295,0.0795334,-0.111823,0.885061,0.637795,0.200879,0.729963,0.0910093,-0.70433,0.127205,0.0299076,0.0494392,0.760936
12.67,0,,7.82612,38.0069,-3.72412,-1.08055,-14.1069,-1.41881,10.9637,16.317,9.93764,-2.71777,-9.77506,-4.11157,2.52167,-1.17208,7.76257,7.76257,-3.32369,3.32369,8.6234,-8.6234,0.248595,-10.9118,3.1105,6.33318,-2.57347,-11.6302,-44.4313,-49.8019,-83.9811,-0.490889,39.0505,-35.6372,27.3379,50.7913,-12.6894,-0.459074,5.90074,12.6288,-71.7728,-11.2414,28.3272,31.7547,170.885,63.975,834.892,134.289,-140.577,-0.412568,-0.59172,-0.346828,-0.751577,-0.1797,-0.608745,-0.739602,-0.0603059,-0.613192,0.0792286,-0.111762,0.885187,0.63828,0.201244,0.729838,0.0820368,-0.706347,0.135751,0.0177007,0.0534683,0.758749
12.68,0,,7.35629,37.7647,-3.76596,-0.992241,-14.321,-1.23814,10.995,14.763,10.381,-2.65706,-9.93109,-3.94033,2.52767,-0.891236,7.68968,7.68968,-3.29909,3.29909,9.13782,-9.13782,0.233463,-12.397,3.12964,5.91469,-2.23764,-11.6155,-36.1379,-47.8506,-86.9081,22.4676,24.9115,-49.8022,52.7231,11.2221,7.81053,2.4484,14.6384,-19.1469,-66.8901,-14.1547,24.8951,58.5941,165.036,31.2602,829.186,35.6843,-279.813,-0.411274,-0.593045,-0.346024,-0.751535,-0.178056,-0.608333,-0.739824,-0.0576185,-0.612075,0.0790445,-0.111761,0.885359,0.638691,0.2013,0.72988,0.0737937,-0.708029,0.143986,0.00567648,0.0572531,0.756925
12.69,0,,6.87631,37.5249,-3.8149,-0.926703,-14.5352,-1.10285,11.0223,13.3051,10.8073,-2.6348,-10.0767,-3.69994,2.51568,-0.681008,7.62706,7.62706,-3.25985,3.25985,9.59977,-9.59977,0.244272,-13.744,3.16234,5.49475,-1.97304,-11.6465,-26.3704,-60.0609,-91.3137,58.1137,27.8173,-42.961,95.2085,-39.5348,-33.2108,1.98932,-4.42556,0,-66.8901,-43.9523,33.2044,58.5941,190.898,52.7399,826.096,-70.8128,-350.035,-0.409877,-0.594398,-0.345237,-0.751517,-0.176282,-0.607892,-0.7399,-0.054934,-0.611049,0.0789211,-0.112003,0.885466,0.638923,0.201296,0.730111,0.066228,-0.709159,0.151928,-0.00531036,0.0604892,0.755719
12.7,0,,6.41373,37.273,-3.84936,-0.878105,-14.6891,-1.00096,11.0652,11.9269,11.2346,-2.69247,-10.1817,-3.51977,2.4697,-0.603897,7.57093,7.57093,-3.20832,3.20832,10.0043,-10.0043,0.261565,-14.9079,3.17988,5.18997,-1.74279,-11.7784,-33.692,-72.2712,-100.094,73.7278,35.6487,-38.084,84.9707,-101.068,21.4843,-3.97864,0,-4.48118,-57.6045,-23.9394,55.6692,36.6346,206.56,70.3199,864.37,-56.6947,-385.681,-0.408542,-0.595691,-0.344572,-0.751415,-0.174455,-0.607602,-0.739781,-0.0524927,-0.610076,0.0789216,-0.112187,0.885594,0.639142,0.201185,0.730396,0.0592068,-0.709932,0.15937,-0.014527,0.0639676,0.75516
12.71,0,,5.94246,36.9945,-3.88278,-0.821175,-14.808,-0.941878,11.114,10.6408,11.647,-2.76735,-10.2655,-3.39322,2.37656,-0.601462,7.51789,7.51789,-3.13774,3.13774,10.3732,-10.3732,0.300476,-15.9314,3.18228,4.97334,-1.5596,-11.9772,-17.0889,-91.3109,-92.2893,86.9062,48.8309,-14.165,79.1126,-102.543,14.166,0,-7.82983,6.51809,-60.0599,-15.6113,71.2861,6.36508,176.734,59.0848,876.018,-4.89131,-376.971,-0.407073,-0.597089,-0.343897,-0.751255,-0.172554,-0.607388,-0.739593,-0.050295,-0.608973,0.0791642,-0.112429,0.885699,0.639372,0.200815,0.730746,0.0531041,-0.710374,0.166393,-0.0224011,0.0676307,0.755169
12.72,0,,5.49438,36.7208,-3.9112,-0.732587,-14.8491,-0.95301,11.1609,9.44462,12.0626,-2.87157,-10.3109,-3.27797,2.20227,-0.639612,7.48573,7.48573,-3.05951,3.05951,10.7471,-10.7471,0.335063,-16.8251,3.17909,4.76176,-1.37642,-12.2851,-8.2934,-99.6038,-89.3624,87.3971,32.2114,16.5952,122.072,-84.9724,16.6054,17.1388,-8.28373,-2.0369,-53.7096,27.3594,52.7297,-17.0796,155.271,73.7245,913.579,56.6947,-398.948,-0.405484,-0.598429,-0.343346,-0.751004,-0.170661,-0.607261,-0.739162,-0.0485857,-0.60787,0.0794116,-0.112617,0.885797,0.639726,0.200078,0.731037,0.0480385,-0.710628,0.17317,-0.0291767,0.0709275,0.755787
12.73,0,,5.0405,36.4011,-3.93646,-0.633724,-14.8229,-1.01038,11.2175,8.3466,12.5177,-2.93126,-10.3235,-3.17306,1.95641,-0.676138,7.445,7.445,-2.96688,2.96688,11.091,-11.091,0.332901,-17.6295,3.16314,4.55017,-1.22377,-12.6093,-14.1571,-112.79,-92.2893,131.351,29.8017,7.32385,172.843,-61.5329,41.0213,4.43772,-37.5605,0.40738,-54.6975,90.8179,42.4826,-33.2045,161.12,66.8844,928.318,147.962,-460.459,-0.403907,-0.599848,-0.342805,-0.750649,-0.168954,-0.607148,-0.738556,-0.0472432,-0.606715,0.079534,-0.112495,0.885922,0.640172,0.198802,0.731364,0.0440706,-0.710745,0.179395,-0.0352795,0.0738551,0.756679
12.74,0,,4.58372,36.0571,-3.95356,-0.508756,-14.7319,-1.12512,11.3054,7.34877,13.0604,-3.01019,-10.3282,-3.06627,1.60942,-0.68669,7.39915,7.39915,-2.85707,2.85707,11.4127,-11.4127,0.261565,-18.3019,3.16712,4.33895,-1.12327,-12.9367,-5.37775,-116.692,-87.3959,162.598,30.7585,-27.3479,212.399,10.7417,101.558,6.27401,-23.9434,-51.7373,-48.3471,144.523,15.1407,-52.724,186.016,27.3294,923.801,209.437,-458.985,-0.402306,-0.601353,-0.342305,-0.750101,-0.16755,-0.607088,-0.737696,-0.0461441,-0.60555,0.0791047,-0.112065,0.886021,0.640736,0.197281,0.731624,0.0411394,-0.710722,0.185249,-0.0404077,0.0761765,0.757797
12.75,0,,4.09795,35.666,-3.92909,-0.35463,-14.6087,-1.26554,11.4127,6.46749,13.6629,-3.18321,-10.2857,-3.07145,1.16809,-0.637177,7.32557,7.32557,-2.71755,2.71755,11.6009,-11.6009,0.146995,-18.7381,3.15676,4.28857,-1.21359,-13.1029,6.83558,-121.097,-100.582,158.198,51.276,-40.0315,208.019,84.9724,97.6638,7.80426,-18.61,8.96237,-41.9968,205.575,-14.6481,-45.8993,189.448,-13.185,1005.82,294.479,-297.369,-0.400669,-0.60314,-0.341582,-0.749179,-0.166572,-0.607205,-0.736589,-0.0452891,-0.604384,0.0784965,-0.111275,0.886047,0.641407,0.195633,0.731807,0.0393698,-0.710671,0.190623,-0.043581,0.0782505,0.758823
12.76,0,,3.57881,35.2397,-3.85121,-0.190228,-14.5335,-1.37857,11.5142,5.71299,14.2911,-3.27933,-10.2491,-3.09591,0.70997,-0.548702,7.22736,7.22736,-2.58476,2.58476,11.889,-11.889,0.0194553,-19.1211,3.16712,4.22236,-1.2632,-13.3016,13.6712,-113.765,-119.622,95.2136,99.1146,-51.7496,189.943,164.557,62.9978,11.1708,-25.8725,-16.7026,-52.242,245.126,-23.9262,-21.9595,186.547,-56.6397,1043.85,309.597,-355.529,-0.398945,-0.605131,-0.340653,-0.747833,-0.165961,-0.607507,-0.735382,-0.0442523,-0.603296,0.0776409,-0.110541,0.885973,0.642118,0.193978,0.731966,0.0384556,-0.710573,0.195147,-0.0463274,0.08002,0.759671
12.77,0,,3.05678,34.8037,-3.7328,-0.0172177,-14.5317,-1.42052,11.6392,5.10774,14.9866,-3.19232,-10.2318,-3.12508,0.259443,-0.45617,7.1158,7.1158,-2.45615,2.45615,12.2022,-12.2022,-0.155642,-19.5424,3.18706,4.1342,-1.34207,-13.4597,27.8283,-73.7346,-125.004,48.8246,163.573,-59.0901,190.417,176.259,29.2948,6.27401,-12.7093,-9.77713,-41.517,270.997,-13.6792,-4.38483,193.847,-109.875,991.791,270.022,-480.427,-0.397118,-0.607274,-0.339497,-0.746202,-0.16566,-0.607949,-0.734219,-0.0428483,-0.602195,0.076421,-0.109565,0.885861,0.64284,0.19251,0.732076,0.0382097,-0.710481,0.198556,-0.0494397,0.081728,0.760333
12.78,0,,2.5188,34.3217,-3.61493,0.173844,-14.5615,-1.4034,11.811,4.63541,15.7323,-3.04459,-10.2198,-3.18717,-0.215469,-0.357955,6.97687,6.97687,-2.31454,2.31454,12.5178,-12.5178,-0.35668,-19.868,3.21897,4.0903,-1.4731,-13.5558,16.1171,-49.8019,-130.37,38.5725,229.484,-60.5549,176.274,202.135,-41.0213,-3.97864,-5.90074,-2.0369,-25.4013,269.54,-22.4647,40.0293,256.351,-149.399,1009.86,241.675,-549.308,-0.39523,-0.609662,-0.338159,-0.744503,-0.16554,-0.608384,-0.732985,-0.0411995,-0.601086,0.0749545,-0.108525,0.885659,0.643656,0.191113,0.732101,0.0386382,-0.710381,0.200821,-0.0518212,0.0831947,0.760777
12.79,0,,1.98227,33.7949,-3.48232,0.382123,-14.6218,-1.33832,12.0179,4.33484,16.4887,-2.8149,-10.2157,-3.23798,-0.684385,-0.291397,6.81466,6.81466,-2.16016,2.16016,12.8146,-12.8146,-0.555556,-20.0808,3.25884,4.07446,-1.64738,-13.621,13.1852,-12.2103,-123.052,7.32557,267.578,-100.104,153.315,195.306,-76.6502,0,1.02128,0.40738,-19.5308,245.601,-9.27819,66.904,309.575,-205.574,1124.92,286.141,-788.516,-0.393339,-0.612227,-0.336694,-0.742708,-0.165474,-0.608975,-0.731745,-0.0393707,-0.59996,0.0734285,-0.107549,0.885415,0.644612,0.189703,0.732017,0.0399192,-0.710122,0.201732,-0.0533476,0.0842331,0.761272
12.8,0,,1.44719,33.2439,-3.34497,0.617895,-14.6463,-1.27924,12.2502,4.17126,17.2739,-2.56701,-10.2141,-3.07615,-1.16529,-0.135552,6.64801,6.64801,-1.99742,1.99742,13.0511,-13.0511,-0.763079,-20.1467,3.30749,3.93665,-1.85473,-13.5525,20.0208,2.92692,-133.297,-32.7196,290.54,-113.769,145.03,170.425,-104.982,0.459074,3.40427,-13.8509,3.89487,235.341,-0.968873,39.0745,274.914,-136.709,1081.65,103.496,-1340.37,-0.391625,-0.614722,-0.335347,-0.740897,-0.165356,-0.609601,-0.730439,-0.0374772,-0.59878,0.0717808,-0.106572,0.885174,0.645854,0.188183,0.731675,0.0418119,-0.70946,0.201613,-0.0543844,0.0833162,0.761565
12.81,0,,0.917905,32.688,-3.22105,0.865608,-14.6008,-1.15423,12.5372,4.1549,18.1221,-2.75723,-10.1936,-3.1787,-1.67179,-0.0884742,6.47485,6.47485,-1.83654,1.83654,13.2544,-13.2544,-0.994381,-19.6084,3.35375,4.1324,-2.05191,-13.5053,26.3704,15.625,-141.605,-46.389,299.789,-144.047,154.794,180.172,-106.437,0,1.92909,-15.0731,28.3083,250.003,43.4515,76.1687,126.46,-34.1695,1235.93,-47.8014,-1545.41,-0.390112,-0.617123,-0.334077,-0.739247,-0.165111,-0.610149,-0.728971,-0.0355849,-0.597496,0.0700126,-0.105416,0.885016,0.647245,0.186593,0.731172,0.0443146,-0.709217,0.200087,-0.0500518,0.0820362,0.761887
12.82,0,,0.401674,32.1504,-3.09738,1.06028,-14.4872,-1.05662,12.8671,4.33892,19.0163,-4.43079,-10.142,-3.79074,-2.18228,-0.191559,6.30033,6.30033,-1.68193,1.68193,13.3811,-13.3811,-1.23865,-17.3528,3.38805,5.1619,-2.26308,-13.5542,42.4875,42.4846,-148.434,-55.6593,309.569,-213.873,149.912,206.048,-92.2927,-3.36654,10.2128,-3.25904,43.4644,309.566,50.2993,37.0942,-20.9799,-81.0598,1209.07,130.398,-350.035,-0.389013,-0.619259,-0.333038,-0.737677,-0.16481,-0.610652,-0.727346,-0.0335106,-0.596233,0.0682393,-0.104129,0.884853,0.648474,0.184764,0.730815,0.0480362,-0.70919,0.197333,-0.0307621,0.0789804,0.762643
12.83,0,,-0.0884553,31.6441,-2.98661,1.1186,-14.2957,-1.13197,13.2283,4.78672,19.933,-5.82104,-10.1032,-5.22367,-2.69317,-0.0657469,6.1412,6.1412,-1.53707,1.53707,13.4311,-13.4311,-1.48509,-15.142,3.4375,6.8715,-2.47425,-13.5085,100.59,75.1981,-177.246,-38.0817,352.057,-244.134,193.848,258.315,-79.1111,0,10.7802,16.7026,106.431,357.92,32.2191,97.6686,1.45023,-79.1099,758.82,93.713,909.125,-0.388329,-0.621009,-0.332356,-0.736246,-0.164438,-0.611056,-0.725687,-0.0313128,-0.594882,0.0663493,-0.102912,0.884698,0.649146,0.182811,0.730999,0.0543251,-0.709278,0.1938,-0.0097051,0.0814252,0.761637
12.84,0,,-0.50028,31.2179,-2.86374,0.973913,-14.0596,-1.16279,13.6187,5.34289,20.8817,-4.82136,-10.0537,-7.10257,-3.1381,-0.237825,6.0536,6.0536,-1.42517,1.42517,13.3794,-13.3794,-1.7272,-15.2718,3.49014,8.3418,-2.67779,-13.7268,205.084,117.683,-186.53,-14.1603,384.765,-247.563,257.813,314.94,-62.0135,-4.89679,-1.47519,8.14761,287.119,315.931,-23.9262,308.6,112.296,207.524,-1218.34,465.341,-106.002,-0.388091,-0.621935,-0.332301,-0.734911,-0.163768,-0.61149,-0.723916,-0.028566,-0.593721,0.0644549,-0.101748,0.884546,0.649136,0.181038,0.731842,0.0610389,-0.710188,0.188854,-0.00598158,0.0940573,0.760699
12.85,0,,-0.733744,30.995,-2.72744,0.625393,-13.8315,-0.64219,14.058,5.70481,21.888,-3.28641,-9.99791,-7.23759,-3.51307,-1.08117,6.12033,6.12033,-1.3669,1.3669,13.1864,-13.1864,-1.98876,-16.1548,3.52044,7.84738,-2.95511,-13.9582,329.096,206.052,-181.149,14.6511,396.99,-225.591,340.329,379.39,-93.2556,-2.90747,4.42556,5.29594,641.608,158.203,-95.2123,765.613,-84.9832,355.468,-1755.84,-279.249,-64.995,-0.387835,-0.621733,-0.332901,-0.733766,-0.162734,-0.611991,-0.722189,-0.0251472,-0.592608,0.0625652,-0.100348,0.884397,0.648242,0.180006,0.733393,0.0632967,-0.712988,0.181589,-0.0138557,0.0949146,0.76304
12.86,0,,-0.765646,31.0241,-2.64483,0.26382,-13.5832,0.318526,14.5519,5.81727,22.9596,-6.14382,-9.89389,-5.56708,-3.81849,-2.19075,6.36329,6.36329,-1.33301,1.33301,12.9068,-12.9068,-2.28708,-12.8183,3.50928,6.6484,-3.22861,-13.8376,426.754,326.174,-165.523,36.6279,426.26,-208.014,381.838,459.489,-88.8689,-12.242,4.87946,-17.9247,924.805,-89.3613,-86.9194,920.425,-615.717,421.393,-112.682,-1209.93,468.768,-0.38748,-0.620347,-0.334559,-0.732958,-0.161387,-0.612405,-0.72038,-0.0211194,-0.59171,0.0607316,-0.0985134,0.884241,0.647129,0.17927,0.734963,0.0599402,-0.716169,0.172923,0.00616488,0.0687293,0.767619
12.87,0,,-0.613387,31.259,-2.57036,-0.0172177,-13.2274,0.840841,15.1259,6.02583,24.1144,-12.3807,-9.7552,-6.04081,-4.03635,-3.35066,6.74485,6.74485,-1.33115,1.33115,12.4928,-12.4928,-2.61782,-5.97508,3.45265,8.41341,-3.43723,-13.8979,486.33,410.153,-44.9251,38.0817,449.223,-191.402,389.147,494.151,-83.0056,-22.4946,-0.453903,-24.4428,610.365,-154.308,65.4236,532.227,-846.206,491.713,2561.02,781.275,107.476,-0.387668,-0.617607,-0.337432,-0.732279,-0.15986,-0.612948,-0.71855,-0.0164195,-0.590856,0.059024,-0.0961962,0.8842,0.646387,0.17652,0.736295,0.0573761,-0.71714,0.165841,0.0606114,0.0491362,0.769027
12.88,0,,-0.361072,31.6211,-2.50853,-0.320472,-12.6556,0.369045,15.8189,6.66992,25.3526,-13.8974,-9.579,-7.41494,-4.18746,-3.83523,7.13805,7.13805,-1.32442,1.32442,11.8878,-11.8878,-2.98747,-3.71314,3.32345,10.1651,-3.53773,-14.2384,315.425,294.436,260.252,28.8114,451.172,-180.666,402.844,458.014,-115.232,-17.5978,-1.47519,-16.7026,200.19,-63.9652,113.276,82.0388,-671.406,405.268,1209.07,1940.4,1451.6,-0.38937,-0.613811,-0.341637,-0.731683,-0.158337,-0.613754,-0.716855,-0.0111093,-0.58983,0.0576189,-0.0932034,0.884242,0.645343,0.17072,0.738058,0.0610994,-0.716529,0.16163,0.0821575,0.0524929,0.769571
12.89,0,,-0.304518,31.8367,-2.49143,-0.706205,-11.8819,-0.741515,16.6486,7.76181,26.6645,-12.5578,-9.28114,-6.87535,-4.31379,-3.46592,7.26398,7.26398,-1.22018,1.22018,11.2033,-11.2033,-3.3636,-4.12595,3.08099,9.41449,-3.4983,-14.4534,92.7663,26.3718,499.512,12.6876,422.362,-153.801,433.111,422.837,-177.246,-14.2313,-3.85818,-13.0362,-105.952,194.334,113.769,-22.4546,-362.315,202.139,-446.686,991.156,168.451,-0.392788,-0.610881,-0.346032,-0.731171,-0.156806,-0.614833,-0.715005,-0.0055545,-0.588594,0.057008,-0.0894794,0.884417,0.643268,0.163091,0.740683,0.0698893,-0.715495,0.158517,0.0769071,0.0487078,0.771268
12.9,0,,-0.555383,31.7883,-2.50038,-1.09527,-11.0959,-2.06443,17.6423,9.1645,28.047,-12.1925,-8.83134,-5.80889,-4.4497,-2.60877,7.00048,7.00048,-0.999871,0.999871,10.6007,-10.6007,-3.73758,-3.39609,2.71411,8.31086,-3.38381,-14.4176,81.0551,-103.033,173.831,12.2156,337.387,-133.294,462.401,396,-191.904,-34.7366,20.5391,18.7395,-310.545,493.165,-18.0637,-21.4998,-52.7399,31.7244,-80.5889,67.3666,71.2934,-0.396932,-0.610322,-0.349078,-0.730631,-0.155526,-0.616245,-0.712868,-6.10385E-05,-0.587068,0.0573158,-0.0850276,0.884763,0.640298,0.156931,0.743637,0.0813639,-0.714086,0.156014,0.0787384,0.0360732,0.772125
12.91,0,,-0.740994,31.7434,-2.50564,-1.44462,-10.2742,-3.50893,18.8351,10.5897,29.4176,-12.316,-8.21985,-4.89202,-4.64638,-1.62013,6.68839,6.68839,-0.7784,0.7784,10.113,-10.113,-4.01211,-2.20022,2.24753,7.56527,-3.20444,-14.4339,72.7617,-233.887,-349.126,48.3337,255.848,-97.1741,500.005,372.08,-185.548,-51.7223,87.9437,127.917,-366.71,608.873,-216.305,-136.248,191.43,-42.9595,24.4857,-397.419,-7.77259,-0.400481,-0.610457,-0.351344,-0.729971,-0.155162,-0.61778,-0.710241,0.0049441,-0.585113,0.0589643,-0.0805723,0.885258,0.637496,0.154979,0.745902,0.0938139,-0.711814,0.155217,0.0849663,0.0240494,0.772815
12.92,0,,-0.685891,31.7786,-2.46749,-1.65151,-9.37543,-5.12211,20.1997,11.7818,30.5362,-12.4202,-7.60079,-3.62091,-4.92262,-0.494319,6.52926,6.52926,-0.580608,0.580608,9.72192,-9.72192,-3.9451,-1.1831,1.82961,6.62789,-2.96655,-14.5137,-55.6565,-407.226,-332.037,25.885,216.302,-52.249,480.952,320.328,-167.959,-51.7223,173.845,216.319,-320.79,365.71,-490.233,-331.55,317.406,-148.935,-92.7129,-741.255,-167.915,-0.402796,-0.610268,-0.353599,-0.728805,-0.155893,-0.619606,-0.707109,0.00927757,-0.582534,0.0623806,-0.0784946,0.885781,0.636076,0.157539,0.746616,0.10639,-0.708411,0.156991,0.0892995,0.0114142,0.773908
12.93,0,,-0.479979,31.7338,-2.34698,-1.67151,-8.45922,-6.76012,21.7205,12.6549,31.3652,-12.8573,-7.09269,-2.52951,-5.35356,0.766235,6.45056,6.45056,-0.39303,0.39303,9.4641,-9.4641,-3.49979,0.0191509,1.60071,5.99889,-2.77956,-14.5512,-122.069,-371.585,-112.793,-45.8981,228.988,39.0661,440.419,269.056,-159.185,-50.3451,108.369,171.915,-192.372,-99.621,-538.086,-482.897,375.512,-122.565,-123.617,-537.154,-369.198,-0.40347,-0.610576,-0.355005,-0.726899,-0.157905,-0.621792,-0.703284,0.0125129,-0.579254,0.0667758,-0.0798379,0.886336,0.6361,0.162611,0.746033,0.119394,-0.704585,0.161023,0.0958877,0.000366217,0.774853
12.94,0,,-0.220413,31.5109,-2.12702,-1.63818,-7.33319,-8.30651,23.3877,13.1947,31.9827,-13.7366,-6.64794,-1.72084,-6.06992,1.96185,6.36124,6.36124,-0.218918,0.218918,9.30875,-9.30875,-2.76481,1.53845,1.56402,5.62322,-2.60909,-14.6782,-123.543,-375.976,-35.1535,-121.099,265.629,93.7452,411.631,271.973,-111.338,-134.815,99.6318,125.066,-47.3593,-439.935,-326.658,-466.313,478.043,-114.27,-363.72,-1161.13,969.698,-0.403593,-0.61131,-0.355799,-0.724166,-0.161204,-0.624368,-0.698461,0.0142219,-0.575286,0.0715984,-0.0841113,0.886709,0.636869,0.167488,0.745028,0.132275,-0.701725,0.165909,0.105476,-0.0101325,0.775871
12.95,0,,0.134858,31.0919,-1.78944,-1.63568,-6.02182,-9.46417,25.2013,13.4441,32.4581,-15.7481,-6.22493,-1.77259,-7.05492,2.98134,6.29075,6.29075,-0.0889135,0.0889135,9.28989,-9.28989,-1.81799,4.17702,1.64218,6.23206,-2.40556,-14.7353,-153.801,-351.57,66.8922,-170.905,300.285,101.069,466.809,375.993,-202.646,-193.423,277.335,151.953,117.185,-609.379,-96.6738,-173.837,412.106,-329.098,1415.42,10.7831,263.732,-0.403054,-0.612303,-0.355869,-0.720623,-0.165842,-0.627295,-0.692785,0.014344,-0.570403,0.0769083,-0.0903367,0.887009,0.637864,0.16969,0.74444,0.144234,-0.700601,0.169504,0.125984,-0.0183116,0.775253
12.96,0,,0.575684,30.4864,-1.32557,-1.65679,-4.67635,-10.0772,27.1496,13.5239,32.831,-16.4928,-5.82211,-3.1119,-8.20942,3.70131,6.2312,6.2312,-0.0157862,0.0157862,9.35383,-9.35383,-0.711199,5.57078,1.74268,7.61133,-2.24781,-14.7841,-110.843,-213.384,98.631,-225.091,306.628,49.8022,625.982,663.581,-466.3,-38.1031,-56.1705,75.3654,289.067,-569.828,86.4268,234.871,402.824,-508.798,632.825,1066.86,344.674,-0.401888,-0.613575,-0.355009,-0.716414,-0.171519,-0.630532,-0.686659,0.0136721,-0.564586,0.0830131,-0.0977235,0.887142,0.639003,0.168037,0.744476,0.154549,-0.700718,0.170419,0.14002,-0.0138555,0.774991
12.97,0,,1.18617,29.8191,-0.788291,-1.69734,-3.37984,-10.1731,29.26,13.5136,33.6846,-16.4523,-5.22101,-4.00055,-9.36273,4.24757,6.22949,6.22949,-0.0290188,0.0290188,9.51697,-9.51697,-0.0151319,6.18999,1.75623,8.36411,-2.02138,-14.618,-41.9854,-84.4667,185.051,-246.086,289.548,11.2354,747.078,915.513,-573.721,-239.79,-229.448,-83.9204,330.076,-303.233,146.48,330.065,633.797,-571.287,212.289,361.29,535.639,-0.400167,-0.614716,-0.353411,-0.712002,-0.178168,-0.633752,-0.679799,0.0128794,-0.558635,0.0873483,-0.101937,0.887888,0.640295,0.163217,0.744915,0.16218,-0.700724,0.168833,0.146737,-0.0106817,0.774273
12.98,0,,1.98517,29.1845,-0.255747,-1.76093,-2.30626,-9.83578,31.5285,13.485,34.1792,-16.0435,-4.39708,-4.15391,-10.0995,4.58767,6.24968,6.24968,-0.125129,0.125129,9.80636,-9.80636,1.06572,6.39852,1.49463,8.39002,-1.51381,-14.3198,25.8845,36.1282,216.79,-214.839,250.001,-25.3838,768.558,1106.94,-505.866,-581.035,254.867,393.122,204.114,-47.8472,103.522,29.2794,841.807,-324.703,-71.7931,-229.002,-319.882,-0.398219,-0.615762,-0.351158,-0.707856,-0.18586,-0.636625,-0.672715,0.0130624,-0.553139,0.0958909,-0.106878,0.888899,0.641624,0.157964,0.745326,0.166823,-0.700314,0.165419,0.148439,-0.0115358,0.773082
12.99,0,,2.96688,28.6614,0.261536,-1.90312,-1.63921,-8.94785,33.9297,13.5177,33.4079,-16.08,-3.56526,-5.18933,-10.3006,4.3953,6.27364,6.27364,-0.297617,0.297617,10.1294,-10.1294,3.36144,7.05391,0.87732,9.35223,-0.867577,-14.0413,70.8017,77.6372,249.504,-85.4524,233.878,-69.8262,643.557,1124.51,-209.964,-394.957,329.08,823.723,37.5939,60.0703,53.2223,-270.021,833.009,22.9344,77.2608,773.938,396,-0.396268,-0.616681,-0.348291,-0.704041,-0.194597,-0.639094,-0.666352,0.0152595,-0.548182,0.113839,-0.11744,0.888734,0.642602,0.154425,0.745694,0.168403,-0.700836,0.15937,0.156136,-0.00689735,0.771404
13,0,,4.08054,28.3066,0.689886,-2.13,-1.38656,-7.53588,36.4013,13.7079,31.4368,-15.6864,-3.1473,-5.58543,-10.0911,3.89449,6.27809,6.27809,-0.513284,0.513284,10.4946,-10.4946,6.74666,7.26244,0.223318,9.34252,-0.187,-13.6894,91.3084,145.015,293.942,172.359,201.667,-57.126,421.869,834.967,112.3,-1399.87,-29.2768,363.383,-88.3683,35.1492,29.2961,-251.456,615.234,174.314,228.93,378.409,487.261,-0.394246,-0.617708,-0.344866,-0.700791,-0.204298,-0.64085,-0.661416,0.0192883,-0.543367,0.138071,-0.134713,0.886838,0.642799,0.153696,0.746199,0.167556,-0.70276,0.150648,0.157781,-0.00799585,0.770043
13.01,0,,5.23916,28.0777,1.07114,-2.41437,-1.58676,-5.9972,38.822,14.0596,27.9284,-14.6513,-2.41414,-5.36198,-9.12687,3.35877,6.25413,6.25413,-0.73313,0.73313,10.8237,-10.8237,11.5262,6.83261,-1.3096,8.47207,0.73019,-13.2707,94.7262,175.778,256.349,391.106,140.15,-57.6254,298.82,489.758,136.224,-586.391,65.4755,925.976,-84.9532,-88.3796,-9.77084,-23.4447,259.784,192.884,214.428,-246.566,-207.582,-0.39243,-0.618769,-0.341339,-0.697762,-0.214254,-0.642336,-0.658667,0.02527,-0.538604,0.175487,-0.155527,0.882561,0.642465,0.15613,0.746592,0.166206,-0.704989,0.140998,0.152292,-0.0130013,0.76915
13.02,0,,6.38038,27.9069,1.41871,-2.69152,-2.12092,-4.65202,41.1315,14.4604,23.8452,-13.601,-1.98231,-5.63012,-7.67055,2.90991,6.23223,6.23223,-0.935101,0.935101,11.1094,-11.1094,16.7986,6.39001,-2.86086,8.13274,1.70081,-12.9041,69.8298,185.061,250.983,399.414,60.0641,-42.4783,218.759,149.903,-41.5135,-946.764,227.973,1096.26,-10.7532,-252.441,-61.039,155.273,-130.859,140.145,73.2195,97.1591,-183.058,-0.390836,-0.619673,-0.338159,-0.694812,-0.223832,-0.643722,-0.657944,0.0328392,-0.533607,0.214796,-0.179211,0.876215,0.642109,0.160527,0.746605,0.165724,-0.706907,0.132152,0.148265,-0.0136118,0.768243
13.03,0,,7.5042,27.7458,1.67946,-2.91035,-2.74514,-3.65021,43.3707,14.8591,18.6317,-12.5709,-1.80895,-5.7355,-5.92281,2.6388,6.21717,6.21717,-1.07532,1.07532,11.35,-11.35,23.1864,5.94741,-4.37942,7.77542,2.5951,-12.5881,18.5468,206.052,256.837,282.714,-8.29203,-10.2534,180.179,-75.1917,-122.55,-1164.06,-147.405,597.22,68.3577,-360.358,-80.0716,202.162,-466.296,4.8902,43.5038,110.833,162.152,-0.389437,-0.620474,-0.335721,-0.692003,-0.233109,-0.644942,-0.658256,0.0410189,-0.528424,0.258623,-0.209975,0.865354,0.641864,0.165227,0.746359,0.166271,-0.707933,0.124886,0.144112,-0.0144051,0.76744
13.04,0,,8.60627,27.5375,1.79865,-3.04448,-3.19275,-3.19982,45.5475,15.1903,12.1395,-11.3912,-0.822363,-5.39255,-4.05354,2.74838,6.19938,6.19938,-1.1503,1.1503,11.4914,-11.4914,30.8453,5.29628,-6.81039,7.10647,3.29985,-12.2737,-29.3023,182.622,228.513,232.908,-41.4956,45.8906,144.528,-199.218,-135.732,-1149.83,13.1632,518.595,62.0074,-398.927,-39.5432,100.109,-619.15,-139.649,98.6561,-21.455,-104.528,-0.388514,-0.621073,-0.334189,-0.689664,-0.24238,-0.645533,-0.658909,0.0487086,-0.522977,0.313015,-0.242696,0.848033,0.642059,0.168831,0.745823,0.168592,-0.707695,0.12037,0.137459,-0.0167857,0.76677
13.05,0,,9.70543,27.2711,1.77865,-3.0892,-3.38771,-3.43358,47.6617,15.4336,4.49555,-10.2033,0.815429,-5.08348,-2.35937,3.3539,6.19288,6.19288,-1.15913,1.15913,11.5374,-11.5374,39.5937,4.58557,-9.86586,6.51886,3.51992,-12.0179,-54.6846,139.649,215.814,271.48,-63.9621,47.8547,102.545,-270.017,-120.111,-1531.78,345.647,777.689,-9.76539,-407.731,-3.41569,-67.3991,-465.329,-254.879,-93.1884,-16.5637,-34.1726,-0.388085,-0.621375,-0.333699,-0.687768,-0.251779,-0.645469,-0.659645,0.0555452,-0.517425,0.37453,-0.277235,0.82255,0.642802,0.170848,0.745042,0.173835,-0.706694,0.119268,0.130559,-0.0182502,0.766204
13.06,0,,10.8075,26.9647,1.67367,-3.08781,-3.33613,-4.14512,49.7194,15.6545,-4.03082,-9.07103,1.60974,-4.8859,-0.889061,4.29709,6.18706,6.18706,-1.10155,1.10155,11.4964,-11.4964,49.1224,3.92806,-11.8853,5.99997,3.23751,-11.8126,-67.3839,91.3109,185.554,262.21,-74.2031,67.8787,47.8413,-337.419,-89.3611,453.106,-44.9364,1880.47,-17.5833,-362.797,44.9294,-104.988,0,-276.854,19.018,-17.1196,59.6346,-0.387967,-0.621566,-0.334008,-0.686028,-0.261312,-0.64507,-0.660122,0.0612208,-0.511984,0.431488,-0.320885,0.788447,0.643696,0.171514,0.744347,0.181531,-0.705495,0.120309,0.124216,-0.0194107,0.765805
13.07,0,,11.9081,26.6196,1.53422,-3.09169,-3.03364,-5.01251,51.6931,15.8426,-12.3809,-8.17556,3.34619,-4.73301,0.391363,5.2565,6.17303,6.17303,-0.994996,0.994996,11.364,-11.364,58.3485,3.50674,-14.5172,5.55017,2.71977,-11.64,-44.9172,56.1583,151.849,220.22,-71.7934,111.322,-17.1001,-401.869,-68.8397,5014.16,-787.636,384.16,-1.94743,-294.43,95.705,-104.988,509.754,-299.324,112.206,-24.4565,115.249,-0.388268,-0.621619,-0.334981,-0.684329,-0.270838,-0.644531,-0.660202,0.0654952,-0.506932,0.487637,-0.356648,0.750713,0.644549,0.170903,0.743917,0.189525,-0.704325,0.121711,0.119758,-0.0211193,0.765424
13.08,0,,13.0044,26.2418,1.37819,-3.12335,-2.55805,-5.73261,53.5809,15.9837,-9.88102,-7.21838,4.42072,-4.73207,2.11952,6.01219,6.14736,6.14736,-0.863134,0.863134,11.1725,-11.1725,56.9305,2.99818,-15.8675,5.20868,4.79839,-11.451,-4.87561,19.0397,121.589,199.225,-47.8387,138.188,-108.877,-427.23,-95.2243,-102.527,1485.85,3687.61,-9.76539,-246.108,86.9194,-148.943,880.383,-214.829,103.411,1.00049,-55.2122,-0.388819,-0.621623,-0.336265,-0.682765,-0.28004,-0.643945,-0.659717,0.0686086,-0.50254,0.482569,-0.34273,0.76542,0.645249,0.169507,0.743766,0.196055,-0.703468,0.122077,0.114995,-0.0215464,0.764988
13.09,0,,14.1166,25.8276,1.21427,-3.20694,-1.92247,-6.09738,55.3652,16.0696,-6.26471,-6.08715,2.88379,-4.84497,2.94821,6.36203,6.11725,6.11725,-0.71479,0.71479,10.9389,-10.9389,54.157,2.29598,-14.4136,4.87439,6.42923,-11.2669,18.5468,2.4391,102.534,170.905,-16.1234,152.835,-200.683,-418.959,-130.361,-1912.66,1211.47,2409.65,-7.81795,-228.501,61.5152,-125.003,892.565,-22.4702,-59.6691,10.2273,-57.6244,-0.38955,-0.621559,-0.337789,-0.681433,-0.288529,-0.643529,-0.658265,0.0703801,-0.499375,0.45853,-0.337305,0.782162,0.645722,0.16755,0.743932,0.200084,-0.703407,0.120246,0.108831,-0.0209972,0.764687
13.1,0,,15.2288,25.3686,1.03825,-3.3183,-1.07183,-5.99292,57.0129,16.1084,-5.55213,-4.99033,2.55692,-4.90566,2.98979,6.24352,6.07482,6.07482,-0.549732,0.549732,10.6946,-10.6946,53.9906,1.61506,-14.1655,4.47785,7.01567,-11.0551,12.6993,22.9423,86.9081,220.711,12.19,141.6,-233.879,-312.023,-158.201,-1188.54,945.821,1994.13,20.0106,-212.415,30.2814,-63.969,559.062,44.9094,-61.0954,24.9012,-56.1503,-0.390109,-0.621697,-0.339202,-0.680325,-0.296093,-0.643397,-0.655359,0.07001,-0.497516,0.454983,-0.338155,0.78502,0.645985,0.165113,0.744382,0.201306,-0.704142,0.115851,0.102608,-0.0210588,0.764465
13.11,0,,16.3193,24.8854,0.883012,-3.42883,-0.0297244,-5.63843,58.5063,16.1145,-5.3641,-3.97243,2.78198,-4.87931,2.37936,5.91235,6.02212,6.02212,-0.393727,0.393727,10.472,-10.472,54.1181,1.0001,-14.4327,4.05216,7.12762,-10.8107,5.37775,53.2166,97.1675,233.399,13.1822,68.8442,-202.635,-121.59,-146.966,-614.241,1144.52,747.136,78.1231,-176.759,14.1554,9.75978,158.703,17.58,-59.6691,26.9022,-99.5696,-0.390408,-0.622052,-0.340233,-0.679338,-0.302559,-0.643692,-0.651407,0.0674479,-0.496368,0.456929,-0.336868,0.785313,0.646214,0.162362,0.744913,0.201182,-0.705053,0.110418,0.0967458,-0.0216686,0.764261
13.12,0,,17.3822,24.3804,0.767505,-3.51408,1.15401,-5.25739,59.8495,16.0614,-3.83425,-3.03548,1.99933,-4.77017,1.08374,5.56251,5.95812,5.95812,-0.237722,0.237722,10.2601,-10.2601,52.6871,0.419192,-13.5386,3.59624,7.02839,-10.5533,13.6712,68.3538,91.3137,174.322,18.0724,35.1545,-180.179,77.1478,-138.193,-955.639,1029.34,-225.281,117.664,-136.227,2.44682,53.7142,-162.087,-35.1599,-70.3667,3.44615,-22.5137,-0.390596,-0.622549,-0.341093,-0.678248,-0.308117,-0.644495,-0.646952,0.0631143,-0.495575,0.446931,-0.333459,0.790461,0.646555,0.159365,0.745373,0.200697,-0.705918,0.105231,0.0910076,-0.0227061,0.764073
13.13,0,,18.4002,23.833,0.693833,-3.58073,2.44352,-5.02878,60.9993,15.9428,-2.04906,-2.32619,0.721814,-4.46533,-0.789122,5.4505,5.86641,5.86641,-0.100057,0.100057,10.0527,-10.0527,50.7545,0.0276624,-12.0073,3.02877,6.57552,-10.2145,16.603,62.0122,92.7771,119.626,14.6351,45.4078,-201.659,247.573,-66.4002,-1431.09,646.018,-219.171,106.939,-89.8363,25.8804,54.2092,-329.104,-67.3796,-48.2583,-2.00099,161.08,-0.390774,-0.623212,-0.341577,-0.677106,-0.312886,-0.645671,-0.642067,0.0569492,-0.49533,0.432207,-0.330641,0.795992,0.647111,0.156071,0.745685,0.201057,-0.706446,0.101444,0.0862454,-0.0255745,0.763573
13.14,0,,19.4007,23.265,0.639368,-3.64044,3.73828,-5.07673,61.9423,15.7772,-1.28521,-1.9589,-0.165166,-4.10404,-2.95181,5.65342,5.75794,5.75794,0.0164827,-0.0164827,9.85596,-9.85596,49.611,-0.0574527,-10.8285,2.4667,5.73212,-9.86423,-5.37775,48.8263,84.9568,115.227,31.2546,59.0901,-265.15,343.253,83.4978,-1462.46,369.137,384.16,72.7606,-40.0257,3.90834,25.3896,-292.462,-8.78999,1.42635,-28.3473,225.539,-0.391007,-0.623927,-0.341811,-0.676015,-0.31698,-0.647083,-0.636824,0.0494419,-0.496189,0.423479,-0.329848,0.797213,0.647806,0.152536,0.745895,0.203073,-0.706696,0.0996748,0.0837413,-0.0298466,0.762888
13.15,0,,20.3868,22.6813,0.594375,-3.69931,4.88879,-5.39268,62.6919,15.5931,-1.80548,-1.968,-0.590059,-3.77897,-5.14168,6.14125,5.63885,5.63885,0.115379,-0.115379,9.71044,-9.71044,49.5699,0.227683,-10.1729,2.01438,4.62411,-9.56611,-44.4313,28.8109,76.6639,87.3971,6.34305,73.7378,-339.855,417.964,228.025,-936.511,107.915,845.314,33.6991,-16.5929,0,26.8394,-67.8705,-8.29478,84.3925,-35.6843,242.156,-0.391264,-0.624679,-0.341883,-0.675005,-0.320199,-0.64882,-0.631499,0.0414448,-0.498437,0.422868,-0.332105,0.793366,0.648571,0.148867,0.746045,0.206791,-0.706617,0.0996723,0.0842955,-0.0349146,0.762017
13.16,0,,21.3641,22.0855,0.519914,-3.75097,5.80151,-5.778,63.2522,15.4193,-2.37277,-2.05603,-0.935521,-3.63596,-7.20843,6.66641,5.50984,5.50984,0.204524,-0.204524,9.60018,-9.60018,49.4142,0.604317,-9.48781,1.79056,3.51865,-9.3364,-61.5202,31.7378,60.0628,75.6913,-32.2114,85.456,-389.649,442.399,295.409,-552.725,-248.058,611.478,11.233,1.96329,-22.9574,-7.8149,220.724,53.2351,149.529,-2.89032,56.1503,-0.391449,-0.625537,-0.341762,-0.674194,-0.322661,-0.650693,-0.626681,0.033388,-0.50198,0.421413,-0.333822,0.789904,0.649388,0.145149,0.746134,0.211075,-0.706228,0.100166,0.0863081,-0.0385151,0.761269
13.17,0,,22.3531,21.5248,0.435717,-3.78762,6.43271,-6.07084,63.6602,15.2762,-1.90163,-1.96396,-0.884143,-3.66278,-8.94018,7.06251,5.38801,5.38801,0.284152,-0.284152,9.50918,-9.50918,48.1432,0.806465,-8.91277,1.69017,2.73249,-9.1572,-93.2684,22.9423,54.1937,52.2419,-93.2677,71.7737,-428.229,441.404,311.523,-629.85,-251.462,224.059,-10.2452,12.698,-41.4973,-73.7288,434.101,72.2698,107.452,33.6833,-8.84468,-0.391518,-0.626405,-0.341525,-0.673388,-0.324547,-0.652756,-0.622826,0.0256357,-0.506428,0.414461,-0.328761,0.791993,0.650214,0.141908,0.746102,0.21498,-0.70592,0.100166,0.0874676,-0.0402852,0.76084
13.18,0,,23.3391,20.9895,0.332314,-3.80512,6.86984,-6.14961,63.9043,15.1617,-1.10359,-1.71606,-0.727172,-3.71311,-10.3393,7.23703,5.26584,5.26584,0.362386,-0.362386,9.42106,-9.42106,46.4354,0.863918,-8.35846,1.56494,2.1206,-8.98126,-113.289,30.7622,62.014,20.0132,-149.894,55.1785,-462.903,446.792,333.007,-735.284,-271.434,513.707,-3.41506,18.5562,-36.1275,-89.3586,504.872,119.129,58.005,45.9116,75.1797,-0.391515,-0.627315,-0.341217,-0.672567,-0.32606,-0.654866,-0.620396,0.0178232,-0.511076,0.404923,-0.32124,0.796357,0.65106,0.139295,0.745918,0.217723,-0.705966,0.0988816,0.0874656,-0.041566,0.760578
13.19,0,,24.3368,20.5063,0.211544,-3.81178,7.1697,-5.95267,63.9687,15.1004,-0.392079,-1.3943,-0.612438,-3.71735,-11.4083,7.12583,5.156,5.156,0.422745,-0.422745,9.34277,-9.34277,44.665,0.868174,-7.81931,1.37243,1.6372,-8.82812,-119.623,46.3872,46.8764,-7.81646,-211.411,35.1545,-475.094,463.882,334.954,-608.426,-367.208,518.595,-8.77756,23.9394,-34.1733,-84.9738,410.655,137.699,9.74675,20.4546,30.2863,-0.391565,-0.62809,-0.340902,-0.671785,-0.327408,-0.656831,-0.619562,0.00970545,-0.515732,0.394557,-0.313497,0.801261,0.651942,0.13764,0.745513,0.218947,-0.706466,0.0957703,0.0868559,-0.0431533,0.760401
13.2,0,,25.3142,20.0522,0.0520967,-3.79235,7.27636,-5.50057,63.8086,15.0717,0.277767,-1.08569,-0.551289,-3.699,-12.0507,6.76219,5.05299,5.05299,0.476836,-0.476836,9.253,-9.253,42.7541,0.906475,-7.29212,1.16012,1.28992,-8.6587,-130.378,45.8994,55.6571,-28.3205,-291.001,21.9715,-430.182,501.461,332.515,-515.081,-387.179,349.125,-15.6359,32.7109,-33.2044,-37.5893,187.514,91.3044,4.99224,-0.444664,8.84468,-0.391572,-0.628834,-0.340542,-0.6711,-0.328745,-0.658466,-0.620884,0.00146492,-0.520231,0.383075,-0.304946,0.807106,0.652933,0.136788,0.744857,0.218822,-0.707372,0.091008,0.0864298,-0.0450461,0.760229
13.21,0,,26.3017,19.6368,-0.140503,-3.75597,7.11025,-4.91061,63.4435,15.0492,0.963637,-0.817556,-0.61496,-3.69053,-12.2422,6.26625,4.97873,4.97873,0.522338,-0.522338,9.11855,-9.11855,40.6507,0.987335,-6.65886,0.961852,1.02405,-8.43877,-135.74,55.6705,85.4446,-18.0685,-363.786,21.9715,-323.731,541.03,285.159,-491.209,-373.562,179.247,-18.0631,13.173,-24.8951,23.4447,-57.1389,56.6397,6.89404,4.89131,0,-0.39145,-0.629445,-0.340176,-0.670459,-0.330285,-0.659716,-0.624425,-0.00640906,-0.524749,0.369719,-0.2958,0.813907,0.654018,0.136602,0.743987,0.217963,-0.708516,0.0854516,0.0863701,-0.047,0.760057
13.22,0,,27.2573,19.2154,-0.320473,-3.73208,6.61718,-4.31552,62.9067,15.037,1.5352,-0.517044,-0.782333,-3.66701,-11.9855,5.7768,4.89524,4.89524,0.546946,-0.546946,9.00214,-9.00214,38.5171,1.04479,-5.97774,0.780492,0.867577,-8.22535,-126.96,77.6372,88.3715,0.981778,-429.201,19.042,-228.523,543.947,250.493,-425.715,-384.229,116.511,-41.517,-6.33319,-20.0179,77.1589,-225.075,-31.7244,-10.2222,2.44565,-24.3899,-0.39139,-0.630057,-0.339628,-0.669669,-0.332179,-0.660696,-0.629719,-0.0135502,-0.529618,0.355435,-0.286887,0.820986,0.655122,0.136786,0.743017,0.217117,-0.709398,0.0799004,0.0861866,-0.0487088,0.75987
13.23,0,,28.1839,18.777,-0.470975,-3.72181,5.84172,-3.87883,62.2273,15.0022,1.97855,-0.233732,-0.967357,-3.59268,-11.3103,5.42452,4.81242,4.81242,0.565054,-0.565054,8.80416,-8.80416,36.3965,1.1065,-5.29423,0.586179,0.761992,-7.95004,-101.076,98.6282,81.0542,6.3438,-482.426,14.165,-177.724,491.714,224.13,-299.775,-317.392,27.2945,-69.8253,-41.0074,13.1865,67.3991,-303.242,-112.784,-12.124,-2.89032,-6.83452,-0.391507,-0.630537,-0.339135,-0.668689,-0.334497,-0.661425,-0.636386,-0.0198375,-0.534879,0.341026,-0.277912,0.82818,0.656286,0.136909,0.741984,0.216927,-0.709867,0.0752593,0.0860062,-0.0505416,0.75965
13.24,0,,29.0844,18.3313,-0.606479,-3.71209,4.83109,-3.65192,61.4386,14.9675,2.35354,-0.0151774,-1.15333,-3.4826,-10.3321,5.26462,4.72516,4.72516,0.588733,-0.588733,8.58569,-8.58569,34.2564,1.22991,-4.61709,0.379991,0.70602,-7.66983,-72.2595,109.863,75.6882,-5.85291,-516.587,-5.85908,-155.77,396,219.23,-249.583,-194.838,-20.369,-63.9548,-38.0941,26.8493,-6.82478,-300.777,-121.574,-14.2635,-10.2273,-26.4,-0.391753,-0.630968,-0.338771,-0.667512,-0.33754,-0.661775,-0.643768,-0.0253308,-0.540735,0.326243,-0.268807,0.835415,-0.65744,-0.13703,-0.74094,0.217778,-0.709977,0.071779,0.0862446,-0.0527355,0.759355
13.25,0,,29.966,17.8917,-0.747245,-3.73208,3.65698,-3.60739,60.5152,14.9143,2.55011,0.204389,-1.40171,-3.42944,-9.17004,5.29222,4.65364,4.65364,0.59918,-0.59918,8.37377,-8.37377,32.1963,1.34695,-3.92162,0.192154,0.648775,-7.40103,-41.0135,116.692,92.2893,4.39912,-521.973,-14.165,-150.889,207.523,200.677,-131.295,-121.533,-10.5919,-52.242,-36.1308,25.3878,-21.9595,-181.617,-102.54,-18.0671,-11.2278,-33.2345,-0.392045,-0.631252,-0.338454,-0.666366,-0.341393,-0.661483,-0.651522,-0.030397,-0.547085,0.311537,-0.260326,0.842138,-0.6585,-0.136974,-0.739989,0.219737,-0.709995,0.0694003,0.0864914,-0.0547514,0.759013
13.26,0,,30.7781,17.4594,-0.859332,-3.77735,2.36396,-3.68189,59.4434,14.8816,2.59285,0.353128,-1.69705,-3.38475,-7.90361,5.42696,4.5674,4.5674,0.607073,-0.607073,8.10365,-8.10365,30.2097,1.5342,-3.15676,0.0107952,0.536829,-7.09638,-34.6638,119.146,81.0542,24.4123,-481.434,-1.46477,-153.315,-4.39276,109.369,-48.8149,-125.504,34.6273,-62.4872,-65.4218,22.9574,0.495062,-43.4584,-100.094,13.0749,-5.8918,17.1533,-0.392608,-0.631456,-0.338221,-0.665189,-0.345962,-0.660672,-0.659141,-0.0352185,-0.554096,0.296712,-0.252581,0.848324,-0.659423,-0.136914,-0.739142,0.222244,-0.709949,0.0675706,0.0872865,-0.0570109,0.758538
13.27,0,,31.5133,17.0307,-0.932214,-3.84011,1.02287,-3.78978,58.2116,14.8693,2.47319,0.485677,-1.9158,-3.34853,-6.62359,5.57631,4.47741,4.47741,0.619609,-0.619609,7.81836,-7.81836,28.3096,1.74486,-2.43895,-0.152212,0.400714,-6.79663,-14.643,109.863,70.307,-11.2338,-430.158,-23.4363,-148.936,-158.688,-16.1132,86.918,-130.838,141.768,-52.242,-76.1566,36.6201,-6.82478,60.0393,-80.0694,26.3875,-7.33696,10.3188,-0.393271,-0.631626,-0.338092,-0.663896,-0.351022,-0.659562,-0.6661,-0.0402846,-0.561726,0.282487,-0.24507,0.853993,-0.660195,-0.136666,-0.738447,0.224865,-0.709815,0.0657994,0.0883237,-0.059208,0.758046
13.28,0,,32.1571,16.6056,-1.01825,-3.8926,-0.146874,-3.89167,56.8782,14.8836,2.33751,0.651617,-1.9448,-3.341,-5.52145,5.67696,4.37577,4.37577,0.643056,-0.643056,7.52037,-7.52037,26.4095,1.92998,-1.88624,-0.277796,0.231524,-6.51968,-16.1171,99.6038,60.0628,-29.3023,-362.298,21.4888,-138.196,-295.893,-84.4822,229.996,14.1845,157.656,-69.8253,-83.9781,51.7608,-25.3896,109.395,-34.1695,37.5606,-1.00049,-5.89645,-0.394062,-0.631805,-0.33809,-0.662825,-0.356591,-0.65782,-0.671832,-0.0462049,-0.569474,0.269119,-0.236585,0.859362,-0.660939,-0.136302,-0.737788,0.227305,-0.709626,0.0637846,0.0893015,-0.0609789,0.757628
13.29,0,,32.7343,16.1817,-1.12113,-3.94647,-1.0456,-3.9362,55.4863,14.9163,2.28089,0.905585,-1.91801,-3.40827,-4.75832,5.67047,4.26832,4.26832,0.675557,-0.675557,7.14654,-7.14654,24.4423,2.03212,-1.32316,-0.33645,-0.0814149,-6.21015,-30.2742,81.5397,30.2753,-11.2338,-286.607,76.168,-87.3976,-387.695,-112.3,295.95,115.178,217.949,-77.1353,-80.0831,35.6513,-30.2695,91.3158,-28.3199,64.8991,-41.0203,-29.7503,-0.394982,-0.631935,-0.338216,-0.662038,-0.362271,-0.655628,-0.675991,-0.0534079,-0.577171,0.255316,-0.227606,0.864401,-0.661654,-0.135566,-0.737219,0.229269,-0.709477,0.0612239,0.0899083,-0.061831,0.757354
13.3,0,,33.2751,15.7736,-1.23506,-4.01979,-1.71964,-3.92078,54.0885,14.9675,2.22,1.22431,-1.88113,-3.6115,-4.37255,5.56332,4.17113,4.17113,0.711308,-0.711308,6.78624,-6.78624,22.5098,2.07894,-0.732163,-0.273838,-0.538101,-5.95275,-38.5676,60.5487,31.7387,-2.43556,-250.993,87.8862,-62.4866,-414.052,-146.966,417.91,124.029,341.385,-65.9305,-93.2562,43.9441,-25.8846,-8.31462,-17.0848,-18.5426,21.0104,-15.1432,-0.395901,-0.632001,-0.338463,-0.661425,-0.367825,-0.653246,-0.678615,-0.0616479,-0.584862,0.241348,-0.219069,0.868586,-0.662195,-0.134587,-0.736843,0.2309,-0.709423,0.0581674,0.0905205,-0.0614661,0.757247
13.31,0,,33.7696,15.3825,-1.34557,-4.10726,-2.15677,-3.8951,52.716,15.0451,2.24564,1.53191,-1.77774,-3.78133,-4.36136,5.45699,4.07155,4.07155,0.737773,-0.737773,6.48866,-6.48866,20.5621,2.1449,-0.197796,-0.245051,-1.07111,-5.74911,-46.8772,52.241,43.9495,-7.32557,-216.798,94.2446,-51.7468,-384.778,-106.437,599.092,195.292,315.72,-36.6343,-86.923,54.6839,-2.93501,-97.6485,-56.1445,10.6976,-17.5642,-0.938072,-0.39687,-0.63205,-0.338701,-0.660946,-0.373201,-0.650752,-0.679807,-0.0708679,-0.592275,0.227311,-0.210281,0.872132,-0.662617,-0.133488,-0.736594,0.2325,-0.709403,0.0549967,0.0911313,-0.0614663,0.757067
13.32,0,,34.2409,15.0228,-1.46976,-4.1878,-2.42953,-3.93363,51.3788,15.1556,2.43153,1.82129,-1.78216,-4.00996,-4.68756,5.42534,3.97573,3.97573,0.759595,-0.759595,6.19763,-6.19763,18.5149,2.23427,0.480133,-0.166246,-1.77586,-5.5471,-38.5676,46.3872,28.8118,-21.4858,-165.026,92.2805,-90.3267,-309.072,-77.6346,665.504,169.419,128.732,-24.4135,-76.6632,74.7018,-3.88977,-136.708,-55.6493,3.80361,-1.44516,-9.78275,-0.397782,-0.632105,-0.33888,-0.660602,-0.378612,-0.648028,-0.679898,-0.0808138,-0.599451,0.211563,-0.201797,0.875124,-0.663006,-0.132394,-0.736375,0.234621,-0.709295,0.0522465,0.092107,-0.0611605,0.756876
