"Time,s",Activities,Activity Names,"Hip Flexion LT,deg","Hip Flexion RT,deg","Hip Abduction LT,deg","Hip Abduction RT,deg","Hip Rotation Ext LT,deg","Hip Rotation Ext RT,deg","Knee Flexion LT,deg","Knee Flexion RT,deg","Ankle Dorsiflexion LT,deg","Ankle Dorsiflexion RT,deg","Ankle Inversion LT,deg","Ankle Inversion RT,deg","Ankle Abduction LT,deg","Ankle Abduction RT,deg","Pelvic Tilt LT,deg","Pelvic Tilt RT,deg","Pelvic Obliquity LT,deg","Pelvic Obliquity RT,deg","Pelvic Rotation LT,deg","Pelvic Rotation RT,deg","Foot Pitch Down LT,deg","Foot Pitch Down RT,deg","Foot Roll Med LT,deg","Foot Roll Med RT,deg","Foot Rotation Ext LT,deg","Foot Rotation Ext RT,deg","Pelvis Accel Sensor X,mG","Pelvis Accel Sensor Y,mG","Pelvis Accel Sensor Z,mG","Thigh Accel Sensor X LT,mG","Thigh Accel Sensor Y LT,mG","Thigh Accel Sensor Z LT,mG","Shank Accel Sensor X LT,mG","Shank Accel Sensor Y LT,mG","Shank Accel Sensor Z LT,mG","Foot Accel Sensor X LT,mG","Foot Accel Sensor Y LT,mG","Foot Accel Sensor Z LT,mG","Thigh Accel Sensor X RT,mG","Thigh Accel Sensor Y RT,mG","Thigh Accel Sensor Z RT,mG","Shank Accel Sensor X RT,mG","Shank Accel Sensor Y RT,mG","Shank Accel Sensor Z RT,mG","Foot Accel Sensor X RT,mG","Foot Accel Sensor Y RT,mG","Foot Accel Sensor Z RT,mG","Pelvis Rot X,","Pelvis Rot Y,","Pelvis Rot Z,","LT Thigh Rot X,","LT Thigh Rot Y,","LT Thigh Rot Z,","LT Shank Rot X,","LT Shank Rot Y,","LT Shank Rot Z,","LT Foot Rot X,","LT Foot Rot Y,","LT Foot Rot Z,","RT Thigh Rot X,","RT Thigh Rot Y,","RT Thigh Rot Z,","RT Shank Rot X,","RT Shank Rot Y,","RT Shank Rot Z,","RT Foot Rot X,","RT Foot Rot Y,","RT Foot Rot Z,"
135.27,0,,11.7961,13.0577,2.04464,-7.26771,-41.1554,-14.4145,14.383,9.99264,7.46737,-1.07546,1.45078,-8.25445,43.4117,4.0321,5.23013,5.23013,0.445426,-0.445426,-5.91867,5.91867,0.560141,2.14153,2.67319,1.82608,-3.0808,-5.71689,-22.466,-27.8239,-20.9963,20.5032,183.598,-10.2638,129.865,117.166,49.3263,-27.884,-6.36347,-0.488862,32.7069,35.6371,-23.9287,-11.2261,166.011,-3.40587,11.6366,-19.1046,1.88845,-0.405835,-0.601276,-0.37727,-0.689411,-0.25019,-0.651202,-0.678128,0.0925331,-0.723113,0.107548,-0.0845369,0.938023,-0.678767,-0.083442,-0.728026,0.24947,-0.710322,0.0731869,0.0932064,-0.0522493,0.758286
135.28,0,,12.401,13.0514,2.02268,-7.14865,-41.1275,-14.4118,15.4852,9.97339,8.21713,-1.02291,1.41839,-8.41487,43.1763,4.09213,5.2251,5.2251,0.524539,-0.524539,-5.98531,5.98531,0.47612,2.10134,2.68966,1.87612,-3.29365,-5.57238,1.468,-37.1155,-31.7454,53.2261,146.993,-12.7004,171.403,68.8472,40.5375,-25.9683,-14.141,-18.0879,45.8978,32.7149,-33.6967,4.38003,114.244,13.1936,5.31237,-19.1046,21.0427,-0.404941,-0.601856,-0.377167,-0.689112,-0.251718,-0.65255,-0.676127,0.0948543,-0.723982,0.106875,-0.0841695,0.93801,-0.678991,-0.0841109,-0.7277,0.250321,-0.710617,0.073491,0.0930222,-0.0516383,0.75846
135.29,0,,13.0221,13.026,1.99889,-7.03328,-41.1275,-14.3678,16.6177,9.91993,8.99309,-0.963022,1.37066,-8.56765,42.9267,4.12104,5.233,5.233,0.596672,-0.596672,-6.05411,6.05411,0.399101,2.05254,2.70613,1.92384,-3.54197,-5.4086,12.2086,-35.652,-37.6036,64.9324,124.991,-0.495941,292.994,5.88232,-45.4088,-6.81135,-34.1153,21.9988,47.3599,19.5148,-34.1781,17.5937,78.1263,11.2427,-3.03564,-17.0205,7.28403,-0.403961,-0.602401,-0.376982,-0.688867,-0.253,-0.653953,-0.674172,0.0973567,-0.724712,0.106264,-0.0838636,0.937942,-0.679301,-0.0847219,-0.727278,0.250994,-0.710925,0.0736135,0.0927774,-0.0510276,0.758639
135.3,0,,13.6402,12.9866,1.95405,-6.91751,-41.1224,-14.2702,17.7911,9.83653,9.75526,-0.919026,1.30758,-8.70345,42.6325,4.10547,5.24737,5.24737,0.660494,-0.660494,-6.12936,6.12936,0.343087,2.01235,2.77748,1.95759,-3.83941,-5.22941,31.7386,-26.8538,-42.9596,81.0543,78.6173,-5.86504,404.315,59.5435,-212.396,-27.884,-50.3774,47.9085,30.768,8.2963,-23.4473,12.2199,35.1658,15.6405,-17.4549,-13.1996,-1.88845,-0.402991,-0.602899,-0.376743,-0.688815,-0.253918,-0.655305,-0.672043,0.0999214,-0.725513,0.105411,-0.0840478,0.937771,-0.679706,-0.0852684,-0.726765,0.251296,-0.711343,0.0734904,0.0925364,-0.050541,0.758786
135.31,0,,14.2701,12.9359,1.90098,-6.8108,-41.1199,-14.1506,19.0033,9.72534,10.4003,-0.876252,1.39282,-8.82228,42.2591,4.08657,5.27215,5.27215,0.713679,-0.713679,-6.21535,6.21535,0.371094,1.96355,2.83786,1.97621,-4.21325,-5.01938,54.6878,-22.9568,-60.0504,101.557,49.3136,-33.6808,357.413,190.935,-225.102,-22.9883,12.1966,158.636,3.4328,-6.852,-17.0891,16.1215,-21.4803,-20.5013,-7.84206,-23.4466,1.88845,-0.401945,-0.603375,-0.376369,-0.688813,-0.254772,-0.656585,-0.669587,0.102361,-0.726535,0.105109,-0.0846606,0.937371,-0.680161,-0.0858212,-0.726184,0.25154,-0.711772,0.0733685,0.0922263,-0.0501721,0.758929
135.32,0,,14.9382,12.9041,1.85249,-6.72181,-41.026,-14.0654,20.2695,9.6227,10.7586,-0.831034,1.67241,-8.94451,41.7112,4.12659,5.30554,5.30554,0.752571,-0.752571,-6.3207,6.3207,0.588149,1.91762,2.95862,1.99367,-4.66623,-4.77467,64.4621,-16.1157,-47.3671,112.785,46.3738,-37.6052,209.461,296.397,-127.438,-85.9933,38.5343,293.073,-0.98534,-30.7668,5.37543,36.623,-66.4044,-33.695,-17.4549,-13.1996,-12.6796,-0.400903,-0.603796,-0.375877,-0.688711,-0.256123,-0.657703,-0.666837,0.104069,-0.727753,0.105657,-0.0867964,0.936632,-0.680576,-0.0864912,-0.725623,0.252086,-0.712127,0.0735505,0.0919247,-0.0498078,0.75902
135.33,0,,15.6356,12.8838,1.83281,-6.64147,-40.9246,-13.9911,21.5206,9.52861,10.3493,-0.801703,2.13611,-9.04891,40.9868,4.20441,5.33643,5.33643,0.788138,-0.788138,-6.43894,6.43894,1.38635,1.88317,3.4252,2.00065,-5.23928,-4.49143,53.2197,6.84109,-24.4181,87.3867,52.2535,7.3313,244.609,318.366,-72.763,-218.815,241.281,762.625,-5.37169,-46.8892,30.2669,47.8491,-75.2107,-55.1883,-5.81831,-22.0571,-6.87936,-0.399799,-0.604276,-0.375262,-0.688248,-0.258124,-0.658829,-0.664229,0.105415,-0.728809,0.107796,-0.0943672,0.935126,-0.680926,-0.0872215,-0.725117,0.252752,-0.712417,0.0739762,0.0916795,-0.0495631,0.759072
135.34,0,,16.3903,12.8787,1.8415,-6.58214,-40.8992,-13.9554,22.8062,9.4559,8.71468,-0.771151,2.7703,-9.11681,40.0351,4.31002,5.37342,5.37342,0.827363,-0.827363,-6.56578,6.56578,3.20681,1.85159,4.61633,1.98785,-5.97059,-4.20819,38.5769,43.4631,-24.9017,29.7792,57.1374,29.3036,298.358,318.366,-109.86,-161.131,-2.47468,126.86,-4.38635,-55.6557,56.6426,22.4523,-25.4074,-76.6486,-1.01188,-19.1046,1.48378,-0.3987,-0.604702,-0.374712,-0.687407,-0.260814,-0.660001,-0.661598,0.107306,-0.729778,0.112003,-0.111942,0.932035,-0.681128,-0.0878343,-0.72477,0.253609,-0.712546,0.0745872,0.091437,-0.0495029,0.759147
135.35,0,,17.217,12.88,1.86392,-6.52446,-40.9474,-13.9334,24.1586,9.40031,6.79478,-0.74182,3.69771,-9.18896,39.1503,4.43342,5.40538,5.40538,0.868914,-0.868914,-6.69478,6.69478,5.30734,1.8315,5.73062,1.99367,-6.58457,-3.92494,14.1597,66.8964,-19.0436,27.349,70.3193,29.3036,243.182,323.708,-103.524,-305.659,107.825,126.86,-2.44746,-61.5337,75.1959,-3.42305,49.8033,-67.8859,15.1782,-15.11,4.45135,-0.397613,-0.605149,-0.374174,-0.686204,-0.264544,-0.661056,-0.65891,0.109686,-0.730691,0.118723,-0.13032,0.928417,-0.681288,-0.0882586,-0.724502,0.254533,-0.71257,0.0752612,0.0913125,-0.0493185,0.759188
135.36,0,,18.1097,12.8813,1.91013,-6.48985,-41.0717,-13.8853,25.5391,9.36182,4.30152,-0.708823,5.37012,-9.2645,38.3731,4.51902,5.43554,5.43554,0.905811,-0.905811,-6.80657,6.80657,7.89799,1.81715,6.48262,1.98785,-6.95023,-3.6706,-9.7743,74.214,-24.4181,51.2751,77.1474,9.27193,199.704,275.869,-91.2944,-166.452,294.487,786.091,-7.31058,-54.6817,72.2674,-14.6492,86.9326,-52.7414,7.84206,-13.1996,5.39558,-0.396691,-0.605505,-0.37374,-0.684637,-0.269374,-0.661929,-0.656326,0.112551,-0.731463,0.131108,-0.14887,0.924043,-0.68135,-0.0883809,-0.724381,0.255259,-0.712737,0.0755646,0.0911881,-0.0492562,0.759169
135.37,0,,19.0523,12.8876,2.01948,-6.46513,-41.2873,-13.7808,26.911,9.33402,1.00888,-0.658717,7.06128,-9.34598,37.6893,4.5268,5.47504,5.47504,0.932071,-0.932071,-6.85387,6.85387,11.1538,1.79131,7.73414,1.996,-6.94477,-3.5049,12.2086,92.7802,-31.7454,94.7117,82.0313,-39.5459,199.704,178.691,-72.763,541.077,-419.459,971.614,-4.89491,-41.9853,71.2846,-12.6984,79.0784,-45.4006,-3.03564,-16.1521,6.87936,-0.39584,-0.605754,-0.373378,-0.682509,-0.275091,-0.662855,-0.6539,0.115972,-0.732029,0.144779,-0.173832,0.91866,-0.681414,-0.088137,-0.724323,0.255622,-0.712969,0.0753803,0.0910074,-0.0490744,0.759188
135.38,0,,20.0463,12.9092,2.17412,-6.44989,-41.5384,-13.6255,28.2872,9.30622,-0.899998,-0.622053,7.10219,-9.43341,37.4153,4.46455,5.53214,5.53214,0.961323,-0.961323,-6.89687,6.89687,13.2894,1.77121,9.59494,2.00531,-6.70464,-3.36231,16.594,87.8961,-8.29436,123.533,105.455,-48.3434,221.215,43.9374,-118.172,601.102,-1397.49,822.755,-10.7434,-25.3927,65.4278,-10.2692,28.799,-47.8475,-13.1544,-29.699,-21.4474,-0.394986,-0.605877,-0.373134,-0.679978,-0.281208,-0.663925,-0.651741,0.119691,-0.732248,0.147287,-0.196302,0.91522,-0.68143,-0.0877118,-0.72434,0.255626,-0.713348,0.0748323,0.0908865,-0.0488919,0.759259
135.39,0,,21.0668,12.9422,2.35118,-6.44165,-41.7616,-13.4701,29.6763,9.27628,0.359724,-0.591501,6.68281,-9.52678,38.0423,4.37672,5.60684,5.60684,0.993234,-0.993234,-6.93557,6.93557,12.7852,1.75686,9.60592,2.01928,-6.23801,-3.2467,20.5149,64.4458,10.2471,145.508,123.521,-57.1194,254.879,-102.521,-175.776,-167.942,-185.071,-109.261,-2.44746,-7.32224,49.3216,3.42305,-29.8106,-52.2454,-4.80643,-16.6731,-0.539558,-0.394199,-0.605827,-0.373079,-0.677284,-0.287308,-0.665076,-0.649995,0.12348,-0.731969,0.144357,-0.193616,0.917905,-0.681435,-0.087041,-0.724406,0.255509,-0.713788,0.0741012,0.0908261,-0.0487092,0.759326
135.4,0,,22.0946,12.9739,2.53053,-6.44083,-41.8276,-13.3533,31.0978,9.23993,1.85099,-0.584168,6.40664,-9.59044,38.8581,4.3078,5.68584,5.68584,1.02315,-1.02315,-6.96996,6.96996,12.064,1.7626,9.2656,2.0251,-5.46577,-3.16192,28.8026,23.9268,18.56,142.564,133.811,-38.0796,278.787,-222.628,-208.989,-301.189,430.241,-157.169,9.75804,9.27035,41.4991,42.4753,-57.1221,-64.447,-5.31237,-23.4466,-0.539558,-0.393583,-0.605635,-0.373196,-0.674626,-0.293119,-0.666264,-0.648418,0.126473,-0.731431,0.142278,-0.187629,0.921787,-0.681434,-0.0864305,-0.724466,0.255323,-0.714146,0.0734899,0.0908869,-0.048648,0.759324
135.41,0,,23.1385,12.9981,2.66687,-6.43259,-41.7185,-13.2873,32.5904,9.20144,2.41745,-0.568281,6.29241,-9.66088,39.2274,4.28445,5.76485,5.76485,1.05273,-1.05273,-6.99791,6.99791,12.1131,1.77121,9.40831,2.04721,-4.75082,-3.08292,23.4323,-18.0727,6.84378,125.963,142.583,-17.5735,231.428,-174.789,-177.241,-489.353,545.491,51.3306,25.8731,32.2111,37.5879,56.646,-52.7189,-74.2347,0,-19.452,-9.30737,-0.392967,-0.605443,-0.373313,-0.672215,-0.298599,-0.667332,-0.646758,0.128302,-0.730868,0.14216,-0.188793,0.923762,-0.681493,-0.0858198,-0.724464,0.25545,-0.714346,0.0731254,0.0910088,-0.0484648,0.759322
135.42,0,,24.1619,12.9917,2.74373,-6.40457,-41.4573,-13.2571,34.1413,9.14584,2.01363,-0.541394,6.75782,-9.70757,39.1483,4.30669,5.8259,5.8259,1.09096,-1.09096,-7.02586,7.02586,12.9463,1.76547,9.6663,2.05768,-4.11774,-2.99043,16.1109,-33.6949,-0.483528,94.2325,149.885,-18.5654,142.075,-17.5869,-63.9742,-236.269,519.506,364.691,29.7827,47.3594,33.1953,20.98,-14.6375,-46.3926,-9.35988,-21.5361,-22.5265,-0.392307,-0.605399,-0.373385,-0.670086,-0.303669,-0.668255,-0.644858,0.129033,-0.730432,0.146373,-0.19496,0.923832,-0.681618,-0.085454,-0.724345,0.255756,-0.714408,0.0730644,0.0910058,-0.0483411,0.759297
135.43,0,,25.2014,12.9841,2.75745,-6.36543,-41.1148,-13.2337,35.7095,9.09452,1.54915,-0.525507,7.23005,-9.73897,38.8256,4.35449,5.88013,5.88013,1.1488,-1.1488,-7.05381,7.05381,13.8145,1.77121,9.94625,2.0635,-3.63748,-2.87482,0,-24.4203,-17.5744,75.2011,153.821,-24.4089,93.7468,137.694,20.0303,-209.449,439.433,352.959,27.3352,50.2816,27.3385,17.0784,47.3637,-9.29174,-10.3718,-26.3991,4.45135,-0.391448,-0.605515,-0.373441,-0.668152,-0.308378,-0.669129,-0.642773,0.128848,-0.730177,0.150582,-0.201428,0.923393,-0.681668,-0.0852085,-0.724272,0.256173,-0.71438,0.0731836,0.0910708,-0.0482822,0.759269
135.44,0,,26.2204,12.9371,2.73778,-6.31846,-40.8231,-13.1801,37.2388,9.00684,1.33553,-0.548727,7.62727,-9.76444,38.438,4.38117,5.90993,5.90993,1.21262,-1.21262,-7.07961,7.07961,14.4657,1.79705,10.1109,2.07514,-3.33185,-2.74765,-3.90229,-3.91406,-36.6179,56.649,140.639,-18.5654,89.8668,236.794,60.0568,-253.51,495.643,386.69,12.6823,46.3854,33.1953,-8.31838,50.7553,-11.7056,4.30049,-16.6731,17.5356,-0.390539,-0.605831,-0.373387,-0.666312,-0.312586,-0.670096,-0.640666,0.128548,-0.730027,0.154056,-0.205936,0.922991,-0.681734,-0.085026,-0.724156,0.256362,-0.714396,0.0733074,0.0913132,-0.0482202,0.759254
135.45,0,,27.2438,12.8978,2.65497,-6.24348,-40.6785,-13.1031,38.7228,8.93414,1.35758,-0.540172,7.89152,-9.79584,38.0992,4.41008,5.94153,5.94153,1.2914,-1.2914,-7.10541,7.10541,14.9208,1.80566,10.2262,2.08794,-3.2036,-2.59158,-0.48314,17.0857,-61.5196,77.6314,124.517,-18.5654,97.1703,297.357,77.1574,-357.383,562.99,315.805,-9.75804,29.2889,43.4648,-11.7046,38.0814,-0.992001,6.83019,-14.589,-0.539558,-0.389432,-0.606245,-0.373318,-0.664703,-0.316237,-0.671051,-0.638761,0.128912,-0.72983,0.156566,-0.208999,0.922611,-0.681859,-0.0849043,-0.723976,0.256601,-0.71438,0.0733057,0.0914354,-0.0480982,0.759195
135.46,0,,28.2731,12.8635,2.53876,-6.1689,-40.7445,-12.9753,40.1314,8.85502,1.44441,-0.512064,8.062,-9.84252,37.8252,4.39674,5.98606,5.98606,1.36387,-1.36387,-7.13336,7.13336,15.3339,1.79992,10.3415,2.10307,-3.2609,-2.42395,2.93601,42.9696,-63.9558,69.348,85.9195,-10.2638,82.5063,343.756,99.1294,-419.537,561.576,320.694,-18.5625,11.7223,45.4104,-2.94456,11.7219,-11.7056,-4.80643,-12.1575,7.82359,-0.388225,-0.606633,-0.373148,-0.663245,-0.319476,-0.671974,-0.637316,0.13032,-0.729425,0.158759,-0.21174,0.921913,-0.682038,-0.0848427,-0.723727,0.256728,-0.714456,0.0730632,0.0914362,-0.0479155,0.759201
135.47,0,,29.3038,12.8318,2.41706,-6.10669,-41.0692,-12.8337,41.4126,8.77376,1.49265,-0.494954,8.21031,-9.86035,37.6771,4.3645,6.03526,6.03526,1.43434,-1.43434,-7.15701,7.15701,15.754,1.79992,10.4512,2.10424,-3.45465,-2.26402,4.88715,57.6217,-37.1014,49.324,36.1317,-9.27193,28.3009,358.882,102.536,-421.878,506.779,315.316,-1.46212,-14.6445,43.4648,11.7046,-0.476017,-35.6459,-13.1544,-17.5415,-8.36314,-0.387047,-0.606969,-0.373008,-0.661772,-0.32234,-0.673002,-0.636399,0.133066,-0.728874,0.161019,-0.214427,0.920824,-0.682162,-0.0846599,-0.723546,0.256666,-0.714513,0.0727576,0.0914365,-0.0478546,0.759204
135.48,0,,30.3286,12.8038,2.29994,-6.07044,-41.6272,-12.6962,42.5731,8.69678,1.54088,-0.493732,8.34499,-9.88921,37.6568,4.34004,6.09128,6.09128,1.48486,-1.48486,-7.18066,7.18066,16.1531,1.81715,10.5171,2.11355,-3.76846,-2.1118,-6.35515,53.7077,-35.6509,60.5511,9.29372,-6.33942,-16.604,355.941,95.6889,-419.962,446.857,310.917,4.89491,-24.8889,47.3559,9.27536,-26.3595,-25.3952,0,-15.11,-6.3398,-0.386023,-0.607175,-0.372838,-0.660325,-0.325096,-0.673937,-0.636009,0.137029,-0.728175,0.163334,-0.21668,0.919457,-0.682272,-0.0842922,-0.723411,0.256614,-0.714602,0.0723941,0.091619,-0.0477932,0.759137
135.49,0,,31.33,12.7619,2.17412,-6.02306,-42.3958,-12.5381,43.5696,8.61338,1.66217,-0.509619,8.42341,-9.90533,37.7927,4.28557,6.14264,6.14264,1.53805,-1.53805,-7.20215,7.20215,16.4402,1.85446,10.5281,2.12751,-4.19688,-1.96536,6.83829,52.2442,-33.196,46.8595,-15.6476,-16.1073,-54.6618,318.366,59.5798,-438.481,433.6,281.34,-7.31058,-31.2371,43.4648,-2.42926,-30.2866,-19.5424,12.1426,-18.5836,-0.539558,-0.384985,-0.607418,-0.372654,-0.658833,-0.327768,-0.674824,-0.636133,0.141912,-0.727384,0.165235,-0.217912,0.9181,-0.682463,-0.0836828,-0.723236,0.256421,-0.714634,0.0719029,0.0919824,-0.0477307,0.759114
135.5,0,,32.3123,12.7124,2.04281,-5.98103,-43.314,-12.3828,44.4281,8.53426,1.88407,-0.503509,8.42341,-9.95796,38.0363,4.2222,6.18753,6.18753,1.58858,-1.58858,-7.22365,7.22365,16.6012,1.87456,10.4842,2.15894,-4.72626,-1.83434,10.7406,47.8536,-49.3198,26.8698,-29.3037,-14.1667,-84.9598,248.018,36.1431,-480.413,431.655,207.522,-25.8731,-27.8447,40.0349,-11.7046,-58.6096,-32.703,-8.85394,-16.6731,6.3398,-0.384055,-0.607639,-0.372518,-0.657333,-0.330467,-0.675584,-0.63674,0.147466,-0.726464,0.166637,-0.218093,0.916748,-0.682652,-0.0827678,-0.72312,0.256239,-0.714758,0.0712927,0.0922298,-0.0474883,0.75908
135.51,0,,33.2857,12.6807,1.8868,-5.93777,-44.3337,-12.2398,45.1723,8.47867,2.22174,-0.470512,8.29555,-10.0072,38.3325,4.1744,6.24534,6.24534,1.63312,-1.63312,-7.243,7.243,16.6432,1.89178,10.4238,2.18105,-5.37299,-1.70331,4.38543,42.9696,-34.1817,14.1708,-42.0114,-7.80568,-110.351,178.21,-4.3944,-526.815,396.479,112.194,-37.6018,-17.0964,32.7139,-8.31838,-86.3971,-9.75467,-6.32425,-11.6364,-11.1958,-0.383139,-0.607761,-0.372396,-0.655978,-0.333208,-0.67606,-0.637782,0.153449,-0.725371,0.167371,-0.217485,0.915355,-0.682893,-0.0816688,-0.722995,0.25624,-0.714822,0.0706216,0.0924128,-0.0473051,0.759018
135.52,0,,34.2298,12.6654,1.69922,-5.90605,-45.3737,-12.1285,45.8022,8.44873,2.57319,-0.458291,8.11996,-10.0717,38.6308,4.12215,6.29885,6.29885,1.67999,-1.67999,-7.2602,7.2602,16.6362,1.92336,10.3305,2.21713,-6.09612,-1.61275,1.95114,46.8666,-14.1525,-2.94369,-55.6675,0,-130.378,110.864,-31.7487,-541.502,352.465,43.0199,-26.3817,7.32224,32.7139,-18.5507,-111.805,-67.3899,-3.03564,-17.5415,-14.7029,-0.382352,-0.607832,-0.372402,-0.654826,-0.336019,-0.676189,-0.639136,0.159433,-0.724223,0.167858,-0.216385,0.913821,-0.683022,-0.08051,-0.723003,0.256307,-0.7149,0.0700128,0.0927806,-0.0470617,0.759031
135.53,0,,35.1519,12.6553,1.47183,-5.87103,-46.368,-12.0735,46.3457,8.41879,2.92465,-0.449736,7.93925,-10.1752,38.8662,4.11992,6.34985,6.34985,1.73351,-1.73351,-7.27525,7.27525,16.5732,1.96068,10.1933,2.26834,-6.88747,-1.53375,-7.32143,50.7807,-10.2471,2.94369,-63.4913,2.93252,-150.406,52.2206,-58.1151,-573.218,275.397,-47.9085,-15.1297,21.9667,38.5707,5.37382,-125.014,-65.9019,0.50594,-23.9676,-8.36314,-0.381612,-0.607882,-0.372517,-0.653888,-0.338877,-0.675984,-0.640581,0.164982,-0.723164,0.168226,-0.214738,0.912178,-0.683129,-0.0792875,-0.723048,0.256674,-0.715023,0.0696467,0.0932058,-0.0466945,0.759014
135.54,0,,36.0358,12.6337,1.2234,-5.82365,-47.2786,-12.0955,46.8181,8.39741,3.28024,-0.460735,7.76195,-10.2924,39.0468,4.15772,6.38073,6.38073,1.79168,-1.79168,-7.29245,7.29245,16.4472,2.01235,10.0011,2.33933,-7.69792,-1.49329,-17.5789,44.4331,-20.0106,11.7063,-81.5571,22.4683,-185.554,-11.2244,-50.7911,-601.102,227.494,-125.882,-8.29592,41.5151,54.1956,9.75385,-101.57,-56.1472,5.81831,-29.699,-6.3398,-0.381066,-0.607948,-0.372765,-0.653102,-0.341566,-0.675625,-0.64207,0.169933,-0.722215,0.168467,-0.212475,0.910513,-0.683262,-0.07819,-0.723059,0.257274,-0.715057,0.069583,0.0938166,-0.0462064,0.759017
135.55,0,,36.8992,12.5969,0.991439,-5.77997,-48.0928,-12.1725,47.1654,8.37175,3.56967,-0.464401,7.60681,-10.4197,39.1422,4.23109,6.41377,6.41377,1.8545,-1.8545,-7.3075,7.3075,16.2861,2.06977,9.77059,2.42662,-8.52474,-1.47209,-21.9643,47.3601,-47.8506,37.1042,-87.3894,5.3691,-219.731,-42.977,-50.2801,-605.997,188.076,-182.59,-14.653,55.6557,39.5535,-1.95077,-34.6898,-44.9376,0,-6.77346,8.36314,-0.380583,-0.607957,-0.373136,-0.652239,-0.344125,-0.675311,-0.643655,0.1739,-0.721418,0.16865,-0.209851,0.908803,-0.683385,-0.0770914,-0.72306,0.258122,-0.714976,0.0697032,0.0944884,-0.0455962,0.759021
135.56,0,,37.7317,12.5639,0.74621,-5.73507,-48.798,-12.2439,47.407,8.35678,3.72955,-0.464401,7.48577,-10.5317,39.1544,4.30113,6.44609,6.44609,1.9283,-1.9283,-7.32255,7.32255,16.1391,2.12718,9.55103,2.49995,-9.35429,-1.44512,-25.3834,46.8666,-72.7523,43.4708,-87.3894,2.93252,-240.729,-72.2685,-58.592,-603.017,126.032,-200.189,-26.8584,57.6038,23.9287,4.38003,5.83121,-20.5013,-1.51782,-15.6311,11.7354,-0.380025,-0.608003,-0.373555,-0.651407,-0.346396,-0.675029,-0.645295,0.176827,-0.720799,0.168828,-0.207343,0.90701,-0.683439,-0.076053,-0.723114,0.258981,-0.714869,0.0697656,0.0951596,-0.0451077,0.759019
135.57,0,,38.5231,12.5296,0.525687,-5.72394,-49.3992,-12.2687,47.5062,8.35892,3.71025,-0.432627,7.40735,-10.62,39.0935,4.3267,6.49026,6.49026,1.99112,-1.99112,-7.33545,7.33545,16.02,2.17598,9.35891,2.56279,-10.1593,-1.41814,-4.88715,55.1712,-93.265,21.975,-121.577,-3.90284,-254.423,-89.3753,-67.3808,-618.13,35.7061,-96.7948,-26.8584,61.5337,16.6077,1.95077,0.476017,20.5013,-2.02376,-24.4886,12.14,-0.37949,-0.607965,-0.373935,0.650555,0.348472,0.674787,-0.647073,0.1786,-0.720319,0.169077,-0.205212,0.905144,-0.683383,-0.0750769,-0.723241,0.259657,-0.714698,0.0694616,0.0957096,-0.0446807,0.759023
135.58,0,,39.2968,12.5207,0.309739,-5.73507,-49.909,-12.233,47.4997,8.37602,3.39325,-0.402074,7.48748,-10.7057,38.9454,4.32225,6.5452,6.5452,2.04331,-2.04331,-7.3505,7.3505,16.0411,2.22478,9.19973,2.61866,-10.9397,-1.36612,7.32143,48.8236,-110.356,4.38131,-145.997,-0.495941,-261.213,-77.1305,-73.24,-506.807,-47.9028,169.391,-20.0246,68.3521,7.32102,0,-34.1542,10.7467,-5.31237,-14.589,-10.2516,-0.378878,-0.607902,-0.374178,0.6497,0.350425,0.674543,-0.648912,0.179273,-0.720023,0.170108,-0.203923,0.903033,-0.683219,-0.0742855,-0.723444,0.260155,-0.714603,0.0689149,0.0962554,-0.0443129,0.758996
135.59,0,,40.0692,12.5664,0.0818955,-5.76102,-50.3199,-12.1381,47.3919,8.41879,2.99632,-0.375187,7.55908,-10.7855,38.7648,4.28557,6.63857,6.63857,2.08287,-2.08287,-7.36555,7.36555,16.013,2.28794,9.05152,2.68383,-11.6929,-1.29097,12.2086,48.3471,-88.374,-20.024,-190.426,-2.43658,-258.816,-38.1151,-58.592,-396.974,-92.8006,216.81,-21.01,69.3261,4.87399,7.80308,-61.0492,31.744,0,-25.8781,-0.539558,-0.378073,-0.607701,-0.374289,0.648957,0.352434,0.674105,-0.650856,0.178721,-0.71989,0.170724,-0.202464,0.901169,-0.683015,-0.0736728,-0.723666,0.260512,-0.714454,0.0681799,0.0969262,-0.0438853,0.75899
135.6,0,,40.84,12.6502,-0.152811,-5.80882,-50.6015,-12.0336,47.2236,8.4808,2.76753,-0.334858,7.45509,-10.8687,38.5923,4.23332,6.76319,6.76319,2.10846,-2.10846,-7.37845,7.37845,15.747,2.34248,8.89783,2.74668,-12.3942,-1.22546,2.93601,47.8536,-36.6179,-25.8771,-226.084,-1.9622,-245.579,4.86192,-34.1673,-404.211,-87.3209,205.078,-26.8584,67.378,7.82245,0.993789,-89.8483,20.5013,-7.33612,-16.1521,-2.96757,-0.377284,-0.607279,-0.374415,0.648405,0.354569,0.673369,-0.652868,0.177073,-0.719888,0.169807,-0.199837,0.899938,-0.682766,-0.0732451,-0.723905,0.26087,-0.714312,0.0673234,0.0975402,-0.0434597,0.759019
135.61,0,,41.5918,12.7619,-0.389347,-5.8768,-50.774,-11.9388,47.0058,8.58131,2.62281,-0.270086,7.21982,-10.9553,38.4563,4.18218,6.9018,6.9018,2.11644,-2.11644,-7.38919,7.38919,15.3409,2.39703,8.73864,2.81069,-13.0163,-1.17536,-10.7406,28.3174,3.42189,-8.79686,-247.09,-4.87316,-238.789,21.9687,-18.5655,-373.986,-111.891,281.34,-16.5918,61.5337,20.4988,1.95077,-75.6867,48.3435,3.79455,-15.6311,7.28403,-0.37667,-0.606663,-0.374594,0.648095,0.356886,0.672266,-0.655129,0.174754,-0.719769,0.167975,-0.196601,0.89914,-0.682472,-0.0730632,-0.724162,0.2613,-0.714135,0.0662864,0.0981466,-0.0430307,0.758988
135.62,0,,42.2936,12.8584,-0.60804,-5.93818,-50.8729,-11.8975,46.6995,8.70533,2.5415,-0.188205,6.94365,-11.0427,38.3772,4.1555,7.01636,7.01636,2.11976,-2.11976,-7.39779,7.39779,14.7947,2.4487,8.50261,2.86772,-13.5512,-1.15995,-34.6746,4.88406,-0.483528,-11.2271,-233.908,-0.495941,-245.122,15.126,-2.9296,-296.932,-53.7359,188.945,10.7434,67.8818,43.4648,16.1215,-37.1293,12.2016,8.85394,-10.247,11.1958,-0.376311,-0.606065,-0.374846,0.647858,0.359575,0.670869,-0.657459,0.171827,-0.719719,0.165538,-0.192334,0.898799,-0.682219,-0.0728791,-0.724396,0.261978,-0.713908,0.0653113,0.0987005,-0.0426665,0.758963
135.63,0,,42.9235,12.9194,-0.827648,-5.98062,-50.8983,-11.8948,46.3069,8.82294,2.69724,-0.0953245,6.45437,-11.1259,38.3711,4.13993,7.10255,7.10255,2.11976,-2.11976,-7.40854,7.40854,13.9755,2.48889,8.21718,2.92242,-14.0342,-1.16766,-47.8495,-8.78111,-12.1998,-22.9334,-222.67,0.495941,-233.425,7.80308,11.7184,-347.166,33.7617,-31.7761,15.6383,68.8559,42.9633,27.3476,-26.8355,23.9403,6.83019,-6.4261,15.6472,-0.376122,-0.605567,-0.375084,0.647797,0.362383,0.669221,-0.659992,0.168401,-0.719564,0.161565,-0.18659,0.899076,-0.682103,-0.0725745,-0.724525,0.262778,-0.713621,0.0644585,0.0991849,-0.0422985,0.758993
135.64,0,,43.4932,12.9727,-1.06235,-5.99422,-50.8729,-11.8714,45.8216,8.95766,2.8833,0.0281085,5.8969,-11.2023,38.3833,4.10881,7.17257,7.17257,2.13239,-2.13239,-7.41714,7.41714,13.0653,2.51472,7.92077,2.96548,-14.4899,-1.16573,-37.1089,0.493512,-33.6982,-37.5835,-210.436,17.5735,-247.062,0,23.4368,-384.203,91.74,-162.547,6.83381,53.7076,34.1781,17.0784,-32.2502,-5.8528,3.54158,-22.4045,-5.80025,-0.375879,-0.605203,-0.37533,0.647881,0.365326,0.667353,-0.662618,0.164495,-0.719383,0.156988,-0.180426,0.899566,-0.682055,-0.0722708,-0.7246,0.263559,-0.713343,0.0634178,0.0994922,-0.0419943,0.75901
135.65,0,,44.0056,12.9841,-1.30301,-5.9901,-50.8196,-11.8467,45.2521,9.07527,2.97013,0.155208,5.3991,-11.2642,38.3751,4.08657,7.21782,7.21782,2.15101,-2.15101,-7.42574,7.42574,12.1901,2.54056,7.59691,3.0004,-14.9456,-1.15032,-27.3346,11.2316,-66.4107,-35.6324,-187.012,14.641,-246.092,22.4489,35.6321,-358.447,143.532,-240.276,-6.83381,45.4113,23.4473,-4.38003,-69.796,-25.8912,-9.35988,-22.9255,-10.7912,-0.375631,-0.605014,-0.375509,0.648029,0.368358,0.665363,-0.665355,0.16022,-0.719128,0.152776,-0.174262,0.899935,-0.6821,-0.0719028,-0.724583,0.264363,-0.713004,0.0623825,0.0997954,-0.0417493,0.758994
135.66,0,,44.4637,12.9968,-1.55418,-5.98721,-50.7232,-11.8357,44.5727,9.20358,2.90949,0.263976,4.98483,-11.3381,38.3325,4.08324,7.2584,7.2584,2.18259,-2.18259,-7.43649,7.43649,11.3709,2.58936,7.26208,3.0423,-15.404,-1.12719,-8.30629,23.4333,-94.2321,-43.4708,-170.891,16.1073,-253.396,54.6816,41.0144,-323.326,225.55,-288.673,-24.411,30.263,22.9459,-33.1999,-85.4451,-35.1499,7.33612,-22.4045,6.87936,-0.375321,-0.604884,-0.375749,0.648342,0.371353,0.663236,-0.668201,0.155529,-0.718802,0.149059,-0.168348,0.900092,-0.682044,-0.0715981,-0.724649,0.265267,-0.712668,0.0614032,0.100284,-0.0415054,0.758939
135.67,0,,44.8821,12.9993,-1.80765,-5.99257,-50.637,-11.8233,43.7854,9.30622,2.62833,0.370299,4.60125,-11.4323,38.225,4.09324,7.31011,7.31011,2.20386,-2.20386,-7.44724,7.44724,10.6777,2.63816,7.02056,3.09816,-15.9225,-1.09251,5.37029,32.2314,-107.901,-37.5835,-136.703,20.5061,-230.458,104.501,63.4633,-294.378,257.897,-325.582,-24.411,21.4965,21.4817,-17.5937,-60.5732,-36.6048,-2.5297,-22.4045,2.42801,-0.374919,-0.604742,-0.375835,0.648782,0.374229,0.661051,-0.671175,0.15052,-0.718357,0.145576,-0.163644,0.899827,-0.682045,-0.071232,-0.72465,0.266314,-0.712328,0.060551,0.100834,-0.0411392,0.758939
135.68,0,,45.2595,13.0285,-2.06615,-6.00905,-50.5584,-11.8233,42.8578,9.42811,2.02189,0.487621,4.24836,-11.5443,38.0505,4.13438,7.37978,7.37978,2.22746,-2.22746,-7.45799,7.45799,10.2086,2.68984,6.96018,3.15403,-16.4983,-1.04049,-6.35515,35.1585,-94.7342,-40.5271,-110.339,38.0796,-216.821,128.391,76.1695,-247.124,244.64,-225.121,-18.5625,36.6112,26.8571,19.5445,-21.4803,-30.2891,-3.54158,-15.11,18.6147,-0.374415,-0.604533,-0.375941,0.649389,0.376852,0.65885,-0.674364,0.145274,-0.717702,0.142402,-0.160957,0.898967,-0.681964,-0.0707416,-0.724751,0.267586,-0.711996,0.0597552,0.101384,-0.0407732,0.758882
135.69,0,,45.5957,13.059,-2.30451,-6.04613,-50.5482,-11.8288,41.7729,9.54144,0.975802,0.595167,3.99775,-11.6072,37.878,4.17662,7.46058,7.46058,2.24043,-2.24043,-7.46444,7.46444,10.0405,2.74438,7.10289,3.18894,-17.0959,-0.998096,-3.90229,40.519,-73.738,-35.1532,-84.9712,38.5756,-178.25,152.82,76.6465,-167.517,180.652,-136.637,8.29592,51.7595,27.3385,10.2692,3.39162,-20.9973,-6.32425,-21.0151,0.539558,-0.373977,-0.604211,-0.376052,0.650103,0.379222,0.656695,-0.677699,0.140203,-0.716824,0.139962,-0.160898,0.897454,-0.681851,-0.0701932,-0.724882,0.268757,-0.711537,0.0590252,0.101933,-0.04059,0.758819
135.7,0,,45.8879,13.0907,-2.5383,-6.08939,-50.6192,-11.8577,40.5477,9.66119,-0.522357,0.701491,3.83409,-11.6751,37.7177,4.23665,7.54174,7.54174,2.25372,-2.25372,-7.47304,7.47304,10.2016,2.80466,7.50909,3.2355,-17.7153,-0.959559,-3.90229,43.9396,-56.145,-45.9011,-60.5514,50.78,-148.922,162.604,63.4633,-121.966,-9.72196,247.609,37.125,72.2819,40.0349,-13.1769,24.9314,17.0955,2.5297,-19.1046,13.6238,-0.37361,-0.603844,-0.376235,0.650963,0.3813,0.654564,-0.681079,0.135508,-0.715749,0.138067,-0.163825,0.895238,-0.68169,-0.0698293,-0.725028,0.269972,-0.711034,0.0583525,0.102543,-0.0403459,0.758698
135.71,0,,46.139,13.1212,-2.76615,-6.11411,-50.812,-11.8962,39.206,9.7788,-2.51806,0.823701,3.9091,-11.726,37.6243,4.29557,7.61177,7.61177,2.26669,-2.26669,-7.48164,7.48164,10.7267,2.84198,8.10191,3.26692,-18.3129,-0.92873,-13.6766,39.0555,-64.458,-61.5095,-35.136,51.276,-155.769,109.363,75.1817,245.634,-364.662,877.019,32.2301,106.441,29.3041,-7.80308,51.2909,14.1525,-15.1782,-9.72599,-12.6796,-0.373323,-0.603507,-0.376436,0.651878,0.38307,0.652549,-0.684305,0.131416,-0.71458,0.137518,-0.169441,0.892371,-0.681607,-0.069766,-0.725066,0.271129,-0.710538,0.0577415,0.102912,-0.0401637,0.758593
135.72,0,,46.3416,13.1212,-2.98713,-6.138,-51.0834,-11.9484,37.7673,9.87075,-4.04103,0.952023,3.86989,-11.771,37.7481,4.3556,7.67138,7.67138,2.26735,-2.26735,-7.48594,7.48594,10.7967,2.86495,8.4093,3.28903,-18.8423,-0.911389,-34.6746,36.1285,-55.6615,-83.0053,-19.0616,51.276,-159.193,15.126,92.7592,507.233,-407.792,991.657,7.31058,110.841,2.44702,-3.42305,60.5732,1.95093,4.80643,-26.9201,9.71204,-0.373207,-0.60315,-0.376625,0.652952,0.384495,0.650572,-0.687306,0.127695,-0.71337,0.135622,-0.171328,0.890456,-0.681615,-0.0700109,-0.724952,0.272239,-0.710081,0.0571337,0.103155,-0.0400414,0.758467
135.73,0,,46.4782,13.0641,-3.2104,-6.17467,-51.4385,-12.0226,36.2876,9.9349,-4.84042,1.06201,3.34823,-11.8049,38.1255,4.41452,7.6976,7.6976,2.26735,-2.26735,-7.49239,7.49239,10.2366,2.89652,8.58495,3.30649,-19.3171,-0.917169,-33.2066,37.1155,-66.4107,-102.55,-8.77213,54.2085,-109.837,-93.757,77.6343,588.969,-453.043,1014.63,-2.92423,101.571,-21.963,7.80308,53.1949,-7.30774,8.85394,-7.29449,15.6472,-0.373248,-0.602934,-0.376788,0.654142,0.385514,0.648709,-0.689969,0.124639,-0.712126,0.130007,-0.169681,0.889848,-0.68156,-0.0704389,-0.724837,0.273325,-0.70962,0.0566426,0.103458,-0.0399795,0.758389
135.74,0,,46.5853,12.9892,-3.42085,-6.2101,-51.8114,-12.1244,34.8208,9.98622,-4.7467,1.20622,2.33557,-11.8448,38.6633,4.48678,7.72417,7.72417,2.26702,-2.26702,-7.49884,7.49884,8.94126,2.8994,8.48066,3.32511,-19.7564,-0.930657,-37.592,41.0125,-85.9377,-117.679,5.35811,44.915,-50.7819,-199.219,50.2801,534.691,-214.767,485.929,1.93889,61.5337,-27.3385,1.95077,57.5981,2.44693,5.31237,-15.6311,0,-0.373387,-0.602657,-0.37705,0.655383,0.386137,0.64702,-0.692336,0.121951,-0.71083,0.120976,-0.163275,0.890538,-0.681543,-0.0710474,-0.724635,0.274489,-0.709144,0.0561553,0.103521,-0.0398579,0.758277
135.75,0,,46.647,12.8927,-3.6185,-6.26119,-52.1843,-12.2096,33.4079,10.0162,-3.95558,1.32721,0.779093,-11.8864,39.2315,4.53903,7.74249,7.74249,2.25971,-2.25971,-7.50314,7.50314,7.1348,2.91088,8.32696,3.33908,-20.1903,-0.951852,-20.998,59.0853,-116.698,-99.1272,31.7219,43.4487,3.87996,-238.294,-1.4648,327.583,-1.06058,-77.2403,-2.92423,15.1483,-20.0175,-10.2692,62.0012,5.8528,4.80643,-8.33656,0.539558,-0.373618,-0.602391,-0.37728,0.656663,0.386197,0.645615,-0.694417,0.119571,-0.709493,0.108527,-0.154368,0.891903,-0.681478,-0.0717185,-0.724448,0.275472,-0.708793,0.0556072,0.103643,-0.039797,0.758157
135.76,0,,46.6749,12.753,-3.79373,-6.31929,-52.5369,-12.2563,32.0706,10.0162,-2.95497,1.46164,-0.970031,-11.9339,39.6881,4.5457,7.75865,7.75865,2.23611,-2.23611,-7.50744,7.50744,5.25833,2.91949,8.20071,3.36585,-20.6433,-0.980754,-4.88715,57.6217,-126.461,-74.7219,29.7778,29.3036,4.39349,-244.116,-29.7729,167.517,83.4321,-496.684,-3.90957,-24.4187,-5.85681,-31.7276,58.6096,37.1008,8.348,-7.81553,-0.944226,-0.373932,-0.6021,-0.377411,0.657921,0.385694,0.644553,0.696304,-0.117373,0.708084,0.095222,-0.145336,0.893072,-0.681555,-0.0719643,-0.72416,0.276268,-0.708433,0.0547531,0.103761,-0.0396124,0.758068
135.77,0,,46.6881,12.6096,-3.96347,-6.35101,-52.7804,-12.2549,30.8001,9.99905,-2.26171,1.60341,-2.50435,-11.9917,39.8971,4.49234,7.78845,7.78845,2.21782,-2.21782,-7.50959,7.50959,3.66893,2.92236,8.1568,3.39029,-21.1399,-1.01351,-4.38543,56.6347,-103.512,-37.5835,30.7736,32.2361,-40.5114,-207.982,-22.9599,146.444,70.882,-512.817,7.81915,-47.3594,8.30384,-7.80308,25.8834,19.5424,14.1663,-7.81553,9.71204,-0.374185,-0.601748,-0.377603,0.65916,0.384606,0.643839,0.698023,-0.114567,0.706751,0.0833798,-0.138132,0.893433,-0.681822,-0.0717836,-0.723757,0.276808,-0.708225,0.0535304,0.103823,-0.0394296,0.758013
135.78,0,,46.6705,12.4661,-4.0966,-6.37985,-52.9199,-12.2275,29.5425,9.99691,-2.20796,1.76106,-3.52723,-12.0562,39.8748,4.38006,7.82939,7.82939,2.1889,-2.1889,-7.51389,7.51389,2.59065,2.9281,8.23365,3.42404,-21.6448,-1.0771,-9.7743,67.3899,-77.6434,-29.3,22.9498,24.4089,-96.6567,-152.82,29.296,344.186,-49.8472,-261.297,14.1444,-26.3668,12.2151,27.3476,-26.8355,5.8528,-7.84206,-9.20495,-15.1076,-0.374548,-0.601255,-0.377844,0.660366,0.382889,0.64352,0.699394,-0.110909,0.705742,0.0743448,-0.133857,0.89287,-0.682228,-0.0711099,-0.723307,0.277241,-0.707997,0.0518835,0.103949,-0.0391869,0.75804
135.79,0,,46.6441,12.3176,-4.18536,-6.40292,-52.9985,-12.1793,28.2872,9.98836,-2.36232,1.92604,-4.30973,-12.1156,39.7286,4.2411,7.87069,7.87069,2.14902,-2.14902,-7.52034,7.52034,1.63141,2.9281,8.27756,3.45547,-22.1496,-1.14839,-1.468,77.6345,-84.4686,-29.3,6.35387,17.0992,-104.017,-118.187,77.1574,498.08,-102.523,-317.272,-3.4328,-13.6704,31.2497,14.1707,-70.3315,22.4523,-11.6366,-15.11,-13.2192,-0.37503,-0.600694,-0.378082,0.661395,0.380931,0.643511,0.70047,-0.106572,0.704987,0.0664082,-0.13007,0.891993,-0.682769,-0.0700103,-0.72281,0.277485,-0.707812,0.0500522,0.10401,-0.0389429,0.758043
135.8,0,,46.6015,12.1805,-4.25994,-6.38479,-53.029,-12.1422,27.0447,10.0033,-2.47534,2.10325,-5.08201,-12.1809,39.5399,4.08657,7.90732,7.90732,2.12242,-2.12242,-7.52679,7.52679,0.637161,2.92523,8.28854,3.48805,-22.6326,-1.23895,-0.48314,71.7804,-70.3161,-43.9501,-5.8797,16.6032,-44.9049,-101.56,94.2241,461.895,-110.83,-293.073,-16.5918,0,30.2669,-9.27536,-73.7232,-4.39787,-3.79455,-13.7206,-3.91179,-0.375521,-0.60015,-0.378451,0.662334,0.378625,0.643778,0.701372,-0.101992,0.704302,0.0583536,-0.125924,0.891113,-0.683465,-0.0687311,-0.722226,0.277785,-0.707616,0.0480981,0.104071,-0.0386985,0.758101
135.81,0,,46.5736,12.0675,-4.30203,-6.36461,-53.0366,-12.145,25.8584,10.0269,-2.6297,2.28901,-5.84405,-12.2828,39.3776,3.91871,7.96837,7.96837,2.08985,-2.08985,-7.53324,7.53324,-0.287073,2.91949,8.35441,3.54275,-23.0228,-1.38153,5.85343,67.8664,-49.8033,-52.2335,-16.1218,30.2739,17.1175,-107.923,61.5216,436.991,-101.992,-447.309,-25.8731,7.82606,49.3216,8.79687,-48.3157,-34.191,2.5297,-16.1521,-9.71204,-0.376247,-0.599285,-0.379116,0.663319,0.376127,0.644092,0.70219,-0.0977231,0.703533,0.0504785,-0.122442,0.89024,-0.684253,-0.0672045,-0.721609,0.278096,-0.707508,0.0460238,0.104132,-0.0382714,0.758164
135.82,0,,46.5193,11.9532,-4.31393,-6.34236,-53.0391,-12.1821,24.7453,10.0803,-2.82679,2.51021,-6.62826,-12.3855,39.2558,3.74306,8.02726,8.02726,2.05328,-2.05328,-7.54184,7.54184,-1.07127,2.90514,8.53555,3.60444,-23.3312,-1.56458,-24.9003,46.3901,-50.789,-57.1282,-19.0616,24.9048,44.4484,-125.51,26.3664,370.154,-113.835,-550.215,-28.7973,31.2371,64.445,20.023,-23.9199,-45.4006,-9.35988,-22.0571,-5.39558,-0.377211,-0.598288,-0.379957,0.664357,0.373441,0.644458,0.703039,-0.0941211,0.702551,0.0428492,-0.120124,0.889334,-0.685093,-0.065494,-0.720984,0.27851,-0.707293,0.0437633,0.104134,-0.0377835,0.758234
135.83,0,,46.44,11.8237,-4.32902,-6.32794,-53.0188,-12.2316,23.7013,10.1509,-3.28851,2.72897,-7.29484,-12.4789,39.195,3.56186,8.0682,8.0682,2.02469,-2.02469,-7.55044,7.55044,-1.56139,2.90227,8.88136,3.65681,-23.5385,-1.7669,-22.466,31.7379,-65.9271,-51.7543,-25.8897,20.5061,12.6669,-134.753,11.7184,341.845,-190.02,-497.662,-17.1004,58.1077,58.5882,33.1999,-29.2751,-30.752,-9.86582,-13.1996,6.3398,-0.378315,-0.59732,-0.38094,0.665484,0.370737,0.644731,0.703944,-0.0909457,0.70138,0.036317,-0.119877,0.888394,-0.685832,-0.0634803,-0.720502,0.278891,-0.707086,0.041385,0.104191,-0.0374158,0.758265
135.84,0,,46.3196,11.6815,-4.34732,-6.32135,-53.0087,-12.2591,22.7005,10.2343,-4.01898,2.95873,-7.69887,-12.5586,39.2335,3.36286,8.09621,8.09621,1.99145,-1.99145,-7.56119,7.56119,-1.77145,2.89652,9.26011,3.70802,-23.645,-1.96344,-38.5769,0.970006,-71.7853,-41.999,-17.0701,23.4386,-22.9374,-141.116,38.5617,445.292,-306.153,-282.318,-6.35703,56.1595,76.1787,30.7706,-53.7304,-30.752,-19.4787,-27.7885,-10.7912,-0.37948,-0.596412,-0.38186,0.66673,0.368066,0.644878,0.704853,-0.0881372,0.700092,0.0318002,-0.120975,0.887537,-0.686546,-0.0613423,-0.720055,0.279183,-0.706808,0.0388195,0.104252,-0.0370499,0.758271
135.85,0,,46.1742,11.5292,-4.36791,-6.32093,-53.0416,-12.2508,21.7277,10.3219,-4.81837,3.18726,-7.84378,-12.6198,39.3472,3.16721,8.11704,8.11704,1.95522,-1.95522,-7.56979,7.56979,-1.89048,2.90227,9.50163,3.75457,-23.6886,-2.12336,-25.3834,-2.43352,-100.09,-35.6324,0.474169,24.9048,-39.5414,-163.084,44.4209,608.339,-363.778,59.6412,16.1151,63.4818,65.9092,58.1182,-57.1221,-56.6432,-13.6604,-26.3991,-6.87936,-0.380524,-0.595629,-0.382599,0.667953,0.365503,0.645002,0.705539,-0.0855144,0.698947,0.0289932,-0.12171,0.886886,-0.687234,-0.0590244,-0.719646,0.279431,-0.70645,0.0361954,0.104375,-0.0367449,0.758214
135.86,0,,45.9936,11.3552,-4.41549,-6.30651,-53.1051,-12.2508,20.7807,10.3861,-5.47304,3.39135,-7.92391,-12.6622,39.548,2.99934,8.12674,8.12674,1.93029,-1.93029,-7.58054,7.58054,-2.10753,2.92236,9.57848,3.79764,-23.6777,-2.26017,-13.1749,0.493512,-128.414,-40.0479,21.4799,37.6052,2.90997,-166.506,53.2097,797.779,-289.007,266.186,13.6676,80.0744,67.3734,20.98,-29.8106,-16.1035,7.84206,-22.4045,0.944226,-0.38143,-0.595003,-0.383261,0.669289,0.362997,0.644996,0.706028,-0.083134,0.69791,0.0266728,-0.121157,0.886613,-0.687958,-0.0565211,-0.719209,0.279731,-0.706011,0.0338143,0.104618,-0.0365004,0.758146
135.87,0,,45.7866,11.1724,-4.44569,-6.30322,-53.2091,-12.2494,19.8964,10.446,-5.64945,3.61378,-8.28021,-12.7284,39.7834,2.86483,8.12961,8.12961,1.8914,-1.8914,-7.59129,7.59129,-2.66067,2.9281,9.54005,3.84303,-23.6504,-2.36036,15.1446,16.6092,-138.177,-25.8771,56.1417,46.3812,80.0528,-177.25,43.944,721.152,-111.891,75.2848,6.35703,78.1263,65.9092,-8.31838,-11.2459,15.6405,-3.03564,-16.6731,3.91179,-0.382291,-0.594465,-0.383695,0.670537,0.360509,0.645083,0.706346,-0.0811211,0.697007,0.0227666,-0.118533,0.886799,-0.688684,-0.053896,-0.718776,0.280231,-0.705612,0.0315572,0.104742,-0.0361956,0.758033
135.88,0,,45.6148,11.0137,-4.45804,-6.31269,-53.3257,-12.222,19.1371,10.5058,-5.53781,3.84598,-8.93826,-12.7963,39.9803,2.72364,8.16624,8.16624,1.84254,-1.84254,-7.59988,7.59988,-3.33284,2.93384,9.6169,3.88027,-23.6368,-2.44514,23.934,25.3903,-115.228,-2.94369,99.1014,51.276,125.985,-193.877,13.1832,599.612,-35.1758,-168.413,-4.89491,65.9337,51.2672,19.0292,-0.952034,-37.1008,-2.02376,-16.6731,2.42801,-0.383015,-0.59378,-0.384053,0.671666,0.358112,0.645237,0.706585,-0.0795336,0.696209,0.0171515,-0.11591,0.887116,-0.689434,-0.0512116,-0.718306,0.280774,-0.70523,0.0291761,0.104865,-0.0359519,0.757919
135.89,0,,45.4504,10.855,-4.44661,-6.32135,-53.4576,-12.2247,18.49,10.5614,-5.31178,4.08184,-9.71906,-12.8727,40.1731,2.60358,8.21795,8.21795,1.80231,-1.80231,-7.60848,7.60848,-3.97,2.9482,9.81451,3.91984,-23.6095,-2.53956,37.592,38.0855,-84.9521,-0.992641,116.693,47.3731,129.865,-176.77,-26.3664,487.224,-7.24728,-485.44,23.9342,77.1522,36.1237,42.9538,-19.0407,-18.0544,-5.81831,-22.4045,0.539558,-0.383696,-0.593002,-0.384551,0.67267,0.355624,0.645568,0.706703,-0.0786785,0.695533,0.0109865,-0.114015,0.887402,-0.690169,-0.0485261,-0.71782,0.281507,-0.704804,0.0268567,0.105048,-0.0357078,0.757799
135.9,0,,45.2962,10.6836,-4.4251,-6.32052,-53.5667,-12.2522,17.9594,10.5957,-5.18498,4.29816,-10.4283,-12.9593,40.3354,2.50464,8.27218,8.27218,1.75544,-1.75544,-7.61708,7.61708,-4.41111,2.9769,10.0999,3.95825,-23.5713,-2.6359,47.8495,42.476,-67.8798,-0.479206,126.461,53.7125,85.9298,-160.143,-44.9319,437.416,-57.0944,-574.658,48.3452,79.6041,44.4275,50.2784,-48.8513,-45.8966,0,-22.9255,5.80025,-0.384415,-0.592188,-0.385026,0.673624,0.353171,0.645913,0.70688,-0.0781895,0.694855,0.0056155,-0.113409,0.887553,-0.691014,-0.0459007,-0.717199,0.28236,-0.704434,0.0246592,0.105352,-0.0355243,0.757669
135.91,0,,45.1743,10.4805,-4.39994,-6.31599,-53.587,-12.3209,17.5538,10.585,-5.25941,4.50347,-10.8851,-13.0374,40.445,2.43349,8.33718,8.33718,1.70858,-1.70858,-7.62353,7.62353,-4.61417,3.01422,10.3744,3.992,-23.4922,-2.74187,41.0112,37.592,-63.9558,-10.2687,115.223,55.1788,31.2679,-172.388,-21.4951,494.036,-101.639,-531.638,46.8831,69.3261,27.3385,44.426,-48.3157,-62.992,4.30049,-19.1046,-1.48378,-0.385152,-0.591279,-0.38558,0.674548,0.350916,0.646165,0.707191,-0.0775798,0.694189,0.00219735,-0.113835,0.887608,-0.691953,-0.0432776,-0.71643,0.283334,-0.704002,0.0226448,0.105716,-0.0354015,0.757531
135.92,0,,45.0686,10.2735,-4.35922,-6.30116,-53.5033,-12.4474,17.2497,10.5721,-5.43444,4.71612,-11.1034,-13.1358,40.516,2.3868,8.40613,8.40613,1.67068,-1.67068,-7.63213,7.63213,-4.67718,3.05154,10.5775,4.02808,-23.3284,-2.87675,32.2217,34.6649,-55.1779,-30.2584,85.9195,67.3832,14.664,-183.132,32.7025,530.221,-86.9674,-481.041,34.6776,54.6817,22.9459,52.7444,-11.2459,-20.9973,-7.33612,-23.4466,-0.944226,-0.386012,-0.59025,-0.386378,0.675454,0.348836,0.646339,0.707426,-0.0767243,0.693754,0.000366221,-0.114444,0.887719,-0.692902,-0.0408344,-0.715609,0.284509,-0.703612,0.0206927,0.106085,-0.0352803,0.757367
135.93,0,,44.9512,10.0437,-4.33726,-6.29292,-53.3739,-12.5464,17.0685,10.5465,-5.5833,4.94221,-11.2073,-13.2232,40.5525,2.32121,8.46862,8.46862,1.63013,-1.63013,-7.63643,7.63643,-4.68418,3.07451,10.7147,4.0595,-23.1401,-3.00199,16.1109,38.0855,-66.8942,-35.1532,63.4913,82.5202,0.513525,-175.269,54.6745,517.024,-59.0388,-476.152,25.3963,58.5779,31.2497,37.1014,-11.2459,-1.45493,-5.31237,-15.6311,15.6472,-0.386866,-0.589272,-0.38711,0.67648,0.346877,0.646327,0.707608,-0.0759307,0.693508,-0.000549356,-0.114999,0.887882,-0.69383,-0.0384546,-0.714767,0.285536,-0.70322,0.0186166,0.106329,-0.0351582,0.757184
135.94,0,,44.8528,9.83171,-4.34366,-6.27561,-53.2319,-12.6385,17.0124,10.5422,-5.76522,5.16463,-11.296,-13.3081,40.6053,2.25673,8.52859,8.52859,1.59622,-1.59622,-7.64503,7.64503,-4.56515,3.10609,10.9288,4.09325,-22.93,-3.1176,22.9492,69.8234,-62.5052,-38.0969,48.8394,80.0836,-26.8745,-154.321,57.1272,478.497,-66.8164,-465.397,38.5872,74.23,45.4104,43.9476,-9.28234,0,2.5297,-17.0205,11.7354,-0.387654,-0.588347,-0.387837,0.677585,0.345293,0.646029,0.70785,-0.0755642,0.693262,-0.00103761,-0.116456,0.888072,-0.694717,-0.0363167,-0.713943,0.286574,-0.702793,0.0165413,0.106634,-0.0350359,0.756995
135.95,0,,44.7441,9.6235,-4.35922,-6.25295,-53.0873,-12.7086,17.0318,10.5486,-6.04225,5.39806,-11.3932,-13.3905,40.7352,2.1678,8.58389,8.58389,1.56431,-1.56431,-7.65363,7.65363,-4.26408,3.12905,11.2691,4.12468,-22.6517,-3.23514,19.53,84.4756,-64.458,-43.9501,42.0114,71.2861,-60.5388,-150.9,59.0689,449.762,-162.622,-409.178,51.2694,97.641,61.0352,60.5475,-14.6375,8.79574,-9.35988,-16.1521,-5.80025,-0.388454,-0.587443,-0.388576,0.678766,0.343778,0.645622,0.708344,-0.075809,0.692779,-0.000976634,-0.119393,0.88837,-0.695594,-0.0343036,-0.713112,0.287499,-0.702388,0.0142834,0.106878,-0.0349138,0.756811
135.96,0,,44.6296,9.44322,-4.35693,-6.23606,-52.9453,-12.7636,17.1052,10.5743,-6.38268,5.64981,-11.4358,-13.477,40.9097,2.07886,8.65069,8.65069,1.52143,-1.52143,-7.66008,7.66008,-3.82997,3.14053,11.6534,4.15959,-22.3133,-3.33919,26.3683,96.6772,-82.5159,-56.1356,28.8295,40.0418,-66.8723,-155.281,42.4792,492.759,-268.149,-283.296,75.2037,114.267,68.8577,103.023,-3.39162,-22.4523,-1.51782,-16.6731,6.3398,-0.389249,-0.586468,-0.389249,0.679926,0.342252,0.645255,0.708955,-0.0763584,0.692231,-0.000183115,-0.123114,0.88878,-0.696462,-0.0325341,-0.712272,0.288398,-0.701983,0.0119632,0.107002,-0.0347314,0.756583
135.97,0,,44.4828,9.26293,-4.34321,-6.20805,-52.8235,-12.7801,17.2066,10.632,-6.65695,5.91867,-11.3284,-13.5517,41.1532,1.93212,8.70635,8.70635,1.47788,-1.47788,-7.66653,7.66653,-3.40986,3.14627,11.8674,4.19334,-21.9095,-3.46251,47.8495,116.214,-92.2794,-68.8345,11.2378,43.4487,-51.7519,-153.781,33.6904,622.6,-44.8978,-968.192,99.6146,104.997,75.1959,156.724,-1.48755,12.2016,9.35988,0,3.91179,-0.390095,-0.58554,-0.389912,0.681078,0.340661,0.644943,0.709449,-0.0772746,0.691809,0.00177013,-0.125985,0.889401,-0.697354,-0.030946,-0.711393,0.289143,-0.701523,0.00927795,0.107121,-0.0345472,0.756436
135.98,0,,44.3389,9.10043,-4.31576,-6.18497,-52.7195,-12.7594,17.336,10.709,-7.047,6.22176,-10.7897,-13.6103,41.3521,1.74313,8.79038,8.79038,1.42536,-1.42536,-7.67298,7.67298,-2.84272,3.14915,11.7961,4.22477,-21.5493,-3.58968,75.6858,136.72,-81.5488,-60.5511,-8.77213,38.0796,-0.969991,-150.419,27.8312,451.678,352.996,-1069.39,120.593,83.9706,72.7488,196.292,-23.4438,19.5424,9.35988,1.91046,7.28403,-0.390888,-0.58444,-0.390583,0.682248,0.338896,0.644708,0.709947,-0.0784964,0.691391,0.00671411,-0.128118,0.889681,-0.69829,-0.029482,-0.710437,0.289807,-0.700957,0.00622584,0.107183,-0.0343645,0.756324
135.99,0,,44.1715,8.95315,-4.25719,-6.15654,-52.6358,-12.7223,17.5021,10.8287,-8.73536,6.56395,-9.70542,-13.6417,41.6037,1.48855,8.87657,8.87657,1.37683,-1.37683,-7.67728,7.67728,-1.1693,3.13192,12.4822,4.27249,-21.0935,-3.76309,64.9452,147.951,-55.1779,-49.8032,-8.29796,42.9743,99.1102,-156.242,58.1151,760.317,-146.006,883.863,133.784,67.8818,68.3562,195.298,-87.4087,51.7494,-14.1663,11.2891,-15.6472,-0.391812,-0.583231,-0.391445,0.6834,0.337,0.644579,0.710312,-0.0803885,0.691084,0.0144659,-0.139348,0.88901,-0.699204,-0.028017,-0.709519,0.290237,-0.70017,0.00280776,0.10712,-0.0339976,0.756309
136,0,,43.985,8.80715,-4.18948,-6.12276,-52.5014,-12.7264,17.7868,10.9592,-9.31836,6.91958,-9.50426,-13.6638,41.762,1.21285,8.95378,8.95378,1.32099,-1.32099,-7.68158,7.68158,-0.301076,3.0946,13.0695,4.31438,-20.6679,-3.99816,76.1689,157.226,-52.2396,-37.5835,8.77213,74.2186,141.105,-195.797,79.5761,367.6,-552.738,379.846,125.488,64.9261,46.3932,175.79,-169.938,70.7958,-10.6247,6.4261,0,-0.393035,-0.581891,-0.392485,0.684716,0.335156,0.644249,0.710524,-0.0826432,0.690992,0.0168463,-0.146368,0.888766,-0.700161,-0.0264903,-0.708584,0.290607,-0.699387,-0.000610392,0.106879,-0.0336324,0.756394
136.01,0,,43.7927,8.65226,-4.12726,-6.11452,-52.2553,-12.7938,18.2656,11.1303,-8.41974,7.31066,-9.87761,-13.7249,41.7802,0.907139,9.01303,9.01303,1.25085,-1.25085,-7.68803,7.68803,-0.490124,3.04293,12.9158,4.38072,-20.3077,-4.32958,112.795,161.14,-51.7561,64.4532,39.5457,83.9865,170.89,-152.82,49.8032,-438.055,-104.467,-136.148,134.769,74.7002,35.6423,180.17,-189.931,26.8501,-1.01188,17.0205,-19.9636,-0.394673,-0.580413,-0.393697,0.686284,0.333467,0.643555,0.710741,-0.0851497,0.691025,0.0166637,-0.144663,0.88928,-0.701019,-0.0246593,-0.707794,0.291209,-0.698572,-0.00415054,0.106572,-0.0330214,0.756683
136.02,0,,43.5989,8.53165,-4.03667,-6.10546,-51.814,-12.9478,18.8286,11.3633,-7.8326,7.74206,-9.75998,-13.825,41.626,0.595866,9.07659,9.07659,1.19334,-1.19334,-7.87507,7.87507,-0.371094,2.97403,12.5481,4.44706,-20.0921,-4.56658,149.904,96.6772,-54.6944,208.01,120.107,27.3414,233.425,37.0947,18.5655,-391.653,227.494,-497.662,131.845,124.512,94.2305,194.819,-194.334,0.496,11.1307,4.86299,4.85602,-0.396636,-0.578657,-0.39511,0.687976,0.331872,0.642685,0.711391,-0.0869782,0.690821,0.0202037,-0.143379,0.889388,-0.701929,-0.022828,-0.706995,0.292257,-0.697741,-0.00769096,0.106146,-0.0322894,0.757183
136.03,0,,43.3786,8.42246,-3.88798,-6.07208,-51.2179,-13.1842,19.3269,11.6135,-8.22402,8.20402,-9.05419,-13.9354,41.3216,0.306827,9.14159,9.14159,1.13584,-1.13584,-8.10511,8.10511,0.490124,2.88504,12.4383,4.52621,-19.8656,-4.81514,166.014,16.1157,-50.789,257.334,198.724,-15.137,264.636,253.9,75.1817,-292.888,232.443,-65.5076,104.986,193.368,138.678,203.138,-196.774,-28.8011,-3.03564,-4.86299,7.82359,-0.398773,-0.576766,-0.396637,0.689511,0.330106,0.642083,0.712332,-0.0876528,0.690479,0.0272235,-0.146982,0.888669,-0.702999,-0.0210588,-0.706051,0.293648,-0.696736,-0.0109866,0.105594,-0.0313729,0.757832
136.04,0,,43.1422,8.279,-3.73517,-5.99092,-50.5812,-13.4908,19.7454,11.8701,-9.40794,8.70019,-7.79946,-14.0253,40.8914,0.0733716,9.17715,9.17715,1.0996,-1.0996,-8.34375,8.34375,1.89048,2.78457,12.4932,4.59022,-19.6937,-5.05984,142.582,-64.9393,-68.8469,192.88,261.22,-11.2341,226.065,380.85,200.677,93.2304,-47.3725,506.461,76.6658,236.327,144.033,187.016,-190.942,-55.6512,-1.01188,-5.38403,17.5356,-0.400842,-0.575108,-0.398156,0.690814,0.328134,0.641802,0.712982,-0.0875282,0.690459,0.036867,-0.15406,0.887065,-0.704205,-0.0194714,-0.704937,0.295546,-0.695467,-0.0139167,0.104923,-0.0305188,0.758574
136.05,0,,42.947,8.12792,-3.62262,-5.91099,-50.0916,-13.7794,20.1099,12.1225,-10.4375,9.2147,-6.34185,-14.1145,40.4774,-0.110057,9.20552,9.20552,1.07201,-1.07201,-8.53509,8.53509,3.09478,2.67261,12.2023,4.64841,-19.6036,-5.28336,103.02,-118.647,-105.465,94.2325,317.883,14.1667,147.439,398.918,280.288,365.259,30.7568,456.598,67.3845,235.857,120.606,182.599,-136.26,-41.0027,0,-17.0205,13.6238,-0.402498,-0.573776,-0.399385,0.691876,0.32607,0.641763,0.713161,-0.0875887,0.69076,0.0474284,-0.158461,0.88539,-0.705291,-0.0181282,-0.703887,0.297757,-0.694094,-0.016542,0.104132,-0.0296649,0.759324
136.06,0,,42.7722,7.95145,-3.56085,-5.83518,-49.9039,-14.0172,20.427,12.394,-11.128,9.78176,-5.18088,-14.1892,40.2177,-0.242348,9.21054,9.21054,1.04376,-1.04376,-8.67698,8.67698,3.99101,2.53769,11.9553,4.69729,-19.62,-5.44521,69.8323,-126.952,-123.541,40.0479,363.261,59.0816,91.8068,333.012,199.724,381.436,2.47468,269.608,70.7855,221.179,102.534,177.262,-97.643,-35.6459,-29.8504,-16.1521,-0.539558,-0.403716,-0.572918,-0.400115,0.69272,0.323929,0.641937,0.712722,-0.08893,0.691359,0.0554226,-0.161568,0.883831,-0.706284,-0.017091,-0.702866,0.300311,-0.692485,-0.0190441,0.103157,-0.0288106,0.760001
136.07,0,,42.6607,7.78005,-3.56543,-5.76679,-50.0206,-14.1437,20.7613,12.672,-11.4298,10.3659,-4.41543,-14.2392,40.2238,-0.364634,9.20659,9.20659,1.02913,-1.02913,-8.75653,8.75653,4.60716,2.38554,11.7961,4.72522,-19.68,-5.54926,57.122,-91.7932,-144.035,25.8771,354.963,106.929,56.1454,235.353,99.1294,136.653,-30.7568,-17.599,63.4749,201.664,98.1417,160.147,-122.098,-25.3952,-4.80643,-28.3096,18.0752,-0.40432,-0.572543,-0.400414,0.693274,0.321733,0.642368,0.71207,-0.0921065,0.691806,0.0608537,-0.163762,0.882653,-0.707076,-0.0162364,-0.70201,0.302818,-0.690847,-0.021547,0.101996,-0.0280778,0.760603
136.08,0,,42.6254,7.63786,-3.55994,-5.71282,-50.4442,-14.1643,21.0784,12.9693,-11.5304,10.9794,-3.76931,-14.3318,40.4551,-0.500261,9.21342,9.21342,1.00154,-1.00154,-8.78018,8.78018,5.10429,2.21043,11.6149,4.78574,-19.7755,-5.61477,41.5129,-23.4333,-151.846,0.992641,271.462,74.7145,23.9074,137.214,6.33611,-117.709,-3.3585,-87.0175,60.0739,201.16,94.2305,174.318,-157.74,16.1035,8.348,-40.9881,-8.36314,-0.404451,-0.572433,-0.400239,0.693264,0.319531,0.643335,0.711303,-0.0969931,0.692014,0.0656145,-0.165227,0.881615,-0.7078,-0.0155648,-0.701208,0.305306,-0.689228,-0.0241706,0.100711,-0.0269783,0.76119
136.09,0,,42.6254,7.50582,-3.55582,-5.66791,-51.0733,-14.1341,21.3739,13.2986,-11.6738,11.6711,-3.02943,-14.4676,40.8427,-0.645892,9.22096,9.22096,0.968968,-0.968968,-8.76943,8.76943,5.67843,1.98365,11.3899,4.89864,-19.8929,-5.66487,38.0937,53.7077,-132.821,-24.4053,130.871,51.276,-45.8749,35.6541,-10.7305,-476.582,592.686,1024.41,53.2083,208.986,75.6772,179.213,-183.088,2.44693,-24.791,-19.973,-20.5032,-0.404331,-0.572497,-0.399814,0.692976,0.317281,0.644572,0.710591,-0.103213,0.691853,0.0712319,-0.166818,0.880418,-0.708452,-0.015076,-0.700456,0.307883,-0.687427,-0.0269184,0.0991296,-0.0252707,0.761784
136.1,0,,42.6034,7.40552,-3.54941,-5.65349,-51.7784,-14.1258,21.5982,13.6386,-12.9225,12.4007,-2.33557,-14.5923,40.9746,-0.760396,9.25579,9.25579,0.919107,-0.919107,-8.73073,8.73073,7.17681,1.71954,12.2407,5.00804,-20.1685,-5.73423,38.5769,112.299,-88.374,-41.0064,-30.7736,26.8455,-81.5363,-63.9853,-13.6601,944.436,-1079.67,1005.35,38.5872,192.864,30.7683,162.613,-190.942,-11.7056,-29.8504,-7.81553,6.87936,-0.40421,-0.572376,-0.399388,0.692847,0.314592,0.645847,0.709942,-0.10987,0.691447,0.0756277,-0.178235,0.876952,-0.709007,-0.0147099,-0.699791,0.310567,-0.685531,-0.0294819,0.0972295,-0.0234987,0.762333
136.11,0,,42.4874,7.30522,-3.53935,-5.6539,-52.4709,-14.1808,21.7406,14.0128,-12.4925,13.1731,-2.00825,-14.6424,41.5935,-0.825986,9.2856,9.2856,0.864925,-0.864925,-8.72428,8.72428,7.22582,1.44109,11.8565,5.05692,-20.1849,-5.78626,50.2837,134.763,-58.0977,-45.9011,-169.942,0.970319,-51.7519,-94.2372,-36.1431,317.792,124.088,-680.252,52.7316,141.608,13.1778,149.915,-146.018,-12.2016,-31.3683,-8.33656,22.5265,-0.40433,-0.572129,-0.399081,0.693094,0.311664,0.646888,0.709249,-0.116458,0.690999,0.0786808,-0.176528,0.876842,-0.709486,-0.0146487,-0.699171,0.313494,-0.683387,-0.0319842,0.0950958,-0.0222175,0.76278
136.12,0,,42.276,7.20874,-3.53935,-5.67491,-53.138,-14.2977,21.8377,14.4041,-11.6504,13.9638,-2.45491,-14.611,42.0582,-0.842661,9.30176,9.30176,0.805756,-0.805756,-8.71998,8.71998,6.97376,1.1454,11.8729,5.01968,-20.3677,-5.85177,42.9623,131.342,-67.8798,-57.1282,-258.802,-26.8455,-8.78698,-158.703,-17.1007,-87.909,-152.37,241.254,93.7344,101.067,56.1612,145.02,-43.4366,-21.9563,-17.2019,-9.72599,38.0388,-0.404693,-0.571819,-0.398894,0.693814,0.308911,0.647425,0.708435,-0.122996,0.690611,0.0765416,-0.175362,0.876444,-0.70981,-0.0147712,-0.698701,0.316552,-0.681204,-0.0342433,0.092594,-0.0216073,0.763152
136.13,0,,41.9632,7.064,-3.58876,-5.65885,-53.7138,-14.464,22.0016,14.7869,-11.23,14.7472,-2.37138,-14.4913,42.5493,-0.798194,9.27949,9.27949,0.751241,-0.751241,-8.73288,8.73288,7.05778,0.869819,11.7851,4.8998,-20.3977,-5.8826,42.9623,109.866,-88.8761,-38.0969,-276.346,-9.76787,-31.7244,-202.64,-61.9985,148.998,-19.9742,36.1758,118.177,75.2041,63.9636,125.99,46.4117,17.0955,-0.50594,-15.11,23.8754,-0.405294,-0.571624,-0.398763,0.695148,0.306771,0.647112,0.707427,-0.129339,0.690459,0.0777025,-0.175365,0.87603,-0.710319,-0.0148326,-0.69805,0.319715,-0.678922,-0.0364395,0.0900885,-0.0217897,0.763311
136.14,0,,41.5815,6.86595,-3.6487,-5.61806,-54.1552,-14.6235,22.2367,15.129,-10.0888,15.522,-2.69358,-14.2605,43.0099,-0.735939,9.23101,9.23101,0.686754,-0.686754,-8.74578,8.74578,6.63768,0.597103,11.4063,4.69031,-20.3977,-5.89031,40.528,83.9821,-95.2178,1.95105,-265.63,26.8455,-96.6567,-185.533,-158.675,-139.633,170.4,-268.141,122.055,62.0039,75.1959,88.3736,114.72,40.5398,-3.54158,-7.29449,37.0946,-0.406088,-0.571502,-0.398581,0.696834,0.305506,0.64611,0.706648,-0.13514,0.690228,0.0772733,-0.171515,0.876497,-0.711031,-0.0148322,-0.697176,0.322597,-0.676631,-0.0386995,0.0874055,-0.0227669,0.763272
136.15,0,,41.1586,6.65266,-3.72556,-5.53978,-54.4291,-14.7293,22.543,15.4305,-8.97931,16.32,-3.31413,-13.898,43.2352,-0.668126,9.18648,9.18648,0.63091,-0.63091,-8.75008,8.75008,6.37161,0.298552,11.3295,4.36559,-20.4741,-5.83443,39.06,70.3169,-90.8288,67.8761,-211.906,4.39878,-178.707,-196.758,-206.06,-300.764,21.0348,-80.1734,127.935,65.4299,55.1784,74.2029,139.176,24.4032,-12.6485,-24.4886,60.5653,-0.40678,-0.571409,-0.398418,0.69877,0.30501,0.644568,0.706451,-0.140387,0.689605,0.0757467,-0.169865,0.876428,-0.711959,-0.0145883,-0.696089,0.325077,-0.674385,-0.0411992,0.0842308,-0.0246589,0.76296
136.16,0,,40.6741,6.38731,-3.79647,-5.45326,-54.4824,-14.754,22.8601,15.6658,-8.48727,17.0778,-3.51871,-13.4363,43.2413,-0.615876,9.13369,9.13369,0.565093,-0.565093,-8.73933,8.73933,6.60267,0.0200948,11.346,3.97338,-20.4878,-5.73616,33.2066,42.9696,-101.076,78.1106,-150.881,-21.9723,-212.428,-248.018,-227.044,-20.0083,-280.346,134.682,123.549,58.1077,46.8746,90.3244,148.934,60.0491,-37.1866,-60.6137,70.8169,-0.40749,-0.571377,-0.398151,0.700859,0.305138,0.642627,0.706889,-0.144234,0.6887,0.0772113,-0.171086,0.875754,-0.713031,-0.0139774,-0.694842,0.326919,-0.672272,-0.0440084,0.0810598,-0.0272234,0.762377
136.17,0,,40.1499,6.09784,-3.87974,-5.33954,-54.3556,-14.7073,23.1276,15.8775,-7.87395,17.6705,-3.6585,-13.0017,43.1053,-0.569185,9.07624,9.07624,0.504927,-0.504927,-8.74578,8.74578,6.67969,-0.0861207,11.088,3.64517,-20.5178,-5.57816,45.4152,20.5063,-71.7853,63.974,-92.2734,-43.9447,-142.589,-267.105,-188.482,54.2779,-74.2404,-110.238,120.593,43.9334,31.2497,124.04,125.966,72.2507,-37.6925,-110.807,67.8494,-0.408172,-0.571393,-0.397857,0.703092,0.305676,0.640346,0.707702,-0.146558,0.687742,0.0794719,-0.170175,0.87535,-0.714287,-0.0131235,-0.693412,0.328328,-0.670207,-0.0472441,0.0794127,-0.0297874,0.761471
136.18,0,,39.6022,5.78172,-3.95111,-5.18752,-54.1273,-14.6083,23.3325,16.0485,-6.96706,18.0481,-3.89035,-12.7174,42.9694,-0.536946,9.01411,9.01411,0.45972,-0.45972,-8.76298,8.76298,6.45563,0.0114828,10.594,3.509,-20.4932,-5.40282,27.8363,-4.39055,-33.6982,28.8208,-16.5959,-68.8495,-20.0275,-288.594,-166.51,100.68,127.446,28.354,144.05,35.1669,18.5533,137.216,122.098,88.8833,-19.9846,-85.9708,-44.9182,-0.408836,-0.571442,-0.397666,0.705238,0.306413,0.638035,0.708634,-0.147952,0.686844,0.0813629,-0.166632,0.875643,-0.715735,-0.0118414,-0.691808,0.329238,-0.668241,-0.0507834,0.079838,-0.0313737,0.760292
136.19,0,,39.0061,5.45035,-4.06229,-4.99717,-53.8102,-14.4049,23.5676,16.1897,-6.12219,18.2595,-4.20574,-12.562,42.8273,-0.603648,8.95414,8.95414,0.421493,-0.421493,-8.79738,8.79738,6.27358,0.264103,10.2481,3.54275,-20.4032,-5.22748,0,-36.1285,-2.93836,26.8698,46.3738,-91.7922,94.7168,-267.105,-141.609,116.219,58.155,-26.3986,129.874,16.1224,32.7139,160.147,151.849,140.137,-10.6247,-36.6461,3.37224,-0.409448,-0.571506,-0.397484,0.707621,0.306597,0.635657,0.709569,-0.148872,0.686069,0.0825842,-0.16407,0.876198,-0.717446,-0.0100103,-0.689978,0.329478,-0.666402,-0.0549333,0.0819127,-0.0319838,0.759066
136.2,0,,38.3806,5.10375,-4.20138,-4.75203,-53.4424,-14.0599,23.8545,16.3308,-5.28146,18.3634,-4.54329,-12.3889,42.6873,-0.803752,8.8877,8.8877,0.385925,-0.385925,-8.79093,8.79093,6.11254,0.631552,9.97369,3.60909,-20.2094,-5.10223,-0.984863,-40.0425,-1.95271,40.0479,64.4396,-106.455,152.859,-159.183,-19.5193,123.456,17.4995,169.391,87.8859,8.80012,42.0006,176.747,137.212,119.139,-33.139,-14.589,24.415,-0.409939,-0.571693,-0.397243,0.710006,0.305806,0.633647,0.71036,-0.149543,0.685517,0.0834985,-0.161931,0.877039,-0.719497,-0.00744644,-0.68788,0.329,-0.664592,-0.0599403,0.0850262,-0.0326555,0.757912
136.21,0,,37.7287,4.76985,-4.41824,-4.4488,-53.0949,-13.5471,24.1737,16.504,-4.59371,18.3793,-4.6899,-12.1665,42.5838,-1.16727,8.82593,8.82593,0.371299,-0.371299,-8.78878,8.78878,6.03552,1.10809,9.73217,3.6894,-19.9884,-4.98663,0.984863,-67.3899,4.89107,90.3304,93.2691,-54.6828,116.228,7.32289,134.762,201.573,-82.018,99.2391,40.5261,-29.2889,57.6254,207.039,90.3243,80.5504,-31.6212,13.1996,19.559,-0.410254,-0.571951,-0.39707,0.712682,0.303787,0.631807,0.710585,-0.150271,0.685499,0.0848427,-0.160347,0.877908,-0.721832,-0.0042116,-0.685575,0.327646,-0.662738,-0.0660418,0.0890565,-0.0335106,0.756828
136.22,0,,37.0401,4.46007,-4.67719,-4.07635,-52.9199,-12.8639,24.4304,16.7136,-3.68682,18.2718,-4.90471,-11.8881,42.6325,-1.72312,8.76883,8.76883,0.349028,-0.349028,-8.74793,8.74793,5.72745,1.72815,9.39734,3.78134,-19.7564,-4.94809,11.7254,-83.9821,6.84378,117.679,127.457,-20.5061,46.3884,163.565,225.102,51.7237,-17.146,-52.7971,-27.8438,-72.7521,72.2674,185.066,27.847,22.4523,-21.5024,19.1046,29.8106,-0.410485,-0.572237,-0.396812,0.715568,0.300681,0.630173,0.710227,-0.151738,0.685812,0.0851501,-0.157177,0.879091,-0.724642,-0.000183114,-0.682892,0.325391,-0.660793,-0.0732451,0.0943028,-0.0346693,0.755949
136.23,0,,36.3574,4.20488,-4.92563,-3.64374,-52.9985,-11.9869,24.5361,16.9873,-2.71378,18.1141,-5.14679,-11.4586,42.9552,-2.46684,8.72502,8.72502,0.318114,-0.318114,-8.69418,8.69418,5.30034,2.41999,8.99114,3.78833,-19.4945,-4.92689,8.78943,-91.3167,44.4288,103.029,145.001,13.6707,-29.2709,225.089,261.245,-36.611,-6.36347,66.4853,-98.1525,-120.615,92.7663,141.118,-0.476017,-29.7931,-18.9727,38.0356,104.539,-0.410659,-0.572468,-0.396498,0.71835,0.296703,0.628991,0.709672,-0.154361,0.685929,0.0851471,-0.153082,0.880525,-0.727873,0.00463885,-0.679897,0.322033,-0.658775,-0.0816679,0.0999209,-0.0367455,0.755114
136.24,0,,35.6775,4.0373,-5.15804,-3.12503,-53.3308,-10.8995,24.4779,17.3679,-2.14456,18.0799,-5.15702,-10.8543,43.4868,-3.42956,8.70132,8.70132,0.293184,-0.293184,-8.63399,8.63399,5.1463,3.02858,8.69473,3.66379,-19.2543,-4.90184,-3.90229,-90.8232,98.1375,76.673,133.811,43.4487,-69.8393,218.246,258.793,29.7997,-33.7617,81.1512,-161.119,-146.008,96.6775,120.617,2.91561,-90.3382,-1.51782,-0.521035,25.8988,-0.410735,-0.572612,-0.396269,0.720996,0.291768,0.628338,0.708964,-0.158273,0.685769,0.0862463,-0.150824,0.881446,-0.731557,0.0103767,-0.67656,0.317518,-0.656705,-0.0916176,0.104557,-0.0396743,0.7543
136.25,0,,34.9919,3.94843,-5.38177,-2.51568,-53.937,-9.56752,24.2341,17.8811,-1.60428,18.1935,-5.26783,-10.188,44.2863,-4.62241,8.67546,8.67546,0.286535,-0.286535,-8.57594,8.57594,4.97826,3.53956,8.43674,3.53693,-19.047,-4.84404,-15.1446,-62.9823,131.836,31.7303,42.9597,54.2085,-80.0528,152.34,157.721,29.3739,-18.5601,21.0211,-132.322,-96.667,39.5535,21.9738,-108.413,-181.139,-57.1712,-44.9827,-62.9934,-0.410741,-0.572804,-0.396153,0.723477,0.285961,0.628198,0.708414,-0.163705,0.684914,0.0870404,-0.148689,0.882245,-0.735573,0.0170297,-0.672948,0.311612,-0.654537,-0.103342,0.108404,-0.0423608,0.753338
136.26,0,,34.3326,3.99032,-5.62837,-1.79303,-54.6701,-7.99493,23.9192,18.5055,-1.05712,18.1984,-5.47411,-9.56497,45.1934,-6.02091,8.65823,8.65823,0.307477,-0.307477,-8.50714,8.50714,4.81021,4.15102,8.20071,3.51017,-18.8805,-4.76504,-11.2237,10.7381,176.264,6.8458,-86.4411,49.8097,-51.7519,-1.98078,121.101,22.9883,-24.3933,55.2415,-173.833,26.3668,-9.76804,-55.1737,-419.431,-75.1936,-61.9776,-2.95253,69.3332,-0.410481,-0.573087,-0.396137,0.725851,0.279671,0.628314,0.708021,-0.169803,0.683607,0.0875924,-0.146679,0.882944,-0.73984,0.0234996,-0.669036,0.30409,-0.652432,-0.116277,0.113283,-0.0444951,0.752206
136.27,0,,33.7159,4.18711,-5.88458,-1.04772,-55.4514,-6.27387,23.5892,19.3416,-0.556813,18.2082,-5.62584,-8.89783,46.1634,-7.42943,8.64997,8.64997,0.34238,-0.34238,-8.41255,8.41255,4.69118,4.80553,7.92626,3.35421,-18.6786,-4.55887,-18.5637,80.5615,222.162,5.85316,-199.72,58.1113,-21.9674,-159.663,79.5761,41.9324,-16.0854,102.906,-253.423,156.253,-4.87399,88.3736,-797.388,-69.8368,-185.174,-121.054,100.628,-0.410129,-0.57335,-0.396273,0.728127,0.273269,0.628512,0.707685,-0.176219,0.682049,0.0887473,-0.144657,0.883566,-0.743768,0.029177,-0.665394,0.29597,-0.65072,-0.130498,0.118166,-0.0479134,0.750134
136.28,0,,33.1462,4.51213,-6.12798,-0.402526,-56.1565,-4.6408,23.2958,20.4878,-0.0399693,18.0872,-5.8628,-8.29943,47.0766,-8.62227,8.64997,8.64997,0.38526,-0.38526,-8.3287,8.3287,4.57215,5.74999,7.69572,3.06092,-18.4712,-4.21975,-26.3683,124.995,243.661,6.8458,-306.645,60.5479,-19.5139,-299.338,25.8895,64.495,-28.2821,59.1524,-224.117,259.771,63.9636,387.688,-957.509,-250.976,-294.457,-174.373,196.264,-0.409993,-0.573391,-0.396747,0.730364,0.267157,0.628555,0.70742,-0.182501,0.68038,0.0895416,-0.142949,0.884063,-0.746716,0.0340582,-0.66267,0.289265,-0.649092,-0.145579,0.12501,-0.0534099,0.746761
136.29,0,,32.6353,4.96156,-6.29772,0.114949,-56.6486,-3.30602,23.0736,21.912,0.658804,17.3967,-6.32821,-7.86231,47.7888,-9.51162,8.66469,8.66469,0.419166,-0.419166,-8.2728,8.2728,4.3551,7.39202,7.52555,2.69547,-18.2556,-3.89411,-20.0132,111.329,235.831,22.4542,-396.5,18.5654,-8.27345,-400.418,-35.6321,5.95993,-6.89376,33.2426,-147.451,330.575,63.4822,560.534,-752.94,-304.214,-396.91,-164.126,467.257,-0.410186,-0.5731,-0.397489,0.732324,0.261605,0.628622,0.707357,-0.187811,0.678792,0.0892361,-0.141057,0.884609,-0.748669,0.0379034,-0.660899,0.285051,-0.647071,-0.160166,0.137337,-0.061588,0.742474
136.3,0,,32.1566,5.47194,-6.38236,0.550847,-56.9428,-2.25579,22.9119,23.4644,1.28866,15.4316,-6.75782,-7.59069,48.2799,-10.0841,8.69198,8.69198,0.425482,-0.425482,-8.2341,8.2341,4.20806,10.3661,7.40479,2.26136,-18.0373,-3.63977,-11.2237,61.0423,235.831,34.1948,-425.283,-21.002,-2.45351,-447.777,-86.4231,15.1127,-28.2821,67.9519,-113.759,369.639,8.30384,567.858,-428.713,-350.11,-552.233,-163.605,881.367,-0.410735,-0.572489,-0.398344,0.734045,0.25691,0.628571,0.707377,-0.192089,0.677468,0.0889953,-0.13978,0.884948,-0.750096,0.0405292,-0.659576,0.282666,-0.644498,-0.173714,0.160166,-0.0742233,0.736557
136.31,0,,31.7073,6.06103,-6.4002,0.960376,-56.9581,-1.30866,22.8364,25.2222,1.88545,11.6809,-7.16527,-7.55844,48.4828,-10.4099,8.73615,8.73615,0.402546,-0.402546,-8.20616,8.20616,4.08203,15.2347,7.30599,1.78883,-17.8081,-3.40856,-6.35515,-20.5063,207.024,50.2824,-434.576,-50.2841,37.0879,-424.788,-114.731,9.36561,-23.863,11.7327,-219.731,376.961,-33.1953,488.282,-268.533,-285.63,-508.722,-21.0151,935.998,-0.411584,-0.571566,-0.399254,0.735626,0.253184,0.628261,0.707621,-0.194774,0.676491,0.0887515,-0.138743,0.885195,-0.751347,0.0414465,-0.658383,0.281204,-0.641088,-0.187632,0.197951,-0.0926579,0.727163
136.32,0,,31.2801,6.81008,-6.36452,1.24631,-56.8059,-0.202073,22.8256,27.3114,2.44915,6.7827,-7.51305,-7.53892,48.495,-10.5522,8.80906,8.80906,0.332075,-0.332075,-8.15241,8.15241,3.963,21.3924,7.21267,0.952028,-17.5352,-3.06751,-12.2086,-108.879,189.933,53.2261,-416.985,-99.1234,53.2354,-297.838,-97.1536,7.87562,-9.19167,37.6424,-348.619,406.754,-50.7858,431.157,-304.711,-312.976,-167.466,73.8133,622.11,-0.412616,-0.570338,-0.400043,0.737167,0.250382,0.627602,0.707864,-0.1963,0.675941,0.0885067,-0.137765,0.885434,-0.75187,0.0407736,-0.657993,0.27987,-0.637565,-0.203569,0.244589,-0.117564,0.712647
136.33,0,,30.8734,7.7572,-6.29955,1.42347,-56.5269,1.0571,22.8472,29.7748,2.96324,0.571947,-7.80628,-8.36479,48.353,-10.4388,8.90386,8.90386,0.259943,-0.259943,-8.09006,8.09006,3.85797,29.0054,7.14681,0.463212,-17.2678,-2.68214,-42.9623,-178.719,180.672,39.5345,-365.727,-105.463,5.877,-135.714,-63.4633,5.32137,-10.7825,16.6213,-356.947,454.583,-47.8574,491.226,-529.272,-376.464,119.655,594.154,-142.578,-0.413615,-0.568965,-0.400919,-0.738576,-0.248369,-0.626752,0.708044,-0.197031,0.675755,0.0881985,-0.137028,0.885586,0.751444,-0.0386373,0.658665,0.278945,-0.634066,-0.221447,0.302687,-0.143073,0.692293
136.34,0,,30.4446,8.9138,-6.24602,1.57096,-56.296,2.37951,22.8277,32.6038,3.43736,-7.07845,-8.10632,-10.4477,48.2312,-9.86959,8.99867,8.99867,0.174182,-0.174182,-8.01696,8.01696,3.76695,38.2003,7.0974,0.790253,-17.0195,-2.3199,-87.4112,-217.281,177.25,37.1042,-282.7,-108.891,-41.0249,23.9495,-12.7063,0,3.00497,8.79952,-233.875,504.395,-7.32102,503.925,-697.782,-392.568,954.708,1339.41,-966.753,-0.41452,-0.567668,-0.401579,-0.740046,-0.246845,-0.625596,0.708296,-0.197766,0.675457,0.0878329,-0.136419,0.885715,0.750453,-0.0348523,0.659935,0.278768,-0.630235,-0.240252,0.373571,-0.165299,0.665835
136.35,0,,29.9807,10.2253,-6.23001,1.74771,-56.1667,3.49572,22.7328,35.6361,3.83567,-14.3048,-8.38591,-11.3466,48.1805,-8.39326,9.07624,9.07624,0.0990575,-0.0990575,-7.87937,7.87937,3.70394,47.1511,7.05898,-0.0803055,-16.7602,-1.659,-87.4112,-198.732,167.487,21.4958,-185.068,-117.667,-53.6918,114.285,14.648,1.06427,-1.94439,39.109,-80.0668,482.428,9.76804,459.462,-657.737,-449.707,1869.19,1659.15,-1414.99,-0.415059,-0.566739,-0.401997,-0.741476,-0.245551,-0.624346,0.708592,-0.198618,0.675021,0.0875304,-0.135996,0.885864,0.749107,-0.0293588,0.661519,0.280719,-0.626566,-0.257707,0.437345,-0.194348,0.632059
136.36,0,,29.48,11.6447,-6.22543,1.92652,-56.2631,4.31638,22.5516,38.711,4.19402,-19.7163,-8.67572,-10.379,48.2921,-5.61292,9.13441,9.13441,-0.00132963,0.00132963,-7.69448,7.69448,3.64792,54.5259,7.03153,-2.47201,-16.5146,-0.0346829,-78.6218,-169.428,139.646,14.65,-45.4254,-97.1612,-25.3909,97.6586,18.0545,6.81135,-8.30786,22.9765,80.0668,371.587,37.5879,365.714,-379.862,-308.115,4033.1,1096.26,278.816,-0.415441,-0.566089,-0.401951,-0.742895,-0.244213,-0.623077,0.708836,-0.200327,0.674288,0.0872846,-0.135688,0.885969,0.747531,-0.0220347,0.663238,0.284686,-0.623575,-0.272539,0.484038,-0.225966,0.59055
136.37,0,,28.9631,13.0654,-6.23001,2.10203,-56.4939,5.02295,22.3295,41.6663,4.53858,-21.0985,-8.99282,-9.26365,48.5133,-2.70919,9.17248,9.17248,-0.114681,0.114681,-7.46874,7.46874,3.60591,57.9477,7.02056,-4.48198,-16.2581,2.30256,-54.6878,-132.806,127.447,20.024,74.2075,-66.8873,28.8144,3.42135,12.7063,5.95993,-4.94936,4.39976,188.963,193.368,27.8399,295.413,-100.559,-182.627,2027.3,-291.432,741.217,-0.415741,-0.565654,-0.40164,-0.744267,-0.242575,-0.621942,0.709088,-0.202588,0.673319,0.0870396,-0.135504,0.886083,0.745888,-0.0134284,0.66489,0.288967,-0.621091,-0.285549,0.502902,-0.240983,0.558326
136.38,0,,28.4536,14.4518,-6.23733,2.20297,-56.8312,5.75426,22.0965,44.4526,4.85696,-21.1229,-9.29115,-10.7244,48.8055,0.00778183,9.19869,9.19869,-0.243655,0.243655,-7.21505,7.21505,3.58491,59.9572,7.00409,-3.68474,-16.0098,4.79394,-40.528,-96.1837,131.352,33.6813,118.637,-64.4507,57.6289,-78.1509,-6.33611,-12.1327,-6.89376,-1.95545,232.413,19.5148,-9.76804,250.472,100.083,-67.3899,70.8316,-336.936,345.722,-0.415986,-0.565351,-0.401093,-0.745583,-0.240552,-0.621003,0.709251,-0.205268,0.672262,0.0869175,-0.135381,0.886144,0.743914,-0.00421152,0.666763,0.292551,-0.618367,-0.297373,0.520233,-0.230849,0.538057
136.39,0,,27.9486,15.7556,-6.2268,2.20751,-57.128,6.53093,21.9067,47.0742,5.16982,-22.62,-9.5571,-12.3244,49.0571,2.61581,9.19223,9.19223,-0.390911,0.390911,-6.95492,6.95492,3.5499,63.3504,6.97664,-2.76763,-15.7424,6.86913,-32.7235,-85.4456,105.948,24.4053,99.1014,-28.8077,25.9045,-133.793,4.3944,-1.06427,-12.1966,15.1547,236.323,-116.686,-44.929,181.164,174.341,-61.5371,412.088,-26.9201,1647.4,-0.416415,-0.56517,-0.400362,-0.746796,-0.238169,-0.620326,0.709316,-0.207649,0.671412,0.0867984,-0.135203,0.886235,0.741545,0.00482196,0.66891,0.29537,-0.615216,-0.308493,0.547275,-0.223219,0.514864
136.4,0,,27.4347,17.0011,-6.17739,2.12717,-57.3741,7.33372,21.7234,49.6018,5.43444,-24.0267,-9.77361,-12.5637,49.2357,5.08376,9.16206,9.16206,-0.560439,0.560439,-6.68618,6.68618,3.52889,66.6258,6.96018,-3.15752,-15.4804,8.79211,-30.2706,-70.3169,80.0796,19.0313,57.1374,-14.641,18.0875,-133.793,3.40651,-5.95993,-14.6713,-0.977725,239.755,-184.097,-67.8748,89.8459,190.407,-35.6459,528.707,-565.844,1670.47,-0.416956,-0.565098,-0.399377,-0.747834,-0.235361,-0.620021,0.709386,-0.209483,0.670749,0.0867345,-0.135076,0.886328,0.738806,0.0135505,0.671298,0.298108,-0.611904,-0.319105,0.568872,-0.224314,0.489096
136.41,0,,26.9252,18.1818,-6.10968,1.94506,-57.5618,8.25336,21.5853,52.0502,5.75558,-24.7367,-10.0021,-12.5841,49.3453,7.17596,9.11466,9.11466,-0.739939,0.739939,-6.40669,6.40669,3.47988,69.1578,6.91626,-3.74759,-15.2048,10.5185,-32.7235,-65.9264,72.7523,-3.4229,-7.8238,-5.86504,27.3309,-112.304,-2.9296,1.48998,-18.5601,6.35521,195.796,-185.071,-73.7317,38.5737,160.656,54.6923,220.59,-1208.45,1719.3,-0.417568,-0.5651,-0.39828,-0.748763,-0.232375,-0.61991,0.709462,-0.211013,0.670213,0.0866128,-0.134711,0.886454,0.735561,0.0216072,0.674097,0.300552,-0.608672,-0.32985,0.584267,-0.225662,0.466522
136.42,0,,26.4025,19.3143,-6.02641,1.68014,-57.6556,9.3572,21.4602,54.3939,6.03398,-25.173,-10.1981,-13.2742,49.3371,8.66118,9.05253,9.05253,-0.926752,0.926752,-6.10356,6.10356,3.44487,71.2706,6.88882,-3.66379,-14.9292,11.8134,-47.8495,-59.5788,44.4288,-11.2271,-50.7835,-4.87316,8.78698,-49.8197,31.7487,1.91569,-14.141,-2.93317,139.664,-145.504,-65.4278,52.2291,119.599,109.848,-31.3683,-1486.34,2104.95,-0.418171,-0.565211,-0.397052,-0.749598,-0.229378,-0.619894,0.709634,-0.211865,0.669837,0.0864921,-0.134469,0.886529,0.731843,0.029054,0.677276,0.302081,-0.605322,-0.340841,0.598729,-0.22328,0.449856
136.43,0,,25.8621,20.3985,-5.91295,1.34683,-57.7444,10.5353,21.3329,56.6157,6.36614,-25.3135,-10.4436,-14.2206,49.2966,9.42825,8.97461,8.97461,-1.12553,1.12553,-5.81117,5.81117,3.38185,72.8638,6.86137,-3.23433,-14.6836,12.5841,-54.2046,-62.0123,28.8071,-22.4542,-84.9712,-14.1667,-19.5139,39.0754,69.8334,-20.434,-20.5045,-20.5322,69.832,-122.563,-72.7488,52.2291,-0.476017,84.4854,-155.323,-1636.22,2198.7,-0.418909,-0.56534,-0.395714,-0.750343,-0.226513,-0.619904,0.709809,-0.212717,0.669463,0.0861236,-0.134099,0.886567,0.727765,0.0357687,0.680705,0.303003,-0.601611,-0.35153,0.610633,-0.220106,0.439175
136.44,0,,25.3145,21.432,-5.7853,0.990041,-57.8408,11.6542,21.1884,58.7134,6.72449,-24.8381,-10.7181,-15.1678,49.2539,9.50162,8.87908,8.87908,-1.32431,1.32431,-5.49729,5.49729,3.31184,73.5786,6.83393,-2.6012,-14.4244,12.8616,-54.2046,-60.0553,19.5271,-30.7719,-106.451,-13.6707,8.78698,118.667,4.3944,-20.0083,-19.4439,-11.7327,29.7827,-96.1967,-86.4281,17.0784,-125.966,83.4934,-304.576,-1803.3,2058.55,-0.419642,-0.565585,-0.394311,-0.750953,-0.22401,-0.619904,0.710092,-0.213626,0.668954,0.0857605,-0.133676,0.886598,0.723478,0.0418107,0.684231,0.304107,-0.597714,-0.361241,0.617153,-0.216928,0.43526
136.45,0,,24.7639,22.4578,-5.65994,0.618415,-57.9778,12.6,21.0417,60.7149,7.09524,-23.8018,-10.9977,-16.1702,49.2397,8.93354,8.78607,8.78607,-1.52808,1.52808,-5.1576,5.1576,3.22782,73.4207,6.7955,-1.65732,-14.1542,12.5976,-32.7235,-43.9396,22.949,-29.7792,-112.283,-26.3711,18.5439,115.726,-44.4209,-10.6427,-19.9742,0,25.8731,-58.1077,-68.8577,9.75385,-235.331,81.5424,-450.792,-1757.8,1444.8,-0.420318,-0.565836,-0.39285,-0.751575,-0.221816,-0.61973,0.710307,-0.214734,0.668435,0.0853911,-0.133183,0.886626,0.719038,0.0476714,0.687786,0.306059,-0.593928,-0.369358,0.618754,-0.213332,0.438627
136.46,0,,24.2059,23.4747,-5.5268,0.243081,-58.2365,13.2832,20.8692,62.5775,7.47839,-22.4086,-11.2841,-17.2253,49.3371,7.84075,8.69198,8.69198,-1.74281,1.74281,-4.78567,4.78567,3.1508,72.5567,6.76806,-0.364284,-13.8541,11.8057,-43.464,-34.1714,28.3236,-31.7303,-106.925,-38.0796,-10.2705,82.5326,-84.4814,-21.0726,-8.83815,1.46659,38.0786,-5.37412,-30.2669,27.3476,-360.345,107.434,-723.747,-1554.25,970.26,-0.420989,-0.566079,-0.391323,-0.752177,-0.219921,-0.619418,0.710303,-0.216503,0.667882,0.0849679,-0.132701,0.886669,0.714567,0.0536521,0.691251,0.30899,-0.590512,-0.37522,0.616493,-0.208997,0.448575
136.47,0,,23.648,24.4485,-5.41288,-0.110005,-58.5206,13.6227,20.6945,64.254,7.88498,-21.0093,-11.5995,-18.2099,49.469,6.37221,8.58281,8.58281,-1.9406,1.9406,-4.39439,4.39439,3.08078,71.3424,6.71866,1.14406,-13.5403,10.4916,-43.9472,-20.5063,48.3342,-40.0479,-90.8034,-62.5101,-17.574,21.4885,-83.9705,1.48998,3.88879,36.1758,51.2694,40.541,0.481382,8.31838,-495.117,94.2401,-900.826,-1217.83,635.194,-0.421599,-0.566445,-0.389858,-0.752743,-0.218462,-0.618944,0.710419,-0.218576,0.667082,0.0847196,-0.132207,0.886687,0.710175,0.059756,0.69455,0.313014,-0.587573,-0.378388,0.612047,-0.20485,0.463292
136.48,0,,23.0886,25.4058,-5.29438,-0.459382,-58.7945,13.5622,20.5068,65.7572,8.22265,-19.7908,-11.8569,-19.0315,49.6091,4.81584,8.47257,8.47257,-2.13871,2.13871,-3.96226,3.96226,3.03877,70.0448,6.68023,2.73737,-13.1719,8.76898,-54.2046,-0.970006,39.5563,-58.1209,-80.0872,-56.6451,-13.694,-10.2641,-87.411,-10.6427,-6.89376,-2.44431,58.1032,80.5782,20.0175,-54.2167,-587.881,118.18,-1017.19,-831.051,537.13,-0.422198,-0.566796,-0.388444,-0.753248,-0.21735,-0.618358,0.710461,-0.220524,0.666393,0.0845996,-0.131905,0.886709,0.705862,0.066289,0.697683,0.318508,-0.585499,-0.378572,0.606524,-0.201422,0.480605
136.49,0,,22.5439,26.3262,-5.18,-0.830184,-58.9848,13.0935,20.3601,67.0552,8.55067,-18.807,-12.1058,-19.517,49.7085,3.36842,8.35262,8.35262,-2.33516,2.33516,-3.54088,3.54088,2.99676,68.7817,6.65279,4.15028,-12.7735,6.79013,-57.6238,3.42055,40.5233,-62.9814,-42.9597,-20.0101,1.93998,-22.9291,-26.3664,-6.81135,-18.0298,8.79952,70.3087,89.3447,18.0719,-136.701,-594.248,130.382,-1094.6,-484.91,540.097,-0.423001,-0.567053,-0.387171,-0.753782,-0.216508,-0.617602,0.710499,-0.222184,0.665818,0.0844159,-0.13166,0.886764,0.70164,0.0733075,0.700664,0.325339,-0.584572,-0.375757,0.599894,-0.199781,0.498568
136.5,0,,22.0021,27.2213,-5.07798,-1.21005,-59.1217,12.2604,20.2415,68.1544,8.85526,-17.9589,-12.2984,-19.6409,49.7978,2.18225,8.22729,8.22729,-2.5253,2.5253,-3.1066,3.1066,2.96175,67.5157,6.60338,5.31297,-12.3232,4.71302,-67.8626,-5.37758,36.1344,-43.9501,5.35811,0,13.694,6.36251,-14.1711,-24.904,-12.7269,-14.177,80.0668,93.2745,-12.2151,-236.338,-554.203,138.186,-1120.66,-247.492,556.689,-0.423919,-0.56724,-0.386074,-0.754358,-0.215766,-0.61672,0.710413,-0.223702,0.665429,0.0843564,-0.131357,0.886841,0.697471,0.080569,0.703514,0.333333,-0.584995,-0.370139,0.591827,-0.199778,0.51614
136.51,0,,21.4838,28.0922,-4.96543,-1.60145,-59.1953,11.1951,20.1401,69.014,9.1571,-17.1621,-12.4774,-19.4881,49.8526,1.25621,8.11453,8.11453,-2.71511,2.71511,-2.68737,2.68737,2.92674,66.1636,6.55398,6.17421,-11.8621,2.62241,-62.0092,-13.6652,3.42189,-15.1292,38.5974,2.43658,-5.36348,65.4258,-3.40651,-10.6427,-1.06058,19.0656,82.5142,78.6301,-50.2843,-299.314,-473.161,150.387,-1091.82,-89.2707,541.042,-0.42495,-0.567231,-0.385153,-0.754909,-0.214973,-0.615866,0.710364,-0.225048,0.665073,0.0843574,-0.131053,0.886913,0.693517,0.0883224,0.706091,0.341754,-0.587067,-0.362263,0.581886,-0.201124,0.533115
136.52,0,,21.0007,28.953,-4.83458,-1.99986,-59.2663,10.0088,20.0215,69.6213,9.40656,-16.4667,-12.6274,-19.332,49.9216,0.544728,8.01613,8.01613,-2.91256,2.91256,-2.27889,2.27889,2.91274,64.7599,6.51007,6.96214,-11.39,0.552999,-50.2837,-17.5792,3.90542,0,52.2535,0.495941,-16.604,83.493,11.2415,-5.95993,-6.36347,17.1102,62.9982,44.4372,-63.9636,-295.891,-385.276,86.8993,-1083.47,74.6817,507.319,-0.426049,-0.567049,-0.384299,-0.755412,-0.214001,-0.615146,0.710346,-0.226324,0.66469,0.0844738,-0.130861,0.886975,0.689796,0.096685,0.708352,0.349872,-0.590669,-0.352497,0.571086,-0.202102,0.549844
136.53,0,,20.5514,29.7998,-4.72615,-2.35418,-59.416,8.72899,19.8899,69.957,9.68635,-15.8471,-12.8167,-19.3362,50.0961,0.00778183,7.9382,7.9382,-3.08208,3.08208,-1.87041,1.87041,2.89873,63.2642,6.45518,7.85947,-10.907,-1.44127,-58.1069,-23.9268,19.0436,-11.2271,57.1374,16.6032,-7.30346,45.438,-2.9296,0.425709,0,14.177,31.7534,-7.82606,-97.1589,-268.065,-316.908,62.496,-1115.34,264.686,471.708,-0.426973,-0.566815,-0.383696,-0.755892,-0.212839,-0.614528,0.710294,-0.228219,0.664089,0.0846598,-0.130682,0.887066,0.686429,0.105656,0.710172,0.357197,-0.59543,-0.341022,0.559805,-0.201068,0.566642
136.54,0,,20.1124,30.6213,-4.63007,-2.68048,-59.5606,7.4052,19.782,70.0383,9.95786,-15.1603,-13.0025,-19.3863,50.2909,-0.366858,7.85381,7.85381,-3.24962,3.24962,-1.42108,1.42108,2.91974,61.5533,6.41127,8.78473,-10.3585,-3.31799,-66.4132,-37.1155,22.4654,-15.6084,41.0157,12.2045,-8.27345,-41.4764,17.5776,8.72704,-4.94936,26.8874,10.2666,-58.5779,-107.428,-203.138,-240.21,30.2891,-1143.68,418.044,484.388,-0.427941,-0.566559,-0.3832,-0.756431,-0.211249,-0.614032,0.710238,-0.230296,0.663422,0.0849672,-0.130686,0.88715,0.683396,0.115242,0.711535,0.363431,-0.60112,-0.32815,0.547014,-0.198309,0.583147
136.55,0,,19.6939,31.4363,-4.55229,-2.96765,-59.7128,6.05256,19.6763,69.8757,10.2087,-14.4343,-13.1679,-19.2929,50.4857,-0.592531,7.77732,7.77732,-3.41316,3.41316,-0.922306,0.922306,2.92674,59.6587,6.36186,9.57731,-9.77726,-5.04636,-78.6218,-52.2442,19.0436,-12.699,31.7219,21.4764,-20.4839,-102.04,8.31188,1.48998,-8.83815,3.42204,10.2666,-118.667,-82.9982,-162.613,-168.927,0,-1129.76,456.079,411.683,-0.428744,-0.566327,-0.38272,-0.757007,-0.209364,-0.613626,0.710109,-0.232247,0.662866,0.0852094,-0.130683,0.887252,0.680627,0.125248,0.712488,0.368446,-0.607241,-0.313875,0.532684,-0.194835,0.598667
136.56,0,,19.2564,32.2146,-4.4951,-3.2132,-59.8421,4.67791,19.603,69.4908,10.4747,-13.7255,-13.3315,-19.1036,50.6582,-0.695918,7.68216,7.68216,-3.56374,3.56374,-0.42353,0.42353,2.94774,57.6549,6.30697,10.2698,-9.20148,-6.60901,-85.4415,-66.4029,28.3236,-16.1219,15.6476,24.9048,-41.0249,-120.588,12.1953,-8.72704,-15.2016,-6.84407,20.0246,-160.149,-77.6429,-111.82,-66.8804,17.5915,-1061.97,479.005,302.692,-0.429547,-0.566219,-0.38224,-0.757652,-0.207221,-0.613238,0.710015,-0.23421,0.662281,0.0855773,-0.130686,0.887331,0.678094,0.135265,0.71307,0.3721,-0.613452,-0.298486,0.517546,-0.19044,0.613071
136.57,0,,18.8071,32.9624,-4.44249,-3.43568,-59.8776,3.36375,19.5232,68.8921,10.6966,-13.0472,-13.4713,-18.9127,50.7333,-0.721487,7.57478,7.57478,-3.70335,3.70335,0.101045,-0.101045,2.98275,55.5622,6.25757,10.9553,-8.61206,-8.02138,-76.1689,-74.214,7.81083,-16.1219,6.82804,39.0715,-22.9374,-81.5722,36.62,-8.72704,-12.1966,-3.9109,45.421,-173.349,-65.4278,-83.9936,28.799,0.992001,-1058.17,481.436,188.036,-0.430256,-0.566249,-0.381731,-0.758245,-0.204913,-0.612969,0.71013,-0.23555,0.661726,0.0860045,-0.130807,0.887391,0.675633,0.145088,0.713476,0.374171,-0.619611,-0.282368,0.501985,-0.184643,0.626505
136.58,0,,18.3666,33.6708,-4.38942,-3.64169,-59.8954,2.16369,19.4671,68.0988,10.8882,-12.4557,-13.5821,-18.7013,50.7657,-0.692583,7.4613,7.4613,-3.84031,3.84031,0.636369,-0.636369,3.04577,53.4608,6.21915,11.6036,-8.03902,-9.2584,-54.6878,-77.141,20.0106,-32.2095,-4.88394,43.9447,15.1204,28.8114,30.2839,-32.7796,-16.6157,-32.2649,63.9517,-187.49,-42.0006,-71.2951,103.534,-24.4032,-990.63,439.406,239.294,-0.43087,-0.566376,-0.381124,-0.758785,-0.202591,-0.612778,0.710257,-0.236712,0.661242,0.0864879,-0.131105,0.887402,0.673242,0.154363,0.71377,0.37448,-0.625537,-0.265951,0.486526,-0.177862,0.63857
136.59,0,,17.9364,34.3462,-4.34046,-3.82091,-59.8903,1.10659,19.4369,67.1322,11.0246,-12.0182,-13.6145,-18.383,50.7556,-0.660344,7.34639,7.34639,-3.96828,3.96828,1.17169,-1.17169,3.12979,51.4313,6.16426,12.168,-7.49599,-10.3047,-32.7235,-63.9693,39.0542,-38.5761,-18.54,44.4406,40.0549,110.864,0.476911,-23.414,-12.1966,-9.28839,62.9982,-216.812,-35.6423,-102.066,114.244,-24.8992,-820.381,391.645,236.326,-0.43131,-0.566636,-0.380402,-0.759263,-0.20033,-0.612647,0.710349,-0.237617,0.660909,0.0872239,-0.131538,0.887376,0.670875,0.162912,0.714029,0.37282,-0.630828,-0.249524,0.471711,-0.170727,0.648968
136.6,0,,17.5224,34.9721,-4.29745,-4.02155,-59.9487,0.240563,19.4197,66.0138,11.1487,-11.6223,-13.6299,-18.1207,50.8023,-0.719264,7.22896,7.22896,-4.10457,4.10457,1.73067,-1.73067,3.24182,49.3845,6.10937,12.8233,-6.93386,-11.2353,-31.7386,-67.3899,30.7598,-12.699,-33.1919,0.495941,35.1479,125.029,-4.3944,0.425709,-8.83815,12.7104,49.3305,-190.916,-24.4101,-152.823,125.49,57.6022,-744.996,332.941,252.378,-0.431744,-0.566889,-0.379615,-0.759787,-0.198126,-0.612444,0.710365,-0.238904,0.660496,0.0881401,-0.132088,0.887322,0.668481,0.170721,0.714381,0.369099,-0.63541,-0.233594,0.457185,-0.16206,0.658493
136.61,0,,17.1171,35.5511,-4.23249,-4.2395,-60.0425,-0.391773,19.4089,64.7543,11.3017,-11.3216,-13.6299,-17.816,50.8753,-0.892687,7.10614,7.10614,-4.25382,4.25382,2.31974,-2.31974,3.33284,47.3692,6.02154,13.4739,-6.34444,-12.0581,-25.3834,-64.4458,33.196,-28.8208,-41.0157,-43.4487,5.877,75.6899,-21.972,-7.87562,-12.7269,-22.4877,34.6776,-214.36,-2.92841,-158.675,150.897,64.447,-586.384,289.001,351.522,-0.432151,-0.567167,-0.378681,-0.760184,-0.196302,-0.612224,0.710238,-0.240306,0.660187,0.0891172,-0.132394,0.887326,0.666058,0.177868,0.714829,0.363113,-0.63937,-0.218332,0.443021,-0.152841,0.66685
136.62,0,,16.7251,36.1084,-4.18125,-4.45209,-60.1998,-0.864651,19.3916,63.3729,11.4836,-11.1493,-13.6401,-17.5673,51.0153,-1.11836,6.98512,6.98512,-4.39676,4.39676,2.93891,-2.93891,3.41686,45.4057,5.90627,14.2036,-5.725,-12.7999,-28.8026,-54.6947,23.9346,-37.5835,-44.9038,-51.7503,-1.93998,-2.46097,-42.0023,1.48998,-3.88879,1.95545,12.6823,-245.127,-20.4988,-175.275,157.205,64.943,-422.46,301.332,465.773,-0.432458,-0.567476,-0.377768,-0.76057,-0.194766,-0.611886,0.710072,-0.242021,0.659775,0.0902149,-0.132515,0.887378,0.663601,0.184395,0.715361,0.355312,-0.643053,-0.203384,0.429524,-0.142646,0.674286
136.63,0,,16.3257,36.615,-4.13321,-4.68611,-60.3342,-1.23031,19.4046,61.8996,11.6876,-11.0075,-13.6248,-17.3025,51.1533,-1.3596,6.85117,6.85117,-4.55099,4.55099,3.57313,-3.57313,3.48688,43.4249,5.76904,14.9229,-5.06736,-13.482,-38.0937,-58.0982,27.84,-42.4782,-52.7276,-57.6154,-6.84699,-49.8197,-40.0265,20.434,1.06058,14.177,-8.80449,-274.886,-62.018,-196.77,141.615,72.2507,-248.163,268.507,601.607,-0.432874,-0.567766,-0.376781,-0.761036,-0.19325,-0.611429,0.709801,-0.24366,0.659507,0.0913759,-0.132394,0.887512,0.661174,0.190503,0.715926,0.346224,-0.646423,-0.188677,0.416029,-0.131962,0.680869
136.64,0,,15.9175,37.1051,-4.09569,-4.93578,-60.4255,-1.46125,19.4197,60.3749,11.8406,-10.768,-13.5958,-16.9689,51.2386,-1.63418,6.70716,6.70716,-4.71454,4.71454,4.30194,-4.30194,3.5709,41.3236,5.64828,15.5851,-4.33059,-14.166,-35.1577,-49.3171,12.1998,-32.2095,-58.6073,-49.8097,-13.1805,-38.5952,-31.7487,10.6427,-9.19167,48.8862,15.6383,-275.39,-89.8379,-219.222,116.208,62.992,-31.6212,189.483,649.897,-0.43325,-0.568084,-0.375752,-0.761569,-0.191598,-0.610928,0.70963,-0.244946,0.659274,0.0924708,-0.132511,0.887598,0.658662,0.19636,0.716588,0.335897,-0.649515,-0.174388,0.401511,-0.1211,0.686744
136.65,0,,15.5079,37.538,-4.07053,-5.21553,-60.5168,-1.58634,19.4671,58.7925,12.0184,-10.2743,-13.6179,-16.6048,51.3035,-1.97436,6.55239,6.55239,-4.88573,4.88573,5.12535,-5.12535,3.65492,38.9552,5.55497,16.1693,-3.52287,-14.9329,-31.7386,-45.4031,-10.7492,-19.5448,-36.6059,-24.4089,-13.1805,32.2327,-46.3967,-5.32137,-5.30289,4.88862,17.5772,-284.66,-79.1071,-250.472,61.5252,0,54.6415,27.7885,475.081,-0.433626,-0.568401,-0.374723,-0.762166,-0.190007,-0.610306,0.709457,-0.246415,0.658978,0.0933257,-0.132878,0.887601,0.65612,0.201738,0.717405,0.324665,-0.652381,-0.160532,0.384853,-0.109627,0.692553
136.66,0,,15.0982,37.9163,-4.05589,-5.47551,-60.664,-1.60283,19.5232,57.1396,12.2017,-9.70355,-13.6708,-16.2687,51.4131,-2.37346,6.38037,6.38037,-5.0639,5.0639,6.03906,-6.03906,3.76695,36.475,5.46714,16.7303,-2.6442,-15.7807,-31.7386,-38.0855,-17.0908,-6.8458,-4.88394,-20.5061,-13.694,81.5722,-11.2415,1.91569,-1.06058,44.9753,9.28126,-281.234,-59.0896,-268.065,52.7189,23.9403,131.291,-99.1703,516.626,-0.433925,-0.568821,-0.373558,-0.762807,-0.188367,-0.60966,0.709339,-0.248186,0.658493,0.0942411,-0.133427,0.8876,0.653717,0.20643,0.718234,0.312458,-0.655192,-0.147043,0.367266,-0.0975999,0.698093
136.67,0,,14.6915,38.2642,-4.04719,-5.69222,-60.8212,-1.53548,19.5448,55.4332,12.3023,-9.18048,-13.6844,-15.9444,51.5409,-2.84259,6.2062,6.2062,-5.23675,5.23675,7.03876,-7.03876,3.90699,34.009,5.38481,17.2401,-1.68093,-16.7576,-38.5769,-42.476,-38.0871,-4.89475,12.7077,-31.2443,-23.9074,56.6624,9.77668,7.87562,-20.5045,20.0434,-0.476777,-294.938,-52.25,-167.472,145.007,14.6485,290.409,-191.394,490.188,-0.434115,-0.569257,-0.372465,-0.763423,-0.186659,-0.609054,0.709204,-0.24983,0.658054,0.095161,-0.134226,0.887579,0.651527,0.210522,0.718974,0.299397,-0.658185,-0.13392,0.349455,-0.0858226,0.703305
136.68,0,,14.2995,38.5676,-4.02478,-5.86608,-61.0318,-1.49699,19.562,53.5941,12.4718,-8.77596,-13.7714,-15.7076,51.6911,-3.31728,6.03167,6.03167,-5.4096,5.4096,8.05136,-8.05136,4.02602,31.5661,5.30796,17.7673,-0.725858,-17.8289,-35.6409,-36.1285,-27.84,-12.699,28.8295,-49.3138,10.2705,-15.126,6.84708,4.46995,-15.2016,3.42204,-8.80449,-311.027,-37.1065,-67.3936,230.452,-116.692,368.577,-115.149,453.633,-0.434218,-0.56972,-0.371289,-0.763961,-0.184947,-0.608556,0.709125,-0.251777,0.657427,0.0959528,-0.134957,0.887564,0.649571,0.213634,0.719704,0.285906,-0.661417,-0.120124,0.331809,-0.0734301,0.708542
136.69,0,,13.9178,38.8711,-4.00098,-6.02924,-61.2474,-1.59596,19.5901,51.7273,12.6785,-8.38122,-13.8754,-15.4343,51.8554,-3.71749,5.86253,5.86253,-5.57414,5.57414,9.09836,-9.09836,4.13104,29.1174,5.23111,18.2631,0.272879,-19.0178,-40.528,-43.4631,-18.56,0,42.4856,-30.2739,33.6644,-55.642,25.8895,1.48998,-21.9186,-1.95545,-25.8731,-282.242,-27.3385,-118.15,176.245,-94.2401,504.422,-47.9352,595.267,-0.434337,-0.570082,-0.370309,-0.764449,-0.183299,-0.608068,0.708858,-0.253927,0.656913,0.0965615,-0.135626,0.887547,0.647565,0.215835,0.720629,0.272664,-0.664294,-0.105538,0.313976,-0.0607931,0.713586
136.7,0,,13.5463,39.1478,-3.99229,-6.22205,-61.4046,-1.62208,19.631,49.8498,12.8922,-7.87894,-13.9589,-14.9098,51.9752,-4.15328,5.69913,5.69913,-5.72406,5.72406,10.1497,-10.1497,4.21506,26.5539,5.1378,18.3865,1.28526,-20.2432,-38.0937,-46.8666,-14.1525,22.4542,40.5415,-13.1748,30.7544,-56.1822,48.3384,0,-18.5601,-7.8218,-35.1544,-234.849,-37.5879,-238.288,25.8834,65.9019,631.413,-207.546,493.156,-0.434416,-0.570412,-0.369471,-0.764959,-0.181656,-0.607536,0.708595,-0.255751,0.656529,0.0971732,-0.136055,0.88756,0.645372,0.217301,0.721916,0.258932,-0.666985,-0.091438,0.294695,-0.0499908,0.718122
136.71,0,,13.1719,39.3662,-3.98589,-6.43877,-61.534,-1.58084,19.6828,47.9232,13.1347,-7.34121,-14.0492,-14.3436,52.0624,-4.6213,5.56087,5.56087,-5.81514,5.81514,10.8204,-10.8204,4.27108,23.8439,5.07193,18.0955,1.91561,-21.1989,-21.4812,-47.8536,-27.84,27.349,36.6059,11.2341,-1.48352,-42.0166,49.3263,1.91569,-16.0854,-7.8218,-19.5161,-198.238,-56.1612,-250.987,-127.454,166.987,658.227,-397.897,275.849,-0.434487,-0.570852,-0.368685,-0.765404,-0.179937,-0.607135,0.708238,-0.257463,0.656293,0.0975973,-0.136355,0.887592,0.643078,0.218266,0.723463,0.24495,-0.670086,-0.0775806,0.27443,-0.0401025,0.722577
136.72,0,,12.7916,39.5059,-3.96301,-6.65136,-61.6684,-1.68531,19.7044,45.8661,13.3856,-6.96235,-14.1788,-13.8666,52.1274,-4.91589,5.43267,5.43267,-5.90157,5.90157,11.4224,-11.4224,4.32009,21.2144,5.0335,17.7033,2.45045,-22.1566,-20.5149,-47.3601,-44.9309,20.024,36.6059,40.5378,4.39349,-22.4489,44.4209,1.06427,-15.5551,-16.1325,-1.93889,-147.452,-107.91,-128.42,-211.411,160.142,710.845,-495.678,171.444,-0.434471,-0.57132,-0.367817,-0.76578,-0.178108,-0.606838,0.70799,-0.259049,0.655985,0.0978427,-0.136662,0.887603,0.641079,0.218881,0.724944,0.232189,-0.673861,-0.062442,0.254644,-0.0307624,0.727067
136.73,0,,12.4216,39.5744,-3.95477,-6.8141,-61.7826,-2.17606,19.7432,43.6849,13.6764,-6.87314,-14.3152,-13.5712,52.1578,-4.91923,5.30698,5.30698,-5.96838,5.96838,12.0265,-12.0265,4.33409,18.826,4.98959,17.4507,2.97711,-23.226,-30.2706,-47.3601,-37.6036,19.0313,30.7736,64.9467,19.0575,-19.0275,33.2135,-3.83138,-15.5551,-1.95545,-12.6823,-97.1708,-121.589,51.7506,-198.737,58.5942,783.701,-432.112,131.382,-0.434347,-0.571866,-0.367022,-0.766148,-0.176217,-0.606595,0.70768,-0.260512,0.655797,0.0979679,-0.136728,0.887632,0.639536,0.219303,0.726147,0.22175,-0.677824,-0.0448017,0.236761,-0.0211187,0.73183
136.74,0,,12.0589,39.5896,-3.94928,-6.90886,-61.8967,-3.07095,19.7799,41.4717,13.9824,-6.9648,-14.4737,-13.41,52.1761,-4.63353,5.17949,5.17949,-6.03519,6.03519,12.6801,-12.6801,4.3411,16.6557,4.94568,17.3576,3.54197,-24.4399,-46.8832,-56.6347,-44.9309,41.999,14.1777,69.8198,18.0875,-47.8389,70.3104,4.89566,-21.5651,2.44431,-43.4503,-41.0112,-110.357,97.649,-78.6023,-61.0411,758.404,-199.209,234.842,-0.434173,-0.572427,-0.366236,-0.766529,-0.174145,-0.606424,0.707378,-0.261917,0.655617,0.0979652,-0.136724,0.887668,0.638581,0.219615,0.726903,0.213885,-0.681269,-0.0250265,0.220653,-0.0109869,0.736791
136.75,0,,11.6874,39.5554,-3.9502,-6.96695,-61.9779,-4.20641,19.8058,39.2627,14.2925,-7.05768,-14.6357,-12.9915,52.1639,-4.23887,5.04626,5.04626,-6.08339,6.08339,13.353,-13.353,4.32009,14.5314,4.91274,17.0283,4.1232,-25.7655,-64.9452,-72.2739,-37.1014,48.3314,-14.6518,43.4487,13.1805,-77.6107,62.9864,-1.06427,-31.8173,-12.2216,-94.7197,-16.5926,-101.572,39.5675,87.8847,-44.4416,829.488,-187.92,360.829,-0.433994,-0.573044,-0.365569,-0.766858,-0.172122,-0.606272,0.707054,-0.263131,0.655538,0.0977854,-0.136607,0.887699,0.637909,0.219615,0.727513,0.207348,-0.683752,-0.00427269,0.204413,-0.00268563,0.741967
136.76,0,,11.2954,39.5033,-3.94151,-7.0098,-62.0438,-5.29513,19.8079,37.0688,14.6467,-7.16523,-14.8232,-12.4721,52.1132,-3.98207,4.91375,4.91375,-6.11564,6.11564,14.0302,-14.0302,4.26408,12.4272,4.87432,16.5429,4.69352,-27.1779,-71.7835,-59.5788,-72.7523,39.5345,-29.7778,45.4109,5.877,-77.6107,68.3686,2.97997,-15.2016,-14.6659,-142.588,-24.4187,-122.07,0.993789,265.142,6.3488,826.199,-173.852,242.127,-0.433687,-0.573773,-0.364895,-0.767054,-0.170111,-0.606221,0.706765,-0.264175,0.655493,0.0974802,-0.13624,0.887759,0.637304,0.219739,0.728068,0.200566,-0.685744,0.0161136,0.188173,0.00469975,0.747504
136.77,0,,10.8696,39.4119,-3.93968,-7.00898,-62.0717,-6.29037,19.7993,34.8812,15.0174,-7.37054,-15.021,-12.1181,51.9934,-3.91537,4.75502,4.75502,-6.13591,6.13591,14.8816,-14.8816,4.18706,10.4522,4.84687,16.2229,5.403,-28.833,-77.6369,-68.3599,-109.872,17.5937,-44.9038,47.3731,-7.81699,-81.032,47.8615,2.97997,-19.4439,-10.755,-151.361,-52.2297,-121.589,21.9738,428.237,-26.8501,845.172,50.7141,325.623,-0.433194,-0.574743,-0.364159,-0.767143,-0.168225,-0.606182,0.706497,-0.264837,0.655593,0.0969269,-0.135746,0.887845,0.636923,0.2201,0.728418,0.193311,-0.687422,0.0358299,0.173164,0.0130621,0.753327
136.78,0,,10.4218,39.3027,-3.94242,-6.94306,-62.1301,-7.19901,19.7712,32.7557,15.4254,-7.53552,-15.2545,-11.8176,51.8575,-3.97652,4.60096,4.60096,-6.13924,6.13924,15.6792,-15.6792,4.08903,8.4714,4.81943,15.8679,6.01698,-30.4593,-72.2666,-65.9264,-124.025,-15.6084,-65.4354,42.4784,-31.7244,-69.3274,16.1128,-3.40567,-16.6157,-7.8218,-129.397,-70.3002,-94.7319,14.1707,561.998,-32.703,884.383,303.763,407.231,-0.43247,-0.575914,-0.36325,-0.767181,-0.166449,-0.606103,0.706327,-0.265452,0.655605,0.0963207,-0.135081,0.887945,0.636825,0.220536,0.728506,0.185985,-0.688639,0.0546907,0.158515,0.0217905,0.759248
136.79,0,,9.96076,39.1973,-3.94059,-6.8277,-62.2138,-7.8877,19.7432,30.7263,15.8485,-7.47808,-15.5017,-11.4128,51.6931,-4.1933,4.45911,4.45911,-6.13491,6.13491,16.393,-16.393,3.977,6.28394,4.81394,15.2278,6.49452,-31.9294,-55.1709,-62.0123,-123.541,-3.90211,-53.2018,14.1667,-14.1505,-23.4092,2.9296,1.06427,-9.72196,7.8218,-100.6,-75.2041,-71.7861,-48.8429,626.439,43.4496,830.5,467.716,239.294,-0.431491,-0.577255,-0.362089,-0.767123,-0.165046,-0.605922,0.7062,-0.266,0.6556,0.0956462,-0.134405,0.888038,0.636829,0.220842,0.728511,0.17792,-0.689526,0.0719006,0.142586,0.0299699,0.764933
136.8,0,,9.48063,39.0932,-3.94334,-6.68514,-62.3584,-8.24099,19.685,28.7804,16.2703,-7.30821,-15.7558,-10.9553,51.5571,-4.64575,4.3345,4.3345,-6.10467,6.10467,17.0121,-17.0121,3.87898,3.97877,4.80845,14.3852,6.84653,-33.1896,-35.6409,-56.1582,-119.134,1.95105,-19.0616,-9.76787,12.6669,25.39,5.8592,-8.72704,-9.72196,4.39976,-44.9124,-64.4558,-54.697,-86.4228,593.772,82.9974,756.38,565.497,57.1931,-0.430261,-0.578767,-0.36086,-0.766939,-0.163947,-0.605677,0.7061,-0.26668,0.655499,0.0950397,-0.133739,0.888136,0.636761,0.220901,0.728625,0.168222,-0.690528,0.0867967,0.126166,0.0375997,0.77006
136.81,0,,8.98583,38.9625,-3.92641,-6.52446,-62.5131,-8.29185,19.6181,26.873,16.6741,-7.13223,-15.9893,-10.5046,51.407,-5.20938,4.21994,4.21994,-6.06777,6.06777,17.5496,-17.5496,3.78796,1.67074,4.81394,13.4459,7.09758,-34.1723,-18.062,-43.4631,-107.901,-9.27606,9.29372,-5.3691,25.9045,38.1151,-21.972,-6.81135,-13.6107,-5.37749,-7.81915,-89.8485,-22.4645,-90.8028,474.589,41.0027,680.236,661.193,-69.8727,-0.428916,-0.580352,-0.359516,-0.766633,-0.162909,-0.605493,0.705972,-0.267349,0.655432,0.0944845,-0.133182,0.888203,0.636829,0.220781,0.728694,0.15717,-0.691852,0.099612,0.11011,0.0446787,0.774126
136.82,0,,8.47634,38.7898,-3.9287,-6.32258,-62.678,-8.12689,19.562,24.9762,17.082,-7.03324,-16.228,-10.0216,51.2507,-5.763,4.08133,4.08133,-6.03519,6.03519,18.3515,-18.3515,3.71094,-0.536819,4.80296,12.4404,7.58604,-35.1646,-7.80457,-24.8968,-89.8432,-24.4053,19.0616,2.93252,40.5114,24.4296,-18.0545,0,-5.30289,-12.7104,13.1908,-118.667,0,-32.7214,340.828,3.90187,664.046,687.072,-64.4771,-0.427398,-0.582073,-0.358119,-0.766358,-0.161878,-0.605212,0.705871,-0.268028,0.655329,0.0939362,-0.132695,0.888273,0.637117,0.220348,0.728675,0.145212,-0.693466,0.110847,0.0949727,0.0506603,0.776933
136.83,0,,7.97125,38.5943,-3.92321,-6.09928,-62.82,-7.84921,19.5275,23.0902,17.4845,-7.04301,-16.4189,-9.46397,51.0762,-6.19211,3.94917,3.94917,-6.0086,6.0086,19.1147,-19.1147,3.62692,-2.6152,4.781,11.358,8.0472,-35.8679,-5.37029,-17.0857,-88.374,-13.1782,52.7276,-29.3036,44.4484,21.0083,-35.6321,-11.2813,-13.6107,-5.86635,14.1444,-128.912,18.0719,17.0784,243.185,-40.0438,700.221,620.032,-58.542,-0.425927,-0.583712,-0.35671,-0.766095,-0.160837,-0.604892,0.705665,-0.26863,0.65537,0.0935102,-0.132086,0.888347,0.637649,0.219548,0.728532,0.132819,-0.695164,0.1211,0.0808741,0.0552385,0.778405
136.84,0,,7.497,38.381,-3.92366,-5.85908,-62.9671,-7.54267,19.5081,21.2106,17.8594,-7.13101,-16.5655,-8.95215,50.924,-6.41556,3.84934,3.84934,-5.96938,5.96938,19.7855,-19.7855,3.5639,-4.57875,4.75905,10.3082,8.4265,-36.232,-17.5789,-15.1287,-84.4686,-13.1782,77.1474,-52.7422,35.6614,31.7525,-21.972,-10.217,-10.2523,-7.33294,5.37169,-127.938,21.963,29.2984,197.25,-55.1883,720.205,529.719,-60.97,-0.424406,-0.585244,-0.355493,-0.765809,-0.159803,-0.604602,0.705312,-0.269368,0.655504,0.0932037,-0.131596,0.888396,0.638344,0.218275,0.728376,0.12055,-0.696933,0.130744,0.0677521,0.0592679,0.778478
136.85,0,,7.03156,38.1195,-3.92595,-5.59993,-63.061,-7.23062,19.5059,19.3373,18.2398,-7.27644,-16.7139,-8.4607,50.7191,-6.45447,3.75884,3.75884,-5.92284,5.92284,20.4133,-20.4133,3.50088,-6.41886,4.74258,9.29333,8.7676,-36.3534,-13.6766,-6.34758,-76.6577,-6.33237,101.093,-55.1788,68.8694,53.241,-32.7025,-15.1127,-13.2572,-15.6436,-3.4328,-129.382,19.0346,1.95077,189.931,-32.703,790.531,410.228,14.7029,-0.422873,-0.58676,-0.354327,-0.765503,-0.158826,-0.604297,0.705056,-0.269912,0.655615,0.0929023,-0.131113,0.888431,0.639306,0.216622,0.728116,0.108652,-0.698605,0.139904,0.0554849,0.0626876,0.77746
136.86,0,,6.58961,37.8351,-3.94288,-5.31276,-63.1041,-6.93508,19.534,17.4855,18.5843,-7.49031,-16.7974,-8.06432,50.4776,-6.33108,3.70138,3.70138,-5.86467,5.86467,20.9378,-20.9378,3.45887,-8.1097,4.70965,8.37738,9.01319,-36.2205,-24.9003,-3.91406,-56.145,7.80421,122.051,-60.0519,94.2603,76.6503,-9.77668,-20.434,-16.0854,0,-14.1444,-104.997,21.4817,-16.6,221.705,5.3568,878.311,293.516,54.6302,-0.42129,-0.58817,-0.353354,-0.765219,-0.157841,-0.603959,0.704762,-0.270344,0.655809,0.0928389,-0.130744,0.888409,0.640542,0.214674,0.727706,0.0973567,-0.700358,0.148629,0.044191,0.0657982,0.77554
136.87,0,,6.16674,37.5342,-3.96301,-5.0532,-63.132,-6.64228,19.5922,15.7,18.8972,-7.64185,-16.8059,-7.74942,50.2726,-6.1143,3.67014,3.67014,-5.7942,5.7942,21.2711,-21.2711,3.45187,-9.75173,4.65476,7.52544,9.11416,-35.8216,-21.9643,-15.6222,-44.4288,32.7229,115.745,-43.4487,112.291,71.7884,-10.2536,-32.1411,-21.9186,-7.8218,-34.169,-69.3261,19.5361,-30.7706,242.174,0.496,923.846,187.92,-14.1634,-0.419824,-0.58945,-0.352559,-0.764967,-0.156741,-0.603648,0.70431,-0.270945,0.656091,0.0931427,-0.130436,0.888396,0.641755,0.212474,0.727392,0.0866738,-0.702119,0.156684,0.0330203,0.0689093,0.773017
136.88,0,,5.74535,37.213,-3.99092,-4.78211,-63.1523,-6.37285,19.6785,13.985,19.1687,-7.70662,-16.7377,-7.46677,50.0859,-5.83415,3.63351,3.63351,-5.71442,5.71442,21.6043,-21.6043,3.47988,-11.3938,4.5834,6.64674,9.23423,-35.3842,-3.90229,-31.2444,-40.5233,48.3314,105.455,-48.8178,113.261,80.5518,1.94171,-14.687,-19.4439,11.7327,-40.5261,-8.80012,27.8399,-13.6554,282.695,24.4032,900.826,118.622,-123.963,-0.418468,-0.590714,-0.351877,-0.764765,-0.155468,-0.603377,0.703649,-0.271681,0.656528,0.0936921,-0.130253,0.888335,0.643104,0.210156,0.726972,0.0767247,-0.70389,0.164192,0.0216678,0.0717173,0.770213
136.89,0,,5.35773,36.893,-4.02157,-4.5312,-63.1269,-6.06493,19.782,12.3555,19.4926,-7.68218,-16.6917,-7.14254,49.8607,-5.58847,3.61376,3.61376,-5.63431,5.63431,21.9461,-21.9461,3.47288,-13.0243,4.50106,5.69122,9.37612,-34.9565,2.43428,-65.4328,-36.6179,42.4782,77.1474,-49.3138,108.867,90.3357,-14.1711,-2.3414,-16.0854,-14.6659,-43.4503,56.6298,40.5364,-13.6554,347.671,10.2507,904.873,46.3721,-278.277,-0.417073,-0.591887,-0.351335,-0.76452,-0.154308,-0.603131,0.703037,-0.272291,0.656953,0.0941788,-0.129824,0.888321,0.644381,0.207713,0.726661,0.0672026,-0.705658,0.170845,0.0101321,0.0737934,0.767476
136.9,0,,5.00387,36.5998,-4.05817,-4.27946,-63.1066,-5.73364,19.9158,10.8416,19.8978,-7.69195,-16.6832,-6.81915,49.6395,-5.41504,3.61591,3.61591,-5.55719,5.55719,22.2794,-22.2794,3.43087,-14.4711,4.41323,4.79738,9.52075,-34.5673,8.30629,-89.8362,-42.9596,44.9085,73.7333,-38.5756,107.441,93.757,-34.6783,1.06427,-5.83318,5.86635,-62.4896,93.2745,45.8917,1.95077,299.831,-87.8913,972.669,6.4261,-180.212,-0.415624,-0.592946,-0.350921,-0.764274,-0.153209,-0.602886,-0.70232,0.273091,-0.657395,0.0945483,-0.129096,0.888351,0.645616,0.205215,0.726372,0.0582285,-0.707349,0.176639,-0.000305193,0.0752605,0.764996
136.91,0,,4.67204,36.3255,-4.09889,-4.04009,-63.0737,-5.29238,20.0689,9.46018,20.3485,-7.64551,-16.7326,-6.37354,49.3838,-5.43172,3.62741,3.62741,-5.47542,5.47542,22.6148,-22.6148,3.36785,-15.8347,4.36383,3.81742,9.649,-34.2532,19.53,-90.3297,-41.509,58.1209,82.5055,-40.5378,110.864,91.7763,-42.4792,-3.83138,-3.88879,4.39976,-93.7344,148.93,54.697,41.9968,195.286,-71.2918,1101.18,-140.158,-181.696,-0.414041,-0.594051,-0.350498,-0.763959,-0.152352,-0.602634,-0.701609,0.273808,-0.657846,0.0945496,-0.128365,0.888424,0.646632,0.202584,0.726286,0.0493787,-0.709002,0.181096,-0.0104374,0.0755645,0.763214
136.92,0,,4.36371,36.0818,-4.13732,-3.83327,-63.0762,-4.75489,20.2372,8.23275,20.8019,-7.44998,-16.7803,-5.81758,49.1525,-5.67184,3.64069,3.64069,-5.39331,5.39331,22.9415,-22.9415,3.30483,-17.2213,4.31992,2.73039,9.76634,-34.0547,5.37029,-88.3726,-53.2252,69.348,82.5055,-71.2861,113.261,71.7884,-61.5216,-1.91569,0,2.44431,-104.001,196.794,46.3932,33.1999,63.4888,-29.7931,1145.45,-330.51,-341.27,-0.412385,-0.5952,-0.350003,-0.763591,-0.151742,-0.602389,-0.70086,0.27468,-0.658254,0.0946131,-0.127697,0.888508,0.647305,0.19996,0.726471,0.0407115,-0.710529,0.184331,-0.0208748,0.0753202,0.762358
136.93,0,,4.04362,35.857,-4.15791,-3.6421,-63.061,-4.29851,20.4054,7.16784,21.243,-7.22633,-16.7957,-5.54342,48.8806,-6.00535,3.65003,3.65003,-5.30423,5.30423,23.264,-23.264,3.26983,-18.4901,4.24856,1.98087,9.85093,-34.0277,-5.85343,-79.098,-62.5052,71.7782,76.1516,-90.3259,146.982,46.8785,-56.6502,-25.3297,-35.1758,36.1758,-100.091,195.786,50.7858,-13.6554,-31.7146,-12.2016,1134.32,-310.016,-623.054,-0.410614,-0.59648,-0.349391,-0.763072,-0.151259,-0.602229,-0.700173,0.275467,-0.658606,0.0949153,-0.127083,0.888541,0.647722,0.197515,0.726826,0.0334494,-0.711654,0.18739,-0.0297264,0.0773985,0.762143
136.94,0,,3.70298,35.6539,-4.1785,-3.48018,-63.0534,-4.01671,20.5866,6.31463,21.7378,-7.03079,-16.8741,-5.66395,48.5823,-6.3144,3.64033,3.64033,-5.1932,5.1932,23.5822,-23.5822,3.20681,-19.558,4.22661,1.68292,9.90551,-34.1626,-1.95114,-56.1582,-64.9415,88.3793,88.8593,-93.2584,187.494,72.2685,-10.7305,3.83138,-23.5095,-53.286,-81.0521,198.238,33.1953,-38.5737,-90.3243,-21.9563,1105.98,-90.8338,-678.764,-0.408777,-0.597997,-0.348654,-0.762437,-0.15101,-0.602088,-0.699443,0.276262,-0.658975,0.094794,-0.126473,0.88861,0.647726,0.195441,0.727441,0.0283832,-0.712387,0.190686,-0.0362566,0.0821571,0.762303
136.95,0,,3.35353,35.4571,-4.17987,-3.34504,-63.0077,-3.93835,20.7937,5.67311,22.3359,-6.84381,-16.9696,-5.86002,48.2373,-6.51895,3.61196,3.61196,-5.07753,5.07753,23.8854,-23.8854,3.06677,-20.4278,4.19916,1.5293,9.94644,-34.4054,10.7406,-58.5918,-81.0467,102.55,126.461,-95.695,154.799,51.7404,6.33611,-11.2813,-12.7269,-11.7327,-50.2841,199.716,37.1065,-14.1707,-115.256,-59.0902,1080.69,68.4293,-723.142,-0.40702,-0.599604,-0.347811,-0.761656,-0.151074,-0.601975,-0.698542,0.276939,-0.659538,0.0944252,-0.125249,0.888769,0.647555,0.193735,0.728125,0.0256975,-0.712571,0.194227,-0.0411387,0.0869772,0.763019
136.96,0,,2.9894,35.2667,-4.16889,-3.20949,-62.9139,-4.02771,21.0094,5.23047,22.9617,-6.70693,-17.1162,-6.06373,47.8152,-6.5523,3.56851,3.56851,-4.9542,4.9542,24.1842,-24.1842,2.89873,-21.045,4.22661,1.4583,9.95736,-34.6655,24.4172,-53.7077,-104.981,67.3969,169.421,-58.5857,157.709,84.9335,-1.4648,-6.81135,-25.8074,-11.2438,-27.3352,222.656,57.6254,27.3476,-81.5179,-75.6896,1054.13,136.685,-736.361,-0.405305,-0.601305,-0.34689,-0.760779,-0.151252,-0.601897,-0.697659,0.277416,-0.660121,0.093571,-0.124151,0.888894,0.647311,0.192271,0.728797,0.0251475,-0.712369,0.197823,-0.044375,0.0908863,0.763897
136.97,0,,2.61059,35.0496,-4.13595,-3.05911,-62.8327,-4.26414,21.238,4.92468,23.6494,-6.71671,-17.2679,-6.25046,47.3891,-6.42112,3.50926,3.50926,-4.82423,4.82423,24.4809,-24.4809,2.69568,-21.3206,4.25405,1.53162,9.96008,-34.9334,40.0449,-46.8666,-131.836,27.8282,208.966,-64.9467,157.253,154.321,53.7207,-3.40567,-17.4995,-4.39976,-36.1397,244.153,47.8574,38.5737,-2.43959,-122.082,1067.28,167.947,-692.387,-0.40359,-0.603126,-0.345847,-0.759784,-0.151432,-0.601943,-0.696564,0.277966,-0.660857,0.0925335,-0.122747,0.889079,0.647188,0.190927,0.729345,0.026307,-0.711633,0.201545,-0.0453513,0.0937545,0.764868
136.98,0,,2.23177,34.8452,-4.11262,-2.92851,-62.7642,-4.6133,21.4904,4.8199,24.3744,-6.79493,-17.4316,-6.43974,46.9609,-6.16099,3.4421,3.4421,-4.69393,4.69393,24.8034,-24.8034,2.46462,-21.3149,4.28699,1.73995,9.97373,-35.2378,31.7386,-46.3901,-160.159,4.38131,250.504,-46.3812,129.865,189.435,25.3785,-0.425709,-21.0348,-21.9988,-54.7022,241.701,50.7858,-24.9183,90.3243,-118.643,1080.69,188.441,-587.848,-0.401894,-0.604978,-0.34476,-0.758899,-0.151438,-0.601967,-0.695365,0.278647,-0.66161,0.0913719,-0.121158,0.889244,0.646934,0.189887,0.729945,0.0291152,-0.710362,0.204966,-0.0443734,0.0959492,0.765884
136.99,0,,1.82506,34.6344,-4.09615,-2.82757,-62.749,-5.0092,21.7449,4.89475,25.1627,-6.91225,-17.6634,-6.70541,46.5713,-5.83971,3.36669,3.36669,-4.54501,4.54501,25.1022,-25.1022,2.20556,-21.0651,4.35285,2.10773,9.96008,-35.5307,30.2706,-41.0125,-170.89,-18.0729,243.676,-47.8475,93.2332,159.663,82.5057,5.95993,-15.2016,-26.3986,-55.179,270.52,70.8032,-50.7937,212.423,-103.995,1093.34,234.813,-453.633,-0.400238,-0.606919,-0.343715,-0.758096,-0.151009,-0.602082,-0.694011,0.279741,-0.662332,0.0898499,-0.119515,0.889404,0.646518,0.18928,0.730629,0.0332057,-0.708977,0.207657,-0.0417505,0.0978452,0.766831
137,0,,1.40073,34.4135,-4.06229,-2.78431,-62.7718,-5.33087,21.9973,5.13211,26.0255,-6.95258,-17.9822,-7.00843,46.1837,-5.55623,3.27871,3.27871,-4.4044,4.4044,25.4118,-25.4118,1.89048,-20.712,4.46264,2.52322,9.93007,-35.8255,32.7235,-27.8239,-190.919,-25.3979,219.256,-55.6747,64.9323,80.0716,50.7911,13.6227,-19.0904,-41.5533,-52.2548,317.375,76.1787,-56.646,316.432,-91.2971,1066.52,226.129,-400.891,-0.398647,-0.608866,-0.342552,-0.757346,-0.150273,-0.602251,-0.692595,0.281079,-0.662992,0.0878323,-0.11774,0.889554,0.645956,0.189154,0.731408,0.038028,-0.707699,0.209001,-0.0384547,0.0994329,0.767751
137.01,0,,0.966123,34.1621,-4.00647,-2.82592,-62.7972,-5.56456,22.2453,5.51915,26.9379,-6.78393,-18.3624,-7.32163,45.7819,-5.32166,3.18426,3.18426,-4.26113,4.26113,25.7278,-25.7278,1.54739,-20.4135,4.61633,2.86539,9.90005,-36.101,34.6746,-7.31759,-207.024,29.3,195.785,-80.558,113.774,74.7295,22.9599,20.0083,-17.4995,-12.7104,-48.822,346.664,103.036,-77.1475,393.547,-86.4363,957.997,148.495,-493.156,-0.397234,-0.610744,-0.341507,-0.756528,-0.149304,-0.602586,-0.691024,0.282672,-0.663679,0.0853297,-0.11597,0.889614,0.645246,0.18971,0.732288,0.0433369,-0.706636,0.208689,-0.0356464,0.100774,0.768472
137.02,0,,0.546197,33.8828,-3.95523,-2.94911,-62.787,-5.71714,22.5107,5.98532,27.8421,-6.62627,-18.7596,-7.70868,45.3639,-5.16158,3.10166,3.10166,-4.11953,4.11953,26.0116,-26.0116,1.2043,-19.9599,4.81943,3.32977,9.85366,-36.365,24.9003,-14.1587,-218.257,68.3553,169.942,-83.4905,194.797,64.4655,37.0969,9.36561,-23.863,8.79952,-65.9224,338.872,100.589,-114.764,408.185,-83.4934,852.002,118.622,-389.156,-0.396028,-0.612415,-0.340726,-0.755761,-0.148198,-0.602924,-0.689294,0.284372,-0.664451,0.0824627,-0.114447,0.889571,0.644491,0.190924,0.733179,0.0487088,-0.705789,0.206982,-0.0317403,0.102057,0.768969
137.03,0,,0.121867,33.5819,-3.87471,-3.14687,-62.7262,-5.79137,22.7803,6.51136,28.7641,-6.6055,-19.1739,-8.53454,44.8992,-4.86476,3.0302,3.0302,-3.99188,3.99188,26.2416,-26.2416,0.840212,-19.1992,5.07193,4.34232,9.75543,-36.4093,26.8514,-30.2744,-203.621,76.673,145.523,-91.3178,181.16,61.5243,4.3944,-2.97997,-23.863,-4.88862,-89.348,275.39,65.9092,-155.289,339.817,-97.183,374.142,-60.9611,274.905,-0.395104,-0.613805,-0.340169,-0.75494,-0.146801,-0.603378,-0.687313,0.286157,-0.6654,0.0791063,-0.113044,0.889397,0.643771,0.192759,0.733985,0.0542024,-0.705303,0.204053,-0.0253915,0.105472,0.767605
137.04,0,,-0.27163,33.3052,-3.77543,-3.41632,-62.5943,-5.7845,23.0607,7.08658,29.6958,-5.70847,-19.566,-9.66683,44.3959,-4.66576,2.99213,2.99213,-3.88751,3.88751,26.4115,-26.4115,0.455115,-19.4432,5.3354,5.03132,9.6299,-36.3862,44.9135,-56.1582,-175.781,74.7219,149.411,-88.8596,158.679,94.7174,-39.0727,-22.5626,-11.6664,-0.488862,-51.2694,167.975,-45.8917,-107.44,270.497,-61.5371,-253.476,63.0452,831.593,-0.394309,-0.614841,-0.339862,-0.754071,-0.145333,-0.603855,-0.685199,0.287849,-0.66646,0.0756259,-0.111577,0.889199,0.642911,0.195077,0.734834,0.0599385,-0.705467,0.20008,-0.0253918,0.112737,0.76566
137.05,0,,-0.651913,33.0005,-3.6368,-3.70678,-62.404,-5.64704,23.3346,7.57413,30.5944,-4.34704,-19.9035,-10.7864,43.8582,-4.5935,2.95335,2.95335,-3.80673,3.80673,26.5684,-26.5684,0.0980248,-20.3159,5.57692,5.30133,9.5071,-36.3168,59.0732,-53.2142,-154.301,67.3969,167.477,-98.1531,203.128,189.435,-56.1393,-41.5067,-21.0348,28.8429,85.947,35.1669,-138.177,-15.1277,178.209,42.9536,-786.23,-33.6936,183.585,-0.393698,-0.615695,-0.339557,-0.753054,-0.143994,-0.604421,-0.683082,0.289384,-0.667517,0.07233,-0.110173,0.888957,0.642247,0.197643,0.735453,0.0649455,-0.706343,0.195508,-0.0297869,0.120613,0.763534
137.06,0,,-1.02045,32.6386,-3.50138,-3.95027,-62.191,-5.31575,23.6366,7.78155,31.3993,-3.1176,-20.0928,-11.6487,43.3448,-4.91923,2.90918,2.90918,-3.72164,3.72164,26.7039,-26.7039,-0.19605,-21.3063,5.75257,5.24546,9.38431,-36.3977,95.2158,-24.4203,-124.992,63.4606,209.962,-102.056,252.939,236.794,-95.2119,-43.4224,-13.6107,38.1313,232.922,-78.6301,-196.283,171.373,18.0887,138.186,-973.681,-390.603,-845.217,-0.393225,-0.616512,-0.339326,-0.751992,-0.142891,-0.604951,-0.680836,0.290976,-0.668628,0.0698288,-0.108955,0.888608,0.642,0.199778,0.735754,0.0675707,-0.708119,0.19087,-0.0352795,0.126835,0.762659
137.07,0,,-1.34641,32.2654,-3.387,-4.07346,-61.983,-4.82225,23.9818,7.70243,32.1436,-3.75065,-20.1252,-12.1614,42.8983,-5.55289,2.89876,2.89876,-3.63853,3.63853,26.8071,-26.8071,-0.406103,-20.2785,5.82393,5.93097,9.27789,-36.7388,147.469,-3.42055,-133.305,42.4782,229.498,-109.862,252.426,236.794,-116.707,-40.0167,-1.4141,31.2872,354.977,-148.93,-201.659,371.088,-265.618,276.867,-862.88,-674.393,-887.707,-0.392669,-0.617173,-0.33932,-0.75093,-0.141971,-0.60542,-0.678389,0.292805,-0.669782,0.0683612,-0.107791,0.888268,0.642362,0.200753,0.735689,0.0677548,-0.710571,0.186356,-0.0277116,0.126289,0.76396
137.08,0,,-1.59748,31.8769,-3.29092,-4.07099,-61.7826,-4.22016,24.3614,7.42872,32.8244,-7.33632,-20.0297,-13.6247,42.4905,-6.20768,2.94114,2.94114,-3.58834,3.58834,26.9382,-26.9382,-0.546138,-15.6912,5.80198,9.43881,9.20967,-37.2533,206.059,83.9821,-93.265,45.9011,246.568,-131.834,256.363,240.215,-162.116,-36.1853,6.89376,33.2426,406.723,-170.427,-167.962,463.363,-493.154,261.227,-234.756,-21.0151,-509.342,-0.391806,-0.617587,-0.339374,-0.749978,-0.141182,-0.605744,-0.675939,0.294632,-0.670873,0.0678156,-0.106637,0.887951,0.643463,0.199961,0.735326,0.066655,-0.713184,0.181836,0.00524914,0.125735,0.764604
137.09,0,,-1.71201,31.5277,-3.21909,-4.00425,-61.4985,-3.77202,24.81,7.18281,33.4446,-11.5844,-19.7791,-15.5184,42.1069,-6.65347,3.06432,3.06432,-3.5787,3.5787,27.0414,-27.0414,-0.630159,-10.145,5.70317,13.8603,9.20694,-37.6059,253.426,124.025,-12.1998,20.5032,276.346,-155.768,291.967,237.814,-182.112,-30.2254,7.24728,41.5533,340.324,-129.886,-96.6775,453.131,-630.842,184.578,535.031,1296.86,573.685,-0.390961,-0.617358,-0.339993,-0.749049,-0.140813,-0.605978,-0.6733,0.296396,-0.672079,0.0681182,-0.105534,0.887673,0.644987,0.196969,0.735018,0.0664722,-0.715324,0.177503,0.0449237,0.126226,0.764069
137.1,0,,-1.72228,31.27,-3.177,-3.89713,-61.0673,-3.49297,25.3256,7.10797,33.9959,-13.9797,-19.3785,-15.5591,41.7376,-6.818,3.24423,3.24423,-3.58169,3.58169,27.0779,-27.0779,-0.630159,-6.73751,5.52203,15.2895,9.28334,-37.6328,306.645,141.604,43.4617,0,289.054,-138.669,310.568,233.372,-182.623,-25.9683,16.6157,38.1313,271.477,-6.34818,-35.1609,526.377,-719.262,347.167,982.788,1002.99,515.682,-0.390409,-0.616561,-0.341333,-0.74814,-0.140692,-0.606228,-0.670558,0.298046,-0.673304,0.0693417,-0.104623,0.887464,0.646527,0.19209,0.734973,0.0675683,-0.717127,0.172858,0.0667152,0.115546,0.764814
137.11,0,,-1.60189,31.2078,-3.15229,-3.76982,-60.4737,-3.37612,25.9144,7.41162,34.4894,-14.4148,-18.8005,-14.9463,41.3602,-6.89693,3.47837,3.47837,-3.62391,3.62391,27.0564,-27.0564,-0.59515,-5.48589,5.25307,14.9927,9.43616,-37.656,329.093,193.354,62.9888,32.7229,283.221,-130.864,308.115,226.59,-146.003,-33.631,18.0298,19.0656,212.897,213.386,1.94558,551.258,-673.326,370.115,430.302,376.535,-55.1698,-0.390102,-0.615154,-0.343163,-0.747351,-0.140815,-0.606475,-0.667687,0.299205,-0.674706,0.0714128,-0.103518,0.887411,0.647735,0.186288,0.735202,0.0704988,-0.718112,0.167488,0.0731866,0.104683,0.765926
137.12,0,,-1.34347,31.4224,-3.14955,-3.68742,-59.6138,-3.83113,26.5615,8.15791,34.8959,-14.7215,-18.0129,-14.7943,40.9685,-6.54007,3.78973,3.78973,-3.67975,3.67975,26.8931,-26.8931,-0.483122,-4.11083,4.8853,15.3651,9.67902,-37.6694,317.869,250.006,72.2688,78.624,285.64,-123.532,294.421,224.129,-102.536,-34.6953,35.1758,51.8194,135.754,468.254,58.1068,389.16,-471.674,235.336,350.616,339.367,715.858,-0.390227,-0.612962,-0.345974,-0.746524,-0.141186,-0.606864,-0.664717,0.299703,-0.676254,0.0745273,-0.102422,0.887613,0.648093,0.180792,0.735864,0.077031,-0.717389,0.163706,0.0816093,0.0985782,0.766041
137.13,0,,-0.957314,31.9099,-3.15732,-3.7348,-58.4394,-5.0202,27.2475,9.21213,35.1385,-14.5003,-16.9917,-13.9057,40.5728,-5.63961,4.17649,4.17649,-3.72895,3.72895,26.5577,-26.5577,-0.23806,-3.29842,4.45166,14.8344,10.0283,-37.7138,166.498,217.281,124.992,82.5261,300.766,-102.53,298.814,262.184,-56.6502,-19.5826,44.3675,65.5076,54.1937,619.636,135.248,92.2751,-197.726,102.044,194.787,-554.208,311.055,-0.391132,-0.609831,-0.350175,-0.745476,-0.141795,-0.607588,-0.661494,0.299647,-0.678036,0.0786779,-0.101933,0.887919,0.647424,0.177314,0.736844,0.0870998,-0.715232,0.162908,0.0851487,0.0886279,0.766826
137.14,0,,-0.625484,32.372,-3.15824,-3.88683,-57.0418,-6.77012,27.9313,10.3412,35.1716,-14.3463,-15.841,-13.18,40.1873,-4.41897,4.46522,4.46522,-3.6884,3.6884,26.1126,-26.1126,0.147037,-2.45444,4.03998,14.5283,10.4622,-37.9007,-32.7235,61.5188,268.06,44.4293,293.463,-57.6154,279.757,247.538,-26.3664,-12.7713,23.5095,48.8862,0,585.443,107.428,-138.173,39.5689,-61.0411,75.132,-788.152,148.378,-0.393141,-0.606893,-0.354871,-0.74424,-0.142402,-0.608796,-0.658165,0.299022,-0.679955,0.0832571,-0.102606,0.888299,0.646448,0.177436,0.737394,0.0995534,-0.712377,0.164925,0.089239,0.0804494,0.767809
137.15,0,,-0.521237,32.532,-3.15275,-4.07305,-55.5833,-8.674,28.6193,11.3719,35.0834,-14.4136,-14.6476,-12.7462,39.7368,-3.12385,4.51011,4.51011,-3.4966,3.4966,25.6977,-25.6977,0.588149,-1.42386,3.6777,14.6191,10.8988,-38.1743,-130.374,-109.372,273.435,50.2824,261.742,-21.002,289.057,205.581,10.7305,49.3823,-42.4231,123.438,-54.1937,230.483,10.2494,-246.092,236.819,-223.63,54.6415,-601.101,111.284,-0.395729,-0.605589,-0.358616,-0.742847,-0.143198,-0.610331,-0.654769,0.297689,-0.681993,0.0876504,-0.104009,0.888712,0.645664,0.181284,0.737221,0.1128,-0.709458,0.168407,0.0950342,0.0744038,0.768941
137.16,0,,-0.578499,32.3898,-3.07909,-4.30006,-54.145,-10.4418,29.3376,12.2422,35.2887,-14.5113,-13.4781,-12.3201,39.1503,-1.89988,4.36107,4.36107,-3.21704,3.21704,25.3709,-25.3709,0.784198,-0.430603,3.28248,14.7099,11.2972,-38.4479,-109.376,-187.5,-11.2327,30.2584,211.432,7.80568,294.421,168.967,50.2801,-21.0726,69.8214,6.84407,-113.759,-256.345,-37.1065,-298.836,379.386,-343.761,-7.84206,-321.305,-175.356,-0.398274,-0.605804,-0.36098,-0.741129,-0.144234,-0.612338,-0.651084,0.295725,-0.684227,0.0913737,-0.103276,0.889382,0.644944,0.186903,0.736808,0.125616,-0.706636,0.172188,0.100531,0.0686074,0.770307
137.17,0,,-0.610801,32.1079,-2.91392,-4.50359,-52.6764,-11.925,30.0602,12.9308,35.5148,-14.6812,-12.4058,-11.9433,38.4279,-0.862672,4.19876,4.19876,-2.95145,2.95145,25.1065,-25.1065,0.938237,0.611457,3.06292,14.8798,11.6519,-38.6637,-94.2309,-264.165,-205.072,-30.2584,165.058,56.6451,300.754,148.439,52.7328,-55.7679,265.675,55.7303,-184.576,-589.843,-42.9633,-298.836,482.919,-344.72,-29.3445,15.6311,-175.356,-0.4003,-0.606372,-0.3627,-0.738916,-0.145757,-0.614766,-0.647088,0.292871,-0.686703,0.0936351,-0.103096,0.890205,0.644515,0.191359,0.736441,0.137032,-0.704144,0.175059,0.10639,0.0631137,0.771525
137.18,0,,-0.485998,31.788,-2.6719,-4.65439,-51.1722,-12.9835,30.8173,13.3991,35.6609,-14.9598,-11.2619,-11.5401,37.533,-0.0800417,4.15315,4.15315,-2.73538,2.73538,24.8851,-24.8851,1.13429,1.72815,2.92569,15.0241,11.9003,-38.7273,-115.229,-299.8,-103.029,-92.2814,109.391,121.096,291.967,135.714,65.916,-20.434,-90.8562,-75.2848,-207.017,-701.188,-89.8379,-266.115,539.565,-235.336,4.30049,60.6137,-41.9506,-0.401148,-0.606788,-0.364219,-0.736139,-0.147899,-0.617599,-0.642669,0.289137,-0.689363,0.0955271,-0.103767,0.890935,0.644254,0.192635,0.736665,0.14631,-0.702437,0.176281,0.112619,0.0568281,0.772399
137.19,0,,-0.254011,31.3678,-2.37177,-4.74379,-49.5818,-13.5265,31.6198,13.6706,35.8938,-15.2605,-10.0549,-11.1862,36.3885,0.354629,4.15746,4.15746,-2.54092,2.54092,24.7389,-24.7389,1.26732,2.81615,2.77199,15.0951,12.0804,-38.6907,-135.261,-295.409,76.6577,-142.564,71.2677,142.572,323.235,205.581,-57.6041,-104.086,-203.631,-184.546,-161.627,-650.403,-143.552,-203.138,539.565,-69.8368,20.9965,-152.316,-43.4344,-0.401157,-0.607351,-0.365387,-0.732804,-0.151065,-0.62068,-0.638088,0.284253,-0.691924,0.0972362,-0.103767,0.891606,0.644197,0.190378,0.737524,0.153024,-0.701944,0.17512,0.118597,0.0500511,0.772923
137.2,0,,0.032302,30.813,-1.97464,-4.78993,-47.9051,-13.565,32.5041,13.7818,35.92,-15.5733,-8.36715,-10.8263,35.108,0.413549,4.14273,4.14273,-2.37605,2.37605,24.6529,-24.6529,1.5964,3.88978,2.32189,15.059,12.2468,-38.5828,-134.276,-257.324,89.3596,-215.335,61.0256,129.893,413.102,448.737,-227.044,-350.997,44.014,591.768,-30.768,-437.017,-154.303,-112.298,499.997,59.5862,28.8386,-356.388,-101.032,-0.400783,-0.608194,-0.365868,-0.728863,-0.155343,-0.623998,-0.633073,0.27845,-0.694415,0.101751,-0.103765,0.892017,0.644426,0.184819,0.73885,0.157233,-0.702483,0.171577,0.124336,0.042483,0.7733
137.21,0,,0.402307,30.2302,-1.51301,-4.77963,-46.2082,-13.1553,33.5093,13.7904,35.1537,-16.1416,-6.2515,-10.7669,33.7606,0.0700365,4.11724,4.11724,-2.26602,2.26602,24.6572,-24.6572,2.65367,5.23039,1.79493,15.4501,12.4105,-38.4941,-112.312,-221.672,87.8904,-265.138,91.7992,123.036,473.127,709.48,-216.79,-243.08,12.1966,226.588,79.1132,-149.904,-110.838,-38.5737,324.703,164.54,64.0014,154.747,25.3592,-0.40005,-0.60917,-0.365624,-0.724588,-0.160836,-0.627232,-0.627619,0.272058,-0.696716,0.109444,-0.109017,0.891731,0.644928,0.177255,0.74027,0.159006,-0.703715,0.166208,0.132331,0.0367452,0.773541
137.22,0,,0.961718,29.7427,-0.977256,-4.66386,-44.7674,-12.3842,34.6439,13.7776,33.9077,-16.9812,-3.91422,-10.8984,32.5187,-0.528053,4.12981,4.12981,-2.23345,2.23345,24.7453,-24.7453,4.22907,6.88965,1.14173,16.2019,12.5715,-38.3477,-122.067,-158.196,159.174,-257.334,155.29,88.8596,502.912,953.597,-162.116,-189.866,1.4141,253.964,135.754,173.819,-114.749,1.47228,101.57,205.576,11.6366,987.709,1196.33,-0.398582,-0.610142,-0.364645,-0.719891,-0.167857,-0.63047,-0.621808,0.266315,-0.698656,0.119941,-0.11756,0.890981,0.645847,0.169381,0.74125,0.159184,-0.705219,0.159611,0.14277,0.0319845,0.773548
137.23,0,,1.68704,29.3771,-0.41817,-4.50648,-43.763,-11.5126,35.9511,13.861,32.2745,-18.1899,-1.386,-11.2965,31.5244,-0.840438,4.1492,4.1492,-2.25804,2.25804,24.9388,-24.9388,6.3296,8.99674,0.197608,17.4344,12.7817,-37.8987,-85.9432,-61.0423,259.766,-205.066,212.902,71.2861,503.882,1071.3,-153.327,-392.078,237.746,414.066,174.31,390.631,-113.285,109.39,-76.6388,144.038,1174.29,1508.74,875.432,-0.396571,-0.611246,-0.362939,-0.715081,-0.176161,-0.633532,-0.616127,0.26259,-0.69969,0.134345,-0.128485,0.88963,0.646818,0.163337,0.741731,0.159798,-0.706759,0.153022,0.156931,0.0282,0.771777
137.24,0,,2.54598,29.146,0.181634,-4.42119,-43.2912,-10.7676,37.3855,14.1432,29.9494,-17.2672,1.24962,-10.384,30.6985,-0.742609,4.15207,4.15207,-2.35145,2.35145,25.1882,-25.1882,9.20732,8.4915,-0.916679,15.741,12.8608,-37.5037,8.30629,45.4031,214.835,-100.599,242.68,45.9069,468.734,1064.46,-144.027,-947.203,31.287,217.299,173.833,434.565,-60.5538,229.492,24.3959,11.7056,181.126,-574.181,-2.42801,-0.394308,-0.612398,-0.360432,-0.710294,-0.185188,-0.636499,-0.61089,0.261435,-0.699764,0.152657,-0.144416,0.886702,0.647456,0.160597,0.741885,0.162785,-0.707966,0.147465,0.151375,0.0172738,0.771461
137.25,0,,3.57084,29.0571,0.726537,-4.42861,-43.2531,-10.2837,38.9558,14.6051,26.7753,-16.7441,5.12974,-10.2287,30.2257,-0.514713,4.18331,4.18331,-2.49306,2.49306,25.4548,-25.4548,12.9533,8.61207,-3.27699,15.3093,13.06,-37.1974,63.4772,126.952,239.253,46.3803,246.094,8.79756,417.952,933.609,-89.8297,-393.143,71.2355,865.775,104.001,266.12,-18.0719,207.039,174.341,-147.477,41.4871,-66.8662,-98.1995,-0.39187,-0.613319,-0.357749,-0.705967,-0.194529,-0.639131,-0.606185,0.262593,-0.699027,0.182447,-0.159984,0.882202,0.647743,0.161814,0.741681,0.167798,-0.707998,0.143443,0.151494,0.0129398,0.771141
137.26,0,,4.66617,29.0178,1.24079,-4.50483,-43.593,-9.98816,40.5563,15.1226,23.083,-16.2223,9.04225,-10.0318,29.8097,-0.101164,4.20845,4.20845,-2.64763,2.64763,25.6827,-25.6827,17.2314,8.73263,-5.72513,14.9648,13.0982,-36.8332,91.3135,196.775,296.384,145.987,206.074,-17.5735,343.776,676.287,-18.5655,-620.046,30.7568,551.192,29.3059,-21.4965,-16.6077,41.9968,170.89,-175.286,175.308,225.087,165.509,-0.389609,-0.614108,-0.355061,-0.701919,-0.20374,-0.641676,-0.602098,0.265768,-0.697687,0.214491,-0.178722,0.875787,0.64792,0.166268,0.741003,0.173533,-0.707132,0.140633,0.15186,0.00933867,0.770532
137.27,0,,5.76003,28.9695,1.7317,-4.66015,-44.217,-9.85344,42.1395,15.5888,19.0667,-15.5672,12.9309,-9.53102,29.3369,0.403544,4.21348,4.21348,-2.80851,2.80851,25.8138,-25.8138,21.8735,8.60345,-8.25011,14.2653,12.8744,-36.4421,97.6501,217.281,293.948,167.483,141.587,-25.8752,266.12,368.185,12.7063,-517.024,243.579,714.472,-7.81915,-271.964,16.1062,-108.875,79.0784,-159.679,99.1642,-130.432,-10.7912,-0.387968,-0.614609,-0.352626,-0.69816,-0.212537,-0.64408,-0.598858,0.270954,-0.695545,0.248248,-0.199416,0.867067,0.647999,0.17201,0.740108,0.179089,-0.705797,0.138864,0.150158,0.00439486,0.769955
137.28,0,,6.83187,28.887,2.2066,-4.87316,-45.0186,-9.87269,43.6861,16.0058,14.6412,-14.9598,16.5758,-9.20254,28.5617,0.997186,4.18511,4.18511,-2.9551,2.9551,25.8568,-25.8568,26.9708,8.46566,-10.583,13.7416,12.2523,-36.0413,37.1089,172.848,271.966,132.809,56.1417,-31.7402,211.914,112.304,-74.2278,-651.761,-113.305,507.928,-22.9489,-427.242,47.3559,-161.62,62.4773,-190.431,58.1831,-31.2621,-25.3592,-0.386979,-0.614955,-0.350479,-0.694511,-0.221208,-0.646351,-0.596534,0.277544,-0.692548,0.282488,-0.224257,0.855093,0.647911,0.177618,0.739283,0.184826,-0.704453,0.137887,0.148745,0.000976577,0.769237
137.29,0,,7.90811,28.7562,2.60876,-5.11253,-45.8759,-10.0459,45.2306,16.3714,9.76491,-14.3109,20.7372,-8.9165,27.4314,1.72979,4.15099,4.15099,-3.07078,3.07078,25.8375,-25.8375,32.5512,8.24462,-13.3934,13.1573,11.3136,-35.6193,-16.1109,124.995,225.584,116.207,-17.5917,-27.8374,152.859,-47.3587,-165.045,-994.244,-130.451,405.267,-5.84847,-528.813,72.7488,-110.826,128.882,-241.221,122.184,25.8781,93.2086,-0.38644,-0.615154,-0.34884,-0.691088,-0.230058,-0.648239,-0.594836,0.284752,-0.689021,0.321794,-0.24928,0.83952,0.647727,0.182196,0.738672,0.191052,-0.703353,0.137399,0.146734,-0.00244149,0.768276
137.3,0,,9.00638,28.5493,2.90294,-5.33996,-46.6546,-10.2782,46.7771,16.658,4.39662,-13.7463,25.7697,-8.84096,25.7451,2.42237,4.12478,4.12478,-3.14225,3.14225,25.7665,-25.7665,38.6428,8.11544,-17.0162,12.7523,10.0147,-35.2532,-36.124,88.3726,212.882,143.556,-62.9697,-18.0695,94.7168,-128.931,-189.947,-913.998,207.52,461.975,1.93889,-566.902,100.107,-80.092,235.867,-282.72,164.936,-40.1197,44.3786,-0.386145,-0.615293,-0.347751,-0.687955,-0.239328,-0.649562,-0.59358,0.29151,-0.685318,0.36831,-0.272601,0.819694,0.647605,0.184882,0.738367,0.197337,-0.702733,0.136787,0.145517,-0.00494415,0.767442
137.31,0,,10.1237,28.2801,3.10883,-5.55049,-47.2685,-10.4363,48.3194,16.8483,-1.48575,-13.1548,30.475,-9.07013,23.0969,2.92819,4.10898,4.10898,-3.17915,3.17915,25.6246,-25.6246,45.3575,7.90875,-20.2328,12.53,8.06085,-34.9314,-17.5789,66.4029,182.123,195.311,-103.511,-18.5654,63.9623,-164.525,-132.82,-1176.66,208.05,768.981,10.7434,-529.284,123.535,-93.7474,354.514,-310.562,18.4668,-36.6461,-58.1373,-0.386077,-0.615343,-0.347134,-0.685093,-0.248914,-0.650362,-0.592513,0.297203,-0.681754,0.415436,-0.301292,0.793821,0.647571,0.185317,0.738459,0.202651,-0.702747,0.135446,0.144176,-0.00537149,0.766841
137.32,0,,11.2528,27.9577,3.24242,-5.73754,-47.7276,-10.472,49.8272,16.9402,-8.56997,-12.5841,34.0738,-9.31034,18.9694,3.23947,4.11077,4.11077,-3.17649,3.17649,25.4161,-25.4161,53.4865,7.659,-22.1266,12.2681,5.13558,-34.5885,10.2574,40.519,148.927,229.506,-106.451,-12.7004,33.2079,-195.797,-92.7592,885.263,-1065.35,1908.76,26.3817,-382.335,134.285,-73.7244,469.234,-246.082,14.1663,-46.3721,79.0452,-0.386131,-0.615332,-0.347005,-0.682416,-0.258622,-0.650798,-0.59147,0.301717,-0.678634,0.461389,-0.344805,0.756936,0.647632,0.183852,0.738886,0.206434,-0.70323,0.133248,0.142524,-0.00585966,0.766211
137.33,0,,12.3658,27.5755,3.33209,-5.91099,-48.0852,-10.3442,51.2616,16.9637,-15.3482,-12.0268,38.0852,-9.61335,15.0936,3.31284,4.12083,4.12083,-3.13494,3.13494,25.1129,-25.1129,61.3565,7.38915,-24.5472,12.0575,2.67694,-34.1896,48.3326,20.9998,113.276,216.293,-100.097,10.7382,-20.4839,-207.502,-95.2119,4310.52,-1593.34,-46.4419,53.7169,-200.69,94.7319,-37.5799,474.113,-145.03,125.979,-22.0571,-14.7029,-0.386194,-0.615396,-0.347129,-0.679843,-0.268202,-0.651033,-0.590381,0.30514,-0.676082,0.507618,-0.379981,0.720102,0.647741,0.181162,0.739543,0.208686,-0.704002,0.130009,0.140877,-0.00573761,0.765665
137.34,0,,13.4905,27.1908,3.37327,-6.08609,-48.3922,-10.0212,52.627,16.968,-14.7997,-11.3473,39.5837,-9.96814,17.7985,3.16498,4.14453,4.14453,-3.09505,3.09505,24.7991,-24.7991,60.7473,6.96716,-25.9909,11.8165,5.12194,-33.7888,64.4621,29.7809,72.7523,225.569,-113.279,15.6329,-112.804,-246.097,-69.8334,81.5233,405.317,2587.79,74.2183,-64.9261,29.7855,0,376.47,8.79574,35.1628,38.5566,-87.9479,-0.386198,-0.615402,-0.347315,-0.677609,-0.277428,-0.650995,-0.589327,0.307634,-0.67411,0.505701,-0.367267,0.735205,0.647863,0.178294,0.740215,0.209544,-0.704992,0.125617,0.138254,-0.00488315,0.765189
137.35,0,,14.6225,26.8099,3.36915,-6.21381,-48.6255,-9.56477,53.878,16.968,-12.9197,-10.5529,37.6914,-10.2813,21.088,2.82814,4.18008,4.18008,-3.0299,3.0299,24.4916,-24.4916,58.6048,6.40164,-24.2838,11.4686,7.91895,-33.4208,44.9135,39.0555,79.094,203.628,-95.6874,30.7699,-197.25,-328.15,-90.3406,-2041.49,319.764,1955.45,81.5289,-6.852,0.481382,12.6984,191.894,83.4934,-80.1914,66.3451,-82.5523,-0.386014,-0.615522,-0.34762,-0.67557,-0.286147,-0.650972,-0.588294,0.308796,-0.672955,0.480548,-0.362135,0.755949,0.648089,0.175847,0.740682,0.209425,-0.706099,0.12043,0.134525,-0.00402844,0.764976
137.36,0,,15.7516,26.4253,3.32752,-6.31558,-48.7676,-9.11251,54.9824,16.9531,-13.6323,-9.74999,38.2881,-10.5606,22.342,2.41793,4.21599,4.21599,-2.96641,2.96641,24.2444,-24.2444,59.1089,5.83037,-24.5198,11.1194,9.41433,-33.1665,23.4323,77.141,69.8326,161.116,-62.4955,39.0715,-257.789,-352.039,-159.186,-1421.87,560.515,1555.56,68.8466,-23.9148,-11.7136,59.5537,-21.4803,40.0438,-59.4479,26.9201,-72.7054,-0.385706,-0.615701,-0.347862,-0.673809,-0.29433,-0.650858,-0.587313,0.308367,-0.672767,0.478123,-0.362942,0.761713,0.648454,0.174077,0.740863,0.209305,-0.707085,0.115365,0.130624,-0.00317403,0.765186
137.37,0,,16.869,26.0406,3.24837,-6.40498,-48.7422,-8.8637,55.9855,16.8996,-15.384,-9.01916,40.1702,-10.7974,22.4293,2.11777,4.25334,4.25334,-2.8976,2.8976,24.0638,-24.0638,60.6913,5.3079,-25.9634,10.8529,10.1538,-33.0431,-2.43428,77.6345,62.9888,103.029,-44.9038,38.5756,-246.092,-307.622,-207.525,-192.846,915.102,1655.78,31.7534,-81.0484,-7.32102,69.3444,-253.42,-28.3051,-40.4752,-17.0205,-113.307,-0.385351,-0.615903,-0.348177,-0.672295,-0.301965,-0.650687,-0.586569,0.306346,-0.673119,0.487522,-0.363917,0.760551,0.648847,0.172802,0.740894,0.209911,-0.707497,0.111762,0.127078,-0.00195318,0.765706
137.38,0,,17.9731,25.6483,3.15687,-6.50304,-48.519,-8.92968,56.9044,16.7927,-15.2076,-8.3079,39.9213,-11.0419,23.1416,2.06997,4.28674,4.28674,-2.83577,2.83577,23.8467,-23.8467,60.2222,4.7596,-25.7329,10.6504,11.1689,-32.9352,-17.5789,75.201,74.2215,89.3719,-10.2421,34.6727,-230.972,-216.806,-220.708,-569.812,1298.85,929.572,4.89491,-135.73,19.5361,25.8753,-386.704,-55.6512,-11.6366,-37.5145,-78.6405,-0.385087,-0.616054,-0.348464,-0.671006,-0.309043,-0.650497,-0.586091,0.302689,-0.673864,0.481668,-0.361297,0.767031,0.649277,0.171704,0.740836,0.211989,-0.707262,0.110359,0.123478,0,0.766444
137.39,0,,19.0376,25.228,3.05896,-6.61222,-48.0015,-9.31458,57.7305,16.6131,-14.2966,-7.5783,38.2744,-11.2108,23.4439,2.35678,4.31547,4.31547,-2.78192,2.78192,23.6123,-23.6123,59.0319,4.13953,-24.3057,10.3536,11.8539,-32.7907,-32.7235,62.9823,45.8979,78.1106,7.8238,36.139,-218.248,-104.981,-190.935,-1047.46,965.833,878.975,-21.01,-154.304,53.2127,-0.478491,-355.942,-128.431,-36.1747,-53.6666,-79.5848,-0.384853,-0.616192,-0.348657,-0.669951,-0.31526,-0.650419,-0.585339,0.296698,-0.675489,0.46902,-0.360982,0.774029,0.649743,0.170233,0.740811,0.215769,-0.706574,0.111211,0.119265,0.00158695,0.767166
137.4,0,,20.0713,24.8002,2.95602,-6.72758,-47.2355,-9.97579,58.4509,16.427,-13.2615,-6.91225,36.6617,-11.3483,23.1943,2.95932,4.33342,4.33342,-2.72807,2.72807,23.3586,-23.3586,57.6736,3.5941,-22.917,10.0533,12.2113,-32.5961,-32.7235,35.1585,34.6652,67.8761,14.1777,50.2841,-209.005,39.5556,-103.013,-904.207,905.733,655.32,-32.7069,-117.189,60.0524,-27.8261,-190.407,-143.542,-18.4668,-26.3991,0.539558,-0.384737,-0.616325,-0.348846,-0.669097,-0.320632,-0.650541,-0.584007,0.288524,-0.67831,0.457419,-0.35927,0.780128,0.650188,0.168285,0.740892,0.2212,-0.705532,0.113713,0.11548,0.00262454,0.767647
137.41,0,,21.0859,24.3876,2.83935,-6.82811,-46.368,-10.7373,59.0096,16.226,-12.2223,-6.2022,35.1137,-11.4255,22.5044,3.69748,4.37149,4.37149,-2.67821,2.67821,23.1135,-23.1135,56.2312,2.99126,-21.5282,9.63201,12.2468,-32.3707,-31.7386,15.6222,30.7598,82.5261,10.7636,70.7901,-229.032,177.73,-2.9296,-796.289,769.979,578.569,-62.4896,-75.6743,59.571,-24.9183,30.7626,-140.633,-28.8386,-27.2675,-37.0946,-0.38454,-0.616362,-0.349138,-0.668432,-0.32503,-0.650914,-0.582319,0.278952,-0.682119,0.446642,-0.356971,0.785117,0.650684,0.166089,0.740962,0.227241,-0.704428,0.116825,0.111089,0.00292981,0.767976
137.42,0,,22.0916,23.9902,2.67876,-6.92575,-45.5487,-11.4315,59.4259,16.0485,-11.1225,-5.47016,33.5112,-11.3788,21.6135,4.43342,4.40704,4.40704,-2.62303,2.62303,22.8534,-22.8534,54.5858,2.3798,-19.9693,9.06521,12.0149,-32.0566,-46.8832,2.43352,55.6615,91.323,8.29796,73.7227,-252.426,327.609,83.0166,-726.047,525.87,400.378,-77.6511,-30.263,61.0352,-39.0522,218.254,-98.6379,-26.3089,4.34196,74.7287,-0.384312,-0.61645,-0.349397,-0.668077,-0.328698,-0.651352,-0.580644,0.268867,-0.686604,0.435157,-0.354278,0.789618,-0.651096,-0.163705,-0.741128,0.232916,-0.703387,0.11951,0.106325,0.00201419,0.768016
137.43,0,,23.071,23.5992,2.50033,-7.02463,-44.8638,-11.9841,59.6395,15.8775,-10.0571,-4.94588,32.0963,-11.1089,20.7308,5.05819,4.44834,4.44834,-2.55588,2.55588,22.5739,-22.5739,52.7933,2.00948,-18.4543,8.43092,11.6383,-31.6847,-55.1709,2.43352,55.6615,92.7606,-1.94409,62.5101,-271.483,472.147,174.788,-628.986,370.142,444.865,-61.0275,20.9927,50.2843,-53.7014,317.384,-43.9456,1.51782,-25.8781,263.169,-0.384054,-0.616549,-0.34975,-0.667838,-0.331569,-0.652029,-0.579253,0.258802,-0.691563,0.423681,-0.350249,0.794073,-0.651416,-0.16145,-0.741328,0.237568,-0.702511,0.121348,0.10285,-0.00103766,0.767866
137.44,0,,24.0121,23.2195,2.29124,-7.11074,-44.3337,-12.2783,59.6891,15.7598,-9.05649,-4.70634,30.804,-10.6888,19.9353,5.48508,4.48174,4.48174,-2.46813,2.46813,22.2708,-22.2708,50.9239,2.00374,-16.9448,7.85714,11.1498,-31.2358,-69.3306,5.85407,62.0031,75.6803,-31.2478,63.4804,-314.962,533.191,288.565,-497.654,151.309,549.726,-41.9882,50.7854,27.8399,-70.3014,308.578,27.3461,27.3207,-34.7357,254.941,-0.383698,-0.61681,-0.350065,-0.667707,-0.333762,-0.652875,-0.578414,0.249043,-0.696587,0.412069,-0.345415,0.798441,-0.651632,-0.15949,-0.741539,0.240858,-0.702005,0.121528,0.101687,-0.00585951,0.767413
137.45,0,,24.9401,22.845,2.06889,-7.19273,-43.9963,-12.3182,59.5704,15.6551,-8.05588,-4.62935,29.551,-10.3654,19.4321,5.68074,4.51621,4.51621,-2.37804,2.37804,21.9375,-21.9375,48.8863,2.19034,-15.4189,7.4754,10.6559,-30.7387,-87.4112,14.6522,48.3342,51.7543,-62.9697,46.3812,-380.864,506.84,348.145,-355.467,-45.9584,360.292,-28.7973,62.5077,3.40979,-58.5967,210.459,27.8421,55.6534,-60.0927,88.3526,-0.383314,-0.617087,-0.350354,-0.667639,-0.335345,-0.653905,-0.578573,0.239938,-0.701319,0.399452,-0.339387,0.80342,-0.65184,-0.158031,-0.741629,0.242759,-0.702029,0.120128,0.102115,-0.0102543,0.76675
137.46,0,,25.8489,22.473,1.81954,-7.27142,-43.8923,-12.1752,59.2835,15.593,-6.94639,-4.56824,28.2588,-10.278,19.4341,5.68407,4.5374,4.5374,-2.28264,2.28264,21.5613,-21.5613,46.5478,2.41999,-13.849,7.32759,10.2466,-30.2165,-87.8943,50.2871,47.3671,33.2021,-109.865,35.1471,-420.405,457.501,379.894,-412.512,-74.7707,164.013,-38.5872,47.8632,0.481382,-31.2491,92.2878,52.2454,23.0203,-25.357,-49.7742,-0.382902,-0.617477,-0.35049,-0.667662,-0.336517,-0.654965,-0.580177,0.231765,-0.705429,0.384976,-0.331262,0.809873,-0.652011,-0.157113,-0.741615,0.24391,-0.702372,0.11756,0.103336,-0.0128789,0.766142
137.47,0,,26.7211,22.1213,1.53863,-7.35712,-44.0268,-11.9374,58.8198,15.5353,-5.9251,-4.5328,26.8864,-10.3034,19.8968,5.57846,4.55248,4.55248,-2.19688,2.19688,21.1851,-21.1851,44.1461,2.66113,-12.3011,7.28336,9.89459,-29.7136,-91.7966,58.5918,41.509,38.5761,-148.937,23.9345,-409.678,408.221,358.399,-425.284,-163.506,80.6623,-44.4356,23.4446,-11.2322,-16.6,-39.0334,77.1446,-17.9609,-13.7206,-49.7742,-0.382536,-0.617844,-0.350551,-0.667892,-0.337303,-0.655867,-0.58365,0.224988,-0.708474,0.369652,-0.322591,0.816702,-0.652131,-0.156563,-0.741551,0.244515,-0.702966,0.114506,0.104863,-0.0146491,0.765596
137.48,0,,27.5374,21.7849,1.25268,-7.40944,-44.3819,-11.7628,58.136,15.4925,-5.09264,-4.5548,25.4663,-10.233,20.7714,5.56846,4.55966,4.55966,-2.08985,2.08985,20.7788,-20.7788,41.7866,2.95394,-10.8135,7.18909,9.56987,-29.1432,-85.9432,79.098,62.9888,19.5448,-203.608,12.7004,-362.777,378.389,276.847,-389.098,-234.388,-62.0855,-25.3963,4.40006,-6.33819,25.8753,-197.25,80.5504,-38.9574,-19.1046,-3.91179,-0.38216,-0.618317,-0.350665,-0.668044,-0.337715,-0.656874,-0.589078,0.219493,-0.71036,0.354328,-0.313737,0.82353,-0.652265,-0.156383,-0.741383,0.245309,-0.703395,0.111882,0.106636,-0.0171521,0.764827
137.49,0,,28.3142,21.4726,0.981373,-7.4766,-44.8917,-11.745,57.2667,15.4925,-4.42419,-4.65012,24.0223,-10.0624,21.9626,5.73966,4.5514,4.5514,-1.98713,1.98713,20.3595,-20.3595,39.476,3.34148,-9.43027,7.04943,9.30245,-28.5517,-65.9115,95.7072,68.3634,15.6084,-249.982,20.5061,-277.817,371.607,201.188,-365.684,-272.392,-81.64,0,-6.852,-2.92841,30.2553,-266.629,67.3899,4.30049,-29.3516,22.9312,-0.381911,-0.618797,-0.350721,-0.668116,-0.337903,-0.657923,-0.595916,0.214793,-0.7114,0.33914,-0.304591,0.830392,-0.652264,-0.156504,-0.741259,0.247087,-0.703479,0.110176,0.10895,-0.0205694,0.763935
137.5,0,,29.0395,21.1539,0.726079,-7.54128,-45.5183,-11.9154,56.2098,15.4669,-3.99555,-4.88599,22.6278,-9.88157,23.3648,6.11763,4.52555,4.52555,-1.87644,1.87644,19.9102,-19.9102,37.2914,3.84959,-8.14033,6.93072,9.05958,-27.9274,-54.2046,96.1837,72.7523,1.47185,-290.049,30.7699,-218.761,331.031,183.1,-276.285,-317.82,77.7291,16.5918,-24.4187,11.7136,25.8753,-236.343,11.7056,59.4479,-18.0625,58.1373,-0.381807,-0.619314,-0.350798,-0.668074,-0.337974,-0.658979,-0.603607,0.210643,-0.71195,0.324601,-0.295669,0.836956,-0.652252,-0.156684,-0.741123,0.249827,-0.703519,0.109684,0.11213,-0.0244769,0.762875
137.51,0,,29.7252,20.8238,0.515621,-7.60926,-46.2741,-12.2412,54.9436,15.4412,-3.86048,-5.08642,21.3407,-9.75849,24.9131,6.65124,4.48676,4.48676,-1.77506,1.77506,19.4544,-19.4544,35.2679,4.329,-6.96567,6.82015,8.84401,-27.305,-43.464,101.561,46.3815,-3.90211,-330.069,56.1491,-176.253,252.94,168.929,-78.5434,-356.884,310.917,4.38635,-52.2297,13.1778,42.4753,-102.998,-65.9019,74.1202,-9.20495,16.0518,-0.381815,-0.619816,-0.350806,-0.667786,-0.337983,-0.660156,-0.611731,0.2068,-0.712323,0.310937,-0.287253,0.843081,-0.652297,-0.15662,-0.740983,0.253614,-0.703406,0.110052,0.115177,-0.0280772,0.761807
137.52,0,,30.3683,20.4785,0.314314,-7.68425,-47.1366,-12.6591,53.4855,15.4284,-3.82189,-5.12919,20.045,-9.69229,26.6785,7.2271,4.44475,4.44475,-1.674,1.674,18.9578,-18.9578,33.2024,4.65339,-5.76904,6.69445,8.66937,-26.6808,-40.0449,96.6772,48.8363,-4.89475,-358.899,47.3731,-149.892,145.978,133.297,90.2504,-356.531,308.961,-10.7434,-83.9706,1.94558,9.27536,76.1628,-57.1392,73.6142,-1.04207,9.71204,-0.381919,-0.620275,-0.35085,-0.66747,-0.338038,-0.661183,-0.619892,0.203253,-0.712729,0.296643,-0.278637,0.849461,-0.652362,-0.156315,-0.740866,0.257945,-0.702971,0.110783,0.11725,-0.0308232,0.760936
137.53,0,,30.9835,20.1141,0.118039,-7.76088,-48.0396,-13.044,51.8806,15.4091,-3.72541,-5.07175,18.6062,-9.64985,28.6165,7.72402,4.40489,4.40489,-1.57461,1.57461,18.4289,-18.4289,31.0038,4.8773,-4.48459,6.55828,8.53838,-26.0603,-35.6409,77.6345,48.3342,-12.2198,-397.449,35.1471,-129.408,42.977,65.439,161.131,-292.543,261.786,-14.1444,-85.4485,-13.1778,-31.2491,205.58,-38.5888,35.1628,-17.0205,51.258,-0.382109,-0.620653,-0.350979,-0.667143,-0.338333,-0.661955,-0.627899,0.199778,-0.713108,0.280893,-0.269541,0.856292,-0.652504,-0.155588,-0.740766,0.261921,-0.702444,0.111153,0.118661,-0.0330224,0.760186
137.54,0,,31.54,19.7561,-0.0750327,-7.84864,-48.8969,-13.2928,50.1744,15.3942,-3.58207,-4.93732,17.0463,-9.63202,30.5747,8.06865,4.35389,4.35389,-1.51046,1.51046,18.2698,-18.2698,28.7703,5.02083,-3.34835,6.4291,8.75123,-25.8214,-34.6746,50.7807,46.8836,-3.90211,-425.283,15.6329,-117.198,-59.5435,11.2415,221.582,-200.272,209.966,-0.98534,-73.256,-45.8917,-61.026,280.791,-21.4933,37.6925,-1.38943,34.6666,-0.38241,-0.620951,-0.351158,-0.666918,-0.339013,-0.662279,-0.635471,0.196055,-0.713478,0.264299,-0.260331,0.863153,-0.652612,-0.154608,-0.74075,0.264967,-0.702185,0.110662,0.119395,-0.0349151,0.759465
137.55,0,,32.0215,19.3981,-0.220523,-7.97306,-49.6249,-13.3547,48.3992,15.3942,-3.36845,-4.66479,15.3534,-9.6821,32.397,8.21873,4.2871,4.2871,-1.4709,1.4709,18.0785,-18.0785,26.5087,5.02083,-2.15173,6.24637,8.93133,-25.5651,-16.1109,49.3171,31.2433,4.38131,-443.348,24.4089,-103.047,-172.868,-40.0265,263.727,-89.7956,78.218,-10.2666,-79.6041,-31.2497,-21.4953,278.827,46.3926,3.79455,-23.4466,5.80025,-0.382964,-0.621142,-0.351223,-0.666686,-0.34018,-0.66223,-0.642491,0.191539,-0.713845,0.247145,-0.251112,0.869798,-0.652674,-0.153204,-0.740873,0.267039,-0.70242,0.108891,0.119083,-0.0364389,0.758808
137.56,0,,32.4341,19.0489,-0.340392,-8.09584,-50.1652,-13.2447,46.5701,15.4177,-3.15344,-4.41915,13.6503,-9.7186,33.9189,8.18649,4.21779,4.21779,-1.43101,1.43101,17.8355,-17.8355,24.2821,5.05528,-0.960592,6.07412,8.97499,-25.2665,-30.2706,22.9568,24.4181,0.479206,-440.409,43.9447,-84.4463,-245.617,-76.6465,300.338,13.6107,30.3095,-26.8584,-102.041,-17.5704,38.5737,153.813,18.5504,40.4752,-19.452,46.9415,-0.38357,-0.621318,-0.351281,-0.666446,-0.341891,-0.661807,-0.648772,0.185738,-0.714449,0.230291,-0.241949,0.875812,-0.652742,-0.151497,-0.741065,0.26809,-0.702881,0.106027,0.119025,-0.0380269,0.758158
137.57,0,,32.8012,18.7087,-0.440589,-8.23551,-50.5152,-13.066,44.728,15.4883,-2.97289,-4.14417,11.9302,-9.75001,35.0796,8.06865,4.14453,4.14453,-1.4001,1.4001,17.5625,-17.5625,22.1256,5.08686,0.247009,5.92515,8.8522,-24.9485,-36.6257,12.6952,31.2433,0,-389.625,94.7247,-82.0498,-267.105,-89.8297,358.447,86.9674,-5.37749,-22.4721,-130.356,7.32102,-18.0722,-14.1615,12.2016,54.6415,-10.7681,21.0427,-0.384179,-0.621498,-0.351218,-0.666193,-0.344206,-0.661005,-0.654328,0.178536,-0.715305,0.213691,-0.233284,0.881011,-0.652736,-0.149603,-0.741362,0.268873,-0.70316,0.102666,0.119026,-0.0393703,0.757618
137.58,0,,33.1272,18.3913,-0.532092,-8.36446,-50.6471,-12.9052,42.942,15.5866,-2.78269,-3.81909,10.2561,-9.84252,35.8609,7.95637,4.07163,4.07163,-1.36952,1.36952,17.2873,-17.2873,20.0461,5.07251,1.37776,5.80411,8.60388,-24.6422,-57.122,13.1887,50.789,-11.2271,-341.307,123.532,-94.7168,-262.724,-32.2256,420.814,183.126,-50.3528,-19.0393,-158.201,39.0722,-55.1737,-120.135,81.0464,34.6569,-6.77346,-3.37224,-0.384787,-0.621678,-0.351155,-0.665971,-0.346993,-0.659867,-0.659215,0.170053,-0.716285,0.197829,-0.224687,0.88544,-0.65274,-0.147407,-0.741733,0.269855,-0.703416,0.0993719,0.118778,-0.0402235,0.757165
137.59,0,,33.3885,18.0701,-0.609412,-8.46994,-50.5787,-12.8337,41.1689,15.6764,-2.61454,-3.49645,8.59048,-10.0055,36.2627,7.91412,3.98149,3.98149,-1.33329,1.33329,16.9863,-16.9863,18.0436,5.05241,2.47558,5.70402,8.17,-24.3377,-47.3663,25.8838,27.84,-15.1292,-277.342,136.233,-107.897,-242.196,25.8895,439.971,227.494,-126.371,-6.35703,-144.026,50.7858,16.6,-193.858,2.94293,17.9609,5.38403,7.28403,-0.385512,-0.621909,-0.351087,-0.6658,-0.350174,-0.658415,-0.663652,0.160343,-0.717303,0.182386,-0.216445,0.888977,-0.652874,-0.144724,-0.742113,0.271381,-0.703783,0.0965642,0.118535,-0.0408341,0.756805
137.6,0,,33.6073,17.7679,-0.694053,-8.53998,-50.4214,-12.8914,39.4001,15.7769,-2.51806,-3.16282,6.98286,-10.1752,36.3905,7.99861,3.89243,3.89243,-1.29406,1.29406,16.6295,-16.6295,16.1391,5.02371,3.53498,5.58763,7.526,-23.9793,-38.0937,42.476,25.3852,-16.1219,-234.856,100.094,-123.075,-164.525,70.3104,447.846,214.413,-188.456,19.0393,-53.7076,79.5885,52.2291,-159.168,-6.8448,3.54158,-8.33656,3.91179,-0.386192,-0.622168,-0.350973,-0.665747,-0.35384,-0.65653,-0.667755,0.150031,-0.718234,0.16755,-0.208629,0.891648,-0.653175,-0.141793,-0.742414,0.273764,-0.703973,0.0945507,0.11823,-0.0415057,0.756503
137.61,0,,33.7747,17.4645,-0.790589,-8.59766,-50.2565,-13.0247,37.6206,15.8775,-2.52496,-2.81452,5.5423,-10.2975,36.3723,8.16203,3.79727,3.79727,-1.24586,1.24586,16.2253,-16.2253,14.3746,4.97203,4.44068,5.44448,6.7101,-23.5574,-44.4303,62.0123,40.5233,0,-187.487,78.1214,-113.774,-84.4534,156.733,524.474,231.913,-200.678,24.411,52.2297,71.7861,24.403,-82.0535,-35.1499,7.84206,-15.11,-2.96757,-0.3868,-0.62253,-0.350787,-0.665799,-0.357803,-0.654324,-0.67178,0.139776,-0.718779,0.154184,-0.200878,0.893544,-0.653482,-0.139046,-0.742659,0.276504,-0.703834,0.0931446,0.117745,-0.0422391,0.756215
137.62,0,,33.8686,17.142,-0.872027,-8.64998,-50.15,-13.2254,35.7461,15.9608,-2.62833,-2.49432,4.18528,-10.4095,36.3033,8.37881,3.69959,3.69959,-1.19733,1.19733,15.7523,-15.7523,12.7222,4.94907,5.23111,5.31762,5.725,-23.0757,-43.464,82.0251,58.0977,26.3563,-111.335,84.4824,-38.5714,-40.516,213.861,575.772,244.11,-293.562,-29.3059,81.0484,49.3216,-13.6554,2.43959,-67.3899,0.50594,-1.38943,-10.2516,-0.387531,-0.622832,-0.350664,-0.665999,-0.361779,-0.651898,-0.675954,0.130076,-0.718743,0.141794,-0.193311,0.89471,-0.653896,-0.136419,-0.742767,0.279438,-0.70354,0.0920474,0.1175,-0.0429716,0.755849
137.63,0,,33.8848,16.7929,-0.923726,-8.71672,-50.188,-13.4275,33.7574,16.0485,-2.89295,-2.17902,3.01068,-10.5097,36.3073,8.56669,3.58683,3.58683,-1.13683,1.13683,15.1396,-15.1396,11.2098,4.93758,5.89529,5.16632,4.55981,-22.488,-44.4303,99.6043,53.2252,35.1532,-22.4756,105.463,79.5963,-22.9291,228.509,619.194,205.575,-350.025,-39.5407,90.3188,-13.6793,-16.1215,83.4815,-35.6459,10.6247,-15.11,19.9636,-0.38845,-0.623143,-0.350606,-0.666241,-0.365197,-0.6497,-0.680095,0.121467,-0.718245,0.130747,-0.185988,0.895272,-0.654262,-0.133855,-0.742889,0.282306,-0.703293,0.0907652,0.117315,-0.0438862,0.755526
137.64,0,,33.854,16.4361,-0.932419,-8.78965,-50.4696,-13.5815,31.6737,16.1661,-3.31745,-1.84661,2.11736,-10.5801,36.4555,8.69564,3.4658,3.4658,-1.04974,1.04974,14.1807,-14.1807,9.85149,4.90888,6.41127,4.96963,3.00167,-21.5593,-28.3194,104.488,32.7125,19.0313,55.6675,95.695,125.985,-25.8702,188.482,703.698,181.182,-400.378,-23.9342,74.23,-50.7858,-16.1215,128.406,-36.6048,10.6247,-15.11,7.82359,-0.389504,-0.623476,-0.350621,-0.66635,-0.367875,-0.648038,-0.683893,0.114633,-0.717465,0.121468,-0.178784,0.895203,-0.654551,-0.131655,-0.742993,0.284802,-0.703032,0.0889929,0.117074,-0.0449252,0.755122
137.65,0,,33.8172,16.0743,-0.894445,-8.88812,-50.9541,-13.6791,29.5598,16.2923,-3.91423,-1.52397,1.55478,-10.6353,36.7457,8.74122,3.34155,3.34155,-0.978276,0.978276,13.3229,-13.3229,8.68919,4.90314,6.66376,4.79273,1.53904,-20.7596,-26.3683,102.055,22.4654,-15.6084,102.515,94.2287,86.8998,-66.8664,158.198,784.582,101.639,-383.268,-4.38635,57.6038,-66.4106,-8.79687,113.292,-29.2971,16.1901,-10.7681,9.30737,-0.390712,-0.623698,-0.350731,-0.666317,-0.369783,-0.646968,-0.687231,0.109442,-0.716469,0.114324,-0.17176,0.894629,-0.654735,-0.130007,-0.743055,0.286825,-0.702809,0.0867372,0.116948,-0.0459614,0.754732
137.66,0,,33.7849,15.6972,-0.856014,-8.98535,-51.5375,-13.7313,27.4761,16.4056,-4.6199,-1.18911,1.32804,-10.7091,37.117,8.71009,3.22412,3.22412,-0.913789,0.913789,12.6005,-12.6005,7.67394,4.89165,6.63083,4.64026,0.231947,-20.1218,-32.7235,97.1708,7.81083,-47.8522,111.809,102.056,61.5088,-158.703,139.156,866.106,83.9624,-323.138,0.476777,12.6964,-46.3932,-8.79687,59.0856,17.5915,23.0203,-4.34196,4.85602,-0.391988,-0.623812,-0.351031,-0.666348,-0.370864,-0.646327,-0.690156,0.105413,-0.715243,0.109442,-0.164438,0.893667,-0.65494,-0.128913,-0.742957,0.288462,-0.702721,0.0839871,0.116763,-0.0468761,0.75435
137.67,0,,33.7703,15.3138,-0.831765,-9.07599,-52.1589,-13.7753,25.4636,16.5083,-5.39448,-0.870142,1.3127,-10.7719,37.5005,8.65562,3.10921,3.10921,-0.855617,0.855617,11.8911,-11.8911,6.78471,4.89452,6.40578,4.50293,-1.0806,-19.5033,-28.3194,84.9691,-7.3273,-40.0479,71.2677,103.522,95.6867,-283.192,114.731,898.034,74.2404,-279.874,-19.0393,-21.9667,14.1606,-33.6784,7.79478,9.29174,29.3445,-14.589,1.88845,-0.393278,-0.623886,-0.351344,-0.666479,-0.371114,-0.646092,-0.692885,0.102114,-0.713637,0.106267,-0.157112,0.892317,-0.655191,-0.128487,-0.74266,0.289942,-0.702576,0.0811839,0.116703,-0.0477309,0.753989
