timestamp,packet_counter,right_thigh_q1,right_thigh_q2,right_thigh_q3,right_thigh_q4,right_calf_q1,right_calf_q2,right_calf_q3,right_calf_q4,left_thigh_q1,left_thigh_q2,left_thigh_q3,left_thigh_q4,left_calf_q1,left_calf_q2,left_calf_q3,left_calf_q4,trunk_q1,trunk_q2,trunk_q3,trunk_q4,right_foot_q0,right_foot_q1,right_foot_q2,right_foot_q3,right_pressure0,right_pressure1,right_pressure2,right_pressure3,right_pressure4,right_pressure5,right_pressure6,right_pressure7,right_pressure8,right_pressure9,right_pressure10,right_pressure11,right_pressure12,right_pressure13,right_pressure14,right_pressure15,right_pressure16,right_pressure17,right_pressure18,right_pressure19,right_pressure20,right_pressure21,right_pressure22,right_pressure23,right_pressure24,right_pressure25,right_pressure26,right_pressure27,right_pressure28,right_pressure29,right_pressure30,right_pressure31,right_pressure32,right_pressure33,right_pressure34,right_pressure35,right_pressure36,right_pressure37,right_pressure38,right_pressure39,right_pressure40,right_pressure41,right_pressure42,right_pressure43,right_pressure44,left_foot_q0,left_foot_q1,left_foot_q2,left_foot_q3,left_pressure0,left_pressure1,left_pressure2,left_pressure3,left_pressure4,left_pressure5,left_pressure6,left_pressure7,left_pressure8,left_pressure9,left_pressure10,left_pressure11,left_pressure12,left_pressure13,left_pressure14,left_pressure15,left_pressure16,left_pressure17,left_pressure18,left_pressure19,left_pressure20,left_pressure21,left_pressure22,left_pressure23,left_pressure24,left_pressure25,left_pressure26,left_pressure27,left_pressure28,left_pressure29,left_pressure30,left_pressure31,left_pressure32,left_pressure33,left_pressure34,left_pressure35,left_pressure36,left_pressure37,left_pressure38,left_pressure39,left_pressure40,left_pressure41,left_pressure42,left_pressure43,left_pressure44,right_pressure_sum,left_pressure_sum
05:43.4,6833,-0.546,-0.702,0.348,0.296,0.017,-0.06,0.775,0.629,-0.016,-0.32,0.485,0.814,0.731,0.662,0.149,-0.071,-0.241,-0.397,-0.728,-0.504,-0.512,-0.413,0.662,-0.359,0.001,0.033,0.353,0.418,0.961,0.602,0.314,0.092,0.001,0.249,0.574,0.505,0.526,0.601,0.422,0.43,0.09,0.001,0.374,0.538,0.419,0.276,0.446,0.547,0.786,0.082,0.619,0.16,0.308,0.233,0.006,0.182,0.521,0.668,0.357,0.189,0.021,0.623,0.69,1.239,0.602,0.33,0.068,0.455,0.002,0.625,0.467,-0.349,0.52,0,0.001,0,0,0.001,0.001,0.001,0.001,0,0,0.127,0,0.001,0,0.001,0,0.001,0,0,0.001,0.001,0.001,0.001,0,0,0,0,0,0,0.001,0,0.001,0,0.001,0,0.001,0,0,0,0.001,0,0,0,0.001,0.001,16.914,0.146
05:43.4,6834,-0.543,-0.703,0.349,0.299,0.023,-0.061,0.774,0.629,-0.019,-0.318,0.485,0.814,0.732,0.662,0.142,-0.075,-0.242,-0.399,-0.728,-0.503,-0.51,-0.414,0.663,-0.359,0.001,0.009,0.293,0.339,0.973,0.609,0.326,0.095,0.001,0.123,0.508,0.487,0.52,0.631,0.431,0.437,0.098,0.001,0.195,0.451,0.383,0.226,0.471,0.558,0.796,0.093,0.641,0.053,0.19,0.143,0.006,0.16,0.524,0.672,0.375,0.208,0.01,0.614,0.689,1.237,0.623,0.325,0.07,0.465,0.002,0.627,0.449,-0.365,0.522,0,0.221,0.001,0.001,0.001,0,0,0.001,0,0.348,0.31,0.001,0,0.001,0.001,0.001,0,0,0.297,0.001,0.001,0,0.002,0.001,0,0.001,0,0,0.001,0,0.001,0.001,0,0,0,0,0,0,0,0.001,0.001,0,0.001,0,0.001,16.062,1.197
05:43.4,6835,-0.541,-0.703,0.349,0.302,0.03,-0.062,0.773,0.63,-0.022,-0.316,0.485,0.815,0.732,0.664,0.134,-0.078,-0.243,-0.4,-0.727,-0.502,-0.508,-0.415,0.664,-0.358,0.001,0.001,0.221,0.292,0.994,0.621,0.338,0.101,0.001,0.037,0.38,0.422,0.502,0.647,0.441,0.444,0.1,0.001,0.117,0.374,0.287,0.154,0.464,0.569,0.799,0.112,0.664,0.001,0.085,0.068,0.005,0.145,0.524,0.674,0.394,0.216,0.011,0.602,0.685,1.231,0.636,0.321,0.073,0.469,0.002,0.627,0.449,-0.365,0.522,0,0.221,0.001,0.001,0.001,0,0,0.001,0,0.348,0.31,0.001,0,0.001,0.001,0.001,0,0,0.297,0.001,0.001,0,0.002,0.001,0,0.001,0,0,0.001,0,0.001,0.001,0,0,0,0,0,0,0,0.001,0.001,0,0.001,0,0.001,15.226,1.197
05:43.4,6836,-0.539,-0.704,0.349,0.306,0.036,-0.063,0.772,0.631,-0.026,-0.315,0.485,0.815,0.731,0.666,0.125,-0.079,-0.243,-0.401,-0.727,-0.501,-0.507,-0.415,0.665,-0.358,0.001,0.001,0.096,0.159,0.987,0.657,0.353,0.107,0.001,0.001,0.243,0.31,0.473,0.661,0.453,0.455,0.103,0.001,0.043,0.208,0.158,0.098,0.44,0.586,0.803,0.122,0.653,0.001,0.005,0.006,0.005,0.126,0.523,0.675,0.41,0.236,0.011,0.59,0.679,1.231,0.642,0.309,0.073,0.471,0.002,0.627,0.449,-0.365,0.522,0,0.221,0.001,0.001,0.001,0,0,0.001,0,0.348,0.31,0.001,0,0.001,0.001,0.001,0,0,0.297,0.001,0.001,0,0.002,0.001,0,0.001,0,0,0.001,0,0.001,0.001,0,0,0,0,0,0,0,0.001,0.001,0,0.001,0,0.001,14.168,1.197
05:43.4,6837,-0.536,-0.703,0.348,0.31,0.043,-0.063,0.771,0.632,-0.031,-0.314,0.485,0.816,0.73,0.669,0.116,-0.078,-0.244,-0.402,-0.727,-0.5,-0.508,-0.414,0.665,-0.358,0.001,0.001,0.005,0.039,0.973,0.687,0.365,0.122,0.001,0.001,0.14,0.134,0.397,0.673,0.468,0.468,0.109,0.001,0.012,0.063,0.002,0.044,0.415,0.593,0.806,0.145,0.668,0.001,0.001,0.001,0.004,0.1,0.51,0.673,0.421,0.25,0.011,0.585,0.667,1.221,0.645,0.306,0.076,0.47,0.004,0.627,0.449,-0.365,0.522,0,0.221,0.001,0.001,0.001,0,0,0.001,0,0.348,0.31,0.001,0,0.001,0.001,0.001,0,0,0.297,0.001,0.001,0,0.002,0.001,0,0.001,0,0,0.001,0,0.001,0.001,0,0,0,0,0,0,0,0.001,0.001,0,0.001,0,0.001,13.279,1.197
05:43.4,6838,-0.534,-0.703,0.348,0.315,0.049,-0.064,0.77,0.633,-0.035,-0.314,0.486,0.815,0.727,0.673,0.109,-0.076,-0.245,-0.404,-0.727,-0.499,-0.51,-0.411,0.665,-0.36,0.001,0.001,0.001,0.002,0.915,0.708,0.376,0.131,0.001,0.001,0.105,0.061,0.256,0.665,0.474,0.475,0.116,0.001,0.002,0.015,0.001,0.043,0.386,0.595,0.81,0.16,0.673,0.001,0.001,0.001,0.002,0.087,0.512,0.669,0.429,0.259,0.011,0.578,0.659,1.222,0.658,0.3,0.072,0.462,0.004,0.627,0.449,-0.365,0.522,0,0.221,0.001,0.001,0.001,0,0,0.001,0,0.348,0.31,0.001,0,0.001,0.001,0.001,0,0,0.297,0.001,0.001,0,0.002,0.001,0,0.001,0,0,0.001,0,0.001,0.001,0,0,0,0,0,0,0,0.001,0.001,0,0.001,0,0.001,12.902,1.197
05:43.5,6839,-0.533,-0.702,0.348,0.32,0.055,-0.064,0.768,0.635,-0.039,-0.313,0.487,0.814,0.724,0.677,0.107,-0.075,-0.245,-0.405,-0.727,-0.497,-0.512,-0.403,0.665,-0.364,0.001,0.001,0.001,0.001,0.737,0.709,0.383,0.138,0.001,0.001,0.098,0.007,0.132,0.645,0.482,0.484,0.125,0.001,0.001,0.012,0.001,0.029,0.311,0.602,0.811,0.166,0.673,0.001,0.001,0.001,0.001,0.06,0.505,0.663,0.433,0.281,0.01,0.574,0.657,1.23,0.67,0.293,0.073,0.459,0.004,0.627,0.449,-0.365,0.522,0,0.221,0.001,0.001,0.001,0,0,0.001,0,0.348,0.31,0.001,0,0.001,0.001,0.001,0,0,0.297,0.001,0.001,0,0.002,0.001,0,0.001,0,0,0.001,0,0.001,0.001,0,0,0,0,0,0,0,0.001,0.001,0,0.001,0,0.001,12.469,1.197
05:43.5,6840,-0.531,-0.7,0.349,0.325,0.062,-0.064,0.767,0.636,-0.042,-0.312,0.489,0.813,0.721,0.68,0.11,-0.074,-0.244,-0.407,-0.728,-0.495,-0.514,-0.398,0.665,-0.368,0.001,0.001,0.001,0.001,0.6,0.694,0.391,0.14,0.001,0.001,0.09,0.001,0.063,0.593,0.487,0.486,0.126,0.001,0.001,0.001,0.001,0.021,0.21,0.598,0.813,0.178,0.686,0.001,0.001,0.001,0.001,0.043,0.499,0.662,0.436,0.305,0.018,0.574,0.656,1.243,0.659,0.292,0.073,0.451,0.002,0.627,0.449,-0.365,0.522,0,0.221,0.001,0.001,0.001,0,0,0.001,0,0.348,0.31,0.001,0,0.001,0.001,0.001,0,0,0.297,0.001,0.001,0,0.002,0.001,0,0.001,0,0,0.001,0,0.001,0.001,0,0,0,0,0,0,0,0.001,0.001,0,0.001,0,0.001,12.104,1.197
05:43.5,6841,-0.531,-0.698,0.35,0.329,0.067,-0.064,0.765,0.637,-0.045,-0.311,0.491,0.812,0.72,0.68,0.115,-0.073,-0.243,-0.409,-0.728,-0.493,-0.517,-0.388,0.666,-0.372,0.001,0.001,0.001,0.001,0.427,0.667,0.389,0.143,0.001,0.001,0.078,0.001,0.031,0.51,0.496,0.49,0.133,0.001,0.001,0.001,0.001,0.017,0.083,0.601,0.811,0.187,0.69,0.001,0.001,0.001,0.001,0.023,0.498,0.656,0.442,0.322,0.032,0.582,0.659,1.248,0.663,0.288,0.078,0.449,0.004,0.586,0.384,-0.385,0.601,0,0.221,0.001,0.001,0.001,0,0,0.001,0,0.348,0.31,0.001,0,0.001,0.001,0.001,0,0,0.297,0.001,0.001,0,0.002,0.001,0,0.001,0,0,0.001,0,0.001,0.001,0,0,0,0,0,0,0,0.001,0.001,0,0.001,0,0.001,11.712,1.197
05:43.5,6842,-0.53,-0.696,0.351,0.333,0.07,-0.063,0.764,0.638,-0.047,-0.311,0.492,0.812,0.722,0.678,0.118,-0.074,-0.241,-0.411,-0.729,-0.491,-0.52,-0.379,0.668,-0.374,0.001,0.001,0.001,0.001,0.299,0.62,0.392,0.142,0.001,0.001,0.066,0.001,0.015,0.396,0.492,0.492,0.134,0.001,0.001,0.001,0.001,0.012,0.018,0.6,0.812,0.192,0.685,0.001,0.001,0.001,0.001,0.002,0.486,0.653,0.441,0.347,0.004,0.58,0.665,1.256,0.674,0.288,0.078,0.451,0.004,0.567,0.379,-0.389,0.619,1.084,0.817,0.198,0,0.051,0,0,0.001,0.766,0.788,0.685,0.001,0,0.001,0.001,0,0.001,0.09,0.8,0.382,0.001,0.004,0.001,0.001,0,0,0,0.001,0.001,0,0,0,0,0,0.001,0,0.001,0,0.001,0.001,0.001,0.001,0.001,0,0.001,11.311,5.683
05:43.5,6843,-0.531,-0.694,0.352,0.335,0.072,-0.063,0.763,0.639,-0.046,-0.312,0.493,0.811,0.725,0.674,0.116,-0.078,-0.239,-0.413,-0.729,-0.49,-0.523,-0.367,0.67,-0.377,0.001,0.001,0.001,0.001,0.212,0.543,0.385,0.137,0.001,0.001,0.054,0.001,0.007,0.277,0.493,0.491,0.136,0,0.001,0.001,0.001,0.01,0.011,0.597,0.813,0.187,0.694,0.001,0.001,0.001,0.001,0.002,0.479,0.648,0.444,0.363,0.002,0.584,0.67,1.267,0.672,0.284,0.082,0.449,0.004,0.557,0.363,-0.405,0.627,1.057,0.8,0.253,0,0.051,0.001,0,0.001,0.711,0.817,0.698,0,0,0.001,0.001,0.001,0,0.09,0.81,0.43,0.001,0,0,0,0,0,0,0.001,0,0.001,0,0,0,0,0,0.001,0.001,0.001,0,0.001,0.001,0.001,0,0.001,0.001,11.011,5.733
05:43.5,6844,-0.531,-0.692,0.354,0.337,0.074,-0.063,0.762,0.64,-0.042,-0.314,0.492,0.811,0.728,0.672,0.109,-0.082,-0.238,-0.414,-0.729,-0.49,-0.525,-0.358,0.672,-0.379,0.001,0.001,0.001,0.001,0.139,0.435,0.371,0.132,0.001,0.001,0.039,0.001,0.001,0.198,0.484,0.491,0.134,0.001,0.001,0.001,0.001,0,0.002,0.592,0.817,0.189,0.698,0.001,0.001,0.001,0.001,0.001,0.471,0.647,0.441,0.365,0.001,0.6,0.675,1.274,0.675,0.282,0.082,0.452,0.004,0.557,0.363,-0.405,0.627,1.057,0.8,0.253,0,0.051,0.001,0,0.001,0.711,0.817,0.698,0,0,0.001,0.001,0.001,0,0.09,0.81,0.43,0.001,0,0,0,0,0,0,0.001,0,0.001,0,0,0,0,0,0.001,0.001,0.001,0,0.001,0.001,0.001,0,0.001,0.001,10.707,5.733
05:43.5,6845,-0.532,-0.69,0.356,0.338,0.077,-0.064,0.761,0.641,-0.036,-0.317,0.49,0.811,0.73,0.671,0.099,-0.084,-0.237,-0.415,-0.729,-0.491,-0.528,-0.347,0.674,-0.381,0.001,0.001,0.001,0.001,0.089,0.358,0.366,0.121,0.001,0.001,0.028,0.001,0.001,0.133,0.475,0.484,0.136,0.001,0.001,0.001,0.001,0.001,0.001,0.582,0.818,0.187,0.711,0.001,0.001,0.001,0.001,0.001,0.466,0.653,0.441,0.374,0.001,0.614,0.683,1.274,0.684,0.274,0.085,0.454,0.004,0.557,0.363,-0.405,0.627,1.057,0.8,0.253,0,0.051,0.001,0,0.001,0.711,0.817,0.698,0,0,0.001,0.001,0.001,0,0.09,0.81,0.43,0.001,0,0,0,0,0,0,0.001,0,0.001,0,0,0,0,0,0.001,0.001,0.001,0,0.001,0.001,0.001,0,0.001,0.001,10.514,5.733
05:43.5,6846,-0.533,-0.688,0.357,0.337,0.08,-0.065,0.76,0.642,-0.028,-0.32,0.487,0.812,0.731,0.672,0.088,-0.084,-0.237,-0.415,-0.728,-0.492,-0.531,-0.332,0.679,-0.382,0.001,0.001,0.001,0.001,0.051,0.283,0.347,0.114,0.001,0.001,0.021,0.001,0.001,0.103,0.452,0.474,0.136,0.001,0.001,0.001,0.001,0.001,0.001,0.565,0.818,0.192,0.702,0.001,0.001,0.001,0.001,0.001,0.455,0.659,0.448,0.376,0.001,0.631,0.692,1.275,0.706,0.305,0.087,0.452,0.004,0.557,0.363,-0.405,0.627,1.057,0.8,0.253,0,0.051,0.001,0,0.001,0.711,0.817,0.698,0,0,0.001,0.001,0.001,0,0.09,0.81,0.43,0.001,0,0,0,0,0,0,0.001,0,0.001,0,0,0,0,0,0.001,0.001,0.001,0,0.001,0.001,0.001,0,0.001,0.001,10.368,5.733
05:43.5,6847,-0.535,-0.687,0.359,0.337,0.084,-0.066,0.759,0.643,-0.02,-0.323,0.484,0.813,0.731,0.673,0.075,-0.082,-0.238,-0.416,-0.726,-0.493,-0.534,-0.322,0.682,-0.383,0.001,0.001,0.001,0.001,0.021,0.181,0.315,0.095,0.001,0.001,0.016,0.001,0.001,0.084,0.414,0.462,0.134,0,0.001,0.001,0.001,0.001,0.006,0.546,0.814,0.186,0.694,0.001,0.001,0.001,0.001,0.001,0.453,0.664,0.458,0.393,0.001,0.656,0.711,1.27,0.736,0.322,0.089,0.453,0.004,0.557,0.363,-0.405,0.627,1.057,0.8,0.253,0,0.051,0.001,0,0.001,0.711,0.817,0.698,0,0,0.001,0.001,0.001,0,0.09,0.81,0.43,0.001,0,0,0,0,0,0,0.001,0,0.001,0,0,0,0,0,0.001,0.001,0.001,0,0.001,0.001,0.001,0,0.001,0.001,10.195,5.733
05:43.5,6848,-0.536,-0.685,0.36,0.336,0.087,-0.068,0.757,0.643,-0.014,-0.323,0.482,0.814,0.732,0.674,0.061,-0.08,-0.24,-0.416,-0.725,-0.493,-0.537,-0.305,0.688,-0.382,0.001,0.001,0.001,0.001,0.02,0.162,0.292,0.073,0.001,0.001,0.007,0.001,0.001,0.076,0.375,0.446,0.136,0.001,0.001,0.001,0.001,0.001,0.005,0.513,0.825,0.171,0.674,0.001,0.001,0.001,0.001,0.001,0.437,0.665,0.463,0.408,0.001,0.687,0.723,1.265,0.763,0.343,0.093,0.459,0.004,0.557,0.363,-0.405,0.627,1.057,0.8,0.253,0,0.051,0.001,0,0.001,0.711,0.817,0.698,0,0,0.001,0.001,0.001,0,0.09,0.81,0.43,0.001,0,0,0,0,0,0,0.001,0,0.001,0,0,0,0,0,0.001,0.001,0.001,0,0.001,0.001,0.001,0,0.001,0.001,10.104,5.733
05:43.6,6849,-0.538,-0.684,0.361,0.335,0.09,-0.069,0.756,0.644,-0.01,-0.321,0.48,0.816,0.732,0.675,0.047,-0.079,-0.241,-0.416,-0.724,-0.494,-0.537,-0.294,0.691,-0.384,0.001,0.001,0.001,0.001,0.012,0.116,0.261,0.057,0.001,0.001,0.007,0.001,0.001,0.07,0.344,0.436,0.134,0.001,0.001,0.001,0.001,0.001,0.005,0.474,0.825,0.159,0.659,0.001,0.001,0.001,0.001,0.001,0.432,0.673,0.464,0.411,0.001,0.712,0.734,1.271,0.79,0.363,0.093,0.459,0.004,0.557,0.363,-0.405,0.627,1.057,0.8,0.253,0,0.051,0.001,0,0.001,0.711,0.817,0.698,0,0,0.001,0.001,0.001,0,0.09,0.81,0.43,0.001,0,0,0,0,0,0,0.001,0,0.001,0,0,0,0,0,0.001,0.001,0.001,0,0.001,0.001,0.001,0,0.001,0.001,9.984,5.733
05:43.6,6850,-0.54,-0.682,0.361,0.335,0.093,-0.07,0.755,0.645,-0.008,-0.316,0.48,0.818,0.732,0.676,0.033,-0.078,-0.243,-0.417,-0.723,-0.494,-0.525,-0.299,0.687,-0.403,0.001,0.001,0.001,0.001,0.012,0.049,0.228,0.042,0.001,0.001,0.006,0.001,0.001,0.078,0.295,0.41,0.133,0.001,0.001,0.001,0.001,0.001,0.01,0.424,0.817,0.139,0.641,0.001,0.001,0.001,0.001,0.001,0.419,0.674,0.471,0.411,0.001,0.731,0.758,1.275,0.803,0.415,0.094,0.454,0.004,0.532,0.307,-0.472,0.632,1.032,0.799,0.302,0,0.055,0.001,0,0.001,0.667,0.83,0.725,0,0,0.001,0,0.001,0.001,0.089,0.816,0.482,0,0,0,0.001,0,0,0,0.001,0.001,0.001,0.001,0,0,0,0,0,0,0.001,0.001,0,0.001,0.001,0.001,0,0,9.812,5.812
05:43.6,6851,-0.542,-0.681,0.361,0.335,0.096,-0.071,0.754,0.646,-0.01,-0.309,0.481,0.82,0.731,0.678,0.021,-0.077,-0.245,-0.417,-0.722,-0.494,-0.525,-0.299,0.687,-0.403,0.001,0.001,0.001,0.001,0.012,0.049,0.228,0.042,0.001,0.001,0.006,0.001,0.001,0.078,0.295,0.41,0.133,0.001,0.001,0.001,0.001,0.001,0.01,0.424,0.817,0.139,0.641,0.001,0.001,0.001,0.001,0.001,0.419,0.674,0.471,0.411,0.001,0.731,0.758,1.275,0.803,0.415,0.094,0.454,0.004,0.528,0.306,-0.474,0.635,1.056,0.812,0.687,0.288,0.559,0.001,0.074,0,0.347,0.857,0.875,0.431,0.084,0.083,0.042,0,0,0.018,0.916,0.767,0.165,0.001,0,0.001,0,0,0.001,0.056,0.122,0.017,0,0,0,0,0.001,0,0,0.001,0,0.001,0.065,0,0.001,0.001,0,9.812,8.33
05:43.6,6852,-0.544,-0.68,0.36,0.335,0.1,-0.072,0.753,0.646,-0.016,-0.3,0.485,0.821,0.728,0.682,0.01,-0.074,-0.248,-0.418,-0.722,-0.493,-0.525,-0.299,0.687,-0.403,0.001,0.001,0.001,0.001,0.012,0.049,0.228,0.042,0.001,0.001,0.006,0.001,0.001,0.078,0.295,0.41,0.133,0.001,0.001,0.001,0.001,0.001,0.01,0.424,0.817,0.139,0.641,0.001,0.001,0.001,0.001,0.001,0.419,0.674,0.471,0.411,0.001,0.731,0.758,1.275,0.803,0.415,0.094,0.454,0.004,0.526,0.304,-0.483,0.631,1.016,0.813,0.701,0.371,0.629,0.056,0.094,0,0.327,0.851,0.844,0.524,0.137,0.164,0.341,0,0,0.02,0.919,0.773,0.195,0.034,0.001,0.002,0.001,0,0,0.077,0.182,0.035,0,0,0,0,0,0.001,0.001,0,0,0.001,0.117,0.001,0,0.001,0,9.812,9.229
05:43.6,6853,-0.546,-0.677,0.36,0.337,0.104,-0.072,0.752,0.647,-0.026,-0.291,0.492,0.82,0.723,0.687,0,-0.071,-0.25,-0.418,-0.721,-0.492,-0.525,-0.299,0.687,-0.403,0.001,0.001,0.001,0.001,0.012,0.049,0.228,0.042,0.001,0.001,0.006,0.001,0.001,0.078,0.295,0.41,0.133,0.001,0.001,0.001,0.001,0.001,0.01,0.424,0.817,0.139,0.641,0.001,0.001,0.001,0.001,0.001,0.419,0.674,0.471,0.411,0.001,0.731,0.758,1.275,0.803,0.415,0.094,0.454,0.004,0.531,0.295,-0.494,0.622,1.026,0.805,0.687,0.415,0.614,0.1,0.125,0.001,0.349,0.835,0.833,0.574,0.211,0.197,0.392,0.057,0,0.029,0.924,0.785,0.291,0.081,0.001,0.184,0.233,0,0.01,0.123,0.252,0.082,0.001,0,0.001,0.001,0.001,0,0,0.001,0.001,0,0.2,0.017,0.001,0,0.001,9.812,10.441
05:43.6,6854,-0.548,-0.674,0.359,0.34,0.108,-0.071,0.75,0.648,-0.04,-0.283,0.501,0.816,0.718,0.693,-0.01,-0.066,-0.25,-0.419,-0.722,-0.491,-0.525,-0.299,0.687,-0.403,0.001,0.001,0.001,0.001,0.012,0.049,0.228,0.042,0.001,0.001,0.006,0.001,0.001,0.078,0.295,0.41,0.133,0.001,0.001,0.001,0.001,0.001,0.01,0.424,0.817,0.139,0.641,0.001,0.001,0.001,0.001,0.001,0.419,0.674,0.471,0.411,0.001,0.731,0.758,1.275,0.803,0.415,0.094,0.454,0.004,0.543,0.274,-0.504,0.613,1.018,0.799,0.685,0.43,0.619,0.106,0.139,0.002,0.4,0.821,0.816,0.601,0.236,0.231,0.402,0.168,0,0.067,0.927,0.791,0.354,0.142,0.002,0.231,0.451,0.001,0.042,0.162,0.304,0.125,0.001,0.001,0.006,0.005,0,0.004,0,0.001,0.001,0.001,0.282,0.049,0,0,0,9.812,11.423
05:43.6,6855,-0.551,-0.67,0.359,0.344,0.112,-0.07,0.749,0.649,-0.055,-0.281,0.511,0.81,0.712,0.699,-0.02,-0.061,-0.25,-0.42,-0.723,-0.489,-0.525,-0.299,0.687,-0.403,0.001,0.001,0.001,0.001,0.012,0.049,0.228,0.042,0.001,0.001,0.006,0.001,0.001,0.078,0.295,0.41,0.133,0.001,0.001,0.001,0.001,0.001,0.01,0.424,0.817,0.139,0.641,0.001,0.001,0.001,0.001,0.001,0.419,0.674,0.471,0.411,0.001,0.731,0.758,1.275,0.803,0.415,0.094,0.454,0.004,0.551,0.262,-0.507,0.608,1.012,0.794,0.681,0.438,0.645,0.122,0.151,0.006,0.424,0.814,0.807,0.595,0.265,0.234,0.415,0.245,0.001,0.084,0.928,0.797,0.411,0.187,0.002,0.276,0.571,0.001,0.094,0.184,0.331,0.171,0.01,0,0.054,0.098,0,0.027,0.01,0.023,0.07,0.026,0.358,0.063,0,0,0.001,9.812,12.426
05:43.6,6856,-0.554,-0.665,0.359,0.349,0.116,-0.068,0.748,0.65,-0.065,-0.283,0.521,0.802,0.707,0.705,-0.028,-0.054,-0.249,-0.421,-0.724,-0.486,-0.525,-0.299,0.687,-0.403,0.001,0.001,0.001,0.001,0.012,0.049,0.228,0.042,0.001,0.001,0.006,0.001,0.001,0.078,0.295,0.41,0.133,0.001,0.001,0.001,0.001,0.001,0.01,0.424,0.817,0.139,0.641,0.001,0.001,0.001,0.001,0.001,0.419,0.674,0.471,0.411,0.001,0.731,0.758,1.275,0.803,0.415,0.094,0.454,0.004,0.554,0.259,-0.509,0.606,1.007,0.781,0.679,0.433,0.711,0.14,0.161,0.01,0.443,0.808,0.797,0.593,0.288,0.239,0.429,0.292,0,0.11,0.929,0.802,0.463,0.212,0.002,0.311,0.629,0.001,0.103,0.211,0.364,0.223,0.02,0.001,0.09,0.243,0,0.039,0.002,0.088,0.282,0.1,0.435,0.067,0.083,0.001,0.001,9.812,13.623
05:43.6,6857,-0.558,-0.658,0.36,0.354,0.118,-0.066,0.747,0.65,-0.07,-0.289,0.531,0.793,0.702,0.71,-0.034,-0.045,-0.247,-0.423,-0.726,-0.483,-0.525,-0.299,0.687,-0.403,0.001,0.001,0.001,0.001,0.012,0.049,0.228,0.042,0.001,0.001,0.006,0.001,0.001,0.078,0.295,0.41,0.133,0.001,0.001,0.001,0.001,0.001,0.01,0.424,0.817,0.139,0.641,0.001,0.001,0.001,0.001,0.001,0.419,0.674,0.471,0.411,0.001,0.731,0.758,1.275,0.803,0.415,0.094,0.454,0.004,0.554,0.261,-0.51,0.605,1.017,0.784,0.679,0.447,0.734,0.158,0.178,0.012,0.454,0.797,0.789,0.607,0.31,0.259,0.418,0.313,0.001,0.12,0.927,0.8,0.501,0.269,0.004,0.342,0.636,0,0.114,0.226,0.389,0.253,0.034,0.001,0.136,0.364,0,0.049,0.026,0.181,0.391,0.177,0.491,0.094,0.148,0,0.001,9.812,14.631
05:43.6,6858,-0.563,-0.651,0.362,0.358,0.119,-0.064,0.748,0.649,-0.07,-0.295,0.539,0.785,0.698,0.714,-0.038,-0.035,-0.246,-0.426,-0.727,-0.479,-0.353,-0.35,0.673,-0.548,0.001,0.001,0.001,0.001,0.012,0.032,0.205,0.027,0.001,0.001,0.006,0.001,0.001,0.068,0.249,0.392,0.136,0.001,0.001,0.001,0.001,0.001,0.01,0.382,0.813,0.118,0.651,0.001,0.001,0.001,0.001,0.001,0.416,0.68,0.476,0.403,0.001,0.745,0.767,1.266,0.802,0.43,0.094,0.449,0.004,0.555,0.261,-0.512,0.601,1.027,0.783,0.681,0.436,0.711,0.178,0.173,0.013,0.454,0.792,0.781,0.609,0.348,0.271,0.405,0.31,0,0.126,0.927,0.803,0.554,0.292,0.004,0.353,0.652,0.001,0.122,0.239,0.402,0.266,0.045,0.001,0.176,0.419,0.001,0.062,0.035,0.243,0.447,0.278,0.518,0.149,0.179,0.001,0.001,9.652,15.268
05:43.7,6859,-0.569,-0.643,0.364,0.361,0.12,-0.065,0.75,0.647,-0.069,-0.3,0.548,0.778,0.695,0.717,-0.043,-0.027,-0.245,-0.428,-0.729,-0.475,-0.353,-0.35,0.673,-0.548,0.001,0.001,0.001,0.001,0.012,0.032,0.205,0.027,0.001,0.001,0.006,0.001,0.001,0.068,0.249,0.392,0.136,0.001,0.001,0.001,0.001,0.001,0.01,0.382,0.813,0.118,0.651,0.001,0.001,0.001,0.001,0.001,0.416,0.68,0.476,0.403,0.001,0.745,0.767,1.266,0.802,0.43,0.094,0.449,0.004,0.56,0.259,-0.516,0.595,1.038,0.78,0.683,0.436,0.711,0.184,0.168,0.022,0.457,0.79,0.78,0.612,0.343,0.294,0.371,0.311,0.001,0.129,0.926,0.81,0.582,0.322,0.006,0.357,0.654,0,0.127,0.247,0.404,0.294,0.078,0.006,0.214,0.453,0.001,0.066,0.043,0.314,0.479,0.368,0.545,0.216,0.22,0,0.001,9.652,15.843
05:43.7,6860,-0.575,-0.635,0.367,0.363,0.12,-0.068,0.752,0.645,-0.066,-0.304,0.555,0.772,0.694,0.718,-0.049,-0.021,-0.244,-0.431,-0.73,-0.471,-0.353,-0.35,0.673,-0.548,0.001,0.001,0.001,0.001,0.012,0.032,0.205,0.027,0.001,0.001,0.006,0.001,0.001,0.068,0.249,0.392,0.136,0.001,0.001,0.001,0.001,0.001,0.01,0.382,0.813,0.118,0.651,0.001,0.001,0.001,0.001,0.001,0.416,0.68,0.476,0.403,0.001,0.745,0.767,1.266,0.802,0.43,0.094,0.449,0.004,0.563,0.258,-0.518,0.59,1.061,0.778,0.681,0.44,0.717,0.194,0.155,0.024,0.447,0.789,0.777,0.619,0.344,0.309,0.355,0.299,0.006,0.132,0.927,0.812,0.604,0.346,0.026,0.358,0.659,0.001,0.137,0.249,0.411,0.308,0.101,0.015,0.25,0.482,0.001,0.077,0.054,0.363,0.51,0.436,0.574,0.294,0.252,0.001,0.001,9.652,16.376
05:43.7,6861,-0.583,-0.626,0.37,0.363,0.122,-0.073,0.754,0.641,-0.063,-0.306,0.562,0.766,0.693,0.718,-0.055,-0.016,-0.245,-0.433,-0.732,-0.466,-0.353,-0.35,0.673,-0.548,0.001,0.001,0.001,0.001,0.012,0.032,0.205,0.027,0.001,0.001,0.006,0.001,0.001,0.068,0.249,0.392,0.136,0.001,0.001,0.001,0.001,0.001,0.01,0.382,0.813,0.118,0.651,0.001,0.001,0.001,0.001,0.001,0.416,0.68,0.476,0.403,0.001,0.745,0.767,1.266,0.802,0.43,0.094,0.449,0.004,0.565,0.259,-0.519,0.586,1.09,0.785,0.691,0.447,0.722,0.195,0.15,0.028,0.435,0.788,0.773,0.628,0.358,0.328,0.344,0.294,0.006,0.126,0.924,0.811,0.613,0.361,0.043,0.349,0.657,0,0.173,0.247,0.411,0.321,0.115,0.017,0.269,0.512,0,0.077,0.035,0.422,0.529,0.501,0.575,0.325,0.26,0.001,0,9.652,16.736
05:43.7,6862,-0.59,-0.617,0.374,0.361,0.124,-0.078,0.756,0.638,-0.061,-0.306,0.569,0.761,0.692,0.719,-0.06,-0.014,-0.247,-0.435,-0.734,-0.46,-0.353,-0.35,0.673,-0.548,0.001,0.001,0.001,0.001,0.012,0.032,0.205,0.027,0.001,0.001,0.006,0.001,0.001,0.068,0.249,0.392,0.136,0.001,0.001,0.001,0.001,0.001,0.01,0.382,0.813,0.118,0.651,0.001,0.001,0.001,0.001,0.001,0.416,0.68,0.476,0.403,0.001,0.745,0.767,1.266,0.802,0.43,0.094,0.449,0.004,0.565,0.262,-0.521,0.584,1.109,0.794,0.697,0.469,0.733,0.201,0.15,0.031,0.422,0.784,0.773,0.628,0.375,0.348,0.341,0.284,0.007,0.116,0.924,0.812,0.617,0.368,0.059,0.348,0.653,0.001,0.183,0.239,0.408,0.327,0.139,0.024,0.294,0.54,0.001,0.077,0.046,0.455,0.551,0.531,0.57,0.35,0.271,0,0.001,9.652,17.051
05:43.7,6863,-0.598,-0.609,0.379,0.358,0.126,-0.084,0.758,0.634,-0.06,-0.305,0.576,0.756,0.692,0.719,-0.065,-0.013,-0.249,-0.436,-0.736,-0.454,-0.353,-0.35,0.673,-0.548,0.001,0.001,0.001,0.001,0.012,0.032,0.205,0.027,0.001,0.001,0.006,0.001,0.001,0.068,0.249,0.392,0.136,0.001,0.001,0.001,0.001,0.001,0.01,0.382,0.813,0.118,0.651,0.001,0.001,0.001,0.001,0.001,0.416,0.68,0.476,0.403,0.001,0.745,0.767,1.266,0.802,0.43,0.094,0.449,0.004,0.565,0.262,-0.521,0.584,1.109,0.794,0.697,0.469,0.733,0.201,0.15,0.031,0.422,0.784,0.773,0.628,0.375,0.348,0.341,0.284,0.007,0.116,0.924,0.812,0.617,0.368,0.059,0.348,0.653,0.001,0.183,0.239,0.408,0.327,0.139,0.024,0.294,0.54,0.001,0.077,0.046,0.455,0.551,0.531,0.57,0.35,0.271,0,0.001,9.652,17.051
05:43.7,6864,-0.605,-0.602,0.384,0.352,0.128,-0.091,0.761,0.629,-0.061,-0.302,0.582,0.752,0.692,0.718,-0.072,-0.015,-0.252,-0.436,-0.738,-0.449,-0.353,-0.35,0.673,-0.548,0.001,0.001,0.001,0.001,0.012,0.032,0.205,0.027,0.001,0.001,0.006,0.001,0.001,0.068,0.249,0.392,0.136,0.001,0.001,0.001,0.001,0.001,0.01,0.382,0.813,0.118,0.651,0.001,0.001,0.001,0.001,0.001,0.416,0.68,0.476,0.403,0.001,0.745,0.767,1.266,0.802,0.43,0.094,0.449,0.004,0.565,0.262,-0.521,0.584,1.109,0.794,0.697,0.469,0.733,0.201,0.15,0.031,0.422,0.784,0.773,0.628,0.375,0.348,0.341,0.284,0.007,0.116,0.924,0.812,0.617,0.368,0.059,0.348,0.653,0.001,0.183,0.239,0.408,0.327,0.139,0.024,0.294,0.54,0.001,0.077,0.046,0.455,0.551,0.531,0.57,0.35,0.271,0,0.001,9.652,17.051
05:43.7,6865,-0.611,-0.597,0.389,0.345,0.13,-0.098,0.765,0.623,-0.062,-0.297,0.589,0.749,0.692,0.718,-0.079,-0.016,-0.254,-0.436,-0.74,-0.444,-0.146,-0.377,0.655,-0.638,0.001,0.001,0.001,0.001,0.084,0.001,0.06,0.001,0.001,0.001,0.007,0.001,0.001,0.001,0.116,0.143,0.111,0,0.001,0.001,0.001,0.001,0.05,0.182,0.304,0.017,0.477,0.001,0.001,0.001,0.001,0.006,0.28,0.254,0.414,0.414,0.001,0.514,0.441,1.046,0.943,0.217,0.05,0.359,0.001,0.565,0.262,-0.521,0.584,1.109,0.794,0.697,0.469,0.733,0.201,0.15,0.031,0.422,0.784,0.773,0.628,0.375,0.348,0.341,0.284,0.007,0.116,0.924,0.812,0.617,0.368,0.059,0.348,0.653,0.001,0.183,0.239,0.408,0.327,0.139,0.024,0.294,0.54,0.001,0.077,0.046,0.455,0.551,0.531,0.57,0.35,0.271,0,0.001,6.51,17.051
05:43.7,6866,-0.616,-0.593,0.392,0.338,0.134,-0.106,0.768,0.617,-0.065,-0.292,0.596,0.745,0.691,0.718,-0.087,-0.016,-0.257,-0.435,-0.742,-0.441,-0.114,-0.375,0.651,-0.649,0.001,0.001,0.001,0.001,0.029,0.001,0.001,0.001,0.001,0.001,0.001,0.001,0.001,0.001,0.001,0.001,0.001,0.001,0.001,0.001,0.001,0.001,0.001,0.001,0.035,0.001,0.001,0.001,0.001,0.001,0.001,0.001,0.001,0.001,0.001,0.001,0.001,0.001,0.001,0.001,0.001,0.001,0.001,0.001,0.001,0.565,0.262,-0.521,0.584,1.109,0.794,0.697,0.469,0.733,0.201,0.15,0.031,0.422,0.784,0.773,0.628,0.375,0.348,0.341,0.284,0.007,0.116,0.924,0.812,0.617,0.368,0.059,0.348,0.653,0.001,0.183,0.239,0.408,0.327,0.139,0.024,0.294,0.54,0.001,0.077,0.046,0.455,0.551,0.531,0.57,0.35,0.271,0,0.001,0.107,17.051
05:43.7,6867,-0.622,-0.59,0.394,0.331,0.138,-0.114,0.771,0.61,-0.069,-0.287,0.604,0.741,0.689,0.718,-0.095,-0.013,-0.258,-0.435,-0.743,-0.438,-0.114,-0.375,0.651,-0.649,0.001,0.001,0.001,0.001,0.029,0.001,0.001,0.001,0.001,0.001,0.001,0.001,0.001,0.001,0.001,0.001,0.001,0.001,0.001,0.001,0.001,0.001,0.001,0.001,0.035,0.001,0.001,0.001,0.001,0.001,0.001,0.001,0.001,0.001,0.001,0.001,0.001,0.001,0.001,0.001,0.001,0.001,0.001,0.001,0.001,0.565,0.262,-0.521,0.584,1.109,0.794,0.697,0.469,0.733,0.201,0.15,0.031,0.422,0.784,0.773,0.628,0.375,0.348,0.341,0.284,0.007,0.116,0.924,0.812,0.617,0.368,0.059,0.348,0.653,0.001,0.183,0.239,0.408,0.327,0.139,0.024,0.294,0.54,0.001,0.077,0.046,0.455,0.551,0.531,0.57,0.35,0.271,0,0.001,0.107,17.051
05:43.7,6868,-0.628,-0.587,0.394,0.324,0.142,-0.123,0.774,0.603,-0.074,-0.282,0.611,0.736,0.688,0.719,-0.102,-0.008,-0.259,-0.433,-0.744,-0.437,-0.114,-0.375,0.651,-0.649,0.001,0.001,0.001,0.001,0.029,0.001,0.001,0.001,0.001,0.001,0.001,0.001,0.001,0.001,0.001,0.001,0.001,0.001,0.001,0.001,0.001,0.001,0.001,0.001,0.035,0.001,0.001,0.001,0.001,0.001,0.001,0.001,0.001,0.001,0.001,0.001,0.001,0.001,0.001,0.001,0.001,0.001,0.001,0.001,0.001,0.565,0.262,-0.521,0.584,1.109,0.794,0.697,0.469,0.733,0.201,0.15,0.031,0.422,0.784,0.773,0.628,0.375,0.348,0.341,0.284,0.007,0.116,0.924,0.812,0.617,0.368,0.059,0.348,0.653,0.001,0.183,0.239,0.408,0.327,0.139,0.024,0.294,0.54,0.001,0.077,0.046,0.455,0.551,0.531,0.57,0.35,0.271,0,0.001,0.107,17.051
05:43.8,6869,-0.634,-0.585,0.394,0.317,0.146,-0.131,0.778,0.596,-0.08,-0.277,0.618,0.731,0.686,0.72,-0.108,-0.001,-0.259,-0.432,-0.745,-0.437,-0.114,-0.375,0.651,-0.649,0.001,0.001,0.001,0.001,0.029,0.001,0.001,0.001,0.001,0.001,0.001,0.001,0.001,0.001,0.001,0.001,0.001,0.001,0.001,0.001,0.001,0.001,0.001,0.001,0.035,0.001,0.001,0.001,0.001,0.001,0.001,0.001,0.001,0.001,0.001,0.001,0.001,0.001,0.001,0.001,0.001,0.001,0.001,0.001,0.001,0.568,0.277,-0.539,0.557,1.109,0.794,0.697,0.469,0.733,0.201,0.15,0.031,0.422,0.784,0.773,0.628,0.375,0.348,0.341,0.284,0.007,0.116,0.924,0.812,0.617,0.368,0.059,0.348,0.653,0.001,0.183,0.239,0.408,0.327,0.139,0.024,0.294,0.54,0.001,0.077,0.046,0.455,0.551,0.531,0.57,0.35,0.271,0,0.001,0.107,17.051
05:43.8,6870,-0.639,-0.584,0.393,0.312,0.152,-0.138,0.78,0.591,-0.087,-0.273,0.626,0.726,0.684,0.721,-0.112,0.007,-0.258,-0.43,-0.746,-0.438,-0.114,-0.375,0.651,-0.649,0.001,0.001,0.001,0.001,0.029,0.001,0.001,0.001,0.001,0.001,0.001,0.001,0.001,0.001,0.001,0.001,0.001,0.001,0.001,0.001,0.001,0.001,0.001,0.001,0.035,0.001,0.001,0.001,0.001,0.001,0.001,0.001,0.001,0.001,0.001,0.001,0.001,0.001,0.001,0.001,0.001,0.001,0.001,0.001,0.001,0.571,0.275,-0.543,0.551,1.201,0.869,0.785,0.642,0.883,0.419,0.197,0.053,0.305,0.811,0.797,0.685,0.437,0.396,0.388,0.308,0.065,0.016,0.923,0.806,0.565,0.327,0.096,0.435,0.719,0.001,0.25,0.098,0.277,0.219,0.093,0.029,0.385,0.618,0.001,0.083,0.063,0.446,0.525,0.31,0.403,0.32,0.254,0.001,0.001,0.107,17.505
05:43.8,6871,-0.643,-0.583,0.391,0.307,0.159,-0.143,0.78,0.587,-0.094,-0.27,0.633,0.719,0.682,0.722,-0.114,0.016,-0.256,-0.428,-0.747,-0.44,-0.114,-0.375,0.651,-0.649,0.001,0.001,0.001,0.001,0.029,0.001,0.001,0.001,0.001,0.001,0.001,0.001,0.001,0.001,0.001,0.001,0.001,0.001,0.001,0.001,0.001,0.001,0.001,0.001,0.035,0.001,0.001,0.001,0.001,0.001,0.001,0.001,0.001,0.001,0.001,0.001,0.001,0.001,0.001,0.001,0.001,0.001,0.001,0.001,0.001,0.571,0.275,-0.543,0.551,1.201,0.869,0.785,0.642,0.883,0.419,0.197,0.053,0.305,0.811,0.797,0.685,0.437,0.396,0.388,0.308,0.065,0.016,0.923,0.806,0.565,0.327,0.096,0.435,0.719,0.001,0.25,0.098,0.277,0.219,0.093,0.029,0.385,0.618,0.001,0.083,0.063,0.446,0.525,0.31,0.403,0.32,0.254,0.001,0.001,0.107,17.505
05:43.8,6872,-0.647,-0.582,0.389,0.303,0.167,-0.146,0.781,0.584,-0.103,-0.267,0.64,0.713,0.68,0.724,-0.114,0.025,-0.255,-0.426,-0.747,-0.442,-0.114,-0.375,0.651,-0.649,0.001,0.001,0.001,0.001,0.029,0.001,0.001,0.001,0.001,0.001,0.001,0.001,0.001,0.001,0.001,0.001,0.001,0.001,0.001,0.001,0.001,0.001,0.001,0.001,0.035,0.001,0.001,0.001,0.001,0.001,0.001,0.001,0.001,0.001,0.001,0.001,0.001,0.001,0.001,0.001,0.001,0.001,0.001,0.001,0.001,0.571,0.275,-0.543,0.551,1.201,0.869,0.785,0.642,0.883,0.419,0.197,0.053,0.305,0.811,0.797,0.685,0.437,0.396,0.388,0.308,0.065,0.016,0.923,0.806,0.565,0.327,0.096,0.435,0.719,0.001,0.25,0.098,0.277,0.219,0.093,0.029,0.385,0.618,0.001,0.083,0.063,0.446,0.525,0.31,0.403,0.32,0.254,0.001,0.001,0.107,17.505
05:43.8,6873,-0.651,-0.581,0.386,0.301,0.176,-0.147,0.781,0.581,-0.111,-0.266,0.648,0.705,0.678,0.726,-0.113,0.032,-0.255,-0.424,-0.747,-0.445,-0.064,-0.449,0.611,-0.649,0.001,0.001,0.001,0.001,0.043,0.001,0.001,0.001,0.001,0.001,0.001,0.001,0.001,0.001,0.001,0.001,0.001,0.001,0.001,0.001,0.001,0.001,0.001,0.001,0.026,0.001,0.001,0.001,0.001,0.001,0.001,0.001,0.001,0.001,0.001,0.001,0.001,0.001,0.001,0.001,0.001,0.001,0.001,0.001,0.001,0.571,0.275,-0.543,0.551,1.201,0.869,0.785,0.642,0.883,0.419,0.197,0.053,0.305,0.811,0.797,0.685,0.437,0.396,0.388,0.308,0.065,0.016,0.923,0.806,0.565,0.327,0.096,0.435,0.719,0.001,0.25,0.098,0.277,0.219,0.093,0.029,0.385,0.618,0.001,0.083,0.063,0.446,0.525,0.31,0.403,0.32,0.254,0.001,0.001,0.112,17.505
05:43.8,6874,-0.654,-0.579,0.384,0.299,0.185,-0.146,0.78,0.579,-0.118,-0.265,0.655,0.698,0.677,0.727,-0.112,0.037,-0.255,-0.422,-0.747,-0.447,-0.09,-0.454,0.618,-0.635,0.001,0.001,0.001,0.001,0.02,0.001,0.001,0.001,0.001,0.001,0.002,0.001,0.001,0.001,0.001,0.001,0.001,0.001,0.001,0.001,0.001,0.001,0.001,0.001,0.031,0.001,0.001,0.001,0.001,0.001,0.001,0.001,0.001,0.001,0.001,0.001,0.001,0.001,0.001,0.001,0.001,0.001,0.001,0.001,0.001,0.571,0.275,-0.543,0.551,1.201,0.869,0.785,0.642,0.883,0.419,0.197,0.053,0.305,0.811,0.797,0.685,0.437,0.396,0.388,0.308,0.065,0.016,0.923,0.806,0.565,0.327,0.096,0.435,0.719,0.001,0.25,0.098,0.277,0.219,0.093,0.029,0.385,0.618,0.001,0.083,0.063,0.446,0.525,0.31,0.403,0.32,0.254,0.001,0.001,0.095,17.505
05:43.8,6875,-0.657,-0.577,0.383,0.298,0.191,-0.143,0.779,0.579,-0.125,-0.266,0.661,0.691,0.676,0.728,-0.109,0.041,-0.255,-0.419,-0.747,-0.448,-0.123,-0.462,0.626,-0.616,0.001,0.001,0.001,0.001,0.022,0.001,0.001,0.001,0.001,0.001,0.001,0.001,0.001,0.001,0.001,0.001,0.001,0.001,0.001,0.001,0.001,0.001,0.001,0.001,0.031,0.001,0.001,0.001,0.001,0.001,0.001,0.001,0.001,0.001,0.001,0.001,0.001,0.001,0.001,0.001,0.001,0.001,0,0.001,0.001,0.571,0.275,-0.543,0.551,1.201,0.869,0.785,0.642,0.883,0.419,0.197,0.053,0.305,0.811,0.797,0.685,0.437,0.396,0.388,0.308,0.065,0.016,0.923,0.806,0.565,0.327,0.096,0.435,0.719,0.001,0.25,0.098,0.277,0.219,0.093,0.029,0.385,0.618,0.001,0.083,0.063,0.446,0.525,0.31,0.403,0.32,0.254,0.001,0.001,0.095,17.505
05:43.8,6876,-0.66,-0.575,0.381,0.296,0.195,-0.139,0.779,0.58,-0.13,-0.266,0.667,0.684,0.675,0.729,-0.107,0.042,-0.255,-0.416,-0.748,-0.449,-0.123,-0.462,0.626,-0.616,0.001,0.001,0.001,0.001,0.022,0.001,0.001,0.001,0.001,0.001,0.001,0.001,0.001,0.001,0.001,0.001,0.001,0.001,0.001,0.001,0.001,0.001,0.001,0.001,0.031,0.001,0.001,0.001,0.001,0.001,0.001,0.001,0.001,0.001,0.001,0.001,0.001,0.001,0.001,0.001,0.001,0.001,0,0.001,0.001,0.571,0.275,-0.543,0.551,1.201,0.869,0.785,0.642,0.883,0.419,0.197,0.053,0.305,0.811,0.797,0.685,0.437,0.396,0.388,0.308,0.065,0.016,0.923,0.806,0.565,0.327,0.096,0.435,0.719,0.001,0.25,0.098,0.277,0.219,0.093,0.029,0.385,0.618,0.001,0.083,0.063,0.446,0.525,0.31,0.403,0.32,0.254,0.001,0.001,0.095,17.505
05:43.8,6877,-0.663,-0.573,0.381,0.295,0.197,-0.135,0.778,0.581,-0.133,-0.267,0.672,0.678,0.675,0.729,-0.104,0.042,-0.256,-0.414,-0.749,-0.45,-0.123,-0.462,0.626,-0.616,0.001,0.001,0.001,0.001,0.022,0.001,0.001,0.001,0.001,0.001,0.001,0.001,0.001,0.001,0.001,0.001,0.001,0.001,0.001,0.001,0.001,0.001,0.001,0.001,0.031,0.001,0.001,0.001,0.001,0.001,0.001,0.001,0.001,0.001,0.001,0.001,0.001,0.001,0.001,0.001,0.001,0.001,0,0.001,0.001,0.594,0.258,-0.576,0.498,1.199,0.874,0.791,0.653,0.893,0.425,0.2,0.053,0.298,0.814,0.801,0.687,0.446,0.402,0.392,0.31,0.066,0.016,0.923,0.801,0.56,0.33,0.099,0.441,0.724,0.001,0.255,0.089,0.266,0.208,0.081,0.032,0.388,0.617,0.001,0.082,0.06,0.438,0.514,0.302,0.385,0.308,0.253,0,0.001,0.095,17.479
05:43.8,6878,-0.667,-0.57,0.381,0.293,0.196,-0.13,0.778,0.582,-0.136,-0.268,0.676,0.672,0.676,0.729,-0.101,0.041,-0.257,-0.411,-0.75,-0.45,-0.123,-0.462,0.626,-0.616,0.001,0.001,0.001,0.001,0.022,0.001,0.001,0.001,0.001,0.001,0.001,0.001,0.001,0.001,0.001,0.001,0.001,0.001,0.001,0.001,0.001,0.001,0.001,0.001,0.031,0.001,0.001,0.001,0.001,0.001,0.001,0.001,0.001,0.001,0.001,0.001,0.001,0.001,0.001,0.001,0.001,0.001,0,0.001,0.001,0.594,0.258,-0.576,0.498,1.199,0.874,0.791,0.653,0.893,0.425,0.2,0.053,0.298,0.814,0.801,0.687,0.446,0.402,0.392,0.31,0.066,0.016,0.923,0.801,0.56,0.33,0.099,0.441,0.724,0.001,0.255,0.089,0.266,0.208,0.081,0.032,0.388,0.617,0.001,0.082,0.06,0.438,0.514,0.302,0.385,0.308,0.253,0,0.001,0.095,17.479
05:43.9,6879,-0.67,-0.567,0.381,0.29,0.194,-0.124,0.779,0.584,-0.138,-0.269,0.681,0.667,0.676,0.729,-0.098,0.039,-0.259,-0.408,-0.751,-0.45,-0.123,-0.462,0.626,-0.616,0.001,0.001,0.001,0.001,0.022,0.001,0.001,0.001,0.001,0.001,0.001,0.001,0.001,0.001,0.001,0.001,0.001,0.001,0.001,0.001,0.001,0.001,0.001,0.001,0.031,0.001,0.001,0.001,0.001,0.001,0.001,0.001,0.001,0.001,0.001,0.001,0.001,0.001,0.001,0.001,0.001,0.001,0,0.001,0.001,0.594,0.258,-0.576,0.498,1.199,0.874,0.791,0.653,0.893,0.425,0.2,0.053,0.298,0.814,0.801,0.687,0.446,0.402,0.392,0.31,0.066,0.016,0.923,0.801,0.56,0.33,0.099,0.441,0.724,0.001,0.255,0.089,0.266,0.208,0.081,0.032,0.388,0.617,0.001,0.082,0.06,0.438,0.514,0.302,0.385,0.308,0.253,0,0.001,0.095,17.479
05:43.9,6880,-0.674,-0.564,0.382,0.286,0.19,-0.118,0.779,0.586,-0.14,-0.269,0.685,0.663,0.677,0.729,-0.096,0.036,-0.262,-0.404,-0.752,-0.449,-0.123,-0.462,0.626,-0.616,0.001,0.001,0.001,0.001,0.022,0.001,0.001,0.001,0.001,0.001,0.001,0.001,0.001,0.001,0.001,0.001,0.001,0.001,0.001,0.001,0.001,0.001,0.001,0.001,0.031,0.001,0.001,0.001,0.001,0.001,0.001,0.001,0.001,0.001,0.001,0.001,0.001,0.001,0.001,0.001,0.001,0.001,0,0.001,0.001,0.594,0.258,-0.576,0.498,1.199,0.874,0.791,0.653,0.893,0.425,0.2,0.053,0.298,0.814,0.801,0.687,0.446,0.402,0.392,0.31,0.066,0.016,0.923,0.801,0.56,0.33,0.099,0.441,0.724,0.001,0.255,0.089,0.266,0.208,0.081,0.032,0.388,0.617,0.001,0.082,0.06,0.438,0.514,0.302,0.385,0.308,0.253,0,0.001,0.095,17.479
05:43.9,6881,-0.678,-0.561,0.382,0.282,0.184,-0.113,0.779,0.589,-0.142,-0.268,0.689,0.658,0.677,0.729,-0.095,0.034,-0.265,-0.401,-0.753,-0.448,-0.123,-0.462,0.626,-0.616,0.001,0.001,0.001,0.001,0.022,0.001,0.001,0.001,0.001,0.001,0.001,0.001,0.001,0.001,0.001,0.001,0.001,0.001,0.001,0.001,0.001,0.001,0.001,0.001,0.031,0.001,0.001,0.001,0.001,0.001,0.001,0.001,0.001,0.001,0.001,0.001,0.001,0.001,0.001,0.001,0.001,0.001,0,0.001,0.001,0.594,0.258,-0.576,0.498,1.199,0.874,0.791,0.653,0.893,0.425,0.2,0.053,0.298,0.814,0.801,0.687,0.446,0.402,0.392,0.31,0.066,0.016,0.923,0.801,0.56,0.33,0.099,0.441,0.724,0.001,0.255,0.089,0.266,0.208,0.081,0.032,0.388,0.617,0.001,0.082,0.06,0.438,0.514,0.302,0.385,0.308,0.253,0,0.001,0.095,17.479
05:43.9,6882,-0.682,-0.558,0.382,0.277,0.176,-0.107,0.779,0.592,-0.144,-0.268,0.692,0.654,0.677,0.729,-0.093,0.031,-0.268,-0.398,-0.754,-0.448,-0.294,-0.522,0.587,-0.544,0.001,0.001,0.001,0.001,0.022,0.001,0.001,0.001,0.001,0.001,0.001,0.001,0.001,0.001,0.001,0.001,0.001,0.001,0.001,0.001,0.001,0.001,0.001,0.001,0.031,0.001,0.001,0.001,0.001,0.001,0.001,0.001,0.001,0.001,0.001,0.001,0.001,0.001,0.001,0.001,0.001,0.001,0.001,0.001,0.001,0.594,0.258,-0.576,0.498,1.199,0.874,0.791,0.653,0.893,0.425,0.2,0.053,0.298,0.814,0.801,0.687,0.446,0.402,0.392,0.31,0.066,0.016,0.923,0.801,0.56,0.33,0.099,0.441,0.724,0.001,0.255,0.089,0.266,0.208,0.081,0.032,0.388,0.617,0.001,0.082,0.06,0.438,0.514,0.302,0.385,0.308,0.253,0,0.001,0.096,17.479
05:43.9,6883,-0.686,-0.556,0.382,0.272,0.169,-0.102,0.779,0.596,-0.147,-0.267,0.696,0.65,0.677,0.73,-0.091,0.029,-0.272,-0.395,-0.755,-0.447,-0.314,-0.528,0.58,-0.535,0.001,0.001,0.001,0.001,0.033,0.001,0.001,0.001,0,0.001,0.007,0.001,0.001,0.001,0.001,0.001,0.001,0.001,0.001,0.001,0.001,0.001,0.001,0.001,0.028,0.001,0.001,0.001,0.001,0.001,0.001,0.001,0.001,0.001,0.001,0.001,0.001,0.001,0.001,0.001,0.001,0.001,0.001,0.001,0.001,0.594,0.258,-0.576,0.498,1.199,0.874,0.791,0.653,0.893,0.425,0.2,0.053,0.298,0.814,0.801,0.687,0.446,0.402,0.392,0.31,0.066,0.016,0.923,0.801,0.56,0.33,0.099,0.441,0.724,0.001,0.255,0.089,0.266,0.208,0.081,0.032,0.388,0.617,0.001,0.082,0.06,0.438,0.514,0.302,0.385,0.308,0.253,0,0.001,0.109,17.479
05:43.9,6884,-0.69,-0.554,0.381,0.267,0.161,-0.097,0.778,0.6,-0.15,-0.266,0.7,0.646,0.677,0.73,-0.09,0.028,-0.276,-0.391,-0.756,-0.447,-0.337,-0.538,0.568,-0.523,0.001,0.001,0.001,0.001,0.032,0.001,0.001,0.001,0.001,0.001,0.007,0.001,0.001,0.001,0.001,0.001,0.001,0.001,0.001,0.001,0.001,0.001,0.001,0.001,0.028,0.001,0.001,0.001,0.001,0.001,0.001,0.001,0.001,0.001,0.001,0.001,0.001,0.001,0.001,0.001,0.001,0.001,0.001,0.001,0.001,0.617,0.238,-0.594,0.458,1.112,0.864,0.759,0.573,0.855,0.348,0.156,0.035,0.261,0.819,0.811,0.681,0.441,0.409,0.363,0.289,0.024,0.011,0.902,0.78,0.562,0.333,0.087,0.432,0.703,0,0.21,0.074,0.271,0.208,0.074,0.033,0.404,0.601,0.001,0.071,0.055,0.484,0.568,0.377,0.394,0.336,0.282,0.001,0.001,0.109,17.055
05:43.9,6885,-0.695,-0.552,0.38,0.262,0.152,-0.092,0.777,0.604,-0.153,-0.264,0.703,0.643,0.678,0.729,-0.09,0.029,-0.28,-0.388,-0.756,-0.447,-0.351,-0.545,0.559,-0.517,0.001,0.001,0.001,0.001,0.038,0.001,0.001,0.001,0.001,0.001,0.007,0.001,0.001,0.001,0.001,0.001,0.001,0.001,0.001,0.001,0.001,0.001,0.001,0.001,0.028,0.001,0.001,0.001,0.001,0.001,0.001,0.001,0.001,0.001,0.001,0.001,0.001,0.001,0.001,0.001,0.001,0.001,0.001,0.001,0.001,0.617,0.239,-0.594,0.457,0.767,0.791,0.654,0.44,0.766,0.295,0.126,0.033,0.175,0.789,0.78,0.657,0.469,0.452,0.316,0.275,0.045,0.005,0.9,0.784,0.643,0.436,0.17,0.402,0.683,0.002,0.267,0.099,0.357,0.331,0.179,0.065,0.444,0.63,0.001,0.112,0.07,0.602,0.662,0.969,0.609,0.43,0.308,0.046,0.001,0.115,18.037
05:43.9,6886,-0.699,-0.55,0.379,0.257,0.144,-0.086,0.777,0.607,-0.157,-0.262,0.705,0.64,0.679,0.728,-0.09,0.031,-0.284,-0.385,-0.756,-0.446,-0.37,-0.556,0.545,-0.508,0.001,0.001,0.001,0.001,0.042,0.001,0.001,0.001,0.001,0.001,0.006,0.001,0.001,0.001,0.001,0.001,0,0.001,0.001,0.001,0.001,0.001,0.001,0.001,0.027,0.001,0.001,0.001,0.001,0.001,0.001,0.001,0.001,0.001,0.001,0.001,0.001,0.001,0.001,0.001,0.001,0.001,0.001,0.001,0.001,0.617,0.242,-0.593,0.457,0.694,0.788,0.652,0.443,0.78,0.338,0.138,0.034,0.158,0.789,0.778,0.657,0.475,0.465,0.32,0.284,0.05,0.005,0.897,0.778,0.645,0.443,0.187,0.411,0.685,0.002,0.272,0.082,0.354,0.338,0.186,0.072,0.448,0.635,0.002,0.116,0.072,0.609,0.668,1.048,0.648,0.435,0.306,0.062,0.001,0.116,18.25
05:43.9,6887,-0.703,-0.548,0.377,0.252,0.134,-0.081,0.776,0.611,-0.161,-0.26,0.708,0.637,0.68,0.727,-0.089,0.034,-0.286,-0.383,-0.757,-0.445,-0.383,-0.564,0.533,-0.502,0.001,0.001,0.001,0.001,0.046,0.001,0.001,0.001,0.001,0.001,0.007,0.001,0.001,0.001,0.001,0.001,0.001,0.001,0.001,0.001,0.001,0.001,0.001,0.001,0.026,0.001,0.001,0.001,0.001,0.001,0.001,0.001,0.001,0.001,0.001,0.001,0.001,0.001,0.001,0.001,0.001,0.001,0.001,0.001,0.001,0.617,0.244,-0.593,0.456,0.612,0.788,0.648,0.446,0.79,0.364,0.143,0.034,0.142,0.786,0.779,0.657,0.482,0.491,0.324,0.287,0.048,0.004,0.89,0.772,0.653,0.451,0.208,0.424,0.696,0.002,0.276,0.066,0.346,0.339,0.183,0.072,0.452,0.642,0.009,0.131,0.072,0.617,0.67,1.121,0.676,0.443,0.308,0.077,0.001,0.121,18.422
05:43.9,6888,-0.706,-0.547,0.375,0.247,0.125,-0.076,0.775,0.615,-0.167,-0.259,0.71,0.634,0.681,0.726,-0.088,0.037,-0.288,-0.381,-0.757,-0.445,-0.383,-0.564,0.533,-0.502,0.001,0.001,0.001,0.001,0.046,0.001,0.001,0.001,0.001,0.001,0.007,0.001,0.001,0.001,0.001,0.001,0.001,0.001,0.001,0.001,0.001,0.001,0.001,0.001,0.026,0.001,0.001,0.001,0.001,0.001,0.001,0.001,0.001,0.001,0.001,0.001,0.001,0.001,0.001,0.001,0.001,0.001,0.001,0.001,0.001,0.616,0.246,-0.592,0.456,0.501,0.781,0.642,0.451,0.81,0.396,0.149,0.04,0.103,0.78,0.783,0.659,0.482,0.498,0.331,0.292,0.049,0.002,0.88,0.77,0.657,0.453,0.228,0.451,0.698,0.004,0.287,0.054,0.33,0.336,0.188,0.078,0.452,0.647,0.011,0.142,0.077,0.619,0.675,1.171,0.702,0.441,0.305,0.104,0.001,0.121,18.51
05:44.0,6889,-0.71,-0.546,0.373,0.243,0.115,-0.07,0.774,0.619,-0.173,-0.258,0.711,0.631,0.682,0.725,-0.085,0.038,-0.289,-0.379,-0.758,-0.445,-0.383,-0.564,0.533,-0.502,0.001,0.001,0.001,0.001,0.046,0.001,0.001,0.001,0.001,0.001,0.007,0.001,0.001,0.001,0.001,0.001,0.001,0.001,0.001,0.001,0.001,0.001,0.001,0.001,0.026,0.001,0.001,0.001,0.001,0.001,0.001,0.001,0.001,0.001,0.001,0.001,0.001,0.001,0.001,0.001,0.001,0.001,0.001,0.001,0.001,0.616,0.248,-0.593,0.456,0.42,0.77,0.637,0.451,0.822,0.425,0.165,0.046,0.061,0.772,0.79,0.662,0.486,0.509,0.336,0.3,0.059,0.001,0.867,0.763,0.665,0.46,0.245,0.465,0.702,0.005,0.31,0.043,0.298,0.327,0.188,0.085,0.465,0.651,0.027,0.159,0.078,0.624,0.681,1.239,0.728,0.438,0.302,0.132,0.001,0.121,18.66
05:44.0,6890,-0.713,-0.545,0.37,0.239,0.106,-0.065,0.773,0.622,-0.181,-0.257,0.712,0.627,0.682,0.726,-0.082,0.039,-0.288,-0.377,-0.759,-0.446,-0.383,-0.564,0.533,-0.502,0.001,0.001,0.001,0.001,0.046,0.001,0.001,0.001,0.001,0.001,0.007,0.001,0.001,0.001,0.001,0.001,0.001,0.001,0.001,0.001,0.001,0.001,0.001,0.001,0.026,0.001,0.001,0.001,0.001,0.001,0.001,0.001,0.001,0.001,0.001,0.001,0.001,0.001,0.001,0.001,0.001,0.001,0.001,0.001,0.001,0.616,0.248,-0.594,0.453,0.33,0.751,0.63,0.451,0.832,0.459,0.171,0.05,0.053,0.766,0.796,0.663,0.495,0.524,0.346,0.306,0.073,0.001,0.853,0.767,0.667,0.465,0.252,0.47,0.702,0.005,0.32,0.033,0.265,0.319,0.184,0.088,0.474,0.657,0.034,0.182,0.074,0.634,0.687,1.286,0.737,0.433,0.298,0.144,0.013,0.121,18.74
05:44.0,6891,-0.716,-0.545,0.367,0.236,0.096,-0.059,0.772,0.625,-0.19,-0.258,0.713,0.623,0.682,0.726,-0.08,0.04,-0.286,-0.376,-0.76,-0.447,-0.383,-0.564,0.533,-0.502,0.001,0.001,0.001,0.001,0.046,0.001,0.001,0.001,0.001,0.001,0.007,0.001,0.001,0.001,0.001,0.001,0.001,0.001,0.001,0.001,0.001,0.001,0.001,0.001,0.026,0.001,0.001,0.001,0.001,0.001,0.001,0.001,0.001,0.001,0.001,0.001,0.001,0.001,0.001,0.001,0.001,0.001,0.001,0.001,0.001,0.618,0.245,-0.597,0.449,0.219,0.736,0.613,0.446,0.844,0.49,0.184,0.054,0.001,0.75,0.799,0.669,0.51,0.532,0.354,0.316,0.081,0,0.835,0.768,0.667,0.468,0.271,0.485,0.706,0.006,0.332,0.023,0.231,0.302,0.173,0.093,0.484,0.662,0.049,0.206,0.074,0.632,0.689,1.324,0.753,0.427,0.295,0.167,0.017,0.121,18.737
05:44.0,6892,-0.718,-0.545,0.364,0.234,0.086,-0.052,0.771,0.629,-0.198,-0.26,0.714,0.619,0.681,0.727,-0.077,0.041,-0.284,-0.374,-0.761,-0.448,-0.383,-0.564,0.533,-0.502,0.001,0.001,0.001,0.001,0.046,0.001,0.001,0.001,0.001,0.001,0.007,0.001,0.001,0.001,0.001,0.001,0.001,0.001,0.001,0.001,0.001,0.001,0.001,0.001,0.026,0.001,0.001,0.001,0.001,0.001,0.001,0.001,0.001,0.001,0.001,0.001,0.001,0.001,0.001,0.001,0.001,0.001,0.001,0.001,0.001,0.619,0.244,-0.598,0.446,0.114,0.711,0.562,0.419,0.852,0.519,0.198,0.057,0,0.735,0.806,0.672,0.534,0.554,0.365,0.322,0.081,0.001,0.816,0.772,0.672,0.469,0.282,0.491,0.714,0.006,0.346,0.013,0.212,0.293,0.165,0.098,0.487,0.664,0.078,0.212,0.07,0.635,0.685,1.344,0.778,0.426,0.298,0.204,0.017,0.121,18.749
05:44.0,6893,-0.721,-0.545,0.361,0.232,0.077,-0.045,0.77,0.632,-0.205,-0.263,0.715,0.615,0.681,0.727,-0.076,0.044,-0.282,-0.373,-0.762,-0.449,-0.383,-0.564,0.533,-0.502,0.001,0.001,0.001,0.001,0.046,0.001,0.001,0.001,0.001,0.001,0.007,0.001,0.001,0.001,0.001,0.001,0.001,0.001,0.001,0.001,0.001,0.001,0.001,0.001,0.026,0.001,0.001,0.001,0.001,0.001,0.001,0.001,0.001,0.001,0.001,0.001,0.001,0.001,0.001,0.001,0.001,0.001,0.001,0.001,0.001,0.621,0.242,-0.601,0.442,0.032,0.679,0.536,0.413,0.86,0.538,0.211,0.062,0.001,0.719,0.8,0.668,0.546,0.58,0.368,0.328,0.093,0,0.8,0.766,0.67,0.47,0.293,0.499,0.72,0.007,0.346,0.009,0.198,0.266,0.155,0.098,0.492,0.665,0.095,0.225,0.067,0.636,0.683,1.372,0.801,0.42,0.299,0.21,0.017,0.121,18.713
05:44.0,6894,-0.723,-0.544,0.358,0.23,0.068,-0.038,0.768,0.635,-0.211,-0.267,0.716,0.61,0.68,0.728,-0.074,0.047,-0.279,-0.371,-0.762,-0.45,-0.445,-0.619,0.415,-0.496,0.001,0.001,0.001,0.001,0.044,0.001,0.001,0.001,0.001,0.001,0.007,0.001,0.001,0.001,0.001,0.001,0.001,0.001,0.001,0.001,0.001,0.001,0.001,0.001,0.027,0.001,0.001,0.001,0.001,0.001,0.001,0.001,0.001,0.001,0.001,0.001,0.001,0.001,0.001,0.001,0.001,0.001,0.001,0.001,0.001,0.621,0.242,-0.601,0.442,0.032,0.679,0.536,0.413,0.86,0.538,0.211,0.062,0.001,0.719,0.8,0.668,0.546,0.58,0.368,0.328,0.093,0,0.8,0.766,0.67,0.47,0.293,0.499,0.72,0.007,0.346,0.009,0.198,0.266,0.155,0.098,0.492,0.665,0.095,0.225,0.067,0.636,0.683,1.372,0.801,0.42,0.299,0.21,0.017,0.12,18.713
05:44.0,6895,-0.725,-0.544,0.355,0.228,0.06,-0.03,0.767,0.638,-0.217,-0.271,0.716,0.605,0.68,0.728,-0.072,0.051,-0.277,-0.37,-0.763,-0.451,-0.445,-0.619,0.415,-0.496,0.001,0.001,0.001,0.001,0.044,0.001,0.001,0.001,0.001,0.001,0.007,0.001,0.001,0.001,0.001,0.001,0.001,0.001,0.001,0.001,0.001,0.001,0.001,0.001,0.027,0.001,0.001,0.001,0.001,0.001,0.001,0.001,0.001,0.001,0.001,0.001,0.001,0.001,0.001,0.001,0.001,0.001,0.001,0.001,0.001,0.621,0.242,-0.601,0.442,0.032,0.679,0.536,0.413,0.86,0.538,0.211,0.062,0.001,0.719,0.8,0.668,0.546,0.58,0.368,0.328,0.093,0,0.8,0.766,0.67,0.47,0.293,0.499,0.72,0.007,0.346,0.009,0.198,0.266,0.155,0.098,0.492,0.665,0.095,0.225,0.067,0.636,0.683,1.372,0.801,0.42,0.299,0.21,0.017,0.12,18.713
05:44.0,6896,-0.727,-0.545,0.353,0.225,0.052,-0.022,0.766,0.641,-0.22,-0.276,0.717,0.601,0.679,0.728,-0.07,0.055,-0.275,-0.368,-0.764,-0.453,-0.445,-0.619,0.415,-0.496,0.001,0.001,0.001,0.001,0.044,0.001,0.001,0.001,0.001,0.001,0.007,0.001,0.001,0.001,0.001,0.001,0.001,0.001,0.001,0.001,0.001,0.001,0.001,0.001,0.027,0.001,0.001,0.001,0.001,0.001,0.001,0.001,0.001,0.001,0.001,0.001,0.001,0.001,0.001,0.001,0.001,0.001,0.001,0.001,0.001,0.621,0.242,-0.601,0.442,0.032,0.679,0.536,0.413,0.86,0.538,0.211,0.062,0.001,0.719,0.8,0.668,0.546,0.58,0.368,0.328,0.093,0,0.8,0.766,0.67,0.47,0.293,0.499,0.72,0.007,0.346,0.009,0.198,0.266,0.155,0.098,0.492,0.665,0.095,0.225,0.067,0.636,0.683,1.372,0.801,0.42,0.299,0.21,0.017,0.12,18.713
05:44.0,6897,-0.729,-0.545,0.35,0.223,0.045,-0.013,0.764,0.643,-0.223,-0.28,0.718,0.597,0.679,0.729,-0.069,0.058,-0.273,-0.366,-0.765,-0.454,-0.445,-0.619,0.415,-0.496,0.001,0.001,0.001,0.001,0.044,0.001,0.001,0.001,0.001,0.001,0.007,0.001,0.001,0.001,0.001,0.001,0.001,0.001,0.001,0.001,0.001,0.001,0.001,0.001,0.027,0.001,0.001,0.001,0.001,0.001,0.001,0.001,0.001,0.001,0.001,0.001,0.001,0.001,0.001,0.001,0.001,0.001,0.001,0.001,0.001,0.621,0.242,-0.601,0.442,0.032,0.679,0.536,0.413,0.86,0.538,0.211,0.062,0.001,0.719,0.8,0.668,0.546,0.58,0.368,0.328,0.093,0,0.8,0.766,0.67,0.47,0.293,0.499,0.72,0.007,0.346,0.009,0.198,0.266,0.155,0.098,0.492,0.665,0.095,0.225,0.067,0.636,0.683,1.372,0.801,0.42,0.299,0.21,0.017,0.12,18.713
05:44.0,6898,-0.731,-0.544,0.348,0.22,0.037,-0.005,0.763,0.645,-0.225,-0.284,0.719,0.593,0.678,0.729,-0.067,0.061,-0.272,-0.364,-0.766,-0.455,-0.445,-0.619,0.415,-0.496,0.001,0.001,0.001,0.001,0.044,0.001,0.001,0.001,0.001,0.001,0.007,0.001,0.001,0.001,0.001,0.001,0.001,0.001,0.001,0.001,0.001,0.001,0.001,0.001,0.027,0.001,0.001,0.001,0.001,0.001,0.001,0.001,0.001,0.001,0.001,0.001,0.001,0.001,0.001,0.001,0.001,0.001,0.001,0.001,0.001,0.621,0.242,-0.601,0.442,0.032,0.679,0.536,0.413,0.86,0.538,0.211,0.062,0.001,0.719,0.8,0.668,0.546,0.58,0.368,0.328,0.093,0,0.8,0.766,0.67,0.47,0.293,0.499,0.72,0.007,0.346,0.009,0.198,0.266,0.155,0.098,0.492,0.665,0.095,0.225,0.067,0.636,0.683,1.372,0.801,0.42,0.299,0.21,0.017,0.12,18.713
05:44.1,6899,-0.733,-0.544,0.346,0.217,0.03,0.004,0.762,0.647,-0.226,-0.287,0.719,0.591,0.678,0.729,-0.066,0.064,-0.271,-0.361,-0.767,-0.456,-0.445,-0.619,0.415,-0.496,0.001,0.001,0.001,0.001,0.044,0.001,0.001,0.001,0.001,0.001,0.007,0.001,0.001,0.001,0.001,0.001,0.001,0.001,0.001,0.001,0.001,0.001,0.001,0.001,0.027,0.001,0.001,0.001,0.001,0.001,0.001,0.001,0.001,0.001,0.001,0.001,0.001,0.001,0.001,0.001,0.001,0.001,0.001,0.001,0.001,0.621,0.242,-0.601,0.442,0.032,0.679,0.536,0.413,0.86,0.538,0.211,0.062,0.001,0.719,0.8,0.668,0.546,0.58,0.368,0.328,0.093,0,0.8,0.766,0.67,0.47,0.293,0.499,0.72,0.007,0.346,0.009,0.198,0.266,0.155,0.098,0.492,0.665,0.095,0.225,0.067,0.636,0.683,1.372,0.801,0.42,0.299,0.21,0.017,0.12,18.713
05:44.1,6900,-0.735,-0.544,0.344,0.214,0.022,0.013,0.76,0.649,-0.226,-0.29,0.72,0.589,0.678,0.729,-0.065,0.067,-0.271,-0.358,-0.767,-0.458,-0.445,-0.619,0.415,-0.496,0.001,0.001,0.001,0.001,0.044,0.001,0.001,0.001,0.001,0.001,0.007,0.001,0.001,0.001,0.001,0.001,0.001,0.001,0.001,0.001,0.001,0.001,0.001,0.001,0.027,0.001,0.001,0.001,0.001,0.001,0.001,0.001,0.001,0.001,0.001,0.001,0.001,0.001,0.001,0.001,0.001,0.001,0.001,0.001,0.001,0.632,0.229,-0.608,0.421,0.01,0.672,0.519,0.407,0.862,0.547,0.211,0.062,0,0.712,0.796,0.672,0.553,0.584,0.368,0.332,0.095,0,0.8,0.769,0.665,0.469,0.297,0.502,0.72,0.009,0.349,0.009,0.193,0.26,0.154,0.099,0.492,0.667,0.103,0.221,0.065,0.64,0.681,1.371,0.801,0.419,0.299,0.216,0.017,0.12,18.689
05:44.1,6901,-0.736,-0.544,0.342,0.211,0.013,0.021,0.758,0.651,-0.226,-0.292,0.72,0.587,0.677,0.729,-0.064,0.07,-0.27,-0.355,-0.768,-0.459,-0.408,-0.7,0.219,-0.544,0.001,0.001,0.001,0.001,0.06,0.001,0.001,0.001,0.001,0.001,0.001,0.001,0.001,0.001,0.001,0.001,0.001,0,0.001,0.001,0.001,0.001,0.001,0.001,0.026,0.001,0.001,0.001,0.001,0.001,0.001,0.001,0.001,0.001,0.001,0.001,0.001,0.001,0.001,0.001,0.001,0.001,0.001,0.001,0.001,0.634,0.228,-0.609,0.419,0.001,0.388,0.399,0.392,0.962,0.634,0.254,0.081,0,0.514,0.672,0.615,0.623,0.667,0.398,0.366,0.139,0,0.668,0.695,0.454,0.357,0.337,0.542,0.736,0.062,0.402,0.006,0.013,0.149,0.038,0.087,0.512,0.673,0.166,0.3,0.026,0.624,0.67,1.4,0.838,0.397,0.292,0.267,0.043,0.128,17.859
05:44.1,6902,-0.738,-0.544,0.341,0.208,0.004,0.029,0.757,0.653,-0.226,-0.293,0.721,0.585,0.677,0.73,-0.063,0.073,-0.27,-0.352,-0.768,-0.461,-0.408,-0.7,0.219,-0.544,0.001,0.001,0.001,0.001,0.06,0.001,0.001,0.001,0.001,0.001,0.001,0.001,0.001,0.001,0.001,0.001,0.001,0,0.001,0.001,0.001,0.001,0.001,0.001,0.026,0.001,0.001,0.001,0.001,0.001,0.001,0.001,0.001,0.001,0.001,0.001,0.001,0.001,0.001,0.001,0.001,0.001,0.001,0.001,0.001,0.635,0.227,-0.609,0.417,0,0.364,0.404,0.383,0.961,0.636,0.254,0.084,0,0.49,0.657,0.593,0.631,0.672,0.402,0.369,0.145,0,0.674,0.673,0.441,0.343,0.339,0.545,0.736,0.065,0.41,0.005,0.007,0.14,0.033,0.084,0.512,0.673,0.17,0.299,0.026,0.625,0.669,1.396,0.839,0.393,0.291,0.267,0.039,0.128,17.739
05:44.1,6903,-0.74,-0.544,0.339,0.205,-0.004,0.036,0.755,0.655,-0.225,-0.293,0.723,0.584,0.677,0.73,-0.062,0.075,-0.27,-0.349,-0.769,-0.463,-0.408,-0.7,0.219,-0.544,0.001,0.001,0.001,0.001,0.06,0.001,0.001,0.001,0.001,0.001,0.001,0.001,0.001,0.001,0.001,0.001,0.001,0,0.001,0.001,0.001,0.001,0.001,0.001,0.026,0.001,0.001,0.001,0.001,0.001,0.001,0.001,0.001,0.001,0.001,0.001,0.001,0.001,0.001,0.001,0.001,0.001,0.001,0.001,0.001,0.636,0.226,-0.609,0.416,0.001,0.33,0.382,0.348,0.958,0.631,0.254,0.084,0,0.465,0.656,0.601,0.63,0.676,0.403,0.37,0.147,0,0.669,0.659,0.416,0.33,0.342,0.547,0.737,0.067,0.426,0.005,0.007,0.129,0.034,0.083,0.512,0.672,0.17,0.302,0.028,0.626,0.669,1.389,0.834,0.393,0.291,0.269,0.039,0.128,17.581
05:44.1,6904,-0.741,-0.544,0.338,0.203,-0.013,0.043,0.752,0.657,-0.226,-0.294,0.724,0.582,0.676,0.73,-0.061,0.076,-0.27,-0.345,-0.769,-0.465,-0.408,-0.7,0.219,-0.544,0.001,0.001,0.001,0.001,0.06,0.001,0.001,0.001,0.001,0.001,0.001,0.001,0.001,0.001,0.001,0.001,0.001,0,0.001,0.001,0.001,0.001,0.001,0.001,0.026,0.001,0.001,0.001,0.001,0.001,0.001,0.001,0.001,0.001,0.001,0.001,0.001,0.001,0.001,0.001,0.001,0.001,0.001,0.001,0.001,0.636,0.226,-0.609,0.416,0.001,0.33,0.382,0.348,0.958,0.631,0.254,0.084,0,0.465,0.656,0.601,0.63,0.676,0.403,0.37,0.147,0,0.669,0.659,0.416,0.33,0.342,0.547,0.737,0.067,0.426,0.005,0.007,0.129,0.034,0.083,0.512,0.672,0.17,0.302,0.028,0.626,0.669,1.389,0.834,0.393,0.291,0.269,0.039,0.128,17.581
05:44.1,6905,-0.742,-0.544,0.337,0.2,-0.022,0.05,0.75,0.659,-0.227,-0.294,0.725,0.58,0.676,0.73,-0.06,0.076,-0.271,-0.342,-0.77,-0.467,-0.408,-0.7,0.219,-0.544,0.001,0.001,0.001,0.001,0.06,0.001,0.001,0.001,0.001,0.001,0.001,0.001,0.001,0.001,0.001,0.001,0.001,0,0.001,0.001,0.001,0.001,0.001,0.001,0.026,0.001,0.001,0.001,0.001,0.001,0.001,0.001,0.001,0.001,0.001,0.001,0.001,0.001,0.001,0.001,0.001,0.001,0.001,0.001,0.001,0.636,0.226,-0.609,0.416,0.001,0.33,0.382,0.348,0.958,0.631,0.254,0.084,0,0.465,0.656,0.601,0.63,0.676,0.403,0.37,0.147,0,0.669,0.659,0.416,0.33,0.342,0.547,0.737,0.067,0.426,0.005,0.007,0.129,0.034,0.083,0.512,0.672,0.17,0.302,0.028,0.626,0.669,1.389,0.834,0.393,0.291,0.269,0.039,0.128,17.581
05:44.1,6906,-0.743,-0.544,0.336,0.198,-0.031,0.057,0.748,0.661,-0.228,-0.294,0.725,0.579,0.676,0.73,-0.06,0.076,-0.271,-0.339,-0.77,-0.468,-0.408,-0.7,0.219,-0.544,0.001,0.001,0.001,0.001,0.06,0.001,0.001,0.001,0.001,0.001,0.001,0.001,0.001,0.001,0.001,0.001,0.001,0,0.001,0.001,0.001,0.001,0.001,0.001,0.026,0.001,0.001,0.001,0.001,0.001,0.001,0.001,0.001,0.001,0.001,0.001,0.001,0.001,0.001,0.001,0.001,0.001,0.001,0.001,0.001,0.636,0.226,-0.609,0.416,0.001,0.33,0.382,0.348,0.958,0.631,0.254,0.084,0,0.465,0.656,0.601,0.63,0.676,0.403,0.37,0.147,0,0.669,0.659,0.416,0.33,0.342,0.547,0.737,0.067,0.426,0.005,0.007,0.129,0.034,0.083,0.512,0.672,0.17,0.302,0.028,0.626,0.669,1.389,0.834,0.393,0.291,0.269,0.039,0.128,17.581
05:44.1,6907,-0.744,-0.545,0.335,0.195,-0.041,0.063,0.745,0.662,-0.228,-0.295,0.726,0.577,0.676,0.73,-0.061,0.077,-0.271,-0.336,-0.77,-0.469,-0.408,-0.7,0.219,-0.544,0.001,0.001,0.001,0.001,0.06,0.001,0.001,0.001,0.001,0.001,0.001,0.001,0.001,0.001,0.001,0.001,0.001,0,0.001,0.001,0.001,0.001,0.001,0.001,0.026,0.001,0.001,0.001,0.001,0.001,0.001,0.001,0.001,0.001,0.001,0.001,0.001,0.001,0.001,0.001,0.001,0.001,0.001,0.001,0.001,0.636,0.226,-0.609,0.416,0.001,0.33,0.382,0.348,0.958,0.631,0.254,0.084,0,0.465,0.656,0.601,0.63,0.676,0.403,0.37,0.147,0,0.669,0.659,0.416,0.33,0.342,0.547,0.737,0.067,0.426,0.005,0.007,0.129,0.034,0.083,0.512,0.672,0.17,0.302,0.028,0.626,0.669,1.389,0.834,0.393,0.291,0.269,0.039,0.128,17.581
05:44.1,6908,-0.744,-0.546,0.334,0.192,-0.052,0.068,0.743,0.663,-0.229,-0.296,0.727,0.576,0.676,0.73,-0.063,0.08,-0.271,-0.333,-0.771,-0.471,-0.313,-0.749,0.022,-0.583,0.001,0.001,0.001,0.001,0.085,0.001,0.001,0.001,0.001,0.001,0.001,0.001,0.001,0.001,0.001,0.001,0.001,0.001,0.001,0.001,0.001,0.001,0.001,0.001,0.033,0.001,0.001,0.001,0.001,0.001,0.001,0.001,0.001,0.001,0.001,0.001,0.001,0.001,0.001,0.001,0.001,0.001,0.001,0.001,0.001,0.636,0.226,-0.609,0.416,0.001,0.33,0.382,0.348,0.958,0.631,0.254,0.084,0,0.465,0.656,0.601,0.63,0.676,0.403,0.37,0.147,0,0.669,0.659,0.416,0.33,0.342,0.547,0.737,0.067,0.426,0.005,0.007,0.129,0.034,0.083,0.512,0.672,0.17,0.302,0.028,0.626,0.669,1.389,0.834,0.393,0.291,0.269,0.039,0.161,17.581
05:44.2,6909,-0.745,-0.547,0.332,0.188,-0.064,0.072,0.741,0.664,-0.23,-0.297,0.728,0.574,0.676,0.729,-0.065,0.084,-0.271,-0.33,-0.771,-0.473,-0.298,-0.754,-0.005,-0.585,0,0.001,0.001,0.001,0.033,0.001,0.001,0.001,0.001,0.001,0.001,0.001,0.001,0.001,0.001,0.001,0.001,0.001,0.001,0.001,0.001,0.001,0.001,0.001,0.028,0.001,0.001,0.001,0.001,0.001,0.001,0.001,0.001,0.001,0.001,0.001,0.001,0.001,0.001,0.001,0.001,0.001,0.001,0.001,0.001,0.636,0.226,-0.609,0.416,0.001,0.33,0.382,0.348,0.958,0.631,0.254,0.084,0,0.465,0.656,0.601,0.63,0.676,0.403,0.37,0.147,0,0.669,0.659,0.416,0.33,0.342,0.547,0.737,0.067,0.426,0.005,0.007,0.129,0.034,0.083,0.512,0.672,0.17,0.302,0.028,0.626,0.669,1.389,0.834,0.393,0.291,0.269,0.039,0.103,17.581
05:44.2,6910,-0.745,-0.548,0.331,0.185,-0.076,0.074,0.739,0.665,-0.231,-0.297,0.728,0.573,0.676,0.729,-0.067,0.09,-0.271,-0.327,-0.771,-0.474,-0.278,-0.758,-0.043,-0.589,0.001,0.001,0.001,0.001,0.035,0.001,0.001,0.001,0.001,0.001,0.001,0.001,0.001,0.001,0.001,0.001,0.001,0.001,0.001,0.001,0.001,0.001,0.001,0.001,0.028,0.001,0.001,0.001,0.001,0.001,0.001,0.001,0.001,0.001,0.001,0.001,0.001,0.001,0.001,0.001,0.001,0.001,0.001,0.001,0.001,0.652,0.214,-0.607,0.4,0,0.316,0.375,0.346,0.961,0.631,0.254,0.085,0,0.455,0.653,0.6,0.628,0.675,0.403,0.371,0.149,0,0.67,0.661,0.415,0.324,0.343,0.547,0.737,0.07,0.429,0.005,0.007,0.129,0.033,0.083,0.51,0.672,0.171,0.303,0.027,0.626,0.669,1.391,0.84,0.392,0.291,0.269,0.037,0.106,17.553
05:44.2,6911,-0.746,-0.55,0.329,0.182,-0.087,0.076,0.738,0.665,-0.233,-0.296,0.729,0.571,0.676,0.728,-0.068,0.095,-0.271,-0.325,-0.771,-0.475,-0.265,-0.759,-0.069,-0.591,0.001,0.001,0.001,0.001,0.029,0.001,0.001,0.001,0.001,0.001,0.001,0.001,0.001,0.001,0.001,0.001,0.001,0.001,0.001,0.001,0.001,0.001,0.001,0.001,0.028,0.001,0.001,0.001,0.001,0.001,0.001,0.001,0.001,0.001,0.001,0.001,0.001,0.001,0.001,0.001,0.001,0.001,0.001,0.001,0.001,0.653,0.214,-0.606,0.4,0,0.168,0.209,0.256,0.915,0.586,0.253,0.092,0,0.366,0.672,0.579,0.629,0.701,0.408,0.38,0.145,0,0.679,0.602,0.338,0.261,0.379,0.564,0.739,0.089,0.454,0.004,0.007,0.106,0.022,0.063,0.515,0.667,0.176,0.324,0.009,0.635,0.667,1.424,0.847,0.387,0.302,0.239,0.038,0.1,16.896
05:44.2,6912,-0.746,-0.552,0.326,0.18,-0.098,0.077,0.736,0.665,-0.236,-0.295,0.73,0.57,0.676,0.727,-0.069,0.1,-0.272,-0.322,-0.772,-0.476,-0.244,-0.76,-0.108,-0.592,0.001,0.001,0.001,0.001,0.023,0.001,0.001,0.001,0.001,0.001,0.001,0.001,0.001,0.001,0.001,0.001,0.001,0.001,0.001,0.001,0.001,0.001,0.001,0.001,0.029,0.001,0,0.001,0.001,0.001,0.001,0.001,0.001,0.001,0.001,0.001,0.001,0.001,0.001,0.001,0.001,0.001,0.001,0,0.001,0.655,0.215,-0.604,0.4,0,0.14,0.184,0.259,0.921,0.586,0.258,0.093,0,0.358,0.652,0.586,0.628,0.7,0.411,0.381,0.149,0,0.673,0.596,0.314,0.252,0.379,0.568,0.74,0.089,0.454,0.004,0.006,0.096,0.02,0.07,0.514,0.664,0.175,0.326,0.007,0.632,0.665,1.437,0.847,0.382,0.302,0.236,0.04,0.093,16.794
05:44.2,6913,-0.745,-0.555,0.324,0.179,-0.107,0.077,0.734,0.666,-0.24,-0.293,0.73,0.569,0.676,0.726,-0.069,0.104,-0.272,-0.32,-0.772,-0.477,-0.228,-0.761,-0.137,-0.592,0.001,0.001,0.001,0.001,0.02,0.001,0.001,0.001,0.001,0.001,0.001,0.001,0.001,0.001,0.001,0.001,0.001,0.001,0.001,0.001,0.001,0.001,0.001,0.001,0.031,0.001,0.001,0.001,0.001,0.001,0.001,0.001,0.001,0.001,0.001,0.001,0.001,0.001,0.001,0.001,0.001,0.001,0.001,0.001,0.001,0.655,0.216,-0.603,0.401,0.001,0.125,0.154,0.241,0.923,0.6,0.261,0.094,0,0.327,0.62,0.576,0.618,0.696,0.414,0.382,0.144,0,0.647,0.595,0.302,0.245,0.38,0.568,0.741,0.085,0.462,0.004,0.006,0.083,0.017,0.062,0.515,0.665,0.181,0.32,0.009,0.631,0.665,1.436,0.857,0.381,0.303,0.234,0.039,0.094,16.609
05:44.2,6914,-0.744,-0.558,0.321,0.179,-0.116,0.076,0.732,0.666,-0.245,-0.292,0.73,0.568,0.677,0.725,-0.069,0.106,-0.273,-0.317,-0.772,-0.478,-0.228,-0.761,-0.137,-0.592,0.001,0.001,0.001,0.001,0.02,0.001,0.001,0.001,0.001,0.001,0.001,0.001,0.001,0.001,0.001,0.001,0.001,0.001,0.001,0.001,0.001,0.001,0.001,0.001,0.031,0.001,0.001,0.001,0.001,0.001,0.001,0.001,0.001,0.001,0.001,0.001,0.001,0.001,0.001,0.001,0.001,0.001,0.001,0.001,0.001,0.656,0.217,-0.602,0.401,0,0.081,0.125,0.233,0.927,0.598,0.263,0.095,0,0.298,0.597,0.569,0.618,0.687,0.419,0.386,0.15,0.001,0.62,0.567,0.272,0.241,0.381,0.568,0.742,0.089,0.454,0.004,0.006,0.068,0.017,0.061,0.515,0.663,0.176,0.328,0.009,0.631,0.667,1.446,0.844,0.375,0.303,0.236,0.042,0.094,16.372
05:44.2,6915,-0.743,-0.561,0.318,0.18,-0.125,0.076,0.73,0.667,-0.25,-0.292,0.729,0.566,0.677,0.725,-0.069,0.107,-0.273,-0.315,-0.772,-0.479,-0.228,-0.761,-0.137,-0.592,0.001,0.001,0.001,0.001,0.02,0.001,0.001,0.001,0.001,0.001,0.001,0.001,0.001,0.001,0.001,0.001,0.001,0.001,0.001,0.001,0.001,0.001,0.001,0.001,0.031,0.001,0.001,0.001,0.001,0.001,0.001,0.001,0.001,0.001,0.001,0.001,0.001,0.001,0.001,0.001,0.001,0.001,0.001,0.001,0.001,0.657,0.216,-0.601,0.4,0.001,0.056,0.085,0.178,0.919,0.592,0.264,0.095,0,0.241,0.537,0.564,0.609,0.681,0.42,0.387,0.153,0.001,0.551,0.543,0.248,0.223,0.388,0.57,0.744,0.094,0.451,0.002,0.005,0.061,0.01,0.059,0.515,0.664,0.175,0.327,0.009,0.634,0.667,1.449,0.857,0.38,0.303,0.238,0.042,0.094,15.992
05:44.2,6916,-0.741,-0.564,0.315,0.18,-0.133,0.076,0.728,0.668,-0.254,-0.292,0.729,0.564,0.677,0.725,-0.069,0.109,-0.274,-0.314,-0.772,-0.48,-0.228,-0.761,-0.137,-0.592,0.001,0.001,0.001,0.001,0.02,0.001,0.001,0.001,0.001,0.001,0.001,0.001,0.001,0.001,0.001,0.001,0.001,0.001,0.001,0.001,0.001,0.001,0.001,0.001,0.031,0.001,0.001,0.001,0.001,0.001,0.001,0.001,0.001,0.001,0.001,0.001,0.001,0.001,0.001,0.001,0.001,0.001,0.001,0.001,0.001,0.66,0.214,-0.601,0.397,0.001,0.021,0.06,0.158,0.896,0.582,0.267,0.098,0,0.183,0.512,0.54,0.611,0.672,0.419,0.391,0.144,0,0.484,0.514,0.195,0.222,0.382,0.573,0.744,0.092,0.475,0.001,0.005,0.051,0.006,0.057,0.518,0.662,0.175,0.325,0.009,0.632,0.667,1.462,0.846,0.381,0.305,0.253,0.043,0.094,15.634
05:44.2,6917,-0.74,-0.568,0.312,0.181,-0.141,0.075,0.726,0.668,-0.258,-0.294,0.728,0.563,0.677,0.725,-0.069,0.111,-0.274,-0.312,-0.773,-0.48,-0.228,-0.761,-0.137,-0.592,0.001,0.001,0.001,0.001,0.02,0.001,0.001,0.001,0.001,0.001,0.001,0.001,0.001,0.001,0.001,0.001,0.001,0.001,0.001,0.001,0.001,0.001,0.001,0.001,0.031,0.001,0.001,0.001,0.001,0.001,0.001,0.001,0.001,0.001,0.001,0.001,0.001,0.001,0.001,0.001,0.001,0.001,0.001,0.001,0.001,0.662,0.211,-0.601,0.394,0.001,0.012,0.021,0.122,0.908,0.586,0.266,0.099,0,0.14,0.464,0.497,0.585,0.669,0.419,0.392,0.138,0,0.449,0.486,0.183,0.206,0.389,0.576,0.744,0.09,0.477,0.001,0.004,0.031,0.005,0.056,0.52,0.661,0.183,0.322,0.009,0.634,0.669,1.474,0.851,0.381,0.304,0.258,0.044,0.094,15.326
05:44.2,6918,-0.738,-0.571,0.31,0.182,-0.149,0.073,0.724,0.669,-0.26,-0.296,0.728,0.561,0.676,0.724,-0.07,0.114,-0.273,-0.311,-0.773,-0.481,-0.228,-0.761,-0.137,-0.592,0.001,0.001,0.001,0.001,0.02,0.001,0.001,0.001,0.001,0.001,0.001,0.001,0.001,0.001,0.001,0.001,0.001,0.001,0.001,0.001,0.001,0.001,0.001,0.001,0.031,0.001,0.001,0.001,0.001,0.001,0.001,0.001,0.001,0.001,0.001,0.001,0.001,0.001,0.001,0.001,0.001,0.001,0.001,0.001,0.001,0.662,0.211,-0.601,0.394,0.001,0.012,0.021,0.122,0.908,0.586,0.266,0.099,0,0.14,0.464,0.497,0.585,0.669,0.419,0.392,0.138,0,0.449,0.486,0.183,0.206,0.389,0.576,0.744,0.09,0.477,0.001,0.004,0.031,0.005,0.056,0.52,0.661,0.183,0.322,0.009,0.634,0.669,1.474,0.851,0.381,0.304,0.258,0.044,0.094,15.326
05:44.3,6919,-0.736,-0.574,0.308,0.182,-0.157,0.071,0.722,0.669,-0.261,-0.298,0.727,0.561,0.676,0.724,-0.07,0.117,-0.272,-0.309,-0.773,-0.482,-0.228,-0.761,-0.137,-0.592,0.001,0.001,0.001,0.001,0.02,0.001,0.001,0.001,0.001,0.001,0.001,0.001,0.001,0.001,0.001,0.001,0.001,0.001,0.001,0.001,0.001,0.001,0.001,0.001,0.031,0.001,0.001,0.001,0.001,0.001,0.001,0.001,0.001,0.001,0.001,0.001,0.001,0.001,0.001,0.001,0.001,0.001,0.001,0.001,0.001,0.662,0.211,-0.601,0.394,0.001,0.012,0.021,0.122,0.908,0.586,0.266,0.099,0,0.14,0.464,0.497,0.585,0.669,0.419,0.392,0.138,0,0.449,0.486,0.183,0.206,0.389,0.576,0.744,0.09,0.477,0.001,0.004,0.031,0.005,0.056,0.52,0.661,0.183,0.322,0.009,0.634,0.669,1.474,0.851,0.381,0.304,0.258,0.044,0.094,15.326
05:44.3,6920,-0.734,-0.578,0.307,0.182,-0.165,0.068,0.72,0.67,-0.261,-0.3,0.726,0.561,0.676,0.724,-0.071,0.121,-0.27,-0.308,-0.774,-0.483,-0.228,-0.761,-0.137,-0.592,0.001,0.001,0.001,0.001,0.02,0.001,0.001,0.001,0.001,0.001,0.001,0.001,0.001,0.001,0.001,0.001,0.001,0.001,0.001,0.001,0.001,0.001,0.001,0.001,0.031,0.001,0.001,0.001,0.001,0.001,0.001,0.001,0.001,0.001,0.001,0.001,0.001,0.001,0.001,0.001,0.001,0.001,0.001,0.001,0.001,0.662,0.211,-0.601,0.394,0.001,0.012,0.021,0.122,0.908,0.586,0.266,0.099,0,0.14,0.464,0.497,0.585,0.669,0.419,0.392,0.138,0,0.449,0.486,0.183,0.206,0.389,0.576,0.744,0.09,0.477,0.001,0.004,0.031,0.005,0.056,0.52,0.661,0.183,0.322,0.009,0.634,0.669,1.474,0.851,0.381,0.304,0.258,0.044,0.094,15.326
05:44.3,6921,-0.732,-0.581,0.305,0.182,-0.173,0.063,0.719,0.67,-0.261,-0.302,0.725,0.561,0.675,0.724,-0.072,0.124,-0.268,-0.306,-0.774,-0.485,-0.079,-0.751,-0.353,-0.552,0.001,0.001,0.001,0.001,0.016,0.001,0.001,0.001,0,0.001,0.001,0.001,0.001,0.001,0.001,0.001,0.001,0.001,0.001,0.001,0.001,0.001,0.001,0.001,0.032,0.001,0.001,0.001,0.001,0.001,0.001,0.001,0.001,0.001,0.001,0.001,0.001,0.001,0.001,0.001,0.001,0.001,0.001,0.001,0.001,0.662,0.211,-0.601,0.394,0.001,0.012,0.021,0.122,0.908,0.586,0.266,0.099,0,0.14,0.464,0.497,0.585,0.669,0.419,0.392,0.138,0,0.449,0.486,0.183,0.206,0.389,0.576,0.744,0.09,0.477,0.001,0.004,0.031,0.005,0.056,0.52,0.661,0.183,0.322,0.009,0.634,0.669,1.474,0.851,0.381,0.304,0.258,0.044,0.09,15.326
05:44.3,6922,-0.731,-0.584,0.303,0.182,-0.182,0.057,0.717,0.67,-0.261,-0.305,0.723,0.562,0.675,0.723,-0.073,0.126,-0.265,-0.305,-0.774,-0.487,-0.06,-0.749,-0.378,-0.541,0.001,0.001,0.001,0.001,0.001,0.001,0.001,0.001,0.001,0.001,0.001,0.001,0.001,0.001,0.001,0.001,0.001,0.001,0.001,0.001,0.001,0.001,0.001,0.001,0.034,0.001,0.001,0.001,0.001,0.001,0.001,0.001,0.001,0.001,0.001,0.001,0.001,0.001,0.001,0.001,0.001,0.001,0.001,0.001,0.001,0.662,0.211,-0.601,0.394,0.001,0.012,0.021,0.122,0.908,0.586,0.266,0.099,0,0.14,0.464,0.497,0.585,0.669,0.419,0.392,0.138,0,0.449,0.486,0.183,0.206,0.389,0.576,0.744,0.09,0.477,0.001,0.004,0.031,0.005,0.056,0.52,0.661,0.183,0.322,0.009,0.634,0.669,1.474,0.851,0.381,0.304,0.258,0.044,0.078,15.326
05:44.3,6923,-0.729,-0.587,0.302,0.181,-0.189,0.049,0.716,0.67,-0.262,-0.307,0.721,0.563,0.675,0.722,-0.074,0.129,-0.263,-0.303,-0.775,-0.489,-0.034,-0.746,-0.411,-0.523,0.001,0.001,0.001,0.001,0.002,0.001,0.001,0.001,0.001,0.001,0.024,0.001,0.001,0.001,0.001,0.001,0.001,0.001,0.001,0.001,0.001,0.001,0.001,0.001,0.029,0.001,0.001,0.001,0.001,0.001,0.001,0.001,0.001,0.001,0.001,0.001,0.001,0.001,0.001,0.001,0.001,0.001,0.001,0.001,0.001,0.662,0.211,-0.601,0.394,0.001,0.012,0.021,0.122,0.908,0.586,0.266,0.099,0,0.14,0.464,0.497,0.585,0.669,0.419,0.392,0.138,0,0.449,0.486,0.183,0.206,0.389,0.576,0.744,0.09,0.477,0.001,0.004,0.031,0.005,0.056,0.52,0.661,0.183,0.322,0.009,0.634,0.669,1.474,0.851,0.381,0.304,0.258,0.044,0.097,15.326
05:44.3,6924,-0.728,-0.59,0.3,0.181,-0.194,0.038,0.715,0.67,-0.263,-0.31,0.719,0.564,0.676,0.721,-0.077,0.133,-0.26,-0.301,-0.775,-0.491,-0.011,-0.744,-0.433,-0.508,0.001,0.001,0.001,0.001,0.007,0.001,0.001,0.001,0.001,0.001,0.068,0.001,0.001,0.001,0.001,0.001,0.001,0.001,0.001,0.001,0.001,0.001,0.001,0.001,0.028,0.001,0.001,0.001,0.001,0.001,0.001,0.001,0.001,0.001,0.001,0.001,0.001,0.001,0.001,0.001,0.001,0.001,0.001,0.001,0.001,0.678,0.194,-0.597,0.383,0,0.001,0.007,0.096,0.913,0.579,0.267,0.099,0,0.114,0.449,0.487,0.581,0.668,0.419,0.393,0.139,0.001,0.421,0.452,0.17,0.194,0.388,0.576,0.744,0.09,0.48,0.001,0.004,0.029,0.005,0.061,0.52,0.661,0.182,0.324,0.009,0.634,0.669,1.487,0.846,0.381,0.305,0.259,0.05,0.145,15.155
05:44.3,6925,-0.727,-0.592,0.299,0.18,-0.195,0.027,0.715,0.67,-0.264,-0.312,0.717,0.565,0.676,0.719,-0.08,0.138,-0.259,-0.299,-0.774,-0.493,0.023,-0.746,-0.457,-0.483,0.001,0.001,0.001,0.001,0.013,0.001,0.001,0.001,0.001,0.103,0.123,0.001,0.001,0.001,0.001,0.001,0.001,0.001,0.037,0.001,0.001,0.001,0.001,0.001,0.024,0.001,0.001,0.001,0.001,0.001,0.001,0.001,0.001,0.001,0.001,0.001,0.001,0.001,0.001,0.001,0.001,0.001,0.001,0.001,0.001,0.678,0.194,-0.594,0.386,0,0.001,0,0,0.516,0.524,0.284,0.085,0,0,0.046,0.07,0.376,0.626,0.425,0.393,0.145,0,0.001,0.057,0,0.054,0.256,0.586,0.746,0.111,0.497,0,0.001,0.001,0.002,0.016,0.505,0.665,0.232,0.315,0.007,0.632,0.695,1.496,0.93,0.407,0.331,0.358,0.138,0.34,12.53
05:44.3,6926,-0.725,-0.594,0.297,0.179,-0.192,0.015,0.716,0.671,-0.267,-0.313,0.714,0.566,0.677,0.718,-0.083,0.143,-0.258,-0.297,-0.774,-0.496,0.045,-0.749,-0.471,-0.464,0.016,0.011,0.001,0.001,0.01,0.001,0.001,0.001,0.001,0.228,0.2,0.001,0.001,0.001,0.001,0.001,0.001,0.001,0.186,0.001,0.001,0.001,0.001,0.001,0.02,0.001,0.001,0.001,0.001,0.001,0.001,0.001,0.001,0.001,0.001,0.001,0.001,0.001,0.001,0.001,0.001,0.001,0.001,0.001,0.001,0.678,0.195,-0.591,0.391,0,0.001,0,0,0.469,0.502,0.294,0.084,0,0.001,0.044,0.06,0.321,0.56,0.43,0.392,0.153,0,0.001,0.044,0,0.033,0.206,0.592,0.747,0.117,0.493,0.001,0.001,0,0.001,0.005,0.495,0.667,0.241,0.297,0.006,0.625,0.696,1.49,0.947,0.403,0.335,0.361,0.167,0.709,12.282
05:44.3,6927,-0.725,-0.597,0.295,0.178,-0.186,0.003,0.718,0.671,-0.27,-0.315,0.711,0.567,0.677,0.716,-0.086,0.148,-0.258,-0.295,-0.774,-0.498,0.045,-0.749,-0.471,-0.464,0.016,0.011,0.001,0.001,0.01,0.001,0.001,0.001,0.001,0.228,0.2,0.001,0.001,0.001,0.001,0.001,0.001,0.001,0.186,0.001,0.001,0.001,0.001,0.001,0.02,0.001,0.001,0.001,0.001,0.001,0.001,0.001,0.001,0.001,0.001,0.001,0.001,0.001,0.001,0.001,0.001,0.001,0.001,0.001,0.001,0.677,0.196,-0.587,0.398,0.001,0.001,0,0.001,0.374,0.435,0.3,0.085,0.001,0,0.042,0.038,0.275,0.497,0.442,0.388,0.164,0.001,0,0.031,0,0.016,0.144,0.601,0.75,0.118,0.508,0,0,0,0.001,0.004,0.486,0.668,0.249,0.311,0.005,0.612,0.696,1.479,1.007,0.397,0.336,0.358,0.184,0.709,12.006
05:44.3,6928,-0.724,-0.599,0.293,0.176,-0.177,-0.009,0.722,0.669,-0.274,-0.317,0.708,0.568,0.678,0.714,-0.089,0.153,-0.258,-0.292,-0.773,-0.501,0.045,-0.749,-0.471,-0.464,0.016,0.011,0.001,0.001,0.01,0.001,0.001,0.001,0.001,0.228,0.2,0.001,0.001,0.001,0.001,0.001,0.001,0.001,0.186,0.001,0.001,0.001,0.001,0.001,0.02,0.001,0.001,0.001,0.001,0.001,0.001,0.001,0.001,0.001,0.001,0.001,0.001,0.001,0.001,0.001,0.001,0.001,0.001,0.001,0.001,0.675,0.197,-0.585,0.405,0,0.001,0.001,0,0.333,0.388,0.306,0.084,0,0,0.038,0.023,0.259,0.424,0.449,0.387,0.17,0,0.001,0.005,0,0.001,0.118,0.606,0.752,0.118,0.475,0.001,0,0,0.001,0.002,0.484,0.669,0.259,0.287,0.004,0.602,0.697,1.466,1.035,0.391,0.337,0.364,0.195,0.709,11.733
05:44.4,6929,-0.724,-0.602,0.29,0.174,-0.169,-0.02,0.726,0.666,-0.278,-0.32,0.704,0.57,0.678,0.712,-0.092,0.158,-0.259,-0.289,-0.772,-0.503,0.045,-0.749,-0.471,-0.464,0.016,0.011,0.001,0.001,0.01,0.001,0.001,0.001,0.001,0.228,0.2,0.001,0.001,0.001,0.001,0.001,0.001,0.001,0.186,0.001,0.001,0.001,0.001,0.001,0.02,0.001,0.001,0.001,0.001,0.001,0.001,0.001,0.001,0.001,0.001,0.001,0.001,0.001,0.001,0.001,0.001,0.001,0.001,0.001,0.001,0.671,0.199,-0.582,0.414,0,0.001,0,0,0.299,0.337,0.315,0.084,0,0,0.028,0.011,0.21,0.405,0.458,0.383,0.177,0,0.001,0,0.001,0.001,0.081,0.612,0.752,0.115,0.466,0.001,0,0.001,0,0.002,0.48,0.674,0.261,0.289,0.002,0.582,0.698,1.466,1.05,0.38,0.336,0.358,0.216,0.709,11.533
05:44.4,6930,-0.723,-0.605,0.286,0.173,-0.163,-0.023,0.728,0.665,-0.281,-0.323,0.7,0.572,0.679,0.71,-0.095,0.163,-0.259,-0.286,-0.772,-0.505,0.045,-0.749,-0.471,-0.464,0.016,0.011,0.001,0.001,0.01,0.001,0.001,0.001,0.001,0.228,0.2,0.001,0.001,0.001,0.001,0.001,0.001,0.001,0.186,0.001,0.001,0.001,0.001,0.001,0.02,0.001,0.001,0.001,0.001,0.001,0.001,0.001,0.001,0.001,0.001,0.001,0.001,0.001,0.001,0.001,0.001,0.001,0.001,0.001,0.001,0.667,0.201,-0.581,0.421,0,0,0.001,0.001,0.237,0.328,0.322,0.085,0,0.001,0.024,0,0.134,0.346,0.471,0.38,0.176,0,0,0,0.001,0,0.065,0.621,0.755,0.11,0.437,0,0,0,0.001,0.002,0.474,0.678,0.27,0.293,0.002,0.562,0.698,1.462,1.094,0.364,0.333,0.357,0.239,0.709,11.324
05:44.4,6931,-0.721,-0.609,0.281,0.173,-0.157,-0.014,0.727,0.668,-0.283,-0.326,0.695,0.574,0.679,0.707,-0.098,0.168,-0.259,-0.282,-0.773,-0.506,0.045,-0.749,-0.471,-0.464,0.016,0.011,0.001,0.001,0.01,0.001,0.001,0.001,0.001,0.228,0.2,0.001,0.001,0.001,0.001,0.001,0.001,0.001,0.186,0.001,0.001,0.001,0.001,0.001,0.02,0.001,0.001,0.001,0.001,0.001,0.001,0.001,0.001,0.001,0.001,0.001,0.001,0.001,0.001,0.001,0.001,0.001,0.001,0.001,0.001,0.661,0.203,-0.58,0.431,0,0.001,0.001,0.001,0.195,0.288,0.327,0.084,0,0,0.018,0.001,0.082,0.335,0.481,0.379,0.176,0,0,0,0,0.001,0.057,0.632,0.761,0.104,0.427,0,0,0.001,0.001,0.001,0.464,0.681,0.267,0.295,0.002,0.531,0.695,1.458,1.072,0.357,0.328,0.357,0.27,0.709,11.131
05:44.4,6932,-0.719,-0.613,0.277,0.174,-0.154,-0.004,0.724,0.672,-0.284,-0.33,0.691,0.578,0.68,0.705,-0.101,0.173,-0.26,-0.279,-0.773,-0.506,0.045,-0.749,-0.471,-0.464,0.016,0.011,0.001,0.001,0.01,0.001,0.001,0.001,0.001,0.228,0.2,0.001,0.001,0.001,0.001,0.001,0.001,0.001,0.186,0.001,0.001,0.001,0.001,0.001,0.02,0.001,0.001,0.001,0.001,0.001,0.001,0.001,0.001,0.001,0.001,0.001,0.001,0.001,0.001,0.001,0.001,0.001,0.001,0.001,0.001,0.654,0.205,-0.58,0.439,0,0,0,0.001,0.144,0.255,0.311,0.082,0,0.001,0.016,0,0.018,0.305,0.493,0.38,0.175,0,0,0.001,0.001,0,0.038,0.648,0.764,0.1,0.418,0,0.001,0.001,0.001,0.001,0.453,0.69,0.264,0.291,0.001,0.51,0.692,1.468,1,0.341,0.321,0.354,0.305,0.709,10.845
05:44.4,6933,-0.717,-0.617,0.274,0.177,-0.157,-0.001,0.722,0.673,-0.283,-0.333,0.686,0.582,0.681,0.703,-0.104,0.178,-0.261,-0.276,-0.774,-0.506,0.174,-0.79,-0.409,-0.422,0.256,0.101,0.001,0.001,0.01,0.001,0.001,0.001,0.144,0.372,0.263,0.001,0.001,0.001,0.001,0.001,0.001,0.001,0.335,0.001,0.001,0.001,0.001,0.001,0.02,0.001,0.001,0.001,0.001,0.001,0.001,0.001,0.001,0.001,0.001,0.001,0.001,0.001,0.001,0.001,0.001,0.001,0.001,0.001,0.001,0.644,0.208,-0.581,0.451,0,0,0.001,0,0.082,0.233,0.313,0.082,0.001,0.001,0.02,0,0.013,0.261,0.484,0.376,0.173,0,0,0.001,0,0,0.043,0.658,0.767,0.087,0.391,0,0.001,0,0,0.001,0.446,0.697,0.264,0.266,0.001,0.48,0.69,1.482,1.051,0.324,0.313,0.342,0.326,1.538,10.671
05:44.4,6934,-0.715,-0.619,0.271,0.181,-0.165,-0.004,0.722,0.671,-0.281,-0.337,0.681,0.586,0.681,0.7,-0.106,0.183,-0.262,-0.274,-0.775,-0.505,0.188,-0.789,-0.41,-0.417,0.846,0.744,0.602,0.001,0.217,0.001,0.001,0.001,0.873,0.801,0.723,0.024,0.001,0.001,0.001,0.001,0.001,0.541,0.817,0.716,0.001,0.032,0.001,0.001,0.048,0.001,0.001,0.353,0.159,0.001,0.001,0.001,0.001,0.001,0.001,0.001,0.001,0.001,0.001,0.001,0.048,0.001,0.001,0.001,0.001,0.637,0.21,-0.582,0.461,0.001,0,0,0,0.018,0.203,0.309,0.072,0,0.001,0.018,0.001,0,0.25,0.463,0.376,0.168,0,0.001,0,0,0,0.056,0.636,0.777,0.061,0.376,0.001,0,0,0.001,0.001,0.43,0.707,0.263,0.253,0.001,0.458,0.687,1.496,1.093,0.33,0.3,0.33,0.325,7.573,10.463
05:44.4,6935,-0.713,-0.621,0.268,0.184,-0.172,-0.009,0.723,0.668,-0.277,-0.34,0.675,0.592,0.682,0.698,-0.108,0.189,-0.264,-0.273,-0.776,-0.503,0.202,-0.787,-0.401,-0.424,0.863,0.734,0.637,0.001,0.261,0.001,0.001,0.001,0.842,0.822,0.73,0.059,0.001,0.001,0.001,0.001,0.001,0.52,0.822,0.737,0.001,0.032,0.001,0.001,0.056,0.001,0.001,0.347,0.184,0.001,0.001,0.001,0.001,0.001,0.001,0.001,0.001,0.001,0.001,0.001,0.037,0.001,0.001,0.001,0.001,0.626,0.213,-0.583,0.472,0,0.001,0,0.001,0,0.151,0.292,0.06,0,0,0.016,0.001,0,0.236,0.449,0.368,0.17,0,0.001,0.005,0.001,0,0.066,0.595,0.791,0.055,0.363,0,0,0.001,0,0.001,0.41,0.722,0.263,0.237,0.001,0.418,0.684,1.502,1.083,0.368,0.286,0.3,0.333,7.712,10.231
05:44.4,6936,-0.714,-0.62,0.265,0.185,-0.178,-0.015,0.724,0.666,-0.273,-0.343,0.669,0.6,0.682,0.696,-0.11,0.195,-0.266,-0.272,-0.777,-0.501,0.202,-0.787,-0.401,-0.424,0.863,0.734,0.637,0.001,0.261,0.001,0.001,0.001,0.842,0.822,0.73,0.059,0.001,0.001,0.001,0.001,0.001,0.52,0.822,0.737,0.001,0.032,0.001,0.001,0.056,0.001,0.001,0.347,0.184,0.001,0.001,0.001,0.001,0.001,0.001,0.001,0.001,0.001,0.001,0.001,0.037,0.001,0.001,0.001,0.001,0.609,0.217,-0.584,0.491,0,0,0,0.001,0.001,0.123,0.26,0.055,0,0,0.018,0,0.001,0.254,0.437,0.344,0.178,0,0.001,0.006,0,0.001,0.081,0.538,0.802,0.04,0.372,0,0.001,0.001,0.001,0.001,0.388,0.744,0.252,0.231,0.001,0.427,0.683,1.518,1.043,0.393,0.269,0.28,0.331,7.712,10.077
05:44.4,6937,-0.717,-0.618,0.265,0.184,-0.185,-0.024,0.723,0.665,-0.269,-0.345,0.662,0.608,0.682,0.694,-0.111,0.202,-0.269,-0.272,-0.778,-0.499,0.202,-0.787,-0.401,-0.424,0.863,0.734,0.637,0.001,0.261,0.001,0.001,0.001,0.842,0.822,0.73,0.059,0.001,0.001,0.001,0.001,0.001,0.52,0.822,0.737,0.001,0.032,0.001,0.001,0.056,0.001,0.001,0.347,0.184,0.001,0.001,0.001,0.001,0.001,0.001,0.001,0.001,0.001,0.001,0.001,0.037,0.001,0.001,0.001,0.001,0.595,0.221,-0.584,0.506,0.001,0.001,0.001,0,0.001,0.112,0.214,0.039,0.001,0.001,0.021,0,0.001,0.26,0.4,0.314,0.192,0,0,0.012,0.001,0,0.048,0.496,0.816,0.034,0.382,0.001,0,0.001,0,0,0.408,0.77,0.238,0.188,0.001,0.463,0.686,1.523,1.026,0.437,0.233,0.242,0.265,7.712,9.83
05:44.4,6938,-0.72,-0.615,0.267,0.182,-0.192,-0.037,0.723,0.662,-0.264,-0.347,0.654,0.617,0.681,0.692,-0.112,0.211,-0.271,-0.273,-0.778,-0.497,0.202,-0.787,-0.401,-0.424,0.863,0.734,0.637,0.001,0.261,0.001,0.001,0.001,0.842,0.822,0.73,0.059,0.001,0.001,0.001,0.001,0.001,0.52,0.822,0.737,0.001,0.032,0.001,0.001,0.056,0.001,0.001,0.347,0.184,0.001,0.001,0.001,0.001,0.001,0.001,0.001,0.001,0.001,0.001,0.001,0.037,0.001,0.001,0.001,0.001,0.571,0.228,-0.581,0.533,0.001,0.001,0,0.027,0,0.109,0.181,0.023,0,0,0.02,0,0,0.288,0.381,0.274,0.206,0,0,0.015,0,0.001,0.068,0.464,0.807,0.021,0.35,0,0,0,0,0.001,0.419,0.806,0.216,0.147,0,0.47,0.662,1.516,1.01,0.447,0.214,0.214,0.211,7.712,9.57
05:44.5,6939,-0.72,-0.613,0.27,0.181,-0.199,-0.052,0.724,0.658,-0.26,-0.349,0.646,0.628,0.68,0.69,-0.111,0.221,-0.273,-0.275,-0.777,-0.496,0.202,-0.787,-0.401,-0.424,0.863,0.734,0.637,0.001,0.261,0.001,0.001,0.001,0.842,0.822,0.73,0.059,0.001,0.001,0.001,0.001,0.001,0.52,0.822,0.737,0.001,0.032,0.001,0.001,0.056,0.001,0.001,0.347,0.184,0.001,0.001,0.001,0.001,0.001,0.001,0.001,0.001,0.001,0.001,0.001,0.037,0.001,0.001,0.001,0.001,0.546,0.234,-0.578,0.56,0,0.001,0,0.016,0,0.084,0.155,0.017,0,0.001,0.011,0,0,0.299,0.366,0.294,0.189,0,0.001,0.012,0,0,0.103,0.44,0.764,0.005,0.303,0,0,0.001,0.001,0,0.422,0.74,0.179,0.128,0.001,0.492,0.634,1.541,1.032,0.438,0.197,0.175,0.184,7.712,9.226
05:44.5,6940,-0.717,-0.615,0.273,0.184,-0.201,-0.067,0.725,0.655,-0.256,-0.35,0.636,0.638,0.68,0.687,-0.108,0.232,-0.274,-0.277,-0.776,-0.496,0.202,-0.787,-0.401,-0.424,0.863,0.734,0.637,0.001,0.261,0.001,0.001,0.001,0.842,0.822,0.73,0.059,0.001,0.001,0.001,0.001,0.001,0.52,0.822,0.737,0.001,0.032,0.001,0.001,0.056,0.001,0.001,0.347,0.184,0.001,0.001,0.001,0.001,0.001,0.001,0.001,0.001,0.001,0.001,0.001,0.037,0.001,0.001,0.001,0.001,0.509,0.235,-0.575,0.595,0,0,0,0,0,0.049,0.147,0.01,0,0,0.011,0.001,0.001,0.276,0.343,0.347,0.236,0,0,0.004,0,0.001,0.087,0.402,0.646,0.002,0.32,0,0,0,0.001,0.001,0.41,0.59,0.133,0.177,0.002,0.488,0.526,1.484,0.982,0.419,0.177,0.128,0.186,7.712,8.587
05:44.5,6941,-0.709,-0.62,0.276,0.191,-0.198,-0.081,0.727,0.652,-0.252,-0.351,0.626,0.649,0.68,0.685,-0.102,0.24,-0.274,-0.278,-0.775,-0.496,0.202,-0.787,-0.401,-0.424,0.863,0.734,0.637,0.001,0.261,0.001,0.001,0.001,0.842,0.822,0.73,0.059,0.001,0.001,0.001,0.001,0.001,0.52,0.822,0.737,0.001,0.032,0.001,0.001,0.056,0.001,0.001,0.347,0.184,0.001,0.001,0.001,0.001,0.001,0.001,0.001,0.001,0.001,0.001,0.001,0.037,0.001,0.001,0.001,0.001,0.476,0.234,-0.574,0.624,0,0,0.001,0,0,0.023,0.139,0.001,0,0,0.005,0,0,0.238,0.324,0.464,0.249,0,0.001,0,0.001,0.001,0.088,0.36,0.402,0.001,0.294,0,0,0.001,0,0.001,0.357,0.416,0.053,0.209,0.022,0.46,0.387,1.309,1.02,0.391,0.166,0.048,0.206,7.712,7.638
05:44.5,6942,-0.699,-0.627,0.278,0.203,-0.191,-0.091,0.73,0.649,-0.249,-0.353,0.616,0.659,0.68,0.685,-0.098,0.243,-0.272,-0.28,-0.775,-0.497,0.231,-0.8,-0.34,-0.436,0.879,0.746,0.67,0.001,0.276,0.001,0.001,0.001,0.813,0.828,0.755,0.112,0.001,0.001,0.001,0.001,0.001,0.475,0.822,0.752,0.001,0.017,0.001,0.001,0.054,0.001,0.001,0.33,0.205,0.001,0.001,0.001,0.001,0.001,0.001,0.001,0.001,0.001,0.001,0.001,0.001,0.001,0.001,0.001,0.001,0.426,0.234,-0.577,0.656,0.001,0.001,0.001,0,0.001,0.001,0.128,0.001,0.001,0,0.001,0.001,0.001,0.17,0.306,0.416,0.228,0,0,0,0,0.001,0.088,0.36,0.374,0.001,0.308,0,0,0.001,0.001,0.001,0.319,0.316,0.002,0.232,0.015,0.398,0.308,1.009,1.053,0.294,0.127,0.001,0.161,7.764,6.628
05:44.5,6943,-0.687,-0.636,0.279,0.214,-0.18,-0.098,0.737,0.645,-0.247,-0.355,0.607,0.666,0.679,0.686,-0.097,0.242,-0.269,-0.282,-0.775,-0.498,0.208,-0.813,-0.317,-0.442,0.856,0.766,0.774,0.687,0.871,0.254,0.156,0.002,0.675,0.797,0.768,0.507,0.177,0.198,0.531,0.039,0.001,0.457,0.861,0.79,0.336,0.007,0.042,0.42,0.57,0.001,0.001,0.342,0.337,0.077,0.002,0.001,0.04,0.002,0.001,0.001,0.001,0.001,0.001,0.001,0.084,0.001,0.001,0.001,0.001,0.391,0.233,-0.583,0.673,0,0,0.001,0,0.001,0,0.115,0,0,0,0,0,0.001,0.092,0.267,0.258,0.205,0,0,0.001,0,0.001,0.066,0.308,0.277,0.001,0.3,0,0.001,0.001,0,0.001,0.243,0.276,0.001,0.239,0,0.316,0.221,0.697,1.098,0.205,0.094,0,0.029,12.439,5.316
05:44.5,6944,-0.677,-0.643,0.278,0.224,-0.169,-0.103,0.744,0.639,-0.246,-0.358,0.6,0.672,0.677,0.689,-0.102,0.238,-0.263,-0.284,-0.775,-0.499,0.213,-0.814,-0.32,-0.436,0.842,0.756,0.758,0.7,0.924,0.259,0.247,0.005,0.681,0.79,0.761,0.552,0.194,0.197,0.524,0.111,0.001,0.487,0.861,0.797,0.365,0.01,0.096,0.443,0.646,0.001,0.001,0.363,0.365,0.11,0.002,0.001,0.143,0.028,0.001,0.001,0.001,0.001,0.005,0.001,0.11,0.001,0.001,0.001,0.001,0.341,0.233,-0.589,0.695,0.001,0,0,0,0,0,0.098,0.001,0,0,0.001,0.001,0.001,0.063,0.226,0.17,0.167,0,0.001,0.001,0.001,0.001,0.05,0.231,0.236,0.001,0.264,0.001,0.001,0,0,0,0.184,0.244,0,0.177,0,0.243,0.165,0.557,0.791,0.133,0.067,0.001,0.001,13.145,4.08
05:44.5,6945,-0.67,-0.649,0.277,0.23,-0.156,-0.105,0.75,0.635,-0.245,-0.362,0.594,0.675,0.674,0.693,-0.111,0.233,-0.256,-0.286,-0.777,-0.499,0.23,-0.809,-0.335,-0.425,0.83,0.747,0.75,0.687,0.924,0.264,0.271,0.009,0.686,0.783,0.757,0.575,0.236,0.204,0.51,0.204,0.001,0.507,0.863,0.807,0.389,0.028,0.112,0.438,0.681,0.001,0.001,0.379,0.38,0.145,0.004,0.002,0.201,0.078,0.001,0.001,0.001,0.001,0.048,0.009,0.143,0.001,0.001,0.001,0.001,0.306,0.231,-0.593,0.708,0.001,0.001,0,0.001,0.001,0,0.066,0.001,0,0,0,0.001,0,0.028,0.159,0.094,0.127,0,0,0,0,0,0.037,0.148,0.175,0.001,0.228,0,0,0,0.001,0.001,0.111,0.164,0,0.128,0,0.14,0.117,0.402,0.547,0.089,0.039,0,0.001,13.662,2.809
05:44.5,6946,-0.664,-0.654,0.276,0.234,-0.144,-0.105,0.753,0.633,-0.244,-0.365,0.59,0.677,0.669,0.697,-0.122,0.228,-0.248,-0.288,-0.78,-0.497,0.249,-0.802,-0.354,-0.411,0.825,0.745,0.75,0.691,0.907,0.292,0.287,0.013,0.686,0.775,0.753,0.579,0.255,0.214,0.516,0.281,0.001,0.526,0.863,0.81,0.419,0.049,0.101,0.44,0.742,0.001,0.001,0.389,0.385,0.166,0.004,0.002,0.221,0.136,0.001,0.011,0.001,0.023,0.136,0.012,0.154,0.001,0.001,0.001,0.001,0.306,0.231,-0.593,0.708,0.001,0.001,0,0.001,0.001,0,0.066,0.001,0,0,0,0.001,0,0.028,0.159,0.094,0.127,0,0,0,0,0,0.037,0.148,0.175,0.001,0.228,0,0,0,0.001,0.001,0.111,0.164,0,0.128,0,0.14,0.117,0.402,0.547,0.089,0.039,0,0.001,14.167,2.809
05:44.5,6947,-0.659,-0.659,0.277,0.235,-0.131,-0.104,0.756,0.633,-0.243,-0.369,0.586,0.679,0.665,0.7,-0.135,0.223,-0.242,-0.29,-0.783,-0.495,0.262,-0.796,-0.367,-0.403,0.822,0.742,0.748,0.696,0.904,0.322,0.293,0.024,0.684,0.772,0.753,0.587,0.274,0.221,0.52,0.326,0.001,0.537,0.864,0.814,0.429,0.057,0.085,0.447,0.751,0.001,0.001,0.393,0.386,0.178,0.004,0.002,0.239,0.209,0.001,0.011,0.001,0.051,0.184,0.022,0.154,0.001,0.001,0.001,0.001,0.236,0.225,-0.613,0.719,0,0,0.001,0.001,0.001,0,0.04,0.001,0,0,0.001,0,0.001,0,0.042,0.013,0.006,0,0,0.001,0,0,0.001,0.006,0.089,0,0.04,0.001,0,0.001,0.001,0,0.032,0.088,0,0.017,0,0.026,0.042,0.122,0.139,0.001,0.023,0.001,0,14.514,0.738
05:44.5,6948,-0.653,-0.663,0.279,0.234,-0.12,-0.102,0.758,0.633,-0.24,-0.374,0.583,0.68,0.66,0.703,-0.15,0.219,-0.237,-0.291,-0.785,-0.493,0.278,-0.787,-0.383,-0.397,0.821,0.741,0.747,0.702,0.905,0.333,0.313,0.034,0.684,0.77,0.751,0.586,0.294,0.219,0.519,0.346,0.001,0.537,0.863,0.814,0.44,0.061,0.078,0.452,0.753,0.001,0.001,0.394,0.388,0.184,0.004,0.002,0.243,0.25,0.001,0.017,0.001,0.073,0.214,0.027,0.158,0.001,0.001,0.001,0.001,0.236,0.225,-0.613,0.719,0,0,0.001,0.001,0.001,0,0.04,0.001,0,0,0.001,0,0.001,0,0.042,0.013,0.006,0,0,0.001,0,0,0.001,0.006,0.089,0,0.04,0.001,0,0.001,0.001,0,0.032,0.088,0,0.017,0,0.026,0.042,0.122,0.139,0.001,0.023,0.001,0,14.726,0.738
05:44.6,6949,-0.647,-0.668,0.283,0.233,-0.112,-0.1,0.759,0.634,-0.234,-0.378,0.58,0.683,0.652,0.708,-0.165,0.216,-0.234,-0.293,-0.786,-0.492,0.288,-0.78,-0.393,-0.394,0.821,0.744,0.748,0.714,0.917,0.349,0.33,0.038,0.68,0.769,0.752,0.59,0.287,0.214,0.521,0.361,0.001,0.536,0.862,0.814,0.438,0.073,0.071,0.459,0.768,0.001,0.013,0.392,0.388,0.186,0.004,0.002,0.249,0.272,0.001,0.021,0.001,0.087,0.23,0.034,0.158,0.001,0.001,0.002,0.001,0.236,0.225,-0.613,0.719,0,0,0.001,0.001,0.001,0,0.04,0.001,0,0,0.001,0,0.001,0,0.042,0.013,0.006,0,0,0.001,0,0,0.001,0.006,0.089,0,0.04,0.001,0,0.001,0.001,0,0.032,0.088,0,0.017,0,0.026,0.042,0.122,0.139,0.001,0.023,0.001,0,14.901,0.738
05:44.6,6950,-0.641,-0.673,0.287,0.231,-0.109,-0.099,0.759,0.634,-0.227,-0.381,0.577,0.686,0.643,0.712,-0.179,0.217,-0.233,-0.293,-0.786,-0.493,0.302,-0.769,-0.407,-0.389,0.814,0.746,0.75,0.724,0.922,0.358,0.331,0.038,0.675,0.77,0.752,0.584,0.292,0.223,0.521,0.377,0.001,0.527,0.861,0.817,0.431,0.07,0.076,0.462,0.768,0.001,0.033,0.386,0.382,0.192,0.005,0.002,0.261,0.286,0.001,0.032,0.001,0.1,0.245,0.038,0.156,0.001,0.001,0.011,0.001,0.236,0.225,-0.613,0.719,0,0,0.001,0.001,0.001,0,0.04,0.001,0,0,0.001,0,0.001,0,0.042,0.013,0.006,0,0,0.001,0,0,0.001,0.006,0.089,0,0.04,0.001,0,0.001,0.001,0,0.032,0.088,0,0.017,0,0.026,0.042,0.122,0.139,0.001,0.023,0.001,0,15.025,0.738
05:44.6,6951,-0.634,-0.678,0.291,0.23,-0.11,-0.098,0.76,0.633,-0.219,-0.384,0.573,0.69,0.632,0.718,-0.191,0.221,-0.232,-0.294,-0.785,-0.493,0.313,-0.761,-0.417,-0.387,0.816,0.75,0.751,0.733,0.928,0.385,0.337,0.043,0.646,0.774,0.753,0.59,0.297,0.214,0.526,0.396,0.001,0.518,0.861,0.816,0.42,0.073,0.07,0.466,0.774,0.001,0.037,0.374,0.375,0.187,0.005,0.002,0.272,0.304,0.001,0.034,0.001,0.103,0.258,0.037,0.153,0.001,0.001,0.02,0.001,0.236,0.225,-0.613,0.719,0,0,0.001,0.001,0.001,0,0.04,0.001,0,0,0.001,0,0.001,0,0.042,0.013,0.006,0,0,0.001,0,0,0.001,0.006,0.089,0,0.04,0.001,0,0.001,0.001,0,0.032,0.088,0,0.017,0,0.026,0.042,0.122,0.139,0.001,0.023,0.001,0,15.105,0.738
05:44.6,6952,-0.628,-0.683,0.295,0.228,-0.114,-0.098,0.76,0.632,-0.21,-0.385,0.57,0.695,0.621,0.723,-0.2,0.227,-0.233,-0.296,-0.785,-0.492,0.326,-0.75,-0.428,-0.384,0.808,0.751,0.756,0.75,0.937,0.394,0.344,0.046,0.613,0.777,0.757,0.581,0.294,0.215,0.532,0.415,0.001,0.497,0.861,0.813,0.419,0.071,0.065,0.47,0.775,0.001,0.044,0.361,0.365,0.17,0.004,0.002,0.276,0.322,0.001,0.037,0.001,0.117,0.27,0.051,0.15,0.001,0.001,0.02,0.001,0.236,0.225,-0.613,0.719,0,0,0.001,0.001,0.001,0,0.04,0.001,0,0,0.001,0,0.001,0,0.042,0.013,0.006,0,0,0.001,0,0,0.001,0.006,0.089,0,0.04,0.001,0,0.001,0.001,0,0.032,0.088,0,0.017,0,0.026,0.042,0.122,0.139,0.001,0.023,0.001,0,15.137,0.738
05:44.6,6953,-0.623,-0.687,0.297,0.227,-0.12,-0.099,0.761,0.63,-0.201,-0.386,0.567,0.699,0.612,0.727,-0.206,0.235,-0.233,-0.298,-0.784,-0.492,0.326,-0.75,-0.428,-0.384,0.808,0.751,0.756,0.75,0.937,0.394,0.344,0.046,0.613,0.777,0.757,0.581,0.294,0.215,0.532,0.415,0.001,0.497,0.861,0.813,0.419,0.071,0.065,0.47,0.775,0.001,0.044,0.361,0.365,0.17,0.004,0.002,0.276,0.322,0.001,0.037,0.001,0.117,0.27,0.051,0.15,0.001,0.001,0.02,0.001,0.206,0.268,-0.616,0.711,0,0,0,0,0.001,0,0.042,0.001,0.001,0,0,0,0.001,0,0.032,0,0,0.001,0,0,0.001,0.001,0,0.002,0.083,0,0.023,0.001,0.001,0.001,0,0.001,0.02,0.081,0.001,0.009,0,0.024,0.033,0.092,0.106,0.001,0.022,0,0,15.137,0.582
05:44.6,6954,-0.618,-0.691,0.297,0.227,-0.123,-0.101,0.762,0.627,-0.193,-0.386,0.564,0.704,0.604,0.73,-0.21,0.243,-0.234,-0.3,-0.783,-0.492,0.326,-0.75,-0.428,-0.384,0.808,0.751,0.756,0.75,0.937,0.394,0.344,0.046,0.613,0.777,0.757,0.581,0.294,0.215,0.532,0.415,0.001,0.497,0.861,0.813,0.419,0.071,0.065,0.47,0.775,0.001,0.044,0.361,0.365,0.17,0.004,0.002,0.276,0.322,0.001,0.037,0.001,0.117,0.27,0.051,0.15,0.001,0.001,0.02,0.001,0.229,0.277,-0.618,0.699,0.001,0.001,0.001,0,0,0.001,0,0,0.001,0,0.029,0,0.001,0,0,0,0,0,0.001,0.001,0,0,0,0.001,0.001,0.001,0,0,0.001,0.001,0.001,0,0,0,0,0.001,0,0,0,0,0,0,0,0,0.001,15.137,0.045
05:44.6,6955,-0.615,-0.694,0.296,0.229,-0.121,-0.103,0.764,0.626,-0.186,-0.385,0.561,0.708,0.596,0.733,-0.211,0.251,-0.236,-0.302,-0.782,-0.492,0.326,-0.75,-0.428,-0.384,0.808,0.751,0.756,0.75,0.937,0.394,0.344,0.046,0.613,0.777,0.757,0.581,0.294,0.215,0.532,0.415,0.001,0.497,0.861,0.813,0.419,0.071,0.065,0.47,0.775,0.001,0.044,0.361,0.365,0.17,0.004,0.002,0.276,0.322,0.001,0.037,0.001,0.117,0.27,0.051,0.15,0.001,0.001,0.02,0.001,0.255,0.286,-0.617,0.687,0,0,0,0.001,0,0.001,0.001,0.001,0.001,0.001,0.034,0.001,0,0,0,0,0.001,0,0,0,0.001,0,0.001,0,0.001,0,0,0,0,0,0.001,0.001,0,0.001,0.001,0.001,0.001,0,0,0,0,0,0,0.001,0,15.137,0.052
05:44.6,6956,-0.612,-0.697,0.295,0.231,-0.114,-0.104,0.765,0.625,-0.18,-0.384,0.559,0.713,0.589,0.736,-0.209,0.26,-0.237,-0.304,-0.781,-0.492,0.326,-0.75,-0.428,-0.384,0.808,0.751,0.756,0.75,0.937,0.394,0.344,0.046,0.613,0.777,0.757,0.581,0.294,0.215,0.532,0.415,0.001,0.497,0.861,0.813,0.419,0.071,0.065,0.47,0.775,0.001,0.044,0.361,0.365,0.17,0.004,0.002,0.276,0.322,0.001,0.037,0.001,0.117,0.27,0.051,0.15,0.001,0.001,0.02,0.001,0.255,0.286,-0.617,0.687,0,0,0,0.001,0,0.001,0.001,0.001,0.001,0.001,0.034,0.001,0,0,0,0,0.001,0,0,0,0.001,0,0.001,0,0.001,0,0,0,0,0,0.001,0.001,0,0.001,0.001,0.001,0.001,0,0,0,0,0,0,0.001,0,15.137,0.052
05:44.6,6957,-0.609,-0.698,0.294,0.234,-0.104,-0.103,0.766,0.626,-0.174,-0.382,0.557,0.717,0.584,0.738,-0.205,0.27,-0.238,-0.305,-0.779,-0.493,0.326,-0.75,-0.428,-0.384,0.808,0.751,0.756,0.75,0.937,0.394,0.344,0.046,0.613,0.777,0.757,0.581,0.294,0.215,0.532,0.415,0.001,0.497,0.861,0.813,0.419,0.071,0.065,0.47,0.775,0.001,0.044,0.361,0.365,0.17,0.004,0.002,0.276,0.322,0.001,0.037,0.001,0.117,0.27,0.051,0.15,0.001,0.001,0.02,0.001,0.255,0.286,-0.617,0.687,0,0,0,0.001,0,0.001,0.001,0.001,0.001,0.001,0.034,0.001,0,0,0,0,0.001,0,0,0,0.001,0,0.001,0,0.001,0,0,0,0,0,0.001,0.001,0,0.001,0.001,0.001,0.001,0,0,0,0,0,0,0.001,0,15.137,0.052
05:44.6,6958,-0.606,-0.7,0.294,0.239,-0.095,-0.1,0.767,0.626,-0.169,-0.379,0.554,0.721,0.582,0.737,-0.199,0.279,-0.238,-0.307,-0.779,-0.493,0.326,-0.75,-0.428,-0.384,0.808,0.751,0.756,0.75,0.937,0.394,0.344,0.046,0.613,0.777,0.757,0.581,0.294,0.215,0.532,0.415,0.001,0.497,0.861,0.813,0.419,0.071,0.065,0.47,0.775,0.001,0.044,0.361,0.365,0.17,0.004,0.002,0.276,0.322,0.001,0.037,0.001,0.117,0.27,0.051,0.15,0.001,0.001,0.02,0.001,0.255,0.286,-0.617,0.687,0,0,0,0.001,0,0.001,0.001,0.001,0.001,0.001,0.034,0.001,0,0,0,0,0.001,0,0,0,0.001,0,0.001,0,0.001,0,0,0,0,0,0.001,0.001,0,0.001,0.001,0.001,0.001,0,0,0,0,0,0,0.001,0,15.137,0.052
05:44.7,6959,-0.602,-0.701,0.296,0.244,-0.088,-0.095,0.768,0.627,-0.165,-0.377,0.551,0.726,0.582,0.736,-0.194,0.287,-0.238,-0.309,-0.778,-0.493,0.326,-0.75,-0.428,-0.384,0.808,0.751,0.756,0.75,0.937,0.394,0.344,0.046,0.613,0.777,0.757,0.581,0.294,0.215,0.532,0.415,0.001,0.497,0.861,0.813,0.419,0.071,0.065,0.47,0.775,0.001,0.044,0.361,0.365,0.17,0.004,0.002,0.276,0.322,0.001,0.037,0.001,0.117,0.27,0.051,0.15,0.001,0.001,0.02,0.001,0.255,0.286,-0.617,0.687,0,0,0,0.001,0,0.001,0.001,0.001,0.001,0.001,0.034,0.001,0,0,0,0,0.001,0,0,0,0.001,0,0.001,0,0.001,0,0,0,0,0,0.001,0.001,0,0.001,0.001,0.001,0.001,0,0,0,0,0,0,0.001,0,15.137,0.052
05:44.7,6960,-0.597,-0.702,0.299,0.249,-0.086,-0.09,0.769,0.627,-0.161,-0.375,0.548,0.73,0.583,0.734,-0.188,0.293,-0.237,-0.311,-0.778,-0.492,0.423,-0.663,-0.526,-0.324,0.801,0.748,0.757,0.756,0.943,0.407,0.348,0.054,0.6,0.78,0.759,0.579,0.294,0.22,0.537,0.429,0.001,0.477,0.861,0.813,0.419,0.073,0.062,0.464,0.767,0.001,0.055,0.353,0.357,0.164,0.004,0.002,0.277,0.328,0.001,0.04,0.001,0.134,0.281,0.055,0.147,0.001,0.001,0.028,0.001,0.255,0.286,-0.617,0.687,0,0,0,0.001,0,0.001,0.001,0.001,0.001,0.001,0.034,0.001,0,0,0,0,0.001,0,0,0,0.001,0,0.001,0,0.001,0,0,0,0,0,0.001,0.001,0,0.001,0.001,0.001,0.001,0,0,0,0,0,0,0.001,0,15.18,0.052
05:44.7,6961,-0.592,-0.702,0.304,0.254,-0.087,-0.086,0.769,0.627,-0.158,-0.373,0.546,0.734,0.585,0.731,-0.182,0.3,-0.237,-0.313,-0.777,-0.492,0.432,-0.653,-0.535,-0.317,0.686,0.705,0.73,0.748,1.012,0.499,0.388,0.096,0.496,0.77,0.747,0.6,0.317,0.3,0.537,0.492,0.001,0.435,0.845,0.794,0.455,0.087,0.059,0.51,0.794,0.001,0.142,0.355,0.372,0.177,0.005,0.002,0.327,0.414,0.001,0.06,0.001,0.241,0.353,0.236,0.155,0.001,0.001,0.143,0.001,0.255,0.286,-0.617,0.687,0,0,0,0.001,0,0.001,0.001,0.001,0.001,0.001,0.034,0.001,0,0,0,0,0.001,0,0,0,0.001,0,0.001,0,0.001,0,0,0,0,0,0.001,0.001,0,0.001,0.001,0.001,0.001,0,0,0,0,0,0,0.001,0,16.091,0.052
05:44.7,6962,-0.588,-0.701,0.309,0.258,-0.09,-0.083,0.77,0.627,-0.154,-0.37,0.544,0.737,0.586,0.729,-0.175,0.308,-0.236,-0.316,-0.777,-0.491,0.442,-0.641,-0.545,-0.31,0.67,0.7,0.728,0.75,1.027,0.519,0.404,0.11,0.496,0.769,0.746,0.603,0.327,0.326,0.54,0.497,0.001,0.429,0.845,0.795,0.462,0.09,0.056,0.518,0.795,0.001,0.159,0.355,0.372,0.184,0.005,0.002,0.331,0.419,0.001,0.067,0.001,0.241,0.35,0.248,0.161,0.001,0.001,0.154,0.001,0.392,0.388,-0.623,0.556,0,0,0,0,0.001,0,0,0,0.001,0,0.034,0.001,0,0.001,0.001,0,0,0,0.001,0,0.001,0,0,0,0.001,0,0,0,0,0,0,0,0,0,0.001,0.001,0,0,0.001,0.001,0.001,0,0,0,0,16.257,0.047
05:44.7,6963,-0.585,-0.7,0.315,0.262,-0.094,-0.082,0.77,0.626,-0.151,-0.367,0.542,0.741,0.588,0.726,-0.168,0.314,-0.235,-0.318,-0.776,-0.49,0.448,-0.633,-0.551,-0.307,0.653,0.694,0.726,0.752,1.046,0.541,0.411,0.11,0.485,0.768,0.745,0.604,0.325,0.344,0.543,0.502,0.001,0.429,0.845,0.794,0.469,0.09,0.06,0.532,0.802,0.001,0.165,0.358,0.374,0.188,0.005,0.004,0.338,0.427,0.001,0.073,0.001,0.242,0.354,0.269,0.168,0.001,0.001,0.159,0.001,0.409,0.403,-0.62,0.535,0,0.001,0.001,0,0.001,0.001,0,0.001,0,0,0.056,0,0.001,0.001,0,0,0.001,0,0.001,0,0,0.001,0,0.001,0.001,0,0,0,0,0,0.001,0.001,0,0,0,0,0,0,0,0.001,0.001,0.001,0.001,0,0,16.401,0.074
05:44.7,6964,-0.583,-0.698,0.319,0.264,-0.095,-0.082,0.77,0.626,-0.147,-0.364,0.541,0.744,0.591,0.723,-0.164,0.318,-0.234,-0.321,-0.776,-0.49,0.458,-0.621,-0.561,-0.302,0.635,0.684,0.724,0.755,1.056,0.562,0.42,0.121,0.464,0.767,0.744,0.609,0.338,0.365,0.546,0.498,0.001,0.414,0.846,0.794,0.473,0.094,0.059,0.541,0.81,0.001,0.184,0.357,0.374,0.195,0.005,0.004,0.346,0.437,0.001,0.078,0.001,0.249,0.36,0.303,0.176,0.001,0.001,0.17,0.001,0.43,0.423,-0.615,0.508,0,0,0,0.001,0,0.001,0,0.001,0,0,0.056,0,0.001,0,0.001,0,0,0,0.001,0,0,0.001,0,0.001,0.001,0,0.001,0,0,0.001,0,0.001,0,0.001,0.001,0.001,0,0.001,0.001,0.001,0.001,0,0.001,0.001,0,16.564,0.077
05:44.7,6965,-0.582,-0.696,0.324,0.267,-0.094,-0.082,0.77,0.626,-0.143,-0.361,0.54,0.747,0.598,0.718,-0.162,0.317,-0.234,-0.324,-0.775,-0.489,0.458,-0.621,-0.561,-0.302,0.635,0.684,0.724,0.755,1.056,0.562,0.42,0.121,0.464,0.767,0.744,0.609,0.338,0.365,0.546,0.498,0.001,0.414,0.846,0.794,0.473,0.094,0.059,0.541,0.81,0.001,0.184,0.357,0.374,0.195,0.005,0.004,0.346,0.437,0.001,0.078,0.001,0.249,0.36,0.303,0.176,0.001,0.001,0.17,0.001,0.442,0.437,-0.61,0.491,0,0.001,0,0,0,0,0.001,0,0.001,0.001,0.059,0,0.001,0.001,0,0.001,0,0,0,0.001,0.001,0.001,0,0,0,0,0.001,0,0,0,0,0.001,0.001,0.001,0.001,0,0.001,0,0,0.001,0,0,0.001,0.001,0,16.564,0.078
05:44.7,6966,-0.582,-0.694,0.327,0.268,-0.091,-0.083,0.77,0.626,-0.139,-0.357,0.54,0.749,0.608,0.712,-0.158,0.313,-0.233,-0.327,-0.774,-0.489,0.458,-0.621,-0.561,-0.302,0.635,0.684,0.724,0.755,1.056,0.562,0.42,0.121,0.464,0.767,0.744,0.609,0.338,0.365,0.546,0.498,0.001,0.414,0.846,0.794,0.473,0.094,0.059,0.541,0.81,0.001,0.184,0.357,0.374,0.195,0.005,0.004,0.346,0.437,0.001,0.078,0.001,0.249,0.36,0.303,0.176,0.001,0.001,0.17,0.001,0.457,0.456,-0.602,0.469,0,0,0.001,0,0.001,0,0,0.001,0.001,0.001,0.056,0.001,0.001,0,0.001,0,0,0,0,0.001,0,0,0,0,0,0,0,0.001,0,0.001,0,0,0.001,0.001,0.001,0,0,0,0,0.001,0.001,0.001,0.001,0,0,16.564,0.074
05:44.7,6967,-0.583,-0.691,0.331,0.27,-0.086,-0.083,0.77,0.627,-0.135,-0.354,0.54,0.752,0.618,0.708,-0.152,0.305,-0.233,-0.33,-0.773,-0.489,0.458,-0.621,-0.561,-0.302,0.635,0.684,0.724,0.755,1.056,0.562,0.42,0.121,0.464,0.767,0.744,0.609,0.338,0.365,0.546,0.498,0.001,0.414,0.846,0.794,0.473,0.094,0.059,0.541,0.81,0.001,0.184,0.357,0.374,0.195,0.005,0.004,0.346,0.437,0.001,0.078,0.001,0.249,0.36,0.303,0.176,0.001,0.001,0.17,0.001,0.465,0.471,-0.595,0.456,0,0.001,0.001,0.001,0,0,0,0,0,0.001,0.059,0,0.001,0.001,0.001,0,0.001,0,0.001,0.001,0,0.001,0.001,0,0,0,0,0.001,0,0.001,0,0.001,0,0.001,0,0.001,0.001,0.001,0.001,0.001,0.001,0.001,0.001,0,0.001,16.564,0.084
05:44.7,6968,-0.583,-0.689,0.335,0.271,-0.082,-0.084,0.771,0.626,-0.132,-0.35,0.54,0.754,0.629,0.706,-0.141,0.292,-0.233,-0.332,-0.772,-0.49,0.458,-0.621,-0.561,-0.302,0.635,0.684,0.724,0.755,1.056,0.562,0.42,0.121,0.464,0.767,0.744,0.609,0.338,0.365,0.546,0.498,0.001,0.414,0.846,0.794,0.473,0.094,0.059,0.541,0.81,0.001,0.184,0.357,0.374,0.195,0.005,0.004,0.346,0.437,0.001,0.078,0.001,0.249,0.36,0.303,0.176,0.001,0.001,0.17,0.001,0.467,0.495,-0.581,0.447,0,0,0.001,0,0.001,0,0.001,0,0,0.001,0.065,0.001,0.001,0.001,0.001,0.001,0.001,0.001,0.001,0,0.001,0,0.001,0,0.001,0,0.001,0,0,0,0,0,0.001,0,0,0,0,0,0,0,0.001,0,0,0.001,0,16.564,0.084
05:44.8,6969,-0.583,-0.687,0.339,0.272,-0.079,-0.083,0.771,0.626,-0.129,-0.346,0.541,0.755,0.638,0.706,-0.128,0.275,-0.233,-0.335,-0.77,-0.49,0.458,-0.621,-0.561,-0.302,0.635,0.684,0.724,0.755,1.056,0.562,0.42,0.121,0.464,0.767,0.744,0.609,0.338,0.365,0.546,0.498,0.001,0.414,0.846,0.794,0.473,0.094,0.059,0.541,0.81,0.001,0.184,0.357,0.374,0.195,0.005,0.004,0.346,0.437,0.001,0.078,0.001,0.249,0.36,0.303,0.176,0.001,0.001,0.17,0.001,0.462,0.519,-0.564,0.447,0,0.001,0.001,0.001,0,0.001,0.001,0,0,0,0.067,0,0,0,0,0,0.001,0,0,0,0.001,0.001,0,0,0,0,0.001,0,0,0,0.001,0.001,0,0,0.001,0,0,0.001,0,0,0,0.001,0,0,0,16.564,0.081
05:44.8,6970,-0.582,-0.685,0.343,0.272,-0.078,-0.083,0.772,0.625,-0.128,-0.343,0.542,0.756,0.647,0.708,-0.117,0.258,-0.233,-0.337,-0.769,-0.491,0.458,-0.621,-0.561,-0.302,0.635,0.684,0.724,0.755,1.056,0.562,0.42,0.121,0.464,0.767,0.744,0.609,0.338,0.365,0.546,0.498,0.001,0.414,0.846,0.794,0.473,0.094,0.059,0.541,0.81,0.001,0.184,0.357,0.374,0.195,0.005,0.004,0.346,0.437,0.001,0.078,0.001,0.249,0.36,0.303,0.176,0.001,0.001,0.17,0.001,0.454,0.545,-0.543,0.449,0,0,0,0,0.001,0,0.001,0.001,0.001,0,0.068,0.001,0,0.007,0,0.001,0,0,0.001,0,0.001,0.001,0,0,0.001,0,0,0.001,0,0,0.001,0.001,0.001,0.001,0.001,0,0.001,0.001,0,0.001,0.001,0.001,0.001,0,0,16.564,0.097
05:44.8,6971,-0.581,-0.684,0.346,0.271,-0.078,-0.083,0.773,0.625,-0.127,-0.339,0.544,0.757,0.653,0.71,-0.107,0.24,-0.233,-0.339,-0.768,-0.491,0.512,-0.543,-0.618,-0.248,0.62,0.675,0.722,0.758,1.063,0.575,0.422,0.123,0.453,0.767,0.742,0.611,0.343,0.366,0.556,0.507,0.001,0.408,0.846,0.792,0.476,0.094,0.056,0.543,0.812,0.001,0.193,0.357,0.375,0.195,0.005,0.004,0.347,0.441,0.001,0.085,0.001,0.255,0.366,0.326,0.193,0.001,0.001,0.175,0.001,0.467,0.554,-0.538,0.431,0.001,0,0.001,0.001,0.001,0.001,0,0.001,0.001,0.001,0.067,0,0,0.011,0.001,0,0,0.001,0,0,0,0.001,0.001,0,0.001,0,0,0.001,0,0.001,0.001,0,0,0,0,0,0,0.001,0,0,0,0,0,0.001,0.001,16.654,0.097
05:44.8,6972,-0.581,-0.684,0.349,0.27,-0.078,-0.083,0.773,0.624,-0.127,-0.336,0.545,0.757,0.658,0.712,-0.098,0.225,-0.232,-0.342,-0.767,-0.491,0.518,-0.532,-0.625,-0.24,0.283,0.452,0.618,0.661,1.04,0.629,0.379,0.134,0.204,0.759,0.737,0.603,0.429,0.469,0.52,0.502,0.002,0.372,0.886,0.808,0.569,0.181,0.132,0.562,0.781,0.002,0.316,0.396,0.392,0.313,0.007,0.005,0.43,0.531,0.026,0.177,0.001,0.46,0.521,1.027,0.344,0.056,0.024,0.391,0.001,0.482,0.551,-0.541,0.413,0,0.001,0.001,0.001,0.001,0.001,0.001,0,0.001,0.001,0.061,0.001,0.001,0.013,0,0,0,0,0,0.001,0,0,0,0,0.001,0,0,0.001,0.001,0.001,0,0.001,0.001,0,0,0,0.001,0.001,0,0,0,0,0,0,0.001,18.132,0.094
05:44.8,6973,-0.581,-0.683,0.352,0.268,-0.079,-0.085,0.774,0.622,-0.127,-0.334,0.546,0.757,0.662,0.713,-0.089,0.212,-0.231,-0.344,-0.766,-0.492,0.518,-0.532,-0.625,-0.24,0.283,0.452,0.618,0.661,1.04,0.629,0.379,0.134,0.204,0.759,0.737,0.603,0.429,0.469,0.52,0.502,0.002,0.372,0.886,0.808,0.569,0.181,0.132,0.562,0.781,0.002,0.316,0.396,0.392,0.313,0.007,0.005,0.43,0.531,0.026,0.177,0.001,0.46,0.521,1.027,0.344,0.056,0.024,0.391,0.001,0.504,0.546,-0.546,0.386,0,0,0.001,0.001,0,0.001,0.012,0,0,0,0.061,0,0,0.015,0,0.001,0,0,0,0.001,0.001,0.001,0,0,0.001,0,0.001,0.001,0.001,0,0,0,0,0,0,0,0,0.001,0,0.001,0,0,0,0,0,18.132,0.101
05:44.8,6974,-0.581,-0.682,0.355,0.265,-0.078,-0.087,0.775,0.621,-0.127,-0.331,0.548,0.758,0.666,0.713,-0.08,0.201,-0.23,-0.345,-0.765,-0.492,0.518,-0.532,-0.625,-0.24,0.283,0.452,0.618,0.661,1.04,0.629,0.379,0.134,0.204,0.759,0.737,0.603,0.429,0.469,0.52,0.502,0.002,0.372,0.886,0.808,0.569,0.181,0.132,0.562,0.781,0.002,0.316,0.396,0.392,0.313,0.007,0.005,0.43,0.531,0.026,0.177,0.001,0.46,0.521,1.027,0.344,0.056,0.024,0.391,0.001,0.519,0.542,-0.55,0.367,0,0,0,0.001,0.001,0,0.015,0,0,0.001,0.065,0.001,0.001,0.015,0.001,0.001,0.001,0,0.001,0,0,0,0,0,0,0,0,0,0.001,0,0,0,0,0,0,0.001,0.001,0,0.001,0,0,0.001,0,0,0,18.132,0.109
05:44.8,6975,-0.582,-0.681,0.357,0.263,-0.077,-0.089,0.776,0.62,-0.127,-0.33,0.549,0.758,0.67,0.713,-0.07,0.193,-0.229,-0.347,-0.764,-0.493,0.518,-0.532,-0.625,-0.24,0.283,0.452,0.618,0.661,1.04,0.629,0.379,0.134,0.204,0.759,0.737,0.603,0.429,0.469,0.52,0.502,0.002,0.372,0.886,0.808,0.569,0.181,0.132,0.562,0.781,0.002,0.316,0.396,0.392,0.313,0.007,0.005,0.43,0.531,0.026,0.177,0.001,0.46,0.521,1.027,0.344,0.056,0.024,0.391,0.001,0.519,0.542,-0.55,0.367,0,0,0,0.001,0.001,0,0.015,0,0,0.001,0.065,0.001,0.001,0.015,0.001,0.001,0.001,0,0.001,0,0,0,0,0,0,0,0,0,0.001,0,0,0,0,0,0,0.001,0.001,0,0.001,0,0,0.001,0,0,0,18.132,0.109
05:44.8,6976,-0.583,-0.68,0.359,0.261,-0.075,-0.092,0.776,0.619,-0.127,-0.328,0.55,0.757,0.673,0.713,-0.059,0.187,-0.228,-0.348,-0.764,-0.494,0.518,-0.532,-0.625,-0.24,0.283,0.452,0.618,0.661,1.04,0.629,0.379,0.134,0.204,0.759,0.737,0.603,0.429,0.469,0.52,0.502,0.002,0.372,0.886,0.808,0.569,0.181,0.132,0.562,0.781,0.002,0.316,0.396,0.392,0.313,0.007,0.005,0.43,0.531,0.026,0.177,0.001,0.46,0.521,1.027,0.344,0.056,0.024,0.391,0.001,0.519,0.542,-0.55,0.367,0,0,0,0.001,0.001,0,0.015,0,0,0.001,0.065,0.001,0.001,0.015,0.001,0.001,0.001,0,0.001,0,0,0,0,0,0,0,0,0,0.001,0,0,0,0,0,0,0.001,0.001,0,0.001,0,0,0.001,0,0,0,18.132,0.109
05:44.8,6977,-0.584,-0.679,0.362,0.258,-0.073,-0.095,0.777,0.618,-0.126,-0.327,0.551,0.757,0.676,0.713,-0.048,0.182,-0.228,-0.349,-0.763,-0.495,0.518,-0.532,-0.625,-0.24,0.283,0.452,0.618,0.661,1.04,0.629,0.379,0.134,0.204,0.759,0.737,0.603,0.429,0.469,0.52,0.502,0.002,0.372,0.886,0.808,0.569,0.181,0.132,0.562,0.781,0.002,0.316,0.396,0.392,0.313,0.007,0.005,0.43,0.531,0.026,0.177,0.001,0.46,0.521,1.027,0.344,0.056,0.024,0.391,0.001,0.519,0.542,-0.55,0.367,0,0,0,0.001,0.001,0,0.015,0,0,0.001,0.065,0.001,0.001,0.015,0.001,0.001,0.001,0,0.001,0,0,0,0,0,0,0,0,0,0.001,0,0,0,0,0,0,0.001,0.001,0,0.001,0,0,0.001,0,0,0,18.132,0.109
05:44.8,6978,-0.585,-0.678,0.364,0.256,-0.07,-0.099,0.777,0.618,-0.126,-0.327,0.552,0.757,0.679,0.712,-0.036,0.176,-0.228,-0.349,-0.762,-0.496,0.518,-0.532,-0.625,-0.24,0.283,0.452,0.618,0.661,1.04,0.629,0.379,0.134,0.204,0.759,0.737,0.603,0.429,0.469,0.52,0.502,0.002,0.372,0.886,0.808,0.569,0.181,0.132,0.562,0.781,0.002,0.316,0.396,0.392,0.313,0.007,0.005,0.43,0.531,0.026,0.177,0.001,0.46,0.521,1.027,0.344,0.056,0.024,0.391,0.001,0.519,0.542,-0.55,0.367,0,0,0,0.001,0.001,0,0.015,0,0,0.001,0.065,0.001,0.001,0.015,0.001,0.001,0.001,0,0.001,0,0,0,0,0,0,0,0,0,0.001,0,0,0,0,0,0,0.001,0.001,0,0.001,0,0,0.001,0,0,0,18.132,0.109
05:44.9,6979,-0.586,-0.677,0.366,0.254,-0.066,-0.103,0.777,0.618,-0.126,-0.327,0.553,0.756,0.682,0.711,-0.023,0.169,-0.228,-0.35,-0.761,-0.496,0.547,-0.456,-0.679,-0.179,0.265,0.427,0.592,0.643,1.034,0.624,0.371,0.132,0.17,0.758,0.741,0.601,0.425,0.473,0.514,0.499,0.002,0.369,0.888,0.813,0.579,0.19,0.137,0.557,0.779,0.002,0.328,0.4,0.397,0.322,0.006,0.005,0.436,0.535,0.033,0.179,0.002,0.479,0.54,1.062,0.358,0.067,0.026,0.409,0.001,0.519,0.542,-0.55,0.367,0,0,0,0.001,0.001,0,0.015,0,0,0.001,0.065,0.001,0.001,0.015,0.001,0.001,0.001,0,0.001,0,0,0,0,0,0,0,0,0,0.001,0,0,0,0,0,0,0.001,0.001,0,0.001,0,0,0.001,0,0,0,18.17,0.109
05:44.9,6980,-0.586,-0.677,0.367,0.253,-0.062,-0.107,0.777,0.618,-0.127,-0.327,0.554,0.755,0.686,0.709,-0.01,0.16,-0.228,-0.35,-0.76,-0.497,0.548,-0.448,-0.684,-0.175,0.001,0.147,0.385,0.364,0.896,0.557,0.298,0.117,0.001,0.553,0.591,0.551,0.458,0.515,0.452,0.468,0.015,0.026,0.775,0.796,0.611,0.297,0.236,0.524,0.764,0.053,0.429,0.382,0.466,0.443,0.011,0.026,0.508,0.606,0.187,0.258,0.004,0.619,0.664,1.332,0.589,0.201,0.053,0.531,0.001,0.519,0.542,-0.55,0.367,0,0,0,0.001,0.001,0,0.015,0,0,0.001,0.065,0.001,0.001,0.015,0.001,0.001,0.001,0,0.001,0,0,0,0,0,0,0,0,0,0.001,0,0,0,0,0,0,0.001,0.001,0,0.001,0,0,0.001,0,0,0,17.761,0.109
05:44.9,6981,-0.587,-0.676,0.368,0.252,-0.058,-0.111,0.777,0.617,-0.127,-0.327,0.555,0.754,0.691,0.707,0.002,0.152,-0.228,-0.35,-0.759,-0.498,0.551,-0.437,-0.69,-0.168,0.001,0.106,0.353,0.342,0.864,0.556,0.294,0.117,0.001,0.488,0.595,0.502,0.458,0.52,0.448,0.466,0.016,0.001,0.736,0.75,0.587,0.299,0.241,0.524,0.766,0.065,0.443,0.359,0.454,0.442,0.005,0.027,0.51,0.612,0.21,0.261,0.004,0.625,0.672,1.337,0.621,0.219,0.055,0.536,0.002,0.622,0.49,-0.57,0.22,0,0,0,0.001,0.001,0,0.015,0,0,0.001,0.065,0.001,0.001,0.015,0.001,0.001,0.001,0,0.001,0,0,0,0,0,0,0,0,0,0.001,0,0,0,0,0,0,0.001,0.001,0,0.001,0,0,0.001,0,0,0,17.49,0.109
05:44.9,6982,-0.587,-0.676,0.368,0.251,-0.054,-0.114,0.777,0.617,-0.128,-0.328,0.557,0.752,0.695,0.704,0.015,0.145,-0.229,-0.35,-0.759,-0.499,0.553,-0.43,-0.694,-0.164,0.001,0.077,0.344,0.294,0.823,0.542,0.288,0.116,0.001,0.4,0.575,0.479,0.443,0.527,0.448,0.471,0.017,0.001,0.674,0.708,0.558,0.298,0.242,0.523,0.764,0.073,0.431,0.339,0.443,0.43,0.005,0.026,0.515,0.62,0.236,0.3,0.004,0.631,0.675,1.341,0.647,0.225,0.057,0.545,0.002,0.63,0.481,-0.574,0.206,0,0.001,0,0,0.001,0.001,0.001,0,0.001,0,0.049,0,0.001,0.015,0,0.001,0.001,0.001,0.001,0,0,0,0,0,0,0,0,0,0.001,0,0,0,0,0.001,0,0.001,0.001,0,0,0,0.002,0.001,0.001,0,0.001,17.159,0.083
05:44.9,6983,-0.588,-0.675,0.368,0.252,-0.05,-0.118,0.777,0.616,-0.128,-0.328,0.559,0.751,0.699,0.701,0.027,0.139,-0.231,-0.351,-0.758,-0.5,0.556,-0.419,-0.7,-0.156,0.001,0.038,0.314,0.261,0.764,0.53,0.286,0.117,0.001,0.35,0.535,0.458,0.431,0.53,0.446,0.468,0.018,0.001,0.601,0.679,0.508,0.283,0.248,0.52,0.767,0.084,0.426,0.277,0.422,0.402,0.004,0.027,0.518,0.628,0.245,0.308,0.004,0.639,0.68,1.341,0.669,0.234,0.057,0.552,0.001,0.64,0.467,-0.581,0.188,0,0.001,0,0,0,0,0.001,0.001,0.001,0,0.045,0.001,0,0.013,0,0.001,0.001,0.001,0,0.001,0.001,0,0,0,0,0.001,0.001,0.001,0,0,0.001,0.001,0.001,0,0.001,0.001,0,0,0,0.001,0.001,0,0,0,0.001,16.673,0.079
05:44.9,6984,-0.588,-0.674,0.368,0.253,-0.045,-0.121,0.777,0.616,-0.129,-0.329,0.561,0.749,0.702,0.698,0.04,0.136,-0.233,-0.351,-0.756,-0.501,0.558,-0.41,-0.705,-0.15,0.001,0.017,0.286,0.215,0.735,0.509,0.282,0.121,0.001,0.3,0.526,0.437,0.422,0.532,0.443,0.464,0.02,0.001,0.542,0.632,0.49,0.239,0.248,0.52,0.766,0.085,0.424,0.186,0.375,0.357,0.004,0.021,0.523,0.631,0.26,0.335,0.004,0.643,0.686,1.348,0.69,0.245,0.057,0.556,0.002,0.64,0.467,-0.581,0.188,0,0.001,0,0,0,0,0.001,0.001,0.001,0,0.045,0.001,0,0.013,0,0.001,0.001,0.001,0,0.001,0.001,0,0,0,0,0.001,0.001,0.001,0,0,0.001,0.001,0.001,0,0.001,0.001,0,0,0,0.001,0.001,0,0,0,0.001,16.181,0.079
05:44.9,6985,-0.589,-0.672,0.369,0.255,-0.041,-0.132,0.778,0.615,-0.13,-0.33,0.563,0.746,0.704,0.695,0.053,0.134,-0.235,-0.351,-0.755,-0.501,0.56,-0.4,-0.711,-0.143,0.001,0.005,0.253,0.176,0.709,0.486,0.277,0.121,0.001,0.221,0.497,0.414,0.4,0.529,0.442,0.465,0.022,0.001,0.451,0.59,0.482,0.203,0.249,0.519,0.764,0.089,0.425,0.166,0.355,0.288,0.004,0.021,0.525,0.637,0.266,0.333,0.004,0.647,0.69,1.353,0.717,0.256,0.06,0.557,0.002,0.64,0.467,-0.581,0.188,0,0.001,0,0,0,0,0.001,0.001,0.001,0,0.045,0.001,0,0.013,0,0.001,0.001,0.001,0,0.001,0.001,0,0,0,0,0.001,0.001,0.001,0,0,0.001,0.001,0.001,0,0.001,0.001,0,0,0,0.001,0.001,0,0,0,0.001,15.673,0.079
05:44.9,6986,-0.59,-0.67,0.37,0.257,-0.036,-0.128,0.778,0.614,-0.131,-0.331,0.565,0.744,0.706,0.693,0.066,0.132,-0.238,-0.351,-0.754,-0.502,0.56,-0.4,-0.711,-0.143,0.001,0.005,0.253,0.176,0.709,0.486,0.277,0.121,0.001,0.221,0.497,0.414,0.4,0.529,0.442,0.465,0.022,0.001,0.451,0.59,0.482,0.203,0.249,0.519,0.764,0.089,0.425,0.166,0.355,0.288,0.004,0.021,0.525,0.637,0.266,0.333,0.004,0.647,0.69,1.353,0.717,0.256,0.06,0.557,0.002,0.64,0.467,-0.581,0.188,0,0.001,0,0,0,0,0.001,0.001,0.001,0,0.045,0.001,0,0.013,0,0.001,0.001,0.001,0,0.001,0.001,0,0,0,0,0.001,0.001,0.001,0,0,0.001,0.001,0.001,0,0.001,0.001,0,0,0,0.001,0.001,0,0,0,0.001,15.673,0.079
05:44.9,6987,-0.591,-0.668,0.371,0.259,-0.031,-0.132,0.778,0.613,-0.132,-0.332,0.568,0.741,0.707,0.69,0.08,0.131,-0.241,-0.351,-0.752,-0.503,0.56,-0.4,-0.711,-0.143,0.001,0.005,0.253,0.176,0.709,0.486,0.277,0.121,0.001,0.221,0.497,0.414,0.4,0.529,0.442,0.465,0.022,0.001,0.451,0.59,0.482,0.203,0.249,0.519,0.764,0.089,0.425,0.166,0.355,0.288,0.004,0.021,0.525,0.637,0.266,0.333,0.004,0.647,0.69,1.353,0.717,0.256,0.06,0.557,0.002,0.64,0.467,-0.581,0.188,0,0.001,0,0,0,0,0.001,0.001,0.001,0,0.045,0.001,0,0.013,0,0.001,0.001,0.001,0,0.001,0.001,0,0,0,0,0.001,0.001,0.001,0,0,0.001,0.001,0.001,0,0.001,0.001,0,0,0,0.001,0.001,0,0,0,0.001,15.673,0.079
05:44.9,6988,-0.592,-0.665,0.372,0.261,-0.026,-0.135,0.778,0.612,-0.133,-0.333,0.571,0.738,0.708,0.688,0.093,0.127,-0.244,-0.351,-0.751,-0.504,0.56,-0.4,-0.711,-0.143,0.001,0.005,0.253,0.176,0.709,0.486,0.277,0.121,0.001,0.221,0.497,0.414,0.4,0.529,0.442,0.465,0.022,0.001,0.451,0.59,0.482,0.203,0.249,0.519,0.764,0.089,0.425,0.166,0.355,0.288,0.004,0.021,0.525,0.637,0.266,0.333,0.004,0.647,0.69,1.353,0.717,0.256,0.06,0.557,0.002,0.64,0.467,-0.581,0.188,0,0.001,0,0,0,0,0.001,0.001,0.001,0,0.045,0.001,0,0.013,0,0.001,0.001,0.001,0,0.001,0.001,0,0,0,0,0.001,0.001,0.001,0,0,0.001,0.001,0.001,0,0.001,0.001,0,0,0,0.001,0.001,0,0,0,0.001,15.673,0.079
05:45.0,6989,-0.594,-0.662,0.374,0.263,-0.021,-0.139,0.778,0.612,-0.134,-0.333,0.574,0.735,0.71,0.686,0.107,0.121,-0.248,-0.351,-0.749,-0.504,0.56,-0.4,-0.711,-0.143,0.001,0.005,0.253,0.176,0.709,0.486,0.277,0.121,0.001,0.221,0.497,0.414,0.4,0.529,0.442,0.465,0.022,0.001,0.451,0.59,0.482,0.203,0.249,0.519,0.764,0.089,0.425,0.166,0.355,0.288,0.004,0.021,0.525,0.637,0.266,0.333,0.004,0.647,0.69,1.353,0.717,0.256,0.06,0.557,0.002,0.64,0.467,-0.581,0.188,0,0.001,0,0,0,0,0.001,0.001,0.001,0,0.045,0.001,0,0.013,0,0.001,0.001,0.001,0,0.001,0.001,0,0,0,0,0.001,0.001,0.001,0,0,0.001,0.001,0.001,0,0.001,0.001,0,0,0,0.001,0.001,0,0,0,0.001,15.673,0.079
05:45.0,6990,-0.595,-0.659,0.375,0.265,-0.016,-0.142,0.778,0.611,-0.137,-0.334,0.577,0.732,0.711,0.684,0.12,0.113,-0.251,-0.351,-0.748,-0.505,0.56,-0.4,-0.711,-0.143,0.001,0.005,0.253,0.176,0.709,0.486,0.277,0.121,0.001,0.221,0.497,0.414,0.4,0.529,0.442,0.465,0.022,0.001,0.451,0.59,0.482,0.203,0.249,0.519,0.764,0.089,0.425,0.166,0.355,0.288,0.004,0.021,0.525,0.637,0.266,0.333,0.004,0.647,0.69,1.353,0.717,0.256,0.06,0.557,0.002,0.677,0.367,-0.63,0.097,0.001,0,0.001,0,0.001,0,0,0.001,0,0,0.05,0.001,0.001,0.009,0.001,0.001,0.001,0,0,0.001,0,0,0,0,0,0,0.001,0.001,0,0,0.001,0,0.001,0.001,0.001,0,0.001,0.001,0.001,0,0.001,0.001,0,0,0,15.673,0.08
05:45.0,6991,-0.598,-0.655,0.377,0.267,-0.011,-0.146,0.779,0.61,-0.139,-0.334,0.58,0.73,0.713,0.681,0.131,0.102,-0.254,-0.351,-0.746,-0.505,0.56,-0.4,-0.711,-0.143,0.001,0.005,0.253,0.176,0.709,0.486,0.277,0.121,0.001,0.221,0.497,0.414,0.4,0.529,0.442,0.465,0.022,0.001,0.451,0.59,0.482,0.203,0.249,0.519,0.764,0.089,0.425,0.166,0.355,0.288,0.004,0.021,0.525,0.637,0.266,0.333,0.004,0.647,0.69,1.353,0.717,0.256,0.06,0.557,0.002,0.683,0.353,-0.634,0.078,0.001,0,0,0,0,0,0.001,0,0,0,0.015,0.001,0.001,0,0.001,0.001,0,0,0,0,0,0,0,0.001,0.001,0.001,0.001,0,0,0,0,0.001,0.001,0.001,0,0.001,0.001,0,0.001,0.001,0,0,0,0,0,15.673,0.032
05:45.0,6992,-0.6,-0.65,0.38,0.27,-0.006,-0.151,0.779,0.608,-0.143,-0.334,0.582,0.727,0.715,0.679,0.14,0.091,-0.257,-0.352,-0.745,-0.506,0.568,-0.34,-0.742,-0.104,0.001,0.005,0.215,0.128,0.672,0.459,0.275,0.118,0.001,0.201,0.459,0.409,0.389,0.525,0.441,0.463,0.023,0.001,0.388,0.576,0.474,0.16,0.238,0.519,0.766,0.092,0.426,0.118,0.319,0.253,0.002,0.02,0.526,0.64,0.28,0.332,0.004,0.65,0.692,1.353,0.733,0.264,0.065,0.56,0.002,0.689,0.342,-0.636,0.062,0.001,0,0.001,0.001,0,0,0.001,0.001,0.001,0.001,0.015,0.001,0,0,0.001,0,0,0,0,0,0.001,0,0.001,0,0,0,0,0.001,0,0,0.001,0,0,0,0,0,0,0.001,0,0,0.001,0,0.001,0,0.001,15.237,0.032
05:45.0,6993,-0.603,-0.645,0.383,0.271,-0.001,-0.155,0.78,0.606,-0.147,-0.334,0.584,0.725,0.718,0.675,0.148,0.078,-0.26,-0.353,-0.743,-0.506,0.569,-0.333,-0.745,-0.1,0.001,0.001,0.001,0.001,0.414,0.183,0.216,0.099,0.001,0.001,0.104,0.053,0.127,0.387,0.409,0.446,0.043,0.001,0.028,0.278,0.076,0.001,0.131,0.523,0.768,0.125,0.481,0.001,0.001,0.001,0.001,0.002,0.541,0.657,0.346,0.438,0.002,0.692,0.728,1.381,0.849,0.328,0.099,0.526,0.021,0.689,0.342,-0.636,0.062,0.001,0,0.001,0.001,0,0,0.001,0.001,0.001,0.001,0.015,0.001,0,0,0.001,0,0,0,0,0,0.001,0,0.001,0,0,0,0,0.001,0,0,0.001,0,0,0,0,0,0,0.001,0,0,0.001,0,0.001,0,0.001,11.513,0.032
05:45.0,6994,-0.606,-0.641,0.386,0.271,0.003,-0.159,0.781,0.604,-0.151,-0.333,0.585,0.723,0.722,0.672,0.153,0.065,-0.262,-0.354,-0.742,-0.506,0.57,-0.325,-0.748,-0.095,0.001,0.001,0.001,0.001,0.348,0.164,0.211,0.096,0.001,0.001,0.057,0.021,0.117,0.336,0.396,0.443,0.043,0.001,0.002,0.215,0.015,0.001,0.105,0.521,0.767,0.125,0.479,0.001,0.001,0.001,0.001,0.002,0.541,0.659,0.355,0.454,0.001,0.705,0.734,1.385,0.863,0.338,0.101,0.526,0.026,0.689,0.342,-0.636,0.062,0.001,0,0.001,0.001,0,0,0.001,0.001,0.001,0.001,0.015,0.001,0,0,0.001,0,0,0,0,0,0.001,0,0.001,0,0,0,0,0.001,0,0,0.001,0,0,0,0,0,0,0.001,0,0,0.001,0,0.001,0,0.001,11.163,0.032
05:45.0,6995,-0.608,-0.637,0.388,0.27,0.007,-0.164,0.782,0.602,-0.155,-0.333,0.586,0.722,0.725,0.669,0.156,0.052,-0.264,-0.355,-0.741,-0.506,0.571,-0.32,-0.75,-0.092,0.001,0.001,0.001,0.001,0.33,0.126,0.209,0.098,0.001,0.001,0.021,0.018,0.093,0.291,0.388,0.44,0.042,0.001,0.002,0.143,0.001,0.001,0.096,0.518,0.767,0.133,0.485,0.001,0.001,0.001,0.001,0.001,0.54,0.661,0.361,0.455,0.002,0.708,0.739,1.389,0.878,0.35,0.106,0.527,0.043,0.689,0.342,-0.636,0.062,0.001,0,0.001,0.001,0,0,0.001,0.001,0.001,0.001,0.015,0.001,0,0,0.001,0,0,0,0,0,0.001,0,0.001,0,0,0,0,0.001,0,0,0.001,0,0,0,0,0,0,0.001,0,0,0.001,0,0.001,0,0.001,10.973,0.032
05:45.0,6996,-0.61,-0.635,0.389,0.271,0.011,-0.17,0.782,0.599,-0.159,-0.333,0.587,0.72,0.728,0.666,0.156,0.038,-0.266,-0.356,-0.739,-0.506,0.572,-0.313,-0.753,-0.087,0.001,0.001,0.001,0.001,0.304,0.093,0.203,0.095,0.001,0.001,0.015,0.02,0.089,0.217,0.391,0.435,0.045,0.001,0.001,0.122,0.001,0.001,0.072,0.512,0.764,0.138,0.493,0.001,0.001,0.001,0.001,0.001,0.538,0.662,0.363,0.475,0.001,0.713,0.744,1.394,0.867,0.36,0.117,0.53,0.05,0.689,0.342,-0.636,0.062,0.001,0,0.001,0.001,0,0,0.001,0.001,0.001,0.001,0.015,0.001,0,0,0.001,0,0,0,0,0,0.001,0,0.001,0,0,0,0,0.001,0,0,0.001,0,0,0,0,0,0,0.001,0,0,0.001,0,0.001,0,0.001,10.837,0.032
05:45.0,6997,-0.611,-0.633,0.389,0.273,0.016,-0.176,0.783,0.596,-0.163,-0.334,0.588,0.719,0.731,0.664,0.156,0.024,-0.268,-0.357,-0.737,-0.507,0.572,-0.313,-0.753,-0.087,0.001,0.001,0.001,0.001,0.304,0.093,0.203,0.095,0.001,0.001,0.015,0.02,0.089,0.217,0.391,0.435,0.045,0.001,0.001,0.122,0.001,0.001,0.072,0.512,0.764,0.138,0.493,0.001,0.001,0.001,0.001,0.001,0.538,0.662,0.363,0.475,0.001,0.713,0.744,1.394,0.867,0.36,0.117,0.53,0.05,0.689,0.342,-0.636,0.062,0.001,0,0.001,0.001,0,0,0.001,0.001,0.001,0.001,0.015,0.001,0,0,0.001,0,0,0,0,0,0.001,0,0.001,0,0,0,0,0.001,0,0,0.001,0,0,0,0,0,0,0.001,0,0,0.001,0,0.001,0,0.001,10.837,0.032
05:45.0,6998,-0.61,-0.632,0.39,0.275,0.022,-0.183,0.784,0.593,-0.165,-0.335,0.589,0.717,0.734,0.661,0.153,0.011,-0.271,-0.358,-0.736,-0.507,0.572,-0.313,-0.753,-0.087,0.001,0.001,0.001,0.001,0.304,0.093,0.203,0.095,0.001,0.001,0.015,0.02,0.089,0.217,0.391,0.435,0.045,0.001,0.001,0.122,0.001,0.001,0.072,0.512,0.764,0.138,0.493,0.001,0.001,0.001,0.001,0.001,0.538,0.662,0.363,0.475,0.001,0.713,0.744,1.394,0.867,0.36,0.117,0.53,0.05,0.689,0.342,-0.636,0.062,0.001,0,0.001,0.001,0,0,0.001,0.001,0.001,0.001,0.015,0.001,0,0,0.001,0,0,0,0,0,0.001,0,0.001,0,0,0,0,0.001,0,0,0.001,0,0,0,0,0,0,0.001,0,0,0.001,0,0.001,0,0.001,10.837,0.032
05:45.1,6999,-0.61,-0.632,0.39,0.277,0.029,-0.19,0.784,0.59,-0.165,-0.336,0.591,0.715,0.738,0.659,0.146,0,-0.274,-0.359,-0.735,-0.507,0.572,-0.313,-0.753,-0.087,0.001,0.001,0.001,0.001,0.304,0.093,0.203,0.095,0.001,0.001,0.015,0.02,0.089,0.217,0.391,0.435,0.045,0.001,0.001,0.122,0.001,0.001,0.072,0.512,0.764,0.138,0.493,0.001,0.001,0.001,0.001,0.001,0.538,0.662,0.363,0.475,0.001,0.713,0.744,1.394,0.867,0.36,0.117,0.53,0.05,0.764,0.228,-0.597,-0.086,0,0.001,0,0.001,0.001,0,0,0,0,0.001,0.015,0,0,0,0.001,0,0.001,0,0,0,0.001,0,0.001,0.001,0.001,0,0.001,0.001,0,0.001,0.001,0.001,0.001,0.001,0.001,0,0,0,0,0,0,0.001,0,0.001,0,10.837,0.035
05:45.1,7000,-0.609,-0.631,0.391,0.279,0.037,-0.196,0.784,0.588,-0.163,-0.337,0.592,0.713,0.741,0.657,0.138,-0.009,-0.276,-0.36,-0.733,-0.506,0.572,-0.313,-0.753,-0.087,0.001,0.001,0.001,0.001,0.304,0.093,0.203,0.095,0.001,0.001,0.015,0.02,0.089,0.217,0.391,0.435,0.045,0.001,0.001,0.122,0.001,0.001,0.072,0.512,0.764,0.138,0.493,0.001,0.001,0.001,0.001,0.001,0.538,0.662,0.363,0.475,0.001,0.713,0.744,1.394,0.867,0.36,0.117,0.53,0.05,0.777,0.201,-0.586,-0.111,0,0,0.001,0,0,0.001,0,0,0,0,0.039,0.001,0,0.001,0.001,0.001,0,0,0,0.001,0,0,0.001,0.001,0,0,0.001,0,0,0,0.001,0.001,0,0.001,0.001,0,0,0.001,0.001,0.001,0,0,0,0.001,0.001,10.837,0.058
05:45.1,7001,-0.61,-0.629,0.391,0.282,0.047,-0.202,0.783,0.586,-0.161,-0.337,0.595,0.712,0.743,0.657,0.128,-0.014,-0.279,-0.361,-0.732,-0.507,0.572,-0.313,-0.753,-0.087,0.001,0.001,0.001,0.001,0.304,0.093,0.203,0.095,0.001,0.001,0.015,0.02,0.089,0.217,0.391,0.435,0.045,0.001,0.001,0.122,0.001,0.001,0.072,0.512,0.764,0.138,0.493,0.001,0.001,0.001,0.001,0.001,0.538,0.662,0.363,0.475,0.001,0.713,0.744,1.394,0.867,0.36,0.117,0.53,0.05,0.784,0.182,-0.58,-0.125,0,0,0.001,0,0,0.001,0,0.001,0.001,0,0.039,0,0,0.001,0,0,0,0,0,0.001,0,0,0,0.001,0,0,0.001,0,0,0,0.001,0.001,0,0,0,0,0,0,0,0.001,0,0.001,0,0,0,10.837,0.051
05:45.1,7002,-0.61,-0.628,0.39,0.286,0.057,-0.207,0.782,0.584,-0.158,-0.336,0.597,0.711,0.743,0.659,0.118,-0.013,-0.282,-0.361,-0.73,-0.507,0.572,-0.313,-0.753,-0.087,0.001,0.001,0.001,0.001,0.304,0.093,0.203,0.095,0.001,0.001,0.015,0.02,0.089,0.217,0.391,0.435,0.045,0.001,0.001,0.122,0.001,0.001,0.072,0.512,0.764,0.138,0.493,0.001,0.001,0.001,0.001,0.001,0.538,0.662,0.363,0.475,0.001,0.713,0.744,1.394,0.867,0.36,0.117,0.53,0.05,0.79,0.16,-0.576,-0.137,0,0.001,0,0,0.001,0,0,0,0,0,0.042,0.001,0,0.001,0.001,0,0,0,0.001,0,0,0.001,0,0,0.001,0.001,0,0.001,0,0,0.001,0.001,0.001,0,0,0.001,0,0,0.001,0,0.001,0,0.001,0.001,0.001,10.837,0.061
05:45.1,7003,-0.61,-0.626,0.39,0.291,0.067,-0.212,0.782,0.582,-0.154,-0.335,0.598,0.711,0.742,0.662,0.109,-0.008,-0.283,-0.362,-0.728,-0.508,0.57,-0.28,-0.77,-0.059,0.001,0.001,0.001,0.001,0.3,0.079,0.201,0.095,0.001,0.001,0.012,0.017,0.089,0.187,0.386,0.432,0.048,0.001,0.001,0.112,0.001,0.001,0.054,0.509,0.764,0.139,0.495,0.001,0.001,0.001,0.001,0.001,0.538,0.663,0.366,0.471,0.001,0.716,0.745,1.393,0.88,0.366,0.122,0.532,0.056,0.793,0.132,-0.576,-0.148,0,0,0,0.001,0.001,0.001,0,0,0,0,0.04,0.001,0.001,0.001,0,0,0.001,0,0.001,0,0.001,0.001,0,0,0,0.001,0,0.001,0,0.001,0,0,0,0,0.001,0,0.001,0,0,0,0.001,0.001,0,0,0,10.783,0.057
05:45.1,7004,-0.61,-0.624,0.39,0.296,0.077,-0.216,0.781,0.581,-0.15,-0.334,0.598,0.713,0.74,0.665,0.102,0,-0.285,-0.363,-0.726,-0.51,0.568,-0.278,-0.772,-0.056,0.001,0.001,0.001,0.001,0.193,0.038,0.181,0.084,0.001,0.001,0.001,0.001,0.046,0.046,0.389,0.414,0.065,0.001,0.001,0.062,0.001,0.001,0.028,0.503,0.767,0.16,0.556,0.001,0.001,0.001,0.001,0.024,0.505,0.659,0.394,0.526,0.001,0.733,0.761,1.416,0.989,0.404,0.16,0.495,0.104,0.793,0.113,-0.578,-0.153,0.001,0,0.001,0.001,0.001,0,0,0,0.001,0.016,0.115,0,0.001,0,0.001,0,0.001,0,0,0,0,0.001,0.001,0.001,0,0,0,0.001,0.001,0,0.001,0.001,0,0,0,0.001,0.001,0.001,0.001,0.001,0.001,0,0.001,0.001,0.001,10.719,0.155
05:45.1,7005,-0.609,-0.621,0.39,0.301,0.086,-0.22,0.78,0.579,-0.146,-0.333,0.597,0.715,0.737,0.669,0.095,0.007,-0.286,-0.363,-0.724,-0.512,0.566,-0.275,-0.775,-0.053,0.001,0.001,0.001,0.001,0.167,0.026,0.167,0.081,0.001,0.001,0.001,0.001,0.039,0.046,0.383,0.409,0.063,0.001,0.001,0.054,0.001,0.001,0.056,0.516,0.774,0.16,0.579,0.001,0.001,0.001,0.001,0.009,0.498,0.663,0.405,0.52,0.001,0.742,0.759,1.431,0.995,0.405,0.161,0.493,0.095,0.792,0.088,-0.582,-0.16,0.001,0.227,0.001,0,0,0.001,0.001,0,0.001,0.368,0.265,0.001,0.001,0,0.001,0,0,0,0.388,0,0.001,0.001,0.005,0.001,0,0,0.001,0.001,0,0,0,0.001,0,0.001,0,0,0,0.001,0.001,0,0.001,0.001,0,0,0.001,10.713,1.273
05:45.1,7006,-0.609,-0.619,0.39,0.306,0.096,-0.222,0.779,0.577,-0.141,-0.331,0.596,0.718,0.734,0.673,0.088,0.013,-0.287,-0.364,-0.722,-0.514,0.564,-0.275,-0.777,-0.051,0.001,0.001,0.001,0.001,0.159,0.017,0.155,0.077,0.001,0.001,0.001,0.001,0.026,0.057,0.381,0.413,0.067,0.001,0.001,0.045,0.001,0.001,0.056,0.531,0.774,0.165,0.59,0.001,0.001,0.001,0.001,0.018,0.498,0.663,0.409,0.527,0.001,0.734,0.759,1.433,0.99,0.394,0.164,0.485,0.093,0.798,0.072,-0.578,-0.156,0.862,0.612,0.007,0,0.001,0.001,0,0,0.643,0.624,0.35,0.001,0.001,0.001,0.001,0,0,0.001,0.691,0.001,0.001,0.001,0.006,0,0,0.001,0,0.001,0.001,0,0.001,0,0.001,0.001,0.001,0,0,0.001,0.001,0.018,0.027,0,0,0,0,10.697,3.859
05:45.1,7007,-0.61,-0.615,0.391,0.311,0.105,-0.224,0.778,0.577,-0.137,-0.329,0.596,0.72,0.73,0.678,0.083,0.019,-0.289,-0.365,-0.719,-0.516,0.564,-0.275,-0.777,-0.051,0.001,0.001,0.001,0.001,0.159,0.017,0.155,0.077,0.001,0.001,0.001,0.001,0.026,0.057,0.381,0.413,0.067,0.001,0.001,0.045,0.001,0.001,0.056,0.531,0.774,0.165,0.59,0.001,0.001,0.001,0.001,0.018,0.498,0.663,0.409,0.527,0.001,0.734,0.759,1.433,0.99,0.394,0.164,0.485,0.093,0.804,0.065,-0.569,-0.159,1.187,0.803,0.046,0.001,0,0.001,0.006,0.001,0.929,0.784,0.526,0,0,0,0.001,0.001,0,0.11,0.79,0.076,0,0,0,0.001,0.001,0,0,0.001,0.001,0.001,0,0,0,0.001,0.001,0,0,0.001,0.001,0.012,0.082,0,0,0.001,0,10.697,5.366
05:45.1,7008,-0.611,-0.611,0.392,0.316,0.114,-0.226,0.777,0.576,-0.134,-0.325,0.598,0.721,0.726,0.683,0.082,0.02,-0.29,-0.366,-0.716,-0.518,0.564,-0.275,-0.777,-0.051,0.001,0.001,0.001,0.001,0.159,0.017,0.155,0.077,0.001,0.001,0.001,0.001,0.026,0.057,0.381,0.413,0.067,0.001,0.001,0.045,0.001,0.001,0.056,0.531,0.774,0.165,0.59,0.001,0.001,0.001,0.001,0.018,0.498,0.663,0.409,0.527,0.001,0.734,0.759,1.433,0.99,0.394,0.164,0.485,0.093,0.799,0.067,-0.582,-0.137,1.178,0.882,0.22,0,0.026,0.001,0.029,0,0.938,0.84,0.756,0.001,0,0,0.028,0.001,0,0.281,0.832,0.337,0,0,0.001,0.001,0.001,0,0,0.001,0,0.001,0.001,0.001,0,0,0,0,0,0,0,0,0.14,0,0,0,0.001,10.697,6.498
05:45.2,7009,-0.611,-0.607,0.393,0.321,0.123,-0.227,0.777,0.574,-0.135,-0.32,0.603,0.718,0.722,0.685,0.093,0.019,-0.292,-0.369,-0.714,-0.519,0.564,-0.275,-0.777,-0.051,0.001,0.001,0.001,0.001,0.159,0.017,0.155,0.077,0.001,0.001,0.001,0.001,0.026,0.057,0.381,0.413,0.067,0.001,0.001,0.045,0.001,0.001,0.056,0.531,0.774,0.165,0.59,0.001,0.001,0.001,0.001,0.018,0.498,0.663,0.409,0.527,0.001,0.734,0.759,1.433,0.99,0.394,0.164,0.485,0.093,0.799,0.06,-0.591,-0.092,1.198,0.902,0.448,0,0.192,0,0.093,0,0.907,0.863,0.855,0.007,0.033,0.001,0.057,0,0,0.326,0.86,0.521,0.001,0.02,0.001,0.001,0.001,0.001,0,0.033,0.006,0.001,0,0.001,0,0.001,0.001,0,0,0,0.001,0,0.07,0,0.018,0.001,0,10.697,7.421
05:45.2,7010,-0.612,-0.603,0.395,0.325,0.132,-0.228,0.776,0.572,-0.14,-0.314,0.609,0.715,0.722,0.682,0.112,0.019,-0.293,-0.372,-0.713,-0.517,0.564,-0.275,-0.777,-0.051,0.001,0.001,0.001,0.001,0.159,0.017,0.155,0.077,0.001,0.001,0.001,0.001,0.026,0.057,0.381,0.413,0.067,0.001,0.001,0.045,0.001,0.001,0.056,0.531,0.774,0.165,0.59,0.001,0.001,0.001,0.001,0.018,0.498,0.663,0.409,0.527,0.001,0.734,0.759,1.433,0.99,0.394,0.164,0.485,0.093,0.813,0.045,-0.579,-0.034,1.223,0.896,0.685,0.004,0.309,0.001,0.122,0.001,0.889,0.842,0.862,0.038,0.082,0,0.074,0,0,0.352,0.89,0.643,0.001,0.062,0,0.001,0,0.001,0,0.109,0.06,0,0.001,0.001,0,0,0,0,0.001,0,0.001,0,0.228,0,0.017,0.001,0,10.697,8.397
05:45.2,7011,-0.612,-0.6,0.398,0.328,0.14,-0.229,0.776,0.571,-0.146,-0.31,0.613,0.712,0.725,0.678,0.121,0.014,-0.291,-0.376,-0.714,-0.513,0.564,-0.275,-0.777,-0.051,0.001,0.001,0.001,0.001,0.159,0.017,0.155,0.077,0.001,0.001,0.001,0.001,0.026,0.057,0.381,0.413,0.067,0.001,0.001,0.045,0.001,0.001,0.056,0.531,0.774,0.165,0.59,0.001,0.001,0.001,0.001,0.018,0.498,0.663,0.409,0.527,0.001,0.734,0.759,1.433,0.99,0.394,0.164,0.485,0.093,0.826,0.03,-0.563,-0.002,1.232,0.888,0.795,0.164,0.399,0.001,0.12,0.001,0.871,0.824,0.852,0.297,0.121,0.009,0.078,0,0,0.355,0.891,0.719,0.005,0.056,0,0.001,0.005,0,0.001,0.172,0.122,0.001,0.001,0.001,0.001,0.001,0.001,0.001,0,0.001,0,0,0.274,0.001,0,0.001,0,10.697,9.263
05:45.2,7012,-0.613,-0.596,0.4,0.33,0.149,-0.229,0.775,0.57,-0.154,-0.309,0.615,0.709,0.729,0.675,0.118,0.008,-0.287,-0.38,-0.715,-0.511,0.564,-0.275,-0.777,-0.051,0.001,0.001,0.001,0.001,0.159,0.017,0.155,0.077,0.001,0.001,0.001,0.001,0.026,0.057,0.381,0.413,0.067,0.001,0.001,0.045,0.001,0.001,0.056,0.531,0.774,0.165,0.59,0.001,0.001,0.001,0.001,0.018,0.498,0.663,0.409,0.527,0.001,0.734,0.759,1.433,0.99,0.394,0.164,0.485,0.093,0.831,0.017,-0.556,0.022,1.258,0.886,0.83,0.507,0.648,0.015,0.111,0,0.805,0.823,0.836,0.502,0.128,0.049,0.072,0,0,0.302,0.894,0.726,0.079,0.031,0,0.001,0.004,0,0.001,0.171,0.177,0.001,0.001,0.001,0.001,0,0.001,0,0,0.001,0.001,0.001,0.271,0,0,0,0.001,10.697,10.136
05:45.2,7013,-0.616,-0.591,0.401,0.332,0.159,-0.227,0.773,0.571,-0.161,-0.307,0.615,0.708,0.729,0.674,0.115,0.005,-0.282,-0.383,-0.717,-0.51,0.564,-0.275,-0.777,-0.051,0.001,0.001,0.001,0.001,0.159,0.017,0.155,0.077,0.001,0.001,0.001,0.001,0.026,0.057,0.381,0.413,0.067,0.001,0.001,0.045,0.001,0.001,0.056,0.531,0.774,0.165,0.59,0.001,0.001,0.001,0.001,0.018,0.498,0.663,0.409,0.527,0.001,0.734,0.759,1.433,0.99,0.394,0.164,0.485,0.093,0.825,0.001,-0.564,0.034,1.265,0.882,0.83,0.604,0.884,0.17,0.127,0,0.725,0.818,0.833,0.59,0.187,0.128,0.11,0.001,0,0.249,0.9,0.73,0.161,0.007,0.001,0.001,0.001,0,0,0.16,0.214,0.022,0.001,0.001,0.001,0,0,0,0.001,0.015,0.001,0,0.22,0.001,0,0.001,0,10.697,10.842
05:45.2,7014,-0.62,-0.585,0.402,0.332,0.168,-0.225,0.771,0.572,-0.165,-0.307,0.611,0.711,0.728,0.676,0.111,0.003,-0.274,-0.386,-0.719,-0.509,0.554,-0.318,-0.769,-0.034,0.001,0.001,0.001,0.001,0.138,0.009,0.151,0.071,0.001,0.001,0.001,0.001,0.018,0.055,0.366,0.413,0.071,0.001,0.001,0.035,0.001,0.001,0.05,0.531,0.779,0.16,0.612,0.001,0.001,0.001,0.001,0.011,0.502,0.662,0.41,0.519,0.001,0.736,0.763,1.44,0.999,0.389,0.165,0.476,0.083,0.821,-0.032,-0.568,0.037,1.248,0.869,0.825,0.648,1.001,0.481,0.274,0.001,0.645,0.812,0.818,0.63,0.208,0.188,0.244,0,0.001,0.2,0.911,0.741,0.228,0.026,0.004,0.004,0.001,0.001,0.001,0.161,0.244,0.035,0.001,0.001,0.001,0,0.001,0,0.001,0.035,0,0.001,0.247,0.001,0,0,0.001,10.631,11.74
05:45.2,7015,-0.625,-0.579,0.403,0.333,0.178,-0.222,0.767,0.575,-0.163,-0.312,0.605,0.714,0.729,0.677,0.102,-0.002,-0.266,-0.388,-0.721,-0.509,0.556,-0.333,-0.761,-0.032,0.001,0.001,0.001,0.001,0.065,0.001,0.051,0.004,0.001,0.001,0.001,0.001,0.001,0.092,0.19,0.272,0.073,0.001,0.001,0.001,0.001,0.001,0.043,0.289,0.719,0.087,0.596,0.001,0.001,0.001,0.001,0.061,0.37,0.69,0.492,0.451,0.001,0.651,0.9,1.386,0.958,0.481,0.121,0.376,0.004,0.826,-0.053,-0.56,0.035,1.211,0.861,0.803,0.634,1.018,0.567,0.379,0.001,0.613,0.806,0.803,0.639,0.231,0.249,0.382,0,0,0.176,0.91,0.751,0.313,0.048,0.006,0.016,0.001,0.001,0.001,0.175,0.281,0.057,0.001,0.001,0.001,0.001,0,0,0,0.033,0,0,0.265,0.001,0.001,0,0.001,9.442,12.238
05:45.2,7016,-0.63,-0.573,0.404,0.334,0.187,-0.218,0.763,0.579,-0.157,-0.319,0.601,0.716,0.73,0.678,0.086,-0.012,-0.26,-0.389,-0.722,-0.51,0.559,-0.35,-0.751,-0.028,0.001,0.001,0.001,0.001,0.053,0.001,0.045,0.001,0.001,0.001,0.001,0.002,0.001,0.078,0.175,0.231,0.083,0.001,0.001,0.001,0.001,0.001,0.061,0.25,0.692,0.067,0.56,0.001,0.001,0.001,0.001,0.054,0.36,0.651,0.488,0.443,0.001,0.592,0.908,1.359,0.927,0.536,0.1,0.359,0.002,0.826,-0.053,-0.56,0.035,1.211,0.861,0.803,0.634,1.018,0.567,0.379,0.001,0.613,0.806,0.803,0.639,0.231,0.249,0.382,0,0,0.176,0.91,0.751,0.313,0.048,0.006,0.016,0.001,0.001,0.001,0.175,0.281,0.057,0.001,0.001,0.001,0.001,0,0,0,0.033,0,0,0.265,0.001,0.001,0,0.001,9.096,12.238
05:45.2,7017,-0.636,-0.565,0.404,0.335,0.194,-0.214,0.76,0.583,-0.149,-0.326,0.602,0.713,0.731,0.679,0.069,-0.024,-0.255,-0.391,-0.722,-0.511,0.566,-0.373,-0.735,-0.025,0.001,0.001,0.001,0.001,0.046,0.001,0.042,0.001,0.001,0.001,0.001,0.005,0.001,0.059,0.147,0.217,0.095,0.001,0.001,0.001,0.001,0.001,0.067,0.222,0.646,0.038,0.487,0.001,0.001,0.001,0.001,0.05,0.353,0.573,0.447,0.427,0.001,0.603,0.873,1.325,0.921,0.524,0.081,0.347,0.002,0.826,-0.053,-0.56,0.035,1.211,0.861,0.803,0.634,1.018,0.567,0.379,0.001,0.613,0.806,0.803,0.639,0.231,0.249,0.382,0,0,0.176,0.91,0.751,0.313,0.048,0.006,0.016,0.001,0.001,0.001,0.175,0.281,0.057,0.001,0.001,0.001,0.001,0,0,0,0.033,0,0,0.265,0.001,0.001,0,0.001,8.617,12.238
05:45.2,7018,-0.641,-0.559,0.404,0.336,0.199,-0.211,0.757,0.587,-0.141,-0.33,0.609,0.707,0.729,0.681,0.054,-0.033,-0.253,-0.393,-0.723,-0.51,0.573,-0.394,-0.718,-0.023,0.001,0.001,0.001,0.001,0.046,0.001,0.042,0.001,0.001,0.001,0.001,0.007,0.001,0.054,0.145,0.228,0.089,0.001,0.001,0.001,0.001,0.001,0.09,0.211,0.532,0.033,0.457,0.001,0.001,0.001,0.001,0.051,0.347,0.479,0.436,0.427,0.001,0.595,0.766,1.236,0.882,0.451,0.059,0.306,0.002,0.826,-0.053,-0.56,0.035,1.211,0.861,0.803,0.634,1.018,0.567,0.379,0.001,0.613,0.806,0.803,0.639,0.231,0.249,0.382,0,0,0.176,0.91,0.751,0.313,0.048,0.006,0.016,0.001,0.001,0.001,0.175,0.281,0.057,0.001,0.001,0.001,0.001,0,0,0,0.033,0,0,0.265,0.001,0.001,0,0.001,7.991,12.238
05:45.3,7019,-0.645,-0.553,0.405,0.338,0.2,-0.208,0.755,0.588,-0.138,-0.328,0.622,0.698,0.726,0.686,0.038,-0.039,-0.253,-0.394,-0.723,-0.507,0.583,-0.422,-0.694,-0.018,0.001,0.001,0.001,0.001,0.055,0.001,0.037,0.001,0.001,0.001,0.001,0.01,0.016,0.049,0.15,0.247,0.077,0.001,0.001,0.001,0.001,0.001,0.063,0.187,0.404,0.015,0.455,0.001,0.001,0.001,0.001,0.04,0.336,0.4,0.379,0.465,0.001,0.597,0.452,1.179,0.899,0.259,0.063,0.276,0.002,0.826,-0.053,-0.56,0.035,1.211,0.861,0.803,0.634,1.018,0.567,0.379,0.001,0.613,0.806,0.803,0.639,0.231,0.249,0.382,0,0,0.176,0.91,0.751,0.313,0.048,0.006,0.016,0.001,0.001,0.001,0.175,0.281,0.057,0.001,0.001,0.001,0.001,0,0,0,0.033,0,0,0.265,0.001,0.001,0,0.001,7.131,12.238
05:45.3,7020,-0.648,-0.548,0.405,0.339,0.198,-0.208,0.757,0.587,-0.138,-0.321,0.635,0.688,0.72,0.692,0.024,-0.04,-0.257,-0.396,-0.724,-0.503,0.59,-0.438,-0.678,-0.014,0.001,0.001,0.001,0.001,0.051,0.001,0.033,0.001,0.001,0.001,0.001,0.007,0.017,0.038,0.137,0.197,0.076,0.001,0.001,0.001,0.001,0.001,0.037,0.145,0.364,0.001,0.443,0.001,0.001,0.001,0.001,0.027,0.327,0.36,0.269,0.486,0.001,0.559,0.377,0.984,0.951,0.179,0.035,0.205,0.005,0.826,-0.053,-0.56,0.035,1.211,0.861,0.803,0.634,1.018,0.567,0.379,0.001,0.613,0.806,0.803,0.639,0.231,0.249,0.382,0,0,0.176,0.91,0.751,0.313,0.048,0.006,0.016,0.001,0.001,0.001,0.175,0.281,0.057,0.001,0.001,0.001,0.001,0,0,0,0.033,0,0,0.265,0.001,0.001,0,0.001,6.329,12.238
05:45.3,7021,-0.65,-0.544,0.407,0.34,0.196,-0.21,0.76,0.583,-0.141,-0.312,0.648,0.681,0.713,0.701,0.012,-0.034,-0.263,-0.397,-0.725,-0.498,0.6,-0.455,-0.658,-0.003,0.001,0.001,0.001,0.001,0.048,0.001,0.015,0.001,0.001,0.001,0.001,0.001,0.017,0.016,0.11,0.115,0.05,0.001,0.001,0.001,0.001,0.001,0.001,0.118,0.299,0.001,0.433,0.001,0.001,0.001,0.001,0.018,0.287,0.303,0.225,0.479,0.001,0.459,0.355,0.708,0.949,0.121,0.001,0.128,0.004,0.826,-0.053,-0.56,0.035,1.211,0.861,0.803,0.634,1.018,0.567,0.379,0.001,0.613,0.806,0.803,0.639,0.231,0.249,0.382,0,0,0.176,0.91,0.751,0.313,0.048,0.006,0.016,0.001,0.001,0.001,0.175,0.281,0.057,0.001,0.001,0.001,0.001,0,0,0,0.033,0,0,0.265,0.001,0.001,0,0.001,5.28,12.238
05:45.3,7022,-0.651,-0.542,0.409,0.34,0.193,-0.215,0.765,0.575,-0.142,-0.304,0.657,0.675,0.706,0.708,0.003,-0.024,-0.271,-0.399,-0.725,-0.492,0.6,-0.455,-0.658,-0.003,0.001,0.001,0.001,0.001,0.048,0.001,0.015,0.001,0.001,0.001,0.001,0.001,0.017,0.016,0.11,0.115,0.05,0.001,0.001,0.001,0.001,0.001,0.001,0.118,0.299,0.001,0.433,0.001,0.001,0.001,0.001,0.018,0.287,0.303,0.225,0.479,0.001,0.459,0.355,0.708,0.949,0.121,0.001,0.128,0.004,0.832,-0.168,-0.527,-0.038,1.167,0.851,0.786,0.632,0.979,0.551,0.443,0,0.585,0.802,0.797,0.651,0.282,0.283,0.469,0.067,0,0.171,0.912,0.761,0.372,0.089,0.006,0.129,0.001,0,0.001,0.176,0.302,0.077,0.002,0.001,0.001,0.001,0,0,0.001,0.043,0.001,0.001,0.261,0.001,0.001,0,0.001,5.28,12.657
05:45.3,7023,-0.651,-0.539,0.412,0.34,0.189,-0.222,0.77,0.567,-0.141,-0.297,0.665,0.671,0.699,0.715,-0.002,-0.01,-0.279,-0.4,-0.726,-0.485,0.6,-0.455,-0.658,-0.003,0.001,0.001,0.001,0.001,0.048,0.001,0.015,0.001,0.001,0.001,0.001,0.001,0.017,0.016,0.11,0.115,0.05,0.001,0.001,0.001,0.001,0.001,0.001,0.118,0.299,0.001,0.433,0.001,0.001,0.001,0.001,0.018,0.287,0.303,0.225,0.479,0.001,0.459,0.355,0.708,0.949,0.121,0.001,0.128,0.004,0.83,-0.177,-0.526,-0.048,1.109,0.797,0.735,0.563,0.888,0.495,0.4,0.049,0.563,0.767,0.767,0.643,0.425,0.425,0.474,0.363,0.013,0.214,0.904,0.779,0.595,0.283,0.055,0.438,0.582,0.001,0.131,0.287,0.404,0.258,0.051,0.013,0.176,0.352,0.001,0.039,0.009,0.138,0.215,0.294,0.571,0.043,0.079,0.001,0,5.28,16.389
05:45.3,7024,-0.652,-0.537,0.414,0.339,0.187,-0.23,0.774,0.56,-0.14,-0.291,0.673,0.666,0.694,0.72,-0.003,0.007,-0.286,-0.401,-0.726,-0.479,0.6,-0.455,-0.658,-0.003,0.001,0.001,0.001,0.001,0.048,0.001,0.015,0.001,0.001,0.001,0.001,0.001,0.017,0.016,0.11,0.115,0.05,0.001,0.001,0.001,0.001,0.001,0.001,0.118,0.299,0.001,0.433,0.001,0.001,0.001,0.001,0.018,0.287,0.303,0.225,0.479,0.001,0.459,0.355,0.708,0.949,0.121,0.001,0.128,0.004,0.827,-0.187,-0.526,-0.061,1.111,0.799,0.736,0.565,0.894,0.488,0.389,0.048,0.564,0.766,0.766,0.648,0.43,0.433,0.48,0.361,0.015,0.217,0.904,0.779,0.597,0.293,0.065,0.446,0.592,0.001,0.143,0.288,0.404,0.256,0.053,0.015,0.182,0.365,0.001,0.046,0.007,0.144,0.22,0.289,0.549,0.045,0.088,0.001,0.001,5.28,16.484
05:45.3,7025,-0.654,-0.535,0.416,0.337,0.187,-0.236,0.776,0.554,-0.14,-0.284,0.68,0.661,0.69,0.724,-0.003,0.026,-0.291,-0.402,-0.727,-0.474,0.6,-0.455,-0.658,-0.003,0.001,0.001,0.001,0.001,0.048,0.001,0.015,0.001,0.001,0.001,0.001,0.001,0.017,0.016,0.11,0.115,0.05,0.001,0.001,0.001,0.001,0.001,0.001,0.118,0.299,0.001,0.433,0.001,0.001,0.001,0.001,0.018,0.287,0.303,0.225,0.479,0.001,0.459,0.355,0.708,0.949,0.121,0.001,0.128,0.004,0.825,-0.193,-0.527,-0.069,1.115,0.801,0.74,0.571,0.904,0.496,0.388,0.048,0.567,0.766,0.768,0.656,0.432,0.435,0.48,0.363,0.016,0.216,0.904,0.78,0.59,0.288,0.065,0.453,0.597,0,0.149,0.283,0.397,0.244,0.044,0.012,0.182,0.368,0,0.046,0.007,0.151,0.225,0.239,0.519,0.04,0.087,0.001,0,5.28,16.433
05:45.3,7026,-0.656,-0.532,0.418,0.334,0.189,-0.241,0.777,0.549,-0.143,-0.277,0.687,0.656,0.686,0.726,-0.001,0.042,-0.294,-0.402,-0.729,-0.469,0.6,-0.455,-0.658,-0.003,0.001,0.001,0.001,0.001,0.048,0.001,0.015,0.001,0.001,0.001,0.001,0.001,0.017,0.016,0.11,0.115,0.05,0.001,0.001,0.001,0.001,0.001,0.001,0.118,0.299,0.001,0.433,0.001,0.001,0.001,0.001,0.018,0.287,0.303,0.225,0.479,0.001,0.459,0.355,0.708,0.949,0.121,0.001,0.128,0.004,0.821,-0.199,-0.529,-0.078,1.121,0.805,0.742,0.579,0.91,0.495,0.391,0.048,0.559,0.768,0.772,0.662,0.433,0.441,0.484,0.363,0.015,0.206,0.905,0.777,0.581,0.284,0.066,0.454,0.596,0,0.153,0.274,0.389,0.236,0.042,0.007,0.179,0.368,0,0.046,0.005,0.14,0.222,0.22,0.485,0.04,0.079,0,0,5.28,16.342
05:45.3,7027,-0.658,-0.53,0.42,0.33,0.194,-0.246,0.779,0.543,-0.148,-0.27,0.693,0.652,0.685,0.727,0.003,0.052,-0.295,-0.403,-0.73,-0.466,0.6,-0.455,-0.658,-0.003,0.001,0.001,0.001,0.001,0.048,0.001,0.015,0.001,0.001,0.001,0.001,0.001,0.017,0.016,0.11,0.115,0.05,0.001,0.001,0.001,0.001,0.001,0.001,0.118,0.299,0.001,0.433,0.001,0.001,0.001,0.001,0.018,0.287,0.303,0.225,0.479,0.001,0.459,0.355,0.708,0.949,0.121,0.001,0.128,0.004,0.818,-0.206,-0.531,-0.086,1.127,0.81,0.746,0.59,0.921,0.498,0.393,0.045,0.551,0.77,0.777,0.668,0.43,0.443,0.486,0.364,0.017,0.192,0.906,0.774,0.567,0.275,0.071,0.459,0.593,0,0.162,0.259,0.379,0.225,0.035,0.004,0.173,0.359,0,0.04,0.001,0.121,0.214,0.199,0.458,0.038,0.073,0,0.001,5.28,16.214
05:45.3,7028,-0.661,-0.528,0.421,0.326,0.202,-0.249,0.784,0.531,-0.154,-0.264,0.698,0.647,0.685,0.726,0.008,0.055,-0.295,-0.404,-0.731,-0.464,0.608,-0.489,-0.606,0.154,0.001,0.001,0.001,0.001,0.034,0.001,0.017,0.001,0,0.001,0.001,0.001,0.006,0.009,0.081,0.068,0.048,0.001,0.001,0.001,0.001,0.001,0.016,0.096,0.254,0.001,0.41,0.001,0.001,0.001,0.001,0.01,0.261,0.255,0.192,0.468,0.001,0.416,0.315,0.607,0.918,0.062,0.001,0.203,0.001,0.814,-0.212,-0.532,-0.094,1.139,0.817,0.751,0.598,0.934,0.496,0.391,0.042,0.54,0.774,0.78,0.672,0.43,0.446,0.488,0.368,0.016,0.179,0.905,0.773,0.559,0.27,0.07,0.468,0.598,0,0.162,0.243,0.366,0.212,0.027,0.004,0.171,0.36,0,0.038,0.001,0.112,0.205,0.184,0.415,0.038,0.07,0,0,4.768,16.112
05:45.4,7029,-0.665,-0.527,0.421,0.321,0.212,-0.251,0.79,0.516,-0.162,-0.259,0.703,0.642,0.687,0.724,0.014,0.052,-0.294,-0.405,-0.732,-0.462,0.611,-0.498,-0.592,0.166,0.001,0.001,0.001,0.001,0.021,0.001,0.001,0.001,0.001,0.001,0.07,0.001,0.001,0.001,0.001,0.001,0.001,0.001,0.001,0.009,0.001,0.001,0.001,0.001,0.04,0.001,0.001,0.001,0.001,0.001,0.001,0.001,0.001,0.001,0.001,0.001,0.001,0.001,0.001,0.001,0.001,0.001,0.001,0.001,0.001,0.809,-0.22,-0.535,-0.104,1.147,0.822,0.755,0.611,0.935,0.496,0.391,0.042,0.526,0.777,0.784,0.672,0.431,0.449,0.492,0.371,0.018,0.171,0.905,0.773,0.552,0.267,0.066,0.473,0.603,0.001,0.182,0.23,0.354,0.201,0.028,0.004,0.168,0.355,0.001,0.039,0.001,0.115,0.206,0.173,0.394,0.038,0.07,0,0,0.181,16.089
05:45.4,7030,-0.669,-0.526,0.419,0.316,0.225,-0.252,0.794,0.505,-0.17,-0.256,0.707,0.636,0.69,0.722,0.02,0.045,-0.294,-0.405,-0.733,-0.461,0.604,-0.508,-0.584,0.192,0.001,0.001,0.001,0.001,0.006,0.001,0.001,0.001,0.001,0.001,0.045,0.001,0.001,0.001,0.001,0.001,0.001,0.001,0.001,0.002,0.001,0.001,0.001,0.001,0.031,0.001,0.001,0.001,0.001,0.001,0.001,0.001,0.001,0.001,0.001,0.001,0.001,0.001,0.001,0.001,0.001,0.001,0.001,0.001,0.001,0.805,-0.227,-0.536,-0.113,1.145,0.827,0.759,0.615,0.937,0.492,0.388,0.042,0.521,0.78,0.789,0.674,0.432,0.455,0.491,0.371,0.016,0.158,0.907,0.774,0.552,0.269,0.072,0.48,0.611,0.001,0.188,0.217,0.342,0.198,0.029,0.01,0.179,0.375,0,0.042,0.001,0.121,0.214,0.177,0.379,0.035,0.073,0,0,0.125,16.138
05:45.4,7031,-0.674,-0.526,0.415,0.311,0.236,-0.253,0.795,0.499,-0.178,-0.254,0.711,0.631,0.692,0.721,0.023,0.035,-0.293,-0.405,-0.734,-0.46,0.604,-0.508,-0.584,0.192,0.001,0.001,0.001,0.001,0.006,0.001,0.001,0.001,0.001,0.001,0.045,0.001,0.001,0.001,0.001,0.001,0.001,0.001,0.001,0.002,0.001,0.001,0.001,0.001,0.031,0.001,0.001,0.001,0.001,0.001,0.001,0.001,0.001,0.001,0.001,0.001,0.001,0.001,0.001,0.001,0.001,0.001,0.001,0.001,0.001,0.799,-0.24,-0.537,-0.126,1.15,0.83,0.761,0.617,0.944,0.482,0.385,0.04,0.503,0.781,0.79,0.676,0.437,0.463,0.491,0.369,0.017,0.144,0.907,0.769,0.554,0.267,0.077,0.485,0.629,0,0.189,0.208,0.338,0.195,0.031,0.015,0.193,0.393,0,0.04,0.005,0.136,0.22,0.188,0.386,0.042,0.082,0,0,0.125,16.229
05:45.4,7032,-0.679,-0.527,0.41,0.306,0.247,-0.254,0.791,0.499,-0.187,-0.253,0.712,0.627,0.692,0.721,0.025,0.025,-0.291,-0.405,-0.735,-0.459,0.604,-0.508,-0.584,0.192,0.001,0.001,0.001,0.001,0.006,0.001,0.001,0.001,0.001,0.001,0.045,0.001,0.001,0.001,0.001,0.001,0.001,0.001,0.001,0.002,0.001,0.001,0.001,0.001,0.031,0.001,0.001,0.001,0.001,0.001,0.001,0.001,0.001,0.001,0.001,0.001,0.001,0.001,0.001,0.001,0.001,0.001,0.001,0.001,0.001,0.795,-0.249,-0.536,-0.137,1.154,0.832,0.762,0.619,0.946,0.493,0.375,0.043,0.484,0.783,0.791,0.678,0.441,0.468,0.488,0.369,0.016,0.126,0.907,0.767,0.557,0.27,0.078,0.485,0.643,0,0.194,0.2,0.336,0.197,0.038,0.021,0.22,0.418,0.001,0.043,0.009,0.155,0.243,0.212,0.393,0.048,0.092,0.001,0,0.125,16.396
05:45.4,7033,-0.684,-0.528,0.404,0.301,0.258,-0.253,0.786,0.501,-0.195,-0.254,0.712,0.624,0.692,0.721,0.025,0.019,-0.289,-0.405,-0.736,-0.459,0.604,-0.508,-0.584,0.192,0.001,0.001,0.001,0.001,0.006,0.001,0.001,0.001,0.001,0.001,0.045,0.001,0.001,0.001,0.001,0.001,0.001,0.001,0.001,0.002,0.001,0.001,0.001,0.001,0.031,0.001,0.001,0.001,0.001,0.001,0.001,0.001,0.001,0.001,0.001,0.001,0.001,0.001,0.001,0.001,0.001,0.001,0.001,0.001,0.001,0.789,-0.262,-0.535,-0.15,1.156,0.832,0.761,0.619,0.943,0.498,0.374,0.046,0.471,0.78,0.791,0.678,0.442,0.469,0.487,0.364,0.015,0.121,0.906,0.766,0.56,0.281,0.089,0.486,0.651,0,0.201,0.197,0.335,0.199,0.044,0.024,0.234,0.438,0.001,0.04,0.012,0.187,0.272,0.244,0.414,0.049,0.114,0.001,0,0.125,16.592
05:45.4,7034,-0.688,-0.529,0.397,0.298,0.27,-0.25,0.782,0.503,-0.201,-0.257,0.712,0.622,0.69,0.723,0.024,0.019,-0.287,-0.404,-0.738,-0.458,0.604,-0.508,-0.584,0.192,0.001,0.001,0.001,0.001,0.006,0.001,0.001,0.001,0.001,0.001,0.045,0.001,0.001,0.001,0.001,0.001,0.001,0.001,0.001,0.002,0.001,0.001,0.001,0.001,0.031,0.001,0.001,0.001,0.001,0.001,0.001,0.001,0.001,0.001,0.001,0.001,0.001,0.001,0.001,0.001,0.001,0.001,0.001,0.001,0.001,0.784,-0.273,-0.533,-0.162,1.151,0.829,0.758,0.617,0.94,0.501,0.376,0.049,0.463,0.779,0.789,0.678,0.448,0.464,0.492,0.36,0.017,0.12,0.907,0.766,0.567,0.283,0.099,0.486,0.657,0,0.206,0.198,0.338,0.201,0.045,0.032,0.244,0.458,0,0.044,0.017,0.201,0.294,0.278,0.436,0.057,0.122,0,0.001,0.125,16.768
05:45.4,7035,-0.692,-0.531,0.389,0.296,0.282,-0.244,0.777,0.507,-0.205,-0.26,0.71,0.621,0.687,0.726,0.024,0.025,-0.285,-0.403,-0.74,-0.457,0.604,-0.508,-0.584,0.192,0.001,0.001,0.001,0.001,0.006,0.001,0.001,0.001,0.001,0.001,0.045,0.001,0.001,0.001,0.001,0.001,0.001,0.001,0.001,0.002,0.001,0.001,0.001,0.001,0.031,0.001,0.001,0.001,0.001,0.001,0.001,0.001,0.001,0.001,0.001,0.001,0.001,0.001,0.001,0.001,0.001,0.001,0.001,0.001,0.001,0.778,-0.287,-0.529,-0.177,1.147,0.825,0.755,0.613,0.941,0.507,0.382,0.057,0.46,0.775,0.786,0.676,0.447,0.466,0.487,0.359,0.016,0.121,0.907,0.764,0.575,0.291,0.103,0.493,0.67,0,0.215,0.203,0.344,0.208,0.049,0.032,0.263,0.476,0,0.054,0.016,0.221,0.311,0.349,0.455,0.068,0.129,0.001,0.001,0.125,17.018
05:45.4,7036,-0.695,-0.532,0.382,0.296,0.292,-0.235,0.773,0.512,-0.206,-0.264,0.709,0.62,0.684,0.728,0.024,0.034,-0.284,-0.402,-0.742,-0.455,0.604,-0.508,-0.584,0.192,0.001,0.001,0.001,0.001,0.006,0.001,0.001,0.001,0.001,0.001,0.045,0.001,0.001,0.001,0.001,0.001,0.001,0.001,0.001,0.002,0.001,0.001,0.001,0.001,0.031,0.001,0.001,0.001,0.001,0.001,0.001,0.001,0.001,0.001,0.001,0.001,0.001,0.001,0.001,0.001,0.001,0.001,0.001,0.001,0.001,0.774,-0.296,-0.527,-0.186,1.14,0.822,0.752,0.613,0.946,0.514,0.385,0.065,0.464,0.772,0.783,0.676,0.448,0.466,0.49,0.361,0.02,0.123,0.907,0.766,0.581,0.294,0.104,0.493,0.68,0.001,0.222,0.209,0.35,0.211,0.056,0.033,0.276,0.486,0,0.057,0.023,0.232,0.32,0.391,0.471,0.068,0.136,0,0.001,0.125,17.208
05:45.4,7037,-0.698,-0.532,0.375,0.298,0.301,-0.225,0.768,0.519,-0.206,-0.268,0.709,0.619,0.682,0.73,0.025,0.043,-0.283,-0.4,-0.744,-0.454,0.548,-0.554,-0.624,0.057,0,0.001,0.001,0.001,0.017,0.001,0.001,0.001,0.001,0.001,0.022,0.001,0.001,0.001,0.001,0.001,0.001,0.001,0.001,0.001,0.001,0.001,0.001,0.001,0.032,0.001,0.001,0.001,0.001,0.001,0.001,0.001,0.001,0.001,0.001,0.001,0.001,0.001,0.001,0.001,0.001,0.001,0.001,0.001,0.001,0.77,-0.304,-0.525,-0.196,1.133,0.819,0.748,0.611,0.945,0.52,0.385,0.063,0.471,0.769,0.78,0.674,0.447,0.464,0.488,0.359,0.024,0.128,0.907,0.766,0.589,0.298,0.104,0.497,0.689,0.001,0.23,0.215,0.357,0.215,0.06,0.033,0.281,0.498,0.001,0.06,0.024,0.237,0.324,0.419,0.481,0.077,0.147,0.001,0,0.112,17.339
05:45.4,7038,-0.7,-0.531,0.369,0.302,0.308,-0.213,0.764,0.526,-0.204,-0.271,0.709,0.618,0.681,0.73,0.029,0.048,-0.283,-0.398,-0.746,-0.451,0.526,-0.565,-0.635,0.029,0.001,0.001,0.001,0.001,0.001,0.001,0.001,0.001,0.001,0.001,0.007,0.001,0.001,0.001,0.001,0.001,0.001,0.001,0.001,0.001,0.001,0.001,0.001,0.001,0.034,0.001,0.001,0.001,0.001,0.001,0.001,0.001,0.001,0.001,0.001,0.001,0,0.001,0.001,0.001,0.001,0.001,0.001,0.001,0.001,0.765,-0.314,-0.523,-0.208,1.128,0.817,0.746,0.609,0.947,0.521,0.385,0.068,0.475,0.767,0.778,0.674,0.454,0.469,0.487,0.354,0.028,0.134,0.906,0.767,0.597,0.293,0.117,0.497,0.696,0.001,0.234,0.222,0.361,0.22,0.063,0.038,0.284,0.507,0,0.062,0.027,0.245,0.332,0.444,0.496,0.094,0.156,0,0,0.083,17.5
05:45.5,7039,-0.702,-0.531,0.364,0.305,0.314,-0.202,0.76,0.532,-0.202,-0.274,0.709,0.617,0.681,0.73,0.033,0.049,-0.284,-0.396,-0.749,-0.449,0.499,-0.577,-0.647,-0.007,0.001,0.001,0.001,0.001,0.001,0.001,0.001,0.001,0.001,0.001,0.006,0.001,0.001,0.001,0.001,0.001,0.001,0.001,0.001,0.001,0.001,0.001,0.001,0.001,0.033,0.001,0.001,0.001,0.001,0.001,0.001,0.001,0.001,0.001,0.001,0.001,0.001,0.001,0.001,0.001,0.001,0.001,0.001,0.001,0.001,0.761,-0.32,-0.522,-0.215,1.122,0.814,0.745,0.611,0.946,0.525,0.386,0.068,0.479,0.763,0.775,0.675,0.454,0.466,0.485,0.352,0.027,0.145,0.906,0.767,0.596,0.297,0.126,0.498,0.696,0.001,0.231,0.227,0.369,0.227,0.068,0.037,0.294,0.513,0.001,0.063,0.026,0.254,0.344,0.465,0.504,0.1,0.164,0,0,0.082,17.612
05:45.5,7040,-0.702,-0.53,0.36,0.309,0.319,-0.191,0.756,0.538,-0.201,-0.276,0.709,0.616,0.682,0.729,0.036,0.047,-0.285,-0.394,-0.751,-0.446,0.48,-0.583,-0.654,-0.034,0.001,0.001,0.001,0.001,0.001,0.001,0.001,0.001,0.001,0.001,0.006,0.001,0.001,0.001,0.001,0.001,0.001,0.001,0.001,0.001,0.001,0.001,0.001,0.001,0.031,0.001,0.001,0.001,0.001,0.001,0.001,0.001,0.001,0.001,0.001,0.001,0.001,0.001,0.001,0.001,0.001,0.001,0.001,0.001,0.001,0.756,-0.327,-0.52,-0.224,1.118,0.814,0.742,0.609,0.944,0.534,0.386,0.07,0.481,0.762,0.773,0.676,0.459,0.453,0.482,0.349,0.027,0.15,0.905,0.767,0.598,0.299,0.131,0.499,0.7,0.001,0.236,0.23,0.372,0.227,0.074,0.038,0.298,0.519,0,0.065,0.029,0.263,0.355,0.487,0.508,0.111,0.172,0,0.001,0.08,17.714
05:45.5,7041,-0.702,-0.53,0.358,0.314,0.321,-0.18,0.753,0.546,-0.2,-0.278,0.71,0.616,0.684,0.728,0.038,0.043,-0.287,-0.392,-0.753,-0.444,0.467,-0.586,-0.659,-0.061,0.001,0.001,0.001,0.001,0.001,0.001,0.001,0.001,0.001,0.001,0.006,0.001,0.001,0.001,0.001,0.001,0.001,0.001,0.001,0.001,0.001,0.001,0.001,0.001,0.031,0.001,0.001,0.001,0.001,0.001,0.001,0.001,0.001,0.001,0.001,0.001,0.001,0.001,0.001,0.001,0.001,0.001,0.001,0.001,0.001,0.753,-0.333,-0.519,-0.231,1.116,0.812,0.741,0.608,0.947,0.534,0.383,0.07,0.48,0.761,0.772,0.678,0.457,0.457,0.477,0.348,0.027,0.151,0.907,0.767,0.602,0.3,0.14,0.502,0.702,0,0.241,0.232,0.375,0.231,0.074,0.042,0.303,0.519,0.001,0.066,0.029,0.276,0.371,0.513,0.52,0.12,0.178,0,0.001,0.08,17.831
05:45.5,7042,-0.701,-0.53,0.356,0.318,0.318,-0.168,0.751,0.553,-0.2,-0.279,0.71,0.615,0.685,0.727,0.039,0.039,-0.289,-0.39,-0.755,-0.441,0.454,-0.587,-0.663,-0.094,0.001,0.001,0.001,0.001,0.002,0.001,0.001,0.001,0.001,0.001,0.005,0.001,0.001,0.001,0.001,0.001,0.001,0.001,0.001,0.001,0.001,0.001,0.001,0.001,0.031,0.001,0.001,0.001,0.001,0.001,0.001,0.001,0.001,0.001,0.001,0.001,0.001,0.001,0.001,0.001,0.001,0.001,0.001,0.001,0.001,0.753,-0.333,-0.519,-0.231,1.116,0.812,0.741,0.608,0.947,0.534,0.383,0.07,0.48,0.761,0.772,0.678,0.457,0.457,0.477,0.348,0.027,0.151,0.907,0.767,0.602,0.3,0.14,0.502,0.702,0,0.241,0.232,0.375,0.231,0.074,0.042,0.303,0.519,0.001,0.066,0.029,0.276,0.371,0.513,0.52,0.12,0.178,0,0.001,0.08,17.831
05:45.5,7043,-0.699,-0.53,0.355,0.322,0.311,-0.154,0.751,0.563,-0.2,-0.28,0.71,0.615,0.686,0.726,0.039,0.036,-0.292,-0.389,-0.756,-0.438,0.444,-0.587,-0.665,-0.123,0.001,0.001,0.001,0.001,0.004,0.001,0.001,0.001,0.001,0.001,0.002,0.001,0.001,0.001,0.001,0.001,0.001,0.001,0.001,0.001,0.001,0.001,0.001,0.001,0.032,0.001,0.001,0.001,0.001,0.001,0.001,0.001,0.001,0.001,0.001,0.001,0.001,0.001,0.001,0.001,0.001,0.001,0.001,0.001,0.001,0.753,-0.333,-0.519,-0.231,1.116,0.812,0.741,0.608,0.947,0.534,0.383,0.07,0.48,0.761,0.772,0.678,0.457,0.457,0.477,0.348,0.027,0.151,0.907,0.767,0.602,0.3,0.14,0.502,0.702,0,0.241,0.232,0.375,0.231,0.074,0.042,0.303,0.519,0.001,0.066,0.029,0.276,0.371,0.513,0.52,0.12,0.178,0,0.001,0.08,17.831
05:45.5,7044,-0.697,-0.53,0.355,0.326,0.299,-0.139,0.752,0.572,-0.2,-0.28,0.71,0.615,0.686,0.726,0.038,0.035,-0.295,-0.388,-0.757,-0.436,0.433,-0.585,-0.667,-0.158,0.001,0.001,0.001,0.001,0.01,0.001,0.001,0.001,0.001,0.001,0.001,0.001,0.001,0.001,0.001,0.001,0.001,0.001,0.001,0.001,0.001,0.001,0.001,0.001,0.032,0.001,0.001,0.001,0.001,0.001,0.001,0.001,0.001,0.001,0.001,0.001,0.001,0.001,0.001,0.001,0.001,0.001,0.001,0.001,0.001,0.753,-0.333,-0.519,-0.231,1.116,0.812,0.741,0.608,0.947,0.534,0.383,0.07,0.48,0.761,0.772,0.678,0.457,0.457,0.477,0.348,0.027,0.151,0.907,0.767,0.602,0.3,0.14,0.502,0.702,0,0.241,0.232,0.375,0.231,0.074,0.042,0.303,0.519,0.001,0.066,0.029,0.276,0.371,0.513,0.52,0.12,0.178,0,0.001,0.085,17.831
05:45.5,7045,-0.695,-0.53,0.357,0.33,0.286,-0.125,0.753,0.58,-0.199,-0.28,0.71,0.615,0.686,0.726,0.036,0.036,-0.297,-0.387,-0.758,-0.433,0.426,-0.582,-0.669,-0.18,0.001,0.001,0.001,0.001,0.016,0.001,0.001,0.001,0.001,0.001,0.004,0.001,0.001,0.001,0.001,0.001,0.001,0.001,0.001,0.001,0.001,0.001,0.001,0.001,0.032,0.001,0.001,0.001,0.001,0.001,0.001,0.001,0.001,0.001,0.001,0.001,0.001,0.001,0.001,0.001,0.001,0.001,0.001,0.001,0.001,0.753,-0.333,-0.519,-0.231,1.116,0.812,0.741,0.608,0.947,0.534,0.383,0.07,0.48,0.761,0.772,0.678,0.457,0.457,0.477,0.348,0.027,0.151,0.907,0.767,0.602,0.3,0.14,0.502,0.702,0,0.241,0.232,0.375,0.231,0.074,0.042,0.303,0.519,0.001,0.066,0.029,0.276,0.371,0.513,0.52,0.12,0.178,0,0.001,0.094,17.831
05:45.5,7046,-0.692,-0.529,0.359,0.334,0.272,-0.113,0.755,0.587,-0.197,-0.28,0.71,0.616,0.686,0.726,0.035,0.037,-0.3,-0.386,-0.758,-0.432,0.426,-0.582,-0.669,-0.18,0.001,0.001,0.001,0.001,0.016,0.001,0.001,0.001,0.001,0.001,0.004,0.001,0.001,0.001,0.001,0.001,0.001,0.001,0.001,0.001,0.001,0.001,0.001,0.001,0.032,0.001,0.001,0.001,0.001,0.001,0.001,0.001,0.001,0.001,0.001,0.001,0.001,0.001,0.001,0.001,0.001,0.001,0.001,0.001,0.001,0.753,-0.333,-0.519,-0.231,1.116,0.812,0.741,0.608,0.947,0.534,0.383,0.07,0.48,0.761,0.772,0.678,0.457,0.457,0.477,0.348,0.027,0.151,0.907,0.767,0.602,0.3,0.14,0.502,0.702,0,0.241,0.232,0.375,0.231,0.074,0.042,0.303,0.519,0.001,0.066,0.029,0.276,0.371,0.513,0.52,0.12,0.178,0,0.001,0.094,17.831
05:45.5,7047,-0.69,-0.529,0.362,0.337,0.258,-0.103,0.756,0.593,-0.195,-0.279,0.71,0.616,0.685,0.726,0.034,0.039,-0.303,-0.385,-0.758,-0.43,0.426,-0.582,-0.669,-0.18,0.001,0.001,0.001,0.001,0.016,0.001,0.001,0.001,0.001,0.001,0.004,0.001,0.001,0.001,0.001,0.001,0.001,0.001,0.001,0.001,0.001,0.001,0.001,0.001,0.032,0.001,0.001,0.001,0.001,0.001,0.001,0.001,0.001,0.001,0.001,0.001,0.001,0.001,0.001,0.001,0.001,0.001,0.001,0.001,0.001,0.753,-0.333,-0.519,-0.231,1.116,0.812,0.741,0.608,0.947,0.534,0.383,0.07,0.48,0.761,0.772,0.678,0.457,0.457,0.477,0.348,0.027,0.151,0.907,0.767,0.602,0.3,0.14,0.502,0.702,0,0.241,0.232,0.375,0.231,0.074,0.042,0.303,0.519,0.001,0.066,0.029,0.276,0.371,0.513,0.52,0.12,0.178,0,0.001,0.094,17.831
05:45.5,7048,-0.687,-0.528,0.365,0.34,0.245,-0.087,0.757,0.599,-0.193,-0.278,0.711,0.617,0.685,0.727,0.034,0.039,-0.305,-0.385,-0.759,-0.428,0.426,-0.582,-0.669,-0.18,0.001,0.001,0.001,0.001,0.016,0.001,0.001,0.001,0.001,0.001,0.004,0.001,0.001,0.001,0.001,0.001,0.001,0.001,0.001,0.001,0.001,0.001,0.001,0.001,0.032,0.001,0.001,0.001,0.001,0.001,0.001,0.001,0.001,0.001,0.001,0.001,0.001,0.001,0.001,0.001,0.001,0.001,0.001,0.001,0.001,0.724,-0.373,-0.509,-0.28,1.115,0.812,0.741,0.607,0.947,0.534,0.383,0.071,0.48,0.761,0.778,0.678,0.457,0.46,0.477,0.347,0.027,0.151,0.907,0.767,0.602,0.305,0.144,0.502,0.702,0.001,0.242,0.238,0.375,0.231,0.077,0.044,0.303,0.518,0,0.067,0.032,0.28,0.37,0.518,0.52,0.122,0.181,0.001,0.001,0.094,17.876
05:45.6,7049,-0.685,-0.528,0.369,0.341,0.233,-0.086,0.757,0.605,-0.191,-0.277,0.711,0.617,0.685,0.727,0.033,0.039,-0.306,-0.385,-0.759,-0.426,0.426,-0.582,-0.669,-0.18,0.001,0.001,0.001,0.001,0.016,0.001,0.001,0.001,0.001,0.001,0.004,0.001,0.001,0.001,0.001,0.001,0.001,0.001,0.001,0.001,0.001,0.001,0.001,0.001,0.032,0.001,0.001,0.001,0.001,0.001,0.001,0.001,0.001,0.001,0.001,0.001,0.001,0.001,0.001,0.001,0.001,0.001,0.001,0.001,0.001,0.72,-0.378,-0.507,-0.286,1.033,0.788,0.716,0.585,0.933,0.531,0.35,0.074,0.433,0.756,0.766,0.672,0.468,0.457,0.44,0.337,0.039,0.14,0.916,0.775,0.623,0.327,0.188,0.495,0.726,0.001,0.245,0.232,0.388,0.275,0.112,0.068,0.342,0.538,0.001,0.083,0.038,0.371,0.419,0.691,0.631,0.217,0.227,0,0,0.094,18.447
05:45.6,7050,-0.682,-0.528,0.372,0.342,0.221,-0.08,0.756,0.611,-0.189,-0.276,0.712,0.617,0.685,0.726,0.033,0.037,-0.307,-0.385,-0.76,-0.425,0.426,-0.582,-0.669,-0.18,0.001,0.001,0.001,0.001,0.016,0.001,0.001,0.001,0.001,0.001,0.004,0.001,0.001,0.001,0.001,0.001,0.001,0.001,0.001,0.001,0.001,0.001,0.001,0.001,0.032,0.001,0.001,0.001,0.001,0.001,0.001,0.001,0.001,0.001,0.001,0.001,0.001,0.001,0.001,0.001,0.001,0.001,0.001,0.001,0.001,0.714,-0.385,-0.504,-0.295,1.015,0.78,0.712,0.578,0.924,0.53,0.347,0.076,0.43,0.755,0.764,0.668,0.47,0.46,0.435,0.338,0.04,0.142,0.918,0.777,0.629,0.336,0.197,0.492,0.725,0.001,0.243,0.236,0.389,0.287,0.123,0.071,0.347,0.548,0.001,0.088,0.042,0.386,0.425,0.74,0.654,0.231,0.231,0,0,0.094,18.581
