timestamp,packet_counter,right_thigh_q1,right_thigh_q2,right_thigh_q3,right_thigh_q4,right_calf_q1,right_calf_q2,right_calf_q3,right_calf_q4,left_thigh_q1,left_thigh_q2,left_thigh_q3,left_thigh_q4,left_calf_q1,left_calf_q2,left_calf_q3,left_calf_q4,trunk_q1,trunk_q2,trunk_q3,trunk_q4,right_foot_q0,right_foot_q1,right_foot_q2,right_foot_q3,right_pressure0,right_pressure1,right_pressure2,right_pressure3,right_pressure4,right_pressure5,right_pressure6,right_pressure7,right_pressure8,right_pressure9,right_pressure10,right_pressure11,right_pressure12,right_pressure13,right_pressure14,right_pressure15,right_pressure16,right_pressure17,right_pressure18,right_pressure19,right_pressure20,right_pressure21,right_pressure22,right_pressure23,right_pressure24,right_pressure25,right_pressure26,right_pressure27,right_pressure28,right_pressure29,right_pressure30,right_pressure31,right_pressure32,right_pressure33,right_pressure34,right_pressure35,right_pressure36,right_pressure37,right_pressure38,right_pressure39,right_pressure40,right_pressure41,right_pressure42,right_pressure43,right_pressure44,left_foot_q0,left_foot_q1,left_foot_q2,left_foot_q3,left_pressure0,left_pressure1,left_pressure2,left_pressure3,left_pressure4,left_pressure5,left_pressure6,left_pressure7,left_pressure8,left_pressure9,left_pressure10,left_pressure11,left_pressure12,left_pressure13,left_pressure14,left_pressure15,left_pressure16,left_pressure17,left_pressure18,left_pressure19,left_pressure20,left_pressure21,left_pressure22,left_pressure23,left_pressure24,left_pressure25,left_pressure26,left_pressure27,left_pressure28,left_pressure29,left_pressure30,left_pressure31,left_pressure32,left_pressure33,left_pressure34,left_pressure35,left_pressure36,left_pressure37,left_pressure38,left_pressure39,left_pressure40,left_pressure41,left_pressure42,left_pressure43,left_pressure44,right_pressure_sum,left_pressure_sum
07:49.9,9694,-0.3,-0.449,0.648,0.537,0.388,0.584,-0.472,-0.534,0.697,0.633,0.276,-0.193,0.558,0.405,0.543,0.479,-0.264,-0.537,-0.638,-0.485,-0.41,0.636,0.463,0.462,0.001,0.001,0.059,0.215,0.965,1.051,0.441,0.112,0.001,0.007,0.155,0.074,0.313,0.606,0.497,0.462,0.159,0.001,0.063,0.007,0.001,0.002,0.134,0.549,0.78,0.225,0.299,0.001,0.001,0.001,0.002,0.006,0.497,0.668,0.261,0.215,0.007,0.59,0.695,0.978,0.939,0.227,0.106,0.396,0.114,0.046,0.511,0.086,0.854,0,0.001,0.001,0,0,0.001,0.001,0.001,0,0.001,0,0.001,0.001,0.001,0.001,0.001,0.001,0,0.001,0,0.001,0.001,0,0,0,0.001,0,0,0,0.001,0.001,0,0.001,0.001,0,0,0,0,0.001,0,0,0,0,0,0,12.884,0.021
07:49.9,9695,-0.296,-0.448,0.649,0.539,0.385,0.585,-0.471,-0.536,0.697,0.635,0.274,-0.19,0.553,0.411,0.543,0.479,-0.264,-0.539,-0.636,-0.484,-0.412,0.638,0.46,0.46,0.001,0.001,0.001,0.089,0.853,1.038,0.446,0.116,0.001,0.005,0.123,0.031,0.194,0.587,0.509,0.449,0.167,0.001,0.054,0.001,0.001,0.002,0.105,0.542,0.779,0.231,0.32,0.001,0.001,0.001,0.001,0.006,0.493,0.67,0.276,0.226,0.007,0.59,0.701,1.023,0.944,0.232,0.116,0.405,0.189,0.022,0.488,0.117,0.864,0.902,0.54,0.001,0.001,0.001,0,0,0,0.853,0.661,0.137,0.001,0.001,0.001,0,0.001,0,0.227,0.518,0,0.001,0,0.001,0,0.001,0,0,0.001,0.001,0,0,0,0,0,0,0.001,0,0.001,0.001,0.001,0.001,0.001,0,0.001,0.001,12.529,3.858
07:50.0,9696,-0.293,-0.446,0.649,0.542,0.383,0.585,-0.47,-0.539,0.696,0.638,0.271,-0.185,0.549,0.416,0.546,0.478,-0.264,-0.541,-0.635,-0.484,-0.413,0.639,0.46,0.457,0.001,0.001,0.001,0.011,0.681,1.022,0.444,0.116,0.001,0.001,0.082,0.001,0.115,0.537,0.507,0.449,0.177,0.001,0.048,0.001,0.001,0.001,0.076,0.545,0.773,0.227,0.322,0.001,0.001,0.001,0.001,0.005,0.488,0.673,0.303,0.238,0.006,0.592,0.708,1.053,0.973,0.237,0.118,0.424,0.227,0.007,0.492,0.127,0.861,0.954,0.662,0,0,0.001,0,0.001,0.001,0.907,0.707,0.247,0,0.001,0,0.001,0,0,0.397,0.621,0,0,0.001,0,0,0.001,0.001,0.001,0.001,0,0,0,0.001,0,0,0.001,0,0,0,0,0.001,0,0.001,0.001,0,0,12.191,4.51
07:50.0,9697,-0.291,-0.445,0.649,0.544,0.382,0.585,-0.468,-0.541,0.696,0.642,0.269,-0.179,0.544,0.416,0.552,0.475,-0.263,-0.544,-0.634,-0.483,-0.41,0.636,0.465,0.461,0.001,0.001,0.001,0.001,0.556,0.978,0.44,0.122,0.001,0.001,0.065,0.001,0.063,0.457,0.509,0.443,0.171,0.001,0.051,0.001,0.001,0.001,0.068,0.545,0.767,0.238,0.327,0.001,0.001,0.001,0.001,0.004,0.488,0.67,0.311,0.243,0.006,0.597,0.716,1.076,0.987,0.237,0.127,0.44,0.28,-0.008,0.505,0.131,0.853,0.921,0.709,0.001,0,0,0.001,0,0.001,0.895,0.748,0.358,0,0,0,0,0.009,0.001,0.468,0.669,0.023,0.001,0.001,0.001,0,0,0,0,0.001,0,0,0.001,0.001,0.001,0,0.001,0,0,0,0,0.001,0.001,0.001,0,0,0.001,11.997,4.816
07:50.0,9698,-0.289,-0.442,0.65,0.547,0.381,0.585,-0.467,-0.543,0.696,0.645,0.267,-0.171,0.54,0.408,0.561,0.475,-0.262,-0.546,-0.633,-0.482,-0.407,0.64,0.46,0.463,0.001,0.001,0.001,0.001,0.413,0.932,0.431,0.121,0.001,0.001,0.048,0.001,0.048,0.392,0.516,0.446,0.176,0.001,0.051,0.001,0.001,0.001,0.01,0.542,0.766,0.242,0.332,0.001,0.001,0.001,0.001,0.002,0.487,0.665,0.313,0.248,0.004,0.595,0.72,1.101,0.994,0.234,0.134,0.466,0.337,-0.008,0.505,0.131,0.853,0.921,0.709,0.001,0,0,0.001,0,0.001,0.895,0.748,0.358,0,0,0,0,0.009,0.001,0.468,0.669,0.023,0.001,0.001,0.001,0,0,0,0,0.001,0,0,0.001,0.001,0.001,0,0.001,0,0,0,0,0.001,0.001,0.001,0,0,0.001,11.781,4.816
07:50.0,9699,-0.289,-0.439,0.65,0.549,0.381,0.585,-0.465,-0.544,0.695,0.646,0.269,-0.165,0.541,0.399,0.565,0.477,-0.258,-0.549,-0.632,-0.481,-0.406,0.644,0.454,0.463,0.001,0.001,0.001,0.001,0.308,0.861,0.424,0.116,0.001,0.001,0.043,0.001,0.029,0.274,0.515,0.436,0.178,0.001,0.035,0.001,0.001,0.001,0.002,0.532,0.764,0.249,0.326,0.001,0.001,0.001,0.001,0.002,0.485,0.664,0.317,0.253,0.002,0.608,0.733,1.107,0.999,0.242,0.142,0.481,0.392,-0.008,0.505,0.131,0.853,0.921,0.709,0.001,0,0,0.001,0,0.001,0.895,0.748,0.358,0,0,0,0,0.009,0.001,0.468,0.669,0.023,0.001,0.001,0.001,0,0,0,0,0.001,0,0,0.001,0.001,0.001,0,0.001,0,0,0,0,0.001,0.001,0.001,0,0,0.001,11.534,4.816
07:50.0,9700,-0.29,-0.437,0.65,0.55,0.381,0.585,-0.462,-0.546,0.693,0.647,0.274,-0.161,0.547,0.399,0.56,0.477,-0.254,-0.552,-0.632,-0.481,-0.406,0.644,0.454,0.463,0.001,0.001,0.001,0.001,0.308,0.861,0.424,0.116,0.001,0.001,0.043,0.001,0.029,0.274,0.515,0.436,0.178,0.001,0.035,0.001,0.001,0.001,0.002,0.532,0.764,0.249,0.326,0.001,0.001,0.001,0.001,0.002,0.485,0.664,0.317,0.253,0.002,0.608,0.733,1.107,0.999,0.242,0.142,0.481,0.392,-0.008,0.505,0.131,0.853,0.921,0.709,0.001,0,0,0.001,0,0.001,0.895,0.748,0.358,0,0,0,0,0.009,0.001,0.468,0.669,0.023,0.001,0.001,0.001,0,0,0,0,0.001,0,0,0.001,0.001,0.001,0,0.001,0,0,0,0,0.001,0.001,0.001,0,0,0.001,11.534,4.816
07:50.0,9701,-0.293,-0.434,0.651,0.55,0.38,0.586,-0.46,-0.549,0.692,0.645,0.281,-0.16,0.554,0.405,0.552,0.473,-0.25,-0.553,-0.633,-0.481,-0.406,0.644,0.454,0.463,0.001,0.001,0.001,0.001,0.308,0.861,0.424,0.116,0.001,0.001,0.043,0.001,0.029,0.274,0.515,0.436,0.178,0.001,0.035,0.001,0.001,0.001,0.002,0.532,0.764,0.249,0.326,0.001,0.001,0.001,0.001,0.002,0.485,0.664,0.317,0.253,0.002,0.608,0.733,1.107,0.999,0.242,0.142,0.481,0.392,-0.008,0.505,0.131,0.853,0.921,0.709,0.001,0,0,0.001,0,0.001,0.895,0.748,0.358,0,0,0,0,0.009,0.001,0.468,0.669,0.023,0.001,0.001,0.001,0,0,0,0,0.001,0,0,0.001,0.001,0.001,0,0.001,0,0,0,0,0.001,0.001,0.001,0,0,0.001,11.534,4.816
07:50.0,9702,-0.297,-0.432,0.651,0.549,0.379,0.586,-0.457,-0.551,0.69,0.643,0.289,-0.164,0.557,0.413,0.546,0.47,-0.247,-0.554,-0.633,-0.481,-0.406,0.644,0.454,0.463,0.001,0.001,0.001,0.001,0.308,0.861,0.424,0.116,0.001,0.001,0.043,0.001,0.029,0.274,0.515,0.436,0.178,0.001,0.035,0.001,0.001,0.001,0.002,0.532,0.764,0.249,0.326,0.001,0.001,0.001,0.001,0.002,0.485,0.664,0.317,0.253,0.002,0.608,0.733,1.107,0.999,0.242,0.142,0.481,0.392,-0.008,0.505,0.131,0.853,0.921,0.709,0.001,0,0,0.001,0,0.001,0.895,0.748,0.358,0,0,0,0,0.009,0.001,0.468,0.669,0.023,0.001,0.001,0.001,0,0,0,0,0.001,0,0,0.001,0.001,0.001,0,0.001,0,0,0,0,0.001,0.001,0.001,0,0,0.001,11.534,4.816
07:50.0,9703,-0.301,-0.429,0.651,0.549,0.378,0.587,-0.454,-0.554,0.689,0.64,0.296,-0.17,0.555,0.423,0.542,0.469,-0.245,-0.554,-0.634,-0.481,-0.406,0.644,0.454,0.463,0.001,0.001,0.001,0.001,0.308,0.861,0.424,0.116,0.001,0.001,0.043,0.001,0.029,0.274,0.515,0.436,0.178,0.001,0.035,0.001,0.001,0.001,0.002,0.532,0.764,0.249,0.326,0.001,0.001,0.001,0.001,0.002,0.485,0.664,0.317,0.253,0.002,0.608,0.733,1.107,0.999,0.242,0.142,0.481,0.392,-0.008,0.505,0.131,0.853,0.921,0.709,0.001,0,0,0.001,0,0.001,0.895,0.748,0.358,0,0,0,0,0.009,0.001,0.468,0.669,0.023,0.001,0.001,0.001,0,0,0,0,0.001,0,0,0.001,0.001,0.001,0,0.001,0,0,0,0,0.001,0.001,0.001,0,0,0.001,11.534,4.816
07:50.0,9704,-0.306,-0.426,0.651,0.549,0.378,0.587,-0.45,-0.557,0.687,0.638,0.3,-0.177,0.549,0.433,0.537,0.471,-0.243,-0.553,-0.635,-0.482,-0.406,0.644,0.454,0.463,0.001,0.001,0.001,0.001,0.308,0.861,0.424,0.116,0.001,0.001,0.043,0.001,0.029,0.274,0.515,0.436,0.178,0.001,0.035,0.001,0.001,0.001,0.002,0.532,0.764,0.249,0.326,0.001,0.001,0.001,0.001,0.002,0.485,0.664,0.317,0.253,0.002,0.608,0.733,1.107,0.999,0.242,0.142,0.481,0.392,-0.008,0.505,0.131,0.853,0.921,0.709,0.001,0,0,0.001,0,0.001,0.895,0.748,0.358,0,0,0,0,0.009,0.001,0.468,0.669,0.023,0.001,0.001,0.001,0,0,0,0,0.001,0,0,0.001,0.001,0.001,0,0.001,0,0,0,0,0.001,0.001,0.001,0,0,0.001,11.534,4.816
07:50.0,9705,-0.312,-0.423,0.65,0.549,0.377,0.587,-0.447,-0.559,0.685,0.637,0.303,-0.18,0.54,0.444,0.534,0.475,-0.241,-0.551,-0.636,-0.483,-0.406,0.644,0.454,0.463,0.001,0.001,0.001,0.001,0.308,0.861,0.424,0.116,0.001,0.001,0.043,0.001,0.029,0.274,0.515,0.436,0.178,0.001,0.035,0.001,0.001,0.001,0.002,0.532,0.764,0.249,0.326,0.001,0.001,0.001,0.001,0.002,0.485,0.664,0.317,0.253,0.002,0.608,0.733,1.107,0.999,0.242,0.142,0.481,0.392,-0.008,0.505,0.131,0.853,0.921,0.709,0.001,0,0,0.001,0,0.001,0.895,0.748,0.358,0,0,0,0,0.009,0.001,0.468,0.669,0.023,0.001,0.001,0.001,0,0,0,0,0.001,0,0,0.001,0.001,0.001,0,0.001,0,0,0,0,0.001,0.001,0.001,0,0,0.001,11.534,4.816
07:50.1,9706,-0.318,-0.418,0.65,0.549,0.377,0.588,-0.443,-0.562,0.685,0.637,0.303,-0.181,0.531,0.455,0.531,0.479,-0.241,-0.55,-0.637,-0.484,-0.408,0.7,0.346,0.474,0.001,0.001,0.001,0.001,0.228,0.773,0.408,0.114,0.001,0.001,0.042,0.001,0.032,0.179,0.501,0.437,0.188,0.001,0.021,0.001,0.001,0.001,0.005,0.523,0.762,0.245,0.316,0.001,0.001,0.001,0.001,0.002,0.487,0.663,0.314,0.258,0.002,0.62,0.734,1.122,1,0.245,0.15,0.496,0.454,-0.08,0.544,0.026,0.835,0.976,0.823,0.122,0.001,0.001,0.001,0,0,0.882,0.894,0.697,0,0.001,0,0,0.018,0.001,0.507,0.695,0.222,0,0.001,0,0,0.005,0.001,0.001,0.02,0,0,0,0,0.001,0,0,0,0.001,0,0.001,0.001,0,0.001,0.001,0,0,11.336,5.875
07:50.1,9707,-0.325,-0.414,0.649,0.549,0.376,0.588,-0.44,-0.565,0.686,0.64,0.298,-0.175,0.525,0.464,0.529,0.478,-0.242,-0.549,-0.638,-0.483,-0.407,0.71,0.323,0.476,0.001,0.001,0.001,0.001,0.073,0.259,0.148,0.01,0.001,0.001,0.001,0.001,0.001,0.035,0.192,0.317,0.27,0.001,0.001,0.001,0.001,0.001,0.059,0.249,0.626,0.222,0.306,0.001,0.001,0.001,0.001,0.004,0.335,0.657,0.304,0.232,0.001,0.744,0.919,1.105,1.005,0.591,0.239,0.618,0.717,-0.101,0.546,0.039,0.831,0.999,0.834,0.687,0.503,0.777,0.432,0.265,0.001,0.803,0.863,0.825,0.347,0.084,0.001,0.059,0.051,0,0.518,0.822,0.653,0.005,0.002,0.001,0.001,0.018,0.001,0.001,0.161,0.02,0.001,0.001,0,0,0.001,0.001,0,0.001,0,0,0,0,0,0.001,0,0,10.255,9.74
07:50.1,9708,-0.333,-0.408,0.648,0.55,0.375,0.588,-0.437,-0.568,0.685,0.65,0.289,-0.158,0.522,0.474,0.527,0.474,-0.244,-0.547,-0.639,-0.483,-0.402,0.727,0.284,0.479,0.001,0.001,0.001,0.001,0.059,0.214,0.129,0.005,0.001,0.001,0.001,0.001,0.001,0.035,0.197,0.291,0.261,0,0.001,0.011,0.001,0.001,0.072,0.216,0.58,0.198,0.28,0.001,0.001,0.001,0.001,0.004,0.326,0.606,0.294,0.219,0.001,0.739,0.958,1.148,1.016,0.626,0.234,0.604,0.725,-0.123,0.546,0.051,0.827,1,0.811,0.701,0.595,0.877,0.603,0.431,0,0.803,0.844,0.857,0.458,0.109,0.017,0.09,0.078,0.001,0.548,0.835,0.685,0.009,0.004,0.001,0.001,0.027,0,0,0.226,0.057,0.001,0.001,0.001,0,0.001,0,0.001,0.001,0,0,0,0.001,0,0.001,0,0,10.064,10.676
07:50.1,9709,-0.34,-0.402,0.647,0.552,0.373,0.587,-0.434,-0.573,0.679,0.664,0.282,-0.136,0.522,0.483,0.524,0.467,-0.246,-0.545,-0.641,-0.481,-0.402,0.727,0.284,0.479,0.001,0.001,0.001,0.001,0.059,0.214,0.129,0.005,0.001,0.001,0.001,0.001,0.001,0.035,0.197,0.291,0.261,0,0.001,0.011,0.001,0.001,0.072,0.216,0.58,0.198,0.28,0.001,0.001,0.001,0.001,0.004,0.326,0.606,0.294,0.219,0.001,0.739,0.958,1.148,1.016,0.626,0.234,0.604,0.725,-0.143,0.545,0.064,0.824,0.985,0.79,0.723,0.678,0.962,0.718,0.584,0.001,0.796,0.828,0.86,0.514,0.176,0.06,0.214,0.096,0.001,0.582,0.856,0.698,0.037,0.006,0.002,0.005,0.039,0,0.001,0.261,0.105,0.001,0.001,0.001,0.001,0,0.001,0.001,0,0.001,0,0,0.001,0.001,0,0,0,10.064,11.587
07:50.1,9710,-0.348,-0.394,0.645,0.554,0.369,0.585,-0.432,-0.578,0.671,0.676,0.279,-0.118,0.523,0.492,0.52,0.462,-0.247,-0.543,-0.643,-0.48,-0.402,0.727,0.284,0.479,0.001,0.001,0.001,0.001,0.059,0.214,0.129,0.005,0.001,0.001,0.001,0.001,0.001,0.035,0.197,0.291,0.261,0,0.001,0.011,0.001,0.001,0.072,0.216,0.58,0.198,0.28,0.001,0.001,0.001,0.001,0.004,0.326,0.606,0.294,0.219,0.001,0.739,0.958,1.148,1.016,0.626,0.234,0.604,0.725,-0.143,0.545,0.064,0.824,0.985,0.79,0.723,0.678,0.962,0.718,0.584,0.001,0.796,0.828,0.86,0.514,0.176,0.06,0.214,0.096,0.001,0.582,0.856,0.698,0.037,0.006,0.002,0.005,0.039,0,0.001,0.261,0.105,0.001,0.001,0.001,0.001,0,0.001,0.001,0,0.001,0,0,0.001,0.001,0,0,0,10.064,11.587
07:50.1,9711,-0.357,-0.386,0.644,0.556,0.364,0.583,-0.431,-0.585,0.663,0.685,0.28,-0.109,0.523,0.501,0.516,0.457,-0.247,-0.541,-0.646,-0.478,-0.402,0.727,0.284,0.479,0.001,0.001,0.001,0.001,0.059,0.214,0.129,0.005,0.001,0.001,0.001,0.001,0.001,0.035,0.197,0.291,0.261,0,0.001,0.011,0.001,0.001,0.072,0.216,0.58,0.198,0.28,0.001,0.001,0.001,0.001,0.004,0.326,0.606,0.294,0.219,0.001,0.739,0.958,1.148,1.016,0.626,0.234,0.604,0.725,-0.143,0.545,0.064,0.824,0.985,0.79,0.723,0.678,0.962,0.718,0.584,0.001,0.796,0.828,0.86,0.514,0.176,0.06,0.214,0.096,0.001,0.582,0.856,0.698,0.037,0.006,0.002,0.005,0.039,0,0.001,0.261,0.105,0.001,0.001,0.001,0.001,0,0.001,0.001,0,0.001,0,0,0.001,0.001,0,0,0,10.064,11.587
07:50.1,9712,-0.366,-0.377,0.642,0.558,0.358,0.579,-0.43,-0.592,0.658,0.691,0.28,-0.108,0.521,0.511,0.512,0.453,-0.247,-0.54,-0.649,-0.475,-0.402,0.727,0.284,0.479,0.001,0.001,0.001,0.001,0.059,0.214,0.129,0.005,0.001,0.001,0.001,0.001,0.001,0.035,0.197,0.291,0.261,0,0.001,0.011,0.001,0.001,0.072,0.216,0.58,0.198,0.28,0.001,0.001,0.001,0.001,0.004,0.326,0.606,0.294,0.219,0.001,0.739,0.958,1.148,1.016,0.626,0.234,0.604,0.725,-0.143,0.545,0.064,0.824,0.985,0.79,0.723,0.678,0.962,0.718,0.584,0.001,0.796,0.828,0.86,0.514,0.176,0.06,0.214,0.096,0.001,0.582,0.856,0.698,0.037,0.006,0.002,0.005,0.039,0,0.001,0.261,0.105,0.001,0.001,0.001,0.001,0,0.001,0.001,0,0.001,0,0,0.001,0.001,0,0,0,10.064,11.587
07:50.1,9713,-0.374,-0.367,0.64,0.562,0.354,0.576,-0.431,-0.597,0.655,0.694,0.277,-0.11,0.515,0.521,0.509,0.452,-0.246,-0.54,-0.652,-0.473,-0.402,0.727,0.284,0.479,0.001,0.001,0.001,0.001,0.059,0.214,0.129,0.005,0.001,0.001,0.001,0.001,0.001,0.035,0.197,0.291,0.261,0,0.001,0.011,0.001,0.001,0.072,0.216,0.58,0.198,0.28,0.001,0.001,0.001,0.001,0.004,0.326,0.606,0.294,0.219,0.001,0.739,0.958,1.148,1.016,0.626,0.234,0.604,0.725,-0.143,0.545,0.064,0.824,0.985,0.79,0.723,0.678,0.962,0.718,0.584,0.001,0.796,0.828,0.86,0.514,0.176,0.06,0.214,0.096,0.001,0.582,0.856,0.698,0.037,0.006,0.002,0.005,0.039,0,0.001,0.261,0.105,0.001,0.001,0.001,0.001,0,0.001,0.001,0,0.001,0,0,0.001,0.001,0,0,0,10.064,11.587
07:50.1,9714,-0.382,-0.354,0.639,0.566,0.349,0.577,-0.431,-0.599,0.654,0.697,0.272,-0.115,0.507,0.531,0.506,0.453,-0.245,-0.54,-0.654,-0.47,-0.402,0.727,0.284,0.479,0.001,0.001,0.001,0.001,0.059,0.214,0.129,0.005,0.001,0.001,0.001,0.001,0.001,0.035,0.197,0.291,0.261,0,0.001,0.011,0.001,0.001,0.072,0.216,0.58,0.198,0.28,0.001,0.001,0.001,0.001,0.004,0.326,0.606,0.294,0.219,0.001,0.739,0.958,1.148,1.016,0.626,0.234,0.604,0.725,-0.143,0.545,0.064,0.824,0.985,0.79,0.723,0.678,0.962,0.718,0.584,0.001,0.796,0.828,0.86,0.514,0.176,0.06,0.214,0.096,0.001,0.582,0.856,0.698,0.037,0.006,0.002,0.005,0.039,0,0.001,0.261,0.105,0.001,0.001,0.001,0.001,0,0.001,0.001,0,0.001,0,0,0.001,0.001,0,0,0,10.064,11.587
07:50.1,9715,-0.39,-0.341,0.638,0.569,0.345,0.58,-0.43,-0.599,0.653,0.699,0.265,-0.12,0.497,0.539,0.502,0.457,-0.243,-0.541,-0.656,-0.467,-0.437,0.775,0.085,0.449,0.001,0.001,0.001,0.001,0.059,0.195,0.117,0.005,0.001,0.001,0.001,0.001,0.001,0.029,0.195,0.283,0.264,0,0.001,0.011,0.001,0.001,0.07,0.214,0.568,0.189,0.265,0.001,0.001,0.001,0.001,0.006,0.322,0.593,0.283,0.215,0.001,0.739,0.961,1.159,1.022,0.642,0.231,0.598,0.729,-0.143,0.545,0.064,0.824,0.985,0.79,0.723,0.678,0.962,0.718,0.584,0.001,0.796,0.828,0.86,0.514,0.176,0.06,0.214,0.096,0.001,0.582,0.856,0.698,0.037,0.006,0.002,0.005,0.039,0,0.001,0.261,0.105,0.001,0.001,0.001,0.001,0,0.001,0.001,0,0.001,0,0,0.001,0.001,0,0,0,9.981,11.587
07:50.2,9716,-0.398,-0.328,0.638,0.572,0.343,0.584,-0.428,-0.598,0.653,0.702,0.256,-0.123,0.489,0.547,0.499,0.462,-0.242,-0.541,-0.658,-0.465,-0.448,0.775,0.067,0.44,0.001,0.001,0.001,0.001,0.034,0.001,0.017,0.001,0.001,0.001,0.001,0.001,0.001,0.001,0.044,0.001,0.001,0.001,0.001,0.001,0.001,0.001,0.001,0.001,0.126,0.016,0.053,0.001,0.001,0.001,0.001,0.001,0.037,0.139,0.027,0.07,0.001,0.045,0.161,0.182,0.64,0.001,0.001,0.001,0.001,-0.297,0.514,0.208,0.777,0.982,0.783,0.736,0.7,1.004,0.748,0.625,0.001,0.795,0.821,0.85,0.532,0.201,0.068,0.269,0.115,0.001,0.593,0.858,0.703,0.056,0.007,0.002,0.006,0.038,0,0,0.281,0.123,0.002,0.001,0.001,0.001,0,0.001,0,0,0.001,0,0,0,0,0,0.001,0.001,1.622,11.907
07:50.2,9717,-0.404,-0.316,0.638,0.574,0.34,0.59,-0.424,-0.596,0.653,0.705,0.247,-0.123,0.481,0.553,0.494,0.468,-0.241,-0.541,-0.66,-0.462,-0.448,0.775,0.067,0.44,0.001,0.001,0.001,0.001,0.034,0.001,0.017,0.001,0.001,0.001,0.001,0.001,0.001,0.001,0.044,0.001,0.001,0.001,0.001,0.001,0.001,0.001,0.001,0.001,0.126,0.016,0.053,0.001,0.001,0.001,0.001,0.001,0.037,0.139,0.027,0.07,0.001,0.045,0.161,0.182,0.64,0.001,0.001,0.001,0.001,-0.314,0.509,0.225,0.769,0.941,0.736,0.708,0.84,1.112,0.855,0.784,0.009,0.774,0.753,0.813,0.742,0.374,0.282,0.48,0.182,0,0.722,0.873,0.779,0.269,0.109,0.012,0.161,0.604,0.001,0.001,0.429,0.314,0.067,0.005,0.002,0.072,0.092,0,0,0,0.011,0.133,0,0,0.006,0.001,0,0,1.622,15.048
07:50.2,9718,-0.41,-0.305,0.639,0.574,0.338,0.597,-0.421,-0.593,0.654,0.709,0.236,-0.118,0.475,0.557,0.49,0.473,-0.24,-0.54,-0.663,-0.458,-0.448,0.775,0.067,0.44,0.001,0.001,0.001,0.001,0.034,0.001,0.017,0.001,0.001,0.001,0.001,0.001,0.001,0.001,0.044,0.001,0.001,0.001,0.001,0.001,0.001,0.001,0.001,0.001,0.126,0.016,0.053,0.001,0.001,0.001,0.001,0.001,0.037,0.139,0.027,0.07,0.001,0.045,0.161,0.182,0.64,0.001,0.001,0.001,0.001,-0.314,0.509,0.225,0.769,0.941,0.736,0.708,0.84,1.112,0.855,0.784,0.009,0.774,0.753,0.813,0.742,0.374,0.282,0.48,0.182,0,0.722,0.873,0.779,0.269,0.109,0.012,0.161,0.604,0.001,0.001,0.429,0.314,0.067,0.005,0.002,0.072,0.092,0,0,0,0.011,0.133,0,0,0.006,0.001,0,0,1.622,15.048
07:50.2,9719,-0.416,-0.296,0.64,0.574,0.336,0.606,-0.417,-0.588,0.655,0.713,0.225,-0.11,0.47,0.561,0.485,0.478,-0.241,-0.54,-0.666,-0.455,-0.448,0.775,0.067,0.44,0.001,0.001,0.001,0.001,0.034,0.001,0.017,0.001,0.001,0.001,0.001,0.001,0.001,0.001,0.044,0.001,0.001,0.001,0.001,0.001,0.001,0.001,0.001,0.001,0.126,0.016,0.053,0.001,0.001,0.001,0.001,0.001,0.037,0.139,0.027,0.07,0.001,0.045,0.161,0.182,0.64,0.001,0.001,0.001,0.001,-0.314,0.509,0.225,0.769,0.941,0.736,0.708,0.84,1.112,0.855,0.784,0.009,0.774,0.753,0.813,0.742,0.374,0.282,0.48,0.182,0,0.722,0.873,0.779,0.269,0.109,0.012,0.161,0.604,0.001,0.001,0.429,0.314,0.067,0.005,0.002,0.072,0.092,0,0,0,0.011,0.133,0,0,0.006,0.001,0,0,1.622,15.048
07:50.2,9720,-0.422,-0.289,0.641,0.572,0.333,0.616,-0.413,-0.583,0.656,0.716,0.216,-0.101,0.466,0.564,0.482,0.482,-0.242,-0.539,-0.668,-0.452,-0.448,0.775,0.067,0.44,0.001,0.001,0.001,0.001,0.034,0.001,0.017,0.001,0.001,0.001,0.001,0.001,0.001,0.001,0.044,0.001,0.001,0.001,0.001,0.001,0.001,0.001,0.001,0.001,0.126,0.016,0.053,0.001,0.001,0.001,0.001,0.001,0.037,0.139,0.027,0.07,0.001,0.045,0.161,0.182,0.64,0.001,0.001,0.001,0.001,-0.314,0.509,0.225,0.769,0.941,0.736,0.708,0.84,1.112,0.855,0.784,0.009,0.774,0.753,0.813,0.742,0.374,0.282,0.48,0.182,0,0.722,0.873,0.779,0.269,0.109,0.012,0.161,0.604,0.001,0.001,0.429,0.314,0.067,0.005,0.002,0.072,0.092,0,0,0,0.011,0.133,0,0,0.006,0.001,0,0,1.622,15.048
07:50.2,9721,-0.428,-0.283,0.642,0.569,0.329,0.626,-0.407,-0.578,0.657,0.719,0.208,-0.09,0.464,0.566,0.478,0.485,-0.242,-0.539,-0.67,-0.449,-0.448,0.775,0.067,0.44,0.001,0.001,0.001,0.001,0.034,0.001,0.017,0.001,0.001,0.001,0.001,0.001,0.001,0.001,0.044,0.001,0.001,0.001,0.001,0.001,0.001,0.001,0.001,0.001,0.126,0.016,0.053,0.001,0.001,0.001,0.001,0.001,0.037,0.139,0.027,0.07,0.001,0.045,0.161,0.182,0.64,0.001,0.001,0.001,0.001,-0.314,0.509,0.225,0.769,0.941,0.736,0.708,0.84,1.112,0.855,0.784,0.009,0.774,0.753,0.813,0.742,0.374,0.282,0.48,0.182,0,0.722,0.873,0.779,0.269,0.109,0.012,0.161,0.604,0.001,0.001,0.429,0.314,0.067,0.005,0.002,0.072,0.092,0,0,0,0.011,0.133,0,0,0.006,0.001,0,0,1.622,15.048
07:50.2,9722,-0.435,-0.28,0.643,0.565,0.323,0.637,-0.401,-0.574,0.657,0.722,0.202,-0.079,0.461,0.569,0.476,0.487,-0.243,-0.54,-0.671,-0.447,-0.602,0.757,0.07,0.246,0.001,0.001,0.001,0.001,0.027,0.001,0.017,0.001,0.001,0.001,0.001,0.001,0.001,0.001,0.046,0.001,0.001,0.001,0.001,0.001,0.001,0.001,0.001,0.001,0.123,0.011,0.038,0.001,0.001,0.001,0.001,0.001,0.017,0.122,0.026,0.061,0.001,0.029,0.151,0.181,0.62,0.001,0.001,0.001,0.001,-0.314,0.509,0.225,0.769,0.941,0.736,0.708,0.84,1.112,0.855,0.784,0.009,0.774,0.753,0.813,0.742,0.374,0.282,0.48,0.182,0,0.722,0.873,0.779,0.269,0.109,0.012,0.161,0.604,0.001,0.001,0.429,0.314,0.067,0.005,0.002,0.072,0.092,0,0,0,0.011,0.133,0,0,0.006,0.001,0,0,1.5,15.048
07:50.2,9723,-0.441,-0.278,0.644,0.56,0.314,0.648,-0.394,-0.572,0.657,0.725,0.197,-0.069,0.458,0.572,0.474,0.488,-0.242,-0.54,-0.672,-0.445,-0.599,0.759,0.085,0.24,0.001,0.001,0.001,0.017,0.001,0.001,0.001,0.001,0.001,0.001,0.001,0.001,0.001,0.001,0.001,0.001,0.001,0.001,0.001,0.001,0.001,0.001,0.001,0.001,0.021,0.001,0.001,0.001,0.001,0.001,0.001,0.001,0.001,0.001,0.001,0.001,0.001,0.001,0.001,0.001,0.001,0.001,0.001,0.001,0.001,-0.314,0.509,0.225,0.769,0.941,0.736,0.708,0.84,1.112,0.855,0.784,0.009,0.774,0.753,0.813,0.742,0.374,0.282,0.48,0.182,0,0.722,0.873,0.779,0.269,0.109,0.012,0.161,0.604,0.001,0.001,0.429,0.314,0.067,0.005,0.002,0.072,0.092,0,0,0,0.011,0.133,0,0,0.006,0.001,0,0,0.081,15.048
07:50.2,9724,-0.448,-0.278,0.644,0.554,0.302,0.658,-0.388,-0.57,0.656,0.728,0.193,-0.059,0.456,0.575,0.472,0.489,-0.241,-0.54,-0.673,-0.444,-0.6,0.753,0.104,0.249,0.001,0.001,0.001,0.007,0.001,0.001,0.001,0.001,0.001,0.001,0.001,0.001,0.001,0.001,0.001,0.001,0.001,0.001,0.001,0.001,0.001,0.001,0.001,0.001,0.022,0.001,0.001,0.001,0.001,0.001,0.001,0.001,0.001,0.001,0.001,0.001,0.001,0.001,0.001,0.001,0.001,0.001,0.001,0.001,0.001,-0.434,0.467,0.355,0.684,0.941,0.736,0.705,0.84,1.116,0.861,0.774,0.01,0.778,0.75,0.812,0.74,0.385,0.292,0.47,0.2,0,0.722,0.874,0.783,0.28,0.122,0.012,0.165,0.611,0.001,0,0.432,0.316,0.073,0.005,0.002,0.076,0.104,0.001,0.001,0.001,0.016,0.151,0.001,0.001,0.007,0.001,0.001,0,0.072,15.169
07:50.2,9725,-0.456,-0.277,0.644,0.548,0.287,0.666,-0.385,-0.571,0.654,0.73,0.19,-0.05,0.452,0.578,0.471,0.489,-0.24,-0.54,-0.674,-0.444,-0.608,0.737,0.134,0.264,0.001,0.001,0.001,0.001,0.001,0.001,0.001,0.001,0.001,0.001,0.001,0.001,0.001,0.001,0.001,0.001,0.001,0.001,0.001,0.001,0.001,0.001,0.001,0.001,0.022,0.001,0.001,0.001,0.001,0.001,0.001,0.001,0.001,0.001,0.001,0.001,0.001,0.001,0.001,0.001,0.001,0.001,0.001,0.001,0.001,-0.446,0.462,0.37,0.672,0.962,0.751,0.723,0.871,1.159,0.926,0.81,0.012,0.772,0.747,0.816,0.761,0.408,0.306,0.48,0.247,0.001,0.708,0.875,0.781,0.278,0.132,0.015,0.168,0.631,0,0.001,0.41,0.295,0.054,0.006,0.002,0.109,0.144,0.001,0.001,0,0.043,0.234,0,0,0.015,0.001,0,0,0.066,15.656
07:50.3,9726,-0.464,-0.277,0.643,0.543,0.271,0.671,-0.383,-0.574,0.652,0.733,0.187,-0.041,0.448,0.581,0.47,0.49,-0.239,-0.539,-0.675,-0.444,-0.612,0.729,0.16,0.262,0.001,0.001,0.001,0.001,0.001,0.001,0.001,0.001,0.001,0.001,0.001,0.001,0.001,0.001,0.001,0.001,0.001,0.001,0.001,0.001,0.001,0.001,0.001,0.001,0.018,0.001,0.001,0.001,0.001,0.001,0.001,0.001,0.001,0.001,0.001,0.001,0.001,0.001,0.001,0.001,0.001,0.001,0.001,0.001,0.001,-0.446,0.462,0.37,0.672,0.962,0.751,0.723,0.871,1.159,0.926,0.81,0.012,0.772,0.747,0.816,0.761,0.408,0.306,0.48,0.247,0.001,0.708,0.875,0.781,0.278,0.132,0.015,0.168,0.631,0,0.001,0.41,0.295,0.054,0.006,0.002,0.109,0.144,0.001,0.001,0,0.043,0.234,0,0,0.015,0.001,0,0,0.062,15.656
07:50.3,9727,-0.473,-0.276,0.641,0.538,0.257,0.673,-0.381,-0.579,0.65,0.736,0.185,-0.033,0.444,0.584,0.47,0.491,-0.237,-0.539,-0.676,-0.444,-0.617,0.718,0.199,0.252,0.001,0.001,0.001,0.001,0.001,0.001,0.001,0.001,0,0.001,0.001,0.001,0.001,0.001,0.001,0.001,0.001,0.001,0.001,0.001,0.001,0.001,0.001,0.001,0.026,0.001,0.001,0.001,0.001,0,0.001,0.001,0.001,0.001,0.001,0.001,0.001,0.001,0.001,0.001,0.001,0.001,0.001,0.001,0.001,-0.446,0.462,0.37,0.672,0.962,0.751,0.723,0.871,1.159,0.926,0.81,0.012,0.772,0.747,0.816,0.761,0.408,0.306,0.48,0.247,0.001,0.708,0.875,0.781,0.278,0.132,0.015,0.168,0.631,0,0.001,0.41,0.295,0.054,0.006,0.002,0.109,0.144,0.001,0.001,0,0.043,0.234,0,0,0.015,0.001,0,0,0.068,15.656
07:50.3,9728,-0.482,-0.274,0.639,0.533,0.248,0.673,-0.379,-0.585,0.647,0.74,0.183,-0.025,0.44,0.586,0.47,0.492,-0.236,-0.537,-0.677,-0.445,-0.595,0.731,0.202,0.266,0.001,0.001,0.001,0.001,0.001,0.001,0.001,0.001,0.001,0.001,0.001,0.001,0.001,0.001,0.001,0.001,0.001,0,0.001,0.001,0.001,0.001,0.001,0.001,0.028,0.001,0.001,0.001,0.001,0.001,0.001,0.001,0.001,0.001,0.001,0.001,0.001,0.001,0.001,0.001,0.001,0.001,0.001,0.001,0.001,-0.446,0.462,0.37,0.672,0.962,0.751,0.723,0.871,1.159,0.926,0.81,0.012,0.772,0.747,0.816,0.761,0.408,0.306,0.48,0.247,0.001,0.708,0.875,0.781,0.278,0.132,0.015,0.168,0.631,0,0.001,0.41,0.295,0.054,0.006,0.002,0.109,0.144,0.001,0.001,0,0.043,0.234,0,0,0.015,0.001,0,0,0.071,15.656
07:50.3,9729,-0.492,-0.271,0.636,0.53,0.243,0.671,-0.377,-0.59,0.645,0.742,0.181,-0.018,0.435,0.587,0.471,0.495,-0.235,-0.534,-0.678,-0.446,-0.603,0.718,0.226,0.264,0.001,0.001,0.001,0.001,0.001,0.001,0.001,0.001,0.001,0.001,0.001,0.001,0.001,0.001,0.001,0.001,0.001,0.001,0.001,0.001,0.001,0.001,0.001,0.001,0.031,0.001,0.001,0.001,0.001,0.001,0.001,0.001,0.001,0.001,0.001,0.001,0.001,0.001,0.001,0.001,0.001,0.001,0.001,0.001,0.001,-0.446,0.462,0.37,0.672,0.962,0.751,0.723,0.871,1.159,0.926,0.81,0.012,0.772,0.747,0.816,0.761,0.408,0.306,0.48,0.247,0.001,0.708,0.875,0.781,0.278,0.132,0.015,0.168,0.631,0,0.001,0.41,0.295,0.054,0.006,0.002,0.109,0.144,0.001,0.001,0,0.043,0.234,0,0,0.015,0.001,0,0,0.075,15.656
07:50.3,9730,-0.501,-0.269,0.632,0.527,0.241,0.67,-0.375,-0.594,0.642,0.745,0.179,-0.011,0.429,0.587,0.472,0.498,-0.235,-0.531,-0.68,-0.447,-0.592,0.721,0.235,0.274,0.001,0.001,0.001,0.001,0.001,0.001,0.001,0.001,0.001,0.001,0.001,0.001,0.001,0.001,0.001,0.001,0.001,0.001,0.001,0.001,0.001,0.001,0.001,0.001,0.032,0.001,0.001,0.001,0.001,0.001,0.001,0.001,0.001,0.001,0.001,0.001,0.001,0.001,0.001,0.001,0.001,0.001,0.001,0.001,0.001,-0.446,0.462,0.37,0.672,0.962,0.751,0.723,0.871,1.159,0.926,0.81,0.012,0.772,0.747,0.816,0.761,0.408,0.306,0.48,0.247,0.001,0.708,0.875,0.781,0.278,0.132,0.015,0.168,0.631,0,0.001,0.41,0.295,0.054,0.006,0.002,0.109,0.144,0.001,0.001,0,0.043,0.234,0,0,0.015,0.001,0,0,0.076,15.656
07:50.3,9731,-0.51,-0.267,0.628,0.523,0.242,0.668,-0.373,-0.597,0.64,0.748,0.177,-0.004,0.423,0.587,0.473,0.503,-0.235,-0.528,-0.682,-0.448,-0.565,0.736,0.239,0.288,0.001,0.001,0.001,0.001,0.001,0.001,0.001,0.001,0.001,0.001,0.001,0.001,0.001,0.001,0.001,0.001,0.001,0.001,0.001,0.001,0.001,0.001,0.001,0.001,0.035,0.001,0.001,0.001,0.001,0.001,0.001,0.001,0.001,0.001,0.001,0.001,0.001,0.001,0.001,0.001,0.001,0.001,0.001,0.001,0.001,-0.446,0.462,0.37,0.672,0.962,0.751,0.723,0.871,1.159,0.926,0.81,0.012,0.772,0.747,0.816,0.761,0.408,0.306,0.48,0.247,0.001,0.708,0.875,0.781,0.278,0.132,0.015,0.168,0.631,0,0.001,0.41,0.295,0.054,0.006,0.002,0.109,0.144,0.001,0.001,0,0.043,0.234,0,0,0.015,0.001,0,0,0.079,15.656
07:50.3,9732,-0.519,-0.266,0.624,0.52,0.245,0.666,-0.372,-0.598,0.637,0.75,0.175,0.003,0.418,0.587,0.474,0.507,-0.234,-0.524,-0.685,-0.448,-0.533,0.752,0.245,0.301,0.001,0.001,0.001,0.001,0.001,0.001,0.001,0.001,0.001,0.001,0.001,0.001,0.001,0.001,0.001,0.001,0.001,0.001,0.001,0.001,0.001,0.001,0.001,0.001,0.035,0.001,0.001,0.001,0.001,0.001,0.001,0.001,0.001,0.001,0.001,0.001,0.001,0.001,0.001,0.001,0.001,0.001,0.001,0.001,0.001,-0.519,0.42,0.459,0.586,0.962,0.751,0.723,0.872,1.158,0.929,0.811,0.013,0.772,0.747,0.816,0.761,0.407,0.304,0.479,0.248,0,0.707,0.875,0.781,0.28,0.131,0.015,0.173,0.629,0,0,0.41,0.294,0.051,0.005,0.004,0.109,0.143,0.001,0.001,0.001,0.04,0.236,0,0.001,0.015,0.001,0.001,0.001,0.079,15.658
07:50.3,9733,-0.527,-0.266,0.62,0.516,0.25,0.664,-0.371,-0.6,0.635,0.753,0.172,0.009,0.415,0.585,0.474,0.51,-0.235,-0.52,-0.687,-0.449,-0.506,0.765,0.251,0.311,0.001,0.001,0.001,0.001,0.001,0.001,0.001,0.001,0.001,0.001,0.001,0.001,0.001,0.001,0.001,0.001,0.001,0.001,0,0.001,0.001,0.001,0.001,0.001,0.035,0.001,0.001,0.001,0.001,0.001,0.001,0.001,0.001,0.001,0.001,0.001,0.001,0.001,0.001,0.001,0.001,0.001,0.001,0.001,0.001,-0.528,0.414,0.469,0.574,0.916,0.728,0.72,0.858,1.175,0.971,0.799,0.013,0.707,0.761,0.823,0.77,0.44,0.36,0.509,0.284,0,0.621,0.883,0.759,0.304,0.153,0.013,0.209,0.709,0.001,0,0.347,0.269,0.061,0.005,0.002,0.17,0.3,0.001,0.001,0.001,0.099,0.37,0.001,0.001,0.017,0.005,0,0,0.078,16.136
07:50.3,9734,-0.535,-0.267,0.617,0.512,0.254,0.662,-0.37,-0.6,0.633,0.755,0.17,0.016,0.414,0.584,0.475,0.512,-0.236,-0.517,-0.689,-0.45,-0.469,0.779,0.259,0.327,0.001,0.001,0.001,0.001,0.001,0.001,0.001,0.001,0.001,0.001,0.001,0.001,0.001,0.001,0.001,0.001,0.001,0.001,0.001,0.001,0.001,0.001,0.001,0.001,0.033,0.001,0.001,0.001,0.001,0.001,0.001,0.001,0.001,0.001,0.001,0.001,0.001,0.001,0.001,0.001,0.001,0.001,0,0.001,0.001,-0.539,0.406,0.482,0.559,0.899,0.72,0.726,0.86,1.181,0.982,0.802,0.017,0.696,0.766,0.824,0.772,0.448,0.369,0.523,0.309,0,0.601,0.886,0.748,0.304,0.154,0.012,0.215,0.711,0,0,0.328,0.258,0.059,0.005,0.002,0.17,0.332,0.001,0,0.001,0.104,0.389,0.001,0,0.015,0.005,0,0,0.076,16.195
07:50.3,9735,-0.542,-0.27,0.613,0.508,0.26,0.66,-0.369,-0.601,0.632,0.757,0.167,0.022,0.415,0.582,0.476,0.513,-0.237,-0.513,-0.691,-0.45,-0.441,0.787,0.265,0.34,0.001,0.001,0.001,0.001,0.001,0.001,0.001,0.001,0.001,0.001,0.001,0.001,0.001,0.001,0.001,0.001,0.001,0.001,0.001,0.001,0.001,0.001,0.001,0.001,0.035,0.001,0.001,0.001,0.001,0.001,0.001,0.001,0.001,0.001,0.001,0.001,0.001,0.001,0.001,0.001,0.001,0.001,0.001,0.001,0.001,-0.547,0.4,0.492,0.547,0.871,0.713,0.728,0.86,1.184,1.001,0.808,0.024,0.675,0.77,0.825,0.774,0.458,0.375,0.527,0.327,0.001,0.596,0.884,0.742,0.303,0.153,0.012,0.228,0.717,0,0,0.313,0.248,0.056,0.004,0.002,0.171,0.349,0,0.001,0.001,0.107,0.409,0.001,0,0.016,0.006,0.001,0,0.079,16.241
07:50.4,9736,-0.548,-0.273,0.609,0.504,0.267,0.657,-0.37,-0.6,0.63,0.758,0.164,0.029,0.417,0.58,0.477,0.512,-0.239,-0.51,-0.693,-0.449,-0.407,0.795,0.273,0.358,0.001,0.001,0.001,0.001,0.001,0.001,0.001,0.001,0.001,0.001,0.001,0.001,0.001,0.001,0.001,0.001,0.001,0.001,0.001,0.001,0.001,0.001,0.001,0.001,0.037,0.001,0.001,0.001,0.001,0.001,0.001,0.001,0.001,0.001,0.001,0.001,0.001,0.001,0.001,0.001,0.001,0.001,0.001,0.001,0.001,-0.555,0.393,0.501,0.535,0.84,0.709,0.726,0.853,1.19,1.007,0.812,0.034,0.658,0.773,0.828,0.777,0.466,0.382,0.541,0.348,0.001,0.591,0.885,0.74,0.302,0.151,0.012,0.228,0.731,0,0.001,0.297,0.237,0.057,0.004,0.002,0.176,0.368,0,0.001,0.001,0.109,0.405,0.001,0.002,0.015,0.005,0.001,0.001,0.081,16.268
07:50.4,9737,-0.554,-0.277,0.605,0.501,0.276,0.653,-0.371,-0.599,0.629,0.76,0.162,0.035,0.42,0.579,0.478,0.51,-0.24,-0.507,-0.695,-0.449,-0.379,0.799,0.28,0.372,0.001,0.001,0.001,0.001,0.001,0.001,0.001,0.001,0.001,0.001,0.001,0.001,0.001,0.001,0.001,0.001,0.001,0.001,0.001,0.001,0.001,0.001,0.001,0.001,0.033,0.001,0.001,0.001,0.001,0.001,0.001,0.001,0.001,0.001,0.001,0.001,0.001,0.001,0.001,0.001,0.001,0.001,0.001,0.001,0.001,-0.564,0.386,0.512,0.521,0.816,0.702,0.72,0.86,1.2,1.02,0.824,0.039,0.641,0.773,0.832,0.779,0.473,0.392,0.546,0.357,0,0.564,0.886,0.736,0.299,0.15,0.012,0.232,0.747,0,0,0.284,0.223,0.054,0.004,0.002,0.183,0.387,0,0,0.001,0.112,0.413,0,0.021,0.015,0.004,0,0.001,0.077,16.304
07:50.4,9738,-0.558,-0.282,0.601,0.499,0.287,0.648,-0.373,-0.598,0.627,0.761,0.159,0.042,0.422,0.579,0.478,0.508,-0.241,-0.505,-0.697,-0.448,-0.345,0.803,0.29,0.39,0.001,0.001,0.001,0.001,0.001,0.001,0.001,0.001,0.001,0.001,0.001,0.001,0.001,0.001,0.001,0.001,0.001,0.001,0.001,0.001,0.001,0.001,0.001,0.001,0.034,0.001,0.001,0.001,0.001,0.001,0.001,0.001,0.001,0.001,0.001,0.001,0.001,0.001,0.001,0.001,0.001,0.001,0,0.001,0.001,-0.571,0.38,0.52,0.509,0.797,0.694,0.72,0.855,1.2,1.034,0.822,0.053,0.608,0.773,0.832,0.781,0.486,0.403,0.56,0.381,0.001,0.547,0.888,0.737,0.302,0.155,0.012,0.236,0.758,0.001,0,0.266,0.209,0.05,0.004,0.002,0.192,0.399,0,0.007,0.001,0.125,0.415,0.001,0.023,0.012,0.006,0,0.001,0.077,16.349
07:50.4,9739,-0.561,-0.287,0.596,0.497,0.3,0.643,-0.375,-0.596,0.626,0.762,0.157,0.048,0.422,0.579,0.479,0.507,-0.241,-0.503,-0.699,-0.448,-0.323,0.803,0.297,0.402,0.001,0.001,0.001,0.001,0.001,0.001,0.001,0.001,0.001,0.001,0.001,0.001,0.001,0.001,0.001,0.001,0.001,0.001,0.001,0.001,0.001,0.001,0.001,0.001,0.038,0.001,0.001,0.001,0.001,0.001,0.001,0.001,0.001,0.001,0.001,0.001,0.001,0.001,0.001,0.001,0.001,0.001,0.001,0.001,0.001,-0.58,0.372,0.531,0.494,0.769,0.685,0.717,0.852,1.206,1.048,0.828,0.066,0.591,0.775,0.834,0.781,0.487,0.409,0.574,0.389,0.001,0.529,0.89,0.734,0.304,0.156,0.012,0.245,0.768,0,0.001,0.253,0.197,0.05,0.004,0.002,0.197,0.405,0.001,0.02,0.001,0.122,0.42,0,0.038,0.013,0.007,0,0.001,0.082,16.382
07:50.4,9740,-0.563,-0.292,0.592,0.497,0.315,0.637,-0.378,-0.594,0.625,0.763,0.155,0.054,0.422,0.579,0.479,0.507,-0.242,-0.501,-0.701,-0.447,-0.299,0.803,0.304,0.416,0.001,0.001,0.001,0.001,0.001,0.001,0.001,0.001,0.001,0.001,0.001,0.001,0.001,0.001,0.001,0.001,0.001,0.001,0.001,0.001,0.001,0.001,0.001,0.001,0.038,0.001,0.001,0.001,0.001,0.001,0.001,0.001,0.001,0.001,0.001,0.001,0.001,0.001,0.001,0.001,0.001,0.001,0.001,0.001,0.001,-0.586,0.366,0.537,0.484,0.737,0.673,0.719,0.851,1.206,1.066,0.828,0.071,0.552,0.779,0.834,0.785,0.502,0.413,0.579,0.407,0.001,0.52,0.889,0.726,0.3,0.16,0.012,0.259,0.778,0.001,0.001,0.237,0.187,0.053,0.004,0.002,0.205,0.418,0.001,0.026,0.001,0.128,0.422,0,0.062,0.013,0.007,0.001,0,0.082,16.416
07:50.4,9741,-0.564,-0.298,0.588,0.497,0.331,0.63,-0.381,-0.59,0.624,0.764,0.154,0.06,0.42,0.579,0.479,0.509,-0.242,-0.499,-0.702,-0.446,-0.269,0.8,0.312,0.436,0.001,0.001,0.001,0.001,0.001,0.001,0.001,0.001,0.001,0.001,0.001,0.001,0.001,0.001,0.001,0.001,0.001,0,0.001,0.001,0.001,0.001,0.001,0.001,0.043,0.001,0.001,0.001,0.001,0.001,0.001,0.001,0.001,0.001,0.001,0.001,0.001,0.001,0.001,0.001,0.001,0.001,0.001,0.001,0.001,-0.594,0.359,0.547,0.469,0.724,0.659,0.717,0.85,1.214,1.073,0.829,0.071,0.524,0.78,0.833,0.78,0.505,0.424,0.589,0.422,0,0.498,0.891,0.725,0.304,0.156,0.011,0.271,0.788,0.001,0.001,0.225,0.179,0.053,0.004,0.002,0.214,0.427,0.001,0.026,0.001,0.129,0.429,0,0.073,0.012,0.009,0,0.001,0.086,16.425
07:50.4,9742,-0.563,-0.303,0.585,0.498,0.349,0.624,-0.384,-0.584,0.622,0.765,0.153,0.066,0.418,0.578,0.48,0.51,-0.243,-0.498,-0.703,-0.446,-0.25,0.797,0.317,0.449,0.001,0.001,0.001,0.001,0.001,0.001,0.001,0.001,0.001,0.001,0.001,0.001,0.001,0.001,0.001,0.001,0.001,0.001,0.001,0.001,0.001,0.001,0.001,0.001,0.043,0.001,0.001,0.001,0.001,0.001,0.001,0.001,0.001,0.001,0.001,0.001,0.001,0.001,0.001,0.001,0.001,0.001,0.001,0.001,0.001,-0.599,0.353,0.553,0.458,0.672,0.637,0.709,0.841,1.214,1.079,0.828,0.079,0.498,0.784,0.83,0.784,0.515,0.438,0.592,0.438,0.001,0.493,0.899,0.725,0.303,0.16,0.011,0.287,0.79,0,0,0.211,0.178,0.054,0.002,0.002,0.22,0.437,0.001,0.021,0.001,0.151,0.433,0,0.101,0.012,0.012,0,0.001,0.087,16.444
07:50.4,9743,-0.562,-0.308,0.582,0.499,0.368,0.617,-0.389,-0.576,0.621,0.766,0.152,0.071,0.416,0.577,0.481,0.512,-0.243,-0.497,-0.704,-0.445,-0.222,0.791,0.325,0.469,0.001,0.001,0.001,0.001,0.001,0.001,0.001,0.001,0.001,0.001,0.001,0.001,0.001,0.001,0.001,0.001,0.001,0.001,0.001,0.001,0.001,0.001,0.001,0.001,0.044,0.001,0.001,0.001,0.001,0.001,0.001,0.001,0.001,0.001,0.001,0.001,0.001,0.001,0.001,0.001,0.001,0.001,0.001,0.001,0.001,-0.606,0.346,0.56,0.446,0.611,0.618,0.7,0.834,1.212,1.087,0.827,0.089,0.482,0.783,0.83,0.781,0.529,0.449,0.595,0.443,0,0.477,0.905,0.725,0.31,0.166,0.012,0.306,0.792,0.002,0.001,0.2,0.173,0.056,0.004,0.002,0.223,0.459,0.001,0.021,0.001,0.156,0.438,0,0.134,0.011,0.013,0,0,0.088,16.458
07:50.4,9744,-0.561,-0.313,0.58,0.5,0.388,0.611,-0.394,-0.566,0.62,0.766,0.151,0.076,0.415,0.576,0.482,0.513,-0.243,-0.495,-0.705,-0.445,-0.203,0.785,0.331,0.482,0.001,0.001,0.001,0.001,0.001,0.001,0.001,0.001,0.001,0.001,0.001,0.001,0.001,0.001,0.001,0.001,0.001,0.001,0.001,0.001,0.001,0.001,0.001,0.001,0.031,0.001,0.001,0.001,0,0.001,0.001,0.001,0.001,0.001,0.001,0.001,0.001,0.001,0.001,0.001,0.001,0.001,0.001,0.001,0.001,-0.612,0.341,0.566,0.436,0.559,0.602,0.685,0.827,1.214,1.1,0.825,0.095,0.455,0.78,0.827,0.781,0.537,0.464,0.603,0.452,0,0.475,0.906,0.728,0.321,0.171,0.012,0.321,0.797,0.01,0,0.194,0.172,0.063,0.004,0.002,0.228,0.479,0,0.021,0.001,0.165,0.442,0,0.151,0.011,0.016,0,0,0.074,16.496
07:50.4,9745,-0.559,-0.318,0.578,0.502,0.409,0.606,-0.399,-0.554,0.619,0.767,0.151,0.08,0.415,0.574,0.484,0.514,-0.243,-0.494,-0.707,-0.445,-0.182,0.777,0.339,0.498,0.001,0.001,0.001,0.001,0.001,0.001,0.001,0.001,0.001,0.001,0.001,0.001,0.001,0.001,0.001,0.001,0.001,0.001,0.001,0.001,0.001,0.001,0.001,0.001,0.031,0.001,0.001,0.001,0.001,0.001,0.001,0.001,0.001,0.001,0.001,0.001,0.001,0.001,0.001,0.001,0.001,0.001,0.001,0.001,0.001,-0.612,0.341,0.566,0.436,0.559,0.602,0.685,0.827,1.214,1.1,0.825,0.095,0.455,0.78,0.827,0.781,0.537,0.464,0.603,0.452,0,0.475,0.906,0.728,0.321,0.171,0.012,0.321,0.797,0.01,0,0.194,0.172,0.063,0.004,0.002,0.228,0.479,0,0.021,0.001,0.165,0.442,0,0.151,0.011,0.016,0,0,0.075,16.496
07:50.5,9746,-0.557,-0.323,0.577,0.503,0.429,0.6,-0.404,-0.54,0.618,0.767,0.151,0.084,0.416,0.572,0.485,0.513,-0.242,-0.492,-0.708,-0.445,-0.166,0.769,0.347,0.511,0.001,0.001,0.001,0.001,0.001,0.001,0.001,0.001,0.001,0.001,0.001,0.001,0.001,0.001,0.001,0.001,0.001,0.001,0.001,0.001,0.001,0.001,0.001,0.001,0.026,0.001,0.001,0.001,0.001,0.001,0.001,0.001,0.001,0.001,0.001,0.001,0.001,0.001,0.001,0.001,0.001,0.001,0.001,0.001,0.001,-0.612,0.341,0.566,0.436,0.559,0.602,0.685,0.827,1.214,1.1,0.825,0.095,0.455,0.78,0.827,0.781,0.537,0.464,0.603,0.452,0,0.475,0.906,0.728,0.321,0.171,0.012,0.321,0.797,0.01,0,0.194,0.172,0.063,0.004,0.002,0.228,0.479,0,0.021,0.001,0.165,0.442,0,0.151,0.011,0.016,0,0,0.07,16.496
07:50.5,9747,-0.554,-0.328,0.576,0.504,0.448,0.595,-0.409,-0.527,0.618,0.767,0.151,0.088,0.418,0.571,0.486,0.513,-0.241,-0.491,-0.709,-0.444,-0.166,0.769,0.347,0.511,0.001,0.001,0.001,0.001,0.001,0.001,0.001,0.001,0.001,0.001,0.001,0.001,0.001,0.001,0.001,0.001,0.001,0.001,0.001,0.001,0.001,0.001,0.001,0.001,0.026,0.001,0.001,0.001,0.001,0.001,0.001,0.001,0.001,0.001,0.001,0.001,0.001,0.001,0.001,0.001,0.001,0.001,0.001,0.001,0.001,-0.612,0.341,0.566,0.436,0.559,0.602,0.685,0.827,1.214,1.1,0.825,0.095,0.455,0.78,0.827,0.781,0.537,0.464,0.603,0.452,0,0.475,0.906,0.728,0.321,0.171,0.012,0.321,0.797,0.01,0,0.194,0.172,0.063,0.004,0.002,0.228,0.479,0,0.021,0.001,0.165,0.442,0,0.151,0.011,0.016,0,0,0.07,16.496
07:50.5,9748,-0.551,-0.333,0.575,0.505,0.467,0.589,-0.414,-0.514,0.618,0.766,0.151,0.091,0.419,0.57,0.487,0.512,-0.24,-0.49,-0.711,-0.444,-0.166,0.769,0.347,0.511,0.001,0.001,0.001,0.001,0.001,0.001,0.001,0.001,0.001,0.001,0.001,0.001,0.001,0.001,0.001,0.001,0.001,0.001,0.001,0.001,0.001,0.001,0.001,0.001,0.026,0.001,0.001,0.001,0.001,0.001,0.001,0.001,0.001,0.001,0.001,0.001,0.001,0.001,0.001,0.001,0.001,0.001,0.001,0.001,0.001,-0.612,0.341,0.566,0.436,0.559,0.602,0.685,0.827,1.214,1.1,0.825,0.095,0.455,0.78,0.827,0.781,0.537,0.464,0.603,0.452,0,0.475,0.906,0.728,0.321,0.171,0.012,0.321,0.797,0.01,0,0.194,0.172,0.063,0.004,0.002,0.228,0.479,0,0.021,0.001,0.165,0.442,0,0.151,0.011,0.016,0,0,0.07,16.496
07:50.5,9749,-0.547,-0.339,0.574,0.507,0.484,0.582,-0.418,-0.502,0.618,0.766,0.151,0.094,0.42,0.57,0.487,0.511,-0.239,-0.489,-0.712,-0.443,-0.166,0.769,0.347,0.511,0.001,0.001,0.001,0.001,0.001,0.001,0.001,0.001,0.001,0.001,0.001,0.001,0.001,0.001,0.001,0.001,0.001,0.001,0.001,0.001,0.001,0.001,0.001,0.001,0.026,0.001,0.001,0.001,0.001,0.001,0.001,0.001,0.001,0.001,0.001,0.001,0.001,0.001,0.001,0.001,0.001,0.001,0.001,0.001,0.001,-0.612,0.341,0.566,0.436,0.559,0.602,0.685,0.827,1.214,1.1,0.825,0.095,0.455,0.78,0.827,0.781,0.537,0.464,0.603,0.452,0,0.475,0.906,0.728,0.321,0.171,0.012,0.321,0.797,0.01,0,0.194,0.172,0.063,0.004,0.002,0.228,0.479,0,0.021,0.001,0.165,0.442,0,0.151,0.011,0.016,0,0,0.07,16.496
07:50.5,9750,-0.542,-0.344,0.574,0.509,0.5,0.574,-0.423,-0.492,0.618,0.766,0.151,0.097,0.419,0.571,0.486,0.512,-0.238,-0.489,-0.713,-0.442,-0.166,0.769,0.347,0.511,0.001,0.001,0.001,0.001,0.001,0.001,0.001,0.001,0.001,0.001,0.001,0.001,0.001,0.001,0.001,0.001,0.001,0.001,0.001,0.001,0.001,0.001,0.001,0.001,0.026,0.001,0.001,0.001,0.001,0.001,0.001,0.001,0.001,0.001,0.001,0.001,0.001,0.001,0.001,0.001,0.001,0.001,0.001,0.001,0.001,-0.612,0.341,0.566,0.436,0.559,0.602,0.685,0.827,1.214,1.1,0.825,0.095,0.455,0.78,0.827,0.781,0.537,0.464,0.603,0.452,0,0.475,0.906,0.728,0.321,0.171,0.012,0.321,0.797,0.01,0,0.194,0.172,0.063,0.004,0.002,0.228,0.479,0,0.021,0.001,0.165,0.442,0,0.151,0.011,0.016,0,0,0.07,16.496
07:50.5,9751,-0.536,-0.35,0.574,0.511,0.515,0.565,-0.427,-0.483,0.618,0.765,0.151,0.099,0.418,0.571,0.486,0.513,-0.237,-0.488,-0.714,-0.442,-0.166,0.769,0.347,0.511,0.001,0.001,0.001,0.001,0.001,0.001,0.001,0.001,0.001,0.001,0.001,0.001,0.001,0.001,0.001,0.001,0.001,0.001,0.001,0.001,0.001,0.001,0.001,0.001,0.026,0.001,0.001,0.001,0.001,0.001,0.001,0.001,0.001,0.001,0.001,0.001,0.001,0.001,0.001,0.001,0.001,0.001,0.001,0.001,0.001,-0.652,0.295,0.602,0.353,0.187,0.479,0.603,0.751,1.201,1.138,0.78,0.142,0.205,0.707,0.767,0.785,0.621,0.607,0.615,0.498,0,0.245,0.91,0.726,0.365,0.214,0.013,0.452,0.806,0.054,0.02,0.123,0.139,0.085,0.005,0.004,0.306,0.568,0.001,0.031,0.002,0.239,0.529,0,0.44,0.021,0.055,0,0,0.07,16.439
07:50.5,9752,-0.53,-0.355,0.574,0.513,0.528,0.555,-0.432,-0.475,0.618,0.765,0.151,0.101,0.416,0.572,0.485,0.514,-0.237,-0.487,-0.715,-0.442,-0.166,0.769,0.347,0.511,0.001,0.001,0.001,0.001,0.001,0.001,0.001,0.001,0.001,0.001,0.001,0.001,0.001,0.001,0.001,0.001,0.001,0.001,0.001,0.001,0.001,0.001,0.001,0.001,0.026,0.001,0.001,0.001,0.001,0.001,0.001,0.001,0.001,0.001,0.001,0.001,0.001,0.001,0.001,0.001,0.001,0.001,0.001,0.001,0.001,-0.657,0.29,0.605,0.343,0.129,0.451,0.597,0.74,1.198,1.143,0.772,0.145,0.166,0.686,0.761,0.773,0.63,0.621,0.618,0.502,0,0.216,0.915,0.711,0.375,0.225,0.016,0.463,0.802,0.067,0.032,0.112,0.136,0.092,0.005,0.004,0.322,0.571,0,0.033,0.002,0.244,0.538,0,0.484,0.027,0.061,0,0.001,0.07,16.386
07:50.5,9753,-0.524,-0.362,0.574,0.515,0.541,0.544,-0.438,-0.468,0.618,0.765,0.15,0.104,0.413,0.573,0.485,0.516,-0.236,-0.486,-0.716,-0.442,-0.108,0.682,0.427,0.583,0,0.001,0.001,0.001,0.001,0.001,0.001,0.001,0.001,0.001,0.001,0.001,0.001,0.001,0.001,0.001,0.001,0.001,0.001,0.001,0.001,0.001,0.001,0.001,0.026,0.001,0.001,0.001,0.001,0.001,0.001,0.001,0.001,0.001,0.001,0.001,0.001,0.001,0.001,0.001,0.001,0.001,0.001,0.001,0.001,-0.661,0.285,0.608,0.334,0.076,0.427,0.596,0.737,1.199,1.142,0.763,0.156,0.136,0.678,0.764,0.751,0.637,0.647,0.615,0.502,0.001,0.17,0.907,0.687,0.379,0.236,0.021,0.474,0.805,0.077,0.044,0.104,0.127,0.095,0.005,0.005,0.331,0.575,0,0.034,0.002,0.26,0.548,0,0.54,0.033,0.07,0.001,0.001,0.069,16.358
07:50.5,9754,-0.517,-0.368,0.574,0.517,0.552,0.532,-0.446,-0.463,0.618,0.764,0.149,0.106,0.41,0.573,0.484,0.518,-0.235,-0.485,-0.716,-0.442,-0.116,0.667,0.445,0.585,0.001,0.001,0.001,0.001,0.001,0.001,0.001,0.001,0.001,0.001,0.001,0.001,0.001,0.001,0.001,0.001,0.001,0.001,0.001,0.001,0.001,0.001,0.001,0.001,0.032,0.001,0.001,0.001,0.001,0.001,0.001,0.001,0.001,0.001,0.001,0.001,0.001,0.001,0.001,0.001,0.001,0.001,0.001,0.001,0.001,-0.666,0.279,0.611,0.323,0.05,0.403,0.597,0.734,1.199,1.144,0.751,0.164,0.12,0.68,0.751,0.729,0.65,0.665,0.617,0.503,0.001,0.14,0.869,0.676,0.38,0.234,0.022,0.48,0.801,0.083,0.054,0.089,0.118,0.095,0.005,0.005,0.339,0.576,0,0.038,0.002,0.275,0.553,0,0.563,0.038,0.073,0.001,0.001,0.076,16.268
07:50.6,9755,-0.51,-0.374,0.574,0.52,0.562,0.518,-0.455,-0.457,0.618,0.764,0.148,0.108,0.407,0.573,0.484,0.52,-0.235,-0.484,-0.716,-0.443,-0.116,0.667,0.445,0.585,0.001,0.001,0.001,0.001,0.001,0.001,0.001,0.001,0.001,0.001,0.001,0.001,0.001,0.001,0.001,0.001,0.001,0.001,0.001,0.001,0.001,0.001,0.001,0.001,0.032,0.001,0.001,0.001,0.001,0.001,0.001,0.001,0.001,0.001,0.001,0.001,0.001,0.001,0.001,0.001,0.001,0.001,0.001,0.001,0.001,-0.67,0.275,0.614,0.314,0.011,0.394,0.578,0.74,1.187,1.144,0.736,0.165,0.073,0.658,0.752,0.707,0.664,0.678,0.613,0.509,0.001,0.081,0.829,0.663,0.359,0.244,0.027,0.496,0.799,0.095,0.068,0.066,0.101,0.093,0.005,0.005,0.352,0.581,0,0.039,0.004,0.288,0.564,0.009,0.618,0.044,0.078,0,0,0.076,16.118
07:50.6,9756,-0.504,-0.38,0.573,0.523,0.571,0.504,-0.465,-0.452,0.618,0.764,0.147,0.11,0.405,0.574,0.484,0.522,-0.235,-0.483,-0.716,-0.445,-0.116,0.667,0.445,0.585,0.001,0.001,0.001,0.001,0.001,0.001,0.001,0.001,0.001,0.001,0.001,0.001,0.001,0.001,0.001,0.001,0.001,0.001,0.001,0.001,0.001,0.001,0.001,0.001,0.032,0.001,0.001,0.001,0.001,0.001,0.001,0.001,0.001,0.001,0.001,0.001,0.001,0.001,0.001,0.001,0.001,0.001,0.001,0.001,0.001,-0.675,0.269,0.616,0.305,0.001,0.38,0.571,0.741,1.181,1.147,0.726,0.17,0.037,0.636,0.757,0.695,0.676,0.694,0.609,0.51,0.009,0.026,0.8,0.635,0.344,0.247,0.034,0.505,0.795,0.122,0.09,0.05,0.085,0.094,0.006,0.005,0.364,0.584,0.001,0.046,0.004,0.3,0.573,0.048,0.646,0.051,0.084,0,0,0.076,16.079
07:50.6,9757,-0.497,-0.385,0.572,0.526,0.579,0.488,-0.476,-0.447,0.618,0.764,0.145,0.111,0.403,0.574,0.484,0.524,-0.235,-0.482,-0.716,-0.446,-0.116,0.667,0.445,0.585,0.001,0.001,0.001,0.001,0.001,0.001,0.001,0.001,0.001,0.001,0.001,0.001,0.001,0.001,0.001,0.001,0.001,0.001,0.001,0.001,0.001,0.001,0.001,0.001,0.032,0.001,0.001,0.001,0.001,0.001,0.001,0.001,0.001,0.001,0.001,0.001,0.001,0.001,0.001,0.001,0.001,0.001,0.001,0.001,0.001,-0.675,0.269,0.616,0.305,0.001,0.38,0.571,0.741,1.181,1.147,0.726,0.17,0.037,0.636,0.757,0.695,0.676,0.694,0.609,0.51,0.009,0.026,0.8,0.635,0.344,0.247,0.034,0.505,0.795,0.122,0.09,0.05,0.085,0.094,0.006,0.005,0.364,0.584,0.001,0.046,0.004,0.3,0.573,0.048,0.646,0.051,0.084,0,0,0.076,16.079
07:50.6,9758,-0.491,-0.389,0.571,0.53,0.585,0.474,-0.488,-0.441,0.619,0.764,0.143,0.112,0.401,0.574,0.484,0.525,-0.235,-0.482,-0.716,-0.447,-0.116,0.667,0.445,0.585,0.001,0.001,0.001,0.001,0.001,0.001,0.001,0.001,0.001,0.001,0.001,0.001,0.001,0.001,0.001,0.001,0.001,0.001,0.001,0.001,0.001,0.001,0.001,0.001,0.032,0.001,0.001,0.001,0.001,0.001,0.001,0.001,0.001,0.001,0.001,0.001,0.001,0.001,0.001,0.001,0.001,0.001,0.001,0.001,0.001,-0.675,0.269,0.616,0.305,0.001,0.38,0.571,0.741,1.181,1.147,0.726,0.17,0.037,0.636,0.757,0.695,0.676,0.694,0.609,0.51,0.009,0.026,0.8,0.635,0.344,0.247,0.034,0.505,0.795,0.122,0.09,0.05,0.085,0.094,0.006,0.005,0.364,0.584,0.001,0.046,0.004,0.3,0.573,0.048,0.646,0.051,0.084,0,0,0.076,16.079
07:50.6,9759,-0.486,-0.392,0.569,0.535,0.59,0.461,-0.499,-0.436,0.619,0.764,0.142,0.112,0.399,0.574,0.484,0.526,-0.235,-0.482,-0.715,-0.448,-0.116,0.667,0.445,0.585,0.001,0.001,0.001,0.001,0.001,0.001,0.001,0.001,0.001,0.001,0.001,0.001,0.001,0.001,0.001,0.001,0.001,0.001,0.001,0.001,0.001,0.001,0.001,0.001,0.032,0.001,0.001,0.001,0.001,0.001,0.001,0.001,0.001,0.001,0.001,0.001,0.001,0.001,0.001,0.001,0.001,0.001,0.001,0.001,0.001,-0.675,0.269,0.616,0.305,0.001,0.38,0.571,0.741,1.181,1.147,0.726,0.17,0.037,0.636,0.757,0.695,0.676,0.694,0.609,0.51,0.009,0.026,0.8,0.635,0.344,0.247,0.034,0.505,0.795,0.122,0.09,0.05,0.085,0.094,0.006,0.005,0.364,0.584,0.001,0.046,0.004,0.3,0.573,0.048,0.646,0.051,0.084,0,0,0.076,16.079
07:50.6,9760,-0.482,-0.394,0.568,0.539,0.594,0.45,-0.509,-0.43,0.619,0.765,0.139,0.113,0.397,0.574,0.484,0.528,-0.235,-0.481,-0.715,-0.45,-0.116,0.667,0.445,0.585,0.001,0.001,0.001,0.001,0.001,0.001,0.001,0.001,0.001,0.001,0.001,0.001,0.001,0.001,0.001,0.001,0.001,0.001,0.001,0.001,0.001,0.001,0.001,0.001,0.032,0.001,0.001,0.001,0.001,0.001,0.001,0.001,0.001,0.001,0.001,0.001,0.001,0.001,0.001,0.001,0.001,0.001,0.001,0.001,0.001,-0.675,0.269,0.616,0.305,0.001,0.38,0.571,0.741,1.181,1.147,0.726,0.17,0.037,0.636,0.757,0.695,0.676,0.694,0.609,0.51,0.009,0.026,0.8,0.635,0.344,0.247,0.034,0.505,0.795,0.122,0.09,0.05,0.085,0.094,0.006,0.005,0.364,0.584,0.001,0.046,0.004,0.3,0.573,0.048,0.646,0.051,0.084,0,0,0.076,16.079
07:50.6,9761,-0.48,-0.394,0.567,0.541,0.597,0.441,-0.518,-0.424,0.619,0.765,0.137,0.113,0.395,0.574,0.484,0.529,-0.235,-0.48,-0.715,-0.451,-0.178,0.513,0.619,0.568,0,0.001,0.001,0.001,0.001,0.001,0.001,0.001,0.001,0.001,0.001,0.001,0.001,0.001,0.001,0.001,0.001,0.001,0.001,0.001,0.001,0.001,0.001,0.001,0.029,0.001,0.001,0.001,0.001,0.001,0.001,0.001,0.001,0.001,0.001,0.001,0.001,0.001,0.001,0.001,0.001,0.001,0.001,0.001,0.001,-0.675,0.269,0.616,0.305,0.001,0.38,0.571,0.741,1.181,1.147,0.726,0.17,0.037,0.636,0.757,0.695,0.676,0.694,0.609,0.51,0.009,0.026,0.8,0.635,0.344,0.247,0.034,0.505,0.795,0.122,0.09,0.05,0.085,0.094,0.006,0.005,0.364,0.584,0.001,0.046,0.004,0.3,0.573,0.048,0.646,0.051,0.084,0,0,0.072,16.079
07:50.6,9762,-0.478,-0.393,0.568,0.542,0.598,0.434,-0.528,-0.419,0.619,0.765,0.135,0.113,0.393,0.574,0.484,0.531,-0.234,-0.479,-0.714,-0.453,-0.181,0.489,0.64,0.565,0.001,0.001,0.001,0.001,0.001,0.001,0.001,0.001,0.001,0.001,0.001,0.001,0.001,0.001,0.001,0.001,0.001,0.001,0.001,0.001,0.001,0.001,0.001,0.001,0.031,0.001,0.001,0.001,0.001,0.001,0.001,0.001,0.001,0.001,0.001,0.001,0.001,0.001,0.001,0.001,0.001,0.001,0.001,0.001,0.001,-0.675,0.269,0.616,0.305,0.001,0.38,0.571,0.741,1.181,1.147,0.726,0.17,0.037,0.636,0.757,0.695,0.676,0.694,0.609,0.51,0.009,0.026,0.8,0.635,0.344,0.247,0.034,0.505,0.795,0.122,0.09,0.05,0.085,0.094,0.006,0.005,0.364,0.584,0.001,0.046,0.004,0.3,0.573,0.048,0.646,0.051,0.084,0,0,0.075,16.079
07:50.6,9763,-0.478,-0.391,0.57,0.542,0.599,0.428,-0.536,-0.413,0.619,0.766,0.133,0.114,0.391,0.574,0.484,0.532,-0.234,-0.478,-0.714,-0.455,-0.183,0.465,0.661,0.559,0.001,0.001,0.001,0.001,0.001,0.001,0.001,0.001,0.001,0.001,0.001,0.001,0.001,0.001,0.001,0.001,0.001,0.001,0.001,0.001,0.001,0.001,0.001,0.001,0.028,0.001,0.001,0.001,0.001,0.001,0.001,0.001,0.001,0.001,0.001,0.001,0.001,0.001,0.001,0.001,0.001,0.001,0.001,0.001,0.001,-0.702,0.241,0.621,0.252,0.001,0.361,0.563,0.737,1.178,1.147,0.724,0.171,0.031,0.636,0.757,0.69,0.681,0.695,0.609,0.51,0.011,0.01,0.794,0.639,0.346,0.245,0.037,0.507,0.794,0.134,0.095,0.043,0.084,0.098,0.006,0.005,0.369,0.587,0,0.046,0.004,0.308,0.574,0.053,0.643,0.05,0.087,0,0.001,0.072,16.061
07:50.6,9764,-0.478,-0.388,0.573,0.54,0.599,0.424,-0.542,-0.409,0.618,0.766,0.131,0.115,0.39,0.574,0.484,0.532,-0.234,-0.477,-0.714,-0.456,-0.184,0.437,0.689,0.548,0.001,0.001,0.001,0.001,0.001,0.001,0.001,0.001,0.001,0.001,0.001,0.001,0.001,0.001,0.001,0.001,0.001,0.001,0.001,0.001,0.001,0.001,0.001,0.001,0.028,0.001,0.001,0.001,0.001,0.001,0.001,0.001,0.001,0.001,0.001,0.001,0.001,0.001,0.001,0.001,0.001,0.001,0.001,0.001,0.001,-0.705,0.241,0.618,0.252,0,0.001,0.203,0.541,1.145,1.062,0.651,0.194,0,0.115,0.495,0.518,0.59,0.788,0.604,0.521,0.045,0,0.127,0.317,0.088,0.112,0.057,0.568,0.763,0.382,0.243,0.001,0.004,0.004,0.006,0.007,0.422,0.603,0.045,0.07,0.009,0.396,0.636,0.757,0.938,0.087,0.139,0.015,0.011,0.072,14.28
07:50.6,9765,-0.479,-0.384,0.577,0.539,0.6,0.421,-0.547,-0.406,0.618,0.767,0.131,0.116,0.39,0.574,0.484,0.533,-0.235,-0.476,-0.714,-0.457,-0.184,0.416,0.712,0.536,0.001,0.001,0.001,0.001,0.001,0.001,0.001,0.001,0.001,0.001,0.001,0.001,0.001,0.001,0.001,0.001,0.001,0.001,0.001,0.001,0.001,0.001,0.001,0.001,0.029,0.001,0.001,0.001,0.001,0.001,0.001,0.001,0.001,0.001,0.001,0.001,0.001,0.001,0.001,0.001,0.001,0.001,0.001,0.001,0.001,-0.71,0.237,0.616,0.246,0.001,0,0.123,0.47,1.129,1.059,0.642,0.197,0,0.037,0.429,0.404,0.53,0.768,0.603,0.524,0.048,0,0.035,0.203,0.067,0.074,0.055,0.573,0.761,0.397,0.265,0,0.002,0.002,0.006,0.009,0.429,0.606,0.065,0.066,0.009,0.408,0.642,0.857,0.974,0.093,0.145,0.028,0.028,0.073,13.763
07:50.7,9766,-0.48,-0.376,0.581,0.539,0.599,0.419,-0.55,-0.403,0.617,0.767,0.131,0.118,0.39,0.574,0.484,0.533,-0.235,-0.474,-0.714,-0.457,-0.182,0.393,0.741,0.514,0.001,0.001,0.001,0.001,0.001,0.001,0.001,0.001,0.001,0.001,0.001,0.001,0.001,0.001,0.001,0.001,0.001,0.001,0.001,0.001,0.001,0.001,0.001,0.001,0.029,0.001,0.001,0.001,0.001,0.001,0.001,0.001,0.001,0.002,0.001,0.001,0.001,0.001,0.001,0.001,0.001,0.001,0.001,0.001,0.001,-0.714,0.232,0.615,0.24,0,0,0.045,0.358,1.098,1.035,0.629,0.199,0,0,0.338,0.342,0.469,0.728,0.606,0.525,0.059,0,0.012,0.106,0.018,0.045,0.042,0.579,0.755,0.4,0.26,0,0.001,0.002,0.005,0.007,0.431,0.606,0.094,0.068,0.009,0.414,0.651,0.945,0.993,0.101,0.155,0.049,0.044,0.074,13.223
07:50.7,9767,-0.482,-0.368,0.586,0.538,0.598,0.42,-0.553,-0.4,0.616,0.767,0.132,0.12,0.389,0.575,0.484,0.533,-0.235,-0.473,-0.715,-0.457,-0.18,0.382,0.76,0.494,0.001,0.001,0.001,0.001,0.001,0,0.001,0.001,0.001,0.001,0.001,0.001,0.001,0.001,0.001,0.001,0.001,0.001,0.001,0.001,0.001,0.001,0.001,0.001,0.032,0.001,0.001,0.001,0.001,0.001,0.001,0.001,0.001,0.004,0.001,0.001,0.001,0.001,0.001,0.001,0.001,0.001,0.001,0.001,0.001,-0.719,0.234,0.608,0.243,0.001,0.001,0.001,0.226,1.04,1.006,0.618,0.204,0.001,0,0.2,0.233,0.382,0.679,0.612,0.526,0.062,0.001,0.002,0.038,0.001,0.029,0.021,0.581,0.75,0.427,0.282,0,0,0.001,0.004,0.007,0.432,0.602,0.11,0.068,0.007,0.422,0.657,1.006,1.111,0.106,0.167,0.074,0.107,0.078,12.805
07:50.7,9768,-0.484,-0.36,0.589,0.537,0.596,0.422,-0.555,-0.397,0.615,0.767,0.133,0.122,0.388,0.576,0.483,0.533,-0.235,-0.473,-0.716,-0.457,-0.18,0.382,0.76,0.494,0.001,0.001,0.001,0.001,0.001,0,0.001,0.001,0.001,0.001,0.001,0.001,0.001,0.001,0.001,0.001,0.001,0.001,0.001,0.001,0.001,0.001,0.001,0.001,0.032,0.001,0.001,0.001,0.001,0.001,0.001,0.001,0.001,0.004,0.001,0.001,0.001,0.001,0.001,0.001,0.001,0.001,0.001,0.001,0.001,-0.724,0.229,0.607,0.234,0,0.001,0,0.1,0.967,1.002,0.604,0.199,0.001,0,0.159,0.11,0.339,0.613,0.617,0.527,0.066,0,0.001,0,0.001,0.009,0.009,0.581,0.747,0.433,0.274,0.001,0,0.001,0.002,0.006,0.433,0.601,0.133,0.071,0.007,0.43,0.664,1.046,1.143,0.109,0.172,0.111,0.187,0.078,12.477
07:50.7,9769,-0.488,-0.354,0.592,0.534,0.595,0.428,-0.554,-0.394,0.615,0.767,0.135,0.124,0.385,0.578,0.481,0.534,-0.235,-0.473,-0.716,-0.457,-0.18,0.382,0.76,0.494,0.001,0.001,0.001,0.001,0.001,0,0.001,0.001,0.001,0.001,0.001,0.001,0.001,0.001,0.001,0.001,0.001,0.001,0.001,0.001,0.001,0.001,0.001,0.001,0.032,0.001,0.001,0.001,0.001,0.001,0.001,0.001,0.001,0.004,0.001,0.001,0.001,0.001,0.001,0.001,0.001,0.001,0.001,0.001,0.001,-0.73,0.221,0.608,0.22,0,0.001,0,0.024,0.783,0.979,0.585,0.194,0,0.001,0.094,0.038,0.215,0.524,0.613,0.53,0.065,0,0.001,0,0,0.002,0.007,0.585,0.745,0.426,0.271,0,0.001,0,0.001,0.005,0.437,0.602,0.138,0.084,0.006,0.44,0.672,1.072,1.195,0.112,0.182,0.182,0.242,0.078,12.054
07:50.7,9770,-0.494,-0.348,0.594,0.531,0.594,0.437,-0.551,-0.39,0.615,0.766,0.137,0.126,0.382,0.58,0.479,0.536,-0.235,-0.473,-0.715,-0.457,-0.18,0.382,0.76,0.494,0.001,0.001,0.001,0.001,0.001,0,0.001,0.001,0.001,0.001,0.001,0.001,0.001,0.001,0.001,0.001,0.001,0.001,0.001,0.001,0.001,0.001,0.001,0.001,0.032,0.001,0.001,0.001,0.001,0.001,0.001,0.001,0.001,0.004,0.001,0.001,0.001,0.001,0.001,0.001,0.001,0.001,0.001,0.001,0.001,-0.733,0.217,0.609,0.212,0,0.001,0.001,0,0.596,0.954,0.603,0.19,0,0.001,0.085,0.022,0.138,0.469,0.606,0.531,0.072,0.001,0,0,0.001,0.001,0.006,0.565,0.744,0.425,0.271,0,0.001,0,0.001,0.005,0.427,0.601,0.159,0.1,0.005,0.448,0.676,1.078,1.189,0.112,0.189,0.215,0.324,0.078,11.813
07:50.7,9771,-0.499,-0.344,0.596,0.526,0.593,0.448,-0.546,-0.387,0.615,0.766,0.14,0.127,0.379,0.583,0.477,0.538,-0.235,-0.473,-0.714,-0.458,-0.18,0.382,0.76,0.494,0.001,0.001,0.001,0.001,0.001,0,0.001,0.001,0.001,0.001,0.001,0.001,0.001,0.001,0.001,0.001,0.001,0.001,0.001,0.001,0.001,0.001,0.001,0.001,0.032,0.001,0.001,0.001,0.001,0.001,0.001,0.001,0.001,0.004,0.001,0.001,0.001,0.001,0.001,0.001,0.001,0.001,0.001,0.001,0.001,-0.739,0.21,0.608,0.199,0.001,0,0.001,0.001,0.443,0.889,0.608,0.184,0,0.001,0.063,0.005,0.062,0.352,0.615,0.529,0.071,0,0.001,0,0,0.001,0.005,0.562,0.744,0.422,0.265,0,0,0.001,0.001,0.004,0.418,0.603,0.171,0.114,0.004,0.438,0.683,1.074,1.212,0.112,0.195,0.281,0.38,0.078,11.516
07:50.7,9772,-0.504,-0.342,0.598,0.52,0.59,0.459,-0.54,-0.387,0.615,0.765,0.143,0.129,0.375,0.586,0.474,0.54,-0.236,-0.472,-0.713,-0.461,-0.18,0.382,0.76,0.494,0.001,0.001,0.001,0.001,0.001,0,0.001,0.001,0.001,0.001,0.001,0.001,0.001,0.001,0.001,0.001,0.001,0.001,0.001,0.001,0.001,0.001,0.001,0.001,0.032,0.001,0.001,0.001,0.001,0.001,0.001,0.001,0.001,0.004,0.001,0.001,0.001,0.001,0.001,0.001,0.001,0.001,0.001,0.001,0.001,-0.744,0.203,0.609,0.187,0,0.001,0.001,0.001,0.313,0.717,0.623,0.175,0,0,0.042,0.001,0.02,0.203,0.62,0.524,0.076,0,0.001,0.001,0,0.001,0.002,0.551,0.744,0.416,0.275,0,0.001,0,0.001,0.001,0.409,0.609,0.178,0.122,0.002,0.426,0.691,1.078,1.228,0.104,0.199,0.317,0.415,0.078,11.089
07:50.7,9773,-0.506,-0.343,0.6,0.516,0.586,0.462,-0.538,-0.393,0.615,0.764,0.147,0.13,0.37,0.589,0.471,0.542,-0.235,-0.47,-0.713,-0.464,-0.18,0.382,0.76,0.494,0.001,0.001,0.001,0.001,0.001,0,0.001,0.001,0.001,0.001,0.001,0.001,0.001,0.001,0.001,0.001,0.001,0.001,0.001,0.001,0.001,0.001,0.001,0.001,0.032,0.001,0.001,0.001,0.001,0.001,0.001,0.001,0.001,0.004,0.001,0.001,0.001,0.001,0.001,0.001,0.001,0.001,0.001,0.001,0.001,-0.749,0.195,0.61,0.173,0,0,0.001,0,0.245,0.596,0.624,0.172,0.001,0.001,0.024,0,0.01,0.145,0.639,0.518,0.084,0,0,0.001,0,0.001,0.001,0.537,0.744,0.416,0.27,0,0.001,0,0.001,0.001,0.398,0.611,0.19,0.129,0.001,0.413,0.698,1.081,1.226,0.099,0.201,0.341,0.458,0.078,10.879
07:50.7,9774,-0.507,-0.345,0.601,0.513,0.582,0.453,-0.542,-0.402,0.615,0.763,0.151,0.13,0.366,0.592,0.468,0.544,-0.234,-0.468,-0.714,-0.466,-0.239,0.439,0.796,0.34,0.001,0.001,0.001,0.001,0.001,0.001,0.001,0.001,0.001,0.001,0.001,0.001,0.001,0.001,0.001,0.001,0.001,0.001,0.001,0.001,0.001,0.001,0.001,0.001,0.031,0.001,0.001,0.001,0.001,0.001,0.001,0.001,0.001,0.004,0.001,0.001,0.001,0.001,0.001,0.001,0.001,0.001,0.001,0.001,0.001,-0.749,0.195,0.61,0.173,0,0,0.001,0,0.245,0.596,0.624,0.172,0.001,0.001,0.024,0,0.01,0.145,0.639,0.518,0.084,0,0,0.001,0,0.001,0.001,0.537,0.744,0.416,0.27,0,0.001,0,0.001,0.001,0.398,0.611,0.19,0.129,0.001,0.413,0.698,1.081,1.226,0.099,0.201,0.341,0.458,0.078,10.879
07:50.7,9775,-0.507,-0.348,0.599,0.513,0.584,0.447,-0.541,-0.408,0.615,0.762,0.156,0.128,0.361,0.595,0.465,0.547,-0.23,-0.466,-0.716,-0.466,-0.26,0.453,0.793,0.314,0.857,0.766,0.365,0.001,0.088,0.001,0.001,0.001,0.872,0.883,0.708,0.001,0.001,0.001,0.002,0.001,0.001,0.402,0.834,0.376,0.001,0.01,0.001,0.001,0.09,0.001,0.001,0.144,0.001,0.001,0.001,0.001,0.001,0.005,0.001,0.001,0.001,0.024,0.057,0.001,0.001,0.001,0.001,0.001,0.001,-0.749,0.195,0.61,0.173,0,0,0.001,0,0.245,0.596,0.624,0.172,0.001,0.001,0.024,0,0.01,0.145,0.639,0.518,0.084,0,0,0.001,0,0.001,0.001,0.537,0.744,0.416,0.27,0,0.001,0,0.001,0.001,0.398,0.611,0.19,0.129,0.001,0.413,0.698,1.081,1.226,0.099,0.201,0.341,0.458,6.511,10.879
07:50.8,9776,-0.51,-0.349,0.594,0.515,0.589,0.45,-0.532,-0.41,0.616,0.761,0.162,0.125,0.355,0.597,0.462,0.551,-0.227,-0.465,-0.718,-0.465,-0.28,0.459,0.788,0.298,0.871,0.788,0.643,0.062,0.14,0.001,0.001,0.001,0.846,0.877,0.772,0.001,0.001,0.001,0.021,0.001,0.001,0.388,0.846,0.509,0.001,0.001,0.001,0.001,0.116,0.001,0.001,0.17,0.016,0.001,0.001,0.001,0.001,0.015,0.001,0.001,0.001,0.044,0.073,0.001,0.001,0.001,0.001,0.001,0.001,-0.749,0.195,0.61,0.173,0,0,0.001,0,0.245,0.596,0.624,0.172,0.001,0.001,0.024,0,0.01,0.145,0.639,0.518,0.084,0,0,0.001,0,0.001,0.001,0.537,0.744,0.416,0.27,0,0.001,0,0.001,0.001,0.398,0.611,0.19,0.129,0.001,0.413,0.698,1.081,1.226,0.099,0.201,0.341,0.458,7.224,10.879
07:50.8,9777,-0.514,-0.35,0.588,0.517,0.59,0.459,-0.522,-0.411,0.617,0.759,0.169,0.12,0.35,0.599,0.459,0.554,-0.225,-0.464,-0.72,-0.464,-0.295,0.466,0.779,0.298,0.882,0.794,0.746,0.355,0.321,0.001,0.001,0.001,0.801,0.862,0.808,0.083,0.001,0.001,0.035,0.004,0.001,0.355,0.858,0.57,0.002,0.016,0.001,0.001,0.118,0.001,0.001,0.183,0.046,0.001,0.001,0.001,0.001,0.028,0.001,0.001,0.001,0.056,0.123,0.001,0.001,0.001,0.001,0.001,0.001,-0.749,0.195,0.61,0.173,0,0,0.001,0,0.245,0.596,0.624,0.172,0.001,0.001,0.024,0,0.01,0.145,0.639,0.518,0.084,0,0,0.001,0,0.001,0.001,0.537,0.744,0.416,0.27,0,0.001,0,0.001,0.001,0.398,0.611,0.19,0.129,0.001,0.413,0.698,1.081,1.226,0.099,0.201,0.341,0.458,8.069,10.879
07:50.8,9778,-0.522,-0.348,0.581,0.518,0.588,0.469,-0.513,-0.414,0.618,0.758,0.177,0.113,0.346,0.601,0.456,0.557,-0.224,-0.462,-0.722,-0.463,-0.307,0.47,0.771,0.301,0.869,0.797,0.758,0.575,0.538,0.165,0.056,0.001,0.762,0.862,0.805,0.186,0.001,0.001,0.053,0.022,0.001,0.32,0.861,0.619,0.002,0.001,0.001,0.001,0.11,0.001,0.001,0.177,0.06,0.001,0.001,0.001,0.001,0.027,0.001,0.001,0.001,0.062,0.11,0.001,0.001,0.001,0.001,0.001,0.001,-0.749,0.195,0.61,0.173,0,0,0.001,0,0.245,0.596,0.624,0.172,0.001,0.001,0.024,0,0.01,0.145,0.639,0.518,0.084,0,0,0.001,0,0.001,0.001,0.537,0.744,0.416,0.27,0,0.001,0,0.001,0.001,0.398,0.611,0.19,0.129,0.001,0.413,0.698,1.081,1.226,0.099,0.201,0.341,0.458,8.818,10.879
07:50.8,9779,-0.531,-0.343,0.577,0.517,0.585,0.48,-0.504,-0.416,0.62,0.755,0.185,0.104,0.341,0.603,0.453,0.561,-0.223,-0.46,-0.725,-0.462,-0.329,0.471,0.768,0.284,0.833,0.783,0.766,0.741,0.683,0.411,0.181,0.001,0.708,0.873,0.819,0.248,0.009,0.001,0.09,0.042,0.001,0.306,0.863,0.656,0.005,0.002,0.001,0.001,0.114,0.001,0.001,0.17,0.074,0.001,0.001,0.001,0.001,0.007,0.001,0.001,0.001,0.054,0.083,0.001,0.001,0.001,0.001,0.001,0.001,-0.749,0.195,0.61,0.173,0,0,0.001,0,0.245,0.596,0.624,0.172,0.001,0.001,0.024,0,0.01,0.145,0.639,0.518,0.084,0,0,0.001,0,0.001,0.001,0.537,0.744,0.416,0.27,0,0.001,0,0.001,0.001,0.398,0.611,0.19,0.129,0.001,0.413,0.698,1.081,1.226,0.099,0.201,0.341,0.458,9.541,10.879
07:50.8,9780,-0.539,-0.333,0.578,0.514,0.58,0.493,-0.497,-0.416,0.624,0.751,0.194,0.094,0.335,0.604,0.45,0.565,-0.224,-0.458,-0.727,-0.46,-0.33,0.483,0.761,0.279,0.813,0.772,0.747,0.818,0.805,0.548,0.243,0.001,0.663,0.866,0.812,0.308,0.04,0.077,0.344,0.077,0.001,0.294,0.867,0.68,0.006,0.002,0.002,0.02,0.118,0.001,0.001,0.176,0.098,0.001,0.001,0.001,0.001,0.009,0.001,0.001,0.001,0.05,0.079,0.001,0.001,0.001,0.001,0.001,0.001,-0.799,0.162,0.578,0.035,0,0.001,0.001,0,0.177,0.541,0.63,0.17,0,0,0.023,0.001,0.004,0.109,0.647,0.519,0.082,0,0,0,0,0,0.001,0.532,0.742,0.409,0.274,0.001,0,0,0,0.001,0.391,0.611,0.195,0.133,0.001,0.389,0.701,1.073,1.237,0.095,0.204,0.36,0.469,10.351,10.724
07:50.8,9781,-0.543,-0.327,0.583,0.508,0.574,0.507,-0.492,-0.413,0.629,0.746,0.202,0.083,0.328,0.605,0.448,0.571,-0.226,-0.456,-0.729,-0.458,-0.318,0.503,0.748,0.294,0.791,0.766,0.742,0.895,0.885,0.587,0.358,0.001,0.656,0.861,0.823,0.349,0.076,0.14,0.414,0.027,0.001,0.298,0.866,0.7,0.007,0.004,0.002,0.181,0.369,0.001,0.001,0.197,0.123,0.002,0.001,0.001,0.001,0.011,0.001,0.001,0.001,0.051,0.114,0.001,0.001,0.001,0.001,0,0.001,-0.798,0.198,0.568,0.035,0,0.001,0,0.001,0,0.247,0.183,0.018,0,0,0,0,0.001,0.001,0.327,0.314,0.112,0,0.001,0.001,0,0,0.017,0.219,0.646,0.23,0.365,0,0,0.001,0,0,0.336,0.6,0.215,0.19,0.001,0.587,0.879,1.118,1.179,0.267,0.258,0.446,0.49,11.31,9.251
07:50.8,9782,-0.541,-0.331,0.588,0.502,0.57,0.522,-0.487,-0.406,0.636,0.739,0.211,0.072,0.319,0.606,0.446,0.576,-0.229,-0.453,-0.731,-0.456,-0.304,0.52,0.736,0.31,0.78,0.758,0.747,0.9,0.94,0.595,0.396,0.002,0.673,0.846,0.83,0.407,0.115,0.232,0.438,0.034,0.001,0.328,0.873,0.719,0.033,0.004,0.004,0.243,0.581,0.001,0.001,0.228,0.155,0.002,0.001,0.001,0.153,0.073,0.001,0.001,0.001,0.092,0.172,0.001,0.001,0.001,0.001,0.001,0.001,-0.795,0.228,0.562,0.03,0,0,0,0.001,0,0.222,0.14,0.011,0.001,0,0.001,0,0,0.001,0.292,0.303,0.085,0.001,0,0,0.001,0,0.031,0.205,0.569,0.175,0.32,0.001,0,0,0.001,0.001,0.347,0.541,0.178,0.173,0.001,0.639,0.842,1.078,1.253,0.284,0.244,0.325,0.443,12.367,8.71
07:50.8,9783,-0.525,-0.342,0.596,0.502,0.567,0.538,-0.482,-0.396,0.645,0.73,0.219,0.06,0.31,0.605,0.445,0.583,-0.232,-0.452,-0.732,-0.454,-0.299,0.536,0.723,0.316,0.783,0.747,0.752,0.939,0.963,0.595,0.426,0.005,0.674,0.836,0.827,0.44,0.149,0.244,0.455,0.059,0.001,0.348,0.88,0.741,0.07,0.005,0.005,0.248,0.712,0.001,0,0.256,0.17,0.002,0.002,0.001,0.188,0.158,0.001,0.001,0.001,0.19,0.252,0.001,0.001,0.001,0.001,0.001,0.001,-0.79,0.256,0.556,0.02,0.001,0,0,0,0,0.133,0.087,0.001,0.001,0,0.009,0.001,0,0.001,0.261,0.297,0.028,0,0.001,0.001,0,0,0.021,0.187,0.48,0.134,0.311,0.001,0,0,0,0,0.392,0.501,0.101,0.181,0.001,0.635,0.663,0.965,1.127,0.276,0.151,0.16,0.374,13.133,7.483
07:50.8,9784,-0.501,-0.356,0.607,0.503,0.56,0.554,-0.476,-0.39,0.654,0.72,0.227,0.049,0.298,0.604,0.445,0.59,-0.235,-0.45,-0.733,-0.452,-0.309,0.531,0.729,0.301,0.772,0.736,0.75,0.958,0.985,0.636,0.431,0.012,0.691,0.824,0.828,0.49,0.182,0.263,0.458,0.148,0.001,0.376,0.891,0.761,0.103,0.007,0.006,0.276,0.744,0.001,0.001,0.283,0.197,0.004,0.002,0.001,0.214,0.237,0.001,0.001,0.001,0.27,0.398,0.001,0.001,0.001,0.001,0.001,0.001,-0.783,0.295,0.548,0.001,0.001,0.001,0,0,0,0.06,0.06,0.001,0,0,0.01,0.001,0.001,0.006,0.243,0.249,0.001,0,0.001,0,0,0,0.001,0.183,0.518,0.07,0.237,0.001,0.001,0,0,0,0.376,0.411,0,0.187,0,0.568,0.501,0.457,1.161,0.216,0.055,0,0.295,13.946,5.873
07:50.9,9785,-0.474,-0.371,0.616,0.508,0.552,0.567,-0.469,-0.392,0.663,0.71,0.235,0.038,0.286,0.602,0.445,0.598,-0.236,-0.448,-0.734,-0.453,-0.32,0.524,0.737,0.283,0.77,0.731,0.75,0.983,1.015,0.684,0.454,0.011,0.697,0.816,0.822,0.526,0.209,0.274,0.453,0.188,0.001,0.402,0.894,0.768,0.149,0.009,0.007,0.291,0.746,0.001,0.001,0.3,0.226,0.006,0.002,0.002,0.232,0.313,0.001,0.001,0.001,0.297,0.51,0.001,0.001,0.011,0.001,0.001,0.001,-0.776,0.323,0.542,-0.011,0,0.001,0,0,0.001,0.007,0.044,0.001,0,0,0,0.001,0,0,0.219,0.234,0,0,0,0,0.001,0.001,0,0.134,0.442,0.026,0.187,0.001,0.001,0.001,0.001,0.001,0.303,0.361,0,0.154,0.001,0.426,0.451,0.175,1.204,0.167,0.021,0,0.087,14.559,4.654
07:50.9,9786,-0.455,-0.382,0.618,0.515,0.542,0.578,-0.462,-0.399,0.67,0.701,0.242,0.028,0.274,0.601,0.444,0.605,-0.234,-0.445,-0.735,-0.455,-0.333,0.511,0.746,0.267,0.77,0.728,0.748,0.989,1.046,0.694,0.474,0.012,0.698,0.808,0.812,0.562,0.236,0.284,0.448,0.236,0.001,0.414,0.896,0.779,0.182,0.013,0.009,0.284,0.742,0.001,0.001,0.315,0.247,0.018,0.002,0.002,0.267,0.358,0.001,0.001,0.001,0.315,0.574,0.001,0.001,0.032,0.001,0.001,0.001,-0.776,0.323,0.542,-0.011,0,0.001,0,0,0.001,0.007,0.044,0.001,0,0,0,0.001,0,0,0.219,0.234,0,0,0,0,0.001,0.001,0,0.134,0.442,0.026,0.187,0.001,0.001,0.001,0.001,0.001,0.303,0.361,0,0.154,0.001,0.426,0.451,0.175,1.204,0.167,0.021,0,0.087,15.005,4.654
07:50.9,9787,-0.444,-0.385,0.621,0.518,0.529,0.586,-0.456,-0.41,0.675,0.694,0.247,0.02,0.263,0.599,0.444,0.612,-0.229,-0.442,-0.736,-0.458,-0.341,0.503,0.752,0.256,0.768,0.722,0.751,1,1.033,0.708,0.484,0.015,0.697,0.801,0.807,0.579,0.264,0.297,0.446,0.267,0.001,0.425,0.899,0.779,0.208,0.022,0.01,0.305,0.733,0.001,0.001,0.324,0.26,0.027,0.002,0.002,0.284,0.413,0.001,0.001,0.001,0.324,0.608,0.001,0.001,0.048,0.011,0.001,0.001,-0.776,0.323,0.542,-0.011,0,0.001,0,0,0.001,0.007,0.044,0.001,0,0,0,0.001,0,0,0.219,0.234,0,0,0,0,0.001,0.001,0,0.134,0.442,0.026,0.187,0.001,0.001,0.001,0.001,0.001,0.303,0.361,0,0.154,0.001,0.426,0.451,0.175,1.204,0.167,0.021,0,0.087,15.333,4.654
07:50.9,9788,-0.439,-0.385,0.624,0.518,0.514,0.592,-0.452,-0.426,0.679,0.689,0.252,0.015,0.252,0.599,0.443,0.618,-0.221,-0.441,-0.738,-0.46,-0.354,0.49,0.759,0.24,0.759,0.72,0.753,1.01,1.062,0.751,0.493,0.016,0.691,0.797,0.805,0.591,0.286,0.302,0.437,0.302,0.001,0.427,0.899,0.783,0.236,0.029,0.013,0.32,0.723,0.001,0.001,0.331,0.269,0.034,0.004,0.002,0.303,0.452,0.001,0.001,0.001,0.342,0.62,0.001,0.013,0.055,0.024,0.001,0.001,-0.776,0.323,0.542,-0.011,0,0.001,0,0,0.001,0.007,0.044,0.001,0,0,0,0.001,0,0,0.219,0.234,0,0,0,0,0.001,0.001,0,0.134,0.442,0.026,0.187,0.001,0.001,0.001,0.001,0.001,0.303,0.361,0,0.154,0.001,0.426,0.451,0.175,1.204,0.167,0.021,0,0.087,15.663,4.654
07:50.9,9789,-0.44,-0.386,0.626,0.515,0.499,0.595,-0.448,-0.443,0.681,0.686,0.255,0.014,0.241,0.6,0.442,0.622,-0.212,-0.442,-0.739,-0.462,-0.362,0.482,0.764,0.231,0.753,0.717,0.756,1.015,1.081,0.772,0.512,0.017,0.687,0.792,0.802,0.601,0.3,0.317,0.446,0.331,0.001,0.427,0.901,0.784,0.247,0.032,0.018,0.321,0.729,0.001,0,0.33,0.269,0.042,0.004,0.002,0.3,0.459,0.001,0.001,0.001,0.348,0.635,0.001,0.038,0.057,0.023,0.001,0.001,-0.776,0.323,0.542,-0.011,0,0.001,0,0,0.001,0.007,0.044,0.001,0,0,0,0.001,0,0,0.219,0.234,0,0,0,0,0.001,0.001,0,0.134,0.442,0.026,0.187,0.001,0.001,0.001,0.001,0.001,0.303,0.361,0,0.154,0.001,0.426,0.451,0.175,1.204,0.167,0.021,0,0.087,15.873,4.654
07:50.9,9790,-0.443,-0.389,0.626,0.51,0.486,0.595,-0.446,-0.459,0.682,0.683,0.26,0.016,0.233,0.604,0.442,0.62,-0.204,-0.442,-0.74,-0.464,-0.372,0.471,0.768,0.222,0.748,0.708,0.756,1.026,1.105,0.799,0.519,0.023,0.686,0.789,0.802,0.607,0.302,0.319,0.452,0.357,0.001,0.418,0.905,0.784,0.252,0.042,0.022,0.335,0.744,0.001,0.001,0.33,0.27,0.046,0.004,0.002,0.303,0.475,0.001,0.001,0.001,0.349,0.63,0.001,0.068,0.056,0.026,0.001,0.001,-0.776,0.323,0.542,-0.011,0,0.001,0,0,0.001,0.007,0.044,0.001,0,0,0,0.001,0,0,0.219,0.234,0,0,0,0,0.001,0.001,0,0.134,0.442,0.026,0.187,0.001,0.001,0.001,0.001,0.001,0.303,0.361,0,0.154,0.001,0.426,0.451,0.175,1.204,0.167,0.021,0,0.087,16.068,4.654
07:50.9,9791,-0.445,-0.393,0.625,0.507,0.478,0.594,-0.444,-0.47,0.682,0.681,0.266,0.02,0.23,0.611,0.442,0.615,-0.197,-0.442,-0.741,-0.464,-0.381,0.462,0.771,0.215,0.739,0.706,0.753,1.032,1.114,0.816,0.527,0.026,0.68,0.783,0.801,0.613,0.314,0.341,0.453,0.369,0.001,0.41,0.904,0.784,0.256,0.048,0.023,0.342,0.75,0.001,0.001,0.327,0.272,0.05,0.004,0.002,0.303,0.491,0.001,0.002,0.001,0.354,0.629,0.001,0.103,0.055,0.027,0.001,0.001,-0.776,0.323,0.542,-0.011,0,0.001,0,0,0.001,0.007,0.044,0.001,0,0,0,0.001,0,0,0.219,0.234,0,0,0,0,0.001,0.001,0,0.134,0.442,0.026,0.187,0.001,0.001,0.001,0.001,0.001,0.303,0.361,0,0.154,0.001,0.426,0.451,0.175,1.204,0.167,0.021,0,0.087,16.211,4.654
07:50.9,9792,-0.445,-0.398,0.623,0.506,0.474,0.593,-0.446,-0.474,0.679,0.681,0.273,0.026,0.226,0.619,0.442,0.608,-0.193,-0.443,-0.742,-0.464,-0.389,0.453,0.774,0.209,0.733,0.707,0.75,1.033,1.131,0.839,0.541,0.026,0.67,0.789,0.797,0.62,0.327,0.355,0.458,0.375,0.001,0.399,0.895,0.786,0.264,0.048,0.032,0.348,0.756,0.001,0.001,0.321,0.271,0.053,0.004,0.002,0.303,0.499,0.001,0.013,0.001,0.363,0.63,0.001,0.109,0.055,0.028,0.001,0.001,-0.739,0.488,0.452,-0.109,0.001,0,0,0,0.001,0,0.043,0.001,0,0,0,0,0.001,0.001,0.219,0.226,0.001,0.001,0.001,0,0.001,0.001,0.001,0.118,0.432,0.026,0.173,0.001,0.001,0,0,0,0.287,0.348,0.001,0.139,0.001,0.409,0.454,0.159,1.212,0.154,0.017,0,0.059,16.338,4.49
07:50.9,9793,-0.442,-0.403,0.62,0.507,0.474,0.593,-0.45,-0.471,0.675,0.681,0.281,0.032,0.219,0.626,0.441,0.604,-0.193,-0.444,-0.743,-0.462,-0.399,0.442,0.778,0.2,0.723,0.706,0.746,1.029,1.143,0.851,0.541,0.028,0.654,0.786,0.799,0.628,0.328,0.352,0.465,0.394,0.001,0.402,0.901,0.786,0.269,0.051,0.028,0.353,0.758,0.001,0.001,0.311,0.271,0.056,0.004,0.002,0.303,0.505,0.001,0.017,0.001,0.37,0.63,0.001,0.139,0.056,0.028,0.001,0.001,-0.739,0.488,0.452,-0.109,0.001,0,0,0,0.001,0,0.043,0.001,0,0,0,0,0.001,0.001,0.219,0.226,0.001,0.001,0.001,0,0.001,0.001,0.001,0.118,0.432,0.026,0.173,0.001,0.001,0,0,0,0.287,0.348,0.001,0.139,0.001,0.409,0.454,0.159,1.212,0.154,0.017,0,0.059,16.421,4.49
07:50.9,9794,-0.437,-0.409,0.619,0.509,0.476,0.594,-0.453,-0.464,0.672,0.681,0.29,0.037,0.212,0.632,0.439,0.602,-0.196,-0.444,-0.743,-0.461,-0.407,0.432,0.781,0.194,0.714,0.701,0.746,1.024,1.15,0.853,0.546,0.029,0.648,0.788,0.8,0.632,0.328,0.366,0.469,0.399,0.001,0.393,0.902,0.783,0.276,0.05,0.026,0.357,0.761,0.001,0.001,0.306,0.267,0.06,0.004,0.004,0.306,0.514,0.001,0.016,0.001,0.383,0.63,0.001,0.16,0.057,0.033,0.001,0.001,-0.739,0.488,0.452,-0.109,0.001,0,0,0,0.001,0,0.043,0.001,0,0,0,0,0.001,0.001,0.219,0.226,0.001,0.001,0.001,0,0.001,0.001,0.001,0.118,0.432,0.026,0.173,0.001,0.001,0,0,0,0.287,0.348,0.001,0.139,0.001,0.409,0.454,0.159,1.212,0.154,0.017,0,0.059,16.489,4.49
07:51.0,9795,-0.432,-0.414,0.618,0.51,0.479,0.597,-0.454,-0.456,0.668,0.68,0.301,0.041,0.204,0.637,0.436,0.602,-0.198,-0.444,-0.743,-0.46,-0.418,0.42,0.784,0.184,0.703,0.696,0.742,1.016,1.158,0.856,0.538,0.033,0.645,0.789,0.799,0.631,0.339,0.374,0.471,0.403,0.001,0.381,0.9,0.785,0.283,0.05,0.02,0.359,0.758,0.001,0.001,0.302,0.267,0.063,0.004,0.002,0.311,0.518,0.001,0.028,0.001,0.391,0.634,0.001,0.176,0.062,0.039,0.001,0.001,-0.739,0.488,0.452,-0.109,0.001,0,0,0,0.001,0,0.043,0.001,0,0,0,0,0.001,0.001,0.219,0.226,0.001,0.001,0.001,0,0.001,0.001,0.001,0.118,0.432,0.026,0.173,0.001,0.001,0,0,0,0.287,0.348,0.001,0.139,0.001,0.409,0.454,0.159,1.212,0.154,0.017,0,0.059,16.534,4.49
07:51.0,9796,-0.426,-0.419,0.619,0.51,0.481,0.601,-0.454,-0.448,0.664,0.678,0.312,0.041,0.198,0.648,0.433,0.602,-0.201,-0.444,-0.743,-0.459,-0.425,0.41,0.787,0.177,0.683,0.689,0.735,1.01,1.162,0.864,0.534,0.039,0.634,0.792,0.797,0.63,0.339,0.37,0.474,0.408,0.001,0.379,0.9,0.786,0.297,0.05,0.02,0.365,0.757,0.001,0.001,0.299,0.27,0.066,0.004,0.004,0.317,0.526,0.001,0.026,0.001,0.407,0.639,0.001,0.189,0.065,0.044,0.001,0.001,-0.739,0.488,0.452,-0.109,0.001,0,0,0,0.001,0,0.043,0.001,0,0,0,0,0.001,0.001,0.219,0.226,0.001,0.001,0.001,0,0.001,0.001,0.001,0.118,0.432,0.026,0.173,0.001,0.001,0,0,0,0.287,0.348,0.001,0.139,0.001,0.409,0.454,0.159,1.212,0.154,0.017,0,0.059,16.578,4.49
07:51.0,9797,-0.42,-0.423,0.621,0.509,0.481,0.606,-0.452,-0.444,0.661,0.676,0.322,0.037,0.194,0.643,0.43,0.603,-0.204,-0.444,-0.742,-0.458,-0.434,0.399,0.79,0.169,0.654,0.679,0.728,0.993,1.161,0.86,0.526,0.04,0.629,0.791,0.796,0.637,0.35,0.379,0.47,0.404,0.001,0.381,0.899,0.785,0.304,0.054,0.016,0.371,0.751,0.001,0.001,0.3,0.275,0.071,0.004,0.004,0.317,0.537,0.001,0.027,0.001,0.424,0.648,0.001,0.203,0.07,0.049,0.017,0.001,-0.739,0.488,0.452,-0.109,0.001,0,0,0,0.001,0,0.043,0.001,0,0,0,0,0.001,0.001,0.219,0.226,0.001,0.001,0.001,0,0.001,0.001,0.001,0.118,0.432,0.026,0.173,0.001,0.001,0,0,0,0.287,0.348,0.001,0.139,0.001,0.409,0.454,0.159,1.212,0.154,0.017,0,0.059,16.611,4.49
07:51.0,9798,-0.414,-0.427,0.623,0.508,0.478,0.61,-0.449,-0.444,0.66,0.674,0.331,0.029,0.191,0.646,0.428,0.603,-0.208,-0.445,-0.741,-0.458,-0.441,0.39,0.792,0.162,0.639,0.668,0.723,0.978,1.156,0.853,0.518,0.043,0.613,0.791,0.791,0.641,0.358,0.388,0.469,0.408,0.001,0.37,0.897,0.788,0.315,0.053,0.016,0.377,0.746,0.001,0.001,0.302,0.276,0.072,0.005,0.004,0.328,0.543,0.001,0.026,0.002,0.437,0.654,0.001,0.199,0.076,0.053,0.021,0.001,-0.739,0.488,0.452,-0.109,0.001,0,0,0,0.001,0,0.043,0.001,0,0,0,0,0.001,0.001,0.219,0.226,0.001,0.001,0.001,0,0.001,0.001,0.001,0.118,0.432,0.026,0.173,0.001,0.001,0,0,0,0.287,0.348,0.001,0.139,0.001,0.409,0.454,0.159,1.212,0.154,0.017,0,0.059,16.603,4.49
07:51.0,9799,-0.408,-0.431,0.626,0.506,0.473,0.614,-0.446,-0.447,0.659,0.671,0.339,0.018,0.189,0.647,0.427,0.603,-0.21,-0.446,-0.74,-0.458,-0.45,0.378,0.794,0.153,0.62,0.652,0.714,0.967,1.15,0.85,0.509,0.045,0.598,0.791,0.79,0.639,0.36,0.393,0.468,0.408,0.001,0.365,0.896,0.786,0.324,0.056,0.024,0.38,0.745,0.001,0.001,0.298,0.278,0.073,0.004,0.004,0.332,0.551,0.001,0.026,0.002,0.454,0.664,0.001,0.204,0.085,0.056,0.027,0.001,-0.772,0.382,0.507,-0.025,0.001,0.001,0.001,0.001,0.001,0,0,0.001,0,0.001,0.021,0,0.001,0,0.001,0,0.001,0,0.001,0.001,0.001,0.001,0,0,0,0.001,0,0,0.001,0,0.001,0,0,0.001,0,0,0,0.001,0,0.001,0,0,0,0.001,0.001,16.594,0.043
07:51.0,9800,-0.403,-0.433,0.628,0.506,0.467,0.616,-0.443,-0.454,0.66,0.668,0.344,0.006,0.189,0.646,0.428,0.603,-0.212,-0.446,-0.738,-0.458,-0.455,0.371,0.796,0.148,0.606,0.641,0.711,0.952,1.148,0.847,0.503,0.045,0.578,0.791,0.789,0.64,0.359,0.387,0.465,0.407,0.001,0.361,0.899,0.785,0.33,0.057,0.031,0.383,0.742,0.001,0.001,0.298,0.276,0.073,0.004,0.004,0.339,0.557,0.001,0.023,0.001,0.462,0.67,0.001,0.21,0.09,0.059,0.031,0.001,-0.77,0.367,0.522,0,0,0.001,0.001,0.001,0.001,0,0,0.001,0,0.001,0,0,0,0,0,0,0.001,0,0,0.001,0,0.001,0,0.001,0.001,0,0,0,0,0,0.001,0.001,0.001,0,0,0.001,0.001,0.001,0.001,0.001,0.001,0,0,0,0.001,16.56,0.021
07:51.0,9801,-0.398,-0.435,0.629,0.506,0.461,0.617,-0.44,-0.462,0.662,0.664,0.347,-0.009,0.191,0.645,0.429,0.603,-0.213,-0.447,-0.737,-0.46,-0.455,0.371,0.796,0.148,0.606,0.641,0.711,0.952,1.148,0.847,0.503,0.045,0.578,0.791,0.789,0.64,0.359,0.387,0.465,0.407,0.001,0.361,0.899,0.785,0.33,0.057,0.031,0.383,0.742,0.001,0.001,0.298,0.276,0.073,0.004,0.004,0.339,0.557,0.001,0.023,0.001,0.462,0.67,0.001,0.21,0.09,0.059,0.031,0.001,-0.77,0.367,0.522,0,0,0.001,0.001,0.001,0.001,0,0,0.001,0,0.001,0,0,0,0,0,0,0.001,0,0,0.001,0,0.001,0,0.001,0.001,0,0,0,0,0,0.001,0.001,0.001,0,0,0.001,0.001,0.001,0.001,0.001,0.001,0,0,0,0.001,16.56,0.021
07:51.0,9802,-0.393,-0.437,0.63,0.508,0.455,0.617,-0.438,-0.469,0.665,0.66,0.348,-0.024,0.196,0.644,0.43,0.602,-0.213,-0.448,-0.736,-0.462,-0.455,0.371,0.796,0.148,0.606,0.641,0.711,0.952,1.148,0.847,0.503,0.045,0.578,0.791,0.789,0.64,0.359,0.387,0.465,0.407,0.001,0.361,0.899,0.785,0.33,0.057,0.031,0.383,0.742,0.001,0.001,0.298,0.276,0.073,0.004,0.004,0.339,0.557,0.001,0.023,0.001,0.462,0.67,0.001,0.21,0.09,0.059,0.031,0.001,-0.77,0.367,0.522,0,0,0.001,0.001,0.001,0.001,0,0,0.001,0,0.001,0,0,0,0,0,0,0.001,0,0,0.001,0,0.001,0,0.001,0.001,0,0,0,0,0,0.001,0.001,0.001,0,0,0.001,0.001,0.001,0.001,0.001,0.001,0,0,0,0.001,16.56,0.021
07:51.0,9803,-0.387,-0.438,0.631,0.51,0.451,0.616,-0.438,-0.475,0.67,0.655,0.347,-0.04,0.203,0.642,0.433,0.599,-0.213,-0.448,-0.734,-0.464,-0.455,0.371,0.796,0.148,0.606,0.641,0.711,0.952,1.148,0.847,0.503,0.045,0.578,0.791,0.789,0.64,0.359,0.387,0.465,0.407,0.001,0.361,0.899,0.785,0.33,0.057,0.031,0.383,0.742,0.001,0.001,0.298,0.276,0.073,0.004,0.004,0.339,0.557,0.001,0.023,0.001,0.462,0.67,0.001,0.21,0.09,0.059,0.031,0.001,-0.77,0.367,0.522,0,0,0.001,0.001,0.001,0.001,0,0,0.001,0,0.001,0,0,0,0,0,0,0.001,0,0,0.001,0,0.001,0,0.001,0.001,0,0,0,0,0,0.001,0.001,0.001,0,0,0.001,0.001,0.001,0.001,0.001,0.001,0,0,0,0.001,16.56,0.021
07:51.0,9804,-0.38,-0.44,0.631,0.514,0.449,0.614,-0.439,-0.478,0.674,0.651,0.344,-0.056,0.21,0.641,0.436,0.595,-0.212,-0.449,-0.733,-0.466,-0.455,0.371,0.796,0.148,0.606,0.641,0.711,0.952,1.148,0.847,0.503,0.045,0.578,0.791,0.789,0.64,0.359,0.387,0.465,0.407,0.001,0.361,0.899,0.785,0.33,0.057,0.031,0.383,0.742,0.001,0.001,0.298,0.276,0.073,0.004,0.004,0.339,0.557,0.001,0.023,0.001,0.462,0.67,0.001,0.21,0.09,0.059,0.031,0.001,-0.77,0.367,0.522,0,0,0.001,0.001,0.001,0.001,0,0,0.001,0,0.001,0,0,0,0,0,0,0.001,0,0,0.001,0,0.001,0,0.001,0.001,0,0,0,0,0,0.001,0.001,0.001,0,0,0.001,0.001,0.001,0.001,0.001,0.001,0,0,0,0.001,16.56,0.021
07:51.1,9805,-0.372,-0.44,0.631,0.519,0.448,0.612,-0.441,-0.479,0.679,0.648,0.338,-0.07,0.215,0.64,0.442,0.591,-0.21,-0.45,-0.731,-0.468,-0.455,0.371,0.796,0.148,0.606,0.641,0.711,0.952,1.148,0.847,0.503,0.045,0.578,0.791,0.789,0.64,0.359,0.387,0.465,0.407,0.001,0.361,0.899,0.785,0.33,0.057,0.031,0.383,0.742,0.001,0.001,0.298,0.276,0.073,0.004,0.004,0.339,0.557,0.001,0.023,0.001,0.462,0.67,0.001,0.21,0.09,0.059,0.031,0.001,-0.77,0.367,0.522,0,0,0.001,0.001,0.001,0.001,0,0,0.001,0,0.001,0,0,0,0,0,0,0.001,0,0,0.001,0,0.001,0,0.001,0.001,0,0,0,0,0,0.001,0.001,0.001,0,0,0.001,0.001,0.001,0.001,0.001,0.001,0,0,0,0.001,16.56,0.021
07:51.1,9806,-0.364,-0.44,0.632,0.523,0.448,0.611,-0.443,-0.48,0.684,0.645,0.332,-0.083,0.221,0.637,0.448,0.588,-0.208,-0.45,-0.73,-0.47,-0.455,0.371,0.796,0.148,0.606,0.641,0.711,0.952,1.148,0.847,0.503,0.045,0.578,0.791,0.789,0.64,0.359,0.387,0.465,0.407,0.001,0.361,0.899,0.785,0.33,0.057,0.031,0.383,0.742,0.001,0.001,0.298,0.276,0.073,0.004,0.004,0.339,0.557,0.001,0.023,0.001,0.462,0.67,0.001,0.21,0.09,0.059,0.031,0.001,-0.717,0.235,0.634,0.168,0,0.001,0.001,0.001,0.001,0,0,0.001,0,0.001,0,0,0,0,0,0,0.001,0,0,0.001,0,0.001,0,0.001,0.001,0,0,0,0,0,0.001,0.001,0.001,0,0,0.001,0.001,0.001,0.001,0.001,0.001,0,0,0,0.001,16.56,0.021
07:51.1,9807,-0.357,-0.44,0.634,0.527,0.448,0.61,-0.445,-0.479,0.688,0.643,0.324,-0.093,0.228,0.632,0.454,0.585,-0.205,-0.451,-0.729,-0.472,-0.497,0.308,0.804,0.108,0.585,0.629,0.705,0.943,1.147,0.846,0.501,0.046,0.563,0.795,0.789,0.636,0.364,0.396,0.466,0.41,0.005,0.352,0.896,0.78,0.336,0.057,0.028,0.385,0.741,0.001,0.001,0.3,0.276,0.073,0.004,0.004,0.342,0.559,0.001,0.027,0.001,0.468,0.673,0.001,0.208,0.092,0.061,0.029,0.001,-0.708,0.205,0.649,0.186,0.001,0,0,0.001,0.001,0.001,0,0.001,0,0,0,0,0.001,0,0,0.001,0,0.001,0.001,0,0,0.001,0.001,0.001,0,0.001,0.001,0.001,0,0,0,0.001,0.001,0,0.001,0,0,0.001,0,0.001,0,0,0,0.001,0.001,16.523,0.022
07:51.1,9808,-0.351,-0.438,0.636,0.529,0.447,0.609,-0.447,-0.479,0.691,0.642,0.316,-0.101,0.237,0.626,0.46,0.583,-0.204,-0.452,-0.728,-0.473,-0.502,0.301,0.804,0.103,0.398,0.538,0.669,0.889,1.144,0.86,0.47,0.066,0.433,0.783,0.785,0.613,0.369,0.446,0.466,0.433,0.01,0.3,0.902,0.764,0.358,0.063,0.029,0.431,0.748,0.001,0.001,0.288,0.263,0.07,0.004,0.002,0.379,0.564,0.001,0.033,0.001,0.515,0.69,0.037,0.276,0.114,0.071,0.057,0.001,-0.702,0.178,0.662,0.195,0,0.001,0.001,0.001,0.001,0,0.001,0,0.001,0,0,0.001,0,0,0.001,0,0,0.001,0,0,0.001,0,0.001,0,0.001,0,0,0.001,0,0,0,0,0,0.001,0,0,0,0,0.001,0.001,0.001,0.001,0,0.001,0.001,16.335,0.02
07:51.1,9809,-0.347,-0.436,0.639,0.53,0.447,0.608,-0.448,-0.479,0.693,0.643,0.308,-0.107,0.249,0.62,0.465,0.581,-0.204,-0.453,-0.727,-0.474,-0.507,0.292,0.805,0.098,0.4,0.535,0.665,0.884,1.142,0.857,0.466,0.061,0.414,0.78,0.781,0.609,0.371,0.453,0.466,0.435,0.011,0.3,0.905,0.767,0.364,0.065,0.027,0.437,0.75,0.001,0.001,0.289,0.264,0.072,0.004,0.004,0.381,0.565,0.001,0.034,0.002,0.516,0.689,0.05,0.276,0.115,0.072,0.06,0.001,-0.702,0.178,0.662,0.195,0,0.001,0.001,0.001,0.001,0,0.001,0,0.001,0,0,0.001,0,0,0.001,0,0,0.001,0,0,0.001,0,0.001,0,0.001,0,0,0.001,0,0,0,0,0,0.001,0,0,0,0,0.001,0.001,0.001,0.001,0,0.001,0.001,16.342,0.02
07:51.1,9810,-0.346,-0.434,0.641,0.529,0.445,0.608,-0.449,-0.48,0.694,0.645,0.299,-0.111,0.261,0.612,0.471,0.579,-0.204,-0.454,-0.727,-0.474,-0.511,0.286,0.805,0.094,0.396,0.532,0.662,0.883,1.139,0.857,0.465,0.067,0.41,0.777,0.779,0.601,0.37,0.455,0.466,0.438,0.011,0.314,0.902,0.766,0.369,0.066,0.033,0.443,0.75,0.001,0.001,0.294,0.267,0.076,0.004,0.004,0.385,0.567,0.001,0.033,0.002,0.52,0.687,0.056,0.274,0.112,0.071,0.061,0.001,-0.702,0.178,0.662,0.195,0,0.001,0.001,0.001,0.001,0,0.001,0,0.001,0,0,0.001,0,0,0.001,0,0,0.001,0,0,0.001,0,0.001,0,0.001,0,0,0.001,0,0,0,0,0,0.001,0,0,0,0,0.001,0.001,0.001,0.001,0,0.001,0.001,16.368,0.02
07:51.1,9811,-0.347,-0.433,0.644,0.527,0.444,0.607,-0.45,-0.481,0.695,0.648,0.291,-0.111,0.274,0.604,0.477,0.576,-0.204,-0.455,-0.726,-0.473,-0.515,0.279,0.805,0.09,0.391,0.527,0.657,0.874,1.137,0.85,0.46,0.067,0.411,0.775,0.777,0.598,0.369,0.46,0.468,0.437,0.013,0.309,0.904,0.766,0.372,0.066,0.038,0.444,0.752,0.001,0.001,0.299,0.272,0.078,0.004,0.004,0.386,0.563,0.001,0.034,0.002,0.526,0.69,0.078,0.282,0.112,0.07,0.065,0.001,-0.702,0.178,0.662,0.195,0,0.001,0.001,0.001,0.001,0,0.001,0,0.001,0,0,0.001,0,0,0.001,0,0,0.001,0,0,0.001,0,0.001,0,0.001,0,0,0.001,0,0,0,0,0,0.001,0,0,0,0,0.001,0.001,0.001,0.001,0,0.001,0.001,16.391,0.02
07:51.1,9812,-0.349,-0.432,0.646,0.524,0.443,0.607,-0.451,-0.482,0.694,0.652,0.284,-0.109,0.288,0.595,0.483,0.574,-0.205,-0.456,-0.726,-0.472,-0.52,0.271,0.806,0.086,0.385,0.519,0.652,0.864,1.136,0.855,0.459,0.067,0.408,0.774,0.775,0.596,0.365,0.46,0.469,0.437,0.013,0.316,0.904,0.766,0.377,0.073,0.033,0.444,0.753,0.001,0.001,0.299,0.276,0.081,0.004,0.004,0.389,0.559,0.001,0.031,0.002,0.529,0.69,0.073,0.297,0.111,0.07,0.072,0.001,-0.702,0.178,0.662,0.195,0,0.001,0.001,0.001,0.001,0,0.001,0,0.001,0,0,0.001,0,0,0.001,0,0,0.001,0,0,0.001,0,0.001,0,0.001,0,0,0.001,0,0,0,0,0,0.001,0,0,0,0,0.001,0.001,0.001,0.001,0,0.001,0.001,16.391,0.02
07:51.1,9813,-0.352,-0.431,0.647,0.521,0.442,0.606,-0.453,-0.482,0.693,0.657,0.277,-0.104,0.301,0.585,0.489,0.573,-0.206,-0.457,-0.725,-0.472,-0.524,0.264,0.806,0.082,0.369,0.512,0.646,0.86,1.126,0.844,0.457,0.071,0.405,0.766,0.77,0.592,0.365,0.471,0.465,0.438,0.016,0.319,0.908,0.767,0.379,0.074,0.035,0.446,0.752,0.001,0.001,0.306,0.283,0.084,0.004,0.004,0.396,0.559,0.001,0.031,0.002,0.535,0.692,0.081,0.306,0.114,0.07,0.079,0.001,-0.702,0.178,0.662,0.195,0,0.001,0.001,0.001,0.001,0,0.001,0,0.001,0,0,0.001,0,0,0.001,0,0,0.001,0,0,0.001,0,0.001,0,0.001,0,0,0.001,0,0,0,0,0,0.001,0,0,0,0,0.001,0.001,0.001,0.001,0,0.001,0.001,16.403,0.02
07:51.1,9814,-0.356,-0.431,0.648,0.517,0.441,0.605,-0.454,-0.482,0.692,0.662,0.271,-0.096,0.313,0.574,0.495,0.572,-0.208,-0.458,-0.724,-0.471,-0.528,0.256,0.806,0.077,0.354,0.501,0.64,0.847,1.123,0.834,0.448,0.073,0.398,0.763,0.767,0.589,0.363,0.476,0.463,0.436,0.015,0.321,0.906,0.767,0.386,0.078,0.037,0.453,0.752,0.001,0.001,0.309,0.287,0.087,0.004,0.004,0.397,0.556,0.001,0.029,0.002,0.545,0.698,0.095,0.315,0.118,0.07,0.09,0.001,-0.702,0.178,0.662,0.195,0,0.001,0.001,0.001,0.001,0,0.001,0,0.001,0,0,0.001,0,0,0.001,0,0,0.001,0,0,0.001,0,0.001,0,0.001,0,0,0.001,0,0,0,0,0,0.001,0,0,0,0,0.001,0.001,0.001,0.001,0,0.001,0.001,16.4,0.02
07:51.1,9815,-0.359,-0.431,0.648,0.515,0.441,0.605,-0.456,-0.482,0.69,0.667,0.266,-0.086,0.323,0.562,0.503,0.571,-0.21,-0.46,-0.723,-0.47,-0.532,0.25,0.806,0.073,0.341,0.486,0.623,0.834,1.115,0.827,0.438,0.076,0.377,0.756,0.763,0.584,0.365,0.475,0.459,0.436,0.016,0.319,0.905,0.77,0.397,0.085,0.043,0.453,0.75,0.001,0.009,0.313,0.295,0.09,0.004,0.004,0.408,0.562,0.001,0.034,0.002,0.557,0.707,0.126,0.326,0.122,0.068,0.11,0.001,-0.641,0.061,0.718,0.264,0,0.001,0,0,0.001,0,0,0,0,0.001,0,0,0.001,0,0.001,0,0.001,0,0.001,0.001,0.001,0.001,0,0,0,0,0,0,0.001,0.001,0,0,0.001,0.001,0,0,0,0,0,0,0.001,0,0,0,0,16.433,0.015
07:51.2,9816,-0.361,-0.431,0.649,0.513,0.442,0.604,-0.457,-0.48,0.687,0.673,0.262,-0.074,0.331,0.549,0.512,0.571,-0.211,-0.462,-0.722,-0.47,-0.535,0.243,0.806,0.069,0.303,0.474,0.591,0.819,1.103,0.806,0.431,0.076,0.349,0.742,0.762,0.579,0.369,0.471,0.453,0.435,0.013,0.324,0.901,0.775,0.402,0.081,0.046,0.457,0.748,0.001,0.012,0.319,0.303,0.1,0.004,0.004,0.415,0.563,0.001,0.037,0.002,0.573,0.714,0.153,0.352,0.132,0.076,0.128,0.001,-0.628,0.061,0.72,0.289,0,0,0,0.001,0.001,0,0,0,0,0,0,0.001,0.001,0,0,0,0.001,0,0,0.001,0,0.001,0,0.001,0,0,0,0.001,0,0,0.001,0.001,0.001,0.001,0.001,0.001,0,0,0.001,0,0,0.001,0,0.001,0,16.4,0.018
07:51.2,9817,-0.363,-0.43,0.648,0.512,0.442,0.604,-0.458,-0.479,0.684,0.679,0.259,-0.061,0.338,0.536,0.521,0.572,-0.212,-0.464,-0.721,-0.469,-0.535,0.243,0.806,0.069,0.303,0.474,0.591,0.819,1.103,0.806,0.431,0.076,0.349,0.742,0.762,0.579,0.369,0.471,0.453,0.435,0.013,0.324,0.901,0.775,0.402,0.081,0.046,0.457,0.748,0.001,0.012,0.319,0.303,0.1,0.004,0.004,0.415,0.563,0.001,0.037,0.002,0.573,0.714,0.153,0.352,0.132,0.076,0.128,0.001,-0.618,0.065,0.72,0.309,0,0.001,0.001,0.001,0.001,0.001,0,0,0,0.001,0.001,0,0.001,0,0.001,0.001,0,0,0.001,0,0.001,0.001,0.001,0,0,0,0.001,0.001,0,0,0.001,0,0.001,0.001,0,0,0.001,0.001,0.001,0,0,0,0,0,0.001,16.4,0.023
07:51.2,9818,-0.364,-0.43,0.648,0.512,0.443,0.605,-0.459,-0.477,0.68,0.685,0.256,-0.046,0.345,0.522,0.53,0.572,-0.214,-0.465,-0.72,-0.469,-0.535,0.243,0.806,0.069,0.303,0.474,0.591,0.819,1.103,0.806,0.431,0.076,0.349,0.742,0.762,0.579,0.369,0.471,0.453,0.435,0.013,0.324,0.901,0.775,0.402,0.081,0.046,0.457,0.748,0.001,0.012,0.319,0.303,0.1,0.004,0.004,0.415,0.563,0.001,0.037,0.002,0.573,0.714,0.153,0.352,0.132,0.076,0.128,0.001,-0.604,0.072,0.72,0.335,0,0.001,0,0.001,0.001,0.001,0,0.001,0,0,0.001,0.001,0,0.001,0,0,0.001,0,0.001,0,0.001,0.001,0.001,0.001,0,0.001,0,0,0,0.001,0.001,0,0,0,0,0.001,0.001,0,0,0,0,0.001,0.001,0,0,16.4,0.021
07:51.2,9819,-0.365,-0.429,0.648,0.513,0.443,0.605,-0.459,-0.476,0.675,0.691,0.255,-0.031,0.355,0.509,0.538,0.57,-0.215,-0.467,-0.718,-0.469,-0.535,0.243,0.806,0.069,0.303,0.474,0.591,0.819,1.103,0.806,0.431,0.076,0.349,0.742,0.762,0.579,0.369,0.471,0.453,0.435,0.013,0.324,0.901,0.775,0.402,0.081,0.046,0.457,0.748,0.001,0.012,0.319,0.303,0.1,0.004,0.004,0.415,0.563,0.001,0.037,0.002,0.573,0.714,0.153,0.352,0.132,0.076,0.128,0.001,-0.583,0.085,0.716,0.374,0,0.001,0.001,0.001,0,0,0.001,0.001,0.001,0,0.001,0.001,0,0.001,0,0,0,0,0.001,0.001,0,0.001,0,0,0,0,0,0,0,0,0,0.001,0,0,0.001,0,0.001,0,0,0.001,0.001,0.001,0,0,0.001,16.4,0.019
07:51.2,9820,-0.366,-0.427,0.648,0.514,0.442,0.606,-0.459,-0.476,0.669,0.698,0.256,-0.014,0.369,0.496,0.545,0.567,-0.217,-0.468,-0.717,-0.469,-0.535,0.243,0.806,0.069,0.303,0.474,0.591,0.819,1.103,0.806,0.431,0.076,0.349,0.742,0.762,0.579,0.369,0.471,0.453,0.435,0.013,0.324,0.901,0.775,0.402,0.081,0.046,0.457,0.748,0.001,0.012,0.319,0.303,0.1,0.004,0.004,0.415,0.563,0.001,0.037,0.002,0.573,0.714,0.153,0.352,0.132,0.076,0.128,0.001,-0.568,0.096,0.712,0.402,0,0,0.001,0,0.001,0.001,0,0.001,0,0,0,0.001,0,0,0.001,0,0.001,0,0,0,0,0.001,0.001,0.001,0,0.001,0,0.001,0.001,0.001,0,0.001,0,0.001,0.001,0,0,0.001,0.001,0,0.001,0.001,0,0.001,0,16.4,0.022
07:51.2,9821,-0.367,-0.424,0.647,0.517,0.44,0.608,-0.458,-0.477,0.661,0.705,0.257,0.004,0.387,0.481,0.552,0.56,-0.219,-0.469,-0.715,-0.47,-0.535,0.243,0.806,0.069,0.303,0.474,0.591,0.819,1.103,0.806,0.431,0.076,0.349,0.742,0.762,0.579,0.369,0.471,0.453,0.435,0.013,0.324,0.901,0.775,0.402,0.081,0.046,0.457,0.748,0.001,0.012,0.319,0.303,0.1,0.004,0.004,0.415,0.563,0.001,0.037,0.002,0.573,0.714,0.153,0.352,0.132,0.076,0.128,0.001,-0.568,0.096,0.712,0.402,0,0,0.001,0,0.001,0.001,0,0.001,0,0,0,0.001,0,0,0.001,0,0.001,0,0,0,0,0.001,0.001,0.001,0,0.001,0,0.001,0.001,0.001,0,0.001,0,0.001,0.001,0,0,0.001,0.001,0,0.001,0.001,0,0.001,0,16.4,0.022
07:51.2,9822,-0.367,-0.421,0.647,0.519,0.438,0.609,-0.456,-0.479,0.654,0.71,0.261,0.019,0.409,0.467,0.558,0.552,-0.221,-0.469,-0.714,-0.47,-0.535,0.243,0.806,0.069,0.303,0.474,0.591,0.819,1.103,0.806,0.431,0.076,0.349,0.742,0.762,0.579,0.369,0.471,0.453,0.435,0.013,0.324,0.901,0.775,0.402,0.081,0.046,0.457,0.748,0.001,0.012,0.319,0.303,0.1,0.004,0.004,0.415,0.563,0.001,0.037,0.002,0.573,0.714,0.153,0.352,0.132,0.076,0.128,0.001,-0.568,0.096,0.712,0.402,0,0,0.001,0,0.001,0.001,0,0.001,0,0,0,0.001,0,0,0.001,0,0.001,0,0,0,0,0.001,0.001,0.001,0,0.001,0,0.001,0.001,0.001,0,0.001,0,0.001,0.001,0,0,0.001,0.001,0,0.001,0.001,0,0.001,0,16.4,0.022
07:51.2,9823,-0.367,-0.418,0.647,0.522,0.434,0.611,-0.454,-0.482,0.648,0.713,0.266,0.03,0.432,0.453,0.56,0.542,-0.225,-0.469,-0.712,-0.471,-0.551,0.207,0.807,0.041,0.299,0.47,0.592,0.821,1.105,0.803,0.429,0.076,0.349,0.742,0.757,0.58,0.37,0.473,0.457,0.435,0.013,0.322,0.901,0.778,0.399,0.085,0.05,0.453,0.747,0.001,0.013,0.317,0.305,0.103,0.004,0.004,0.418,0.564,0.001,0.031,0.002,0.574,0.712,0.159,0.355,0.132,0.077,0.128,0.001,-0.568,0.096,0.712,0.402,0,0,0.001,0,0.001,0.001,0,0.001,0,0,0,0.001,0,0,0.001,0,0.001,0,0,0,0,0.001,0.001,0.001,0,0.001,0,0.001,0.001,0.001,0,0.001,0,0.001,0.001,0,0,0.001,0.001,0,0.001,0.001,0,0.001,0,16.407,0.022
07:51.2,9824,-0.366,-0.414,0.648,0.524,0.431,0.612,-0.452,-0.484,0.644,0.714,0.271,0.036,0.454,0.443,0.561,0.533,-0.229,-0.47,-0.71,-0.472,-0.55,0.196,0.811,0.032,0.017,0.276,0.426,0.564,0.894,0.67,0.371,0.088,0.033,0.643,0.637,0.49,0.372,0.519,0.433,0.419,0.002,0.161,0.862,0.796,0.446,0.1,0.076,0.462,0.733,0.048,0.079,0.302,0.333,0.162,0.004,0.004,0.481,0.621,0.078,0.068,0.002,0.663,0.758,0.69,0.573,0.177,0.099,0.344,0.001,-0.568,0.096,0.712,0.402,0,0,0.001,0,0.001,0.001,0,0.001,0,0,0,0.001,0,0,0.001,0,0.001,0,0,0,0,0.001,0.001,0.001,0,0.001,0,0.001,0.001,0.001,0,0.001,0,0.001,0.001,0,0,0.001,0.001,0,0.001,0.001,0,0.001,0,15.977,0.022
07:51.3,9825,-0.365,-0.41,0.648,0.527,0.428,0.614,-0.45,-0.487,0.644,0.713,0.276,0.039,0.473,0.435,0.559,0.524,-0.235,-0.471,-0.707,-0.472,-0.55,0.192,0.812,0.027,0.004,0.239,0.419,0.542,0.871,0.675,0.364,0.09,0.002,0.632,0.621,0.475,0.379,0.518,0.429,0.422,0.002,0.129,0.834,0.785,0.435,0.106,0.083,0.47,0.731,0.06,0.092,0.291,0.331,0.177,0.004,0.004,0.484,0.626,0.118,0.068,0.002,0.669,0.762,0.746,0.619,0.188,0.101,0.364,0.001,-0.568,0.096,0.712,0.402,0,0,0.001,0,0.001,0.001,0,0.001,0,0,0,0.001,0,0,0.001,0,0.001,0,0,0,0,0.001,0.001,0.001,0,0.001,0,0.001,0.001,0.001,0,0.001,0,0.001,0.001,0,0,0.001,0.001,0,0.001,0.001,0,0.001,0,15.964,0.022
07:51.3,9826,-0.364,-0.406,0.65,0.53,0.426,0.616,-0.448,-0.489,0.645,0.71,0.28,0.039,0.488,0.43,0.556,0.517,-0.241,-0.474,-0.703,-0.472,-0.55,0.189,0.813,0.024,0,0.195,0.409,0.521,0.868,0.678,0.354,0.098,0.002,0.604,0.604,0.451,0.371,0.534,0.433,0.422,0.002,0.084,0.814,0.755,0.437,0.118,0.087,0.476,0.726,0.083,0.117,0.269,0.328,0.179,0.002,0.004,0.491,0.639,0.164,0.072,0.002,0.67,0.762,0.828,0.668,0.197,0.104,0.376,0.001,-0.568,0.096,0.712,0.402,0,0,0.001,0,0.001,0.001,0,0.001,0,0,0,0.001,0,0,0.001,0,0.001,0,0,0,0,0.001,0.001,0.001,0,0.001,0,0.001,0.001,0.001,0,0.001,0,0.001,0.001,0,0,0.001,0.001,0,0.001,0.001,0,0.001,0,15.999,0.022
07:51.3,9827,-0.363,-0.402,0.651,0.532,0.423,0.617,-0.447,-0.49,0.648,0.707,0.281,0.036,0.498,0.428,0.553,0.512,-0.249,-0.478,-0.698,-0.472,-0.55,0.186,0.814,0.02,0,0.17,0.386,0.503,0.855,0.674,0.353,0.101,0.001,0.587,0.595,0.44,0.375,0.535,0.43,0.422,0.004,0.066,0.789,0.722,0.427,0.12,0.098,0.479,0.728,0.096,0.133,0.243,0.32,0.184,0.002,0.004,0.498,0.647,0.193,0.089,0.004,0.676,0.762,0.879,0.7,0.204,0.106,0.381,0.001,-0.456,0.155,0.589,0.648,0,0,0.001,0,0.001,0.001,0,0.001,0,0,0,0.001,0,0,0.001,0,0.001,0,0,0,0,0.001,0.001,0.001,0,0.001,0,0.001,0.001,0.001,0,0.001,0,0.001,0.001,0,0,0.001,0.001,0,0.001,0.001,0,0.001,0,15.982,0.022
07:51.3,9828,-0.362,-0.399,0.652,0.533,0.421,0.62,-0.445,-0.491,0.65,0.705,0.281,0.029,0.504,0.428,0.549,0.511,-0.257,-0.482,-0.691,-0.473,-0.55,0.181,0.815,0.015,0.001,0.106,0.369,0.47,0.844,0.678,0.349,0.1,0.001,0.538,0.595,0.413,0.368,0.532,0.433,0.424,0.004,0.024,0.766,0.684,0.425,0.112,0.111,0.484,0.728,0.116,0.16,0.217,0.291,0.175,0.002,0.004,0.499,0.658,0.22,0.105,0.004,0.676,0.762,0.937,0.717,0.212,0.104,0.377,0.012,-0.439,0.156,0.567,0.679,0,0,0,0,0,0.001,0,0,0,0.001,0,0,0,0.001,0,0,0,0.001,0,0,0,0.001,0.001,0.001,0,0,0.001,0,0.001,0.001,0,0.001,0,0,0,0,0,0,0,0.001,0.001,0.001,0.001,0,0.001,15.807,0.016
07:51.3,9829,-0.362,-0.395,0.654,0.534,0.418,0.622,-0.443,-0.492,0.651,0.706,0.277,0.02,0.506,0.429,0.547,0.512,-0.264,-0.485,-0.685,-0.476,-0.55,0.176,0.816,0.011,0,0.056,0.348,0.466,0.846,0.686,0.352,0.1,0.001,0.479,0.585,0.397,0.365,0.535,0.427,0.43,0.005,0.001,0.718,0.653,0.381,0.105,0.12,0.496,0.731,0.118,0.179,0.194,0.278,0.162,0.002,0.004,0.509,0.659,0.245,0.112,0.004,0.676,0.761,1.002,0.769,0.214,0.11,0.374,0.017,-0.415,0.153,0.538,0.717,0.001,0.001,0,0.001,0,0.001,0.001,0.001,0,0,0.001,0.001,0,0.001,0,0,0,0.001,0,0,0.001,0,0,0,0.001,0.001,0.001,0.001,0,0,0,0,0,0,0,0,0.001,0,0,0,0,0.001,0,0,0.001,15.672,0.018
07:51.3,9830,-0.362,-0.391,0.655,0.535,0.414,0.625,-0.44,-0.494,0.651,0.709,0.271,0.009,0.504,0.429,0.545,0.515,-0.27,-0.487,-0.679,-0.478,-0.549,0.169,0.819,0.007,0.001,0.029,0.341,0.444,0.856,0.691,0.349,0.103,0.001,0.398,0.569,0.38,0.349,0.532,0.436,0.435,0.005,0.001,0.667,0.613,0.347,0.087,0.126,0.497,0.737,0.14,0.197,0.158,0.26,0.147,0.002,0.004,0.508,0.659,0.26,0.123,0.004,0.676,0.756,1.042,0.786,0.214,0.112,0.369,0.024,-0.399,0.151,0.519,0.74,0.001,0,0.001,0.001,0,0.001,0.001,0.001,0,0.001,0.001,0.001,0,0.001,0,0,0,0,0,0,0,0,0,0,0,0,0.001,0,0.001,0.001,0,0.001,0,0.001,0.001,0,0,0.001,0,0.001,0,0.001,0.001,0.001,0,15.435,0.021
07:51.3,9831,-0.362,-0.388,0.656,0.536,0.409,0.628,-0.437,-0.497,0.65,0.713,0.262,-0.004,0.501,0.43,0.543,0.519,-0.276,-0.489,-0.673,-0.481,-0.547,0.162,0.821,0.003,0.001,0.013,0.297,0.446,0.844,0.703,0.349,0.099,0.001,0.322,0.568,0.366,0.328,0.52,0.441,0.437,0.011,0.001,0.585,0.586,0.325,0.076,0.125,0.502,0.745,0.154,0.212,0.087,0.23,0.117,0.002,0.004,0.509,0.663,0.28,0.138,0.004,0.675,0.751,1.06,0.814,0.215,0.117,0.371,0.026,-0.376,0.148,0.491,0.771,0.001,0.001,0.001,0,0,0.001,0,0,0,0.001,0,0,0,0.001,0,0,0.001,0,0,0.001,0,0,0,0.001,0,0,0,0.001,0,0.001,0.001,0,0.001,0.001,0,0.001,0,0.001,0,0,0,0,0.001,0.001,0.001,15.12,0.019
07:51.3,9832,-0.362,-0.384,0.657,0.538,0.403,0.631,-0.434,-0.501,0.649,0.718,0.252,-0.016,0.496,0.43,0.543,0.523,-0.28,-0.491,-0.668,-0.484,-0.544,0.152,0.825,0,0.001,0.009,0.264,0.415,0.845,0.705,0.344,0.103,0.001,0.238,0.519,0.368,0.303,0.513,0.451,0.438,0.018,0.001,0.502,0.56,0.265,0.068,0.114,0.505,0.746,0.167,0.226,0.048,0.171,0.088,0.002,0.004,0.51,0.664,0.322,0.137,0.004,0.678,0.755,1.07,0.862,0.216,0.121,0.372,0.045,-0.376,0.148,0.491,0.771,0.001,0.001,0.001,0,0,0.001,0,0,0,0.001,0,0,0,0.001,0,0,0.001,0,0,0.001,0,0,0,0.001,0,0,0,0.001,0,0.001,0.001,0,0.001,0.001,0,0.001,0,0.001,0,0,0,0,0.001,0.001,0.001,14.758,0.019
07:51.3,9833,-0.361,-0.382,0.658,0.54,0.397,0.634,-0.43,-0.504,0.649,0.72,0.242,-0.028,0.492,0.429,0.544,0.528,-0.283,-0.492,-0.664,-0.487,-0.542,0.147,0.828,0.001,0.001,0.004,0.222,0.399,0.83,0.697,0.341,0.103,0.001,0.186,0.503,0.33,0.283,0.514,0.454,0.44,0.032,0.001,0.438,0.534,0.221,0.07,0.105,0.51,0.746,0.181,0.225,0.012,0.139,0.061,0.002,0.004,0.512,0.664,0.332,0.161,0.004,0.679,0.756,1.095,0.886,0.217,0.128,0.372,0.081,-0.376,0.148,0.491,0.771,0.001,0.001,0.001,0,0,0.001,0,0,0,0.001,0,0,0,0.001,0,0,0.001,0,0,0.001,0,0,0,0.001,0,0,0,0.001,0,0.001,0.001,0,0.001,0.001,0,0.001,0,0.001,0,0,0,0,0.001,0.001,0.001,14.476,0.019
07:51.3,9834,-0.358,-0.379,0.658,0.543,0.391,0.638,-0.427,-0.508,0.651,0.721,0.234,-0.038,0.488,0.427,0.545,0.531,-0.285,-0.493,-0.661,-0.489,-0.54,0.142,0.83,0,0.001,0.002,0.148,0.317,0.822,0.673,0.343,0.106,0.001,0.16,0.47,0.331,0.275,0.513,0.449,0.441,0.034,0.001,0.374,0.491,0.193,0.051,0.101,0.515,0.741,0.194,0.247,0.001,0.1,0.051,0.002,0.002,0.512,0.667,0.33,0.154,0.004,0.683,0.756,1.134,0.927,0.22,0.134,0.379,0.151,-0.376,0.148,0.491,0.771,0.001,0.001,0.001,0,0,0.001,0,0,0,0.001,0,0,0,0.001,0,0,0.001,0,0,0.001,0,0,0,0.001,0,0,0,0.001,0,0.001,0.001,0,0.001,0.001,0,0.001,0,0.001,0,0,0,0,0.001,0.001,0.001,14.201,0.019
07:51.4,9835,-0.355,-0.377,0.659,0.545,0.384,0.641,-0.424,-0.511,0.654,0.72,0.228,-0.047,0.487,0.425,0.546,0.533,-0.286,-0.494,-0.659,-0.49,-0.539,0.14,0.831,-0.001,0.001,0.001,0.098,0.23,0.767,0.676,0.346,0.104,0.001,0.125,0.454,0.284,0.27,0.501,0.443,0.44,0.04,0.001,0.317,0.451,0.171,0.046,0.083,0.519,0.744,0.201,0.261,0.001,0.071,0.021,0.002,0.004,0.514,0.668,0.328,0.179,0.004,0.69,0.761,1.15,0.958,0.223,0.14,0.382,0.188,-0.376,0.148,0.491,0.771,0.001,0.001,0.001,0,0,0.001,0,0,0,0.001,0,0,0,0.001,0,0,0.001,0,0,0.001,0,0,0,0.001,0,0,0,0.001,0,0.001,0.001,0,0.001,0.001,0,0.001,0,0.001,0,0,0,0,0.001,0.001,0.001,13.859,0.019
07:51.4,9836,-0.351,-0.376,0.66,0.548,0.377,0.645,-0.421,-0.515,0.657,0.718,0.223,-0.055,0.485,0.424,0.547,0.535,-0.286,-0.494,-0.658,-0.491,-0.539,0.14,0.831,-0.001,0.001,0.001,0.098,0.23,0.767,0.676,0.346,0.104,0.001,0.125,0.454,0.284,0.27,0.501,0.443,0.44,0.04,0.001,0.317,0.451,0.171,0.046,0.083,0.519,0.744,0.201,0.261,0.001,0.071,0.021,0.002,0.004,0.514,0.668,0.328,0.179,0.004,0.69,0.761,1.15,0.958,0.223,0.14,0.382,0.188,-0.376,0.148,0.491,0.771,0.001,0.001,0.001,0,0,0.001,0,0,0,0.001,0,0,0,0.001,0,0,0.001,0,0,0.001,0,0,0,0.001,0,0,0,0.001,0,0.001,0.001,0,0.001,0.001,0,0.001,0,0.001,0,0,0,0,0.001,0.001,0.001,13.859,0.019
07:51.4,9837,-0.348,-0.374,0.661,0.549,0.37,0.648,-0.417,-0.519,0.661,0.714,0.221,-0.062,0.484,0.423,0.548,0.535,-0.285,-0.495,-0.657,-0.492,-0.539,0.14,0.831,-0.001,0.001,0.001,0.098,0.23,0.767,0.676,0.346,0.104,0.001,0.125,0.454,0.284,0.27,0.501,0.443,0.44,0.04,0.001,0.317,0.451,0.171,0.046,0.083,0.519,0.744,0.201,0.261,0.001,0.071,0.021,0.002,0.004,0.514,0.668,0.328,0.179,0.004,0.69,0.761,1.15,0.958,0.223,0.14,0.382,0.188,-0.376,0.148,0.491,0.771,0.001,0.001,0.001,0,0,0.001,0,0,0,0.001,0,0,0,0.001,0,0,0.001,0,0,0.001,0,0,0,0.001,0,0,0,0.001,0,0.001,0.001,0,0.001,0.001,0,0.001,0,0.001,0,0,0,0,0.001,0.001,0.001,13.859,0.019
07:51.4,9838,-0.344,-0.373,0.663,0.55,0.363,0.651,-0.413,-0.523,0.665,0.711,0.219,-0.069,0.482,0.424,0.548,0.536,-0.284,-0.495,-0.656,-0.493,-0.539,0.14,0.831,-0.001,0.001,0.001,0.098,0.23,0.767,0.676,0.346,0.104,0.001,0.125,0.454,0.284,0.27,0.501,0.443,0.44,0.04,0.001,0.317,0.451,0.171,0.046,0.083,0.519,0.744,0.201,0.261,0.001,0.071,0.021,0.002,0.004,0.514,0.668,0.328,0.179,0.004,0.69,0.761,1.15,0.958,0.223,0.14,0.382,0.188,-0.285,0.162,0.347,0.879,0,0,0.001,0,0.001,0.001,0,0.001,0,0.001,0.001,0,0,0.001,0.001,0,0.001,0,0,0,0.001,0,0,0,0.001,0,0,0,0,0,0,0.001,0,0,0,0.001,0.001,0.001,0.001,0.001,0,0,0,0.001,0,13.859,0.018
07:51.4,9839,-0.341,-0.372,0.665,0.55,0.356,0.653,-0.41,-0.527,0.669,0.708,0.215,-0.073,0.481,0.426,0.547,0.537,-0.281,-0.496,-0.657,-0.494,-0.539,0.14,0.831,-0.001,0.001,0.001,0.098,0.23,0.767,0.676,0.346,0.104,0.001,0.125,0.454,0.284,0.27,0.501,0.443,0.44,0.04,0.001,0.317,0.451,0.171,0.046,0.083,0.519,0.744,0.201,0.261,0.001,0.071,0.021,0.002,0.004,0.514,0.668,0.328,0.179,0.004,0.69,0.761,1.15,0.958,0.223,0.14,0.382,0.188,-0.276,0.168,0.33,0.887,0.001,0,0.001,0.001,0.001,0,0,0,0.001,0.001,0,0.001,0.001,0.001,0,0,0,0,0.001,0,0,0,0,0,0.001,0,0,0.001,0.001,0.001,0.001,0,0,0,0,0,0,0.001,0.001,0,0,0,0.001,0,0.001,13.859,0.019
07:51.4,9840,-0.339,-0.371,0.666,0.551,0.351,0.656,-0.407,-0.531,0.672,0.706,0.211,-0.075,0.479,0.43,0.545,0.537,-0.28,-0.497,-0.656,-0.493,-0.539,0.14,0.831,-0.001,0.001,0.001,0.098,0.23,0.767,0.676,0.346,0.104,0.001,0.125,0.454,0.284,0.27,0.501,0.443,0.44,0.04,0.001,0.317,0.451,0.171,0.046,0.083,0.519,0.744,0.201,0.261,0.001,0.071,0.021,0.002,0.004,0.514,0.668,0.328,0.179,0.004,0.69,0.761,1.15,0.958,0.223,0.14,0.382,0.188,-0.263,0.176,0.309,0.897,0.001,0.001,0.001,0.001,0,0.001,0.001,0.001,0,0,0.005,0.001,0,0,0,0.001,0,0,0.001,0.001,0,0.001,0,0.001,0,0.001,0,0.001,0.001,0.001,0,0,0.001,0,0,0,0.001,0.001,0.001,0,0.001,0,0.001,0,0.001,13.859,0.029
07:51.4,9841,-0.338,-0.37,0.667,0.551,0.345,0.658,-0.403,-0.534,0.674,0.705,0.207,-0.075,0.478,0.434,0.542,0.538,-0.28,-0.499,-0.656,-0.492,-0.539,0.14,0.831,-0.001,0.001,0.001,0.098,0.23,0.767,0.676,0.346,0.104,0.001,0.125,0.454,0.284,0.27,0.501,0.443,0.44,0.04,0.001,0.317,0.451,0.171,0.046,0.083,0.519,0.744,0.201,0.261,0.001,0.071,0.021,0.002,0.004,0.514,0.668,0.328,0.179,0.004,0.69,0.761,1.15,0.958,0.223,0.14,0.382,0.188,-0.263,0.176,0.309,0.897,0.001,0.001,0.001,0.001,0,0.001,0.001,0.001,0,0,0.005,0.001,0,0,0,0.001,0,0,0.001,0.001,0,0.001,0,0.001,0,0.001,0,0.001,0.001,0.001,0,0,0.001,0,0,0,0.001,0.001,0.001,0,0.001,0,0.001,0,0.001,13.859,0.029
07:51.4,9842,-0.337,-0.369,0.668,0.552,0.34,0.66,-0.4,-0.538,0.674,0.707,0.202,-0.071,0.476,0.44,0.539,0.538,-0.28,-0.5,-0.655,-0.492,-0.539,0.14,0.831,-0.001,0.001,0.001,0.098,0.23,0.767,0.676,0.346,0.104,0.001,0.125,0.454,0.284,0.27,0.501,0.443,0.44,0.04,0.001,0.317,0.451,0.171,0.046,0.083,0.519,0.744,0.201,0.261,0.001,0.071,0.021,0.002,0.004,0.514,0.668,0.328,0.179,0.004,0.69,0.761,1.15,0.958,0.223,0.14,0.382,0.188,-0.263,0.176,0.309,0.897,0.001,0.001,0.001,0.001,0,0.001,0.001,0.001,0,0,0.005,0.001,0,0,0,0.001,0,0,0.001,0.001,0,0.001,0,0.001,0,0.001,0,0.001,0.001,0.001,0,0,0.001,0,0,0,0.001,0.001,0.001,0,0.001,0,0.001,0,0.001,13.859,0.029
07:51.4,9843,-0.337,-0.367,0.668,0.553,0.335,0.661,-0.397,-0.542,0.674,0.71,0.196,-0.065,0.474,0.445,0.537,0.538,-0.28,-0.5,-0.655,-0.492,-0.539,0.14,0.831,-0.001,0.001,0.001,0.098,0.23,0.767,0.676,0.346,0.104,0.001,0.125,0.454,0.284,0.27,0.501,0.443,0.44,0.04,0.001,0.317,0.451,0.171,0.046,0.083,0.519,0.744,0.201,0.261,0.001,0.071,0.021,0.002,0.004,0.514,0.668,0.328,0.179,0.004,0.69,0.761,1.15,0.958,0.223,0.14,0.382,0.188,-0.263,0.176,0.309,0.897,0.001,0.001,0.001,0.001,0,0.001,0.001,0.001,0,0,0.005,0.001,0,0,0,0.001,0,0,0.001,0.001,0,0.001,0,0.001,0,0.001,0,0.001,0.001,0.001,0,0,0.001,0,0,0,0.001,0.001,0.001,0,0.001,0,0.001,0,0.001,13.859,0.029
07:51.4,9844,-0.337,-0.364,0.668,0.555,0.331,0.662,-0.393,-0.545,0.674,0.712,0.189,-0.056,0.472,0.446,0.54,0.535,-0.28,-0.5,-0.654,-0.493,-0.539,0.14,0.831,-0.001,0.001,0.001,0.098,0.23,0.767,0.676,0.346,0.104,0.001,0.125,0.454,0.284,0.27,0.501,0.443,0.44,0.04,0.001,0.317,0.451,0.171,0.046,0.083,0.519,0.744,0.201,0.261,0.001,0.071,0.021,0.002,0.004,0.514,0.668,0.328,0.179,0.004,0.69,0.761,1.15,0.958,0.223,0.14,0.382,0.188,-0.263,0.176,0.309,0.897,0.001,0.001,0.001,0.001,0,0.001,0.001,0.001,0,0,0.005,0.001,0,0,0,0.001,0,0,0.001,0.001,0,0.001,0,0.001,0,0.001,0,0.001,0.001,0.001,0,0,0.001,0,0,0,0.001,0.001,0.001,0,0.001,0,0.001,0,0.001,13.859,0.029
07:51.4,9845,-0.337,-0.36,0.669,0.556,0.327,0.663,-0.39,-0.549,0.674,0.714,0.182,-0.044,0.471,0.435,0.551,0.534,-0.28,-0.501,-0.654,-0.493,-0.539,0.14,0.831,-0.001,0.001,0.001,0.098,0.23,0.767,0.676,0.346,0.104,0.001,0.125,0.454,0.284,0.27,0.501,0.443,0.44,0.04,0.001,0.317,0.451,0.171,0.046,0.083,0.519,0.744,0.201,0.261,0.001,0.071,0.021,0.002,0.004,0.514,0.668,0.328,0.179,0.004,0.69,0.761,1.15,0.958,0.223,0.14,0.382,0.188,-0.263,0.176,0.309,0.897,0.001,0.001,0.001,0.001,0,0.001,0.001,0.001,0,0,0.005,0.001,0,0,0,0.001,0,0,0.001,0.001,0,0.001,0,0.001,0,0.001,0,0.001,0.001,0.001,0,0,0.001,0,0,0,0.001,0.001,0.001,0,0.001,0,0.001,0,0.001,13.859,0.029
07:51.5,9846,-0.339,-0.356,0.67,0.557,0.323,0.664,-0.386,-0.553,0.676,0.714,0.18,-0.032,0.473,0.419,0.559,0.536,-0.279,-0.503,-0.654,-0.492,-0.531,0.132,0.837,0,0.001,0.001,0.001,0.001,0.516,0.626,0.324,0.104,0,0.001,0.127,0.043,0.136,0.404,0.451,0.432,0.059,0.001,0.072,0.151,0.001,0.001,0.055,0.499,0.736,0.195,0.266,0,0.001,0.001,0.001,0.002,0.518,0.661,0.398,0.287,0.004,0.716,0.773,1.193,1.06,0.236,0.178,0.387,0.371,-0.263,0.176,0.309,0.897,0.001,0.001,0.001,0.001,0,0.001,0.001,0.001,0,0,0.005,0.001,0,0,0,0.001,0,0,0.001,0.001,0,0.001,0,0.001,0,0.001,0,0.001,0.001,0.001,0,0,0.001,0,0,0,0.001,0.001,0.001,0,0.001,0,0.001,0,0.001,11.991,0.029
07:51.5,9847,-0.342,-0.352,0.67,0.557,0.32,0.665,-0.382,-0.556,0.675,0.713,0.187,-0.022,0.481,0.417,0.555,0.535,-0.274,-0.505,-0.655,-0.491,-0.532,0.137,0.836,-0.001,0.001,0.001,0.001,0.001,0.077,0.123,0.252,0.084,0.001,0.001,0.02,0.002,0.022,0.001,0.359,0.389,0.101,0.001,0.001,0.001,0.001,0.001,0.001,0.379,0.686,0.183,0.293,0.001,0.001,0.001,0.001,0.001,0.376,0.67,0.397,0.289,0.001,0.708,0.839,1.193,1.144,0.284,0.214,0.458,0.585,-0.382,0.262,0.333,0.821,1.062,0.853,0.503,0.045,0.099,0,0.1,0.001,0.946,0.869,0.808,0.022,0.001,0.001,0.029,0.073,0,0.619,0.805,0.538,0,0.001,0.001,0,0.016,0.001,0.001,0.181,0.002,0,0,0.001,0.001,0,0.001,0,0,0,0,0,0,0.001,0,0,0,10.146,7.581
07:51.5,9848,-0.346,-0.348,0.67,0.557,0.316,0.666,-0.378,-0.56,0.673,0.712,0.2,-0.02,0.49,0.424,0.547,0.53,-0.27,-0.507,-0.656,-0.49,-0.532,0.137,0.836,-0.001,0.001,0.001,0.001,0.001,0.077,0.123,0.252,0.084,0.001,0.001,0.02,0.002,0.022,0.001,0.359,0.389,0.101,0.001,0.001,0.001,0.001,0.001,0.001,0.379,0.686,0.183,0.293,0.001,0.001,0.001,0.001,0.001,0.376,0.67,0.397,0.289,0.001,0.708,0.839,1.193,1.144,0.284,0.214,0.458,0.585,-0.379,0.281,0.31,0.825,1.081,0.866,0.608,0.162,0.21,0,0.093,0.001,0.929,0.863,0.802,0.096,0.001,0.001,0.038,0.067,0.001,0.573,0.813,0.598,0.001,0.001,0,0,0.016,0.001,0,0.171,0.002,0.001,0.001,0,0.001,0,0.001,0,0,0.001,0.001,0,0,0.001,0,0,0,10.146,8.002
07:51.5,9849,-0.352,-0.343,0.669,0.557,0.311,0.667,-0.374,-0.565,0.672,0.709,0.213,-0.029,0.494,0.432,0.54,0.526,-0.265,-0.508,-0.656,-0.491,-0.532,0.137,0.836,-0.001,0.001,0.001,0.001,0.001,0.077,0.123,0.252,0.084,0.001,0.001,0.02,0.002,0.022,0.001,0.359,0.389,0.101,0.001,0.001,0.001,0.001,0.001,0.001,0.379,0.686,0.183,0.293,0.001,0.001,0.001,0.001,0.001,0.376,0.67,0.397,0.289,0.001,0.708,0.839,1.193,1.144,0.284,0.214,0.458,0.585,-0.38,0.291,0.314,0.82,1.079,0.864,0.686,0.37,0.455,0.068,0.122,0,0.906,0.861,0.817,0.201,0.015,0,0.044,0.059,0,0.531,0.819,0.609,0.002,0.001,0.001,0,0.012,0.001,0,0.155,0.002,0,0,0.001,0.001,0,0,0,0.001,0.001,0,0.001,0,0.001,0,0,0.001,10.146,8.687
07:51.5,9850,-0.359,-0.337,0.668,0.558,0.306,0.666,-0.37,-0.571,0.673,0.705,0.221,-0.046,0.493,0.441,0.537,0.524,-0.261,-0.509,-0.657,-0.491,-0.532,0.137,0.836,-0.001,0.001,0.001,0.001,0.001,0.077,0.123,0.252,0.084,0.001,0.001,0.02,0.002,0.022,0.001,0.359,0.389,0.101,0.001,0.001,0.001,0.001,0.001,0.001,0.379,0.686,0.183,0.293,0.001,0.001,0.001,0.001,0.001,0.376,0.67,0.397,0.289,0.001,0.708,0.839,1.193,1.144,0.284,0.214,0.458,0.585,-0.379,0.307,0.314,0.815,1.076,0.86,0.723,0.457,0.689,0.269,0.217,0.001,0.868,0.863,0.825,0.3,0.031,0.001,0.059,0.071,0,0.513,0.818,0.628,0.005,0.002,0.001,0.001,0.015,0.001,0,0.158,0.006,0.001,0.001,0.001,0,0.001,0,0,0,0,0,0,0.005,0,0,0.001,0,10.146,9.468
07:51.5,9851,-0.367,-0.33,0.666,0.558,0.3,0.664,-0.366,-0.578,0.675,0.7,0.223,-0.064,0.487,0.45,0.535,0.524,-0.257,-0.51,-0.658,-0.492,-0.532,0.137,0.836,-0.001,0.001,0.001,0.001,0.001,0.077,0.123,0.252,0.084,0.001,0.001,0.02,0.002,0.022,0.001,0.359,0.389,0.101,0.001,0.001,0.001,0.001,0.001,0.001,0.379,0.686,0.183,0.293,0.001,0.001,0.001,0.001,0.001,0.376,0.67,0.397,0.289,0.001,0.708,0.839,1.193,1.144,0.284,0.214,0.458,0.585,-0.407,0.311,0.335,0.791,1.083,0.847,0.752,0.545,0.828,0.508,0.324,0.001,0.811,0.857,0.842,0.391,0.053,0.001,0.078,0.081,0.001,0.504,0.828,0.65,0.006,0.002,0.001,0.001,0.015,0,0,0.173,0.021,0.001,0,0,0.001,0,0,0,0,0,0.001,0,0.016,0,0,0.001,0,10.146,10.224
07:51.5,9852,-0.376,-0.323,0.664,0.56,0.296,0.661,-0.363,-0.586,0.676,0.699,0.22,-0.079,0.48,0.461,0.532,0.523,-0.254,-0.508,-0.659,-0.493,-0.532,0.137,0.836,-0.001,0.001,0.001,0.001,0.001,0.077,0.123,0.252,0.084,0.001,0.001,0.02,0.002,0.022,0.001,0.359,0.389,0.101,0.001,0.001,0.001,0.001,0.001,0.001,0.379,0.686,0.183,0.293,0.001,0.001,0.001,0.001,0.001,0.376,0.67,0.397,0.289,0.001,0.708,0.839,1.193,1.144,0.284,0.214,0.458,0.585,-0.422,0.31,0.342,0.78,1.054,0.828,0.789,0.658,0.977,0.708,0.529,0.001,0.791,0.852,0.841,0.487,0.073,0.02,0.123,0.096,0,0.525,0.844,0.658,0.01,0.004,0.002,0.002,0.012,0,0,0.198,0.049,0.001,0.001,0.001,0,0,0,0.001,0,0,0.001,0,0.021,0.001,0,0,0.001,10.146,11.159
07:51.5,9853,-0.385,-0.315,0.66,0.562,0.292,0.657,-0.361,-0.594,0.675,0.702,0.21,-0.084,0.474,0.475,0.528,0.52,-0.253,-0.505,-0.661,-0.493,-0.538,0.269,0.799,-0.017,0.001,0.001,0.001,0.001,0.077,0.123,0.252,0.084,0.001,0.001,0.02,0.002,0.022,0.001,0.359,0.389,0.101,0.001,0.001,0.001,0.001,0.001,0.001,0.379,0.686,0.183,0.293,0.001,0.001,0.001,0.001,0.001,0.376,0.67,0.397,0.289,0.001,0.708,0.839,1.193,1.144,0.284,0.214,0.458,0.585,-0.447,0.303,0.356,0.763,1.037,0.805,0.792,0.734,1.05,0.797,0.728,0.001,0.784,0.835,0.852,0.551,0.139,0.07,0.212,0.104,0,0.541,0.852,0.68,0.044,0.007,0.002,0.005,0.009,0.001,0.001,0.243,0.089,0.001,0.001,0.001,0.001,0,0.001,0.001,0.001,0,0,0.001,0.02,0,0,0.001,0,10.146,11.994
07:51.5,9854,-0.394,-0.306,0.657,0.565,0.288,0.653,-0.359,-0.602,0.672,0.71,0.198,-0.074,0.47,0.488,0.526,0.513,-0.255,-0.503,-0.663,-0.493,-0.537,0.298,0.789,-0.019,0.001,0.001,0.001,0.001,0.043,0.001,0.057,0.001,0.001,0.001,0.002,0.001,0.001,0.001,0.154,0.255,0.104,0.001,0.001,0.001,0.001,0.001,0.009,0.109,0.352,0.029,0.234,0.001,0.001,0.001,0.001,0.009,0.217,0.369,0.245,0.181,0.001,0.631,0.766,0.945,0.922,0.328,0.2,0.407,0.591,-0.466,0.293,0.37,0.749,1.024,0.791,0.792,0.816,1.106,0.916,0.882,0.001,0.759,0.814,0.845,0.602,0.231,0.151,0.382,0.103,0.001,0.562,0.858,0.697,0.115,0.009,0.006,0.012,0,0.002,0.001,0.278,0.147,0.002,0.001,0.001,0.006,0,0,0.001,0,0,0,0.001,0.018,0.001,0,0.001,0,7.18,12.935
07:51.5,9855,-0.403,-0.298,0.653,0.569,0.284,0.648,-0.358,-0.61,0.668,0.718,0.187,-0.057,0.466,0.501,0.525,0.505,-0.257,-0.5,-0.665,-0.492,-0.536,0.342,0.771,-0.024,0.001,0.001,0.001,0.001,0.042,0.001,0.057,0.001,0.001,0.001,0.001,0.001,0.001,0.001,0.134,0.239,0.109,0.001,0.001,0.001,0.001,0.001,0.018,0.109,0.369,0.023,0.249,0.001,0.001,0.001,0.001,0.001,0.23,0.311,0.138,0.203,0.001,0.589,0.562,0.708,0.847,0.222,0.184,0.261,0.559,-0.487,0.278,0.393,0.729,1.005,0.781,0.785,0.869,1.149,0.943,0.916,0.002,0.747,0.797,0.833,0.672,0.3,0.231,0.422,0.144,0,0.571,0.867,0.718,0.149,0.024,0.009,0.078,0.039,0,0,0.303,0.193,0.009,0.002,0.001,0.01,0,0,0,0,0.001,0.001,0.001,0.037,0.001,0,0.001,0,6.186,13.611
07:51.6,9856,-0.411,-0.29,0.648,0.571,0.282,0.643,-0.356,-0.616,0.662,0.727,0.179,-0.041,0.461,0.512,0.525,0.5,-0.261,-0.497,-0.667,-0.49,-0.538,0.372,0.756,-0.029,0.001,0.001,0.001,0.001,0.028,0.001,0.059,0.001,0.001,0.001,0.001,0.001,0.001,0.001,0.137,0.205,0.073,0.001,0.001,0.001,0.001,0.001,0.053,0.079,0.354,0.001,0.198,0.001,0.001,0.001,0.001,0.001,0.181,0.283,0.056,0.192,0.001,0.459,0.391,0.36,0.886,0.056,0.154,0.123,0.549,-0.505,0.266,0.407,0.713,0.989,0.777,0.783,0.884,1.186,0.956,0.934,0.013,0.722,0.777,0.814,0.737,0.36,0.317,0.473,0.274,0,0.582,0.863,0.734,0.197,0.061,0.042,0.151,0.184,0,0.001,0.327,0.242,0.06,0.004,0.002,0.077,0.001,0,0,0,0.017,0.042,0,0.089,0,0.001,0.001,0.001,4.9,14.675
07:51.6,9857,-0.419,-0.283,0.644,0.574,0.281,0.641,-0.355,-0.62,0.657,0.733,0.175,-0.031,0.453,0.52,0.525,0.499,-0.265,-0.495,-0.668,-0.488,-0.538,0.372,0.756,-0.029,0.001,0.001,0.001,0.001,0.028,0.001,0.059,0.001,0.001,0.001,0.001,0.001,0.001,0.001,0.137,0.205,0.073,0.001,0.001,0.001,0.001,0.001,0.053,0.079,0.354,0.001,0.198,0.001,0.001,0.001,0.001,0.001,0.181,0.283,0.056,0.192,0.001,0.459,0.391,0.36,0.886,0.056,0.154,0.123,0.549,-0.522,0.254,0.421,0.697,0.972,0.766,0.779,0.906,1.203,0.994,0.922,0.04,0.711,0.764,0.801,0.764,0.411,0.365,0.509,0.342,0,0.587,0.866,0.745,0.243,0.109,0.038,0.183,0.399,0.001,0,0.35,0.27,0.079,0.011,0.004,0.123,0.1,0,0,0.001,0.054,0.211,0,0.188,0.001,0,0.001,0,4.9,15.813
07:51.6,9858,-0.426,-0.278,0.64,0.575,0.28,0.641,-0.355,-0.62,0.653,0.737,0.172,-0.026,0.443,0.526,0.525,0.502,-0.271,-0.494,-0.669,-0.485,-0.538,0.372,0.756,-0.029,0.001,0.001,0.001,0.001,0.028,0.001,0.059,0.001,0.001,0.001,0.001,0.001,0.001,0.001,0.137,0.205,0.073,0.001,0.001,0.001,0.001,0.001,0.053,0.079,0.354,0.001,0.198,0.001,0.001,0.001,0.001,0.001,0.181,0.283,0.056,0.192,0.001,0.459,0.391,0.36,0.886,0.056,0.154,0.123,0.549,-0.541,0.24,0.437,0.677,0.963,0.761,0.78,0.924,1.209,1.043,0.902,0.079,0.694,0.758,0.792,0.773,0.463,0.41,0.515,0.38,0.001,0.589,0.866,0.75,0.276,0.15,0.02,0.201,0.501,0.004,0,0.358,0.281,0.106,0.016,0.004,0.15,0.198,0.001,0.001,0.001,0.093,0.324,0.001,0.31,0.009,0.001,0.001,0.001,4.9,16.66
07:51.6,9859,-0.431,-0.276,0.636,0.577,0.276,0.646,-0.352,-0.619,0.651,0.74,0.169,-0.028,0.43,0.53,0.523,0.511,-0.277,-0.494,-0.669,-0.481,-0.538,0.372,0.756,-0.029,0.001,0.001,0.001,0.001,0.028,0.001,0.059,0.001,0.001,0.001,0.001,0.001,0.001,0.001,0.137,0.205,0.073,0.001,0.001,0.001,0.001,0.001,0.053,0.079,0.354,0.001,0.198,0.001,0.001,0.001,0.001,0.001,0.181,0.283,0.056,0.192,0.001,0.459,0.391,0.36,0.886,0.056,0.154,0.123,0.549,-0.541,0.24,0.437,0.677,0.963,0.761,0.78,0.924,1.209,1.043,0.902,0.079,0.694,0.758,0.792,0.773,0.463,0.41,0.515,0.38,0.001,0.589,0.866,0.75,0.276,0.15,0.02,0.201,0.501,0.004,0,0.358,0.281,0.106,0.016,0.004,0.15,0.198,0.001,0.001,0.001,0.093,0.324,0.001,0.31,0.009,0.001,0.001,0.001,4.9,16.66
07:51.6,9860,-0.434,-0.274,0.633,0.58,0.263,0.657,-0.347,-0.616,0.65,0.741,0.166,-0.033,0.417,0.533,0.52,0.521,-0.282,-0.498,-0.668,-0.476,-0.538,0.372,0.756,-0.029,0.001,0.001,0.001,0.001,0.028,0.001,0.059,0.001,0.001,0.001,0.001,0.001,0.001,0.001,0.137,0.205,0.073,0.001,0.001,0.001,0.001,0.001,0.053,0.079,0.354,0.001,0.198,0.001,0.001,0.001,0.001,0.001,0.181,0.283,0.056,0.192,0.001,0.459,0.391,0.36,0.886,0.056,0.154,0.123,0.549,-0.541,0.24,0.437,0.677,0.963,0.761,0.78,0.924,1.209,1.043,0.902,0.079,0.694,0.758,0.792,0.773,0.463,0.41,0.515,0.38,0.001,0.589,0.866,0.75,0.276,0.15,0.02,0.201,0.501,0.004,0,0.358,0.281,0.106,0.016,0.004,0.15,0.198,0.001,0.001,0.001,0.093,0.324,0.001,0.31,0.009,0.001,0.001,0.001,4.9,16.66
07:51.6,9861,-0.434,-0.273,0.63,0.583,0.244,0.67,-0.346,-0.61,0.65,0.742,0.161,-0.04,0.407,0.534,0.517,0.531,-0.285,-0.504,-0.667,-0.47,-0.538,0.372,0.756,-0.029,0.001,0.001,0.001,0.001,0.028,0.001,0.059,0.001,0.001,0.001,0.001,0.001,0.001,0.001,0.137,0.205,0.073,0.001,0.001,0.001,0.001,0.001,0.053,0.079,0.354,0.001,0.198,0.001,0.001,0.001,0.001,0.001,0.181,0.283,0.056,0.192,0.001,0.459,0.391,0.36,0.886,0.056,0.154,0.123,0.549,-0.541,0.24,0.437,0.677,0.963,0.761,0.78,0.924,1.209,1.043,0.902,0.079,0.694,0.758,0.792,0.773,0.463,0.41,0.515,0.38,0.001,0.589,0.866,0.75,0.276,0.15,0.02,0.201,0.501,0.004,0,0.358,0.281,0.106,0.016,0.004,0.15,0.198,0.001,0.001,0.001,0.093,0.324,0.001,0.31,0.009,0.001,0.001,0.001,4.9,16.66
07:51.6,9862,-0.433,-0.272,0.628,0.587,0.226,0.682,-0.347,-0.604,0.65,0.743,0.154,-0.045,0.4,0.535,0.516,0.536,-0.287,-0.509,-0.665,-0.464,-0.538,0.372,0.756,-0.029,0.001,0.001,0.001,0.001,0.028,0.001,0.059,0.001,0.001,0.001,0.001,0.001,0.001,0.001,0.137,0.205,0.073,0.001,0.001,0.001,0.001,0.001,0.053,0.079,0.354,0.001,0.198,0.001,0.001,0.001,0.001,0.001,0.181,0.283,0.056,0.192,0.001,0.459,0.391,0.36,0.886,0.056,0.154,0.123,0.549,-0.541,0.24,0.437,0.677,0.963,0.761,0.78,0.924,1.209,1.043,0.902,0.079,0.694,0.758,0.792,0.773,0.463,0.41,0.515,0.38,0.001,0.589,0.866,0.75,0.276,0.15,0.02,0.201,0.501,0.004,0,0.358,0.281,0.106,0.016,0.004,0.15,0.198,0.001,0.001,0.001,0.093,0.324,0.001,0.31,0.009,0.001,0.001,0.001,4.9,16.66
07:51.6,9863,-0.431,-0.269,0.627,0.591,0.208,0.69,-0.35,-0.598,0.65,0.744,0.146,-0.046,0.397,0.535,0.516,0.538,-0.287,-0.514,-0.665,-0.46,-0.538,0.372,0.756,-0.029,0.001,0.001,0.001,0.001,0.028,0.001,0.059,0.001,0.001,0.001,0.001,0.001,0.001,0.001,0.137,0.205,0.073,0.001,0.001,0.001,0.001,0.001,0.053,0.079,0.354,0.001,0.198,0.001,0.001,0.001,0.001,0.001,0.181,0.283,0.056,0.192,0.001,0.459,0.391,0.36,0.886,0.056,0.154,0.123,0.549,-0.541,0.24,0.437,0.677,0.963,0.761,0.78,0.924,1.209,1.043,0.902,0.079,0.694,0.758,0.792,0.773,0.463,0.41,0.515,0.38,0.001,0.589,0.866,0.75,0.276,0.15,0.02,0.201,0.501,0.004,0,0.358,0.281,0.106,0.016,0.004,0.15,0.198,0.001,0.001,0.001,0.093,0.324,0.001,0.31,0.009,0.001,0.001,0.001,4.9,16.66
07:51.6,9864,-0.429,-0.267,0.626,0.594,0.193,0.696,-0.353,-0.595,0.649,0.747,0.138,-0.043,0.399,0.536,0.517,0.536,-0.285,-0.516,-0.665,-0.458,-0.523,0.455,0.696,-0.185,0.001,0.001,0.001,0.001,0.007,0.001,0.04,0.001,0.001,0.001,0.001,0.001,0.001,0.001,0.137,0.186,0.055,0.001,0.001,0.001,0.001,0.001,0.001,0.028,0.261,0.001,0.162,0.001,0.001,0.001,0.001,0.001,0.095,0.243,0.015,0.173,0.001,0.27,0.343,0.192,0.852,0.001,0.031,0.022,0.409,-0.541,0.24,0.437,0.677,0.963,0.761,0.78,0.924,1.209,1.043,0.902,0.079,0.694,0.758,0.792,0.773,0.463,0.41,0.515,0.38,0.001,0.589,0.866,0.75,0.276,0.15,0.02,0.201,0.501,0.004,0,0.358,0.281,0.106,0.016,0.004,0.15,0.198,0.001,0.001,0.001,0.093,0.324,0.001,0.31,0.009,0.001,0.001,0.001,3.547,16.66
07:51.6,9865,-0.427,-0.263,0.627,0.596,0.183,0.698,-0.353,-0.595,0.647,0.75,0.13,-0.038,0.402,0.536,0.518,0.531,-0.283,-0.515,-0.667,-0.458,-0.52,0.443,0.709,-0.175,0.001,0.001,0.001,0.001,0.001,0.001,0.001,0.001,0.001,0.001,0.001,0.001,0.001,0.001,0.001,0.001,0.001,0.001,0.001,0.001,0.001,0.001,0.001,0.001,0.034,0.001,0.001,0.001,0.001,0.001,0.001,0.001,0.001,0.001,0.001,0.001,0.001,0.001,0.001,0.001,0.001,0.001,0.001,0.001,0.001,-0.541,0.24,0.437,0.677,0.963,0.761,0.78,0.924,1.209,1.043,0.902,0.079,0.694,0.758,0.792,0.773,0.463,0.41,0.515,0.38,0.001,0.589,0.866,0.75,0.276,0.15,0.02,0.201,0.501,0.004,0,0.358,0.281,0.106,0.016,0.004,0.15,0.198,0.001,0.001,0.001,0.093,0.324,0.001,0.31,0.009,0.001,0.001,0.001,0.078,16.66
07:51.7,9866,-0.426,-0.26,0.628,0.598,0.178,0.698,-0.351,-0.599,0.646,0.753,0.123,-0.032,0.406,0.538,0.518,0.527,-0.281,-0.515,-0.668,-0.458,-0.525,0.446,0.712,-0.137,0.001,0.001,0.001,0.001,0.001,0.001,0.001,0.001,0.001,0.001,0.001,0.001,0.001,0.001,0.001,0.001,0.001,0.001,0.001,0.001,0.001,0.001,0.001,0.001,0.035,0.001,0.001,0.001,0.001,0.001,0.001,0.001,0.001,0.001,0.001,0.001,0.001,0.001,0.001,0.001,0.001,0.001,0.001,0.001,0.001,-0.634,0.152,0.535,0.536,0.957,0.759,0.778,0.932,1.211,1.034,0.889,0.107,0.675,0.752,0.789,0.77,0.475,0.448,0.505,0.391,0.009,0.581,0.867,0.753,0.308,0.183,0.028,0.231,0.574,0.009,0,0.358,0.288,0.118,0.016,0.005,0.188,0.288,0.001,0.001,0.001,0.133,0.341,0,0.407,0.011,0.001,0,0,0.079,17.172
07:51.7,9867,-0.425,-0.257,0.629,0.599,0.176,0.696,-0.346,-0.604,0.644,0.756,0.117,-0.026,0.408,0.541,0.517,0.523,-0.28,-0.514,-0.669,-0.458,-0.504,0.46,0.724,-0.098,0.001,0.001,0.001,0.001,0.001,0.001,0.001,0.001,0.001,0.001,0.001,0.001,0.001,0.001,0.001,0.001,0.001,0.001,0.001,0.001,0.001,0.001,0.001,0.001,0.031,0.001,0.001,0.001,0.001,0.001,0.001,0.001,0.001,0.001,0.001,0.001,0.001,0.001,0.001,0.001,0.001,0.001,0.001,0.001,0.001,-0.642,0.143,0.546,0.519,0.773,0.728,0.75,0.899,1.168,1.077,0.807,0.171,0.516,0.763,0.801,0.775,0.575,0.589,0.512,0.427,0.037,0.453,0.866,0.746,0.358,0.289,0.051,0.353,0.694,0.153,0,0.248,0.238,0.139,0.016,0.017,0.265,0.495,0.001,0.031,0.002,0.288,0.505,0.142,0.607,0.065,0.082,0.001,0.001,0.075,18.474
07:51.7,9868,-0.425,-0.254,0.629,0.599,0.177,0.691,-0.34,-0.612,0.642,0.758,0.112,-0.021,0.408,0.544,0.516,0.521,-0.277,-0.513,-0.67,-0.459,-0.476,0.465,0.743,-0.07,0.001,0.001,0.001,0.001,0.001,0.001,0.001,0.001,0,0.001,0.001,0.001,0.001,0.001,0.001,0.001,0.001,0.001,0.001,0.001,0.001,0.001,0.001,0.001,0.032,0.001,0.001,0.001,0.001,0.001,0.001,0.001,0.001,0.001,0.001,0.001,0.001,0.001,0.001,0.001,0.001,0.001,0.001,0.001,0.001,-0.642,0.143,0.546,0.519,0.773,0.728,0.75,0.899,1.168,1.077,0.807,0.171,0.516,0.763,0.801,0.775,0.575,0.589,0.512,0.427,0.037,0.453,0.866,0.746,0.358,0.289,0.051,0.353,0.694,0.153,0,0.248,0.238,0.139,0.016,0.017,0.265,0.495,0.001,0.031,0.002,0.288,0.505,0.142,0.607,0.065,0.082,0.001,0.001,0.075,18.474
07:51.7,9869,-0.426,-0.251,0.63,0.599,0.185,0.685,-0.331,-0.622,0.64,0.761,0.107,-0.017,0.403,0.547,0.515,0.522,-0.275,-0.512,-0.671,-0.46,-0.459,0.464,0.755,-0.06,0.001,0.001,0.001,0.001,0.001,0.001,0.001,0.001,0.001,0.001,0.001,0.001,0.001,0.001,0.001,0.001,0.001,0.001,0.001,0.001,0.001,0.001,0.001,0.001,0.034,0.001,0.001,0.001,0.001,0.001,0.001,0.001,0.001,0.001,0.001,0.001,0.001,0.001,0.001,0.001,0.001,0.001,0.001,0.001,0.001,-0.642,0.143,0.546,0.519,0.773,0.728,0.75,0.899,1.168,1.077,0.807,0.171,0.516,0.763,0.801,0.775,0.575,0.589,0.512,0.427,0.037,0.453,0.866,0.746,0.358,0.289,0.051,0.353,0.694,0.153,0,0.248,0.238,0.139,0.016,0.017,0.265,0.495,0.001,0.031,0.002,0.288,0.505,0.142,0.607,0.065,0.082,0.001,0.001,0.078,18.474
