timestamp,packet_counter,right_thigh_q1,right_thigh_q2,right_thigh_q3,right_thigh_q4,right_calf_q1,right_calf_q2,right_calf_q3,right_calf_q4,left_thigh_q1,left_thigh_q2,left_thigh_q3,left_thigh_q4,left_calf_q1,left_calf_q2,left_calf_q3,left_calf_q4,trunk_q1,trunk_q2,trunk_q3,trunk_q4,right_foot_q0,right_foot_q1,right_foot_q2,right_foot_q3,right_pressure0,right_pressure1,right_pressure2,right_pressure3,right_pressure4,right_pressure5,right_pressure6,right_pressure7,right_pressure8,right_pressure9,right_pressure10,right_pressure11,right_pressure12,right_pressure13,right_pressure14,right_pressure15,right_pressure16,right_pressure17,right_pressure18,right_pressure19,right_pressure20,right_pressure21,right_pressure22,right_pressure23,right_pressure24,right_pressure25,right_pressure26,right_pressure27,right_pressure28,right_pressure29,right_pressure30,right_pressure31,right_pressure32,right_pressure33,right_pressure34,right_pressure35,right_pressure36,right_pressure37,right_pressure38,right_pressure39,right_pressure40,right_pressure41,right_pressure42,right_pressure43,right_pressure44,left_foot_q0,left_foot_q1,left_foot_q2,left_foot_q3,left_pressure0,left_pressure1,left_pressure2,left_pressure3,left_pressure4,left_pressure5,left_pressure6,left_pressure7,left_pressure8,left_pressure9,left_pressure10,left_pressure11,left_pressure12,left_pressure13,left_pressure14,left_pressure15,left_pressure16,left_pressure17,left_pressure18,left_pressure19,left_pressure20,left_pressure21,left_pressure22,left_pressure23,left_pressure24,left_pressure25,left_pressure26,left_pressure27,left_pressure28,left_pressure29,left_pressure30,left_pressure31,left_pressure32,left_pressure33,left_pressure34,left_pressure35,left_pressure36,left_pressure37,left_pressure38,left_pressure39,left_pressure40,left_pressure41,left_pressure42,left_pressure43,left_pressure44,right_pressure_sum,left_pressure_sum
02:07.1,3503,0.192,0.253,-0.739,-0.594,0.483,0.44,0.667,0.357,0.76,0.562,0.225,-0.237,-0.728,-0.635,-0.238,-0.097,0.41,0.496,0.509,0.572,-0.532,0.411,0.701,0.238,0.001,0.009,0.317,0.389,0.963,0.862,0.368,0.105,0.001,0.065,0.477,0.426,0.507,0.625,0.41,0.415,0.155,0.001,0.226,0.397,0.245,0.131,0.234,0.497,0.73,0.215,0.313,0.001,0.051,0.037,0.004,0.061,0.521,0.672,0.291,0.151,0.009,0.673,0.773,1.111,1.144,0.308,0.1,0.426,0.118,-0.149,-0.639,0.185,-0.732,0,0.001,0,0,0,0,0,0.001,0,0.001,0.001,0,0,0,0,0,0,0.001,0,0.001,0.001,0,0.001,0,0,0,0,0,0,0,0.001,0,0,0,0,0,0,0.001,0.001,0.001,0,0.001,0,0,0,15.535,0.013
02:07.1,3504,0.189,0.251,-0.74,-0.595,0.485,0.439,0.667,0.355,0.759,0.563,0.224,-0.237,-0.725,-0.641,-0.233,-0.099,0.409,0.498,0.508,0.572,-0.533,0.413,0.7,0.237,0.001,0.001,0.165,0.168,0.905,0.846,0.361,0.105,0.001,0.004,0.3,0.254,0.411,0.613,0.411,0.419,0.16,0.001,0.134,0.243,0.122,0.073,0.22,0.507,0.73,0.228,0.341,0.001,0.002,0.001,0.002,0.053,0.525,0.674,0.322,0.188,0.009,0.669,0.775,1.155,1.165,0.316,0.114,0.416,0.158,-0.149,-0.639,0.205,-0.726,0,0.043,0,0,0.001,0,0,0,0.005,0.283,0.171,0,0,0,0,0.001,0,0.001,0.194,0.002,0,0,0.001,0.001,0.001,0,0,0,0,0.001,0.001,0.001,0,0.001,0,0.001,0,0.001,0,0.001,0,0.001,0,0,0.001,14.269,0.713
02:07.1,3505,0.187,0.249,-0.74,-0.596,0.487,0.437,0.668,0.354,0.759,0.564,0.223,-0.236,-0.721,-0.646,-0.227,-0.101,0.408,0.499,0.507,0.572,-0.535,0.414,0.697,0.235,0.001,0.001,0.077,0.023,0.758,0.85,0.352,0.11,0.001,0.001,0.183,0.062,0.274,0.559,0.402,0.409,0.17,0.001,0.088,0.061,0.001,0.02,0.173,0.499,0.725,0.232,0.361,0.001,0.001,0.001,0.002,0.044,0.538,0.675,0.337,0.223,0.007,0.685,0.785,1.184,1.2,0.33,0.126,0.427,0.221,-0.149,-0.626,0.247,-0.724,0.164,0.242,0.001,0,0.001,0.001,0,0,0.254,0.526,0.212,0.001,0,0,0,0.001,0,0.038,0.469,0.005,0.001,0,0,0,0,0.001,0.001,0.001,0.001,0,0.001,0,0,0,0.001,0,0.001,0,0,0,0,0.001,0,0.001,0,13.181,1.925
02:07.1,3506,0.186,0.246,-0.74,-0.597,0.489,0.435,0.669,0.352,0.758,0.565,0.222,-0.236,-0.717,-0.653,-0.221,-0.102,0.408,0.501,0.506,0.572,-0.537,0.416,0.695,0.236,0,0.001,0.027,0.001,0.567,0.819,0.347,0.107,0.001,0.001,0.142,0.01,0.132,0.482,0.399,0.407,0.171,0.001,0.071,0.032,0.001,0.004,0.095,0.503,0.726,0.248,0.357,0.001,0.001,0.001,0.001,0.023,0.535,0.679,0.348,0.237,0.005,0.695,0.786,1.205,1.227,0.332,0.134,0.436,0.271,-0.149,-0.626,0.247,-0.724,0.164,0.242,0.001,0,0.001,0.001,0,0,0.254,0.526,0.212,0.001,0,0,0,0.001,0,0.038,0.469,0.005,0.001,0,0,0,0,0.001,0.001,0.001,0.001,0,0.001,0,0,0,0.001,0,0.001,0,0,0,0,0.001,0,0.001,0,12.569,1.925
02:07.1,3507,0.186,0.243,-0.74,-0.599,0.492,0.432,0.67,0.35,0.758,0.567,0.222,-0.236,-0.712,-0.661,-0.214,-0.103,0.407,0.502,0.505,0.572,-0.537,0.416,0.695,0.236,0,0.001,0.027,0.001,0.567,0.819,0.347,0.107,0.001,0.001,0.142,0.01,0.132,0.482,0.399,0.407,0.171,0.001,0.071,0.032,0.001,0.004,0.095,0.503,0.726,0.248,0.357,0.001,0.001,0.001,0.001,0.023,0.535,0.679,0.348,0.237,0.005,0.695,0.786,1.205,1.227,0.332,0.134,0.436,0.271,-0.149,-0.626,0.247,-0.724,0.164,0.242,0.001,0,0.001,0.001,0,0,0.254,0.526,0.212,0.001,0,0,0,0.001,0,0.038,0.469,0.005,0.001,0,0,0,0,0.001,0.001,0.001,0.001,0,0.001,0,0,0,0.001,0,0.001,0,0,0,0,0.001,0,0.001,0,12.569,1.925
02:07.1,3508,0.186,0.24,-0.74,-0.6,0.496,0.428,0.67,0.348,0.756,0.568,0.222,-0.237,-0.706,-0.668,-0.21,-0.105,0.406,0.504,0.505,0.571,-0.537,0.416,0.695,0.236,0,0.001,0.027,0.001,0.567,0.819,0.347,0.107,0.001,0.001,0.142,0.01,0.132,0.482,0.399,0.407,0.171,0.001,0.071,0.032,0.001,0.004,0.095,0.503,0.726,0.248,0.357,0.001,0.001,0.001,0.001,0.023,0.535,0.679,0.348,0.237,0.005,0.695,0.786,1.205,1.227,0.332,0.134,0.436,0.271,-0.149,-0.626,0.247,-0.724,0.164,0.242,0.001,0,0.001,0.001,0,0,0.254,0.526,0.212,0.001,0,0,0,0.001,0,0.038,0.469,0.005,0.001,0,0,0,0,0.001,0.001,0.001,0.001,0,0.001,0,0,0,0.001,0,0.001,0,0,0,0,0.001,0,0.001,0,12.569,1.925
02:07.1,3509,0.187,0.237,-0.739,-0.602,0.499,0.424,0.671,0.346,0.755,0.57,0.222,-0.237,-0.701,-0.672,-0.214,-0.11,0.405,0.505,0.505,0.57,-0.537,0.416,0.695,0.236,0,0.001,0.027,0.001,0.567,0.819,0.347,0.107,0.001,0.001,0.142,0.01,0.132,0.482,0.399,0.407,0.171,0.001,0.071,0.032,0.001,0.004,0.095,0.503,0.726,0.248,0.357,0.001,0.001,0.001,0.001,0.023,0.535,0.679,0.348,0.237,0.005,0.695,0.786,1.205,1.227,0.332,0.134,0.436,0.271,-0.149,-0.626,0.247,-0.724,0.164,0.242,0.001,0,0.001,0.001,0,0,0.254,0.526,0.212,0.001,0,0,0,0.001,0,0.038,0.469,0.005,0.001,0,0,0,0,0.001,0.001,0.001,0.001,0,0.001,0,0,0,0.001,0,0.001,0,0,0,0,0.001,0,0.001,0,12.569,1.925
02:07.1,3510,0.189,0.234,-0.738,-0.604,0.503,0.42,0.672,0.345,0.753,0.572,0.221,-0.238,-0.7,-0.669,-0.222,-0.116,0.403,0.507,0.505,0.57,-0.537,0.416,0.695,0.236,0,0.001,0.027,0.001,0.567,0.819,0.347,0.107,0.001,0.001,0.142,0.01,0.132,0.482,0.399,0.407,0.171,0.001,0.071,0.032,0.001,0.004,0.095,0.503,0.726,0.248,0.357,0.001,0.001,0.001,0.001,0.023,0.535,0.679,0.348,0.237,0.005,0.695,0.786,1.205,1.227,0.332,0.134,0.436,0.271,-0.149,-0.626,0.247,-0.724,0.164,0.242,0.001,0,0.001,0.001,0,0,0.254,0.526,0.212,0.001,0,0,0,0.001,0,0.038,0.469,0.005,0.001,0,0,0,0,0.001,0.001,0.001,0.001,0,0.001,0,0,0,0.001,0,0.001,0,0,0,0,0.001,0,0.001,0,12.569,1.925
02:07.2,3511,0.191,0.231,-0.736,-0.607,0.506,0.415,0.674,0.344,0.753,0.571,0.222,-0.24,-0.704,-0.665,-0.22,-0.118,0.401,0.509,0.505,0.57,-0.537,0.416,0.695,0.236,0,0.001,0.027,0.001,0.567,0.819,0.347,0.107,0.001,0.001,0.142,0.01,0.132,0.482,0.399,0.407,0.171,0.001,0.071,0.032,0.001,0.004,0.095,0.503,0.726,0.248,0.357,0.001,0.001,0.001,0.001,0.023,0.535,0.679,0.348,0.237,0.005,0.695,0.786,1.205,1.227,0.332,0.134,0.436,0.271,-0.149,-0.626,0.247,-0.724,0.164,0.242,0.001,0,0.001,0.001,0,0,0.254,0.526,0.212,0.001,0,0,0,0.001,0,0.038,0.469,0.005,0.001,0,0,0,0,0.001,0.001,0.001,0.001,0,0.001,0,0,0,0.001,0,0.001,0,0,0,0,0.001,0,0.001,0,12.569,1.925
02:07.2,3512,0.195,0.228,-0.734,-0.609,0.508,0.409,0.675,0.344,0.753,0.569,0.225,-0.243,-0.708,-0.665,-0.207,-0.115,0.398,0.51,0.506,0.571,-0.551,0.462,0.654,0.234,0,0.001,0.027,0.001,0.567,0.819,0.347,0.107,0.001,0.001,0.142,0.01,0.132,0.482,0.399,0.407,0.171,0.001,0.071,0.032,0.001,0.004,0.095,0.503,0.726,0.248,0.357,0.001,0.001,0.001,0.001,0.023,0.535,0.679,0.348,0.237,0.005,0.695,0.786,1.205,1.227,0.332,0.134,0.436,0.271,-0.074,-0.553,0.315,-0.768,0.322,0.269,0,0.001,0.001,0,0.001,0.001,0.452,0.557,0.216,0.001,0,0,0,0.001,0,0.093,0.499,0.004,0,0.001,0,0,0,0,0,0.001,0.001,0,0,0.001,0,0,0,0.002,0.001,0.001,0,0,0,0,0.001,0,0.001,12.569,2.428
02:07.2,3513,0.199,0.225,-0.733,-0.611,0.51,0.404,0.677,0.343,0.752,0.566,0.23,-0.248,-0.711,-0.667,-0.192,-0.111,0.396,0.509,0.506,0.572,-0.555,0.47,0.644,0.237,0.001,0.001,0.001,0.001,0.038,0.201,0.211,0.029,0.001,0.001,0.055,0.001,0.032,0.027,0.159,0.286,0.247,0.001,0.013,0.001,0.001,0.001,0.001,0.254,0.611,0.253,0.396,0.001,0.001,0.001,0.001,0.001,0.415,0.692,0.343,0.247,0.001,0.842,0.945,1.195,1.249,0.527,0.274,0.629,0.537,-0.074,-0.553,0.315,-0.768,0.322,0.269,0,0.001,0.001,0,0.001,0.001,0.452,0.557,0.216,0.001,0,0,0,0.001,0,0.093,0.499,0.004,0,0.001,0,0,0,0,0,0.001,0.001,0,0,0.001,0,0,0,0.002,0.001,0.001,0,0,0,0,0.001,0,0.001,10.725,2.428
02:07.2,3514,0.204,0.221,-0.731,-0.613,0.513,0.398,0.679,0.342,0.753,0.562,0.232,-0.251,-0.712,-0.67,-0.179,-0.109,0.394,0.508,0.506,0.574,-0.558,0.488,0.626,0.242,0.001,0.001,0.001,0.001,0.05,0.136,0.143,0.015,0.001,0.001,0.044,0.001,0.032,0.033,0.125,0.26,0.244,0.001,0.006,0.004,0.001,0.001,0.001,0.189,0.529,0.244,0.392,0.001,0.001,0.001,0.001,0.012,0.341,0.7,0.33,0.236,0.001,0.845,1.005,1.167,1.247,0.659,0.306,0.651,0.562,-0.074,-0.553,0.315,-0.768,0.322,0.269,0,0.001,0.001,0,0.001,0.001,0.452,0.557,0.216,0.001,0,0,0,0.001,0,0.093,0.499,0.004,0,0.001,0,0,0,0,0,0.001,0.001,0,0,0.001,0,0,0,0.002,0.001,0.001,0,0,0,0,0.001,0,0.001,10.523,2.428
02:07.2,3515,0.209,0.217,-0.728,-0.615,0.515,0.392,0.681,0.342,0.755,0.558,0.232,-0.251,-0.71,-0.675,-0.168,-0.11,0.393,0.506,0.507,0.577,-0.557,0.504,0.613,0.244,0.001,0.001,0.001,0.001,0.055,0.101,0.093,0.002,0.001,0.001,0.04,0.001,0.023,0.017,0.112,0.232,0.233,0.001,0.002,0.002,0.001,0.001,0.001,0.134,0.476,0.233,0.383,0.001,0.001,0.001,0.001,0.002,0.311,0.667,0.326,0.226,0.001,0.802,1.061,1.187,1.244,0.767,0.328,0.626,0.578,-0.074,-0.553,0.315,-0.768,0.322,0.269,0,0.001,0.001,0,0.001,0.001,0.452,0.557,0.216,0.001,0,0,0,0.001,0,0.093,0.499,0.004,0,0.001,0,0,0,0,0,0.001,0.001,0,0,0.001,0,0,0,0.002,0.001,0.001,0,0,0,0,0.001,0,0.001,10.279,2.428
02:07.2,3516,0.215,0.212,-0.725,-0.618,0.518,0.387,0.683,0.34,0.759,0.558,0.228,-0.247,-0.706,-0.681,-0.157,-0.114,0.392,0.503,0.508,0.579,-0.553,0.527,0.596,0.248,0.001,0.001,0.001,0.001,0.055,0.043,0.07,0.001,0.001,0.001,0.034,0.002,0.017,0.004,0.106,0.204,0.234,0.001,0.001,0.001,0.001,0.001,0.001,0.112,0.416,0.208,0.363,0.001,0.001,0.001,0.001,0.001,0.3,0.631,0.304,0.219,0.001,0.786,1.112,1.192,1.253,0.8,0.348,0.643,0.593,-0.074,-0.553,0.315,-0.768,0.322,0.269,0,0.001,0.001,0,0.001,0.001,0.452,0.557,0.216,0.001,0,0,0,0.001,0,0.093,0.499,0.004,0,0.001,0,0,0,0,0,0.001,0.001,0,0,0.001,0,0,0,0.002,0.001,0.001,0,0,0,0,0.001,0,0.001,10.068,2.428
02:07.2,3517,0.222,0.207,-0.722,-0.621,0.52,0.383,0.685,0.339,0.761,0.563,0.219,-0.236,-0.699,-0.69,-0.145,-0.119,0.393,0.5,0.509,0.58,-0.546,0.561,0.568,0.253,0.001,0.001,0.001,0.001,0.059,0.022,0.042,0.002,0.001,0.001,0.021,0.004,0.023,0.001,0.105,0.184,0.238,0.001,0.001,0.001,0.001,0,0.001,0.1,0.375,0.19,0.31,0.001,0.001,0.001,0.001,0.001,0.305,0.581,0.253,0.22,0.001,0.812,1.109,1.199,1.261,0.821,0.344,0.653,0.618,-0.074,-0.553,0.315,-0.768,0.322,0.269,0,0.001,0.001,0,0.001,0.001,0.452,0.557,0.216,0.001,0,0,0,0.001,0,0.093,0.499,0.004,0,0.001,0,0,0,0,0,0.001,0.001,0,0,0.001,0,0,0,0.002,0.001,0.001,0,0,0,0,0.001,0,0.001,9.869,2.428
02:07.2,3518,0.229,0.202,-0.719,-0.625,0.522,0.379,0.686,0.336,0.762,0.574,0.207,-0.215,-0.691,-0.699,-0.134,-0.127,0.394,0.497,0.511,0.58,-0.54,0.585,0.549,0.254,0.001,0.001,0.001,0.001,0.063,0.001,0.031,0.001,0.001,0.001,0.023,0.004,0.011,0.004,0.09,0.205,0.232,0.001,0.001,0.001,0.001,0.001,0.04,0.09,0.385,0.161,0.249,0.001,0.001,0.001,0.001,0.002,0.321,0.532,0.223,0.199,0.001,0.827,0.966,1.165,1.288,0.824,0.264,0.645,0.632,-0.074,-0.553,0.315,-0.768,0.322,0.269,0,0.001,0.001,0,0.001,0.001,0.452,0.557,0.216,0.001,0,0,0,0.001,0,0.093,0.499,0.004,0,0.001,0,0,0,0,0,0.001,0.001,0,0,0.001,0,0,0,0.002,0.001,0.001,0,0,0,0,0.001,0,0.001,9.494,2.428
02:07.2,3519,0.237,0.195,-0.715,-0.628,0.525,0.377,0.687,0.331,0.762,0.586,0.199,-0.19,-0.683,-0.708,-0.122,-0.133,0.395,0.495,0.514,0.578,-0.527,0.625,0.518,0.252,0.001,0.001,0.001,0.001,0.063,0.001,0.024,0.001,0.001,0.001,0.02,0.006,0.004,0.007,0.092,0.211,0.232,0.001,0.001,0.001,0.001,0.001,0.056,0.089,0.365,0.161,0.221,0.001,0.001,0.001,0.001,0.01,0.33,0.463,0.232,0.198,0.001,0.778,0.758,0.994,1.308,0.802,0.201,0.585,0.629,-0.092,-0.511,0.408,-0.751,0.784,0.64,0.295,0.001,0.021,0,0,0.001,0.824,0.846,0.821,0,0,0,0.01,0.013,0,0.612,0.818,0.569,0.001,0,0.001,0,0.012,0,0,0.22,0.001,0,0,0,0,0.001,0,0.001,0,0,0,0,0,0,0.001,0.001,0.001,8.857,6.495
02:07.3,3520,0.246,0.188,-0.71,-0.633,0.531,0.376,0.687,0.325,0.757,0.598,0.199,-0.17,-0.676,-0.715,-0.11,-0.139,0.396,0.493,0.517,0.576,-0.516,0.656,0.493,0.248,0.001,0.001,0.001,0.001,0.071,0.001,0.028,0.001,0.001,0.001,0.009,0.002,0.009,0.002,0.089,0.216,0.205,0.001,0.001,0.001,0.001,0.001,0.084,0.096,0.317,0.137,0.206,0.001,0.001,0.001,0.001,0.011,0.288,0.443,0.199,0.186,0.001,0.686,0.548,0.841,1.333,0.686,0.179,0.364,0.603,-0.102,-0.503,0.413,-0.752,0.77,0.624,0.602,0.618,0.982,0.709,0.657,0.002,0.795,0.756,0.813,0.664,0.366,0.182,0.437,0.166,0,0.75,0.896,0.792,0.247,0.068,0.005,0.087,0.475,0.001,0,0.491,0.333,0.044,0.004,0.002,0.039,0.031,0.001,0,0.001,0.001,0.046,0,0,0,0.001,0.001,0,7.856,13.459
02:07.3,3521,0.256,0.18,-0.704,-0.637,0.538,0.375,0.685,0.317,0.751,0.607,0.204,-0.161,-0.671,-0.72,-0.1,-0.146,0.397,0.493,0.52,0.573,-0.525,0.67,0.48,0.212,0.001,0.001,0.001,0.001,0.079,0.001,0.031,0.001,0.001,0.001,0.007,0.001,0.002,0.001,0.07,0.186,0.127,0.001,0.001,0.001,0.001,0.001,0.139,0.071,0.256,0.106,0.198,0.001,0.001,0.001,0.001,0.013,0.264,0.387,0.126,0.156,0.001,0.65,0.463,0.565,1.32,0.383,0.168,0.243,0.552,-0.103,-0.502,0.41,-0.754,0.772,0.621,0.613,0.658,1.012,0.73,0.657,0.007,0.784,0.75,0.803,0.687,0.383,0.215,0.463,0.225,0.001,0.761,0.9,0.79,0.292,0.122,0.007,0.127,0.571,0,0,0.503,0.357,0.066,0.005,0.002,0.071,0.09,0,0,0.001,0.001,0.071,0,0.001,0.001,0,0.001,0,6.582,14.121
02:07.3,3522,0.267,0.172,-0.698,-0.641,0.544,0.376,0.683,0.308,0.745,0.614,0.206,-0.158,-0.665,-0.725,-0.093,-0.153,0.398,0.493,0.523,0.569,-0.537,0.674,0.476,0.173,0.001,0.001,0.001,0.001,0.06,0.001,0.023,0.001,0,0.001,0.005,0.001,0.002,0.007,0.051,0.116,0.072,0.001,0.002,0.001,0.001,0.001,0.106,0.04,0.219,0.053,0.159,0.001,0.001,0.001,0.001,0.002,0.209,0.289,0.076,0.109,0.001,0.531,0.326,0.294,1.303,0.143,0.06,0.16,0.321,-0.109,-0.502,0.412,-0.753,0.775,0.625,0.618,0.685,1.029,0.737,0.679,0.01,0.779,0.746,0.799,0.706,0.403,0.25,0.482,0.275,0,0.77,0.9,0.803,0.327,0.168,0.009,0.138,0.619,0,0,0.509,0.37,0.085,0.005,0.002,0.082,0.168,0,0.001,0.001,0.012,0.156,0,0.001,0.001,0,0,0.001,4.755,14.726
02:07.3,3523,0.279,0.162,-0.693,-0.645,0.548,0.377,0.684,0.3,0.742,0.618,0.206,-0.155,-0.658,-0.73,-0.087,-0.161,0.399,0.494,0.526,0.565,-0.546,0.678,0.475,0.128,0.001,0.001,0.001,0.001,0.015,0.001,0.033,0.001,0.001,0.001,0.001,0.001,0.001,0.044,0.027,0.072,0.015,0.001,0.002,0.001,0.001,0.001,0.001,0.012,0.178,0.013,0.121,0.001,0.001,0.001,0.001,0.001,0.105,0.215,0.05,0.073,0.001,0.253,0.214,0.183,1.14,0.001,0.001,0.02,0.022,-0.12,-0.498,0.417,-0.751,0.777,0.624,0.617,0.698,1.018,0.722,0.701,0.012,0.783,0.739,0.795,0.712,0.427,0.259,0.481,0.305,0,0.779,0.896,0.812,0.381,0.184,0.009,0.153,0.641,0,0,0.523,0.385,0.095,0.006,0.002,0.099,0.223,0,0.001,0,0.038,0.237,0,0,0.002,0,0,0,2.831,15.136
02:07.3,3524,0.29,0.15,-0.688,-0.648,0.549,0.378,0.686,0.292,0.74,0.622,0.205,-0.154,-0.649,-0.736,-0.082,-0.172,0.399,0.496,0.53,0.561,-0.546,0.678,0.475,0.128,0.001,0.001,0.001,0.001,0.015,0.001,0.033,0.001,0.001,0.001,0.001,0.001,0.001,0.044,0.027,0.072,0.015,0.001,0.002,0.001,0.001,0.001,0.001,0.012,0.178,0.013,0.121,0.001,0.001,0.001,0.001,0.001,0.105,0.215,0.05,0.073,0.001,0.253,0.214,0.183,1.14,0.001,0.001,0.02,0.022,-0.126,-0.498,0.418,-0.749,0.779,0.62,0.613,0.697,1.011,0.718,0.705,0.013,0.774,0.731,0.797,0.722,0.444,0.289,0.486,0.325,0,0.794,0.899,0.817,0.411,0.215,0.011,0.171,0.651,0,0,0.536,0.393,0.111,0.007,0.004,0.126,0.293,0,0.001,0.001,0.068,0.304,0,0.001,0.002,0.001,0.001,0.001,2.831,15.543
02:07.3,3525,0.3,0.138,-0.685,-0.649,0.548,0.376,0.69,0.286,0.737,0.626,0.202,-0.156,-0.64,-0.742,-0.079,-0.183,0.399,0.497,0.534,0.555,-0.546,0.678,0.475,0.128,0.001,0.001,0.001,0.001,0.015,0.001,0.033,0.001,0.001,0.001,0.001,0.001,0.001,0.044,0.027,0.072,0.015,0.001,0.002,0.001,0.001,0.001,0.001,0.012,0.178,0.013,0.121,0.001,0.001,0.001,0.001,0.001,0.105,0.215,0.05,0.073,0.001,0.253,0.214,0.183,1.14,0.001,0.001,0.02,0.022,-0.134,-0.497,0.421,-0.747,0.783,0.623,0.619,0.706,1.029,0.745,0.701,0.016,0.775,0.726,0.791,0.726,0.447,0.302,0.491,0.327,0,0.8,0.895,0.827,0.426,0.228,0.012,0.182,0.645,0.001,0,0.545,0.394,0.121,0.009,0.004,0.14,0.347,0,0,0,0.092,0.353,0,0.004,0.004,0.001,0.001,0,2.831,15.838
02:07.3,3526,0.309,0.126,-0.685,-0.648,0.547,0.374,0.694,0.282,0.734,0.631,0.198,-0.156,-0.633,-0.745,-0.076,-0.194,0.399,0.499,0.538,0.55,-0.546,0.678,0.475,0.128,0.001,0.001,0.001,0.001,0.015,0.001,0.033,0.001,0.001,0.001,0.001,0.001,0.001,0.044,0.027,0.072,0.015,0.001,0.002,0.001,0.001,0.001,0.001,0.012,0.178,0.013,0.121,0.001,0.001,0.001,0.001,0.001,0.105,0.215,0.05,0.073,0.001,0.253,0.214,0.183,1.14,0.001,0.001,0.02,0.022,-0.143,-0.496,0.423,-0.744,0.785,0.625,0.619,0.713,1.018,0.763,0.703,0.017,0.778,0.722,0.79,0.737,0.468,0.306,0.481,0.325,0,0.807,0.893,0.827,0.438,0.248,0.012,0.188,0.653,0.001,0,0.553,0.404,0.126,0.01,0.004,0.164,0.385,0.001,0.001,0.001,0.1,0.385,0,0.042,0.001,0.001,0.001,0.001,2.831,16.097
02:07.3,3527,0.317,0.117,-0.685,-0.645,0.543,0.371,0.7,0.279,0.731,0.636,0.192,-0.154,-0.628,-0.747,-0.074,-0.204,0.399,0.499,0.542,0.546,-0.546,0.678,0.475,0.128,0.001,0.001,0.001,0.001,0.015,0.001,0.033,0.001,0.001,0.001,0.001,0.001,0.001,0.044,0.027,0.072,0.015,0.001,0.002,0.001,0.001,0.001,0.001,0.012,0.178,0.013,0.121,0.001,0.001,0.001,0.001,0.001,0.105,0.215,0.05,0.073,0.001,0.253,0.214,0.183,1.14,0.001,0.001,0.02,0.022,-0.149,-0.496,0.425,-0.742,0.786,0.628,0.62,0.712,1.018,0.784,0.691,0.023,0.779,0.717,0.788,0.74,0.479,0.309,0.48,0.321,0,0.812,0.891,0.828,0.459,0.259,0.013,0.201,0.663,0,0,0.558,0.41,0.133,0.01,0.005,0.177,0.407,0,0.001,0.001,0.126,0.436,0,0.121,0.001,0.009,0.001,0.001,2.831,16.398
02:07.3,3528,0.324,0.109,-0.686,-0.642,0.537,0.368,0.708,0.275,0.728,0.643,0.186,-0.148,-0.624,-0.749,-0.072,-0.212,0.4,0.498,0.545,0.543,-0.546,0.678,0.475,0.128,0.001,0.001,0.001,0.001,0.015,0.001,0.033,0.001,0.001,0.001,0.001,0.001,0.001,0.044,0.027,0.072,0.015,0.001,0.002,0.001,0.001,0.001,0.001,0.012,0.178,0.013,0.121,0.001,0.001,0.001,0.001,0.001,0.105,0.215,0.05,0.073,0.001,0.253,0.214,0.183,1.14,0.001,0.001,0.02,0.022,-0.16,-0.494,0.428,-0.739,0.789,0.626,0.617,0.711,1.017,0.778,0.692,0.027,0.779,0.714,0.784,0.744,0.486,0.324,0.476,0.325,0.001,0.814,0.89,0.833,0.469,0.271,0.013,0.199,0.654,0.001,0.001,0.563,0.414,0.143,0.01,0.005,0.186,0.431,0,0,0,0.147,0.465,0,0.159,0.001,0.011,0.001,0.001,2.831,16.572
02:07.3,3529,0.331,0.104,-0.687,-0.639,0.531,0.364,0.716,0.269,0.725,0.649,0.18,-0.141,-0.621,-0.75,-0.07,-0.217,0.401,0.496,0.548,0.541,-0.546,0.678,0.475,0.128,0.001,0.001,0.001,0.001,0.015,0.001,0.033,0.001,0.001,0.001,0.001,0.001,0.001,0.044,0.027,0.072,0.015,0.001,0.002,0.001,0.001,0.001,0.001,0.012,0.178,0.013,0.121,0.001,0.001,0.001,0.001,0.001,0.105,0.215,0.05,0.073,0.001,0.253,0.214,0.183,1.14,0.001,0.001,0.02,0.022,-0.16,-0.494,0.428,-0.739,0.789,0.626,0.617,0.711,1.017,0.778,0.692,0.027,0.779,0.714,0.784,0.744,0.486,0.324,0.476,0.325,0.001,0.814,0.89,0.833,0.469,0.271,0.013,0.199,0.654,0.001,0.001,0.563,0.414,0.143,0.01,0.005,0.186,0.431,0,0,0,0.147,0.465,0,0.159,0.001,0.011,0.001,0.001,2.831,16.572
02:07.4,3530,0.338,0.1,-0.687,-0.636,0.527,0.358,0.725,0.26,0.722,0.656,0.176,-0.133,-0.619,-0.751,-0.068,-0.22,0.402,0.495,0.55,0.539,-0.52,0.698,0.477,-0.12,0.001,0.001,0.001,0.001,0.001,0.001,0.017,0.001,0.001,0.001,0.001,0.001,0.001,0.023,0.01,0.073,0.001,0.001,0.002,0.001,0.001,0.001,0.001,0.009,0.139,0.001,0.083,0.001,0.001,0.001,0.001,0.001,0.049,0.166,0.037,0.045,0.001,0.142,0.171,0.148,0.912,0.001,0.001,0.001,0.001,-0.16,-0.494,0.428,-0.739,0.789,0.626,0.617,0.711,1.017,0.778,0.692,0.027,0.779,0.714,0.784,0.744,0.486,0.324,0.476,0.325,0.001,0.814,0.89,0.833,0.469,0.271,0.013,0.199,0.654,0.001,0.001,0.563,0.414,0.143,0.01,0.005,0.186,0.431,0,0,0,0.147,0.465,0,0.159,0.001,0.011,0.001,0.001,2.055,16.572
02:07.4,3531,0.346,0.097,-0.686,-0.633,0.525,0.352,0.734,0.249,0.719,0.662,0.172,-0.126,-0.618,-0.752,-0.065,-0.22,0.404,0.493,0.552,0.538,-0.52,0.686,0.495,-0.115,0.001,0.001,0.001,0.001,0.001,0.001,0.001,0.001,0.001,0.001,0.01,0.001,0.001,0.001,0.001,0.001,0.001,0.001,0.001,0.001,0.001,0.001,0.001,0.001,0.043,0.001,0.001,0.001,0.001,0.001,0.001,0.001,0.001,0.001,0.001,0.001,0.001,0.001,0.001,0.001,0.001,0.001,0.001,0.001,0.001,-0.16,-0.494,0.428,-0.739,0.789,0.626,0.617,0.711,1.017,0.778,0.692,0.027,0.779,0.714,0.784,0.744,0.486,0.324,0.476,0.325,0.001,0.814,0.89,0.833,0.469,0.271,0.013,0.199,0.654,0.001,0.001,0.563,0.414,0.143,0.01,0.005,0.186,0.431,0,0,0,0.147,0.465,0,0.159,0.001,0.011,0.001,0.001,0.096,16.572
02:07.4,3532,0.354,0.097,-0.684,-0.63,0.526,0.346,0.741,0.234,0.716,0.667,0.169,-0.119,-0.618,-0.753,-0.063,-0.218,0.405,0.492,0.552,0.538,-0.52,0.684,0.504,-0.089,0.001,0.001,0.001,0.001,0.001,0.001,0.001,0.001,0.001,0.001,0.006,0.001,0.001,0.001,0.001,0.001,0.001,0.001,0.001,0.001,0.001,0.001,0.001,0.001,0.04,0.001,0.001,0.001,0.001,0.001,0.001,0.001,0.001,0.001,0.001,0.001,0.001,0.001,0.001,0.001,0.001,0.001,0.001,0.001,0.001,-0.16,-0.494,0.428,-0.739,0.789,0.626,0.617,0.711,1.017,0.778,0.692,0.027,0.779,0.714,0.784,0.744,0.486,0.324,0.476,0.325,0.001,0.814,0.89,0.833,0.469,0.271,0.013,0.199,0.654,0.001,0.001,0.563,0.414,0.143,0.01,0.005,0.186,0.431,0,0,0,0.147,0.465,0,0.159,0.001,0.011,0.001,0.001,0.089,16.572
02:07.4,3533,0.363,0.097,-0.682,-0.628,0.529,0.341,0.746,0.22,0.712,0.672,0.166,-0.113,-0.617,-0.754,-0.06,-0.216,0.406,0.49,0.553,0.538,-0.513,0.681,0.52,-0.053,0.001,0.001,0.001,0.001,0.001,0.001,0.001,0.001,0.001,0.001,0.007,0.001,0.001,0.001,0.001,0.001,0.001,0.001,0.001,0.001,0.001,0.001,0.001,0.001,0.043,0.001,0.001,0.001,0.001,0.001,0.001,0.001,0.001,0.001,0.001,0.001,0.001,0.001,0.001,0.001,0.001,0.001,0.001,0.001,0.001,-0.16,-0.494,0.428,-0.739,0.789,0.626,0.617,0.711,1.017,0.778,0.692,0.027,0.779,0.714,0.784,0.744,0.486,0.324,0.476,0.325,0.001,0.814,0.89,0.833,0.469,0.271,0.013,0.199,0.654,0.001,0.001,0.563,0.414,0.143,0.01,0.005,0.186,0.431,0,0,0,0.147,0.465,0,0.159,0.001,0.011,0.001,0.001,0.093,16.572
02:07.4,3534,0.372,0.098,-0.679,-0.625,0.533,0.337,0.747,0.209,0.709,0.677,0.163,-0.108,-0.616,-0.756,-0.056,-0.215,0.408,0.487,0.553,0.539,-0.509,0.673,0.534,-0.043,0.001,0.001,0.001,0.001,0.001,0.001,0.001,0.001,0.001,0.001,0.009,0.001,0.001,0.001,0.001,0.001,0.001,0,0.001,0.001,0.001,0.001,0.001,0.001,0.042,0.001,0.001,0.001,0.001,0.001,0.001,0.001,0.001,0.001,0.001,0.001,0.001,0.001,0.001,0.001,0.001,0.001,0.001,0.001,0.001,-0.16,-0.494,0.428,-0.739,0.789,0.626,0.617,0.711,1.017,0.778,0.692,0.027,0.779,0.714,0.784,0.744,0.486,0.324,0.476,0.325,0.001,0.814,0.89,0.833,0.469,0.271,0.013,0.199,0.654,0.001,0.001,0.563,0.414,0.143,0.01,0.005,0.186,0.431,0,0,0,0.147,0.465,0,0.159,0.001,0.011,0.001,0.001,0.093,16.572
02:07.4,3535,0.383,0.097,-0.677,-0.622,0.538,0.332,0.748,0.202,0.706,0.682,0.16,-0.103,-0.614,-0.757,-0.052,-0.215,0.41,0.485,0.553,0.54,-0.508,0.657,0.556,-0.028,0.001,0.001,0.001,0.001,0.001,0.001,0.001,0.001,0.001,0.001,0.009,0.001,0.001,0.001,0.001,0.001,0.001,0.001,0.001,0.001,0.001,0.001,0.001,0.001,0.044,0.001,0.001,0.001,0.001,0.001,0.001,0.001,0.001,0.001,0.001,0.001,0.001,0.001,0.001,0.001,0.001,0.001,0.001,0.001,0.001,-0.212,-0.492,0.442,-0.719,0.79,0.625,0.618,0.711,1.011,0.779,0.692,0.028,0.779,0.713,0.783,0.744,0.497,0.33,0.474,0.322,0,0.817,0.889,0.833,0.474,0.28,0.015,0.201,0.656,0,0,0.567,0.418,0.15,0.011,0.005,0.189,0.441,0,0.001,0,0.167,0.488,0.001,0.189,0.001,0.016,0,0.001,0.096,16.706
02:07.4,3536,0.393,0.094,-0.674,-0.618,0.542,0.328,0.748,0.199,0.702,0.687,0.157,-0.097,-0.612,-0.759,-0.048,-0.217,0.412,0.482,0.553,0.54,-0.505,0.643,0.575,-0.005,0.001,0.001,0.001,0.001,0.001,0.001,0.001,0.001,0.001,0.001,0.005,0.001,0.001,0.001,0.001,0.001,0.001,0.001,0.001,0.001,0.001,0.001,0.001,0.001,0.039,0.001,0.001,0.001,0.001,0.001,0.001,0.001,0.001,0.001,0.001,0.001,0.001,0.001,0.001,0.001,0.001,0.001,0.001,0.001,0.001,-0.217,-0.492,0.443,-0.717,0.714,0.586,0.598,0.67,1.007,0.795,0.656,0.048,0.751,0.713,0.775,0.74,0.516,0.385,0.465,0.314,0,0.814,0.899,0.823,0.513,0.331,0.016,0.227,0.614,0,0.001,0.56,0.429,0.179,0.011,0.005,0.282,0.558,0.001,0,0.004,0.289,0.658,0,0.286,0.01,0.071,0.001,0.011,0.087,17.326
02:07.4,3537,0.403,0.09,-0.671,-0.616,0.544,0.324,0.748,0.199,0.699,0.692,0.154,-0.092,-0.61,-0.76,-0.044,-0.22,0.414,0.48,0.553,0.541,-0.502,0.625,0.597,0.032,0.001,0.001,0.001,0.001,0.001,0.001,0.001,0.001,0.001,0.001,0.004,0.002,0.001,0.001,0.001,0.001,0.001,0.001,0.001,0.001,0.001,0.001,0.001,0.001,0.048,0.001,0.001,0.001,0.001,0.001,0.001,0.001,0.001,0.001,0.001,0.001,0.001,0.001,0.001,0.001,0.001,0.001,0.001,0.001,0.001,-0.225,-0.491,0.446,-0.714,0.696,0.578,0.592,0.662,1.006,0.801,0.647,0.054,0.73,0.716,0.775,0.736,0.519,0.389,0.46,0.32,0,0.802,0.902,0.817,0.514,0.339,0.017,0.234,0.614,0,0.001,0.551,0.436,0.186,0.011,0.006,0.288,0.567,0.001,0.009,0.004,0.31,0.683,0.001,0.348,0.015,0.073,0.001,0.016,0.096,17.427
02:07.4,3538,0.412,0.086,-0.668,-0.613,0.544,0.32,0.749,0.2,0.695,0.698,0.151,-0.086,-0.608,-0.761,-0.042,-0.224,0.417,0.477,0.553,0.541,-0.501,0.608,0.613,0.064,0.001,0.001,0.001,0.001,0.001,0.001,0.001,0.001,0.001,0.001,0.001,0.005,0.001,0.001,0.001,0.001,0.001,0.001,0.001,0.001,0.001,0.001,0.001,0.001,0.043,0.001,0.001,0.001,0.001,0.001,0.001,0.001,0.001,0.001,0.001,0.001,0.001,0.001,0,0.001,0.001,0.001,0.001,0.001,0.001,-0.231,-0.49,0.448,-0.712,0.668,0.567,0.586,0.652,1.005,0.802,0.641,0.062,0.706,0.717,0.774,0.737,0.521,0.4,0.46,0.321,0.001,0.803,0.907,0.813,0.516,0.344,0.024,0.241,0.607,0,0,0.543,0.437,0.189,0.011,0.006,0.298,0.579,0.001,0.016,0.002,0.342,0.697,0.002,0.379,0.015,0.084,0,0.017,0.09,17.493
02:07.4,3539,0.42,0.082,-0.666,-0.611,0.543,0.318,0.751,0.202,0.692,0.703,0.147,-0.08,-0.606,-0.761,-0.039,-0.228,0.42,0.474,0.553,0.541,-0.5,0.587,0.629,0.095,0.001,0.001,0.001,0.001,0.001,0.001,0.001,0.001,0.001,0.001,0.001,0.005,0.001,0.001,0.001,0.001,0.001,0.001,0.001,0.001,0.001,0.001,0.001,0,0.042,0,0.001,0.001,0.001,0.001,0.001,0.001,0.001,0.001,0.001,0.001,0.001,0.001,0.001,0.001,0.001,0.001,0.001,0.001,0.001,-0.238,-0.489,0.45,-0.709,0.639,0.557,0.581,0.645,0.999,0.802,0.631,0.063,0.683,0.72,0.773,0.736,0.529,0.405,0.458,0.326,0.001,0.8,0.91,0.808,0.52,0.352,0.026,0.247,0.607,0,0.001,0.534,0.438,0.19,0.011,0.005,0.314,0.586,0.001,0.017,0.004,0.359,0.706,0.011,0.402,0.02,0.093,0.001,0.017,0.088,17.528
02:07.4,3540,0.426,0.08,-0.665,-0.608,0.54,0.318,0.752,0.204,0.688,0.707,0.143,-0.074,-0.604,-0.761,-0.037,-0.232,0.422,0.472,0.552,0.542,-0.498,0.56,0.649,0.129,0.001,0.001,0.001,0.001,0.001,0.001,0.001,0.001,0.001,0.001,0.001,0.001,0.001,0.001,0.001,0.001,0.001,0.001,0.001,0.001,0.001,0.001,0.001,0.001,0.045,0.001,0.001,0.001,0.001,0.001,0.001,0.001,0.001,0.001,0.001,0.001,0.001,0.001,0.001,0.001,0.001,0.001,0.001,0.001,0.001,-0.243,-0.488,0.451,-0.706,0.615,0.543,0.578,0.636,0.999,0.802,0.63,0.062,0.659,0.722,0.774,0.731,0.527,0.419,0.457,0.333,0,0.789,0.913,0.803,0.523,0.361,0.033,0.248,0.607,0,0.001,0.523,0.436,0.198,0.013,0.006,0.325,0.597,0.001,0.028,0.005,0.377,0.709,0.028,0.411,0.023,0.105,0.001,0.016,0.089,17.567
02:07.5,3541,0.431,0.08,-0.664,-0.606,0.535,0.32,0.754,0.207,0.685,0.712,0.139,-0.068,-0.603,-0.761,-0.036,-0.234,0.425,0.469,0.552,0.543,-0.496,0.536,0.665,0.156,0.001,0.001,0.001,0.001,0.001,0.001,0.001,0.001,0,0.001,0.001,0.001,0.001,0.001,0.001,0.001,0.001,0.001,0.001,0.001,0.001,0.001,0.001,0.001,0.044,0.001,0.001,0.001,0.001,0.001,0.001,0.001,0.001,0.001,0.001,0.001,0.001,0.001,0.001,0.001,0.001,0.001,0.001,0.001,0.001,-0.248,-0.487,0.453,-0.704,0.579,0.527,0.57,0.626,0.995,0.81,0.626,0.067,0.63,0.725,0.773,0.733,0.536,0.429,0.458,0.346,0,0.763,0.921,0.801,0.521,0.365,0.042,0.265,0.606,0,0.001,0.504,0.431,0.199,0.013,0.006,0.33,0.604,0,0.032,0.006,0.388,0.713,0.06,0.431,0.031,0.109,0.001,0.015,0.087,17.588
02:07.5,3542,0.435,0.081,-0.663,-0.604,0.528,0.324,0.756,0.211,0.681,0.717,0.135,-0.062,-0.603,-0.761,-0.035,-0.235,0.427,0.466,0.552,0.544,-0.491,0.506,0.683,0.192,0.001,0.001,0.001,0.001,0.001,0.001,0.001,0.001,0.001,0.001,0.001,0.001,0.001,0.001,0.001,0.001,0.001,0.001,0.001,0.001,0.001,0.001,0.001,0.001,0.044,0.001,0.001,0.001,0.001,0.001,0.001,0.001,0.001,0.001,0.001,0.001,0.001,0.001,0.001,0.001,0.001,0.001,0.001,0.001,0.001,-0.254,-0.487,0.454,-0.702,0.54,0.508,0.565,0.621,0.995,0.814,0.625,0.071,0.595,0.73,0.772,0.73,0.537,0.441,0.459,0.353,0.001,0.729,0.928,0.795,0.525,0.368,0.048,0.274,0.614,0.009,0,0.488,0.426,0.203,0.016,0.005,0.346,0.607,0.001,0.038,0.006,0.398,0.714,0.1,0.455,0.038,0.115,0.001,0.016,0.088,17.62
02:07.5,3543,0.439,0.083,-0.661,-0.603,0.521,0.328,0.757,0.218,0.678,0.721,0.131,-0.057,-0.603,-0.761,-0.034,-0.235,0.429,0.464,0.551,0.545,-0.486,0.482,0.695,0.22,0.001,0.001,0.001,0.001,0.001,0.001,0.001,0.001,0.001,0.001,0.001,0.001,0,0.001,0.001,0.001,0.001,0.001,0.001,0.001,0.001,0.001,0.001,0.001,0.045,0.001,0.001,0.001,0.001,0.001,0.001,0.001,0.001,0.001,0.001,0.001,0.001,0.001,0.001,0.001,0,0.001,0.001,0.001,0.001,-0.259,-0.486,0.455,-0.7,0.49,0.488,0.553,0.609,0.99,0.818,0.623,0.07,0.545,0.731,0.775,0.729,0.545,0.452,0.462,0.364,0,0.68,0.935,0.786,0.525,0.379,0.05,0.282,0.62,0.01,0,0.463,0.418,0.204,0.015,0.005,0.352,0.614,0,0.046,0.007,0.404,0.713,0.153,0.486,0.049,0.121,0,0.018,0.087,17.579
02:07.5,3544,0.443,0.086,-0.66,-0.601,0.514,0.33,0.757,0.23,0.674,0.726,0.127,-0.051,-0.604,-0.761,-0.033,-0.233,0.431,0.461,0.551,0.546,-0.48,0.453,0.707,0.254,0.001,0.001,0.001,0.001,0.001,0.001,0.001,0.001,0.001,0.001,0.001,0.001,0.001,0.001,0.001,0.001,0.001,0.001,0.001,0.001,0.001,0.001,0.001,0.001,0.033,0.001,0.001,0.001,0.001,0.001,0.001,0.001,0.001,0.001,0.001,0.001,0.001,0.001,0.001,0.001,0.001,0.001,0.001,0.001,0.001,-0.265,-0.485,0.457,-0.697,0.404,0.473,0.551,0.597,0.988,0.83,0.618,0.081,0.499,0.73,0.777,0.726,0.552,0.464,0.468,0.369,0.001,0.648,0.944,0.773,0.527,0.382,0.049,0.294,0.625,0,0.001,0.436,0.408,0.201,0.015,0.005,0.36,0.621,0,0.05,0.007,0.415,0.711,0.223,0.518,0.055,0.123,0,0.026,0.077,17.545
02:07.5,3545,0.448,0.089,-0.659,-0.598,0.508,0.331,0.756,0.245,0.671,0.73,0.122,-0.046,-0.604,-0.762,-0.032,-0.232,0.432,0.459,0.551,0.546,-0.477,0.428,0.715,0.281,0.001,0.001,0.001,0.001,0.001,0.001,0.001,0.001,0.001,0.001,0.001,0.001,0.001,0.001,0.001,0.001,0.001,0.001,0.001,0.001,0.001,0.001,0.001,0.001,0.031,0.001,0.001,0.001,0.001,0.001,0.001,0.001,0.001,0.001,0.001,0,0.001,0.001,0.001,0.001,0.001,0.001,0.001,0.001,0.001,-0.27,-0.484,0.458,-0.695,0.326,0.459,0.545,0.589,0.985,0.84,0.608,0.083,0.421,0.724,0.777,0.722,0.557,0.477,0.475,0.379,0,0.626,0.952,0.766,0.525,0.388,0.05,0.308,0.634,0.002,0.001,0.407,0.397,0.198,0.013,0.005,0.369,0.624,0,0.055,0.009,0.422,0.706,0.271,0.512,0.061,0.137,0.001,0.032,0.074,17.438
02:07.5,3546,0.453,0.093,-0.658,-0.595,0.502,0.332,0.754,0.263,0.668,0.734,0.117,-0.041,-0.604,-0.762,-0.031,-0.232,0.434,0.458,0.552,0.546,-0.477,0.428,0.715,0.281,0.001,0.001,0.001,0.001,0.001,0.001,0.001,0.001,0.001,0.001,0.001,0.001,0.001,0.001,0.001,0.001,0.001,0.001,0.001,0.001,0.001,0.001,0.001,0.001,0.031,0.001,0.001,0.001,0.001,0.001,0.001,0.001,0.001,0.001,0.001,0,0.001,0.001,0.001,0.001,0.001,0.001,0.001,0.001,0.001,-0.27,-0.484,0.458,-0.695,0.326,0.459,0.545,0.589,0.985,0.84,0.608,0.083,0.421,0.724,0.777,0.722,0.557,0.477,0.475,0.379,0,0.626,0.952,0.766,0.525,0.388,0.05,0.308,0.634,0.002,0.001,0.407,0.397,0.198,0.013,0.005,0.369,0.624,0,0.055,0.009,0.422,0.706,0.271,0.512,0.061,0.137,0.001,0.032,0.074,17.438
02:07.5,3547,0.458,0.097,-0.656,-0.591,0.496,0.333,0.751,0.281,0.665,0.737,0.112,-0.036,-0.604,-0.762,-0.03,-0.232,0.435,0.457,0.553,0.545,-0.477,0.428,0.715,0.281,0.001,0.001,0.001,0.001,0.001,0.001,0.001,0.001,0.001,0.001,0.001,0.001,0.001,0.001,0.001,0.001,0.001,0.001,0.001,0.001,0.001,0.001,0.001,0.001,0.031,0.001,0.001,0.001,0.001,0.001,0.001,0.001,0.001,0.001,0.001,0,0.001,0.001,0.001,0.001,0.001,0.001,0.001,0.001,0.001,-0.27,-0.484,0.458,-0.695,0.326,0.459,0.545,0.589,0.985,0.84,0.608,0.083,0.421,0.724,0.777,0.722,0.557,0.477,0.475,0.379,0,0.626,0.952,0.766,0.525,0.388,0.05,0.308,0.634,0.002,0.001,0.407,0.397,0.198,0.013,0.005,0.369,0.624,0,0.055,0.009,0.422,0.706,0.271,0.512,0.061,0.137,0.001,0.032,0.074,17.438
02:07.5,3548,0.463,0.102,-0.655,-0.588,0.489,0.334,0.747,0.301,0.663,0.741,0.107,-0.03,-0.603,-0.762,-0.028,-0.234,0.436,0.456,0.554,0.544,-0.477,0.428,0.715,0.281,0.001,0.001,0.001,0.001,0.001,0.001,0.001,0.001,0.001,0.001,0.001,0.001,0.001,0.001,0.001,0.001,0.001,0.001,0.001,0.001,0.001,0.001,0.001,0.001,0.031,0.001,0.001,0.001,0.001,0.001,0.001,0.001,0.001,0.001,0.001,0,0.001,0.001,0.001,0.001,0.001,0.001,0.001,0.001,0.001,-0.27,-0.484,0.458,-0.695,0.326,0.459,0.545,0.589,0.985,0.84,0.608,0.083,0.421,0.724,0.777,0.722,0.557,0.477,0.475,0.379,0,0.626,0.952,0.766,0.525,0.388,0.05,0.308,0.634,0.002,0.001,0.407,0.397,0.198,0.013,0.005,0.369,0.624,0,0.055,0.009,0.422,0.706,0.271,0.512,0.061,0.137,0.001,0.032,0.074,17.438
02:07.5,3549,0.466,0.108,-0.654,-0.585,0.483,0.335,0.743,0.321,0.66,0.744,0.102,-0.024,-0.603,-0.761,-0.028,-0.237,0.436,0.455,0.555,0.543,-0.477,0.428,0.715,0.281,0.001,0.001,0.001,0.001,0.001,0.001,0.001,0.001,0.001,0.001,0.001,0.001,0.001,0.001,0.001,0.001,0.001,0.001,0.001,0.001,0.001,0.001,0.001,0.001,0.031,0.001,0.001,0.001,0.001,0.001,0.001,0.001,0.001,0.001,0.001,0,0.001,0.001,0.001,0.001,0.001,0.001,0.001,0.001,0.001,-0.27,-0.484,0.458,-0.695,0.326,0.459,0.545,0.589,0.985,0.84,0.608,0.083,0.421,0.724,0.777,0.722,0.557,0.477,0.475,0.379,0,0.626,0.952,0.766,0.525,0.388,0.05,0.308,0.634,0.002,0.001,0.407,0.397,0.198,0.013,0.005,0.369,0.624,0,0.055,0.009,0.422,0.706,0.271,0.512,0.061,0.137,0.001,0.032,0.074,17.438
02:07.6,3550,0.468,0.115,-0.654,-0.583,0.476,0.337,0.737,0.342,0.657,0.747,0.097,-0.018,-0.603,-0.76,-0.028,-0.239,0.437,0.454,0.557,0.541,-0.477,0.428,0.715,0.281,0.001,0.001,0.001,0.001,0.001,0.001,0.001,0.001,0.001,0.001,0.001,0.001,0.001,0.001,0.001,0.001,0.001,0.001,0.001,0.001,0.001,0.001,0.001,0.001,0.031,0.001,0.001,0.001,0.001,0.001,0.001,0.001,0.001,0.001,0.001,0,0.001,0.001,0.001,0.001,0.001,0.001,0.001,0.001,0.001,-0.27,-0.484,0.458,-0.695,0.326,0.459,0.545,0.589,0.985,0.84,0.608,0.083,0.421,0.724,0.777,0.722,0.557,0.477,0.475,0.379,0,0.626,0.952,0.766,0.525,0.388,0.05,0.308,0.634,0.002,0.001,0.407,0.397,0.198,0.013,0.005,0.369,0.624,0,0.055,0.009,0.422,0.706,0.271,0.512,0.061,0.137,0.001,0.032,0.074,17.438
02:07.6,3551,0.468,0.123,-0.653,-0.582,0.469,0.34,0.73,0.363,0.655,0.75,0.092,-0.011,-0.603,-0.76,-0.029,-0.242,0.437,0.453,0.559,0.54,-0.477,0.428,0.715,0.281,0.001,0.001,0.001,0.001,0.001,0.001,0.001,0.001,0.001,0.001,0.001,0.001,0.001,0.001,0.001,0.001,0.001,0.001,0.001,0.001,0.001,0.001,0.001,0.001,0.031,0.001,0.001,0.001,0.001,0.001,0.001,0.001,0.001,0.001,0.001,0,0.001,0.001,0.001,0.001,0.001,0.001,0.001,0.001,0.001,-0.27,-0.484,0.458,-0.695,0.326,0.459,0.545,0.589,0.985,0.84,0.608,0.083,0.421,0.724,0.777,0.722,0.557,0.477,0.475,0.379,0,0.626,0.952,0.766,0.525,0.388,0.05,0.308,0.634,0.002,0.001,0.407,0.397,0.198,0.013,0.005,0.369,0.624,0,0.055,0.009,0.422,0.706,0.271,0.512,0.061,0.137,0.001,0.032,0.074,17.438
02:07.6,3552,0.465,0.133,-0.653,-0.583,0.461,0.344,0.722,0.385,0.653,0.752,0.088,-0.004,-0.603,-0.759,-0.03,-0.243,0.438,0.452,0.56,0.538,-0.466,0.241,0.744,0.414,0.001,0.001,0.001,0.001,0.001,0.001,0.001,0.001,0.001,0.001,0.001,0.001,0.001,0.001,0.001,0.001,0.001,0.001,0.001,0.001,0.001,0.001,0.001,0.001,0.031,0.001,0.001,0.001,0.001,0.001,0.001,0.001,0.001,0.001,0.001,0.001,0.001,0.001,0.001,0.001,0.001,0.001,0.001,0.001,0.001,-0.305,-0.475,0.468,-0.68,0.261,0.447,0.541,0.579,0.983,0.85,0.604,0.093,0.365,0.722,0.777,0.722,0.563,0.488,0.476,0.383,0.001,0.576,0.958,0.755,0.52,0.389,0.049,0.324,0.636,0.024,0.001,0.368,0.385,0.184,0.009,0.005,0.379,0.623,0,0.057,0.009,0.43,0.705,0.299,0.525,0.066,0.142,0,0.035,0.075,17.308
02:07.6,3553,0.46,0.144,-0.653,-0.584,0.453,0.349,0.713,0.406,0.651,0.754,0.085,0.004,-0.604,-0.758,-0.031,-0.244,0.437,0.452,0.562,0.537,-0.466,0.214,0.747,0.423,0.001,0.001,0.001,0.001,0.001,0.001,0.001,0.001,0.001,0.001,0.001,0.001,0.001,0.001,0.001,0.001,0.001,0.001,0.001,0.001,0.001,0.001,0.001,0.001,0.016,0.001,0.001,0.001,0.001,0,0.001,0.001,0.001,0.001,0.001,0.001,0.001,0.001,0.001,0.001,0.001,0.001,0.001,0.001,0.001,-0.309,-0.473,0.469,-0.678,0,0.181,0.397,0.427,0.988,0.886,0.564,0.132,0,0.501,0.645,0.625,0.596,0.564,0.482,0.443,0.002,0.001,0.763,0.619,0.392,0.331,0.083,0.43,0.659,0.212,0.068,0.081,0.171,0.14,0.005,0.011,0.453,0.623,0.013,0.071,0.006,0.501,0.702,0.929,0.856,0.09,0.189,0.001,0.049,0.059,15.882
02:07.6,3554,0.453,0.155,-0.654,-0.586,0.444,0.354,0.703,0.428,0.649,0.756,0.082,0.011,-0.605,-0.757,-0.033,-0.245,0.437,0.451,0.563,0.537,-0.466,0.182,0.75,0.432,0.001,0.001,0.001,0.001,0.001,0.001,0.001,0.001,0.001,0.001,0.001,0.001,0.001,0.001,0.001,0.001,0.001,0.001,0.001,0.001,0.001,0.001,0.001,0.001,0.012,0.001,0.001,0.001,0.001,0.001,0.001,0.001,0.001,0.001,0.001,0.001,0.001,0.001,0.001,0.001,0.001,0.001,0.001,0.001,0.001,-0.314,-0.472,0.47,-0.676,0,0.133,0.372,0.4,0.985,0.877,0.559,0.138,0,0.449,0.621,0.582,0.601,0.574,0.487,0.451,0.002,0.001,0.696,0.571,0.358,0.315,0.093,0.444,0.663,0.219,0.087,0.048,0.129,0.123,0.005,0.011,0.462,0.621,0.044,0.101,0.007,0.507,0.705,1.015,0.857,0.087,0.192,0.006,0.054,0.056,15.652
02:07.6,3555,0.445,0.168,-0.654,-0.588,0.434,0.361,0.693,0.449,0.647,0.758,0.081,0.017,-0.606,-0.756,-0.035,-0.245,0.435,0.451,0.564,0.537,-0.468,0.155,0.752,0.438,0.001,0.001,0.001,0.001,0.001,0.001,0.001,0.001,0.001,0.001,0.001,0.001,0.001,0.001,0.001,0.001,0.001,0.001,0.001,0.001,0.001,0.001,0.001,0.001,0.007,0.001,0.001,0.001,0.001,0.001,0.001,0.001,0.001,0.001,0.001,0.001,0.001,0.001,0.001,0.001,0.001,0.001,0.001,0.001,0,-0.318,-0.47,0.471,-0.675,0,0.11,0.326,0.397,0.984,0.871,0.552,0.145,0,0.399,0.625,0.547,0.598,0.58,0.486,0.453,0.002,0,0.634,0.54,0.309,0.294,0.101,0.463,0.667,0.239,0.106,0.012,0.078,0.112,0.004,0.011,0.474,0.623,0.071,0.115,0.007,0.507,0.705,1.09,0.899,0.099,0.193,0.029,0.059,0.05,15.516
02:07.6,3556,0.435,0.181,-0.655,-0.591,0.423,0.367,0.682,0.47,0.646,0.759,0.079,0.023,-0.606,-0.756,-0.036,-0.245,0.433,0.451,0.565,0.537,-0.473,0.118,0.753,0.442,0.001,0.001,0.001,0.001,0.001,0.001,0.001,0.001,0.001,0.001,0.001,0.001,0.001,0.001,0.001,0.001,0.001,0.001,0.001,0.001,0.001,0.001,0.001,0.001,0.006,0.001,0.001,0.001,0.001,0.001,0.001,0.001,0.001,0.001,0,0.001,0.001,0.001,0.001,0,0.001,0.001,0.001,0.001,0.001,-0.322,-0.468,0.473,-0.674,0,0.061,0.283,0.386,0.968,0.871,0.545,0.149,0,0.372,0.614,0.53,0.596,0.58,0.491,0.455,0.002,0,0.57,0.541,0.277,0.284,0.107,0.469,0.672,0.254,0.143,0.002,0.044,0.098,0.005,0.013,0.482,0.626,0.095,0.125,0.007,0.51,0.703,1.136,0.915,0.106,0.197,0.038,0.079,0.048,15.401
02:07.6,3557,0.423,0.195,-0.656,-0.594,0.412,0.375,0.67,0.49,0.645,0.76,0.078,0.03,-0.606,-0.756,-0.038,-0.245,0.431,0.452,0.566,0.538,-0.476,0.092,0.755,0.442,0.001,0.001,0.001,0.001,0.001,0.001,0.001,0.001,0.001,0.001,0.001,0.001,0.001,0.001,0.001,0.001,0.001,0.001,0.001,0.001,0.001,0.001,0.001,0.001,0.009,0.001,0.001,0.001,0.001,0.001,0.001,0.001,0.001,0.001,0.001,0.001,0.001,0.001,0.001,0.001,0.001,0.001,0.001,0.001,0.001,-0.327,-0.465,0.474,-0.672,0,0.024,0.23,0.37,0.946,0.863,0.541,0.158,0.001,0.286,0.607,0.505,0.591,0.585,0.496,0.458,0.005,0.001,0.502,0.526,0.252,0.248,0.112,0.48,0.674,0.278,0.161,0.001,0.006,0.076,0.005,0.013,0.487,0.625,0.117,0.14,0.009,0.515,0.7,1.183,0.951,0.111,0.204,0.045,0.085,0.053,15.173
02:07.6,3558,0.41,0.208,-0.657,-0.597,0.4,0.383,0.659,0.51,0.644,0.761,0.077,0.036,-0.606,-0.755,-0.039,-0.246,0.428,0.452,0.568,0.539,-0.476,0.092,0.755,0.442,0.001,0.001,0.001,0.001,0.001,0.001,0.001,0.001,0.001,0.001,0.001,0.001,0.001,0.001,0.001,0.001,0.001,0.001,0.001,0.001,0.001,0.001,0.001,0.001,0.009,0.001,0.001,0.001,0.001,0.001,0.001,0.001,0.001,0.001,0.001,0.001,0.001,0.001,0.001,0.001,0.001,0.001,0.001,0.001,0.001,-0.331,-0.463,0.475,-0.671,0,0.001,0.172,0.357,0.932,0.846,0.536,0.162,0,0.211,0.586,0.497,0.567,0.587,0.499,0.462,0.007,0,0.449,0.486,0.195,0.233,0.11,0.487,0.679,0.287,0.181,0.001,0.004,0.062,0.005,0.013,0.492,0.624,0.145,0.17,0.009,0.519,0.7,1.2,0.976,0.115,0.205,0.063,0.105,0.053,14.937
02:07.6,3559,0.396,0.222,-0.659,-0.6,0.386,0.391,0.647,0.528,0.642,0.761,0.077,0.041,-0.606,-0.755,-0.04,-0.247,0.424,0.453,0.569,0.54,-0.476,0.092,0.755,0.442,0.001,0.001,0.001,0.001,0.001,0.001,0.001,0.001,0.001,0.001,0.001,0.001,0.001,0.001,0.001,0.001,0.001,0.001,0.001,0.001,0.001,0.001,0.001,0.001,0.009,0.001,0.001,0.001,0.001,0.001,0.001,0.001,0.001,0.001,0.001,0.001,0.001,0.001,0.001,0.001,0.001,0.001,0.001,0.001,0.001,-0.331,-0.463,0.475,-0.671,0,0.001,0.172,0.357,0.932,0.846,0.536,0.162,0,0.211,0.586,0.497,0.567,0.587,0.499,0.462,0.007,0,0.449,0.486,0.195,0.233,0.11,0.487,0.679,0.287,0.181,0.001,0.004,0.062,0.005,0.013,0.492,0.624,0.145,0.17,0.009,0.519,0.7,1.2,0.976,0.115,0.205,0.063,0.105,0.053,14.937
02:07.7,3560,0.381,0.235,-0.66,-0.603,0.371,0.399,0.635,0.547,0.641,0.762,0.077,0.046,-0.605,-0.755,-0.041,-0.249,0.421,0.453,0.57,0.541,-0.476,0.092,0.755,0.442,0.001,0.001,0.001,0.001,0.001,0.001,0.001,0.001,0.001,0.001,0.001,0.001,0.001,0.001,0.001,0.001,0.001,0.001,0.001,0.001,0.001,0.001,0.001,0.001,0.009,0.001,0.001,0.001,0.001,0.001,0.001,0.001,0.001,0.001,0.001,0.001,0.001,0.001,0.001,0.001,0.001,0.001,0.001,0.001,0.001,-0.331,-0.463,0.475,-0.671,0,0.001,0.172,0.357,0.932,0.846,0.536,0.162,0,0.211,0.586,0.497,0.567,0.587,0.499,0.462,0.007,0,0.449,0.486,0.195,0.233,0.11,0.487,0.679,0.287,0.181,0.001,0.004,0.062,0.005,0.013,0.492,0.624,0.145,0.17,0.009,0.519,0.7,1.2,0.976,0.115,0.205,0.063,0.105,0.053,14.937
02:07.7,3561,0.366,0.248,-0.661,-0.606,0.354,0.405,0.625,0.565,0.64,0.763,0.078,0.051,-0.604,-0.755,-0.042,-0.251,0.417,0.453,0.571,0.542,-0.476,0.092,0.755,0.442,0.001,0.001,0.001,0.001,0.001,0.001,0.001,0.001,0.001,0.001,0.001,0.001,0.001,0.001,0.001,0.001,0.001,0.001,0.001,0.001,0.001,0.001,0.001,0.001,0.009,0.001,0.001,0.001,0.001,0.001,0.001,0.001,0.001,0.001,0.001,0.001,0.001,0.001,0.001,0.001,0.001,0.001,0.001,0.001,0.001,-0.331,-0.463,0.475,-0.671,0,0.001,0.172,0.357,0.932,0.846,0.536,0.162,0,0.211,0.586,0.497,0.567,0.587,0.499,0.462,0.007,0,0.449,0.486,0.195,0.233,0.11,0.487,0.679,0.287,0.181,0.001,0.004,0.062,0.005,0.013,0.492,0.624,0.145,0.17,0.009,0.519,0.7,1.2,0.976,0.115,0.205,0.063,0.105,0.053,14.937
02:07.7,3562,0.352,0.259,-0.661,-0.61,0.339,0.41,0.615,0.583,0.639,0.763,0.078,0.055,-0.603,-0.755,-0.043,-0.254,0.413,0.453,0.573,0.544,-0.476,0.092,0.755,0.442,0.001,0.001,0.001,0.001,0.001,0.001,0.001,0.001,0.001,0.001,0.001,0.001,0.001,0.001,0.001,0.001,0.001,0.001,0.001,0.001,0.001,0.001,0.001,0.001,0.009,0.001,0.001,0.001,0.001,0.001,0.001,0.001,0.001,0.001,0.001,0.001,0.001,0.001,0.001,0.001,0.001,0.001,0.001,0.001,0.001,-0.331,-0.463,0.475,-0.671,0,0.001,0.172,0.357,0.932,0.846,0.536,0.162,0,0.211,0.586,0.497,0.567,0.587,0.499,0.462,0.007,0,0.449,0.486,0.195,0.233,0.11,0.487,0.679,0.287,0.181,0.001,0.004,0.062,0.005,0.013,0.492,0.624,0.145,0.17,0.009,0.519,0.7,1.2,0.976,0.115,0.205,0.063,0.105,0.053,14.937
02:07.7,3563,0.342,0.267,-0.659,-0.614,0.324,0.412,0.606,0.598,0.638,0.764,0.079,0.058,-0.602,-0.755,-0.045,-0.255,0.41,0.452,0.574,0.546,-0.476,0.092,0.755,0.442,0.001,0.001,0.001,0.001,0.001,0.001,0.001,0.001,0.001,0.001,0.001,0.001,0.001,0.001,0.001,0.001,0.001,0.001,0.001,0.001,0.001,0.001,0.001,0.001,0.009,0.001,0.001,0.001,0.001,0.001,0.001,0.001,0.001,0.001,0.001,0.001,0.001,0.001,0.001,0.001,0.001,0.001,0.001,0.001,0.001,-0.331,-0.463,0.475,-0.671,0,0.001,0.172,0.357,0.932,0.846,0.536,0.162,0,0.211,0.586,0.497,0.567,0.587,0.499,0.462,0.007,0,0.449,0.486,0.195,0.233,0.11,0.487,0.679,0.287,0.181,0.001,0.004,0.062,0.005,0.013,0.492,0.624,0.145,0.17,0.009,0.519,0.7,1.2,0.976,0.115,0.205,0.063,0.105,0.053,14.937
02:07.7,3564,0.335,0.273,-0.656,-0.619,0.311,0.413,0.599,0.612,0.637,0.764,0.081,0.061,-0.601,-0.755,-0.046,-0.258,0.406,0.452,0.575,0.548,-0.469,-0.036,0.712,0.521,0.001,0.001,0.001,0.001,0.001,0.001,0.001,0.001,0.001,0.001,0.001,0.001,0.001,0.001,0.001,0.001,0.001,0.001,0.001,0.001,0.001,0.001,0.001,0.001,0.009,0.001,0.001,0.001,0.001,0.001,0.001,0.001,0.001,0.001,0.001,0.001,0.001,0.001,0.001,0.001,0.001,0.001,0.001,0.001,0.001,-0.331,-0.463,0.475,-0.671,0,0.001,0.172,0.357,0.932,0.846,0.536,0.162,0,0.211,0.586,0.497,0.567,0.587,0.499,0.462,0.007,0,0.449,0.486,0.195,0.233,0.11,0.487,0.679,0.287,0.181,0.001,0.004,0.062,0.005,0.013,0.492,0.624,0.145,0.17,0.009,0.519,0.7,1.2,0.976,0.115,0.205,0.063,0.105,0.053,14.937
02:07.7,3565,0.33,0.276,-0.652,-0.624,0.299,0.413,0.594,0.622,0.636,0.765,0.082,0.063,-0.6,-0.755,-0.047,-0.26,0.403,0.451,0.576,0.55,-0.463,-0.039,0.699,0.543,0.001,0.001,0.001,0.001,0.001,0.001,0.001,0.001,0.001,0.001,0.001,0.001,0.001,0.001,0.001,0.001,0.001,0.001,0.001,0.001,0.001,0.001,0.001,0.001,0.004,0.001,0,0.001,0.001,0.001,0.001,0,0.001,0.001,0.001,0.001,0.001,0.001,0.001,0.001,0.001,0.001,0.001,0.001,0.001,-0.369,-0.432,0.483,-0.667,0,0.001,0.156,0.358,0.93,0.834,0.537,0.165,0.001,0.195,0.575,0.504,0.562,0.598,0.501,0.462,0.009,0,0.437,0.482,0.188,0.225,0.11,0.487,0.679,0.287,0.187,0.001,0.004,0.061,0.005,0.013,0.491,0.624,0.148,0.172,0.009,0.521,0.7,1.219,0.984,0.117,0.206,0.066,0.104,0.046,14.915
02:07.7,3566,0.327,0.277,-0.649,-0.628,0.29,0.414,0.59,0.63,0.635,0.765,0.084,0.065,-0.599,-0.755,-0.049,-0.262,0.4,0.45,0.577,0.552,-0.456,-0.042,0.684,0.568,0.001,0.001,0.001,0.001,0.001,0.001,0.001,0.001,0.001,0.001,0.001,0.001,0.001,0.001,0.001,0.001,0.001,0.001,0.001,0.001,0.001,0.001,0.001,0.001,0.004,0.001,0.001,0.001,0.001,0.001,0.001,0.001,0.001,0.001,0.001,0.001,0.001,0.001,0.001,0.001,0.001,0.001,0.001,0.001,0.001,-0.372,-0.427,0.482,-0.668,0.001,0.001,0,0.035,0.802,0.851,0.495,0.178,0,0,0.156,0.147,0.413,0.512,0.524,0.479,0.066,0.001,0.01,0.059,0.001,0.028,0.048,0.537,0.696,0.349,0.32,0,0.001,0.001,0.002,0.012,0.501,0.618,0.281,0.366,0.005,0.562,0.719,1.278,1.133,0.129,0.219,0.215,0.234,0.048,12.985
02:07.7,3567,0.326,0.275,-0.647,-0.631,0.285,0.416,0.587,0.634,0.635,0.765,0.086,0.066,-0.599,-0.755,-0.05,-0.263,0.397,0.448,0.578,0.554,-0.452,-0.044,0.673,0.584,0.001,0.001,0.001,0.001,0.001,0.001,0.001,0.001,0,0.001,0.001,0.001,0.001,0.001,0.001,0.001,0.001,0.001,0.001,0.001,0.001,0.001,0.001,0.001,0.011,0.001,0.001,0.001,0.001,0.001,0,0.001,0.001,0.001,0.001,0.001,0.001,0.001,0.001,0.001,0.001,0.001,0.001,0.001,0.001,-0.375,-0.421,0.482,-0.67,0,0,0,0.016,0.742,0.863,0.498,0.177,0.001,0,0.139,0.088,0.32,0.496,0.527,0.477,0.076,0,0.007,0.037,0.001,0.016,0.023,0.534,0.696,0.347,0.342,0,0,0.001,0.002,0.012,0.497,0.618,0.305,0.38,0.005,0.563,0.726,1.272,1.142,0.133,0.219,0.231,0.259,0.053,12.788
02:07.7,3568,0.326,0.271,-0.649,-0.632,0.283,0.418,0.585,0.634,0.635,0.765,0.088,0.067,-0.599,-0.754,-0.051,-0.264,0.396,0.446,0.579,0.556,-0.449,-0.039,0.666,0.594,0.001,0.001,0.001,0.001,0.001,0.001,0.001,0.001,0.001,0.001,0.001,0.001,0.001,0.001,0.001,0.001,0.001,0.001,0.001,0.001,0.001,0.001,0.001,0.001,0.017,0.001,0.001,0.001,0.001,0.001,0.001,0.001,0.001,0.001,0.001,0.001,0.001,0.001,0.001,0.001,0.001,0.001,0.001,0.001,0.001,-0.375,-0.421,0.482,-0.67,0,0,0,0.016,0.742,0.863,0.498,0.177,0.001,0,0.139,0.088,0.32,0.496,0.527,0.477,0.076,0,0.007,0.037,0.001,0.016,0.023,0.534,0.696,0.347,0.342,0,0,0.001,0.002,0.012,0.497,0.618,0.305,0.38,0.005,0.563,0.726,1.272,1.142,0.133,0.219,0.231,0.259,0.061,12.788
02:07.7,3569,0.326,0.264,-0.652,-0.631,0.284,0.42,0.586,0.632,0.635,0.764,0.091,0.067,-0.599,-0.754,-0.052,-0.264,0.396,0.442,0.58,0.558,-0.45,-0.027,0.653,0.609,0.001,0.001,0.001,0.001,0.001,0.001,0.001,0.001,0.001,0.001,0.001,0.001,0.001,0.001,0.001,0.001,0.001,0.001,0.001,0.001,0.001,0.001,0,0.001,0.022,0.001,0.001,0.001,0.001,0.001,0.001,0.001,0.001,0.001,0.001,0.001,0.001,0.001,0.001,0.001,0.001,0.001,0.001,0.001,0.001,-0.378,-0.414,0.482,-0.673,0,0,0.001,0,0.465,0.841,0.498,0.176,0,0,0.116,0.024,0.171,0.431,0.547,0.479,0.096,0,0.001,0.021,0.001,0.001,0.01,0.537,0.697,0.35,0.349,0.001,0.001,0,0.001,0.004,0.479,0.615,0.326,0.419,0.005,0.559,0.731,1.244,1.167,0.137,0.227,0.282,0.306,0.065,12.316
02:07.7,3570,0.328,0.254,-0.657,-0.63,0.288,0.423,0.59,0.624,0.635,0.763,0.095,0.066,-0.6,-0.754,-0.053,-0.264,0.397,0.439,0.581,0.559,-0.456,-0.013,0.637,0.621,0.001,0.001,0.001,0.001,0.001,0.001,0.001,0.001,0.001,0.032,0.006,0.001,0.001,0.001,0.001,0.001,0.001,0.001,0.002,0.001,0.001,0.001,0.001,0.001,0.023,0.001,0.001,0.001,0.001,0.001,0.001,0.001,0.001,0.001,0.001,0.001,0.001,0.001,0.001,0.001,0.001,0.001,0.001,0.001,0.001,-0.379,-0.41,0.482,-0.675,0,0.001,0.001,0.001,0.37,0.757,0.503,0.172,0,0.001,0.093,0.007,0.099,0.358,0.556,0.479,0.099,0,0.001,0.017,0,0,0.002,0.538,0.702,0.35,0.355,0,0,0,0,0.002,0.465,0.615,0.336,0.432,0.004,0.553,0.735,1.236,1.164,0.137,0.23,0.304,0.352,0.104,12.027
02:07.8,3571,0.331,0.243,-0.66,-0.629,0.294,0.428,0.598,0.61,0.636,0.763,0.099,0.065,-0.6,-0.753,-0.053,-0.263,0.398,0.436,0.582,0.559,-0.465,0.014,0.622,0.63,0.051,0.001,0.001,0.001,0.001,0.001,0.001,0.001,0.001,0.176,0.033,0.001,0.001,0.001,0.001,0.001,0.001,0.001,0.05,0.001,0.001,0.001,0.001,0.001,0.024,0.001,0.001,0.001,0.001,0.001,0.001,0.001,0.001,0.001,0.001,0.001,0.001,0.001,0.001,0.001,0.001,0.001,0.001,0.001,0.001,-0.379,-0.408,0.482,-0.676,0,0,0,0,0.282,0.637,0.508,0.17,0,0.001,0.066,0,0.056,0.225,0.571,0.477,0.114,0,0.001,0.006,0.001,0.001,0.001,0.536,0.702,0.348,0.363,0,0,0,0,0.001,0.449,0.615,0.341,0.435,0.002,0.537,0.737,1.234,1.177,0.132,0.233,0.324,0.379,0.374,11.662
02:07.8,3572,0.336,0.232,-0.662,-0.629,0.298,0.431,0.609,0.595,0.637,0.761,0.103,0.063,-0.601,-0.753,-0.052,-0.263,0.4,0.433,0.584,0.558,-0.472,0.042,0.618,0.627,0.512,0.179,0.001,0.001,0.001,0.001,0.001,0.001,0.535,0.405,0.081,0.001,0.001,0.001,0.001,0.001,0.001,0.001,0.321,0.001,0.001,0.001,0.001,0.001,0.024,0.001,0.001,0.001,0.001,0.001,0.001,0.001,0.001,0.001,0.001,0.001,0.001,0.001,0.001,0.001,0.001,0.001,0.001,0.001,0.001,-0.38,-0.405,0.483,-0.677,0,0,0.001,0,0.241,0.552,0.525,0.165,0,0.001,0.038,0,0.018,0.147,0.585,0.475,0.125,0,0.001,0.01,0.001,0,0.001,0.527,0.7,0.347,0.37,0,0,0.001,0.001,0.001,0.44,0.617,0.337,0.436,0.001,0.518,0.744,1.221,1.175,0.128,0.237,0.342,0.405,2.095,11.434
02:07.8,3573,0.343,0.222,-0.663,-0.627,0.3,0.431,0.622,0.581,0.638,0.76,0.107,0.06,-0.6,-0.753,-0.05,-0.264,0.403,0.431,0.585,0.556,-0.489,0.088,0.608,0.62,0.839,0.327,0.001,0.001,0.001,0.001,0.001,0.001,0.908,0.576,0.118,0.001,0.001,0.001,0.001,0.001,0.001,0.172,0.44,0.026,0.001,0.001,0.001,0.001,0.023,0.001,0.001,0.001,0.001,0.001,0.001,0.001,0.001,0.001,0.001,0.001,0.001,0.001,0.001,0.001,0.001,0.001,0.001,0.001,0.001,-0.379,-0.404,0.48,-0.68,0,0.001,0,0,0.165,0.471,0.538,0.159,0.001,0.001,0.033,0.001,0,0.098,0.597,0.479,0.126,0,0.001,0.002,0,0.001,0.001,0.515,0.698,0.333,0.372,0.001,0.001,0.001,0,0,0.429,0.615,0.346,0.44,0,0.476,0.748,1.215,1.173,0.118,0.237,0.354,0.436,3.465,11.183
02:07.8,3574,0.351,0.213,-0.664,-0.624,0.301,0.429,0.635,0.568,0.639,0.759,0.112,0.056,-0.6,-0.753,-0.047,-0.266,0.406,0.429,0.587,0.554,-0.499,0.136,0.588,0.622,0.9,0.563,0.001,0.001,0.001,0.001,0.001,0.001,0.96,0.755,0.227,0.001,0.001,0.001,0.001,0.001,0.001,0.424,0.56,0.057,0.001,0.001,0.001,0.001,0.037,0.001,0.001,0.006,0.001,0.001,0.001,0.001,0.001,0.001,0.001,0.001,0.001,0.001,0.001,0.001,0.001,0.001,0.001,0.001,0.001,-0.373,-0.408,0.476,-0.684,0,0.001,0.001,0.001,0.098,0.41,0.531,0.158,0,0,0.02,0.001,0.001,0.062,0.604,0.481,0.143,0,0,0,0,0.001,0.011,0.515,0.701,0.336,0.381,0,0.001,0,0,0.001,0.399,0.617,0.349,0.452,0.001,0.46,0.752,1.201,1.17,0.105,0.232,0.364,0.444,4.524,11.005
02:07.8,3575,0.358,0.207,-0.666,-0.621,0.305,0.429,0.643,0.557,0.641,0.757,0.117,0.052,-0.598,-0.753,-0.043,-0.269,0.409,0.428,0.587,0.552,-0.519,0.167,0.575,0.609,0.874,0.684,0.042,0.001,0.001,0.001,0.001,0.001,0.961,0.864,0.418,0.001,0.001,0.001,0.001,0.001,0.001,0.496,0.73,0.11,0.001,0.001,0.001,0.001,0.044,0.001,0.001,0.083,0.001,0.001,0.001,0,0.001,0.001,0.001,0.001,0.001,0.001,0.016,0.001,0.001,0.001,0.001,0.001,0.001,-0.369,-0.409,0.473,-0.688,0,0,0.001,0.001,0.046,0.361,0.515,0.15,0,0,0.011,0.001,0.001,0.072,0.585,0.471,0.151,0,0,0.001,0,0,0.021,0.496,0.702,0.328,0.388,0.001,0.001,0.001,0,0,0.352,0.628,0.344,0.438,0.001,0.47,0.752,1.19,1.178,0.1,0.231,0.376,0.465,5.354,10.83
02:07.8,3576,0.362,0.202,-0.667,-0.619,0.319,0.436,0.636,0.551,0.643,0.755,0.122,0.047,-0.597,-0.754,-0.039,-0.272,0.412,0.426,0.586,0.552,-0.547,0.158,0.594,0.569,0.871,0.718,0.242,0.001,0.04,0.001,0.001,0.001,0.963,0.883,0.612,0.001,0.001,0.001,0.001,0.001,0.001,0.541,0.847,0.299,0.001,0.001,0.001,0.001,0.074,0.001,0.001,0.154,0.001,0.001,0.001,0.001,0.001,0.006,0.001,0.001,0.001,0.001,0.05,0.001,0.001,0.001,0.001,0.001,0.001,-0.369,-0.409,0.473,-0.688,0,0,0.001,0.001,0.046,0.361,0.515,0.15,0,0,0.011,0.001,0.001,0.072,0.585,0.471,0.151,0,0,0.001,0,0,0.021,0.496,0.702,0.328,0.388,0.001,0.001,0.001,0,0,0.352,0.628,0.344,0.438,0.001,0.47,0.752,1.19,1.178,0.1,0.231,0.376,0.465,6.331,10.83
02:07.8,3577,0.363,0.198,-0.668,-0.618,0.326,0.44,0.628,0.553,0.646,0.751,0.129,0.042,-0.594,-0.754,-0.035,-0.276,0.414,0.426,0.585,0.552,-0.574,0.139,0.624,0.511,0.885,0.759,0.553,0.001,0.131,0.001,0.001,0.001,0.944,0.869,0.752,0.001,0.001,0.001,0.001,0.011,0.001,0.549,0.879,0.53,0.001,0.001,0.001,0.001,0.088,0.001,0.001,0.197,0.002,0.001,0.001,0.001,0.001,0.009,0.001,0.001,0.001,0.001,0.071,0.001,0.001,0.001,0.001,0.001,0.001,-0.369,-0.409,0.473,-0.688,0,0,0.001,0.001,0.046,0.361,0.515,0.15,0,0,0.011,0.001,0.001,0.072,0.585,0.471,0.151,0,0,0.001,0,0,0.021,0.496,0.702,0.328,0.388,0.001,0.001,0.001,0,0,0.352,0.628,0.344,0.438,0.001,0.47,0.752,1.19,1.178,0.1,0.231,0.376,0.465,7.258,10.83
02:07.8,3578,0.364,0.194,-0.667,-0.62,0.322,0.433,0.631,0.558,0.65,0.746,0.136,0.037,-0.591,-0.755,-0.03,-0.281,0.414,0.427,0.584,0.552,-0.59,0.163,0.619,0.491,0.889,0.786,0.73,0.264,0.287,0.001,0.001,0.001,0.923,0.853,0.811,0.084,0.001,0.001,0.001,0.01,0.001,0.518,0.877,0.65,0.002,0.001,0.001,0.001,0.09,0.001,0.001,0.22,0.056,0.001,0.001,0.001,0.001,0.009,0.001,0.001,0.001,0.007,0.073,0.001,0.001,0.001,0.001,0.001,0.001,-0.369,-0.409,0.473,-0.688,0,0,0.001,0.001,0.046,0.361,0.515,0.15,0,0,0.011,0.001,0.001,0.072,0.585,0.471,0.151,0,0,0.001,0,0,0.021,0.496,0.702,0.328,0.388,0.001,0.001,0.001,0,0,0.352,0.628,0.344,0.438,0.001,0.47,0.752,1.19,1.178,0.1,0.231,0.376,0.465,8.164,10.83
02:07.8,3579,0.368,0.189,-0.663,-0.624,0.313,0.418,0.642,0.561,0.656,0.74,0.144,0.031,-0.587,-0.756,-0.026,-0.288,0.415,0.427,0.583,0.552,-0.591,0.201,0.598,0.503,0.882,0.789,0.756,0.579,0.568,0.125,0.001,0.001,0.9,0.849,0.829,0.21,0.002,0.001,0.005,0.017,0.001,0.492,0.877,0.691,0.005,0.002,0.001,0.001,0.085,0.001,0.001,0.233,0.092,0.001,0.001,0.001,0.001,0.013,0.001,0.001,0.001,0.026,0.074,0.001,0.001,0.001,0.001,0.001,0.001,-0.369,-0.409,0.473,-0.688,0,0,0.001,0.001,0.046,0.361,0.515,0.15,0,0,0.011,0.001,0.001,0.072,0.585,0.471,0.151,0,0,0.001,0,0,0.021,0.496,0.702,0.328,0.388,0.001,0.001,0.001,0,0,0.352,0.628,0.344,0.438,0.001,0.47,0.752,1.19,1.178,0.1,0.231,0.376,0.465,9.122,10.83
02:07.8,3580,0.375,0.18,-0.658,-0.627,0.305,0.402,0.654,0.563,0.662,0.733,0.153,0.025,-0.583,-0.757,-0.022,-0.295,0.416,0.428,0.583,0.552,-0.597,0.247,0.563,0.516,0.866,0.769,0.761,0.818,0.762,0.333,0.072,0.001,0.873,0.849,0.841,0.31,0.002,0.001,0.032,0.038,0.001,0.477,0.882,0.701,0.011,0.002,0.001,0.001,0.077,0.001,0.001,0.247,0.114,0.001,0.001,0.001,0.001,0.009,0.001,0.001,0.001,0.016,0.092,0.001,0.001,0.001,0.001,0.001,0.001,-0.369,-0.409,0.473,-0.688,0,0,0.001,0.001,0.046,0.361,0.515,0.15,0,0,0.011,0.001,0.001,0.072,0.585,0.471,0.151,0,0,0.001,0,0,0.021,0.496,0.702,0.328,0.388,0.001,0.001,0.001,0,0,0.352,0.628,0.344,0.438,0.001,0.47,0.752,1.19,1.178,0.1,0.231,0.376,0.465,9.974,10.83
02:07.9,3581,0.385,0.167,-0.657,-0.626,0.296,0.384,0.669,0.563,0.669,0.725,0.162,0.017,-0.578,-0.757,-0.018,-0.303,0.418,0.428,0.583,0.549,-0.607,0.264,0.544,0.516,0.825,0.753,0.768,0.933,0.904,0.534,0.205,0.001,0.829,0.847,0.845,0.397,0.053,0.083,0.164,0.072,0.001,0.474,0.883,0.7,0.011,0.004,0.002,0.002,0.088,0.001,0.001,0.254,0.139,0.001,0.001,0.001,0.001,0.002,0.001,0.001,0.001,0.028,0.059,0.001,0.001,0.001,0.001,0.001,0.001,-0.369,-0.409,0.473,-0.688,0,0,0.001,0.001,0.046,0.361,0.515,0.15,0,0,0.011,0.001,0.001,0.072,0.585,0.471,0.151,0,0,0.001,0,0,0.021,0.496,0.702,0.328,0.388,0.001,0.001,0.001,0,0,0.352,0.628,0.344,0.438,0.001,0.47,0.752,1.19,1.178,0.1,0.231,0.376,0.465,10.875,10.83
02:07.9,3582,0.398,0.155,-0.659,-0.619,0.289,0.366,0.686,0.558,0.676,0.717,0.17,0.009,-0.573,-0.757,-0.016,-0.313,0.42,0.428,0.585,0.546,-0.617,0.267,0.536,0.51,0.825,0.747,0.757,0.995,0.961,0.631,0.386,0.001,0.816,0.845,0.825,0.44,0.112,0.158,0.387,0.049,0.001,0.465,0.88,0.73,0.026,0.005,0.004,0.077,0.209,0.001,0.001,0.27,0.176,0.002,0.001,0.001,0.001,0.007,0.001,0.001,0.001,0.034,0.094,0.001,0.001,0.001,0.001,0.001,0.001,-0.205,-0.396,0.433,-0.783,0,0,0.001,0,0.044,0.335,0.495,0.15,0,0,0.013,0.001,0.001,0.066,0.558,0.473,0.153,0,0,0.001,0,0,0.027,0.462,0.702,0.328,0.392,0,0,0,0,0,0.338,0.628,0.341,0.437,0,0.482,0.755,1.19,1.177,0.105,0.231,0.385,0.471,11.929,10.742
02:07.9,3583,0.408,0.151,-0.661,-0.611,0.287,0.351,0.703,0.548,0.684,0.708,0.178,0,-0.568,-0.756,-0.016,-0.325,0.423,0.428,0.587,0.542,-0.616,0.277,0.531,0.511,0.816,0.735,0.761,1.034,1.029,0.676,0.443,0.002,0.796,0.828,0.822,0.484,0.149,0.261,0.43,0.016,0.001,0.501,0.888,0.742,0.082,0.007,0.007,0.21,0.545,0.001,0.001,0.302,0.214,0.004,0.002,0.001,0.05,0.051,0.001,0.001,0.001,0.032,0.138,0.001,0.001,0.001,0.001,0.001,0.001,-0.19,-0.366,0.475,-0.777,0.001,0,0,0.001,0,0.065,0.098,0.026,0,0.001,0.021,0.001,0,0,0.259,0.347,0.132,0,0.001,0,0.001,0,0.035,0.209,0.46,0.039,0.361,0,0,0.001,0,0,0.43,0.553,0.133,0.457,0,0.626,0.552,0.945,1.165,0.164,0.088,0.115,0.317,13.07,7.604
02:07.9,3584,0.406,0.16,-0.665,-0.606,0.285,0.338,0.719,0.536,0.691,0.699,0.185,-0.01,-0.563,-0.755,-0.017,-0.336,0.426,0.427,0.588,0.539,-0.609,0.301,0.526,0.512,0.796,0.724,0.747,1.06,1.061,0.712,0.466,0.006,0.802,0.818,0.823,0.524,0.187,0.282,0.441,0.045,0.001,0.536,0.894,0.767,0.125,0.01,0.009,0.254,0.668,0.001,0.001,0.33,0.244,0.005,0.002,0.002,0.151,0.107,0.001,0.001,0.001,0.111,0.2,0.001,0.001,0.001,0.001,0.001,0.001,-0.17,-0.347,0.497,-0.777,0,0,0,0,0.001,0.017,0.067,0.015,0,0,0.015,0.001,0,0.001,0.239,0.319,0.065,0,0.001,0.004,0.001,0,0.038,0.175,0.452,0.006,0.303,0,0,0.001,0.001,0.001,0.372,0.485,0,0.447,0.001,0.513,0.465,0.492,1.233,0.126,0.039,0.001,0.266,13.921,6.163
02:07.9,3585,0.385,0.173,-0.676,-0.604,0.288,0.328,0.733,0.521,0.698,0.69,0.192,-0.02,-0.557,-0.754,-0.018,-0.347,0.427,0.426,0.588,0.538,-0.609,0.301,0.526,0.512,0.796,0.724,0.747,1.06,1.061,0.712,0.466,0.006,0.802,0.818,0.823,0.524,0.187,0.282,0.441,0.045,0.001,0.536,0.894,0.767,0.125,0.01,0.009,0.254,0.668,0.001,0.001,0.33,0.244,0.005,0.002,0.002,0.151,0.107,0.001,0.001,0.001,0.111,0.2,0.001,0.001,0.001,0.001,0.001,0.001,-0.12,-0.339,0.497,-0.789,0,0.001,0,0.001,0.001,0,0.037,0.01,0,0,0.012,0,0.001,0,0.179,0.248,0.011,0,0,0.002,0,0,0.012,0.114,0.342,0,0.282,0,0.001,0,0.001,0,0.272,0.394,0,0.389,0,0.383,0.396,0.159,1.115,0.081,0.028,0.001,0.103,13.921,4.576
02:07.9,3586,0.356,0.184,-0.69,-0.602,0.297,0.321,0.745,0.503,0.704,0.682,0.197,-0.029,-0.551,-0.754,-0.018,-0.357,0.427,0.425,0.588,0.539,-0.609,0.301,0.526,0.512,0.796,0.724,0.747,1.06,1.061,0.712,0.466,0.006,0.802,0.818,0.823,0.524,0.187,0.282,0.441,0.045,0.001,0.536,0.894,0.767,0.125,0.01,0.009,0.254,0.668,0.001,0.001,0.33,0.244,0.005,0.002,0.002,0.151,0.107,0.001,0.001,0.001,0.111,0.2,0.001,0.001,0.001,0.001,0.001,0.001,-0.053,-0.33,0.498,-0.8,0.001,0,0,0.001,0,0.001,0.01,0.001,0,0.001,0.009,0.001,0,0,0.132,0.166,0,0,0,0,0.001,0.001,0.001,0.049,0.274,0,0.255,0.001,0,0,0.001,0,0.184,0.328,0,0.324,0,0.208,0.294,0.026,0.89,0.032,0.015,0.001,0.011,13.921,3.219
02:07.9,3587,0.33,0.195,-0.696,-0.607,0.311,0.314,0.753,0.488,0.708,0.676,0.202,-0.037,-0.544,-0.755,-0.016,-0.366,0.424,0.425,0.588,0.542,-0.609,0.301,0.526,0.512,0.796,0.724,0.747,1.06,1.061,0.712,0.466,0.006,0.802,0.818,0.823,0.524,0.187,0.282,0.441,0.045,0.001,0.536,0.894,0.767,0.125,0.01,0.009,0.254,0.668,0.001,0.001,0.33,0.244,0.005,0.002,0.002,0.151,0.107,0.001,0.001,0.001,0.111,0.2,0.001,0.001,0.001,0.001,0.001,0.001,-0.011,-0.325,0.498,-0.804,0,0.001,0,0.001,0.001,0,0,0,0,0,0.001,0,0,0,0.095,0.092,0.001,0.001,0,0,0,0,0,0.018,0.176,0.001,0.155,0.001,0.001,0,0,0,0.074,0.236,0.001,0.244,0,0.07,0.166,0.001,0.748,0,0.018,0,0.001,13.921,2.104
02:07.9,3588,0.314,0.198,-0.702,-0.608,0.326,0.308,0.757,0.474,0.71,0.672,0.206,-0.04,-0.537,-0.756,-0.014,-0.374,0.419,0.425,0.586,0.548,-0.609,0.301,0.526,0.512,0.796,0.724,0.747,1.06,1.061,0.712,0.466,0.006,0.802,0.818,0.823,0.524,0.187,0.282,0.441,0.045,0.001,0.536,0.894,0.767,0.125,0.01,0.009,0.254,0.668,0.001,0.001,0.33,0.244,0.005,0.002,0.002,0.151,0.107,0.001,0.001,0.001,0.111,0.2,0.001,0.001,0.001,0.001,0.001,0.001,0.051,-0.323,0.496,-0.804,0,0.001,0.001,0,0.001,0,0,0,0,0.001,0,0.001,0,0,0.033,0.032,0,0,0,0,0.001,0,0,0.001,0.088,0,0.016,0,0.001,0.001,0,0,0.017,0.101,0,0.154,0,0.001,0.056,0.001,0.274,0,0.024,0.001,0.001,13.921,0.808
02:07.9,3589,0.31,0.196,-0.705,-0.607,0.342,0.305,0.76,0.461,0.712,0.668,0.21,-0.04,-0.53,-0.757,-0.011,-0.38,0.413,0.426,0.584,0.554,-0.609,0.301,0.526,0.512,0.796,0.724,0.747,1.06,1.061,0.712,0.466,0.006,0.802,0.818,0.823,0.524,0.187,0.282,0.441,0.045,0.001,0.536,0.894,0.767,0.125,0.01,0.009,0.254,0.668,0.001,0.001,0.33,0.244,0.005,0.002,0.002,0.151,0.107,0.001,0.001,0.001,0.111,0.2,0.001,0.001,0.001,0.001,0.001,0.001,0.095,-0.326,0.488,-0.804,0.001,0.001,0.001,0.001,0.001,0,0.001,0,0,0.001,0,0.001,0,0.001,0,0,0,0.001,0,0,0.001,0,0,0,0.023,0.001,0,0,0,0,0,0,0.001,0.038,0.001,0.06,0.001,0,0.013,0.001,0,0.001,0,0.001,0.001,13.921,0.153
02:08.0,3590,0.312,0.196,-0.707,-0.604,0.358,0.304,0.76,0.449,0.714,0.665,0.215,-0.038,-0.525,-0.761,-0.007,-0.381,0.407,0.427,0.581,0.561,-0.609,0.301,0.526,0.512,0.796,0.724,0.747,1.06,1.061,0.712,0.466,0.006,0.802,0.818,0.823,0.524,0.187,0.282,0.441,0.045,0.001,0.536,0.894,0.767,0.125,0.01,0.009,0.254,0.668,0.001,0.001,0.33,0.244,0.005,0.002,0.002,0.151,0.107,0.001,0.001,0.001,0.111,0.2,0.001,0.001,0.001,0.001,0.001,0.001,0.134,-0.331,0.47,-0.807,0,0,0.001,0.001,0,0.001,0,0.001,0.001,0,0,0.001,0.001,0.001,0.001,0.001,0,0,0,0,0,0,0,0.001,0.024,0,0,0,0,0.001,0.001,0,0.001,0.013,0.001,0.034,0,0,0,0,0,0,0,0,0,13.921,0.086
02:08.0,3591,0.315,0.197,-0.709,-0.599,0.372,0.303,0.759,0.44,0.714,0.663,0.221,-0.036,-0.518,-0.767,-0.002,-0.379,0.402,0.427,0.579,0.566,-0.537,0.445,0.434,0.57,0.796,0.72,0.746,1.073,1.068,0.712,0.471,0.012,0.801,0.812,0.822,0.529,0.204,0.302,0.442,0.066,0.001,0.547,0.896,0.774,0.132,0.01,0.009,0.259,0.687,0.001,0.001,0.339,0.252,0.005,0.002,0.002,0.161,0.16,0.001,0.001,0.001,0.144,0.238,0.001,0.001,0.001,0.001,0.001,0.001,0.145,-0.332,0.469,-0.806,0.001,0.001,0.001,0.001,0.001,0,0.001,0.001,0,0,0.115,0.001,0.001,0.001,0,0.001,0,0,0.007,0.002,0,0,0,0.001,0.001,0,0,0,0.001,0.001,0,0,0.001,0,0.001,0.046,0,0,0.001,0,0.001,0,0,0,0.001,14.205,0.19
02:08.0,3592,0.316,0.201,-0.711,-0.596,0.383,0.302,0.757,0.434,0.714,0.662,0.227,-0.034,-0.51,-0.772,0.001,-0.379,0.4,0.426,0.579,0.569,-0.527,0.459,0.423,0.577,0.698,0.659,0.692,0.995,1.121,0.802,0.513,0.028,0.746,0.777,0.796,0.64,0.366,0.339,0.4,0.368,0,0.576,0.902,0.818,0.321,0.054,0.012,0.338,0.722,0.001,0.001,0.391,0.33,0.09,0.006,0.004,0.3,0.502,0.001,0.001,0.001,0.419,0.679,0.001,0.038,0.071,0.022,0.001,0.001,0.147,-0.334,0.476,-0.8,0,0.001,0,0,0.001,0,0.001,0.001,0,0.001,0.096,0,0.001,0,0,0.001,0,0.001,0.013,0,0,0.001,0.001,0,0.001,0,0,0,0,0,0.001,0.001,0,0,0,0.04,0.001,0,0,0,0,0,0,0,0.001,16.543,0.164
02:08.0,3593,0.313,0.206,-0.712,-0.594,0.388,0.301,0.757,0.431,0.713,0.66,0.234,-0.033,-0.502,-0.776,0.003,-0.382,0.398,0.425,0.58,0.57,-0.527,0.459,0.423,0.577,0.698,0.659,0.692,0.995,1.121,0.802,0.513,0.028,0.746,0.777,0.796,0.64,0.366,0.339,0.4,0.368,0,0.576,0.902,0.818,0.321,0.054,0.012,0.338,0.722,0.001,0.001,0.391,0.33,0.09,0.006,0.004,0.3,0.502,0.001,0.001,0.001,0.419,0.679,0.001,0.038,0.071,0.022,0.001,0.001,0.133,-0.343,0.486,-0.793,0,0.001,0.001,0.001,0.001,0,0.001,0,0,0.001,0.009,0,0,0.001,0,0.001,0.001,0,0.004,0,0,0.001,0.001,0,0.001,0.001,0,0,0,0.001,0,0,0,0.001,0.001,0.021,0,0,0,0.001,0.001,0.001,0.001,0,0.001,16.543,0.055
02:08.0,3594,0.307,0.211,-0.713,-0.594,0.388,0.302,0.757,0.43,0.713,0.657,0.242,-0.033,-0.495,-0.778,0.005,-0.386,0.399,0.424,0.581,0.569,-0.527,0.459,0.423,0.577,0.698,0.659,0.692,0.995,1.121,0.802,0.513,0.028,0.746,0.777,0.796,0.64,0.366,0.339,0.4,0.368,0,0.576,0.902,0.818,0.321,0.054,0.012,0.338,0.722,0.001,0.001,0.391,0.33,0.09,0.006,0.004,0.3,0.502,0.001,0.001,0.001,0.419,0.679,0.001,0.038,0.071,0.022,0.001,0.001,0.133,-0.343,0.486,-0.793,0,0.001,0.001,0.001,0.001,0,0.001,0,0,0.001,0.009,0,0,0.001,0,0.001,0.001,0,0.004,0,0,0.001,0.001,0,0.001,0.001,0,0,0,0.001,0,0,0,0.001,0.001,0.021,0,0,0,0.001,0.001,0.001,0.001,0,0.001,16.543,0.055
02:08.0,3595,0.3,0.216,-0.713,-0.595,0.383,0.302,0.759,0.431,0.713,0.654,0.25,-0.036,-0.491,-0.779,0.007,-0.391,0.399,0.424,0.583,0.567,-0.527,0.459,0.423,0.577,0.698,0.659,0.692,0.995,1.121,0.802,0.513,0.028,0.746,0.777,0.796,0.64,0.366,0.339,0.4,0.368,0,0.576,0.902,0.818,0.321,0.054,0.012,0.338,0.722,0.001,0.001,0.391,0.33,0.09,0.006,0.004,0.3,0.502,0.001,0.001,0.001,0.419,0.679,0.001,0.038,0.071,0.022,0.001,0.001,0.133,-0.343,0.486,-0.793,0,0.001,0.001,0.001,0.001,0,0.001,0,0,0.001,0.009,0,0,0.001,0,0.001,0.001,0,0.004,0,0,0.001,0.001,0,0.001,0.001,0,0,0,0.001,0,0,0,0.001,0.001,0.021,0,0,0,0.001,0.001,0.001,0.001,0,0.001,16.543,0.055
02:08.0,3596,0.294,0.22,-0.715,-0.595,0.374,0.302,0.762,0.434,0.713,0.65,0.259,-0.04,-0.486,-0.78,0.009,-0.395,0.4,0.424,0.584,0.565,-0.527,0.459,0.423,0.577,0.698,0.659,0.692,0.995,1.121,0.802,0.513,0.028,0.746,0.777,0.796,0.64,0.366,0.339,0.4,0.368,0,0.576,0.902,0.818,0.321,0.054,0.012,0.338,0.722,0.001,0.001,0.391,0.33,0.09,0.006,0.004,0.3,0.502,0.001,0.001,0.001,0.419,0.679,0.001,0.038,0.071,0.022,0.001,0.001,0.133,-0.343,0.486,-0.793,0,0.001,0.001,0.001,0.001,0,0.001,0,0,0.001,0.009,0,0,0.001,0,0.001,0.001,0,0.004,0,0,0.001,0.001,0,0.001,0.001,0,0,0,0.001,0,0,0,0.001,0.001,0.021,0,0,0,0.001,0.001,0.001,0.001,0,0.001,16.543,0.055
02:08.0,3597,0.289,0.224,-0.717,-0.594,0.365,0.301,0.766,0.435,0.714,0.645,0.267,-0.047,-0.482,-0.781,0.008,-0.398,0.401,0.423,0.584,0.564,-0.527,0.459,0.423,0.577,0.698,0.659,0.692,0.995,1.121,0.802,0.513,0.028,0.746,0.777,0.796,0.64,0.366,0.339,0.4,0.368,0,0.576,0.902,0.818,0.321,0.054,0.012,0.338,0.722,0.001,0.001,0.391,0.33,0.09,0.006,0.004,0.3,0.502,0.001,0.001,0.001,0.419,0.679,0.001,0.038,0.071,0.022,0.001,0.001,0.133,-0.343,0.486,-0.793,0,0.001,0.001,0.001,0.001,0,0.001,0,0,0.001,0.009,0,0,0.001,0,0.001,0.001,0,0.004,0,0,0.001,0.001,0,0.001,0.001,0,0,0,0.001,0,0,0,0.001,0.001,0.021,0,0,0,0.001,0.001,0.001,0.001,0,0.001,16.543,0.055
02:08.0,3598,0.284,0.228,-0.719,-0.592,0.358,0.297,0.77,0.437,0.716,0.64,0.273,-0.055,-0.479,-0.781,0.005,-0.401,0.402,0.423,0.584,0.564,-0.444,0.555,0.327,0.623,0.696,0.658,0.69,0.991,1.125,0.807,0.518,0.028,0.745,0.779,0.796,0.641,0.365,0.343,0.404,0.369,0.001,0.571,0.905,0.818,0.327,0.055,0.012,0.339,0.72,0.001,0.001,0.389,0.331,0.093,0.005,0.004,0.303,0.507,0.001,0.001,0.001,0.422,0.683,0.001,0.049,0.071,0.023,0.001,0.001,0.133,-0.343,0.486,-0.793,0,0.001,0.001,0.001,0.001,0,0.001,0,0,0.001,0.009,0,0,0.001,0,0.001,0.001,0,0.004,0,0,0.001,0.001,0,0.001,0.001,0,0,0,0.001,0,0,0,0.001,0.001,0.021,0,0,0,0.001,0.001,0.001,0.001,0,0.001,16.591,0.055
02:08.0,3599,0.28,0.231,-0.721,-0.59,0.354,0.292,0.774,0.437,0.719,0.634,0.276,-0.065,-0.48,-0.78,0.002,-0.402,0.402,0.423,0.583,0.565,-0.433,0.565,0.314,0.628,0.497,0.552,0.651,0.912,1.115,0.842,0.46,0.06,0.504,0.777,0.777,0.615,0.427,0.432,0.394,0.403,0.001,0.454,0.915,0.786,0.408,0.07,0.034,0.394,0.705,0.001,0.001,0.338,0.333,0.125,0.005,0.004,0.409,0.601,0.001,0.016,0.002,0.574,0.763,0.029,0.297,0.16,0.07,0.027,0.001,0.133,-0.343,0.486,-0.793,0,0.001,0.001,0.001,0.001,0,0.001,0,0,0.001,0.009,0,0,0.001,0,0.001,0.001,0,0.004,0,0,0.001,0.001,0,0.001,0.001,0,0,0,0.001,0,0,0,0.001,0.001,0.021,0,0,0,0.001,0.001,0.001,0.001,0,0.001,16.942,0.055
02:08.1,3600,0.276,0.235,-0.722,-0.589,0.354,0.287,0.777,0.435,0.722,0.629,0.278,-0.076,-0.486,-0.777,0,-0.401,0.402,0.424,0.582,0.566,-0.433,0.565,0.314,0.628,0.497,0.552,0.651,0.912,1.115,0.842,0.46,0.06,0.504,0.777,0.777,0.615,0.427,0.432,0.394,0.403,0.001,0.454,0.915,0.786,0.408,0.07,0.034,0.394,0.705,0.001,0.001,0.338,0.333,0.125,0.005,0.004,0.409,0.601,0.001,0.016,0.002,0.574,0.763,0.029,0.297,0.16,0.07,0.027,0.001,-0.038,-0.485,0.486,-0.726,0,0,0,0.001,0.001,0.001,0,0,0,0.001,0.004,0,0,0.001,0.001,0,0,0,0.004,0.001,0,0.001,0.001,0,0,0,0.001,0,0.001,0,0,0,0,0,0,0.017,0,0,0.001,0,0,0.001,0.001,0,0.001,16.942,0.04
02:08.1,3601,0.272,0.239,-0.723,-0.588,0.359,0.282,0.778,0.431,0.726,0.623,0.278,-0.087,-0.494,-0.773,-0.001,-0.398,0.401,0.424,0.581,0.568,-0.433,0.565,0.314,0.628,0.497,0.552,0.651,0.912,1.115,0.842,0.46,0.06,0.504,0.777,0.777,0.615,0.427,0.432,0.394,0.403,0.001,0.454,0.915,0.786,0.408,0.07,0.034,0.394,0.705,0.001,0.001,0.338,0.333,0.125,0.005,0.004,0.409,0.601,0.001,0.016,0.002,0.574,0.763,0.029,0.297,0.16,0.07,0.027,0.001,-0.038,-0.485,0.486,-0.726,0,0,0,0.001,0.001,0.001,0,0,0,0.001,0.004,0,0,0.001,0.001,0,0,0,0.004,0.001,0,0.001,0.001,0,0,0,0.001,0,0.001,0,0,0,0,0,0,0.017,0,0,0.001,0,0,0.001,0.001,0,0.001,16.942,0.04
02:08.1,3602,0.269,0.243,-0.724,-0.587,0.368,0.279,0.778,0.426,0.73,0.618,0.276,-0.098,-0.504,-0.769,-0.001,-0.393,0.4,0.424,0.579,0.57,-0.433,0.565,0.314,0.628,0.497,0.552,0.651,0.912,1.115,0.842,0.46,0.06,0.504,0.777,0.777,0.615,0.427,0.432,0.394,0.403,0.001,0.454,0.915,0.786,0.408,0.07,0.034,0.394,0.705,0.001,0.001,0.338,0.333,0.125,0.005,0.004,0.409,0.601,0.001,0.016,0.002,0.574,0.763,0.029,0.297,0.16,0.07,0.027,0.001,-0.038,-0.485,0.486,-0.726,0,0,0,0.001,0.001,0.001,0,0,0,0.001,0.004,0,0,0.001,0.001,0,0,0,0.004,0.001,0,0.001,0.001,0,0,0,0.001,0,0.001,0,0,0,0,0,0,0.017,0,0,0.001,0,0,0.001,0.001,0,0.001,16.942,0.04
02:08.1,3603,0.266,0.246,-0.725,-0.586,0.378,0.277,0.777,0.42,0.734,0.613,0.272,-0.109,-0.51,-0.767,-0.004,-0.388,0.399,0.424,0.578,0.572,-0.433,0.565,0.314,0.628,0.497,0.552,0.651,0.912,1.115,0.842,0.46,0.06,0.504,0.777,0.777,0.615,0.427,0.432,0.394,0.403,0.001,0.454,0.915,0.786,0.408,0.07,0.034,0.394,0.705,0.001,0.001,0.338,0.333,0.125,0.005,0.004,0.409,0.601,0.001,0.016,0.002,0.574,0.763,0.029,0.297,0.16,0.07,0.027,0.001,-0.038,-0.485,0.486,-0.726,0,0,0,0.001,0.001,0.001,0,0,0,0.001,0.004,0,0,0.001,0.001,0,0,0,0.004,0.001,0,0.001,0.001,0,0,0,0.001,0,0.001,0,0,0,0,0,0,0.017,0,0,0.001,0,0,0.001,0.001,0,0.001,16.942,0.04
02:08.1,3604,0.263,0.249,-0.725,-0.586,0.387,0.276,0.775,0.416,0.737,0.609,0.266,-0.119,-0.515,-0.767,-0.01,-0.384,0.399,0.424,0.577,0.573,-0.433,0.565,0.314,0.628,0.497,0.552,0.651,0.912,1.115,0.842,0.46,0.06,0.504,0.777,0.777,0.615,0.427,0.432,0.394,0.403,0.001,0.454,0.915,0.786,0.408,0.07,0.034,0.394,0.705,0.001,0.001,0.338,0.333,0.125,0.005,0.004,0.409,0.601,0.001,0.016,0.002,0.574,0.763,0.029,0.297,0.16,0.07,0.027,0.001,-0.038,-0.485,0.486,-0.726,0,0,0,0.001,0.001,0.001,0,0,0,0.001,0.004,0,0,0.001,0.001,0,0,0,0.004,0.001,0,0.001,0.001,0,0,0,0.001,0,0.001,0,0,0,0,0,0,0.017,0,0,0.001,0,0,0.001,0.001,0,0.001,16.942,0.04
02:08.1,3605,0.26,0.251,-0.725,-0.586,0.393,0.277,0.773,0.414,0.741,0.606,0.26,-0.127,-0.519,-0.766,-0.019,-0.379,0.398,0.424,0.576,0.575,-0.433,0.565,0.314,0.628,0.497,0.552,0.651,0.912,1.115,0.842,0.46,0.06,0.504,0.777,0.777,0.615,0.427,0.432,0.394,0.403,0.001,0.454,0.915,0.786,0.408,0.07,0.034,0.394,0.705,0.001,0.001,0.338,0.333,0.125,0.005,0.004,0.409,0.601,0.001,0.016,0.002,0.574,0.763,0.029,0.297,0.16,0.07,0.027,0.001,-0.038,-0.485,0.486,-0.726,0,0,0,0.001,0.001,0.001,0,0,0,0.001,0.004,0,0,0.001,0.001,0,0,0,0.004,0.001,0,0.001,0.001,0,0,0,0.001,0,0.001,0,0,0,0,0,0,0.017,0,0,0.001,0,0,0.001,0.001,0,0.001,16.942,0.04
02:08.1,3606,0.256,0.254,-0.725,-0.587,0.394,0.28,0.771,0.414,0.744,0.604,0.252,-0.133,-0.525,-0.764,-0.028,-0.374,0.397,0.425,0.576,0.575,-0.355,0.628,0.227,0.654,0.491,0.546,0.65,0.91,1.115,0.841,0.459,0.061,0.498,0.779,0.778,0.615,0.43,0.432,0.393,0.402,0.001,0.446,0.916,0.784,0.413,0.071,0.033,0.398,0.707,0.001,0.001,0.337,0.332,0.118,0.005,0.004,0.413,0.6,0.001,0.016,0.002,0.574,0.764,0.033,0.299,0.159,0.068,0.033,0.001,-0.038,-0.485,0.486,-0.726,0,0,0,0.001,0.001,0.001,0,0,0,0.001,0.004,0,0,0.001,0.001,0,0,0,0.004,0.001,0,0.001,0.001,0,0,0,0.001,0,0.001,0,0,0,0,0,0,0.017,0,0,0.001,0,0,0.001,0.001,0,0.001,16.93,0.04
02:08.1,3607,0.252,0.256,-0.725,-0.587,0.391,0.284,0.77,0.416,0.746,0.604,0.244,-0.136,-0.533,-0.761,-0.038,-0.368,0.396,0.425,0.575,0.576,-0.345,0.635,0.216,0.656,0.053,0.331,0.543,0.768,1.067,0.856,0.438,0.096,0.013,0.694,0.751,0.57,0.436,0.475,0.421,0.427,0.001,0.136,0.855,0.728,0.403,0.071,0.063,0.458,0.73,0.038,0.032,0.226,0.253,0.084,0.004,0.004,0.46,0.625,0.04,0.026,0.002,0.606,0.753,0.53,0.52,0.166,0.082,0.322,0.001,-0.27,-0.62,0.464,-0.573,0.001,0,0,0,0,0,0,0.001,0,0.001,0.002,0.001,0.001,0,0,0.001,0,0,0.004,0.001,0.001,0,0,0,0.001,0,0,0,0.001,0,0.001,0,0,0.001,0,0.001,0,0.001,0,0.001,0,0,0.001,0,0,16.158,0.022
02:08.1,3608,0.248,0.257,-0.725,-0.588,0.386,0.287,0.771,0.418,0.748,0.605,0.236,-0.137,-0.543,-0.757,-0.049,-0.36,0.395,0.426,0.576,0.575,-0.333,0.643,0.203,0.659,0.005,0.303,0.512,0.748,1.065,0.858,0.44,0.096,0.004,0.659,0.742,0.556,0.425,0.475,0.427,0.43,0.001,0.105,0.836,0.72,0.397,0.063,0.057,0.462,0.733,0.051,0.038,0.205,0.247,0.074,0.004,0.002,0.463,0.629,0.063,0.033,0.002,0.606,0.756,0.57,0.559,0.168,0.081,0.353,0.001,-0.297,-0.631,0.461,-0.549,0.001,0,0.001,0.001,0,0.001,0,0,0,0.001,0.001,0,0,0,0.001,0.001,0.001,0,0.001,0,0.001,0,0.001,0.001,0,0,0,0,0,0,0,0,0,0.001,0,0,0,0,0,0,0,0.001,0.001,0.001,0,16.024,0.017
02:08.1,3609,0.245,0.258,-0.726,-0.588,0.38,0.289,0.771,0.42,0.748,0.608,0.228,-0.134,-0.555,-0.752,-0.06,-0.35,0.394,0.428,0.576,0.574,-0.324,0.649,0.193,0.661,0.001,0.261,0.486,0.724,1.051,0.851,0.44,0.103,0.001,0.623,0.724,0.538,0.42,0.484,0.431,0.431,0.002,0.082,0.823,0.707,0.399,0.063,0.054,0.468,0.731,0.068,0.046,0.194,0.243,0.067,0.002,0.004,0.468,0.63,0.082,0.034,0.004,0.608,0.757,0.651,0.591,0.166,0.083,0.332,0.001,-0.328,-0.643,0.459,-0.517,0,0.001,0,0,0.001,0.001,0.001,0.001,0,0,0,0.001,0,0,0,0,0,0,0.001,0.001,0,0.001,0,0.001,0,0,0,0.001,0.001,0,0.001,0.001,0,0.001,0.001,0.001,0,0,0,0,0.001,0.001,0,0.001,0,15.929,0.02
02:08.1,3610,0.243,0.258,-0.727,-0.588,0.376,0.29,0.772,0.422,0.747,0.613,0.22,-0.13,-0.567,-0.747,-0.072,-0.339,0.393,0.429,0.577,0.573,-0.314,0.655,0.183,0.662,0.001,0.227,0.464,0.692,1.038,0.849,0.437,0.105,0.001,0.603,0.697,0.531,0.424,0.487,0.433,0.433,0.002,0.055,0.814,0.706,0.392,0.068,0.05,0.475,0.73,0.074,0.054,0.186,0.248,0.062,0.002,0.004,0.47,0.631,0.09,0.037,0.004,0.607,0.761,0.687,0.607,0.17,0.082,0.355,0.001,-0.341,-0.658,0.449,-0.499,0,0,0.001,0,0.001,0.001,0,0,0,0,0,0,0,0.001,0,0,0.001,0,0.001,0.001,0,0.001,0,0.001,0.001,0.001,0,0.001,0.001,0,0.001,0.001,0.001,0.001,0.001,0.001,0,0,0,0,0,0,0.001,0,0,15.846,0.02
02:08.2,3611,0.242,0.258,-0.728,-0.587,0.374,0.29,0.773,0.422,0.746,0.619,0.213,-0.123,-0.581,-0.741,-0.085,-0.327,0.393,0.43,0.577,0.573,-0.303,0.662,0.172,0.663,0.001,0.184,0.451,0.661,1.031,0.845,0.433,0.105,0.001,0.595,0.654,0.515,0.419,0.488,0.433,0.433,0.002,0.021,0.79,0.702,0.38,0.065,0.049,0.48,0.733,0.087,0.062,0.173,0.248,0.061,0.004,0.002,0.474,0.632,0.11,0.035,0.002,0.606,0.763,0.722,0.645,0.171,0.082,0.363,0.001,-0.328,-0.689,0.41,-0.498,0,0,0.001,0.001,0,0,0.001,0,0,0,0,0,0,0.001,0,0.001,0,0,0.001,0,0,0,0,0.001,0,0,0,0,0,0,0,0.001,0,0,0,0.001,0,0.001,0.001,0,0,0,0,0,0,15.714,0.011
02:08.2,3612,0.242,0.257,-0.729,-0.586,0.375,0.289,0.774,0.421,0.743,0.627,0.206,-0.113,-0.595,-0.734,-0.097,-0.313,0.392,0.431,0.578,0.572,-0.294,0.668,0.163,0.664,0.001,0.138,0.438,0.619,1.024,0.839,0.431,0.111,0.001,0.567,0.619,0.501,0.414,0.496,0.438,0.432,0.002,0,0.784,0.694,0.377,0.062,0.048,0.484,0.733,0.092,0.071,0.168,0.237,0.061,0.002,0.004,0.473,0.634,0.143,0.044,0.004,0.607,0.766,0.778,0.694,0.182,0.083,0.425,0.001,-0.32,-0.709,0.382,-0.499,0,0.001,0.001,0.001,0.001,0.001,0.001,0,0,0.001,0,0.001,0.001,0,0,0.001,0.001,0,0.001,0,0.001,0,0,0.001,0.001,0,0.001,0,0,0.001,0.001,0,0,0,0.001,0,0,0.001,0,0.001,0,0.001,0,0.001,0,15.722,0.023
02:08.2,3613,0.242,0.256,-0.73,-0.586,0.378,0.288,0.774,0.42,0.738,0.636,0.201,-0.101,-0.608,-0.727,-0.109,-0.3,0.392,0.431,0.578,0.571,-0.283,0.676,0.151,0.664,0.001,0.082,0.41,0.593,1.002,0.83,0.43,0.114,0.001,0.541,0.62,0.485,0.414,0.501,0.44,0.431,0.002,0.001,0.768,0.663,0.354,0.065,0.05,0.486,0.734,0.112,0.079,0.155,0.23,0.062,0.002,0.002,0.476,0.636,0.167,0.054,0.002,0.607,0.766,0.802,0.719,0.183,0.084,0.438,0.001,-0.312,-0.728,0.349,-0.5,0,0.001,0.001,0.001,0,0,0.001,0,0.001,0.001,0.001,0,0,0,0.001,0,0,0,0.001,0,0.001,0,0,0.001,0.001,0,0.001,0,0,0.001,0,0.001,0.001,0,0,0,0.001,0,0.001,0,0,0,0,0,0,15.595,0.018
02:08.2,3614,0.243,0.255,-0.73,-0.585,0.381,0.287,0.773,0.418,0.732,0.647,0.197,-0.087,-0.621,-0.719,-0.121,-0.288,0.392,0.433,0.579,0.569,-0.275,0.68,0.143,0.664,0.001,0.051,0.38,0.562,0.984,0.817,0.429,0.114,0.001,0.505,0.607,0.464,0.404,0.51,0.446,0.43,0.002,0.001,0.742,0.641,0.338,0.059,0.05,0.491,0.74,0.131,0.105,0.137,0.221,0.065,0.002,0.002,0.479,0.642,0.194,0.066,0.004,0.608,0.768,0.84,0.747,0.182,0.081,0.432,0.001,-0.308,-0.74,0.325,-0.501,0,0,0.001,0,0.001,0.001,0.001,0.001,0,0,0.001,0.001,0,0.001,0,0,0.001,0.001,0.001,0,0,0.001,0,0.001,0,0.001,0,0,0.001,0.001,0,0,0.001,0,0,0,0,0,0,0,0,0,0.001,0.001,0.001,15.476,0.02
02:08.2,3615,0.243,0.254,-0.73,-0.586,0.383,0.287,0.773,0.417,0.725,0.657,0.193,-0.071,-0.632,-0.711,-0.134,-0.277,0.392,0.434,0.579,0.568,-0.263,0.687,0.131,0.664,0.001,0.042,0.358,0.515,0.955,0.805,0.426,0.117,0.001,0.451,0.601,0.443,0.404,0.509,0.447,0.431,0.004,0.001,0.726,0.609,0.313,0.055,0.053,0.493,0.737,0.138,0.11,0.129,0.212,0.059,0.002,0.004,0.48,0.647,0.201,0.079,0.004,0.609,0.768,0.893,0.779,0.182,0.081,0.459,0.001,-0.309,-0.751,0.297,-0.502,0,0.001,0,0.001,0.001,0.001,0,0,0.001,0,0.001,0,0.001,0.001,0.001,0.001,0.001,0,0,0,0.001,0,0,0.001,0.001,0,0,0,0,0.001,0.001,0,0,0,0,0,0,0.001,0.001,0.001,0,0,0,0.001,0.001,15.334,0.021
02:08.2,3616,0.243,0.252,-0.73,-0.587,0.383,0.288,0.772,0.417,0.718,0.667,0.19,-0.055,-0.643,-0.703,-0.146,-0.265,0.392,0.435,0.58,0.566,-0.255,0.693,0.122,0.663,0.001,0.027,0.319,0.479,0.918,0.773,0.425,0.116,0.001,0.416,0.587,0.426,0.381,0.509,0.448,0.433,0.005,0.001,0.687,0.6,0.275,0.051,0.055,0.496,0.739,0.155,0.126,0.104,0.209,0.061,0.002,0.004,0.484,0.648,0.21,0.079,0.004,0.611,0.769,0.933,0.842,0.183,0.083,0.469,0.001,-0.313,-0.755,0.283,-0.502,0,0,0,0,0,0.001,0.001,0.001,0,0,0.001,0.001,0,0,0.001,0.001,0,0,0,0,0,0,0,0.001,0.001,0,0.001,0.001,0,0.001,0,0,0,0.001,0.001,0,0,0,0.001,0,0,0,0.001,0,0,15.145,0.016
02:08.2,3617,0.242,0.25,-0.729,-0.589,0.383,0.289,0.772,0.416,0.71,0.677,0.189,-0.036,-0.653,-0.697,-0.157,-0.253,0.393,0.437,0.58,0.564,-0.246,0.699,0.113,0.662,0,0.029,0.264,0.443,0.864,0.744,0.42,0.117,0.001,0.347,0.576,0.398,0.352,0.513,0.452,0.436,0.01,0.001,0.651,0.591,0.261,0.051,0.048,0.499,0.739,0.164,0.147,0.106,0.194,0.06,0.002,0.004,0.485,0.651,0.223,0.089,0.002,0.612,0.77,0.976,0.869,0.186,0.084,0.481,0.01,-0.313,-0.755,0.283,-0.502,0,0,0,0,0,0.001,0.001,0.001,0,0,0.001,0.001,0,0,0.001,0.001,0,0,0,0,0,0,0,0.001,0.001,0,0.001,0.001,0,0.001,0,0,0,0.001,0.001,0,0,0,0.001,0,0,0,0.001,0,0,14.922,0.016
02:08.2,3618,0.241,0.248,-0.729,-0.59,0.382,0.289,0.773,0.416,0.7,0.688,0.189,-0.015,-0.663,-0.689,-0.168,-0.238,0.393,0.438,0.581,0.562,-0.238,0.704,0.104,0.661,0.001,0.018,0.223,0.404,0.823,0.725,0.418,0.12,0.001,0.319,0.573,0.375,0.341,0.499,0.455,0.436,0.012,0.001,0.635,0.579,0.258,0.049,0.048,0.501,0.737,0.166,0.168,0.081,0.187,0.046,0.002,0.002,0.485,0.653,0.249,0.09,0.004,0.617,0.77,0.991,0.899,0.189,0.087,0.491,0.018,-0.313,-0.755,0.283,-0.502,0,0,0,0,0,0.001,0.001,0.001,0,0,0.001,0.001,0,0,0.001,0.001,0,0,0,0,0,0,0,0.001,0.001,0,0.001,0.001,0,0.001,0,0,0,0.001,0.001,0,0,0,0.001,0,0,0,0.001,0,0,14.746,0.016
02:08.2,3619,0.239,0.245,-0.729,-0.592,0.381,0.289,0.774,0.416,0.69,0.699,0.191,0.005,-0.676,-0.681,-0.177,-0.22,0.394,0.44,0.581,0.56,-0.23,0.709,0.096,0.66,0.001,0.007,0.187,0.386,0.777,0.687,0.415,0.121,0.001,0.28,0.559,0.352,0.317,0.498,0.457,0.436,0.016,0,0.589,0.568,0.241,0.049,0.048,0.503,0.735,0.164,0.179,0.073,0.183,0.044,0.002,0.002,0.485,0.656,0.267,0.096,0.004,0.614,0.772,1.013,0.943,0.192,0.089,0.498,0.05,-0.313,-0.755,0.283,-0.502,0,0,0,0,0,0.001,0.001,0.001,0,0,0.001,0.001,0,0,0.001,0.001,0,0,0,0,0,0,0,0.001,0.001,0,0.001,0.001,0,0.001,0,0,0,0.001,0.001,0,0,0,0.001,0,0,0,0.001,0,0,14.556,0.016
02:08.3,3620,0.238,0.242,-0.729,-0.594,0.381,0.288,0.774,0.415,0.679,0.707,0.194,0.02,-0.689,-0.671,-0.184,-0.2,0.395,0.441,0.581,0.558,-0.23,0.709,0.096,0.66,0.001,0.007,0.187,0.386,0.777,0.687,0.415,0.121,0.001,0.28,0.559,0.352,0.317,0.498,0.457,0.436,0.016,0,0.589,0.568,0.241,0.049,0.048,0.503,0.735,0.164,0.179,0.073,0.183,0.044,0.002,0.002,0.485,0.656,0.267,0.096,0.004,0.614,0.772,1.013,0.943,0.192,0.089,0.498,0.05,-0.313,-0.755,0.283,-0.502,0,0,0,0,0,0.001,0.001,0.001,0,0,0.001,0.001,0,0,0.001,0.001,0,0,0,0,0,0,0,0.001,0.001,0,0.001,0.001,0,0.001,0,0,0,0.001,0.001,0,0,0,0.001,0,0,0,0.001,0,0,14.556,0.016
02:08.3,3621,0.238,0.238,-0.729,-0.596,0.382,0.287,0.775,0.414,0.673,0.712,0.199,0.027,-0.702,-0.662,-0.187,-0.181,0.398,0.441,0.581,0.556,-0.23,0.709,0.096,0.66,0.001,0.007,0.187,0.386,0.777,0.687,0.415,0.121,0.001,0.28,0.559,0.352,0.317,0.498,0.457,0.436,0.016,0,0.589,0.568,0.241,0.049,0.048,0.503,0.735,0.164,0.179,0.073,0.183,0.044,0.002,0.002,0.485,0.656,0.267,0.096,0.004,0.614,0.772,1.013,0.943,0.192,0.089,0.498,0.05,-0.313,-0.755,0.283,-0.502,0,0,0,0,0,0.001,0.001,0.001,0,0,0.001,0.001,0,0,0.001,0.001,0,0,0,0,0,0,0,0.001,0.001,0,0.001,0.001,0,0.001,0,0,0,0.001,0.001,0,0,0,0.001,0,0,0,0.001,0,0,14.556,0.016
02:08.3,3622,0.236,0.233,-0.728,-0.599,0.383,0.285,0.776,0.413,0.671,0.712,0.203,0.03,-0.713,-0.655,-0.187,-0.163,0.401,0.441,0.58,0.556,-0.23,0.709,0.096,0.66,0.001,0.007,0.187,0.386,0.777,0.687,0.415,0.121,0.001,0.28,0.559,0.352,0.317,0.498,0.457,0.436,0.016,0,0.589,0.568,0.241,0.049,0.048,0.503,0.735,0.164,0.179,0.073,0.183,0.044,0.002,0.002,0.485,0.656,0.267,0.096,0.004,0.614,0.772,1.013,0.943,0.192,0.089,0.498,0.05,-0.313,-0.755,0.283,-0.502,0,0,0,0,0,0.001,0.001,0.001,0,0,0.001,0.001,0,0,0.001,0.001,0,0,0,0,0,0,0,0.001,0.001,0,0.001,0.001,0,0.001,0,0,0,0.001,0.001,0,0,0,0.001,0,0,0,0.001,0,0,14.556,0.016
02:08.3,3623,0.234,0.229,-0.728,-0.602,0.384,0.283,0.777,0.411,0.673,0.71,0.205,0.03,-0.721,-0.651,-0.184,-0.15,0.405,0.44,0.578,0.555,-0.23,0.709,0.096,0.66,0.001,0.007,0.187,0.386,0.777,0.687,0.415,0.121,0.001,0.28,0.559,0.352,0.317,0.498,0.457,0.436,0.016,0,0.589,0.568,0.241,0.049,0.048,0.503,0.735,0.164,0.179,0.073,0.183,0.044,0.002,0.002,0.485,0.656,0.267,0.096,0.004,0.614,0.772,1.013,0.943,0.192,0.089,0.498,0.05,-0.412,-0.708,0.276,-0.502,0,0,0,0.001,0.001,0.001,0.001,0,0,0,0,0,0.001,0,0,0,0,0.001,0,0,0,0,0,0,0,0.001,0.001,0,0.001,0,0,0.001,0,0,0.001,0,0,0,0.001,0,0,0,0,0,0.001,14.556,0.013
02:08.3,3624,0.232,0.225,-0.729,-0.604,0.386,0.28,0.778,0.409,0.677,0.707,0.203,0.026,-0.725,-0.649,-0.181,-0.143,0.409,0.439,0.576,0.555,-0.23,0.709,0.096,0.66,0.001,0.007,0.187,0.386,0.777,0.687,0.415,0.121,0.001,0.28,0.559,0.352,0.317,0.498,0.457,0.436,0.016,0,0.589,0.568,0.241,0.049,0.048,0.503,0.735,0.164,0.179,0.073,0.183,0.044,0.002,0.002,0.485,0.656,0.267,0.096,0.004,0.614,0.772,1.013,0.943,0.192,0.089,0.498,0.05,-0.425,-0.698,0.279,-0.504,0.001,0.001,0,0.001,0.001,0,0.001,0,0,0,0.001,0,0.001,0,0.001,0.001,0.001,0,0,0,0.001,0,0,0,0,0,0.001,0,0.001,0,0,0.001,0,0,0,0.004,0,0.001,0,0.001,0,0.001,0,0.001,0.001,14.556,0.023
02:08.3,3625,0.23,0.22,-0.729,-0.605,0.387,0.278,0.78,0.406,0.681,0.704,0.199,0.019,-0.726,-0.649,-0.179,-0.142,0.414,0.439,0.573,0.555,-0.23,0.709,0.096,0.66,0.001,0.007,0.187,0.386,0.777,0.687,0.415,0.121,0.001,0.28,0.559,0.352,0.317,0.498,0.457,0.436,0.016,0,0.589,0.568,0.241,0.049,0.048,0.503,0.735,0.164,0.179,0.073,0.183,0.044,0.002,0.002,0.485,0.656,0.267,0.096,0.004,0.614,0.772,1.013,0.943,0.192,0.089,0.498,0.05,-0.439,-0.684,0.282,-0.509,0,0.001,0.001,0.001,0,0,0,0.001,0.001,0.001,0,0.001,0,0.001,0.001,0,0.001,0,0.001,0,0,0,0,0,0,0,0.001,0,0.001,0,0,0.001,0,0,0.001,0.002,0.001,0,0,0,0,0,0,0.001,0,14.556,0.019
02:08.3,3626,0.229,0.216,-0.731,-0.606,0.389,0.275,0.781,0.403,0.683,0.704,0.194,0.008,-0.725,-0.65,-0.178,-0.145,0.419,0.438,0.569,0.555,-0.168,0.742,0.021,0.649,0.001,0.016,0.164,0.354,0.768,0.68,0.415,0.122,0.001,0.261,0.553,0.338,0.3,0.485,0.457,0.436,0.016,0.001,0.57,0.562,0.231,0.049,0.042,0.504,0.735,0.173,0.197,0.062,0.173,0.04,0.002,0.002,0.487,0.659,0.272,0.104,0.004,0.617,0.772,1.033,0.966,0.194,0.089,0.503,0.066,-0.439,-0.684,0.282,-0.509,0,0.001,0.001,0.001,0,0,0,0.001,0.001,0.001,0,0.001,0,0.001,0.001,0,0.001,0,0.001,0,0,0,0,0,0,0,0.001,0,0.001,0,0,0.001,0,0,0.001,0.002,0.001,0,0,0,0,0,0,0.001,0,14.476,0.019
02:08.3,3627,0.229,0.211,-0.732,-0.606,0.391,0.272,0.783,0.399,0.684,0.705,0.188,-0.006,-0.723,-0.65,-0.178,-0.151,0.424,0.438,0.566,0.555,-0.163,0.744,0.014,0.647,0.001,0.001,0.007,0.089,0.674,0.657,0.379,0.129,0.001,0.004,0.377,0.21,0.23,0.458,0.475,0.446,0.051,0.001,0.25,0.454,0.137,0.016,0.032,0.512,0.734,0.234,0.247,0.001,0.061,0.004,0.002,0.002,0.499,0.663,0.352,0.245,0.004,0.645,0.769,1.178,1.145,0.215,0.126,0.44,0.267,-0.439,-0.684,0.282,-0.509,0,0.001,0.001,0.001,0,0,0,0.001,0.001,0.001,0,0.001,0,0.001,0.001,0,0.001,0,0.001,0,0,0,0,0,0,0,0.001,0,0.001,0,0,0.001,0,0,0.001,0.002,0.001,0,0,0,0,0,0,0.001,0,13.424,0.019
02:08.3,3628,0.228,0.207,-0.733,-0.607,0.394,0.269,0.785,0.395,0.683,0.707,0.181,-0.021,-0.721,-0.651,-0.178,-0.157,0.427,0.439,0.563,0.555,-0.156,0.747,0.007,0.646,0.001,0.001,0.001,0.035,0.665,0.656,0.364,0.132,0.001,0.001,0.304,0.177,0.198,0.465,0.477,0.444,0.059,0.001,0.182,0.433,0.104,0.01,0.021,0.515,0.734,0.232,0.256,0.001,0.039,0.001,0.001,0.004,0.503,0.662,0.358,0.263,0.004,0.65,0.769,1.178,1.167,0.221,0.131,0.455,0.297,-0.439,-0.684,0.282,-0.509,0,0.001,0.001,0.001,0,0,0,0.001,0.001,0.001,0,0.001,0,0.001,0.001,0,0.001,0,0.001,0,0,0,0,0,0,0,0.001,0,0.001,0,0,0.001,0,0,0.001,0.002,0.001,0,0,0,0,0,0,0.001,0,13.173,0.019
02:08.3,3629,0.228,0.203,-0.734,-0.607,0.397,0.266,0.787,0.39,0.682,0.709,0.173,-0.036,-0.718,-0.652,-0.179,-0.163,0.43,0.44,0.56,0.555,-0.148,0.752,-0.003,0.643,0.001,0.001,0.001,0.004,0.63,0.665,0.348,0.133,0.001,0.001,0.228,0.122,0.168,0.454,0.473,0.446,0.057,0.001,0.121,0.372,0.077,0.001,0.018,0.521,0.734,0.238,0.265,0.001,0.022,0.001,0.001,0.002,0.508,0.661,0.374,0.286,0.004,0.658,0.77,1.189,1.183,0.225,0.136,0.433,0.322,-0.439,-0.684,0.282,-0.509,0,0.001,0.001,0.001,0,0,0,0.001,0.001,0.001,0,0.001,0,0.001,0.001,0,0.001,0,0.001,0,0,0,0,0,0,0,0.001,0,0.001,0,0,0.001,0,0,0.001,0.002,0.001,0,0,0,0,0,0,0.001,0,12.857,0.019
02:08.4,3630,0.228,0.199,-0.735,-0.607,0.4,0.262,0.789,0.386,0.682,0.71,0.166,-0.048,-0.717,-0.652,-0.182,-0.166,0.432,0.441,0.558,0.554,-0.143,0.754,-0.01,0.64,0.001,0.001,0.001,0.001,0.573,0.631,0.355,0.128,0,0.001,0.158,0.085,0.15,0.436,0.452,0.444,0.061,0.001,0.072,0.31,0.024,0.001,0.022,0.524,0.734,0.245,0.272,0.001,0.001,0.001,0.001,0.002,0.513,0.662,0.386,0.291,0.004,0.664,0.774,1.199,1.2,0.23,0.139,0.431,0.339,-0.439,-0.684,0.282,-0.509,0,0.001,0.001,0.001,0,0,0,0.001,0.001,0.001,0,0.001,0,0.001,0.001,0,0.001,0,0.001,0,0,0,0,0,0,0,0.001,0,0.001,0,0,0.001,0,0,0.001,0.002,0.001,0,0,0,0,0,0,0.001,0,12.521,0.019
02:08.4,3631,0.228,0.196,-0.736,-0.606,0.404,0.258,0.79,0.382,0.684,0.71,0.158,-0.057,-0.716,-0.652,-0.184,-0.168,0.434,0.443,0.556,0.553,-0.143,0.754,-0.01,0.64,0.001,0.001,0.001,0.001,0.573,0.631,0.355,0.128,0,0.001,0.158,0.085,0.15,0.436,0.452,0.444,0.061,0.001,0.072,0.31,0.024,0.001,0.022,0.524,0.734,0.245,0.272,0.001,0.001,0.001,0.001,0.002,0.513,0.662,0.386,0.291,0.004,0.664,0.774,1.199,1.2,0.23,0.139,0.431,0.339,-0.451,-0.641,0.319,-0.532,0,0.001,0.001,0,0,0.001,0,0,0,0,0,0,0,0.001,0,0,0,0,0,0.001,0,0,0,0.001,0,0,0,0.001,0,0,0,0,0,0.001,0,0.002,0.001,0,0,0,0,0,0,0,0,12.521,0.011
02:08.4,3632,0.228,0.194,-0.737,-0.606,0.406,0.255,0.792,0.378,0.687,0.708,0.15,-0.063,-0.715,-0.652,-0.186,-0.168,0.436,0.445,0.554,0.552,-0.143,0.754,-0.01,0.64,0.001,0.001,0.001,0.001,0.573,0.631,0.355,0.128,0,0.001,0.158,0.085,0.15,0.436,0.452,0.444,0.061,0.001,0.072,0.31,0.024,0.001,0.022,0.524,0.734,0.245,0.272,0.001,0.001,0.001,0.001,0.002,0.513,0.662,0.386,0.291,0.004,0.664,0.774,1.199,1.2,0.23,0.139,0.431,0.339,-0.45,-0.633,0.325,-0.54,0,0,0.001,0,0,0.001,0,0,0.001,0,0.001,0,0,0.001,0,0,0.001,0,0.001,0.001,0,0.001,0.001,0.001,0,0,0.001,0,0,0.001,0,0,0,0.001,0.001,0,0.001,0,0,0,0,0.001,0,0.001,0,12.521,0.018
02:08.4,3633,0.228,0.192,-0.738,-0.605,0.408,0.251,0.794,0.374,0.691,0.706,0.142,-0.069,-0.715,-0.653,-0.186,-0.167,0.437,0.447,0.553,0.551,-0.143,0.754,-0.01,0.64,0.001,0.001,0.001,0.001,0.573,0.631,0.355,0.128,0,0.001,0.158,0.085,0.15,0.436,0.452,0.444,0.061,0.001,0.072,0.31,0.024,0.001,0.022,0.524,0.734,0.245,0.272,0.001,0.001,0.001,0.001,0.002,0.513,0.662,0.386,0.291,0.004,0.664,0.774,1.199,1.2,0.23,0.139,0.431,0.339,-0.45,-0.633,0.325,-0.54,0,0,0.001,0,0,0.001,0,0,0.001,0,0.001,0,0,0.001,0,0,0.001,0,0.001,0.001,0,0.001,0.001,0.001,0,0,0.001,0,0,0.001,0,0,0,0.001,0.001,0,0.001,0,0,0,0,0.001,0,0.001,0,12.521,0.018
02:08.4,3634,0.227,0.19,-0.739,-0.605,0.41,0.247,0.796,0.369,0.694,0.703,0.134,-0.074,-0.715,-0.654,-0.184,-0.166,0.438,0.449,0.551,0.55,-0.143,0.754,-0.01,0.64,0.001,0.001,0.001,0.001,0.573,0.631,0.355,0.128,0,0.001,0.158,0.085,0.15,0.436,0.452,0.444,0.061,0.001,0.072,0.31,0.024,0.001,0.022,0.524,0.734,0.245,0.272,0.001,0.001,0.001,0.001,0.002,0.513,0.662,0.386,0.291,0.004,0.664,0.774,1.199,1.2,0.23,0.139,0.431,0.339,-0.45,-0.633,0.325,-0.54,0,0,0.001,0,0,0.001,0,0,0.001,0,0.001,0,0,0.001,0,0,0.001,0,0.001,0.001,0,0.001,0.001,0.001,0,0,0.001,0,0,0.001,0,0,0,0.001,0.001,0,0.001,0,0,0,0,0.001,0,0.001,0,12.521,0.018
02:08.4,3635,0.226,0.189,-0.739,-0.606,0.413,0.243,0.798,0.365,0.697,0.701,0.126,-0.078,-0.714,-0.655,-0.18,-0.166,0.439,0.451,0.55,0.549,-0.143,0.754,-0.01,0.64,0.001,0.001,0.001,0.001,0.573,0.631,0.355,0.128,0,0.001,0.158,0.085,0.15,0.436,0.452,0.444,0.061,0.001,0.072,0.31,0.024,0.001,0.022,0.524,0.734,0.245,0.272,0.001,0.001,0.001,0.001,0.002,0.513,0.662,0.386,0.291,0.004,0.664,0.774,1.199,1.2,0.23,0.139,0.431,0.339,-0.45,-0.633,0.325,-0.54,0,0,0.001,0,0,0.001,0,0,0.001,0,0.001,0,0,0.001,0,0,0.001,0,0.001,0.001,0,0.001,0.001,0.001,0,0,0.001,0,0,0.001,0,0,0,0.001,0.001,0,0.001,0,0,0,0,0.001,0,0.001,0,12.521,0.018
02:08.4,3636,0.224,0.187,-0.739,-0.607,0.417,0.238,0.799,0.361,0.698,0.701,0.12,-0.081,-0.714,-0.658,-0.174,-0.165,0.44,0.452,0.548,0.549,-0.143,0.754,-0.01,0.64,0.001,0.001,0.001,0.001,0.573,0.631,0.355,0.128,0,0.001,0.158,0.085,0.15,0.436,0.452,0.444,0.061,0.001,0.072,0.31,0.024,0.001,0.022,0.524,0.734,0.245,0.272,0.001,0.001,0.001,0.001,0.002,0.513,0.662,0.386,0.291,0.004,0.664,0.774,1.199,1.2,0.23,0.139,0.431,0.339,-0.45,-0.633,0.325,-0.54,0,0,0.001,0,0,0.001,0,0,0.001,0,0.001,0,0,0.001,0,0,0.001,0,0.001,0.001,0,0.001,0.001,0.001,0,0,0.001,0,0,0.001,0,0,0,0.001,0.001,0,0.001,0,0,0,0,0.001,0,0.001,0,12.521,0.018
02:08.4,3637,0.223,0.185,-0.738,-0.609,0.422,0.233,0.8,0.356,0.698,0.702,0.114,-0.081,-0.713,-0.661,-0.166,-0.166,0.44,0.454,0.546,0.55,-0.105,0.774,-0.079,0.619,0.001,0.001,0.001,0.001,0.508,0.593,0.358,0.129,0,0.001,0.117,0.067,0.145,0.435,0.443,0.443,0.062,0.001,0.05,0.236,0.001,0.001,0.02,0.527,0.731,0.243,0.274,0.001,0.001,0.001,0.001,0.002,0.51,0.661,0.383,0.294,0.004,0.667,0.778,1.206,1.206,0.232,0.143,0.432,0.359,-0.45,-0.633,0.325,-0.54,0,0,0.001,0,0,0.001,0,0,0.001,0,0.001,0,0,0.001,0,0,0.001,0,0.001,0.001,0,0.001,0.001,0.001,0,0,0.001,0,0,0.001,0,0,0,0.001,0.001,0,0.001,0,0,0,0,0.001,0,0.001,0,12.27,0.018
02:08.4,3638,0.221,0.183,-0.737,-0.611,0.427,0.229,0.801,0.352,0.696,0.705,0.111,-0.079,-0.71,-0.665,-0.158,-0.168,0.441,0.455,0.543,0.551,-0.1,0.776,-0.089,0.617,0.001,0.001,0.001,0.001,0.173,0.16,0.315,0.107,0.001,0.001,0.004,0.009,0.017,0.074,0.476,0.408,0.1,0.001,0.001,0.001,0.001,0.001,0.001,0.482,0.712,0.2,0.294,0.001,0.001,0.001,0.001,0.001,0.452,0.661,0.389,0.315,0.001,0.667,0.83,1.234,1.266,0.263,0.181,0.486,0.49,-0.45,-0.633,0.325,-0.54,0,0,0.001,0,0,0.001,0,0,0.001,0,0.001,0,0,0.001,0,0,0.001,0,0.001,0.001,0,0.001,0.001,0.001,0,0,0.001,0,0,0.001,0,0,0,0.001,0.001,0,0.001,0,0,0,0,0.001,0,0.001,0,10.783,0.018
02:08.4,3639,0.22,0.18,-0.736,-0.614,0.433,0.225,0.801,0.348,0.694,0.708,0.109,-0.075,-0.706,-0.67,-0.154,-0.169,0.442,0.456,0.541,0.551,-0.1,0.776,-0.089,0.617,0.001,0.001,0.001,0.001,0.173,0.16,0.315,0.107,0.001,0.001,0.004,0.009,0.017,0.074,0.476,0.408,0.1,0.001,0.001,0.001,0.001,0.001,0.001,0.482,0.712,0.2,0.294,0.001,0.001,0.001,0.001,0.001,0.452,0.661,0.389,0.315,0.001,0.667,0.83,1.234,1.266,0.263,0.181,0.486,0.49,-0.429,-0.586,0.358,-0.587,0,0,0.001,0,0,0.001,0,0,0.001,0,0.001,0,0,0.001,0,0,0.001,0,0.001,0.001,0,0.001,0.001,0.001,0,0,0.001,0,0,0.001,0,0,0,0.001,0.001,0,0.001,0,0,0,0,0.001,0,0.001,0,10.783,0.018
02:08.5,3640,0.219,0.176,-0.735,-0.617,0.438,0.221,0.801,0.343,0.692,0.711,0.105,-0.067,-0.704,-0.67,-0.161,-0.171,0.443,0.458,0.539,0.55,-0.1,0.776,-0.089,0.617,0.001,0.001,0.001,0.001,0.173,0.16,0.315,0.107,0.001,0.001,0.004,0.009,0.017,0.074,0.476,0.408,0.1,0.001,0.001,0.001,0.001,0.001,0.001,0.482,0.712,0.2,0.294,0.001,0.001,0.001,0.001,0.001,0.452,0.661,0.389,0.315,0.001,0.667,0.83,1.234,1.266,0.263,0.181,0.486,0.49,-0.394,-0.594,0.356,-0.604,0.85,0.637,0.002,0,0.001,0,0,0.001,0.963,0.796,0.495,0,0,0,0.006,0.004,0,0.72,0.791,0.142,0,0,0.001,0.001,0.02,0,0.001,0.129,0.001,0.001,0,0,0.001,0.001,0,0.001,0.001,0,0,0.001,0,0,0.001,0.001,0.001,10.783,5.57
02:08.5,3641,0.218,0.172,-0.734,-0.62,0.444,0.218,0.801,0.339,0.692,0.713,0.1,-0.058,-0.705,-0.663,-0.18,-0.174,0.443,0.462,0.539,0.548,-0.1,0.776,-0.089,0.617,0.001,0.001,0.001,0.001,0.173,0.16,0.315,0.107,0.001,0.001,0.004,0.009,0.017,0.074,0.476,0.408,0.1,0.001,0.001,0.001,0.001,0.001,0.001,0.482,0.712,0.2,0.294,0.001,0.001,0.001,0.001,0.001,0.452,0.661,0.389,0.315,0.001,0.667,0.83,1.234,1.266,0.263,0.181,0.486,0.49,-0.354,-0.592,0.358,-0.63,0.889,0.646,0.09,0.001,0,0,0,0.001,0.956,0.862,0.656,0,0.001,0.001,0.024,0.02,0,0.729,0.835,0.286,0,0,0,0.001,0.012,0,0.001,0.209,0.001,0.001,0.001,0,0.001,0.001,0,0.001,0,0,0,0,0.001,0,0,0,0.001,10.783,6.228
02:08.5,3642,0.218,0.167,-0.733,-0.623,0.449,0.214,0.8,0.335,0.694,0.712,0.098,-0.047,-0.711,-0.655,-0.19,-0.171,0.442,0.465,0.54,0.545,-0.1,0.776,-0.089,0.617,0.001,0.001,0.001,0.001,0.173,0.16,0.315,0.107,0.001,0.001,0.004,0.009,0.017,0.074,0.476,0.408,0.1,0.001,0.001,0.001,0.001,0.001,0.001,0.482,0.712,0.2,0.294,0.001,0.001,0.001,0.001,0.001,0.452,0.661,0.389,0.315,0.001,0.667,0.83,1.234,1.266,0.263,0.181,0.486,0.49,-0.354,-0.592,0.358,-0.63,0.889,0.646,0.09,0.001,0,0,0,0.001,0.956,0.862,0.656,0,0.001,0.001,0.024,0.02,0,0.729,0.835,0.286,0,0,0,0.001,0.012,0,0.001,0.209,0.001,0.001,0.001,0,0.001,0.001,0,0.001,0,0,0,0,0.001,0,0,0,0.001,10.783,6.228
02:08.5,3643,0.219,0.162,-0.731,-0.625,0.454,0.211,0.8,0.331,0.697,0.709,0.1,-0.036,-0.716,-0.652,-0.186,-0.163,0.441,0.468,0.541,0.543,-0.1,0.776,-0.089,0.617,0.001,0.001,0.001,0.001,0.173,0.16,0.315,0.107,0.001,0.001,0.004,0.009,0.017,0.074,0.476,0.408,0.1,0.001,0.001,0.001,0.001,0.001,0.001,0.482,0.712,0.2,0.294,0.001,0.001,0.001,0.001,0.001,0.452,0.661,0.389,0.315,0.001,0.667,0.83,1.234,1.266,0.263,0.181,0.486,0.49,-0.354,-0.592,0.358,-0.63,0.889,0.646,0.09,0.001,0,0,0,0.001,0.956,0.862,0.656,0,0.001,0.001,0.024,0.02,0,0.729,0.835,0.286,0,0,0,0.001,0.012,0,0.001,0.209,0.001,0.001,0.001,0,0.001,0.001,0,0.001,0,0,0,0,0.001,0,0,0,0.001,10.783,6.228
02:08.5,3644,0.222,0.158,-0.729,-0.628,0.46,0.208,0.799,0.328,0.7,0.705,0.11,-0.027,-0.719,-0.653,-0.18,-0.156,0.44,0.469,0.541,0.542,-0.1,0.776,-0.089,0.617,0.001,0.001,0.001,0.001,0.173,0.16,0.315,0.107,0.001,0.001,0.004,0.009,0.017,0.074,0.476,0.408,0.1,0.001,0.001,0.001,0.001,0.001,0.001,0.482,0.712,0.2,0.294,0.001,0.001,0.001,0.001,0.001,0.452,0.661,0.389,0.315,0.001,0.667,0.83,1.234,1.266,0.263,0.181,0.486,0.49,-0.354,-0.592,0.358,-0.63,0.889,0.646,0.09,0.001,0,0,0,0.001,0.956,0.862,0.656,0,0.001,0.001,0.024,0.02,0,0.729,0.835,0.286,0,0,0,0.001,0.012,0,0.001,0.209,0.001,0.001,0.001,0,0.001,0.001,0,0.001,0,0,0,0,0.001,0,0,0,0.001,10.783,6.228
02:08.5,3645,0.224,0.153,-0.727,-0.631,0.465,0.205,0.798,0.324,0.701,0.702,0.124,-0.025,-0.718,-0.656,-0.176,-0.153,0.44,0.47,0.54,0.542,-0.067,0.779,-0.181,0.596,0.001,0.001,0.001,0.001,0.167,0.15,0.314,0.106,0.001,0.001,0.002,0.011,0.015,0.062,0.476,0.407,0.101,0,0.001,0.001,0.001,0.001,0.001,0.482,0.709,0.201,0.295,0.001,0.001,0.001,0.001,0.001,0.449,0.664,0.386,0.316,0.001,0.665,0.829,1.236,1.266,0.264,0.182,0.488,0.495,-0.354,-0.592,0.358,-0.63,0.889,0.646,0.09,0.001,0,0,0,0.001,0.956,0.862,0.656,0,0.001,0.001,0.024,0.02,0,0.729,0.835,0.286,0,0,0,0.001,0.012,0,0.001,0.209,0.001,0.001,0.001,0,0.001,0.001,0,0.001,0,0,0,0,0.001,0,0,0,0.001,10.755,6.228
02:08.5,3646,0.228,0.148,-0.725,-0.633,0.472,0.203,0.797,0.319,0.702,0.699,0.136,-0.032,-0.715,-0.659,-0.172,-0.156,0.438,0.47,0.54,0.543,-0.067,0.779,-0.181,0.596,0.001,0.001,0.001,0.001,0.167,0.15,0.314,0.106,0.001,0.001,0.002,0.011,0.015,0.062,0.476,0.407,0.101,0,0.001,0.001,0.001,0.001,0.001,0.482,0.709,0.201,0.295,0.001,0.001,0.001,0.001,0.001,0.449,0.664,0.386,0.316,0.001,0.665,0.829,1.236,1.266,0.264,0.182,0.488,0.495,-0.354,-0.592,0.358,-0.63,0.889,0.646,0.09,0.001,0,0,0,0.001,0.956,0.862,0.656,0,0.001,0.001,0.024,0.02,0,0.729,0.835,0.286,0,0,0,0.001,0.012,0,0.001,0.209,0.001,0.001,0.001,0,0.001,0.001,0,0.001,0,0,0,0,0.001,0,0,0,0.001,10.755,6.228
02:08.5,3647,0.233,0.142,-0.722,-0.636,0.479,0.202,0.794,0.315,0.703,0.695,0.145,-0.043,-0.711,-0.664,-0.167,-0.161,0.435,0.47,0.541,0.545,-0.067,0.779,-0.181,0.596,0.001,0.001,0.001,0.001,0.167,0.15,0.314,0.106,0.001,0.001,0.002,0.011,0.015,0.062,0.476,0.407,0.101,0,0.001,0.001,0.001,0.001,0.001,0.482,0.709,0.201,0.295,0.001,0.001,0.001,0.001,0.001,0.449,0.664,0.386,0.316,0.001,0.665,0.829,1.236,1.266,0.264,0.182,0.488,0.495,-0.354,-0.592,0.358,-0.63,0.889,0.646,0.09,0.001,0,0,0,0.001,0.956,0.862,0.656,0,0.001,0.001,0.024,0.02,0,0.729,0.835,0.286,0,0,0,0.001,0.012,0,0.001,0.209,0.001,0.001,0.001,0,0.001,0.001,0,0.001,0,0,0,0,0.001,0,0,0,0.001,10.755,6.228
02:08.5,3648,0.238,0.136,-0.718,-0.64,0.486,0.202,0.791,0.312,0.702,0.694,0.15,-0.055,-0.707,-0.67,-0.161,-0.162,0.432,0.469,0.542,0.547,-0.067,0.779,-0.181,0.596,0.001,0.001,0.001,0.001,0.167,0.15,0.314,0.106,0.001,0.001,0.002,0.011,0.015,0.062,0.476,0.407,0.101,0,0.001,0.001,0.001,0.001,0.001,0.482,0.709,0.201,0.295,0.001,0.001,0.001,0.001,0.001,0.449,0.664,0.386,0.316,0.001,0.665,0.829,1.236,1.266,0.264,0.182,0.488,0.495,-0.242,-0.556,0.432,-0.667,0.894,0.65,0.107,0.001,0,0.001,0,0.001,0.96,0.86,0.669,0,0,0.001,0.022,0.022,0,0.729,0.84,0.321,0,0,0.001,0,0.02,0.001,0,0.216,0.001,0,0.001,0,0.001,0.001,0,0,0,0,0,0,0,0,0,0,0.001,10.755,6.321
02:08.5,3649,0.245,0.13,-0.714,-0.643,0.492,0.204,0.788,0.31,0.7,0.695,0.151,-0.065,-0.703,-0.676,-0.152,-0.158,0.43,0.468,0.544,0.549,-0.067,0.779,-0.181,0.596,0.001,0.001,0.001,0.001,0.167,0.15,0.314,0.106,0.001,0.001,0.002,0.011,0.015,0.062,0.476,0.407,0.101,0,0.001,0.001,0.001,0.001,0.001,0.482,0.709,0.201,0.295,0.001,0.001,0.001,0.001,0.001,0.449,0.664,0.386,0.316,0.001,0.665,0.829,1.236,1.266,0.264,0.182,0.488,0.495,-0.25,-0.541,0.449,-0.666,0.894,0.709,0.724,0.755,1.083,0.895,0.801,0.001,0.779,0.785,0.827,0.606,0.3,0.147,0.407,0.106,0,0.672,0.875,0.709,0.143,0.01,0.005,0.01,0.01,0.001,0.001,0.365,0.21,0.002,0.002,0.001,0.002,0,0.001,0.001,0.001,0,0.001,0,0.001,0.001,0,0,0,10.755,12.843
02:08.5,3650,0.253,0.123,-0.709,-0.647,0.497,0.207,0.784,0.308,0.696,0.7,0.147,-0.067,-0.699,-0.684,-0.145,-0.149,0.428,0.467,0.545,0.549,-0.067,0.779,-0.181,0.596,0.001,0.001,0.001,0.001,0.167,0.15,0.314,0.106,0.001,0.001,0.002,0.011,0.015,0.062,0.476,0.407,0.101,0,0.001,0.001,0.001,0.001,0.001,0.482,0.709,0.201,0.295,0.001,0.001,0.001,0.001,0.001,0.449,0.664,0.386,0.316,0.001,0.665,0.829,1.236,1.266,0.264,0.182,0.488,0.495,-0.25,-0.541,0.449,-0.666,0.894,0.709,0.724,0.755,1.083,0.895,0.801,0.001,0.779,0.785,0.827,0.606,0.3,0.147,0.407,0.106,0,0.672,0.875,0.709,0.143,0.01,0.005,0.01,0.01,0.001,0.001,0.365,0.21,0.002,0.002,0.001,0.002,0,0.001,0.001,0.001,0,0.001,0,0.001,0.001,0,0,0,10.755,12.843
02:08.6,3651,0.261,0.117,-0.704,-0.65,0.501,0.21,0.781,0.307,0.69,0.707,0.139,-0.061,-0.694,-0.692,-0.139,-0.142,0.428,0.466,0.546,0.549,-0.067,0.779,-0.181,0.596,0.001,0.001,0.001,0.001,0.167,0.15,0.314,0.106,0.001,0.001,0.002,0.011,0.015,0.062,0.476,0.407,0.101,0,0.001,0.001,0.001,0.001,0.001,0.482,0.709,0.201,0.295,0.001,0.001,0.001,0.001,0.001,0.449,0.664,0.386,0.316,0.001,0.665,0.829,1.236,1.266,0.264,0.182,0.488,0.495,-0.25,-0.541,0.449,-0.666,0.894,0.709,0.724,0.755,1.083,0.895,0.801,0.001,0.779,0.785,0.827,0.606,0.3,0.147,0.407,0.106,0,0.672,0.875,0.709,0.143,0.01,0.005,0.01,0.01,0.001,0.001,0.365,0.21,0.002,0.002,0.001,0.002,0,0.001,0.001,0.001,0,0.001,0,0.001,0.001,0,0,0,10.755,12.843
02:08.6,3652,0.27,0.111,-0.698,-0.654,0.503,0.214,0.779,0.306,0.685,0.715,0.131,-0.051,-0.687,-0.7,-0.134,-0.141,0.43,0.465,0.548,0.547,-0.068,0.712,-0.402,0.572,0.001,0.001,0.001,0.001,0.063,0.031,0.105,0.006,0.001,0.001,0.001,0.017,0.001,0.013,0.226,0.216,0.101,0.001,0.001,0.001,0.001,0.001,0.013,0.148,0.512,0.1,0.282,0.001,0.001,0.001,0.001,0.001,0.175,0.7,0.413,0.258,0.001,0.575,1.089,1.212,1.21,0.368,0.278,0.576,0.596,-0.25,-0.541,0.449,-0.666,0.894,0.709,0.724,0.755,1.083,0.895,0.801,0.001,0.779,0.785,0.827,0.606,0.3,0.147,0.407,0.106,0,0.672,0.875,0.709,0.143,0.01,0.005,0.01,0.01,0.001,0.001,0.365,0.21,0.002,0.002,0.001,0.002,0,0.001,0.001,0.001,0,0.001,0,0.001,0.001,0,0,0,9.302,12.843
02:08.6,3653,0.277,0.108,-0.693,-0.656,0.503,0.219,0.779,0.304,0.68,0.721,0.126,-0.041,-0.681,-0.706,-0.128,-0.149,0.434,0.464,0.549,0.543,-0.082,0.701,-0.423,0.569,0.001,0,0.001,0.001,0.001,0.001,0.024,0.001,0.001,0.001,0.001,0.001,0.001,0.027,0.087,0.101,0.089,0.001,0.001,0.001,0.001,0.001,0.001,0.001,0.259,0.023,0.155,0.001,0.001,0.001,0.001,0.001,0.042,0.383,0.042,0.258,0.001,0.308,0.436,0.048,0.838,0.001,0.076,0.001,0.006,-0.25,-0.541,0.449,-0.666,0.894,0.709,0.724,0.755,1.083,0.895,0.801,0.001,0.779,0.785,0.827,0.606,0.3,0.147,0.407,0.106,0,0.672,0.875,0.709,0.143,0.01,0.005,0.01,0.01,0.001,0.001,0.365,0.21,0.002,0.002,0.001,0.002,0,0.001,0.001,0.001,0,0.001,0,0.001,0.001,0,0,0,3.228,12.843
02:08.6,3654,0.281,0.108,-0.689,-0.659,0.5,0.221,0.781,0.3,0.676,0.725,0.124,-0.035,-0.675,-0.709,-0.121,-0.163,0.44,0.463,0.55,0.539,-0.098,0.688,-0.442,0.567,0,0.001,0.001,0.001,0.001,0.001,0.015,0.001,0.001,0.001,0.001,0.001,0.001,0.001,0.076,0.074,0.053,0.001,0.001,0.001,0.001,0.001,0.001,0.001,0.204,0.001,0.105,0.001,0.001,0.001,0.001,0.001,0.002,0.283,0.02,0.099,0.001,0.159,0.392,0.031,0.299,0.001,0.001,0.001,0.001,-0.25,-0.541,0.449,-0.666,0.894,0.709,0.724,0.755,1.083,0.895,0.801,0.001,0.779,0.785,0.827,0.606,0.3,0.147,0.407,0.106,0,0.672,0.875,0.709,0.143,0.01,0.005,0.01,0.01,0.001,0.001,0.365,0.21,0.002,0.002,0.001,0.002,0,0.001,0.001,0.001,0,0.001,0,0.001,0.001,0,0,0,1.842,12.843
02:08.6,3655,0.283,0.109,-0.686,-0.661,0.499,0.225,0.787,0.286,0.674,0.728,0.122,-0.033,-0.671,-0.711,-0.115,-0.176,0.447,0.461,0.551,0.533,-0.089,0.67,-0.482,0.558,0.001,0.001,0.001,0.001,0.001,0.001,0.005,0.001,0.001,0.001,0.001,0.001,0.001,0.001,0.039,0.063,0.001,0.001,0.001,0.001,0.001,0.001,0.001,0.001,0.177,0.001,0.001,0.001,0.001,0.001,0.001,0.001,0.001,0.197,0.009,0.001,0.001,0.087,0.315,0.001,0.112,0.001,0.001,0.001,0.001,-0.279,-0.496,0.479,-0.669,0.894,0.709,0.724,0.755,1.083,0.895,0.801,0.001,0.779,0.785,0.827,0.606,0.3,0.147,0.407,0.106,0,0.672,0.875,0.709,0.143,0.01,0.005,0.01,0.01,0.001,0.001,0.365,0.21,0.002,0.002,0.001,0.002,0,0.001,0.001,0.001,0,0.001,0,0.001,0.001,0,0,0,1.04,12.843
02:08.6,3656,0.282,0.111,-0.683,-0.664,0.497,0.23,0.793,0.265,0.672,0.73,0.119,-0.035,-0.667,-0.712,-0.111,-0.188,0.454,0.461,0.552,0.526,-0.085,0.665,-0.496,0.552,0.001,0.001,0.001,0.001,0.001,0.001,0.001,0.001,0.001,0.001,0.001,0.001,0.001,0.001,0.016,0.062,0.001,0.001,0.001,0.001,0.001,0.001,0.001,0.001,0.122,0.001,0.001,0.001,0.001,0.001,0.001,0.001,0.001,0.125,0.001,0.001,0.001,0.061,0.172,0.001,0.009,0.001,0.001,0.001,0.001,-0.279,-0.496,0.479,-0.669,0.894,0.709,0.724,0.755,1.083,0.895,0.801,0.001,0.779,0.785,0.827,0.606,0.3,0.147,0.407,0.106,0,0.672,0.875,0.709,0.143,0.01,0.005,0.01,0.01,0.001,0.001,0.365,0.21,0.002,0.002,0.001,0.002,0,0.001,0.001,0.001,0,0.001,0,0.001,0.001,0,0,0,0.605,12.843
02:08.6,3657,0.28,0.111,-0.68,-0.668,0.501,0.237,0.796,0.245,0.671,0.732,0.116,-0.038,-0.664,-0.713,-0.11,-0.196,0.46,0.461,0.554,0.519,-0.092,0.663,-0.505,0.544,0.001,0.001,0.001,0.001,0.001,0.001,0.001,0.001,0.001,0.001,0.001,0.001,0.001,0.001,0.006,0.048,0.001,0.001,0.001,0.001,0.001,0.001,0.001,0.001,0.074,0.001,0.001,0.001,0.001,0,0.001,0.001,0.001,0.056,0.001,0.001,0.001,0.012,0.071,0.001,0.001,0.001,0.001,0.001,0.001,-0.279,-0.496,0.479,-0.669,0.894,0.709,0.724,0.755,1.083,0.895,0.801,0.001,0.779,0.785,0.827,0.606,0.3,0.147,0.407,0.106,0,0.672,0.875,0.709,0.143,0.01,0.005,0.01,0.01,0.001,0.001,0.365,0.21,0.002,0.002,0.001,0.002,0,0.001,0.001,0.001,0,0.001,0,0.001,0.001,0,0,0,0.305,12.843
02:08.6,3658,0.279,0.111,-0.677,-0.672,0.51,0.241,0.792,0.233,0.67,0.733,0.112,-0.042,-0.662,-0.714,-0.11,-0.199,0.464,0.462,0.556,0.512,-0.092,0.663,-0.505,0.544,0.001,0.001,0.001,0.001,0.001,0.001,0.001,0.001,0.001,0.001,0.001,0.001,0.001,0.001,0.006,0.048,0.001,0.001,0.001,0.001,0.001,0.001,0.001,0.001,0.074,0.001,0.001,0.001,0.001,0,0.001,0.001,0.001,0.056,0.001,0.001,0.001,0.012,0.071,0.001,0.001,0.001,0.001,0.001,0.001,-0.279,-0.496,0.479,-0.669,0.894,0.709,0.724,0.755,1.083,0.895,0.801,0.001,0.779,0.785,0.827,0.606,0.3,0.147,0.407,0.106,0,0.672,0.875,0.709,0.143,0.01,0.005,0.01,0.01,0.001,0.001,0.365,0.21,0.002,0.002,0.001,0.002,0,0.001,0.001,0.001,0,0.001,0,0.001,0.001,0,0,0,0.305,12.843
02:08.6,3659,0.277,0.108,-0.675,-0.675,0.519,0.244,0.786,0.23,0.668,0.735,0.107,-0.044,-0.661,-0.715,-0.11,-0.198,0.465,0.464,0.557,0.508,-0.092,0.663,-0.505,0.544,0.001,0.001,0.001,0.001,0.001,0.001,0.001,0.001,0.001,0.001,0.001,0.001,0.001,0.001,0.006,0.048,0.001,0.001,0.001,0.001,0.001,0.001,0.001,0.001,0.074,0.001,0.001,0.001,0.001,0,0.001,0.001,0.001,0.056,0.001,0.001,0.001,0.012,0.071,0.001,0.001,0.001,0.001,0.001,0.001,-0.279,-0.496,0.479,-0.669,0.894,0.709,0.724,0.755,1.083,0.895,0.801,0.001,0.779,0.785,0.827,0.606,0.3,0.147,0.407,0.106,0,0.672,0.875,0.709,0.143,0.01,0.005,0.01,0.01,0.001,0.001,0.365,0.21,0.002,0.002,0.001,0.002,0,0.001,0.001,0.001,0,0.001,0,0.001,0.001,0,0,0,0.305,12.843
02:08.7,3660,0.276,0.106,-0.674,-0.677,0.527,0.247,0.779,0.231,0.667,0.737,0.101,-0.045,-0.661,-0.716,-0.11,-0.194,0.464,0.466,0.559,0.505,-0.092,0.663,-0.505,0.544,0.001,0.001,0.001,0.001,0.001,0.001,0.001,0.001,0.001,0.001,0.001,0.001,0.001,0.001,0.006,0.048,0.001,0.001,0.001,0.001,0.001,0.001,0.001,0.001,0.074,0.001,0.001,0.001,0.001,0,0.001,0.001,0.001,0.056,0.001,0.001,0.001,0.012,0.071,0.001,0.001,0.001,0.001,0.001,0.001,-0.279,-0.496,0.479,-0.669,0.894,0.709,0.724,0.755,1.083,0.895,0.801,0.001,0.779,0.785,0.827,0.606,0.3,0.147,0.407,0.106,0,0.672,0.875,0.709,0.143,0.01,0.005,0.01,0.01,0.001,0.001,0.365,0.21,0.002,0.002,0.001,0.002,0,0.001,0.001,0.001,0,0.001,0,0.001,0.001,0,0,0,0.305,12.843
02:08.7,3661,0.275,0.103,-0.672,-0.679,0.535,0.25,0.773,0.232,0.665,0.739,0.095,-0.045,-0.661,-0.718,-0.11,-0.189,0.461,0.469,0.56,0.504,-0.092,0.663,-0.505,0.544,0.001,0.001,0.001,0.001,0.001,0.001,0.001,0.001,0.001,0.001,0.001,0.001,0.001,0.001,0.006,0.048,0.001,0.001,0.001,0.001,0.001,0.001,0.001,0.001,0.074,0.001,0.001,0.001,0.001,0,0.001,0.001,0.001,0.056,0.001,0.001,0.001,0.012,0.071,0.001,0.001,0.001,0.001,0.001,0.001,-0.279,-0.496,0.479,-0.669,0.894,0.709,0.724,0.755,1.083,0.895,0.801,0.001,0.779,0.785,0.827,0.606,0.3,0.147,0.407,0.106,0,0.672,0.875,0.709,0.143,0.01,0.005,0.01,0.01,0.001,0.001,0.365,0.21,0.002,0.002,0.001,0.002,0,0.001,0.001,0.001,0,0.001,0,0.001,0.001,0,0,0,0.305,12.843
02:08.7,3662,0.274,0.102,-0.671,-0.681,0.542,0.253,0.767,0.232,0.663,0.742,0.09,-0.045,-0.66,-0.719,-0.108,-0.187,0.459,0.471,0.56,0.504,-0.092,0.663,-0.505,0.544,0.001,0.001,0.001,0.001,0.001,0.001,0.001,0.001,0.001,0.001,0.001,0.001,0.001,0.001,0.006,0.048,0.001,0.001,0.001,0.001,0.001,0.001,0.001,0.001,0.074,0.001,0.001,0.001,0.001,0,0.001,0.001,0.001,0.056,0.001,0.001,0.001,0.012,0.071,0.001,0.001,0.001,0.001,0.001,0.001,-0.304,-0.486,0.489,-0.658,0.781,0.663,0.698,0.841,1.158,1.046,0.851,0.139,0.632,0.736,0.8,0.748,0.554,0.47,0.518,0.447,0.001,0.692,0.882,0.778,0.416,0.269,0.02,0.3,0.694,0.001,0,0.425,0.324,0.155,0.018,0.006,0.248,0.398,0,0,0.001,0.195,0.385,0.001,0.325,0.013,0.002,0,0.017,0.305,17.648
02:08.7,3663,0.273,0.101,-0.67,-0.683,0.549,0.257,0.761,0.232,0.661,0.744,0.085,-0.045,-0.659,-0.721,-0.105,-0.187,0.458,0.472,0.56,0.504,-0.092,0.663,-0.505,0.544,0.001,0.001,0.001,0.001,0.001,0.001,0.001,0.001,0.001,0.001,0.001,0.001,0.001,0.001,0.006,0.048,0.001,0.001,0.001,0.001,0.001,0.001,0.001,0.001,0.074,0.001,0.001,0.001,0.001,0,0.001,0.001,0.001,0.056,0.001,0.001,0.001,0.012,0.071,0.001,0.001,0.001,0.001,0.001,0.001,-0.308,-0.484,0.49,-0.656,0.681,0.632,0.674,0.808,1.138,1.06,0.788,0.187,0.496,0.741,0.803,0.734,0.603,0.575,0.519,0.455,0.001,0.597,0.895,0.761,0.436,0.321,0.05,0.397,0.713,0.077,0,0.346,0.298,0.166,0.02,0.038,0.297,0.514,0.001,0.001,0.002,0.299,0.475,0.015,0.4,0.037,0.076,0.001,0.011,0.305,18.139
