timestamp,packet_counter,right_thigh_q1,right_thigh_q2,right_thigh_q3,right_thigh_q4,right_calf_q1,right_calf_q2,right_calf_q3,right_calf_q4,left_thigh_q1,left_thigh_q2,left_thigh_q3,left_thigh_q4,left_calf_q1,left_calf_q2,left_calf_q3,left_calf_q4,trunk_q1,trunk_q2,trunk_q3,trunk_q4,right_foot_q0,right_foot_q1,right_foot_q2,right_foot_q3,right_pressure0,right_pressure1,right_pressure2,right_pressure3,right_pressure4,right_pressure5,right_pressure6,right_pressure7,right_pressure8,right_pressure9,right_pressure10,right_pressure11,right_pressure12,right_pressure13,right_pressure14,right_pressure15,right_pressure16,right_pressure17,right_pressure18,right_pressure19,right_pressure20,right_pressure21,right_pressure22,right_pressure23,right_pressure24,right_pressure25,right_pressure26,right_pressure27,right_pressure28,right_pressure29,right_pressure30,right_pressure31,right_pressure32,right_pressure33,right_pressure34,right_pressure35,right_pressure36,right_pressure37,right_pressure38,right_pressure39,right_pressure40,right_pressure41,right_pressure42,right_pressure43,right_pressure44,left_foot_q0,left_foot_q1,left_foot_q2,left_foot_q3,left_pressure0,left_pressure1,left_pressure2,left_pressure3,left_pressure4,left_pressure5,left_pressure6,left_pressure7,left_pressure8,left_pressure9,left_pressure10,left_pressure11,left_pressure12,left_pressure13,left_pressure14,left_pressure15,left_pressure16,left_pressure17,left_pressure18,left_pressure19,left_pressure20,left_pressure21,left_pressure22,left_pressure23,left_pressure24,left_pressure25,left_pressure26,left_pressure27,left_pressure28,left_pressure29,left_pressure30,left_pressure31,left_pressure32,left_pressure33,left_pressure34,left_pressure35,left_pressure36,left_pressure37,left_pressure38,left_pressure39,left_pressure40,left_pressure41,left_pressure42,left_pressure43,left_pressure44,right_pressure_sum,left_pressure_sum
03:43.0,13094,-0.363,-0.461,0.632,0.507,0.507,0.783,-0.161,-0.321,-0.701,-0.226,-0.577,-0.353,0.563,0.634,-0.284,-0.448,0.34,0.249,-0.666,-0.615,0.064,-0.794,-0.012,-0.605,0.001,0.022,0.546,0.663,1.107,0.982,0.43,0.115,0.001,0.134,0.502,0.476,0.557,0.686,0.459,0.432,0.088,0,0.249,0.407,0.188,0.099,0.231,0.521,0.758,0.164,0.158,0.001,0.012,0.009,0.005,0.043,0.495,0.653,0.197,0.089,0.009,0.607,0.716,0.98,0.819,0.277,0.085,0.432,0.136,-0.358,-0.8,0.259,-0.405,0,0.001,0.001,0.001,0.001,0.001,0,0,0,0,0.001,0,0.001,0.001,0.001,0,0,0.001,0,0,0.001,0,0.001,0.001,0,0.001,0.001,0.001,0.001,0,0,0,0,0,0,0.001,0.001,0,0.001,0,0.001,0,0.001,0.001,0.001,15.541,0.024
03:43.0,13095,-0.36,-0.461,0.632,0.509,0.506,0.782,-0.16,-0.325,-0.7,-0.228,-0.577,-0.352,0.564,0.631,-0.294,-0.445,0.339,0.248,-0.667,-0.616,0.064,-0.794,-0.012,-0.605,0.001,0.022,0.546,0.663,1.107,0.982,0.43,0.115,0.001,0.134,0.502,0.476,0.557,0.686,0.459,0.432,0.088,0,0.249,0.407,0.188,0.099,0.231,0.521,0.758,0.164,0.158,0.001,0.012,0.009,0.005,0.043,0.495,0.653,0.197,0.089,0.009,0.607,0.716,0.98,0.819,0.277,0.085,0.432,0.136,-0.347,-0.799,0.261,-0.415,0.001,0,0.001,0.001,0,0.001,0,0,0,0,0.12,0,0.001,0,0.001,0.001,0,0,0.001,0,0,0,0,0,0,0,0,0.001,0,0,0.001,0.001,0,0,0.001,0,0.001,0,0,0,0,0.001,0.001,0,0,15.541,0.135
03:43.0,13096,-0.357,-0.46,0.632,0.512,0.505,0.782,-0.16,-0.329,-0.7,-0.23,-0.578,-0.352,0.564,0.629,-0.306,-0.439,0.338,0.247,-0.667,-0.616,0.064,-0.794,-0.012,-0.605,0.001,0.022,0.546,0.663,1.107,0.982,0.43,0.115,0.001,0.134,0.502,0.476,0.557,0.686,0.459,0.432,0.088,0,0.249,0.407,0.188,0.099,0.231,0.521,0.758,0.164,0.158,0.001,0.012,0.009,0.005,0.043,0.495,0.653,0.197,0.089,0.009,0.607,0.716,0.98,0.819,0.277,0.085,0.432,0.136,-0.333,-0.801,0.274,-0.415,0,0.143,0,0,0.001,0,0,0,0,0.295,0.194,0.001,0,0,0,0,0.001,0.001,0.099,0.001,0,0.001,0.001,0,0,0,0,0.001,0.001,0,0.001,0,0.001,0.001,0,0,0.001,0,0,0,0.001,0.001,0,0,0.001,15.541,0.747
03:43.0,13097,-0.355,-0.458,0.632,0.515,0.504,0.781,-0.158,-0.333,-0.699,-0.232,-0.578,-0.351,0.565,0.627,-0.319,-0.431,0.337,0.246,-0.668,-0.616,0.064,-0.794,-0.012,-0.605,0.001,0.022,0.546,0.663,1.107,0.982,0.43,0.115,0.001,0.134,0.502,0.476,0.557,0.686,0.459,0.432,0.088,0,0.249,0.407,0.188,0.099,0.231,0.521,0.758,0.164,0.158,0.001,0.012,0.009,0.005,0.043,0.495,0.653,0.197,0.089,0.009,0.607,0.716,0.98,0.819,0.277,0.085,0.432,0.136,-0.333,-0.801,0.274,-0.415,0,0.143,0,0,0.001,0,0,0,0,0.295,0.194,0.001,0,0,0,0,0.001,0.001,0.099,0.001,0,0.001,0.001,0,0,0,0,0.001,0.001,0,0.001,0,0.001,0.001,0,0,0.001,0,0,0,0.001,0.001,0,0,0.001,15.541,0.747
03:43.0,13098,-0.353,-0.456,0.632,0.518,0.504,0.78,-0.157,-0.337,-0.698,-0.234,-0.578,-0.35,0.566,0.626,-0.333,-0.421,0.336,0.245,-0.669,-0.616,0.064,-0.794,-0.012,-0.605,0.001,0.022,0.546,0.663,1.107,0.982,0.43,0.115,0.001,0.134,0.502,0.476,0.557,0.686,0.459,0.432,0.088,0,0.249,0.407,0.188,0.099,0.231,0.521,0.758,0.164,0.158,0.001,0.012,0.009,0.005,0.043,0.495,0.653,0.197,0.089,0.009,0.607,0.716,0.98,0.819,0.277,0.085,0.432,0.136,-0.333,-0.801,0.274,-0.415,0,0.143,0,0,0.001,0,0,0,0,0.295,0.194,0.001,0,0,0,0,0.001,0.001,0.099,0.001,0,0.001,0.001,0,0,0,0,0.001,0.001,0,0.001,0,0.001,0.001,0,0,0.001,0,0,0,0.001,0.001,0,0,0.001,15.541,0.747
03:43.0,13099,-0.351,-0.453,0.632,0.521,0.503,0.778,-0.155,-0.342,-0.697,-0.236,-0.579,-0.35,0.566,0.627,-0.346,-0.408,0.335,0.244,-0.67,-0.616,0.064,-0.794,-0.012,-0.605,0.001,0.022,0.546,0.663,1.107,0.982,0.43,0.115,0.001,0.134,0.502,0.476,0.557,0.686,0.459,0.432,0.088,0,0.249,0.407,0.188,0.099,0.231,0.521,0.758,0.164,0.158,0.001,0.012,0.009,0.005,0.043,0.495,0.653,0.197,0.089,0.009,0.607,0.716,0.98,0.819,0.277,0.085,0.432,0.136,-0.333,-0.801,0.274,-0.415,0,0.143,0,0,0.001,0,0,0,0,0.295,0.194,0.001,0,0,0,0,0.001,0.001,0.099,0.001,0,0.001,0.001,0,0,0,0,0.001,0.001,0,0.001,0,0.001,0.001,0,0,0.001,0,0,0,0.001,0.001,0,0,0.001,15.541,0.747
03:43.1,13100,-0.35,-0.45,0.632,0.524,0.503,0.777,-0.153,-0.346,-0.696,-0.238,-0.581,-0.35,0.566,0.632,-0.353,-0.393,0.333,0.243,-0.671,-0.616,0.069,-0.792,0.024,-0.607,0.001,0.002,0.407,0.585,1.094,0.989,0.413,0.117,0.001,0.042,0.41,0.375,0.507,0.68,0.459,0.431,0.099,0.001,0.131,0.346,0.106,0.066,0.222,0.525,0.763,0.182,0.184,0.001,0.004,0.002,0.005,0.037,0.503,0.657,0.228,0.104,0.009,0.614,0.726,1.017,0.852,0.284,0.089,0.454,0.208,-0.333,-0.801,0.274,-0.415,0,0.143,0,0,0.001,0,0,0,0,0.295,0.194,0.001,0,0,0,0,0.001,0.001,0.099,0.001,0,0.001,0.001,0,0,0,0,0.001,0.001,0,0.001,0,0.001,0.001,0,0,0.001,0,0,0,0.001,0.001,0,0,0.001,14.932,0.747
03:43.1,13101,-0.35,-0.446,0.632,0.528,0.504,0.776,-0.15,-0.349,-0.694,-0.239,-0.582,-0.35,0.572,0.639,-0.346,-0.38,0.333,0.242,-0.673,-0.614,0.068,-0.79,0.033,-0.608,0.001,0.001,0.001,0.001,0.14,0.552,0.346,0.112,0.001,0.001,0.063,0.001,0.022,0.112,0.463,0.41,0.154,0.001,0.012,0.001,0.001,0.001,0.001,0.519,0.739,0.225,0.275,0.001,0.001,0.001,0.001,0.001,0.486,0.663,0.325,0.2,0.001,0.668,0.773,1.12,1.044,0.303,0.151,0.647,0.545,-0.333,-0.801,0.274,-0.415,0,0.143,0,0,0.001,0,0,0,0,0.295,0.194,0.001,0,0,0,0,0.001,0.001,0.099,0.001,0,0.001,0.001,0,0,0,0,0.001,0.001,0,0.001,0,0.001,0.001,0,0,0.001,0,0,0,0.001,0.001,0,0,0.001,11.087,0.747
03:43.1,13102,-0.352,-0.442,0.632,0.53,0.504,0.775,-0.146,-0.352,-0.693,-0.238,-0.584,-0.35,0.58,0.64,-0.337,-0.375,0.334,0.242,-0.675,-0.611,0.067,-0.789,0.046,-0.609,0.001,0.001,0.001,0.001,0.104,0.415,0.311,0.107,0.001,0.001,0.055,0.001,0.016,0.093,0.41,0.403,0.159,0.001,0.002,0.001,0.001,0.001,0.001,0.513,0.726,0.225,0.274,0.001,0.001,0.001,0.001,0.001,0.491,0.665,0.316,0.201,0.001,0.687,0.789,1.122,1.057,0.322,0.162,0.657,0.56,-0.333,-0.801,0.274,-0.415,0,0.143,0,0,0.001,0,0,0,0,0.295,0.194,0.001,0,0,0,0,0.001,0.001,0.099,0.001,0,0.001,0.001,0,0,0,0,0.001,0.001,0,0.001,0,0.001,0.001,0,0,0.001,0,0,0,0.001,0.001,0,0,0.001,10.86,0.747
03:43.1,13103,-0.355,-0.437,0.632,0.532,0.505,0.774,-0.143,-0.355,-0.693,-0.233,-0.587,-0.348,0.583,0.633,-0.338,-0.38,0.335,0.242,-0.677,-0.608,0.066,-0.786,0.059,-0.611,0.001,0.001,0.001,0.001,0.089,0.355,0.291,0.092,0.001,0.001,0.049,0.001,0.011,0.085,0.335,0.396,0.165,0.001,0.002,0.001,0.001,0.001,0.013,0.469,0.723,0.233,0.278,0.001,0.001,0.001,0.001,0.001,0.476,0.661,0.327,0.201,0.001,0.733,0.807,1.116,1.049,0.35,0.176,0.667,0.58,-0.264,-0.749,0.396,-0.46,0.243,0.339,0,0,0,0,0.001,0,0.107,0.513,0.219,0.001,0,0.001,0.001,0,0,0.001,0.283,0.001,0.001,0,0,0,0,0,0,0.001,0,0.001,0,0,0.001,0,0,0,0.001,0.001,0.001,0,0.001,0,0.001,0.001,0,10.746,1.72
03:43.1,13104,-0.359,-0.433,0.632,0.533,0.506,0.773,-0.139,-0.357,-0.695,-0.227,-0.587,-0.347,0.581,0.624,-0.346,-0.39,0.338,0.242,-0.679,-0.605,0.066,-0.786,0.059,-0.611,0.001,0.001,0.001,0.001,0.089,0.355,0.291,0.092,0.001,0.001,0.049,0.001,0.011,0.085,0.335,0.396,0.165,0.001,0.002,0.001,0.001,0.001,0.013,0.469,0.723,0.233,0.278,0.001,0.001,0.001,0.001,0.001,0.476,0.661,0.327,0.201,0.001,0.733,0.807,1.116,1.049,0.35,0.176,0.667,0.58,-0.244,-0.75,0.395,-0.47,1.007,0.845,0.377,0,0.028,0,0,0.001,0.922,0.883,0.829,0,0,0,0.015,0.035,0,0.574,0.797,0.51,0,0,0,0.001,0.013,0,0,0.106,0.001,0.001,0,0.001,0,0,0,0.001,0,0,0.001,0.001,0.001,0,0,0,0,10.746,6.95
03:43.1,13105,-0.365,-0.428,0.632,0.533,0.506,0.772,-0.134,-0.36,-0.697,-0.224,-0.585,-0.348,0.577,0.617,-0.353,-0.4,0.34,0.243,-0.679,-0.603,0.066,-0.786,0.059,-0.611,0.001,0.001,0.001,0.001,0.089,0.355,0.291,0.092,0.001,0.001,0.049,0.001,0.011,0.085,0.335,0.396,0.165,0.001,0.002,0.001,0.001,0.001,0.013,0.469,0.723,0.233,0.278,0.001,0.001,0.001,0.001,0.001,0.476,0.661,0.327,0.201,0.001,0.733,0.807,1.116,1.049,0.35,0.176,0.667,0.58,-0.211,-0.754,0.389,-0.486,1.005,0.841,0.504,0.039,0.062,0,0.029,0,0.907,0.866,0.86,0.02,0,0.001,0.018,0.035,0.001,0.579,0.824,0.607,0,0.001,0,0.001,0.012,0,0,0.145,0.001,0,0,0,0,0,0,0.001,0,0.001,0,0.001,0,0,0,0.001,0,10.746,7.362
03:43.1,13106,-0.371,-0.423,0.632,0.532,0.505,0.771,-0.13,-0.364,-0.698,-0.224,-0.583,-0.35,0.572,0.613,-0.361,-0.408,0.342,0.244,-0.679,-0.601,0.066,-0.786,0.059,-0.611,0.001,0.001,0.001,0.001,0.089,0.355,0.291,0.092,0.001,0.001,0.049,0.001,0.011,0.085,0.335,0.396,0.165,0.001,0.002,0.001,0.001,0.001,0.013,0.469,0.723,0.233,0.278,0.001,0.001,0.001,0.001,0.001,0.476,0.661,0.327,0.201,0.001,0.733,0.807,1.116,1.049,0.35,0.176,0.667,0.58,-0.195,-0.752,0.389,-0.495,1.011,0.836,0.624,0.177,0.214,0,0.061,0,0.888,0.851,0.856,0.212,0.02,0,0.032,0.035,0.001,0.574,0.844,0.675,0.002,0,0,0.001,0.011,0.001,0,0.187,0.011,0.001,0.001,0,0,0,0,0.001,0.001,0,0,0,0,0.001,0,0.001,0,10.746,8.13
03:43.1,13107,-0.379,-0.418,0.632,0.531,0.505,0.771,-0.126,-0.367,-0.694,-0.232,-0.581,-0.355,0.568,0.61,-0.374,-0.407,0.343,0.247,-0.679,-0.6,0.066,-0.786,0.059,-0.611,0.001,0.001,0.001,0.001,0.089,0.355,0.291,0.092,0.001,0.001,0.049,0.001,0.011,0.085,0.335,0.396,0.165,0.001,0.002,0.001,0.001,0.001,0.013,0.469,0.723,0.233,0.278,0.001,0.001,0.001,0.001,0.001,0.476,0.661,0.327,0.201,0.001,0.733,0.807,1.116,1.049,0.35,0.176,0.667,0.58,-0.189,-0.742,0.405,-0.5,1.018,0.814,0.681,0.444,0.661,0.187,0.121,0,0.852,0.833,0.874,0.449,0.106,0,0.055,0.04,0,0.574,0.862,0.711,0.009,0.004,0,0.001,0.023,0.001,0,0.228,0.056,0.001,0,0,0,0,0,0,0,0,0.001,0,0,0.001,0,0.001,0.001,10.746,9.609
03:43.1,13108,-0.387,-0.411,0.632,0.53,0.503,0.77,-0.123,-0.371,-0.684,-0.246,-0.58,-0.368,0.566,0.607,-0.388,-0.4,0.343,0.25,-0.678,-0.6,0.066,-0.786,0.059,-0.611,0.001,0.001,0.001,0.001,0.089,0.355,0.291,0.092,0.001,0.001,0.049,0.001,0.011,0.085,0.335,0.396,0.165,0.001,0.002,0.001,0.001,0.001,0.013,0.469,0.723,0.233,0.278,0.001,0.001,0.001,0.001,0.001,0.476,0.661,0.327,0.201,0.001,0.733,0.807,1.116,1.049,0.35,0.176,0.667,0.58,-0.188,-0.732,0.422,-0.5,1.007,0.795,0.716,0.642,0.969,0.512,0.338,0,0.833,0.811,0.883,0.554,0.179,0.038,0.109,0.046,0.001,0.587,0.878,0.72,0.062,0.007,0.002,0.001,0.029,0,0.001,0.287,0.138,0.002,0.001,0,0,0.001,0,0.001,0,0.017,0,0,0.001,0,0.001,0,0.001,10.746,11.17
03:43.1,13109,-0.396,-0.405,0.632,0.529,0.501,0.77,-0.12,-0.376,-0.668,-0.261,-0.581,-0.385,0.565,0.604,-0.403,-0.391,0.342,0.255,-0.677,-0.6,0.066,-0.786,0.059,-0.611,0.001,0.001,0.001,0.001,0.089,0.355,0.291,0.092,0.001,0.001,0.049,0.001,0.011,0.085,0.335,0.396,0.165,0.001,0.002,0.001,0.001,0.001,0.013,0.469,0.723,0.233,0.278,0.001,0.001,0.001,0.001,0.001,0.476,0.661,0.327,0.201,0.001,0.733,0.807,1.116,1.049,0.35,0.176,0.667,0.58,-0.188,-0.732,0.422,-0.5,1.007,0.795,0.716,0.642,0.969,0.512,0.338,0,0.833,0.811,0.883,0.554,0.179,0.038,0.109,0.046,0.001,0.587,0.878,0.72,0.062,0.007,0.002,0.001,0.029,0,0.001,0.287,0.138,0.002,0.001,0,0,0.001,0,0.001,0,0.017,0,0,0.001,0,0.001,0,0.001,10.746,11.17
03:43.2,13110,-0.406,-0.396,0.631,0.528,0.499,0.769,-0.118,-0.382,-0.65,-0.271,-0.588,-0.397,0.565,0.6,-0.417,-0.382,0.339,0.258,-0.676,-0.609,0.038,-0.749,0.263,-0.607,0.001,0.001,0.001,0.001,0.072,0.341,0.277,0.083,0.001,0.001,0.044,0.001,0.011,0.089,0.316,0.391,0.168,0.001,0.001,0.001,0.001,0.001,0.016,0.444,0.72,0.234,0.28,0.001,0.001,0.001,0.001,0.002,0.469,0.662,0.325,0.205,0.001,0.744,0.813,1.131,1.045,0.364,0.181,0.64,0.582,-0.188,-0.732,0.422,-0.5,1.007,0.795,0.716,0.642,0.969,0.512,0.338,0,0.833,0.811,0.883,0.554,0.179,0.038,0.109,0.046,0.001,0.587,0.878,0.72,0.062,0.007,0.002,0.001,0.029,0,0.001,0.287,0.138,0.002,0.001,0,0,0.001,0,0.001,0,0.017,0,0,0.001,0,0.001,0,0.001,10.666,11.17
03:43.2,13111,-0.417,-0.387,0.631,0.527,0.496,0.768,-0.117,-0.388,-0.638,-0.276,-0.598,-0.4,0.566,0.595,-0.431,-0.375,0.335,0.261,-0.675,-0.603,0.036,-0.741,0.301,-0.599,0.001,0.001,0.001,0.001,0.085,0.001,0.067,0.001,0.001,0.001,0.018,0.001,0.001,0.001,0.11,0.217,0.156,0.001,0.001,0.001,0.001,0.001,0.104,0.11,0.31,0.06,0.212,0.001,0.001,0.001,0.001,0.001,0.28,0.343,0.131,0.227,0.001,0.661,0.449,0.816,1.04,0.363,0.179,0.36,0.52,-0.188,-0.732,0.422,-0.5,1.007,0.795,0.716,0.642,0.969,0.512,0.338,0,0.833,0.811,0.883,0.554,0.179,0.038,0.109,0.046,0.001,0.587,0.878,0.72,0.062,0.007,0.002,0.001,0.029,0,0.001,0.287,0.138,0.002,0.001,0,0,0.001,0,0.001,0,0.017,0,0,0.001,0,0.001,0,0.001,6.84,11.17
03:43.2,13112,-0.429,-0.377,0.63,0.526,0.493,0.768,-0.117,-0.391,-0.631,-0.279,-0.604,-0.4,0.566,0.59,-0.442,-0.37,0.331,0.263,-0.677,-0.602,0.036,-0.741,0.301,-0.599,0.001,0.001,0.001,0.001,0.085,0.001,0.067,0.001,0.001,0.001,0.018,0.001,0.001,0.001,0.11,0.217,0.156,0.001,0.001,0.001,0.001,0.001,0.104,0.11,0.31,0.06,0.212,0.001,0.001,0.001,0.001,0.001,0.28,0.343,0.131,0.227,0.001,0.661,0.449,0.816,1.04,0.363,0.179,0.36,0.52,-0.188,-0.732,0.422,-0.5,1.007,0.795,0.716,0.642,0.969,0.512,0.338,0,0.833,0.811,0.883,0.554,0.179,0.038,0.109,0.046,0.001,0.587,0.878,0.72,0.062,0.007,0.002,0.001,0.029,0,0.001,0.287,0.138,0.002,0.001,0,0,0.001,0,0.001,0,0.017,0,0,0.001,0,0.001,0,0.001,6.84,11.17
03:43.2,13113,-0.441,-0.366,0.629,0.524,0.488,0.771,-0.116,-0.392,-0.627,-0.283,-0.605,-0.4,0.566,0.586,-0.452,-0.365,0.327,0.266,-0.679,-0.601,0.036,-0.741,0.301,-0.599,0.001,0.001,0.001,0.001,0.085,0.001,0.067,0.001,0.001,0.001,0.018,0.001,0.001,0.001,0.11,0.217,0.156,0.001,0.001,0.001,0.001,0.001,0.104,0.11,0.31,0.06,0.212,0.001,0.001,0.001,0.001,0.001,0.28,0.343,0.131,0.227,0.001,0.661,0.449,0.816,1.04,0.363,0.179,0.36,0.52,-0.188,-0.732,0.422,-0.5,1.007,0.795,0.716,0.642,0.969,0.512,0.338,0,0.833,0.811,0.883,0.554,0.179,0.038,0.109,0.046,0.001,0.587,0.878,0.72,0.062,0.007,0.002,0.001,0.029,0,0.001,0.287,0.138,0.002,0.001,0,0,0.001,0,0.001,0,0.017,0,0,0.001,0,0.001,0,0.001,6.84,11.17
03:43.2,13114,-0.454,-0.354,0.628,0.522,0.482,0.775,-0.112,-0.392,-0.624,-0.288,-0.606,-0.4,0.565,0.584,-0.46,-0.358,0.324,0.268,-0.682,-0.598,0.036,-0.741,0.301,-0.599,0.001,0.001,0.001,0.001,0.085,0.001,0.067,0.001,0.001,0.001,0.018,0.001,0.001,0.001,0.11,0.217,0.156,0.001,0.001,0.001,0.001,0.001,0.104,0.11,0.31,0.06,0.212,0.001,0.001,0.001,0.001,0.001,0.28,0.343,0.131,0.227,0.001,0.661,0.449,0.816,1.04,0.363,0.179,0.36,0.52,-0.188,-0.732,0.422,-0.5,1.007,0.795,0.716,0.642,0.969,0.512,0.338,0,0.833,0.811,0.883,0.554,0.179,0.038,0.109,0.046,0.001,0.587,0.878,0.72,0.062,0.007,0.002,0.001,0.029,0,0.001,0.287,0.138,0.002,0.001,0,0,0.001,0,0.001,0,0.017,0,0,0.001,0,0.001,0,0.001,6.84,11.17
03:43.2,13115,-0.467,-0.344,0.628,0.518,0.478,0.78,-0.106,-0.391,-0.623,-0.293,-0.607,-0.398,0.565,0.584,-0.468,-0.348,0.321,0.272,-0.685,-0.595,0.036,-0.741,0.301,-0.599,0.001,0.001,0.001,0.001,0.085,0.001,0.067,0.001,0.001,0.001,0.018,0.001,0.001,0.001,0.11,0.217,0.156,0.001,0.001,0.001,0.001,0.001,0.104,0.11,0.31,0.06,0.212,0.001,0.001,0.001,0.001,0.001,0.28,0.343,0.131,0.227,0.001,0.661,0.449,0.816,1.04,0.363,0.179,0.36,0.52,-0.131,-0.707,0.384,-0.579,1,0.781,0.725,0.668,1.031,0.658,0.507,0,0.823,0.796,0.863,0.58,0.293,0.092,0.234,0.048,0,0.604,0.884,0.753,0.118,0.011,0.004,0.005,0.033,0,0,0.317,0.168,0.002,0.002,0.001,0.001,0,0.001,0.001,0,0.015,0,0,0.001,0.001,0,0,0.001,6.84,12.022
03:43.2,13116,-0.478,-0.334,0.629,0.513,0.474,0.785,-0.098,-0.387,-0.62,-0.3,-0.607,-0.397,0.567,0.584,-0.474,-0.336,0.319,0.276,-0.687,-0.592,0.036,-0.741,0.301,-0.599,0.001,0.001,0.001,0.001,0.085,0.001,0.067,0.001,0.001,0.001,0.018,0.001,0.001,0.001,0.11,0.217,0.156,0.001,0.001,0.001,0.001,0.001,0.104,0.11,0.31,0.06,0.212,0.001,0.001,0.001,0.001,0.001,0.28,0.343,0.131,0.227,0.001,0.661,0.449,0.816,1.04,0.363,0.179,0.36,0.52,-0.129,-0.706,0.379,-0.584,0.983,0.752,0.737,0.84,1.136,0.874,0.796,0.015,0.783,0.742,0.818,0.77,0.459,0.327,0.519,0.265,0,0.658,0.891,0.792,0.346,0.177,0.015,0.184,0.665,0.001,0.001,0.407,0.287,0.074,0.006,0.002,0.089,0.179,0,0,0.001,0.012,0.203,0.001,0,0.006,0,0.001,0,6.84,15.814
03:43.2,13117,-0.487,-0.326,0.63,0.508,0.47,0.791,-0.089,-0.382,-0.616,-0.308,-0.607,-0.396,0.571,0.583,-0.479,-0.322,0.317,0.28,-0.688,-0.589,0.036,-0.741,0.301,-0.599,0.001,0.001,0.001,0.001,0.085,0.001,0.067,0.001,0.001,0.001,0.018,0.001,0.001,0.001,0.11,0.217,0.156,0.001,0.001,0.001,0.001,0.001,0.104,0.11,0.31,0.06,0.212,0.001,0.001,0.001,0.001,0.001,0.28,0.343,0.131,0.227,0.001,0.661,0.449,0.816,1.04,0.363,0.179,0.36,0.52,-0.124,-0.706,0.371,-0.591,0.983,0.751,0.735,0.835,1.137,0.894,0.792,0.015,0.78,0.74,0.812,0.775,0.477,0.337,0.524,0.275,0,0.663,0.891,0.796,0.365,0.192,0.016,0.194,0.675,0,0,0.41,0.294,0.084,0.007,0.004,0.101,0.186,0.001,0,0.001,0.022,0.248,0,0.001,0.007,0,0,0,6.84,16.02
03:43.2,13118,-0.495,-0.32,0.631,0.504,0.465,0.798,-0.081,-0.376,-0.61,-0.317,-0.607,-0.398,0.577,0.583,-0.482,-0.309,0.315,0.284,-0.688,-0.589,0.286,-0.729,0.361,-0.506,0.001,0.001,0.001,0.001,0.09,0.001,0.072,0.001,0.001,0.001,0.012,0.001,0.001,0.001,0.098,0.194,0.109,0.001,0.001,0.001,0.001,0.001,0.106,0.11,0.282,0.048,0.158,0.001,0.001,0.001,0.001,0.004,0.23,0.313,0.089,0.219,0.001,0.631,0.397,0.621,1.048,0.26,0.161,0.284,0.503,-0.122,-0.705,0.366,-0.595,0.98,0.751,0.737,0.835,1.126,0.915,0.799,0.017,0.777,0.737,0.811,0.779,0.49,0.349,0.521,0.302,0,0.663,0.89,0.797,0.377,0.22,0.017,0.198,0.685,0.001,0.001,0.411,0.298,0.088,0.007,0.005,0.125,0.237,0.001,0.001,0.001,0.034,0.256,0.001,0,0.006,0,0,0.001,6.06,16.247
03:43.2,13119,-0.501,-0.316,0.632,0.499,0.458,0.805,-0.071,-0.37,-0.603,-0.327,-0.607,-0.402,0.582,0.581,-0.483,-0.299,0.313,0.287,-0.688,-0.589,0.297,-0.73,0.375,-0.489,0.001,0.001,0.001,0.001,0.001,0.001,0.001,0.001,0.001,0.001,0.001,0.001,0.001,0.001,0.001,0.001,0.001,0.001,0.002,0.001,0.001,0.001,0.001,0.001,0.057,0.001,0.001,0.001,0.001,0.001,0.001,0.001,0.001,0.001,0.001,0.001,0.001,0,0.001,0.001,0.001,0.001,0.001,0.001,0.001,-0.122,-0.705,0.366,-0.595,0.98,0.751,0.737,0.835,1.126,0.915,0.799,0.017,0.777,0.737,0.811,0.779,0.49,0.349,0.521,0.302,0,0.663,0.89,0.797,0.377,0.22,0.017,0.198,0.685,0.001,0.001,0.411,0.298,0.088,0.007,0.005,0.125,0.237,0.001,0.001,0.001,0.034,0.256,0.001,0,0.006,0,0,0.001,0.101,16.247
03:43.3,13120,-0.507,-0.313,0.632,0.495,0.449,0.812,-0.061,-0.367,-0.594,-0.336,-0.607,-0.407,0.586,0.58,-0.484,-0.293,0.312,0.29,-0.687,-0.589,0.303,-0.733,0.385,-0.471,0.001,0.001,0.001,0.001,0.001,0.001,0.001,0.001,0.001,0.001,0.001,0.007,0.001,0.001,0.001,0,0.001,0.001,0.001,0.001,0.001,0.001,0.001,0.001,0.06,0.001,0.001,0.001,0.001,0,0.001,0.001,0.001,0.001,0.001,0.001,0.001,0.001,0.001,0.001,0.001,0.001,0.001,0.001,0.001,-0.122,-0.705,0.366,-0.595,0.98,0.751,0.737,0.835,1.126,0.915,0.799,0.017,0.777,0.737,0.811,0.779,0.49,0.349,0.521,0.302,0,0.663,0.89,0.797,0.377,0.22,0.017,0.198,0.685,0.001,0.001,0.411,0.298,0.088,0.007,0.005,0.125,0.237,0.001,0.001,0.001,0.034,0.256,0.001,0,0.006,0,0,0.001,0.108,16.247
03:43.3,13121,-0.513,-0.312,0.632,0.49,0.438,0.819,-0.05,-0.367,-0.585,-0.344,-0.608,-0.412,0.587,0.579,-0.485,-0.292,0.311,0.292,-0.686,-0.59,0.289,-0.739,0.399,-0.46,0.001,0.001,0.001,0.001,0.001,0.001,0.001,0.001,0.001,0.001,0.001,0.001,0.001,0.001,0.001,0.001,0.001,0.001,0.001,0.001,0.001,0.001,0.001,0.001,0.057,0.001,0.001,0.001,0.001,0.001,0.001,0.001,0.001,0.001,0.001,0.001,0.001,0.001,0.001,0.001,0.001,0.001,0.001,0.001,0.001,-0.122,-0.705,0.366,-0.595,0.98,0.751,0.737,0.835,1.126,0.915,0.799,0.017,0.777,0.737,0.811,0.779,0.49,0.349,0.521,0.302,0,0.663,0.89,0.797,0.377,0.22,0.017,0.198,0.685,0.001,0.001,0.411,0.298,0.088,0.007,0.005,0.125,0.237,0.001,0.001,0.001,0.034,0.256,0.001,0,0.006,0,0,0.001,0.101,16.247
03:43.3,13122,-0.519,-0.311,0.631,0.485,0.427,0.824,-0.04,-0.37,-0.577,-0.35,-0.609,-0.416,0.586,0.578,-0.485,-0.294,0.31,0.292,-0.685,-0.591,0.254,-0.737,0.416,-0.468,0.001,0.001,0,0.001,0.001,0.001,0.001,0.001,0.001,0.001,0.001,0.001,0.001,0.001,0.001,0.001,0.001,0.001,0.001,0.001,0.001,0.001,0.001,0.001,0.054,0.001,0.001,0.001,0.001,0.001,0.001,0.001,0.001,0.001,0.001,0.001,0.001,0.001,0.001,0.001,0.001,0.001,0.001,0.001,0.001,-0.122,-0.705,0.366,-0.595,0.98,0.751,0.737,0.835,1.126,0.915,0.799,0.017,0.777,0.737,0.811,0.779,0.49,0.349,0.521,0.302,0,0.663,0.89,0.797,0.377,0.22,0.017,0.198,0.685,0.001,0.001,0.411,0.298,0.088,0.007,0.005,0.125,0.237,0.001,0.001,0.001,0.034,0.256,0.001,0,0.006,0,0,0.001,0.097,16.247
03:43.3,13123,-0.525,-0.311,0.629,0.48,0.415,0.827,-0.033,-0.376,-0.569,-0.356,-0.61,-0.42,0.584,0.578,-0.486,-0.297,0.31,0.293,-0.684,-0.592,0.198,-0.736,0.425,-0.488,0.001,0.001,0.001,0.001,0.001,0.001,0.001,0.001,0.001,0.001,0.001,0.001,0.001,0.001,0.001,0.001,0.001,0,0.001,0.001,0.001,0.001,0.001,0.001,0.054,0.001,0.001,0,0.001,0.001,0.001,0.001,0.001,0.001,0,0.001,0.001,0.001,0.001,0.001,0.001,0.001,0.001,0.001,0.001,-0.122,-0.705,0.366,-0.595,0.98,0.751,0.737,0.835,1.126,0.915,0.799,0.017,0.777,0.737,0.811,0.779,0.49,0.349,0.521,0.302,0,0.663,0.89,0.797,0.377,0.22,0.017,0.198,0.685,0.001,0.001,0.411,0.298,0.088,0.007,0.005,0.125,0.237,0.001,0.001,0.001,0.034,0.256,0.001,0,0.006,0,0,0.001,0.095,16.247
03:43.3,13124,-0.531,-0.31,0.628,0.476,0.405,0.829,-0.028,-0.384,-0.562,-0.362,-0.612,-0.423,0.582,0.578,-0.489,-0.299,0.311,0.294,-0.682,-0.594,0.173,-0.74,0.411,-0.503,0.001,0.001,0.001,0.001,0.001,0.001,0.001,0.001,0.001,0.001,0.001,0.001,0.001,0.001,0.001,0.001,0.001,0.001,0.001,0.001,0.001,0.001,0.001,0.001,0.048,0.001,0.001,0.001,0.001,0.001,0.001,0.001,0.001,0.001,0.001,0.001,0.001,0.001,0.001,0.001,0.001,0.001,0.001,0.001,0.001,-0.122,-0.705,0.366,-0.595,0.98,0.751,0.737,0.835,1.126,0.915,0.799,0.017,0.777,0.737,0.811,0.779,0.49,0.349,0.521,0.302,0,0.663,0.89,0.797,0.377,0.22,0.017,0.198,0.685,0.001,0.001,0.411,0.298,0.088,0.007,0.005,0.125,0.237,0.001,0.001,0.001,0.034,0.256,0.001,0,0.006,0,0,0.001,0.092,16.247
03:43.3,13125,-0.538,-0.309,0.626,0.471,0.399,0.828,-0.024,-0.393,-0.555,-0.367,-0.613,-0.426,0.58,0.577,-0.491,-0.299,0.311,0.295,-0.68,-0.595,0.163,-0.752,0.387,-0.507,0.001,0.001,0.001,0.001,0.001,0.001,0.001,0.001,0.001,0.001,0.001,0.001,0.001,0.001,0.001,0.001,0.001,0.001,0.001,0.001,0.001,0.001,0.001,0.001,0.051,0.001,0.001,0.001,0.001,0.001,0.001,0.001,0.001,0.001,0.001,0.001,0.001,0.001,0.001,0.001,0.001,0.001,0.001,0.001,0.001,-0.108,-0.702,0.33,-0.621,0.982,0.75,0.737,0.838,1.128,0.921,0.806,0.018,0.775,0.736,0.81,0.778,0.491,0.352,0.523,0.308,0.001,0.663,0.89,0.796,0.38,0.222,0.016,0.198,0.689,0,0,0.41,0.3,0.089,0.007,0.004,0.127,0.244,0,0,0.001,0.037,0.265,0,0.001,0.006,0.001,0.001,0.001,0.095,16.302
03:43.3,13126,-0.545,-0.306,0.626,0.466,0.396,0.826,-0.021,-0.4,-0.548,-0.373,-0.614,-0.429,0.58,0.576,-0.494,-0.297,0.311,0.296,-0.678,-0.597,0.162,-0.763,0.364,-0.509,0.001,0.001,0.001,0.001,0.001,0.001,0.001,0.001,0.001,0.001,0.001,0.001,0.001,0.001,0.001,0.001,0.001,0.001,0.001,0.001,0.001,0.001,0.001,0.001,0.045,0.001,0.001,0.001,0.001,0.001,0.001,0.001,0.001,0.001,0.001,0.001,0.001,0.001,0.001,0.001,0.001,0.001,0.001,0.001,0.001,-0.107,-0.702,0.328,-0.624,0.921,0.73,0.729,0.842,1.145,0.999,0.811,0.06,0.691,0.752,0.817,0.786,0.543,0.42,0.562,0.387,0,0.587,0.916,0.788,0.409,0.248,0.017,0.289,0.724,0.001,0,0.32,0.272,0.089,0.007,0.004,0.19,0.422,0,0,0.005,0.11,0.42,0,0.002,0.01,0.026,0.001,0,0.089,17.052
03:43.3,13127,-0.552,-0.303,0.625,0.461,0.396,0.824,-0.019,-0.405,-0.54,-0.379,-0.615,-0.431,0.582,0.574,-0.497,-0.291,0.312,0.297,-0.675,-0.599,0.15,-0.775,0.331,-0.516,0.001,0.001,0.001,0.001,0.001,0.001,0.001,0.001,0.001,0.001,0.001,0.001,0.001,0.001,0.001,0.001,0.001,0.001,0.001,0.001,0.001,0.001,0.001,0.001,0.046,0.001,0.001,0.001,0.001,0.001,0.001,0.001,0.001,0.001,0.001,0.001,0.001,0.001,0.001,0.001,0.001,0.001,0.001,0.001,0.001,-0.106,-0.701,0.323,-0.627,0.9,0.724,0.726,0.844,1.153,1.017,0.814,0.071,0.663,0.756,0.818,0.786,0.549,0.421,0.565,0.403,0.001,0.546,0.918,0.783,0.409,0.244,0.017,0.3,0.736,0.001,0.001,0.297,0.264,0.084,0.007,0.004,0.208,0.441,0,0.001,0.006,0.118,0.43,0,0.001,0.013,0.028,0.001,0.001,0.09,17.07
03:43.3,13128,-0.559,-0.299,0.624,0.455,0.397,0.822,-0.017,-0.408,-0.532,-0.385,-0.616,-0.434,0.584,0.573,-0.498,-0.285,0.312,0.298,-0.673,-0.601,0.132,-0.782,0.309,-0.525,0.001,0.001,0.001,0.001,0.001,0.001,0.001,0.001,0.001,0.001,0.001,0.001,0.001,0.001,0.001,0.001,0.001,0.001,0.001,0.001,0.001,0.001,0.001,0.001,0.042,0.001,0.001,0.001,0.001,0.001,0.001,0.001,0.001,0.001,0.001,0.001,0.001,0.001,0.001,0.001,0.001,0.001,0.001,0.001,0.001,-0.105,-0.7,0.32,-0.629,0.857,0.718,0.725,0.842,1.156,1.023,0.818,0.082,0.641,0.761,0.822,0.784,0.564,0.433,0.57,0.419,0,0.521,0.921,0.779,0.407,0.242,0.016,0.31,0.734,0,0,0.267,0.244,0.081,0.006,0.002,0.214,0.464,0,0.009,0.007,0.134,0.448,0.001,0.035,0.012,0.032,0,0,0.086,17.101
03:43.3,13129,-0.566,-0.295,0.623,0.45,0.399,0.821,-0.016,-0.408,-0.525,-0.391,-0.617,-0.437,0.587,0.573,-0.499,-0.278,0.313,0.299,-0.67,-0.603,0.108,-0.787,0.285,-0.537,0,0.001,0.001,0.001,0.001,0.001,0.001,0.001,0.001,0.001,0.001,0.001,0.001,0.001,0.001,0.001,0.001,0.001,0.001,0.001,0.001,0.001,0.001,0.001,0.044,0.001,0.001,0.001,0.001,0.001,0.001,0.001,0.001,0.001,0.001,0.001,0.001,0.001,0.001,0.001,0.001,0.001,0.001,0.001,0.001,-0.104,-0.699,0.317,-0.632,0.832,0.708,0.725,0.841,1.16,1.032,0.814,0.088,0.607,0.761,0.825,0.783,0.567,0.443,0.582,0.435,0.001,0.495,0.93,0.772,0.404,0.244,0.016,0.317,0.735,0,0,0.247,0.227,0.078,0.005,0.002,0.219,0.48,0,0.013,0.007,0.143,0.447,0,0.087,0.011,0.044,0.001,0.001,0.087,17.129
03:43.4,13130,-0.574,-0.292,0.622,0.445,0.402,0.82,-0.016,-0.406,-0.517,-0.397,-0.618,-0.439,0.59,0.573,-0.499,-0.273,0.313,0.3,-0.668,-0.605,0.078,-0.792,0.25,-0.551,0.001,0.001,0.001,0.001,0.001,0.001,0.001,0.001,0.001,0.001,0.001,0,0.001,0.001,0.001,0.001,0.001,0.001,0.001,0.001,0.001,0.001,0.001,0.001,0.038,0.001,0.001,0.001,0.001,0.001,0.001,0.001,0.001,0.001,0.001,0.001,0.001,0.001,0.001,0.001,0.001,0.001,0.001,0.001,0.001,-0.104,-0.698,0.315,-0.634,0.802,0.694,0.722,0.838,1.161,1.038,0.812,0.092,0.562,0.766,0.829,0.78,0.573,0.46,0.587,0.448,0,0.48,0.938,0.757,0.398,0.247,0.016,0.341,0.74,0,0,0.219,0.216,0.074,0.005,0.002,0.216,0.495,0,0.024,0.006,0.158,0.448,0,0.112,0.011,0.049,0,0.001,0.081,17.117
03:43.4,13131,-0.581,-0.29,0.62,0.44,0.407,0.82,-0.016,-0.402,-0.51,-0.403,-0.619,-0.441,0.592,0.574,-0.498,-0.269,0.314,0.301,-0.666,-0.606,0.061,-0.796,0.225,-0.559,0.001,0.001,0.001,0.001,0.001,0.001,0.001,0.001,0.001,0.001,0.001,0.001,0.001,0.001,0.001,0.001,0.001,0.001,0.001,0.001,0.001,0.001,0.001,0.001,0.038,0.001,0.001,0.001,0.001,0.001,0.001,0.001,0.001,0.001,0.001,0.001,0.001,0.001,0.001,0.001,0.001,0.001,0.001,0.001,0.001,-0.104,-0.697,0.312,-0.637,0.744,0.678,0.717,0.835,1.164,1.048,0.817,0.098,0.52,0.773,0.828,0.779,0.58,0.468,0.592,0.462,0,0.47,0.944,0.748,0.388,0.241,0.015,0.349,0.753,0.001,0.001,0.186,0.201,0.071,0.005,0.002,0.221,0.507,0,0.032,0.007,0.16,0.451,0,0.125,0.011,0.049,0.001,0.001,0.082,17.043
03:43.4,13132,-0.587,-0.29,0.617,0.434,0.411,0.82,-0.017,-0.397,-0.502,-0.409,-0.62,-0.442,0.593,0.575,-0.496,-0.268,0.315,0.303,-0.664,-0.607,0.035,-0.799,0.186,-0.57,0.001,0.001,0.001,0.001,0.001,0.001,0.001,0.001,0.001,0.001,0.001,0.001,0.001,0.001,0.001,0.001,0.001,0.001,0.001,0.001,0.001,0.001,0.001,0.001,0.035,0.001,0.001,0.001,0.001,0.001,0.001,0.001,0.001,0.001,0.001,0.001,0.001,0.001,0.001,0.001,0.001,0.001,0.001,0.001,0.001,-0.103,-0.696,0.309,-0.639,0.686,0.662,0.713,0.83,1.161,1.051,0.816,0.107,0.476,0.77,0.828,0.774,0.585,0.48,0.598,0.48,0.001,0.449,0.944,0.744,0.382,0.243,0.015,0.36,0.753,0.002,0,0.172,0.187,0.068,0.004,0.002,0.225,0.514,0,0.033,0.009,0.162,0.447,0.001,0.154,0.011,0.05,0.001,0,0.079,16.95
03:43.4,13133,-0.594,-0.291,0.614,0.429,0.415,0.821,-0.02,-0.392,-0.495,-0.414,-0.621,-0.444,0.593,0.576,-0.495,-0.268,0.315,0.305,-0.662,-0.607,0.035,-0.799,0.186,-0.57,0.001,0.001,0.001,0.001,0.001,0.001,0.001,0.001,0.001,0.001,0.001,0.001,0.001,0.001,0.001,0.001,0.001,0.001,0.001,0.001,0.001,0.001,0.001,0.001,0.035,0.001,0.001,0.001,0.001,0.001,0.001,0.001,0.001,0.001,0.001,0.001,0.001,0.001,0.001,0.001,0.001,0.001,0.001,0.001,0.001,-0.103,-0.695,0.307,-0.641,0.604,0.647,0.703,0.808,1.166,1.057,0.81,0.115,0.44,0.77,0.824,0.773,0.59,0.487,0.604,0.488,0.001,0.405,0.939,0.746,0.382,0.238,0.013,0.375,0.758,0.006,0,0.148,0.168,0.067,0.004,0.002,0.239,0.521,0.001,0.035,0.009,0.17,0.455,0.001,0.176,0.01,0.05,0,0.001,0.079,16.806
03:43.4,13134,-0.6,-0.293,0.611,0.423,0.421,0.82,-0.022,-0.387,-0.488,-0.42,-0.621,-0.447,0.592,0.577,-0.494,-0.269,0.315,0.307,-0.661,-0.608,0.035,-0.799,0.186,-0.57,0.001,0.001,0.001,0.001,0.001,0.001,0.001,0.001,0.001,0.001,0.001,0.001,0.001,0.001,0.001,0.001,0.001,0.001,0.001,0.001,0.001,0.001,0.001,0.001,0.035,0.001,0.001,0.001,0.001,0.001,0.001,0.001,0.001,0.001,0.001,0.001,0.001,0.001,0.001,0.001,0.001,0.001,0.001,0.001,0.001,-0.103,-0.695,0.307,-0.641,0.604,0.647,0.703,0.808,1.166,1.057,0.81,0.115,0.44,0.77,0.824,0.773,0.59,0.487,0.604,0.488,0.001,0.405,0.939,0.746,0.382,0.238,0.013,0.375,0.758,0.006,0,0.148,0.168,0.067,0.004,0.002,0.239,0.521,0.001,0.035,0.009,0.17,0.455,0.001,0.176,0.01,0.05,0,0.001,0.079,16.806
03:43.4,13135,-0.607,-0.296,0.607,0.418,0.429,0.819,-0.025,-0.38,-0.481,-0.425,-0.621,-0.449,0.592,0.578,-0.493,-0.27,0.315,0.308,-0.659,-0.609,-0.037,-0.795,0.103,-0.596,0.001,0.001,0.001,0.001,0.001,0.001,0.001,0.001,0.001,0.001,0.001,0.001,0.001,0.001,0.001,0.001,0.001,0.001,0.001,0.001,0.001,0.001,0.001,0.001,0.021,0.001,0.001,0.001,0.001,0.001,0.001,0.001,0.001,0.001,0.001,0.001,0.001,0.001,0.001,0.001,0.001,0.001,0.001,0.001,0.001,-0.103,-0.695,0.307,-0.641,0.604,0.647,0.703,0.808,1.166,1.057,0.81,0.115,0.44,0.77,0.824,0.773,0.59,0.487,0.604,0.488,0.001,0.405,0.939,0.746,0.382,0.238,0.013,0.375,0.758,0.006,0,0.148,0.168,0.067,0.004,0.002,0.239,0.521,0.001,0.035,0.009,0.17,0.455,0.001,0.176,0.01,0.05,0,0.001,0.065,16.806
03:43.4,13136,-0.613,-0.301,0.603,0.412,0.439,0.817,-0.028,-0.373,-0.474,-0.43,-0.621,-0.452,0.591,0.579,-0.492,-0.271,0.315,0.31,-0.657,-0.611,-0.063,-0.79,0.071,-0.606,0.001,0.001,0.001,0.001,0.001,0.001,0.001,0.001,0.001,0.001,0.001,0.001,0.001,0.001,0.001,0.001,0.001,0.001,0.001,0.001,0.001,0.001,0.001,0.001,0.021,0.001,0.001,0.001,0.001,0.001,0.001,0.001,0.001,0.001,0.001,0.001,0.001,0.001,0.001,0,0.001,0.001,0.001,0.001,0.001,-0.102,-0.692,0.299,-0.649,0.336,0.553,0.648,0.792,1.175,1.083,0.783,0.148,0.22,0.758,0.81,0.744,0.602,0.516,0.626,0.505,0,0.189,0.912,0.725,0.341,0.232,0.011,0.433,0.763,0.031,0.001,0.077,0.111,0.06,0.004,0.002,0.27,0.553,0,0.037,0.006,0.188,0.475,0,0.236,0.01,0.065,0,0,0.064,16.031
03:43.4,13137,-0.619,-0.306,0.598,0.407,0.45,0.814,-0.031,-0.365,-0.468,-0.434,-0.621,-0.454,0.592,0.579,-0.491,-0.271,0.314,0.313,-0.655,-0.611,-0.079,-0.785,0.05,-0.612,0.001,0.001,0.001,0.001,0.001,0.001,0.001,0.001,0.001,0.001,0.001,0.001,0.001,0.001,0.001,0.001,0.001,0.001,0.001,0.001,0.001,0.001,0.001,0.001,0.012,0.001,0.001,0.001,0.001,0.001,0.001,0.001,0.001,0.001,0.001,0.001,0.001,0.001,0.001,0.001,0.001,0.001,0.001,0.001,0.001,-0.102,-0.691,0.298,-0.651,0.228,0.521,0.613,0.769,1.179,1.084,0.777,0.159,0.158,0.729,0.806,0.741,0.607,0.525,0.631,0.509,0.001,0.111,0.899,0.714,0.326,0.217,0.011,0.449,0.768,0.051,0,0.07,0.09,0.053,0.004,0.002,0.275,0.563,0.001,0.039,0.007,0.194,0.475,0.001,0.26,0.011,0.065,0.001,0.001,0.056,15.695
03:43.4,13138,-0.623,-0.312,0.593,0.402,0.463,0.81,-0.036,-0.357,-0.461,-0.438,-0.621,-0.457,0.592,0.58,-0.49,-0.269,0.313,0.316,-0.654,-0.612,-0.095,-0.78,0.027,-0.618,0.001,0.001,0.001,0.001,0.001,0.001,0.001,0.001,0.001,0.001,0.001,0.001,0.001,0.001,0,0.001,0.001,0.001,0.001,0.001,0.001,0.001,0.001,0.001,0.009,0.001,0.001,0.001,0.001,0,0.001,0.001,0.001,0.001,0.001,0.001,0.001,0.001,0.001,0.001,0.001,0.001,0.001,0.001,0.001,-0.102,-0.689,0.296,-0.653,0.098,0.471,0.576,0.762,1.184,1.084,0.767,0.16,0.09,0.698,0.774,0.723,0.611,0.542,0.631,0.52,0.01,0.049,0.885,0.712,0.298,0.206,0.01,0.464,0.772,0.078,0,0.051,0.066,0.051,0.004,0.002,0.283,0.567,0.001,0.039,0.002,0.209,0.488,0,0.304,0.015,0.067,0,0.001,0.051,15.325
03:43.4,13139,-0.627,-0.319,0.589,0.398,0.476,0.807,-0.041,-0.348,-0.455,-0.441,-0.622,-0.46,0.594,0.58,-0.489,-0.268,0.312,0.319,-0.653,-0.612,-0.095,-0.78,0.027,-0.618,0.001,0.001,0.001,0.001,0.001,0.001,0.001,0.001,0.001,0.001,0.001,0.001,0.001,0.001,0,0.001,0.001,0.001,0.001,0.001,0.001,0.001,0.001,0.001,0.009,0.001,0.001,0.001,0.001,0,0.001,0.001,0.001,0.001,0.001,0.001,0.001,0.001,0.001,0.001,0.001,0.001,0.001,0.001,0.001,-0.103,-0.688,0.295,-0.656,0.023,0.426,0.558,0.723,1.189,1.081,0.753,0.166,0.037,0.643,0.733,0.713,0.611,0.565,0.637,0.525,0.015,0,0.856,0.698,0.284,0.201,0.01,0.476,0.769,0.099,0.005,0.028,0.033,0.045,0.004,0.002,0.297,0.574,0.001,0.037,0.002,0.223,0.497,0,0.344,0.016,0.072,0.001,0,0.051,14.972
03:43.5,13140,-0.629,-0.326,0.584,0.396,0.49,0.803,-0.047,-0.337,-0.449,-0.444,-0.622,-0.462,0.595,0.581,-0.488,-0.266,0.311,0.322,-0.652,-0.612,-0.095,-0.78,0.027,-0.618,0.001,0.001,0.001,0.001,0.001,0.001,0.001,0.001,0.001,0.001,0.001,0.001,0.001,0.001,0,0.001,0.001,0.001,0.001,0.001,0.001,0.001,0.001,0.001,0.009,0.001,0.001,0.001,0.001,0,0.001,0.001,0.001,0.001,0.001,0.001,0.001,0.001,0.001,0.001,0.001,0.001,0.001,0.001,0.001,-0.104,-0.686,0.294,-0.658,0,0.387,0.535,0.683,1.189,1.082,0.745,0.171,0,0.617,0.729,0.702,0.615,0.579,0.636,0.526,0.02,0,0.788,0.651,0.283,0.194,0.009,0.488,0.767,0.106,0.023,0.017,0.017,0.042,0.004,0.002,0.3,0.58,0.001,0.035,0.002,0.243,0.508,0,0.413,0.018,0.084,0.001,0.001,0.051,14.793
03:43.5,13141,-0.629,-0.334,0.579,0.396,0.504,0.798,-0.053,-0.326,-0.443,-0.447,-0.623,-0.464,0.596,0.582,-0.486,-0.265,0.31,0.324,-0.652,-0.611,-0.095,-0.78,0.027,-0.618,0.001,0.001,0.001,0.001,0.001,0.001,0.001,0.001,0.001,0.001,0.001,0.001,0.001,0.001,0,0.001,0.001,0.001,0.001,0.001,0.001,0.001,0.001,0.001,0.009,0.001,0.001,0.001,0.001,0,0.001,0.001,0.001,0.001,0.001,0.001,0.001,0.001,0.001,0.001,0.001,0.001,0.001,0.001,0.001,-0.105,-0.683,0.293,-0.661,0,0.332,0.509,0.62,1.186,1.081,0.733,0.176,0,0.575,0.719,0.68,0.617,0.593,0.632,0.531,0.023,0,0.742,0.607,0.261,0.189,0.009,0.508,0.77,0.127,0.04,0.004,0.007,0.042,0.004,0.002,0.319,0.579,0,0.031,0.002,0.253,0.512,0.006,0.471,0.022,0.093,0,0,0.051,14.607
03:43.5,13142,-0.628,-0.343,0.575,0.397,0.518,0.794,-0.061,-0.313,-0.438,-0.449,-0.623,-0.467,0.597,0.583,-0.484,-0.264,0.31,0.327,-0.651,-0.611,-0.095,-0.78,0.027,-0.618,0.001,0.001,0.001,0.001,0.001,0.001,0.001,0.001,0.001,0.001,0.001,0.001,0.001,0.001,0,0.001,0.001,0.001,0.001,0.001,0.001,0.001,0.001,0.001,0.009,0.001,0.001,0.001,0.001,0,0.001,0.001,0.001,0.001,0.001,0.001,0.001,0.001,0.001,0.001,0.001,0.001,0.001,0.001,0.001,-0.106,-0.681,0.292,-0.663,0.001,0.292,0.491,0.593,1.188,1.077,0.719,0.182,0,0.51,0.706,0.634,0.615,0.607,0.636,0.534,0.021,0,0.695,0.565,0.244,0.178,0.009,0.518,0.777,0.178,0.051,0.002,0.004,0.045,0.004,0.002,0.33,0.578,0,0.031,0.002,0.27,0.519,0.084,0.56,0.027,0.098,0,0.001,0.051,14.578
03:43.5,13143,-0.625,-0.352,0.571,0.399,0.532,0.789,-0.069,-0.299,-0.433,-0.451,-0.624,-0.47,0.597,0.584,-0.482,-0.265,0.31,0.329,-0.651,-0.609,-0.095,-0.78,0.027,-0.618,0.001,0.001,0.001,0.001,0.001,0.001,0.001,0.001,0.001,0.001,0.001,0.001,0.001,0.001,0,0.001,0.001,0.001,0.001,0.001,0.001,0.001,0.001,0.001,0.009,0.001,0.001,0.001,0.001,0,0.001,0.001,0.001,0.001,0.001,0.001,0.001,0.001,0.001,0.001,0.001,0.001,0.001,0.001,0.001,-0.107,-0.678,0.291,-0.667,0.001,0.216,0.457,0.596,1.189,1.078,0.711,0.187,0.001,0.454,0.696,0.602,0.612,0.619,0.636,0.534,0.022,0,0.628,0.53,0.204,0.168,0.009,0.529,0.774,0.217,0.07,0.002,0.004,0.035,0.004,0.004,0.342,0.58,0.001,0.029,0.002,0.275,0.531,0.165,0.635,0.028,0.101,0.001,0.007,0.051,14.486
03:43.5,13144,-0.621,-0.362,0.567,0.402,0.546,0.785,-0.078,-0.283,-0.428,-0.452,-0.624,-0.473,0.598,0.585,-0.48,-0.265,0.31,0.331,-0.652,-0.607,-0.095,-0.78,0.027,-0.618,0.001,0.001,0.001,0.001,0.001,0.001,0.001,0.001,0.001,0.001,0.001,0.001,0.001,0.001,0,0.001,0.001,0.001,0.001,0.001,0.001,0.001,0.001,0.001,0.009,0.001,0.001,0.001,0.001,0,0.001,0.001,0.001,0.001,0.001,0.001,0.001,0.001,0.001,0.001,0.001,0.001,0.001,0.001,0.001,-0.108,-0.675,0.291,-0.669,0,0.167,0.425,0.59,1.179,1.072,0.7,0.194,0.001,0.402,0.67,0.569,0.607,0.631,0.629,0.535,0.039,0,0.567,0.508,0.192,0.16,0.009,0.541,0.773,0.242,0.098,0.002,0.004,0.033,0.004,0.004,0.358,0.579,0.001,0.037,0.002,0.286,0.545,0.281,0.681,0.037,0.106,0,0.018,0.051,14.478
03:43.5,13145,-0.616,-0.372,0.562,0.407,0.56,0.78,-0.087,-0.266,-0.423,-0.452,-0.624,-0.476,0.598,0.585,-0.479,-0.265,0.311,0.334,-0.652,-0.605,-0.174,-0.722,-0.139,-0.655,0.001,0.001,0.001,0.001,0.001,0.001,0.001,0.001,0.001,0.001,0.001,0.001,0.001,0.001,0.001,0.001,0.001,0.001,0.001,0.001,0.001,0.001,0.001,0,0.001,0.001,0.001,0.001,0.001,0.001,0.001,0.001,0.001,0.001,0.001,0.001,0.001,0.001,0.001,0.001,0.001,0.001,0.001,0.001,0.001,-0.109,-0.672,0.289,-0.673,0.001,0.11,0.381,0.559,1.159,1.056,0.69,0.198,0,0.331,0.636,0.551,0.607,0.65,0.626,0.534,0.04,0.001,0.496,0.482,0.171,0.151,0.013,0.547,0.77,0.278,0.14,0.001,0.004,0.031,0.005,0.004,0.375,0.584,0.001,0.045,0.004,0.294,0.549,0.4,0.741,0.044,0.117,0.001,0.018,0.044,14.396
03:43.5,13146,-0.61,-0.383,0.558,0.412,0.573,0.775,-0.097,-0.249,-0.419,-0.452,-0.625,-0.479,0.599,0.585,-0.479,-0.264,0.312,0.336,-0.652,-0.603,-0.178,-0.711,-0.163,-0.66,0.001,0.001,0.001,0.001,0.001,0.001,0,0.001,0.001,0.001,0.001,0.001,0.001,0.001,0.001,0.001,0.001,0.001,0.001,0.001,0.001,0.001,0.001,0.001,0.009,0.001,0.001,0.001,0.001,0.001,0.001,0.001,0.001,0.001,0.001,0,0.001,0.001,0.001,0.001,0.001,0.001,0.001,0.001,0.001,-0.11,-0.669,0.288,-0.676,0,0.061,0.331,0.545,1.115,1.046,0.679,0.204,0,0.267,0.632,0.536,0.601,0.661,0.621,0.531,0.048,0,0.446,0.443,0.16,0.147,0.024,0.547,0.772,0.319,0.168,0.001,0.004,0.021,0.004,0.004,0.385,0.581,0.001,0.048,0.004,0.313,0.563,0.521,0.788,0.048,0.122,0.001,0.033,0.051,14.346
03:43.5,13147,-0.602,-0.395,0.554,0.418,0.585,0.77,-0.107,-0.231,-0.415,-0.452,-0.625,-0.481,0.6,0.585,-0.478,-0.262,0.314,0.338,-0.652,-0.602,-0.18,-0.697,-0.193,-0.667,0.001,0.001,0.001,0.001,0.001,0.001,0.001,0.001,0.001,0.001,0.001,0.001,0.001,0.001,0.001,0.001,0.001,0.001,0.001,0.001,0.001,0.001,0.001,0.001,0.01,0.001,0.001,0.001,0.001,0.001,0.001,0.001,0.001,0.001,0.001,0.001,0.001,0.001,0.001,0.001,0.001,0.001,0.001,0.001,0.001,-0.11,-0.666,0.286,-0.68,0,0.022,0.287,0.535,1.11,1.034,0.669,0.206,0,0.214,0.621,0.51,0.581,0.669,0.612,0.527,0.053,0,0.359,0.402,0.134,0.133,0.034,0.563,0.769,0.342,0.172,0.001,0.004,0.015,0.005,0.005,0.399,0.584,0.022,0.051,0.005,0.328,0.575,0.668,0.813,0.049,0.131,0.001,0.061,0.054,14.275
03:43.5,13148,-0.594,-0.406,0.551,0.424,0.597,0.765,-0.117,-0.213,-0.412,-0.453,-0.626,-0.484,0.601,0.585,-0.478,-0.26,0.316,0.339,-0.65,-0.601,-0.18,-0.685,-0.219,-0.671,0.001,0.001,0.001,0.001,0.001,0.001,0.001,0.001,0.001,0.001,0.001,0.001,0,0.001,0.001,0.001,0.001,0.001,0.001,0.001,0.001,0.001,0.001,0.001,0.012,0.001,0.001,0.001,0.001,0.001,0.001,0.001,0.001,0.001,0.001,0.001,0.001,0.001,0.001,0.001,0.001,0.001,0.001,0.001,0.001,-0.109,-0.663,0.284,-0.684,0.001,0.009,0.253,0.507,1.11,1.021,0.658,0.209,0,0.158,0.58,0.477,0.569,0.683,0.614,0.525,0.065,0,0.255,0.374,0.107,0.127,0.038,0.559,0.766,0.358,0.189,0.001,0.004,0.013,0.005,0.005,0.41,0.584,0.055,0.059,0.005,0.341,0.586,0.746,0.891,0.059,0.14,0.015,0.07,0.055,14.201
03:43.5,13149,-0.585,-0.417,0.547,0.431,0.608,0.759,-0.128,-0.196,-0.408,-0.453,-0.626,-0.486,0.602,0.585,-0.478,-0.258,0.319,0.341,-0.649,-0.601,-0.177,-0.672,-0.246,-0.675,0.001,0.001,0.001,0.001,0.001,0.001,0.001,0.001,0.001,0.001,0.001,0.001,0.001,0.001,0.001,0.001,0.001,0,0.001,0.001,0.001,0.001,0.001,0.001,0.013,0.001,0.001,0.001,0.001,0.001,0.001,0.001,0.001,0.001,0.001,0.001,0.001,0.001,0.001,0.001,0.001,0.001,0.001,0.001,0.001,-0.109,-0.661,0.283,-0.686,0,0.001,0.175,0.484,1.095,1.001,0.647,0.208,0.001,0.123,0.562,0.457,0.563,0.692,0.617,0.523,0.057,0,0.167,0.331,0.094,0.12,0.051,0.564,0.759,0.369,0.243,0,0.002,0.006,0.005,0.006,0.42,0.589,0.074,0.083,0.005,0.354,0.595,0.842,0.934,0.065,0.149,0.031,0.083,0.056,14.147
03:43.6,13150,-0.575,-0.427,0.544,0.438,0.618,0.752,-0.14,-0.179,-0.405,-0.453,-0.626,-0.488,0.603,0.585,-0.478,-0.255,0.322,0.342,-0.648,-0.6,-0.17,-0.656,-0.28,-0.679,0.001,0.001,0.001,0.001,0.001,0.001,0.001,0.001,0.001,0.001,0.001,0.001,0.001,0.001,0.001,0.001,0.001,0.001,0.001,0.001,0.001,0.001,0.001,0.001,0.013,0.001,0.001,0.001,0.001,0.001,0.001,0.001,0.001,0.001,0.001,0.001,0.001,0.001,0.001,0.001,0.001,0.001,0.001,0.001,0.001,-0.109,-0.658,0.281,-0.69,0,0.001,0.131,0.47,1.081,0.989,0.636,0.206,0,0.067,0.508,0.44,0.567,0.685,0.608,0.52,0.061,0,0.099,0.293,0.083,0.115,0.059,0.567,0.755,0.376,0.26,0.001,0.002,0.002,0.005,0.006,0.427,0.59,0.103,0.093,0.005,0.369,0.604,0.932,0.99,0.07,0.162,0.057,0.095,0.057,14.09
03:43.6,13151,-0.563,-0.438,0.542,0.445,0.628,0.745,-0.153,-0.162,-0.402,-0.453,-0.626,-0.49,0.604,0.585,-0.478,-0.253,0.324,0.343,-0.646,-0.599,-0.162,-0.642,-0.311,-0.682,0.001,0.001,0.001,0.001,0.001,0.001,0.001,0.001,0.001,0.001,0.001,0.001,0.001,0.001,0.001,0.001,0.001,0.001,0.001,0.001,0.001,0.001,0.001,0.001,0.013,0.001,0.001,0.001,0.001,0.001,0.001,0.001,0.001,0.001,0.001,0.001,0.001,0.001,0.001,0.001,0.001,0.001,0.001,0.001,0.001,-0.11,-0.655,0.28,-0.694,0,0,0.093,0.443,1.087,0.985,0.625,0.204,0,0.023,0.486,0.408,0.549,0.686,0.607,0.52,0.065,0.001,0.06,0.255,0.072,0.104,0.062,0.57,0.753,0.382,0.256,0.001,0.002,0.002,0.005,0.006,0.432,0.592,0.123,0.115,0.006,0.387,0.613,1.011,1.024,0.077,0.165,0.061,0.167,0.057,14.085
03:43.6,13152,-0.551,-0.447,0.54,0.452,0.637,0.738,-0.166,-0.146,-0.399,-0.453,-0.626,-0.492,0.605,0.585,-0.478,-0.25,0.327,0.344,-0.646,-0.598,-0.18,-0.627,-0.321,-0.687,0.001,0.001,0.001,0.001,0.001,0.001,0.001,0.001,0.001,0.001,0.001,0.001,0.001,0.001,0.001,0.001,0.001,0.001,0.001,0.001,0.001,0.001,0.001,0.001,0.015,0.001,0.001,0.001,0.001,0.001,0.001,0.001,0.001,0.002,0.001,0.001,0.001,0.001,0.001,0.001,0.001,0.001,0.001,0.001,0.001,-0.111,-0.651,0.279,-0.697,0,0,0.028,0.394,1.063,0.99,0.612,0.205,0.001,0,0.452,0.399,0.546,0.668,0.604,0.519,0.073,0.001,0.026,0.204,0.054,0.094,0.065,0.579,0.75,0.397,0.27,0,0.002,0.002,0.005,0.006,0.436,0.593,0.15,0.161,0.006,0.398,0.623,1.057,1.051,0.084,0.171,0.079,0.195,0.06,14.013
03:43.6,13153,-0.539,-0.457,0.539,0.46,0.646,0.73,-0.179,-0.129,-0.397,-0.454,-0.626,-0.494,0.606,0.585,-0.478,-0.247,0.329,0.345,-0.645,-0.597,-0.19,-0.619,-0.32,-0.692,0.001,0.001,0.001,0.001,0.001,0.001,0.001,0.001,0.001,0.001,0.001,0.001,0.001,0.001,0.001,0.001,0.001,0.001,0.001,0.001,0.001,0.001,0.001,0.001,0.016,0.001,0.001,0.001,0.001,0.001,0.001,0.001,0.001,0.004,0.001,0.001,0.001,0.001,0.001,0.001,0.001,0.001,0.001,0.001,0.001,-0.111,-0.648,0.278,-0.701,0,0,0.002,0.358,1.073,0.985,0.603,0.204,0,0,0.397,0.374,0.523,0.663,0.6,0.519,0.095,0,0.007,0.136,0.033,0.085,0.066,0.585,0.746,0.4,0.283,0,0.001,0.002,0.005,0.006,0.438,0.596,0.166,0.193,0.006,0.409,0.63,1.098,1.055,0.093,0.182,0.094,0.233,0.063,13.944
03:43.6,13154,-0.527,-0.465,0.538,0.467,0.655,0.722,-0.193,-0.113,-0.394,-0.454,-0.626,-0.496,0.607,0.585,-0.479,-0.245,0.331,0.346,-0.644,-0.596,-0.19,-0.619,-0.32,-0.692,0.001,0.001,0.001,0.001,0.001,0.001,0.001,0.001,0.001,0.001,0.001,0.001,0.001,0.001,0.001,0.001,0.001,0.001,0.001,0.001,0.001,0.001,0.001,0.001,0.016,0.001,0.001,0.001,0.001,0.001,0.001,0.001,0.001,0.004,0.001,0.001,0.001,0.001,0.001,0.001,0.001,0.001,0.001,0.001,0.001,-0.11,-0.644,0.276,-0.705,0,0.001,0.002,0.347,1.055,1.005,0.601,0.203,0,0,0.349,0.303,0.505,0.664,0.598,0.518,0.106,0,0.007,0.105,0.015,0.063,0.063,0.59,0.747,0.4,0.308,0,0.001,0.001,0.005,0.006,0.438,0.596,0.193,0.222,0.007,0.415,0.634,1.11,1.066,0.099,0.181,0.12,0.272,0.063,13.921
03:43.6,13155,-0.516,-0.47,0.536,0.475,0.662,0.714,-0.205,-0.097,-0.392,-0.454,-0.626,-0.497,0.608,0.584,-0.479,-0.242,0.333,0.347,-0.643,-0.595,-0.19,-0.619,-0.32,-0.692,0.001,0.001,0.001,0.001,0.001,0.001,0.001,0.001,0.001,0.001,0.001,0.001,0.001,0.001,0.001,0.001,0.001,0.001,0.001,0.001,0.001,0.001,0.001,0.001,0.016,0.001,0.001,0.001,0.001,0.001,0.001,0.001,0.001,0.004,0.001,0.001,0.001,0.001,0.001,0.001,0.001,0.001,0.001,0.001,0.001,-0.109,-0.641,0.275,-0.708,0,0.001,0.001,0.242,1.024,0.993,0.596,0.2,0.001,0.001,0.249,0.26,0.479,0.664,0.597,0.518,0.116,0,0.005,0.065,0.001,0.051,0.057,0.592,0.746,0.416,0.33,0,0.001,0.001,0.005,0.006,0.442,0.592,0.195,0.249,0.007,0.424,0.637,1.126,1.103,0.104,0.19,0.159,0.294,0.063,13.74
03:43.6,13156,-0.508,-0.472,0.534,0.484,0.668,0.708,-0.215,-0.083,-0.391,-0.455,-0.627,-0.498,0.609,0.584,-0.48,-0.24,0.335,0.348,-0.643,-0.594,-0.19,-0.619,-0.32,-0.692,0.001,0.001,0.001,0.001,0.001,0.001,0.001,0.001,0.001,0.001,0.001,0.001,0.001,0.001,0.001,0.001,0.001,0.001,0.001,0.001,0.001,0.001,0.001,0.001,0.016,0.001,0.001,0.001,0.001,0.001,0.001,0.001,0.001,0.004,0.001,0.001,0.001,0.001,0.001,0.001,0.001,0.001,0.001,0.001,0.001,-0.109,-0.641,0.275,-0.708,0,0.001,0.001,0.242,1.024,0.993,0.596,0.2,0.001,0.001,0.249,0.26,0.479,0.664,0.597,0.518,0.116,0,0.005,0.065,0.001,0.051,0.057,0.592,0.746,0.416,0.33,0,0.001,0.001,0.005,0.006,0.442,0.592,0.195,0.249,0.007,0.424,0.637,1.126,1.103,0.104,0.19,0.159,0.294,0.063,13.74
03:43.6,13157,-0.502,-0.472,0.532,0.492,0.669,0.704,-0.225,-0.072,-0.39,-0.455,-0.628,-0.497,0.61,0.583,-0.48,-0.238,0.337,0.349,-0.642,-0.594,-0.19,-0.619,-0.32,-0.692,0.001,0.001,0.001,0.001,0.001,0.001,0.001,0.001,0.001,0.001,0.001,0.001,0.001,0.001,0.001,0.001,0.001,0.001,0.001,0.001,0.001,0.001,0.001,0.001,0.016,0.001,0.001,0.001,0.001,0.001,0.001,0.001,0.001,0.004,0.001,0.001,0.001,0.001,0.001,0.001,0.001,0.001,0.001,0.001,0.001,-0.109,-0.641,0.275,-0.708,0,0.001,0.001,0.242,1.024,0.993,0.596,0.2,0.001,0.001,0.249,0.26,0.479,0.664,0.597,0.518,0.116,0,0.005,0.065,0.001,0.051,0.057,0.592,0.746,0.416,0.33,0,0.001,0.001,0.005,0.006,0.442,0.592,0.195,0.249,0.007,0.424,0.637,1.126,1.103,0.104,0.19,0.159,0.294,0.063,13.74
03:43.6,13158,-0.498,-0.469,0.532,0.5,0.669,0.703,-0.234,-0.064,-0.39,-0.455,-0.628,-0.496,0.611,0.583,-0.481,-0.237,0.338,0.35,-0.641,-0.593,-0.19,-0.619,-0.32,-0.692,0.001,0.001,0.001,0.001,0.001,0.001,0.001,0.001,0.001,0.001,0.001,0.001,0.001,0.001,0.001,0.001,0.001,0.001,0.001,0.001,0.001,0.001,0.001,0.001,0.016,0.001,0.001,0.001,0.001,0.001,0.001,0.001,0.001,0.004,0.001,0.001,0.001,0.001,0.001,0.001,0.001,0.001,0.001,0.001,0.001,-0.109,-0.641,0.275,-0.708,0,0.001,0.001,0.242,1.024,0.993,0.596,0.2,0.001,0.001,0.249,0.26,0.479,0.664,0.597,0.518,0.116,0,0.005,0.065,0.001,0.051,0.057,0.592,0.746,0.416,0.33,0,0.001,0.001,0.005,0.006,0.442,0.592,0.195,0.249,0.007,0.424,0.637,1.126,1.103,0.104,0.19,0.159,0.294,0.063,13.74
03:43.6,13159,-0.495,-0.463,0.536,0.505,0.666,0.703,-0.242,-0.061,-0.391,-0.454,-0.63,-0.494,0.611,0.582,-0.482,-0.236,0.339,0.351,-0.64,-0.593,-0.225,-0.56,-0.333,-0.724,0.001,0.001,0.001,0.001,0.001,0.001,0.001,0.001,0.001,0.001,0.001,0.001,0.001,0.001,0.001,0.001,0.001,0.001,0.001,0.001,0.001,0.001,0.001,0.001,0.016,0.001,0.001,0.001,0.001,0.001,0.001,0.001,0.001,0.004,0.001,0.001,0.001,0.001,0.001,0.001,0.001,0.001,0.001,0.001,0.001,-0.109,-0.641,0.275,-0.708,0,0.001,0.001,0.242,1.024,0.993,0.596,0.2,0.001,0.001,0.249,0.26,0.479,0.664,0.597,0.518,0.116,0,0.005,0.065,0.001,0.051,0.057,0.592,0.746,0.416,0.33,0,0.001,0.001,0.005,0.006,0.442,0.592,0.195,0.249,0.007,0.424,0.637,1.126,1.103,0.104,0.19,0.159,0.294,0.063,13.74
03:43.7,13160,-0.493,-0.454,0.543,0.506,0.661,0.704,-0.251,-0.064,-0.393,-0.454,-0.63,-0.492,0.611,0.582,-0.483,-0.236,0.339,0.352,-0.639,-0.594,-0.231,-0.555,-0.333,-0.727,0.001,0.001,0.001,0.001,0.001,0.001,0.001,0.001,0.001,0.001,0.001,0.001,0.001,0.001,0.001,0.001,0.001,0.001,0.001,0.001,0.001,0.001,0.001,0.001,0.023,0.001,0.001,0.001,0.001,0.001,0.001,0.001,0.001,0.007,0.001,0.001,0.001,0.009,0.001,0.001,0.001,0.001,0.001,0.001,0.001,-0.109,-0.641,0.275,-0.708,0,0.001,0.001,0.242,1.024,0.993,0.596,0.2,0.001,0.001,0.249,0.26,0.479,0.664,0.597,0.518,0.116,0,0.005,0.065,0.001,0.051,0.057,0.592,0.746,0.416,0.33,0,0.001,0.001,0.005,0.006,0.442,0.592,0.195,0.249,0.007,0.424,0.637,1.126,1.103,0.104,0.19,0.159,0.294,0.081,13.74
03:43.7,13161,-0.492,-0.438,0.553,0.503,0.652,0.709,-0.259,-0.073,-0.395,-0.453,-0.631,-0.49,0.611,0.581,-0.484,-0.236,0.338,0.354,-0.638,-0.595,-0.236,-0.554,-0.326,-0.729,0.001,0.001,0.001,0.001,0.001,0.001,0.001,0.001,0.001,0.001,0.001,0.001,0.001,0.001,0.001,0.001,0.001,0.001,0.001,0.001,0.001,0.001,0.001,0.001,0.035,0.001,0.001,0.001,0.001,0.001,0.001,0.001,0.001,0.01,0.001,0.001,0.001,0.006,0.001,0.001,0.001,0.001,0.001,0.001,0.001,-0.109,-0.641,0.275,-0.708,0,0.001,0.001,0.242,1.024,0.993,0.596,0.2,0.001,0.001,0.249,0.26,0.479,0.664,0.597,0.518,0.116,0,0.005,0.065,0.001,0.051,0.057,0.592,0.746,0.416,0.33,0,0.001,0.001,0.005,0.006,0.442,0.592,0.195,0.249,0.007,0.424,0.637,1.126,1.103,0.104,0.19,0.159,0.294,0.093,13.74
03:43.7,13162,-0.493,-0.43,0.564,0.497,0.637,0.718,-0.266,-0.088,-0.398,-0.452,-0.632,-0.488,0.611,0.579,-0.486,-0.236,0.336,0.356,-0.637,-0.596,-0.236,-0.554,-0.326,-0.729,0.001,0.001,0.001,0.001,0.001,0.001,0.001,0.001,0.001,0.001,0.001,0.001,0.001,0.001,0.001,0.001,0.001,0.001,0.001,0.001,0.001,0.001,0.001,0.001,0.035,0.001,0.001,0.001,0.001,0.001,0.001,0.001,0.001,0.01,0.001,0.001,0.001,0.006,0.001,0.001,0.001,0.001,0.001,0.001,0.001,-0.084,-0.625,0.271,-0.727,0.001,0,0.001,0.19,1.009,0.999,0.592,0.2,0.001,0,0.204,0.208,0.465,0.651,0.597,0.52,0.117,0,0.001,0.043,0.001,0.034,0.049,0.595,0.746,0.413,0.335,0.001,0.001,0.001,0.005,0.007,0.442,0.595,0.212,0.272,0.007,0.427,0.639,1.137,1.109,0.106,0.195,0.176,0.315,0.093,13.619
03:43.7,13163,-0.498,-0.429,0.572,0.49,0.619,0.73,-0.271,-0.102,-0.401,-0.45,-0.632,-0.487,0.611,0.577,-0.487,-0.235,0.334,0.357,-0.635,-0.598,-0.236,-0.554,-0.326,-0.729,0.001,0.001,0.001,0.001,0.001,0.001,0.001,0.001,0.001,0.001,0.001,0.001,0.001,0.001,0.001,0.001,0.001,0.001,0.001,0.001,0.001,0.001,0.001,0.001,0.035,0.001,0.001,0.001,0.001,0.001,0.001,0.001,0.001,0.01,0.001,0.001,0.001,0.006,0.001,0.001,0.001,0.001,0.001,0.001,0.001,-0.086,-0.622,0.273,-0.729,0,0,0.001,0.001,0.274,0.672,0.619,0.195,0,0,0.021,0.001,0.009,0.189,0.646,0.524,0.184,0.001,0.001,0,0.001,0,0.002,0.584,0.756,0.389,0.371,0,0.001,0.001,0.001,0.001,0.386,0.593,0.271,0.353,0.001,0.4,0.667,1.109,1.161,0.093,0.199,0.37,0.493,0.093,11.541
03:43.7,13164,-0.505,-0.42,0.579,0.483,0.605,0.741,-0.271,-0.108,-0.405,-0.446,-0.633,-0.486,0.612,0.575,-0.489,-0.234,0.332,0.358,-0.635,-0.599,-0.236,-0.554,-0.326,-0.729,0.001,0.001,0.001,0.001,0.001,0.001,0.001,0.001,0.001,0.001,0.001,0.001,0.001,0.001,0.001,0.001,0.001,0.001,0.001,0.001,0.001,0.001,0.001,0.001,0.035,0.001,0.001,0.001,0.001,0.001,0.001,0.001,0.001,0.01,0.001,0.001,0.001,0.006,0.001,0.001,0.001,0.001,0.001,0.001,0.001,-0.086,-0.622,0.273,-0.729,0,0,0.001,0.001,0.274,0.672,0.619,0.195,0,0,0.021,0.001,0.009,0.189,0.646,0.524,0.184,0.001,0.001,0,0.001,0,0.002,0.584,0.756,0.389,0.371,0,0.001,0.001,0.001,0.001,0.386,0.593,0.271,0.353,0.001,0.4,0.667,1.109,1.161,0.093,0.199,0.37,0.493,0.093,11.541
03:43.7,13165,-0.514,-0.411,0.584,0.476,0.596,0.749,-0.267,-0.11,-0.409,-0.442,-0.633,-0.487,0.614,0.573,-0.491,-0.232,0.33,0.358,-0.635,-0.599,-0.236,-0.554,-0.326,-0.729,0.001,0.001,0.001,0.001,0.001,0.001,0.001,0.001,0.001,0.001,0.001,0.001,0.001,0.001,0.001,0.001,0.001,0.001,0.001,0.001,0.001,0.001,0.001,0.001,0.035,0.001,0.001,0.001,0.001,0.001,0.001,0.001,0.001,0.01,0.001,0.001,0.001,0.006,0.001,0.001,0.001,0.001,0.001,0.001,0.001,-0.086,-0.622,0.273,-0.729,0,0,0.001,0.001,0.274,0.672,0.619,0.195,0,0,0.021,0.001,0.009,0.189,0.646,0.524,0.184,0.001,0.001,0,0.001,0,0.002,0.584,0.756,0.389,0.371,0,0.001,0.001,0.001,0.001,0.386,0.593,0.271,0.353,0.001,0.4,0.667,1.109,1.161,0.093,0.199,0.37,0.493,0.093,11.541
03:43.7,13166,-0.522,-0.402,0.588,0.469,0.59,0.756,-0.261,-0.111,-0.412,-0.435,-0.634,-0.488,0.615,0.57,-0.494,-0.228,0.329,0.358,-0.636,-0.6,-0.236,-0.554,-0.326,-0.729,0.001,0.001,0.001,0.001,0.001,0.001,0.001,0.001,0.001,0.001,0.001,0.001,0.001,0.001,0.001,0.001,0.001,0.001,0.001,0.001,0.001,0.001,0.001,0.001,0.035,0.001,0.001,0.001,0.001,0.001,0.001,0.001,0.001,0.01,0.001,0.001,0.001,0.006,0.001,0.001,0.001,0.001,0.001,0.001,0.001,-0.086,-0.622,0.273,-0.729,0,0,0.001,0.001,0.274,0.672,0.619,0.195,0,0,0.021,0.001,0.009,0.189,0.646,0.524,0.184,0.001,0.001,0,0.001,0,0.002,0.584,0.756,0.389,0.371,0,0.001,0.001,0.001,0.001,0.386,0.593,0.271,0.353,0.001,0.4,0.667,1.109,1.161,0.093,0.199,0.37,0.493,0.093,11.541
03:43.7,13167,-0.526,-0.391,0.592,0.463,0.591,0.752,-0.266,-0.122,-0.415,-0.427,-0.636,-0.49,0.617,0.567,-0.498,-0.223,0.33,0.356,-0.635,-0.6,-0.236,-0.554,-0.326,-0.729,0.001,0.001,0.001,0.001,0.001,0.001,0.001,0.001,0.001,0.001,0.001,0.001,0.001,0.001,0.001,0.001,0.001,0.001,0.001,0.001,0.001,0.001,0.001,0.001,0.035,0.001,0.001,0.001,0.001,0.001,0.001,0.001,0.001,0.01,0.001,0.001,0.001,0.006,0.001,0.001,0.001,0.001,0.001,0.001,0.001,-0.086,-0.622,0.273,-0.729,0,0,0.001,0.001,0.274,0.672,0.619,0.195,0,0,0.021,0.001,0.009,0.189,0.646,0.524,0.184,0.001,0.001,0,0.001,0,0.002,0.584,0.756,0.389,0.371,0,0.001,0.001,0.001,0.001,0.386,0.593,0.271,0.353,0.001,0.4,0.667,1.109,1.161,0.093,0.199,0.37,0.493,0.093,11.541
03:43.7,13168,-0.528,-0.398,0.593,0.459,0.599,0.742,-0.273,-0.127,-0.419,-0.416,-0.638,-0.493,0.619,0.564,-0.502,-0.215,0.334,0.355,-0.634,-0.6,-0.085,-0.688,-0.123,-0.71,0.001,0.001,0.001,0.001,0.001,0.001,0.001,0.001,0.001,0.005,0.001,0.001,0.001,0.001,0.001,0.001,0.001,0.001,0.001,0.001,0.001,0.001,0.001,0.001,0.042,0.001,0.001,0.001,0.001,0.001,0.001,0.001,0.001,0.01,0.001,0.001,0.001,0.001,0.001,0.001,0.001,0.001,0.001,0.001,0.001,-0.086,-0.622,0.273,-0.729,0,0,0.001,0.001,0.274,0.672,0.619,0.195,0,0,0.021,0.001,0.009,0.189,0.646,0.524,0.184,0.001,0.001,0,0.001,0,0.002,0.584,0.756,0.389,0.371,0,0.001,0.001,0.001,0.001,0.386,0.593,0.271,0.353,0.001,0.4,0.667,1.109,1.161,0.093,0.199,0.37,0.493,0.099,11.541
03:43.7,13169,-0.532,-0.399,0.591,0.457,0.609,0.74,-0.26,-0.117,-0.425,-0.404,-0.64,-0.496,0.622,0.561,-0.506,-0.206,0.338,0.354,-0.633,-0.599,-0.085,-0.688,-0.123,-0.71,0.001,0.001,0.001,0.001,0.001,0.001,0.001,0.001,0.001,0.005,0.001,0.001,0.001,0.001,0.001,0.001,0.001,0.001,0.001,0.001,0.001,0.001,0.001,0.001,0.042,0.001,0.001,0.001,0.001,0.001,0.001,0.001,0.001,0.01,0.001,0.001,0.001,0.001,0.001,0.001,0.001,0.001,0.001,0.001,0.001,-0.086,-0.622,0.273,-0.729,0,0,0.001,0.001,0.274,0.672,0.619,0.195,0,0,0.021,0.001,0.009,0.189,0.646,0.524,0.184,0.001,0.001,0,0.001,0,0.002,0.584,0.756,0.389,0.371,0,0.001,0.001,0.001,0.001,0.386,0.593,0.271,0.353,0.001,0.4,0.667,1.109,1.161,0.093,0.199,0.37,0.493,0.099,11.541
03:43.8,13170,-0.542,-0.399,0.583,0.454,0.613,0.745,-0.239,-0.105,-0.433,-0.389,-0.641,-0.5,0.626,0.558,-0.509,-0.194,0.342,0.353,-0.633,-0.599,-0.078,-0.697,-0.028,-0.712,1.006,0.853,0.866,0.851,0.623,0.178,0.053,0.001,0.939,0.86,0.842,0.154,0.002,0.001,0.027,0.039,0.001,0.49,0.885,0.636,0.006,0.002,0.001,0.001,0.103,0.001,0.001,0.179,0.06,0.001,0.001,0.001,0.001,0.022,0.001,0.001,0.001,0.053,0.1,0.001,0.001,0.001,0.001,0.001,0.001,0.003,-0.596,0.266,-0.758,0,0,0,0.001,0.223,0.623,0.631,0.194,0.001,0,0.02,0.001,0.002,0.154,0.657,0.525,0.192,0,0,0,0,0.001,0.002,0.576,0.757,0.389,0.369,0,0.001,0,0.001,0.001,0.376,0.595,0.267,0.354,0.001,0.382,0.668,1.106,1.159,0.085,0.197,0.372,0.513,9.849,11.396
03:43.8,13171,-0.559,-0.397,0.572,0.45,0.615,0.751,-0.215,-0.103,-0.442,-0.373,-0.642,-0.503,0.63,0.556,-0.511,-0.181,0.344,0.351,-0.632,-0.599,-0.077,-0.687,0.01,-0.723,0.979,0.842,0.846,0.947,0.822,0.342,0.171,0.001,0.918,0.861,0.839,0.216,0.005,0.002,0.046,0.053,0.001,0.463,0.894,0.672,0.009,0.004,0.001,0.001,0.115,0.001,0.001,0.178,0.088,0.001,0.001,0.001,0.001,0.012,0.001,0.001,0.001,0.027,0.073,0.001,0.001,0.001,0.001,0.001,0.001,0.002,-0.586,0.296,-0.755,0,0.001,0.001,0,0.001,0.379,0.319,0.065,0,0,0.04,0,0.001,0.018,0.407,0.415,0.264,0,0,0.001,0,0,0.046,0.387,0.795,0.261,0.419,0.001,0,0.001,0.001,0,0.37,0.607,0.28,0.327,0,0.515,0.706,1.071,1.151,0.179,0.176,0.342,0.509,10.443,10.056
03:43.8,13172,-0.578,-0.388,0.564,0.444,0.61,0.761,-0.191,-0.106,-0.452,-0.357,-0.641,-0.507,0.636,0.554,-0.511,-0.165,0.343,0.351,-0.631,-0.6,-0.064,-0.676,0.025,-0.734,0.967,0.838,0.855,1.024,0.966,0.581,0.284,0.001,0.91,0.858,0.835,0.298,0.01,0.017,0.063,0.061,0.001,0.409,0.884,0.67,0.01,0.004,0.002,0.002,0.115,0.001,0.001,0.175,0.099,0.001,0.001,0.001,0.001,0.01,0.001,0.001,0.001,0.022,0.04,0.001,0.001,0.001,0.001,0.001,0.001,0.007,-0.57,0.343,-0.746,0,0,0,0.001,0,0.347,0.231,0.042,0,0,0.042,0.001,0,0.001,0.382,0.396,0.277,0,0,0.004,0,0.001,0.049,0.385,0.741,0.211,0.389,0.001,0.001,0,0.001,0.001,0.415,0.576,0.234,0.335,0,0.527,0.697,0.972,1.168,0.219,0.153,0.274,0.452,11.026,9.526
03:43.8,13173,-0.591,-0.373,0.565,0.438,0.6,0.774,-0.17,-0.113,-0.462,-0.342,-0.64,-0.51,0.644,0.552,-0.508,-0.15,0.339,0.353,-0.632,-0.601,-0.031,-0.668,0.012,-0.744,0.938,0.821,0.857,1.109,1.076,0.739,0.482,0.002,0.871,0.863,0.834,0.389,0.053,0.139,0.166,0.101,0.001,0.424,0.884,0.685,0.012,0.005,0.005,0.004,0.116,0.001,0.001,0.182,0.106,0.001,0.001,0.001,0.001,0.009,0.001,0.001,0.001,0.024,0.023,0.001,0.001,0.001,0.001,0.001,0.001,0.016,-0.557,0.38,-0.738,0,0.001,0,0,0,0.221,0.143,0.039,0,0,0.046,0.001,0.001,0.002,0.36,0.371,0.25,0,0,0.001,0,0.001,0.038,0.354,0.587,0.122,0.355,0.001,0,0,0.001,0.001,0.426,0.545,0.138,0.325,0,0.556,0.596,0.921,1.131,0.215,0.107,0.128,0.419,11.935,8.403
03:43.8,13174,-0.598,-0.362,0.569,0.433,0.585,0.786,-0.156,-0.125,-0.472,-0.328,-0.639,-0.511,0.651,0.551,-0.504,-0.136,0.333,0.356,-0.632,-0.603,-0.013,-0.672,0.009,-0.74,0.926,0.806,0.86,1.164,1.149,0.823,0.59,0.015,0.842,0.849,0.818,0.455,0.132,0.255,0.432,0.082,0.001,0.442,0.894,0.708,0.024,0.009,0.009,0.096,0.189,0.001,0.001,0.204,0.136,0.002,0.001,0.002,0.002,0.023,0.001,0.001,0.001,0.026,0.05,0.001,0.001,0.001,0.001,0.001,0.001,0.032,-0.54,0.428,-0.724,0,0.001,0,0.001,0.001,0.107,0.095,0.022,0,0,0.045,0.001,0,0.001,0.333,0.313,0.211,0,0,0.009,0,0,0.034,0.304,0.516,0.002,0.319,0,0,0.001,0,0,0.407,0.518,0,0.331,0,0.541,0.504,0.52,1.165,0.162,0.046,0.01,0.365,13.027,6.885
03:43.8,13175,-0.591,-0.367,0.572,0.435,0.572,0.796,-0.147,-0.132,-0.482,-0.318,-0.636,-0.512,0.659,0.55,-0.498,-0.122,0.327,0.36,-0.631,-0.604,0.003,-0.685,0.019,-0.728,0.9,0.791,0.842,1.19,1.167,0.829,0.567,0.012,0.832,0.836,0.823,0.512,0.171,0.379,0.47,0.029,0.001,0.481,0.896,0.733,0.053,0.01,0.012,0.28,0.496,0.001,0.001,0.243,0.167,0.004,0.002,0.002,0.107,0.071,0.001,0.001,0.001,0.049,0.098,0.001,0.001,0.001,0.001,0.001,0.001,0.052,-0.524,0.464,-0.712,0,0,0,0.001,0.001,0,0.054,0.013,0,0,0.044,0,0,0.001,0.26,0.292,0.095,0,0,0.006,0.001,0.001,0.011,0.221,0.477,0,0.266,0,0,0.001,0.001,0,0.335,0.416,0.001,0.309,0.001,0.403,0.44,0.159,1.14,0.137,0.024,0,0.164,14.066,5.275
03:43.8,13176,-0.569,-0.378,0.586,0.44,0.558,0.806,-0.14,-0.136,-0.49,-0.309,-0.634,-0.512,0.665,0.55,-0.493,-0.11,0.323,0.364,-0.629,-0.606,0.01,-0.695,0.03,-0.718,0.877,0.769,0.833,1.175,1.21,0.821,0.592,0.021,0.834,0.824,0.81,0.558,0.209,0.416,0.438,0.045,0,0.504,0.893,0.746,0.105,0.012,0.013,0.309,0.653,0.001,0.001,0.28,0.21,0.005,0.002,0.002,0.195,0.112,0.001,0.001,0.001,0.194,0.17,0.001,0.001,0.001,0.001,0.001,0.001,0.107,-0.518,0.469,-0.707,0,0,0.001,0.001,0,0.001,0.024,0.005,0,0.001,0.022,0,0.001,0.001,0.184,0.226,0.031,0,0,0.001,0.001,0,0,0.158,0.377,0,0.275,0,0.001,0,0,0.001,0.216,0.366,0,0.236,0.001,0.313,0.38,0.026,0.94,0.056,0.016,0,0.001,14.848,3.863
03:43.8,13177,-0.532,-0.386,0.609,0.448,0.542,0.816,-0.136,-0.148,-0.497,-0.301,-0.632,-0.512,0.669,0.55,-0.49,-0.099,0.322,0.366,-0.626,-0.609,0.01,-0.695,0.03,-0.718,0.877,0.769,0.833,1.175,1.21,0.821,0.592,0.021,0.834,0.824,0.81,0.558,0.209,0.416,0.438,0.045,0,0.504,0.893,0.746,0.105,0.012,0.013,0.309,0.653,0.001,0.001,0.28,0.21,0.005,0.002,0.002,0.195,0.112,0.001,0.001,0.001,0.194,0.17,0.001,0.001,0.001,0.001,0.001,0.001,0.171,-0.512,0.472,-0.697,0,0.001,0.001,0,0.001,0.001,0.01,0,0.001,0,0.007,0.001,0.001,0.001,0.139,0.153,0.006,0.001,0,0,0.001,0.001,0,0.098,0.286,0.001,0.206,0,0,0,0.001,0,0.127,0.315,0,0.178,0.001,0.138,0.3,0.001,0.768,0,0.018,0.001,0,14.848,2.765
03:43.8,13178,-0.492,-0.395,0.628,0.459,0.528,0.822,-0.132,-0.168,-0.499,-0.295,-0.633,-0.513,0.672,0.55,-0.488,-0.088,0.325,0.365,-0.624,-0.61,0.01,-0.695,0.03,-0.718,0.877,0.769,0.833,1.175,1.21,0.821,0.592,0.021,0.834,0.824,0.81,0.558,0.209,0.416,0.438,0.045,0,0.504,0.893,0.746,0.105,0.012,0.013,0.309,0.653,0.001,0.001,0.28,0.21,0.005,0.002,0.002,0.195,0.112,0.001,0.001,0.001,0.194,0.17,0.001,0.001,0.001,0.001,0.001,0.001,0.171,-0.512,0.472,-0.697,0,0.001,0.001,0,0.001,0.001,0.01,0,0.001,0,0.007,0.001,0.001,0.001,0.139,0.153,0.006,0.001,0,0,0.001,0.001,0,0.098,0.286,0.001,0.206,0,0,0,0.001,0,0.127,0.315,0,0.178,0.001,0.138,0.3,0.001,0.768,0,0.018,0.001,0,14.848,2.765
03:43.8,13179,-0.463,-0.4,0.639,0.467,0.519,0.823,-0.127,-0.191,-0.499,-0.289,-0.634,-0.515,0.671,0.551,-0.489,-0.08,0.331,0.361,-0.624,-0.609,0.01,-0.695,0.03,-0.718,0.877,0.769,0.833,1.175,1.21,0.821,0.592,0.021,0.834,0.824,0.81,0.558,0.209,0.416,0.438,0.045,0,0.504,0.893,0.746,0.105,0.012,0.013,0.309,0.653,0.001,0.001,0.28,0.21,0.005,0.002,0.002,0.195,0.112,0.001,0.001,0.001,0.194,0.17,0.001,0.001,0.001,0.001,0.001,0.001,0.171,-0.512,0.472,-0.697,0,0.001,0.001,0,0.001,0.001,0.01,0,0.001,0,0.007,0.001,0.001,0.001,0.139,0.153,0.006,0.001,0,0,0.001,0.001,0,0.098,0.286,0.001,0.206,0,0,0,0.001,0,0.127,0.315,0,0.178,0.001,0.138,0.3,0.001,0.768,0,0.018,0.001,0,14.848,2.765
03:43.9,13180,-0.453,-0.399,0.649,0.463,0.514,0.822,-0.12,-0.213,-0.498,-0.282,-0.636,-0.518,0.665,0.554,-0.495,-0.077,0.338,0.357,-0.626,-0.605,0.01,-0.695,0.03,-0.718,0.877,0.769,0.833,1.175,1.21,0.821,0.592,0.021,0.834,0.824,0.81,0.558,0.209,0.416,0.438,0.045,0,0.504,0.893,0.746,0.105,0.012,0.013,0.309,0.653,0.001,0.001,0.28,0.21,0.005,0.002,0.002,0.195,0.112,0.001,0.001,0.001,0.194,0.17,0.001,0.001,0.001,0.001,0.001,0.001,0.171,-0.512,0.472,-0.697,0,0.001,0.001,0,0.001,0.001,0.01,0,0.001,0,0.007,0.001,0.001,0.001,0.139,0.153,0.006,0.001,0,0,0.001,0.001,0,0.098,0.286,0.001,0.206,0,0,0,0.001,0,0.127,0.315,0,0.178,0.001,0.138,0.3,0.001,0.768,0,0.018,0.001,0,14.848,2.765
03:43.9,13181,-0.457,-0.396,0.651,0.457,0.511,0.82,-0.114,-0.23,-0.498,-0.276,-0.638,-0.519,0.654,0.558,-0.505,-0.075,0.346,0.354,-0.629,-0.599,0.01,-0.695,0.03,-0.718,0.877,0.769,0.833,1.175,1.21,0.821,0.592,0.021,0.834,0.824,0.81,0.558,0.209,0.416,0.438,0.045,0,0.504,0.893,0.746,0.105,0.012,0.013,0.309,0.653,0.001,0.001,0.28,0.21,0.005,0.002,0.002,0.195,0.112,0.001,0.001,0.001,0.194,0.17,0.001,0.001,0.001,0.001,0.001,0.001,0.171,-0.512,0.472,-0.697,0,0.001,0.001,0,0.001,0.001,0.01,0,0.001,0,0.007,0.001,0.001,0.001,0.139,0.153,0.006,0.001,0,0,0.001,0.001,0,0.098,0.286,0.001,0.206,0,0,0,0.001,0,0.127,0.315,0,0.178,0.001,0.138,0.3,0.001,0.768,0,0.018,0.001,0,14.848,2.765
03:43.9,13182,-0.466,-0.397,0.65,0.448,0.507,0.819,-0.112,-0.243,-0.5,-0.269,-0.639,-0.519,0.643,0.563,-0.515,-0.071,0.354,0.352,-0.631,-0.593,0.01,-0.695,0.03,-0.718,0.877,0.769,0.833,1.175,1.21,0.821,0.592,0.021,0.834,0.824,0.81,0.558,0.209,0.416,0.438,0.045,0,0.504,0.893,0.746,0.105,0.012,0.013,0.309,0.653,0.001,0.001,0.28,0.21,0.005,0.002,0.002,0.195,0.112,0.001,0.001,0.001,0.194,0.17,0.001,0.001,0.001,0.001,0.001,0.001,0.171,-0.512,0.472,-0.697,0,0.001,0.001,0,0.001,0.001,0.01,0,0.001,0,0.007,0.001,0.001,0.001,0.139,0.153,0.006,0.001,0,0,0.001,0.001,0,0.098,0.286,0.001,0.206,0,0,0,0.001,0,0.127,0.315,0,0.178,0.001,0.138,0.3,0.001,0.768,0,0.018,0.001,0,14.848,2.765
03:43.9,13183,-0.475,-0.402,0.648,0.437,0.505,0.819,-0.114,-0.248,-0.502,-0.263,-0.641,-0.518,0.633,0.568,-0.522,-0.065,0.36,0.352,-0.632,-0.589,-0.018,-0.713,0.124,-0.69,0.873,0.768,0.828,1.175,1.217,0.822,0.598,0.023,0.834,0.823,0.811,0.56,0.216,0.414,0.437,0.065,0.001,0.508,0.895,0.748,0.111,0.012,0.015,0.315,0.653,0.001,0.001,0.28,0.214,0.005,0.002,0.002,0.201,0.128,0.001,0.001,0.001,0.216,0.188,0.001,0.001,0.001,0.001,0.001,0.001,0.171,-0.512,0.472,-0.697,0,0.001,0.001,0,0.001,0.001,0.01,0,0.001,0,0.007,0.001,0.001,0.001,0.139,0.153,0.006,0.001,0,0,0.001,0.001,0,0.098,0.286,0.001,0.206,0,0,0,0.001,0,0.127,0.315,0,0.178,0.001,0.138,0.3,0.001,0.768,0,0.018,0.001,0,14.969,2.765
03:43.9,13184,-0.481,-0.411,0.644,0.43,0.505,0.82,-0.114,-0.244,-0.507,-0.256,-0.642,-0.515,0.625,0.572,-0.527,-0.057,0.363,0.353,-0.633,-0.585,-0.018,-0.713,0.124,-0.69,0.873,0.768,0.828,1.175,1.217,0.822,0.598,0.023,0.834,0.823,0.811,0.56,0.216,0.414,0.437,0.065,0.001,0.508,0.895,0.748,0.111,0.012,0.015,0.315,0.653,0.001,0.001,0.28,0.214,0.005,0.002,0.002,0.201,0.128,0.001,0.001,0.001,0.216,0.188,0.001,0.001,0.001,0.001,0.001,0.001,0.349,-0.51,0.408,-0.672,0,0,0.001,0,0.001,0.001,0.001,0,0,0,0.007,0.001,0,0,0.11,0.123,0,0,0,0,0.001,0,0,0.07,0.252,0.001,0.127,0.001,0,0,0,0.001,0.073,0.258,0,0.15,0,0.05,0.247,0,0.6,0,0.024,0.001,0,14.969,2.101
03:43.9,13185,-0.481,-0.421,0.638,0.43,0.504,0.823,-0.112,-0.236,-0.512,-0.249,-0.643,-0.512,0.62,0.575,-0.531,-0.051,0.364,0.355,-0.634,-0.583,-0.018,-0.713,0.124,-0.69,0.873,0.768,0.828,1.175,1.217,0.822,0.598,0.023,0.834,0.823,0.811,0.56,0.216,0.414,0.437,0.065,0.001,0.508,0.895,0.748,0.111,0.012,0.015,0.315,0.653,0.001,0.001,0.28,0.214,0.005,0.002,0.002,0.201,0.128,0.001,0.001,0.001,0.216,0.188,0.001,0.001,0.001,0.001,0.001,0.001,0.365,-0.5,0.396,-0.678,0,0.001,0.001,0.001,0,0.001,0,0,0,0.001,0,0,0.001,0,0,0.001,0,0,0,0,0,0,0,0,0.001,0.001,0,0.001,0.001,0,0.001,0,0,0,0.001,0,0,0,0,0.001,0,0,0,0,0.001,14.969,0.015
03:43.9,13186,-0.477,-0.431,0.631,0.434,0.502,0.828,-0.108,-0.226,-0.518,-0.243,-0.644,-0.508,0.616,0.577,-0.535,-0.046,0.363,0.356,-0.634,-0.583,-0.018,-0.713,0.124,-0.69,0.873,0.768,0.828,1.175,1.217,0.822,0.598,0.023,0.834,0.823,0.811,0.56,0.216,0.414,0.437,0.065,0.001,0.508,0.895,0.748,0.111,0.012,0.015,0.315,0.653,0.001,0.001,0.28,0.214,0.005,0.002,0.002,0.201,0.128,0.001,0.001,0.001,0.216,0.188,0.001,0.001,0.001,0.001,0.001,0.001,0.36,-0.521,0.378,-0.675,0,0.001,0,0,0,0,0.001,0,0,0,0.001,0,0.001,0,0.001,0,0,0,0.001,0,0.001,0,0.001,0.001,0,0,0,0,0.001,0,0.001,0.001,0.001,0,0,0,0,0.001,0,0,0,0,0,0,0,14.969,0.014
03:43.9,13187,-0.472,-0.442,0.626,0.438,0.499,0.832,-0.101,-0.219,-0.525,-0.239,-0.644,-0.503,0.61,0.58,-0.538,-0.041,0.362,0.356,-0.633,-0.585,-0.018,-0.713,0.124,-0.69,0.873,0.768,0.828,1.175,1.217,0.822,0.598,0.023,0.834,0.823,0.811,0.56,0.216,0.414,0.437,0.065,0.001,0.508,0.895,0.748,0.111,0.012,0.015,0.315,0.653,0.001,0.001,0.28,0.214,0.005,0.002,0.002,0.201,0.128,0.001,0.001,0.001,0.216,0.188,0.001,0.001,0.001,0.001,0.001,0.001,0.331,-0.541,0.373,-0.677,0.001,0,0,0.001,0,0,0.001,0,0,0,0,0,0,0,0.001,0.001,0,0,0.001,0,0,0.001,0,0.001,0,0,0,0,0.001,0,0,0,0,0.001,0,0,0,0.001,0.001,0.001,0,0,0,0.001,0.001,14.969,0.015
03:43.9,13188,-0.466,-0.451,0.622,0.44,0.498,0.834,-0.094,-0.217,-0.532,-0.236,-0.643,-0.498,0.605,0.584,-0.539,-0.036,0.361,0.355,-0.632,-0.587,-0.018,-0.713,0.124,-0.69,0.873,0.768,0.828,1.175,1.217,0.822,0.598,0.023,0.834,0.823,0.811,0.56,0.216,0.414,0.437,0.065,0.001,0.508,0.895,0.748,0.111,0.012,0.015,0.315,0.653,0.001,0.001,0.28,0.214,0.005,0.002,0.002,0.201,0.128,0.001,0.001,0.001,0.216,0.188,0.001,0.001,0.001,0.001,0.001,0.001,0.287,-0.566,0.368,-0.679,0.001,0.001,0,0,0,0,0,0,0,0,0.001,0.001,0,0.001,0.001,0,0,0,0.001,0,0.001,0,0.001,0,0,0.001,0.001,0.001,0.001,0,0,0.001,0.001,0,0.001,0.001,0,0.001,0,0,0,0,0,0.001,0.001,14.969,0.02
03:43.9,13189,-0.462,-0.459,0.619,0.439,0.495,0.836,-0.088,-0.22,-0.538,-0.234,-0.642,-0.493,0.602,0.589,-0.538,-0.034,0.361,0.354,-0.63,-0.59,-0.018,-0.713,0.124,-0.69,0.873,0.768,0.828,1.175,1.217,0.822,0.598,0.023,0.834,0.823,0.811,0.56,0.216,0.414,0.437,0.065,0.001,0.508,0.895,0.748,0.111,0.012,0.015,0.315,0.653,0.001,0.001,0.28,0.214,0.005,0.002,0.002,0.201,0.128,0.001,0.001,0.001,0.216,0.188,0.001,0.001,0.001,0.001,0.001,0.001,0.252,-0.586,0.364,-0.678,0.001,0,0.001,0,0,0.001,0,0.001,0,0.001,0.001,0.001,0,0,0,0,0.001,0,0,0,0,0.001,0.001,0.001,0.001,0,0,0,0,0,0.001,0,0,0,0,0.004,0,0.001,0.001,0,0.001,0.001,0,0.001,0.001,14.969,0.023
03:44.0,13190,-0.459,-0.467,0.616,0.437,0.491,0.836,-0.083,-0.23,-0.545,-0.233,-0.64,-0.488,0.601,0.592,-0.535,-0.034,0.362,0.352,-0.628,-0.592,-0.057,-0.708,0.194,-0.676,0.559,0.657,0.759,1.096,1.302,1.096,0.612,0.077,0.553,0.791,0.78,0.663,0.464,0.491,0.468,0.443,0.001,0.391,0.922,0.758,0.309,0.06,0.022,0.453,0.761,0.001,0.001,0.259,0.282,0.072,0.007,0.006,0.364,0.585,0.001,0.002,0.002,0.427,0.632,0.001,0.144,0.094,0.042,0.001,0.001,0.208,-0.612,0.359,-0.673,0,0,0,0,0,0.001,0,0.001,0,0.001,0,0.001,0,0.001,0.001,0.001,0,0,0.001,0.001,0.001,0.001,0.001,0,0,0,0,0,0.001,0.001,0,0.001,0,0,0.001,0.002,0.001,0,0,0,0.001,0,0.001,0.001,0.001,17.412,0.023
03:44.0,13191,-0.457,-0.475,0.613,0.435,0.487,0.835,-0.081,-0.244,-0.552,-0.232,-0.639,-0.483,0.602,0.595,-0.531,-0.036,0.364,0.351,-0.626,-0.594,-0.061,-0.708,0.2,-0.675,0.038,0.453,0.696,1.114,1.357,1.165,0.592,0.148,0.001,0.707,0.768,0.609,0.496,0.634,0.534,0.487,0.001,0.011,0.833,0.703,0.244,0.044,0.037,0.526,0.785,0.106,0.032,0.084,0.138,0.009,0.005,0.006,0.425,0.643,0.095,0.04,0.005,0.44,0.612,0.335,0.3,0.106,0.053,0.179,0.001,0.172,-0.631,0.356,-0.668,0,0,0.001,0,0.001,0,0,0,0,0,0.001,0,0,0,0,0,0,0.001,0.001,0,0,0.001,0,0.001,0.001,0.001,0,0,0,0.001,0,0,0,0.001,0,0.004,0,0,0,0.001,0.001,0.001,0,0,0,16.597,0.018
03:44.0,13192,-0.454,-0.482,0.611,0.434,0.482,0.833,-0.082,-0.258,-0.558,-0.232,-0.637,-0.478,0.604,0.598,-0.525,-0.04,0.367,0.35,-0.624,-0.595,-0.065,-0.707,0.206,-0.673,0.001,0.415,0.68,1.114,1.368,1.17,0.593,0.155,0.001,0.701,0.764,0.593,0.486,0.641,0.542,0.491,0.001,0.001,0.784,0.676,0.212,0.033,0.037,0.531,0.789,0.126,0.042,0.067,0.128,0.006,0.005,0.006,0.427,0.643,0.101,0.039,0.005,0.436,0.607,0.359,0.337,0.104,0.051,0.2,0.001,0.135,-0.649,0.352,-0.661,0,0,0.001,0,0.001,0.001,0,0,0,0.001,0.001,0,0,0,0,0,0.001,0,0,0,0.001,0,0,0.001,0.001,0,0,0.001,0,0,0.001,0,0.001,0,0,0.002,0,0,0,0,0,0,0,0.001,0.001,16.469,0.016
03:44.0,13193,-0.451,-0.489,0.607,0.434,0.478,0.832,-0.083,-0.269,-0.565,-0.231,-0.635,-0.473,0.607,0.6,-0.519,-0.044,0.369,0.348,-0.622,-0.597,-0.069,-0.706,0.212,-0.672,0.001,0.385,0.665,1.103,1.379,1.172,0.596,0.162,0.001,0.639,0.751,0.578,0.455,0.656,0.549,0.497,0.005,0.001,0.737,0.652,0.175,0.026,0.029,0.54,0.791,0.173,0.068,0.038,0.101,0.006,0.005,0.006,0.424,0.645,0.132,0.049,0.005,0.431,0.604,0.414,0.363,0.099,0.051,0.201,0.001,0.135,-0.649,0.352,-0.661,0,0,0.001,0,0.001,0.001,0,0,0,0.001,0.001,0,0,0,0,0,0.001,0,0,0,0.001,0,0,0.001,0.001,0,0,0.001,0,0,0.001,0,0.001,0,0,0.002,0,0,0,0,0,0,0,0.001,0.001,16.361,0.016
03:44.0,13194,-0.448,-0.496,0.604,0.435,0.477,0.83,-0.087,-0.275,-0.572,-0.232,-0.633,-0.468,0.611,0.603,-0.511,-0.046,0.371,0.346,-0.62,-0.598,-0.075,-0.705,0.219,-0.67,0.001,0.282,0.645,1.082,1.377,1.179,0.596,0.166,0.001,0.551,0.724,0.535,0.431,0.656,0.557,0.503,0.013,0.001,0.676,0.597,0.148,0.017,0.027,0.546,0.796,0.188,0.079,0.012,0.07,0.005,0.004,0.006,0.426,0.645,0.173,0.05,0.005,0.43,0.602,0.48,0.394,0.096,0.051,0.21,0.001,0.135,-0.649,0.352,-0.661,0,0,0.001,0,0.001,0.001,0,0,0,0.001,0.001,0,0,0,0,0,0.001,0,0,0,0.001,0,0,0.001,0.001,0,0,0.001,0,0,0.001,0,0.001,0,0,0.002,0,0,0,0,0,0,0,0.001,0.001,16.034,0.016
03:44.0,13195,-0.444,-0.501,0.601,0.437,0.477,0.829,-0.092,-0.276,-0.578,-0.234,-0.63,-0.463,0.614,0.607,-0.502,-0.046,0.372,0.344,-0.62,-0.598,-0.079,-0.704,0.223,-0.669,0.001,0.212,0.614,1.05,1.37,1.182,0.596,0.175,0.001,0.469,0.654,0.491,0.408,0.648,0.563,0.507,0.018,0.001,0.601,0.565,0.118,0.007,0.018,0.549,0.799,0.214,0.084,0.004,0.037,0.004,0.004,0.006,0.426,0.641,0.198,0.057,0.005,0.43,0.601,0.526,0.43,0.095,0.054,0.219,0.001,0.135,-0.649,0.352,-0.661,0,0,0.001,0,0.001,0.001,0,0,0,0.001,0.001,0,0,0,0,0,0.001,0,0,0,0.001,0,0,0.001,0.001,0,0,0.001,0,0,0.001,0,0.001,0,0,0.002,0,0,0,0,0,0,0,0.001,0.001,15.653,0.016
03:44.0,13196,-0.44,-0.505,0.598,0.44,0.479,0.829,-0.097,-0.273,-0.584,-0.236,-0.627,-0.458,0.618,0.612,-0.491,-0.046,0.372,0.344,-0.621,-0.598,-0.083,-0.704,0.229,-0.668,0.001,0.059,0.543,1.015,1.347,1.175,0.6,0.181,0.001,0.37,0.582,0.442,0.368,0.646,0.57,0.509,0.017,0.001,0.524,0.519,0.071,0.006,0.02,0.548,0.8,0.242,0.109,0.002,0.017,0.004,0.004,0.005,0.425,0.641,0.238,0.078,0.005,0.43,0.602,0.576,0.485,0.093,0.057,0.228,0.001,0.135,-0.649,0.352,-0.661,0,0,0.001,0,0.001,0.001,0,0,0,0.001,0.001,0,0,0,0,0,0.001,0,0,0,0.001,0,0,0.001,0.001,0,0,0.001,0,0,0.001,0,0.001,0,0,0.002,0,0,0,0,0,0,0,0.001,0.001,15.157,0.016
03:44.0,13197,-0.436,-0.508,0.595,0.444,0.48,0.829,-0.101,-0.268,-0.588,-0.24,-0.624,-0.455,0.621,0.617,-0.48,-0.047,0.372,0.343,-0.623,-0.597,-0.085,-0.704,0.233,-0.666,0.001,0.027,0.462,0.957,1.319,1.17,0.601,0.183,0.001,0.288,0.556,0.379,0.335,0.634,0.578,0.513,0.029,0.001,0.425,0.473,0.044,0.005,0.017,0.551,0.799,0.254,0.128,0.002,0.013,0.002,0.004,0.006,0.422,0.643,0.256,0.088,0.006,0.425,0.602,0.601,0.527,0.092,0.057,0.252,0.001,0.135,-0.649,0.352,-0.661,0,0,0.001,0,0.001,0.001,0,0,0,0.001,0.001,0,0,0,0,0,0.001,0,0,0,0.001,0,0,0.001,0.001,0,0,0.001,0,0,0.001,0,0.001,0,0,0.002,0,0,0,0,0,0,0,0.001,0.001,14.729,0.016
03:44.0,13198,-0.432,-0.51,0.594,0.448,0.482,0.829,-0.104,-0.264,-0.59,-0.246,-0.621,-0.453,0.625,0.622,-0.469,-0.05,0.371,0.344,-0.625,-0.595,-0.088,-0.704,0.237,-0.664,0.001,0.023,0.375,0.817,1.272,1.162,0.603,0.187,0.001,0.22,0.521,0.326,0.306,0.625,0.585,0.516,0.035,0.001,0.331,0.42,0.024,0.005,0.021,0.554,0.8,0.275,0.149,0.001,0.004,0.002,0.004,0.006,0.418,0.641,0.259,0.092,0.006,0.425,0.603,0.629,0.559,0.092,0.057,0.277,0.001,0.135,-0.649,0.352,-0.661,0,0,0.001,0,0.001,0.001,0,0,0,0.001,0.001,0,0,0,0,0,0.001,0,0,0,0.001,0,0,0.001,0.001,0,0,0.001,0,0,0.001,0,0.001,0,0,0.002,0,0,0,0,0,0,0,0.001,0.001,14.231,0.016
03:44.0,13199,-0.429,-0.511,0.593,0.451,0.483,0.829,-0.106,-0.263,-0.591,-0.252,-0.619,-0.452,0.629,0.626,-0.458,-0.058,0.37,0.344,-0.627,-0.593,-0.091,-0.704,0.243,-0.661,0.001,0.02,0.298,0.669,1.227,1.153,0.607,0.19,0.001,0.164,0.482,0.286,0.265,0.617,0.591,0.52,0.048,0.001,0.244,0.403,0.002,0.004,0.021,0.556,0.8,0.284,0.173,0.001,0.004,0.002,0.002,0.006,0.41,0.641,0.278,0.099,0.005,0.426,0.606,0.64,0.576,0.089,0.061,0.269,0.001,-0.138,-0.752,0.255,-0.592,0,0.001,0.001,0.001,0.001,0,0.001,0,0.001,0.001,0.001,0,0,0.001,0,0,0,0,0,0,0.001,0,0.001,0.001,0,0.001,0.001,0.001,0.001,0.001,0,0,0.001,0.001,0.001,0.002,0.001,0,0,0,0,0.001,0.001,0,0,13.743,0.025
03:44.1,13200,-0.426,-0.512,0.592,0.453,0.483,0.828,-0.107,-0.263,-0.59,-0.259,-0.617,-0.451,0.632,0.63,-0.445,-0.072,0.369,0.345,-0.629,-0.591,-0.094,-0.704,0.248,-0.659,0.001,0.013,0.23,0.582,1.178,1.138,0.609,0.195,0.001,0.115,0.424,0.255,0.236,0.617,0.593,0.52,0.06,0.001,0.205,0.349,0.002,0.004,0.02,0.558,0.797,0.291,0.198,0.001,0.002,0.001,0.002,0.006,0.405,0.641,0.291,0.111,0.006,0.424,0.606,0.667,0.595,0.087,0.062,0.267,0.001,-0.143,-0.764,0.228,-0.587,0,0,0,0.001,0,0,0,0,0,0,0.001,0,0.001,0,0.001,0.001,0,0,0.001,0,0,0.001,0,0,0.001,0,0,0.001,0,0.001,0.001,0.001,0,0.001,0,0.001,0,0.001,0,0.001,0,0.001,0.001,0,0,13.367,0.018
03:44.1,13201,-0.423,-0.513,0.592,0.455,0.483,0.828,-0.107,-0.266,-0.588,-0.267,-0.616,-0.451,0.636,0.635,-0.429,-0.09,0.369,0.345,-0.63,-0.589,-0.097,-0.704,0.253,-0.656,0.001,0.001,0.155,0.513,1.109,1.126,0.611,0.194,0.001,0.04,0.413,0.219,0.215,0.613,0.597,0.523,0.056,0.001,0.162,0.271,0.002,0.002,0.018,0.562,0.8,0.297,0.206,0.001,0.002,0.001,0.002,0.006,0.404,0.64,0.297,0.118,0.005,0.421,0.609,0.685,0.621,0.085,0.065,0.28,0.018,-0.142,-0.777,0.189,-0.584,0,0.001,0,0.001,0.001,0,0.001,0,0.001,0,0.001,0.001,0.001,0.001,0,0.001,0.001,0,0.001,0,0,0.001,0,0.001,0.001,0.001,0,0,0.001,0.001,0.001,0,0,0,0,0,0.001,0.001,0,0.001,0,0.001,0,0.001,0,12.968,0.024
03:44.1,13202,-0.421,-0.514,0.593,0.455,0.481,0.827,-0.108,-0.27,-0.583,-0.274,-0.617,-0.452,0.638,0.64,-0.413,-0.111,0.368,0.346,-0.631,-0.588,-0.097,-0.704,0.253,-0.656,0.001,0.001,0.155,0.513,1.109,1.126,0.611,0.194,0.001,0.04,0.413,0.219,0.215,0.613,0.597,0.523,0.056,0.001,0.162,0.271,0.002,0.002,0.018,0.562,0.8,0.297,0.206,0.001,0.002,0.001,0.002,0.006,0.404,0.64,0.297,0.118,0.005,0.421,0.609,0.685,0.621,0.085,0.065,0.28,0.018,-0.142,-0.777,0.189,-0.584,0,0.001,0,0.001,0.001,0,0.001,0,0.001,0,0.001,0.001,0.001,0.001,0,0.001,0.001,0,0.001,0,0,0.001,0,0.001,0.001,0.001,0,0,0.001,0.001,0.001,0,0,0,0,0,0.001,0.001,0,0.001,0,0.001,0,0.001,0,12.968,0.024
03:44.1,13203,-0.419,-0.515,0.593,0.455,0.48,0.826,-0.109,-0.274,-0.576,-0.282,-0.618,-0.454,0.64,0.645,-0.397,-0.132,0.368,0.346,-0.632,-0.588,-0.097,-0.704,0.253,-0.656,0.001,0.001,0.155,0.513,1.109,1.126,0.611,0.194,0.001,0.04,0.413,0.219,0.215,0.613,0.597,0.523,0.056,0.001,0.162,0.271,0.002,0.002,0.018,0.562,0.8,0.297,0.206,0.001,0.002,0.001,0.002,0.006,0.404,0.64,0.297,0.118,0.005,0.421,0.609,0.685,0.621,0.085,0.065,0.28,0.018,-0.142,-0.777,0.189,-0.584,0,0.001,0,0.001,0.001,0,0.001,0,0.001,0,0.001,0.001,0.001,0.001,0,0.001,0.001,0,0.001,0,0,0.001,0,0.001,0.001,0.001,0,0,0.001,0.001,0.001,0,0,0,0,0,0.001,0.001,0,0.001,0,0.001,0,0.001,0,12.968,0.024
03:44.1,13204,-0.419,-0.516,0.594,0.453,0.479,0.825,-0.111,-0.278,-0.567,-0.289,-0.621,-0.457,0.641,0.648,-0.382,-0.151,0.367,0.347,-0.632,-0.588,-0.097,-0.704,0.253,-0.656,0.001,0.001,0.155,0.513,1.109,1.126,0.611,0.194,0.001,0.04,0.413,0.219,0.215,0.613,0.597,0.523,0.056,0.001,0.162,0.271,0.002,0.002,0.018,0.562,0.8,0.297,0.206,0.001,0.002,0.001,0.002,0.006,0.404,0.64,0.297,0.118,0.005,0.421,0.609,0.685,0.621,0.085,0.065,0.28,0.018,-0.142,-0.777,0.189,-0.584,0,0.001,0,0.001,0.001,0,0.001,0,0.001,0,0.001,0.001,0.001,0.001,0,0.001,0.001,0,0.001,0,0,0.001,0,0.001,0.001,0.001,0,0,0.001,0.001,0.001,0,0,0,0,0,0.001,0.001,0,0.001,0,0.001,0,0.001,0,12.968,0.024
03:44.1,13205,-0.418,-0.517,0.595,0.451,0.479,0.824,-0.114,-0.28,-0.558,-0.296,-0.623,-0.46,0.642,0.651,-0.368,-0.166,0.366,0.348,-0.632,-0.588,-0.097,-0.704,0.253,-0.656,0.001,0.001,0.155,0.513,1.109,1.126,0.611,0.194,0.001,0.04,0.413,0.219,0.215,0.613,0.597,0.523,0.056,0.001,0.162,0.271,0.002,0.002,0.018,0.562,0.8,0.297,0.206,0.001,0.002,0.001,0.002,0.006,0.404,0.64,0.297,0.118,0.005,0.421,0.609,0.685,0.621,0.085,0.065,0.28,0.018,-0.142,-0.777,0.189,-0.584,0,0.001,0,0.001,0.001,0,0.001,0,0.001,0,0.001,0.001,0.001,0.001,0,0.001,0.001,0,0.001,0,0,0.001,0,0.001,0.001,0.001,0,0,0.001,0.001,0.001,0,0,0,0,0,0.001,0.001,0,0.001,0,0.001,0,0.001,0,12.968,0.024
03:44.1,13206,-0.419,-0.518,0.595,0.449,0.478,0.824,-0.117,-0.28,-0.55,-0.301,-0.625,-0.465,0.644,0.653,-0.356,-0.179,0.364,0.349,-0.632,-0.589,-0.097,-0.704,0.253,-0.656,0.001,0.001,0.155,0.513,1.109,1.126,0.611,0.194,0.001,0.04,0.413,0.219,0.215,0.613,0.597,0.523,0.056,0.001,0.162,0.271,0.002,0.002,0.018,0.562,0.8,0.297,0.206,0.001,0.002,0.001,0.002,0.006,0.404,0.64,0.297,0.118,0.005,0.421,0.609,0.685,0.621,0.085,0.065,0.28,0.018,-0.142,-0.777,0.189,-0.584,0,0.001,0,0.001,0.001,0,0.001,0,0.001,0,0.001,0.001,0.001,0.001,0,0.001,0.001,0,0.001,0,0,0.001,0,0.001,0.001,0.001,0,0,0.001,0.001,0.001,0,0,0,0,0,0.001,0.001,0,0.001,0,0.001,0,0.001,0,12.968,0.024
03:44.1,13207,-0.42,-0.519,0.596,0.446,0.478,0.824,-0.119,-0.278,-0.543,-0.306,-0.626,-0.469,0.646,0.654,-0.344,-0.19,0.362,0.35,-0.631,-0.59,-0.097,-0.704,0.253,-0.656,0.001,0.001,0.155,0.513,1.109,1.126,0.611,0.194,0.001,0.04,0.413,0.219,0.215,0.613,0.597,0.523,0.056,0.001,0.162,0.271,0.002,0.002,0.018,0.562,0.8,0.297,0.206,0.001,0.002,0.001,0.002,0.006,0.404,0.64,0.297,0.118,0.005,0.421,0.609,0.685,0.621,0.085,0.065,0.28,0.018,-0.142,-0.777,0.189,-0.584,0,0.001,0,0.001,0.001,0,0.001,0,0.001,0,0.001,0.001,0.001,0.001,0,0.001,0.001,0,0.001,0,0,0.001,0,0.001,0.001,0.001,0,0,0.001,0.001,0.001,0,0,0,0,0,0.001,0.001,0,0.001,0,0.001,0,0.001,0,12.968,0.024
03:44.1,13208,-0.422,-0.52,0.596,0.442,0.479,0.824,-0.122,-0.276,-0.534,-0.31,-0.627,-0.475,0.648,0.655,-0.332,-0.201,0.36,0.35,-0.631,-0.591,-0.113,-0.711,0.281,-0.635,0.001,0.001,0.134,0.481,1.071,1.121,0.608,0.195,0.001,0.037,0.403,0.193,0.212,0.607,0.598,0.525,0.056,0.001,0.142,0.239,0.002,0.002,0.016,0.564,0.799,0.298,0.214,0.001,0.002,0.001,0.002,0.005,0.404,0.636,0.3,0.121,0.005,0.42,0.615,0.689,0.632,0.083,0.065,0.284,0.021,-0.142,-0.777,0.189,-0.584,0,0.001,0,0.001,0.001,0,0.001,0,0.001,0,0.001,0.001,0.001,0.001,0,0.001,0.001,0,0.001,0,0,0.001,0,0.001,0.001,0.001,0,0,0.001,0.001,0.001,0,0,0,0,0,0.001,0.001,0,0.001,0,0.001,0,0.001,0,12.807,0.024
03:44.1,13209,-0.424,-0.521,0.597,0.438,0.481,0.824,-0.123,-0.274,-0.524,-0.314,-0.629,-0.48,0.649,0.656,-0.321,-0.215,0.357,0.351,-0.631,-0.592,-0.116,-0.712,0.285,-0.631,0.001,0.001,0.042,0.407,0.967,0.974,0.579,0.181,0.001,0.016,0.415,0.238,0.23,0.6,0.593,0.515,0.051,0.001,0.148,0.256,0.002,0.002,0.021,0.571,0.791,0.292,0.254,0.001,0.002,0.001,0.002,0.005,0.416,0.639,0.325,0.118,0.005,0.442,0.647,0.839,0.818,0.089,0.067,0.322,0.078,-0.217,-0.778,0.094,-0.583,0,0.001,0,0.001,0,0,0,0.001,0,0.001,0,0,0,0,0.001,0.001,0,0.001,0.001,0,0,0.001,0,0.001,0,0,0.001,0,0.001,0.001,0,0.001,0,0.001,0.001,0,0,0,0.001,0,0.001,0,0.001,0.001,0.001,12.965,0.021
03:44.2,13210,-0.428,-0.521,0.597,0.434,0.482,0.823,-0.124,-0.272,-0.515,-0.316,-0.632,-0.485,0.65,0.654,-0.309,-0.232,0.353,0.352,-0.632,-0.593,-0.12,-0.712,0.292,-0.628,0.001,0.001,0.042,0.403,0.965,0.972,0.574,0.181,0.001,0.012,0.426,0.239,0.236,0.603,0.59,0.513,0.051,0.001,0.161,0.295,0.002,0.002,0.022,0.57,0.788,0.295,0.254,0.001,0.002,0.001,0.002,0.005,0.42,0.64,0.321,0.132,0.006,0.448,0.652,0.863,0.824,0.092,0.068,0.327,0.083,-0.234,-0.772,0.096,-0.584,0,0,0,0.001,0.001,0,0,0,0,0.001,0.001,0,0.001,0,0,0.001,0,0.001,0.001,0,0,0,0,0,0,0,0.001,0.001,0.001,0,0.001,0,0.001,0.001,0,0,0.001,0,0,0.001,0.001,0.001,0,0.001,0,13.087,0.019
03:44.2,13211,-0.431,-0.521,0.597,0.431,0.485,0.823,-0.124,-0.269,-0.506,-0.318,-0.637,-0.487,0.65,0.651,-0.299,-0.251,0.35,0.352,-0.633,-0.594,-0.122,-0.711,0.296,-0.625,0.001,0.001,0.042,0.407,0.973,0.972,0.567,0.177,0.001,0.027,0.438,0.248,0.23,0.6,0.587,0.51,0.053,0,0.177,0.3,0.004,0.002,0.029,0.569,0.788,0.298,0.249,0.001,0.004,0.002,0.002,0.005,0.425,0.641,0.324,0.131,0.005,0.454,0.658,0.879,0.844,0.096,0.07,0.332,0.087,-0.262,-0.76,0.102,-0.586,0,0,0.001,0,0,0,0,0,0.001,0.001,0.001,0.001,0,0,0.001,0,0,0,0.001,0.001,0,0.001,0,0.001,0.001,0.001,0,0.001,0,0,0.001,0,0,0,0.001,0.002,0.001,0.001,0.001,0,0.001,0.001,0,0.001,0.001,13.21,0.024
03:44.2,13212,-0.435,-0.52,0.596,0.429,0.487,0.823,-0.124,-0.266,-0.501,-0.318,-0.64,-0.489,0.65,0.648,-0.292,-0.271,0.348,0.352,-0.633,-0.596,-0.127,-0.711,0.302,-0.623,0.001,0.001,0.045,0.393,0.972,0.966,0.56,0.176,0.001,0.023,0.427,0.25,0.238,0.603,0.582,0.509,0.056,0.001,0.182,0.308,0.013,0.002,0.033,0.569,0.785,0.299,0.255,0.001,0.002,0.002,0.002,0.005,0.425,0.643,0.321,0.143,0.006,0.463,0.664,0.897,0.845,0.103,0.071,0.339,0.101,-0.283,-0.751,0.109,-0.587,0.001,0,0,0,0.001,0,0.001,0,0.001,0.001,0.001,0,0.001,0.001,0,0,0.001,0.001,0,0.001,0,0,0,0,0,0,0,0.001,0.001,0.001,0,0.001,0.001,0,0.001,0.005,0,0.001,0,0,0,0,0,0.001,0.001,13.283,0.025
03:44.2,13213,-0.439,-0.519,0.595,0.429,0.488,0.823,-0.123,-0.263,-0.498,-0.318,-0.641,-0.49,0.649,0.643,-0.287,-0.288,0.346,0.351,-0.633,-0.598,-0.129,-0.71,0.306,-0.621,0.001,0.001,0.039,0.394,0.951,0.954,0.557,0.176,0.001,0.02,0.427,0.241,0.25,0.604,0.579,0.505,0.061,0.001,0.193,0.302,0.018,0.002,0.035,0.565,0.783,0.303,0.252,0.001,0.002,0.001,0.002,0.005,0.426,0.643,0.317,0.153,0.005,0.473,0.67,0.917,0.866,0.11,0.072,0.343,0.109,-0.307,-0.739,0.118,-0.588,0,0,0.001,0.001,0.001,0.001,0,0,0,0,0.001,0,0.001,0.001,0,0,0,0,0.001,0.001,0.001,0,0,0,0,0,0,0,0.001,0,0,0,0.001,0,0,0.002,0.001,0.001,0,0,0,0.001,0,0,0.001,13.33,0.018
03:44.2,13214,-0.442,-0.517,0.593,0.43,0.489,0.823,-0.123,-0.26,-0.498,-0.318,-0.641,-0.49,0.647,0.639,-0.285,-0.303,0.344,0.35,-0.632,-0.6,-0.132,-0.709,0.309,-0.62,0.001,0.001,0.032,0.37,0.935,0.945,0.549,0.173,0.001,0.016,0.413,0.225,0.249,0.602,0.576,0.504,0.065,0.001,0.16,0.295,0.018,0.002,0.034,0.563,0.781,0.302,0.256,0.001,0.002,0.002,0.002,0.006,0.43,0.645,0.322,0.161,0.006,0.479,0.676,0.941,0.878,0.114,0.073,0.343,0.11,-0.327,-0.728,0.127,-0.589,0,0.001,0,0.001,0.001,0.001,0.001,0,0,0,0.001,0.001,0,0.001,0,0,0,0.001,0,0.001,0,0.001,0,0.001,0.001,0,0,0,0.001,0.001,0,0,0.001,0.001,0,0.005,0,0,0,0.001,0,0.001,0,0,0,13.26,0.024
03:44.2,13215,-0.444,-0.515,0.591,0.433,0.49,0.824,-0.121,-0.258,-0.5,-0.319,-0.639,-0.49,0.646,0.636,-0.285,-0.313,0.342,0.348,-0.631,-0.603,-0.135,-0.709,0.313,-0.617,0.001,0.001,0.028,0.331,0.928,0.938,0.543,0.173,0.001,0.009,0.375,0.22,0.238,0.602,0.574,0.502,0.065,0.001,0.143,0.278,0.015,0.002,0.039,0.562,0.78,0.3,0.26,0.001,0.002,0.001,0.002,0.005,0.432,0.645,0.336,0.176,0.006,0.485,0.68,0.962,0.899,0.117,0.076,0.352,0.127,-0.344,-0.718,0.135,-0.589,0,0,0.001,0,0,0,0,0,0.001,0.001,0,0,0.001,0,0,0,0,0,0,0.001,0.001,0,0,0.001,0.001,0,0,0.001,0.001,0,0,0.001,0,0,0,0.006,0,0,0.001,0,0,0,0,0,0,13.213,0.018
03:44.2,13216,-0.446,-0.512,0.59,0.437,0.489,0.825,-0.119,-0.257,-0.504,-0.321,-0.636,-0.487,0.645,0.633,-0.285,-0.319,0.34,0.346,-0.631,-0.605,-0.137,-0.708,0.317,-0.616,0,0.001,0.027,0.272,0.906,0.918,0.538,0.173,0.001,0.001,0.338,0.214,0.227,0.602,0.571,0.502,0.076,0.001,0.126,0.238,0.011,0.002,0.039,0.562,0.78,0.306,0.287,0.001,0.002,0.001,0.002,0.005,0.437,0.645,0.35,0.186,0.006,0.491,0.683,0.973,0.932,0.122,0.078,0.359,0.159,-0.344,-0.718,0.135,-0.589,0,0,0.001,0,0,0,0,0,0.001,0.001,0,0,0.001,0,0,0,0,0,0,0.001,0.001,0,0,0.001,0.001,0,0,0.001,0.001,0,0,0.001,0,0,0,0.006,0,0,0.001,0,0,0,0,0,0,13.151,0.018
03:44.2,13217,-0.447,-0.508,0.59,0.441,0.488,0.826,-0.116,-0.257,-0.51,-0.325,-0.634,-0.483,0.645,0.632,-0.286,-0.321,0.339,0.344,-0.63,-0.608,-0.139,-0.707,0.321,-0.614,0.001,0.001,0.006,0.2,0.866,0.9,0.531,0.171,0.001,0.001,0.298,0.179,0.23,0.58,0.57,0.502,0.085,0.001,0.1,0.193,0.001,0.004,0.044,0.56,0.774,0.306,0.303,0.001,0.002,0.001,0.002,0.005,0.442,0.647,0.37,0.199,0.006,0.498,0.687,0.988,0.978,0.126,0.083,0.359,0.182,-0.344,-0.718,0.135,-0.589,0,0,0.001,0,0,0,0,0,0.001,0.001,0,0,0.001,0,0,0,0,0,0,0.001,0.001,0,0,0.001,0.001,0,0,0.001,0.001,0,0,0.001,0,0,0,0.006,0,0,0.001,0,0,0,0,0,0,12.984,0.018
03:44.2,13218,-0.447,-0.504,0.591,0.444,0.485,0.827,-0.113,-0.259,-0.515,-0.33,-0.631,-0.476,0.646,0.631,-0.286,-0.321,0.337,0.342,-0.63,-0.611,-0.14,-0.707,0.325,-0.612,0.001,0.001,0.001,0.15,0.825,0.896,0.52,0.17,0.001,0.001,0.283,0.143,0.227,0.57,0.568,0.503,0.084,0.001,0.057,0.161,0.001,0.002,0.043,0.563,0.773,0.314,0.3,0.001,0.002,0.001,0.002,0.006,0.446,0.646,0.375,0.211,0.006,0.505,0.69,0.993,1.035,0.131,0.09,0.381,0.2,-0.344,-0.718,0.135,-0.589,0,0,0.001,0,0,0,0,0,0.001,0.001,0,0,0.001,0,0,0,0,0,0,0.001,0.001,0,0,0.001,0.001,0,0,0.001,0.001,0,0,0.001,0,0,0,0.006,0,0,0.001,0,0,0,0,0,0,12.88,0.018
03:44.2,13219,-0.448,-0.5,0.592,0.446,0.482,0.829,-0.109,-0.262,-0.521,-0.336,-0.629,-0.469,0.647,0.632,-0.285,-0.318,0.335,0.339,-0.629,-0.614,-0.141,-0.707,0.329,-0.61,0.001,0.001,0.001,0.089,0.783,0.889,0.51,0.168,0.001,0.001,0.228,0.11,0.2,0.554,0.565,0.505,0.089,0.001,0.027,0.073,0.001,0.002,0.044,0.565,0.775,0.325,0.304,0.001,0.001,0.001,0.002,0.005,0.451,0.646,0.374,0.234,0.006,0.513,0.694,1.018,1.048,0.136,0.092,0.387,0.233,-0.344,-0.718,0.135,-0.589,0,0,0.001,0,0,0,0,0,0.001,0.001,0,0,0.001,0,0,0,0,0,0,0.001,0.001,0,0,0.001,0.001,0,0,0.001,0.001,0,0,0.001,0,0,0,0.006,0,0,0.001,0,0,0,0,0,0,12.654,0.018
03:44.3,13220,-0.448,-0.497,0.594,0.447,0.478,0.83,-0.104,-0.267,-0.526,-0.342,-0.626,-0.462,0.648,0.633,-0.284,-0.314,0.333,0.337,-0.63,-0.616,-0.142,-0.707,0.332,-0.608,0.001,0.001,0.001,0.044,0.74,0.871,0.497,0.166,0,0.001,0.148,0.104,0.171,0.545,0.565,0.505,0.09,0.001,0.013,0.043,0.001,0.002,0.04,0.57,0.775,0.326,0.314,0.001,0.001,0.001,0.002,0.005,0.454,0.646,0.371,0.258,0.006,0.519,0.697,1.04,1.059,0.139,0.095,0.394,0.26,-0.344,-0.718,0.135,-0.589,0,0,0.001,0,0,0,0,0,0.001,0.001,0,0,0.001,0,0,0,0,0,0,0.001,0.001,0,0,0.001,0.001,0,0,0.001,0.001,0,0,0.001,0,0,0,0.006,0,0,0.001,0,0,0,0,0,0,12.483,0.018
03:44.3,13221,-0.449,-0.494,0.596,0.447,0.474,0.831,-0.1,-0.272,-0.531,-0.349,-0.623,-0.455,0.65,0.635,-0.283,-0.308,0.331,0.334,-0.63,-0.618,-0.143,-0.706,0.337,-0.606,0.001,0.001,0.001,0.001,0.69,0.861,0.469,0.16,0.001,0.001,0.116,0.085,0.147,0.534,0.559,0.505,0.096,0.001,0.001,0.02,0.001,0.002,0.033,0.579,0.774,0.326,0.326,0.001,0.001,0.001,0.001,0.005,0.46,0.647,0.364,0.259,0.006,0.529,0.696,1.055,1.07,0.144,0.1,0.405,0.283,-0.398,-0.658,0.2,-0.607,0.001,0.001,0,0,0.001,0,0.001,0,0,0,0.001,0.001,0.001,0.001,0.001,0,0,0.001,0,0.001,0.001,0.001,0.001,0,0,0.001,0.001,0.001,0.001,0,0,0.001,0.001,0.001,0.001,0.006,0,0.001,0,0.001,0,0,0.001,0,0,12.318,0.031
03:44.3,13222,-0.45,-0.492,0.597,0.446,0.47,0.832,-0.096,-0.278,-0.536,-0.355,-0.619,-0.45,0.651,0.638,-0.28,-0.301,0.328,0.332,-0.631,-0.619,-0.143,-0.707,0.34,-0.604,0.001,0.001,0.001,0.001,0.648,0.834,0.458,0.161,0.001,0.001,0.084,0.068,0.11,0.523,0.536,0.505,0.099,0.001,0.001,0.007,0.001,0.001,0.023,0.589,0.777,0.319,0.335,0.001,0.001,0.001,0.001,0.005,0.469,0.646,0.366,0.267,0.006,0.538,0.701,1.067,1.081,0.148,0.103,0.411,0.327,-0.395,-0.654,0.209,-0.611,0,0,0,0,0.001,0,0.001,0,0,0.001,0,0.001,0,0,0.001,0.001,0,0,0,0.001,0.001,0,0.001,0,0.001,0.001,0,0,0,0,0.001,0.001,0,0,0,0.001,0.001,0,0.001,0.001,0,0,0.001,0,0.001,12.225,0.019
03:44.3,13223,-0.451,-0.49,0.598,0.446,0.466,0.833,-0.092,-0.284,-0.539,-0.361,-0.615,-0.448,0.652,0.641,-0.278,-0.293,0.327,0.33,-0.632,-0.621,-0.143,-0.707,0.344,-0.602,0.001,0.001,0.001,0.001,0.571,0.801,0.458,0.161,0,0.001,0.076,0.042,0.078,0.491,0.538,0.504,0.105,0.001,0.001,0.001,0.001,0.001,0.015,0.589,0.775,0.314,0.337,0.001,0.001,0.001,0.001,0.004,0.465,0.647,0.366,0.283,0.005,0.538,0.702,1.078,1.105,0.15,0.106,0.422,0.332,-0.389,-0.648,0.221,-0.617,0,0.001,0.001,0,0,0,0,0.001,0,0.001,0,0.001,0.001,0.001,0.001,0.001,0,0,0.001,0,0.001,0,0.001,0.001,0.001,0,0,0,0,0,0.001,0,0.001,0.001,0,0,0,0.001,0,0,0,0.001,0.001,0,0.001,12.072,0.021
03:44.3,13224,-0.452,-0.487,0.6,0.445,0.462,0.834,-0.088,-0.289,-0.542,-0.366,-0.609,-0.448,0.653,0.645,-0.275,-0.285,0.325,0.328,-0.633,-0.622,-0.142,-0.707,0.349,-0.599,0,0.001,0.001,0.001,0.525,0.757,0.451,0.162,0.001,0.001,0.057,0.039,0.063,0.471,0.543,0.502,0.107,0.001,0.001,0.001,0.001,0.001,0.005,0.586,0.773,0.319,0.344,0.001,0.001,0.001,0.001,0.004,0.463,0.647,0.371,0.291,0.005,0.535,0.702,1.089,1.131,0.153,0.109,0.419,0.358,-0.383,-0.644,0.23,-0.621,0,0,0,0.001,0.001,0,0,0,0,0.001,0,0.001,0.001,0,0,0,0.001,0,0.001,0,0,0,0,0.001,0.001,0.001,0,0.001,0.001,0,0,0,0,0,0,0,0.001,0,0.001,0,0,0.001,0,0,0.001,11.995,0.016
03:44.3,13225,-0.454,-0.485,0.6,0.445,0.458,0.834,-0.085,-0.294,-0.544,-0.37,-0.604,-0.449,0.654,0.649,-0.273,-0.278,0.324,0.325,-0.633,-0.623,-0.142,-0.707,0.349,-0.599,0,0.001,0.001,0.001,0.525,0.757,0.451,0.162,0.001,0.001,0.057,0.039,0.063,0.471,0.543,0.502,0.107,0.001,0.001,0.001,0.001,0.001,0.005,0.586,0.773,0.319,0.344,0.001,0.001,0.001,0.001,0.004,0.463,0.647,0.371,0.291,0.005,0.535,0.702,1.089,1.131,0.153,0.109,0.419,0.358,-0.376,-0.639,0.241,-0.627,0.001,0,0,0,0.001,0.001,0,0.001,0.001,0.001,0,0.001,0.001,0,0,0.001,0,0,0,0,0.001,0,0,0.001,0.001,0,0,0,0,0,0.001,0.001,0,0,0.001,0.001,0.001,0.001,0.001,0.001,0,0,0,0.001,0,11.995,0.021
03:44.3,13226,-0.456,-0.483,0.6,0.445,0.455,0.835,-0.081,-0.299,-0.545,-0.374,-0.599,-0.451,0.654,0.652,-0.27,-0.271,0.323,0.323,-0.634,-0.624,-0.142,-0.707,0.349,-0.599,0,0.001,0.001,0.001,0.525,0.757,0.451,0.162,0.001,0.001,0.057,0.039,0.063,0.471,0.543,0.502,0.107,0.001,0.001,0.001,0.001,0.001,0.005,0.586,0.773,0.319,0.344,0.001,0.001,0.001,0.001,0.004,0.463,0.647,0.371,0.291,0.005,0.535,0.702,1.089,1.131,0.153,0.109,0.419,0.358,-0.37,-0.634,0.249,-0.631,0,0,0,0,0,0.001,0,0.001,0.001,0,0.001,0.001,0,0,0,0.001,0,0.001,0.001,0.001,0.001,0,0,0.001,0.001,0,0,0.001,0,0,0,0,0,0,0,0.001,0,0,0,0.001,0.001,0,0,0.001,0,11.995,0.017
03:44.3,13227,-0.457,-0.482,0.6,0.445,0.452,0.835,-0.077,-0.303,-0.545,-0.377,-0.596,-0.454,0.654,0.656,-0.268,-0.266,0.322,0.32,-0.634,-0.625,-0.142,-0.707,0.349,-0.599,0,0.001,0.001,0.001,0.525,0.757,0.451,0.162,0.001,0.001,0.057,0.039,0.063,0.471,0.543,0.502,0.107,0.001,0.001,0.001,0.001,0.001,0.005,0.586,0.773,0.319,0.344,0.001,0.001,0.001,0.001,0.004,0.463,0.647,0.371,0.291,0.005,0.535,0.702,1.089,1.131,0.153,0.109,0.419,0.358,-0.365,-0.629,0.257,-0.636,0.001,0,0,0.001,0.001,0.001,0.001,0,0.001,0.001,0,0,0.001,0.001,0,0.001,0.001,0,0,0.001,0.001,0,0.001,0,0,0,0,0.001,0.001,0.001,0,0.001,0,0,0,0.001,0,0.001,0,0.001,0,0.001,0,0.001,0,11.995,0.023
03:44.3,13228,-0.458,-0.481,0.6,0.446,0.449,0.836,-0.073,-0.307,-0.543,-0.38,-0.594,-0.455,0.653,0.658,-0.266,-0.262,0.322,0.317,-0.635,-0.627,-0.142,-0.707,0.349,-0.599,0,0.001,0.001,0.001,0.525,0.757,0.451,0.162,0.001,0.001,0.057,0.039,0.063,0.471,0.543,0.502,0.107,0.001,0.001,0.001,0.001,0.001,0.005,0.586,0.773,0.319,0.344,0.001,0.001,0.001,0.001,0.004,0.463,0.647,0.371,0.291,0.005,0.535,0.702,1.089,1.131,0.153,0.109,0.419,0.358,-0.36,-0.623,0.267,-0.641,0,0,0,0,0,0.001,0.001,0.001,0.001,0,0,0,0,0.001,0.001,0,0,0,0,0,0.001,0.001,0,0,0.001,0,0.001,0.001,0,0,0,0.001,0.001,0,0,0,0.001,0,0.001,0.001,0,0.001,0,0,0,11.995,0.017
03:44.3,13229,-0.459,-0.48,0.6,0.447,0.445,0.836,-0.068,-0.312,-0.539,-0.383,-0.594,-0.457,0.652,0.661,-0.265,-0.26,0.321,0.315,-0.635,-0.628,-0.142,-0.707,0.349,-0.599,0,0.001,0.001,0.001,0.525,0.757,0.451,0.162,0.001,0.001,0.057,0.039,0.063,0.471,0.543,0.502,0.107,0.001,0.001,0.001,0.001,0.001,0.005,0.586,0.773,0.319,0.344,0.001,0.001,0.001,0.001,0.004,0.463,0.647,0.371,0.291,0.005,0.535,0.702,1.089,1.131,0.153,0.109,0.419,0.358,-0.357,-0.617,0.275,-0.645,0,0,0.001,0.001,0.001,0,0.001,0,0,0.001,0.001,0.001,0,0,0,0.001,0.001,0,0.001,0.001,0,0.001,0,0,0,0.001,0.001,0.001,0,0,0.001,0.001,0.001,0.001,0,0,0,0.001,0.001,0.001,0.001,0,0.001,0,0,11.995,0.024
03:44.4,13230,-0.459,-0.48,0.599,0.448,0.441,0.837,-0.063,-0.317,-0.535,-0.385,-0.596,-0.459,0.651,0.662,-0.266,-0.258,0.321,0.314,-0.635,-0.629,-0.142,-0.707,0.349,-0.599,0,0.001,0.001,0.001,0.525,0.757,0.451,0.162,0.001,0.001,0.057,0.039,0.063,0.471,0.543,0.502,0.107,0.001,0.001,0.001,0.001,0.001,0.005,0.586,0.773,0.319,0.344,0.001,0.001,0.001,0.001,0.004,0.463,0.647,0.371,0.291,0.005,0.535,0.702,1.089,1.131,0.153,0.109,0.419,0.358,-0.357,-0.617,0.275,-0.645,0,0,0.001,0.001,0.001,0,0.001,0,0,0.001,0.001,0.001,0,0,0,0.001,0.001,0,0.001,0.001,0,0.001,0,0,0,0.001,0.001,0.001,0,0,0.001,0.001,0.001,0.001,0,0,0,0.001,0.001,0.001,0.001,0,0.001,0,0,11.995,0.024
03:44.4,13231,-0.458,-0.48,0.599,0.449,0.437,0.838,-0.059,-0.322,-0.529,-0.386,-0.599,-0.46,0.651,0.663,-0.268,-0.256,0.321,0.313,-0.634,-0.63,-0.136,-0.7,0.382,-0.588,0.001,0.001,0.001,0.001,0.51,0.725,0.452,0.162,0.001,0.001,0.06,0.042,0.062,0.47,0.548,0.502,0.111,0.001,0.001,0.001,0.001,0.001,0.005,0.585,0.772,0.316,0.35,0.001,0.001,0.001,0.001,0.004,0.46,0.652,0.374,0.297,0.005,0.535,0.702,1.09,1.133,0.149,0.112,0.42,0.36,-0.357,-0.617,0.275,-0.645,0,0,0.001,0.001,0.001,0,0.001,0,0,0.001,0.001,0.001,0,0,0,0.001,0.001,0,0.001,0.001,0,0.001,0,0,0,0.001,0.001,0.001,0,0,0.001,0.001,0.001,0.001,0,0,0,0.001,0.001,0.001,0.001,0,0.001,0,0,11.98,0.024
03:44.4,13232,-0.458,-0.479,0.599,0.449,0.433,0.838,-0.056,-0.327,-0.525,-0.385,-0.604,-0.46,0.65,0.663,-0.271,-0.255,0.321,0.312,-0.635,-0.629,-0.136,-0.699,0.386,-0.587,0.001,0.001,0.001,0.001,0.25,0.304,0.43,0.143,0.001,0.001,0.007,0.001,0.001,0.065,0.563,0.464,0.14,0.001,0.001,0.001,0.001,0.001,0.001,0.543,0.746,0.287,0.383,0.001,0.001,0.001,0.001,0.001,0.421,0.653,0.385,0.317,0.001,0.538,0.752,1.138,1.19,0.175,0.159,0.465,0.462,-0.357,-0.617,0.275,-0.645,0,0,0.001,0.001,0.001,0,0.001,0,0,0.001,0.001,0.001,0,0,0,0.001,0.001,0,0.001,0.001,0,0.001,0,0,0,0.001,0.001,0.001,0,0,0.001,0.001,0.001,0.001,0,0,0,0.001,0.001,0.001,0.001,0,0.001,0,0,11,0.024
03:44.4,13233,-0.458,-0.479,0.6,0.448,0.429,0.839,-0.052,-0.332,-0.521,-0.382,-0.611,-0.458,0.649,0.664,-0.273,-0.253,0.32,0.312,-0.637,-0.628,-0.136,-0.697,0.39,-0.586,0.001,0.001,0.001,0.001,0.204,0.263,0.411,0.136,0.001,0.001,0.006,0.001,0.001,0.045,0.563,0.462,0.142,0.001,0.001,0.001,0.001,0.001,0.001,0.534,0.742,0.275,0.381,0.001,0.001,0.001,0.001,0.001,0.411,0.653,0.381,0.319,0.001,0.538,0.761,1.127,1.19,0.184,0.164,0.518,0.468,-0.357,-0.617,0.275,-0.645,0,0,0.001,0.001,0.001,0,0.001,0,0,0.001,0.001,0.001,0,0,0,0.001,0.001,0,0.001,0.001,0,0.001,0,0,0,0.001,0.001,0.001,0,0,0.001,0.001,0.001,0.001,0,0,0,0.001,0.001,0.001,0.001,0,0.001,0,0,10.898,0.024
03:44.4,13234,-0.459,-0.478,0.6,0.447,0.425,0.839,-0.048,-0.337,-0.518,-0.38,-0.616,-0.455,0.649,0.666,-0.27,-0.252,0.319,0.313,-0.639,-0.625,-0.136,-0.696,0.394,-0.584,0.001,0.001,0.001,0.001,0.151,0.203,0.382,0.131,0.001,0.001,0.001,0.001,0.001,0.045,0.558,0.451,0.143,0.001,0.001,0.001,0.001,0.001,0.001,0.526,0.724,0.266,0.382,0.001,0.001,0.001,0.001,0.001,0.399,0.657,0.375,0.305,0.001,0.537,0.784,1.133,1.208,0.194,0.173,0.527,0.474,-0.357,-0.617,0.275,-0.645,0,0,0.001,0.001,0.001,0,0.001,0,0,0.001,0.001,0.001,0,0,0,0.001,0.001,0,0.001,0.001,0,0.001,0,0,0,0.001,0.001,0.001,0,0,0.001,0.001,0.001,0.001,0,0,0,0.001,0.001,0.001,0.001,0,0.001,0,0,10.749,0.024
03:44.4,13235,-0.461,-0.478,0.601,0.445,0.422,0.839,-0.045,-0.341,-0.515,-0.381,-0.618,-0.455,0.651,0.668,-0.258,-0.252,0.319,0.315,-0.642,-0.622,-0.136,-0.696,0.394,-0.584,0.001,0.001,0.001,0.001,0.151,0.203,0.382,0.131,0.001,0.001,0.001,0.001,0.001,0.045,0.558,0.451,0.143,0.001,0.001,0.001,0.001,0.001,0.001,0.526,0.724,0.266,0.382,0.001,0.001,0.001,0.001,0.001,0.399,0.657,0.375,0.305,0.001,0.537,0.784,1.133,1.208,0.194,0.173,0.527,0.474,-0.357,-0.617,0.275,-0.645,0,0,0.001,0.001,0.001,0,0.001,0,0,0.001,0.001,0.001,0,0,0,0.001,0.001,0,0.001,0.001,0,0.001,0,0,0,0.001,0.001,0.001,0,0,0.001,0.001,0.001,0.001,0,0,0,0.001,0.001,0.001,0.001,0,0.001,0,0,10.749,0.024
03:44.4,13236,-0.463,-0.477,0.602,0.442,0.42,0.839,-0.041,-0.344,-0.513,-0.384,-0.616,-0.457,0.656,0.667,-0.243,-0.255,0.318,0.316,-0.644,-0.619,-0.136,-0.696,0.394,-0.584,0.001,0.001,0.001,0.001,0.151,0.203,0.382,0.131,0.001,0.001,0.001,0.001,0.001,0.045,0.558,0.451,0.143,0.001,0.001,0.001,0.001,0.001,0.001,0.526,0.724,0.266,0.382,0.001,0.001,0.001,0.001,0.001,0.399,0.657,0.375,0.305,0.001,0.537,0.784,1.133,1.208,0.194,0.173,0.527,0.474,-0.305,-0.569,0.286,-0.708,0,0,0,0.001,0.001,0,0,0.001,0.001,0,0.007,0,0,0.001,0.001,0.001,0,0,0.001,0,0,0,0.001,0.001,0,0.001,0.001,0.001,0,0,0.001,0.001,0,0,0,0,0,0.001,0,0.001,0,0.001,0.001,0,0,10.749,0.026
03:44.4,13237,-0.466,-0.476,0.602,0.44,0.418,0.838,-0.037,-0.348,-0.512,-0.384,-0.614,-0.462,0.659,0.662,-0.237,-0.266,0.318,0.318,-0.646,-0.616,-0.136,-0.696,0.394,-0.584,0.001,0.001,0.001,0.001,0.151,0.203,0.382,0.131,0.001,0.001,0.001,0.001,0.001,0.045,0.558,0.451,0.143,0.001,0.001,0.001,0.001,0.001,0.001,0.526,0.724,0.266,0.382,0.001,0.001,0.001,0.001,0.001,0.399,0.657,0.375,0.305,0.001,0.537,0.784,1.133,1.208,0.194,0.173,0.527,0.474,-0.284,-0.563,0.289,-0.721,0.812,0.613,0.129,0.001,0.011,0,0.001,0,0.924,0.83,0.684,0,0,0.001,0.013,0,0.001,0.692,0.833,0.377,0.001,0,0,0.001,0.012,0.001,0,0.193,0.001,0,0,0,0,0.001,0,0,0.001,0.001,0,0.001,0,0,0.001,0,0,10.749,6.136
03:44.4,13238,-0.47,-0.475,0.601,0.438,0.417,0.837,-0.033,-0.352,-0.511,-0.381,-0.613,-0.468,0.659,0.655,-0.241,-0.28,0.32,0.32,-0.646,-0.615,-0.136,-0.696,0.394,-0.584,0.001,0.001,0.001,0.001,0.151,0.203,0.382,0.131,0.001,0.001,0.001,0.001,0.001,0.045,0.558,0.451,0.143,0.001,0.001,0.001,0.001,0.001,0.001,0.526,0.724,0.266,0.382,0.001,0.001,0.001,0.001,0.001,0.399,0.657,0.375,0.305,0.001,0.537,0.784,1.133,1.208,0.194,0.173,0.527,0.474,-0.265,-0.557,0.3,-0.727,0.839,0.642,0.293,0,0.039,0,0,0.001,0.916,0.835,0.769,0.017,0.001,0,0.013,0.002,0,0.667,0.846,0.498,0.001,0.001,0,0.001,0.013,0.001,0,0.231,0.001,0.001,0,0,0.001,0,0,0,0,0,0.001,0,0.001,0,0,0,0,10.749,6.631
03:44.4,13239,-0.475,-0.473,0.6,0.437,0.416,0.836,-0.03,-0.356,-0.512,-0.374,-0.613,-0.471,0.658,0.648,-0.247,-0.292,0.321,0.321,-0.645,-0.614,-0.136,-0.696,0.394,-0.584,0.001,0.001,0.001,0.001,0.151,0.203,0.382,0.131,0.001,0.001,0.001,0.001,0.001,0.045,0.558,0.451,0.143,0.001,0.001,0.001,0.001,0.001,0.001,0.526,0.724,0.266,0.382,0.001,0.001,0.001,0.001,0.001,0.399,0.657,0.375,0.305,0.001,0.537,0.784,1.133,1.208,0.194,0.173,0.527,0.474,-0.247,-0.556,0.305,-0.732,0.868,0.665,0.436,0.112,0.181,0.001,0,0,0.895,0.833,0.824,0.151,0,0.001,0.013,0.001,0,0.62,0.849,0.564,0.001,0,0.001,0,0.007,0.001,0.001,0.237,0.017,0,0,0,0,0,0,0,0.001,0,0.001,0,0.001,0.001,0,0,0.001,10.749,7.284
03:44.5,13240,-0.479,-0.469,0.599,0.437,0.415,0.835,-0.027,-0.361,-0.517,-0.366,-0.614,-0.471,0.658,0.643,-0.255,-0.298,0.323,0.322,-0.643,-0.614,-0.136,-0.696,0.394,-0.584,0.001,0.001,0.001,0.001,0.151,0.203,0.382,0.131,0.001,0.001,0.001,0.001,0.001,0.045,0.558,0.451,0.143,0.001,0.001,0.001,0.001,0.001,0.001,0.526,0.724,0.266,0.382,0.001,0.001,0.001,0.001,0.001,0.399,0.657,0.375,0.305,0.001,0.537,0.784,1.133,1.208,0.194,0.173,0.527,0.474,-0.224,-0.559,0.304,-0.738,0.872,0.686,0.531,0.337,0.554,0.138,0.07,0.001,0.861,0.832,0.836,0.316,0.06,0,0.013,0.001,0,0.582,0.85,0.618,0.002,0.001,0,0.001,0.002,0,0.001,0.225,0.044,0.001,0.001,0,0,0.001,0.001,0.001,0,0,0,0.001,0.001,0.001,0.001,0,0.001,10.749,8.444
03:44.5,13241,-0.485,-0.466,0.598,0.437,0.413,0.833,-0.025,-0.367,-0.526,-0.358,-0.613,-0.468,0.659,0.639,-0.263,-0.297,0.325,0.324,-0.642,-0.614,-0.154,-0.655,0.46,-0.58,0.001,0.001,0.001,0.001,0.127,0.167,0.346,0.12,0.001,0.001,0.001,0.001,0.001,0.035,0.516,0.442,0.148,0.001,0.001,0.001,0.001,0.001,0.001,0.521,0.739,0.26,0.38,0.001,0.001,0.001,0.001,0.001,0.393,0.656,0.379,0.308,0.001,0.546,0.785,1.143,1.206,0.208,0.175,0.508,0.487,-0.192,-0.565,0.303,-0.743,0.861,0.695,0.612,0.515,0.849,0.429,0.195,0,0.808,0.828,0.85,0.418,0.098,0.001,0.065,0.001,0,0.56,0.863,0.63,0.005,0.002,0.001,0,0,0,0.001,0.225,0.068,0.001,0,0.001,0,0,0,0,0,0,0.001,0,0.001,0.001,0,0.001,0.001,10.616,9.587
03:44.5,13242,-0.492,-0.46,0.595,0.437,0.412,0.831,-0.024,-0.374,-0.536,-0.353,-0.612,-0.462,0.659,0.637,-0.272,-0.293,0.326,0.325,-0.64,-0.615,-0.165,-0.644,0.473,-0.578,0.001,0.001,0.001,0.001,0.035,0.027,0.092,0.002,0.001,0.001,0.001,0.001,0.001,0.009,0.177,0.197,0.182,0.001,0.001,0.001,0.001,0.001,0.001,0.117,0.526,0.153,0.424,0.001,0.001,0.001,0.001,0.001,0.173,0.604,0.42,0.245,0.001,0.643,1.131,1.063,1.092,0.382,0.269,0.569,0.509,-0.192,-0.565,0.303,-0.743,0.861,0.695,0.612,0.515,0.849,0.429,0.195,0,0.808,0.828,0.85,0.418,0.098,0.001,0.065,0.001,0,0.56,0.863,0.63,0.005,0.002,0.001,0,0,0,0.001,0.225,0.068,0.001,0,0.001,0,0,0,0,0,0,0.001,0,0.001,0.001,0,0.001,0.001,9.062,9.587
03:44.5,13243,-0.5,-0.454,0.593,0.439,0.411,0.828,-0.025,-0.382,-0.542,-0.353,-0.609,-0.459,0.657,0.636,-0.281,-0.29,0.327,0.327,-0.639,-0.615,-0.171,-0.625,0.502,-0.572,0.001,0.001,0.001,0.001,0.028,0.026,0.073,0.002,0.001,0.001,0.001,0.001,0.001,0.032,0.176,0.171,0.189,0.001,0.001,0.001,0.001,0.001,0.001,0.114,0.446,0.132,0.42,0.001,0.001,0.001,0.001,0.001,0.189,0.529,0.41,0.237,0.001,0.653,1.209,1.045,1.072,0.408,0.269,0.556,0.487,-0.192,-0.565,0.303,-0.743,0.861,0.695,0.612,0.515,0.849,0.429,0.195,0,0.808,0.828,0.85,0.418,0.098,0.001,0.065,0.001,0,0.56,0.863,0.63,0.005,0.002,0.001,0,0,0,0.001,0.225,0.068,0.001,0,0.001,0,0,0,0,0,0,0.001,0,0.001,0.001,0,0.001,0.001,8.894,9.587
03:44.5,13244,-0.509,-0.446,0.59,0.441,0.41,0.824,-0.028,-0.389,-0.543,-0.356,-0.607,-0.458,0.652,0.638,-0.291,-0.288,0.327,0.329,-0.639,-0.614,-0.171,-0.607,0.529,-0.567,0.001,0.001,0.001,0.001,0.028,0.028,0.057,0.001,0.001,0.001,0.001,0.001,0.001,0.044,0.164,0.197,0.205,0.001,0.001,0.001,0.001,0.001,0.001,0.116,0.38,0.083,0.376,0.001,0.001,0.001,0.001,0.001,0.208,0.443,0.355,0.205,0.001,0.694,1.177,1.015,1.068,0.409,0.223,0.546,0.462,-0.192,-0.565,0.303,-0.743,0.861,0.695,0.612,0.515,0.849,0.429,0.195,0,0.808,0.828,0.85,0.418,0.098,0.001,0.065,0.001,0,0.56,0.863,0.63,0.005,0.002,0.001,0,0,0,0.001,0.225,0.068,0.001,0,0.001,0,0,0,0,0,0,0.001,0,0.001,0.001,0,0.001,0.001,8.505,9.587
03:44.5,13245,-0.518,-0.437,0.586,0.443,0.409,0.82,-0.032,-0.398,-0.536,-0.364,-0.606,-0.461,0.644,0.643,-0.299,-0.287,0.326,0.33,-0.639,-0.613,-0.171,-0.607,0.529,-0.567,0.001,0.001,0.001,0.001,0.028,0.028,0.057,0.001,0.001,0.001,0.001,0.001,0.001,0.044,0.164,0.197,0.205,0.001,0.001,0.001,0.001,0.001,0.001,0.116,0.38,0.083,0.376,0.001,0.001,0.001,0.001,0.001,0.208,0.443,0.355,0.205,0.001,0.694,1.177,1.015,1.068,0.409,0.223,0.546,0.462,-0.192,-0.565,0.303,-0.743,0.861,0.695,0.612,0.515,0.849,0.429,0.195,0,0.808,0.828,0.85,0.418,0.098,0.001,0.065,0.001,0,0.56,0.863,0.63,0.005,0.002,0.001,0,0,0,0.001,0.225,0.068,0.001,0,0.001,0,0,0,0,0,0,0.001,0,0.001,0.001,0,0.001,0.001,8.505,9.587
03:44.5,13246,-0.529,-0.428,0.582,0.445,0.408,0.816,-0.037,-0.407,-0.524,-0.372,-0.607,-0.467,0.638,0.649,-0.305,-0.282,0.323,0.332,-0.64,-0.613,-0.171,-0.607,0.529,-0.567,0.001,0.001,0.001,0.001,0.028,0.028,0.057,0.001,0.001,0.001,0.001,0.001,0.001,0.044,0.164,0.197,0.205,0.001,0.001,0.001,0.001,0.001,0.001,0.116,0.38,0.083,0.376,0.001,0.001,0.001,0.001,0.001,0.208,0.443,0.355,0.205,0.001,0.694,1.177,1.015,1.068,0.409,0.223,0.546,0.462,-0.192,-0.565,0.303,-0.743,0.861,0.695,0.612,0.515,0.849,0.429,0.195,0,0.808,0.828,0.85,0.418,0.098,0.001,0.065,0.001,0,0.56,0.863,0.63,0.005,0.002,0.001,0,0,0,0.001,0.225,0.068,0.001,0,0.001,0,0,0,0,0,0,0.001,0,0.001,0.001,0,0.001,0.001,8.505,9.587
03:44.5,13247,-0.539,-0.419,0.578,0.447,0.407,0.812,-0.042,-0.415,-0.509,-0.379,-0.609,-0.474,0.636,0.654,-0.309,-0.27,0.319,0.333,-0.641,-0.613,-0.171,-0.607,0.529,-0.567,0.001,0.001,0.001,0.001,0.028,0.028,0.057,0.001,0.001,0.001,0.001,0.001,0.001,0.044,0.164,0.197,0.205,0.001,0.001,0.001,0.001,0.001,0.001,0.116,0.38,0.083,0.376,0.001,0.001,0.001,0.001,0.001,0.208,0.443,0.355,0.205,0.001,0.694,1.177,1.015,1.068,0.409,0.223,0.546,0.462,-0.192,-0.565,0.303,-0.743,0.861,0.695,0.612,0.515,0.849,0.429,0.195,0,0.808,0.828,0.85,0.418,0.098,0.001,0.065,0.001,0,0.56,0.863,0.63,0.005,0.002,0.001,0,0,0,0.001,0.225,0.068,0.001,0,0.001,0,0,0,0,0,0,0.001,0,0.001,0.001,0,0.001,0.001,8.505,9.587
03:44.5,13248,-0.548,-0.411,0.573,0.449,0.406,0.81,-0.047,-0.421,-0.496,-0.384,-0.613,-0.481,0.639,0.657,-0.311,-0.253,0.314,0.333,-0.642,-0.615,-0.171,-0.607,0.529,-0.567,0.001,0.001,0.001,0.001,0.028,0.028,0.057,0.001,0.001,0.001,0.001,0.001,0.001,0.044,0.164,0.197,0.205,0.001,0.001,0.001,0.001,0.001,0.001,0.116,0.38,0.083,0.376,0.001,0.001,0.001,0.001,0.001,0.208,0.443,0.355,0.205,0.001,0.694,1.177,1.015,1.068,0.409,0.223,0.546,0.462,-0.19,-0.536,0.381,-0.729,0.829,0.663,0.716,0.829,1.144,1.021,0.86,0.099,0.72,0.746,0.781,0.73,0.492,0.403,0.525,0.361,0.103,0.674,0.885,0.739,0.311,0.219,0.033,0.243,0.576,0.001,0,0.415,0.316,0.094,0.018,0.004,0.182,0.326,0,0.02,0.001,0.168,0.352,0.397,0.694,0.01,0.001,0,0.164,8.505,17.865
03:44.5,13249,-0.556,-0.406,0.569,0.45,0.404,0.81,-0.05,-0.423,-0.485,-0.385,-0.617,-0.486,0.646,0.657,-0.311,-0.234,0.308,0.334,-0.644,-0.616,-0.171,-0.607,0.529,-0.567,0.001,0.001,0.001,0.001,0.028,0.028,0.057,0.001,0.001,0.001,0.001,0.001,0.001,0.044,0.164,0.197,0.205,0.001,0.001,0.001,0.001,0.001,0.001,0.116,0.38,0.083,0.376,0.001,0.001,0.001,0.001,0.001,0.208,0.443,0.355,0.205,0.001,0.694,1.177,1.015,1.068,0.409,0.223,0.546,0.462,-0.189,-0.535,0.379,-0.731,0.824,0.661,0.717,0.832,1.134,1.04,0.852,0.132,0.714,0.741,0.779,0.75,0.512,0.438,0.537,0.369,0.128,0.679,0.885,0.748,0.335,0.256,0.038,0.265,0.623,0.002,0.021,0.422,0.322,0.106,0.018,0.013,0.197,0.382,0.001,0.018,0.001,0.199,0.4,0.502,0.808,0.013,0.001,0.026,0.197,8.505,18.638
03:44.6,13250,-0.561,-0.402,0.564,0.453,0.396,0.812,-0.049,-0.427,-0.477,-0.384,-0.621,-0.489,0.652,0.656,-0.311,-0.219,0.301,0.334,-0.645,-0.618,-0.171,-0.607,0.529,-0.567,0.001,0.001,0.001,0.001,0.028,0.028,0.057,0.001,0.001,0.001,0.001,0.001,0.001,0.044,0.164,0.197,0.205,0.001,0.001,0.001,0.001,0.001,0.001,0.116,0.38,0.083,0.376,0.001,0.001,0.001,0.001,0.001,0.208,0.443,0.355,0.205,0.001,0.694,1.177,1.015,1.068,0.409,0.223,0.546,0.462,-0.189,-0.535,0.379,-0.731,0.824,0.661,0.717,0.832,1.134,1.04,0.852,0.132,0.714,0.741,0.779,0.75,0.512,0.438,0.537,0.369,0.128,0.679,0.885,0.748,0.335,0.256,0.038,0.265,0.623,0.002,0.021,0.422,0.322,0.106,0.018,0.013,0.197,0.382,0.001,0.018,0.001,0.199,0.4,0.502,0.808,0.013,0.001,0.026,0.197,8.505,18.638
03:44.6,13251,-0.563,-0.401,0.56,0.457,0.38,0.816,-0.048,-0.433,-0.472,-0.382,-0.625,-0.491,0.656,0.655,-0.309,-0.21,0.295,0.335,-0.647,-0.619,-0.171,-0.607,0.529,-0.567,0.001,0.001,0.001,0.001,0.028,0.028,0.057,0.001,0.001,0.001,0.001,0.001,0.001,0.044,0.164,0.197,0.205,0.001,0.001,0.001,0.001,0.001,0.001,0.116,0.38,0.083,0.376,0.001,0.001,0.001,0.001,0.001,0.208,0.443,0.355,0.205,0.001,0.694,1.177,1.015,1.068,0.409,0.223,0.546,0.462,-0.189,-0.535,0.379,-0.731,0.824,0.661,0.717,0.832,1.134,1.04,0.852,0.132,0.714,0.741,0.779,0.75,0.512,0.438,0.537,0.369,0.128,0.679,0.885,0.748,0.335,0.256,0.038,0.265,0.623,0.002,0.021,0.422,0.322,0.106,0.018,0.013,0.197,0.382,0.001,0.018,0.001,0.199,0.4,0.502,0.808,0.013,0.001,0.026,0.197,8.505,18.638
03:44.6,13252,-0.562,-0.399,0.557,0.463,0.359,0.821,-0.05,-0.441,-0.469,-0.38,-0.628,-0.492,0.657,0.656,-0.305,-0.21,0.289,0.335,-0.649,-0.619,-0.109,-0.421,0.704,-0.562,0.001,0.001,0.001,0.001,0.017,0.02,0.055,0.001,0.001,0.001,0.001,0.001,0.001,0.042,0.156,0.244,0.199,0.001,0.001,0.001,0.001,0.001,0.001,0.116,0.33,0.059,0.327,0.001,0.001,0.001,0.001,0.001,0.222,0.4,0.291,0.19,0.001,0.694,0.996,0.933,1.061,0.391,0.175,0.48,0.457,-0.189,-0.535,0.379,-0.731,0.824,0.661,0.717,0.832,1.134,1.04,0.852,0.132,0.714,0.741,0.779,0.75,0.512,0.438,0.537,0.369,0.128,0.679,0.885,0.748,0.335,0.256,0.038,0.265,0.623,0.002,0.021,0.422,0.322,0.106,0.018,0.013,0.197,0.382,0.001,0.018,0.001,0.199,0.4,0.502,0.808,0.013,0.001,0.026,0.197,7.877,18.638
03:44.6,13253,-0.561,-0.397,0.555,0.468,0.339,0.825,-0.054,-0.449,-0.467,-0.378,-0.63,-0.491,0.656,0.657,-0.303,-0.215,0.285,0.336,-0.652,-0.617,-0.113,-0.405,0.716,-0.557,0.001,0.001,0.001,0.001,0.01,0.001,0.001,0.001,0.001,0.001,0.001,0.001,0.001,0.001,0.001,0.001,0.001,0.001,0.001,0.002,0.001,0.001,0.001,0.001,0.067,0.001,0.001,0.001,0.001,0.001,0.001,0.001,0.001,0.004,0.001,0.001,0.001,0.012,0.001,0.001,0.001,0.001,0.001,0.001,0.001,-0.189,-0.535,0.379,-0.731,0.824,0.661,0.717,0.832,1.134,1.04,0.852,0.132,0.714,0.741,0.779,0.75,0.512,0.438,0.537,0.369,0.128,0.679,0.885,0.748,0.335,0.256,0.038,0.265,0.623,0.002,0.021,0.422,0.322,0.106,0.018,0.013,0.197,0.382,0.001,0.018,0.001,0.199,0.4,0.502,0.808,0.013,0.001,0.026,0.197,0.135,18.638
03:44.6,13254,-0.56,-0.395,0.554,0.473,0.324,0.826,-0.06,-0.457,-0.467,-0.377,-0.633,-0.489,0.652,0.659,-0.302,-0.223,0.282,0.336,-0.655,-0.615,-0.098,-0.399,0.721,-0.558,0.001,0.001,0.001,0.001,0.001,0.001,0.001,0.001,0,0.001,0.001,0.001,0.001,0.001,0.001,0.001,0.001,0.001,0.001,0.001,0.001,0.001,0.001,0.001,0.061,0.001,0.001,0.001,0.001,0.001,0.001,0.001,0.001,0.001,0.001,0.001,0.001,0.012,0.001,0.001,0.001,0.001,0.001,0.001,0.001,-0.189,-0.535,0.379,-0.731,0.824,0.661,0.717,0.832,1.134,1.04,0.852,0.132,0.714,0.741,0.779,0.75,0.512,0.438,0.537,0.369,0.128,0.679,0.885,0.748,0.335,0.256,0.038,0.265,0.623,0.002,0.021,0.422,0.322,0.106,0.018,0.013,0.197,0.382,0.001,0.018,0.001,0.199,0.4,0.502,0.808,0.013,0.001,0.026,0.197,0.115,18.638
03:44.6,13255,-0.558,-0.392,0.554,0.477,0.315,0.824,-0.065,-0.465,-0.467,-0.377,-0.635,-0.487,0.647,0.66,-0.304,-0.23,0.281,0.337,-0.658,-0.612,-0.113,-0.4,0.73,-0.542,0.001,0.001,0.001,0.001,0.001,0.001,0.001,0.001,0.001,0.001,0.001,0.001,0.001,0.001,0.001,0.001,0.001,0,0.001,0.001,0.001,0.001,0.001,0.001,0.063,0.001,0.001,0.001,0.001,0.001,0.001,0.001,0.001,0.002,0.001,0.001,0.001,0.01,0.001,0.001,0.001,0.001,0.001,0.001,0.001,-0.189,-0.535,0.379,-0.731,0.824,0.661,0.717,0.832,1.134,1.04,0.852,0.132,0.714,0.741,0.779,0.75,0.512,0.438,0.537,0.369,0.128,0.679,0.885,0.748,0.335,0.256,0.038,0.265,0.623,0.002,0.021,0.422,0.322,0.106,0.018,0.013,0.197,0.382,0.001,0.018,0.001,0.199,0.4,0.502,0.808,0.013,0.001,0.026,0.197,0.116,18.638
03:44.6,13256,-0.557,-0.389,0.555,0.48,0.315,0.819,-0.069,-0.474,-0.467,-0.378,-0.637,-0.483,0.643,0.662,-0.307,-0.233,0.28,0.337,-0.661,-0.609,-0.113,-0.4,0.73,-0.542,0.001,0.001,0.001,0.001,0.001,0.001,0.001,0.001,0.001,0.001,0.001,0.001,0.001,0.001,0.001,0.001,0.001,0,0.001,0.001,0.001,0.001,0.001,0.001,0.063,0.001,0.001,0.001,0.001,0.001,0.001,0.001,0.001,0.002,0.001,0.001,0.001,0.01,0.001,0.001,0.001,0.001,0.001,0.001,0.001,-0.189,-0.545,0.374,-0.726,0.823,0.661,0.716,0.839,1.136,1.048,0.851,0.138,0.708,0.741,0.779,0.751,0.521,0.443,0.532,0.371,0.144,0.68,0.886,0.751,0.342,0.26,0.045,0.275,0.639,0.001,0.024,0.42,0.326,0.107,0.018,0.015,0.206,0.411,0.001,0.018,0.001,0.208,0.408,0.526,0.822,0.013,0.001,0.04,0.223,0.116,18.869
