timestamp,packet_counter,right_thigh_q1,right_thigh_q2,right_thigh_q3,right_thigh_q4,right_calf_q1,right_calf_q2,right_calf_q3,right_calf_q4,left_thigh_q1,left_thigh_q2,left_thigh_q3,left_thigh_q4,left_calf_q1,left_calf_q2,left_calf_q3,left_calf_q4,trunk_q1,trunk_q2,trunk_q3,trunk_q4,right_foot_q0,right_foot_q1,right_foot_q2,right_foot_q3,right_pressure0,right_pressure1,right_pressure2,right_pressure3,right_pressure4,right_pressure5,right_pressure6,right_pressure7,right_pressure8,right_pressure9,right_pressure10,right_pressure11,right_pressure12,right_pressure13,right_pressure14,right_pressure15,right_pressure16,right_pressure17,right_pressure18,right_pressure19,right_pressure20,right_pressure21,right_pressure22,right_pressure23,right_pressure24,right_pressure25,right_pressure26,right_pressure27,right_pressure28,right_pressure29,right_pressure30,right_pressure31,right_pressure32,right_pressure33,right_pressure34,right_pressure35,right_pressure36,right_pressure37,right_pressure38,right_pressure39,right_pressure40,right_pressure41,right_pressure42,right_pressure43,right_pressure44,left_foot_q0,left_foot_q1,left_foot_q2,left_foot_q3,left_pressure0,left_pressure1,left_pressure2,left_pressure3,left_pressure4,left_pressure5,left_pressure6,left_pressure7,left_pressure8,left_pressure9,left_pressure10,left_pressure11,left_pressure12,left_pressure13,left_pressure14,left_pressure15,left_pressure16,left_pressure17,left_pressure18,left_pressure19,left_pressure20,left_pressure21,left_pressure22,left_pressure23,left_pressure24,left_pressure25,left_pressure26,left_pressure27,left_pressure28,left_pressure29,left_pressure30,left_pressure31,left_pressure32,left_pressure33,left_pressure34,left_pressure35,left_pressure36,left_pressure37,left_pressure38,left_pressure39,left_pressure40,left_pressure41,left_pressure42,left_pressure43,left_pressure44,right_pressure_sum,left_pressure_sum
01:52.5,2048,-0.158,-0.242,0.742,0.605,-0.561,-0.587,-0.532,-0.239,-0.703,-0.596,-0.099,0.374,-0.312,-0.171,-0.668,-0.654,-0.533,-0.586,-0.387,-0.471,-0.592,0.244,0.758,0.123,0,0.016,0.322,0.381,0.958,0.863,0.357,0.117,0,0.06,0.468,0.352,0.424,0.56,0.397,0.391,0.261,0.001,0.242,0.435,0.252,0.098,0.195,0.474,0.703,0.525,0.254,0.001,0.02,0.022,0.004,0.056,0.541,0.694,0.462,0.179,0.007,0.686,0.78,0.796,0.989,0.319,0.11,0.337,0.1,-0.343,0.676,0.423,0.496,0,0.001,0.001,0,0,0.001,0,0.001,0,0,0.001,0.001,0.001,0.001,0,0,0,0,0.016,0,0.001,0.001,0.001,0.001,0.001,0.001,0.001,0,0.001,0.001,0.001,0,0.001,0.001,0.001,0,0,0,0,0,0,0.001,0,0.001,0,15.209,0.039
01:52.5,2049,-0.156,-0.239,0.743,0.605,-0.564,-0.585,-0.533,-0.234,-0.704,-0.597,-0.099,0.372,-0.306,-0.179,-0.671,-0.651,-0.533,-0.588,-0.387,-0.47,-0.592,0.244,0.758,0.123,0,0.016,0.322,0.381,0.958,0.863,0.357,0.117,0,0.06,0.468,0.352,0.424,0.56,0.397,0.391,0.261,0.001,0.242,0.435,0.252,0.098,0.195,0.474,0.703,0.525,0.254,0.001,0.02,0.022,0.004,0.056,0.541,0.694,0.462,0.179,0.007,0.686,0.78,0.796,0.989,0.319,0.11,0.337,0.1,-0.367,0.673,0.411,0.494,0.78,0.641,0.001,0.001,0,0,0,0,0.863,0.808,0.449,0,0,0.001,0,0,0,0.545,0.73,0.1,0.001,0,0.001,0.001,0.001,0.001,0,0.015,0.001,0,0.001,0,0,0,0.001,0,0.001,0.001,0.001,0,0,0.001,0,0,0,15.209,4.946
01:52.5,2050,-0.154,-0.238,0.744,0.605,-0.569,-0.582,-0.534,-0.23,-0.703,-0.598,-0.099,0.371,-0.298,-0.182,-0.675,-0.65,-0.531,-0.59,-0.386,-0.47,-0.592,0.244,0.758,0.123,0,0.016,0.322,0.381,0.958,0.863,0.357,0.117,0,0.06,0.468,0.352,0.424,0.56,0.397,0.391,0.261,0.001,0.242,0.435,0.252,0.098,0.195,0.474,0.703,0.525,0.254,0.001,0.02,0.022,0.004,0.056,0.541,0.694,0.462,0.179,0.007,0.686,0.78,0.796,0.989,0.319,0.11,0.337,0.1,-0.367,0.673,0.411,0.494,0.78,0.641,0.001,0.001,0,0,0,0,0.863,0.808,0.449,0,0,0.001,0,0,0,0.545,0.73,0.1,0.001,0,0.001,0.001,0.001,0.001,0,0.015,0.001,0,0.001,0,0,0,0.001,0,0.001,0.001,0.001,0,0,0.001,0,0,0,15.209,4.946
01:52.6,2051,-0.152,-0.237,0.744,0.606,-0.573,-0.579,-0.535,-0.227,-0.702,-0.599,-0.101,0.371,-0.291,-0.179,-0.677,-0.652,-0.53,-0.592,-0.385,-0.47,-0.592,0.244,0.758,0.123,0,0.016,0.322,0.381,0.958,0.863,0.357,0.117,0,0.06,0.468,0.352,0.424,0.56,0.397,0.391,0.261,0.001,0.242,0.435,0.252,0.098,0.195,0.474,0.703,0.525,0.254,0.001,0.02,0.022,0.004,0.056,0.541,0.694,0.462,0.179,0.007,0.686,0.78,0.796,0.989,0.319,0.11,0.337,0.1,-0.367,0.673,0.411,0.494,0.78,0.641,0.001,0.001,0,0,0,0,0.863,0.808,0.449,0,0,0.001,0,0,0,0.545,0.73,0.1,0.001,0,0.001,0.001,0.001,0.001,0,0.015,0.001,0,0.001,0,0,0,0.001,0,0.001,0.001,0.001,0,0,0.001,0,0,0,15.209,4.946
01:52.6,2052,-0.152,-0.235,0.743,0.608,-0.576,-0.576,-0.535,-0.224,-0.701,-0.599,-0.104,0.372,-0.286,-0.178,-0.676,-0.655,-0.527,-0.594,-0.385,-0.47,-0.592,0.244,0.758,0.123,0,0.016,0.322,0.381,0.958,0.863,0.357,0.117,0,0.06,0.468,0.352,0.424,0.56,0.397,0.391,0.261,0.001,0.242,0.435,0.252,0.098,0.195,0.474,0.703,0.525,0.254,0.001,0.02,0.022,0.004,0.056,0.541,0.694,0.462,0.179,0.007,0.686,0.78,0.796,0.989,0.319,0.11,0.337,0.1,-0.367,0.673,0.411,0.494,0.78,0.641,0.001,0.001,0,0,0,0,0.863,0.808,0.449,0,0,0.001,0,0,0,0.545,0.73,0.1,0.001,0,0.001,0.001,0.001,0.001,0,0.015,0.001,0,0.001,0,0,0,0.001,0,0.001,0.001,0.001,0,0,0.001,0,0,0,15.209,4.946
01:52.6,2053,-0.152,-0.234,0.742,0.609,-0.58,-0.572,-0.535,-0.223,-0.7,-0.599,-0.108,0.373,-0.286,-0.184,-0.672,-0.658,-0.525,-0.596,-0.384,-0.471,-0.59,0.284,0.747,0.117,0.001,0.012,0.293,0.324,0.947,0.856,0.354,0.115,0.001,0.026,0.4,0.297,0.392,0.542,0.396,0.388,0.259,0.001,0.187,0.391,0.212,0.085,0.189,0.476,0.703,0.52,0.247,0.001,0.012,0.007,0.002,0.053,0.548,0.695,0.464,0.188,0.007,0.686,0.785,0.811,1.016,0.324,0.115,0.342,0.112,-0.367,0.673,0.411,0.494,0.78,0.641,0.001,0.001,0,0,0,0,0.863,0.808,0.449,0,0,0.001,0,0,0,0.545,0.73,0.1,0.001,0,0.001,0.001,0.001,0.001,0,0.015,0.001,0,0.001,0,0,0,0.001,0,0.001,0.001,0.001,0,0,0.001,0,0,0,14.782,4.946
01:52.6,2054,-0.153,-0.232,0.741,0.611,-0.583,-0.569,-0.536,-0.223,-0.7,-0.598,-0.112,0.375,-0.286,-0.195,-0.667,-0.659,-0.523,-0.597,-0.384,-0.472,-0.59,0.292,0.743,0.117,0.001,0.001,0.001,0.001,0.1,0.195,0.247,0.127,0.001,0.001,0.062,0.001,0.018,0.011,0.291,0.368,0.244,0.001,0.021,0.006,0.001,0.001,0.001,0.419,0.658,0.552,0.158,0.001,0.001,0.001,0.001,0.001,0.527,0.687,0.503,0.187,0.001,0.8,0.817,0.946,1.276,0.4,0.201,0.413,0.452,-0.367,0.673,0.411,0.494,0.78,0.641,0.001,0.001,0,0,0,0,0.863,0.808,0.449,0,0,0.001,0,0,0,0.545,0.73,0.1,0.001,0,0.001,0.001,0.001,0.001,0,0.015,0.001,0,0.001,0,0,0,0.001,0,0.001,0.001,0.001,0,0,0.001,0,0,0,10.703,4.946
01:52.6,2055,-0.156,-0.229,0.74,0.613,-0.586,-0.565,-0.537,-0.222,-0.699,-0.596,-0.117,0.377,-0.287,-0.207,-0.664,-0.659,-0.521,-0.597,-0.384,-0.474,-0.59,0.301,0.74,0.117,0.001,0.001,0.001,0.001,0.082,0.176,0.237,0.11,0.001,0.001,0.054,0.001,0.02,0.007,0.226,0.354,0.247,0.001,0.01,0.006,0.001,0.001,0.001,0.346,0.637,0.541,0.15,0.001,0.001,0.001,0.001,0.001,0.498,0.69,0.505,0.173,0.001,0.84,0.844,0.944,1.281,0.442,0.221,0.468,0.476,-0.367,0.673,0.411,0.494,0.78,0.641,0.001,0.001,0,0,0,0,0.863,0.808,0.449,0,0,0.001,0,0,0,0.545,0.73,0.1,0.001,0,0.001,0.001,0.001,0.001,0,0.015,0.001,0,0.001,0,0,0,0.001,0,0.001,0.001,0.001,0,0,0.001,0,0,0,10.602,4.946
01:52.6,2056,-0.16,-0.227,0.738,0.615,-0.588,-0.562,-0.538,-0.221,-0.698,-0.596,-0.119,0.378,-0.287,-0.217,-0.662,-0.657,-0.52,-0.597,-0.384,-0.476,-0.593,0.311,0.733,0.12,0.001,0.001,0.001,0.001,0.077,0.107,0.214,0.082,0.001,0.001,0.049,0.001,0.016,0.001,0.177,0.331,0.254,0.001,0.006,0.002,0.001,0.001,0.001,0.26,0.612,0.532,0.139,0.001,0.001,0.001,0.001,0.009,0.457,0.697,0.507,0.161,0.001,0.862,0.883,0.94,1.276,0.497,0.239,0.444,0.513,-0.465,0.674,0.386,0.426,0.78,0.641,0.001,0.001,0,0,0,0,0.863,0.808,0.449,0,0,0.001,0,0,0,0.545,0.73,0.1,0.001,0,0.001,0.001,0.001,0.001,0,0.015,0.001,0,0.001,0,0,0,0.001,0,0.001,0.001,0.001,0,0,0.001,0,0,0,10.36,4.946
01:52.6,2057,-0.165,-0.223,0.736,0.617,-0.591,-0.558,-0.538,-0.221,-0.698,-0.597,-0.118,0.377,-0.287,-0.227,-0.663,-0.653,-0.519,-0.596,-0.384,-0.478,-0.595,0.323,0.725,0.125,0.001,0.001,0.001,0.001,0.073,0.046,0.166,0.049,0.001,0.001,0.044,0.001,0.012,0.001,0.14,0.275,0.255,0.001,0.002,0.002,0.001,0.001,0.001,0.221,0.582,0.523,0.133,0.001,0.001,0.001,0.001,0.002,0.403,0.711,0.504,0.138,0.001,0.86,0.941,0.935,1.276,0.547,0.261,0.462,0.542,-0.465,0.674,0.386,0.426,0.78,0.641,0.001,0.001,0,0,0,0,0.863,0.808,0.449,0,0,0.001,0,0,0,0.545,0.73,0.1,0.001,0,0.001,0.001,0.001,0.001,0,0.015,0.001,0,0.001,0,0,0,0.001,0,0.001,0.001,0.001,0,0,0.001,0,0,0,10.122,4.946
01:52.6,2058,-0.17,-0.219,0.734,0.62,-0.594,-0.555,-0.539,-0.22,-0.698,-0.602,-0.111,0.371,-0.288,-0.238,-0.665,-0.647,-0.519,-0.594,-0.385,-0.479,-0.595,0.323,0.725,0.125,0.001,0.001,0.001,0.001,0.073,0.046,0.166,0.049,0.001,0.001,0.044,0.001,0.012,0.001,0.14,0.275,0.255,0.001,0.002,0.002,0.001,0.001,0.001,0.221,0.582,0.523,0.133,0.001,0.001,0.001,0.001,0.002,0.403,0.711,0.504,0.138,0.001,0.86,0.941,0.935,1.276,0.547,0.261,0.462,0.542,-0.465,0.674,0.386,0.426,0.78,0.641,0.001,0.001,0,0,0,0,0.863,0.808,0.449,0,0,0.001,0,0,0,0.545,0.73,0.1,0.001,0,0.001,0.001,0.001,0.001,0,0.015,0.001,0,0.001,0,0,0,0.001,0,0.001,0.001,0.001,0,0,0.001,0,0,0,10.122,4.946
01:52.6,2059,-0.176,-0.213,0.731,0.624,-0.596,-0.552,-0.54,-0.22,-0.698,-0.612,-0.1,0.357,-0.288,-0.252,-0.666,-0.64,-0.519,-0.593,-0.386,-0.479,-0.595,0.323,0.725,0.125,0.001,0.001,0.001,0.001,0.073,0.046,0.166,0.049,0.001,0.001,0.044,0.001,0.012,0.001,0.14,0.275,0.255,0.001,0.002,0.002,0.001,0.001,0.001,0.221,0.582,0.523,0.133,0.001,0.001,0.001,0.001,0.002,0.403,0.711,0.504,0.138,0.001,0.86,0.941,0.935,1.276,0.547,0.261,0.462,0.542,-0.465,0.674,0.386,0.426,0.78,0.641,0.001,0.001,0,0,0,0,0.863,0.808,0.449,0,0,0.001,0,0,0,0.545,0.73,0.1,0.001,0,0.001,0.001,0.001,0.001,0,0.015,0.001,0,0.001,0,0,0,0.001,0,0.001,0.001,0.001,0,0,0.001,0,0,0,10.122,4.946
01:52.7,2060,-0.183,-0.207,0.728,0.628,-0.597,-0.55,-0.541,-0.219,-0.698,-0.626,-0.088,0.336,-0.286,-0.267,-0.666,-0.634,-0.52,-0.592,-0.388,-0.479,-0.595,0.323,0.725,0.125,0.001,0.001,0.001,0.001,0.073,0.046,0.166,0.049,0.001,0.001,0.044,0.001,0.012,0.001,0.14,0.275,0.255,0.001,0.002,0.002,0.001,0.001,0.001,0.221,0.582,0.523,0.133,0.001,0.001,0.001,0.001,0.002,0.403,0.711,0.504,0.138,0.001,0.86,0.941,0.935,1.276,0.547,0.261,0.462,0.542,-0.465,0.674,0.386,0.426,0.78,0.641,0.001,0.001,0,0,0,0,0.863,0.808,0.449,0,0,0.001,0,0,0,0.545,0.73,0.1,0.001,0,0.001,0.001,0.001,0.001,0,0.015,0.001,0,0.001,0,0,0,0.001,0,0.001,0.001,0.001,0,0,0.001,0,0,0,10.122,4.946
01:52.7,2061,-0.19,-0.199,0.725,0.632,-0.599,-0.548,-0.542,-0.217,-0.695,-0.639,-0.082,0.318,-0.283,-0.283,-0.665,-0.631,-0.52,-0.591,-0.39,-0.477,-0.595,0.323,0.725,0.125,0.001,0.001,0.001,0.001,0.073,0.046,0.166,0.049,0.001,0.001,0.044,0.001,0.012,0.001,0.14,0.275,0.255,0.001,0.002,0.002,0.001,0.001,0.001,0.221,0.582,0.523,0.133,0.001,0.001,0.001,0.001,0.002,0.403,0.711,0.504,0.138,0.001,0.86,0.941,0.935,1.276,0.547,0.261,0.462,0.542,-0.465,0.674,0.386,0.426,0.78,0.641,0.001,0.001,0,0,0,0,0.863,0.808,0.449,0,0,0.001,0,0,0,0.545,0.73,0.1,0.001,0,0.001,0.001,0.001,0.001,0,0.015,0.001,0,0.001,0,0,0,0.001,0,0.001,0.001,0.001,0,0,0.001,0,0,0,10.122,4.946
01:52.7,2062,-0.199,-0.189,0.721,0.636,-0.6,-0.546,-0.544,-0.215,-0.689,-0.651,-0.081,0.308,-0.276,-0.296,-0.663,-0.629,-0.52,-0.592,-0.393,-0.474,-0.595,0.323,0.725,0.125,0.001,0.001,0.001,0.001,0.073,0.046,0.166,0.049,0.001,0.001,0.044,0.001,0.012,0.001,0.14,0.275,0.255,0.001,0.002,0.002,0.001,0.001,0.001,0.221,0.582,0.523,0.133,0.001,0.001,0.001,0.001,0.002,0.403,0.711,0.504,0.138,0.001,0.86,0.941,0.935,1.276,0.547,0.261,0.462,0.542,-0.465,0.674,0.386,0.426,0.78,0.641,0.001,0.001,0,0,0,0,0.863,0.808,0.449,0,0,0.001,0,0,0,0.545,0.73,0.1,0.001,0,0.001,0.001,0.001,0.001,0,0.015,0.001,0,0.001,0,0,0,0.001,0,0.001,0.001,0.001,0,0,0.001,0,0,0,10.122,4.946
01:52.7,2063,-0.21,-0.178,0.717,0.64,-0.603,-0.544,-0.545,-0.21,-0.684,-0.659,-0.079,0.304,-0.267,-0.307,-0.662,-0.629,-0.519,-0.593,-0.396,-0.472,-0.537,0.536,0.635,0.147,0.001,0.001,0.001,0.001,0.073,0.046,0.166,0.049,0.001,0.001,0.044,0.001,0.012,0.001,0.14,0.275,0.255,0.001,0.002,0.002,0.001,0.001,0.001,0.221,0.582,0.523,0.133,0.001,0.001,0.001,0.001,0.002,0.403,0.711,0.504,0.138,0.001,0.86,0.941,0.935,1.276,0.547,0.261,0.462,0.542,-0.462,0.688,0.323,0.456,0.818,0.706,0.49,0.199,0.51,0.16,0.101,0.001,0.75,0.863,0.866,0.299,0.049,0,0.046,0.018,0,0.516,0.836,0.668,0.002,0.001,0,0,0.021,0,0,0.165,0.024,0.001,0.001,0.001,0,0,0.001,0,0.001,0,0.001,0,0.001,0,0.001,0.001,0,10.122,8.118
01:52.7,2064,-0.223,-0.165,0.714,0.643,-0.606,-0.542,-0.544,-0.204,-0.681,-0.664,-0.075,0.301,-0.255,-0.317,-0.662,-0.629,-0.518,-0.594,-0.399,-0.469,-0.53,0.563,0.619,0.138,0.001,0.001,0.001,0.001,0.045,0.001,0.023,0.001,0.001,0.001,0.001,0.001,0.001,0.001,0.029,0.277,0.099,0.001,0.001,0.001,0.001,0.001,0.05,0.04,0.176,0.254,0.076,0.001,0.001,0.001,0.001,0.001,0.209,0.309,0.389,0.07,0.001,0.568,0.387,0.495,1.034,0.271,0.118,0.188,0.534,-0.467,0.683,0.323,0.46,0.889,0.708,0.654,0.67,1.006,0.681,0.591,0.006,0.81,0.751,0.821,0.695,0.355,0.225,0.458,0.179,0,0.707,0.883,0.784,0.27,0.11,0.007,0.123,0.562,0.001,0,0.443,0.298,0.054,0.004,0.001,0.071,0.055,0.001,0,0,0.004,0.067,0,0,0.002,0.001,0,0.001,5.664,13.948
01:52.7,2065,-0.236,-0.152,0.711,0.645,-0.608,-0.543,-0.544,-0.198,-0.678,-0.667,-0.07,0.3,-0.241,-0.325,-0.663,-0.63,-0.517,-0.595,-0.402,-0.466,-0.535,0.569,0.619,0.087,0.001,0.001,0.001,0.001,0.017,0.001,0.011,0.001,0.001,0.001,0.001,0.001,0.001,0,0.028,0.263,0.035,0.001,0.001,0.001,0.001,0.001,0.018,0.016,0.149,0.182,0.035,0.001,0.001,0.001,0.001,0.001,0.125,0.217,0.294,0.043,0.001,0.386,0.292,0.283,0.9,0.085,0.033,0.087,0.392,-0.473,0.677,0.328,0.457,0.895,0.708,0.657,0.695,1.023,0.658,0.611,0.009,0.807,0.745,0.823,0.707,0.377,0.256,0.48,0.206,0.001,0.713,0.885,0.786,0.291,0.151,0.009,0.132,0.607,0.001,0,0.447,0.309,0.063,0.004,0.002,0.07,0.095,0.001,0.001,0.001,0.016,0.095,0.001,0.001,0.004,0.001,0,0,3.913,14.344
01:52.7,2066,-0.251,-0.139,0.708,0.646,-0.606,-0.544,-0.547,-0.191,-0.676,-0.67,-0.064,0.3,-0.227,-0.331,-0.663,-0.631,-0.517,-0.596,-0.405,-0.463,-0.538,0.572,0.617,0.044,0.001,0.001,0.001,0.001,0.001,0.001,0.007,0.001,0.001,0.001,0.001,0.001,0.001,0.001,0.001,0.183,0.001,0.001,0.004,0.001,0.001,0.001,0.001,0.001,0.121,0.05,0.012,0.001,0.001,0.001,0.001,0.001,0.039,0.116,0.171,0.012,0.001,0.192,0.178,0.205,0.632,0.001,0.001,0.01,0.038,-0.473,0.677,0.328,0.457,0.895,0.708,0.657,0.695,1.023,0.658,0.611,0.009,0.807,0.745,0.823,0.707,0.377,0.256,0.48,0.206,0.001,0.713,0.885,0.786,0.291,0.151,0.009,0.132,0.607,0.001,0,0.447,0.309,0.063,0.004,0.002,0.07,0.095,0.001,0.001,0.001,0.016,0.095,0.001,0.001,0.004,0.001,0,0,1.999,14.344
01:52.7,2067,-0.265,-0.127,0.704,0.646,-0.605,-0.544,-0.552,-0.185,-0.674,-0.673,-0.057,0.299,-0.214,-0.335,-0.664,-0.634,-0.516,-0.596,-0.408,-0.46,-0.542,0.574,0.614,0.006,0.001,0.001,0.001,0.001,0.001,0.001,0.001,0.001,0.001,0.001,0.001,0.001,0.001,0.001,0.001,0.095,0.001,0.001,0.001,0.001,0.001,0.001,0.001,0.001,0.089,0.001,0.001,0.001,0.001,0.001,0.001,0.001,0.005,0.09,0.081,0.012,0.001,0.021,0.079,0.106,0.283,0.001,0.001,0.001,0.001,-0.473,0.677,0.328,0.457,0.895,0.708,0.657,0.695,1.023,0.658,0.611,0.009,0.807,0.745,0.823,0.707,0.377,0.256,0.48,0.206,0.001,0.713,0.885,0.786,0.291,0.151,0.009,0.132,0.607,0.001,0,0.447,0.309,0.063,0.004,0.002,0.07,0.095,0.001,0.001,0.001,0.016,0.095,0.001,0.001,0.004,0.001,0,0,0.896,14.344
01:52.7,2068,-0.279,-0.117,0.701,0.646,-0.603,-0.541,-0.557,-0.182,-0.674,-0.676,-0.048,0.294,-0.204,-0.337,-0.663,-0.636,-0.517,-0.596,-0.411,-0.456,-0.547,0.574,0.608,-0.038,0.001,0.001,0.001,0.001,0.001,0.001,0.001,0.001,0.001,0.001,0.004,0.001,0.001,0.001,0.001,0.001,0.001,0.001,0.001,0.001,0.001,0.001,0.001,0.001,0.059,0.001,0.001,0.001,0.001,0.001,0.001,0.001,0.001,0.018,0.001,0.001,0.001,0.001,0.027,0.001,0.001,0.001,0.001,0.001,0.001,-0.473,0.677,0.328,0.457,0.895,0.708,0.657,0.695,1.023,0.658,0.611,0.009,0.807,0.745,0.823,0.707,0.377,0.256,0.48,0.206,0.001,0.713,0.885,0.786,0.291,0.151,0.009,0.132,0.607,0.001,0,0.447,0.309,0.063,0.004,0.002,0.07,0.095,0.001,0.001,0.001,0.016,0.095,0.001,0.001,0.004,0.001,0,0,0.149,14.344
01:52.7,2069,-0.291,-0.109,0.698,0.645,-0.6,-0.538,-0.564,-0.179,-0.674,-0.681,-0.038,0.285,-0.198,-0.339,-0.662,-0.638,-0.519,-0.596,-0.415,-0.451,-0.55,0.574,0.603,-0.064,0.001,0.001,0.001,0.001,0.001,0.001,0.001,0.001,0.001,0.001,0.013,0.001,0.001,0.001,0.001,0.001,0.001,0.001,0.001,0.001,0.001,0.001,0.001,0.001,0.044,0.001,0.001,0.001,0.001,0.001,0.001,0.001,0.001,0.001,0.001,0.001,0.001,0.001,0.001,0.001,0.001,0.001,0.001,0.001,0.001,-0.473,0.677,0.328,0.457,0.895,0.708,0.657,0.695,1.023,0.658,0.611,0.009,0.807,0.745,0.823,0.707,0.377,0.256,0.48,0.206,0.001,0.713,0.885,0.786,0.291,0.151,0.009,0.132,0.607,0.001,0,0.447,0.309,0.063,0.004,0.002,0.07,0.095,0.001,0.001,0.001,0.016,0.095,0.001,0.001,0.004,0.001,0,0,0.1,14.344
01:52.8,2070,-0.303,-0.102,0.696,0.643,-0.595,-0.535,-0.573,-0.177,-0.674,-0.685,-0.029,0.274,-0.194,-0.341,-0.66,-0.64,-0.521,-0.595,-0.418,-0.446,-0.537,0.595,0.592,-0.078,0.001,0.001,0.001,0.001,0.001,0.001,0.001,0.001,0.001,0.001,0.029,0.001,0.001,0.001,0.001,0.001,0.001,0.001,0.002,0.001,0.001,0.001,0.001,0.001,0.048,0.001,0.001,0.001,0.001,0.001,0.001,0.001,0.001,0.001,0.001,0.001,0.001,0.001,0.001,0.001,0.001,0.001,0.001,0.001,0.001,-0.473,0.677,0.328,0.457,0.895,0.708,0.657,0.695,1.023,0.658,0.611,0.009,0.807,0.745,0.823,0.707,0.377,0.256,0.48,0.206,0.001,0.713,0.885,0.786,0.291,0.151,0.009,0.132,0.607,0.001,0,0.447,0.309,0.063,0.004,0.002,0.07,0.095,0.001,0.001,0.001,0.016,0.095,0.001,0.001,0.004,0.001,0,0,0.121,14.344
01:52.8,2071,-0.314,-0.096,0.694,0.64,-0.589,-0.532,-0.584,-0.172,-0.674,-0.69,-0.021,0.262,-0.194,-0.343,-0.659,-0.641,-0.523,-0.595,-0.422,-0.441,-0.518,0.612,0.591,-0.082,0.001,0.001,0.001,0.01,0.001,0.001,0.001,0.001,0.001,0.001,0.013,0.001,0.001,0.001,0.001,0.001,0.001,0.001,0.004,0.001,0.001,0.001,0.001,0.001,0.039,0.001,0.001,0.001,0.001,0.001,0.001,0.001,0.001,0.001,0.001,0.001,0.001,0.001,0.001,0.001,0.001,0.001,0.001,0.001,0.001,-0.473,0.677,0.328,0.457,0.895,0.708,0.657,0.695,1.023,0.658,0.611,0.009,0.807,0.745,0.823,0.707,0.377,0.256,0.48,0.206,0.001,0.713,0.885,0.786,0.291,0.151,0.009,0.132,0.607,0.001,0,0.447,0.309,0.063,0.004,0.002,0.07,0.095,0.001,0.001,0.001,0.016,0.095,0.001,0.001,0.004,0.001,0,0,0.107,14.344
01:52.8,2072,-0.324,-0.092,0.693,0.638,-0.583,-0.528,-0.595,-0.166,-0.674,-0.695,-0.015,0.251,-0.194,-0.345,-0.659,-0.64,-0.525,-0.595,-0.424,-0.437,-0.518,0.612,0.591,-0.082,0.001,0.001,0.001,0.01,0.001,0.001,0.001,0.001,0.001,0.001,0.013,0.001,0.001,0.001,0.001,0.001,0.001,0.001,0.004,0.001,0.001,0.001,0.001,0.001,0.039,0.001,0.001,0.001,0.001,0.001,0.001,0.001,0.001,0.001,0.001,0.001,0.001,0.001,0.001,0.001,0.001,0.001,0.001,0.001,0.001,-0.484,0.656,0.343,0.465,0.899,0.708,0.656,0.703,1.026,0.669,0.634,0.01,0.805,0.742,0.823,0.714,0.394,0.271,0.496,0.222,0.001,0.716,0.884,0.788,0.309,0.167,0.01,0.142,0.63,0,0,0.452,0.32,0.066,0.005,0.002,0.078,0.116,0,0,0,0.023,0.136,0,0,0.006,0.001,0,0.001,0.107,14.625
01:52.8,2073,-0.333,-0.09,0.691,0.635,-0.578,-0.522,-0.607,-0.157,-0.673,-0.699,-0.01,0.242,-0.194,-0.348,-0.659,-0.638,-0.527,-0.594,-0.425,-0.434,-0.518,0.612,0.591,-0.082,0.001,0.001,0.001,0.01,0.001,0.001,0.001,0.001,0.001,0.001,0.013,0.001,0.001,0.001,0.001,0.001,0.001,0.001,0.004,0.001,0.001,0.001,0.001,0.001,0.039,0.001,0.001,0.001,0.001,0.001,0.001,0.001,0.001,0.001,0.001,0.001,0.001,0.001,0.001,0.001,0.001,0.001,0.001,0.001,0.001,-0.484,0.656,0.343,0.465,0.899,0.708,0.656,0.703,1.026,0.669,0.634,0.01,0.805,0.742,0.823,0.714,0.394,0.271,0.496,0.222,0.001,0.716,0.884,0.788,0.309,0.167,0.01,0.142,0.63,0,0,0.452,0.32,0.066,0.005,0.002,0.078,0.116,0,0,0,0.023,0.136,0,0,0.006,0.001,0,0.001,0.107,14.625
01:52.8,2074,-0.342,-0.09,0.688,0.633,-0.574,-0.515,-0.619,-0.146,-0.672,-0.703,-0.006,0.233,-0.192,-0.351,-0.66,-0.636,-0.529,-0.593,-0.425,-0.434,-0.518,0.612,0.591,-0.082,0.001,0.001,0.001,0.01,0.001,0.001,0.001,0.001,0.001,0.001,0.013,0.001,0.001,0.001,0.001,0.001,0.001,0.001,0.004,0.001,0.001,0.001,0.001,0.001,0.039,0.001,0.001,0.001,0.001,0.001,0.001,0.001,0.001,0.001,0.001,0.001,0.001,0.001,0.001,0.001,0.001,0.001,0.001,0.001,0.001,-0.484,0.656,0.343,0.465,0.899,0.708,0.656,0.703,1.026,0.669,0.634,0.01,0.805,0.742,0.823,0.714,0.394,0.271,0.496,0.222,0.001,0.716,0.884,0.788,0.309,0.167,0.01,0.142,0.63,0,0,0.452,0.32,0.066,0.005,0.002,0.078,0.116,0,0,0,0.023,0.136,0,0,0.006,0.001,0,0.001,0.107,14.625
01:52.8,2075,-0.35,-0.091,0.686,0.631,-0.572,-0.51,-0.628,-0.135,-0.67,-0.707,-0.003,0.225,-0.187,-0.353,-0.661,-0.634,-0.53,-0.592,-0.425,-0.434,-0.518,0.612,0.591,-0.082,0.001,0.001,0.001,0.01,0.001,0.001,0.001,0.001,0.001,0.001,0.013,0.001,0.001,0.001,0.001,0.001,0.001,0.001,0.004,0.001,0.001,0.001,0.001,0.001,0.039,0.001,0.001,0.001,0.001,0.001,0.001,0.001,0.001,0.001,0.001,0.001,0.001,0.001,0.001,0.001,0.001,0.001,0.001,0.001,0.001,-0.484,0.656,0.343,0.465,0.899,0.708,0.656,0.703,1.026,0.669,0.634,0.01,0.805,0.742,0.823,0.714,0.394,0.271,0.496,0.222,0.001,0.716,0.884,0.788,0.309,0.167,0.01,0.142,0.63,0,0,0.452,0.32,0.066,0.005,0.002,0.078,0.116,0,0,0,0.023,0.136,0,0,0.006,0.001,0,0.001,0.107,14.625
01:52.8,2076,-0.358,-0.092,0.684,0.629,-0.572,-0.505,-0.634,-0.124,-0.668,-0.712,0.001,0.217,-0.181,-0.356,-0.662,-0.634,-0.531,-0.59,-0.424,-0.436,-0.518,0.612,0.591,-0.082,0.001,0.001,0.001,0.01,0.001,0.001,0.001,0.001,0.001,0.001,0.013,0.001,0.001,0.001,0.001,0.001,0.001,0.001,0.004,0.001,0.001,0.001,0.001,0.001,0.039,0.001,0.001,0.001,0.001,0.001,0.001,0.001,0.001,0.001,0.001,0.001,0.001,0.001,0.001,0.001,0.001,0.001,0.001,0.001,0.001,-0.484,0.656,0.343,0.465,0.899,0.708,0.656,0.703,1.026,0.669,0.634,0.01,0.805,0.742,0.823,0.714,0.394,0.271,0.496,0.222,0.001,0.716,0.884,0.788,0.309,0.167,0.01,0.142,0.63,0,0,0.452,0.32,0.066,0.005,0.002,0.078,0.116,0,0,0,0.023,0.136,0,0,0.006,0.001,0,0.001,0.107,14.625
01:52.8,2077,-0.366,-0.092,0.681,0.627,-0.572,-0.501,-0.639,-0.118,-0.664,-0.717,0.004,0.211,-0.174,-0.357,-0.663,-0.634,-0.531,-0.589,-0.424,-0.437,-0.518,0.612,0.591,-0.082,0.001,0.001,0.001,0.01,0.001,0.001,0.001,0.001,0.001,0.001,0.013,0.001,0.001,0.001,0.001,0.001,0.001,0.001,0.004,0.001,0.001,0.001,0.001,0.001,0.039,0.001,0.001,0.001,0.001,0.001,0.001,0.001,0.001,0.001,0.001,0.001,0.001,0.001,0.001,0.001,0.001,0.001,0.001,0.001,0.001,-0.484,0.656,0.343,0.465,0.899,0.708,0.656,0.703,1.026,0.669,0.634,0.01,0.805,0.742,0.823,0.714,0.394,0.271,0.496,0.222,0.001,0.716,0.884,0.788,0.309,0.167,0.01,0.142,0.63,0,0,0.452,0.32,0.066,0.005,0.002,0.078,0.116,0,0,0,0.023,0.136,0,0,0.006,0.001,0,0.001,0.107,14.625
01:52.8,2078,-0.373,-0.092,0.679,0.625,-0.572,-0.496,-0.643,-0.115,-0.661,-0.722,0.008,0.205,-0.168,-0.357,-0.664,-0.634,-0.531,-0.588,-0.425,-0.438,-0.499,0.551,0.668,-0.019,0.001,0.001,0.001,0.001,0.001,0.001,0.001,0.001,0.001,0.001,0.009,0.001,0.001,0.001,0.001,0.001,0.001,0.001,0.004,0.001,0.001,0.001,0.001,0.001,0.035,0.001,0.001,0.001,0.001,0.001,0.001,0.001,0.001,0.001,0.001,0.001,0.001,0.001,0.001,0.001,0.001,0.001,0.001,0,0.001,-0.484,0.656,0.343,0.465,0.899,0.708,0.656,0.703,1.026,0.669,0.634,0.01,0.805,0.742,0.823,0.714,0.394,0.271,0.496,0.222,0.001,0.716,0.884,0.788,0.309,0.167,0.01,0.142,0.63,0,0,0.452,0.32,0.066,0.005,0.002,0.078,0.116,0,0,0,0.023,0.136,0,0,0.006,0.001,0,0.001,0.089,14.625
01:52.8,2079,-0.381,-0.089,0.677,0.623,-0.571,-0.492,-0.646,-0.116,-0.657,-0.727,0.012,0.2,-0.162,-0.357,-0.666,-0.635,-0.532,-0.586,-0.425,-0.44,-0.501,0.537,0.679,0.004,0.001,0.001,0.001,0.001,0.001,0.001,0.001,0.001,0.001,0.001,0.001,0.001,0.001,0.001,0.001,0.001,0.001,0.001,0.001,0.001,0.001,0.001,0.001,0.001,0.032,0.001,0.001,0.001,0.001,0.001,0.001,0.001,0.001,0.001,0.001,0.001,0.001,0.001,0.001,0.001,0.001,0.001,0.001,0.001,0.001,-0.484,0.656,0.343,0.465,0.899,0.708,0.656,0.703,1.026,0.669,0.634,0.01,0.805,0.742,0.823,0.714,0.394,0.271,0.496,0.222,0.001,0.716,0.884,0.788,0.309,0.167,0.01,0.142,0.63,0,0,0.452,0.32,0.066,0.005,0.002,0.078,0.116,0,0,0,0.023,0.136,0,0,0.006,0.001,0,0.001,0.076,14.625
01:52.8,2080,-0.388,-0.086,0.676,0.621,-0.569,-0.489,-0.65,-0.118,-0.653,-0.732,0.016,0.195,-0.159,-0.356,-0.667,-0.635,-0.532,-0.584,-0.426,-0.441,-0.504,0.518,0.69,0.029,0.001,0.001,0.001,0.001,0.001,0.001,0.001,0.001,0.001,0.001,0.001,0.001,0.001,0.001,0.001,0.001,0.001,0.001,0.001,0.001,0.001,0.001,0.001,0.001,0.035,0.001,0.001,0.001,0.001,0.001,0.001,0.001,0.001,0.001,0.001,0.001,0.001,0.001,0.001,0.001,0.001,0.001,0.001,0.001,0.001,-0.478,0.651,0.343,0.48,0.902,0.726,0.712,0.816,1.133,0.916,0.777,0.033,0.74,0.736,0.821,0.775,0.504,0.383,0.545,0.382,0.001,0.656,0.896,0.783,0.388,0.233,0.016,0.272,0.769,0.001,0,0.388,0.287,0.083,0.007,0.004,0.176,0.416,0,0,0.001,0.111,0.365,0.001,0,0.006,0.015,0,0,0.079,16.776
01:52.9,2081,-0.394,-0.081,0.674,0.62,-0.565,-0.487,-0.655,-0.122,-0.649,-0.736,0.021,0.191,-0.157,-0.355,-0.668,-0.634,-0.533,-0.581,-0.427,-0.443,-0.508,0.494,0.704,0.059,0.001,0.001,0.001,0.001,0.001,0.001,0.001,0.001,0.001,0.001,0.001,0.001,0.001,0.001,0.001,0.001,0.001,0.001,0.001,0.001,0.001,0.001,0.001,0.001,0.033,0.001,0.001,0.001,0.001,0.001,0.001,0.001,0.001,0.001,0.001,0.001,0.001,0.001,0.001,0.001,0.001,0.001,0.001,0.001,0.001,-0.478,0.65,0.343,0.481,0.624,0.669,0.728,0.841,1.193,1.082,0.807,0.133,0.457,0.768,0.834,0.789,0.58,0.507,0.602,0.492,0.004,0.473,0.919,0.724,0.361,0.237,0.016,0.41,0.803,0.004,0.001,0.19,0.189,0.061,0.005,0.004,0.255,0.53,0,0.044,0.001,0.188,0.44,0,0.219,0.009,0.042,0,0,0.077,17.235
01:52.9,2082,-0.4,-0.078,0.672,0.618,-0.56,-0.486,-0.659,-0.127,-0.645,-0.74,0.026,0.186,-0.156,-0.355,-0.669,-0.634,-0.534,-0.578,-0.428,-0.444,-0.509,0.472,0.715,0.081,0,0.001,0.001,0.001,0.001,0.001,0.001,0.001,0.001,0.001,0.001,0.001,0.001,0.001,0.001,0.001,0.001,0.001,0.001,0.001,0.001,0.001,0.001,0.001,0.035,0.001,0.001,0.001,0.001,0.001,0.001,0.001,0.001,0.001,0.001,0.001,0.001,0.001,0.001,0.001,0.001,0.001,0.001,0.001,0.001,-0.478,0.648,0.343,0.484,0.563,0.656,0.72,0.838,1.199,1.089,0.805,0.15,0.398,0.764,0.839,0.789,0.581,0.521,0.611,0.495,0.009,0.422,0.919,0.717,0.348,0.231,0.016,0.42,0.8,0.009,0.001,0.17,0.173,0.056,0.005,0.004,0.256,0.54,0,0.048,0.001,0.189,0.442,0.001,0.221,0.009,0.043,0,0.001,0.078,17.069
01:52.9,2083,-0.406,-0.076,0.671,0.616,-0.555,-0.486,-0.662,-0.133,-0.642,-0.744,0.032,0.181,-0.157,-0.354,-0.67,-0.633,-0.535,-0.575,-0.429,-0.445,-0.509,0.441,0.73,0.111,0.001,0.001,0.001,0.001,0.001,0.001,0.001,0.001,0.001,0.001,0.001,0.001,0.001,0.001,0.001,0.001,0.001,0.001,0.001,0.001,0.001,0.001,0.001,0.001,0.04,0.001,0.001,0.001,0.001,0.001,0.001,0.001,0.001,0.001,0.001,0.001,0.001,0.001,0.001,0.001,0.001,0.001,0.001,0.001,0.001,-0.478,0.647,0.343,0.485,0.491,0.637,0.716,0.835,1.205,1.092,0.802,0.16,0.335,0.764,0.839,0.781,0.589,0.545,0.619,0.503,0.007,0.366,0.912,0.711,0.335,0.228,0.015,0.432,0.802,0.026,0,0.14,0.149,0.053,0.004,0.004,0.26,0.547,0.001,0.046,0.001,0.195,0.444,0,0.247,0.01,0.042,0,0,0.084,16.89
01:52.9,2084,-0.412,-0.074,0.669,0.613,-0.55,-0.486,-0.664,-0.14,-0.64,-0.747,0.038,0.175,-0.158,-0.354,-0.671,-0.632,-0.537,-0.572,-0.431,-0.446,-0.51,0.416,0.74,0.135,0.001,0.001,0.001,0.001,0.001,0.001,0.001,0.001,0.001,0.001,0.001,0.001,0.001,0.001,0.001,0.001,0.001,0.001,0.001,0.001,0.001,0,0.001,0.001,0.034,0.001,0.001,0.001,0.001,0.001,0.001,0.001,0.001,0.001,0.001,0.001,0.001,0.001,0.001,0.001,0.001,0.001,0.001,0.001,0.001,-0.478,0.646,0.343,0.487,0.391,0.619,0.701,0.838,1.212,1.1,0.795,0.167,0.256,0.755,0.842,0.77,0.593,0.562,0.628,0.51,0.004,0.276,0.893,0.697,0.319,0.22,0.015,0.447,0.802,0.049,0,0.117,0.129,0.046,0.004,0.004,0.264,0.557,0,0.049,0.002,0.199,0.442,0,0.248,0.009,0.049,0.001,0.002,0.077,16.583
01:52.9,2085,-0.419,-0.075,0.668,0.61,-0.546,-0.486,-0.665,-0.15,-0.638,-0.75,0.044,0.168,-0.157,-0.354,-0.672,-0.631,-0.539,-0.569,-0.433,-0.446,-0.511,0.385,0.75,0.164,0.001,0.001,0.001,0.001,0.001,0.001,0.001,0.001,0.001,0.001,0.001,0.001,0.001,0.001,0.001,0.001,0.001,0.001,0.001,0.001,0.001,0.001,0.001,0.001,0.037,0.001,0.001,0,0.001,0.001,0.001,0.001,0.001,0.001,0.001,0.001,0.001,0.001,0.001,0.001,0.001,0.001,0.001,0.001,0.001,-0.478,0.645,0.343,0.488,0.297,0.601,0.691,0.834,1.222,1.115,0.795,0.17,0.208,0.745,0.838,0.766,0.597,0.573,0.635,0.519,0.011,0.182,0.875,0.675,0.289,0.205,0.013,0.459,0.807,0.056,0.001,0.089,0.116,0.043,0.004,0.002,0.269,0.559,0,0.05,0.001,0.199,0.443,0,0.27,0.009,0.05,0,0.005,0.08,16.288
01:52.9,2086,-0.425,-0.076,0.667,0.607,-0.544,-0.485,-0.665,-0.161,-0.637,-0.753,0.049,0.161,-0.155,-0.354,-0.673,-0.631,-0.541,-0.566,-0.435,-0.446,-0.511,0.361,0.757,0.186,0.001,0.001,0.001,0.001,0.001,0.001,0.001,0.001,0.001,0.001,0.001,0.001,0.001,0.001,0.001,0.001,0.001,0.001,0.001,0.001,0.001,0.001,0.001,0.001,0.032,0.001,0.001,0.001,0.001,0.001,0.001,0.001,0.001,0.001,0.001,0.001,0.001,0.001,0.001,0.001,0.001,0.001,0.001,0.001,0.001,-0.478,0.644,0.344,0.489,0.173,0.576,0.685,0.834,1.236,1.125,0.794,0.179,0.139,0.723,0.83,0.746,0.596,0.59,0.641,0.532,0.017,0.1,0.85,0.657,0.266,0.194,0.012,0.474,0.812,0.082,0,0.067,0.076,0.035,0.004,0.002,0.274,0.559,0.001,0.049,0.001,0.198,0.437,0,0.278,0.007,0.049,0,0.007,0.076,15.907
01:52.9,2087,-0.431,-0.078,0.667,0.603,-0.542,-0.484,-0.664,-0.173,-0.635,-0.755,0.054,0.153,-0.152,-0.353,-0.673,-0.632,-0.542,-0.563,-0.436,-0.446,-0.51,0.329,0.766,0.213,0.001,0.001,0.001,0.001,0.001,0.001,0.001,0.001,0.001,0.001,0.001,0.001,0.001,0.001,0.001,0.001,0.001,0.001,0.001,0.001,0.001,0.001,0.001,0.001,0.034,0.001,0.001,0.001,0.001,0.001,0.001,0.001,0.001,0.001,0.001,0.001,0.001,0.001,0.001,0.001,0.001,0.001,0.001,0.001,0.001,-0.477,0.643,0.344,0.49,0.059,0.523,0.681,0.833,1.253,1.133,0.791,0.189,0.081,0.694,0.817,0.718,0.595,0.602,0.653,0.547,0.021,0.015,0.842,0.629,0.247,0.175,0.012,0.495,0.808,0.088,0,0.042,0.051,0.027,0.004,0.002,0.27,0.562,0.001,0.046,0.002,0.194,0.435,0,0.306,0.007,0.045,0.001,0.007,0.078,15.503
01:52.9,2088,-0.437,-0.081,0.666,0.599,-0.541,-0.484,-0.662,-0.187,-0.634,-0.757,0.059,0.145,-0.149,-0.352,-0.673,-0.633,-0.544,-0.56,-0.438,-0.445,-0.509,0.307,0.77,0.23,0.001,0.001,0.001,0.001,0.001,0.001,0.001,0.001,0.001,0.001,0.001,0.001,0.001,0.001,0.001,0.001,0.001,0.001,0.001,0.001,0.001,0.001,0.001,0.001,0.033,0.001,0.001,0.001,0.001,0.001,0.001,0.001,0.001,0.001,0.001,0.001,0.001,0.001,0.001,0.001,0.001,0.001,0.001,0.001,0.001,-0.477,0.643,0.343,0.492,0,0.457,0.65,0.83,1.267,1.143,0.79,0.203,0.023,0.665,0.81,0.7,0.589,0.614,0.659,0.557,0.023,0,0.828,0.618,0.236,0.162,0.012,0.505,0.813,0.083,0.011,0.022,0.016,0.026,0.004,0.002,0.272,0.56,0,0.039,0.002,0.192,0.426,0,0.35,0.007,0.045,0,0.006,0.077,15.217
01:52.9,2089,-0.444,-0.085,0.665,0.594,-0.541,-0.483,-0.658,-0.202,-0.633,-0.759,0.062,0.137,-0.146,-0.35,-0.674,-0.634,-0.545,-0.558,-0.44,-0.445,-0.509,0.307,0.77,0.23,0.001,0.001,0.001,0.001,0.001,0.001,0.001,0.001,0.001,0.001,0.001,0.001,0.001,0.001,0.001,0.001,0.001,0.001,0.001,0.001,0.001,0.001,0.001,0.001,0.033,0.001,0.001,0.001,0.001,0.001,0.001,0.001,0.001,0.001,0.001,0.001,0.001,0.001,0.001,0.001,0.001,0.001,0.001,0.001,0.001,-0.476,0.642,0.342,0.494,0.001,0.418,0.62,0.811,1.282,1.153,0.79,0.211,0,0.63,0.78,0.681,0.585,0.623,0.667,0.569,0.037,0,0.78,0.596,0.222,0.143,0.011,0.523,0.816,0.098,0.018,0.004,0.005,0.022,0.004,0.002,0.269,0.559,0.001,0.038,0.002,0.188,0.42,0.001,0.394,0.009,0.044,0,0.01,0.077,15.037
01:53.0,2090,-0.45,-0.089,0.665,0.59,-0.54,-0.483,-0.654,-0.218,-0.632,-0.761,0.064,0.129,-0.144,-0.348,-0.675,-0.634,-0.545,-0.556,-0.441,-0.445,-0.509,0.307,0.77,0.23,0.001,0.001,0.001,0.001,0.001,0.001,0.001,0.001,0.001,0.001,0.001,0.001,0.001,0.001,0.001,0.001,0.001,0.001,0.001,0.001,0.001,0.001,0.001,0.001,0.033,0.001,0.001,0.001,0.001,0.001,0.001,0.001,0.001,0.001,0.001,0.001,0.001,0.001,0.001,0.001,0.001,0.001,0.001,0.001,0.001,-0.476,0.641,0.342,0.495,0,0.354,0.576,0.808,1.294,1.162,0.79,0.226,0,0.565,0.75,0.654,0.576,0.636,0.676,0.573,0.043,0,0.733,0.574,0.187,0.128,0.01,0.534,0.821,0.111,0.029,0.004,0.004,0.015,0.004,0.004,0.272,0.559,0,0.038,0.002,0.188,0.416,0.001,0.44,0.009,0.044,0,0.013,0.077,14.823
01:53.0,2091,-0.455,-0.095,0.664,0.585,-0.539,-0.483,-0.649,-0.234,-0.631,-0.763,0.066,0.122,-0.144,-0.345,-0.676,-0.635,-0.545,-0.555,-0.443,-0.445,-0.509,0.307,0.77,0.23,0.001,0.001,0.001,0.001,0.001,0.001,0.001,0.001,0.001,0.001,0.001,0.001,0.001,0.001,0.001,0.001,0.001,0.001,0.001,0.001,0.001,0.001,0.001,0.001,0.033,0.001,0.001,0.001,0.001,0.001,0.001,0.001,0.001,0.001,0.001,0.001,0.001,0.001,0.001,0.001,0.001,0.001,0.001,0.001,0.001,-0.476,0.64,0.341,0.497,0.001,0.295,0.529,0.775,1.311,1.168,0.785,0.23,0,0.518,0.7,0.639,0.565,0.645,0.681,0.582,0.045,0.001,0.684,0.554,0.166,0.11,0.01,0.545,0.821,0.128,0.048,0.002,0.004,0.01,0.004,0.004,0.277,0.56,0,0.039,0.002,0.193,0.418,0,0.453,0.009,0.043,0.001,0.017,0.077,14.572
01:53.0,2092,-0.459,-0.101,0.664,0.582,-0.537,-0.484,-0.644,-0.25,-0.629,-0.765,0.066,0.117,-0.145,-0.343,-0.677,-0.634,-0.543,-0.555,-0.445,-0.445,-0.509,0.307,0.77,0.23,0.001,0.001,0.001,0.001,0.001,0.001,0.001,0.001,0.001,0.001,0.001,0.001,0.001,0.001,0.001,0.001,0.001,0.001,0.001,0.001,0.001,0.001,0.001,0.001,0.033,0.001,0.001,0.001,0.001,0.001,0.001,0.001,0.001,0.001,0.001,0.001,0.001,0.001,0.001,0.001,0.001,0.001,0.001,0.001,0.001,-0.475,0.64,0.34,0.499,0,0.237,0.502,0.709,1.322,1.172,0.783,0.234,0,0.464,0.635,0.619,0.56,0.657,0.686,0.585,0.056,0,0.603,0.509,0.151,0.095,0.01,0.549,0.821,0.171,0.062,0.002,0.004,0.009,0.004,0.004,0.283,0.564,0,0.038,0.002,0.198,0.426,0.001,0.498,0.007,0.048,0,0.032,0.077,14.312
01:53.0,2093,-0.461,-0.109,0.664,0.578,-0.535,-0.486,-0.638,-0.267,-0.628,-0.767,0.066,0.112,-0.146,-0.34,-0.679,-0.634,-0.541,-0.555,-0.447,-0.446,-0.509,0.307,0.77,0.23,0.001,0.001,0.001,0.001,0.001,0.001,0.001,0.001,0.001,0.001,0.001,0.001,0.001,0.001,0.001,0.001,0.001,0.001,0.001,0.001,0.001,0.001,0.001,0.001,0.033,0.001,0.001,0.001,0.001,0.001,0.001,0.001,0.001,0.001,0.001,0.001,0.001,0.001,0.001,0.001,0.001,0.001,0.001,0.001,0.001,-0.473,0.64,0.336,0.504,0,0.151,0.469,0.687,1.324,1.173,0.774,0.241,0,0.427,0.618,0.576,0.563,0.669,0.691,0.585,0.061,0,0.541,0.473,0.131,0.087,0.01,0.563,0.821,0.193,0.077,0.002,0.004,0.006,0.004,0.004,0.288,0.564,0,0.032,0.002,0.201,0.435,0.022,0.541,0.009,0.048,0,0.039,0.077,14.106
01:53.0,2094,-0.461,-0.118,0.665,0.576,-0.53,-0.49,-0.631,-0.284,-0.628,-0.768,0.065,0.108,-0.146,-0.338,-0.68,-0.634,-0.539,-0.554,-0.449,-0.447,-0.509,0.307,0.77,0.23,0.001,0.001,0.001,0.001,0.001,0.001,0.001,0.001,0.001,0.001,0.001,0.001,0.001,0.001,0.001,0.001,0.001,0.001,0.001,0.001,0.001,0.001,0.001,0.001,0.033,0.001,0.001,0.001,0.001,0.001,0.001,0.001,0.001,0.001,0.001,0.001,0.001,0.001,0.001,0.001,0.001,0.001,0.001,0.001,0.001,-0.471,0.64,0.332,0.507,0,0.11,0.436,0.667,1.319,1.176,0.764,0.244,0.001,0.368,0.602,0.56,0.552,0.676,0.694,0.59,0.059,0,0.459,0.429,0.116,0.094,0.01,0.57,0.822,0.23,0.114,0.002,0.004,0.002,0.004,0.004,0.302,0.565,0,0.034,0.002,0.209,0.441,0.092,0.59,0.01,0.051,0.001,0.043,0.077,14.018
01:53.0,2095,-0.46,-0.128,0.666,0.573,-0.524,-0.494,-0.625,-0.302,-0.627,-0.769,0.063,0.104,-0.145,-0.336,-0.681,-0.634,-0.537,-0.554,-0.451,-0.449,-0.511,0.136,0.776,0.342,0.001,0.001,0.001,0.001,0.001,0.001,0.001,0.001,0.001,0.001,0.001,0.001,0.001,0.001,0.001,0.001,0.001,0.001,0.001,0.001,0.001,0.001,0.001,0.001,0.033,0.001,0.001,0.001,0.001,0.001,0.001,0.001,0.001,0.001,0.001,0.001,0.001,0.001,0.001,0.001,0.001,0.001,0.001,0.001,0.001,-0.471,0.64,0.329,0.511,0,0.1,0.393,0.652,1.31,1.177,0.755,0.249,0.001,0.291,0.598,0.56,0.551,0.69,0.695,0.589,0.065,0,0.385,0.388,0.098,0.088,0.01,0.579,0.823,0.256,0.139,0.001,0.004,0.002,0.004,0.004,0.31,0.569,0,0.043,0.002,0.223,0.448,0.165,0.658,0.01,0.056,0,0.057,0.077,13.998
01:53.0,2096,-0.457,-0.139,0.667,0.572,-0.516,-0.5,-0.617,-0.321,-0.627,-0.77,0.061,0.1,-0.143,-0.335,-0.681,-0.635,-0.534,-0.554,-0.453,-0.45,-0.511,0.117,0.774,0.354,0.001,0.001,0.001,0.001,0.001,0.001,0.001,0.001,0.001,0.001,0.001,0.001,0.001,0.001,0.001,0.001,0.001,0.001,0.001,0.001,0.001,0.001,0.001,0.001,0.031,0.001,0.001,0.001,0.001,0.001,0.001,0.001,0.001,0.001,0.001,0.001,0.001,0.001,0.001,0.001,0.001,0.001,0.001,0.001,0.001,-0.471,0.638,0.326,0.515,0,0.038,0.344,0.629,1.302,1.173,0.747,0.25,0.001,0.233,0.595,0.547,0.545,0.701,0.695,0.587,0.063,0,0.299,0.357,0.084,0.083,0.01,0.586,0.825,0.32,0.175,0.001,0.004,0.002,0.005,0.005,0.317,0.568,0.001,0.049,0.004,0.233,0.455,0.236,0.701,0.012,0.06,0.001,0.055,0.075,13.898
01:53.0,2097,-0.453,-0.151,0.668,0.571,-0.508,-0.506,-0.608,-0.341,-0.627,-0.771,0.059,0.097,-0.141,-0.334,-0.681,-0.636,-0.532,-0.553,-0.455,-0.452,-0.511,0.117,0.774,0.354,0.001,0.001,0.001,0.001,0.001,0.001,0.001,0.001,0.001,0.001,0.001,0.001,0.001,0.001,0.001,0.001,0.001,0.001,0.001,0.001,0.001,0.001,0.001,0.001,0.031,0.001,0.001,0.001,0.001,0.001,0.001,0.001,0.001,0.001,0.001,0.001,0.001,0.001,0.001,0.001,0.001,0.001,0.001,0.001,0.001,-0.471,0.637,0.323,0.518,0,0.02,0.278,0.597,1.272,1.167,0.736,0.252,0,0.17,0.6,0.525,0.541,0.712,0.695,0.589,0.076,0,0.228,0.324,0.078,0.077,0.011,0.593,0.823,0.361,0.193,0.001,0.004,0.002,0.004,0.005,0.331,0.571,0.001,0.049,0.004,0.241,0.464,0.31,0.748,0.015,0.063,0.001,0.077,0.075,13.809
01:53.0,2098,-0.446,-0.163,0.669,0.572,-0.498,-0.512,-0.599,-0.361,-0.627,-0.771,0.057,0.094,-0.139,-0.333,-0.682,-0.637,-0.529,-0.552,-0.458,-0.454,-0.511,0.117,0.774,0.354,0.001,0.001,0.001,0.001,0.001,0.001,0.001,0.001,0.001,0.001,0.001,0.001,0.001,0.001,0.001,0.001,0.001,0.001,0.001,0.001,0.001,0.001,0.001,0.001,0.031,0.001,0.001,0.001,0.001,0.001,0.001,0.001,0.001,0.001,0.001,0.001,0.001,0.001,0.001,0.001,0.001,0.001,0.001,0.001,0.001,-0.471,0.635,0.32,0.522,0,0,0.237,0.567,1.231,1.162,0.731,0.254,0,0.111,0.557,0.482,0.553,0.726,0.69,0.586,0.09,0,0.16,0.299,0.076,0.071,0.011,0.598,0.819,0.392,0.233,0,0.002,0.002,0.005,0.006,0.343,0.569,0.001,0.042,0.004,0.253,0.48,0.394,0.792,0.016,0.074,0,0.076,0.075,13.695
01:53.0,2099,-0.439,-0.176,0.669,0.573,-0.489,-0.518,-0.589,-0.382,-0.627,-0.772,0.056,0.092,-0.137,-0.332,-0.682,-0.637,-0.527,-0.55,-0.461,-0.455,-0.511,0.117,0.774,0.354,0.001,0.001,0.001,0.001,0.001,0.001,0.001,0.001,0.001,0.001,0.001,0.001,0.001,0.001,0.001,0.001,0.001,0.001,0.001,0.001,0.001,0.001,0.001,0.001,0.031,0.001,0.001,0.001,0.001,0.001,0.001,0.001,0.001,0.001,0.001,0.001,0.001,0.001,0.001,0.001,0.001,0.001,0.001,0.001,0.001,-0.472,0.633,0.317,0.525,0,0.001,0.178,0.558,1.205,1.143,0.724,0.255,0,0.049,0.538,0.457,0.548,0.741,0.686,0.587,0.088,0,0.095,0.276,0.059,0.068,0.011,0.601,0.817,0.414,0.253,0.001,0.002,0.002,0.005,0.006,0.355,0.571,0.016,0.046,0.005,0.265,0.49,0.49,0.849,0.017,0.078,0,0.093,0.075,13.643
01:53.1,2100,-0.43,-0.189,0.67,0.575,-0.479,-0.523,-0.578,-0.403,-0.627,-0.772,0.054,0.09,-0.135,-0.332,-0.682,-0.637,-0.525,-0.548,-0.464,-0.456,-0.511,0.117,0.774,0.354,0.001,0.001,0.001,0.001,0.001,0.001,0.001,0.001,0.001,0.001,0.001,0.001,0.001,0.001,0.001,0.001,0.001,0.001,0.001,0.001,0.001,0.001,0.001,0.001,0.031,0.001,0.001,0.001,0.001,0.001,0.001,0.001,0.001,0.001,0.001,0.001,0.001,0.001,0.001,0.001,0.001,0.001,0.001,0.001,0.001,-0.473,0.631,0.314,0.529,0,0,0.136,0.537,1.195,1.126,0.717,0.255,0,0.024,0.501,0.427,0.532,0.744,0.683,0.587,0.093,0,0.062,0.247,0.044,0.068,0.012,0.603,0.81,0.43,0.286,0,0.002,0.002,0.005,0.007,0.364,0.574,0.045,0.071,0.005,0.278,0.502,0.576,0.853,0.021,0.085,0,0.098,0.075,13.607
01:53.1,2101,-0.419,-0.201,0.671,0.577,-0.47,-0.527,-0.568,-0.423,-0.628,-0.772,0.053,0.087,-0.132,-0.333,-0.682,-0.638,-0.523,-0.547,-0.468,-0.457,-0.511,0.117,0.774,0.354,0.001,0.001,0.001,0.001,0.001,0.001,0.001,0.001,0.001,0.001,0.001,0.001,0.001,0.001,0.001,0.001,0.001,0.001,0.001,0.001,0.001,0.001,0.001,0.001,0.031,0.001,0.001,0.001,0.001,0.001,0.001,0.001,0.001,0.001,0.001,0.001,0.001,0.001,0.001,0.001,0.001,0.001,0.001,0.001,0.001,-0.473,0.629,0.311,0.532,0,0.001,0.099,0.497,1.181,1.107,0.712,0.258,0,0,0.47,0.411,0.52,0.747,0.675,0.581,0.092,0,0.033,0.211,0.033,0.067,0.012,0.608,0.801,0.436,0.313,0.001,0.002,0.002,0.005,0.007,0.371,0.575,0.072,0.079,0.006,0.291,0.518,0.658,0.889,0.026,0.095,0.001,0.104,0.075,13.567
01:53.1,2102,-0.408,-0.214,0.672,0.58,-0.463,-0.532,-0.556,-0.44,-0.628,-0.772,0.052,0.082,-0.129,-0.334,-0.681,-0.639,-0.52,-0.546,-0.472,-0.457,-0.511,0.117,0.774,0.354,0.001,0.001,0.001,0.001,0.001,0.001,0.001,0.001,0.001,0.001,0.001,0.001,0.001,0.001,0.001,0.001,0.001,0.001,0.001,0.001,0.001,0.001,0.001,0.001,0.031,0.001,0.001,0.001,0.001,0.001,0.001,0.001,0.001,0.001,0.001,0.001,0.001,0.001,0.001,0.001,0.001,0.001,0.001,0.001,0.001,-0.474,0.627,0.308,0.536,0.001,0.001,0.05,0.437,1.17,1.094,0.703,0.256,0,0.001,0.449,0.377,0.507,0.744,0.67,0.579,0.098,0,0.022,0.179,0.021,0.068,0.012,0.614,0.795,0.449,0.308,0.001,0.001,0.002,0.005,0.007,0.377,0.576,0.082,0.096,0.006,0.302,0.53,0.719,0.947,0.032,0.1,0,0.107,0.075,13.495
01:53.1,2103,-0.397,-0.225,0.672,0.582,-0.456,-0.537,-0.544,-0.456,-0.628,-0.772,0.052,0.077,-0.124,-0.335,-0.681,-0.639,-0.518,-0.545,-0.475,-0.458,-0.53,0.004,0.754,0.389,0.001,0.001,0.001,0.001,0.001,0.001,0.001,0.001,0.001,0.001,0.001,0.001,0.001,0.001,0.001,0.001,0.001,0.001,0.001,0.001,0.001,0.001,0.001,0.001,0.033,0.001,0.001,0.001,0.001,0.001,0.001,0.001,0.001,0.001,0.001,0.001,0.001,0.001,0.001,0.001,0.001,0.001,0.001,0.001,0.001,-0.475,0.625,0.305,0.539,0,0,0.023,0.414,1.173,1.092,0.694,0.258,0,0,0.396,0.365,0.492,0.74,0.669,0.574,0.105,0,0.02,0.127,0.012,0.055,0.013,0.621,0.79,0.457,0.336,0.001,0.002,0.001,0.005,0.007,0.385,0.578,0.1,0.12,0.006,0.309,0.541,0.803,0.962,0.029,0.109,0.006,0.133,0.077,13.523
01:53.1,2104,-0.388,-0.235,0.672,0.585,-0.45,-0.543,-0.531,-0.469,-0.628,-0.773,0.052,0.072,-0.119,-0.337,-0.68,-0.64,-0.516,-0.543,-0.477,-0.459,-0.535,-0.01,0.755,0.38,0.001,0.001,0.001,0.001,0.001,0.001,0.001,0.001,0.001,0.001,0.001,0.001,0.001,0.001,0.001,0.001,0.001,0.001,0.001,0.001,0.001,0.001,0.001,0.001,0.045,0.001,0.001,0.001,0.001,0,0.001,0.001,0.001,0.001,0.001,0.001,0.001,0.001,0.001,0.001,0.001,0.001,0.001,0.001,0.001,-0.477,0.622,0.303,0.542,0,0,0.009,0.387,1.159,1.081,0.691,0.258,0,0,0.346,0.337,0.486,0.73,0.665,0.573,0.122,0,0.022,0.109,0.011,0.053,0.012,0.623,0.788,0.443,0.359,0.001,0.002,0.002,0.005,0.007,0.391,0.578,0.117,0.145,0.006,0.316,0.549,0.878,0.974,0.035,0.115,0.007,0.136,0.088,13.528
01:53.1,2105,-0.38,-0.244,0.67,0.589,-0.445,-0.551,-0.518,-0.479,-0.628,-0.773,0.051,0.067,-0.114,-0.338,-0.679,-0.641,-0.514,-0.542,-0.479,-0.461,-0.542,-0.027,0.755,0.368,0.001,0.001,0.001,0.001,0.001,0.001,0.001,0.001,0.001,0.001,0.001,0.001,0.001,0.001,0.001,0.001,0.001,0.001,0.001,0.001,0.001,0.001,0.001,0.001,0.05,0.001,0.001,0.001,0.001,0.001,0.001,0.001,0.001,0.001,0.001,0.001,0.001,0.001,0.001,0.001,0.001,0.001,0.001,0.001,0.001,-0.479,0.619,0.299,0.546,0,0,0.002,0.322,1.134,1.076,0.683,0.253,0,0,0.289,0.322,0.475,0.718,0.665,0.57,0.128,0,0.017,0.094,0.002,0.054,0.012,0.621,0.783,0.446,0.381,0,0.001,0.002,0.005,0.007,0.398,0.578,0.139,0.183,0.007,0.328,0.564,0.934,0.988,0.04,0.126,0.01,0.16,0.094,13.517
01:53.1,2106,-0.373,-0.251,0.667,0.594,-0.441,-0.56,-0.506,-0.486,-0.628,-0.774,0.051,0.063,-0.11,-0.339,-0.679,-0.642,-0.512,-0.541,-0.48,-0.463,-0.551,-0.038,0.751,0.361,0.001,0.001,0.001,0.001,0.001,0.001,0.001,0.001,0.001,0.001,0.001,0.001,0.001,0.001,0.001,0.001,0.001,0,0.001,0.001,0.001,0.001,0.001,0.001,0.049,0.001,0.001,0.001,0.001,0.001,0.001,0.001,0.001,0.001,0.001,0.001,0.001,0.001,0,0.001,0.001,0.001,0.001,0.001,0.001,-0.48,0.617,0.296,0.549,0,0,0.001,0.281,1.117,1.07,0.672,0.248,0,0,0.226,0.27,0.441,0.718,0.661,0.567,0.137,0,0.013,0.046,0.002,0.053,0.015,0.62,0.775,0.449,0.399,0.001,0.001,0.001,0.005,0.007,0.404,0.576,0.15,0.2,0.009,0.343,0.574,0.989,1.013,0.046,0.136,0.028,0.195,0.091,13.459
01:53.1,2107,-0.369,-0.256,0.662,0.599,-0.438,-0.569,-0.495,-0.49,-0.628,-0.774,0.051,0.059,-0.106,-0.34,-0.679,-0.642,-0.51,-0.54,-0.481,-0.466,-0.551,-0.038,0.751,0.361,0.001,0.001,0.001,0.001,0.001,0.001,0.001,0.001,0.001,0.001,0.001,0.001,0.001,0.001,0.001,0.001,0.001,0,0.001,0.001,0.001,0.001,0.001,0.001,0.049,0.001,0.001,0.001,0.001,0.001,0.001,0.001,0.001,0.001,0.001,0.001,0.001,0.001,0,0.001,0.001,0.001,0.001,0.001,0.001,-0.482,0.615,0.29,0.553,0,0,0.001,0.228,1.092,1.087,0.658,0.245,0,0,0.197,0.223,0.427,0.702,0.658,0.563,0.14,0,0.006,0.04,0.001,0.048,0.016,0.623,0.773,0.452,0.419,0,0.001,0.001,0.005,0.007,0.41,0.579,0.17,0.217,0.007,0.357,0.585,1.027,1.048,0.053,0.143,0.037,0.198,0.091,13.444
01:53.1,2108,-0.367,-0.259,0.658,0.605,-0.434,-0.579,-0.485,-0.492,-0.628,-0.774,0.051,0.055,-0.102,-0.341,-0.679,-0.642,-0.507,-0.539,-0.482,-0.469,-0.551,-0.038,0.751,0.361,0.001,0.001,0.001,0.001,0.001,0.001,0.001,0.001,0.001,0.001,0.001,0.001,0.001,0.001,0.001,0.001,0.001,0,0.001,0.001,0.001,0.001,0.001,0.001,0.049,0.001,0.001,0.001,0.001,0.001,0.001,0.001,0.001,0.001,0.001,0.001,0.001,0.001,0,0.001,0.001,0.001,0.001,0.001,0.001,-0.484,0.612,0.286,0.556,0,0,0.001,0.182,1.061,1.081,0.639,0.245,0,0,0.171,0.186,0.409,0.678,0.657,0.559,0.139,0,0.002,0.029,0.001,0.04,0.013,0.626,0.769,0.463,0.432,0,0.001,0.001,0.005,0.007,0.414,0.581,0.187,0.25,0.007,0.369,0.592,1.06,1.073,0.059,0.149,0.054,0.212,0.091,13.404
01:53.1,2109,-0.365,-0.26,0.654,0.609,-0.429,-0.587,-0.476,-0.494,-0.628,-0.775,0.05,0.052,-0.099,-0.341,-0.679,-0.643,-0.505,-0.538,-0.483,-0.471,-0.551,-0.038,0.751,0.361,0.001,0.001,0.001,0.001,0.001,0.001,0.001,0.001,0.001,0.001,0.001,0.001,0.001,0.001,0.001,0.001,0.001,0,0.001,0.001,0.001,0.001,0.001,0.001,0.049,0.001,0.001,0.001,0.001,0.001,0.001,0.001,0.001,0.001,0.001,0.001,0.001,0.001,0,0.001,0.001,0.001,0.001,0.001,0.001,-0.487,0.61,0.282,0.558,0.001,0.001,0,0.118,1.033,1.081,0.629,0.243,0,0,0.156,0.123,0.375,0.664,0.651,0.556,0.139,0,0.004,0.027,0.001,0.031,0.011,0.629,0.766,0.458,0.43,0,0,0.001,0.005,0.007,0.419,0.582,0.199,0.282,0.009,0.377,0.602,1.093,1.09,0.067,0.156,0.083,0.259,0.091,13.358
01:53.2,2110,-0.365,-0.259,0.652,0.612,-0.423,-0.595,-0.468,-0.498,-0.627,-0.775,0.049,0.05,-0.096,-0.342,-0.678,-0.643,-0.504,-0.536,-0.483,-0.474,-0.551,-0.038,0.751,0.361,0.001,0.001,0.001,0.001,0.001,0.001,0.001,0.001,0.001,0.001,0.001,0.001,0.001,0.001,0.001,0.001,0.001,0,0.001,0.001,0.001,0.001,0.001,0.001,0.049,0.001,0.001,0.001,0.001,0.001,0.001,0.001,0.001,0.001,0.001,0.001,0.001,0.001,0,0.001,0.001,0.001,0.001,0.001,0.001,-0.489,0.608,0.28,0.559,0,0,0.001,0.067,0.934,1.071,0.623,0.236,0.001,0.001,0.138,0.092,0.322,0.645,0.646,0.552,0.151,0,0.004,0.011,0.001,0.022,0.012,0.631,0.766,0.449,0.44,0.001,0.001,0.001,0.004,0.007,0.421,0.581,0.199,0.299,0.009,0.386,0.611,1.116,1.11,0.072,0.162,0.115,0.275,0.091,13.186
01:53.2,2111,-0.365,-0.255,0.653,0.613,-0.417,-0.601,-0.461,-0.502,-0.627,-0.776,0.049,0.048,-0.094,-0.343,-0.678,-0.643,-0.503,-0.534,-0.485,-0.477,-0.551,-0.038,0.751,0.361,0.001,0.001,0.001,0.001,0.001,0.001,0.001,0.001,0.001,0.001,0.001,0.001,0.001,0.001,0.001,0.001,0.001,0,0.001,0.001,0.001,0.001,0.001,0.001,0.049,0.001,0.001,0.001,0.001,0.001,0.001,0.001,0.001,0.001,0.001,0.001,0.001,0.001,0,0.001,0.001,0.001,0.001,0.001,0.001,-0.491,0.606,0.277,0.561,0,0,0,0.033,0.816,1.068,0.623,0.236,0,0,0.128,0.077,0.216,0.602,0.641,0.552,0.16,0,0.004,0.006,0,0.006,0.011,0.63,0.766,0.451,0.427,0,0.001,0,0.002,0.007,0.422,0.579,0.214,0.321,0.007,0.392,0.617,1.134,1.129,0.076,0.166,0.137,0.316,0.091,12.973
01:53.2,2112,-0.365,-0.251,0.655,0.612,-0.413,-0.605,-0.457,-0.505,-0.626,-0.776,0.048,0.048,-0.091,-0.344,-0.677,-0.644,-0.503,-0.531,-0.486,-0.478,-0.551,-0.038,0.751,0.361,0.001,0.001,0.001,0.001,0.001,0.001,0.001,0.001,0.001,0.001,0.001,0.001,0.001,0.001,0.001,0.001,0.001,0,0.001,0.001,0.001,0.001,0.001,0.001,0.049,0.001,0.001,0.001,0.001,0.001,0.001,0.001,0.001,0.001,0.001,0.001,0.001,0.001,0,0.001,0.001,0.001,0.001,0.001,0.001,-0.493,0.605,0.273,0.563,0,0,0,0.018,0.672,1.065,0.628,0.231,0,0,0.103,0.046,0.164,0.565,0.64,0.552,0.166,0,0.001,0,0.001,0.002,0.01,0.624,0.764,0.433,0.426,0.001,0,0,0.002,0.006,0.419,0.58,0.221,0.349,0.007,0.394,0.623,1.139,1.128,0.079,0.171,0.179,0.336,0.091,12.745
01:53.2,2113,-0.364,-0.244,0.66,0.61,-0.412,-0.607,-0.454,-0.505,-0.626,-0.777,0.047,0.047,-0.089,-0.344,-0.677,-0.644,-0.503,-0.528,-0.489,-0.479,-0.581,-0.103,0.723,0.359,0.001,0.001,0.001,0.001,0.001,0.001,0.001,0.001,0.001,0.001,0.001,0.001,0.001,0.001,0.001,0.001,0.001,0.001,0.001,0.001,0.001,0.001,0.001,0.001,0.048,0.001,0.001,0.001,0.001,0.001,0.001,0.001,0.001,0.001,0.001,0.001,0.001,0.001,0.001,0.001,0.001,0.001,0.001,0.001,0.001,-0.494,0.604,0.27,0.564,0.001,0.001,0.001,0.001,0.556,1.055,0.635,0.226,0,0,0.079,0.031,0.116,0.492,0.646,0.552,0.167,0,0,0,0.001,0.001,0.009,0.614,0.763,0.419,0.424,0,0.001,0,0.001,0.006,0.41,0.581,0.241,0.365,0.006,0.397,0.629,1.133,1.138,0.082,0.175,0.233,0.369,0.092,12.557
01:53.2,2114,-0.363,-0.236,0.666,0.608,-0.413,-0.61,-0.455,-0.5,-0.627,-0.777,0.045,0.047,-0.087,-0.345,-0.676,-0.645,-0.502,-0.527,-0.491,-0.479,-0.579,-0.099,0.727,0.356,0.001,0.001,0.001,0.001,0.001,0.001,0.001,0.001,0.001,0.001,0.001,0.001,0.001,0.001,0.001,0.001,0.001,0.001,0.001,0.001,0.001,0.001,0.001,0.001,0.023,0.001,0.001,0.001,0.001,0.001,0.001,0.001,0.001,0.001,0.001,0.001,0.001,0.001,0.001,0.001,0.001,0.001,0.001,0.001,0.001,-0.495,0.603,0.268,0.565,0,0.001,0,0,0.443,1.024,0.635,0.22,0,0.001,0.062,0.011,0.071,0.348,0.648,0.547,0.17,0,0,0.001,0,0.001,0.006,0.607,0.763,0.397,0.411,0,0.001,0,0,0.004,0.407,0.582,0.252,0.381,0.004,0.398,0.636,1.158,1.14,0.082,0.179,0.27,0.413,0.067,12.274
01:53.2,2115,-0.362,-0.226,0.671,0.605,-0.416,-0.612,-0.46,-0.49,-0.627,-0.776,0.043,0.046,-0.085,-0.346,-0.676,-0.645,-0.501,-0.525,-0.494,-0.478,-0.579,-0.089,0.729,0.352,0.001,0.001,0.001,0.001,0.001,0.001,0.001,0.001,0.001,0.001,0.001,0.001,0.001,0.001,0.001,0.001,0.001,0,0.001,0.001,0.001,0.001,0.001,0.001,0.029,0.001,0.001,0.001,0.001,0.001,0.001,0.001,0.001,0.001,0.001,0.001,0.001,0.001,0.001,0.001,0.001,0.001,0.001,0.001,0.001,-0.5,0.599,0.27,0.565,0,0,0,0,0.383,0.924,0.646,0.215,0,0.001,0.043,0.013,0.053,0.26,0.657,0.54,0.177,0,0,0,0,0.001,0.004,0.593,0.764,0.385,0.407,0,0.001,0.001,0.001,0.002,0.398,0.587,0.26,0.369,0.002,0.393,0.643,1.161,1.159,0.082,0.181,0.297,0.438,0.072,12.041
01:53.2,2116,-0.364,-0.217,0.675,0.603,-0.418,-0.614,-0.468,-0.478,-0.629,-0.775,0.04,0.046,-0.083,-0.347,-0.675,-0.646,-0.5,-0.525,-0.496,-0.477,-0.581,-0.07,0.734,0.344,0.001,0.001,0.001,0.001,0.001,0.001,0.001,0.001,0.001,0.071,0.013,0.001,0.001,0.001,0.001,0.001,0.001,0.001,0.002,0.001,0.001,0.001,0.001,0.001,0.031,0.001,0.001,0.001,0.001,0.001,0.001,0.001,0.001,0.001,0.001,0.001,0.001,0.001,0.001,0.001,0.001,0.001,0.001,0.001,0.001,-0.507,0.594,0.275,0.561,0.001,0.001,0.001,0,0.326,0.759,0.653,0.214,0,0,0.045,0.001,0.026,0.231,0.668,0.538,0.186,0,0,0.001,0,0.001,0.012,0.584,0.762,0.37,0.408,0.001,0,0.001,0.001,0.002,0.386,0.589,0.259,0.379,0.002,0.383,0.651,1.17,1.161,0.076,0.182,0.327,0.464,0.158,11.822
01:53.2,2117,-0.37,-0.207,0.678,0.601,-0.42,-0.615,-0.478,-0.465,-0.63,-0.774,0.036,0.046,-0.081,-0.348,-0.674,-0.647,-0.5,-0.525,-0.498,-0.476,-0.575,-0.057,0.746,0.33,0.33,0.144,0.001,0.001,0.001,0.001,0.001,0.001,0.155,0.31,0.027,0.001,0.001,0.001,0.001,0.001,0.001,0.001,0.148,0.001,0.001,0.001,0.001,0.001,0.024,0.001,0.001,0.001,0.001,0.001,0.001,0.001,0.001,0.001,0.001,0.001,0.001,0.001,0.001,0.001,0.001,0.001,0.001,0.001,0.001,-0.511,0.59,0.276,0.56,0,0,0.001,0,0.255,0.681,0.661,0.208,0.001,0,0.038,0,0.012,0.171,0.689,0.535,0.19,0.001,0,0.001,0.001,0,0.033,0.567,0.762,0.363,0.411,0,0,0.001,0,0.001,0.375,0.59,0.275,0.38,0.001,0.372,0.658,1.171,1.159,0.07,0.182,0.343,0.493,1.176,11.652
01:53.2,2118,-0.377,-0.199,0.679,0.597,-0.423,-0.613,-0.489,-0.453,-0.633,-0.772,0.03,0.047,-0.077,-0.35,-0.672,-0.648,-0.501,-0.524,-0.498,-0.476,-0.561,-0.024,0.773,0.296,0.875,0.342,0.001,0.001,0.001,0.001,0.001,0.001,0.83,0.535,0.051,0.001,0.001,0.001,0.001,0.001,0.001,0.035,0.348,0.001,0.001,0.001,0.001,0.001,0.023,0.001,0.001,0.001,0.001,0.001,0.001,0.001,0.001,0.001,0.001,0.001,0.001,0.001,0.001,0.001,0.001,0.001,0.001,0.001,0.001,-0.519,0.585,0.279,0.557,0,0.001,0,0.001,0.22,0.628,0.654,0.203,0,0.001,0.032,0,0.001,0.14,0.709,0.536,0.198,0,0.001,0.001,0,0,0.037,0.545,0.753,0.352,0.419,0.001,0.001,0.001,0,0.001,0.363,0.593,0.277,0.376,0.001,0.364,0.669,1.16,1.159,0.063,0.178,0.364,0.503,3.076,11.506
01:53.2,2119,-0.386,-0.191,0.681,0.592,-0.427,-0.609,-0.502,-0.441,-0.635,-0.77,0.024,0.048,-0.073,-0.351,-0.671,-0.649,-0.502,-0.521,-0.497,-0.478,-0.561,-0.024,0.773,0.296,0.875,0.342,0.001,0.001,0.001,0.001,0.001,0.001,0.83,0.535,0.051,0.001,0.001,0.001,0.001,0.001,0.001,0.035,0.348,0.001,0.001,0.001,0.001,0.001,0.023,0.001,0.001,0.001,0.001,0.001,0.001,0.001,0.001,0.001,0.001,0.001,0.001,0.001,0.001,0.001,0.001,0.001,0.001,0.001,0.001,-0.526,0.581,0.28,0.554,0,0,0,0,0.14,0.602,0.637,0.194,0.001,0,0.027,0,0,0.107,0.717,0.54,0.201,0.001,0,0,0,0.001,0.045,0.523,0.766,0.357,0.42,0.001,0,0,0.001,0.001,0.344,0.591,0.291,0.382,0.001,0.357,0.665,1.136,1.156,0.062,0.177,0.371,0.513,3.076,11.328
01:53.2,2120,-0.393,-0.186,0.683,0.587,-0.435,-0.607,-0.508,-0.43,-0.639,-0.768,0.016,0.049,-0.068,-0.354,-0.67,-0.65,-0.504,-0.518,-0.496,-0.481,-0.561,-0.024,0.773,0.296,0.875,0.342,0.001,0.001,0.001,0.001,0.001,0.001,0.83,0.535,0.051,0.001,0.001,0.001,0.001,0.001,0.001,0.035,0.348,0.001,0.001,0.001,0.001,0.001,0.023,0.001,0.001,0.001,0.001,0.001,0.001,0.001,0.001,0.001,0.001,0.001,0.001,0.001,0.001,0.001,0.001,0.001,0.001,0.001,0.001,-0.536,0.576,0.282,0.549,0,0,0,0.001,0.109,0.582,0.611,0.186,0,0,0.024,0,0,0.114,0.717,0.543,0.22,0.001,0.001,0.001,0,0,0.059,0.499,0.773,0.353,0.433,0.001,0,0,0.001,0.001,0.297,0.59,0.294,0.382,0.001,0.361,0.665,1.125,1.162,0.059,0.175,0.376,0.515,3.076,11.232
01:53.3,2121,-0.396,-0.184,0.684,0.584,-0.448,-0.611,-0.499,-0.421,-0.643,-0.764,0.007,0.052,-0.062,-0.356,-0.668,-0.651,-0.505,-0.515,-0.494,-0.485,-0.561,-0.024,0.773,0.296,0.875,0.342,0.001,0.001,0.001,0.001,0.001,0.001,0.83,0.535,0.051,0.001,0.001,0.001,0.001,0.001,0.001,0.035,0.348,0.001,0.001,0.001,0.001,0.001,0.023,0.001,0.001,0.001,0.001,0.001,0.001,0.001,0.001,0.001,0.001,0.001,0.001,0.001,0.001,0.001,0.001,0.001,0.001,0.001,0.001,-0.553,0.569,0.284,0.538,0,0,0.001,0,0.079,0.541,0.569,0.17,0.001,0,0.029,0,0.001,0.115,0.667,0.543,0.225,0,0.001,0.001,0,0.001,0.049,0.468,0.777,0.354,0.442,0,0.001,0,0.001,0.001,0.255,0.598,0.298,0.376,0.001,0.376,0.667,1.117,1.162,0.071,0.17,0.38,0.519,3.076,11.027
01:53.3,2122,-0.396,-0.186,0.685,0.583,-0.456,-0.613,-0.489,-0.422,-0.648,-0.76,-0.003,0.056,-0.055,-0.358,-0.666,-0.652,-0.506,-0.513,-0.493,-0.488,-0.561,-0.024,0.773,0.296,0.875,0.342,0.001,0.001,0.001,0.001,0.001,0.001,0.83,0.535,0.051,0.001,0.001,0.001,0.001,0.001,0.001,0.035,0.348,0.001,0.001,0.001,0.001,0.001,0.023,0.001,0.001,0.001,0.001,0.001,0.001,0.001,0.001,0.001,0.001,0.001,0.001,0.001,0.001,0.001,0.001,0.001,0.001,0.001,0.001,-0.567,0.565,0.285,0.528,0,0,0,0.001,0.057,0.515,0.549,0.148,0.001,0.001,0.032,0.001,0,0.105,0.56,0.538,0.241,0.001,0.001,0.001,0,0,0.045,0.411,0.788,0.325,0.447,0,0,0.001,0,0.001,0.255,0.609,0.309,0.38,0.001,0.409,0.672,1.11,1.158,0.093,0.164,0.371,0.518,3.076,10.819
01:53.3,2123,-0.397,-0.188,0.681,0.585,-0.454,-0.606,-0.491,-0.43,-0.653,-0.755,-0.014,0.06,-0.047,-0.36,-0.664,-0.653,-0.505,-0.512,-0.493,-0.49,-0.561,-0.024,0.773,0.296,0.875,0.342,0.001,0.001,0.001,0.001,0.001,0.001,0.83,0.535,0.051,0.001,0.001,0.001,0.001,0.001,0.001,0.035,0.348,0.001,0.001,0.001,0.001,0.001,0.023,0.001,0.001,0.001,0.001,0.001,0.001,0.001,0.001,0.001,0.001,0.001,0.001,0.001,0.001,0.001,0.001,0.001,0.001,0.001,0.001,-0.59,0.559,0.286,0.507,0,0.001,0,0,0.04,0.508,0.537,0.112,0,0.001,0.035,0,0.001,0.098,0.476,0.514,0.253,0,0.001,0,0,0,0.039,0.374,0.807,0.311,0.452,0,0,0.001,0,0.001,0.291,0.63,0.309,0.372,0.001,0.436,0.678,1.103,1.16,0.112,0.158,0.358,0.505,3.076,10.675
01:53.3,2124,-0.402,-0.19,0.674,0.59,-0.45,-0.596,-0.501,-0.438,-0.658,-0.75,-0.025,0.066,-0.038,-0.362,-0.662,-0.655,-0.503,-0.511,-0.495,-0.49,-0.561,-0.024,0.773,0.296,0.875,0.342,0.001,0.001,0.001,0.001,0.001,0.001,0.83,0.535,0.051,0.001,0.001,0.001,0.001,0.001,0.001,0.035,0.348,0.001,0.001,0.001,0.001,0.001,0.023,0.001,0.001,0.001,0.001,0.001,0.001,0.001,0.001,0.001,0.001,0.001,0.001,0.001,0.001,0.001,0.001,0.001,0.001,0.001,0.001,-0.611,0.554,0.286,0.487,0,0.001,0.001,0,0.005,0.484,0.452,0.085,0,0,0.033,0.001,0,0.092,0.441,0.451,0.258,0,0.001,0,0.001,0,0.051,0.385,0.833,0.287,0.44,0,0.001,0,0.001,0,0.342,0.645,0.321,0.372,0,0.47,0.691,1.081,1.164,0.127,0.148,0.339,0.49,3.076,10.494
01:53.3,2125,-0.409,-0.188,0.666,0.595,-0.445,-0.586,-0.512,-0.444,-0.664,-0.744,-0.037,0.073,-0.028,-0.362,-0.66,-0.657,-0.503,-0.512,-0.497,-0.488,-0.575,0.159,0.779,0.195,0.934,0.383,0.001,0.001,0.001,0.001,0.001,0.001,0.911,0.589,0.079,0.001,0.001,0.001,0.001,0.001,0.001,0.063,0.374,0.007,0,0.001,0.001,0.001,0.022,0.001,0.001,0.001,0.001,0.001,0.001,0.001,0.001,0.001,0.001,0.001,0.001,0.001,0.001,0.001,0.001,0.001,0.001,0.001,0.001,-0.64,0.549,0.286,0.456,0,0,0,0,0,0.468,0.38,0.072,0,0.001,0.035,0.001,0,0.077,0.413,0.449,0.25,0,0.001,0,0.001,0.001,0.056,0.369,0.799,0.239,0.43,0,0,0.001,0,0.001,0.379,0.62,0.308,0.38,0,0.534,0.678,1.089,1.153,0.145,0.142,0.278,0.47,3.397,10.22
01:53.3,2126,-0.419,-0.181,0.661,0.596,-0.441,-0.575,-0.525,-0.446,-0.67,-0.736,-0.048,0.081,-0.016,-0.362,-0.658,-0.66,-0.503,-0.512,-0.5,-0.484,-0.584,0.184,0.766,0.198,1.028,0.869,0.845,0.668,0.565,0.083,0.001,0.001,0.895,0.873,0.847,0.194,0.002,0.001,0.002,0.026,0.001,0.371,0.868,0.636,0.005,0.018,0.001,0.001,0.082,0.001,0.001,0.148,0.042,0.001,0.001,0.001,0.001,0.015,0.001,0.001,0.001,0.016,0.132,0.001,0.001,0.001,0.001,0.001,0.001,-0.664,0.547,0.284,0.423,0,0,0.001,0,0,0.422,0.309,0.053,0,0.001,0.034,0.001,0,0.054,0.38,0.448,0.263,0,0.001,0.004,0.001,0,0.073,0.376,0.791,0.182,0.404,0,0,0,0,0,0.426,0.582,0.26,0.393,0,0.532,0.604,1.029,1.17,0.17,0.109,0.217,0.435,9.251,9.725
01:53.3,2127,-0.429,-0.175,0.659,0.592,-0.441,-0.565,-0.541,-0.441,-0.676,-0.729,-0.059,0.09,-0.004,-0.36,-0.656,-0.663,-0.505,-0.511,-0.504,-0.48,-0.584,0.184,0.766,0.198,1.028,0.869,0.845,0.668,0.565,0.083,0.001,0.001,0.895,0.873,0.847,0.194,0.002,0.001,0.002,0.026,0.001,0.371,0.868,0.636,0.005,0.018,0.001,0.001,0.082,0.001,0.001,0.148,0.042,0.001,0.001,0.001,0.001,0.015,0.001,0.001,0.001,0.016,0.132,0.001,0.001,0.001,0.001,0.001,0.001,-0.689,0.546,0.281,0.385,0,0,0.001,0.001,0.001,0.3,0.247,0.04,0.001,0,0.033,0.001,0,0.024,0.375,0.407,0.264,0,0.001,0.004,0,0,0.054,0.346,0.592,0.117,0.349,0,0.001,0,0.001,0,0.435,0.571,0.173,0.404,0.001,0.536,0.52,0.95,1.178,0.153,0.063,0.098,0.397,9.251,8.639
01:53.3,2128,-0.431,-0.177,0.659,0.59,-0.44,-0.558,-0.557,-0.43,-0.682,-0.721,-0.069,0.099,0.009,-0.357,-0.654,-0.666,-0.506,-0.511,-0.506,-0.476,-0.601,0.216,0.749,0.177,0.998,0.85,0.863,1.055,1.045,0.641,0.282,0.002,0.847,0.852,0.847,0.432,0.12,0.129,0.261,0.115,0.001,0.375,0.885,0.696,0.026,0.007,0.005,0.005,0.111,0.001,0.001,0.187,0.109,0.002,0.001,0.001,0.001,0.012,0.001,0.001,0.001,0.026,0.134,0.001,0.001,0.001,0.001,0.001,0.001,-0.717,0.546,0.277,0.332,0,0,0.001,0.001,0.001,0.186,0.186,0.024,0,0,0.031,0,0.001,0.001,0.335,0.366,0.21,0,0.001,0.006,0.001,0,0.051,0.291,0.549,0.004,0.346,0,0.001,0,0,0,0.393,0.486,0.001,0.409,0.001,0.516,0.408,0.531,1.189,0.127,0.028,0,0.344,11.934,7.026
01:53.3,2129,-0.419,-0.189,0.661,0.593,-0.438,-0.555,-0.572,-0.416,-0.687,-0.714,-0.078,0.109,0.02,-0.355,-0.653,-0.668,-0.509,-0.509,-0.509,-0.472,-0.607,0.215,0.752,0.139,0.987,0.838,0.867,1.133,1.148,0.734,0.432,0.002,0.832,0.841,0.845,0.469,0.156,0.283,0.473,0.095,0.001,0.396,0.891,0.717,0.059,0.01,0.009,0.237,0.326,0.001,0.001,0.206,0.132,0.002,0.001,0.001,0.002,0.042,0.001,0.001,0.001,0.02,0.172,0.001,0.001,0.001,0.001,0.001,0.001,-0.737,0.548,0.275,0.285,0,0,0.001,0.001,0,0.059,0.148,0.016,0.001,0,0.032,0,0.001,0,0.292,0.346,0.122,0.001,0.001,0.002,0,0,0.027,0.21,0.459,0.001,0.302,0,0,0,0.001,0,0.316,0.409,0,0.364,0.001,0.411,0.361,0.208,1.199,0.079,0.028,0,0.208,13.37,5.607
01:53.4,2130,-0.393,-0.201,0.67,0.597,-0.434,-0.554,-0.585,-0.403,-0.691,-0.708,-0.085,0.119,0.029,-0.354,-0.653,-0.669,-0.512,-0.507,-0.509,-0.471,-0.606,0.214,0.757,0.116,0.976,0.829,0.867,1.16,1.171,0.796,0.448,0.007,0.827,0.832,0.842,0.531,0.219,0.347,0.473,0.048,0.001,0.413,0.896,0.73,0.104,0.012,0.012,0.344,0.611,0.001,0,0.221,0.161,0.004,0.002,0.002,0.216,0.085,0.001,0.001,0.001,0.121,0.219,0.001,0.001,0.001,0.001,0.001,0.001,-0.737,0.548,0.275,0.285,0,0,0.001,0.001,0,0.059,0.148,0.016,0.001,0,0.032,0,0.001,0,0.292,0.346,0.122,0.001,0.001,0.002,0,0,0.027,0.21,0.459,0.001,0.302,0,0,0,0.001,0,0.316,0.409,0,0.364,0.001,0.411,0.361,0.208,1.199,0.079,0.028,0,0.208,14.537,5.607
01:53.4,2131,-0.363,-0.21,0.681,0.601,-0.436,-0.551,-0.596,-0.389,-0.691,-0.705,-0.091,0.127,0.037,-0.355,-0.653,-0.668,-0.514,-0.507,-0.508,-0.47,-0.602,0.221,0.76,0.106,0.966,0.821,0.85,1.145,1.199,0.817,0.487,0.021,0.806,0.822,0.836,0.564,0.271,0.381,0.475,0.082,0.001,0.419,0.897,0.746,0.156,0.016,0.013,0.354,0.74,0.001,0.001,0.234,0.184,0.005,0.002,0.002,0.294,0.177,0.001,0.001,0.001,0.25,0.255,0.001,0.001,0.001,0.001,0.001,0.001,-0.737,0.548,0.275,0.285,0,0,0.001,0.001,0,0.059,0.148,0.016,0.001,0,0.032,0,0.001,0,0.292,0.346,0.122,0.001,0.001,0.002,0,0,0.027,0.21,0.459,0.001,0.302,0,0,0,0.001,0,0.316,0.409,0,0.364,0.001,0.411,0.361,0.208,1.199,0.079,0.028,0,0.208,15.299,5.607
01:53.4,2132,-0.34,-0.216,0.688,0.604,-0.442,-0.548,-0.602,-0.376,-0.691,-0.704,-0.096,0.133,0.043,-0.358,-0.653,-0.666,-0.512,-0.509,-0.509,-0.469,-0.602,0.221,0.76,0.106,0.966,0.821,0.85,1.145,1.199,0.817,0.487,0.021,0.806,0.822,0.836,0.564,0.271,0.381,0.475,0.082,0.001,0.419,0.897,0.746,0.156,0.016,0.013,0.354,0.74,0.001,0.001,0.234,0.184,0.005,0.002,0.002,0.294,0.177,0.001,0.001,0.001,0.25,0.255,0.001,0.001,0.001,0.001,0.001,0.001,-0.737,0.548,0.275,0.285,0,0,0.001,0.001,0,0.059,0.148,0.016,0.001,0,0.032,0,0.001,0,0.292,0.346,0.122,0.001,0.001,0.002,0,0,0.027,0.21,0.459,0.001,0.302,0,0,0,0.001,0,0.316,0.409,0,0.364,0.001,0.411,0.361,0.208,1.199,0.079,0.028,0,0.208,15.299,5.607
01:53.4,2133,-0.329,-0.215,0.694,0.603,-0.45,-0.547,-0.607,-0.36,-0.691,-0.703,-0.1,0.137,0.045,-0.362,-0.655,-0.662,-0.507,-0.512,-0.51,-0.47,-0.602,0.221,0.76,0.106,0.966,0.821,0.85,1.145,1.199,0.817,0.487,0.021,0.806,0.822,0.836,0.564,0.271,0.381,0.475,0.082,0.001,0.419,0.897,0.746,0.156,0.016,0.013,0.354,0.74,0.001,0.001,0.234,0.184,0.005,0.002,0.002,0.294,0.177,0.001,0.001,0.001,0.25,0.255,0.001,0.001,0.001,0.001,0.001,0.001,-0.737,0.548,0.275,0.285,0,0,0.001,0.001,0,0.059,0.148,0.016,0.001,0,0.032,0,0.001,0,0.292,0.346,0.122,0.001,0.001,0.002,0,0,0.027,0.21,0.459,0.001,0.302,0,0,0,0.001,0,0.316,0.409,0,0.364,0.001,0.411,0.361,0.208,1.199,0.079,0.028,0,0.208,15.299,5.607
01:53.4,2134,-0.326,-0.212,0.698,0.602,-0.461,-0.547,-0.609,-0.342,-0.692,-0.701,-0.105,0.141,0.041,-0.369,-0.657,-0.656,-0.502,-0.515,-0.509,-0.472,-0.602,0.221,0.76,0.106,0.966,0.821,0.85,1.145,1.199,0.817,0.487,0.021,0.806,0.822,0.836,0.564,0.271,0.381,0.475,0.082,0.001,0.419,0.897,0.746,0.156,0.016,0.013,0.354,0.74,0.001,0.001,0.234,0.184,0.005,0.002,0.002,0.294,0.177,0.001,0.001,0.001,0.25,0.255,0.001,0.001,0.001,0.001,0.001,0.001,-0.737,0.548,0.275,0.285,0,0,0.001,0.001,0,0.059,0.148,0.016,0.001,0,0.032,0,0.001,0,0.292,0.346,0.122,0.001,0.001,0.002,0,0,0.027,0.21,0.459,0.001,0.302,0,0,0,0.001,0,0.316,0.409,0,0.364,0.001,0.411,0.361,0.208,1.199,0.079,0.028,0,0.208,15.299,5.607
01:53.4,2135,-0.327,-0.21,0.701,0.598,-0.474,-0.546,-0.609,-0.325,-0.691,-0.7,-0.108,0.144,0.035,-0.379,-0.66,-0.648,-0.498,-0.517,-0.508,-0.475,-0.602,0.221,0.76,0.106,0.966,0.821,0.85,1.145,1.199,0.817,0.487,0.021,0.806,0.822,0.836,0.564,0.271,0.381,0.475,0.082,0.001,0.419,0.897,0.746,0.156,0.016,0.013,0.354,0.74,0.001,0.001,0.234,0.184,0.005,0.002,0.002,0.294,0.177,0.001,0.001,0.001,0.25,0.255,0.001,0.001,0.001,0.001,0.001,0.001,-0.737,0.548,0.275,0.285,0,0,0.001,0.001,0,0.059,0.148,0.016,0.001,0,0.032,0,0.001,0,0.292,0.346,0.122,0.001,0.001,0.002,0,0,0.027,0.21,0.459,0.001,0.302,0,0,0,0.001,0,0.316,0.409,0,0.364,0.001,0.411,0.361,0.208,1.199,0.079,0.028,0,0.208,15.299,5.607
01:53.4,2136,-0.327,-0.212,0.705,0.593,-0.485,-0.545,-0.609,-0.311,-0.69,-0.699,-0.112,0.149,0.03,-0.39,-0.663,-0.638,-0.495,-0.518,-0.507,-0.478,-0.602,0.221,0.76,0.106,0.966,0.821,0.85,1.145,1.199,0.817,0.487,0.021,0.806,0.822,0.836,0.564,0.271,0.381,0.475,0.082,0.001,0.419,0.897,0.746,0.156,0.016,0.013,0.354,0.74,0.001,0.001,0.234,0.184,0.005,0.002,0.002,0.294,0.177,0.001,0.001,0.001,0.25,0.255,0.001,0.001,0.001,0.001,0.001,0.001,-0.79,0.559,0.25,0.027,0,0.001,0,0.001,0,0.015,0.106,0.012,0,0,0.022,0.001,0.001,0,0.217,0.286,0.06,0,0.001,0.004,0.001,0.001,0.011,0.158,0.353,0,0.287,0,0.001,0,0,0.001,0.228,0.346,0.001,0.363,0.001,0.289,0.281,0.078,1.059,0.046,0.012,0,0.034,15.299,4.278
01:53.4,2137,-0.325,-0.217,0.707,0.589,-0.493,-0.545,-0.608,-0.301,-0.69,-0.698,-0.115,0.154,0.028,-0.401,-0.667,-0.628,-0.495,-0.519,-0.506,-0.479,-0.602,0.221,0.76,0.106,0.966,0.821,0.85,1.145,1.199,0.817,0.487,0.021,0.806,0.822,0.836,0.564,0.271,0.381,0.475,0.082,0.001,0.419,0.897,0.746,0.156,0.016,0.013,0.354,0.74,0.001,0.001,0.234,0.184,0.005,0.002,0.002,0.294,0.177,0.001,0.001,0.001,0.25,0.255,0.001,0.001,0.001,0.001,0.001,0.001,-0.79,0.559,0.25,0.027,0,0.001,0,0.001,0,0.015,0.106,0.012,0,0,0.022,0.001,0.001,0,0.217,0.286,0.06,0,0.001,0.004,0.001,0.001,0.011,0.158,0.353,0,0.287,0,0.001,0,0,0.001,0.228,0.346,0.001,0.363,0.001,0.289,0.281,0.078,1.059,0.046,0.012,0,0.034,15.299,4.278
01:53.4,2138,-0.319,-0.222,0.709,0.588,-0.496,-0.547,-0.606,-0.295,-0.689,-0.697,-0.118,0.16,0.029,-0.409,-0.67,-0.619,-0.495,-0.519,-0.505,-0.48,-0.605,0.251,0.749,0.101,0.96,0.817,0.844,1.149,1.236,0.847,0.519,0.012,0.785,0.817,0.838,0.592,0.302,0.385,0.48,0.154,0.001,0.415,0.897,0.753,0.177,0.017,0.015,0.354,0.779,0.001,0.001,0.238,0.193,0.005,0.002,0.002,0.32,0.261,0.001,0.001,0.001,0.28,0.309,0.001,0.001,0.005,0.001,0.001,0.001,-0.777,0.577,0.249,0.04,0,0.001,0.001,0,0,0,0,0.001,0.001,0.001,0.01,0.001,0,0.001,0,0.001,0.001,0,0.007,0.001,0.001,0,0,0,0,0,0,0.001,0.001,0.001,0,0,0,0,0,0.012,0.001,0.001,0.001,0,0,0,0,0.001,0,15.77,0.047
01:53.4,2139,-0.312,-0.227,0.71,0.589,-0.493,-0.55,-0.605,-0.296,-0.689,-0.695,-0.121,0.167,0.031,-0.416,-0.672,-0.612,-0.496,-0.519,-0.504,-0.479,-0.606,0.253,0.747,0.103,0.813,0.768,0.841,1.184,1.328,1.038,0.591,0.026,0.6,0.827,0.828,0.643,0.402,0.438,0.469,0.411,0.001,0.3,0.884,0.733,0.205,0.018,0.032,0.398,0.763,0.001,0.001,0.178,0.168,0.006,0.004,0.002,0.348,0.518,0.001,0.001,0.001,0.374,0.601,0.001,0.001,0.071,0.018,0.001,0.001,-0.787,0.562,0.252,0.04,0,0,0,0.001,0,0.001,0.001,0.001,0,0,0.001,0.001,0,0,0.001,0.001,0.001,0,0.013,0,0.001,0.001,0,0.001,0,0.001,0,0,0,0.001,0.001,0,0,0,0,0.016,0.001,0,0,0,0,0.001,0,0,0.001,16.838,0.047
01:53.5,2140,-0.306,-0.231,0.711,0.589,-0.488,-0.552,-0.606,-0.3,-0.689,-0.693,-0.125,0.174,0.034,-0.421,-0.674,-0.607,-0.498,-0.519,-0.503,-0.479,-0.606,0.257,0.745,0.106,0.79,0.761,0.842,1.184,1.333,1.063,0.6,0.031,0.557,0.822,0.829,0.637,0.409,0.44,0.474,0.422,0.001,0.266,0.883,0.722,0.201,0.016,0.027,0.409,0.77,0.001,0.001,0.168,0.158,0.005,0.004,0.002,0.348,0.531,0.001,0.001,0.002,0.374,0.592,0.001,0.001,0.066,0.018,0.001,0.001,-0.786,0.554,0.269,0.053,0,0,0.001,0.001,0.001,0.001,0.001,0,0,0.001,0,0.001,0,0.001,0.001,0.001,0,0,0.015,0,0,0,0,0,0,0,0,0.001,0.001,0.001,0,0,0,0.001,0,0.016,0,0,0.001,0,0.001,0,0,0,0,16.765,0.047
01:53.5,2141,-0.3,-0.235,0.713,0.588,-0.482,-0.553,-0.608,-0.305,-0.688,-0.691,-0.127,0.182,0.037,-0.425,-0.676,-0.601,-0.501,-0.518,-0.501,-0.48,-0.607,0.26,0.743,0.108,0.745,0.752,0.842,1.188,1.335,1.072,0.618,0.032,0.501,0.822,0.832,0.63,0.411,0.453,0.48,0.435,0.001,0.226,0.869,0.707,0.193,0.015,0.026,0.418,0.781,0.001,0.001,0.158,0.149,0.005,0.004,0.004,0.347,0.538,0.001,0.023,0.002,0.365,0.587,0.001,0.001,0.061,0.018,0.001,0.001,-0.772,0.563,0.282,0.081,0,0.001,0,0.001,0,0.001,0.001,0,0,0,0,0.001,0,0,0.001,0,0,0,0.015,0,0,0,0.001,0,0,0,0.001,0,0,0,0.001,0.001,0,0.001,0.001,0.015,0,0,0,0.001,0,0,0.001,0.001,0.001,16.652,0.046
01:53.5,2142,-0.295,-0.239,0.715,0.587,-0.477,-0.552,-0.611,-0.308,-0.688,-0.688,-0.128,0.191,0.042,-0.425,-0.679,-0.596,-0.503,-0.516,-0.499,-0.481,-0.607,0.26,0.743,0.108,0.745,0.752,0.842,1.188,1.335,1.072,0.618,0.032,0.501,0.822,0.832,0.63,0.411,0.453,0.48,0.435,0.001,0.226,0.869,0.707,0.193,0.015,0.026,0.418,0.781,0.001,0.001,0.158,0.149,0.005,0.004,0.004,0.347,0.538,0.001,0.023,0.002,0.365,0.587,0.001,0.001,0.061,0.018,0.001,0.001,-0.772,0.563,0.282,0.081,0,0.001,0,0.001,0,0.001,0.001,0,0,0,0,0.001,0,0,0.001,0,0,0,0.015,0,0,0,0.001,0,0,0,0.001,0,0,0,0.001,0.001,0,0.001,0.001,0.015,0,0,0,0.001,0,0,0.001,0.001,0.001,16.652,0.046
01:53.5,2143,-0.289,-0.243,0.717,0.586,-0.474,-0.551,-0.614,-0.309,-0.688,-0.685,-0.128,0.2,0.047,-0.422,-0.683,-0.594,-0.506,-0.515,-0.497,-0.482,-0.607,0.26,0.743,0.108,0.745,0.752,0.842,1.188,1.335,1.072,0.618,0.032,0.501,0.822,0.832,0.63,0.411,0.453,0.48,0.435,0.001,0.226,0.869,0.707,0.193,0.015,0.026,0.418,0.781,0.001,0.001,0.158,0.149,0.005,0.004,0.004,0.347,0.538,0.001,0.023,0.002,0.365,0.587,0.001,0.001,0.061,0.018,0.001,0.001,-0.772,0.563,0.282,0.081,0,0.001,0,0.001,0,0.001,0.001,0,0,0,0,0.001,0,0,0.001,0,0,0,0.015,0,0,0,0.001,0,0,0,0.001,0,0,0,0.001,0.001,0,0.001,0.001,0.015,0,0,0,0.001,0,0,0.001,0.001,0.001,16.652,0.046
01:53.5,2144,-0.283,-0.247,0.719,0.585,-0.474,-0.549,-0.616,-0.306,-0.689,-0.682,-0.127,0.209,0.052,-0.417,-0.685,-0.595,-0.508,-0.513,-0.494,-0.484,-0.607,0.26,0.743,0.108,0.745,0.752,0.842,1.188,1.335,1.072,0.618,0.032,0.501,0.822,0.832,0.63,0.411,0.453,0.48,0.435,0.001,0.226,0.869,0.707,0.193,0.015,0.026,0.418,0.781,0.001,0.001,0.158,0.149,0.005,0.004,0.004,0.347,0.538,0.001,0.023,0.002,0.365,0.587,0.001,0.001,0.061,0.018,0.001,0.001,-0.772,0.563,0.282,0.081,0,0.001,0,0.001,0,0.001,0.001,0,0,0,0,0.001,0,0,0.001,0,0,0,0.015,0,0,0,0.001,0,0,0,0.001,0,0,0,0.001,0.001,0,0.001,0.001,0.015,0,0,0,0.001,0,0,0.001,0.001,0.001,16.652,0.046
01:53.5,2145,-0.277,-0.251,0.721,0.584,-0.478,-0.548,-0.618,-0.299,-0.69,-0.678,-0.126,0.218,0.055,-0.411,-0.686,-0.597,-0.511,-0.511,-0.491,-0.486,-0.607,0.26,0.743,0.108,0.745,0.752,0.842,1.188,1.335,1.072,0.618,0.032,0.501,0.822,0.832,0.63,0.411,0.453,0.48,0.435,0.001,0.226,0.869,0.707,0.193,0.015,0.026,0.418,0.781,0.001,0.001,0.158,0.149,0.005,0.004,0.004,0.347,0.538,0.001,0.023,0.002,0.365,0.587,0.001,0.001,0.061,0.018,0.001,0.001,-0.772,0.563,0.282,0.081,0,0.001,0,0.001,0,0.001,0.001,0,0,0,0,0.001,0,0,0.001,0,0,0,0.015,0,0,0,0.001,0,0,0,0.001,0,0,0,0.001,0.001,0,0.001,0.001,0.015,0,0,0,0.001,0,0,0.001,0.001,0.001,16.652,0.046
01:53.5,2146,-0.272,-0.254,0.722,0.583,-0.485,-0.547,-0.618,-0.29,-0.691,-0.675,-0.124,0.227,0.057,-0.404,-0.687,-0.602,-0.513,-0.51,-0.488,-0.488,-0.607,0.26,0.743,0.108,0.745,0.752,0.842,1.188,1.335,1.072,0.618,0.032,0.501,0.822,0.832,0.63,0.411,0.453,0.48,0.435,0.001,0.226,0.869,0.707,0.193,0.015,0.026,0.418,0.781,0.001,0.001,0.158,0.149,0.005,0.004,0.004,0.347,0.538,0.001,0.023,0.002,0.365,0.587,0.001,0.001,0.061,0.018,0.001,0.001,-0.772,0.563,0.282,0.081,0,0.001,0,0.001,0,0.001,0.001,0,0,0,0,0.001,0,0,0.001,0,0,0,0.015,0,0,0,0.001,0,0,0,0.001,0,0,0,0.001,0.001,0,0.001,0.001,0.015,0,0,0,0.001,0,0,0.001,0.001,0.001,16.652,0.046
01:53.5,2147,-0.266,-0.257,0.724,0.583,-0.492,-0.546,-0.616,-0.282,-0.692,-0.671,-0.121,0.235,0.06,-0.395,-0.687,-0.607,-0.514,-0.51,-0.486,-0.49,-0.607,0.26,0.743,0.108,0.745,0.752,0.842,1.188,1.335,1.072,0.618,0.032,0.501,0.822,0.832,0.63,0.411,0.453,0.48,0.435,0.001,0.226,0.869,0.707,0.193,0.015,0.026,0.418,0.781,0.001,0.001,0.158,0.149,0.005,0.004,0.004,0.347,0.538,0.001,0.023,0.002,0.365,0.587,0.001,0.001,0.061,0.018,0.001,0.001,-0.772,0.563,0.282,0.081,0,0.001,0,0.001,0,0.001,0.001,0,0,0,0,0.001,0,0,0.001,0,0,0,0.015,0,0,0,0.001,0,0,0,0.001,0,0,0,0.001,0.001,0,0.001,0.001,0.015,0,0,0,0.001,0,0,0.001,0.001,0.001,16.652,0.046
01:53.5,2148,-0.262,-0.259,0.724,0.583,-0.497,-0.547,-0.614,-0.276,-0.693,-0.667,-0.118,0.245,0.065,-0.384,-0.688,-0.612,-0.514,-0.51,-0.484,-0.491,-0.613,0.268,0.735,0.114,0.725,0.748,0.84,1.188,1.333,1.078,0.619,0.04,0.49,0.823,0.828,0.63,0.414,0.453,0.488,0.438,0.001,0.219,0.869,0.707,0.186,0.015,0.024,0.42,0.78,0.001,0.001,0.151,0.15,0.005,0.004,0.002,0.344,0.542,0.001,0.023,0.001,0.36,0.589,0.001,0.001,0.059,0.02,0.001,0.001,-0.772,0.563,0.282,0.081,0,0.001,0,0.001,0,0.001,0.001,0,0,0,0,0.001,0,0,0.001,0,0,0,0.015,0,0,0,0.001,0,0,0,0.001,0,0,0,0.001,0.001,0,0.001,0.001,0.015,0,0,0,0.001,0,0,0.001,0.001,0.001,16.613,0.046
01:53.5,2149,-0.257,-0.26,0.725,0.584,-0.5,-0.55,-0.61,-0.274,-0.695,-0.664,-0.113,0.253,0.072,-0.372,-0.69,-0.616,-0.514,-0.512,-0.482,-0.491,-0.613,0.269,0.734,0.115,0.365,0.611,0.806,1.181,1.365,1.145,0.648,0.1,0.221,0.822,0.821,0.603,0.421,0.516,0.556,0.498,0.001,0.085,0.846,0.675,0.17,0.015,0.017,0.49,0.792,0.001,0.01,0.104,0.114,0.004,0.004,0.004,0.347,0.565,0.001,0.033,0.002,0.328,0.564,0.001,0.109,0.035,0.027,0.001,0.001,-0.575,0.621,0.418,0.331,0.001,0,0,0,0,0.001,0,0.001,0,0,0,0.001,0,0.001,0.001,0,0,0,0.016,0.001,0,0,0,0.001,0.001,0.001,0.001,0.001,0,0,0,0.001,0,0,0,0.013,0.001,0,0,0.001,0,0.001,0,0,0,16.025,0.045
01:53.5,2150,-0.252,-0.26,0.725,0.585,-0.5,-0.554,-0.607,-0.274,-0.696,-0.66,-0.108,0.261,0.08,-0.358,-0.694,-0.619,-0.513,-0.514,-0.481,-0.491,-0.614,0.269,0.733,0.116,0.31,0.598,0.801,1.178,1.368,1.155,0.648,0.101,0.194,0.812,0.814,0.6,0.425,0.515,0.562,0.503,0.001,0.081,0.841,0.673,0.165,0.015,0.013,0.495,0.796,0.001,0.011,0.101,0.112,0.004,0.002,0.004,0.352,0.567,0.001,0.035,0.002,0.327,0.568,0.001,0.122,0.034,0.028,0.001,0.001,-0.575,0.621,0.418,0.331,0.001,0,0,0,0,0.001,0,0.001,0,0,0,0.001,0,0.001,0.001,0,0,0,0.016,0.001,0,0,0,0.001,0.001,0.001,0.001,0.001,0,0,0,0.001,0,0,0,0.013,0.001,0,0,0.001,0,0.001,0,0,0,15.938,0.045
01:53.6,2151,-0.247,-0.26,0.726,0.586,-0.498,-0.557,-0.604,-0.277,-0.698,-0.657,-0.102,0.268,0.087,-0.346,-0.696,-0.623,-0.513,-0.516,-0.48,-0.49,-0.614,0.27,0.732,0.117,0.255,0.576,0.79,1.175,1.368,1.161,0.648,0.109,0.16,0.803,0.813,0.598,0.429,0.526,0.567,0.504,0.001,0.077,0.849,0.674,0.167,0.012,0.012,0.502,0.797,0.001,0.013,0.094,0.111,0.005,0.004,0.004,0.355,0.575,0.001,0.048,0.002,0.33,0.567,0,0.148,0.034,0.032,0.001,0.001,-0.575,0.621,0.418,0.331,0.001,0,0,0,0,0.001,0,0.001,0,0,0,0.001,0,0.001,0.001,0,0,0,0.016,0.001,0,0,0,0.001,0.001,0.001,0.001,0.001,0,0,0,0.001,0,0,0,0.013,0.001,0,0,0.001,0,0.001,0,0,0,15.899,0.045
01:53.6,2152,-0.242,-0.259,0.728,0.587,-0.494,-0.56,-0.602,-0.281,-0.699,-0.654,-0.095,0.272,0.087,-0.337,-0.695,-0.629,-0.512,-0.519,-0.479,-0.489,-0.615,0.271,0.731,0.117,0.221,0.556,0.781,1.17,1.366,1.158,0.645,0.116,0.127,0.796,0.808,0.596,0.436,0.545,0.573,0.505,0.001,0.063,0.847,0.674,0.171,0.017,0.013,0.507,0.795,0.001,0.013,0.093,0.112,0.004,0.004,0.004,0.358,0.574,0.001,0.044,0.002,0.333,0.568,0,0.165,0.035,0.035,0.001,0.001,-0.575,0.621,0.418,0.331,0.001,0,0,0,0,0.001,0,0.001,0,0,0,0.001,0,0.001,0.001,0,0,0,0.016,0.001,0,0,0,0.001,0.001,0.001,0.001,0.001,0,0,0,0.001,0,0,0,0.013,0.001,0,0,0.001,0,0.001,0,0,0,15.835,0.045
01:53.6,2153,-0.239,-0.258,0.729,0.587,-0.491,-0.562,-0.602,-0.284,-0.701,-0.653,-0.087,0.274,0.082,-0.329,-0.693,-0.636,-0.512,-0.521,-0.479,-0.487,-0.615,0.271,0.731,0.118,0.188,0.524,0.768,1.165,1.365,1.161,0.641,0.123,0.087,0.788,0.808,0.593,0.443,0.556,0.576,0.508,0.001,0.053,0.86,0.676,0.171,0.018,0.015,0.515,0.796,0.001,0.021,0.093,0.112,0.005,0.004,0.004,0.365,0.579,0.001,0.043,0.002,0.337,0.571,0.001,0.175,0.037,0.034,0.001,0.001,-0.575,0.621,0.418,0.331,0.001,0,0,0,0,0.001,0,0.001,0,0,0,0.001,0,0.001,0.001,0,0,0,0.016,0.001,0,0,0,0.001,0.001,0.001,0.001,0.001,0,0,0,0.001,0,0,0,0.013,0.001,0,0,0.001,0,0.001,0,0,0,15.786,0.045
01:53.6,2154,-0.237,-0.256,0.731,0.587,-0.489,-0.563,-0.602,-0.286,-0.702,-0.653,-0.079,0.274,0.075,-0.317,-0.693,-0.643,-0.511,-0.523,-0.479,-0.485,-0.615,0.271,0.73,0.118,0.15,0.509,0.761,1.164,1.363,1.16,0.641,0.129,0.065,0.764,0.803,0.59,0.448,0.57,0.579,0.505,0.001,0.053,0.866,0.678,0.178,0.018,0.013,0.521,0.795,0.001,0.023,0.089,0.114,0.005,0.004,0.004,0.374,0.581,0.001,0.048,0.002,0.337,0.574,0.001,0.195,0.038,0.035,0.001,0.001,-0.575,0.621,0.418,0.331,0.001,0,0,0,0,0.001,0,0.001,0,0,0,0.001,0,0.001,0.001,0,0,0,0.016,0.001,0,0,0,0.001,0.001,0.001,0.001,0.001,0,0,0,0.001,0,0,0,0.013,0.001,0,0,0.001,0,0.001,0,0,0,15.752,0.045
01:53.6,2155,-0.236,-0.254,0.732,0.586,-0.488,-0.563,-0.602,-0.286,-0.703,-0.654,-0.072,0.271,0.064,-0.301,-0.696,-0.649,-0.511,-0.525,-0.48,-0.483,-0.616,0.272,0.73,0.119,0.143,0.508,0.752,1.156,1.363,1.168,0.637,0.136,0.043,0.751,0.802,0.591,0.453,0.578,0.585,0.509,0.001,0.044,0.86,0.676,0.184,0.02,0.015,0.527,0.797,0.001,0.023,0.088,0.114,0.005,0.004,0.004,0.375,0.581,0.001,0.046,0.002,0.339,0.573,0.001,0.205,0.042,0.037,0.001,0.001,-0.575,0.621,0.418,0.331,0.001,0,0,0,0,0.001,0,0.001,0,0,0,0.001,0,0.001,0.001,0,0,0,0.016,0.001,0,0,0,0.001,0.001,0.001,0.001,0.001,0,0,0,0.001,0,0,0,0.013,0.001,0,0,0.001,0,0.001,0,0,0,15.742,0.045
01:53.6,2156,-0.236,-0.252,0.734,0.585,-0.489,-0.563,-0.602,-0.285,-0.704,-0.656,-0.064,0.265,0.048,-0.281,-0.7,-0.655,-0.511,-0.527,-0.48,-0.481,-0.616,0.274,0.729,0.12,0.106,0.502,0.742,1.155,1.363,1.167,0.639,0.14,0.042,0.737,0.803,0.593,0.455,0.589,0.586,0.509,0.001,0.028,0.849,0.673,0.182,0.02,0.015,0.531,0.803,0.001,0.028,0.085,0.112,0.005,0.004,0.004,0.381,0.58,0.001,0.044,0.002,0.339,0.57,0.007,0.219,0.043,0.037,0.001,0.001,-0.48,0.513,0.589,0.399,0.001,0.001,0,0,0,0,0,0,0,0,0,0.001,0,0,0.001,0.001,0,0,0.016,0.001,0,0.001,0.001,0,0,0,0,0,0.001,0,0,0,0.001,0.001,0,0.012,0,0.001,0,0,0.001,0,0,0.001,0,15.694,0.042
01:53.6,2157,-0.237,-0.25,0.735,0.584,-0.491,-0.563,-0.601,-0.283,-0.704,-0.66,-0.057,0.256,0.03,-0.261,-0.705,-0.659,-0.512,-0.528,-0.48,-0.479,-0.616,0.275,0.728,0.121,0.089,0.493,0.734,1.148,1.361,1.166,0.64,0.147,0.028,0.726,0.797,0.593,0.46,0.6,0.59,0.51,0.001,0.013,0.841,0.672,0.188,0.02,0.015,0.536,0.808,0.001,0.032,0.082,0.115,0.005,0.004,0.005,0.383,0.582,0.001,0.048,0.004,0.338,0.564,0.012,0.222,0.042,0.037,0.001,0.001,-0.476,0.498,0.608,0.394,0,0.001,0.001,0,0,0.001,0,0,0.001,0,0,0.001,0,0,0.001,0,0,0,0.001,0.001,0,0.001,0,0.001,0.001,0.001,0,0.001,0.001,0.001,0,0,0.001,0,0,0,0,0,0.001,0.001,0,0,0.001,0.001,0,15.655,0.02
01:53.6,2158,-0.239,-0.247,0.737,0.583,-0.492,-0.564,-0.601,-0.28,-0.703,-0.666,-0.052,0.244,0.012,-0.243,-0.709,-0.662,-0.513,-0.529,-0.479,-0.478,-0.615,0.276,0.728,0.122,0.061,0.491,0.716,1.138,1.361,1.166,0.64,0.148,0.029,0.719,0.799,0.593,0.463,0.608,0.591,0.513,0.001,0.001,0.825,0.675,0.19,0.02,0.015,0.542,0.812,0.001,0.031,0.077,0.114,0.005,0.004,0.005,0.386,0.582,0.001,0.051,0.004,0.337,0.563,0.027,0.255,0.042,0.038,0.001,0.001,-0.476,0.498,0.608,0.394,0,0.001,0.001,0,0,0.001,0,0,0.001,0,0,0.001,0,0,0.001,0,0,0,0.001,0.001,0,0.001,0,0.001,0.001,0.001,0,0.001,0.001,0.001,0,0,0.001,0,0,0,0,0,0.001,0.001,0,0,0.001,0.001,0,15.642,0.02
01:53.6,2159,-0.241,-0.244,0.737,0.582,-0.492,-0.565,-0.6,-0.28,-0.702,-0.672,-0.047,0.23,-0.003,-0.226,-0.712,-0.664,-0.513,-0.53,-0.478,-0.476,-0.615,0.277,0.728,0.122,0.048,0.48,0.697,1.131,1.359,1.165,0.639,0.148,0.002,0.713,0.795,0.589,0.466,0.617,0.591,0.516,0.001,0.001,0.802,0.678,0.189,0.021,0.015,0.549,0.814,0.001,0.039,0.072,0.112,0.005,0.004,0.005,0.388,0.582,0.001,0.057,0.004,0.337,0.563,0.05,0.287,0.043,0.038,0.001,0.001,-0.476,0.498,0.608,0.394,0,0.001,0.001,0,0,0.001,0,0,0.001,0,0,0.001,0,0,0.001,0,0,0,0.001,0.001,0,0.001,0,0.001,0.001,0.001,0,0.001,0.001,0.001,0,0,0.001,0,0,0,0,0,0.001,0.001,0,0,0.001,0.001,0,15.616,0.02
01:53.6,2160,-0.244,-0.241,0.738,0.581,-0.491,-0.567,-0.599,-0.28,-0.701,-0.678,-0.043,0.216,-0.016,-0.21,-0.715,-0.666,-0.514,-0.532,-0.478,-0.473,-0.615,0.277,0.727,0.122,0.04,0.448,0.674,1.118,1.352,1.165,0.635,0.148,0.001,0.708,0.794,0.585,0.471,0.617,0.591,0.515,0.001,0.001,0.781,0.679,0.199,0.021,0.016,0.552,0.813,0.007,0.045,0.068,0.107,0.005,0.004,0.005,0.393,0.585,0.001,0.066,0.004,0.341,0.569,0.072,0.297,0.045,0.039,0.009,0.001,-0.476,0.498,0.608,0.394,0,0.001,0.001,0,0,0.001,0,0,0.001,0,0,0.001,0,0,0.001,0,0,0,0.001,0.001,0,0.001,0,0.001,0.001,0.001,0,0.001,0.001,0.001,0,0,0.001,0,0,0,0,0,0.001,0.001,0,0,0.001,0.001,0,15.588,0.02
01:53.7,2161,-0.246,-0.238,0.739,0.581,-0.49,-0.568,-0.599,-0.281,-0.701,-0.683,-0.04,0.202,-0.028,-0.193,-0.718,-0.668,-0.515,-0.534,-0.477,-0.471,-0.615,0.277,0.728,0.122,0.005,0.404,0.658,1.105,1.344,1.158,0.63,0.147,0.001,0.705,0.789,0.582,0.471,0.63,0.59,0.512,0.001,0.001,0.774,0.674,0.192,0.022,0.015,0.553,0.816,0.032,0.055,0.063,0.1,0.005,0.004,0.005,0.396,0.586,0.001,0.071,0.004,0.352,0.58,0.104,0.313,0.046,0.039,0.022,0.001,-0.476,0.498,0.608,0.394,0,0.001,0.001,0,0,0.001,0,0,0.001,0,0,0.001,0,0,0.001,0,0,0,0.001,0.001,0,0.001,0,0.001,0.001,0.001,0,0.001,0.001,0.001,0,0,0.001,0,0,0,0,0,0.001,0.001,0,0,0.001,0.001,0,15.558,0.02
01:53.7,2162,-0.248,-0.235,0.739,0.581,-0.488,-0.569,-0.599,-0.283,-0.7,-0.688,-0.038,0.187,-0.039,-0.177,-0.72,-0.67,-0.516,-0.536,-0.476,-0.469,-0.615,0.277,0.728,0.12,0.001,0.375,0.637,1.087,1.337,1.156,0.621,0.149,0.001,0.681,0.769,0.573,0.473,0.632,0.59,0.51,0.001,0.001,0.764,0.668,0.193,0.023,0.016,0.556,0.813,0.039,0.066,0.054,0.096,0.005,0.004,0.005,0.4,0.591,0.004,0.074,0.004,0.359,0.586,0.165,0.342,0.046,0.042,0.05,0.001,-0.476,0.498,0.608,0.394,0,0.001,0.001,0,0,0.001,0,0,0.001,0,0,0.001,0,0,0.001,0,0,0,0.001,0.001,0,0.001,0,0.001,0.001,0.001,0,0.001,0.001,0.001,0,0,0.001,0,0,0,0,0,0.001,0.001,0,0,0.001,0.001,0,15.56,0.02
01:53.7,2163,-0.25,-0.231,0.739,0.581,-0.486,-0.569,-0.6,-0.284,-0.698,-0.694,-0.038,0.172,-0.05,-0.161,-0.721,-0.671,-0.517,-0.537,-0.475,-0.467,-0.615,0.277,0.729,0.119,0.001,0.342,0.619,1.073,1.333,1.149,0.618,0.149,0.001,0.659,0.747,0.562,0.468,0.639,0.587,0.507,0.006,0.001,0.75,0.67,0.19,0.023,0.018,0.558,0.814,0.07,0.082,0.051,0.092,0.005,0.004,0.005,0.404,0.597,0.021,0.083,0.004,0.37,0.591,0.203,0.354,0.051,0.043,0.078,0.001,-0.476,0.498,0.608,0.394,0,0.001,0.001,0,0,0.001,0,0,0.001,0,0,0.001,0,0,0.001,0,0,0,0.001,0.001,0,0.001,0,0.001,0.001,0.001,0,0.001,0.001,0.001,0,0,0.001,0,0,0,0,0,0.001,0.001,0,0,0.001,0.001,0,15.593,0.02
01:53.7,2164,-0.251,-0.228,0.738,0.583,-0.485,-0.568,-0.601,-0.284,-0.694,-0.701,-0.04,0.159,-0.063,-0.146,-0.721,-0.674,-0.519,-0.539,-0.474,-0.465,-0.614,0.278,0.729,0.118,0.001,0.305,0.609,1.056,1.325,1.145,0.612,0.156,0.001,0.615,0.726,0.552,0.466,0.643,0.587,0.503,0.01,0.001,0.73,0.63,0.189,0.023,0.021,0.558,0.811,0.094,0.103,0.044,0.09,0.005,0.004,0.005,0.409,0.603,0.059,0.09,0.004,0.379,0.596,0.281,0.402,0.053,0.044,0.128,0.001,-0.471,0.368,0.711,0.37,0,0.001,0,0.001,0.001,0.001,0.001,0.001,0.001,0.001,0,0.001,0.001,0,0.001,0,0,0,0.001,0.001,0,0.001,0,0.001,0.001,0,0,0.001,0.001,0.001,0,0,0,0.001,0.001,0,0.001,0,0.001,0,0.001,0,0,0,0.001,15.669,0.025
01:53.7,2165,-0.253,-0.224,0.738,0.585,-0.486,-0.566,-0.603,-0.282,-0.689,-0.708,-0.045,0.148,-0.077,-0.132,-0.719,-0.678,-0.521,-0.54,-0.472,-0.464,-0.613,0.28,0.729,0.118,0.001,0.245,0.593,1.021,1.314,1.136,0.606,0.158,0.001,0.587,0.687,0.547,0.463,0.652,0.586,0.507,0.015,0.001,0.713,0.623,0.179,0.024,0.023,0.557,0.81,0.136,0.12,0.038,0.087,0.004,0.004,0.005,0.416,0.607,0.083,0.089,0.004,0.391,0.602,0.341,0.427,0.056,0.045,0.147,0.001,-0.469,0.364,0.711,0.377,0,0,0.001,0,0,0.001,0,0,0,0.001,0.001,0.001,0,0,0.001,0.001,0.001,0,0.002,0.001,0,0.001,0,0,0.002,0,0.001,0.001,0,0.001,0.001,0,0.001,0.001,0,0,0,0.001,0,0.001,0,0,0.001,0,0,15.652,0.023
01:53.7,2166,-0.254,-0.22,0.737,0.587,-0.487,-0.564,-0.605,-0.278,-0.684,-0.713,-0.051,0.142,-0.094,-0.12,-0.716,-0.681,-0.522,-0.541,-0.47,-0.462,-0.613,0.28,0.729,0.118,0.001,0.245,0.593,1.021,1.314,1.136,0.606,0.158,0.001,0.587,0.687,0.547,0.463,0.652,0.586,0.507,0.015,0.001,0.713,0.623,0.179,0.024,0.023,0.557,0.81,0.136,0.12,0.038,0.087,0.004,0.004,0.005,0.416,0.607,0.083,0.089,0.004,0.391,0.602,0.341,0.427,0.056,0.045,0.147,0.001,-0.469,0.361,0.708,0.386,0,0.001,0.001,0,0.001,0,0,0,0.001,0.001,0,0,0,0.001,0.001,0.001,0.001,0,0.001,0.001,0.001,0,0,0.001,0.002,0,0.001,0,0.001,0,0,0,0.001,0,0,0,0,0,0,0,0,0.001,0,0,0.001,15.652,0.02
01:53.7,2167,-0.255,-0.215,0.736,0.59,-0.489,-0.562,-0.608,-0.274,-0.681,-0.716,-0.058,0.139,-0.109,-0.112,-0.713,-0.684,-0.523,-0.542,-0.469,-0.462,-0.613,0.28,0.729,0.118,0.001,0.245,0.593,1.021,1.314,1.136,0.606,0.158,0.001,0.587,0.687,0.547,0.463,0.652,0.586,0.507,0.015,0.001,0.713,0.623,0.179,0.024,0.023,0.557,0.81,0.136,0.12,0.038,0.087,0.004,0.004,0.005,0.416,0.607,0.083,0.089,0.004,0.391,0.602,0.341,0.427,0.056,0.045,0.147,0.001,-0.469,0.361,0.704,0.392,0.001,0,0.001,0,0.001,0.001,0,0,0,0.001,0.001,0.001,0,0,0.001,0,0,0,0,0.001,0.001,0,0,0,0.001,0.001,0,0,0.001,0,0,0,0,0,0,0,0.001,0,0,0.001,0,0,0.001,0,0,15.652,0.016
01:53.7,2168,-0.254,-0.211,0.734,0.593,-0.491,-0.561,-0.61,-0.269,-0.68,-0.717,-0.065,0.14,-0.123,-0.106,-0.71,-0.686,-0.525,-0.543,-0.467,-0.461,-0.613,0.28,0.729,0.118,0.001,0.245,0.593,1.021,1.314,1.136,0.606,0.158,0.001,0.587,0.687,0.547,0.463,0.652,0.586,0.507,0.015,0.001,0.713,0.623,0.179,0.024,0.023,0.557,0.81,0.136,0.12,0.038,0.087,0.004,0.004,0.005,0.416,0.607,0.083,0.089,0.004,0.391,0.602,0.341,0.427,0.056,0.045,0.147,0.001,-0.47,0.363,0.699,0.398,0,0,0,0,0.001,0.001,0,0.001,0,0,0.001,0,0.001,0,0,0.001,0,0,0.001,0.001,0.001,0.001,0.001,0.001,0.001,0,0.001,0,0,0,0.001,0.001,0,0,0,0.001,0,0.001,0.001,0,0.001,0,0.001,0.001,0.001,15.652,0.023
01:53.7,2169,-0.253,-0.207,0.733,0.596,-0.493,-0.559,-0.612,-0.265,-0.678,-0.718,-0.07,0.144,-0.133,-0.103,-0.707,-0.687,-0.526,-0.543,-0.464,-0.461,-0.613,0.28,0.729,0.118,0.001,0.245,0.593,1.021,1.314,1.136,0.606,0.158,0.001,0.587,0.687,0.547,0.463,0.652,0.586,0.507,0.015,0.001,0.713,0.623,0.179,0.024,0.023,0.557,0.81,0.136,0.12,0.038,0.087,0.004,0.004,0.005,0.416,0.607,0.083,0.089,0.004,0.391,0.602,0.341,0.427,0.056,0.045,0.147,0.001,-0.473,0.365,0.692,0.405,0,0.001,0.001,0,0.001,0,0.001,0,0,0.001,0.001,0,0.001,0.001,0,0.001,0,0,0.001,0,0.001,0.001,0,0.001,0.001,0,0.001,0,0.001,0.001,0.001,0,0,0,0,0.001,0,0,0,0.001,0,0.001,0,0,0,15.652,0.021
01:53.8,2170,-0.25,-0.203,0.732,0.6,-0.494,-0.558,-0.614,-0.26,-0.675,-0.719,-0.073,0.151,-0.138,-0.102,-0.705,-0.687,-0.529,-0.543,-0.462,-0.461,-0.613,0.28,0.729,0.118,0.001,0.245,0.593,1.021,1.314,1.136,0.606,0.158,0.001,0.587,0.687,0.547,0.463,0.652,0.586,0.507,0.015,0.001,0.713,0.623,0.179,0.024,0.023,0.557,0.81,0.136,0.12,0.038,0.087,0.004,0.004,0.005,0.416,0.607,0.083,0.089,0.004,0.391,0.602,0.341,0.427,0.056,0.045,0.147,0.001,-0.475,0.367,0.688,0.407,0,0.001,0,0,0.001,0,0.001,0.001,0,0.001,0,0,0.001,0,0,0,0.001,0,0,0.001,0,0.001,0,0.001,0.001,0.001,0,0,0,0,0,0,0.001,0.001,0.001,0.001,0,0.001,0,0.001,0,0,0,0.001,0,15.652,0.019
01:53.8,2171,-0.248,-0.198,0.732,0.603,-0.495,-0.556,-0.617,-0.255,-0.671,-0.72,-0.073,0.161,-0.139,-0.102,-0.705,-0.688,-0.531,-0.542,-0.458,-0.462,-0.613,0.28,0.729,0.118,0.001,0.245,0.593,1.021,1.314,1.136,0.606,0.158,0.001,0.587,0.687,0.547,0.463,0.652,0.586,0.507,0.015,0.001,0.713,0.623,0.179,0.024,0.023,0.557,0.81,0.136,0.12,0.038,0.087,0.004,0.004,0.005,0.416,0.607,0.083,0.089,0.004,0.391,0.602,0.341,0.427,0.056,0.045,0.147,0.001,-0.479,0.37,0.682,0.409,0,0.001,0.001,0.001,0.001,0.001,0.001,0.001,0,0.001,0,0,0,0,0.001,0.001,0,0,0,0,0,0,0,0.001,0.001,0,0,0,0,0,0.001,0.001,0,0.001,0.001,0,0.001,0.001,0,0,0,0.001,0,0.001,0.001,15.652,0.021
01:53.8,2172,-0.246,-0.192,0.732,0.606,-0.495,-0.555,-0.62,-0.25,-0.667,-0.722,-0.069,0.172,-0.136,-0.102,-0.705,-0.688,-0.534,-0.541,-0.455,-0.463,-0.607,0.288,0.732,0.111,0.001,0.212,0.596,1.002,1.309,1.129,0.598,0.155,0.001,0.564,0.646,0.525,0.455,0.656,0.582,0.508,0.031,0,0.694,0.607,0.181,0.024,0.026,0.559,0.808,0.164,0.136,0.02,0.083,0.004,0.004,0.005,0.418,0.611,0.104,0.103,0.004,0.402,0.607,0.375,0.477,0.063,0.046,0.188,0.001,-0.479,0.37,0.682,0.409,0,0.001,0.001,0.001,0.001,0.001,0.001,0.001,0,0.001,0,0,0,0,0.001,0.001,0,0,0,0,0,0,0,0.001,0.001,0,0,0,0,0,0.001,0.001,0,0.001,0.001,0,0.001,0.001,0,0,0,0.001,0,0.001,0.001,15.684,0.021
01:53.8,2173,-0.245,-0.187,0.732,0.608,-0.495,-0.554,-0.623,-0.245,-0.663,-0.723,-0.064,0.184,-0.13,-0.101,-0.706,-0.689,-0.537,-0.541,-0.452,-0.463,-0.605,0.288,0.734,0.109,0.001,0.002,0.225,0.551,1.031,1.004,0.542,0.181,0.001,0.134,0.493,0.35,0.379,0.672,0.56,0.498,0.095,0,0.311,0.475,0.11,0.009,0.038,0.557,0.779,0.288,0.28,0.001,0.005,0.002,0.004,0.006,0.448,0.641,0.306,0.226,0.006,0.493,0.672,0.869,0.879,0.12,0.073,0.339,0.079,-0.479,0.37,0.682,0.409,0,0.001,0.001,0.001,0.001,0.001,0.001,0.001,0,0.001,0,0,0,0,0.001,0.001,0,0,0,0,0,0,0,0.001,0.001,0,0,0,0,0,0.001,0.001,0,0.001,0.001,0,0.001,0.001,0,0,0,0.001,0,0.001,0.001,14.735,0.021
01:53.8,2174,-0.243,-0.183,0.732,0.61,-0.496,-0.552,-0.626,-0.238,-0.66,-0.723,-0.057,0.196,-0.121,-0.1,-0.707,-0.689,-0.54,-0.541,-0.45,-0.463,-0.603,0.289,0.735,0.107,0.001,0.002,0.184,0.516,1.015,0.99,0.53,0.178,0.001,0.087,0.466,0.325,0.355,0.663,0.559,0.497,0.099,0.001,0.291,0.466,0.094,0.005,0.038,0.559,0.777,0.293,0.283,0.001,0.006,0.002,0.002,0.006,0.449,0.643,0.309,0.252,0.007,0.501,0.679,0.918,0.912,0.127,0.079,0.355,0.109,-0.479,0.37,0.682,0.409,0,0.001,0.001,0.001,0.001,0.001,0.001,0.001,0,0.001,0,0,0,0,0.001,0.001,0,0,0,0,0,0,0,0.001,0.001,0,0,0,0,0,0.001,0.001,0,0.001,0.001,0,0.001,0.001,0,0,0,0.001,0,0.001,0.001,14.632,0.021
01:53.8,2175,-0.241,-0.179,0.733,0.611,-0.498,-0.549,-0.63,-0.231,-0.658,-0.722,-0.049,0.209,-0.111,-0.099,-0.709,-0.69,-0.542,-0.541,-0.448,-0.461,-0.601,0.291,0.737,0.106,0.001,0.001,0.133,0.452,0.978,0.982,0.521,0.176,0.001,0.035,0.44,0.298,0.338,0.65,0.558,0.496,0.105,0.001,0.217,0.432,0.083,0.004,0.038,0.56,0.774,0.3,0.284,0.001,0.004,0.002,0.002,0.006,0.454,0.646,0.321,0.263,0.007,0.509,0.689,0.968,0.965,0.132,0.078,0.361,0.138,-0.479,0.37,0.682,0.409,0,0.001,0.001,0.001,0.001,0.001,0.001,0.001,0,0.001,0,0,0,0,0.001,0.001,0,0,0,0,0,0,0,0.001,0.001,0,0,0,0,0,0.001,0.001,0,0.001,0.001,0,0.001,0.001,0,0,0,0.001,0,0.001,0.001,14.404,0.021
01:53.8,2176,-0.239,-0.176,0.734,0.611,-0.5,-0.546,-0.634,-0.222,-0.657,-0.72,-0.041,0.221,-0.103,-0.096,-0.71,-0.69,-0.544,-0.542,-0.446,-0.46,-0.601,0.291,0.737,0.106,0.001,0.001,0.133,0.452,0.978,0.982,0.521,0.176,0.001,0.035,0.44,0.298,0.338,0.65,0.558,0.496,0.105,0.001,0.217,0.432,0.083,0.004,0.038,0.56,0.774,0.3,0.284,0.001,0.004,0.002,0.002,0.006,0.454,0.646,0.321,0.263,0.007,0.509,0.689,0.968,0.965,0.132,0.078,0.361,0.138,-0.479,0.37,0.682,0.409,0,0.001,0.001,0.001,0.001,0.001,0.001,0.001,0,0.001,0,0,0,0,0.001,0.001,0,0,0,0,0,0,0,0.001,0.001,0,0,0,0,0,0.001,0.001,0,0.001,0.001,0,0.001,0.001,0,0,0,0.001,0,0.001,0.001,14.404,0.021
01:53.8,2177,-0.236,-0.174,0.734,0.612,-0.504,-0.542,-0.638,-0.213,-0.657,-0.717,-0.031,0.231,-0.096,-0.093,-0.71,-0.691,-0.546,-0.542,-0.444,-0.459,-0.601,0.291,0.737,0.106,0.001,0.001,0.133,0.452,0.978,0.982,0.521,0.176,0.001,0.035,0.44,0.298,0.338,0.65,0.558,0.496,0.105,0.001,0.217,0.432,0.083,0.004,0.038,0.56,0.774,0.3,0.284,0.001,0.004,0.002,0.002,0.006,0.454,0.646,0.321,0.263,0.007,0.509,0.689,0.968,0.965,0.132,0.078,0.361,0.138,-0.479,0.37,0.682,0.409,0,0.001,0.001,0.001,0.001,0.001,0.001,0.001,0,0.001,0,0,0,0,0.001,0.001,0,0,0,0,0,0,0,0.001,0.001,0,0,0,0,0,0.001,0.001,0,0.001,0.001,0,0.001,0.001,0,0,0,0.001,0,0.001,0.001,14.404,0.021
01:53.8,2178,-0.233,-0.172,0.735,0.613,-0.508,-0.539,-0.641,-0.204,-0.659,-0.713,-0.021,0.238,-0.092,-0.09,-0.711,-0.692,-0.548,-0.543,-0.442,-0.458,-0.601,0.291,0.737,0.106,0.001,0.001,0.133,0.452,0.978,0.982,0.521,0.176,0.001,0.035,0.44,0.298,0.338,0.65,0.558,0.496,0.105,0.001,0.217,0.432,0.083,0.004,0.038,0.56,0.774,0.3,0.284,0.001,0.004,0.002,0.002,0.006,0.454,0.646,0.321,0.263,0.007,0.509,0.689,0.968,0.965,0.132,0.078,0.361,0.138,-0.519,0.386,0.659,0.383,0,0.001,0,0.001,0,0,0.001,0.001,0,0,0,0,0,0,0.001,0,0,0.001,0.001,0,0,0,0,0,0.001,0.001,0,0,0.001,0.001,0.001,0,0,0,0,0.001,0.001,0,0,0,0,0.001,0.001,0,0,14.404,0.016
01:53.8,2179,-0.229,-0.17,0.736,0.614,-0.511,-0.536,-0.643,-0.195,-0.661,-0.71,-0.01,0.243,-0.09,-0.087,-0.71,-0.693,-0.55,-0.544,-0.44,-0.457,-0.601,0.291,0.737,0.106,0.001,0.001,0.133,0.452,0.978,0.982,0.521,0.176,0.001,0.035,0.44,0.298,0.338,0.65,0.558,0.496,0.105,0.001,0.217,0.432,0.083,0.004,0.038,0.56,0.774,0.3,0.284,0.001,0.004,0.002,0.002,0.006,0.454,0.646,0.321,0.263,0.007,0.509,0.689,0.968,0.965,0.132,0.078,0.361,0.138,-0.526,0.387,0.656,0.378,0,0.001,0.001,0,0,0.001,0,0,0,0.001,0,0,0.001,0,0,0.001,0,0,0,0,0.001,0,0,0,0,0,0,0,0,0.001,0.001,0,0.001,0,0,0,0,0.001,0.001,0,0,0.001,0,0.001,0.001,14.404,0.015
01:53.9,2180,-0.225,-0.169,0.736,0.615,-0.515,-0.533,-0.645,-0.188,-0.663,-0.708,0,0.244,-0.09,-0.086,-0.71,-0.693,-0.551,-0.544,-0.438,-0.456,-0.601,0.291,0.737,0.106,0.001,0.001,0.133,0.452,0.978,0.982,0.521,0.176,0.001,0.035,0.44,0.298,0.338,0.65,0.558,0.496,0.105,0.001,0.217,0.432,0.083,0.004,0.038,0.56,0.774,0.3,0.284,0.001,0.004,0.002,0.002,0.006,0.454,0.646,0.321,0.263,0.007,0.509,0.689,0.968,0.965,0.132,0.078,0.361,0.138,-0.536,0.388,0.651,0.372,0,0,0.001,0,0,0,0,0.001,0.001,0.001,0,0.001,0,0,0.001,0,0,0,0.001,0,0.001,0,0,0,0.001,0,0,0,0,0.001,0,0.001,0.001,0.001,0.001,0,0.001,0.001,0.001,0.001,0,0,0,0,0,14.404,0.018
01:53.9,2181,-0.222,-0.167,0.736,0.617,-0.518,-0.531,-0.646,-0.18,-0.666,-0.705,0.009,0.244,-0.09,-0.086,-0.709,-0.694,-0.553,-0.545,-0.435,-0.456,-0.601,0.291,0.737,0.106,0.001,0.001,0.133,0.452,0.978,0.982,0.521,0.176,0.001,0.035,0.44,0.298,0.338,0.65,0.558,0.496,0.105,0.001,0.217,0.432,0.083,0.004,0.038,0.56,0.774,0.3,0.284,0.001,0.004,0.002,0.002,0.006,0.454,0.646,0.321,0.263,0.007,0.509,0.689,0.968,0.965,0.132,0.078,0.361,0.138,-0.544,0.388,0.647,0.367,0.001,0,0.001,0,0.001,0,0,0.001,0,0,0.001,0.001,0,0,0,0,0,0.001,0.001,0.001,0.001,0.001,0,0,0,0,0,0.001,0,0,0,0,0.001,0,0,0.001,0,0.001,0.001,0,0.001,0,0,0,0.001,14.404,0.018
01:53.9,2182,-0.218,-0.164,0.737,0.619,-0.521,-0.529,-0.647,-0.173,-0.668,-0.704,0.017,0.241,-0.089,-0.089,-0.709,-0.694,-0.555,-0.545,-0.433,-0.456,-0.585,0.3,0.748,0.094,0.001,0.001,0.117,0.432,0.968,0.979,0.518,0.177,0.001,0.028,0.425,0.293,0.332,0.641,0.556,0.493,0.105,0.001,0.214,0.427,0.083,0.004,0.04,0.563,0.773,0.3,0.283,0.001,0.004,0.002,0.002,0.006,0.455,0.645,0.331,0.276,0.007,0.514,0.692,0.969,0.973,0.136,0.081,0.363,0.14,-0.555,0.386,0.642,0.36,0,0.001,0,0.001,0,0,0,0,0,0,0.001,0,0,0.001,0.001,0.001,0.001,0,0.002,0,0.001,0,0.001,0.001,0,0.001,0,0,0,0.001,0,0.001,0,0.001,0,0,0.001,0,0.001,0.001,0,0,0,0,0,14.352,0.019
01:53.9,2183,-0.215,-0.162,0.737,0.62,-0.524,-0.527,-0.648,-0.167,-0.669,-0.704,0.025,0.238,-0.088,-0.092,-0.709,-0.694,-0.557,-0.546,-0.431,-0.455,-0.582,0.301,0.75,0.091,0,0.001,0.001,0.001,0.492,0.783,0.44,0.153,0.001,0.001,0.053,0.042,0.085,0.479,0.541,0.473,0.127,0.001,0.001,0.001,0.001,0.001,0.028,0.551,0.757,0.282,0.338,0.001,0.001,0.001,0.001,0.004,0.475,0.653,0.375,0.326,0.005,0.567,0.735,1.068,1.132,0.186,0.128,0.441,0.337,-0.555,0.386,0.642,0.36,0,0.001,0,0.001,0,0,0,0,0,0,0.001,0,0,0.001,0.001,0.001,0.001,0,0.002,0,0.001,0,0.001,0.001,0,0.001,0,0,0,0.001,0,0.001,0,0.001,0,0,0.001,0,0.001,0.001,0,0,0,0,0,12.07,0.019
01:53.9,2184,-0.212,-0.158,0.737,0.622,-0.526,-0.525,-0.649,-0.161,-0.669,-0.705,0.031,0.233,-0.086,-0.097,-0.709,-0.693,-0.558,-0.547,-0.429,-0.453,-0.579,0.304,0.751,0.091,0.001,0.001,0.001,0.001,0.459,0.647,0.435,0.148,0.001,0.001,0.045,0.042,0.073,0.443,0.548,0.465,0.126,0,0.001,0.002,0.001,0.001,0.004,0.548,0.751,0.291,0.339,0.001,0.001,0.001,0.001,0.004,0.464,0.654,0.382,0.327,0.004,0.565,0.746,1.077,1.145,0.188,0.133,0.452,0.358,-0.555,0.386,0.642,0.36,0,0.001,0,0.001,0,0,0,0,0,0,0.001,0,0,0.001,0.001,0.001,0.001,0,0.002,0,0.001,0,0.001,0.001,0,0.001,0,0,0,0.001,0,0.001,0,0.001,0,0,0.001,0,0.001,0.001,0,0,0,0,0,11.878,0.019
01:53.9,2185,-0.21,-0.154,0.737,0.624,-0.53,-0.523,-0.649,-0.155,-0.668,-0.708,0.036,0.226,-0.082,-0.101,-0.71,-0.692,-0.559,-0.548,-0.428,-0.452,-0.576,0.309,0.751,0.089,0,0.001,0.001,0.001,0.405,0.523,0.426,0.143,0.001,0.001,0.032,0.018,0.042,0.348,0.556,0.464,0.127,0.001,0.001,0.002,0.001,0.001,0.002,0.547,0.756,0.274,0.332,0.001,0.001,0.001,0.001,0.002,0.452,0.651,0.385,0.322,0.002,0.56,0.747,1.087,1.176,0.189,0.142,0.464,0.376,-0.555,0.386,0.642,0.36,0,0.001,0,0.001,0,0,0,0,0,0,0.001,0,0,0.001,0.001,0.001,0.001,0,0.002,0,0.001,0,0.001,0.001,0,0.001,0,0,0,0.001,0,0.001,0,0.001,0,0,0.001,0,0.001,0.001,0,0,0,0,0,11.565,0.019
01:53.9,2186,-0.208,-0.15,0.737,0.625,-0.533,-0.521,-0.65,-0.15,-0.667,-0.711,0.04,0.218,-0.078,-0.102,-0.712,-0.691,-0.561,-0.548,-0.425,-0.452,-0.576,0.309,0.751,0.089,0,0.001,0.001,0.001,0.405,0.523,0.426,0.143,0.001,0.001,0.032,0.018,0.042,0.348,0.556,0.464,0.127,0.001,0.001,0.002,0.001,0.001,0.002,0.547,0.756,0.274,0.332,0.001,0.001,0.001,0.001,0.002,0.452,0.651,0.385,0.322,0.002,0.56,0.747,1.087,1.176,0.189,0.142,0.464,0.376,-0.555,0.386,0.642,0.36,0,0.001,0,0.001,0,0,0,0,0,0,0.001,0,0,0.001,0.001,0.001,0.001,0,0.002,0,0.001,0,0.001,0.001,0,0.001,0,0,0,0.001,0,0.001,0,0.001,0,0,0.001,0,0.001,0.001,0,0,0,0,0,11.565,0.019
01:53.9,2187,-0.206,-0.146,0.737,0.627,-0.536,-0.518,-0.65,-0.146,-0.667,-0.714,0.045,0.209,-0.072,-0.095,-0.714,-0.69,-0.564,-0.549,-0.422,-0.451,-0.576,0.309,0.751,0.089,0,0.001,0.001,0.001,0.405,0.523,0.426,0.143,0.001,0.001,0.032,0.018,0.042,0.348,0.556,0.464,0.127,0.001,0.001,0.002,0.001,0.001,0.002,0.547,0.756,0.274,0.332,0.001,0.001,0.001,0.001,0.002,0.452,0.651,0.385,0.322,0.002,0.56,0.747,1.087,1.176,0.189,0.142,0.464,0.376,-0.555,0.386,0.642,0.36,0,0.001,0,0.001,0,0,0,0,0,0,0.001,0,0,0.001,0.001,0.001,0.001,0,0.002,0,0.001,0,0.001,0.001,0,0.001,0,0,0,0.001,0,0.001,0,0.001,0,0,0.001,0,0.001,0.001,0,0,0,0,0,11.565,0.019
01:53.9,2188,-0.205,-0.141,0.738,0.627,-0.538,-0.516,-0.651,-0.142,-0.668,-0.715,0.048,0.199,-0.065,-0.078,-0.713,-0.694,-0.565,-0.551,-0.42,-0.449,-0.576,0.309,0.751,0.089,0,0.001,0.001,0.001,0.405,0.523,0.426,0.143,0.001,0.001,0.032,0.018,0.042,0.348,0.556,0.464,0.127,0.001,0.001,0.002,0.001,0.001,0.002,0.547,0.756,0.274,0.332,0.001,0.001,0.001,0.001,0.002,0.452,0.651,0.385,0.322,0.002,0.56,0.747,1.087,1.176,0.189,0.142,0.464,0.376,-0.555,0.386,0.642,0.36,0,0.001,0,0.001,0,0,0,0,0,0,0.001,0,0,0.001,0.001,0.001,0.001,0,0.002,0,0.001,0,0.001,0.001,0,0.001,0,0,0,0.001,0,0.001,0,0.001,0,0,0.001,0,0.001,0.001,0,0,0,0,0,11.565,0.019
01:53.9,2189,-0.206,-0.136,0.738,0.628,-0.54,-0.513,-0.652,-0.138,-0.671,-0.715,0.047,0.19,-0.064,-0.068,-0.709,-0.699,-0.565,-0.554,-0.418,-0.447,-0.576,0.309,0.751,0.089,0,0.001,0.001,0.001,0.405,0.523,0.426,0.143,0.001,0.001,0.032,0.018,0.042,0.348,0.556,0.464,0.127,0.001,0.001,0.002,0.001,0.001,0.002,0.547,0.756,0.274,0.332,0.001,0.001,0.001,0.001,0.002,0.452,0.651,0.385,0.322,0.002,0.56,0.747,1.087,1.176,0.189,0.142,0.464,0.376,-0.652,0.367,0.625,0.221,0.001,0.001,0.001,0.001,0.001,0,0,0.001,0.001,0.001,0.053,0.001,0,0.001,0,0,0.001,0,0.009,0,0.001,0,0,0,0.001,0,0.001,0,0.011,0.001,0.001,0,0,0,0,0.001,0.001,0,0,0.001,0,0.001,0.001,0,0,11.565,0.094
01:53.9,2190,-0.208,-0.131,0.738,0.629,-0.543,-0.511,-0.653,-0.135,-0.675,-0.714,0.038,0.182,-0.07,-0.069,-0.705,-0.702,-0.563,-0.558,-0.416,-0.445,-0.576,0.309,0.751,0.089,0,0.001,0.001,0.001,0.405,0.523,0.426,0.143,0.001,0.001,0.032,0.018,0.042,0.348,0.556,0.464,0.127,0.001,0.001,0.002,0.001,0.001,0.002,0.547,0.756,0.274,0.332,0.001,0.001,0.001,0.001,0.002,0.452,0.651,0.385,0.322,0.002,0.56,0.747,1.087,1.176,0.189,0.142,0.464,0.376,-0.655,0.381,0.619,0.207,0.85,0.647,0.484,0.184,0.342,0,0.082,0.001,0.902,0.797,0.824,0.357,0.057,0,0.068,0.067,0,0.723,0.879,0.719,0.005,0.001,0.001,0,0.042,0,0.001,0.398,0.137,0.001,0.001,0,0,0,0,0,0.001,0.001,0.001,0.001,0,0.001,0,0,0,11.565,8.575
01:54.0,2191,-0.211,-0.126,0.737,0.63,-0.546,-0.508,-0.654,-0.131,-0.677,-0.713,0.026,0.179,-0.076,-0.074,-0.703,-0.703,-0.56,-0.562,-0.416,-0.444,-0.576,0.309,0.751,0.089,0,0.001,0.001,0.001,0.405,0.523,0.426,0.143,0.001,0.001,0.032,0.018,0.042,0.348,0.556,0.464,0.127,0.001,0.001,0.002,0.001,0.001,0.002,0.547,0.756,0.274,0.332,0.001,0.001,0.001,0.001,0.002,0.452,0.651,0.385,0.322,0.002,0.56,0.747,1.087,1.176,0.189,0.142,0.464,0.376,-0.655,0.381,0.619,0.207,0.85,0.647,0.484,0.184,0.342,0,0.082,0.001,0.902,0.797,0.824,0.357,0.057,0,0.068,0.067,0,0.723,0.879,0.719,0.005,0.001,0.001,0,0.042,0,0.001,0.398,0.137,0.001,0.001,0,0,0,0,0,0.001,0.001,0.001,0.001,0,0.001,0,0,0,11.565,8.575
01:54.0,2192,-0.215,-0.12,0.736,0.631,-0.549,-0.505,-0.654,-0.126,-0.678,-0.712,0.014,0.184,-0.081,-0.08,-0.702,-0.703,-0.557,-0.565,-0.415,-0.445,-0.563,0.361,0.737,0.095,0.001,0.001,0.001,0.001,0.372,0.484,0.422,0.143,0.001,0.001,0.027,0.018,0.042,0.295,0.559,0.462,0.126,0.001,0.001,0.004,0.001,0.001,0.002,0.552,0.755,0.27,0.335,0.001,0.001,0.001,0.001,0.002,0.449,0.651,0.385,0.321,0.002,0.557,0.75,1.085,1.175,0.189,0.143,0.468,0.386,-0.655,0.381,0.619,0.207,0.85,0.647,0.484,0.184,0.342,0,0.082,0.001,0.902,0.797,0.824,0.357,0.057,0,0.068,0.067,0,0.723,0.879,0.719,0.005,0.001,0.001,0,0.042,0,0.001,0.398,0.137,0.001,0.001,0,0,0,0,0,0.001,0.001,0.001,0.001,0,0.001,0,0,0,11.445,8.575
01:54.0,2193,-0.22,-0.114,0.734,0.632,-0.553,-0.503,-0.653,-0.121,-0.678,-0.709,0.006,0.193,-0.084,-0.086,-0.704,-0.7,-0.554,-0.567,-0.415,-0.446,-0.561,0.377,0.73,0.097,0.001,0.001,0.001,0.001,0.061,0.096,0.181,0.011,0.001,0.001,0.007,0.001,0.001,0.005,0.264,0.293,0.142,0.001,0.001,0.001,0.001,0.001,0.001,0.205,0.642,0.161,0.342,0.001,0.001,0.001,0.001,0.001,0.203,0.692,0.431,0.208,0.001,0.567,0.96,1.085,1.073,0.332,0.212,0.502,0.448,-0.655,0.381,0.619,0.207,0.85,0.647,0.484,0.184,0.342,0,0.082,0.001,0.902,0.797,0.824,0.357,0.057,0,0.068,0.067,0,0.723,0.879,0.719,0.005,0.001,0.001,0,0.042,0,0.001,0.398,0.137,0.001,0.001,0,0,0,0,0,0.001,0.001,0.001,0.001,0,0.001,0,0,0,9.143,8.575
01:54.0,2194,-0.227,-0.107,0.731,0.634,-0.558,-0.502,-0.651,-0.116,-0.676,-0.708,0.002,0.203,-0.085,-0.092,-0.706,-0.697,-0.551,-0.568,-0.415,-0.448,-0.561,0.377,0.73,0.097,0.001,0.001,0.001,0.001,0.061,0.096,0.181,0.011,0.001,0.001,0.007,0.001,0.001,0.005,0.264,0.293,0.142,0.001,0.001,0.001,0.001,0.001,0.001,0.205,0.642,0.161,0.342,0.001,0.001,0.001,0.001,0.001,0.203,0.692,0.431,0.208,0.001,0.567,0.96,1.085,1.073,0.332,0.212,0.502,0.448,-0.655,0.381,0.619,0.207,0.85,0.647,0.484,0.184,0.342,0,0.082,0.001,0.902,0.797,0.824,0.357,0.057,0,0.068,0.067,0,0.723,0.879,0.719,0.005,0.001,0.001,0,0.042,0,0.001,0.398,0.137,0.001,0.001,0,0,0,0,0,0.001,0.001,0.001,0.001,0,0.001,0,0,0,9.143,8.575
01:54.0,2195,-0.236,-0.099,0.727,0.637,-0.562,-0.501,-0.648,-0.112,-0.67,-0.711,0.004,0.213,-0.086,-0.099,-0.71,-0.691,-0.547,-0.57,-0.417,-0.45,-0.561,0.377,0.73,0.097,0.001,0.001,0.001,0.001,0.061,0.096,0.181,0.011,0.001,0.001,0.007,0.001,0.001,0.005,0.264,0.293,0.142,0.001,0.001,0.001,0.001,0.001,0.001,0.205,0.642,0.161,0.342,0.001,0.001,0.001,0.001,0.001,0.203,0.692,0.431,0.208,0.001,0.567,0.96,1.085,1.073,0.332,0.212,0.502,0.448,-0.655,0.381,0.619,0.207,0.85,0.647,0.484,0.184,0.342,0,0.082,0.001,0.902,0.797,0.824,0.357,0.057,0,0.068,0.067,0,0.723,0.879,0.719,0.005,0.001,0.001,0,0.042,0,0.001,0.398,0.137,0.001,0.001,0,0,0,0,0,0.001,0.001,0.001,0.001,0,0.001,0,0,0,9.143,8.575
01:54.0,2196,-0.246,-0.091,0.721,0.642,-0.566,-0.501,-0.646,-0.11,-0.664,-0.716,0.012,0.216,-0.089,-0.108,-0.715,-0.685,-0.544,-0.571,-0.418,-0.45,-0.561,0.377,0.73,0.097,0.001,0.001,0.001,0.001,0.061,0.096,0.181,0.011,0.001,0.001,0.007,0.001,0.001,0.005,0.264,0.293,0.142,0.001,0.001,0.001,0.001,0.001,0.001,0.205,0.642,0.161,0.342,0.001,0.001,0.001,0.001,0.001,0.203,0.692,0.431,0.208,0.001,0.567,0.96,1.085,1.073,0.332,0.212,0.502,0.448,-0.66,0.431,0.593,0.162,0.85,0.647,0.484,0.184,0.342,0,0.082,0.001,0.902,0.797,0.824,0.357,0.057,0,0.068,0.067,0,0.723,0.879,0.719,0.005,0.001,0.001,0,0.042,0,0.001,0.398,0.137,0.001,0.001,0,0,0,0,0,0.001,0.001,0.001,0.001,0,0.001,0,0,0,9.143,8.575
01:54.0,2197,-0.256,-0.083,0.714,0.646,-0.569,-0.501,-0.643,-0.109,-0.659,-0.722,0.024,0.21,-0.088,-0.116,-0.72,-0.679,-0.543,-0.572,-0.419,-0.45,-0.561,0.377,0.73,0.097,0.001,0.001,0.001,0.001,0.061,0.096,0.181,0.011,0.001,0.001,0.007,0.001,0.001,0.005,0.264,0.293,0.142,0.001,0.001,0.001,0.001,0.001,0.001,0.205,0.642,0.161,0.342,0.001,0.001,0.001,0.001,0.001,0.203,0.692,0.431,0.208,0.001,0.567,0.96,1.085,1.073,0.332,0.212,0.502,0.448,-0.661,0.435,0.589,0.166,0.841,0.674,0.669,0.696,1.082,0.761,0.779,0.002,0.758,0.766,0.81,0.67,0.36,0.281,0.404,0.176,0,0.706,0.878,0.737,0.238,0.067,0.007,0.107,0.14,0.001,0,0.429,0.278,0.05,0.002,0.002,0.05,0.001,0.001,0,0,0.001,0.006,0.001,0,0,0.001,0.001,0,9.143,13.433
01:54.0,2198,-0.266,-0.076,0.708,0.65,-0.571,-0.501,-0.642,-0.109,-0.656,-0.727,0.036,0.198,-0.083,-0.124,-0.724,-0.674,-0.544,-0.572,-0.42,-0.448,-0.561,0.377,0.73,0.097,0.001,0.001,0.001,0.001,0.061,0.096,0.181,0.011,0.001,0.001,0.007,0.001,0.001,0.005,0.264,0.293,0.142,0.001,0.001,0.001,0.001,0.001,0.001,0.205,0.642,0.161,0.342,0.001,0.001,0.001,0.001,0.001,0.203,0.692,0.431,0.208,0.001,0.567,0.96,1.085,1.073,0.332,0.212,0.502,0.448,-0.661,0.44,0.583,0.172,0.839,0.673,0.674,0.736,1.085,0.792,0.799,0.004,0.764,0.757,0.814,0.692,0.394,0.309,0.443,0.206,0.001,0.724,0.882,0.742,0.259,0.098,0.015,0.111,0.232,0.001,0.001,0.443,0.302,0.061,0.004,0.002,0.098,0.011,0,0,0.001,0.005,0.045,0,0.001,0.001,0.001,0,0,9.143,14.022
01:54.0,2199,-0.276,-0.07,0.702,0.653,-0.572,-0.501,-0.64,-0.109,-0.654,-0.731,0.045,0.188,-0.075,-0.129,-0.726,-0.671,-0.547,-0.571,-0.42,-0.445,-0.561,0.377,0.73,0.097,0.001,0.001,0.001,0.001,0.061,0.096,0.181,0.011,0.001,0.001,0.007,0.001,0.001,0.005,0.264,0.293,0.142,0.001,0.001,0.001,0.001,0.001,0.001,0.205,0.642,0.161,0.342,0.001,0.001,0.001,0.001,0.001,0.203,0.692,0.431,0.208,0.001,0.567,0.96,1.085,1.073,0.332,0.212,0.502,0.448,-0.663,0.44,0.58,0.174,0.844,0.675,0.679,0.746,1.109,0.818,0.823,0.006,0.764,0.75,0.814,0.734,0.414,0.327,0.463,0.282,0.001,0.728,0.878,0.751,0.291,0.142,0.022,0.149,0.342,0,0.001,0.458,0.314,0.085,0.005,0.002,0.104,0.046,0.001,0.001,0,0.028,0.098,0.001,0.001,0,0,0,0.001,9.143,14.698
01:54.1,2200,-0.284,-0.067,0.696,0.656,-0.572,-0.5,-0.641,-0.11,-0.652,-0.735,0.051,0.181,-0.063,-0.132,-0.728,-0.67,-0.553,-0.569,-0.42,-0.44,-0.577,0.558,0.594,0.061,0.001,0.001,0.001,0.001,0.053,0.082,0.127,0.006,0.001,0.001,0.004,0.001,0.001,0.017,0.259,0.253,0.133,0.001,0.001,0.001,0.001,0.001,0.001,0.188,0.585,0.14,0.338,0.001,0.001,0.001,0.001,0.001,0.186,0.681,0.429,0.194,0.001,0.576,1.026,1.088,1.053,0.354,0.225,0.51,0.442,-0.663,0.44,0.58,0.174,0.844,0.675,0.679,0.746,1.109,0.818,0.823,0.006,0.764,0.75,0.814,0.734,0.414,0.327,0.463,0.282,0.001,0.728,0.878,0.751,0.291,0.142,0.022,0.149,0.342,0,0.001,0.458,0.314,0.085,0.005,0.002,0.104,0.046,0.001,0.001,0,0.028,0.098,0.001,0.001,0,0,0,0.001,8.969,14.698
01:54.1,2201,-0.289,-0.066,0.692,0.658,-0.569,-0.499,-0.645,-0.105,-0.65,-0.737,0.055,0.179,-0.048,-0.133,-0.729,-0.669,-0.561,-0.567,-0.421,-0.433,-0.584,0.581,0.563,0.067,0.001,0.001,0.001,0.033,0.001,0.001,0.017,0.001,0.001,0.001,0.001,0.001,0.001,0.001,0.017,0.059,0.001,0.001,0.001,0.001,0.001,0.001,0.001,0.001,0.175,0.001,0.001,0.001,0.001,0.001,0.001,0.001,0.001,0.176,0.005,0.001,0.001,0.099,0.315,0.001,0.04,0.001,0.001,0.001,0.001,-0.663,0.44,0.58,0.174,0.844,0.675,0.679,0.746,1.109,0.818,0.823,0.006,0.764,0.75,0.814,0.734,0.414,0.327,0.463,0.282,0.001,0.728,0.878,0.751,0.291,0.142,0.022,0.149,0.342,0,0.001,0.458,0.314,0.085,0.005,0.002,0.104,0.046,0.001,0.001,0,0.028,0.098,0.001,0.001,0,0,0,0.001,0.971,14.698
01:54.1,2202,-0.29,-0.069,0.689,0.661,-0.563,-0.501,-0.651,-0.091,-0.648,-0.737,0.059,0.18,-0.032,-0.132,-0.731,-0.669,-0.568,-0.566,-0.421,-0.424,-0.588,0.594,0.542,0.084,0.001,0.001,0.001,0.021,0.001,0.001,0.013,0.001,0.001,0.001,0.001,0.001,0.001,0.001,0.005,0.042,0.001,0.001,0.001,0.001,0.001,0.001,0.001,0.001,0.121,0.001,0.001,0.001,0.001,0.001,0.001,0.001,0.001,0.112,0.001,0.001,0.001,0.066,0.23,0.001,0.001,0.001,0.001,0.001,0.001,-0.663,0.44,0.58,0.174,0.844,0.675,0.679,0.746,1.109,0.818,0.823,0.006,0.764,0.75,0.814,0.734,0.414,0.327,0.463,0.282,0.001,0.728,0.878,0.751,0.291,0.142,0.022,0.149,0.342,0,0.001,0.458,0.314,0.085,0.005,0.002,0.104,0.046,0.001,0.001,0,0.028,0.098,0.001,0.001,0,0,0,0.001,0.647,14.698
01:54.1,2203,-0.288,-0.07,0.686,0.665,-0.557,-0.507,-0.654,-0.072,-0.646,-0.738,0.063,0.183,-0.019,-0.13,-0.731,-0.669,-0.573,-0.566,-0.422,-0.416,-0.595,0.593,0.535,0.094,0.001,0.001,0.001,0.011,0.001,0.001,0.001,0.001,0,0.001,0.001,0.001,0.001,0.001,0.001,0.017,0.001,0.001,0.001,0.001,0.001,0.001,0.001,0.001,0.09,0.001,0.001,0.001,0.001,0.001,0.001,0.001,0.001,0.077,0.001,0.001,0.001,0.028,0.136,0.001,0.001,0.001,0.001,0.001,0.001,-0.663,0.44,0.58,0.174,0.844,0.675,0.679,0.746,1.109,0.818,0.823,0.006,0.764,0.75,0.814,0.734,0.414,0.327,0.463,0.282,0.001,0.728,0.878,0.751,0.291,0.142,0.022,0.149,0.342,0,0.001,0.458,0.314,0.085,0.005,0.002,0.104,0.046,0.001,0.001,0,0.028,0.098,0.001,0.001,0,0,0,0.001,0.397,14.698
01:54.1,2204,-0.285,-0.07,0.682,0.669,-0.555,-0.514,-0.651,-0.052,-0.645,-0.739,0.068,0.185,-0.01,-0.126,-0.731,-0.671,-0.575,-0.569,-0.423,-0.408,-0.602,0.578,0.54,0.11,0.001,0.001,0.001,0.001,0.001,0.001,0.001,0.001,0.001,0.001,0.001,0.001,0.001,0.001,0.001,0.016,0.001,0.001,0.001,0.001,0.001,0.001,0.001,0.001,0.107,0.001,0.001,0.001,0.001,0.001,0.001,0.001,0.001,0.061,0.001,0.001,0.001,0.017,0.11,0.001,0.001,0.001,0.001,0.001,0.001,-0.663,0.44,0.58,0.174,0.844,0.675,0.679,0.746,1.109,0.818,0.823,0.006,0.764,0.75,0.814,0.734,0.414,0.327,0.463,0.282,0.001,0.728,0.878,0.751,0.291,0.142,0.022,0.149,0.342,0,0.001,0.458,0.314,0.085,0.005,0.002,0.104,0.046,0.001,0.001,0,0.028,0.098,0.001,0.001,0,0,0,0.001,0.351,14.698
01:54.1,2205,-0.282,-0.068,0.68,0.673,-0.557,-0.519,-0.647,-0.04,-0.643,-0.739,0.074,0.186,-0.009,-0.121,-0.731,-0.672,-0.573,-0.573,-0.424,-0.403,-0.606,0.561,0.552,0.114,0.001,0.001,0.001,0.001,0,0.001,0.001,0.001,0.001,0.001,0.001,0.001,0.001,0.001,0.001,0.01,0.001,0.001,0.001,0.001,0.001,0.001,0.001,0.001,0.109,0.001,0.001,0.001,0.001,0.001,0.001,0.001,0.001,0.044,0.001,0.001,0.001,0.007,0.067,0.001,0.001,0.001,0.001,0.001,0.001,-0.663,0.44,0.58,0.174,0.844,0.675,0.679,0.746,1.109,0.818,0.823,0.006,0.764,0.75,0.814,0.734,0.414,0.327,0.463,0.282,0.001,0.728,0.878,0.751,0.291,0.142,0.022,0.149,0.342,0,0.001,0.458,0.314,0.085,0.005,0.002,0.104,0.046,0.001,0.001,0,0.028,0.098,0.001,0.001,0,0,0,0.001,0.276,14.698
01:54.1,2206,-0.28,-0.064,0.678,0.676,-0.56,-0.522,-0.642,-0.04,-0.641,-0.74,0.078,0.185,-0.013,-0.116,-0.731,-0.672,-0.57,-0.579,-0.425,-0.4,-0.608,0.538,0.574,0.108,0.001,0.001,0.001,0.001,0.001,0.001,0.001,0.001,0.001,0.001,0.001,0.001,0.001,0.001,0.001,0.001,0.001,0.001,0.001,0.001,0.001,0.001,0.001,0.001,0.092,0.001,0.001,0.001,0.001,0.001,0.001,0.001,0.001,0.039,0.001,0.001,0.001,0.002,0.067,0.001,0.001,0.001,0.001,0.001,0.001,-0.664,0.435,0.578,0.19,0.846,0.675,0.68,0.753,1.117,0.83,0.834,0.009,0.766,0.746,0.813,0.731,0.44,0.338,0.463,0.295,0.001,0.724,0.88,0.757,0.306,0.151,0.022,0.161,0.379,0,0,0.459,0.316,0.095,0.006,0.002,0.114,0.062,0,0,0.001,0.033,0.105,0,0,0,0.001,0,0,0.241,14.911
01:54.1,2207,-0.278,-0.06,0.677,0.678,-0.562,-0.525,-0.638,-0.043,-0.639,-0.742,0.083,0.185,-0.021,-0.112,-0.732,-0.672,-0.565,-0.584,-0.426,-0.398,-0.613,0.517,0.588,0.107,0.001,0.001,0.001,0.001,0.001,0.001,0.001,0.001,0.001,0,0.001,0.001,0.001,0.001,0.001,0.001,0.001,0.001,0.001,0.001,0.001,0.001,0.001,0.001,0.084,0.001,0.001,0.001,0.001,0.001,0.001,0.001,0.001,0.039,0.001,0.001,0.001,0.002,0.056,0.001,0.001,0.001,0.001,0.001,0.001,-0.663,0.435,0.578,0.193,0.864,0.697,0.724,0.861,1.177,0.978,0.93,0.11,0.702,0.736,0.83,0.781,0.542,0.462,0.514,0.426,0,0.694,0.886,0.762,0.368,0.206,0.018,0.236,0.601,0.001,0.001,0.422,0.283,0.104,0.007,0.005,0.144,0.259,0,0.001,0.001,0.088,0.214,0,0.063,0.007,0.001,0,0.001,0.221,16.707
01:54.1,2208,-0.277,-0.057,0.677,0.68,-0.565,-0.526,-0.633,-0.046,-0.637,-0.743,0.087,0.185,-0.031,-0.11,-0.732,-0.672,-0.561,-0.587,-0.426,-0.398,-0.602,0.518,0.595,0.12,0.001,0.001,0.001,0.001,0.001,0.001,0.001,0.001,0.001,0.001,0.001,0.001,0.001,0,0.001,0.001,0.001,0.001,0.001,0.001,0.001,0.001,0.001,0.001,0.082,0.001,0.001,0.001,0.001,0.001,0.001,0.001,0.001,0.023,0.001,0.001,0.001,0.002,0.046,0.001,0.001,0.001,0.001,0.001,0.001,-0.662,0.436,0.578,0.197,0.857,0.695,0.725,0.866,1.175,0.979,0.927,0.117,0.692,0.735,0.832,0.779,0.551,0.474,0.519,0.427,0,0.68,0.889,0.761,0.368,0.209,0.018,0.233,0.607,0.011,0,0.415,0.278,0.101,0.007,0.005,0.151,0.272,0,0.001,0.001,0.089,0.223,0.001,0.067,0.007,0,0.001,0,0.193,16.745
01:54.1,2209,-0.276,-0.054,0.676,0.681,-0.569,-0.528,-0.628,-0.05,-0.635,-0.745,0.09,0.185,-0.038,-0.11,-0.733,-0.67,-0.558,-0.59,-0.426,-0.398,-0.583,0.532,0.597,0.145,0.001,0.001,0.001,0.001,0.001,0.001,0.001,0.001,0.001,0.001,0.001,0.001,0.001,0.001,0.001,0.001,0.001,0.001,0.001,0.001,0.001,0.001,0.001,0.001,0.079,0.001,0.001,0.001,0.001,0.001,0.001,0.001,0.001,0.026,0.001,0.001,0.001,0.002,0.046,0.001,0.001,0.001,0.001,0.001,0.001,-0.661,0.436,0.577,0.2,0.851,0.69,0.726,0.858,1.178,0.983,0.923,0.121,0.685,0.737,0.833,0.783,0.553,0.482,0.52,0.438,0,0.669,0.893,0.758,0.37,0.21,0.018,0.245,0.623,0.004,0,0.403,0.269,0.098,0.007,0.005,0.164,0.28,0,0.002,0,0.093,0.238,0.001,0.077,0.006,0.001,0.001,0.001,0.194,16.797
01:54.2,2210,-0.275,-0.052,0.676,0.681,-0.57,-0.532,-0.624,-0.055,-0.632,-0.747,0.094,0.185,-0.039,-0.111,-0.734,-0.669,-0.558,-0.59,-0.426,-0.399,-0.566,0.54,0.601,0.165,0.001,0.001,0.001,0.001,0.001,0.001,0.001,0.001,0,0.001,0.001,0.001,0.001,0.001,0.001,0.001,0.001,0.001,0.001,0.001,0.001,0.001,0.001,0.001,0.082,0.001,0.001,0.001,0.001,0.001,0.001,0.001,0.001,0.017,0.001,0.001,0.001,0.002,0.038,0.001,0.001,0.001,0.001,0.001,0.001,-0.661,0.436,0.577,0.2,0.851,0.69,0.726,0.858,1.178,0.983,0.923,0.121,0.685,0.737,0.833,0.783,0.553,0.482,0.52,0.438,0,0.669,0.893,0.758,0.37,0.21,0.018,0.245,0.623,0.004,0,0.403,0.269,0.098,0.007,0.005,0.164,0.28,0,0.002,0,0.093,0.238,0.001,0.077,0.006,0.001,0.001,0.001,0.179,16.797
01:54.2,2211,-0.276,-0.051,0.676,0.682,-0.57,-0.537,-0.619,-0.062,-0.629,-0.749,0.097,0.184,-0.036,-0.114,-0.735,-0.668,-0.558,-0.589,-0.425,-0.4,-0.538,0.553,0.606,0.194,0.001,0.001,0.001,0.001,0.001,0.001,0.001,0.001,0.001,0.001,0.001,0,0.001,0.001,0.001,0.001,0.001,0.001,0.001,0.001,0.001,0.001,0.001,0.001,0.085,0.001,0.001,0.001,0.001,0.001,0.001,0.001,0.001,0.021,0.001,0.001,0.001,0.005,0.037,0.001,0.001,0.001,0.001,0.001,0.001,-0.661,0.436,0.577,0.2,0.851,0.69,0.726,0.858,1.178,0.983,0.923,0.121,0.685,0.737,0.833,0.783,0.553,0.482,0.52,0.438,0,0.669,0.893,0.758,0.37,0.21,0.018,0.245,0.623,0.004,0,0.403,0.269,0.098,0.007,0.005,0.164,0.28,0,0.002,0,0.093,0.238,0.001,0.077,0.006,0.001,0.001,0.001,0.188,16.797
01:54.2,2212,-0.277,-0.051,0.675,0.682,-0.569,-0.543,-0.613,-0.074,-0.627,-0.751,0.101,0.181,-0.029,-0.115,-0.736,-0.667,-0.559,-0.588,-0.425,-0.401,-0.538,0.553,0.606,0.194,0.001,0.001,0.001,0.001,0.001,0.001,0.001,0.001,0.001,0.001,0.001,0,0.001,0.001,0.001,0.001,0.001,0.001,0.001,0.001,0.001,0.001,0.001,0.001,0.085,0.001,0.001,0.001,0.001,0.001,0.001,0.001,0.001,0.021,0.001,0.001,0.001,0.005,0.037,0.001,0.001,0.001,0.001,0.001,0.001,-0.661,0.436,0.577,0.2,0.851,0.69,0.726,0.858,1.178,0.983,0.923,0.121,0.685,0.737,0.833,0.783,0.553,0.482,0.52,0.438,0,0.669,0.893,0.758,0.37,0.21,0.018,0.245,0.623,0.004,0,0.403,0.269,0.098,0.007,0.005,0.164,0.28,0,0.002,0,0.093,0.238,0.001,0.077,0.006,0.001,0.001,0.001,0.188,16.797
01:54.2,2213,-0.28,-0.051,0.674,0.681,-0.568,-0.548,-0.607,-0.089,-0.624,-0.753,0.105,0.178,-0.02,-0.115,-0.737,-0.666,-0.56,-0.587,-0.426,-0.401,-0.538,0.553,0.606,0.194,0.001,0.001,0.001,0.001,0.001,0.001,0.001,0.001,0.001,0.001,0.001,0,0.001,0.001,0.001,0.001,0.001,0.001,0.001,0.001,0.001,0.001,0.001,0.001,0.085,0.001,0.001,0.001,0.001,0.001,0.001,0.001,0.001,0.021,0.001,0.001,0.001,0.005,0.037,0.001,0.001,0.001,0.001,0.001,0.001,-0.661,0.436,0.577,0.2,0.851,0.69,0.726,0.858,1.178,0.983,0.923,0.121,0.685,0.737,0.833,0.783,0.553,0.482,0.52,0.438,0,0.669,0.893,0.758,0.37,0.21,0.018,0.245,0.623,0.004,0,0.403,0.269,0.098,0.007,0.005,0.164,0.28,0,0.002,0,0.093,0.238,0.001,0.077,0.006,0.001,0.001,0.001,0.188,16.797
