timestamp,packet_counter,right_thigh_q1,right_thigh_q2,right_thigh_q3,right_thigh_q4,right_calf_q1,right_calf_q2,right_calf_q3,right_calf_q4,left_thigh_q1,left_thigh_q2,left_thigh_q3,left_thigh_q4,left_calf_q1,left_calf_q2,left_calf_q3,left_calf_q4,trunk_q1,trunk_q2,trunk_q3,trunk_q4,right_foot_q0,right_foot_q1,right_foot_q2,right_foot_q3,right_pressure0,right_pressure1,right_pressure2,right_pressure3,right_pressure4,right_pressure5,right_pressure6,right_pressure7,right_pressure8,right_pressure9,right_pressure10,right_pressure11,right_pressure12,right_pressure13,right_pressure14,right_pressure15,right_pressure16,right_pressure17,right_pressure18,right_pressure19,right_pressure20,right_pressure21,right_pressure22,right_pressure23,right_pressure24,right_pressure25,right_pressure26,right_pressure27,right_pressure28,right_pressure29,right_pressure30,right_pressure31,right_pressure32,right_pressure33,right_pressure34,right_pressure35,right_pressure36,right_pressure37,right_pressure38,right_pressure39,right_pressure40,right_pressure41,right_pressure42,right_pressure43,right_pressure44,left_foot_q0,left_foot_q1,left_foot_q2,left_foot_q3,left_pressure0,left_pressure1,left_pressure2,left_pressure3,left_pressure4,left_pressure5,left_pressure6,left_pressure7,left_pressure8,left_pressure9,left_pressure10,left_pressure11,left_pressure12,left_pressure13,left_pressure14,left_pressure15,left_pressure16,left_pressure17,left_pressure18,left_pressure19,left_pressure20,left_pressure21,left_pressure22,left_pressure23,left_pressure24,left_pressure25,left_pressure26,left_pressure27,left_pressure28,left_pressure29,left_pressure30,left_pressure31,left_pressure32,left_pressure33,left_pressure34,left_pressure35,left_pressure36,left_pressure37,left_pressure38,left_pressure39,left_pressure40,left_pressure41,left_pressure42,left_pressure43,left_pressure44,right_pressure_sum,left_pressure_sum
00:20.1,2083,0.418,0.386,0.617,0.544,0.283,0.556,-0.517,-0.586,-0.364,-0.005,-0.758,-0.541,-0.659,-0.69,0.199,0.222,-0.468,-0.503,-0.32,-0.652,-0.2,0.748,0.151,0.614,0.004,0.001,0.001,0.001,0.615,0.744,0.31,0.045,0.001,0.132,0.156,0.001,0.001,0.493,0.347,0.363,0.063,0.001,0.222,0.204,0.001,0.001,0.139,0.541,0.73,0.201,0.266,0.14,0.046,0.001,0.001,0.015,0.56,0.731,0.488,0.623,0.005,0.657,0.763,1.125,0.956,0.43,0.209,0.338,0.132,0.176,0.681,-0.315,0.637,0.001,0.001,0.001,0.001,0,0,0,0,0,0.133,0.094,0,0.001,0.001,0.022,0.001,0.001,0,0.099,0.018,0,0.001,0,0,0.001,0.001,0.001,0,0.001,0,0,0,0.011,0.011,0.001,0,0,0.067,0.001,0,0,0,0,0.001,0.001,12.804,0.472
00:20.1,2084,0.418,0.384,0.618,0.544,0.282,0.556,-0.516,-0.587,-0.362,-0.004,-0.759,-0.541,-0.66,-0.69,0.201,0.219,-0.469,-0.503,-0.32,-0.651,-0.198,0.749,0.149,0.614,0.006,0.001,0.001,0.001,0.568,0.708,0.297,0.042,0.001,0.148,0.151,0.001,0.001,0.429,0.341,0.36,0.066,0.001,0.222,0.198,0.001,0.001,0.118,0.541,0.725,0.209,0.269,0.112,0.042,0.001,0.001,0.011,0.563,0.731,0.492,0.623,0.004,0.667,0.773,1.132,0.965,0.436,0.215,0.336,0.151,0.163,0.676,-0.313,0.646,0.045,0.264,0,0.001,0.001,0.001,0,0.001,0.027,0.393,0.199,0,0,0,0.034,0,0.001,0.001,0.442,0.033,0,0.001,0,0,0.001,0,0.001,0.006,0,0.001,0.001,0.001,0.004,0.012,0,0,0,0.057,0.001,0.001,0,0,0,0,0,12.662,1.53
00:20.1,2085,0.42,0.383,0.618,0.543,0.281,0.556,-0.516,-0.587,-0.36,-0.002,-0.761,-0.54,-0.66,-0.69,0.203,0.216,-0.471,-0.503,-0.32,-0.65,-0.196,0.751,0.145,0.614,0.004,0.001,0.001,0.001,0.503,0.637,0.278,0.04,0.001,0.148,0.136,0.001,0.001,0.391,0.335,0.354,0.065,0.001,0.23,0.199,0.001,0.001,0.074,0.535,0.719,0.209,0.269,0.106,0.035,0.001,0.001,0.002,0.563,0.728,0.497,0.624,0.002,0.679,0.783,1.148,0.974,0.446,0.223,0.343,0.171,0.149,0.672,-0.308,0.657,0.193,0.353,0.001,0,0.001,0.001,0.001,0,0.122,0.441,0.228,0,0,0,0.033,0,0,0,0.526,0.027,0.001,0,0.001,0,0,0.001,0,0.006,0,0,0.001,0.001,0.007,0.01,0,0.001,0,0.066,0,0,0,0,0,0,0,12.461,2.022
00:20.1,2086,0.421,0.382,0.618,0.543,0.282,0.556,-0.515,-0.588,-0.357,-0.001,-0.762,-0.539,-0.661,-0.689,0.205,0.213,-0.472,-0.503,-0.32,-0.649,-0.194,0.752,0.142,0.614,0.001,0.001,0.001,0.001,0.475,0.571,0.272,0.04,0.001,0.154,0.122,0.001,0.001,0.344,0.326,0.353,0.067,0.001,0.211,0.182,0.001,0.001,0.051,0.529,0.72,0.209,0.26,0.093,0.028,0.001,0.001,0.002,0.563,0.73,0.499,0.628,0.002,0.689,0.792,1.158,0.987,0.458,0.226,0.352,0.186,0.137,0.672,-0.3,0.663,0.271,0.408,0,0,0,0,0.001,0,0.292,0.495,0.259,0,0,0.001,0.034,0,0,0.022,0.586,0.038,0.001,0,0.001,0,0,0.001,0.001,0.016,0.001,0.001,0,0,0.01,0.01,0,0.001,0.001,0.066,0,0.001,0.001,0,0,0.001,0,12.291,2.52
00:20.1,2087,0.422,0.382,0.618,0.542,0.282,0.556,-0.515,-0.588,-0.356,0,-0.764,-0.538,-0.663,-0.688,0.206,0.211,-0.473,-0.504,-0.319,-0.648,-0.194,0.752,0.142,0.614,0.001,0.001,0.001,0.001,0.475,0.571,0.272,0.04,0.001,0.154,0.122,0.001,0.001,0.344,0.326,0.353,0.067,0.001,0.211,0.182,0.001,0.001,0.051,0.529,0.72,0.209,0.26,0.093,0.028,0.001,0.001,0.002,0.563,0.73,0.499,0.628,0.002,0.689,0.792,1.158,0.987,0.458,0.226,0.352,0.186,0.114,0.673,-0.285,0.673,0.341,0.454,0,0.001,0.001,0.001,0,0.001,0.376,0.518,0.302,0.001,0,0,0.044,0,0,0.044,0.646,0.053,0.001,0,0,0.001,0.001,0.001,0,0.01,0.001,0,0,0.001,0.012,0.01,0,0,0.001,0.066,0,0,0,0,0,0,0.001,12.291,2.889
00:20.1,2088,0.424,0.382,0.617,0.542,0.283,0.557,-0.514,-0.588,-0.356,0.001,-0.765,-0.537,-0.664,-0.687,0.207,0.21,-0.474,-0.504,-0.319,-0.647,-0.194,0.752,0.142,0.614,0.001,0.001,0.001,0.001,0.475,0.571,0.272,0.04,0.001,0.154,0.122,0.001,0.001,0.344,0.326,0.353,0.067,0.001,0.211,0.182,0.001,0.001,0.051,0.529,0.72,0.209,0.26,0.093,0.028,0.001,0.001,0.002,0.563,0.73,0.499,0.628,0.002,0.689,0.792,1.158,0.987,0.458,0.226,0.352,0.186,0.096,0.674,-0.273,0.679,0.374,0.49,0.001,0,0.001,0,0,0.001,0.391,0.551,0.324,0.001,0,0.001,0.053,0.001,0,0.065,0.665,0.067,0,0.001,0.001,0,0,0,0,0.009,0,0.001,0,0.001,0.011,0.01,0,0,0.001,0.053,0,0,0,0,0,0,0,12.291,3.074
00:20.1,2089,0.425,0.382,0.617,0.541,0.283,0.557,-0.513,-0.589,-0.357,0.002,-0.766,-0.535,-0.665,-0.686,0.207,0.209,-0.475,-0.505,-0.319,-0.646,-0.194,0.752,0.142,0.614,0.001,0.001,0.001,0.001,0.475,0.571,0.272,0.04,0.001,0.154,0.122,0.001,0.001,0.344,0.326,0.353,0.067,0.001,0.211,0.182,0.001,0.001,0.051,0.529,0.72,0.209,0.26,0.093,0.028,0.001,0.001,0.002,0.563,0.73,0.499,0.628,0.002,0.689,0.792,1.158,0.987,0.458,0.226,0.352,0.186,0.096,0.674,-0.273,0.679,0.374,0.49,0.001,0,0.001,0,0,0.001,0.391,0.551,0.324,0.001,0,0.001,0.053,0.001,0,0.065,0.665,0.067,0,0.001,0.001,0,0,0,0,0.009,0,0.001,0,0.001,0.011,0.01,0,0,0.001,0.053,0,0,0,0,0,0,0,12.291,3.074
00:20.1,2090,0.426,0.382,0.616,0.541,0.283,0.558,-0.511,-0.589,-0.359,0.004,-0.766,-0.534,-0.667,-0.684,0.207,0.209,-0.476,-0.506,-0.319,-0.644,-0.194,0.752,0.142,0.614,0.001,0.001,0.001,0.001,0.475,0.571,0.272,0.04,0.001,0.154,0.122,0.001,0.001,0.344,0.326,0.353,0.067,0.001,0.211,0.182,0.001,0.001,0.051,0.529,0.72,0.209,0.26,0.093,0.028,0.001,0.001,0.002,0.563,0.73,0.499,0.628,0.002,0.689,0.792,1.158,0.987,0.458,0.226,0.352,0.186,0.096,0.674,-0.273,0.679,0.374,0.49,0.001,0,0.001,0,0,0.001,0.391,0.551,0.324,0.001,0,0.001,0.053,0.001,0,0.065,0.665,0.067,0,0.001,0.001,0,0,0,0,0.009,0,0.001,0,0.001,0.011,0.01,0,0,0.001,0.053,0,0,0,0,0,0,0,12.291,3.074
00:20.2,2091,0.427,0.383,0.616,0.54,0.281,0.559,-0.509,-0.59,-0.361,0.004,-0.766,-0.532,-0.669,-0.682,0.209,0.209,-0.476,-0.507,-0.319,-0.643,-0.194,0.752,0.142,0.614,0.001,0.001,0.001,0.001,0.475,0.571,0.272,0.04,0.001,0.154,0.122,0.001,0.001,0.344,0.326,0.353,0.067,0.001,0.211,0.182,0.001,0.001,0.051,0.529,0.72,0.209,0.26,0.093,0.028,0.001,0.001,0.002,0.563,0.73,0.499,0.628,0.002,0.689,0.792,1.158,0.987,0.458,0.226,0.352,0.186,0.096,0.674,-0.273,0.679,0.374,0.49,0.001,0,0.001,0,0,0.001,0.391,0.551,0.324,0.001,0,0.001,0.053,0.001,0,0.065,0.665,0.067,0,0.001,0.001,0,0,0,0,0.009,0,0.001,0,0.001,0.011,0.01,0,0,0.001,0.053,0,0,0,0,0,0,0,12.291,3.074
00:20.2,2092,0.428,0.383,0.615,0.54,0.28,0.56,-0.508,-0.592,-0.364,0.005,-0.765,-0.532,-0.67,-0.68,0.211,0.209,-0.477,-0.508,-0.319,-0.643,-0.194,0.752,0.142,0.614,0.001,0.001,0.001,0.001,0.475,0.571,0.272,0.04,0.001,0.154,0.122,0.001,0.001,0.344,0.326,0.353,0.067,0.001,0.211,0.182,0.001,0.001,0.051,0.529,0.72,0.209,0.26,0.093,0.028,0.001,0.001,0.002,0.563,0.73,0.499,0.628,0.002,0.689,0.792,1.158,0.987,0.458,0.226,0.352,0.186,0.096,0.674,-0.273,0.679,0.374,0.49,0.001,0,0.001,0,0,0.001,0.391,0.551,0.324,0.001,0,0.001,0.053,0.001,0,0.065,0.665,0.067,0,0.001,0.001,0,0,0,0,0.009,0,0.001,0,0.001,0.011,0.01,0,0,0.001,0.053,0,0,0,0,0,0,0,12.291,3.074
00:20.2,2093,0.429,0.383,0.614,0.54,0.278,0.561,-0.506,-0.594,-0.368,0.005,-0.763,-0.531,-0.67,-0.679,0.216,0.207,-0.477,-0.508,-0.319,-0.642,-0.194,0.752,0.142,0.614,0.001,0.001,0.001,0.001,0.475,0.571,0.272,0.04,0.001,0.154,0.122,0.001,0.001,0.344,0.326,0.353,0.067,0.001,0.211,0.182,0.001,0.001,0.051,0.529,0.72,0.209,0.26,0.093,0.028,0.001,0.001,0.002,0.563,0.73,0.499,0.628,0.002,0.689,0.792,1.158,0.987,0.458,0.226,0.352,0.186,0.096,0.674,-0.273,0.679,0.374,0.49,0.001,0,0.001,0,0,0.001,0.391,0.551,0.324,0.001,0,0.001,0.053,0.001,0,0.065,0.665,0.067,0,0.001,0.001,0,0,0,0,0.009,0,0.001,0,0.001,0.011,0.01,0,0,0.001,0.053,0,0,0,0,0,0,0,12.291,3.074
00:20.2,2094,0.43,0.383,0.614,0.54,0.276,0.561,-0.504,-0.596,-0.372,0.004,-0.761,-0.531,-0.671,-0.678,0.221,0.204,-0.477,-0.509,-0.32,-0.641,-0.188,0.756,0.104,0.618,0.001,0.001,0.001,0.001,0.443,0.532,0.261,0.034,0.001,0.165,0.109,0.001,0.001,0.274,0.316,0.342,0.063,0.001,0.206,0.177,0.001,0.001,0.027,0.518,0.714,0.206,0.26,0.073,0.023,0.001,0.001,0.002,0.559,0.729,0.502,0.629,0.001,0.698,0.8,1.167,0.993,0.471,0.233,0.36,0.203,0.096,0.674,-0.273,0.679,0.374,0.49,0.001,0,0.001,0,0,0.001,0.391,0.551,0.324,0.001,0,0.001,0.053,0.001,0,0.065,0.665,0.067,0,0.001,0.001,0,0,0,0,0.009,0,0.001,0,0.001,0.011,0.01,0,0,0.001,0.053,0,0,0,0,0,0,0,12.102,3.074
00:20.2,2095,0.431,0.383,0.613,0.54,0.274,0.562,-0.502,-0.598,-0.374,0.004,-0.759,-0.532,-0.671,-0.677,0.227,0.201,-0.478,-0.509,-0.319,-0.641,-0.187,0.757,0.097,0.619,0.001,0.001,0.001,0.001,0.226,0.256,0.166,0.011,0.001,0.099,0.065,0.001,0.001,0.057,0.151,0.298,0.074,0.001,0.205,0.067,0.001,0.001,0.001,0.364,0.676,0.208,0.22,0.002,0.001,0.001,0.001,0.001,0.512,0.734,0.519,0.602,0.001,0.849,0.856,1.205,1.034,0.629,0.295,0.396,0.33,0.093,0.652,-0.288,0.695,0.363,0.496,0,0.001,0.001,0.001,0.001,0,0.387,0.556,0.333,0,0,0.001,0.054,0,0,0.07,0.673,0.073,0,0.001,0,0,0,0,0.001,0.009,0,0,0.001,0,0.009,0.01,0,0,0.001,0.051,0,0,0.001,0,0.001,0,0,11.122,3.095
00:20.2,2096,0.432,0.384,0.613,0.539,0.272,0.562,-0.499,-0.601,-0.375,0.003,-0.758,-0.533,-0.671,-0.676,0.232,0.197,-0.478,-0.508,-0.319,-0.641,-0.185,0.757,0.087,0.621,0.001,0.001,0.001,0.001,0.21,0.219,0.151,0.007,0.001,0.077,0.068,0.001,0.001,0.037,0.129,0.291,0.079,0.001,0.197,0.054,0.001,0.001,0.001,0.331,0.672,0.204,0.206,0.001,0.001,0.001,0.001,0.001,0.495,0.736,0.524,0.604,0.001,0.868,0.864,1.208,1.027,0.663,0.303,0.391,0.332,0.092,0.651,-0.289,0.696,0.405,0.531,0.081,0.001,0.001,0.018,0.131,0.001,0.399,0.672,0.556,0.001,0.001,0,0.302,0,0.001,0.286,0.795,0.448,0,0,0.001,0.232,0.103,0,0.001,0.07,0.001,0.001,0.001,0.001,0.274,0,0.001,0.001,0,0.188,0.045,0,0,0.017,0,0,0.001,10.964,5.568
00:20.2,2097,0.433,0.384,0.611,0.539,0.27,0.562,-0.497,-0.604,-0.373,0.001,-0.758,-0.535,-0.672,-0.674,0.237,0.194,-0.479,-0.508,-0.318,-0.641,-0.183,0.757,0.077,0.623,0.001,0.001,0.001,0.001,0.188,0.181,0.145,0.006,0.001,0.067,0.06,0.001,0.001,0.021,0.111,0.28,0.082,0.001,0.173,0.029,0.001,0.001,0.001,0.293,0.665,0.197,0.199,0.001,0.001,0.001,0.001,0.004,0.477,0.741,0.526,0.609,0.001,0.88,0.872,1.201,1.038,0.698,0.305,0.391,0.322,0.091,0.648,-0.288,0.699,0.466,0.552,0.137,0,0.001,0.017,0.168,0.001,0.453,0.705,0.585,0,0.001,0.001,0.37,0,0.001,0.331,0.812,0.469,0,0,0,0.264,0.233,0,0.001,0.107,0,0.001,0.001,0,0.294,0.006,0,0.023,0,0.226,0.076,0,0.001,0.029,0.001,0.001,0,10.777,6.334
00:20.2,2098,0.435,0.384,0.61,0.539,0.268,0.561,-0.494,-0.607,-0.369,-0.003,-0.759,-0.537,-0.673,-0.672,0.243,0.19,-0.48,-0.507,-0.318,-0.641,-0.181,0.756,0.067,0.625,0.001,0.001,0.001,0.001,0.182,0.155,0.131,0.004,0.001,0.059,0.068,0.001,0.001,0.011,0.101,0.27,0.084,0.001,0.17,0.021,0.001,0.001,0.001,0.256,0.663,0.192,0.188,0.001,0.001,0.001,0.001,0.004,0.446,0.746,0.529,0.611,0.001,0.9,0.879,1.2,1.044,0.728,0.306,0.388,0.306,0.087,0.648,-0.284,0.701,0.503,0.574,0.181,0,0.023,0.059,0.209,0,0.488,0.716,0.629,0.001,0.001,0.001,0.403,0,0,0.427,0.822,0.514,0,0,0,0.289,0.347,0.001,0,0.151,0.001,0.001,0.001,0,0.311,0.035,0,0.028,0,0.269,0.123,0.001,0,0.037,0,0,0,10.658,7.146
00:20.2,2099,0.437,0.385,0.608,0.54,0.266,0.561,-0.492,-0.611,-0.363,-0.008,-0.76,-0.539,-0.674,-0.67,0.249,0.185,-0.481,-0.507,-0.318,-0.641,-0.178,0.755,0.051,0.629,0.001,0.001,0.001,0.001,0.167,0.125,0.131,0.004,0.001,0.055,0.067,0.001,0.001,0.002,0.095,0.26,0.084,0.001,0.15,0.013,0.001,0.001,0.001,0.222,0.657,0.192,0.179,0.001,0.001,0.001,0.001,0.015,0.407,0.753,0.536,0.603,0.001,0.899,0.886,1.197,1.046,0.777,0.306,0.375,0.278,0.084,0.648,-0.281,0.703,0.54,0.582,0.23,0.001,0.09,0.112,0.293,0.001,0.523,0.729,0.663,0,0,0.001,0.411,0.001,0.001,0.487,0.83,0.562,0,0.001,0.001,0.297,0.442,0,0,0.215,0.031,0.001,0.001,0,0.347,0.068,0.001,0.035,0.001,0.31,0.175,0,0,0.062,0,0.001,0.001,10.497,8.047
00:20.2,2100,0.439,0.385,0.606,0.54,0.264,0.559,-0.489,-0.615,-0.354,-0.013,-0.762,-0.541,-0.675,-0.669,0.254,0.18,-0.481,-0.507,-0.317,-0.64,-0.175,0.754,0.039,0.632,0.001,0.001,0.001,0.001,0.15,0.083,0.118,0.002,0.001,0.039,0.056,0.001,0.001,0.001,0.088,0.249,0.087,0.001,0.121,0.006,0.001,0.001,0.001,0.194,0.647,0.186,0.172,0.001,0.001,0.001,0.001,0.028,0.389,0.761,0.541,0.607,0.001,0.906,0.896,1.189,1.039,0.801,0.306,0.366,0.247,0.081,0.648,-0.278,0.704,0.585,0.604,0.282,0,0.177,0.182,0.411,0.001,0.556,0.744,0.696,0.001,0.001,0.004,0.436,0.04,0.001,0.538,0.833,0.621,0.001,0.001,0,0.305,0.531,0.001,0,0.263,0.062,0.001,0.001,0,0.314,0.171,0,0.045,0,0.306,0.283,0,0.001,0.079,0.005,0.001,0,10.291,9.084
00:20.3,2101,0.442,0.386,0.603,0.54,0.262,0.558,-0.487,-0.618,-0.345,-0.017,-0.765,-0.543,-0.675,-0.668,0.257,0.176,-0.482,-0.508,-0.317,-0.64,-0.171,0.752,0.02,0.636,0.001,0.001,0.001,0.001,0.136,0.071,0.114,0.002,0.001,0.022,0.05,0.001,0.001,0.001,0.078,0.243,0.083,0.001,0.076,0.001,0.001,0.001,0.001,0.172,0.639,0.179,0.155,0.001,0.001,0.001,0.001,0.026,0.371,0.768,0.543,0.611,0.001,0.913,0.904,1.182,1.033,0.827,0.297,0.359,0.211,0.075,0.649,-0.272,0.706,0.623,0.624,0.317,0,0.26,0.252,0.508,0.002,0.593,0.733,0.726,0.001,0.001,0.013,0.435,0.059,0,0.562,0.839,0.662,0,0,0,0.299,0.593,0.001,0,0.31,0.101,0,0.001,0,0.33,0.259,0.001,0.12,0,0.306,0.436,0,0.002,0.099,0.02,0.001,0,10.083,10.089
00:20.3,2102,0.445,0.387,0.601,0.54,0.261,0.557,-0.485,-0.622,-0.336,-0.02,-0.768,-0.544,-0.675,-0.668,0.26,0.174,-0.482,-0.508,-0.317,-0.64,-0.167,0.75,0.004,0.64,0.001,0.001,0.001,0.001,0.117,0.062,0.101,0.002,0.001,0.002,0.045,0.001,0.001,0.001,0.082,0.241,0.081,0.001,0.033,0.001,0.001,0.001,0.001,0.176,0.626,0.161,0.144,0.001,0.001,0.001,0.001,0.009,0.36,0.78,0.547,0.602,0.001,0.895,0.913,1.16,1.01,0.847,0.276,0.336,0.176,0.073,0.65,-0.271,0.706,0.665,0.631,0.357,0,0.333,0.372,0.568,0.002,0.62,0.731,0.741,0.001,0.001,0.028,0.414,0.089,0.001,0.614,0.853,0.7,0.001,0,0.001,0.309,0.641,0.001,0,0.348,0.178,0,0.001,0.001,0.346,0.363,0.001,0.228,0.001,0.315,0.499,0,0.043,0.123,0.044,0,0.001,9.802,11.166
00:20.3,2103,0.449,0.387,0.597,0.54,0.258,0.555,-0.483,-0.626,-0.327,-0.024,-0.771,-0.545,-0.675,-0.667,0.264,0.173,-0.481,-0.509,-0.317,-0.639,-0.163,0.747,-0.017,0.644,0.001,0.001,0.001,0.001,0.112,0.059,0.096,0.002,0.001,0.001,0.035,0.001,0.001,0.001,0.085,0.232,0.076,0.001,0.01,0.007,0.001,0.001,0.001,0.175,0.615,0.149,0.112,0.001,0.001,0.001,0.001,0.007,0.347,0.796,0.553,0.584,0.001,0.896,0.912,1.136,0.979,0.847,0.258,0.304,0.144,0.073,0.65,-0.271,0.706,0.665,0.631,0.357,0,0.333,0.372,0.568,0.002,0.62,0.731,0.741,0.001,0.001,0.028,0.414,0.089,0.001,0.614,0.853,0.7,0.001,0,0.001,0.309,0.641,0.001,0,0.348,0.178,0,0.001,0.001,0.346,0.363,0.001,0.228,0.001,0.315,0.499,0,0.043,0.123,0.044,0,0.001,9.546,11.166
00:20.3,2104,0.454,0.389,0.594,0.539,0.254,0.553,-0.481,-0.631,-0.321,-0.027,-0.774,-0.545,-0.673,-0.667,0.268,0.174,-0.481,-0.509,-0.317,-0.639,-0.159,0.744,-0.035,0.648,0.001,0.001,0.001,0.001,0.093,0.061,0.096,0.001,0.001,0.001,0.023,0.001,0.001,0.001,0.09,0.21,0.062,0.001,0.001,0.002,0.001,0.001,0.001,0.175,0.626,0.138,0.067,0.001,0.001,0.001,0.001,0.009,0.337,0.801,0.548,0.542,0.001,0.875,0.912,1.085,0.907,0.855,0.228,0.275,0.098,0.073,0.65,-0.271,0.706,0.665,0.631,0.357,0,0.333,0.372,0.568,0.002,0.62,0.731,0.741,0.001,0.001,0.028,0.414,0.089,0.001,0.614,0.853,0.7,0.001,0,0.001,0.309,0.641,0.001,0,0.348,0.178,0,0.001,0.001,0.346,0.363,0.001,0.228,0.001,0.315,0.499,0,0.043,0.123,0.044,0,0.001,9.135,11.166
00:20.3,2105,0.459,0.39,0.589,0.539,0.248,0.55,-0.478,-0.638,-0.317,-0.031,-0.777,-0.544,-0.671,-0.666,0.274,0.174,-0.479,-0.511,-0.318,-0.639,-0.156,0.74,-0.055,0.652,0.001,0.001,0.001,0.001,0.092,0.048,0.096,0.002,0.001,0.001,0.013,0.001,0.001,0.001,0.093,0.194,0.051,0.001,0.001,0.01,0.001,0.001,0.001,0.178,0.643,0.127,0.038,0.001,0.001,0.001,0.001,0.001,0.346,0.779,0.516,0.501,0.001,0.851,0.901,1.051,0.836,0.844,0.203,0.228,0.021,0.073,0.65,-0.271,0.706,0.665,0.631,0.357,0,0.333,0.372,0.568,0.002,0.62,0.731,0.741,0.001,0.001,0.028,0.414,0.089,0.001,0.614,0.853,0.7,0.001,0,0.001,0.309,0.641,0.001,0,0.348,0.178,0,0.001,0.001,0.346,0.363,0.001,0.228,0.001,0.315,0.499,0,0.043,0.123,0.044,0,0.001,8.682,11.166
00:20.3,2106,0.464,0.392,0.584,0.538,0.239,0.545,-0.476,-0.647,-0.314,-0.036,-0.778,-0.542,-0.669,-0.666,0.28,0.175,-0.478,-0.513,-0.32,-0.638,-0.156,0.74,-0.055,0.652,0.001,0.001,0.001,0.001,0.092,0.048,0.096,0.002,0.001,0.001,0.013,0.001,0.001,0.001,0.093,0.194,0.051,0.001,0.001,0.01,0.001,0.001,0.001,0.178,0.643,0.127,0.038,0.001,0.001,0.001,0.001,0.001,0.346,0.779,0.516,0.501,0.001,0.851,0.901,1.051,0.836,0.844,0.203,0.228,0.021,0.073,0.65,-0.271,0.706,0.665,0.631,0.357,0,0.333,0.372,0.568,0.002,0.62,0.731,0.741,0.001,0.001,0.028,0.414,0.089,0.001,0.614,0.853,0.7,0.001,0,0.001,0.309,0.641,0.001,0,0.348,0.178,0,0.001,0.001,0.346,0.363,0.001,0.228,0.001,0.315,0.499,0,0.043,0.123,0.044,0,0.001,8.682,11.166
00:20.3,2107,0.47,0.394,0.578,0.538,0.23,0.539,-0.475,-0.656,-0.313,-0.042,-0.78,-0.541,-0.667,-0.665,0.286,0.176,-0.477,-0.515,-0.321,-0.636,-0.156,0.74,-0.055,0.652,0.001,0.001,0.001,0.001,0.092,0.048,0.096,0.002,0.001,0.001,0.013,0.001,0.001,0.001,0.093,0.194,0.051,0.001,0.001,0.01,0.001,0.001,0.001,0.178,0.643,0.127,0.038,0.001,0.001,0.001,0.001,0.001,0.346,0.779,0.516,0.501,0.001,0.851,0.901,1.051,0.836,0.844,0.203,0.228,0.021,0.073,0.65,-0.271,0.706,0.665,0.631,0.357,0,0.333,0.372,0.568,0.002,0.62,0.731,0.741,0.001,0.001,0.028,0.414,0.089,0.001,0.614,0.853,0.7,0.001,0,0.001,0.309,0.641,0.001,0,0.348,0.178,0,0.001,0.001,0.346,0.363,0.001,0.228,0.001,0.315,0.499,0,0.043,0.123,0.044,0,0.001,8.682,11.166
00:20.3,2108,0.476,0.397,0.571,0.538,0.22,0.531,-0.476,-0.665,-0.313,-0.048,-0.78,-0.539,-0.665,-0.664,0.291,0.178,-0.476,-0.517,-0.323,-0.633,-0.156,0.74,-0.055,0.652,0.001,0.001,0.001,0.001,0.092,0.048,0.096,0.002,0.001,0.001,0.013,0.001,0.001,0.001,0.093,0.194,0.051,0.001,0.001,0.01,0.001,0.001,0.001,0.178,0.643,0.127,0.038,0.001,0.001,0.001,0.001,0.001,0.346,0.779,0.516,0.501,0.001,0.851,0.901,1.051,0.836,0.844,0.203,0.228,0.021,0.073,0.65,-0.271,0.706,0.665,0.631,0.357,0,0.333,0.372,0.568,0.002,0.62,0.731,0.741,0.001,0.001,0.028,0.414,0.089,0.001,0.614,0.853,0.7,0.001,0,0.001,0.309,0.641,0.001,0,0.348,0.178,0,0.001,0.001,0.346,0.363,0.001,0.228,0.001,0.315,0.499,0,0.043,0.123,0.044,0,0.001,8.682,11.166
00:20.3,2109,0.481,0.401,0.563,0.538,0.211,0.523,-0.48,-0.672,-0.313,-0.055,-0.78,-0.539,-0.664,-0.662,0.297,0.179,-0.476,-0.519,-0.326,-0.63,-0.156,0.74,-0.055,0.652,0.001,0.001,0.001,0.001,0.092,0.048,0.096,0.002,0.001,0.001,0.013,0.001,0.001,0.001,0.093,0.194,0.051,0.001,0.001,0.01,0.001,0.001,0.001,0.178,0.643,0.127,0.038,0.001,0.001,0.001,0.001,0.001,0.346,0.779,0.516,0.501,0.001,0.851,0.901,1.051,0.836,0.844,0.203,0.228,0.021,0.084,0.646,-0.269,0.709,0.708,0.63,0.387,0,0.392,0.409,0.589,0.004,0.635,0.728,0.739,0.028,0.001,0.061,0.402,0.136,0.001,0.664,0.852,0.718,0.001,0.001,0.001,0.319,0.659,0.001,0.001,0.398,0.256,0,0.001,0.001,0.364,0.424,0.001,0.322,0,0.342,0.538,0,0.079,0.129,0.073,0.001,0.001,8.682,11.997
00:20.3,2110,0.485,0.407,0.554,0.54,0.206,0.516,-0.485,-0.676,-0.314,-0.062,-0.779,-0.539,-0.664,-0.66,0.303,0.18,-0.477,-0.521,-0.329,-0.626,-0.156,0.74,-0.055,0.652,0.001,0.001,0.001,0.001,0.092,0.048,0.096,0.002,0.001,0.001,0.013,0.001,0.001,0.001,0.093,0.194,0.051,0.001,0.001,0.01,0.001,0.001,0.001,0.178,0.643,0.127,0.038,0.001,0.001,0.001,0.001,0.001,0.346,0.779,0.516,0.501,0.001,0.851,0.901,1.051,0.836,0.844,0.203,0.228,0.021,0.085,0.646,-0.268,0.71,0.842,0.665,0.482,0.074,0.543,0.43,0.48,0.017,0.779,0.713,0.724,0.292,0.04,0.208,0.358,0.149,0,0.808,0.861,0.825,0.211,0.002,0.005,0.346,0.603,0.001,0.007,0.521,0.47,0.217,0.001,0.001,0.426,0.607,0.001,0.552,0.001,0.487,0.767,0.274,0.707,0.263,0.294,0.001,0.034,8.682,16.089
00:20.4,2111,0.487,0.414,0.545,0.543,0.203,0.51,-0.49,-0.677,-0.314,-0.069,-0.778,-0.539,-0.664,-0.657,0.309,0.18,-0.479,-0.523,-0.333,-0.621,-0.182,0.709,-0.168,0.66,0.001,0.001,0.001,0.001,0.092,0.048,0.096,0.002,0.001,0.001,0.013,0.001,0.001,0.001,0.093,0.194,0.051,0.001,0.001,0.01,0.001,0.001,0.001,0.178,0.643,0.127,0.038,0.001,0.001,0.001,0.001,0.001,0.346,0.779,0.516,0.501,0.001,0.851,0.901,1.051,0.836,0.844,0.203,0.228,0.021,0.085,0.646,-0.268,0.71,0.842,0.665,0.482,0.074,0.543,0.43,0.48,0.017,0.779,0.713,0.724,0.292,0.04,0.208,0.358,0.149,0,0.808,0.861,0.825,0.211,0.002,0.005,0.346,0.603,0.001,0.007,0.521,0.47,0.217,0.001,0.001,0.426,0.607,0.001,0.552,0.001,0.487,0.767,0.274,0.707,0.263,0.294,0.001,0.034,8.682,16.089
00:20.4,2112,0.485,0.422,0.537,0.546,0.201,0.508,-0.493,-0.678,-0.313,-0.075,-0.777,-0.541,-0.665,-0.654,0.314,0.178,-0.481,-0.524,-0.337,-0.617,-0.188,0.708,-0.179,0.657,0.001,0.001,0.001,0.06,0.001,0.001,0.042,0.001,0.001,0.001,0.001,0.001,0.001,0.001,0.088,0.004,0.001,0.001,0.001,0.001,0.001,0.001,0.011,0.101,0.208,0.001,0.011,0.001,0.001,0.001,0.001,0.001,0.313,0.256,0.044,0.243,0.001,0.548,0.42,0.131,0.335,0.252,0.023,0.001,0.001,0.085,0.646,-0.268,0.71,0.842,0.665,0.482,0.074,0.543,0.43,0.48,0.017,0.779,0.713,0.724,0.292,0.04,0.208,0.358,0.149,0,0.808,0.861,0.825,0.211,0.002,0.005,0.346,0.603,0.001,0.007,0.521,0.47,0.217,0.001,0.001,0.426,0.607,0.001,0.552,0.001,0.487,0.767,0.274,0.707,0.263,0.294,0.001,0.034,3.117,16.089
00:20.4,2113,0.48,0.432,0.53,0.55,0.197,0.506,-0.494,-0.679,-0.311,-0.081,-0.775,-0.544,-0.666,-0.651,0.318,0.175,-0.484,-0.525,-0.342,-0.612,-0.197,0.708,-0.195,0.65,0.001,0.001,0.001,0.046,0.001,0.001,0.033,0.001,0.001,0.001,0.001,0.001,0.001,0.001,0.071,0.001,0.001,0.001,0.001,0.001,0.001,0.001,0.004,0.094,0.182,0.001,0.001,0.001,0.001,0.001,0.001,0.001,0.275,0.261,0.006,0.089,0.001,0.475,0.28,0.013,0.155,0.139,0.001,0.001,0.001,0.085,0.646,-0.268,0.71,0.842,0.665,0.482,0.074,0.543,0.43,0.48,0.017,0.779,0.713,0.724,0.292,0.04,0.208,0.358,0.149,0,0.808,0.861,0.825,0.211,0.002,0.005,0.346,0.603,0.001,0.007,0.521,0.47,0.217,0.001,0.001,0.426,0.607,0.001,0.552,0.001,0.487,0.767,0.274,0.707,0.263,0.294,0.001,0.034,2.153,16.089
00:20.4,2114,0.474,0.441,0.523,0.555,0.189,0.506,-0.495,-0.681,-0.306,-0.088,-0.773,-0.548,-0.669,-0.648,0.322,0.171,-0.487,-0.525,-0.346,-0.607,-0.204,0.708,-0.207,0.644,0.001,0.001,0.001,0.059,0.004,0.001,0.02,0.001,0.001,0.001,0.001,0.001,0.001,0.001,0.055,0.001,0.001,0.001,0.001,0.001,0.001,0.001,0.001,0.054,0.125,0.001,0.001,0.001,0.001,0.001,0.001,0.001,0.221,0.222,0.001,0.053,0.001,0.389,0.161,0.001,0.031,0.085,0.001,0.001,0.001,0.085,0.646,-0.268,0.71,0.842,0.665,0.482,0.074,0.543,0.43,0.48,0.017,0.779,0.713,0.724,0.292,0.04,0.208,0.358,0.149,0,0.808,0.861,0.825,0.211,0.002,0.005,0.346,0.603,0.001,0.007,0.521,0.47,0.217,0.001,0.001,0.426,0.607,0.001,0.552,0.001,0.487,0.767,0.274,0.707,0.263,0.294,0.001,0.034,1.511,16.089
00:20.4,2115,0.466,0.451,0.516,0.56,0.178,0.506,-0.495,-0.683,-0.299,-0.094,-0.772,-0.553,-0.671,-0.645,0.325,0.166,-0.49,-0.525,-0.349,-0.603,-0.204,0.708,-0.207,0.644,0.001,0.001,0.001,0.059,0.004,0.001,0.02,0.001,0.001,0.001,0.001,0.001,0.001,0.001,0.055,0.001,0.001,0.001,0.001,0.001,0.001,0.001,0.001,0.054,0.125,0.001,0.001,0.001,0.001,0.001,0.001,0.001,0.221,0.222,0.001,0.053,0.001,0.389,0.161,0.001,0.031,0.085,0.001,0.001,0.001,0.085,0.646,-0.268,0.71,0.842,0.665,0.482,0.074,0.543,0.43,0.48,0.017,0.779,0.713,0.724,0.292,0.04,0.208,0.358,0.149,0,0.808,0.861,0.825,0.211,0.002,0.005,0.346,0.603,0.001,0.007,0.521,0.47,0.217,0.001,0.001,0.426,0.607,0.001,0.552,0.001,0.487,0.767,0.274,0.707,0.263,0.294,0.001,0.034,1.511,16.089
00:20.4,2116,0.458,0.461,0.508,0.565,0.166,0.507,-0.495,-0.686,-0.29,-0.099,-0.771,-0.559,-0.673,-0.643,0.328,0.161,-0.492,-0.524,-0.351,-0.599,-0.204,0.708,-0.207,0.644,0.001,0.001,0.001,0.059,0.004,0.001,0.02,0.001,0.001,0.001,0.001,0.001,0.001,0.001,0.055,0.001,0.001,0.001,0.001,0.001,0.001,0.001,0.001,0.054,0.125,0.001,0.001,0.001,0.001,0.001,0.001,0.001,0.221,0.222,0.001,0.053,0.001,0.389,0.161,0.001,0.031,0.085,0.001,0.001,0.001,0.085,0.646,-0.268,0.71,0.842,0.665,0.482,0.074,0.543,0.43,0.48,0.017,0.779,0.713,0.724,0.292,0.04,0.208,0.358,0.149,0,0.808,0.861,0.825,0.211,0.002,0.005,0.346,0.603,0.001,0.007,0.521,0.47,0.217,0.001,0.001,0.426,0.607,0.001,0.552,0.001,0.487,0.767,0.274,0.707,0.263,0.294,0.001,0.034,1.511,16.089
00:20.4,2117,0.449,0.472,0.5,0.57,0.155,0.51,-0.494,-0.687,-0.279,-0.104,-0.77,-0.564,-0.675,-0.641,0.33,0.156,-0.494,-0.523,-0.354,-0.597,-0.204,0.708,-0.207,0.644,0.001,0.001,0.001,0.059,0.004,0.001,0.02,0.001,0.001,0.001,0.001,0.001,0.001,0.001,0.055,0.001,0.001,0.001,0.001,0.001,0.001,0.001,0.001,0.054,0.125,0.001,0.001,0.001,0.001,0.001,0.001,0.001,0.221,0.222,0.001,0.053,0.001,0.389,0.161,0.001,0.031,0.085,0.001,0.001,0.001,0.072,0.657,-0.242,0.711,0.849,0.669,0.495,0.084,0.557,0.43,0.48,0.017,0.78,0.711,0.722,0.293,0.044,0.216,0.352,0.151,0.001,0.813,0.861,0.827,0.222,0.002,0.005,0.349,0.598,0,0.009,0.524,0.475,0.228,0.001,0.001,0.43,0.613,0,0.558,0.001,0.492,0.767,0.309,0.719,0.27,0.3,0,0.032,1.511,16.257
00:20.4,2118,0.439,0.483,0.493,0.575,0.146,0.514,-0.493,-0.687,-0.267,-0.108,-0.771,-0.568,-0.676,-0.641,0.331,0.151,-0.495,-0.522,-0.355,-0.596,-0.204,0.708,-0.207,0.644,0.001,0.001,0.001,0.059,0.004,0.001,0.02,0.001,0.001,0.001,0.001,0.001,0.001,0.001,0.055,0.001,0.001,0.001,0.001,0.001,0.001,0.001,0.001,0.054,0.125,0.001,0.001,0.001,0.001,0.001,0.001,0.001,0.221,0.222,0.001,0.053,0.001,0.389,0.161,0.001,0.031,0.085,0.001,0.001,0.001,0.072,0.658,-0.241,0.71,0.9,0.719,0.618,0.397,1.032,0.889,0.692,0.059,0.747,0.717,0.757,0.479,0.123,0.386,0.447,0.238,0.106,0.706,0.857,0.803,0.272,0.009,0.035,0.47,0.745,0.055,0.009,0.435,0.352,0.136,0.002,0.005,0.42,0.636,0.005,0.568,0.001,0.369,0.639,0.28,0.634,0.175,0.21,0.001,0.015,1.511,18.15
00:20.4,2119,0.429,0.492,0.487,0.58,0.138,0.518,-0.491,-0.686,-0.257,-0.111,-0.771,-0.572,-0.677,-0.641,0.332,0.145,-0.496,-0.521,-0.356,-0.597,-0.204,0.708,-0.207,0.644,0.001,0.001,0.001,0.059,0.004,0.001,0.02,0.001,0.001,0.001,0.001,0.001,0.001,0.001,0.055,0.001,0.001,0.001,0.001,0.001,0.001,0.001,0.001,0.054,0.125,0.001,0.001,0.001,0.001,0.001,0.001,0.001,0.221,0.222,0.001,0.053,0.001,0.389,0.161,0.001,0.031,0.085,0.001,0.001,0.001,0.071,0.66,-0.239,0.708,0.91,0.728,0.637,0.448,1.1,0.947,0.731,0.066,0.739,0.722,0.767,0.499,0.134,0.415,0.466,0.253,0.112,0.689,0.861,0.802,0.258,0.01,0.045,0.488,0.774,0.048,0.006,0.41,0.317,0.111,0.004,0.006,0.416,0.639,0.001,0.543,0.001,0.341,0.6,0.215,0.576,0.133,0.178,0.001,0.007,1.511,18.154
00:20.4,2120,0.42,0.499,0.483,0.584,0.129,0.523,-0.489,-0.686,-0.248,-0.114,-0.772,-0.575,-0.677,-0.642,0.331,0.14,-0.496,-0.52,-0.356,-0.597,-0.204,0.708,-0.207,0.644,0.001,0.001,0.001,0.059,0.004,0.001,0.02,0.001,0.001,0.001,0.001,0.001,0.001,0.001,0.055,0.001,0.001,0.001,0.001,0.001,0.001,0.001,0.001,0.054,0.125,0.001,0.001,0.001,0.001,0.001,0.001,0.001,0.221,0.222,0.001,0.053,0.001,0.389,0.161,0.001,0.031,0.085,0.001,0.001,0.001,0.071,0.66,-0.239,0.709,0.915,0.733,0.658,0.503,1.158,0.984,0.755,0.071,0.734,0.723,0.775,0.509,0.15,0.442,0.482,0.266,0.121,0.673,0.861,0.79,0.244,0.011,0.048,0.502,0.801,0.049,0.006,0.398,0.288,0.098,0.004,0.006,0.414,0.634,0.001,0.519,0.001,0.315,0.569,0.144,0.54,0.109,0.145,0.001,0.001,1.511,18.151
00:20.5,2121,0.412,0.505,0.48,0.587,0.119,0.528,-0.485,-0.687,-0.242,-0.115,-0.772,-0.576,-0.677,-0.643,0.331,0.136,-0.495,-0.52,-0.356,-0.599,-0.206,0.72,-0.325,0.578,0.001,0.001,0.001,0.056,0.009,0.001,0.02,0.001,0.001,0.001,0.001,0.001,0.001,0.001,0.056,0.001,0.001,0.001,0.001,0.002,0.001,0.001,0.001,0.042,0.103,0.001,0.001,0.001,0.001,0.001,0.001,0.001,0.205,0.206,0.001,0.04,0.001,0.342,0.129,0.001,0.021,0.073,0.001,0.001,0.001,0.072,0.661,-0.239,0.708,0.918,0.737,0.679,0.53,1.198,1.01,0.784,0.074,0.729,0.725,0.784,0.53,0.164,0.465,0.493,0.276,0.12,0.661,0.861,0.778,0.231,0.012,0.051,0.51,0.824,0.043,0.01,0.387,0.265,0.078,0.004,0.006,0.407,0.629,0.001,0.493,0.001,0.288,0.54,0.077,0.504,0.09,0.12,0.001,0,1.335,18.088
00:20.5,2122,0.406,0.51,0.478,0.588,0.108,0.533,-0.48,-0.688,-0.238,-0.116,-0.772,-0.577,-0.677,-0.644,0.33,0.132,-0.494,-0.519,-0.355,-0.6,-0.2,0.724,-0.332,0.57,0.001,0.001,0.001,0.009,0.059,0.001,0.015,0.001,0.001,0.024,0.001,0.001,0.001,0.001,0.016,0.001,0.001,0.001,0.001,0.045,0.001,0.001,0.001,0.001,0.11,0.001,0.001,0.001,0.001,0.001,0.001,0.001,0.005,0.063,0.001,0.001,0.001,0.039,0.012,0.001,0.001,0.001,0.001,0.001,0.001,0.073,0.661,-0.239,0.707,0.918,0.74,0.695,0.558,1.234,1.045,0.803,0.078,0.723,0.725,0.79,0.535,0.176,0.479,0.51,0.289,0.118,0.661,0.86,0.769,0.209,0.012,0.056,0.516,0.849,0.02,0.012,0.377,0.244,0.073,0.004,0.006,0.4,0.619,0.001,0.48,0.001,0.275,0.499,0.032,0.437,0.078,0.101,0.001,0,0.431,18.008
00:20.5,2123,0.402,0.514,0.477,0.588,0.096,0.537,-0.475,-0.69,-0.235,-0.117,-0.773,-0.578,-0.677,-0.646,0.328,0.128,-0.493,-0.519,-0.354,-0.602,-0.193,0.731,-0.337,0.562,0.001,0.001,0.001,0.002,0.068,0.001,0.016,0,0.001,0.046,0.001,0.001,0.001,0.001,0.016,0.001,0.001,0.001,0.001,0.045,0.001,0.001,0.001,0.001,0.107,0.001,0.001,0.001,0.001,0.001,0.001,0.001,0.001,0.055,0.001,0.001,0.001,0.028,0.009,0.001,0.001,0.001,0.001,0.001,0.001,0.076,0.662,-0.24,0.706,0.923,0.745,0.705,0.574,1.258,1.073,0.825,0.077,0.719,0.731,0.796,0.535,0.177,0.49,0.516,0.297,0.115,0.646,0.864,0.762,0.198,0.013,0.057,0.523,0.874,0.023,0.015,0.361,0.227,0.071,0.004,0.006,0.399,0.621,0,0.459,0.001,0.253,0.458,0.001,0.402,0.065,0.076,0.001,0,0.426,17.936
00:20.5,2124,0.399,0.518,0.477,0.587,0.085,0.54,-0.47,-0.693,-0.232,-0.118,-0.773,-0.578,-0.676,-0.648,0.327,0.125,-0.492,-0.518,-0.354,-0.604,-0.168,0.737,-0.367,0.542,0.001,0.001,0.001,0.001,0.082,0.001,0.016,0.001,0.001,0.06,0.001,0.001,0.001,0.001,0.018,0.001,0.001,0.001,0.009,0.048,0.001,0.001,0.001,0.001,0.106,0.001,0.001,0.001,0.001,0.001,0.001,0.001,0.001,0.051,0.001,0.001,0.001,0.026,0.01,0.001,0.001,0.001,0.001,0.001,0.001,0.077,0.662,-0.24,0.705,0.928,0.75,0.714,0.595,1.299,1.09,0.842,0.078,0.713,0.735,0.802,0.546,0.175,0.507,0.53,0.305,0.105,0.624,0.862,0.752,0.183,0.012,0.055,0.53,0.888,0.009,0.017,0.342,0.209,0.06,0.004,0.006,0.396,0.618,0,0.433,0.001,0.23,0.421,0.001,0.365,0.054,0.067,0,0.001,0.461,17.854
00:20.5,2125,0.396,0.522,0.476,0.586,0.076,0.542,-0.465,-0.696,-0.23,-0.12,-0.773,-0.578,-0.676,-0.65,0.325,0.124,-0.491,-0.517,-0.354,-0.605,-0.153,0.741,-0.387,0.527,0.001,0.001,0.001,0.001,0.084,0.001,0.016,0.001,0.001,0.067,0.001,0.001,0.001,0.001,0.021,0.001,0.001,0.001,0.01,0.05,0.001,0,0.001,0.001,0.11,0.001,0.001,0.001,0.001,0.001,0.001,0.001,0.001,0.059,0.001,0.001,0.001,0.021,0.009,0,0.001,0.001,0.001,0.001,0.001,0.078,0.663,-0.239,0.705,0.93,0.757,0.724,0.602,1.313,1.104,0.863,0.078,0.697,0.739,0.811,0.541,0.183,0.514,0.538,0.313,0.099,0.611,0.866,0.745,0.176,0.012,0.055,0.532,0.902,0.01,0.016,0.32,0.187,0.062,0.004,0.006,0.389,0.606,0,0.42,0.001,0.208,0.396,0,0.347,0.051,0.056,0.001,0,0.48,17.785
00:20.5,2126,0.393,0.527,0.475,0.585,0.07,0.543,-0.46,-0.699,-0.228,-0.122,-0.774,-0.578,-0.675,-0.652,0.322,0.124,-0.491,-0.516,-0.354,-0.606,-0.136,0.746,-0.412,0.505,0.001,0.001,0.001,0.001,0.092,0.001,0.017,0.001,0.001,0.078,0.001,0.001,0.001,0.001,0.022,0.001,0.001,0.001,0.01,0.05,0.001,0.001,0.001,0.001,0.109,0.001,0.001,0.001,0.001,0.001,0.001,0.001,0.001,0.06,0.001,0.001,0.001,0.021,0.007,0.001,0.001,0.001,0.001,0.001,0.001,0.079,0.664,-0.238,0.704,0.926,0.763,0.735,0.611,1.337,1.114,0.878,0.077,0.694,0.741,0.822,0.549,0.173,0.529,0.54,0.32,0.085,0.597,0.862,0.735,0.171,0.012,0.051,0.537,0.919,0.001,0.002,0.302,0.149,0.055,0.004,0.005,0.383,0.59,0.001,0.392,0.001,0.189,0.38,0.001,0.313,0.046,0.038,0.001,0.001,0.501,17.632
00:20.5,2127,0.39,0.532,0.474,0.583,0.067,0.544,-0.454,-0.702,-0.225,-0.125,-0.774,-0.579,-0.675,-0.653,0.321,0.124,-0.491,-0.514,-0.356,-0.607,-0.126,0.749,-0.429,0.489,0.001,0.001,0.001,0.001,0.071,0.001,0.017,0.001,0.001,0.078,0.001,0.001,0.001,0.001,0.022,0.001,0.001,0.001,0.01,0.053,0.001,0.001,0.001,0.001,0.105,0.001,0.001,0.001,0.001,0.001,0.001,0.001,0.001,0.06,0.001,0.001,0.001,0.023,0.009,0.001,0.001,0.001,0.001,0.001,0.001,0.08,0.665,-0.238,0.703,0.923,0.769,0.742,0.617,1.353,1.125,0.896,0.078,0.69,0.745,0.817,0.54,0.171,0.534,0.552,0.325,0.079,0.581,0.861,0.728,0.164,0.012,0.05,0.542,0.929,0.001,0.001,0.282,0.144,0.044,0.002,0.005,0.371,0.565,0,0.368,0.001,0.17,0.365,0,0.291,0.04,0.029,0,0.001,0.483,17.503
00:20.5,2128,0.386,0.537,0.473,0.582,0.066,0.545,-0.449,-0.705,-0.222,-0.128,-0.774,-0.579,-0.674,-0.655,0.319,0.125,-0.492,-0.512,-0.357,-0.607,-0.115,0.752,-0.445,0.472,0.001,0.001,0.001,0.001,0.07,0.001,0.016,0.001,0.001,0.072,0.001,0.001,0.001,0.001,0.022,0.001,0.001,0.001,0.01,0.056,0.001,0.001,0.001,0.001,0.106,0.001,0.001,0.001,0.001,0.001,0.001,0.001,0.001,0.059,0.001,0.001,0.001,0.023,0.009,0.001,0.001,0.001,0.001,0.001,0.001,0.082,0.666,-0.237,0.703,0.919,0.773,0.748,0.63,1.365,1.134,0.911,0.076,0.687,0.75,0.822,0.542,0.166,0.537,0.562,0.325,0.071,0.573,0.862,0.723,0.151,0.012,0.051,0.545,0.939,0.001,0.013,0.265,0.133,0.035,0.002,0.005,0.365,0.553,0,0.339,0.001,0.155,0.348,0,0.286,0.038,0.02,0.001,0,0.478,17.434
00:20.5,2129,0.38,0.543,0.472,0.581,0.068,0.546,-0.443,-0.707,-0.219,-0.131,-0.774,-0.579,-0.672,-0.656,0.319,0.125,-0.493,-0.509,-0.359,-0.607,-0.106,0.755,-0.456,0.46,0.001,0.001,0.001,0.001,0.062,0.001,0.017,0.001,0.001,0.074,0.001,0.001,0.001,0.001,0.022,0.001,0.001,0.001,0.01,0.057,0.001,0.001,0.001,0.001,0.103,0.001,0.001,0.001,0.001,0.001,0.001,0.001,0.001,0.061,0.001,0.001,0.001,0.023,0.009,0.001,0.001,0.001,0.001,0.001,0.001,0.084,0.666,-0.238,0.702,0.917,0.774,0.757,0.626,1.372,1.142,0.919,0.077,0.69,0.751,0.822,0.534,0.165,0.541,0.569,0.316,0.048,0.568,0.863,0.72,0.149,0.012,0.054,0.546,0.941,0.001,0.016,0.259,0.118,0.033,0.002,0.005,0.36,0.536,0,0.321,0.001,0.145,0.333,0,0.275,0.033,0.018,0,0.001,0.473,17.33
00:20.5,2130,0.374,0.548,0.471,0.581,0.072,0.548,-0.438,-0.709,-0.216,-0.134,-0.774,-0.58,-0.671,-0.657,0.318,0.125,-0.495,-0.506,-0.36,-0.607,-0.097,0.757,-0.465,0.45,0.001,0.001,0.001,0.001,0.073,0.001,0.018,0.001,0.001,0.073,0.001,0.001,0.001,0.001,0.022,0.001,0.001,0.001,0.011,0.057,0.001,0.001,0.001,0.001,0.098,0.001,0.001,0.001,0.001,0.001,0.001,0.001,0.002,0.062,0.001,0.001,0.001,0.023,0.009,0.001,0.001,0.001,0.001,0.001,0.001,0.086,0.667,-0.238,0.701,0.913,0.775,0.753,0.631,1.382,1.148,0.927,0.074,0.686,0.751,0.823,0.53,0.162,0.546,0.573,0.31,0.044,0.564,0.86,0.719,0.139,0.012,0.055,0.547,0.951,0.001,0.018,0.256,0.118,0.033,0.002,0.005,0.354,0.536,0.001,0.295,0.001,0.142,0.321,0,0.271,0.033,0.015,0.001,0.001,0.482,17.279
00:20.6,2131,0.366,0.553,0.471,0.581,0.079,0.55,-0.433,-0.71,-0.212,-0.137,-0.774,-0.58,-0.671,-0.659,0.318,0.124,-0.497,-0.503,-0.362,-0.607,-0.097,0.757,-0.465,0.45,0.001,0.001,0.001,0.001,0.073,0.001,0.018,0.001,0.001,0.073,0.001,0.001,0.001,0.001,0.022,0.001,0.001,0.001,0.011,0.057,0.001,0.001,0.001,0.001,0.098,0.001,0.001,0.001,0.001,0.001,0.001,0.001,0.002,0.062,0.001,0.001,0.001,0.023,0.009,0.001,0.001,0.001,0.001,0.001,0.001,0.088,0.667,-0.239,0.701,0.912,0.774,0.752,0.636,1.383,1.148,0.926,0.063,0.686,0.75,0.824,0.518,0.161,0.545,0.573,0.306,0.035,0.567,0.858,0.719,0.139,0.012,0.054,0.548,0.955,0,0.02,0.261,0.117,0.031,0.002,0.005,0.353,0.529,0.001,0.289,0.001,0.14,0.321,0.001,0.254,0.033,0.01,0.001,0.001,0.482,17.214
00:20.6,2132,0.358,0.558,0.471,0.582,0.088,0.552,-0.428,-0.71,-0.208,-0.14,-0.774,-0.581,-0.67,-0.66,0.318,0.123,-0.5,-0.5,-0.363,-0.607,-0.097,0.757,-0.465,0.45,0.001,0.001,0.001,0.001,0.073,0.001,0.018,0.001,0.001,0.073,0.001,0.001,0.001,0.001,0.022,0.001,0.001,0.001,0.011,0.057,0.001,0.001,0.001,0.001,0.098,0.001,0.001,0.001,0.001,0.001,0.001,0.001,0.002,0.062,0.001,0.001,0.001,0.023,0.009,0.001,0.001,0.001,0.001,0.001,0.001,0.091,0.666,-0.24,0.7,0.912,0.773,0.747,0.634,1.383,1.144,0.922,0.063,0.686,0.748,0.824,0.52,0.154,0.545,0.57,0.309,0.032,0.574,0.857,0.722,0.142,0.011,0.054,0.547,0.951,0.001,0.02,0.265,0.118,0.031,0.002,0.005,0.353,0.524,0,0.282,0.001,0.143,0.321,0,0.254,0.035,0.011,0,0,0.482,17.19
00:20.6,2133,0.35,0.561,0.471,0.584,0.099,0.556,-0.424,-0.708,-0.204,-0.143,-0.774,-0.582,-0.669,-0.661,0.318,0.123,-0.502,-0.498,-0.364,-0.606,-0.097,0.757,-0.465,0.45,0.001,0.001,0.001,0.001,0.073,0.001,0.018,0.001,0.001,0.073,0.001,0.001,0.001,0.001,0.022,0.001,0.001,0.001,0.011,0.057,0.001,0.001,0.001,0.001,0.098,0.001,0.001,0.001,0.001,0.001,0.001,0.001,0.002,0.062,0.001,0.001,0.001,0.023,0.009,0.001,0.001,0.001,0.001,0.001,0.001,0.091,0.666,-0.24,0.7,0.912,0.773,0.747,0.634,1.383,1.144,0.922,0.063,0.686,0.748,0.824,0.52,0.154,0.545,0.57,0.309,0.032,0.574,0.857,0.722,0.142,0.011,0.054,0.547,0.951,0.001,0.02,0.265,0.118,0.031,0.002,0.005,0.353,0.524,0,0.282,0.001,0.143,0.321,0,0.254,0.035,0.011,0,0,0.482,17.19
00:20.6,2134,0.341,0.564,0.471,0.586,0.111,0.561,-0.421,-0.704,-0.2,-0.146,-0.774,-0.583,-0.668,-0.662,0.317,0.124,-0.503,-0.496,-0.365,-0.606,-0.097,0.757,-0.465,0.45,0.001,0.001,0.001,0.001,0.073,0.001,0.018,0.001,0.001,0.073,0.001,0.001,0.001,0.001,0.022,0.001,0.001,0.001,0.011,0.057,0.001,0.001,0.001,0.001,0.098,0.001,0.001,0.001,0.001,0.001,0.001,0.001,0.002,0.062,0.001,0.001,0.001,0.023,0.009,0.001,0.001,0.001,0.001,0.001,0.001,0.091,0.666,-0.24,0.7,0.912,0.773,0.747,0.634,1.383,1.144,0.922,0.063,0.686,0.748,0.824,0.52,0.154,0.545,0.57,0.309,0.032,0.574,0.857,0.722,0.142,0.011,0.054,0.547,0.951,0.001,0.02,0.265,0.118,0.031,0.002,0.005,0.353,0.524,0,0.282,0.001,0.143,0.321,0,0.254,0.035,0.011,0,0,0.482,17.19
00:20.6,2135,0.333,0.565,0.472,0.589,0.121,0.568,-0.419,-0.698,-0.196,-0.149,-0.773,-0.584,-0.667,-0.663,0.317,0.125,-0.505,-0.495,-0.366,-0.605,-0.097,0.757,-0.465,0.45,0.001,0.001,0.001,0.001,0.073,0.001,0.018,0.001,0.001,0.073,0.001,0.001,0.001,0.001,0.022,0.001,0.001,0.001,0.011,0.057,0.001,0.001,0.001,0.001,0.098,0.001,0.001,0.001,0.001,0.001,0.001,0.001,0.002,0.062,0.001,0.001,0.001,0.023,0.009,0.001,0.001,0.001,0.001,0.001,0.001,0.091,0.666,-0.24,0.7,0.912,0.773,0.747,0.634,1.383,1.144,0.922,0.063,0.686,0.748,0.824,0.52,0.154,0.545,0.57,0.309,0.032,0.574,0.857,0.722,0.142,0.011,0.054,0.547,0.951,0.001,0.02,0.265,0.118,0.031,0.002,0.005,0.353,0.524,0,0.282,0.001,0.143,0.321,0,0.254,0.035,0.011,0,0,0.482,17.19
00:20.6,2136,0.324,0.566,0.472,0.593,0.13,0.575,-0.418,-0.692,-0.192,-0.151,-0.773,-0.585,-0.666,-0.664,0.317,0.127,-0.506,-0.493,-0.367,-0.605,-0.097,0.757,-0.465,0.45,0.001,0.001,0.001,0.001,0.073,0.001,0.018,0.001,0.001,0.073,0.001,0.001,0.001,0.001,0.022,0.001,0.001,0.001,0.011,0.057,0.001,0.001,0.001,0.001,0.098,0.001,0.001,0.001,0.001,0.001,0.001,0.001,0.002,0.062,0.001,0.001,0.001,0.023,0.009,0.001,0.001,0.001,0.001,0.001,0.001,0.091,0.666,-0.24,0.7,0.912,0.773,0.747,0.634,1.383,1.144,0.922,0.063,0.686,0.748,0.824,0.52,0.154,0.545,0.57,0.309,0.032,0.574,0.857,0.722,0.142,0.011,0.054,0.547,0.951,0.001,0.02,0.265,0.118,0.031,0.002,0.005,0.353,0.524,0,0.282,0.001,0.143,0.321,0,0.254,0.035,0.011,0,0,0.482,17.19
00:20.6,2137,0.315,0.566,0.473,0.597,0.137,0.581,-0.417,-0.685,-0.189,-0.153,-0.773,-0.586,-0.664,-0.664,0.317,0.13,-0.507,-0.493,-0.367,-0.605,-0.009,0.773,-0.498,0.393,0.004,0.001,0.001,0.001,0.074,0.001,0.017,0.001,0.001,0.074,0.001,0.001,0.001,0.001,0.024,0.001,0.001,0.001,0.01,0.056,0.001,0.001,0.001,0.001,0.099,0.001,0.001,0.001,0.001,0.001,0.001,0.001,0.004,0.063,0.001,0.001,0.001,0.024,0.009,0.001,0.001,0.001,0.001,0.001,0.001,0.091,0.666,-0.24,0.7,0.912,0.773,0.747,0.634,1.383,1.144,0.922,0.063,0.686,0.748,0.824,0.52,0.154,0.545,0.57,0.309,0.032,0.574,0.857,0.722,0.142,0.011,0.054,0.547,0.951,0.001,0.02,0.265,0.118,0.031,0.002,0.005,0.353,0.524,0,0.282,0.001,0.143,0.321,0,0.254,0.035,0.011,0,0,0.491,17.19
00:20.6,2138,0.307,0.566,0.474,0.601,0.144,0.586,-0.417,-0.679,-0.186,-0.155,-0.773,-0.587,-0.663,-0.665,0.317,0.132,-0.507,-0.492,-0.367,-0.605,0.006,0.775,-0.5,0.387,0.004,0.001,0.001,0.001,0.098,0.001,0.02,0.001,0.001,0.082,0.001,0.001,0.001,0.001,0.032,0.001,0.001,0.001,0.01,0.043,0.001,0.001,0.001,0.001,0.106,0.001,0.001,0.001,0.001,0.001,0.001,0.001,0.023,0.057,0.001,0.001,0.001,0.026,0.001,0.001,0.001,0.001,0.001,0.001,0.001,0.091,0.666,-0.24,0.7,0.912,0.773,0.747,0.634,1.383,1.144,0.922,0.063,0.686,0.748,0.824,0.52,0.154,0.545,0.57,0.309,0.032,0.574,0.857,0.722,0.142,0.011,0.054,0.547,0.951,0.001,0.02,0.265,0.118,0.031,0.002,0.005,0.353,0.524,0,0.282,0.001,0.143,0.321,0,0.254,0.035,0.011,0,0,0.535,17.19
00:20.6,2139,0.299,0.564,0.476,0.605,0.152,0.59,-0.418,-0.674,-0.183,-0.156,-0.772,-0.588,-0.662,-0.665,0.318,0.133,-0.507,-0.491,-0.367,-0.605,0.029,0.777,-0.504,0.377,0.002,0.001,0.001,0.001,0.105,0.001,0.021,0.001,0.001,0.082,0.001,0.001,0.001,0.001,0.032,0.001,0.001,0.001,0.01,0.044,0.001,0.001,0.001,0.001,0.107,0.001,0.001,0.001,0.001,0.001,0.001,0.001,0.022,0.055,0.001,0.001,0.001,0.028,0.001,0.001,0.001,0.001,0.001,0.001,0.001,0.111,0.661,-0.249,0.699,0.912,0.773,0.748,0.628,1.381,1.139,0.919,0.061,0.686,0.746,0.823,0.51,0.155,0.547,0.569,0.309,0.032,0.576,0.857,0.723,0.143,0.011,0.054,0.548,0.945,0,0.02,0.27,0.12,0.032,0.002,0.005,0.353,0.527,0.001,0.282,0.001,0.145,0.326,0.001,0.252,0.037,0.011,0.001,0.001,0.542,17.182
00:20.7,2140,0.292,0.562,0.477,0.609,0.159,0.592,-0.419,-0.67,-0.181,-0.158,-0.772,-0.589,-0.661,-0.665,0.319,0.135,-0.507,-0.491,-0.368,-0.605,0.049,0.777,-0.507,0.369,0.001,0.001,0.001,0.001,0.101,0.001,0.021,0.001,0.001,0.083,0.001,0.001,0.001,0.001,0.032,0.001,0.001,0.001,0.01,0.045,0.001,0.001,0.001,0.001,0.109,0.001,0.001,0.001,0.001,0.001,0.001,0.001,0.021,0.055,0.001,0.001,0.001,0.024,0.001,0.001,0.001,0.001,0.001,0.001,0.001,0.112,0.66,-0.249,0.7,0.907,0.739,0.706,0.53,1.264,1.051,0.806,0.05,0.729,0.724,0.794,0.503,0.151,0.513,0.547,0.288,0,0.683,0.855,0.757,0.188,0.011,0.066,0.556,0.888,0,0.012,0.381,0.216,0.057,0.002,0.006,0.359,0.531,0.001,0.388,0.001,0.204,0.426,0,0.242,0.053,0.029,0,0,0.536,17.214
00:20.7,2141,0.285,0.56,0.478,0.613,0.167,0.593,-0.42,-0.667,-0.18,-0.159,-0.771,-0.589,-0.66,-0.665,0.32,0.136,-0.507,-0.49,-0.368,-0.606,0.049,0.777,-0.507,0.369,0.001,0.001,0.001,0.001,0.101,0.001,0.021,0.001,0.001,0.083,0.001,0.001,0.001,0.001,0.032,0.001,0.001,0.001,0.01,0.045,0.001,0.001,0.001,0.001,0.109,0.001,0.001,0.001,0.001,0.001,0.001,0.001,0.021,0.055,0.001,0.001,0.001,0.024,0.001,0.001,0.001,0.001,0.001,0.001,0.001,0.111,0.66,-0.247,0.701,0.91,0.736,0.702,0.525,1.264,1.05,0.797,0.051,0.729,0.722,0.79,0.509,0.156,0.515,0.542,0.287,0.001,0.686,0.855,0.761,0.194,0.011,0.073,0.554,0.886,0,0.011,0.386,0.223,0.066,0.002,0.006,0.363,0.542,0.001,0.393,0.001,0.216,0.436,0,0.25,0.057,0.034,0,0.001,0.536,17.294
00:20.7,2142,0.28,0.558,0.48,0.617,0.175,0.591,-0.421,-0.665,-0.179,-0.16,-0.771,-0.59,-0.66,-0.665,0.322,0.135,-0.508,-0.489,-0.367,-0.607,0.049,0.777,-0.507,0.369,0.001,0.001,0.001,0.001,0.101,0.001,0.021,0.001,0.001,0.083,0.001,0.001,0.001,0.001,0.032,0.001,0.001,0.001,0.01,0.045,0.001,0.001,0.001,0.001,0.109,0.001,0.001,0.001,0.001,0.001,0.001,0.001,0.021,0.055,0.001,0.001,0.001,0.024,0.001,0.001,0.001,0.001,0.001,0.001,0.001,0.111,0.659,-0.246,0.702,0.907,0.736,0.701,0.526,1.258,1.053,0.792,0.05,0.729,0.722,0.789,0.504,0.167,0.52,0.538,0.289,0.002,0.69,0.855,0.764,0.201,0.012,0.074,0.552,0.882,0.001,0.01,0.386,0.226,0.065,0.004,0.006,0.366,0.556,0,0.409,0.001,0.226,0.446,0.001,0.259,0.061,0.042,0.001,0.001,0.536,17.38
00:20.7,2143,0.275,0.555,0.482,0.62,0.183,0.589,-0.423,-0.664,-0.178,-0.162,-0.77,-0.591,-0.661,-0.664,0.323,0.133,-0.508,-0.488,-0.367,-0.608,0.049,0.777,-0.507,0.369,0.001,0.001,0.001,0.001,0.101,0.001,0.021,0.001,0.001,0.083,0.001,0.001,0.001,0.001,0.032,0.001,0.001,0.001,0.01,0.045,0.001,0.001,0.001,0.001,0.109,0.001,0.001,0.001,0.001,0.001,0.001,0.001,0.021,0.055,0.001,0.001,0.001,0.024,0.001,0.001,0.001,0.001,0.001,0.001,0.001,0.111,0.659,-0.244,0.703,0.905,0.735,0.7,0.526,1.26,1.056,0.789,0.051,0.73,0.719,0.788,0.513,0.177,0.523,0.535,0.288,0.006,0.692,0.855,0.766,0.206,0.012,0.078,0.549,0.884,0,0.011,0.388,0.23,0.063,0.004,0.006,0.37,0.564,0.001,0.414,0.001,0.232,0.453,0,0.265,0.07,0.044,0,0,0.536,17.459
00:20.7,2144,0.271,0.553,0.484,0.622,0.191,0.585,-0.424,-0.665,-0.178,-0.164,-0.768,-0.592,-0.661,-0.664,0.324,0.131,-0.508,-0.486,-0.366,-0.609,0.049,0.777,-0.507,0.369,0.001,0.001,0.001,0.001,0.101,0.001,0.021,0.001,0.001,0.083,0.001,0.001,0.001,0.001,0.032,0.001,0.001,0.001,0.01,0.045,0.001,0.001,0.001,0.001,0.109,0.001,0.001,0.001,0.001,0.001,0.001,0.001,0.021,0.055,0.001,0.001,0.001,0.024,0.001,0.001,0.001,0.001,0.001,0.001,0.001,0.111,0.659,-0.244,0.703,0.905,0.735,0.7,0.526,1.26,1.056,0.789,0.051,0.73,0.719,0.788,0.513,0.177,0.523,0.535,0.288,0.006,0.692,0.855,0.766,0.206,0.012,0.078,0.549,0.884,0,0.011,0.388,0.23,0.063,0.004,0.006,0.37,0.564,0.001,0.414,0.001,0.232,0.453,0,0.265,0.07,0.044,0,0,0.536,17.459
00:20.7,2145,0.267,0.551,0.486,0.624,0.2,0.58,-0.426,-0.665,-0.177,-0.165,-0.767,-0.594,-0.662,-0.663,0.324,0.13,-0.509,-0.485,-0.366,-0.61,0.049,0.777,-0.507,0.369,0.001,0.001,0.001,0.001,0.101,0.001,0.021,0.001,0.001,0.083,0.001,0.001,0.001,0.001,0.032,0.001,0.001,0.001,0.01,0.045,0.001,0.001,0.001,0.001,0.109,0.001,0.001,0.001,0.001,0.001,0.001,0.001,0.021,0.055,0.001,0.001,0.001,0.024,0.001,0.001,0.001,0.001,0.001,0.001,0.001,0.111,0.659,-0.244,0.703,0.905,0.735,0.7,0.526,1.26,1.056,0.789,0.051,0.73,0.719,0.788,0.513,0.177,0.523,0.535,0.288,0.006,0.692,0.855,0.766,0.206,0.012,0.078,0.549,0.884,0,0.011,0.388,0.23,0.063,0.004,0.006,0.37,0.564,0.001,0.414,0.001,0.232,0.453,0,0.265,0.07,0.044,0,0,0.536,17.459
00:20.7,2146,0.265,0.548,0.489,0.625,0.208,0.574,-0.43,-0.665,-0.176,-0.167,-0.766,-0.595,-0.662,-0.663,0.324,0.129,-0.51,-0.483,-0.365,-0.611,0.049,0.777,-0.507,0.369,0.001,0.001,0.001,0.001,0.101,0.001,0.021,0.001,0.001,0.083,0.001,0.001,0.001,0.001,0.032,0.001,0.001,0.001,0.01,0.045,0.001,0.001,0.001,0.001,0.109,0.001,0.001,0.001,0.001,0.001,0.001,0.001,0.021,0.055,0.001,0.001,0.001,0.024,0.001,0.001,0.001,0.001,0.001,0.001,0.001,0.111,0.659,-0.244,0.703,0.905,0.735,0.7,0.526,1.26,1.056,0.789,0.051,0.73,0.719,0.788,0.513,0.177,0.523,0.535,0.288,0.006,0.692,0.855,0.766,0.206,0.012,0.078,0.549,0.884,0,0.011,0.388,0.23,0.063,0.004,0.006,0.37,0.564,0.001,0.414,0.001,0.232,0.453,0,0.265,0.07,0.044,0,0,0.536,17.459
00:20.7,2147,0.264,0.546,0.491,0.625,0.217,0.568,-0.434,-0.665,-0.174,-0.169,-0.765,-0.597,-0.662,-0.663,0.324,0.129,-0.51,-0.482,-0.365,-0.612,0.013,0.835,-0.271,0.478,0.001,0.001,0.001,0.001,0.107,0.001,0.021,0.001,0.001,0.081,0.001,0.001,0.001,0.001,0.032,0.001,0.001,0.001,0.01,0.044,0.001,0.001,0.001,0.001,0.106,0.001,0.001,0.001,0.001,0.001,0.001,0.001,0.02,0.057,0.001,0.001,0.001,0.023,0.001,0.001,0.001,0.001,0.001,0.001,0.001,0.111,0.659,-0.244,0.703,0.905,0.735,0.7,0.526,1.26,1.056,0.789,0.051,0.73,0.719,0.788,0.513,0.177,0.523,0.535,0.288,0.006,0.692,0.855,0.766,0.206,0.012,0.078,0.549,0.884,0,0.011,0.388,0.23,0.063,0.004,0.006,0.37,0.564,0.001,0.414,0.001,0.232,0.453,0,0.265,0.07,0.044,0,0,0.536,17.459
00:20.7,2148,0.265,0.543,0.494,0.625,0.226,0.561,-0.44,-0.664,-0.172,-0.171,-0.763,-0.598,-0.662,-0.663,0.324,0.129,-0.51,-0.481,-0.364,-0.613,0.013,0.835,-0.271,0.478,0.001,0.001,0.001,0.001,0.107,0.001,0.021,0.001,0.001,0.081,0.001,0.001,0.001,0.001,0.032,0.001,0.001,0.001,0.01,0.044,0.001,0.001,0.001,0.001,0.106,0.001,0.001,0.001,0.001,0.001,0.001,0.001,0.02,0.057,0.001,0.001,0.001,0.023,0.001,0.001,0.001,0.001,0.001,0.001,0.001,0.111,0.659,-0.244,0.703,0.905,0.735,0.7,0.526,1.26,1.056,0.789,0.051,0.73,0.719,0.788,0.513,0.177,0.523,0.535,0.288,0.006,0.692,0.855,0.766,0.206,0.012,0.078,0.549,0.884,0,0.011,0.388,0.23,0.063,0.004,0.006,0.37,0.564,0.001,0.414,0.001,0.232,0.453,0,0.265,0.07,0.044,0,0,0.536,17.459
00:20.7,2149,0.266,0.541,0.496,0.624,0.234,0.553,-0.446,-0.663,-0.169,-0.173,-0.763,-0.6,-0.661,-0.664,0.325,0.13,-0.51,-0.48,-0.364,-0.614,0.013,0.835,-0.271,0.478,0.001,0.001,0.001,0.001,0.107,0.001,0.021,0.001,0.001,0.081,0.001,0.001,0.001,0.001,0.032,0.001,0.001,0.001,0.01,0.044,0.001,0.001,0.001,0.001,0.106,0.001,0.001,0.001,0.001,0.001,0.001,0.001,0.02,0.057,0.001,0.001,0.001,0.023,0.001,0.001,0.001,0.001,0.001,0.001,0.001,0.111,0.659,-0.244,0.703,0.905,0.735,0.7,0.526,1.26,1.056,0.789,0.051,0.73,0.719,0.788,0.513,0.177,0.523,0.535,0.288,0.006,0.692,0.855,0.766,0.206,0.012,0.078,0.549,0.884,0,0.011,0.388,0.23,0.063,0.004,0.006,0.37,0.564,0.001,0.414,0.001,0.232,0.453,0,0.265,0.07,0.044,0,0,0.536,17.459
00:20.7,2150,0.268,0.54,0.499,0.622,0.241,0.545,-0.453,-0.662,-0.167,-0.176,-0.762,-0.601,-0.66,-0.664,0.326,0.132,-0.509,-0.479,-0.364,-0.616,0.013,0.835,-0.271,0.478,0.001,0.001,0.001,0.001,0.107,0.001,0.021,0.001,0.001,0.081,0.001,0.001,0.001,0.001,0.032,0.001,0.001,0.001,0.01,0.044,0.001,0.001,0.001,0.001,0.106,0.001,0.001,0.001,0.001,0.001,0.001,0.001,0.02,0.057,0.001,0.001,0.001,0.023,0.001,0.001,0.001,0.001,0.001,0.001,0.001,0.109,0.658,-0.237,0.707,0.904,0.735,0.698,0.527,1.259,1.056,0.788,0.051,0.729,0.72,0.788,0.519,0.179,0.525,0.534,0.289,0.009,0.692,0.855,0.767,0.208,0.012,0.078,0.549,0.885,0,0.013,0.388,0.228,0.066,0.002,0.006,0.374,0.568,0,0.42,0.001,0.238,0.457,0.001,0.267,0.072,0.048,0,0.001,0.536,17.506
00:20.8,2151,0.271,0.539,0.501,0.62,0.251,0.537,-0.462,-0.66,-0.165,-0.178,-0.762,-0.601,-0.658,-0.665,0.327,0.132,-0.509,-0.478,-0.364,-0.617,0.013,0.835,-0.271,0.478,0.001,0.001,0.001,0.001,0.107,0.001,0.021,0.001,0.001,0.081,0.001,0.001,0.001,0.001,0.032,0.001,0.001,0.001,0.01,0.044,0.001,0.001,0.001,0.001,0.106,0.001,0.001,0.001,0.001,0.001,0.001,0.001,0.02,0.057,0.001,0.001,0.001,0.023,0.001,0.001,0.001,0.001,0.001,0.001,0.001,0.111,0.657,-0.238,0.707,0.882,0.722,0.651,0.492,1.21,1.049,0.708,0.059,0.718,0.713,0.78,0.51,0.2,0.56,0.499,0.31,0.031,0.7,0.856,0.789,0.253,0.012,0.093,0.541,0.846,0,0.046,0.387,0.244,0.085,0.004,0.007,0.421,0.608,0,0.505,0.002,0.335,0.562,0,0.346,0.116,0.12,0,0.001,0.536,17.973
00:20.8,2152,0.274,0.539,0.504,0.617,0.263,0.528,-0.471,-0.656,-0.164,-0.18,-0.762,-0.601,-0.657,-0.665,0.329,0.133,-0.508,-0.477,-0.363,-0.618,0.013,0.835,-0.271,0.478,0.001,0.001,0.001,0.001,0.107,0.001,0.021,0.001,0.001,0.081,0.001,0.001,0.001,0.001,0.032,0.001,0.001,0.001,0.01,0.044,0.001,0.001,0.001,0.001,0.106,0.001,0.001,0.001,0.001,0.001,0.001,0.001,0.02,0.057,0.001,0.001,0.001,0.023,0.001,0.001,0.001,0.001,0.001,0.001,0.001,0.114,0.655,-0.24,0.707,0.874,0.716,0.636,0.481,1.193,1.028,0.684,0.059,0.719,0.712,0.778,0.502,0.195,0.563,0.496,0.31,0.032,0.702,0.857,0.794,0.256,0.012,0.1,0.54,0.835,0,0.051,0.389,0.253,0.094,0.002,0.007,0.425,0.612,0.001,0.52,0.002,0.352,0.578,0,0.363,0.131,0.128,0.001,0.001,0.536,17.984
00:20.8,2153,0.277,0.539,0.505,0.614,0.278,0.519,-0.481,-0.65,-0.163,-0.182,-0.762,-0.6,-0.656,-0.666,0.331,0.133,-0.508,-0.476,-0.363,-0.62,0.013,0.835,-0.271,0.478,0.001,0.001,0.001,0.001,0.107,0.001,0.021,0.001,0.001,0.081,0.001,0.001,0.001,0.001,0.032,0.001,0.001,0.001,0.01,0.044,0.001,0.001,0.001,0.001,0.106,0.001,0.001,0.001,0.001,0.001,0.001,0.001,0.02,0.057,0.001,0.001,0.001,0.023,0.001,0.001,0.001,0.001,0.001,0.001,0.001,0.115,0.654,-0.241,0.708,0.866,0.709,0.618,0.458,1.179,1.02,0.665,0.057,0.718,0.711,0.773,0.504,0.198,0.56,0.492,0.313,0.031,0.703,0.858,0.797,0.265,0.011,0.105,0.537,0.83,0,0.056,0.392,0.269,0.095,0.004,0.007,0.429,0.611,0.001,0.546,0.002,0.366,0.595,0.001,0.371,0.143,0.137,0.001,0.001,0.536,18.005
00:20.8,2154,0.28,0.54,0.507,0.611,0.296,0.511,-0.49,-0.641,-0.163,-0.184,-0.762,-0.6,-0.655,-0.665,0.332,0.133,-0.507,-0.475,-0.362,-0.621,0.215,0.8,-0.259,0.497,0.001,0.001,0.001,0.001,0.109,0.001,0.021,0.001,0.001,0.078,0.006,0.005,0.001,0.001,0.028,0.001,0.001,0.001,0.01,0.043,0.001,0.001,0.001,0.001,0.09,0.001,0.001,0.001,0.001,0.001,0.001,0.001,0.005,0.061,0.001,0.001,0.001,0.016,0.001,0.001,0.001,0.001,0.001,0.001,0.001,0.117,0.653,-0.242,0.708,0.855,0.703,0.595,0.448,1.172,1.011,0.654,0.057,0.714,0.709,0.77,0.497,0.204,0.557,0.487,0.316,0.032,0.708,0.861,0.806,0.275,0.011,0.115,0.53,0.827,0,0.053,0.392,0.278,0.098,0.004,0.007,0.431,0.611,0.001,0.564,0.002,0.382,0.606,0,0.392,0.156,0.144,0,0,0.505,18.035
00:20.8,2155,0.283,0.54,0.507,0.609,0.316,0.504,-0.499,-0.63,-0.163,-0.186,-0.762,-0.599,-0.655,-0.665,0.334,0.132,-0.507,-0.475,-0.362,-0.622,0.242,0.792,-0.262,0.496,0.001,0.001,0.001,0.001,0.101,0.001,0.021,0.001,0.001,0.059,0.001,0.009,0.001,0.001,0.031,0.001,0.001,0.001,0.01,0.033,0.001,0.001,0.001,0.001,0.092,0.001,0.001,0.001,0.001,0.001,0.001,0.001,0.001,0.062,0.001,0.001,0.001,0.015,0.001,0.001,0.001,0.001,0.001,0.001,0.001,0.119,0.651,-0.243,0.709,0.84,0.694,0.57,0.427,1.161,1.002,0.637,0.062,0.712,0.708,0.764,0.499,0.208,0.558,0.482,0.317,0.037,0.713,0.863,0.816,0.284,0.013,0.127,0.535,0.816,0.001,0.068,0.393,0.287,0.104,0.002,0.007,0.435,0.611,0.001,0.586,0.002,0.398,0.619,0.043,0.408,0.167,0.156,0.001,0.001,0.468,18.135
00:20.8,2156,0.286,0.541,0.507,0.606,0.335,0.499,-0.506,-0.619,-0.162,-0.188,-0.761,-0.599,-0.654,-0.665,0.335,0.132,-0.506,-0.474,-0.361,-0.623,0.276,0.781,-0.266,0.493,0.001,0.001,0.001,0.001,0.106,0.001,0.021,0.001,0.001,0.056,0.001,0.01,0.001,0.001,0.029,0.001,0.001,0.001,0.009,0.034,0.001,0.001,0.001,0.001,0.09,0.001,0.001,0.001,0.001,0.001,0.001,0.001,0.001,0.062,0.001,0.001,0.001,0.015,0.001,0.001,0.001,0.001,0.001,0.001,0.001,0.119,0.65,-0.242,0.71,0.827,0.686,0.552,0.421,1.162,1.006,0.63,0.063,0.709,0.705,0.758,0.492,0.208,0.568,0.476,0.322,0.051,0.712,0.863,0.824,0.289,0.018,0.134,0.527,0.808,0.017,0.076,0.392,0.298,0.104,0.004,0.009,0.442,0.611,0.001,0.602,0.002,0.42,0.629,0.101,0.441,0.175,0.168,0,0.004,0.467,18.307
00:20.8,2157,0.288,0.542,0.507,0.604,0.353,0.495,-0.511,-0.608,-0.162,-0.19,-0.761,-0.599,-0.655,-0.664,0.337,0.131,-0.506,-0.474,-0.361,-0.624,0.299,0.773,-0.268,0.491,0.001,0.001,0.001,0.001,0.105,0.001,0.021,0.001,0.001,0.053,0.001,0.009,0.001,0.001,0.029,0.001,0.001,0.001,0.004,0.032,0.001,0.001,0.001,0.001,0.093,0.001,0.001,0.001,0.001,0.001,0.001,0.001,0.001,0.06,0.001,0.001,0.001,0.015,0.001,0.001,0.001,0.001,0.001,0.001,0.001,0.119,0.649,-0.241,0.712,0.8,0.679,0.536,0.408,1.166,1.005,0.628,0.066,0.696,0.7,0.747,0.491,0.212,0.58,0.47,0.325,0.044,0.705,0.864,0.828,0.304,0.021,0.15,0.524,0.8,0.018,0.077,0.389,0.304,0.118,0.004,0.009,0.446,0.612,0.001,0.637,0.004,0.433,0.639,0.184,0.474,0.183,0.177,0.001,0.007,0.456,18.466
00:20.8,2158,0.29,0.544,0.507,0.603,0.369,0.491,-0.515,-0.598,-0.161,-0.192,-0.76,-0.599,-0.655,-0.663,0.338,0.13,-0.507,-0.473,-0.36,-0.624,0.324,0.764,-0.269,0.488,0.001,0.001,0.001,0.001,0.105,0.001,0.021,0.001,0.001,0.05,0.001,0.007,0.001,0.001,0.031,0.001,0.001,0.001,0.001,0.033,0.001,0.001,0.001,0.001,0.092,0.001,0.001,0.001,0.001,0.001,0.001,0.001,0.001,0.06,0.001,0.001,0.001,0.015,0.001,0.001,0.001,0.001,0.001,0.001,0.001,0.119,0.648,-0.241,0.713,0.774,0.668,0.515,0.403,1.173,1.005,0.619,0.065,0.673,0.698,0.746,0.493,0.217,0.593,0.47,0.335,0.05,0.702,0.867,0.828,0.302,0.022,0.16,0.523,0.797,0.026,0.095,0.379,0.304,0.114,0.004,0.009,0.448,0.617,0.024,0.658,0.004,0.449,0.643,0.242,0.499,0.193,0.186,0,0.01,0.45,18.602
00:20.8,2159,0.292,0.544,0.507,0.601,0.382,0.488,-0.518,-0.59,-0.16,-0.194,-0.759,-0.6,-0.655,-0.663,0.339,0.129,-0.507,-0.472,-0.359,-0.625,0.356,0.753,-0.269,0.484,0.001,0.001,0.001,0.001,0.103,0.001,0.021,0.001,0.001,0.049,0.001,0.009,0.001,0.001,0.032,0.001,0.001,0.001,0.001,0.029,0.001,0.001,0.001,0.001,0.092,0.001,0.001,0.001,0.001,0.001,0.001,0.001,0.001,0.063,0.001,0.001,0.001,0.016,0.001,0.001,0.001,0.001,0.001,0.001,0.001,0.118,0.647,-0.239,0.714,0.761,0.658,0.501,0.391,1.177,1.013,0.614,0.07,0.653,0.695,0.733,0.476,0.222,0.604,0.462,0.346,0.062,0.681,0.871,0.827,0.31,0.026,0.171,0.521,0.795,0.033,0.103,0.363,0.309,0.117,0.004,0.009,0.452,0.615,0.04,0.681,0.004,0.46,0.648,0.303,0.527,0.201,0.192,0.001,0.013,0.45,18.715
00:20.8,2160,0.294,0.545,0.506,0.6,0.393,0.483,-0.522,-0.583,-0.159,-0.196,-0.758,-0.601,-0.655,-0.662,0.341,0.127,-0.507,-0.471,-0.359,-0.626,0.356,0.753,-0.269,0.484,0.001,0.001,0.001,0.001,0.103,0.001,0.021,0.001,0.001,0.049,0.001,0.009,0.001,0.001,0.032,0.001,0.001,0.001,0.001,0.029,0.001,0.001,0.001,0.001,0.092,0.001,0.001,0.001,0.001,0.001,0.001,0.001,0.001,0.063,0.001,0.001,0.001,0.016,0.001,0.001,0.001,0.001,0.001,0.001,0.001,0.118,0.646,-0.238,0.715,0.739,0.652,0.491,0.371,1.181,1.015,0.606,0.074,0.637,0.694,0.726,0.479,0.222,0.607,0.46,0.348,0.072,0.658,0.874,0.814,0.308,0.029,0.186,0.521,0.788,0.04,0.107,0.342,0.309,0.121,0.004,0.009,0.453,0.62,0.063,0.697,0.004,0.475,0.651,0.358,0.551,0.21,0.2,0,0.015,0.45,18.781
00:20.9,2161,0.296,0.546,0.506,0.598,0.401,0.478,-0.527,-0.577,-0.156,-0.198,-0.757,-0.603,-0.656,-0.661,0.342,0.124,-0.508,-0.47,-0.358,-0.627,0.356,0.753,-0.269,0.484,0.001,0.001,0.001,0.001,0.103,0.001,0.021,0.001,0.001,0.049,0.001,0.009,0.001,0.001,0.032,0.001,0.001,0.001,0.001,0.029,0.001,0.001,0.001,0.001,0.092,0.001,0.001,0.001,0.001,0.001,0.001,0.001,0.001,0.063,0.001,0.001,0.001,0.016,0.001,0.001,0.001,0.001,0.001,0.001,0.001,0.117,0.645,-0.237,0.717,0.719,0.643,0.476,0.354,1.162,1.011,0.593,0.073,0.611,0.689,0.709,0.479,0.225,0.615,0.455,0.355,0.083,0.639,0.877,0.81,0.306,0.033,0.193,0.515,0.779,0.054,0.112,0.321,0.309,0.122,0.004,0.009,0.46,0.626,0.089,0.706,0.005,0.49,0.659,0.452,0.581,0.226,0.208,0.001,0.017,0.45,18.855
00:20.9,2162,0.298,0.547,0.505,0.597,0.409,0.473,-0.532,-0.571,-0.154,-0.199,-0.756,-0.604,-0.656,-0.66,0.344,0.122,-0.508,-0.468,-0.358,-0.628,0.356,0.753,-0.269,0.484,0.001,0.001,0.001,0.001,0.103,0.001,0.021,0.001,0.001,0.049,0.001,0.009,0.001,0.001,0.032,0.001,0.001,0.001,0.001,0.029,0.001,0.001,0.001,0.001,0.092,0.001,0.001,0.001,0.001,0.001,0.001,0.001,0.001,0.063,0.001,0.001,0.001,0.016,0.001,0.001,0.001,0.001,0.001,0.001,0.001,0.117,0.645,-0.236,0.717,0.696,0.639,0.471,0.347,1.143,1.01,0.582,0.076,0.597,0.69,0.679,0.454,0.23,0.619,0.452,0.359,0.09,0.617,0.875,0.801,0.305,0.035,0.205,0.513,0.77,0.067,0.105,0.294,0.314,0.122,0.002,0.009,0.464,0.626,0.121,0.72,0.005,0.499,0.668,0.524,0.62,0.244,0.221,0.001,0.021,0.45,18.902
00:20.9,2163,0.299,0.548,0.504,0.596,0.418,0.467,-0.537,-0.565,-0.152,-0.201,-0.755,-0.606,-0.656,-0.66,0.345,0.121,-0.508,-0.467,-0.358,-0.629,0.356,0.753,-0.269,0.484,0.001,0.001,0.001,0.001,0.103,0.001,0.021,0.001,0.001,0.049,0.001,0.009,0.001,0.001,0.032,0.001,0.001,0.001,0.001,0.029,0.001,0.001,0.001,0.001,0.092,0.001,0.001,0.001,0.001,0.001,0.001,0.001,0.001,0.063,0.001,0.001,0.001,0.016,0.001,0.001,0.001,0.001,0.001,0.001,0.001,0.117,0.644,-0.236,0.718,0.664,0.635,0.468,0.324,1.111,1.004,0.569,0.078,0.57,0.69,0.662,0.441,0.228,0.625,0.446,0.363,0.1,0.597,0.863,0.766,0.291,0.037,0.208,0.513,0.764,0.079,0.103,0.278,0.313,0.118,0.002,0.015,0.468,0.628,0.138,0.728,0.005,0.512,0.675,0.595,0.659,0.261,0.228,0.001,0.022,0.45,18.845
00:20.9,2164,0.299,0.549,0.504,0.596,0.427,0.461,-0.543,-0.558,-0.149,-0.202,-0.754,-0.607,-0.656,-0.66,0.346,0.12,-0.508,-0.465,-0.357,-0.631,0.356,0.753,-0.269,0.484,0.001,0.001,0.001,0.001,0.103,0.001,0.021,0.001,0.001,0.049,0.001,0.009,0.001,0.001,0.032,0.001,0.001,0.001,0.001,0.029,0.001,0.001,0.001,0.001,0.092,0.001,0.001,0.001,0.001,0.001,0.001,0.001,0.001,0.063,0.001,0.001,0.001,0.016,0.001,0.001,0.001,0.001,0.001,0.001,0.001,0.118,0.643,-0.236,0.719,0.635,0.615,0.453,0.308,1.095,0.993,0.554,0.077,0.531,0.695,0.662,0.421,0.239,0.632,0.441,0.364,0.105,0.557,0.853,0.737,0.286,0.038,0.212,0.512,0.761,0.093,0.104,0.259,0.295,0.118,0.002,0.022,0.473,0.628,0.186,0.741,0.006,0.527,0.687,0.659,0.69,0.28,0.237,0.001,0.022,0.45,18.806
00:20.9,2165,0.298,0.55,0.503,0.596,0.436,0.455,-0.548,-0.55,-0.147,-0.204,-0.753,-0.607,-0.655,-0.659,0.348,0.12,-0.508,-0.464,-0.357,-0.632,0.356,0.753,-0.269,0.484,0.001,0.001,0.001,0.001,0.103,0.001,0.021,0.001,0.001,0.049,0.001,0.009,0.001,0.001,0.032,0.001,0.001,0.001,0.001,0.029,0.001,0.001,0.001,0.001,0.092,0.001,0.001,0.001,0.001,0.001,0.001,0.001,0.001,0.063,0.001,0.001,0.001,0.016,0.001,0.001,0.001,0.001,0.001,0.001,0.001,0.118,0.642,-0.236,0.72,0.595,0.598,0.455,0.303,1.068,0.984,0.545,0.078,0.488,0.694,0.65,0.405,0.236,0.636,0.437,0.364,0.114,0.521,0.847,0.726,0.27,0.04,0.22,0.512,0.755,0.116,0.111,0.232,0.27,0.114,0.002,0.024,0.477,0.628,0.227,0.747,0.006,0.536,0.694,0.702,0.709,0.289,0.252,0.002,0.026,0.45,18.705
00:20.9,2166,0.296,0.551,0.503,0.596,0.444,0.45,-0.553,-0.542,-0.145,-0.205,-0.753,-0.608,-0.655,-0.659,0.35,0.118,-0.508,-0.463,-0.356,-0.634,0.517,0.685,-0.283,0.429,0.001,0.001,0.001,0.001,0.104,0.001,0.021,0.001,0.001,0.05,0.001,0.009,0.001,0.001,0.032,0.001,0.001,0.001,0.001,0.031,0.001,0.001,0.001,0.001,0.09,0.001,0.001,0.001,0.001,0.001,0.001,0.001,0.001,0.065,0.001,0.001,0.001,0.016,0.001,0.001,0.001,0.001,0.001,0.001,0.001,0.119,0.641,-0.236,0.721,0.56,0.57,0.436,0.283,1.057,0.977,0.535,0.078,0.437,0.681,0.631,0.388,0.225,0.647,0.432,0.37,0.122,0.463,0.84,0.723,0.254,0.038,0.227,0.51,0.747,0.136,0.105,0.211,0.254,0.107,0.002,0.023,0.479,0.624,0.271,0.759,0.007,0.553,0.701,0.775,0.756,0.299,0.265,0.002,0.023,0.454,18.583
00:20.9,2167,0.294,0.552,0.503,0.597,0.452,0.445,-0.558,-0.535,-0.143,-0.207,-0.753,-0.608,-0.656,-0.658,0.352,0.116,-0.507,-0.462,-0.355,-0.635,0.536,0.672,-0.288,0.421,0.001,0.001,0.001,0.001,0.128,0.001,0.023,0.001,0.001,0.039,0.001,0.016,0.001,0.001,0.033,0.001,0.001,0.001,0.001,0.029,0.001,0.001,0.001,0.001,0.085,0.001,0.001,0.001,0.001,0.001,0.001,0.001,0.006,0.071,0.001,0.001,0.001,0.021,0.001,0.001,0.001,0.001,0.001,0.001,0.001,0.12,0.64,-0.237,0.721,0.487,0.537,0.422,0.261,1.035,0.969,0.524,0.081,0.357,0.651,0.608,0.366,0.219,0.651,0.431,0.375,0.129,0.416,0.834,0.705,0.228,0.034,0.23,0.51,0.742,0.136,0.112,0.181,0.227,0.106,0.002,0.029,0.481,0.624,0.304,0.762,0.007,0.567,0.706,0.867,0.792,0.313,0.276,0.002,0.028,0.486,18.324
00:20.9,2168,0.291,0.552,0.503,0.597,0.458,0.44,-0.562,-0.529,-0.141,-0.208,-0.753,-0.608,-0.656,-0.657,0.353,0.113,-0.506,-0.461,-0.355,-0.637,0.536,0.672,-0.288,0.421,0.001,0.001,0.001,0.001,0.128,0.001,0.023,0.001,0.001,0.039,0.001,0.016,0.001,0.001,0.033,0.001,0.001,0.001,0.001,0.029,0.001,0.001,0.001,0.001,0.085,0.001,0.001,0.001,0.001,0.001,0.001,0.001,0.006,0.071,0.001,0.001,0.001,0.021,0.001,0.001,0.001,0.001,0.001,0.001,0.001,0.122,0.638,-0.237,0.722,0.398,0.525,0.397,0.215,1.005,0.957,0.512,0.079,0.283,0.619,0.593,0.346,0.211,0.651,0.429,0.379,0.136,0.336,0.805,0.687,0.198,0.032,0.237,0.508,0.737,0.14,0.136,0.15,0.203,0.104,0.002,0.037,0.481,0.626,0.346,0.772,0.007,0.579,0.712,0.922,0.811,0.327,0.282,0.004,0.029,0.486,17.945
00:20.9,2169,0.287,0.552,0.504,0.598,0.463,0.437,-0.565,-0.524,-0.139,-0.209,-0.753,-0.608,-0.656,-0.657,0.355,0.11,-0.505,-0.461,-0.354,-0.638,0.536,0.672,-0.288,0.421,0.001,0.001,0.001,0.001,0.128,0.001,0.023,0.001,0.001,0.039,0.001,0.016,0.001,0.001,0.033,0.001,0.001,0.001,0.001,0.029,0.001,0.001,0.001,0.001,0.085,0.001,0.001,0.001,0.001,0.001,0.001,0.001,0.006,0.071,0.001,0.001,0.001,0.021,0.001,0.001,0.001,0.001,0.001,0.001,0.001,0.122,0.638,-0.237,0.722,0.398,0.525,0.397,0.215,1.005,0.957,0.512,0.079,0.283,0.619,0.593,0.346,0.211,0.651,0.429,0.379,0.136,0.336,0.805,0.687,0.198,0.032,0.237,0.508,0.737,0.14,0.136,0.15,0.203,0.104,0.002,0.037,0.481,0.626,0.346,0.772,0.007,0.579,0.712,0.922,0.811,0.327,0.282,0.004,0.029,0.486,17.945
00:20.9,2170,0.284,0.552,0.505,0.599,0.467,0.433,-0.569,-0.52,-0.138,-0.211,-0.753,-0.608,-0.657,-0.656,0.356,0.107,-0.504,-0.461,-0.354,-0.639,0.536,0.672,-0.288,0.421,0.001,0.001,0.001,0.001,0.128,0.001,0.023,0.001,0.001,0.039,0.001,0.016,0.001,0.001,0.033,0.001,0.001,0.001,0.001,0.029,0.001,0.001,0.001,0.001,0.085,0.001,0.001,0.001,0.001,0.001,0.001,0.001,0.006,0.071,0.001,0.001,0.001,0.021,0.001,0.001,0.001,0.001,0.001,0.001,0.001,0.122,0.638,-0.237,0.722,0.398,0.525,0.397,0.215,1.005,0.957,0.512,0.079,0.283,0.619,0.593,0.346,0.211,0.651,0.429,0.379,0.136,0.336,0.805,0.687,0.198,0.032,0.237,0.508,0.737,0.14,0.136,0.15,0.203,0.104,0.002,0.037,0.481,0.626,0.346,0.772,0.007,0.579,0.712,0.922,0.811,0.327,0.282,0.004,0.029,0.486,17.945
00:21.0,2171,0.282,0.551,0.506,0.6,0.471,0.43,-0.572,-0.516,-0.136,-0.212,-0.753,-0.608,-0.657,-0.655,0.358,0.105,-0.503,-0.461,-0.353,-0.64,0.536,0.672,-0.288,0.421,0.001,0.001,0.001,0.001,0.128,0.001,0.023,0.001,0.001,0.039,0.001,0.016,0.001,0.001,0.033,0.001,0.001,0.001,0.001,0.029,0.001,0.001,0.001,0.001,0.085,0.001,0.001,0.001,0.001,0.001,0.001,0.001,0.006,0.071,0.001,0.001,0.001,0.021,0.001,0.001,0.001,0.001,0.001,0.001,0.001,0.122,0.638,-0.237,0.722,0.398,0.525,0.397,0.215,1.005,0.957,0.512,0.079,0.283,0.619,0.593,0.346,0.211,0.651,0.429,0.379,0.136,0.336,0.805,0.687,0.198,0.032,0.237,0.508,0.737,0.14,0.136,0.15,0.203,0.104,0.002,0.037,0.481,0.626,0.346,0.772,0.007,0.579,0.712,0.922,0.811,0.327,0.282,0.004,0.029,0.486,17.945
00:21.0,2172,0.279,0.55,0.508,0.601,0.474,0.427,-0.575,-0.513,-0.134,-0.213,-0.753,-0.608,-0.657,-0.655,0.36,0.102,-0.501,-0.461,-0.353,-0.641,0.536,0.672,-0.288,0.421,0.001,0.001,0.001,0.001,0.128,0.001,0.023,0.001,0.001,0.039,0.001,0.016,0.001,0.001,0.033,0.001,0.001,0.001,0.001,0.029,0.001,0.001,0.001,0.001,0.085,0.001,0.001,0.001,0.001,0.001,0.001,0.001,0.006,0.071,0.001,0.001,0.001,0.021,0.001,0.001,0.001,0.001,0.001,0.001,0.001,0.122,0.638,-0.237,0.722,0.398,0.525,0.397,0.215,1.005,0.957,0.512,0.079,0.283,0.619,0.593,0.346,0.211,0.651,0.429,0.379,0.136,0.336,0.805,0.687,0.198,0.032,0.237,0.508,0.737,0.14,0.136,0.15,0.203,0.104,0.002,0.037,0.481,0.626,0.346,0.772,0.007,0.579,0.712,0.922,0.811,0.327,0.282,0.004,0.029,0.486,17.945
00:21.0,2173,0.276,0.549,0.509,0.603,0.478,0.424,-0.577,-0.509,-0.132,-0.215,-0.753,-0.608,-0.657,-0.654,0.362,0.1,-0.5,-0.461,-0.354,-0.642,0.678,0.558,-0.335,0.341,0.001,0.001,0.001,0.001,0.128,0.001,0.022,0.001,0.001,0.039,0.001,0.016,0.001,0.001,0.033,0.001,0.001,0.001,0.001,0.033,0.001,0.001,0.001,0.001,0.084,0.001,0.001,0.001,0.001,0.001,0.001,0.001,0.006,0.068,0.001,0.001,0.001,0.02,0.001,0.001,0.001,0.001,0.001,0.001,0.001,0.122,0.638,-0.237,0.722,0.398,0.525,0.397,0.215,1.005,0.957,0.512,0.079,0.283,0.619,0.593,0.346,0.211,0.651,0.429,0.379,0.136,0.336,0.805,0.687,0.198,0.032,0.237,0.508,0.737,0.14,0.136,0.15,0.203,0.104,0.002,0.037,0.481,0.626,0.346,0.772,0.007,0.579,0.712,0.922,0.811,0.327,0.282,0.004,0.029,0.484,17.945
00:21.0,2174,0.273,0.547,0.511,0.604,0.483,0.421,-0.578,-0.505,-0.129,-0.216,-0.752,-0.609,-0.657,-0.653,0.363,0.096,-0.498,-0.461,-0.354,-0.643,0.691,0.544,-0.343,0.331,0.001,0.001,0.001,0.001,0.143,0.001,0.026,0.001,0.001,0.05,0.001,0.028,0.001,0.001,0.034,0.001,0.001,0.001,0.009,0.032,0.001,0.001,0.001,0.001,0.081,0.001,0.001,0.001,0.001,0.001,0.001,0.001,0.012,0.062,0.001,0.001,0.001,0.021,0.001,0.001,0.001,0.001,0.001,0.001,0.001,0.122,0.638,-0.237,0.722,0.398,0.525,0.397,0.215,1.005,0.957,0.512,0.079,0.283,0.619,0.593,0.346,0.211,0.651,0.429,0.379,0.136,0.336,0.805,0.687,0.198,0.032,0.237,0.508,0.737,0.14,0.136,0.15,0.203,0.104,0.002,0.037,0.481,0.626,0.346,0.772,0.007,0.579,0.712,0.922,0.811,0.327,0.282,0.004,0.029,0.532,17.945
00:21.0,2175,0.271,0.545,0.512,0.606,0.488,0.42,-0.579,-0.501,-0.127,-0.216,-0.752,-0.609,-0.657,-0.652,0.365,0.093,-0.497,-0.46,-0.355,-0.644,0.706,0.524,-0.353,0.319,0.001,0.001,0.001,0.001,0.148,0.001,0.024,0.001,0.001,0.054,0.001,0.033,0.001,0.001,0.034,0.001,0.001,0.001,0.01,0.037,0.001,0.001,0.001,0.001,0.082,0.001,0.001,0.001,0.001,0.001,0.001,0.001,0.015,0.062,0.001,0.001,0.001,0.027,0.001,0.001,0,0.001,0.001,0.001,0.001,0.142,0.622,-0.249,0.728,0.33,0.518,0.374,0.182,0.966,0.943,0.504,0.081,0.217,0.587,0.573,0.328,0.206,0.654,0.427,0.38,0.147,0.286,0.783,0.685,0.164,0.027,0.241,0.505,0.736,0.144,0.143,0.134,0.164,0.099,0.002,0.037,0.484,0.626,0.371,0.784,0.009,0.585,0.717,0.955,0.822,0.337,0.286,0.004,0.033,0.559,17.58
00:21.0,2176,0.27,0.544,0.513,0.607,0.494,0.419,-0.579,-0.496,-0.124,-0.216,-0.752,-0.61,-0.658,-0.652,0.367,0.091,-0.496,-0.46,-0.355,-0.646,0.706,0.524,-0.353,0.319,0.001,0.001,0.001,0.001,0.148,0.001,0.024,0.001,0.001,0.054,0.001,0.033,0.001,0.001,0.034,0.001,0.001,0.001,0.01,0.037,0.001,0.001,0.001,0.001,0.082,0.001,0.001,0.001,0.001,0.001,0.001,0.001,0.015,0.062,0.001,0.001,0.001,0.027,0.001,0.001,0,0.001,0.001,0.001,0.001,0.141,0.621,-0.249,0.73,0.011,0.22,0.01,0,0.531,0.768,0.337,0.079,0,0.269,0.298,0.001,0.011,0.498,0.354,0.364,0.154,0.001,0.46,0.238,0,0,0.148,0.485,0.701,0.227,0.189,0.002,0.001,0.001,0,0.057,0.525,0.634,0.563,0.877,0.007,0.702,0.789,1.248,1.046,0.488,0.335,0.011,0.043,0.559,13.683
00:21.0,2177,0.268,0.543,0.513,0.608,0.5,0.419,-0.577,-0.491,-0.121,-0.216,-0.752,-0.611,-0.659,-0.65,0.368,0.089,-0.494,-0.459,-0.355,-0.647,0.706,0.524,-0.353,0.319,0.001,0.001,0.001,0.001,0.148,0.001,0.024,0.001,0.001,0.054,0.001,0.033,0.001,0.001,0.034,0.001,0.001,0.001,0.01,0.037,0.001,0.001,0.001,0.001,0.082,0.001,0.001,0.001,0.001,0.001,0.001,0.001,0.015,0.062,0.001,0.001,0.001,0.027,0.001,0.001,0,0.001,0.001,0.001,0.001,0.141,0.621,-0.249,0.73,0.011,0.22,0.01,0,0.531,0.768,0.337,0.079,0,0.269,0.298,0.001,0.011,0.498,0.354,0.364,0.154,0.001,0.46,0.238,0,0,0.148,0.485,0.701,0.227,0.189,0.002,0.001,0.001,0,0.057,0.525,0.634,0.563,0.877,0.007,0.702,0.789,1.248,1.046,0.488,0.335,0.011,0.043,0.559,13.683
00:21.0,2178,0.267,0.544,0.513,0.608,0.506,0.421,-0.575,-0.486,-0.118,-0.214,-0.752,-0.612,-0.66,-0.649,0.369,0.087,-0.493,-0.458,-0.355,-0.649,0.706,0.524,-0.353,0.319,0.001,0.001,0.001,0.001,0.148,0.001,0.024,0.001,0.001,0.054,0.001,0.033,0.001,0.001,0.034,0.001,0.001,0.001,0.01,0.037,0.001,0.001,0.001,0.001,0.082,0.001,0.001,0.001,0.001,0.001,0.001,0.001,0.015,0.062,0.001,0.001,0.001,0.027,0.001,0.001,0,0.001,0.001,0.001,0.001,0.141,0.621,-0.249,0.73,0.011,0.22,0.01,0,0.531,0.768,0.337,0.079,0,0.269,0.298,0.001,0.011,0.498,0.354,0.364,0.154,0.001,0.46,0.238,0,0,0.148,0.485,0.701,0.227,0.189,0.002,0.001,0.001,0,0.057,0.525,0.634,0.563,0.877,0.007,0.702,0.789,1.248,1.046,0.488,0.335,0.011,0.043,0.559,13.683
00:21.0,2179,0.265,0.544,0.513,0.608,0.51,0.425,-0.571,-0.483,-0.116,-0.213,-0.752,-0.612,-0.661,-0.647,0.37,0.086,-0.492,-0.457,-0.355,-0.65,0.706,0.524,-0.353,0.319,0.001,0.001,0.001,0.001,0.148,0.001,0.024,0.001,0.001,0.054,0.001,0.033,0.001,0.001,0.034,0.001,0.001,0.001,0.01,0.037,0.001,0.001,0.001,0.001,0.082,0.001,0.001,0.001,0.001,0.001,0.001,0.001,0.015,0.062,0.001,0.001,0.001,0.027,0.001,0.001,0,0.001,0.001,0.001,0.001,0.141,0.621,-0.249,0.73,0.011,0.22,0.01,0,0.531,0.768,0.337,0.079,0,0.269,0.298,0.001,0.011,0.498,0.354,0.364,0.154,0.001,0.46,0.238,0,0,0.148,0.485,0.701,0.227,0.189,0.002,0.001,0.001,0,0.057,0.525,0.634,0.563,0.877,0.007,0.702,0.789,1.248,1.046,0.488,0.335,0.011,0.043,0.559,13.683
00:21.0,2180,0.263,0.545,0.513,0.608,0.512,0.431,-0.566,-0.481,-0.114,-0.211,-0.752,-0.613,-0.663,-0.644,0.372,0.084,-0.49,-0.456,-0.355,-0.652,0.706,0.524,-0.353,0.319,0.001,0.001,0.001,0.001,0.148,0.001,0.024,0.001,0.001,0.054,0.001,0.033,0.001,0.001,0.034,0.001,0.001,0.001,0.01,0.037,0.001,0.001,0.001,0.001,0.082,0.001,0.001,0.001,0.001,0.001,0.001,0.001,0.015,0.062,0.001,0.001,0.001,0.027,0.001,0.001,0,0.001,0.001,0.001,0.001,0.141,0.621,-0.249,0.73,0.011,0.22,0.01,0,0.531,0.768,0.337,0.079,0,0.269,0.298,0.001,0.011,0.498,0.354,0.364,0.154,0.001,0.46,0.238,0,0,0.148,0.485,0.701,0.227,0.189,0.002,0.001,0.001,0,0.057,0.525,0.634,0.563,0.877,0.007,0.702,0.789,1.248,1.046,0.488,0.335,0.011,0.043,0.559,13.683
00:21.1,2181,0.261,0.546,0.514,0.608,0.512,0.438,-0.56,-0.482,-0.114,-0.209,-0.752,-0.614,-0.665,-0.641,0.373,0.082,-0.489,-0.455,-0.355,-0.654,0.706,0.524,-0.353,0.319,0.001,0.001,0.001,0.001,0.148,0.001,0.024,0.001,0.001,0.054,0.001,0.033,0.001,0.001,0.034,0.001,0.001,0.001,0.01,0.037,0.001,0.001,0.001,0.001,0.082,0.001,0.001,0.001,0.001,0.001,0.001,0.001,0.015,0.062,0.001,0.001,0.001,0.027,0.001,0.001,0,0.001,0.001,0.001,0.001,0.141,0.621,-0.249,0.73,0.011,0.22,0.01,0,0.531,0.768,0.337,0.079,0,0.269,0.298,0.001,0.011,0.498,0.354,0.364,0.154,0.001,0.46,0.238,0,0,0.148,0.485,0.701,0.227,0.189,0.002,0.001,0.001,0,0.057,0.525,0.634,0.563,0.877,0.007,0.702,0.789,1.248,1.046,0.488,0.335,0.011,0.043,0.559,13.683
00:21.1,2182,0.258,0.548,0.514,0.607,0.508,0.447,-0.555,-0.484,-0.115,-0.207,-0.752,-0.615,-0.667,-0.638,0.375,0.08,-0.488,-0.454,-0.355,-0.655,0.753,0.408,-0.431,0.284,0.001,0.001,0.001,0.001,0.148,0.001,0.027,0.001,0.001,0.053,0.001,0.033,0.001,0.001,0.035,0.001,0.001,0.001,0.01,0.038,0.001,0.001,0.001,0.001,0.081,0.001,0.001,0.001,0.001,0.001,0.001,0.001,0.017,0.061,0.001,0.001,0.001,0.023,0.001,0.001,0.001,0.001,0.001,0.001,0.001,0.141,0.621,-0.249,0.73,0.011,0.22,0.01,0,0.531,0.768,0.337,0.079,0,0.269,0.298,0.001,0.011,0.498,0.354,0.364,0.154,0.001,0.46,0.238,0,0,0.148,0.485,0.701,0.227,0.189,0.002,0.001,0.001,0,0.057,0.525,0.634,0.563,0.877,0.007,0.702,0.789,1.248,1.046,0.488,0.335,0.011,0.043,0.56,13.683
00:21.1,2183,0.255,0.549,0.516,0.606,0.503,0.456,-0.549,-0.487,-0.116,-0.206,-0.752,-0.615,-0.669,-0.636,0.377,0.078,-0.487,-0.453,-0.355,-0.657,0.754,0.388,-0.448,0.284,0.525,0.253,0.001,0.001,0.143,0.001,0.021,0.001,0.352,0.471,0.159,0.005,0.001,0.001,0.043,0.001,0.001,0.038,0.341,0.05,0.001,0.001,0.009,0.004,0.087,0.001,0.001,0.009,0.001,0.001,0.001,0.001,0.005,0.051,0.001,0.001,0.001,0.048,0.001,0.001,0.001,0.007,0.001,0.001,0.001,0.105,0.615,-0.23,0.746,0.011,0.22,0.01,0,0.531,0.768,0.337,0.079,0,0.269,0.298,0.001,0.011,0.498,0.354,0.364,0.154,0.001,0.46,0.238,0,0,0.148,0.485,0.701,0.227,0.189,0.002,0.001,0.001,0,0.057,0.525,0.634,0.563,0.877,0.007,0.702,0.789,1.248,1.046,0.488,0.335,0.011,0.043,2.646,13.683
00:21.1,2184,0.252,0.55,0.517,0.605,0.497,0.466,-0.544,-0.49,-0.117,-0.204,-0.752,-0.615,-0.671,-0.633,0.378,0.075,-0.487,-0.451,-0.356,-0.658,0.756,0.367,-0.465,0.277,0.697,0.438,0.001,0.001,0.145,0.001,0.02,0.001,0.674,0.595,0.195,0.01,0.001,0.001,0.035,0.001,0.001,0.32,0.426,0.082,0.001,0.001,0.01,0.004,0.078,0.001,0.001,0.02,0.001,0.001,0.001,0.001,0.016,0.051,0.001,0.001,0.001,0.053,0.001,0.001,0.001,0.02,0.001,0.001,0.001,0.098,0.616,-0.228,0.747,0.001,0.134,0,0,0.098,0.349,0.239,0.065,0,0.292,0.162,0,0,0.033,0.254,0.336,0.186,0,0.429,0.154,0,0.001,0.01,0.416,0.667,0.258,0.21,0.002,0.001,0,0.001,0,0.527,0.645,0.67,0.877,0,0.823,0.849,1.267,1.139,0.585,0.364,0.016,0.073,3.914,12.133
00:21.1,2185,0.249,0.551,0.519,0.604,0.489,0.475,-0.54,-0.494,-0.119,-0.203,-0.752,-0.615,-0.673,-0.631,0.38,0.072,-0.486,-0.449,-0.356,-0.659,0.755,0.354,-0.479,0.275,0.803,0.614,0.001,0.001,0.203,0.001,0.022,0.001,0.789,0.678,0.283,0.018,0.001,0.001,0.045,0.001,0.001,0.491,0.488,0.133,0.001,0.001,0.002,0.017,0.104,0.001,0.001,0.093,0.02,0.001,0.001,0.001,0.031,0.06,0.001,0.001,0.001,0.067,0.001,0.001,0.001,0.029,0.001,0.001,0.001,0.09,0.617,-0.226,0.748,0,0.118,0.001,0.001,0.06,0.299,0.214,0.063,0,0.278,0.156,0.001,0.001,0.022,0.222,0.327,0.186,0,0.416,0.107,0.001,0,0.001,0.392,0.656,0.254,0.2,0.002,0.001,0.001,0.001,0.001,0.53,0.648,0.678,0.861,0.001,0.85,0.863,1.266,1.154,0.613,0.369,0.016,0.072,5.014,11.903
00:21.1,2186,0.247,0.55,0.522,0.603,0.479,0.482,-0.538,-0.499,-0.121,-0.202,-0.752,-0.615,-0.674,-0.628,0.381,0.07,-0.486,-0.448,-0.357,-0.66,0.743,0.363,-0.479,0.294,0.806,0.673,0.017,0.001,0.209,0.001,0.024,0.001,0.835,0.725,0.379,0.004,0.001,0.01,0.057,0.001,0.001,0.574,0.534,0.225,0.001,0.001,0.001,0.033,0.117,0.001,0.001,0.182,0.045,0.001,0.001,0.001,0.023,0.071,0.001,0.001,0.001,0.077,0.006,0.001,0.001,0.029,0.001,0.001,0.001,0.09,0.617,-0.226,0.748,0,0.118,0.001,0.001,0.06,0.299,0.214,0.063,0,0.278,0.156,0.001,0.001,0.022,0.222,0.327,0.186,0,0.416,0.107,0.001,0,0.001,0.392,0.656,0.254,0.2,0.002,0.001,0.001,0.001,0.001,0.53,0.648,0.678,0.861,0.001,0.85,0.863,1.266,1.154,0.613,0.369,0.016,0.072,5.677,11.903
00:21.1,2187,0.247,0.549,0.524,0.603,0.471,0.483,-0.539,-0.504,-0.123,-0.201,-0.753,-0.614,-0.676,-0.626,0.383,0.067,-0.486,-0.446,-0.357,-0.661,0.722,0.374,-0.481,0.327,0.814,0.669,0.089,0.001,0.281,0.001,0.04,0.001,0.84,0.783,0.458,0.001,0.001,0.018,0.076,0.001,0.001,0.6,0.596,0.335,0.001,0.001,0.001,0.037,0.136,0.001,0.001,0.295,0.045,0.001,0.001,0.001,0.026,0.07,0.001,0.001,0.001,0.059,0.013,0.001,0.001,0.024,0.001,0.001,0.001,0.09,0.617,-0.226,0.748,0,0.118,0.001,0.001,0.06,0.299,0.214,0.063,0,0.278,0.156,0.001,0.001,0.022,0.222,0.327,0.186,0,0.416,0.107,0.001,0,0.001,0.392,0.656,0.254,0.2,0.002,0.001,0.001,0.001,0.001,0.53,0.648,0.678,0.861,0.001,0.85,0.863,1.266,1.154,0.613,0.369,0.016,0.072,6.327,11.903
00:21.1,2188,0.248,0.546,0.526,0.603,0.467,0.479,-0.541,-0.51,-0.126,-0.2,-0.754,-0.613,-0.678,-0.624,0.384,0.064,-0.485,-0.445,-0.358,-0.662,0.703,0.386,-0.48,0.355,0.834,0.667,0.168,0.001,0.335,0.001,0.059,0.001,0.845,0.791,0.518,0.001,0.001,0.022,0.109,0.001,0.001,0.615,0.646,0.398,0.001,0.001,0.001,0.04,0.153,0.001,0.001,0.366,0.044,0.001,0.001,0.001,0.029,0.07,0.001,0.001,0.001,0.05,0.007,0.001,0.001,0.023,0.001,0.001,0.001,0.09,0.617,-0.226,0.748,0,0.118,0.001,0.001,0.06,0.299,0.214,0.063,0,0.278,0.156,0.001,0.001,0.022,0.222,0.327,0.186,0,0.416,0.107,0.001,0,0.001,0.392,0.656,0.254,0.2,0.002,0.001,0.001,0.001,0.001,0.53,0.648,0.678,0.861,0.001,0.85,0.863,1.266,1.154,0.613,0.369,0.016,0.072,6.812,11.903
00:21.1,2189,0.252,0.543,0.528,0.602,0.466,0.476,-0.541,-0.514,-0.129,-0.198,-0.755,-0.612,-0.68,-0.622,0.385,0.062,-0.485,-0.444,-0.359,-0.662,0.703,0.386,-0.48,0.355,0.834,0.667,0.168,0.001,0.335,0.001,0.059,0.001,0.845,0.791,0.518,0.001,0.001,0.022,0.109,0.001,0.001,0.615,0.646,0.398,0.001,0.001,0.001,0.04,0.153,0.001,0.001,0.366,0.044,0.001,0.001,0.001,0.029,0.07,0.001,0.001,0.001,0.05,0.007,0.001,0.001,0.023,0.001,0.001,0.001,0.09,0.617,-0.226,0.748,0,0.118,0.001,0.001,0.06,0.299,0.214,0.063,0,0.278,0.156,0.001,0.001,0.022,0.222,0.327,0.186,0,0.416,0.107,0.001,0,0.001,0.392,0.656,0.254,0.2,0.002,0.001,0.001,0.001,0.001,0.53,0.648,0.678,0.861,0.001,0.85,0.863,1.266,1.154,0.613,0.369,0.016,0.072,6.812,11.903
00:21.1,2190,0.257,0.542,0.528,0.6,0.468,0.475,-0.538,-0.516,-0.132,-0.196,-0.756,-0.611,-0.681,-0.619,0.385,0.059,-0.485,-0.445,-0.361,-0.661,0.703,0.386,-0.48,0.355,0.834,0.667,0.168,0.001,0.335,0.001,0.059,0.001,0.845,0.791,0.518,0.001,0.001,0.022,0.109,0.001,0.001,0.615,0.646,0.398,0.001,0.001,0.001,0.04,0.153,0.001,0.001,0.366,0.044,0.001,0.001,0.001,0.029,0.07,0.001,0.001,0.001,0.05,0.007,0.001,0.001,0.023,0.001,0.001,0.001,0.09,0.617,-0.226,0.748,0,0.118,0.001,0.001,0.06,0.299,0.214,0.063,0,0.278,0.156,0.001,0.001,0.022,0.222,0.327,0.186,0,0.416,0.107,0.001,0,0.001,0.392,0.656,0.254,0.2,0.002,0.001,0.001,0.001,0.001,0.53,0.648,0.678,0.861,0.001,0.85,0.863,1.266,1.154,0.613,0.369,0.016,0.072,6.812,11.903
00:21.2,2191,0.261,0.543,0.528,0.599,0.471,0.477,-0.532,-0.517,-0.135,-0.193,-0.756,-0.61,-0.683,-0.617,0.386,0.055,-0.485,-0.445,-0.362,-0.66,0.703,0.386,-0.48,0.355,0.834,0.667,0.168,0.001,0.335,0.001,0.059,0.001,0.845,0.791,0.518,0.001,0.001,0.022,0.109,0.001,0.001,0.615,0.646,0.398,0.001,0.001,0.001,0.04,0.153,0.001,0.001,0.366,0.044,0.001,0.001,0.001,0.029,0.07,0.001,0.001,0.001,0.05,0.007,0.001,0.001,0.023,0.001,0.001,0.001,0.09,0.617,-0.226,0.748,0,0.118,0.001,0.001,0.06,0.299,0.214,0.063,0,0.278,0.156,0.001,0.001,0.022,0.222,0.327,0.186,0,0.416,0.107,0.001,0,0.001,0.392,0.656,0.254,0.2,0.002,0.001,0.001,0.001,0.001,0.53,0.648,0.678,0.861,0.001,0.85,0.863,1.266,1.154,0.613,0.369,0.016,0.072,6.812,11.903
00:21.2,2192,0.26,0.546,0.526,0.598,0.475,0.481,-0.525,-0.517,-0.138,-0.191,-0.756,-0.61,-0.686,-0.615,0.386,0.05,-0.486,-0.444,-0.363,-0.659,0.703,0.386,-0.48,0.355,0.834,0.667,0.168,0.001,0.335,0.001,0.059,0.001,0.845,0.791,0.518,0.001,0.001,0.022,0.109,0.001,0.001,0.615,0.646,0.398,0.001,0.001,0.001,0.04,0.153,0.001,0.001,0.366,0.044,0.001,0.001,0.001,0.029,0.07,0.001,0.001,0.001,0.05,0.007,0.001,0.001,0.023,0.001,0.001,0.001,0.049,0.619,-0.242,0.745,0,0.117,0,0.001,0.053,0.3,0.21,0.06,0,0.274,0.156,0,0,0.017,0.21,0.331,0.187,0,0.399,0.095,0.001,0,0.001,0.381,0.654,0.254,0.199,0.002,0.001,0.001,0,0,0.532,0.648,0.683,0.858,0.001,0.858,0.866,1.271,1.159,0.621,0.37,0.016,0.07,6.812,11.857
00:21.2,2193,0.253,0.548,0.524,0.601,0.481,0.487,-0.516,-0.515,-0.141,-0.187,-0.756,-0.611,-0.689,-0.612,0.387,0.043,-0.487,-0.444,-0.364,-0.658,0.703,0.386,-0.48,0.355,0.834,0.667,0.168,0.001,0.335,0.001,0.059,0.001,0.845,0.791,0.518,0.001,0.001,0.022,0.109,0.001,0.001,0.615,0.646,0.398,0.001,0.001,0.001,0.04,0.153,0.001,0.001,0.366,0.044,0.001,0.001,0.001,0.029,0.07,0.001,0.001,0.001,0.05,0.007,0.001,0.001,0.023,0.001,0.001,0.001,0.051,0.614,-0.257,0.744,0,0.018,0.001,0.007,0.001,0.071,0.017,0.001,0,0.151,0.049,0.001,0,0.001,0.15,0.187,0.164,0,0.162,0.001,0,0,0.001,0.117,0.499,0.148,0.139,0,0.001,0.001,0.001,0.001,0.35,0.691,0.722,0.828,0,1.001,1.028,1.276,1.093,0.875,0.475,0.015,0.013,6.812,10.257
00:21.2,2194,0.243,0.547,0.523,0.606,0.488,0.494,-0.508,-0.51,-0.144,-0.184,-0.756,-0.612,-0.692,-0.609,0.386,0.035,-0.49,-0.444,-0.364,-0.656,0.703,0.386,-0.48,0.355,0.834,0.667,0.168,0.001,0.335,0.001,0.059,0.001,0.845,0.791,0.518,0.001,0.001,0.022,0.109,0.001,0.001,0.615,0.646,0.398,0.001,0.001,0.001,0.04,0.153,0.001,0.001,0.366,0.044,0.001,0.001,0.001,0.029,0.07,0.001,0.001,0.001,0.05,0.007,0.001,0.001,0.023,0.001,0.001,0.001,0.055,0.604,-0.282,0.743,0,0.013,0,0.005,0,0.063,0.013,0.001,0,0.121,0.024,0,0.001,0.001,0.142,0.159,0.159,0,0.133,0,0,0,0.001,0.111,0.466,0.128,0.129,0.001,0,0,0,0.001,0.349,0.683,0.711,0.822,0.006,0.98,1.05,1.263,1.046,0.899,0.495,0.013,0.012,6.812,10.001
00:21.2,2195,0.233,0.543,0.524,0.613,0.493,0.503,-0.499,-0.504,-0.146,-0.179,-0.755,-0.613,-0.695,-0.606,0.385,0.025,-0.492,-0.443,-0.363,-0.655,0.604,0.448,-0.436,0.494,0.852,0.669,0.197,0.001,0.355,0.001,0.063,0.001,0.844,0.797,0.547,0.001,0.001,0.024,0.122,0.001,0.001,0.611,0.651,0.403,0.001,0.001,0.001,0.042,0.148,0.001,0.001,0.379,0.043,0.001,0.001,0.001,0.033,0.066,0.001,0,0.001,0.063,0.007,0.001,0.001,0.023,0.001,0.001,0.001,0.057,0.595,-0.302,0.742,0,0,0,0.01,0,0.055,0.012,0.002,0,0.094,0,0.001,0,0,0.145,0.12,0.154,0,0.089,0.009,0,0.001,0,0.114,0.44,0.12,0.127,0,0,0,0,0.02,0.355,0.678,0.669,0.794,0.016,0.951,1.056,1.22,0.98,0.866,0.51,0.011,0.01,6.961,9.629
00:21.2,2196,0.227,0.537,0.525,0.619,0.495,0.516,-0.491,-0.497,-0.148,-0.173,-0.754,-0.616,-0.699,-0.604,0.382,0.011,-0.494,-0.443,-0.362,-0.655,0.6,0.442,-0.442,0.5,0.977,0.814,0.904,0.58,0.926,0.712,0.459,0.001,0.758,0.838,0.8,0.15,0.015,0.302,0.574,0.004,0.001,0.411,0.736,0.581,0.002,0.002,0.029,0.418,0.166,0.001,0.001,0.286,0.081,0.001,0.001,0.002,0.154,0.094,0.001,0.001,0.001,0.079,0.049,0.001,0.001,0.001,0.001,0.001,0.001,0.06,0.578,-0.332,0.743,0.001,0.001,0.001,0.009,0,0.065,0.012,0.001,0,0.065,0,0,0.001,0,0.145,0.092,0.162,0,0.053,0.015,0.001,0,0,0.112,0.407,0.121,0.115,0,0.001,0,0,0.001,0.364,0.665,0.617,0.767,0.029,0.944,1.054,1.165,0.924,0.827,0.505,0.009,0.007,11.918,9.258
00:21.2,2197,0.229,0.529,0.531,0.621,0.493,0.531,-0.485,-0.489,-0.149,-0.166,-0.752,-0.62,-0.703,-0.602,0.378,-0.006,-0.495,-0.443,-0.362,-0.655,0.6,0.442,-0.442,0.5,0.977,0.814,0.904,0.58,0.926,0.712,0.459,0.001,0.758,0.838,0.8,0.15,0.015,0.302,0.574,0.004,0.001,0.411,0.736,0.581,0.002,0.002,0.029,0.418,0.166,0.001,0.001,0.286,0.081,0.001,0.001,0.002,0.154,0.094,0.001,0.001,0.001,0.079,0.049,0.001,0.001,0.001,0.001,0.001,0.001,0.061,0.563,-0.357,0.743,0,0.001,0,0.007,0,0.068,0.016,0.001,0,0.049,0,0.001,0,0,0.147,0.057,0.156,0.001,0.038,0.016,0,0,0.001,0.126,0.355,0.109,0.1,0.001,0.001,0,0,0.001,0.393,0.591,0.593,0.707,0.038,0.877,1.085,1.093,0.896,0.783,0.499,0.005,0.005,11.918,8.817
00:21.2,2198,0.237,0.519,0.539,0.619,0.488,0.545,-0.48,-0.484,-0.15,-0.157,-0.75,-0.625,-0.708,-0.601,0.37,-0.024,-0.494,-0.443,-0.361,-0.654,0.6,0.442,-0.442,0.5,0.977,0.814,0.904,0.58,0.926,0.712,0.459,0.001,0.758,0.838,0.8,0.15,0.015,0.302,0.574,0.004,0.001,0.411,0.736,0.581,0.002,0.002,0.029,0.418,0.166,0.001,0.001,0.286,0.081,0.001,0.001,0.002,0.154,0.094,0.001,0.001,0.001,0.079,0.049,0.001,0.001,0.001,0.001,0.001,0.001,0.063,0.539,-0.388,0.744,0,0.001,0.001,0.001,0.001,0.07,0.021,0.001,0,0.039,0.001,0,0,0,0.138,0.026,0.179,0,0.016,0.023,0,0.001,0,0.126,0.343,0.07,0.094,0,0,0,0.001,0.006,0.403,0.546,0.491,0.709,0.04,0.852,0.982,1.042,0.93,0.697,0.393,0.002,0.002,11.918,8.248
00:21.2,2199,0.248,0.51,0.546,0.616,0.48,0.558,-0.475,-0.482,-0.152,-0.147,-0.748,-0.629,-0.712,-0.601,0.36,-0.041,-0.492,-0.445,-0.362,-0.654,0.6,0.442,-0.442,0.5,0.977,0.814,0.904,0.58,0.926,0.712,0.459,0.001,0.758,0.838,0.8,0.15,0.015,0.302,0.574,0.004,0.001,0.411,0.736,0.581,0.002,0.002,0.029,0.418,0.166,0.001,0.001,0.286,0.081,0.001,0.001,0.002,0.154,0.094,0.001,0.001,0.001,0.079,0.049,0.001,0.001,0.001,0.001,0.001,0.001,0.063,0.539,-0.388,0.744,0,0.001,0.001,0.001,0.001,0.07,0.021,0.001,0,0.039,0.001,0,0,0,0.138,0.026,0.179,0,0.016,0.023,0,0.001,0,0.126,0.343,0.07,0.094,0,0,0,0.001,0.006,0.403,0.546,0.491,0.709,0.04,0.852,0.982,1.042,0.93,0.697,0.393,0.002,0.002,11.918,8.248
00:21.2,2200,0.258,0.503,0.553,0.612,0.469,0.567,-0.471,-0.486,-0.155,-0.136,-0.747,-0.632,-0.715,-0.602,0.351,-0.053,-0.488,-0.448,-0.365,-0.654,0.6,0.442,-0.442,0.5,0.977,0.814,0.904,0.58,0.926,0.712,0.459,0.001,0.758,0.838,0.8,0.15,0.015,0.302,0.574,0.004,0.001,0.411,0.736,0.581,0.002,0.002,0.029,0.418,0.166,0.001,0.001,0.286,0.081,0.001,0.001,0.002,0.154,0.094,0.001,0.001,0.001,0.079,0.049,0.001,0.001,0.001,0.001,0.001,0.001,0.063,0.539,-0.388,0.744,0,0.001,0.001,0.001,0.001,0.07,0.021,0.001,0,0.039,0.001,0,0,0,0.138,0.026,0.179,0,0.016,0.023,0,0.001,0,0.126,0.343,0.07,0.094,0,0,0,0.001,0.006,0.403,0.546,0.491,0.709,0.04,0.852,0.982,1.042,0.93,0.697,0.393,0.002,0.002,11.918,8.248
00:21.3,2201,0.266,0.497,0.557,0.609,0.455,0.574,-0.469,-0.494,-0.158,-0.125,-0.746,-0.634,-0.718,-0.603,0.342,-0.06,-0.482,-0.45,-0.369,-0.654,0.6,0.442,-0.442,0.5,0.977,0.814,0.904,0.58,0.926,0.712,0.459,0.001,0.758,0.838,0.8,0.15,0.015,0.302,0.574,0.004,0.001,0.411,0.736,0.581,0.002,0.002,0.029,0.418,0.166,0.001,0.001,0.286,0.081,0.001,0.001,0.002,0.154,0.094,0.001,0.001,0.001,0.079,0.049,0.001,0.001,0.001,0.001,0.001,0.001,0.063,0.539,-0.388,0.744,0,0.001,0.001,0.001,0.001,0.07,0.021,0.001,0,0.039,0.001,0,0,0,0.138,0.026,0.179,0,0.016,0.023,0,0.001,0,0.126,0.343,0.07,0.094,0,0,0,0.001,0.006,0.403,0.546,0.491,0.709,0.04,0.852,0.982,1.042,0.93,0.697,0.393,0.002,0.002,11.918,8.248
00:21.3,2202,0.27,0.492,0.561,0.608,0.44,0.578,-0.468,-0.504,-0.162,-0.113,-0.746,-0.636,-0.719,-0.605,0.336,-0.064,-0.475,-0.452,-0.374,-0.655,0.6,0.442,-0.442,0.5,0.977,0.814,0.904,0.58,0.926,0.712,0.459,0.001,0.758,0.838,0.8,0.15,0.015,0.302,0.574,0.004,0.001,0.411,0.736,0.581,0.002,0.002,0.029,0.418,0.166,0.001,0.001,0.286,0.081,0.001,0.001,0.002,0.154,0.094,0.001,0.001,0.001,0.079,0.049,0.001,0.001,0.001,0.001,0.001,0.001,0.063,0.539,-0.388,0.744,0,0.001,0.001,0.001,0.001,0.07,0.021,0.001,0,0.039,0.001,0,0,0,0.138,0.026,0.179,0,0.016,0.023,0,0.001,0,0.126,0.343,0.07,0.094,0,0,0,0.001,0.006,0.403,0.546,0.491,0.709,0.04,0.852,0.982,1.042,0.93,0.697,0.393,0.002,0.002,11.918,8.248
00:21.3,2203,0.271,0.488,0.565,0.607,0.426,0.581,-0.465,-0.514,-0.164,-0.102,-0.747,-0.636,-0.72,-0.606,0.332,-0.065,-0.467,-0.454,-0.379,-0.657,0.64,0.351,-0.524,0.439,0.967,0.813,0.899,0.643,0.993,0.734,0.448,0.001,0.769,0.824,0.812,0.188,0.022,0.341,0.585,0.031,0.001,0.44,0.753,0.6,0.004,0.004,0.034,0.553,0.159,0.001,0.001,0.304,0.094,0.001,0.001,0.001,0.305,0.121,0.001,0.001,0.001,0.104,0.072,0.001,0.001,0.001,0.001,0,0.001,0.063,0.539,-0.388,0.744,0,0.001,0.001,0.001,0.001,0.07,0.021,0.001,0,0.039,0.001,0,0,0,0.138,0.026,0.179,0,0.016,0.023,0,0.001,0,0.126,0.343,0.07,0.094,0,0,0,0.001,0.006,0.403,0.546,0.491,0.709,0.04,0.852,0.982,1.042,0.93,0.697,0.393,0.002,0.002,12.631,8.248
00:21.3,2204,0.27,0.484,0.569,0.607,0.414,0.583,-0.464,-0.523,-0.165,-0.091,-0.748,-0.636,-0.72,-0.606,0.332,-0.067,-0.46,-0.456,-0.384,-0.658,0.647,0.338,-0.534,0.427,0.976,0.805,0.878,0.916,1.098,0.728,0.409,0.021,0.827,0.788,0.817,0.376,0.09,0.426,0.493,0.021,0.001,0.514,0.806,0.697,0.057,0.009,0.071,0.553,0.669,0.001,0.001,0.349,0.194,0.004,0.002,0.004,0.519,0.447,0.001,0.006,0.001,0.43,0.436,0.001,0.001,0.085,0.001,0.001,0.001,0.063,0.539,-0.388,0.744,0,0.001,0.001,0.001,0.001,0.07,0.021,0.001,0,0.039,0.001,0,0,0,0.138,0.026,0.179,0,0.016,0.023,0,0.001,0,0.126,0.343,0.07,0.094,0,0,0,0.001,0.006,0.403,0.546,0.491,0.709,0.04,0.852,0.982,1.042,0.93,0.697,0.393,0.002,0.002,15.531,8.248
00:21.3,2205,0.269,0.478,0.574,0.608,0.407,0.583,-0.464,-0.528,-0.166,-0.081,-0.749,-0.637,-0.719,-0.605,0.334,-0.07,-0.454,-0.458,-0.388,-0.658,0.655,0.321,-0.546,0.411,0.969,0.803,0.88,0.929,1.09,0.741,0.416,0.02,0.825,0.788,0.818,0.379,0.1,0.431,0.482,0.023,0.001,0.515,0.807,0.696,0.06,0.009,0.065,0.546,0.676,0.001,0.001,0.349,0.195,0.004,0.002,0.004,0.514,0.482,0.001,0.007,0.001,0.446,0.459,0.001,0.001,0.093,0.001,0,0.001,0.057,0.342,-0.561,0.752,0,0,0.001,0,0.001,0.065,0.022,0.001,0,0.034,0,0.001,0.001,0.001,0.138,0.026,0.177,0,0.011,0.027,0.001,0,0.001,0.126,0.361,0.06,0.1,0,0.001,0.001,0,0.006,0.402,0.53,0.471,0.742,0.048,0.844,0.917,1.005,0.883,0.685,0.38,0.002,0.002,15.632,8.074
00:21.3,2206,0.27,0.472,0.579,0.607,0.406,0.583,-0.465,-0.528,-0.165,-0.071,-0.75,-0.637,-0.719,-0.603,0.338,-0.075,-0.45,-0.461,-0.391,-0.658,0.66,0.31,-0.555,0.4,0.96,0.8,0.874,0.922,1.098,0.741,0.419,0.022,0.824,0.788,0.817,0.398,0.1,0.435,0.471,0.033,0.001,0.523,0.808,0.702,0.062,0.009,0.072,0.531,0.669,0.001,0.001,0.349,0.195,0.004,0.002,0.004,0.503,0.491,0.001,0.015,0.001,0.462,0.498,0.001,0.012,0.11,0.012,0.001,0.001,0.054,0.314,-0.578,0.751,0,0.001,0,0,0,0,0,0.001,0,0.111,0.051,0.001,0.001,0,0.061,0,0.001,0,0.034,0.013,0.001,0,0,0.001,0.061,0,0,0,0.001,0,0,0,0.033,0.128,0,0.023,0.001,0.14,0.053,0,0.001,0.02,0,0.001,0,15.743,0.739
00:21.3,2207,0.273,0.466,0.583,0.607,0.41,0.583,-0.466,-0.524,-0.165,-0.061,-0.751,-0.636,-0.718,-0.6,0.343,-0.081,-0.447,-0.463,-0.393,-0.657,0.664,0.3,-0.563,0.39,0.943,0.795,0.869,0.926,1.087,0.734,0.429,0.021,0.823,0.788,0.816,0.396,0.096,0.437,0.458,0.04,0.001,0.524,0.808,0.707,0.061,0.009,0.068,0.518,0.672,0.001,0.001,0.352,0.199,0.004,0.002,0.004,0.504,0.515,0.001,0.02,0.001,0.468,0.543,0.001,0.017,0.131,0.017,0.001,0.001,0.051,0.279,-0.597,0.75,0,0.002,0.001,0,0.001,0,0,0.001,0.001,0.115,0.048,0.001,0,0.001,0.032,0.001,0.001,0,0.032,0.018,0,0.001,0.001,0,0.012,0,0,0.001,0.001,0,0.001,0.001,0.012,0.076,0,0,0,0.062,0.012,0.001,0,0.001,0.001,0.001,0,15.809,0.439
00:21.3,2208,0.276,0.461,0.587,0.605,0.416,0.585,-0.467,-0.517,-0.165,-0.052,-0.753,-0.635,-0.717,-0.597,0.349,-0.087,-0.446,-0.464,-0.394,-0.656,0.669,0.287,-0.573,0.377,0.938,0.789,0.863,0.908,1.081,0.74,0.431,0.022,0.808,0.786,0.817,0.404,0.099,0.431,0.447,0.048,0.001,0.526,0.808,0.711,0.063,0.009,0.062,0.504,0.665,0.001,0.001,0.352,0.198,0.005,0.002,0.004,0.497,0.549,0.001,0.028,0.001,0.485,0.592,0.001,0.049,0.15,0.028,0.001,0.001,0.048,0.259,-0.606,0.75,0,0,0,0.001,0.001,0.001,0,0.001,0,0.11,0.059,0,0,0,0.001,0,0.001,0,0.029,0.016,0,0,0,0.001,0.001,0,0.001,0,0,0.001,0,0,0,0.056,0,0,0.001,0.005,0.001,0,0.001,0,0,0.001,0.001,15.907,0.29
00:21.3,2209,0.28,0.456,0.591,0.604,0.421,0.589,-0.466,-0.509,-0.166,-0.042,-0.754,-0.634,-0.716,-0.594,0.354,-0.094,-0.446,-0.466,-0.395,-0.654,0.672,0.278,-0.58,0.368,0.932,0.784,0.853,0.902,1.085,0.745,0.436,0.018,0.789,0.786,0.816,0.405,0.11,0.437,0.44,0.062,0.001,0.519,0.805,0.712,0.07,0.007,0.065,0.497,0.67,0.001,0.001,0.352,0.204,0.004,0.002,0.004,0.495,0.582,0.001,0.027,0.001,0.501,0.646,0.001,0.059,0.165,0.037,0.001,0.001,0.043,0.231,-0.618,0.75,0,0.001,0.001,0.001,0,0.001,0.001,0,0,0.105,0.059,0.001,0.001,0,0,0,0,0,0.031,0.013,0,0.001,0,0.001,0,0,0,0,0.001,0.001,0,0.001,0,0.029,0,0,0.001,0.001,0.001,0.001,0.001,0.001,0,0,0,16.031,0.255
00:21.4,2210,0.284,0.452,0.594,0.602,0.423,0.594,-0.464,-0.503,-0.168,-0.034,-0.755,-0.633,-0.716,-0.591,0.358,-0.102,-0.447,-0.467,-0.396,-0.652,0.675,0.267,-0.589,0.356,0.916,0.779,0.845,0.904,1.089,0.761,0.436,0.018,0.779,0.789,0.814,0.41,0.122,0.446,0.441,0.071,0.001,0.514,0.799,0.714,0.079,0.009,0.073,0.486,0.661,0.001,0.001,0.353,0.212,0.004,0.002,0.004,0.485,0.626,0.001,0.032,0.001,0.516,0.675,0.001,0.092,0.178,0.051,0.001,0.001,0.022,0.233,-0.606,0.76,0,0,0,0,0.001,0.001,0.001,0,0.001,0.117,0.056,0.001,0.001,0,0,0,0.001,0,0.029,0.016,0,0,0.001,0,0.001,0,0,0.001,0.001,0.001,0.001,0,0,0.02,0.001,0,0.001,0,0,0,0.001,0,0,0.001,0.001,16.193,0.256
00:21.4,2211,0.286,0.449,0.597,0.599,0.421,0.599,-0.461,-0.501,-0.171,-0.025,-0.756,-0.631,-0.716,-0.587,0.362,-0.109,-0.447,-0.468,-0.397,-0.651,0.677,0.259,-0.594,0.349,0.895,0.775,0.832,0.899,1.099,0.79,0.444,0.016,0.763,0.789,0.812,0.414,0.133,0.459,0.438,0.092,0.001,0.515,0.79,0.719,0.099,0.009,0.076,0.487,0.658,0.001,0.001,0.354,0.216,0.005,0.002,0.005,0.477,0.674,0.001,0.035,0.001,0.526,0.711,0.001,0.114,0.19,0.059,0.001,0.001,-0.002,0.252,-0.583,0.772,0.001,0,0.001,0,0,0.001,0.001,0,0,0.101,0.056,0.001,0.001,0.001,0,0,0,0,0.017,0.017,0,0.001,0.001,0,0.001,0,0.001,0.001,0,0.001,0.001,0,0,0.017,0.001,0,0,0.01,0,0,0.001,0.001,0.001,0.001,0.001,16.379,0.238
00:21.4,2212,0.289,0.446,0.601,0.597,0.415,0.604,-0.458,-0.504,-0.176,-0.018,-0.757,-0.629,-0.717,-0.582,0.365,-0.116,-0.448,-0.468,-0.397,-0.65,0.677,0.259,-0.594,0.349,0.895,0.775,0.832,0.899,1.099,0.79,0.444,0.016,0.763,0.789,0.812,0.414,0.133,0.459,0.438,0.092,0.001,0.515,0.79,0.719,0.099,0.009,0.076,0.487,0.658,0.001,0.001,0.354,0.216,0.005,0.002,0.005,0.477,0.674,0.001,0.035,0.001,0.526,0.711,0.001,0.114,0.19,0.059,0.001,0.001,-0.003,0.268,-0.576,0.772,0,0.002,0,0,0,0,0,0,0,0.1,0.056,0.001,0.001,0.001,0.001,0,0.001,0,0.012,0.017,0,0,0,0.001,0,0.001,0,0.001,0.001,0.001,0.001,0,0.001,0.017,0,0,0,0.012,0,0,0.001,0,0,0.001,0,16.379,0.23
00:21.4,2213,0.291,0.444,0.604,0.595,0.406,0.607,-0.456,-0.509,-0.182,-0.012,-0.758,-0.627,-0.719,-0.577,0.367,-0.122,-0.448,-0.468,-0.397,-0.65,0.677,0.259,-0.594,0.349,0.895,0.775,0.832,0.899,1.099,0.79,0.444,0.016,0.763,0.789,0.812,0.414,0.133,0.459,0.438,0.092,0.001,0.515,0.79,0.719,0.099,0.009,0.076,0.487,0.658,0.001,0.001,0.354,0.216,0.005,0.002,0.005,0.477,0.674,0.001,0.035,0.001,0.526,0.711,0.001,0.114,0.19,0.059,0.001,0.001,0.005,0.285,-0.568,0.772,0,0.001,0.001,0,0,0.001,0.001,0,0,0.098,0.055,0.001,0.001,0.001,0,0,0.001,0,0.012,0.017,0.001,0,0,0.001,0,0.001,0,0.001,0,0.001,0,0.001,0,0.02,0,0.001,0.001,0.013,0,0,0.001,0,0.001,0,0,16.379,0.233
00:21.4,2214,0.294,0.441,0.607,0.592,0.397,0.609,-0.455,-0.514,-0.19,-0.007,-0.757,-0.625,-0.721,-0.572,0.369,-0.127,-0.447,-0.469,-0.397,-0.65,0.677,0.259,-0.594,0.349,0.895,0.775,0.832,0.899,1.099,0.79,0.444,0.016,0.763,0.789,0.812,0.414,0.133,0.459,0.438,0.092,0.001,0.515,0.79,0.719,0.099,0.009,0.076,0.487,0.658,0.001,0.001,0.354,0.216,0.005,0.002,0.005,0.477,0.674,0.001,0.035,0.001,0.526,0.711,0.001,0.114,0.19,0.059,0.001,0.001,0.005,0.285,-0.568,0.772,0,0.001,0.001,0,0,0.001,0.001,0,0,0.098,0.055,0.001,0.001,0.001,0,0,0.001,0,0.012,0.017,0.001,0,0,0.001,0,0.001,0,0.001,0,0.001,0,0.001,0,0.02,0,0.001,0.001,0.013,0,0,0.001,0,0.001,0,0,16.379,0.233
00:21.4,2215,0.299,0.439,0.609,0.589,0.39,0.61,-0.454,-0.519,-0.198,-0.003,-0.757,-0.623,-0.723,-0.569,0.369,-0.14,-0.446,-0.469,-0.397,-0.651,0.677,0.259,-0.594,0.349,0.895,0.775,0.832,0.899,1.099,0.79,0.444,0.016,0.763,0.789,0.812,0.414,0.133,0.459,0.438,0.092,0.001,0.515,0.79,0.719,0.099,0.009,0.076,0.487,0.658,0.001,0.001,0.354,0.216,0.005,0.002,0.005,0.477,0.674,0.001,0.035,0.001,0.526,0.711,0.001,0.114,0.19,0.059,0.001,0.001,0.005,0.285,-0.568,0.772,0,0.001,0.001,0,0,0.001,0.001,0,0,0.098,0.055,0.001,0.001,0.001,0,0,0.001,0,0.012,0.017,0.001,0,0,0.001,0,0.001,0,0.001,0,0.001,0,0.001,0,0.02,0,0.001,0.001,0.013,0,0,0.001,0,0.001,0,0,16.379,0.233
00:21.4,2216,0.304,0.436,0.611,0.587,0.387,0.61,-0.454,-0.522,-0.206,0,-0.756,-0.621,-0.725,-0.566,0.368,-0.138,-0.444,-0.47,-0.395,-0.652,0.677,0.259,-0.594,0.349,0.895,0.775,0.832,0.899,1.099,0.79,0.444,0.016,0.763,0.789,0.812,0.414,0.133,0.459,0.438,0.092,0.001,0.515,0.79,0.719,0.099,0.009,0.076,0.487,0.658,0.001,0.001,0.354,0.216,0.005,0.002,0.005,0.477,0.674,0.001,0.035,0.001,0.526,0.711,0.001,0.114,0.19,0.059,0.001,0.001,0.005,0.285,-0.568,0.772,0,0.001,0.001,0,0,0.001,0.001,0,0,0.098,0.055,0.001,0.001,0.001,0,0,0.001,0,0.012,0.017,0.001,0,0,0.001,0,0.001,0,0.001,0,0.001,0,0.001,0,0.02,0,0.001,0.001,0.013,0,0,0.001,0,0.001,0,0,16.379,0.233
00:21.4,2217,0.309,0.435,0.612,0.584,0.386,0.609,-0.455,-0.523,-0.215,0.001,-0.755,-0.62,-0.728,-0.563,0.364,-0.143,-0.441,-0.471,-0.394,-0.654,0.677,0.259,-0.594,0.349,0.895,0.775,0.832,0.899,1.099,0.79,0.444,0.016,0.763,0.789,0.812,0.414,0.133,0.459,0.438,0.092,0.001,0.515,0.79,0.719,0.099,0.009,0.076,0.487,0.658,0.001,0.001,0.354,0.216,0.005,0.002,0.005,0.477,0.674,0.001,0.035,0.001,0.526,0.711,0.001,0.114,0.19,0.059,0.001,0.001,0.005,0.285,-0.568,0.772,0,0.001,0.001,0,0,0.001,0.001,0,0,0.098,0.055,0.001,0.001,0.001,0,0,0.001,0,0.012,0.017,0.001,0,0,0.001,0,0.001,0,0.001,0,0.001,0,0.001,0,0.02,0,0.001,0.001,0.013,0,0,0.001,0,0.001,0,0,16.379,0.233
00:21.4,2218,0.315,0.433,0.612,0.582,0.387,0.608,-0.455,-0.523,-0.223,0.002,-0.754,-0.618,-0.733,-0.559,0.36,-0.145,-0.439,-0.473,-0.393,-0.655,0.689,0.179,-0.645,0.278,0.877,0.769,0.827,0.886,1.105,0.792,0.449,0.018,0.751,0.788,0.811,0.422,0.145,0.484,0.436,0.105,0.001,0.51,0.781,0.719,0.11,0.009,0.077,0.481,0.662,0.001,0.001,0.355,0.215,0.005,0.002,0.005,0.471,0.707,0.001,0.037,0.001,0.534,0.719,0.001,0.144,0.195,0.067,0.001,0.001,0.005,0.285,-0.568,0.772,0,0.001,0.001,0,0,0.001,0.001,0,0,0.098,0.055,0.001,0.001,0.001,0,0,0.001,0,0.012,0.017,0.001,0,0,0.001,0,0.001,0,0.001,0,0.001,0,0.001,0,0.02,0,0.001,0.001,0.013,0,0,0.001,0,0.001,0,0,16.478,0.233
00:21.4,2219,0.321,0.432,0.612,0.58,0.387,0.608,-0.455,-0.524,-0.23,0.003,-0.753,-0.616,-0.738,-0.555,0.354,-0.145,-0.435,-0.475,-0.392,-0.657,0.689,0.179,-0.645,0.278,0.877,0.769,0.827,0.886,1.105,0.792,0.449,0.018,0.751,0.788,0.811,0.422,0.145,0.484,0.436,0.105,0.001,0.51,0.781,0.719,0.11,0.009,0.077,0.481,0.662,0.001,0.001,0.355,0.215,0.005,0.002,0.005,0.471,0.707,0.001,0.037,0.001,0.534,0.719,0.001,0.144,0.195,0.067,0.001,0.001,0.188,0.397,-0.514,0.737,0,0.001,0,0.001,0,0.001,0.001,0,0,0.099,0.055,0.001,0,0.001,0.001,0,0.001,0,0.012,0.018,0,0.001,0,0.001,0.001,0.001,0.001,0.001,0,0.001,0.001,0.001,0.001,0.018,0.001,0,0.001,0.013,0,0,0.001,0,0,0,0,16.478,0.236
00:21.4,2220,0.325,0.432,0.611,0.578,0.386,0.608,-0.454,-0.525,-0.237,0.002,-0.752,-0.615,-0.745,-0.551,0.347,-0.142,-0.432,-0.476,-0.391,-0.658,0.689,0.179,-0.645,0.278,0.877,0.769,0.827,0.886,1.105,0.792,0.449,0.018,0.751,0.788,0.811,0.422,0.145,0.484,0.436,0.105,0.001,0.51,0.781,0.719,0.11,0.009,0.077,0.481,0.662,0.001,0.001,0.355,0.215,0.005,0.002,0.005,0.471,0.707,0.001,0.037,0.001,0.534,0.719,0.001,0.144,0.195,0.067,0.001,0.001,0.188,0.397,-0.514,0.737,0,0.001,0,0.001,0,0.001,0.001,0,0,0.099,0.055,0.001,0,0.001,0.001,0,0.001,0,0.012,0.018,0,0.001,0,0.001,0.001,0.001,0.001,0.001,0,0.001,0.001,0.001,0.001,0.018,0.001,0,0.001,0.013,0,0,0.001,0,0,0,0,16.478,0.236
00:21.5,2221,0.33,0.431,0.611,0.577,0.384,0.608,-0.453,-0.527,-0.242,0.002,-0.752,-0.612,-0.754,-0.547,0.338,-0.136,-0.43,-0.478,-0.39,-0.659,0.689,0.179,-0.645,0.278,0.877,0.769,0.827,0.886,1.105,0.792,0.449,0.018,0.751,0.788,0.811,0.422,0.145,0.484,0.436,0.105,0.001,0.51,0.781,0.719,0.11,0.009,0.077,0.481,0.662,0.001,0.001,0.355,0.215,0.005,0.002,0.005,0.471,0.707,0.001,0.037,0.001,0.534,0.719,0.001,0.144,0.195,0.067,0.001,0.001,0.188,0.397,-0.514,0.737,0,0.001,0,0.001,0,0.001,0.001,0,0,0.099,0.055,0.001,0,0.001,0.001,0,0.001,0,0.012,0.018,0,0.001,0,0.001,0.001,0.001,0.001,0.001,0,0.001,0.001,0.001,0.001,0.018,0.001,0,0.001,0.013,0,0,0.001,0,0,0,0,16.478,0.236
00:21.5,2222,0.334,0.431,0.61,0.575,0.379,0.609,-0.452,-0.53,-0.247,0,-0.753,-0.61,-0.762,-0.543,0.328,-0.126,-0.428,-0.48,-0.39,-0.66,0.689,0.179,-0.645,0.278,0.877,0.769,0.827,0.886,1.105,0.792,0.449,0.018,0.751,0.788,0.811,0.422,0.145,0.484,0.436,0.105,0.001,0.51,0.781,0.719,0.11,0.009,0.077,0.481,0.662,0.001,0.001,0.355,0.215,0.005,0.002,0.005,0.471,0.707,0.001,0.037,0.001,0.534,0.719,0.001,0.144,0.195,0.067,0.001,0.001,0.188,0.397,-0.514,0.737,0,0.001,0,0.001,0,0.001,0.001,0,0,0.099,0.055,0.001,0,0.001,0.001,0,0.001,0,0.012,0.018,0,0.001,0,0.001,0.001,0.001,0.001,0.001,0,0.001,0.001,0.001,0.001,0.018,0.001,0,0.001,0.013,0,0,0.001,0,0,0,0,16.478,0.236
00:21.5,2223,0.337,0.431,0.61,0.574,0.374,0.609,-0.453,-0.533,-0.251,-0.002,-0.754,-0.607,-0.771,-0.54,0.318,-0.113,-0.427,-0.481,-0.389,-0.66,0.689,0.179,-0.645,0.278,0.877,0.769,0.827,0.886,1.105,0.792,0.449,0.018,0.751,0.788,0.811,0.422,0.145,0.484,0.436,0.105,0.001,0.51,0.781,0.719,0.11,0.009,0.077,0.481,0.662,0.001,0.001,0.355,0.215,0.005,0.002,0.005,0.471,0.707,0.001,0.037,0.001,0.534,0.719,0.001,0.144,0.195,0.067,0.001,0.001,0.188,0.397,-0.514,0.737,0,0.001,0,0.001,0,0.001,0.001,0,0,0.099,0.055,0.001,0,0.001,0.001,0,0.001,0,0.012,0.018,0,0.001,0,0.001,0.001,0.001,0.001,0.001,0,0.001,0.001,0.001,0.001,0.018,0.001,0,0.001,0.013,0,0,0.001,0,0,0,0,16.478,0.236
00:21.5,2224,0.34,0.431,0.61,0.572,0.37,0.608,-0.455,-0.535,-0.255,-0.004,-0.754,-0.605,-0.779,-0.539,0.306,-0.096,-0.427,-0.482,-0.388,-0.66,0.689,0.179,-0.645,0.278,0.877,0.769,0.827,0.886,1.105,0.792,0.449,0.018,0.751,0.788,0.811,0.422,0.145,0.484,0.436,0.105,0.001,0.51,0.781,0.719,0.11,0.009,0.077,0.481,0.662,0.001,0.001,0.355,0.215,0.005,0.002,0.005,0.471,0.707,0.001,0.037,0.001,0.534,0.719,0.001,0.144,0.195,0.067,0.001,0.001,0.188,0.397,-0.514,0.737,0,0.001,0,0.001,0,0.001,0.001,0,0,0.099,0.055,0.001,0,0.001,0.001,0,0.001,0,0.012,0.018,0,0.001,0,0.001,0.001,0.001,0.001,0.001,0,0.001,0.001,0.001,0.001,0.018,0.001,0,0.001,0.013,0,0,0.001,0,0,0,0,16.478,0.236
00:21.5,2225,0.342,0.431,0.61,0.57,0.368,0.607,-0.457,-0.535,-0.258,-0.006,-0.755,-0.603,-0.785,-0.54,0.296,-0.077,-0.427,-0.482,-0.387,-0.66,0.706,0.098,-0.67,0.207,0.596,0.619,0.779,0.922,1.291,0.977,0.553,0.038,0.404,0.78,0.792,0.442,0.211,0.636,0.486,0.269,0.001,0.315,0.695,0.654,0.14,0.018,0.083,0.52,0.757,0.001,0.001,0.343,0.183,0.005,0.004,0.006,0.46,0.785,0.001,0.159,0.002,0.484,0.678,0.001,0.368,0.203,0.089,0.033,0.001,0.188,0.397,-0.514,0.737,0,0.001,0,0.001,0,0.001,0.001,0,0,0.099,0.055,0.001,0,0.001,0.001,0,0.001,0,0.012,0.018,0,0.001,0,0.001,0.001,0.001,0.001,0.001,0,0.001,0.001,0.001,0.001,0.018,0.001,0,0.001,0.013,0,0,0.001,0,0,0,0,16.785,0.236
00:21.5,2226,0.343,0.432,0.61,0.569,0.366,0.607,-0.46,-0.534,-0.26,-0.009,-0.755,-0.602,-0.788,-0.542,0.287,-0.055,-0.428,-0.483,-0.386,-0.659,0.706,0.093,-0.672,0.202,0.325,0.497,0.689,0.938,1.398,1.067,0.636,0.057,0.197,0.739,0.758,0.433,0.248,0.744,0.524,0.335,0.001,0.167,0.629,0.639,0.085,0.018,0.089,0.552,0.812,0.002,0.002,0.315,0.138,0.005,0.004,0.009,0.46,0.786,0.001,0.247,0.005,0.432,0.615,0.027,0.387,0.165,0.073,0.035,0.001,0.188,0.397,-0.514,0.737,0,0.001,0,0.001,0,0.001,0.001,0,0,0.099,0.055,0.001,0,0.001,0.001,0,0.001,0,0.012,0.018,0,0.001,0,0.001,0.001,0.001,0.001,0.001,0,0.001,0.001,0.001,0.001,0.018,0.001,0,0.001,0.013,0,0,0.001,0,0,0,0,16.286,0.236
00:21.5,2227,0.342,0.432,0.61,0.569,0.367,0.607,-0.463,-0.531,-0.262,-0.01,-0.755,-0.601,-0.789,-0.545,0.282,-0.03,-0.429,-0.484,-0.385,-0.658,0.706,0.087,-0.675,0.196,0.31,0.493,0.672,0.928,1.393,1.062,0.632,0.057,0.21,0.736,0.758,0.429,0.249,0.747,0.521,0.337,0.001,0.178,0.639,0.64,0.094,0.018,0.094,0.556,0.807,0.007,0.004,0.333,0.153,0.005,0.004,0.009,0.46,0.786,0.001,0.242,0.005,0.435,0.618,0.029,0.397,0.167,0.073,0.039,0.001,0.321,0.544,-0.434,0.642,0,0.004,0.001,0,0,0,0.001,0,0,0.105,0.071,0.001,0,0,0.001,0.001,0,0,0.02,0.016,0,0.001,0,0,0,0.001,0.001,0,0.001,0.001,0,0.001,0.001,0.02,0,0.001,0,0.024,0.001,0.001,0.001,0,0,0.001,0,16.329,0.277
00:21.5,2228,0.34,0.433,0.611,0.568,0.367,0.608,-0.465,-0.528,-0.264,-0.012,-0.755,-0.6,-0.787,-0.55,0.281,-0.008,-0.43,-0.484,-0.384,-0.658,0.706,0.087,-0.675,0.196,0.31,0.493,0.672,0.928,1.393,1.062,0.632,0.057,0.21,0.736,0.758,0.429,0.249,0.747,0.521,0.337,0.001,0.178,0.639,0.64,0.094,0.018,0.094,0.556,0.807,0.007,0.004,0.333,0.153,0.005,0.004,0.009,0.46,0.786,0.001,0.242,0.005,0.435,0.618,0.029,0.397,0.167,0.073,0.039,0.001,0.318,0.563,-0.416,0.64,0,0.005,0,0,0,0.001,0,0.001,0.001,0.122,0.092,0.001,0.001,0,0.013,0.001,0.001,0,0.031,0.016,0.001,0.001,0.001,0,0.001,0.001,0,0,0,0,0,0,0,0.016,0,0,0,0.02,0,0,0,0,0.001,0,0.001,16.329,0.329
00:21.5,2229,0.338,0.433,0.613,0.568,0.368,0.609,-0.466,-0.526,-0.264,-0.014,-0.756,-0.598,-0.783,-0.555,0.281,0.012,-0.432,-0.484,-0.384,-0.657,0.706,0.087,-0.675,0.196,0.31,0.493,0.672,0.928,1.393,1.062,0.632,0.057,0.21,0.736,0.758,0.429,0.249,0.747,0.521,0.337,0.001,0.178,0.639,0.64,0.094,0.018,0.094,0.556,0.807,0.007,0.004,0.333,0.153,0.005,0.004,0.009,0.46,0.786,0.001,0.242,0.005,0.435,0.618,0.029,0.397,0.167,0.073,0.039,0.001,0.312,0.587,-0.392,0.635,0,0.006,0,0,0,0,0,0.001,0,0.125,0.095,0,0.001,0,0.013,0,0,0,0.031,0.017,0.001,0.001,0.001,0,0,0,0.001,0.001,0.001,0,0.001,0.001,0.001,0.016,0,0.001,0,0.018,0.001,0.001,0.001,0,0,0.001,0,16.329,0.337
00:21.5,2230,0.336,0.433,0.614,0.568,0.367,0.61,-0.466,-0.525,-0.264,-0.016,-0.758,-0.596,-0.778,-0.56,0.283,0.031,-0.433,-0.484,-0.383,-0.657,0.706,0.087,-0.675,0.196,0.31,0.493,0.672,0.928,1.393,1.062,0.632,0.057,0.21,0.736,0.758,0.429,0.249,0.747,0.521,0.337,0.001,0.178,0.639,0.64,0.094,0.018,0.094,0.556,0.807,0.007,0.004,0.333,0.153,0.005,0.004,0.009,0.46,0.786,0.001,0.242,0.005,0.435,0.618,0.029,0.397,0.167,0.073,0.039,0.001,0.308,0.603,-0.376,0.632,0,0.007,0.001,0,0,0,0,0.001,0,0.125,0.094,0,0.001,0.001,0.011,0,0,0,0.032,0.016,0.001,0,0,0.001,0.001,0.001,0.001,0,0.001,0.001,0,0.001,0.001,0.016,0.001,0,0.001,0.018,0,0.001,0,0,0.001,0,0,16.329,0.336
00:21.6,2231,0.334,0.432,0.615,0.568,0.367,0.611,-0.466,-0.524,-0.264,-0.017,-0.759,-0.595,-0.773,-0.565,0.284,0.048,-0.433,-0.485,-0.383,-0.656,0.706,0.087,-0.675,0.196,0.31,0.493,0.672,0.928,1.393,1.062,0.632,0.057,0.21,0.736,0.758,0.429,0.249,0.747,0.521,0.337,0.001,0.178,0.639,0.64,0.094,0.018,0.094,0.556,0.807,0.007,0.004,0.333,0.153,0.005,0.004,0.009,0.46,0.786,0.001,0.242,0.005,0.435,0.618,0.029,0.397,0.167,0.073,0.039,0.001,0.302,0.625,-0.352,0.628,0,0.007,0,0.001,0,0.001,0.001,0,0,0.126,0.098,0.001,0,0.001,0.017,0,0,0.001,0.034,0.016,0.001,0,0.001,0,0.001,0.001,0,0,0,0,0.001,0,0,0.016,0,0.001,0,0.022,0,0,0.001,0,0,0,0,16.329,0.349
00:21.6,2232,0.333,0.432,0.616,0.568,0.366,0.612,-0.466,-0.524,-0.264,-0.019,-0.759,-0.595,-0.769,-0.569,0.285,0.064,-0.433,-0.486,-0.382,-0.656,0.706,0.087,-0.675,0.196,0.31,0.493,0.672,0.928,1.393,1.062,0.632,0.057,0.21,0.736,0.758,0.429,0.249,0.747,0.521,0.337,0.001,0.178,0.639,0.64,0.094,0.018,0.094,0.556,0.807,0.007,0.004,0.333,0.153,0.005,0.004,0.009,0.46,0.786,0.001,0.242,0.005,0.435,0.618,0.029,0.397,0.167,0.073,0.039,0.001,0.297,0.64,-0.333,0.625,0,0.007,0,0,0,0.001,0,0.001,0,0.129,0.1,0.001,0.001,0,0.023,0.001,0,0,0.034,0.015,0,0,0.001,0.001,0.001,0,0,0,0,0,0.001,0.001,0,0.016,0,0,0.001,0.016,0.001,0,0,0,0.001,0.001,0.001,16.329,0.355
00:21.6,2233,0.332,0.432,0.617,0.568,0.366,0.612,-0.466,-0.524,-0.264,-0.02,-0.76,-0.594,-0.765,-0.573,0.285,0.078,-0.433,-0.487,-0.381,-0.656,0.706,0.087,-0.675,0.196,0.31,0.493,0.672,0.928,1.393,1.062,0.632,0.057,0.21,0.736,0.758,0.429,0.249,0.747,0.521,0.337,0.001,0.178,0.639,0.64,0.094,0.018,0.094,0.556,0.807,0.007,0.004,0.333,0.153,0.005,0.004,0.009,0.46,0.786,0.001,0.242,0.005,0.435,0.618,0.029,0.397,0.167,0.073,0.039,0.001,0.292,0.657,-0.312,0.621,0.001,0.007,0.001,0,0.001,0.001,0,0.001,0,0.131,0.105,0.001,0,0,0.021,0.001,0,0,0.034,0.016,0.001,0.001,0,0.001,0,0,0.001,0,0,0,0.001,0.001,0.001,0.016,0,0.001,0,0.016,0.001,0,0,0,0,0.001,0.001,16.329,0.364
00:21.6,2234,0.332,0.431,0.618,0.567,0.367,0.613,-0.466,-0.523,-0.265,-0.021,-0.76,-0.593,-0.761,-0.576,0.285,0.091,-0.433,-0.488,-0.38,-0.656,0.7,0.039,-0.698,0.145,0.328,0.485,0.662,0.926,1.386,1.057,0.628,0.06,0.215,0.736,0.755,0.429,0.25,0.75,0.52,0.339,0.001,0.187,0.651,0.647,0.099,0.018,0.096,0.556,0.805,0.01,0.01,0.339,0.165,0.005,0.004,0.009,0.464,0.786,0.001,0.253,0.005,0.437,0.621,0.044,0.394,0.167,0.073,0.044,0.001,0.292,0.657,-0.312,0.621,0.001,0.007,0.001,0,0.001,0.001,0,0.001,0,0.131,0.105,0.001,0,0,0.021,0.001,0,0,0.034,0.016,0.001,0.001,0,0.001,0,0,0.001,0,0,0,0.001,0.001,0.001,0.016,0,0.001,0,0.016,0.001,0,0,0,0,0.001,0.001,16.418,0.364
00:21.6,2235,0.332,0.431,0.619,0.566,0.368,0.613,-0.466,-0.521,-0.265,-0.022,-0.761,-0.592,-0.757,-0.58,0.283,0.103,-0.432,-0.489,-0.379,-0.656,0.699,0.033,-0.701,0.139,0.368,0.471,0.601,0.786,1.277,0.996,0.51,0.062,0.352,0.74,0.752,0.436,0.233,0.719,0.487,0.343,0.009,0.364,0.705,0.7,0.16,0.034,0.118,0.569,0.79,0.048,0.056,0.427,0.25,0.006,0.004,0.01,0.479,0.762,0.066,0.332,0.005,0.495,0.653,0.349,0.574,0.222,0.095,0.076,0.001,0.292,0.657,-0.312,0.621,0.001,0.007,0.001,0,0.001,0.001,0,0.001,0,0.131,0.105,0.001,0,0,0.021,0.001,0,0,0.034,0.016,0.001,0.001,0,0.001,0,0,0.001,0,0,0,0.001,0.001,0.001,0.016,0,0.001,0,0.016,0.001,0,0,0,0,0.001,0.001,17.492,0.364
00:21.6,2236,0.332,0.43,0.62,0.565,0.369,0.615,-0.465,-0.52,-0.266,-0.022,-0.761,-0.591,-0.753,-0.585,0.28,0.115,-0.432,-0.49,-0.378,-0.655,0.697,0.026,-0.704,0.132,0.385,0.474,0.59,0.755,1.244,0.969,0.49,0.061,0.377,0.741,0.747,0.433,0.226,0.706,0.48,0.344,0.007,0.385,0.711,0.701,0.17,0.037,0.125,0.567,0.786,0.048,0.06,0.444,0.28,0.005,0.004,0.01,0.48,0.756,0.087,0.339,0.005,0.508,0.659,0.394,0.591,0.232,0.098,0.088,0.001,0.292,0.657,-0.312,0.621,0.001,0.007,0.001,0,0.001,0.001,0,0.001,0,0.131,0.105,0.001,0,0,0.021,0.001,0,0,0.034,0.016,0.001,0.001,0,0.001,0,0,0.001,0,0,0,0.001,0.001,0.001,0.016,0,0.001,0,0.016,0.001,0,0,0,0,0.001,0.001,17.6,0.364
00:21.6,2237,0.334,0.43,0.621,0.563,0.369,0.616,-0.463,-0.519,-0.266,-0.022,-0.762,-0.59,-0.749,-0.589,0.277,0.128,-0.432,-0.491,-0.377,-0.655,0.696,0.02,-0.707,0.126,0.404,0.48,0.591,0.728,1.217,0.939,0.462,0.063,0.413,0.741,0.748,0.429,0.222,0.692,0.471,0.343,0.007,0.443,0.719,0.712,0.187,0.038,0.133,0.567,0.779,0.053,0.061,0.465,0.284,0.012,0.004,0.01,0.484,0.75,0.093,0.344,0.005,0.524,0.665,0.426,0.613,0.242,0.103,0.092,0.002,0.292,0.657,-0.312,0.621,0.001,0.007,0.001,0,0.001,0.001,0,0.001,0,0.131,0.105,0.001,0,0,0.021,0.001,0,0,0.034,0.016,0.001,0.001,0,0.001,0,0,0.001,0,0,0,0.001,0.001,0.001,0.016,0,0.001,0,0.016,0.001,0,0,0,0,0.001,0.001,17.76,0.364
00:21.6,2238,0.336,0.429,0.622,0.562,0.368,0.618,-0.461,-0.519,-0.267,-0.023,-0.762,-0.59,-0.744,-0.592,0.274,0.143,-0.433,-0.492,-0.376,-0.655,0.694,0.015,-0.71,0.12,0.438,0.481,0.586,0.696,1.186,0.926,0.442,0.06,0.431,0.744,0.746,0.425,0.211,0.673,0.464,0.343,0.006,0.512,0.737,0.717,0.188,0.042,0.136,0.562,0.774,0.054,0.062,0.473,0.313,0.021,0.004,0.01,0.487,0.742,0.089,0.341,0.005,0.537,0.673,0.458,0.614,0.25,0.106,0.098,0.001,0.292,0.657,-0.312,0.621,0.001,0.007,0.001,0,0.001,0.001,0,0.001,0,0.131,0.105,0.001,0,0,0.021,0.001,0,0,0.034,0.016,0.001,0.001,0,0.001,0,0,0.001,0,0,0,0.001,0.001,0.001,0.016,0,0.001,0,0.016,0.001,0,0,0,0,0.001,0.001,17.864,0.364
00:21.6,2239,0.337,0.429,0.623,0.56,0.366,0.62,-0.458,-0.52,-0.269,-0.023,-0.761,-0.589,-0.739,-0.596,0.271,0.16,-0.434,-0.492,-0.374,-0.655,0.692,0.007,-0.713,0.113,0.452,0.487,0.582,0.664,1.147,0.879,0.416,0.059,0.468,0.746,0.746,0.429,0.198,0.662,0.451,0.341,0.006,0.57,0.753,0.725,0.203,0.043,0.144,0.558,0.767,0.049,0.06,0.479,0.331,0.024,0.004,0.01,0.492,0.737,0.088,0.343,0.005,0.554,0.681,0.497,0.624,0.26,0.11,0.095,0.001,0.284,0.711,-0.233,0.599,0,0.007,0,0.001,0,0.001,0,0,0,0.131,0.105,0.001,0.001,0.001,0.017,0,0.001,0,0.038,0.015,0,0.001,0,0.001,0.001,0,0,0,0,0,0.001,0,0,0.016,0.001,0.001,0,0.018,0.001,0.001,0,0,0.001,0.001,0,17.94,0.363
00:21.6,2240,0.339,0.428,0.624,0.559,0.364,0.622,-0.456,-0.522,-0.271,-0.023,-0.76,-0.589,-0.733,-0.598,0.269,0.18,-0.435,-0.491,-0.373,-0.656,0.691,0.003,-0.715,0.108,0.471,0.491,0.578,0.634,1.103,0.844,0.399,0.056,0.504,0.748,0.745,0.415,0.198,0.656,0.441,0.335,0.006,0.598,0.763,0.74,0.223,0.046,0.144,0.552,0.762,0.045,0.057,0.492,0.344,0.046,0.004,0.01,0.495,0.731,0.085,0.348,0.004,0.565,0.69,0.52,0.642,0.275,0.114,0.109,0.002,0.282,0.714,-0.231,0.598,0,0.001,0,0,0,0,0.001,0.001,0,0.085,0.068,0,0.001,0.001,0.001,0,0.001,0,0.017,0.015,0.001,0,0,0.001,0,0,0,0.001,0,0,0,0,0.001,0.015,0,0,0.001,0.038,0,0.001,0,0,0,0.001,0.001,18.03,0.253
00:21.7,2241,0.341,0.428,0.624,0.558,0.362,0.624,-0.453,-0.523,-0.274,-0.024,-0.759,-0.59,-0.727,-0.6,0.269,0.201,-0.437,-0.491,-0.371,-0.656,0.689,-0.004,-0.718,0.101,0.487,0.491,0.568,0.615,1.071,0.827,0.389,0.053,0.515,0.75,0.741,0.411,0.199,0.651,0.436,0.33,0.006,0.611,0.767,0.746,0.23,0.056,0.161,0.549,0.758,0.044,0.06,0.495,0.365,0.056,0.004,0.01,0.496,0.733,0.094,0.357,0.005,0.573,0.697,0.587,0.67,0.278,0.117,0.118,0.001,0.278,0.717,-0.229,0.596,0,0.001,0.001,0.001,0,0.001,0.001,0,0.001,0.083,0.068,0.001,0,0,0.001,0.001,0,0,0.015,0.015,0,0.001,0,0.001,0,0,0,0,0.001,0.001,0.001,0.001,0.001,0.015,0.001,0.001,0,0.038,0,0,0.001,0.001,0.001,0,0.001,18.178,0.256
00:21.7,2242,0.342,0.428,0.625,0.557,0.36,0.626,-0.45,-0.525,-0.277,-0.025,-0.758,-0.59,-0.72,-0.601,0.27,0.221,-0.438,-0.49,-0.37,-0.657,0.688,-0.01,-0.719,0.095,0.474,0.476,0.543,0.589,1.055,0.803,0.387,0.054,0.513,0.748,0.741,0.398,0.21,0.657,0.435,0.33,0.005,0.617,0.772,0.756,0.253,0.056,0.186,0.546,0.753,0.05,0.066,0.501,0.375,0.065,0.004,0.01,0.495,0.735,0.117,0.364,0.005,0.576,0.702,0.662,0.698,0.291,0.12,0.131,0.002,0.274,0.719,-0.23,0.596,0,0,0.001,0,0.001,0,0.001,0,0,0.07,0.067,0.001,0,0,0.001,0.001,0,0,0.013,0.015,0,0.001,0.001,0.001,0.001,0,0.001,0.001,0.001,0,0.001,0,0.001,0.015,0,0.001,0,0.038,0.001,0.001,0.001,0.001,0.001,0,0,18.326,0.239
00:21.7,2243,0.343,0.428,0.625,0.556,0.359,0.627,-0.448,-0.527,-0.281,-0.026,-0.757,-0.59,-0.712,-0.602,0.273,0.239,-0.439,-0.489,-0.368,-0.658,0.686,-0.017,-0.722,0.088,0.437,0.443,0.504,0.562,1.057,0.81,0.388,0.054,0.497,0.75,0.745,0.398,0.215,0.658,0.433,0.327,0.006,0.619,0.779,0.767,0.255,0.059,0.195,0.545,0.751,0.053,0.085,0.505,0.385,0.067,0.006,0.01,0.495,0.734,0.132,0.37,0.005,0.578,0.702,0.717,0.73,0.297,0.134,0.139,0.002,0.274,0.719,-0.23,0.596,0,0,0.001,0,0.001,0,0.001,0,0,0.07,0.067,0.001,0,0,0.001,0.001,0,0,0.013,0.015,0,0.001,0.001,0.001,0.001,0,0.001,0.001,0.001,0,0.001,0,0.001,0.015,0,0.001,0,0.038,0.001,0.001,0.001,0.001,0.001,0,0,18.4,0.239
00:21.7,2244,0.344,0.428,0.624,0.555,0.359,0.627,-0.445,-0.529,-0.284,-0.028,-0.755,-0.59,-0.705,-0.602,0.277,0.255,-0.44,-0.488,-0.366,-0.658,0.685,-0.024,-0.724,0.081,0.397,0.418,0.482,0.549,1.061,0.811,0.392,0.054,0.458,0.745,0.735,0.396,0.22,0.669,0.435,0.33,0.004,0.602,0.781,0.767,0.252,0.055,0.203,0.541,0.751,0.068,0.088,0.505,0.393,0.068,0.009,0.01,0.493,0.736,0.144,0.368,0.005,0.581,0.703,0.757,0.747,0.3,0.136,0.166,0.002,0.274,0.719,-0.23,0.596,0,0,0.001,0,0.001,0,0.001,0,0,0.07,0.067,0.001,0,0,0.001,0.001,0,0,0.013,0.015,0,0.001,0.001,0.001,0.001,0,0.001,0.001,0.001,0,0.001,0,0.001,0.015,0,0.001,0,0.038,0.001,0.001,0.001,0.001,0.001,0,0,18.387,0.239
00:21.7,2245,0.345,0.428,0.624,0.555,0.359,0.627,-0.443,-0.531,-0.288,-0.031,-0.753,-0.591,-0.698,-0.602,0.282,0.268,-0.441,-0.487,-0.364,-0.659,0.684,-0.031,-0.725,0.075,0.364,0.399,0.468,0.541,1.078,0.825,0.394,0.053,0.419,0.735,0.723,0.386,0.221,0.676,0.438,0.331,0.007,0.565,0.774,0.763,0.265,0.056,0.205,0.542,0.755,0.077,0.101,0.501,0.398,0.068,0.009,0.01,0.492,0.74,0.158,0.376,0.006,0.582,0.705,0.79,0.753,0.302,0.137,0.206,0.002,0.274,0.719,-0.23,0.596,0,0,0.001,0,0.001,0,0.001,0,0,0.07,0.067,0.001,0,0,0.001,0.001,0,0,0.013,0.015,0,0.001,0.001,0.001,0.001,0,0.001,0.001,0.001,0,0.001,0,0.001,0.015,0,0.001,0,0.038,0.001,0.001,0.001,0.001,0.001,0,0,18.396,0.239
00:21.7,2246,0.346,0.427,0.624,0.556,0.358,0.628,-0.44,-0.533,-0.29,-0.034,-0.751,-0.592,-0.692,-0.602,0.287,0.277,-0.443,-0.487,-0.362,-0.66,0.683,-0.04,-0.726,0.067,0.321,0.38,0.465,0.524,1.087,0.844,0.399,0.053,0.38,0.724,0.701,0.369,0.22,0.683,0.44,0.333,0.009,0.52,0.766,0.761,0.26,0.053,0.206,0.541,0.752,0.081,0.114,0.504,0.396,0.068,0.009,0.01,0.496,0.744,0.161,0.377,0.006,0.58,0.705,0.819,0.756,0.303,0.137,0.223,0.002,0.274,0.719,-0.23,0.596,0,0,0.001,0,0.001,0,0.001,0,0,0.07,0.067,0.001,0,0,0.001,0.001,0,0,0.013,0.015,0,0.001,0.001,0.001,0.001,0,0.001,0.001,0.001,0,0.001,0,0.001,0.015,0,0.001,0,0.038,0.001,0.001,0.001,0.001,0.001,0,0,18.282,0.239
00:21.7,2247,0.347,0.426,0.623,0.557,0.356,0.629,-0.437,-0.536,-0.291,-0.037,-0.75,-0.592,-0.687,-0.603,0.29,0.282,-0.444,-0.486,-0.36,-0.661,0.682,-0.047,-0.727,0.061,0.293,0.357,0.462,0.518,1.088,0.853,0.404,0.055,0.343,0.69,0.672,0.35,0.221,0.689,0.443,0.336,0.009,0.46,0.766,0.758,0.265,0.054,0.206,0.541,0.753,0.077,0.115,0.513,0.396,0.065,0.009,0.01,0.495,0.745,0.179,0.385,0.006,0.579,0.702,0.866,0.757,0.304,0.137,0.23,0.012,0.274,0.719,-0.23,0.596,0,0,0.001,0,0.001,0,0.001,0,0,0.07,0.067,0.001,0,0,0.001,0.001,0,0,0.013,0.015,0,0.001,0.001,0.001,0.001,0,0.001,0.001,0.001,0,0.001,0,0.001,0.015,0,0.001,0,0.038,0.001,0.001,0.001,0.001,0.001,0,0,18.168,0.239
00:21.7,2248,0.348,0.424,0.623,0.558,0.354,0.629,-0.435,-0.538,-0.291,-0.041,-0.75,-0.593,-0.683,-0.606,0.293,0.285,-0.445,-0.486,-0.358,-0.661,0.681,-0.054,-0.728,0.054,0.261,0.327,0.455,0.495,1.078,0.862,0.408,0.056,0.287,0.648,0.639,0.337,0.217,0.698,0.446,0.337,0.013,0.426,0.766,0.75,0.248,0.051,0.204,0.541,0.756,0.081,0.117,0.521,0.397,0.067,0.009,0.01,0.493,0.748,0.194,0.403,0.006,0.578,0.702,0.921,0.773,0.304,0.137,0.201,0.024,0.274,0.719,-0.23,0.596,0,0,0.001,0,0.001,0,0.001,0,0,0.07,0.067,0.001,0,0,0.001,0.001,0,0,0.013,0.015,0,0.001,0.001,0.001,0.001,0,0.001,0.001,0.001,0,0.001,0,0.001,0.015,0,0.001,0,0.038,0.001,0.001,0.001,0.001,0.001,0,0,17.992,0.239
00:21.7,2249,0.348,0.423,0.622,0.559,0.352,0.629,-0.434,-0.54,-0.289,-0.044,-0.75,-0.593,-0.679,-0.609,0.294,0.285,-0.447,-0.486,-0.356,-0.661,0.681,-0.054,-0.728,0.054,0.261,0.327,0.455,0.495,1.078,0.862,0.408,0.056,0.287,0.648,0.639,0.337,0.217,0.698,0.446,0.337,0.013,0.426,0.766,0.75,0.248,0.051,0.204,0.541,0.756,0.081,0.117,0.521,0.397,0.067,0.009,0.01,0.493,0.748,0.194,0.403,0.006,0.578,0.702,0.921,0.773,0.304,0.137,0.201,0.024,0.195,0.747,-0.251,0.584,0,0.001,0,0,0.001,0,0.001,0,0,0.067,0.066,0.001,0.001,0,0.001,0,0,0.001,0.011,0.016,0,0.001,0.001,0.001,0.001,0,0,0.001,0,0,0.001,0.001,0,0.016,0.001,0,0.001,0.037,0,0,0,0,0,0.001,0,17.992,0.23
00:21.7,2250,0.349,0.422,0.622,0.559,0.35,0.63,-0.433,-0.542,-0.287,-0.048,-0.751,-0.593,-0.676,-0.614,0.294,0.284,-0.449,-0.486,-0.354,-0.661,0.681,-0.054,-0.728,0.054,0.261,0.327,0.455,0.495,1.078,0.862,0.408,0.056,0.287,0.648,0.639,0.337,0.217,0.698,0.446,0.337,0.013,0.426,0.766,0.75,0.248,0.051,0.204,0.541,0.756,0.081,0.117,0.521,0.397,0.067,0.009,0.01,0.493,0.748,0.194,0.403,0.006,0.578,0.702,0.921,0.773,0.304,0.137,0.201,0.024,0.183,0.751,-0.253,0.582,0,0,0.001,0,0,0,0.001,0.001,0.001,0.042,0.046,0,0,0,0.001,0,0,0.001,0,0.015,0,0,0,0,0.001,0.001,0,0.001,0,0.001,0.001,0,0.001,0.011,0,0.001,0.001,0.028,0,0,0,0.001,0,0.001,0,17.992,0.158
00:21.8,2251,0.35,0.42,0.623,0.559,0.347,0.63,-0.432,-0.543,-0.283,-0.05,-0.751,-0.594,-0.672,-0.619,0.292,0.283,-0.451,-0.485,-0.352,-0.661,0.681,-0.054,-0.728,0.054,0.261,0.327,0.455,0.495,1.078,0.862,0.408,0.056,0.287,0.648,0.639,0.337,0.217,0.698,0.446,0.337,0.013,0.426,0.766,0.75,0.248,0.051,0.204,0.541,0.756,0.081,0.117,0.521,0.397,0.067,0.009,0.01,0.493,0.748,0.194,0.403,0.006,0.578,0.702,0.921,0.773,0.304,0.137,0.201,0.024,0.183,0.751,-0.253,0.582,0,0,0.001,0,0,0,0.001,0.001,0.001,0.042,0.046,0,0,0,0.001,0,0,0.001,0,0.015,0,0,0,0,0.001,0.001,0,0.001,0,0.001,0.001,0,0.001,0.011,0,0.001,0.001,0.028,0,0,0,0.001,0,0.001,0,17.992,0.158
00:21.8,2252,0.352,0.419,0.623,0.559,0.345,0.631,-0.432,-0.544,-0.279,-0.052,-0.752,-0.594,-0.669,-0.624,0.289,0.282,-0.454,-0.484,-0.35,-0.661,0.681,-0.054,-0.728,0.054,0.261,0.327,0.455,0.495,1.078,0.862,0.408,0.056,0.287,0.648,0.639,0.337,0.217,0.698,0.446,0.337,0.013,0.426,0.766,0.75,0.248,0.051,0.204,0.541,0.756,0.081,0.117,0.521,0.397,0.067,0.009,0.01,0.493,0.748,0.194,0.403,0.006,0.578,0.702,0.921,0.773,0.304,0.137,0.201,0.024,0.183,0.751,-0.253,0.582,0,0,0.001,0,0,0,0.001,0.001,0.001,0.042,0.046,0,0,0,0.001,0,0,0.001,0,0.015,0,0,0,0,0.001,0.001,0,0.001,0,0.001,0.001,0,0.001,0.011,0,0.001,0.001,0.028,0,0,0,0.001,0,0.001,0,17.992,0.158
00:21.8,2253,0.353,0.419,0.623,0.558,0.343,0.632,-0.431,-0.545,-0.275,-0.054,-0.753,-0.595,-0.665,-0.629,0.286,0.283,-0.456,-0.484,-0.349,-0.66,0.681,-0.054,-0.728,0.054,0.261,0.327,0.455,0.495,1.078,0.862,0.408,0.056,0.287,0.648,0.639,0.337,0.217,0.698,0.446,0.337,0.013,0.426,0.766,0.75,0.248,0.051,0.204,0.541,0.756,0.081,0.117,0.521,0.397,0.067,0.009,0.01,0.493,0.748,0.194,0.403,0.006,0.578,0.702,0.921,0.773,0.304,0.137,0.201,0.024,0.183,0.751,-0.253,0.582,0,0,0.001,0,0,0,0.001,0.001,0.001,0.042,0.046,0,0,0,0.001,0,0,0.001,0,0.015,0,0,0,0,0.001,0.001,0,0.001,0,0.001,0.001,0,0.001,0.011,0,0.001,0.001,0.028,0,0,0,0.001,0,0.001,0,17.992,0.158
00:21.8,2254,0.354,0.419,0.624,0.557,0.341,0.632,-0.431,-0.547,-0.271,-0.054,-0.754,-0.596,-0.661,-0.634,0.282,0.284,-0.458,-0.483,-0.347,-0.66,0.681,-0.054,-0.728,0.054,0.261,0.327,0.455,0.495,1.078,0.862,0.408,0.056,0.287,0.648,0.639,0.337,0.217,0.698,0.446,0.337,0.013,0.426,0.766,0.75,0.248,0.051,0.204,0.541,0.756,0.081,0.117,0.521,0.397,0.067,0.009,0.01,0.493,0.748,0.194,0.403,0.006,0.578,0.702,0.921,0.773,0.304,0.137,0.201,0.024,0.183,0.751,-0.253,0.582,0,0,0.001,0,0,0,0.001,0.001,0.001,0.042,0.046,0,0,0,0.001,0,0,0.001,0,0.015,0,0,0,0,0.001,0.001,0,0.001,0,0.001,0.001,0,0.001,0.011,0,0.001,0.001,0.028,0,0,0,0.001,0,0.001,0,17.992,0.158
00:21.8,2255,0.354,0.419,0.624,0.556,0.339,0.632,-0.43,-0.548,-0.268,-0.054,-0.755,-0.596,-0.658,-0.638,0.279,0.287,-0.461,-0.483,-0.346,-0.659,0.673,-0.082,-0.734,0.028,0.244,0.321,0.453,0.485,1.07,0.864,0.409,0.057,0.278,0.637,0.629,0.328,0.221,0.701,0.446,0.337,0.013,0.416,0.762,0.746,0.242,0.055,0.204,0.541,0.756,0.079,0.118,0.523,0.398,0.063,0.009,0.009,0.495,0.748,0.199,0.404,0.006,0.576,0.702,0.928,0.778,0.305,0.139,0.201,0.023,0.183,0.751,-0.253,0.582,0,0,0.001,0,0,0,0.001,0.001,0.001,0.042,0.046,0,0,0,0.001,0,0,0.001,0,0.015,0,0,0,0,0.001,0.001,0,0.001,0,0.001,0.001,0,0.001,0.011,0,0.001,0.001,0.028,0,0,0,0.001,0,0.001,0,17.918,0.158
00:21.8,2256,0.355,0.419,0.624,0.555,0.338,0.633,-0.429,-0.549,-0.266,-0.053,-0.755,-0.597,-0.654,-0.642,0.276,0.29,-0.463,-0.484,-0.345,-0.658,0.672,-0.083,-0.736,0.026,0.031,0.148,0.313,0.236,0.908,0.797,0.405,0.056,0.024,0.422,0.488,0.199,0.155,0.685,0.454,0.348,0.026,0.139,0.52,0.549,0.071,0.024,0.205,0.543,0.757,0.12,0.175,0.509,0.352,0.001,0.005,0.01,0.51,0.766,0.314,0.431,0.006,0.581,0.707,1.046,0.875,0.309,0.137,0.294,0.106,0.183,0.751,-0.253,0.582,0,0,0.001,0,0,0,0.001,0.001,0.001,0.042,0.046,0,0,0,0.001,0,0,0.001,0,0.015,0,0,0,0,0.001,0.001,0,0.001,0,0.001,0.001,0,0.001,0.011,0,0.001,0.001,0.028,0,0,0,0.001,0,0.001,0,15.757,0.158
00:21.8,2257,0.356,0.419,0.624,0.555,0.336,0.633,-0.428,-0.55,-0.263,-0.051,-0.756,-0.597,-0.651,-0.644,0.275,0.294,-0.464,-0.485,-0.345,-0.656,0.67,-0.085,-0.737,0.023,0.018,0.115,0.256,0.199,0.889,0.792,0.404,0.056,0.006,0.41,0.466,0.159,0.128,0.669,0.453,0.349,0.022,0.109,0.481,0.508,0.056,0.021,0.211,0.543,0.756,0.122,0.192,0.47,0.331,0.001,0.004,0.011,0.513,0.767,0.332,0.44,0.006,0.582,0.708,1.066,0.88,0.31,0.14,0.302,0.128,0.1,0.764,-0.245,0.589,0,0.001,0.001,0,0.001,0.001,0.001,0.001,0,0.042,0.048,0,0,0,0.001,0.001,0,0,0,0.013,0.001,0.001,0,0.001,0,0,0,0,0.001,0,0,0,0.001,0.012,0.001,0,0,0.028,0,0.001,0.001,0,0,0.001,0.001,15.381,0.161
00:21.8,2258,0.357,0.419,0.624,0.554,0.334,0.634,-0.427,-0.552,-0.262,-0.049,-0.757,-0.597,-0.648,-0.646,0.274,0.297,-0.465,-0.485,-0.345,-0.655,0.668,-0.089,-0.738,0.019,0.004,0.079,0.209,0.16,0.868,0.79,0.405,0.054,0.001,0.358,0.452,0.149,0.107,0.654,0.453,0.349,0.029,0.065,0.435,0.499,0.031,0.015,0.209,0.543,0.755,0.121,0.19,0.418,0.286,0.001,0.002,0.011,0.514,0.769,0.347,0.452,0.006,0.586,0.712,1.092,0.904,0.311,0.142,0.3,0.144,0.087,0.765,-0.243,0.59,0,0.001,0,0.001,0.001,0,0,0,0,0.026,0.06,0,0,0,0,0.001,0.001,0,0.001,0.012,0,0,0.001,0.001,0,0,0,0,0,0,0,0,0.001,0.012,0.001,0.001,0,0.038,0.001,0,0,0.001,0,0.001,0.001,14.981,0.163
00:21.8,2259,0.359,0.419,0.624,0.553,0.332,0.634,-0.425,-0.554,-0.261,-0.048,-0.757,-0.597,-0.645,-0.647,0.275,0.301,-0.466,-0.486,-0.345,-0.654,0.668,-0.089,-0.738,0.019,0.004,0.079,0.209,0.16,0.868,0.79,0.405,0.054,0.001,0.358,0.452,0.149,0.107,0.654,0.453,0.349,0.029,0.065,0.435,0.499,0.031,0.015,0.209,0.543,0.755,0.121,0.19,0.418,0.286,0.001,0.002,0.011,0.514,0.769,0.347,0.452,0.006,0.586,0.712,1.092,0.904,0.311,0.142,0.3,0.144,0.07,0.768,-0.24,0.59,0,0.001,0.001,0.001,0,0.001,0,0,0,0.026,0.06,0,0,0.001,0,0,0,0,0,0.011,0,0,0.001,0,0,0,0,0,0.001,0.001,0,0,0.001,0.012,0,0.001,0,0.039,0.001,0,0.001,0,0,0,0,14.981,0.16
00:21.8,2260,0.361,0.419,0.623,0.553,0.33,0.635,-0.424,-0.556,-0.261,-0.046,-0.758,-0.596,-0.643,-0.647,0.275,0.304,-0.468,-0.485,-0.344,-0.653,0.668,-0.089,-0.738,0.019,0.004,0.079,0.209,0.16,0.868,0.79,0.405,0.054,0.001,0.358,0.452,0.149,0.107,0.654,0.453,0.349,0.029,0.065,0.435,0.499,0.031,0.015,0.209,0.543,0.755,0.121,0.19,0.418,0.286,0.001,0.002,0.011,0.514,0.769,0.347,0.452,0.006,0.586,0.712,1.092,0.904,0.311,0.142,0.3,0.144,0.056,0.77,-0.239,0.59,0,0,0,0,0.001,0.001,0,0.001,0,0.023,0.06,0,0.001,0,0,0.001,0,0,0.001,0.011,0.001,0,0.001,0.001,0.001,0,0,0.001,0,0,0,0,0,0.012,0.001,0.001,0,0.042,0.001,0.001,0.001,0.001,0,0,0.001,14.981,0.166
00:21.9,2261,0.363,0.419,0.622,0.552,0.328,0.635,-0.422,-0.557,-0.262,-0.045,-0.759,-0.595,-0.642,-0.647,0.277,0.305,-0.469,-0.485,-0.344,-0.653,0.668,-0.089,-0.738,0.019,0.004,0.079,0.209,0.16,0.868,0.79,0.405,0.054,0.001,0.358,0.452,0.149,0.107,0.654,0.453,0.349,0.029,0.065,0.435,0.499,0.031,0.015,0.209,0.543,0.755,0.121,0.19,0.418,0.286,0.001,0.002,0.011,0.514,0.769,0.347,0.452,0.006,0.586,0.712,1.092,0.904,0.311,0.142,0.3,0.144,0.041,0.772,-0.237,0.589,0,0,0.001,0.001,0.001,0.001,0,0,0,0.022,0.06,0.001,0.001,0.001,0.001,0,0.001,0,0.001,0.009,0.001,0,0,0,0,0,0,0,0.001,0.001,0.001,0,0.001,0.012,0.001,0,0.001,0.045,0.001,0,0.001,0,0,0.001,0,14.981,0.168
00:21.9,2262,0.365,0.42,0.621,0.552,0.326,0.635,-0.421,-0.559,-0.263,-0.045,-0.759,-0.594,-0.641,-0.646,0.279,0.306,-0.471,-0.484,-0.344,-0.652,0.668,-0.089,-0.738,0.019,0.004,0.079,0.209,0.16,0.868,0.79,0.405,0.054,0.001,0.358,0.452,0.149,0.107,0.654,0.453,0.349,0.029,0.065,0.435,0.499,0.031,0.015,0.209,0.543,0.755,0.121,0.19,0.418,0.286,0.001,0.002,0.011,0.514,0.769,0.347,0.452,0.006,0.586,0.712,1.092,0.904,0.311,0.142,0.3,0.144,0.022,0.774,-0.235,0.587,0,0.001,0,0.001,0.001,0,0.001,0,0,0.022,0.059,0,0.001,0,0.001,0.001,0.001,0,0,0.009,0.001,0.001,0.001,0,0,0,0,0,0,0.001,0,0.001,0,0.012,0,0,0,0.044,0,0.001,0.001,0,0.001,0,0.001,14.981,0.163
00:21.9,2263,0.367,0.42,0.62,0.551,0.324,0.636,-0.419,-0.562,-0.263,-0.045,-0.76,-0.593,-0.64,-0.647,0.281,0.305,-0.473,-0.484,-0.343,-0.652,0.668,-0.089,-0.738,0.019,0.004,0.079,0.209,0.16,0.868,0.79,0.405,0.054,0.001,0.358,0.452,0.149,0.107,0.654,0.453,0.349,0.029,0.065,0.435,0.499,0.031,0.015,0.209,0.543,0.755,0.121,0.19,0.418,0.286,0.001,0.002,0.011,0.514,0.769,0.347,0.452,0.006,0.586,0.712,1.092,0.904,0.311,0.142,0.3,0.144,0.006,0.775,-0.234,0.587,0,0,0,0,0,0,0,0,0.001,0.022,0.054,0,0,0,0.001,0.001,0,0.001,0.001,0.01,0.001,0.001,0.001,0.001,0.001,0.001,0.001,0,0,0.001,0,0.001,0.001,0.012,0,0.001,0.001,0.044,0.001,0.001,0,0,0,0.001,0,14.981,0.162
00:21.9,2264,0.37,0.421,0.619,0.551,0.32,0.637,-0.416,-0.564,-0.264,-0.046,-0.76,-0.592,-0.639,-0.647,0.283,0.303,-0.476,-0.483,-0.341,-0.651,0.668,-0.089,-0.738,0.019,0.004,0.079,0.209,0.16,0.868,0.79,0.405,0.054,0.001,0.358,0.452,0.149,0.107,0.654,0.453,0.349,0.029,0.065,0.435,0.499,0.031,0.015,0.209,0.543,0.755,0.121,0.19,0.418,0.286,0.001,0.002,0.011,0.514,0.769,0.347,0.452,0.006,0.586,0.712,1.092,0.904,0.311,0.142,0.3,0.144,-0.014,0.776,-0.232,0.586,0,0.001,0.001,0,0,0,0,0.001,0,0.023,0.054,0,0.001,0,0.001,0.001,0,0.001,0,0.009,0.001,0,0,0.001,0,0,0,0,0,0.001,0.001,0,0.001,0.012,0.001,0.001,0.001,0.044,0.001,0,0.001,0.001,0,0,0,14.981,0.16
00:21.9,2265,0.372,0.421,0.618,0.55,0.317,0.638,-0.414,-0.567,-0.264,-0.048,-0.761,-0.591,-0.639,-0.648,0.286,0.3,-0.478,-0.484,-0.339,-0.65,0.661,-0.112,-0.742,-0.005,0.006,0.066,0.205,0.155,0.849,0.791,0.404,0.055,0.001,0.348,0.443,0.128,0.104,0.651,0.454,0.35,0.028,0.046,0.426,0.497,0.024,0.015,0.209,0.545,0.755,0.12,0.194,0.408,0.27,0.001,0.001,0.01,0.514,0.769,0.347,0.447,0.006,0.586,0.713,1.104,0.922,0.311,0.143,0.304,0.148,-0.027,0.776,-0.231,0.586,0.001,0.001,0.001,0,0.001,0.001,0,0,0,0.021,0.054,0.001,0,0.001,0.001,0,0,0,0,0.009,0,0,0.001,0.001,0,0,0.001,0.001,0.001,0.001,0.001,0,0,0.012,0,0,0,0.042,0,0.001,0,0.001,0.001,0.001,0,14.873,0.157
00:21.9,2266,0.374,0.422,0.617,0.549,0.313,0.638,-0.412,-0.57,-0.265,-0.05,-0.761,-0.59,-0.639,-0.649,0.287,0.296,-0.481,-0.485,-0.337,-0.648,0.661,-0.115,-0.741,-0.008,0.001,0.001,0.001,0.001,0.711,0.778,0.396,0.059,0.001,0.137,0.212,0.009,0.015,0.573,0.453,0.352,0.037,0.001,0.205,0.333,0.001,0.001,0.123,0.541,0.748,0.144,0.222,0.143,0.038,0.001,0.001,0.005,0.521,0.77,0.398,0.487,0.005,0.593,0.728,1.187,1.007,0.331,0.161,0.346,0.288,-0.047,0.775,-0.23,0.587,0.001,0,0.001,0.001,0.001,0.001,0,0.001,0,0.022,0.054,0.001,0,0,0,0.001,0,0,0.001,0.009,0.001,0,0,0,0.001,0,0,0,0.001,0,0.001,0,0,0.012,0.001,0.001,0.001,0.034,0,0.001,0.001,0.001,0.001,0.001,0,13.066,0.152
00:21.9,2267,0.375,0.422,0.616,0.549,0.31,0.639,-0.41,-0.572,-0.266,-0.052,-0.762,-0.588,-0.638,-0.651,0.289,0.292,-0.484,-0.487,-0.334,-0.646,0.661,-0.117,-0.741,-0.011,0.001,0.001,0.001,0.001,0.687,0.767,0.394,0.057,0,0.128,0.199,0.001,0.006,0.56,0.449,0.354,0.04,0.001,0.204,0.295,0.001,0.001,0.104,0.543,0.748,0.145,0.232,0.127,0.022,0.001,0.001,0.005,0.523,0.767,0.41,0.498,0.005,0.596,0.729,1.193,1.013,0.333,0.165,0.343,0.291,-0.061,0.773,-0.229,0.588,0,0,0.001,0.001,0.001,0,0,0.001,0.001,0.022,0.056,0,0.001,0,0.001,0.001,0,0.001,0,0.009,0.001,0,0,0.001,0,0,0.001,0,0.001,0,0.001,0,0.001,0.012,0,0.001,0,0.031,0.001,0.001,0,0,0.001,0,0.001,12.942,0.15
00:21.9,2268,0.377,0.423,0.615,0.549,0.307,0.639,-0.409,-0.575,-0.267,-0.053,-0.763,-0.586,-0.638,-0.652,0.29,0.289,-0.486,-0.489,-0.333,-0.643,0.661,-0.121,-0.74,-0.015,0.001,0.001,0.001,0.001,0.647,0.757,0.393,0.06,0.001,0.121,0.186,0.001,0.001,0.535,0.448,0.353,0.039,0.001,0.215,0.27,0.001,0.001,0.099,0.543,0.75,0.153,0.241,0.111,0.013,0.001,0.001,0.004,0.521,0.767,0.416,0.508,0.005,0.6,0.733,1.204,1.018,0.333,0.166,0.347,0.309,-0.077,0.771,-0.228,0.589,0.001,0,0,0.001,0,0,0,0.001,0,0.021,0.056,0.001,0,0,0,0.001,0,0,0,0.009,0.001,0,0,0,0,0,0,0,0.001,0.001,0.001,0.001,0,0.012,0,0.001,0,0.031,0,0,0.001,0,0,0,0,12.877,0.141
00:21.9,2269,0.378,0.423,0.613,0.549,0.304,0.64,-0.407,-0.577,-0.269,-0.055,-0.764,-0.584,-0.638,-0.653,0.291,0.285,-0.488,-0.491,-0.332,-0.641,0.661,-0.124,-0.74,-0.018,0.001,0.001,0.001,0.001,0.614,0.725,0.389,0.06,0.001,0.131,0.167,0.001,0.001,0.515,0.446,0.353,0.043,0.001,0.217,0.263,0.001,0.001,0.088,0.545,0.748,0.158,0.241,0.096,0.007,0.001,0.001,0.004,0.524,0.766,0.42,0.502,0.004,0.602,0.734,1.203,1.026,0.336,0.167,0.353,0.326,-0.09,0.769,-0.228,0.59,0,0,0.001,0,0.001,0.001,0.001,0,0,0.02,0.054,0.001,0.001,0,0,0,0,0,0,0.009,0,0,0,0,0.001,0.001,0,0,0,0.001,0,0.001,0,0.012,0.001,0.001,0,0.028,0.001,0.001,0,0.001,0,0.001,0.001,12.785,0.14
00:21.9,2270,0.379,0.424,0.612,0.549,0.301,0.64,-0.406,-0.579,-0.271,-0.056,-0.765,-0.582,-0.638,-0.654,0.292,0.282,-0.488,-0.493,-0.331,-0.639,0.66,-0.129,-0.74,-0.023,0.001,0.001,0.001,0.001,0.607,0.696,0.387,0.057,0.001,0.136,0.162,0.001,0.001,0.484,0.443,0.353,0.048,0.001,0.232,0.249,0.001,0.001,0.073,0.54,0.746,0.165,0.244,0.074,0.007,0.001,0.001,0.004,0.524,0.767,0.426,0.505,0.004,0.606,0.736,1.215,1.028,0.338,0.171,0.349,0.337,-0.102,0.767,-0.227,0.591,0.001,0,0.001,0.001,0,0.001,0,0.001,0,0.021,0.054,0,0.001,0.001,0,0.001,0,0,0,0.009,0,0,0.001,0,0.001,0.001,0,0.001,0.001,0,0,0,0.001,0.012,0,0.001,0,0.024,0,0,0.001,0,0,0.001,0,12.725,0.137
00:22.0,2271,0.38,0.425,0.612,0.549,0.298,0.641,-0.404,-0.581,-0.273,-0.058,-0.766,-0.579,-0.637,-0.655,0.293,0.28,-0.489,-0.494,-0.331,-0.638,0.66,-0.133,-0.739,-0.026,0.001,0.001,0.001,0.001,0.584,0.667,0.385,0.057,0.001,0.137,0.153,0.001,0.001,0.453,0.438,0.349,0.046,0.001,0.231,0.245,0.001,0.001,0.051,0.536,0.746,0.17,0.248,0.056,0.001,0.001,0.001,0.004,0.524,0.766,0.432,0.509,0.002,0.611,0.737,1.215,1.037,0.342,0.173,0.35,0.341,-0.102,0.767,-0.227,0.591,0.001,0,0.001,0.001,0,0.001,0,0.001,0,0.021,0.054,0,0.001,0.001,0,0.001,0,0,0,0.009,0,0,0.001,0,0.001,0.001,0,0.001,0.001,0,0,0,0.001,0.012,0,0.001,0,0.024,0,0,0.001,0,0,0.001,0,12.608,0.137
00:22.0,2272,0.38,0.425,0.611,0.549,0.294,0.642,-0.402,-0.583,-0.275,-0.059,-0.767,-0.577,-0.637,-0.656,0.295,0.278,-0.49,-0.496,-0.331,-0.636,0.66,-0.138,-0.738,-0.03,0.001,0.001,0.001,0.001,0.568,0.64,0.38,0.055,0.001,0.15,0.147,0.001,0.001,0.372,0.43,0.349,0.046,0.001,0.243,0.234,0.001,0.001,0.045,0.532,0.744,0.173,0.252,0.048,0.001,0.001,0.001,0.002,0.525,0.767,0.441,0.504,0.002,0.618,0.741,1.212,1.053,0.348,0.173,0.349,0.347,-0.102,0.767,-0.227,0.591,0.001,0,0.001,0.001,0,0.001,0,0.001,0,0.021,0.054,0,0.001,0.001,0,0.001,0,0,0,0.009,0,0,0.001,0,0.001,0.001,0,0.001,0.001,0,0,0,0.001,0.012,0,0.001,0,0.024,0,0,0.001,0,0,0.001,0,12.503,0.137
00:22.0,2273,0.38,0.426,0.61,0.549,0.29,0.642,-0.399,-0.586,-0.276,-0.061,-0.767,-0.576,-0.637,-0.656,0.297,0.276,-0.49,-0.496,-0.33,-0.636,0.659,-0.142,-0.737,-0.033,0.001,0.001,0.001,0.001,0.527,0.62,0.377,0.053,0.001,0.15,0.142,0.001,0.001,0.306,0.414,0.346,0.045,0.001,0.236,0.217,0.001,0.001,0.031,0.526,0.745,0.173,0.243,0.043,0.001,0.001,0.001,0.002,0.523,0.769,0.447,0.512,0.002,0.628,0.742,1.215,1.061,0.355,0.176,0.348,0.346,-0.102,0.767,-0.227,0.591,0.001,0,0.001,0.001,0,0.001,0,0.001,0,0.021,0.054,0,0.001,0.001,0,0.001,0,0,0,0.009,0,0,0.001,0,0.001,0.001,0,0.001,0.001,0,0,0,0.001,0.012,0,0.001,0,0.024,0,0,0.001,0,0,0.001,0,12.333,0.137
00:22.0,2274,0.381,0.427,0.609,0.55,0.286,0.643,-0.397,-0.589,-0.277,-0.062,-0.767,-0.576,-0.637,-0.655,0.3,0.274,-0.491,-0.497,-0.33,-0.635,0.659,-0.142,-0.737,-0.033,0.001,0.001,0.001,0.001,0.527,0.62,0.377,0.053,0.001,0.15,0.142,0.001,0.001,0.306,0.414,0.346,0.045,0.001,0.236,0.217,0.001,0.001,0.031,0.526,0.745,0.173,0.243,0.043,0.001,0.001,0.001,0.002,0.523,0.769,0.447,0.512,0.002,0.628,0.742,1.215,1.061,0.355,0.176,0.348,0.346,-0.102,0.767,-0.227,0.591,0.001,0,0.001,0.001,0,0.001,0,0.001,0,0.021,0.054,0,0.001,0.001,0,0.001,0,0,0,0.009,0,0,0.001,0,0.001,0.001,0,0.001,0.001,0,0,0,0.001,0.012,0,0.001,0,0.024,0,0,0.001,0,0,0.001,0,12.333,0.137
00:22.0,2275,0.383,0.427,0.608,0.549,0.281,0.644,-0.395,-0.593,-0.276,-0.063,-0.767,-0.576,-0.639,-0.653,0.304,0.271,-0.491,-0.497,-0.329,-0.635,0.659,-0.142,-0.737,-0.033,0.001,0.001,0.001,0.001,0.527,0.62,0.377,0.053,0.001,0.15,0.142,0.001,0.001,0.306,0.414,0.346,0.045,0.001,0.236,0.217,0.001,0.001,0.031,0.526,0.745,0.173,0.243,0.043,0.001,0.001,0.001,0.002,0.523,0.769,0.447,0.512,0.002,0.628,0.742,1.215,1.061,0.355,0.176,0.348,0.346,-0.102,0.767,-0.227,0.591,0.001,0,0.001,0.001,0,0.001,0,0.001,0,0.021,0.054,0,0.001,0.001,0,0.001,0,0,0,0.009,0,0,0.001,0,0.001,0.001,0,0.001,0.001,0,0,0,0.001,0.012,0,0.001,0,0.024,0,0,0.001,0,0,0.001,0,12.333,0.137
00:22.0,2276,0.385,0.427,0.606,0.549,0.275,0.644,-0.392,-0.596,-0.273,-0.063,-0.766,-0.578,-0.64,-0.651,0.309,0.266,-0.492,-0.497,-0.328,-0.635,0.659,-0.142,-0.737,-0.033,0.001,0.001,0.001,0.001,0.527,0.62,0.377,0.053,0.001,0.15,0.142,0.001,0.001,0.306,0.414,0.346,0.045,0.001,0.236,0.217,0.001,0.001,0.031,0.526,0.745,0.173,0.243,0.043,0.001,0.001,0.001,0.002,0.523,0.769,0.447,0.512,0.002,0.628,0.742,1.215,1.061,0.355,0.176,0.348,0.346,-0.102,0.767,-0.227,0.591,0.001,0,0.001,0.001,0,0.001,0,0.001,0,0.021,0.054,0,0.001,0.001,0,0.001,0,0,0,0.009,0,0,0.001,0,0.001,0.001,0,0.001,0.001,0,0,0,0.001,0.012,0,0.001,0,0.024,0,0,0.001,0,0,0.001,0,12.333,0.137
00:22.0,2277,0.387,0.428,0.605,0.549,0.27,0.644,-0.39,-0.6,-0.271,-0.063,-0.767,-0.579,-0.64,-0.649,0.317,0.261,-0.492,-0.497,-0.327,-0.636,0.659,-0.142,-0.737,-0.033,0.001,0.001,0.001,0.001,0.527,0.62,0.377,0.053,0.001,0.15,0.142,0.001,0.001,0.306,0.414,0.346,0.045,0.001,0.236,0.217,0.001,0.001,0.031,0.526,0.745,0.173,0.243,0.043,0.001,0.001,0.001,0.002,0.523,0.769,0.447,0.512,0.002,0.628,0.742,1.215,1.061,0.355,0.176,0.348,0.346,-0.111,0.744,-0.225,0.619,0,0.001,0,0,0.001,0.001,0,0,0,0.021,0.056,0.001,0,0.001,0.001,0,0,0,0,0.009,0.001,0.001,0,0.001,0,0,0.001,0.001,0,0.001,0,0.001,0,0.012,0.001,0,0.001,0.024,0,0.001,0,0,0.001,0.001,0.001,12.333,0.141
00:22.0,2278,0.389,0.43,0.603,0.548,0.265,0.644,-0.388,-0.604,-0.268,-0.062,-0.769,-0.577,-0.639,-0.649,0.325,0.254,-0.491,-0.497,-0.326,-0.637,0.659,-0.142,-0.737,-0.033,0.001,0.001,0.001,0.001,0.527,0.62,0.377,0.053,0.001,0.15,0.142,0.001,0.001,0.306,0.414,0.346,0.045,0.001,0.236,0.217,0.001,0.001,0.031,0.526,0.745,0.173,0.243,0.043,0.001,0.001,0.001,0.002,0.523,0.769,0.447,0.512,0.002,0.628,0.742,1.215,1.061,0.355,0.176,0.348,0.346,-0.119,0.742,-0.211,0.625,0,0.005,0.001,0,0.364,0.759,0.822,0.02,0,0.118,0.245,0.001,0,0.217,0.432,0.258,0.198,0.001,0.004,0.001,0,0,0.001,0.357,0.735,0.001,0.009,0.005,0.001,0,0.001,0,0.358,0.507,0.001,0.357,0.001,0.295,0.453,0.001,0.278,0.158,0.073,0.001,0.001,12.333,7.04
00:22.0,2279,0.392,0.431,0.6,0.548,0.259,0.643,-0.386,-0.608,-0.267,-0.063,-0.772,-0.573,-0.637,-0.651,0.331,0.248,-0.49,-0.497,-0.325,-0.638,0.659,-0.142,-0.737,-0.033,0.001,0.001,0.001,0.001,0.527,0.62,0.377,0.053,0.001,0.15,0.142,0.001,0.001,0.306,0.414,0.346,0.045,0.001,0.236,0.217,0.001,0.001,0.031,0.526,0.745,0.173,0.243,0.043,0.001,0.001,0.001,0.002,0.523,0.769,0.447,0.512,0.002,0.628,0.742,1.215,1.061,0.355,0.176,0.348,0.346,-0.119,0.742,-0.211,0.625,0,0.005,0.001,0,0.364,0.759,0.822,0.02,0,0.118,0.245,0.001,0,0.217,0.432,0.258,0.198,0.001,0.004,0.001,0,0,0.001,0.357,0.735,0.001,0.009,0.005,0.001,0,0.001,0,0.358,0.507,0.001,0.357,0.001,0.295,0.453,0.001,0.278,0.158,0.073,0.001,0.001,12.333,7.04
00:22.0,2280,0.395,0.432,0.598,0.547,0.254,0.642,-0.383,-0.613,-0.267,-0.065,-0.774,-0.57,-0.635,-0.652,0.333,0.249,-0.49,-0.497,-0.324,-0.638,0.655,-0.179,-0.732,-0.055,0.001,0.001,0.001,0.001,0.524,0.619,0.379,0.051,0.001,0.148,0.136,0.001,0.001,0.3,0.414,0.342,0.045,0.001,0.237,0.219,0.001,0.001,0.032,0.525,0.745,0.175,0.245,0.039,0.001,0.001,0.001,0.002,0.523,0.769,0.447,0.505,0.002,0.63,0.745,1.217,1.061,0.357,0.176,0.348,0.342,-0.119,0.742,-0.211,0.625,0,0.005,0.001,0,0.364,0.759,0.822,0.02,0,0.118,0.245,0.001,0,0.217,0.432,0.258,0.198,0.001,0.004,0.001,0,0,0.001,0.357,0.735,0.001,0.009,0.005,0.001,0,0.001,0,0.358,0.507,0.001,0.357,0.001,0.295,0.453,0.001,0.278,0.158,0.073,0.001,0.001,12.312,7.04
00:22.1,2281,0.397,0.434,0.595,0.547,0.248,0.641,-0.381,-0.619,-0.267,-0.07,-0.775,-0.568,-0.631,-0.653,0.334,0.255,-0.489,-0.498,-0.323,-0.639,0.655,-0.179,-0.732,-0.055,0.001,0.001,0.001,0.001,0.524,0.619,0.379,0.051,0.001,0.148,0.136,0.001,0.001,0.3,0.414,0.342,0.045,0.001,0.237,0.219,0.001,0.001,0.032,0.525,0.745,0.175,0.245,0.039,0.001,0.001,0.001,0.002,0.523,0.769,0.447,0.505,0.002,0.63,0.745,1.217,1.061,0.357,0.176,0.348,0.342,-0.119,0.742,-0.211,0.625,0,0.005,0.001,0,0.364,0.759,0.822,0.02,0,0.118,0.245,0.001,0,0.217,0.432,0.258,0.198,0.001,0.004,0.001,0,0,0.001,0.357,0.735,0.001,0.009,0.005,0.001,0,0.001,0,0.358,0.507,0.001,0.357,0.001,0.295,0.453,0.001,0.278,0.158,0.073,0.001,0.001,12.312,7.04
00:22.1,2282,0.4,0.437,0.591,0.547,0.243,0.639,-0.379,-0.624,-0.264,-0.075,-0.775,-0.569,-0.626,-0.653,0.335,0.263,-0.487,-0.499,-0.322,-0.64,0.655,-0.179,-0.732,-0.055,0.001,0.001,0.001,0.001,0.524,0.619,0.379,0.051,0.001,0.148,0.136,0.001,0.001,0.3,0.414,0.342,0.045,0.001,0.237,0.219,0.001,0.001,0.032,0.525,0.745,0.175,0.245,0.039,0.001,0.001,0.001,0.002,0.523,0.769,0.447,0.505,0.002,0.63,0.745,1.217,1.061,0.357,0.176,0.348,0.342,-0.119,0.742,-0.211,0.625,0,0.005,0.001,0,0.364,0.759,0.822,0.02,0,0.118,0.245,0.001,0,0.217,0.432,0.258,0.198,0.001,0.004,0.001,0,0,0.001,0.357,0.735,0.001,0.009,0.005,0.001,0,0.001,0,0.358,0.507,0.001,0.357,0.001,0.295,0.453,0.001,0.278,0.158,0.073,0.001,0.001,12.312,7.04
00:22.1,2283,0.402,0.44,0.587,0.548,0.238,0.637,-0.378,-0.628,-0.26,-0.077,-0.777,-0.569,-0.625,-0.65,0.338,0.269,-0.485,-0.5,-0.322,-0.641,0.655,-0.179,-0.732,-0.055,0.001,0.001,0.001,0.001,0.524,0.619,0.379,0.051,0.001,0.148,0.136,0.001,0.001,0.3,0.414,0.342,0.045,0.001,0.237,0.219,0.001,0.001,0.032,0.525,0.745,0.175,0.245,0.039,0.001,0.001,0.001,0.002,0.523,0.769,0.447,0.505,0.002,0.63,0.745,1.217,1.061,0.357,0.176,0.348,0.342,-0.119,0.742,-0.211,0.625,0,0.005,0.001,0,0.364,0.759,0.822,0.02,0,0.118,0.245,0.001,0,0.217,0.432,0.258,0.198,0.001,0.004,0.001,0,0,0.001,0.357,0.735,0.001,0.009,0.005,0.001,0,0.001,0,0.358,0.507,0.001,0.357,0.001,0.295,0.453,0.001,0.278,0.158,0.073,0.001,0.001,12.312,7.04
00:22.1,2284,0.403,0.445,0.582,0.549,0.234,0.634,-0.378,-0.632,-0.26,-0.076,-0.778,-0.567,-0.627,-0.645,0.342,0.273,-0.481,-0.502,-0.324,-0.642,0.655,-0.179,-0.732,-0.055,0.001,0.001,0.001,0.001,0.524,0.619,0.379,0.051,0.001,0.148,0.136,0.001,0.001,0.3,0.414,0.342,0.045,0.001,0.237,0.219,0.001,0.001,0.032,0.525,0.745,0.175,0.245,0.039,0.001,0.001,0.001,0.002,0.523,0.769,0.447,0.505,0.002,0.63,0.745,1.217,1.061,0.357,0.176,0.348,0.342,-0.119,0.742,-0.211,0.625,0,0.005,0.001,0,0.364,0.759,0.822,0.02,0,0.118,0.245,0.001,0,0.217,0.432,0.258,0.198,0.001,0.004,0.001,0,0,0.001,0.357,0.735,0.001,0.009,0.005,0.001,0,0.001,0,0.358,0.507,0.001,0.357,0.001,0.295,0.453,0.001,0.278,0.158,0.073,0.001,0.001,12.312,7.04
00:22.1,2285,0.403,0.449,0.577,0.55,0.232,0.632,-0.377,-0.636,-0.267,-0.074,-0.778,-0.564,-0.63,-0.637,0.347,0.277,-0.477,-0.503,-0.326,-0.643,0.655,-0.179,-0.732,-0.055,0.001,0.001,0.001,0.001,0.524,0.619,0.379,0.051,0.001,0.148,0.136,0.001,0.001,0.3,0.414,0.342,0.045,0.001,0.237,0.219,0.001,0.001,0.032,0.525,0.745,0.175,0.245,0.039,0.001,0.001,0.001,0.002,0.523,0.769,0.447,0.505,0.002,0.63,0.745,1.217,1.061,0.357,0.176,0.348,0.342,-0.122,0.702,-0.184,0.677,0.001,0.265,0.034,0,0.601,0.851,0.79,0.02,0.001,0.442,0.44,0.001,0.001,0.284,0.411,0.254,0.255,0,0.355,0.187,0.001,0.001,0.001,0.37,0.739,0,0.005,0.034,0,0,0.001,0.001,0.382,0.567,0,0.403,0.001,0.344,0.477,0.001,0.385,0.19,0.132,0.001,0,12.312,9.229
00:22.1,2286,0.403,0.454,0.571,0.552,0.23,0.63,-0.375,-0.64,-0.276,-0.073,-0.776,-0.562,-0.634,-0.626,0.355,0.283,-0.474,-0.502,-0.329,-0.644,0.655,-0.179,-0.732,-0.055,0.001,0.001,0.001,0.001,0.524,0.619,0.379,0.051,0.001,0.148,0.136,0.001,0.001,0.3,0.414,0.342,0.045,0.001,0.237,0.219,0.001,0.001,0.032,0.525,0.745,0.175,0.245,0.039,0.001,0.001,0.001,0.002,0.523,0.769,0.447,0.505,0.002,0.63,0.745,1.217,1.061,0.357,0.176,0.348,0.342,-0.135,0.705,-0.172,0.675,0.614,0.619,0.389,0.068,0.717,0.714,0.592,0.073,0.585,0.709,0.701,0.269,0.042,0.259,0.331,0.222,0.302,0.557,0.832,0.723,0.158,0.001,0.018,0.336,0.626,0.166,0.044,0.38,0.346,0.117,0.001,0.012,0.41,0.618,0.171,0.834,0.001,0.514,0.698,0.521,1.016,0.343,0.346,0.001,0.062,12.312,17.058
00:22.1,2287,0.402,0.459,0.565,0.556,0.227,0.628,-0.373,-0.644,-0.284,-0.073,-0.774,-0.561,-0.638,-0.616,0.362,0.289,-0.473,-0.5,-0.332,-0.645,0.653,-0.312,-0.681,-0.107,0.001,0.001,0.001,0.001,0.32,0.3,0.293,0.034,0.001,0.122,0.084,0.001,0.001,0.02,0.355,0.316,0.043,0.001,0.2,0.066,0.001,0.001,0.001,0.503,0.741,0.165,0.183,0.001,0.001,0.001,0.001,0.001,0.513,0.783,0.475,0.498,0.001,0.673,0.772,1.21,1.133,0.381,0.179,0.315,0.298,-0.149,0.71,-0.156,0.671,0.661,0.635,0.416,0.095,0.733,0.719,0.604,0.083,0.586,0.712,0.709,0.284,0.04,0.256,0.339,0.226,0.3,0.565,0.84,0.73,0.167,0.001,0.02,0.332,0.624,0.166,0.043,0.375,0.331,0.115,0.001,0.011,0.403,0.614,0.168,0.83,0.001,0.502,0.697,0.52,1.007,0.336,0.339,0.001,0.06,10.992,17.197
00:22.1,2288,0.4,0.463,0.559,0.56,0.225,0.626,-0.37,-0.649,-0.287,-0.078,-0.771,-0.563,-0.639,-0.608,0.372,0.29,-0.473,-0.497,-0.336,-0.645,0.652,-0.336,-0.669,-0.113,0.001,0.001,0.001,0.001,0.072,0.001,0.128,0.001,0.001,0.001,0.001,0.001,0.001,0.001,0.089,0.125,0.001,0.001,0.001,0.031,0.001,0.001,0.001,0.118,0.534,0.06,0.002,0.001,0.001,0.001,0.001,0.001,0.278,0.757,0.375,0.314,0.001,0.712,0.912,1.096,1.107,0.673,0.123,0.217,0.022,-0.155,0.714,-0.145,0.667,0.709,0.651,0.427,0.112,0.759,0.772,0.625,0.088,0.597,0.714,0.724,0.276,0.043,0.244,0.344,0.233,0.308,0.578,0.845,0.733,0.189,0.001,0.013,0.336,0.621,0.158,0.046,0.375,0.337,0.105,0.001,0.012,0.396,0.609,0.166,0.818,0.001,0.496,0.694,0.502,0.995,0.326,0.331,0.001,0.054,7.769,17.365
00:22.1,2289,0.398,0.467,0.552,0.564,0.222,0.624,-0.368,-0.653,-0.284,-0.084,-0.769,-0.567,-0.638,-0.605,0.39,0.284,-0.475,-0.494,-0.339,-0.644,0.651,-0.372,-0.651,-0.117,0.001,0.001,0.001,0.001,0.038,0.001,0.105,0.001,0.001,0.001,0.001,0.001,0.001,0.001,0.088,0.045,0.001,0.001,0.001,0.018,0.001,0.001,0.012,0.103,0.452,0.05,0.001,0.001,0.001,0.001,0.001,0.001,0.289,0.609,0.336,0.255,0.001,0.694,0.947,1.079,1.071,0.656,0.109,0.195,0.013,-0.157,0.719,-0.135,0.663,0.755,0.661,0.448,0.126,0.783,0.792,0.639,0.089,0.618,0.718,0.725,0.294,0.042,0.244,0.341,0.238,0.309,0.585,0.847,0.746,0.21,0.002,0.015,0.344,0.625,0.154,0.044,0.383,0.343,0.115,0.001,0.013,0.389,0.608,0.162,0.816,0.001,0.486,0.69,0.502,0.988,0.321,0.325,0.001,0.046,7.188,17.584
00:22.1,2290,0.397,0.471,0.546,0.568,0.219,0.621,-0.366,-0.657,-0.274,-0.092,-0.767,-0.573,-0.636,-0.604,0.393,0.273,-0.477,-0.491,-0.343,-0.643,0.662,-0.368,-0.647,-0.084,0.001,0.001,0.001,0.001,0.006,0.001,0.105,0.001,0.001,0.001,0.001,0.001,0.001,0.001,0.088,0.013,0.001,0.001,0.001,0.01,0.001,0.001,0.02,0.095,0.363,0.045,0.001,0.001,0.001,0.001,0.001,0.001,0.288,0.493,0.288,0.27,0.001,0.691,0.818,0.989,0.967,0.569,0.129,0.17,0.018,-0.157,0.719,-0.135,0.663,0.755,0.661,0.448,0.126,0.783,0.792,0.639,0.089,0.618,0.718,0.725,0.294,0.042,0.244,0.341,0.238,0.309,0.585,0.847,0.746,0.21,0.002,0.015,0.344,0.625,0.154,0.044,0.383,0.343,0.115,0.001,0.013,0.389,0.608,0.162,0.816,0.001,0.486,0.69,0.502,0.988,0.321,0.325,0.001,0.046,6.459,17.584
00:22.2,2291,0.395,0.475,0.54,0.572,0.217,0.62,-0.365,-0.659,-0.261,-0.098,-0.767,-0.578,-0.638,-0.603,0.401,0.261,-0.481,-0.488,-0.347,-0.64,0.671,-0.365,-0.644,-0.042,0.001,0.001,0.001,0.001,0.004,0.001,0.105,0.001,0.001,0.001,0.001,0.001,0.001,0.001,0.093,0.018,0.001,0.001,0.001,0.002,0.001,0.001,0.038,0.093,0.263,0.026,0.001,0.001,0.001,0.001,0.001,0.001,0.287,0.414,0.215,0.27,0.001,0.689,0.689,0.89,1.001,0.475,0.138,0.158,0.029,-0.157,0.719,-0.135,0.663,0.755,0.661,0.448,0.126,0.783,0.792,0.639,0.089,0.618,0.718,0.725,0.294,0.042,0.244,0.341,0.238,0.309,0.585,0.847,0.746,0.21,0.002,0.015,0.344,0.625,0.154,0.044,0.383,0.343,0.115,0.001,0.013,0.389,0.608,0.162,0.816,0.001,0.486,0.69,0.502,0.988,0.321,0.325,0.001,0.046,5.921,17.584
00:22.2,2292,0.394,0.479,0.534,0.575,0.216,0.621,-0.364,-0.66,-0.25,-0.104,-0.768,-0.581,-0.641,-0.602,0.414,0.249,-0.486,-0.486,-0.35,-0.637,0.677,-0.362,-0.641,-0.007,0.001,0.001,0.001,0.001,0.002,0.001,0.093,0.001,0.001,0.001,0.001,0.001,0.001,0.001,0.101,0.02,0.001,0.001,0.001,0.001,0.001,0.001,0.043,0.106,0.255,0.021,0.01,0.001,0.001,0.001,0.001,0.001,0.281,0.369,0.127,0.281,0.001,0.692,0.624,0.681,1.02,0.381,0.136,0.093,0.062,-0.157,0.719,-0.135,0.663,0.755,0.661,0.448,0.126,0.783,0.792,0.639,0.089,0.618,0.718,0.725,0.294,0.042,0.244,0.341,0.238,0.309,0.585,0.847,0.746,0.21,0.002,0.015,0.344,0.625,0.154,0.044,0.383,0.343,0.115,0.001,0.013,0.389,0.608,0.162,0.816,0.001,0.486,0.69,0.502,0.988,0.321,0.325,0.001,0.046,5.422,17.584
00:22.2,2293,0.392,0.482,0.528,0.578,0.214,0.623,-0.362,-0.659,-0.242,-0.108,-0.769,-0.582,-0.644,-0.601,0.408,0.237,-0.49,-0.485,-0.352,-0.633,0.68,-0.36,-0.638,0.026,0.001,0.001,0.001,0.001,0.001,0.001,0.066,0.001,0.001,0.001,0.001,0.001,0.001,0.007,0.104,0.016,0.001,0.001,0.001,0.001,0.001,0.001,0.037,0.11,0.259,0.022,0.023,0.001,0.001,0.001,0.001,0.001,0.28,0.349,0.063,0.31,0.001,0.653,0.557,0.495,1.04,0.299,0.095,0.033,0.082,-0.157,0.719,-0.135,0.663,0.755,0.661,0.448,0.126,0.783,0.792,0.639,0.089,0.618,0.718,0.725,0.294,0.042,0.244,0.341,0.238,0.309,0.585,0.847,0.746,0.21,0.002,0.015,0.344,0.625,0.154,0.044,0.383,0.343,0.115,0.001,0.013,0.389,0.608,0.162,0.816,0.001,0.486,0.69,0.502,0.988,0.321,0.325,0.001,0.046,4.924,17.584
00:22.2,2294,0.392,0.486,0.523,0.58,0.211,0.628,-0.36,-0.657,-0.238,-0.112,-0.77,-0.582,-0.646,-0.602,0.41,0.228,-0.493,-0.486,-0.354,-0.629,0.682,-0.358,-0.634,0.07,0.001,0.001,0.001,0.02,0.002,0.001,0.07,0.001,0.001,0.001,0.001,0.001,0.001,0.012,0.114,0.013,0.001,0.001,0.001,0.001,0.001,0.001,0.033,0.103,0.23,0.018,0.032,0.001,0.001,0.001,0.001,0.001,0.27,0.31,0.015,0.243,0.001,0.582,0.497,0.302,1.038,0.208,0.056,0.001,0.056,-0.157,0.719,-0.135,0.663,0.755,0.661,0.448,0.126,0.783,0.792,0.639,0.089,0.618,0.718,0.725,0.294,0.042,0.244,0.341,0.238,0.309,0.585,0.847,0.746,0.21,0.002,0.015,0.344,0.625,0.154,0.044,0.383,0.343,0.115,0.001,0.013,0.389,0.608,0.162,0.816,0.001,0.486,0.69,0.502,0.988,0.321,0.325,0.001,0.046,4.247,17.584
00:22.2,2295,0.392,0.489,0.518,0.582,0.207,0.634,-0.358,-0.654,-0.237,-0.115,-0.77,-0.58,-0.647,-0.602,0.41,0.225,-0.496,-0.488,-0.354,-0.625,0.682,-0.358,-0.63,0.098,0.001,0.001,0.001,0.01,0.02,0.001,0.067,0.001,0.001,0.001,0.001,0.001,0.001,0.009,0.115,0.011,0.001,0.001,0.001,0.004,0.001,0.001,0.032,0.085,0.199,0.001,0.037,0.001,0.001,0.001,0.001,0.001,0.234,0.288,0.001,0.228,0.001,0.482,0.421,0.139,0.976,0.126,0.012,0.001,0.001,-0.157,0.719,-0.135,0.663,0.755,0.661,0.448,0.126,0.783,0.792,0.639,0.089,0.618,0.718,0.725,0.294,0.042,0.244,0.341,0.238,0.309,0.585,0.847,0.746,0.21,0.002,0.015,0.344,0.625,0.154,0.044,0.383,0.343,0.115,0.001,0.013,0.389,0.608,0.162,0.816,0.001,0.486,0.69,0.502,0.988,0.321,0.325,0.001,0.046,3.52,17.584
00:22.2,2296,0.391,0.493,0.513,0.584,0.202,0.641,-0.355,-0.65,-0.238,-0.119,-0.771,-0.579,-0.647,-0.602,0.409,0.227,-0.496,-0.491,-0.353,-0.622,0.682,-0.358,-0.63,0.098,0.001,0.001,0.001,0.01,0.02,0.001,0.067,0.001,0.001,0.001,0.001,0.001,0.001,0.009,0.115,0.011,0.001,0.001,0.001,0.004,0.001,0.001,0.032,0.085,0.199,0.001,0.037,0.001,0.001,0.001,0.001,0.001,0.234,0.288,0.001,0.228,0.001,0.482,0.421,0.139,0.976,0.126,0.012,0.001,0.001,-0.117,0.72,-0.142,0.669,0.773,0.669,0.455,0.136,0.81,0.799,0.641,0.09,0.632,0.72,0.73,0.321,0.067,0.263,0.341,0.237,0.308,0.609,0.847,0.762,0.212,0.009,0.013,0.338,0.626,0.155,0.046,0.389,0.35,0.123,0.001,0.015,0.396,0.608,0.161,0.813,0.001,0.488,0.689,0.507,0.99,0.321,0.325,0.001,0.048,3.52,17.835
00:22.2,2297,0.391,0.496,0.508,0.586,0.195,0.647,-0.352,-0.647,-0.24,-0.123,-0.771,-0.577,-0.645,-0.603,0.409,0.232,-0.497,-0.495,-0.352,-0.62,0.682,-0.358,-0.63,0.098,0.001,0.001,0.001,0.01,0.02,0.001,0.067,0.001,0.001,0.001,0.001,0.001,0.001,0.009,0.115,0.011,0.001,0.001,0.001,0.004,0.001,0.001,0.032,0.085,0.199,0.001,0.037,0.001,0.001,0.001,0.001,0.001,0.234,0.288,0.001,0.228,0.001,0.482,0.421,0.139,0.976,0.126,0.012,0.001,0.001,-0.117,0.72,-0.137,0.67,0.842,0.681,0.541,0.306,0.982,0.875,0.621,0.101,0.69,0.7,0.725,0.447,0.172,0.398,0.349,0.271,0.354,0.724,0.842,0.79,0.377,0.071,0.088,0.403,0.658,0.234,0.073,0.459,0.419,0.275,0.004,0.026,0.42,0.601,0.184,0.83,0.002,0.496,0.664,0.573,1.083,0.324,0.337,0.001,0.057,3.52,20.07
00:22.2,2298,0.389,0.499,0.504,0.588,0.186,0.655,-0.349,-0.644,-0.241,-0.128,-0.77,-0.577,-0.642,-0.603,0.41,0.237,-0.496,-0.498,-0.351,-0.619,0.682,-0.358,-0.63,0.098,0.001,0.001,0.001,0.01,0.02,0.001,0.067,0.001,0.001,0.001,0.001,0.001,0.001,0.009,0.115,0.011,0.001,0.001,0.001,0.004,0.001,0.001,0.032,0.085,0.199,0.001,0.037,0.001,0.001,0.001,0.001,0.001,0.234,0.288,0.001,0.228,0.001,0.482,0.421,0.139,0.976,0.126,0.012,0.001,0.001,-0.117,0.72,-0.137,0.67,0.842,0.681,0.541,0.306,0.982,0.875,0.621,0.101,0.69,0.7,0.725,0.447,0.172,0.398,0.349,0.271,0.354,0.724,0.842,0.79,0.377,0.071,0.088,0.403,0.658,0.234,0.073,0.459,0.419,0.275,0.004,0.026,0.42,0.601,0.184,0.83,0.002,0.496,0.664,0.573,1.083,0.324,0.337,0.001,0.057,3.52,20.07
00:22.2,2299,0.388,0.502,0.5,0.59,0.174,0.662,-0.347,-0.641,-0.241,-0.132,-0.769,-0.577,-0.64,-0.602,0.412,0.241,-0.496,-0.499,-0.35,-0.618,0.682,-0.358,-0.63,0.098,0.001,0.001,0.001,0.01,0.02,0.001,0.067,0.001,0.001,0.001,0.001,0.001,0.001,0.009,0.115,0.011,0.001,0.001,0.001,0.004,0.001,0.001,0.032,0.085,0.199,0.001,0.037,0.001,0.001,0.001,0.001,0.001,0.234,0.288,0.001,0.228,0.001,0.482,0.421,0.139,0.976,0.126,0.012,0.001,0.001,-0.117,0.72,-0.137,0.67,0.842,0.681,0.541,0.306,0.982,0.875,0.621,0.101,0.69,0.7,0.725,0.447,0.172,0.398,0.349,0.271,0.354,0.724,0.842,0.79,0.377,0.071,0.088,0.403,0.658,0.234,0.073,0.459,0.419,0.275,0.004,0.026,0.42,0.601,0.184,0.83,0.002,0.496,0.664,0.573,1.083,0.324,0.337,0.001,0.057,3.52,20.07
00:22.2,2300,0.385,0.504,0.497,0.592,0.158,0.667,-0.348,-0.64,-0.239,-0.137,-0.769,-0.577,-0.638,-0.601,0.415,0.242,-0.496,-0.499,-0.35,-0.618,0.682,-0.358,-0.63,0.098,0.001,0.001,0.001,0.01,0.02,0.001,0.067,0.001,0.001,0.001,0.001,0.001,0.001,0.009,0.115,0.011,0.001,0.001,0.001,0.004,0.001,0.001,0.032,0.085,0.199,0.001,0.037,0.001,0.001,0.001,0.001,0.001,0.234,0.288,0.001,0.228,0.001,0.482,0.421,0.139,0.976,0.126,0.012,0.001,0.001,-0.117,0.72,-0.137,0.67,0.842,0.681,0.541,0.306,0.982,0.875,0.621,0.101,0.69,0.7,0.725,0.447,0.172,0.398,0.349,0.271,0.354,0.724,0.842,0.79,0.377,0.071,0.088,0.403,0.658,0.234,0.073,0.459,0.419,0.275,0.004,0.026,0.42,0.601,0.184,0.83,0.002,0.496,0.664,0.573,1.083,0.324,0.337,0.001,0.057,3.52,20.07
00:22.3,2301,0.383,0.507,0.494,0.593,0.141,0.669,-0.349,-0.64,-0.237,-0.141,-0.769,-0.577,-0.638,-0.6,0.418,0.24,-0.497,-0.497,-0.35,-0.619,0.653,-0.343,-0.637,0.225,0.001,0.001,0.001,0.01,0.02,0.001,0.067,0.001,0.001,0.001,0.001,0.001,0.001,0.009,0.115,0.011,0.001,0.001,0.001,0.004,0.001,0.001,0.032,0.085,0.199,0.001,0.037,0.001,0.001,0.001,0.001,0.001,0.234,0.288,0.001,0.228,0.001,0.482,0.421,0.139,0.976,0.126,0.012,0.001,0.001,-0.117,0.72,-0.137,0.67,0.842,0.681,0.541,0.306,0.982,0.875,0.621,0.101,0.69,0.7,0.725,0.447,0.172,0.398,0.349,0.271,0.354,0.724,0.842,0.79,0.377,0.071,0.088,0.403,0.658,0.234,0.073,0.459,0.419,0.275,0.004,0.026,0.42,0.601,0.184,0.83,0.002,0.496,0.664,0.573,1.083,0.324,0.337,0.001,0.057,3.52,20.07
00:22.3,2302,0.381,0.509,0.492,0.595,0.126,0.667,-0.351,-0.644,-0.235,-0.145,-0.768,-0.578,-0.638,-0.6,0.421,0.235,-0.497,-0.495,-0.352,-0.62,0.649,-0.357,-0.643,0.193,0.001,0.001,0.001,0.001,0.104,0.001,0.017,0.001,0.001,0.026,0.001,0.035,0.001,0.001,0.045,0.001,0.001,0.001,0.001,0.021,0.001,0.001,0.001,0.001,0.118,0.001,0.001,0.001,0.001,0.001,0.001,0.001,0.006,0.137,0.001,0.001,0.001,0.045,0.035,0.001,0.001,0.001,0.001,0.001,0.001,-0.117,0.72,-0.137,0.67,0.842,0.681,0.541,0.306,0.982,0.875,0.621,0.101,0.69,0.7,0.725,0.447,0.172,0.398,0.349,0.271,0.354,0.724,0.842,0.79,0.377,0.071,0.088,0.403,0.658,0.234,0.073,0.459,0.419,0.275,0.004,0.026,0.42,0.601,0.184,0.83,0.002,0.496,0.664,0.573,1.083,0.324,0.337,0.001,0.057,0.623,20.07
00:22.3,2303,0.379,0.512,0.489,0.596,0.113,0.661,-0.354,-0.652,-0.232,-0.149,-0.768,-0.578,-0.639,-0.6,0.423,0.229,-0.497,-0.492,-0.354,-0.62,0.64,-0.372,-0.655,0.153,0.001,0.001,0.001,0.001,0.111,0.001,0.017,0.001,0.001,0.032,0.001,0.039,0.001,0.001,0.045,0.001,0.001,0.001,0.001,0.022,0.001,0.001,0.001,0.001,0.122,0.001,0.001,0.001,0.001,0.001,0.001,0.001,0.009,0.118,0.001,0.001,0.001,0.046,0.039,0.001,0.001,0.001,0.001,0.001,0.001,-0.117,0.72,-0.137,0.67,0.842,0.681,0.541,0.306,0.982,0.875,0.621,0.101,0.69,0.7,0.725,0.447,0.172,0.398,0.349,0.271,0.354,0.724,0.842,0.79,0.377,0.071,0.088,0.403,0.658,0.234,0.073,0.459,0.419,0.275,0.004,0.026,0.42,0.601,0.184,0.83,0.002,0.496,0.664,0.573,1.083,0.324,0.337,0.001,0.057,0.634,20.07
00:22.3,2304,0.378,0.514,0.487,0.596,0.104,0.653,-0.355,-0.661,-0.229,-0.153,-0.767,-0.579,-0.641,-0.6,0.423,0.223,-0.498,-0.49,-0.357,-0.621,0.632,-0.38,-0.663,0.128,0.001,0.001,0.001,0.001,0.118,0.001,0.02,0.001,0.001,0.035,0.001,0.039,0.001,0.001,0.048,0.001,0.001,0.001,0.001,0.021,0.001,0.001,0.001,0.001,0.122,0.001,0.001,0.001,0.001,0.001,0.001,0.001,0.009,0.101,0.001,0.001,0.001,0.033,0.037,0.001,0.001,0.001,0.001,0.001,0.001,-0.119,0.718,-0.108,0.677,0.842,0.68,0.543,0.306,0.977,0.882,0.623,0.103,0.691,0.7,0.724,0.449,0.175,0.403,0.352,0.274,0.357,0.723,0.842,0.792,0.382,0.076,0.092,0.404,0.659,0.234,0.074,0.459,0.418,0.278,0.004,0.028,0.419,0.603,0.186,0.838,0.002,0.496,0.662,0.576,1.083,0.326,0.337,0.002,0.057,0.617,20.133
00:22.3,2305,0.377,0.516,0.485,0.597,0.097,0.643,-0.358,-0.67,-0.226,-0.156,-0.767,-0.58,-0.642,-0.6,0.423,0.219,-0.498,-0.488,-0.359,-0.62,0.623,-0.387,-0.672,0.101,0.001,0.001,0.001,0.001,0.12,0.001,0.02,0.001,0.001,0.037,0.002,0.043,0.001,0.001,0.05,0.001,0.001,0.001,0.009,0.02,0.001,0.001,0.001,0.001,0.121,0.001,0.001,0.001,0.001,0.001,0.001,0.001,0.004,0.093,0.001,0.001,0.001,0.028,0.032,0.001,0.001,0.001,0.001,0.001,0.001,-0.118,0.717,-0.105,0.679,0.805,0.676,0.558,0.342,1.05,0.938,0.656,0.111,0.681,0.697,0.73,0.466,0.172,0.431,0.385,0.3,0.388,0.713,0.842,0.78,0.327,0.05,0.093,0.431,0.692,0.239,0.089,0.444,0.377,0.227,0.004,0.026,0.414,0.602,0.172,0.84,0.002,0.448,0.612,0.448,0.99,0.274,0.292,0.001,0.038,0.611,19.853
00:22.3,2306,0.377,0.518,0.483,0.597,0.089,0.633,-0.361,-0.679,-0.222,-0.16,-0.766,-0.582,-0.644,-0.601,0.421,0.215,-0.499,-0.486,-0.361,-0.62,0.611,-0.394,-0.683,0.065,0.001,0.001,0.001,0.001,0.126,0.001,0.018,0.001,0.001,0.038,0.005,0.04,0.001,0.001,0.049,0.001,0.001,0.001,0.01,0.02,0.001,0.001,0.001,0.001,0.121,0.001,0.001,0.001,0.001,0.001,0.001,0.001,0.002,0.088,0.001,0.001,0.001,0.026,0.031,0.001,0.001,0.001,0.001,0.001,0.001,-0.118,0.717,-0.1,0.68,0.806,0.676,0.559,0.343,1.051,0.941,0.659,0.112,0.683,0.698,0.73,0.469,0.173,0.431,0.386,0.302,0.375,0.717,0.842,0.779,0.325,0.046,0.089,0.433,0.697,0.231,0.087,0.446,0.379,0.215,0.004,0.026,0.414,0.6,0.158,0.833,0.002,0.44,0.603,0.433,0.976,0.269,0.283,0.001,0.032,0.606,19.754
