timestamp,packet_counter,right_thigh_q1,right_thigh_q2,right_thigh_q3,right_thigh_q4,right_calf_q1,right_calf_q2,right_calf_q3,right_calf_q4,left_thigh_q1,left_thigh_q2,left_thigh_q3,left_thigh_q4,left_calf_q1,left_calf_q2,left_calf_q3,left_calf_q4,trunk_q1,trunk_q2,trunk_q3,trunk_q4,right_foot_q0,right_foot_q1,right_foot_q2,right_foot_q3,right_pressure0,right_pressure1,right_pressure2,right_pressure3,right_pressure4,right_pressure5,right_pressure6,right_pressure7,right_pressure8,right_pressure9,right_pressure10,right_pressure11,right_pressure12,right_pressure13,right_pressure14,right_pressure15,right_pressure16,right_pressure17,right_pressure18,right_pressure19,right_pressure20,right_pressure21,right_pressure22,right_pressure23,right_pressure24,right_pressure25,right_pressure26,right_pressure27,right_pressure28,right_pressure29,right_pressure30,right_pressure31,right_pressure32,right_pressure33,right_pressure34,right_pressure35,right_pressure36,right_pressure37,right_pressure38,right_pressure39,right_pressure40,right_pressure41,right_pressure42,right_pressure43,right_pressure44,left_foot_q0,left_foot_q1,left_foot_q2,left_foot_q3,left_pressure0,left_pressure1,left_pressure2,left_pressure3,left_pressure4,left_pressure5,left_pressure6,left_pressure7,left_pressure8,left_pressure9,left_pressure10,left_pressure11,left_pressure12,left_pressure13,left_pressure14,left_pressure15,left_pressure16,left_pressure17,left_pressure18,left_pressure19,left_pressure20,left_pressure21,left_pressure22,left_pressure23,left_pressure24,left_pressure25,left_pressure26,left_pressure27,left_pressure28,left_pressure29,left_pressure30,left_pressure31,left_pressure32,left_pressure33,left_pressure34,left_pressure35,left_pressure36,left_pressure37,left_pressure38,left_pressure39,left_pressure40,left_pressure41,left_pressure42,left_pressure43,left_pressure44,right_pressure_sum,left_pressure_sum
00:38.4,3918,-0.406,-0.401,-0.62,-0.538,-0.406,-0.665,0.368,0.506,0.305,-0.09,0.748,0.583,0.651,0.659,-0.274,-0.258,0.302,0.395,0.425,0.756,0.608,-0.314,-0.706,-0.182,0.126,0.149,0.126,0.001,0.573,0.477,0.181,0.023,0.082,0.449,0.47,0.092,0.178,0.441,0.253,0.288,0.049,0.208,0.523,0.612,0.137,0.116,0.249,0.446,0.65,0.161,0.176,0.438,0.393,0.071,0.01,0.133,0.556,0.726,0.4,0.529,0.039,0.781,0.852,1.177,0.944,0.562,0.25,0.374,0.16,0.568,0.424,-0.437,0.553,0,0,0.001,0.001,0.001,0,0.001,0.001,0,0.096,0.082,0.001,0.001,0,0.001,0.001,0.001,0,0.028,0.009,0,0,0.001,0,0,0,0,0.001,0,0,0.001,0,0.01,0.01,0.001,0,0.001,0.092,0,0.001,0,0,0.001,0,0.001,15.631,0.345
00:38.4,3919,-0.41,-0.402,-0.619,-0.535,-0.404,-0.666,0.367,0.509,0.305,-0.089,0.748,0.583,0.653,0.658,-0.278,-0.251,0.304,0.396,0.424,0.755,0.606,-0.311,-0.71,-0.18,0.122,0.149,0.122,0.001,0.571,0.48,0.181,0.023,0.068,0.441,0.47,0.084,0.182,0.442,0.252,0.289,0.049,0.203,0.51,0.611,0.128,0.12,0.243,0.447,0.65,0.16,0.179,0.438,0.383,0.059,0.01,0.136,0.557,0.726,0.403,0.524,0.035,0.781,0.852,1.178,0.947,0.562,0.252,0.375,0.161,0.551,0.375,-0.461,0.586,0.001,0,0.001,0.001,0,0.001,0.001,0.001,0.001,0.105,0.077,0.001,0.001,0.001,0,0.001,0.001,0.001,0.038,0.013,0.001,0,0,0.001,0.001,0.001,0.001,0,0,0,0.001,0,0.013,0.011,0.001,0,0,0.105,0,0.001,0.001,0,0.001,0,0,15.556,0.385
00:38.4,3920,-0.414,-0.403,-0.618,-0.533,-0.402,-0.666,0.365,0.511,0.305,-0.087,0.748,0.583,0.654,0.659,-0.279,-0.243,0.306,0.397,0.424,0.754,0.605,-0.313,-0.709,-0.181,0.015,0.001,0.001,0.001,0.314,0.309,0.121,0.015,0.001,0.138,0.136,0.001,0.001,0.275,0.209,0.267,0.059,0.001,0.203,0.289,0.001,0.001,0.084,0.43,0.634,0.187,0.187,0.12,0.044,0.001,0.001,0.027,0.581,0.736,0.444,0.49,0.002,0.845,0.879,1.249,0.999,0.614,0.313,0.424,0.383,0.534,0.385,-0.448,0.604,0.501,0.57,0.001,0.001,0.001,0.001,0.012,0,0.443,0.621,0.432,0.001,0.001,0.001,0.039,0,0,0.227,0.755,0.164,0.001,0.001,0,0,0.001,0.001,0,0.01,0,0,0,0.001,0.018,0.016,0,0.001,0,0.077,0.001,0,0.001,0.001,0.005,0,0,12.033,3.906
00:38.5,3921,-0.417,-0.405,-0.617,-0.531,-0.4,-0.666,0.363,0.514,0.306,-0.086,0.748,0.583,0.656,0.661,-0.277,-0.236,0.307,0.399,0.423,0.753,0.603,-0.317,-0.709,-0.182,0.013,0.001,0.001,0.001,0.304,0.294,0.109,0.011,0.001,0.136,0.117,0.001,0.001,0.241,0.193,0.27,0.059,0.001,0.214,0.281,0.001,0.001,0.06,0.42,0.631,0.187,0.172,0.1,0.044,0.001,0.001,0.002,0.578,0.74,0.447,0.491,0.001,0.861,0.883,1.255,1.015,0.63,0.316,0.432,0.41,0.534,0.385,-0.448,0.604,0.501,0.57,0.001,0.001,0.001,0.001,0.012,0,0.443,0.621,0.432,0.001,0.001,0.001,0.039,0,0,0.227,0.755,0.164,0.001,0.001,0,0,0.001,0.001,0,0.01,0,0,0,0.001,0.018,0.016,0,0.001,0,0.077,0.001,0,0.001,0.001,0.005,0,0,11.928,3.906
00:38.5,3922,-0.419,-0.407,-0.615,-0.529,-0.399,-0.666,0.361,0.516,0.307,-0.086,0.747,0.583,0.658,0.662,-0.273,-0.232,0.307,0.401,0.423,0.752,0.602,-0.321,-0.708,-0.183,0.015,0.001,0.001,0.001,0.289,0.253,0.098,0.007,0.001,0.147,0.096,0.001,0.001,0.199,0.171,0.263,0.057,0.001,0.219,0.26,0.001,0.001,0.018,0.398,0.628,0.187,0.166,0.063,0.035,0.001,0.001,0.001,0.574,0.746,0.443,0.475,0.001,0.88,0.89,1.259,1.022,0.653,0.317,0.436,0.422,0.534,0.385,-0.448,0.604,0.501,0.57,0.001,0.001,0.001,0.001,0.012,0,0.443,0.621,0.432,0.001,0.001,0.001,0.039,0,0,0.227,0.755,0.164,0.001,0.001,0,0,0.001,0.001,0,0.01,0,0,0,0.001,0.018,0.016,0,0.001,0,0.077,0.001,0,0.001,0.001,0.005,0,0,11.699,3.906
00:38.5,3923,-0.422,-0.409,-0.613,-0.528,-0.399,-0.665,0.359,0.519,0.309,-0.086,0.746,0.583,0.66,0.662,-0.269,-0.232,0.306,0.403,0.424,0.751,0.602,-0.321,-0.708,-0.183,0.015,0.001,0.001,0.001,0.289,0.253,0.098,0.007,0.001,0.147,0.096,0.001,0.001,0.199,0.171,0.263,0.057,0.001,0.219,0.26,0.001,0.001,0.018,0.398,0.628,0.187,0.166,0.063,0.035,0.001,0.001,0.001,0.574,0.746,0.443,0.475,0.001,0.88,0.89,1.259,1.022,0.653,0.317,0.436,0.422,0.534,0.385,-0.448,0.604,0.501,0.57,0.001,0.001,0.001,0.001,0.012,0,0.443,0.621,0.432,0.001,0.001,0.001,0.039,0,0,0.227,0.755,0.164,0.001,0.001,0,0,0.001,0.001,0,0.01,0,0,0,0.001,0.018,0.016,0,0.001,0,0.077,0.001,0,0.001,0.001,0.005,0,0,11.699,3.906
00:38.5,3924,-0.424,-0.411,-0.611,-0.527,-0.398,-0.665,0.357,0.522,0.313,-0.087,0.745,0.582,0.662,0.66,-0.266,-0.235,0.305,0.405,0.424,0.75,0.602,-0.321,-0.708,-0.183,0.015,0.001,0.001,0.001,0.289,0.253,0.098,0.007,0.001,0.147,0.096,0.001,0.001,0.199,0.171,0.263,0.057,0.001,0.219,0.26,0.001,0.001,0.018,0.398,0.628,0.187,0.166,0.063,0.035,0.001,0.001,0.001,0.574,0.746,0.443,0.475,0.001,0.88,0.89,1.259,1.022,0.653,0.317,0.436,0.422,0.534,0.385,-0.448,0.604,0.501,0.57,0.001,0.001,0.001,0.001,0.012,0,0.443,0.621,0.432,0.001,0.001,0.001,0.039,0,0,0.227,0.755,0.164,0.001,0.001,0,0,0.001,0.001,0,0.01,0,0,0,0.001,0.018,0.016,0,0.001,0,0.077,0.001,0,0.001,0.001,0.005,0,0,11.699,3.906
00:38.5,3925,-0.425,-0.412,-0.609,-0.528,-0.398,-0.664,0.354,0.525,0.317,-0.089,0.744,0.581,0.662,0.658,-0.267,-0.239,0.304,0.407,0.424,0.75,0.602,-0.321,-0.708,-0.183,0.015,0.001,0.001,0.001,0.289,0.253,0.098,0.007,0.001,0.147,0.096,0.001,0.001,0.199,0.171,0.263,0.057,0.001,0.219,0.26,0.001,0.001,0.018,0.398,0.628,0.187,0.166,0.063,0.035,0.001,0.001,0.001,0.574,0.746,0.443,0.475,0.001,0.88,0.89,1.259,1.022,0.653,0.317,0.436,0.422,0.534,0.385,-0.448,0.604,0.501,0.57,0.001,0.001,0.001,0.001,0.012,0,0.443,0.621,0.432,0.001,0.001,0.001,0.039,0,0,0.227,0.755,0.164,0.001,0.001,0,0,0.001,0.001,0,0.01,0,0,0,0.001,0.018,0.016,0,0.001,0,0.077,0.001,0,0.001,0.001,0.005,0,0,11.699,3.906
00:38.5,3926,-0.427,-0.413,-0.607,-0.528,-0.397,-0.664,0.351,0.527,0.321,-0.091,0.743,0.581,0.661,0.655,-0.272,-0.244,0.302,0.408,0.423,0.75,0.602,-0.321,-0.708,-0.183,0.015,0.001,0.001,0.001,0.289,0.253,0.098,0.007,0.001,0.147,0.096,0.001,0.001,0.199,0.171,0.263,0.057,0.001,0.219,0.26,0.001,0.001,0.018,0.398,0.628,0.187,0.166,0.063,0.035,0.001,0.001,0.001,0.574,0.746,0.443,0.475,0.001,0.88,0.89,1.259,1.022,0.653,0.317,0.436,0.422,0.534,0.385,-0.448,0.604,0.501,0.57,0.001,0.001,0.001,0.001,0.012,0,0.443,0.621,0.432,0.001,0.001,0.001,0.039,0,0,0.227,0.755,0.164,0.001,0.001,0,0,0.001,0.001,0,0.01,0,0,0,0.001,0.018,0.016,0,0.001,0,0.077,0.001,0,0.001,0.001,0.005,0,0,11.699,3.906
00:38.5,3927,-0.428,-0.413,-0.604,-0.53,-0.396,-0.663,0.348,0.531,0.325,-0.092,0.742,0.58,0.66,0.652,-0.279,-0.246,0.301,0.408,0.423,0.751,0.602,-0.321,-0.708,-0.183,0.015,0.001,0.001,0.001,0.289,0.253,0.098,0.007,0.001,0.147,0.096,0.001,0.001,0.199,0.171,0.263,0.057,0.001,0.219,0.26,0.001,0.001,0.018,0.398,0.628,0.187,0.166,0.063,0.035,0.001,0.001,0.001,0.574,0.746,0.443,0.475,0.001,0.88,0.89,1.259,1.022,0.653,0.317,0.436,0.422,0.537,0.332,-0.491,0.6,0.466,0.567,0.01,0,0.001,0,0.01,0,0.418,0.635,0.463,0.001,0,0,0.038,0.001,0,0.209,0.761,0.223,0.001,0.001,0.001,0,0,0.001,0,0.009,0.001,0.001,0,0,0.016,0.015,0.001,0,0,0.065,0.001,0.001,0,0,0.016,0,0,11.699,3.933
00:38.5,3928,-0.429,-0.414,-0.602,-0.531,-0.395,-0.663,0.345,0.534,0.327,-0.091,0.741,0.579,0.659,0.649,-0.288,-0.246,0.3,0.409,0.422,0.752,0.602,-0.321,-0.708,-0.183,0.015,0.001,0.001,0.001,0.289,0.253,0.098,0.007,0.001,0.147,0.096,0.001,0.001,0.199,0.171,0.263,0.057,0.001,0.219,0.26,0.001,0.001,0.018,0.398,0.628,0.187,0.166,0.063,0.035,0.001,0.001,0.001,0.574,0.746,0.443,0.475,0.001,0.88,0.89,1.259,1.022,0.653,0.317,0.436,0.422,0.537,0.332,-0.491,0.6,0.466,0.567,0.01,0,0.001,0,0.01,0,0.418,0.635,0.463,0.001,0,0,0.038,0.001,0,0.209,0.761,0.223,0.001,0.001,0.001,0,0,0.001,0,0.009,0.001,0.001,0,0,0.016,0.015,0.001,0,0,0.065,0.001,0.001,0,0,0.016,0,0,11.699,3.933
00:38.5,3929,-0.43,-0.414,-0.6,-0.533,-0.393,-0.662,0.342,0.539,0.325,-0.087,0.742,0.58,0.66,0.645,-0.298,-0.244,0.3,0.408,0.42,0.752,0.602,-0.321,-0.708,-0.183,0.015,0.001,0.001,0.001,0.289,0.253,0.098,0.007,0.001,0.147,0.096,0.001,0.001,0.199,0.171,0.263,0.057,0.001,0.219,0.26,0.001,0.001,0.018,0.398,0.628,0.187,0.166,0.063,0.035,0.001,0.001,0.001,0.574,0.746,0.443,0.475,0.001,0.88,0.89,1.259,1.022,0.653,0.317,0.436,0.422,0.537,0.332,-0.491,0.6,0.466,0.567,0.01,0,0.001,0,0.01,0,0.418,0.635,0.463,0.001,0,0,0.038,0.001,0,0.209,0.761,0.223,0.001,0.001,0.001,0,0,0.001,0,0.009,0.001,0.001,0,0,0.016,0.015,0.001,0,0,0.065,0.001,0.001,0,0,0.016,0,0,11.699,3.933
00:38.5,3930,-0.432,-0.413,-0.598,-0.534,-0.39,-0.661,0.339,0.543,0.318,-0.081,0.744,0.582,0.661,0.64,-0.308,-0.24,0.301,0.408,0.419,0.753,0.605,-0.373,-0.674,-0.199,0.013,0.001,0.001,0.001,0.281,0.206,0.082,0.006,0.001,0.156,0.085,0.001,0.001,0.14,0.149,0.263,0.06,0.001,0.212,0.25,0.001,0.001,0.007,0.374,0.629,0.189,0.17,0.039,0.018,0.001,0.001,0.001,0.56,0.746,0.452,0.465,0.001,0.905,0.889,1.256,1.029,0.679,0.326,0.446,0.443,0.537,0.332,-0.491,0.6,0.466,0.567,0.01,0,0.001,0,0.01,0,0.418,0.635,0.463,0.001,0,0,0.038,0.001,0,0.209,0.761,0.223,0.001,0.001,0.001,0,0,0.001,0,0.009,0.001,0.001,0,0,0.016,0.015,0.001,0,0,0.065,0.001,0.001,0,0,0.016,0,0,11.538,3.933
00:38.6,3931,-0.434,-0.413,-0.595,-0.535,-0.387,-0.66,0.337,0.548,0.307,-0.074,0.747,0.585,0.663,0.635,-0.319,-0.236,0.302,0.408,0.417,0.754,0.605,-0.373,-0.674,-0.199,0.013,0.001,0.001,0.001,0.281,0.206,0.082,0.006,0.001,0.156,0.085,0.001,0.001,0.14,0.149,0.263,0.06,0.001,0.212,0.25,0.001,0.001,0.007,0.374,0.629,0.189,0.17,0.039,0.018,0.001,0.001,0.001,0.56,0.746,0.452,0.465,0.001,0.905,0.889,1.256,1.029,0.679,0.326,0.446,0.443,0.537,0.332,-0.491,0.6,0.466,0.567,0.01,0,0.001,0,0.01,0,0.418,0.635,0.463,0.001,0,0,0.038,0.001,0,0.209,0.761,0.223,0.001,0.001,0.001,0,0,0.001,0,0.009,0.001,0.001,0,0,0.016,0.015,0.001,0,0,0.065,0.001,0.001,0,0,0.016,0,0,11.538,3.933
00:38.6,3932,-0.437,-0.413,-0.593,-0.535,-0.384,-0.659,0.335,0.553,0.293,-0.069,0.751,0.587,0.664,0.631,-0.328,-0.23,0.304,0.408,0.417,0.753,0.605,-0.373,-0.674,-0.199,0.013,0.001,0.001,0.001,0.281,0.206,0.082,0.006,0.001,0.156,0.085,0.001,0.001,0.14,0.149,0.263,0.06,0.001,0.212,0.25,0.001,0.001,0.007,0.374,0.629,0.189,0.17,0.039,0.018,0.001,0.001,0.001,0.56,0.746,0.452,0.465,0.001,0.905,0.889,1.256,1.029,0.679,0.326,0.446,0.443,0.537,0.332,-0.491,0.6,0.466,0.567,0.01,0,0.001,0,0.01,0,0.418,0.635,0.463,0.001,0,0,0.038,0.001,0,0.209,0.761,0.223,0.001,0.001,0.001,0,0,0.001,0,0.009,0.001,0.001,0,0,0.016,0.015,0.001,0,0,0.065,0.001,0.001,0,0,0.016,0,0,11.538,3.933
00:38.6,3933,-0.442,-0.413,-0.59,-0.535,-0.381,-0.657,0.333,0.559,0.28,-0.065,0.756,0.588,0.664,0.629,-0.336,-0.224,0.306,0.408,0.416,0.753,0.605,-0.373,-0.674,-0.199,0.013,0.001,0.001,0.001,0.281,0.206,0.082,0.006,0.001,0.156,0.085,0.001,0.001,0.14,0.149,0.263,0.06,0.001,0.212,0.25,0.001,0.001,0.007,0.374,0.629,0.189,0.17,0.039,0.018,0.001,0.001,0.001,0.56,0.746,0.452,0.465,0.001,0.905,0.889,1.256,1.029,0.679,0.326,0.446,0.443,0.537,0.332,-0.491,0.6,0.466,0.567,0.01,0,0.001,0,0.01,0,0.418,0.635,0.463,0.001,0,0,0.038,0.001,0,0.209,0.761,0.223,0.001,0.001,0.001,0,0,0.001,0,0.009,0.001,0.001,0,0,0.016,0.015,0.001,0,0,0.065,0.001,0.001,0,0,0.016,0,0,11.538,3.933
00:38.6,3934,-0.447,-0.414,-0.587,-0.533,-0.377,-0.655,0.331,0.565,0.271,-0.062,0.759,0.588,0.664,0.629,-0.342,-0.218,0.307,0.408,0.417,0.752,0.605,-0.373,-0.674,-0.199,0.013,0.001,0.001,0.001,0.281,0.206,0.082,0.006,0.001,0.156,0.085,0.001,0.001,0.14,0.149,0.263,0.06,0.001,0.212,0.25,0.001,0.001,0.007,0.374,0.629,0.189,0.17,0.039,0.018,0.001,0.001,0.001,0.56,0.746,0.452,0.465,0.001,0.905,0.889,1.256,1.029,0.679,0.326,0.446,0.443,0.565,0.296,-0.529,0.56,0.422,0.535,0.137,0,0.004,0.035,0.164,0.001,0.368,0.675,0.584,0,0.001,0.001,0.347,0.01,0,0.281,0.791,0.475,0,0,0,0.223,0.347,0,0.001,0.093,0.001,0,0,0,0.303,0.042,0,0.009,0,0.311,0.127,0.001,0.001,0.074,0.001,0.001,0.001,11.538,6.367
00:38.6,3935,-0.453,-0.415,-0.583,-0.532,-0.371,-0.652,0.328,0.574,0.265,-0.059,0.762,0.588,0.663,0.628,-0.347,-0.213,0.308,0.409,0.417,0.751,0.605,-0.373,-0.674,-0.199,0.013,0.001,0.001,0.001,0.281,0.206,0.082,0.006,0.001,0.156,0.085,0.001,0.001,0.14,0.149,0.263,0.06,0.001,0.212,0.25,0.001,0.001,0.007,0.374,0.629,0.189,0.17,0.039,0.018,0.001,0.001,0.001,0.56,0.746,0.452,0.465,0.001,0.905,0.889,1.256,1.029,0.679,0.326,0.446,0.443,0.568,0.293,-0.533,0.555,0.734,0.636,0.424,0.004,0.426,0.391,0.521,0.007,0.687,0.731,0.716,0.089,0.001,0.054,0.371,0.138,0.001,0.708,0.851,0.762,0.061,0.001,0.001,0.315,0.581,0,0.002,0.46,0.397,0.076,0.001,0.001,0.381,0.575,0.001,0.408,0.001,0.442,0.755,0.011,0.625,0.211,0.23,0.001,0.022,11.538,13.811
00:38.6,3936,-0.46,-0.417,-0.577,-0.53,-0.365,-0.647,0.326,0.585,0.262,-0.056,0.763,0.588,0.664,0.626,-0.352,-0.209,0.308,0.41,0.419,0.749,0.605,-0.373,-0.674,-0.199,0.013,0.001,0.001,0.001,0.281,0.206,0.082,0.006,0.001,0.156,0.085,0.001,0.001,0.14,0.149,0.263,0.06,0.001,0.212,0.25,0.001,0.001,0.007,0.374,0.629,0.189,0.17,0.039,0.018,0.001,0.001,0.001,0.56,0.746,0.452,0.465,0.001,0.905,0.889,1.256,1.029,0.679,0.326,0.446,0.443,0.572,0.287,-0.538,0.548,0.766,0.643,0.435,0.021,0.462,0.416,0.512,0.009,0.714,0.728,0.73,0.164,0.001,0.084,0.37,0.147,0.001,0.74,0.849,0.773,0.095,0.001,0.001,0.322,0.589,0.001,0.004,0.488,0.422,0.088,0.001,0.001,0.391,0.595,0.001,0.431,0,0.458,0.761,0.12,0.716,0.241,0.252,0.001,0.039,11.538,14.584
00:38.6,3937,-0.469,-0.419,-0.57,-0.529,-0.357,-0.639,0.324,0.599,0.261,-0.052,0.764,0.587,0.664,0.623,-0.358,-0.204,0.307,0.412,0.421,0.747,0.613,-0.474,-0.587,-0.235,0.006,0.001,0.001,0.001,0.104,0.018,0.039,0.002,0.001,0.079,0.078,0.001,0.001,0.001,0.056,0.194,0.067,0.001,0.151,0.059,0.001,0.001,0.001,0.134,0.559,0.168,0.143,0.001,0.001,0.001,0.001,0.001,0.358,0.777,0.462,0.444,0.001,0.988,0.952,1.241,1.016,0.888,0.364,0.466,0.49,0.575,0.284,-0.542,0.543,0.81,0.656,0.46,0.043,0.518,0.419,0.509,0.011,0.734,0.726,0.741,0.21,0.007,0.11,0.376,0.155,0,0.748,0.851,0.775,0.147,0.001,0.002,0.337,0.595,0,0.005,0.496,0.451,0.111,0.001,0.001,0.402,0.615,0.001,0.446,0.001,0.458,0.756,0.216,0.789,0.254,0.259,0.001,0.055,10.32,15.259
00:38.6,3938,-0.479,-0.423,-0.56,-0.527,-0.35,-0.631,0.324,0.612,0.261,-0.047,0.765,0.587,0.666,0.62,-0.363,-0.2,0.307,0.414,0.424,0.744,0.614,-0.491,-0.569,-0.241,0.001,0.001,0.001,0.001,0.054,0.001,0.053,0.001,0.001,0.001,0.001,0.001,0.001,0.001,0.073,0.099,0.024,0,0.001,0.024,0.001,0.001,0.001,0.101,0.455,0.085,0.021,0.001,0.001,0.001,0.001,0.001,0.315,0.687,0.335,0.217,0.001,0.761,0.889,0.907,0.675,0.919,0.178,0.2,0.001,0.577,0.283,-0.545,0.538,0.827,0.667,0.479,0.072,0.557,0.44,0.512,0.018,0.75,0.722,0.737,0.259,0.021,0.136,0.368,0.159,0.001,0.769,0.855,0.791,0.149,0.001,0.002,0.344,0.593,0,0.006,0.499,0.455,0.153,0.001,0.001,0.418,0.62,0,0.449,0.001,0.459,0.759,0.267,0.834,0.258,0.267,0.001,0.068,7.095,15.745
00:38.6,3939,-0.49,-0.428,-0.549,-0.525,-0.342,-0.621,0.328,0.624,0.261,-0.04,0.766,0.586,0.667,0.617,-0.367,-0.197,0.307,0.417,0.428,0.74,0.615,-0.511,-0.547,-0.246,0.001,0.001,0.001,0.001,0.034,0.001,0.057,0.001,0.001,0.001,0.001,0.001,0.001,0.001,0.079,0.072,0.005,0.001,0.001,0.016,0.001,0.001,0.001,0.103,0.407,0.07,0.007,0.001,0.001,0.001,0.001,0.001,0.305,0.514,0.253,0.184,0.001,0.673,0.734,0.808,0.612,0.858,0.133,0.111,0.001,0.579,0.281,-0.549,0.533,0.841,0.675,0.497,0.104,0.591,0.469,0.51,0.022,0.766,0.719,0.73,0.306,0.024,0.158,0.365,0.159,0.001,0.781,0.853,0.801,0.173,0.002,0.004,0.357,0.593,0.001,0.006,0.507,0.463,0.172,0.001,0.002,0.424,0.619,0,0.466,0.001,0.468,0.761,0.321,0.866,0.258,0.282,0.001,0.062,6.059,16.182
00:38.6,3940,-0.5,-0.433,-0.536,-0.524,-0.338,-0.613,0.337,0.629,0.259,-0.033,0.766,0.587,0.668,0.615,-0.371,-0.196,0.307,0.42,0.433,0.736,0.619,-0.522,-0.533,-0.244,0.001,0.001,0.001,0.001,0.026,0.001,0.062,0.001,0.001,0.001,0.001,0.001,0.001,0.001,0.083,0.037,0.001,0.001,0.001,0.01,0.001,0.001,0.001,0.089,0.287,0.034,0.001,0.001,0.001,0.001,0.001,0.001,0.32,0.35,0.131,0.187,0.001,0.62,0.59,0.563,0.612,0.679,0.182,0.031,0.001,0.581,0.279,-0.553,0.528,0.857,0.683,0.509,0.123,0.591,0.458,0.519,0.024,0.774,0.718,0.729,0.331,0.029,0.171,0.359,0.159,0.001,0.786,0.852,0.808,0.184,0.002,0.004,0.366,0.596,0.002,0.007,0.509,0.46,0.19,0.001,0.001,0.43,0.621,0,0.471,0.001,0.47,0.757,0.35,0.873,0.256,0.287,0,0.073,4.919,16.392
00:38.7,3941,-0.507,-0.44,-0.523,-0.525,-0.336,-0.608,0.346,0.63,0.257,-0.025,0.766,0.588,0.668,0.612,-0.375,-0.197,0.309,0.422,0.438,0.731,0.623,-0.533,-0.52,-0.24,0.001,0.001,0.001,0.001,0.024,0.001,0.046,0.001,0.001,0.001,0.001,0.001,0.001,0.001,0.083,0.02,0.001,0.001,0.001,0.005,0.001,0.001,0.001,0.1,0.217,0.017,0.001,0.001,0.001,0.001,0.001,0.001,0.316,0.324,0.017,0.161,0.001,0.579,0.495,0.344,0.57,0.523,0.105,0.001,0.001,0.585,0.275,-0.559,0.519,0.868,0.694,0.526,0.131,0.608,0.47,0.521,0.027,0.777,0.717,0.731,0.327,0.032,0.187,0.361,0.164,0,0.792,0.851,0.812,0.203,0.002,0.004,0.379,0.598,0.012,0.007,0.509,0.457,0.195,0.001,0.002,0.432,0.626,0,0.48,0.001,0.464,0.752,0.372,0.879,0.255,0.288,0,0.072,3.973,16.586
00:38.7,3942,-0.509,-0.449,-0.51,-0.528,-0.336,-0.606,0.353,0.628,0.254,-0.017,0.766,0.59,0.668,0.609,-0.379,-0.199,0.311,0.423,0.443,0.726,0.625,-0.546,-0.507,-0.231,0.001,0.001,0.001,0.001,0.031,0.001,0.037,0.001,0.001,0.001,0.001,0.001,0.001,0.001,0.09,0.011,0.001,0.001,0.001,0.015,0.001,0.001,0.001,0.09,0.21,0.001,0.001,0.001,0.001,0.001,0.001,0.001,0.293,0.27,0.001,0.072,0.001,0.526,0.405,0.175,0.397,0.326,0.033,0.001,0.001,0.587,0.273,-0.562,0.514,0.883,0.7,0.543,0.155,0.615,0.482,0.526,0.032,0.778,0.714,0.73,0.349,0.033,0.206,0.369,0.168,0.001,0.783,0.849,0.816,0.219,0.002,0.005,0.391,0.606,0.016,0.007,0.508,0.449,0.206,0.001,0.002,0.436,0.628,0,0.476,0.001,0.462,0.747,0.405,0.883,0.254,0.283,0,0.077,3.01,16.796
00:38.7,3943,-0.505,-0.46,-0.5,-0.532,-0.336,-0.607,0.357,0.626,0.249,-0.01,0.767,0.592,0.667,0.606,-0.383,-0.201,0.313,0.424,0.449,0.722,0.625,-0.555,-0.502,-0.221,0.001,0.001,0.001,0.001,0.051,0.001,0.031,0.001,0.001,0.001,0.001,0.001,0.001,0.001,0.067,0.001,0.001,0.001,0.001,0.01,0.001,0.001,0.001,0.077,0.16,0.001,0.001,0.001,0.001,0.001,0.001,0.001,0.274,0.238,0.001,0.021,0.001,0.451,0.31,0.034,0.203,0.201,0.001,0.001,0.001,0.589,0.271,-0.567,0.508,0.89,0.705,0.549,0.188,0.639,0.51,0.532,0.035,0.778,0.713,0.733,0.355,0.046,0.225,0.372,0.175,0.001,0.778,0.849,0.821,0.231,0.004,0.007,0.409,0.618,0.028,0.009,0.504,0.447,0.209,0.001,0.002,0.438,0.629,0.001,0.485,0.001,0.459,0.741,0.42,0.874,0.25,0.281,0.001,0.079,2.159,17.022
00:38.7,3944,-0.498,-0.472,-0.49,-0.537,-0.333,-0.609,0.358,0.624,0.243,-0.002,0.767,0.593,0.667,0.603,-0.387,-0.203,0.315,0.424,0.454,0.718,0.625,-0.555,-0.502,-0.221,0.001,0.001,0.001,0.001,0.051,0.001,0.031,0.001,0.001,0.001,0.001,0.001,0.001,0.001,0.067,0.001,0.001,0.001,0.001,0.01,0.001,0.001,0.001,0.077,0.16,0.001,0.001,0.001,0.001,0.001,0.001,0.001,0.274,0.238,0.001,0.021,0.001,0.451,0.31,0.034,0.203,0.201,0.001,0.001,0.001,0.591,0.269,-0.571,0.502,0.891,0.709,0.562,0.212,0.689,0.541,0.554,0.042,0.778,0.713,0.735,0.366,0.054,0.23,0.382,0.183,0,0.768,0.847,0.816,0.233,0.004,0.006,0.413,0.625,0.028,0.009,0.499,0.44,0.214,0.001,0.002,0.44,0.629,0.001,0.503,0.001,0.449,0.735,0.433,0.871,0.243,0.275,0,0.076,2.159,17.202
00:38.7,3945,-0.49,-0.485,-0.481,-0.542,-0.326,-0.612,0.358,0.625,0.235,0.006,0.768,0.595,0.667,0.601,-0.391,-0.202,0.317,0.423,0.458,0.715,0.625,-0.555,-0.502,-0.221,0.001,0.001,0.001,0.001,0.051,0.001,0.031,0.001,0.001,0.001,0.001,0.001,0.001,0.001,0.067,0.001,0.001,0.001,0.001,0.01,0.001,0.001,0.001,0.077,0.16,0.001,0.001,0.001,0.001,0.001,0.001,0.001,0.274,0.238,0.001,0.021,0.001,0.451,0.31,0.034,0.203,0.201,0.001,0.001,0.001,0.591,0.269,-0.571,0.502,0.891,0.709,0.562,0.212,0.689,0.541,0.554,0.042,0.778,0.713,0.735,0.366,0.054,0.23,0.382,0.183,0,0.768,0.847,0.816,0.233,0.004,0.006,0.413,0.625,0.028,0.009,0.499,0.44,0.214,0.001,0.002,0.44,0.629,0.001,0.503,0.001,0.449,0.735,0.433,0.871,0.243,0.275,0,0.076,2.159,17.202
00:38.7,3946,-0.48,-0.497,-0.471,-0.548,-0.316,-0.615,0.357,0.628,0.226,0.014,0.769,0.598,0.666,0.6,-0.395,-0.199,0.318,0.422,0.462,0.712,0.625,-0.555,-0.502,-0.221,0.001,0.001,0.001,0.001,0.051,0.001,0.031,0.001,0.001,0.001,0.001,0.001,0.001,0.001,0.067,0.001,0.001,0.001,0.001,0.01,0.001,0.001,0.001,0.077,0.16,0.001,0.001,0.001,0.001,0.001,0.001,0.001,0.274,0.238,0.001,0.021,0.001,0.451,0.31,0.034,0.203,0.201,0.001,0.001,0.001,0.591,0.269,-0.571,0.502,0.891,0.709,0.562,0.212,0.689,0.541,0.554,0.042,0.778,0.713,0.735,0.366,0.054,0.23,0.382,0.183,0,0.768,0.847,0.816,0.233,0.004,0.006,0.413,0.625,0.028,0.009,0.499,0.44,0.214,0.001,0.002,0.44,0.629,0.001,0.503,0.001,0.449,0.735,0.433,0.871,0.243,0.275,0,0.076,2.159,17.202
00:38.7,3947,-0.47,-0.51,-0.461,-0.554,-0.304,-0.618,0.356,0.631,0.216,0.02,0.77,0.599,0.666,0.599,-0.399,-0.195,0.319,0.421,0.465,0.711,0.625,-0.555,-0.502,-0.221,0.001,0.001,0.001,0.001,0.051,0.001,0.031,0.001,0.001,0.001,0.001,0.001,0.001,0.001,0.067,0.001,0.001,0.001,0.001,0.01,0.001,0.001,0.001,0.077,0.16,0.001,0.001,0.001,0.001,0.001,0.001,0.001,0.274,0.238,0.001,0.021,0.001,0.451,0.31,0.034,0.203,0.201,0.001,0.001,0.001,0.591,0.269,-0.571,0.502,0.891,0.709,0.562,0.212,0.689,0.541,0.554,0.042,0.778,0.713,0.735,0.366,0.054,0.23,0.382,0.183,0,0.768,0.847,0.816,0.233,0.004,0.006,0.413,0.625,0.028,0.009,0.499,0.44,0.214,0.001,0.002,0.44,0.629,0.001,0.503,0.001,0.449,0.735,0.433,0.871,0.243,0.275,0,0.076,2.159,17.202
00:38.7,3948,-0.458,-0.521,-0.452,-0.56,-0.291,-0.622,0.353,0.635,0.207,0.026,0.772,0.601,0.666,0.599,-0.402,-0.189,0.32,0.419,0.466,0.71,0.625,-0.555,-0.502,-0.221,0.001,0.001,0.001,0.001,0.051,0.001,0.031,0.001,0.001,0.001,0.001,0.001,0.001,0.001,0.067,0.001,0.001,0.001,0.001,0.01,0.001,0.001,0.001,0.077,0.16,0.001,0.001,0.001,0.001,0.001,0.001,0.001,0.274,0.238,0.001,0.021,0.001,0.451,0.31,0.034,0.203,0.201,0.001,0.001,0.001,0.591,0.269,-0.571,0.502,0.891,0.709,0.562,0.212,0.689,0.541,0.554,0.042,0.778,0.713,0.735,0.366,0.054,0.23,0.382,0.183,0,0.768,0.847,0.816,0.233,0.004,0.006,0.413,0.625,0.028,0.009,0.499,0.44,0.214,0.001,0.002,0.44,0.629,0.001,0.503,0.001,0.449,0.735,0.433,0.871,0.243,0.275,0,0.076,2.159,17.202
00:38.7,3949,-0.446,-0.531,-0.446,-0.565,-0.279,-0.625,0.35,0.639,0.198,0.031,0.773,0.602,0.667,0.599,-0.404,-0.182,0.32,0.419,0.468,0.71,0.625,-0.555,-0.502,-0.221,0.001,0.001,0.001,0.001,0.051,0.001,0.031,0.001,0.001,0.001,0.001,0.001,0.001,0.001,0.067,0.001,0.001,0.001,0.001,0.01,0.001,0.001,0.001,0.077,0.16,0.001,0.001,0.001,0.001,0.001,0.001,0.001,0.274,0.238,0.001,0.021,0.001,0.451,0.31,0.034,0.203,0.201,0.001,0.001,0.001,0.591,0.269,-0.571,0.502,0.891,0.709,0.562,0.212,0.689,0.541,0.554,0.042,0.778,0.713,0.735,0.366,0.054,0.23,0.382,0.183,0,0.768,0.847,0.816,0.233,0.004,0.006,0.413,0.625,0.028,0.009,0.499,0.44,0.214,0.001,0.002,0.44,0.629,0.001,0.503,0.001,0.449,0.735,0.433,0.871,0.243,0.275,0,0.076,2.159,17.202
00:38.7,3950,-0.435,-0.539,-0.443,-0.57,-0.266,-0.627,0.347,0.644,0.19,0.035,0.774,0.602,0.668,0.599,-0.404,-0.175,0.319,0.418,0.469,0.71,0.588,-0.647,-0.459,-0.155,0.001,0.001,0.001,0.001,0.067,0.001,0.024,0.001,0.001,0.001,0.001,0.001,0.001,0.001,0.059,0.001,0.001,0.001,0.001,0.009,0.001,0.001,0.001,0.067,0.136,0.001,0.001,0.001,0.001,0.001,0.001,0.001,0.209,0.214,0.001,0.001,0.001,0.343,0.179,0.001,0.079,0.126,0.001,0.001,0.001,0.591,0.269,-0.571,0.502,0.891,0.709,0.562,0.212,0.689,0.541,0.554,0.042,0.778,0.713,0.735,0.366,0.054,0.23,0.382,0.183,0,0.768,0.847,0.816,0.233,0.004,0.006,0.413,0.625,0.028,0.009,0.499,0.44,0.214,0.001,0.002,0.44,0.629,0.001,0.503,0.001,0.449,0.735,0.433,0.871,0.243,0.275,0,0.076,1.545,17.202
00:38.8,3951,-0.425,-0.545,-0.441,-0.573,-0.252,-0.629,0.345,0.649,0.183,0.038,0.776,0.603,0.669,0.6,-0.404,-0.17,0.319,0.417,0.47,0.71,0.581,-0.652,-0.463,-0.152,0.001,0.001,0.001,0.039,0.033,0.001,0.012,0.001,0.001,0.023,0.001,0.001,0.001,0.001,0.024,0.001,0.001,0.001,0.001,0.021,0.001,0,0.001,0.001,0.087,0.001,0.001,0.001,0.001,0.001,0.001,0.001,0.028,0.065,0.001,0.001,0.001,0.045,0.017,0.001,0.001,0.001,0.001,0.001,0.001,0.591,0.269,-0.571,0.502,0.891,0.709,0.562,0.212,0.689,0.541,0.554,0.042,0.778,0.713,0.735,0.366,0.054,0.23,0.382,0.183,0,0.768,0.847,0.816,0.233,0.004,0.006,0.413,0.625,0.028,0.009,0.499,0.44,0.214,0.001,0.002,0.44,0.629,0.001,0.503,0.001,0.449,0.735,0.433,0.871,0.243,0.275,0,0.076,0.427,17.202
00:38.8,3952,-0.417,-0.549,-0.44,-0.575,-0.239,-0.629,0.344,0.655,0.177,0.041,0.777,0.603,0.67,0.601,-0.403,-0.167,0.318,0.416,0.471,0.71,0.581,-0.652,-0.463,-0.152,0.001,0.001,0.001,0.039,0.033,0.001,0.012,0.001,0.001,0.023,0.001,0.001,0.001,0.001,0.024,0.001,0.001,0.001,0.001,0.021,0.001,0,0.001,0.001,0.087,0.001,0.001,0.001,0.001,0.001,0.001,0.001,0.028,0.065,0.001,0.001,0.001,0.045,0.017,0.001,0.001,0.001,0.001,0.001,0.001,0.611,0.244,-0.602,0.453,0.905,0.713,0.569,0.239,0.753,0.581,0.56,0.044,0.778,0.714,0.736,0.383,0.044,0.244,0.393,0.188,0.001,0.753,0.847,0.817,0.237,0.004,0.009,0.424,0.635,0.037,0.009,0.492,0.433,0.209,0.001,0.002,0.437,0.631,0.001,0.509,0.001,0.443,0.724,0.435,0.872,0.237,0.274,0,0.07,0.427,17.388
00:38.8,3953,-0.411,-0.553,-0.441,-0.576,-0.228,-0.629,0.343,0.66,0.172,0.044,0.777,0.604,0.67,0.602,-0.401,-0.165,0.316,0.415,0.472,0.71,0.581,-0.652,-0.463,-0.152,0.001,0.001,0.001,0.039,0.033,0.001,0.012,0.001,0.001,0.023,0.001,0.001,0.001,0.001,0.024,0.001,0.001,0.001,0.001,0.021,0.001,0,0.001,0.001,0.087,0.001,0.001,0.001,0.001,0.001,0.001,0.001,0.028,0.065,0.001,0.001,0.001,0.045,0.017,0.001,0.001,0.001,0.001,0.001,0.001,0.612,0.242,-0.605,0.448,0.917,0.736,0.636,0.399,1.002,0.836,0.672,0.053,0.77,0.72,0.763,0.466,0.082,0.353,0.455,0.227,0.01,0.731,0.85,0.79,0.222,0.007,0.035,0.496,0.734,0.034,0.005,0.444,0.352,0.103,0.002,0.004,0.429,0.62,0,0.425,0.001,0.342,0.624,0.098,0.619,0.137,0.171,0.001,0.001,0.427,17.374
00:38.8,3954,-0.405,-0.556,-0.442,-0.576,-0.219,-0.628,0.342,0.664,0.167,0.046,0.778,0.604,0.669,0.604,-0.4,-0.165,0.315,0.414,0.474,0.711,0.581,-0.652,-0.463,-0.152,0.001,0.001,0.001,0.039,0.033,0.001,0.012,0.001,0.001,0.023,0.001,0.001,0.001,0.001,0.024,0.001,0.001,0.001,0.001,0.021,0.001,0,0.001,0.001,0.087,0.001,0.001,0.001,0.001,0.001,0.001,0.001,0.028,0.065,0.001,0.001,0.001,0.045,0.017,0.001,0.001,0.001,0.001,0.001,0.001,0.614,0.24,-0.607,0.444,0.913,0.736,0.645,0.408,1.013,0.846,0.673,0.051,0.769,0.722,0.769,0.469,0.083,0.357,0.463,0.231,0.009,0.73,0.85,0.785,0.21,0.007,0.037,0.502,0.746,0.021,0.004,0.44,0.333,0.083,0.002,0.005,0.429,0.623,0,0.407,0.001,0.335,0.606,0.037,0.542,0.128,0.155,0,0.001,0.427,17.176
00:38.8,3955,-0.401,-0.559,-0.443,-0.575,-0.215,-0.626,0.34,0.668,0.162,0.048,0.779,0.604,0.669,0.605,-0.399,-0.166,0.313,0.412,0.476,0.711,0.581,-0.652,-0.463,-0.152,0.001,0.001,0.001,0.039,0.033,0.001,0.012,0.001,0.001,0.023,0.001,0.001,0.001,0.001,0.024,0.001,0.001,0.001,0.001,0.021,0.001,0,0.001,0.001,0.087,0.001,0.001,0.001,0.001,0.001,0.001,0.001,0.028,0.065,0.001,0.001,0.001,0.045,0.017,0.001,0.001,0.001,0.001,0.001,0.001,0.616,0.238,-0.61,0.438,0.912,0.736,0.652,0.407,1.018,0.858,0.673,0.05,0.768,0.723,0.774,0.464,0.081,0.355,0.465,0.231,0.011,0.728,0.851,0.784,0.203,0.007,0.038,0.508,0.752,0.016,0.012,0.433,0.315,0.085,0.002,0.004,0.427,0.63,0.001,0.376,0.001,0.332,0.592,0,0.479,0.123,0.142,0,0.001,0.427,17.02
00:38.8,3956,-0.397,-0.562,-0.443,-0.574,-0.214,-0.624,0.338,0.671,0.157,0.049,0.779,0.605,0.668,0.607,-0.398,-0.167,0.312,0.41,0.477,0.712,0.581,-0.652,-0.463,-0.152,0.001,0.001,0.001,0.039,0.033,0.001,0.012,0.001,0.001,0.023,0.001,0.001,0.001,0.001,0.024,0.001,0.001,0.001,0.001,0.021,0.001,0,0.001,0.001,0.087,0.001,0.001,0.001,0.001,0.001,0.001,0.001,0.028,0.065,0.001,0.001,0.001,0.045,0.017,0.001,0.001,0.001,0.001,0.001,0.001,0.618,0.236,-0.612,0.433,0.912,0.736,0.657,0.411,1.023,0.861,0.675,0.048,0.768,0.726,0.78,0.463,0.079,0.364,0.471,0.234,0.006,0.722,0.855,0.778,0.193,0.007,0.037,0.512,0.763,0.007,0.013,0.425,0.299,0.077,0.002,0.005,0.427,0.632,0,0.376,0.001,0.327,0.575,0.001,0.399,0.114,0.132,0.001,0,0.427,16.894
00:38.8,3957,-0.392,-0.566,-0.444,-0.573,-0.217,-0.624,0.335,0.672,0.152,0.051,0.78,0.605,0.667,0.608,-0.397,-0.168,0.311,0.407,0.479,0.712,0.581,-0.652,-0.463,-0.152,0.001,0.001,0.001,0.039,0.033,0.001,0.012,0.001,0.001,0.023,0.001,0.001,0.001,0.001,0.024,0.001,0.001,0.001,0.001,0.021,0.001,0,0.001,0.001,0.087,0.001,0.001,0.001,0.001,0.001,0.001,0.001,0.028,0.065,0.001,0.001,0.001,0.045,0.017,0.001,0.001,0.001,0.001,0.001,0.001,0.62,0.234,-0.615,0.427,0.912,0.737,0.662,0.418,1.028,0.866,0.678,0.046,0.767,0.728,0.783,0.458,0.078,0.365,0.474,0.236,0.005,0.716,0.855,0.773,0.176,0.007,0.038,0.518,0.774,0.006,0.013,0.419,0.286,0.071,0.001,0.005,0.429,0.631,0,0.365,0.001,0.324,0.556,0,0.372,0.106,0.127,0.001,0.001,0.427,16.812
00:38.8,3958,-0.387,-0.569,-0.445,-0.572,-0.221,-0.624,0.332,0.672,0.147,0.052,0.78,0.606,0.666,0.609,-0.396,-0.168,0.311,0.404,0.481,0.713,0.656,-0.547,-0.52,-0.027,0.001,0.001,0.001,0.034,0.04,0.001,0.006,0.001,0.001,0.035,0.001,0.001,0.001,0.001,0.024,0.001,0.001,0.001,0.001,0.028,0.001,0.001,0.001,0.001,0.09,0.001,0.001,0.001,0.001,0.001,0.001,0.001,0.021,0.057,0.001,0.001,0.001,0.034,0.018,0.001,0.001,0.001,0.001,0.001,0.001,0.621,0.233,-0.617,0.424,0.908,0.737,0.663,0.411,1.029,0.873,0.678,0.048,0.763,0.73,0.789,0.455,0.072,0.368,0.474,0.238,0.004,0.718,0.853,0.77,0.172,0.007,0.037,0.521,0.778,0.001,0.012,0.413,0.274,0.065,0.002,0.005,0.427,0.631,0,0.352,0.001,0.321,0.546,0.001,0.341,0.11,0.127,0.001,0.001,0.421,16.727
00:38.8,3959,-0.382,-0.573,-0.446,-0.572,-0.227,-0.625,0.329,0.67,0.142,0.053,0.781,0.606,0.665,0.611,-0.395,-0.168,0.31,0.401,0.483,0.714,0.677,-0.52,-0.52,-0.018,0.004,0.001,0.001,0.002,0.067,0.001,0.001,0.001,0.001,0.062,0.001,0.001,0.001,0.001,0.023,0.001,0.001,0.001,0.017,0.048,0.001,0.001,0.001,0.001,0.077,0.001,0.001,0.001,0.001,0.001,0.001,0.001,0.018,0.057,0.001,0.001,0.001,0.013,0.012,0.001,0.001,0.001,0.001,0.001,0.001,0.622,0.232,-0.619,0.419,0.908,0.735,0.664,0.402,1.026,0.874,0.675,0.044,0.761,0.733,0.789,0.449,0.071,0.37,0.474,0.236,0.006,0.716,0.855,0.768,0.172,0.007,0.035,0.521,0.781,0.001,0.012,0.413,0.269,0.06,0.002,0.005,0.427,0.632,0.001,0.337,0.001,0.324,0.545,0.001,0.325,0.11,0.125,0.001,0,0.433,16.663
00:38.9,3960,-0.375,-0.577,-0.447,-0.572,-0.235,-0.627,0.324,0.668,0.136,0.054,0.782,0.606,0.664,0.612,-0.394,-0.168,0.311,0.398,0.485,0.714,0.699,-0.49,-0.52,-0.009,0.004,0.001,0.001,0.001,0.068,0.001,0.001,0.001,0.001,0.063,0.001,0.001,0.001,0.001,0.024,0.001,0.001,0.001,0.017,0.042,0.001,0.001,0.001,0.001,0.081,0.001,0.001,0.001,0.001,0.001,0.001,0.001,0.022,0.059,0.001,0.001,0.001,0.015,0.012,0.001,0.001,0.001,0.001,0.001,0.001,0.624,0.23,-0.621,0.415,0.907,0.733,0.661,0.398,1.015,0.861,0.67,0.043,0.762,0.731,0.786,0.449,0.063,0.375,0.47,0.231,0.002,0.716,0.855,0.767,0.171,0.006,0.035,0.521,0.779,0.001,0.012,0.414,0.275,0.06,0.002,0.005,0.43,0.634,0,0.336,0.001,0.328,0.547,0,0.315,0.112,0.123,0,0.001,0.441,16.603
00:38.9,3961,-0.368,-0.58,-0.448,-0.572,-0.244,-0.63,0.32,0.664,0.132,0.055,0.782,0.606,0.663,0.614,-0.394,-0.168,0.311,0.395,0.487,0.714,0.726,-0.452,-0.518,0.001,0.002,0.001,0.001,0.001,0.07,0.001,0.001,0.001,0.001,0.067,0.002,0.001,0.001,0.001,0.026,0.001,0.001,0.001,0.017,0.045,0.001,0.001,0.001,0.001,0.084,0.001,0.001,0.001,0.001,0.001,0.001,0.001,0.024,0.062,0.001,0.001,0.001,0.016,0.01,0.001,0.001,0.001,0.001,0.001,0.001,0.626,0.227,-0.624,0.409,0.907,0.73,0.657,0.386,0.989,0.858,0.663,0.035,0.763,0.736,0.783,0.444,0.059,0.363,0.468,0.222,0,0.718,0.853,0.768,0.173,0.006,0.037,0.523,0.778,0.001,0.013,0.418,0.278,0.062,0.001,0.004,0.43,0.635,0,0.342,0.001,0.333,0.553,0,0.299,0.115,0.127,0,0,0.458,16.531
00:38.9,3962,-0.36,-0.582,-0.449,-0.573,-0.253,-0.634,0.315,0.659,0.127,0.056,0.783,0.606,0.661,0.616,-0.394,-0.168,0.312,0.391,0.489,0.715,0.748,-0.419,-0.515,0.007,0.002,0.001,0.001,0.001,0.071,0.001,0.001,0.001,0.001,0.07,0.001,0.001,0.001,0.001,0.027,0.001,0.001,0.001,0.017,0.046,0.001,0.001,0.001,0.001,0.089,0,0.001,0.001,0.001,0.001,0.001,0.001,0.026,0.06,0.001,0.001,0.001,0.015,0.01,0.001,0.001,0.001,0.001,0.001,0.001,0.629,0.224,-0.626,0.404,0.906,0.726,0.65,0.371,0.961,0.841,0.65,0.029,0.764,0.73,0.78,0.435,0.059,0.354,0.459,0.217,0,0.724,0.855,0.774,0.175,0.006,0.034,0.524,0.773,0,0.013,0.424,0.286,0.067,0.002,0.004,0.433,0.634,0.001,0.347,0.001,0.346,0.564,0,0.297,0.12,0.129,0.001,0.001,0.466,16.467
00:38.9,3963,-0.352,-0.584,-0.451,-0.576,-0.263,-0.639,0.309,0.653,0.122,0.056,0.784,0.606,0.66,0.618,-0.393,-0.169,0.313,0.388,0.49,0.715,0.775,-0.374,-0.509,0.015,0.002,0.001,0.001,0.001,0.074,0.001,0.001,0.001,0.001,0.068,0.001,0.001,0.001,0.001,0.027,0.001,0.001,0.001,0.01,0.044,0.001,0.001,0.001,0.001,0.09,0.001,0.001,0.001,0.001,0.001,0.001,0.001,0.038,0.059,0.001,0.001,0.001,0.017,0.01,0.001,0.001,0.001,0.001,0.001,0.001,0.631,0.22,-0.628,0.398,0.9,0.722,0.636,0.343,0.93,0.822,0.625,0.028,0.766,0.729,0.778,0.426,0.057,0.339,0.452,0.21,0.001,0.737,0.855,0.778,0.179,0.005,0.034,0.521,0.762,0.001,0.013,0.433,0.295,0.066,0.002,0.004,0.438,0.63,0.001,0.353,0.001,0.36,0.59,0,0.294,0.132,0.134,0,0.001,0.473,16.383
00:38.9,3964,-0.343,-0.585,-0.453,-0.579,-0.273,-0.645,0.305,0.645,0.117,0.056,0.785,0.605,0.658,0.62,-0.393,-0.17,0.313,0.386,0.491,0.715,0.793,-0.341,-0.504,0.019,0.001,0.001,0.001,0.001,0.073,0.001,0.001,0.001,0.001,0.065,0.002,0.001,0.001,0.001,0.026,0.001,0.001,0.001,0.01,0.039,0.001,0.001,0.001,0.001,0.09,0.001,0.001,0.001,0.001,0.001,0.001,0.001,0.042,0.056,0.001,0.001,0.001,0.02,0.009,0.001,0.001,0.001,0.001,0.001,0.001,0.635,0.214,-0.631,0.391,0.896,0.718,0.626,0.319,0.912,0.785,0.596,0.028,0.768,0.726,0.773,0.42,0.044,0.337,0.442,0.206,0,0.747,0.856,0.784,0.182,0.005,0.038,0.521,0.748,0.001,0.015,0.442,0.309,0.067,0.002,0.004,0.444,0.629,0.001,0.37,0.001,0.375,0.609,0,0.298,0.139,0.142,0,0,0.466,16.325
00:38.9,3965,-0.334,-0.586,-0.454,-0.582,-0.281,-0.652,0.301,0.637,0.114,0.056,0.786,0.605,0.656,0.621,-0.392,-0.173,0.314,0.384,0.492,0.715,0.814,-0.301,-0.496,0.023,0.001,0.001,0.001,0.001,0.073,0.001,0.001,0.001,0.001,0.067,0.001,0.001,0.001,0.001,0.029,0.001,0.001,0.001,0.01,0.039,0.001,0.001,0.001,0.001,0.087,0.001,0.001,0.001,0.001,0.001,0.001,0.001,0.044,0.056,0.001,0.001,0.001,0.022,0.009,0.001,0.001,0.001,0.001,0.001,0.001,0.638,0.21,-0.632,0.387,0.891,0.706,0.609,0.28,0.874,0.746,0.569,0.028,0.769,0.723,0.769,0.411,0.042,0.333,0.431,0.204,0.001,0.758,0.855,0.79,0.182,0.005,0.038,0.519,0.734,0.001,0.004,0.453,0.325,0.073,0.001,0.002,0.448,0.624,0.001,0.403,0.001,0.396,0.634,0.001,0.31,0.153,0.156,0.001,0.001,0.471,16.255
00:38.9,3966,-0.325,-0.585,-0.456,-0.586,-0.289,-0.658,0.298,0.628,0.111,0.056,0.787,0.604,0.655,0.622,-0.391,-0.176,0.315,0.383,0.494,0.714,0.829,-0.268,-0.491,0.025,0.001,0.001,0.001,0.001,0.077,0.001,0.001,0.001,0.001,0.065,0.002,0.001,0.001,0.001,0.029,0.001,0.001,0.001,0.01,0.04,0.001,0.001,0.001,0.001,0.087,0.001,0.001,0.001,0.001,0.001,0.001,0.001,0.044,0.055,0.001,0.001,0.001,0.022,0.007,0.001,0.001,0.001,0.001,0.001,0.001,0.641,0.206,-0.634,0.381,0.889,0.707,0.592,0.238,0.83,0.701,0.548,0.028,0.769,0.72,0.762,0.399,0.044,0.332,0.415,0.203,0.001,0.769,0.855,0.797,0.194,0.005,0.04,0.513,0.722,0.001,0.004,0.463,0.347,0.088,0.001,0.004,0.454,0.621,0.001,0.431,0.001,0.415,0.661,0,0.331,0.171,0.17,0,0,0.472,16.237
00:38.9,3967,-0.316,-0.584,-0.457,-0.591,-0.296,-0.664,0.297,0.619,0.109,0.056,0.787,0.604,0.653,0.623,-0.391,-0.179,0.316,0.382,0.495,0.713,0.829,-0.268,-0.491,0.025,0.001,0.001,0.001,0.001,0.077,0.001,0.001,0.001,0.001,0.065,0.002,0.001,0.001,0.001,0.029,0.001,0.001,0.001,0.01,0.04,0.001,0.001,0.001,0.001,0.087,0.001,0.001,0.001,0.001,0.001,0.001,0.001,0.044,0.055,0.001,0.001,0.001,0.022,0.007,0.001,0.001,0.001,0.001,0.001,0.001,0.644,0.203,-0.634,0.377,0.885,0.702,0.578,0.209,0.742,0.628,0.527,0.027,0.767,0.716,0.755,0.394,0.049,0.333,0.405,0.192,0,0.781,0.856,0.803,0.212,0.004,0.04,0.503,0.709,0.001,0.005,0.47,0.364,0.098,0.001,0.002,0.458,0.619,0,0.455,0.001,0.43,0.689,0.001,0.361,0.187,0.183,0.001,0.001,0.472,16.144
00:38.9,3968,-0.307,-0.583,-0.459,-0.596,-0.304,-0.667,0.296,0.612,0.108,0.055,0.787,0.604,0.652,0.624,-0.391,-0.183,0.317,0.381,0.496,0.713,0.829,-0.268,-0.491,0.025,0.001,0.001,0.001,0.001,0.077,0.001,0.001,0.001,0.001,0.065,0.002,0.001,0.001,0.001,0.029,0.001,0.001,0.001,0.01,0.04,0.001,0.001,0.001,0.001,0.087,0.001,0.001,0.001,0.001,0.001,0.001,0.001,0.044,0.055,0.001,0.001,0.001,0.022,0.007,0.001,0.001,0.001,0.001,0.001,0.001,0.646,0.2,-0.635,0.373,0.879,0.696,0.559,0.156,0.68,0.57,0.503,0.027,0.769,0.717,0.748,0.394,0.044,0.322,0.393,0.192,0.001,0.789,0.856,0.81,0.234,0.004,0.04,0.49,0.701,0,0.009,0.479,0.385,0.1,0.001,0.002,0.463,0.623,0,0.462,0.001,0.455,0.709,0.001,0.408,0.211,0.199,0,0.001,0.472,16.083
00:38.9,3969,-0.299,-0.58,-0.461,-0.601,-0.312,-0.669,0.296,0.606,0.108,0.055,0.788,0.604,0.65,0.624,-0.392,-0.186,0.317,0.38,0.497,0.713,0.829,-0.268,-0.491,0.025,0.001,0.001,0.001,0.001,0.077,0.001,0.001,0.001,0.001,0.065,0.002,0.001,0.001,0.001,0.029,0.001,0.001,0.001,0.01,0.04,0.001,0.001,0.001,0.001,0.087,0.001,0.001,0.001,0.001,0.001,0.001,0.001,0.044,0.055,0.001,0.001,0.001,0.022,0.007,0.001,0.001,0.001,0.001,0.001,0.001,0.649,0.196,-0.636,0.369,0.877,0.691,0.536,0.131,0.643,0.529,0.482,0.027,0.769,0.714,0.744,0.376,0.044,0.31,0.382,0.188,0,0.8,0.857,0.819,0.241,0.002,0.043,0.482,0.694,0,0.018,0.485,0.403,0.123,0.001,0.002,0.47,0.624,0,0.493,0.001,0.475,0.728,0,0.437,0.22,0.209,0,0.001,0.472,16.071
00:38.9,3970,-0.292,-0.577,-0.463,-0.606,-0.32,-0.67,0.297,0.601,0.108,0.056,0.787,0.604,0.648,0.624,-0.393,-0.189,0.317,0.379,0.498,0.713,0.829,-0.268,-0.491,0.025,0.001,0.001,0.001,0.001,0.077,0.001,0.001,0.001,0.001,0.065,0.002,0.001,0.001,0.001,0.029,0.001,0.001,0.001,0.01,0.04,0.001,0.001,0.001,0.001,0.087,0.001,0.001,0.001,0.001,0.001,0.001,0.001,0.044,0.055,0.001,0.001,0.001,0.022,0.007,0.001,0.001,0.001,0.001,0.001,0.001,0.651,0.194,-0.636,0.366,0.871,0.684,0.516,0.114,0.602,0.498,0.449,0.024,0.77,0.713,0.737,0.359,0.045,0.289,0.368,0.186,0.001,0.808,0.858,0.827,0.254,0.002,0.044,0.468,0.681,0.001,0.021,0.492,0.418,0.147,0.001,0.002,0.476,0.626,0.001,0.525,0.001,0.509,0.75,0.053,0.492,0.236,0.222,0.001,0.005,0.472,16.147
00:39.0,3971,-0.286,-0.574,-0.466,-0.61,-0.329,-0.668,0.299,0.597,0.109,0.056,0.787,0.605,0.647,0.623,-0.395,-0.191,0.317,0.378,0.498,0.714,0.829,-0.268,-0.491,0.025,0.001,0.001,0.001,0.001,0.077,0.001,0.001,0.001,0.001,0.065,0.002,0.001,0.001,0.001,0.029,0.001,0.001,0.001,0.01,0.04,0.001,0.001,0.001,0.001,0.087,0.001,0.001,0.001,0.001,0.001,0.001,0.001,0.044,0.055,0.001,0.001,0.001,0.022,0.007,0.001,0.001,0.001,0.001,0.001,0.001,0.654,0.191,-0.636,0.363,0.867,0.679,0.501,0.099,0.573,0.464,0.415,0.024,0.773,0.712,0.734,0.348,0.044,0.284,0.348,0.181,0,0.813,0.861,0.835,0.258,0.002,0.046,0.453,0.668,0,0.024,0.496,0.427,0.158,0.001,0.002,0.484,0.632,0,0.559,0.001,0.549,0.769,0.153,0.549,0.259,0.239,0,0.012,0.472,16.296
00:39.0,3972,-0.28,-0.57,-0.469,-0.614,-0.338,-0.666,0.301,0.593,0.109,0.058,0.786,0.605,0.646,0.623,-0.397,-0.193,0.317,0.376,0.498,0.714,0.829,-0.268,-0.491,0.025,0.001,0.001,0.001,0.001,0.077,0.001,0.001,0.001,0.001,0.065,0.002,0.001,0.001,0.001,0.029,0.001,0.001,0.001,0.01,0.04,0.001,0.001,0.001,0.001,0.087,0.001,0.001,0.001,0.001,0.001,0.001,0.001,0.044,0.055,0.001,0.001,0.001,0.022,0.007,0.001,0.001,0.001,0.001,0.001,0.001,0.656,0.188,-0.636,0.36,0.863,0.673,0.486,0.082,0.545,0.452,0.397,0.023,0.774,0.712,0.729,0.337,0.044,0.274,0.336,0.175,0,0.821,0.863,0.847,0.264,0.002,0.054,0.433,0.656,0.005,0.026,0.498,0.437,0.188,0.001,0.002,0.487,0.632,0.001,0.568,0.001,0.584,0.791,0.239,0.6,0.271,0.252,0.001,0.024,0.472,16.45
00:39.0,3973,-0.276,-0.567,-0.472,-0.617,-0.348,-0.662,0.304,0.59,0.109,0.06,0.786,0.606,0.645,0.622,-0.399,-0.193,0.317,0.375,0.497,0.715,0.873,-0.072,-0.482,0.012,0.001,0,0.001,0.001,0.077,0.001,0.001,0.001,0.001,0.063,0.002,0.001,0.001,0.001,0.029,0.001,0.001,0.001,0.01,0.04,0.001,0.001,0.001,0.001,0.088,0.001,0.001,0.001,0.001,0.001,0.001,0.001,0.044,0.055,0.001,0.001,0.001,0.022,0.007,0.001,0.001,0.001,0.001,0.001,0.001,0.659,0.185,-0.636,0.356,0.856,0.665,0.469,0.077,0.513,0.422,0.369,0.022,0.777,0.712,0.724,0.319,0.042,0.27,0.316,0.172,0,0.825,0.864,0.857,0.278,0.002,0.059,0.416,0.643,0.011,0.026,0.502,0.449,0.209,0.001,0.002,0.495,0.634,0,0.585,0.001,0.62,0.807,0.332,0.683,0.291,0.269,0,0.027,0.47,16.613
00:39.0,3974,-0.272,-0.563,-0.476,-0.619,-0.357,-0.658,0.308,0.586,0.109,0.062,0.785,0.607,0.645,0.621,-0.401,-0.193,0.317,0.374,0.497,0.716,0.874,-0.051,-0.483,0.008,0.001,0.001,0.001,0.001,0.106,0.001,0.017,0.001,0.001,0.045,0.004,0.001,0.001,0.001,0.029,0.001,0.001,0.001,0.01,0.022,0.001,0.001,0.001,0.001,0.083,0.001,0.001,0.001,0.001,0.001,0,0.001,0.02,0.06,0,0.001,0.001,0.011,0.001,0.001,0.001,0.001,0.001,0.001,0.001,0.661,0.183,-0.636,0.354,0.849,0.654,0.447,0.057,0.505,0.419,0.357,0.022,0.778,0.712,0.717,0.315,0.048,0.276,0.293,0.173,0.001,0.827,0.869,0.868,0.302,0.002,0.057,0.405,0.636,0.021,0.026,0.502,0.462,0.233,0.001,0.002,0.502,0.634,0.016,0.619,0.001,0.65,0.817,0.471,0.735,0.319,0.287,0.001,0.033,0.439,16.921
00:39.0,3975,-0.271,-0.559,-0.479,-0.62,-0.367,-0.653,0.313,0.583,0.108,0.064,0.784,0.608,0.645,0.62,-0.403,-0.192,0.318,0.373,0.496,0.717,0.874,-0.051,-0.483,0.008,0.001,0.001,0.001,0.001,0.106,0.001,0.017,0.001,0.001,0.045,0.004,0.001,0.001,0.001,0.029,0.001,0.001,0.001,0.01,0.022,0.001,0.001,0.001,0.001,0.083,0.001,0.001,0.001,0.001,0.001,0,0.001,0.02,0.06,0,0.001,0.001,0.011,0.001,0.001,0.001,0.001,0.001,0.001,0.001,0.661,0.183,-0.636,0.354,0.849,0.654,0.447,0.057,0.505,0.419,0.357,0.022,0.778,0.712,0.717,0.315,0.048,0.276,0.293,0.173,0.001,0.827,0.869,0.868,0.302,0.002,0.057,0.405,0.636,0.021,0.026,0.502,0.462,0.233,0.001,0.002,0.502,0.634,0.016,0.619,0.001,0.65,0.817,0.471,0.735,0.319,0.287,0.001,0.033,0.439,16.921
00:39.0,3976,-0.271,-0.556,-0.483,-0.62,-0.377,-0.648,0.318,0.58,0.107,0.067,0.783,0.609,0.645,0.619,-0.405,-0.191,0.318,0.372,0.495,0.718,0.874,-0.051,-0.483,0.008,0.001,0.001,0.001,0.001,0.106,0.001,0.017,0.001,0.001,0.045,0.004,0.001,0.001,0.001,0.029,0.001,0.001,0.001,0.01,0.022,0.001,0.001,0.001,0.001,0.083,0.001,0.001,0.001,0.001,0.001,0,0.001,0.02,0.06,0,0.001,0.001,0.011,0.001,0.001,0.001,0.001,0.001,0.001,0.001,0.661,0.183,-0.636,0.354,0.849,0.654,0.447,0.057,0.505,0.419,0.357,0.022,0.778,0.712,0.717,0.315,0.048,0.276,0.293,0.173,0.001,0.827,0.869,0.868,0.302,0.002,0.057,0.405,0.636,0.021,0.026,0.502,0.462,0.233,0.001,0.002,0.502,0.634,0.016,0.619,0.001,0.65,0.817,0.471,0.735,0.319,0.287,0.001,0.033,0.439,16.921
00:39.0,3977,-0.272,-0.553,-0.486,-0.62,-0.386,-0.642,0.325,0.577,0.105,0.069,0.782,0.61,0.646,0.617,-0.406,-0.191,0.319,0.37,0.494,0.719,0.874,-0.051,-0.483,0.008,0.001,0.001,0.001,0.001,0.106,0.001,0.017,0.001,0.001,0.045,0.004,0.001,0.001,0.001,0.029,0.001,0.001,0.001,0.01,0.022,0.001,0.001,0.001,0.001,0.083,0.001,0.001,0.001,0.001,0.001,0,0.001,0.02,0.06,0,0.001,0.001,0.011,0.001,0.001,0.001,0.001,0.001,0.001,0.001,0.661,0.183,-0.636,0.354,0.849,0.654,0.447,0.057,0.505,0.419,0.357,0.022,0.778,0.712,0.717,0.315,0.048,0.276,0.293,0.173,0.001,0.827,0.869,0.868,0.302,0.002,0.057,0.405,0.636,0.021,0.026,0.502,0.462,0.233,0.001,0.002,0.502,0.634,0.016,0.619,0.001,0.65,0.817,0.471,0.735,0.319,0.287,0.001,0.033,0.439,16.921
00:39.0,3978,-0.274,-0.552,-0.489,-0.617,-0.394,-0.636,0.332,0.574,0.104,0.072,0.781,0.611,0.646,0.616,-0.408,-0.191,0.32,0.369,0.493,0.72,0.874,-0.051,-0.483,0.008,0.001,0.001,0.001,0.001,0.106,0.001,0.017,0.001,0.001,0.045,0.004,0.001,0.001,0.001,0.029,0.001,0.001,0.001,0.01,0.022,0.001,0.001,0.001,0.001,0.083,0.001,0.001,0.001,0.001,0.001,0,0.001,0.02,0.06,0,0.001,0.001,0.011,0.001,0.001,0.001,0.001,0.001,0.001,0.001,0.661,0.183,-0.636,0.354,0.849,0.654,0.447,0.057,0.505,0.419,0.357,0.022,0.778,0.712,0.717,0.315,0.048,0.276,0.293,0.173,0.001,0.827,0.869,0.868,0.302,0.002,0.057,0.405,0.636,0.021,0.026,0.502,0.462,0.233,0.001,0.002,0.502,0.634,0.016,0.619,0.001,0.65,0.817,0.471,0.735,0.319,0.287,0.001,0.033,0.439,16.921
00:39.0,3979,-0.276,-0.551,-0.493,-0.614,-0.404,-0.629,0.34,0.571,0.102,0.075,0.78,0.613,0.646,0.615,-0.409,-0.192,0.321,0.368,0.492,0.721,0.874,-0.051,-0.483,0.008,0.001,0.001,0.001,0.001,0.106,0.001,0.017,0.001,0.001,0.045,0.004,0.001,0.001,0.001,0.029,0.001,0.001,0.001,0.01,0.022,0.001,0.001,0.001,0.001,0.083,0.001,0.001,0.001,0.001,0.001,0,0.001,0.02,0.06,0,0.001,0.001,0.011,0.001,0.001,0.001,0.001,0.001,0.001,0.001,0.661,0.183,-0.636,0.354,0.849,0.654,0.447,0.057,0.505,0.419,0.357,0.022,0.778,0.712,0.717,0.315,0.048,0.276,0.293,0.173,0.001,0.827,0.869,0.868,0.302,0.002,0.057,0.405,0.636,0.021,0.026,0.502,0.462,0.233,0.001,0.002,0.502,0.634,0.016,0.619,0.001,0.65,0.817,0.471,0.735,0.319,0.287,0.001,0.033,0.439,16.921
00:39.0,3980,-0.279,-0.551,-0.495,-0.611,-0.415,-0.622,0.349,0.565,0.1,0.079,0.779,0.613,0.645,0.615,-0.411,-0.193,0.322,0.367,0.491,0.721,0.874,-0.051,-0.483,0.008,0.001,0.001,0.001,0.001,0.106,0.001,0.017,0.001,0.001,0.045,0.004,0.001,0.001,0.001,0.029,0.001,0.001,0.001,0.01,0.022,0.001,0.001,0.001,0.001,0.083,0.001,0.001,0.001,0.001,0.001,0,0.001,0.02,0.06,0,0.001,0.001,0.011,0.001,0.001,0.001,0.001,0.001,0.001,0.001,0.672,0.175,-0.631,0.346,0.849,0.654,0.447,0.057,0.505,0.419,0.357,0.022,0.778,0.712,0.717,0.315,0.048,0.276,0.293,0.173,0.001,0.827,0.869,0.868,0.302,0.002,0.057,0.405,0.636,0.021,0.026,0.502,0.462,0.233,0.001,0.002,0.502,0.634,0.016,0.619,0.001,0.65,0.817,0.471,0.735,0.319,0.287,0.001,0.033,0.439,16.921
00:39.1,3981,-0.283,-0.551,-0.498,-0.607,-0.429,-0.616,0.359,0.555,0.098,0.082,0.779,0.614,0.644,0.614,-0.413,-0.195,0.323,0.367,0.489,0.722,0.864,0.08,-0.495,-0.039,0.001,0.001,0.001,0.001,0.109,0.001,0.016,0.001,0.001,0.045,0.004,0.001,0.001,0.001,0.029,0.001,0.001,0.001,0.01,0.018,0.001,0,0.001,0.001,0.079,0.001,0.001,0.001,0.001,0.001,0.001,0.001,0.017,0.062,0.001,0.001,0.001,0.013,0.001,0.001,0.001,0.001,0.001,0.001,0.001,0.674,0.174,-0.63,0.344,0.8,0.613,0.377,0.018,0.491,0.385,0.252,0.032,0.755,0.702,0.674,0.275,0.05,0.284,0.244,0.187,0.087,0.811,0.885,0.901,0.379,0.024,0.114,0.371,0.611,0.062,0.076,0.488,0.495,0.281,0.001,0.002,0.526,0.639,0.194,0.716,0.001,0.763,0.845,1.043,0.977,0.441,0.365,0.002,0.045,0.435,18.284
00:39.1,3982,-0.286,-0.552,-0.499,-0.603,-0.446,-0.61,0.368,0.542,0.097,0.085,0.778,0.615,0.643,0.613,-0.415,-0.195,0.323,0.366,0.488,0.723,0.862,0.102,-0.495,-0.036,0.001,0.001,0.001,0.001,0.121,0.001,0.017,0.001,0.001,0.049,0.002,0.001,0.001,0.001,0.028,0,0.001,0.001,0.01,0.022,0.001,0.001,0.001,0.001,0.07,0.001,0.001,0.001,0.001,0.001,0.001,0.001,0.001,0.056,0.001,0.001,0.001,0.001,0.001,0.001,0.001,0.001,0.001,0.001,0,0.676,0.172,-0.63,0.342,0.794,0.612,0.369,0.018,0.477,0.386,0.242,0.031,0.751,0.702,0.672,0.272,0.053,0.283,0.241,0.179,0.099,0.803,0.889,0.902,0.377,0.027,0.122,0.368,0.614,0.067,0.077,0.477,0.496,0.294,0.001,0.002,0.529,0.642,0.211,0.717,0.001,0.774,0.847,1.073,1.004,0.453,0.37,0.002,0.045,0.409,18.365
00:39.1,3983,-0.289,-0.553,-0.5,-0.6,-0.463,-0.606,0.375,0.527,0.095,0.089,0.777,0.615,0.643,0.612,-0.417,-0.196,0.324,0.366,0.486,0.724,0.862,0.102,-0.495,-0.036,0.001,0.001,0.001,0.001,0.121,0.001,0.017,0.001,0.001,0.049,0.002,0.001,0.001,0.001,0.028,0,0.001,0.001,0.01,0.022,0.001,0.001,0.001,0.001,0.07,0.001,0.001,0.001,0.001,0.001,0.001,0.001,0.001,0.056,0.001,0.001,0.001,0.001,0.001,0.001,0.001,0.001,0.001,0.001,0,0.677,0.172,-0.63,0.341,0.775,0.606,0.366,0.016,0.482,0.393,0.241,0.031,0.748,0.705,0.664,0.271,0.051,0.293,0.236,0.186,0.115,0.792,0.89,0.896,0.371,0.028,0.129,0.365,0.62,0.074,0.083,0.468,0.497,0.305,0.001,0.013,0.527,0.639,0.243,0.713,0.001,0.783,0.849,1.116,1.034,0.466,0.376,0.004,0.053,0.409,18.515
00:39.1,3984,-0.292,-0.555,-0.5,-0.597,-0.48,-0.603,0.379,0.511,0.093,0.092,0.777,0.616,0.642,0.611,-0.419,-0.195,0.324,0.366,0.484,0.726,0.862,0.102,-0.495,-0.036,0.001,0.001,0.001,0.001,0.121,0.001,0.017,0.001,0.001,0.049,0.002,0.001,0.001,0.001,0.028,0,0.001,0.001,0.01,0.022,0.001,0.001,0.001,0.001,0.07,0.001,0.001,0.001,0.001,0.001,0.001,0.001,0.001,0.056,0.001,0.001,0.001,0.001,0.001,0.001,0.001,0.001,0.001,0.001,0,0.678,0.171,-0.629,0.34,0.758,0.603,0.361,0.017,0.493,0.402,0.241,0.029,0.739,0.702,0.659,0.269,0.055,0.298,0.241,0.199,0.118,0.778,0.895,0.89,0.389,0.029,0.139,0.366,0.62,0.077,0.084,0.452,0.498,0.31,0.001,0.017,0.523,0.641,0.263,0.705,0.001,0.79,0.851,1.16,1.077,0.475,0.376,0.004,0.055,0.409,18.65
00:39.1,3985,-0.295,-0.556,-0.5,-0.595,-0.495,-0.602,0.382,0.497,0.092,0.096,0.776,0.617,0.642,0.61,-0.421,-0.195,0.323,0.365,0.482,0.727,0.862,0.102,-0.495,-0.036,0.001,0.001,0.001,0.001,0.121,0.001,0.017,0.001,0.001,0.049,0.002,0.001,0.001,0.001,0.028,0,0.001,0.001,0.01,0.022,0.001,0.001,0.001,0.001,0.07,0.001,0.001,0.001,0.001,0.001,0.001,0.001,0.001,0.056,0.001,0.001,0.001,0.001,0.001,0.001,0.001,0.001,0.001,0.001,0,0.678,0.171,-0.629,0.34,0.758,0.603,0.361,0.017,0.493,0.402,0.241,0.029,0.739,0.702,0.659,0.269,0.055,0.298,0.241,0.199,0.118,0.778,0.895,0.89,0.389,0.029,0.139,0.366,0.62,0.077,0.084,0.452,0.498,0.31,0.001,0.017,0.523,0.641,0.263,0.705,0.001,0.79,0.851,1.16,1.077,0.475,0.376,0.004,0.055,0.409,18.65
00:39.1,3986,-0.297,-0.558,-0.499,-0.593,-0.508,-0.6,0.383,0.485,0.09,0.099,0.775,0.617,0.642,0.61,-0.422,-0.194,0.323,0.365,0.481,0.729,0.862,0.102,-0.495,-0.036,0.001,0.001,0.001,0.001,0.121,0.001,0.017,0.001,0.001,0.049,0.002,0.001,0.001,0.001,0.028,0,0.001,0.001,0.01,0.022,0.001,0.001,0.001,0.001,0.07,0.001,0.001,0.001,0.001,0.001,0.001,0.001,0.001,0.056,0.001,0.001,0.001,0.001,0.001,0.001,0.001,0.001,0.001,0.001,0,0.678,0.171,-0.629,0.34,0.758,0.603,0.361,0.017,0.493,0.402,0.241,0.029,0.739,0.702,0.659,0.269,0.055,0.298,0.241,0.199,0.118,0.778,0.895,0.89,0.389,0.029,0.139,0.366,0.62,0.077,0.084,0.452,0.498,0.31,0.001,0.017,0.523,0.641,0.263,0.705,0.001,0.79,0.851,1.16,1.077,0.475,0.376,0.004,0.055,0.409,18.65
00:39.1,3987,-0.299,-0.56,-0.497,-0.591,-0.519,-0.598,0.386,0.474,0.088,0.102,0.775,0.618,0.642,0.609,-0.423,-0.193,0.322,0.364,0.479,0.731,0.862,0.102,-0.495,-0.036,0.001,0.001,0.001,0.001,0.121,0.001,0.017,0.001,0.001,0.049,0.002,0.001,0.001,0.001,0.028,0,0.001,0.001,0.01,0.022,0.001,0.001,0.001,0.001,0.07,0.001,0.001,0.001,0.001,0.001,0.001,0.001,0.001,0.056,0.001,0.001,0.001,0.001,0.001,0.001,0.001,0.001,0.001,0.001,0,0.678,0.171,-0.629,0.34,0.758,0.603,0.361,0.017,0.493,0.402,0.241,0.029,0.739,0.702,0.659,0.269,0.055,0.298,0.241,0.199,0.118,0.778,0.895,0.89,0.389,0.029,0.139,0.366,0.62,0.077,0.084,0.452,0.498,0.31,0.001,0.017,0.523,0.641,0.263,0.705,0.001,0.79,0.851,1.16,1.077,0.475,0.376,0.004,0.055,0.409,18.65
00:39.1,3988,-0.3,-0.562,-0.496,-0.59,-0.528,-0.595,0.388,0.465,0.085,0.104,0.774,0.619,0.642,0.609,-0.424,-0.191,0.32,0.363,0.477,0.733,0.862,0.102,-0.495,-0.036,0.001,0.001,0.001,0.001,0.121,0.001,0.017,0.001,0.001,0.049,0.002,0.001,0.001,0.001,0.028,0,0.001,0.001,0.01,0.022,0.001,0.001,0.001,0.001,0.07,0.001,0.001,0.001,0.001,0.001,0.001,0.001,0.001,0.056,0.001,0.001,0.001,0.001,0.001,0.001,0.001,0.001,0.001,0.001,0,0.678,0.171,-0.629,0.34,0.758,0.603,0.361,0.017,0.493,0.402,0.241,0.029,0.739,0.702,0.659,0.269,0.055,0.298,0.241,0.199,0.118,0.778,0.895,0.89,0.389,0.029,0.139,0.366,0.62,0.077,0.084,0.452,0.498,0.31,0.001,0.017,0.523,0.641,0.263,0.705,0.001,0.79,0.851,1.16,1.077,0.475,0.376,0.004,0.055,0.409,18.65
00:39.1,3989,-0.301,-0.563,-0.495,-0.59,-0.536,-0.593,0.392,0.456,0.082,0.106,0.774,0.619,0.643,0.608,-0.425,-0.189,0.319,0.363,0.475,0.735,0.842,0.274,-0.465,0.009,0.001,0.001,0.001,0.001,0.125,0.001,0.018,0.001,0.001,0.046,0.002,0.001,0.001,0.001,0.028,0.001,0.001,0.001,0.01,0.023,0.001,0.001,0.001,0.001,0.071,0.001,0.001,0.001,0.001,0.001,0.001,0.001,0.001,0.055,0.001,0.001,0.001,0.001,0.001,0.001,0.001,0.001,0.001,0.001,0.001,0.678,0.171,-0.629,0.34,0.758,0.603,0.361,0.017,0.493,0.402,0.241,0.029,0.739,0.702,0.659,0.269,0.055,0.298,0.241,0.199,0.118,0.778,0.895,0.89,0.389,0.029,0.139,0.366,0.62,0.077,0.084,0.452,0.498,0.31,0.001,0.017,0.523,0.641,0.263,0.705,0.001,0.79,0.851,1.16,1.077,0.475,0.376,0.004,0.055,0.414,18.65
00:39.1,3990,-0.301,-0.564,-0.493,-0.59,-0.543,-0.59,0.395,0.448,0.079,0.108,0.773,0.62,0.643,0.608,-0.426,-0.186,0.317,0.363,0.474,0.737,0.838,0.289,-0.462,0.017,0.001,0.001,0.001,0.001,0.122,0.001,0.018,0.001,0.001,0.04,0.001,0.001,0.001,0.001,0.029,0.001,0.001,0.001,0.001,0.018,0.001,0.001,0.001,0.001,0.067,0.001,0.001,0.001,0.001,0.001,0.001,0.001,0.006,0.055,0.001,0.001,0.001,0.01,0.001,0.001,0.001,0.001,0.001,0.001,0.001,0.678,0.171,-0.629,0.34,0.758,0.603,0.361,0.017,0.493,0.402,0.241,0.029,0.739,0.702,0.659,0.269,0.055,0.298,0.241,0.199,0.118,0.778,0.895,0.89,0.389,0.029,0.139,0.366,0.62,0.077,0.084,0.452,0.498,0.31,0.001,0.017,0.523,0.641,0.263,0.705,0.001,0.79,0.851,1.16,1.077,0.475,0.376,0.004,0.055,0.401,18.65
00:39.2,3991,-0.301,-0.565,-0.492,-0.591,-0.549,-0.587,0.4,0.441,0.076,0.109,0.773,0.621,0.643,0.608,-0.427,-0.184,0.316,0.362,0.473,0.738,0.832,0.308,-0.461,0.027,0.001,0.001,0.001,0.001,0.127,0.001,0.02,0.001,0.001,0.042,0.001,0.001,0.001,0.001,0.032,0.001,0.001,0.001,0.001,0.021,0.001,0.001,0.001,0.001,0.068,0.001,0.001,0.001,0.001,0.001,0.001,0.001,0.006,0.054,0.001,0.001,0.001,0.011,0.001,0.001,0.001,0.001,0.001,0.001,0.001,0.686,0.159,-0.63,0.327,0.736,0.597,0.355,0.015,0.496,0.411,0.243,0.031,0.731,0.701,0.652,0.258,0.06,0.309,0.247,0.203,0.128,0.766,0.897,0.885,0.394,0.037,0.142,0.371,0.621,0.081,0.085,0.443,0.501,0.313,0.001,0.026,0.521,0.639,0.287,0.724,0.001,0.79,0.851,1.179,1.099,0.479,0.379,0.005,0.062,0.417,18.752
00:39.2,3992,-0.3,-0.565,-0.491,-0.591,-0.554,-0.583,0.405,0.435,0.073,0.11,0.772,0.621,0.643,0.608,-0.428,-0.183,0.315,0.361,0.472,0.74,0.832,0.308,-0.461,0.027,0.001,0.001,0.001,0.001,0.127,0.001,0.02,0.001,0.001,0.042,0.001,0.001,0.001,0.001,0.032,0.001,0.001,0.001,0.001,0.021,0.001,0.001,0.001,0.001,0.068,0.001,0.001,0.001,0.001,0.001,0.001,0.001,0.006,0.054,0.001,0.001,0.001,0.011,0.001,0.001,0.001,0.001,0.001,0.001,0.001,0.689,0.156,-0.63,0.324,0.476,0.469,0.232,0.001,0.498,0.453,0.252,0.044,0.435,0.641,0.538,0.182,0.055,0.387,0.259,0.255,0.17,0.608,0.878,0.784,0.289,0.046,0.231,0.394,0.64,0.144,0.128,0.332,0.481,0.226,0.001,0.072,0.54,0.64,0.436,0.792,0.004,0.792,0.856,1.303,1.188,0.538,0.383,0.01,0.074,0.417,18.157
00:39.2,3993,-0.299,-0.566,-0.49,-0.592,-0.558,-0.58,0.41,0.429,0.069,0.111,0.772,0.622,0.642,0.608,-0.43,-0.182,0.313,0.36,0.472,0.741,0.832,0.308,-0.461,0.027,0.001,0.001,0.001,0.001,0.127,0.001,0.02,0.001,0.001,0.042,0.001,0.001,0.001,0.001,0.032,0.001,0.001,0.001,0.001,0.021,0.001,0.001,0.001,0.001,0.068,0.001,0.001,0.001,0.001,0.001,0.001,0.001,0.006,0.054,0.001,0.001,0.001,0.011,0.001,0.001,0.001,0.001,0.001,0.001,0.001,0.691,0.154,-0.629,0.321,0.429,0.454,0.222,0.001,0.46,0.446,0.234,0.044,0.386,0.615,0.505,0.15,0.055,0.381,0.252,0.254,0.159,0.579,0.868,0.775,0.269,0.043,0.234,0.398,0.635,0.14,0.121,0.326,0.477,0.212,0.001,0.074,0.542,0.643,0.459,0.768,0.004,0.801,0.862,1.326,1.212,0.559,0.387,0.011,0.074,0.417,17.847
00:39.2,3994,-0.298,-0.566,-0.489,-0.593,-0.563,-0.577,0.415,0.422,0.065,0.111,0.772,0.622,0.642,0.608,-0.432,-0.182,0.312,0.359,0.471,0.742,0.832,0.308,-0.461,0.027,0.001,0.001,0.001,0.001,0.127,0.001,0.02,0.001,0.001,0.042,0.001,0.001,0.001,0.001,0.032,0.001,0.001,0.001,0.001,0.021,0.001,0.001,0.001,0.001,0.068,0.001,0.001,0.001,0.001,0.001,0.001,0.001,0.006,0.054,0.001,0.001,0.001,0.011,0.001,0.001,0.001,0.001,0.001,0.001,0.001,0.693,0.15,-0.629,0.318,0.347,0.433,0.184,0.001,0.426,0.431,0.22,0.042,0.315,0.582,0.499,0.128,0.06,0.372,0.241,0.253,0.147,0.514,0.858,0.757,0.223,0.044,0.241,0.397,0.629,0.138,0.117,0.306,0.469,0.198,0.001,0.081,0.542,0.643,0.473,0.779,0.004,0.813,0.874,1.352,1.211,0.581,0.393,0.011,0.09,0.417,17.42
00:39.2,3995,-0.296,-0.566,-0.489,-0.594,-0.568,-0.574,0.419,0.416,0.061,0.112,0.773,0.622,0.641,0.607,-0.434,-0.181,0.311,0.358,0.471,0.744,0.832,0.308,-0.461,0.027,0.001,0.001,0.001,0.001,0.127,0.001,0.02,0.001,0.001,0.042,0.001,0.001,0.001,0.001,0.032,0.001,0.001,0.001,0.001,0.021,0.001,0.001,0.001,0.001,0.068,0.001,0.001,0.001,0.001,0.001,0.001,0.001,0.006,0.054,0.001,0.001,0.001,0.011,0.001,0.001,0.001,0.001,0.001,0.001,0.001,0.697,0.146,-0.628,0.314,0.25,0.392,0.139,0.001,0.413,0.419,0.209,0.039,0.255,0.52,0.481,0.081,0.056,0.371,0.236,0.25,0.138,0.451,0.844,0.741,0.17,0.021,0.236,0.396,0.625,0.148,0.125,0.297,0.442,0.182,0.001,0.093,0.546,0.647,0.487,0.775,0.005,0.822,0.88,1.374,1.217,0.593,0.402,0.013,0.107,0.417,16.89
00:39.2,3996,-0.293,-0.566,-0.489,-0.595,-0.572,-0.571,0.423,0.41,0.058,0.113,0.773,0.621,0.64,0.606,-0.436,-0.179,0.311,0.357,0.471,0.744,0.832,0.308,-0.461,0.027,0.001,0.001,0.001,0.001,0.127,0.001,0.02,0.001,0.001,0.042,0.001,0.001,0.001,0.001,0.032,0.001,0.001,0.001,0.001,0.021,0.001,0.001,0.001,0.001,0.068,0.001,0.001,0.001,0.001,0.001,0.001,0.001,0.006,0.054,0.001,0.001,0.001,0.011,0.001,0.001,0.001,0.001,0.001,0.001,0.001,0.699,0.143,-0.627,0.312,0.187,0.366,0.103,0.001,0.398,0.409,0.209,0.039,0.158,0.492,0.469,0.059,0.046,0.374,0.23,0.252,0.136,0.349,0.794,0.711,0.137,0.009,0.228,0.391,0.621,0.15,0.125,0.245,0.402,0.143,0.001,0.1,0.548,0.651,0.508,0.768,0.005,0.834,0.884,1.385,1.232,0.603,0.405,0.013,0.122,0.417,16.292
00:39.2,3997,-0.291,-0.566,-0.49,-0.596,-0.577,-0.568,0.426,0.403,0.056,0.115,0.773,0.622,0.641,0.605,-0.439,-0.175,0.31,0.355,0.471,0.745,0.832,0.308,-0.461,0.027,0.001,0.001,0.001,0.001,0.127,0.001,0.02,0.001,0.001,0.042,0.001,0.001,0.001,0.001,0.032,0.001,0.001,0.001,0.001,0.021,0.001,0.001,0.001,0.001,0.068,0.001,0.001,0.001,0.001,0.001,0.001,0.001,0.006,0.054,0.001,0.001,0.001,0.011,0.001,0.001,0.001,0.001,0.001,0.001,0.001,0.702,0.141,-0.625,0.31,0.117,0.32,0.072,0,0.379,0.413,0.212,0.039,0.077,0.443,0.413,0.02,0.037,0.369,0.222,0.254,0.131,0.254,0.734,0.639,0.092,0.001,0.222,0.389,0.621,0.145,0.126,0.178,0.353,0.126,0.001,0.111,0.554,0.653,0.534,0.772,0.006,0.836,0.886,1.377,1.233,0.611,0.408,0.032,0.128,0.417,15.54
00:39.2,3998,-0.288,-0.564,-0.492,-0.597,-0.583,-0.565,0.428,0.397,0.054,0.116,0.772,0.622,0.642,0.603,-0.441,-0.171,0.31,0.354,0.471,0.746,0.832,0.308,-0.461,0.027,0.001,0.001,0.001,0.001,0.127,0.001,0.02,0.001,0.001,0.042,0.001,0.001,0.001,0.001,0.032,0.001,0.001,0.001,0.001,0.021,0.001,0.001,0.001,0.001,0.068,0.001,0.001,0.001,0.001,0.001,0.001,0.001,0.006,0.054,0.001,0.001,0.001,0.011,0.001,0.001,0.001,0.001,0.001,0.001,0.001,0.704,0.139,-0.624,0.308,0.046,0.27,0.039,0,0.348,0.41,0.211,0.037,0.027,0.377,0.403,0.001,0.027,0.357,0.222,0.264,0.136,0.14,0.652,0.581,0.033,0.001,0.217,0.387,0.619,0.151,0.134,0.151,0.231,0.071,0,0.118,0.556,0.656,0.543,0.775,0.006,0.846,0.886,1.376,1.228,0.617,0.411,0.044,0.136,0.417,14.741
00:39.2,3999,-0.284,-0.562,-0.494,-0.599,-0.588,-0.564,0.428,0.39,0.051,0.118,0.772,0.623,0.643,0.602,-0.442,-0.167,0.309,0.353,0.471,0.747,0.785,0.383,-0.48,0.087,0.001,0.001,0.001,0.001,0.138,0.001,0.024,0.001,0.001,0.046,0.004,0.001,0.001,0.001,0.039,0.001,0.001,0.001,0.01,0.017,0.001,0.001,0.001,0.001,0.06,0.001,0.001,0.001,0.001,0.001,0.001,0.001,0.001,0.05,0.001,0.001,0.001,0.011,0.001,0.001,0.001,0.001,0.001,0.001,0.001,0.706,0.138,-0.623,0.307,0.031,0.258,0.01,0.001,0.309,0.374,0.2,0.038,0.011,0.339,0.383,0.001,0.017,0.354,0.22,0.263,0.132,0.039,0.549,0.484,0.001,0.001,0.211,0.391,0.617,0.156,0.133,0.062,0.116,0.029,0,0.116,0.56,0.658,0.562,0.777,0.006,0.851,0.893,1.377,1.234,0.62,0.414,0.053,0.139,0.434,13.99
00:39.2,4000,-0.282,-0.56,-0.497,-0.6,-0.594,-0.563,0.427,0.384,0.048,0.119,0.771,0.624,0.645,0.601,-0.443,-0.163,0.309,0.351,0.471,0.748,0.785,0.383,-0.48,0.087,0.001,0.001,0.001,0.001,0.138,0.001,0.024,0.001,0.001,0.046,0.004,0.001,0.001,0.001,0.039,0.001,0.001,0.001,0.01,0.017,0.001,0.001,0.001,0.001,0.06,0.001,0.001,0.001,0.001,0.001,0.001,0.001,0.001,0.05,0.001,0.001,0.001,0.011,0.001,0.001,0.001,0.001,0.001,0.001,0.001,0.707,0.137,-0.622,0.307,0.017,0.228,0.001,0.001,0.283,0.36,0.199,0.037,0.005,0.308,0.321,0,0,0.337,0.22,0.261,0.137,0.004,0.427,0.377,0.001,0.001,0.186,0.388,0.618,0.164,0.131,0.013,0.009,0,0.001,0.117,0.56,0.662,0.575,0.774,0.006,0.86,0.897,1.375,1.249,0.626,0.416,0.06,0.138,0.434,13.35
00:39.3,4001,-0.28,-0.557,-0.5,-0.601,-0.598,-0.563,0.425,0.38,0.045,0.12,0.77,0.625,0.646,0.6,-0.443,-0.159,0.308,0.35,0.471,0.748,0.785,0.383,-0.48,0.087,0.001,0.001,0.001,0.001,0.138,0.001,0.024,0.001,0.001,0.046,0.004,0.001,0.001,0.001,0.039,0.001,0.001,0.001,0.01,0.017,0.001,0.001,0.001,0.001,0.06,0.001,0.001,0.001,0.001,0.001,0.001,0.001,0.001,0.05,0.001,0.001,0.001,0.011,0.001,0.001,0.001,0.001,0.001,0.001,0.001,0.707,0.137,-0.622,0.307,0.009,0.222,0.001,0.001,0.233,0.349,0.199,0.039,0.002,0.297,0.302,0.001,0.001,0.28,0.231,0.265,0.133,0.001,0.416,0.282,0,0.001,0.171,0.381,0.614,0.16,0.134,0.001,0.001,0.001,0.001,0.114,0.551,0.659,0.592,0.783,0.005,0.866,0.9,1.38,1.25,0.628,0.418,0.068,0.138,0.434,13.081
00:39.3,4002,-0.28,-0.554,-0.502,-0.602,-0.602,-0.564,0.423,0.376,0.041,0.12,0.769,0.627,0.648,0.6,-0.442,-0.157,0.307,0.349,0.471,0.749,0.785,0.383,-0.48,0.087,0.001,0.001,0.001,0.001,0.138,0.001,0.024,0.001,0.001,0.046,0.004,0.001,0.001,0.001,0.039,0.001,0.001,0.001,0.01,0.017,0.001,0.001,0.001,0.001,0.06,0.001,0.001,0.001,0.001,0.001,0.001,0.001,0.001,0.05,0.001,0.001,0.001,0.011,0.001,0.001,0.001,0.001,0.001,0.001,0.001,0.707,0.138,-0.621,0.309,0.009,0.199,0.001,0.001,0.209,0.328,0.189,0.035,0,0.302,0.27,0.001,0,0.231,0.228,0.264,0.138,0.001,0.446,0.26,0,0,0.132,0.381,0.612,0.165,0.128,0.002,0.001,0.001,0,0.096,0.551,0.662,0.602,0.783,0.004,0.874,0.905,1.374,1.259,0.632,0.42,0.071,0.142,0.434,12.909
00:39.3,4003,-0.282,-0.551,-0.504,-0.602,-0.605,-0.565,0.42,0.372,0.038,0.12,0.768,0.628,0.649,0.6,-0.441,-0.155,0.306,0.349,0.471,0.75,0.785,0.383,-0.48,0.087,0.001,0.001,0.001,0.001,0.138,0.001,0.024,0.001,0.001,0.046,0.004,0.001,0.001,0.001,0.039,0.001,0.001,0.001,0.01,0.017,0.001,0.001,0.001,0.001,0.06,0.001,0.001,0.001,0.001,0.001,0.001,0.001,0.001,0.05,0.001,0.001,0.001,0.011,0.001,0.001,0.001,0.001,0.001,0.001,0.001,0.706,0.137,-0.621,0.311,0.002,0.187,0,0,0.184,0.309,0.184,0.037,0.001,0.306,0.238,0.001,0.001,0.175,0.232,0.264,0.143,0,0.453,0.244,0.001,0.001,0.083,0.377,0.614,0.178,0.133,0.002,0.001,0.002,0.001,0.057,0.549,0.662,0.612,0.778,0.002,0.882,0.91,1.364,1.266,0.636,0.42,0.072,0.138,0.434,12.702
00:39.3,4004,-0.284,-0.55,-0.505,-0.601,-0.608,-0.567,0.416,0.368,0.035,0.118,0.768,0.629,0.65,0.599,-0.441,-0.154,0.304,0.348,0.471,0.751,0.785,0.383,-0.48,0.087,0.001,0.001,0.001,0.001,0.138,0.001,0.024,0.001,0.001,0.046,0.004,0.001,0.001,0.001,0.039,0.001,0.001,0.001,0.01,0.017,0.001,0.001,0.001,0.001,0.06,0.001,0.001,0.001,0.001,0.001,0.001,0.001,0.001,0.05,0.001,0.001,0.001,0.011,0.001,0.001,0.001,0.001,0.001,0.001,0.001,0.706,0.138,-0.62,0.315,0,0.176,0,0,0.132,0.281,0.179,0.037,0,0.308,0.214,0,0,0.127,0.226,0.265,0.151,0.001,0.463,0.234,0.001,0.001,0.062,0.372,0.613,0.177,0.133,0.002,0.001,0,0.001,0.042,0.547,0.661,0.624,0.774,0.001,0.89,0.912,1.364,1.275,0.643,0.419,0.072,0.138,0.434,12.519
00:39.3,4005,-0.285,-0.55,-0.506,-0.6,-0.613,-0.57,0.411,0.362,0.034,0.116,0.768,0.629,0.652,0.598,-0.44,-0.153,0.302,0.348,0.47,0.753,0.785,0.383,-0.48,0.087,0.001,0.001,0.001,0.001,0.138,0.001,0.024,0.001,0.001,0.046,0.004,0.001,0.001,0.001,0.039,0.001,0.001,0.001,0.01,0.017,0.001,0.001,0.001,0.001,0.06,0.001,0.001,0.001,0.001,0.001,0.001,0.001,0.001,0.05,0.001,0.001,0.001,0.011,0.001,0.001,0.001,0.001,0.001,0.001,0.001,0.705,0.138,-0.619,0.319,0,0.175,0.001,0.001,0.121,0.274,0.167,0.037,0.001,0.293,0.208,0.001,0.001,0.078,0.215,0.264,0.153,0.001,0.462,0.23,0.001,0.001,0.045,0.37,0.612,0.179,0.134,0.002,0.001,0.001,0,0.012,0.548,0.663,0.636,0.777,0.001,0.904,0.915,1.358,1.271,0.65,0.42,0.073,0.133,0.434,12.39
00:39.3,4006,-0.285,-0.551,-0.506,-0.599,-0.617,-0.574,0.404,0.356,0.033,0.114,0.768,0.629,0.653,0.598,-0.439,-0.152,0.3,0.347,0.47,0.754,0.713,0.429,-0.526,0.177,0.001,0.001,0.001,0.001,0.138,0.001,0.024,0.001,0.001,0.046,0.005,0.001,0.001,0.001,0.039,0.001,0.001,0.001,0.01,0.017,0.001,0.001,0.001,0.001,0.06,0.001,0.001,0.001,0.001,0.001,0.001,0.001,0.001,0.049,0.001,0.001,0.001,0.011,0.001,0.001,0.001,0.001,0.001,0.001,0.001,0.703,0.139,-0.618,0.324,0.001,0.171,0.001,0.001,0.106,0.248,0.153,0.037,0,0.288,0.203,0.001,0.001,0.05,0.203,0.263,0.161,0,0.468,0.223,0.001,0.001,0.034,0.364,0.607,0.182,0.133,0.002,0.001,0,0,0.009,0.547,0.663,0.641,0.78,0.001,0.922,0.921,1.357,1.271,0.657,0.42,0.07,0.129,0.434,12.292
00:39.3,4007,-0.284,-0.553,-0.506,-0.598,-0.62,-0.58,0.395,0.35,0.034,0.111,0.768,0.629,0.655,0.596,-0.439,-0.15,0.297,0.347,0.469,0.756,0.713,0.429,-0.526,0.177,0.001,0.001,0.001,0.001,0.138,0.001,0.024,0.001,0.001,0.046,0.005,0.001,0.001,0.001,0.039,0.001,0.001,0.001,0.01,0.017,0.001,0.001,0.001,0.001,0.06,0.001,0.001,0.001,0.001,0.001,0.001,0.001,0.001,0.049,0.001,0.001,0.001,0.011,0.001,0.001,0.001,0.001,0.001,0.001,0.001,0.701,0.14,-0.617,0.328,0.001,0.148,0,0,0.059,0.216,0.14,0.037,0.001,0.28,0.192,0,0,0.035,0.181,0.263,0.16,0,0.484,0.217,0,0,0.015,0.349,0.604,0.182,0.138,0.002,0.001,0,0,0,0.551,0.663,0.647,0.784,0,0.945,0.927,1.357,1.259,0.668,0.419,0.067,0.125,0.434,12.117
00:39.3,4008,-0.283,-0.555,-0.506,-0.596,-0.621,-0.589,0.384,0.348,0.037,0.109,0.769,0.629,0.657,0.595,-0.439,-0.148,0.295,0.346,0.469,0.757,0.713,0.429,-0.526,0.177,0.001,0.001,0.001,0.001,0.138,0.001,0.024,0.001,0.001,0.046,0.005,0.001,0.001,0.001,0.039,0.001,0.001,0.001,0.01,0.017,0.001,0.001,0.001,0.001,0.06,0.001,0.001,0.001,0.001,0.001,0.001,0.001,0.001,0.049,0.001,0.001,0.001,0.011,0.001,0.001,0.001,0.001,0.001,0.001,0.001,0.698,0.141,-0.617,0.335,0.001,0.128,0.001,0.001,0.028,0.165,0.134,0.033,0,0.265,0.173,0,0,0.02,0.162,0.263,0.161,0.001,0.481,0.206,0.001,0.001,0.012,0.321,0.596,0.188,0.134,0.002,0.001,0,0,0.001,0.551,0.668,0.65,0.781,0,0.966,0.934,1.355,1.265,0.68,0.42,0.07,0.121,0.434,11.941
00:39.3,4009,-0.282,-0.557,-0.507,-0.594,-0.616,-0.6,0.371,0.35,0.04,0.107,0.77,0.628,0.659,0.594,-0.438,-0.146,0.294,0.345,0.469,0.758,0.713,0.429,-0.526,0.177,0.001,0.001,0.001,0.001,0.138,0.001,0.024,0.001,0.001,0.046,0.005,0.001,0.001,0.001,0.039,0.001,0.001,0.001,0.01,0.017,0.001,0.001,0.001,0.001,0.06,0.001,0.001,0.001,0.001,0.001,0.001,0.001,0.001,0.049,0.001,0.001,0.001,0.011,0.001,0.001,0.001,0.001,0.001,0.001,0.001,0.698,0.141,-0.617,0.335,0.001,0.128,0.001,0.001,0.028,0.165,0.134,0.033,0,0.265,0.173,0,0,0.02,0.162,0.263,0.161,0.001,0.481,0.206,0.001,0.001,0.012,0.321,0.596,0.188,0.134,0.002,0.001,0,0,0.001,0.551,0.668,0.65,0.781,0,0.966,0.934,1.355,1.265,0.68,0.42,0.07,0.121,0.434,11.941
00:39.3,4010,-0.28,-0.559,-0.509,-0.592,-0.607,-0.611,0.361,0.357,0.044,0.104,0.771,0.627,0.661,0.592,-0.438,-0.143,0.292,0.344,0.469,0.759,0.713,0.429,-0.526,0.177,0.001,0.001,0.001,0.001,0.138,0.001,0.024,0.001,0.001,0.046,0.005,0.001,0.001,0.001,0.039,0.001,0.001,0.001,0.01,0.017,0.001,0.001,0.001,0.001,0.06,0.001,0.001,0.001,0.001,0.001,0.001,0.001,0.001,0.049,0.001,0.001,0.001,0.011,0.001,0.001,0.001,0.001,0.001,0.001,0.001,0.698,0.141,-0.617,0.335,0.001,0.128,0.001,0.001,0.028,0.165,0.134,0.033,0,0.265,0.173,0,0,0.02,0.162,0.263,0.161,0.001,0.481,0.206,0.001,0.001,0.012,0.321,0.596,0.188,0.134,0.002,0.001,0,0,0.001,0.551,0.668,0.65,0.781,0,0.966,0.934,1.355,1.265,0.68,0.42,0.07,0.121,0.434,11.941
00:39.4,4011,-0.277,-0.559,-0.511,-0.592,-0.596,-0.618,0.358,0.368,0.047,0.102,0.772,0.625,0.662,0.591,-0.439,-0.14,0.29,0.342,0.469,0.76,0.713,0.429,-0.526,0.177,0.001,0.001,0.001,0.001,0.138,0.001,0.024,0.001,0.001,0.046,0.005,0.001,0.001,0.001,0.039,0.001,0.001,0.001,0.01,0.017,0.001,0.001,0.001,0.001,0.06,0.001,0.001,0.001,0.001,0.001,0.001,0.001,0.001,0.049,0.001,0.001,0.001,0.011,0.001,0.001,0.001,0.001,0.001,0.001,0.001,0.698,0.141,-0.617,0.335,0.001,0.128,0.001,0.001,0.028,0.165,0.134,0.033,0,0.265,0.173,0,0,0.02,0.162,0.263,0.161,0.001,0.481,0.206,0.001,0.001,0.012,0.321,0.596,0.188,0.134,0.002,0.001,0,0,0.001,0.551,0.668,0.65,0.781,0,0.966,0.934,1.355,1.265,0.68,0.42,0.07,0.121,0.434,11.941
00:39.4,4012,-0.275,-0.556,-0.514,-0.593,-0.587,-0.617,0.36,0.38,0.049,0.1,0.773,0.624,0.664,0.589,-0.439,-0.137,0.289,0.34,0.471,0.761,0.713,0.429,-0.526,0.177,0.001,0.001,0.001,0.001,0.138,0.001,0.024,0.001,0.001,0.046,0.005,0.001,0.001,0.001,0.039,0.001,0.001,0.001,0.01,0.017,0.001,0.001,0.001,0.001,0.06,0.001,0.001,0.001,0.001,0.001,0.001,0.001,0.001,0.049,0.001,0.001,0.001,0.011,0.001,0.001,0.001,0.001,0.001,0.001,0.001,0.698,0.141,-0.617,0.335,0.001,0.128,0.001,0.001,0.028,0.165,0.134,0.033,0,0.265,0.173,0,0,0.02,0.162,0.263,0.161,0.001,0.481,0.206,0.001,0.001,0.012,0.321,0.596,0.188,0.134,0.002,0.001,0,0,0.001,0.551,0.668,0.65,0.781,0,0.966,0.934,1.355,1.265,0.68,0.42,0.07,0.121,0.434,11.941
00:39.4,4013,-0.275,-0.551,-0.516,-0.595,-0.583,-0.613,0.363,0.391,0.051,0.097,0.774,0.623,0.667,0.587,-0.439,-0.133,0.287,0.339,0.472,0.761,0.651,0.352,-0.628,0.241,0.349,0.158,0.001,0.001,0.165,0.001,0.028,0.001,0.205,0.413,0.178,0.001,0.001,0.001,0.061,0.001,0.001,0.001,0.283,0.022,0.001,0.001,0.001,0.009,0.078,0.001,0.001,0.001,0.001,0.001,0,0.001,0.01,0.053,0,0.001,0.001,0.02,0.001,0.001,0.001,0.001,0.001,0.001,0.001,0.698,0.141,-0.617,0.335,0.001,0.128,0.001,0.001,0.028,0.165,0.134,0.033,0,0.265,0.173,0,0,0.02,0.162,0.263,0.161,0.001,0.481,0.206,0.001,0.001,0.012,0.321,0.596,0.188,0.134,0.002,0.001,0,0,0.001,0.551,0.668,0.65,0.781,0,0.966,0.934,1.355,1.265,0.68,0.42,0.07,0.121,2.06,11.941
00:39.4,4014,-0.277,-0.546,-0.519,-0.597,-0.58,-0.61,0.364,0.398,0.053,0.093,0.775,0.623,0.671,0.585,-0.438,-0.128,0.285,0.339,0.474,0.761,0.649,0.337,-0.636,0.245,0.965,0.791,0.43,0.001,0.41,0.026,0.067,0.001,0.915,0.856,0.628,0.001,0.001,0.05,0.156,0.001,0.001,0.548,0.672,0.444,0.001,0.001,0.001,0.059,0.149,0.001,0.001,0.293,0.042,0.001,0.001,0.001,0.053,0.049,0.001,0.001,0.001,0.044,0.048,0.001,0.001,0.022,0.001,0.001,0.001,0.698,0.141,-0.617,0.335,0.001,0.128,0.001,0.001,0.028,0.165,0.134,0.033,0,0.265,0.173,0,0,0.02,0.162,0.263,0.161,0.001,0.481,0.206,0.001,0.001,0.012,0.321,0.596,0.188,0.134,0.002,0.001,0,0,0.001,0.551,0.668,0.65,0.781,0,0.966,0.934,1.355,1.265,0.68,0.42,0.07,0.121,7.739,11.941
00:39.4,4015,-0.28,-0.541,-0.52,-0.599,-0.579,-0.609,0.363,0.403,0.054,0.087,0.775,0.623,0.675,0.582,-0.436,-0.121,0.284,0.339,0.477,0.76,0.65,0.324,-0.642,0.248,0.976,0.822,0.582,0.001,0.44,0.046,0.079,0.001,0.917,0.855,0.67,0.002,0.001,0.056,0.162,0.001,0.001,0.536,0.681,0.473,0.001,0.001,0.001,0.065,0.154,0.001,0.001,0.277,0.033,0.001,0.001,0.001,0.081,0.055,0.001,0.001,0.001,0.043,0.049,0.001,0.001,0.02,0.001,0.001,0.001,0.698,0.141,-0.617,0.335,0.001,0.128,0.001,0.001,0.028,0.165,0.134,0.033,0,0.265,0.173,0,0,0.02,0.162,0.263,0.161,0.001,0.481,0.206,0.001,0.001,0.012,0.321,0.596,0.188,0.134,0.002,0.001,0,0,0.001,0.551,0.668,0.65,0.781,0,0.966,0.934,1.355,1.265,0.68,0.42,0.07,0.121,8.095,11.941
00:39.4,4016,-0.282,-0.537,-0.52,-0.601,-0.58,-0.608,0.361,0.404,0.055,0.081,0.775,0.625,0.681,0.579,-0.434,-0.114,0.284,0.339,0.479,0.758,0.651,0.307,-0.648,0.249,0.991,0.834,0.735,0.001,0.465,0.054,0.085,0.001,0.904,0.856,0.706,0.006,0.001,0.053,0.173,0.001,0.001,0.513,0.698,0.473,0.001,0.001,0.001,0.087,0.158,0.001,0.001,0.26,0.017,0.001,0.001,0.001,0.079,0.065,0.001,0.001,0.001,0.043,0.053,0.001,0.001,0.017,0.001,0.001,0.001,0.664,0.151,-0.619,0.392,0,0.114,0.001,0,0.015,0.116,0.128,0.032,0,0.261,0.17,0.001,0.001,0.012,0.148,0.261,0.162,0,0.48,0.19,0,0,0,0.295,0.591,0.182,0.132,0.001,0.001,0,0.001,0.001,0.548,0.669,0.65,0.792,0.001,0.988,0.939,1.357,1.253,0.694,0.42,0.068,0.117,8.346,11.792
00:39.4,4017,-0.282,-0.535,-0.519,-0.603,-0.582,-0.609,0.358,0.401,0.056,0.074,0.774,0.626,0.686,0.576,-0.431,-0.106,0.283,0.339,0.48,0.758,0.653,0.29,-0.655,0.245,1.002,0.841,0.83,0.007,0.513,0.057,0.11,0.001,0.905,0.857,0.745,0.011,0.002,0.057,0.184,0.001,0.001,0.466,0.714,0.465,0.001,0.001,0.005,0.098,0.159,0.001,0.001,0.242,0.018,0.001,0.001,0.001,0.088,0.06,0.001,0.001,0.001,0.045,0.056,0.001,0.001,0.021,0.001,0.001,0.001,0.659,0.148,-0.62,0.4,0,0.015,0.001,0,0,0.029,0.012,0.001,0.001,0.142,0.09,0.001,0.001,0,0.101,0.111,0.144,0.001,0.159,0,0,0.001,0.001,0.087,0.421,0.085,0.072,0.001,0,0.001,0.001,0.027,0.324,0.708,0.643,0.713,0,1.028,1.082,1.299,1.017,0.894,0.51,0.012,0.01,8.576,9.746
00:39.4,4018,-0.281,-0.535,-0.517,-0.606,-0.587,-0.612,0.353,0.395,0.057,0.066,0.772,0.629,0.692,0.574,-0.428,-0.096,0.283,0.34,0.481,0.757,0.658,0.262,-0.666,0.233,1.039,0.868,0.885,0.094,0.578,0.078,0.118,0.001,0.894,0.861,0.773,0.043,0.002,0.057,0.179,0.001,0.001,0.43,0.717,0.498,0.001,0.002,0.005,0.094,0.165,0.001,0.001,0.219,0.024,0.001,0.001,0.001,0.083,0.062,0.001,0.001,0.001,0.05,0.054,0.001,0.001,0.026,0.001,0.001,0.001,0.657,0.129,-0.626,0.4,0,0.002,0.001,0,0,0.024,0.007,0.001,0,0.105,0.073,0.001,0,0,0.105,0.09,0.133,0.001,0.125,0.001,0,0,0.001,0.084,0.392,0.083,0.061,0,0,0.001,0,0.028,0.313,0.667,0.597,0.685,0.001,0.988,1.107,1.278,0.96,0.908,0.532,0.011,0.009,8.915,9.375
00:39.4,4019,-0.28,-0.533,-0.516,-0.609,-0.593,-0.615,0.347,0.386,0.057,0.057,0.77,0.633,0.698,0.571,-0.424,-0.086,0.283,0.34,0.482,0.756,0.662,0.242,-0.673,0.223,1.063,0.883,0.923,0.244,0.777,0.264,0.208,0.001,0.879,0.871,0.794,0.059,0.004,0.093,0.197,0.001,0.001,0.403,0.719,0.53,0.001,0.002,0.032,0.117,0.176,0.001,0.001,0.21,0.024,0.001,0.001,0.001,0.068,0.054,0.001,0.001,0.001,0.05,0.049,0.001,0.001,0.029,0,0.001,0.001,0.657,0.129,-0.626,0.4,0,0.002,0.001,0,0,0.024,0.007,0.001,0,0.105,0.073,0.001,0,0,0.105,0.09,0.133,0.001,0.125,0.001,0,0,0.001,0.084,0.392,0.083,0.061,0,0,0.001,0,0.028,0.313,0.667,0.597,0.685,0.001,0.988,1.107,1.278,0.96,0.908,0.532,0.011,0.009,9.738,9.375
00:39.4,4020,-0.28,-0.53,-0.516,-0.612,-0.598,-0.622,0.34,0.375,0.058,0.048,0.767,0.637,0.703,0.569,-0.42,-0.072,0.282,0.341,0.483,0.756,0.652,0.253,-0.667,0.257,1.093,0.897,0.95,0.452,0.922,0.514,0.358,0.001,0.838,0.869,0.808,0.126,0.005,0.154,0.239,0.001,0.001,0.393,0.723,0.538,0.002,0.002,0.033,0.127,0.178,0.001,0.001,0.205,0.031,0.001,0.001,0.001,0.06,0.071,0.001,0.001,0.001,0.051,0.029,0.001,0.001,0.053,0.001,0.001,0.001,0.657,0.129,-0.626,0.4,0,0.002,0.001,0,0,0.024,0.007,0.001,0,0.105,0.073,0.001,0,0,0.105,0.09,0.133,0.001,0.125,0.001,0,0,0.001,0.084,0.392,0.083,0.061,0,0,0.001,0,0.028,0.313,0.667,0.597,0.685,0.001,0.988,1.107,1.278,0.96,0.908,0.532,0.011,0.009,10.737,9.375
00:39.5,4021,-0.283,-0.526,-0.519,-0.612,-0.599,-0.63,0.333,0.365,0.058,0.038,0.763,0.642,0.709,0.567,-0.415,-0.056,0.281,0.341,0.485,0.755,0.641,0.266,-0.661,0.286,1.107,0.902,0.972,0.629,1.054,0.741,0.448,0.001,0.829,0.862,0.823,0.168,0.012,0.291,0.343,0.001,0.001,0.393,0.729,0.534,0.004,0.004,0.051,0.162,0.184,0.001,0.001,0.21,0.042,0.001,0.001,0.001,0.101,0.063,0.001,0.001,0.001,0.054,0.021,0.001,0.001,0.033,0.001,0.001,0.001,0.657,0.129,-0.626,0.4,0,0.002,0.001,0,0,0.024,0.007,0.001,0,0.105,0.073,0.001,0,0,0.105,0.09,0.133,0.001,0.125,0.001,0,0,0.001,0.084,0.392,0.083,0.061,0,0,0.001,0,0.028,0.313,0.667,0.597,0.685,0.001,0.988,1.107,1.278,0.96,0.908,0.532,0.011,0.009,11.782,9.375
00:39.5,4022,-0.289,-0.521,-0.523,-0.61,-0.597,-0.64,0.325,0.358,0.059,0.027,0.759,0.648,0.714,0.567,-0.408,-0.04,0.279,0.34,0.487,0.754,0.625,0.282,-0.653,0.32,1.117,0.904,0.977,0.737,1.118,0.792,0.49,0.001,0.834,0.852,0.834,0.199,0.018,0.376,0.523,0.001,0,0.392,0.742,0.557,0.005,0.005,0.055,0.244,0.178,0.001,0.001,0.22,0.049,0.001,0.001,0.001,0.117,0.072,0.001,0.001,0.001,0.06,0.022,0.001,0.001,0.016,0.001,0.001,0.001,0.657,0.129,-0.626,0.4,0,0.002,0.001,0,0,0.024,0.007,0.001,0,0.105,0.073,0.001,0,0,0.105,0.09,0.133,0.001,0.125,0.001,0,0,0.001,0.084,0.392,0.083,0.061,0,0,0.001,0,0.028,0.313,0.667,0.597,0.685,0.001,0.988,1.107,1.278,0.96,0.908,0.532,0.011,0.009,12.52,9.375
00:39.5,4023,-0.296,-0.516,-0.528,-0.606,-0.591,-0.65,0.318,0.356,0.061,0.016,0.755,0.652,0.719,0.568,-0.401,-0.026,0.276,0.34,0.49,0.754,0.613,0.292,-0.651,0.34,1.106,0.896,0.976,0.827,1.176,0.844,0.498,0.001,0.84,0.838,0.844,0.225,0.031,0.424,0.639,0.001,0.001,0.396,0.755,0.567,0.007,0.006,0.06,0.436,0.16,0.001,0.001,0.239,0.066,0.001,0.001,0.002,0.172,0.094,0.001,0.001,0.001,0.07,0.027,0.001,0.001,0.007,0.001,0.001,0.001,0.657,0.129,-0.626,0.4,0,0.002,0.001,0,0,0.024,0.007,0.001,0,0.105,0.073,0.001,0,0,0.105,0.09,0.133,0.001,0.125,0.001,0,0,0.001,0.084,0.392,0.083,0.061,0,0,0.001,0,0.028,0.313,0.667,0.597,0.685,0.001,0.988,1.107,1.278,0.96,0.908,0.532,0.011,0.009,13.243,9.375
00:39.5,4024,-0.301,-0.512,-0.533,-0.603,-0.583,-0.658,0.312,0.36,0.064,0.004,0.752,0.656,0.721,0.569,-0.395,-0.017,0.272,0.339,0.494,0.753,0.604,0.3,-0.648,0.355,1.115,0.896,0.974,0.904,1.208,0.883,0.499,0.001,0.842,0.827,0.844,0.249,0.039,0.435,0.648,0.009,0.001,0.399,0.762,0.585,0.009,0.007,0.057,0.57,0.14,0.001,0.001,0.25,0.073,0.002,0.002,0.002,0.247,0.104,0.001,0.001,0.001,0.084,0.037,0.001,0.001,0.001,0.001,0.001,0.001,0.662,-0.091,-0.631,0.394,0,0.001,0,0.001,0,0.023,0.007,0.001,0.001,0.094,0.07,0.001,0.001,0.001,0.104,0.081,0.131,0,0.12,0.001,0,0,0,0.081,0.388,0.087,0.061,0.001,0.001,0,0,0.038,0.315,0.663,0.58,0.678,0.001,0.983,1.106,1.267,0.945,0.904,0.536,0.01,0.009,13.715,9.292
00:39.5,4025,-0.303,-0.508,-0.537,-0.601,-0.572,-0.665,0.308,0.369,0.068,-0.008,0.749,0.659,0.722,0.571,-0.39,-0.012,0.267,0.339,0.498,0.752,0.591,0.315,-0.641,0.375,1.112,0.895,0.983,0.945,1.236,0.9,0.493,0.001,0.845,0.821,0.841,0.265,0.053,0.446,0.621,0.028,0.001,0.408,0.766,0.596,0.01,0.007,0.067,0.593,0.132,0.001,0.001,0.258,0.081,0.002,0.002,0.002,0.354,0.115,0.001,0.001,0.001,0.098,0.038,0.001,0.001,0.001,0.001,0.001,0.001,0.662,-0.12,-0.625,0.395,0,0.001,0.001,0,0.001,0.001,0.001,0,0,0.048,0.026,0,0,0.001,0.12,0.001,0.01,0,0.033,0.027,0.001,0,0.001,0.055,0.215,0.001,0.002,0,0.001,0.001,0,0,0.183,0.338,0.001,0.496,0.001,0.447,0.287,0.076,0.779,0.237,0.002,0,0,14.026,3.395
00:39.5,4026,-0.302,-0.504,-0.541,-0.601,-0.56,-0.67,0.305,0.381,0.072,-0.019,0.748,0.66,0.722,0.573,-0.387,-0.01,0.26,0.339,0.503,0.751,0.582,0.324,-0.638,0.386,1.116,0.893,0.977,0.99,1.242,0.888,0.484,0.001,0.842,0.817,0.845,0.274,0.06,0.48,0.609,0.029,0.001,0.419,0.773,0.606,0.011,0.009,0.073,0.606,0.158,0.001,0.001,0.26,0.085,0.002,0.002,0.002,0.432,0.136,0.001,0.001,0.001,0.133,0.044,0.001,0.001,0.001,0.001,0.001,0.001,0.661,-0.163,-0.615,0.397,0,0,0,0.001,0,0.001,0.001,0,0,0.055,0.051,0.001,0.001,0.001,0.105,0.001,0,0,0.038,0.02,0.001,0,0.001,0.027,0.117,0,0.001,0.001,0.001,0,0,0.001,0.121,0.252,0.001,0.394,0,0.343,0.189,0,0.484,0.167,0.001,0.001,0,14.31,2.379
00:39.5,4027,-0.299,-0.501,-0.545,-0.602,-0.548,-0.674,0.302,0.393,0.076,-0.03,0.747,0.66,0.721,0.575,-0.387,-0.01,0.254,0.338,0.508,0.75,0.573,0.335,-0.633,0.399,1.116,0.889,0.979,1.021,1.245,0.878,0.479,0.002,0.844,0.813,0.845,0.298,0.074,0.498,0.595,0.035,0.001,0.415,0.777,0.617,0.012,0.009,0.087,0.598,0.234,0.001,0.001,0.264,0.089,0.004,0.002,0.004,0.469,0.132,0.001,0.001,0.001,0.175,0.051,0.001,0.001,0.001,0.001,0.001,0.001,0.661,-0.194,-0.606,0.397,0,0.001,0.001,0,0.001,0.001,0.001,0.001,0,0.104,0.063,0.001,0.001,0,0.074,0.001,0,0,0.053,0.013,0.001,0.001,0,0.016,0.034,0.001,0.001,0.001,0,0,0.001,0.001,0.079,0.173,0.001,0.143,0,0.216,0.131,0.001,0.114,0.094,0,0,0,14.562,1.325
00:39.5,4028,-0.296,-0.497,-0.549,-0.603,-0.539,-0.676,0.301,0.402,0.078,-0.039,0.746,0.66,0.719,0.575,-0.39,-0.007,0.248,0.338,0.511,0.75,0.566,0.343,-0.629,0.407,1.115,0.886,0.982,1.051,1.261,0.873,0.491,0.002,0.844,0.813,0.846,0.316,0.076,0.508,0.586,0.013,0.001,0.416,0.78,0.623,0.013,0.01,0.096,0.58,0.291,0.001,0.001,0.264,0.088,0.002,0.002,0.004,0.492,0.14,0.001,0.001,0.001,0.21,0.054,0.001,0.001,0.001,0.001,0.001,0.001,0.661,-0.23,-0.593,0.398,0,0,0.001,0,0.001,0.001,0,0.001,0,0.122,0.07,0.001,0.001,0.001,0.061,0,0.001,0.001,0.066,0.02,0.001,0.001,0,0.001,0,0,0.001,0.001,0,0,0,0,0.032,0.11,0,0,0,0.138,0.042,0,0,0.032,0.001,0.001,0.001,14.74,0.71
00:39.5,4029,-0.295,-0.492,-0.554,-0.603,-0.534,-0.677,0.301,0.408,0.08,-0.048,0.746,0.659,0.717,0.574,-0.395,-0.002,0.244,0.338,0.514,0.75,0.566,0.343,-0.629,0.407,1.115,0.886,0.982,1.051,1.261,0.873,0.491,0.002,0.844,0.813,0.846,0.316,0.076,0.508,0.586,0.013,0.001,0.416,0.78,0.623,0.013,0.01,0.096,0.58,0.291,0.001,0.001,0.264,0.088,0.002,0.002,0.004,0.492,0.14,0.001,0.001,0.001,0.21,0.054,0.001,0.001,0.001,0.001,0.001,0.001,0.662,-0.258,-0.581,0.396,0,0.001,0.001,0,0,0,0,0,0,0.132,0.078,0.001,0,0.001,0.037,0.001,0,0,0.065,0.02,0.001,0,0,0,0.001,0,0,0,0.001,0,0,0.001,0.013,0.074,0.001,0.001,0.001,0.088,0.021,0.001,0.001,0.001,0.001,0,0.001,14.74,0.545
00:39.5,4030,-0.296,-0.487,-0.56,-0.602,-0.533,-0.677,0.301,0.409,0.082,-0.057,0.747,0.658,0.715,0.572,-0.401,0.005,0.24,0.339,0.516,0.749,0.566,0.343,-0.629,0.407,1.115,0.886,0.982,1.051,1.261,0.873,0.491,0.002,0.844,0.813,0.846,0.316,0.076,0.508,0.586,0.013,0.001,0.416,0.78,0.623,0.013,0.01,0.096,0.58,0.291,0.001,0.001,0.264,0.088,0.002,0.002,0.004,0.492,0.14,0.001,0.001,0.001,0.21,0.054,0.001,0.001,0.001,0.001,0.001,0.001,0.663,-0.28,-0.571,0.395,0,0.004,0.001,0.001,0,0.001,0,0,0,0.118,0.07,0.001,0.001,0.001,0.015,0.001,0,0.001,0.046,0.018,0.001,0.001,0,0.001,0,0,0.001,0,0,0.001,0,0,0.001,0.057,0.001,0.001,0.001,0.038,0,0,0,0,0.001,0,0.001,14.74,0.385
00:39.6,4031,-0.299,-0.482,-0.564,-0.6,-0.534,-0.678,0.301,0.406,0.083,-0.065,0.747,0.656,0.714,0.57,-0.407,0.015,0.237,0.34,0.517,0.749,0.566,0.343,-0.629,0.407,1.115,0.886,0.982,1.051,1.261,0.873,0.491,0.002,0.844,0.813,0.846,0.316,0.076,0.508,0.586,0.013,0.001,0.416,0.78,0.623,0.013,0.01,0.096,0.58,0.291,0.001,0.001,0.264,0.088,0.002,0.002,0.004,0.492,0.14,0.001,0.001,0.001,0.21,0.054,0.001,0.001,0.001,0.001,0.001,0.001,0.664,-0.301,-0.559,0.394,0.001,0.006,0.001,0.001,0.001,0.001,0,0.001,0,0.125,0.068,0,0.001,0,0.001,0,0,0,0.043,0.017,0,0.001,0.001,0,0,0,0.001,0.001,0.001,0.001,0,0.001,0.001,0.033,0.001,0,0.001,0.018,0,0.001,0,0,0,0,0.001,14.74,0.33
00:39.6,4032,-0.303,-0.477,-0.569,-0.597,-0.537,-0.679,0.301,0.4,0.085,-0.073,0.748,0.654,0.713,0.567,-0.412,0.027,0.235,0.341,0.518,0.749,0.566,0.343,-0.629,0.407,1.115,0.886,0.982,1.051,1.261,0.873,0.491,0.002,0.844,0.813,0.846,0.316,0.076,0.508,0.586,0.013,0.001,0.416,0.78,0.623,0.013,0.01,0.096,0.58,0.291,0.001,0.001,0.264,0.088,0.002,0.002,0.004,0.492,0.14,0.001,0.001,0.001,0.21,0.054,0.001,0.001,0.001,0.001,0.001,0.001,0.662,-0.289,-0.554,0.415,0,0.009,0.001,0,0.001,0.001,0,0.001,0,0.123,0.067,0,0.001,0.001,0.002,0,0,0,0.043,0.017,0.001,0.001,0.001,0,0,0.001,0,0,0,0.001,0.001,0,0.001,0.023,0.001,0.001,0,0.022,0.001,0.001,0,0.001,0.001,0,0,14.74,0.325
00:39.6,4033,-0.307,-0.473,-0.573,-0.595,-0.539,-0.682,0.299,0.394,0.087,-0.08,0.749,0.652,0.713,0.564,-0.415,0.04,0.234,0.341,0.517,0.749,0.566,0.343,-0.629,0.407,1.115,0.886,0.982,1.051,1.261,0.873,0.491,0.002,0.844,0.813,0.846,0.316,0.076,0.508,0.586,0.013,0.001,0.416,0.78,0.623,0.013,0.01,0.096,0.58,0.291,0.001,0.001,0.264,0.088,0.002,0.002,0.004,0.492,0.14,0.001,0.001,0.001,0.21,0.054,0.001,0.001,0.001,0.001,0.001,0.001,0.658,-0.251,-0.55,0.45,0.001,0.005,0.001,0.001,0.001,0.001,0,0,0,0.107,0.062,0,0,0.001,0,0.001,0.001,0,0.024,0.017,0,0.001,0,0.001,0.001,0.001,0.001,0,0.001,0,0,0.001,0,0.022,0.001,0.001,0.001,0.031,0.001,0,0,0,0.001,0.001,0,14.74,0.289
00:39.6,4034,-0.31,-0.469,-0.576,-0.593,-0.54,-0.685,0.296,0.389,0.09,-0.087,0.75,0.65,0.714,0.56,-0.417,0.054,0.234,0.342,0.517,0.749,0.566,0.343,-0.629,0.407,1.115,0.886,0.982,1.051,1.261,0.873,0.491,0.002,0.844,0.813,0.846,0.316,0.076,0.508,0.586,0.013,0.001,0.416,0.78,0.623,0.013,0.01,0.096,0.58,0.291,0.001,0.001,0.264,0.088,0.002,0.002,0.004,0.492,0.14,0.001,0.001,0.001,0.21,0.054,0.001,0.001,0.001,0.001,0.001,0.001,0.656,-0.225,-0.55,0.465,0,0.005,0,0.001,0,0,0.001,0,0,0.107,0.06,0,0,0,0,0.001,0,0.001,0.028,0.012,0,0,0,0.001,0.001,0,0,0.001,0,0.001,0.001,0,0.001,0.021,0.001,0.001,0.001,0.026,0.001,0,0.001,0,0.001,0,0.001,14.74,0.276
00:39.6,4035,-0.313,-0.466,-0.579,-0.591,-0.538,-0.689,0.292,0.388,0.093,-0.094,0.75,0.648,0.716,0.556,-0.416,0.066,0.235,0.343,0.516,0.749,0.506,0.417,-0.584,0.478,1.088,0.884,0.991,1.144,1.382,0.941,0.591,0.007,0.751,0.817,0.845,0.4,0.161,0.557,0.595,0.012,0.001,0.375,0.75,0.617,0.015,0.011,0.109,0.519,0.603,0.001,0.001,0.241,0.079,0.004,0.002,0.004,0.462,0.325,0.001,0.004,0.001,0.3,0.144,0.001,0.018,0.007,0.001,0.001,0.001,0.664,-0.197,-0.553,0.463,0,0.006,0.001,0.001,0.001,0.001,0,0,0,0.112,0.061,0,0,0.001,0.001,0,0,0.001,0.029,0.01,0.001,0.001,0.001,0.001,0,0,0,0.001,0.001,0,0,0,0,0.022,0,0,0.001,0.024,0.001,0,0.001,0.001,0,0.001,0,15.764,0.282
00:39.6,4036,-0.316,-0.463,-0.581,-0.59,-0.535,-0.693,0.287,0.39,0.097,-0.099,0.751,0.646,0.719,0.552,-0.415,0.078,0.236,0.343,0.516,0.749,0.5,0.424,-0.578,0.486,1.073,0.888,0.99,1.158,1.427,0.968,0.617,0.018,0.719,0.823,0.846,0.414,0.176,0.575,0.596,0.015,0.001,0.349,0.731,0.611,0.015,0.011,0.111,0.523,0.639,0.001,0.001,0.226,0.077,0.004,0.002,0.004,0.454,0.346,0.001,0.016,0.002,0.298,0.154,0.001,0.053,0.006,0.001,0.001,0.001,0.672,-0.179,-0.555,0.456,0,0.007,0.001,0.001,0.001,0.001,0,0,0,0.12,0.062,0.001,0.001,0,0.001,0.001,0,0,0.038,0.011,0.001,0,0,0,0,0.001,0,0,0,0.001,0,0,0,0.023,0,0,0,0.023,0.001,0.001,0,0,0,0,0,15.943,0.297
00:39.6,4037,-0.319,-0.461,-0.583,-0.588,-0.529,-0.696,0.283,0.396,0.102,-0.104,0.751,0.644,0.721,0.55,-0.412,0.088,0.236,0.343,0.515,0.749,0.493,0.432,-0.572,0.494,1.054,0.888,0.99,1.175,1.465,1.022,0.658,0.022,0.676,0.829,0.845,0.425,0.197,0.592,0.593,0.017,0.001,0.321,0.713,0.597,0.013,0.011,0.098,0.521,0.716,0.001,0.001,0.206,0.07,0.002,0.002,0.004,0.438,0.354,0.001,0.021,0.001,0.297,0.147,0.001,0.056,0.006,0.001,0.001,0.001,0.683,-0.158,-0.558,0.443,0.001,0.009,0.001,0,0.001,0,0.001,0.001,0,0.126,0.062,0,0,0.001,0.001,0.001,0,0,0.05,0.018,0,0.001,0,0.001,0,0,0,0.001,0.001,0.001,0.001,0,0.001,0.023,0.001,0.001,0.001,0.023,0,0.001,0,0.001,0.001,0,0.001,16.05,0.333
00:39.6,4038,-0.322,-0.458,-0.585,-0.587,-0.521,-0.698,0.28,0.404,0.107,-0.108,0.751,0.643,0.724,0.548,-0.407,0.096,0.236,0.344,0.515,0.749,0.488,0.438,-0.567,0.499,1.028,0.89,0.99,1.19,1.49,1.04,0.691,0.02,0.637,0.83,0.844,0.426,0.208,0.632,0.6,0.017,0.001,0.299,0.696,0.587,0.012,0.011,0.09,0.525,0.759,0.001,0,0.198,0.062,0.004,0.002,0.004,0.433,0.386,0.001,0.029,0.002,0.288,0.156,0.001,0.083,0.004,0.001,0.001,0.001,0.693,-0.143,-0.56,0.43,0,0.013,0.001,0,0.001,0.001,0.001,0,0,0.133,0.065,0.001,0.001,0,0,0,0,0,0.054,0.02,0.001,0.001,0.001,0.001,0.001,0.001,0,0,0.001,0,0.001,0,0.001,0.023,0,0.001,0,0.024,0.001,0,0.001,0,0.001,0.001,0.001,16.17,0.353
00:39.6,4039,-0.326,-0.456,-0.587,-0.585,-0.514,-0.699,0.278,0.413,0.111,-0.111,0.751,0.641,0.729,0.545,-0.401,0.101,0.235,0.344,0.514,0.75,0.48,0.445,-0.56,0.508,1.009,0.893,0.991,1.204,1.52,1.077,0.716,0.018,0.582,0.836,0.849,0.427,0.225,0.661,0.602,0.033,0.001,0.255,0.672,0.568,0.012,0.011,0.084,0.54,0.796,0.001,0.001,0.179,0.053,0.004,0.002,0.004,0.436,0.398,0.001,0.037,0.002,0.28,0.167,0.001,0.098,0.001,0.001,0.001,0.001,0.704,-0.127,-0.564,0.413,0.001,0.015,0.001,0,0.001,0,0.001,0,0,0.131,0.067,0,0.001,0,0,0,0,0,0.054,0.022,0.001,0.001,0,0,0,0,0,0.001,0,0.001,0.001,0.001,0,0.023,0.001,0.001,0,0.024,0,0.001,0,0.001,0,0.001,0,16.25,0.352
00:39.6,4040,-0.329,-0.454,-0.588,-0.583,-0.509,-0.698,0.277,0.421,0.116,-0.113,0.751,0.64,0.735,0.542,-0.393,0.102,0.233,0.344,0.513,0.751,0.477,0.449,-0.556,0.512,0.961,0.889,0.991,1.222,1.551,1.099,0.745,0.022,0.523,0.838,0.846,0.431,0.241,0.697,0.611,0.045,0.001,0.227,0.651,0.557,0.012,0.011,0.09,0.536,0.827,0.001,0.001,0.158,0.039,0.004,0.002,0.004,0.435,0.43,0.001,0.039,0.002,0.271,0.178,0.001,0.111,0.001,0.001,0.001,0.001,0.704,-0.127,-0.564,0.413,0.001,0.015,0.001,0,0.001,0,0.001,0,0,0.131,0.067,0,0.001,0,0,0,0,0,0.054,0.022,0.001,0.001,0,0,0,0,0,0.001,0,0.001,0.001,0.001,0,0.023,0.001,0.001,0,0.024,0,0.001,0,0.001,0,0.001,0,16.305,0.352
00:39.7,4041,-0.333,-0.451,-0.588,-0.582,-0.505,-0.696,0.278,0.428,0.12,-0.115,0.752,0.638,0.742,0.539,-0.386,0.098,0.23,0.345,0.513,0.752,0.475,0.451,-0.552,0.515,0.899,0.88,0.982,1.236,1.578,1.147,0.783,0.023,0.457,0.842,0.845,0.424,0.263,0.709,0.618,0.068,0.001,0.186,0.624,0.542,0.011,0.01,0.09,0.537,0.836,0.001,0.001,0.132,0.028,0.002,0.002,0.005,0.429,0.458,0.001,0.04,0.002,0.259,0.178,0.001,0.127,0.002,0.001,0.001,0.001,0.704,-0.127,-0.564,0.413,0.001,0.015,0.001,0,0.001,0,0.001,0,0,0.131,0.067,0,0.001,0,0,0,0,0,0.054,0.022,0.001,0.001,0,0,0,0,0,0.001,0,0.001,0.001,0.001,0,0.023,0.001,0.001,0,0.024,0,0.001,0,0.001,0,0.001,0,16.262,0.352
00:39.7,4042,-0.337,-0.449,-0.589,-0.582,-0.503,-0.695,0.28,0.431,0.124,-0.117,0.752,0.636,0.749,0.535,-0.379,0.091,0.228,0.345,0.512,0.753,0.475,0.452,-0.551,0.517,0.832,0.858,0.974,1.243,1.593,1.168,0.813,0.026,0.386,0.852,0.838,0.422,0.281,0.737,0.625,0.085,0.001,0.129,0.589,0.527,0.01,0.01,0.087,0.532,0.856,0.001,0.001,0.109,0.017,0.002,0.002,0.004,0.429,0.475,0.001,0.043,0.002,0.249,0.178,0.001,0.128,0.001,0.001,0.001,0.001,0.704,-0.127,-0.564,0.413,0.001,0.015,0.001,0,0.001,0,0.001,0,0,0.131,0.067,0,0.001,0,0,0,0,0,0.054,0.022,0.001,0.001,0,0,0,0,0,0.001,0,0.001,0.001,0.001,0,0.023,0.001,0.001,0,0.024,0,0.001,0,0.001,0,0.001,0,16.12,0.352
00:39.7,4043,-0.341,-0.447,-0.589,-0.581,-0.502,-0.693,0.283,0.432,0.129,-0.119,0.753,0.635,0.756,0.532,-0.372,0.081,0.225,0.346,0.511,0.754,0.474,0.453,-0.548,0.52,0.764,0.845,0.967,1.239,1.613,1.182,0.839,0.021,0.361,0.85,0.827,0.416,0.28,0.763,0.634,0.101,0.001,0.087,0.569,0.524,0.01,0.01,0.088,0.541,0.874,0.001,0.001,0.092,0.012,0.002,0.002,0.005,0.418,0.501,0.001,0.062,0.002,0.238,0.179,0.001,0.139,0.001,0.001,0.001,0.001,0.704,-0.127,-0.564,0.413,0.001,0.015,0.001,0,0.001,0,0.001,0,0,0.131,0.067,0,0.001,0,0,0,0,0,0.054,0.022,0.001,0.001,0,0,0,0,0,0.001,0,0.001,0.001,0.001,0,0.023,0.001,0.001,0,0.024,0,0.001,0,0.001,0,0.001,0,16.066,0.352
00:39.7,4044,-0.345,-0.445,-0.59,-0.579,-0.503,-0.692,0.286,0.432,0.134,-0.12,0.753,0.633,0.763,0.529,-0.365,0.069,0.222,0.346,0.51,0.755,0.47,0.457,-0.542,0.526,0.728,0.832,0.966,1.233,1.621,1.209,0.86,0.024,0.321,0.849,0.814,0.409,0.288,0.777,0.637,0.107,0.001,0.06,0.54,0.513,0.009,0.01,0.088,0.545,0.883,0.001,0.001,0.078,0.011,0.002,0.004,0.005,0.415,0.523,0.001,0.067,0.002,0.232,0.186,0.001,0.147,0.001,0.001,0.001,0.001,0.704,-0.127,-0.564,0.413,0.001,0.015,0.001,0,0.001,0,0.001,0,0,0.131,0.067,0,0.001,0,0,0,0,0,0.054,0.022,0.001,0.001,0,0,0,0,0,0.001,0,0.001,0.001,0.001,0,0.023,0.001,0.001,0,0.024,0,0.001,0,0.001,0,0.001,0,16.004,0.352
00:39.7,4045,-0.35,-0.444,-0.59,-0.577,-0.503,-0.691,0.288,0.431,0.139,-0.12,0.753,0.632,0.769,0.526,-0.359,0.055,0.22,0.347,0.509,0.756,0.466,0.46,-0.537,0.531,0.698,0.819,0.96,1.236,1.626,1.222,0.872,0.023,0.3,0.84,0.81,0.402,0.293,0.788,0.64,0.109,0.001,0.048,0.531,0.507,0.009,0.01,0.088,0.551,0.899,0.001,0.001,0.071,0.006,0.002,0.004,0.005,0.415,0.545,0.001,0.082,0.002,0.226,0.201,0.001,0.15,0.002,0.001,0.001,0.001,0.704,-0.127,-0.564,0.413,0.001,0.015,0.001,0,0.001,0,0.001,0,0,0.131,0.067,0,0.001,0,0,0,0,0,0.054,0.022,0.001,0.001,0,0,0,0,0,0.001,0,0.001,0.001,0.001,0,0.023,0.001,0.001,0,0.024,0,0.001,0,0.001,0,0.001,0,16,0.352
00:39.7,4046,-0.353,-0.443,-0.59,-0.575,-0.504,-0.692,0.29,0.428,0.144,-0.121,0.753,0.631,0.773,0.525,-0.352,0.039,0.219,0.348,0.509,0.756,0.46,0.466,-0.53,0.539,0.672,0.807,0.955,1.234,1.63,1.227,0.88,0.021,0.293,0.829,0.803,0.4,0.297,0.796,0.645,0.112,0.001,0.046,0.532,0.509,0.009,0.01,0.087,0.552,0.908,0.001,0.001,0.077,0.006,0.002,0.002,0.005,0.415,0.557,0.001,0.083,0.002,0.223,0.206,0.001,0.155,0.001,0.001,0.001,0.001,0.746,0.002,-0.618,0.247,0.001,0.015,0.001,0,0.001,0,0.001,0,0,0.131,0.067,0,0.001,0,0,0,0,0,0.054,0.022,0.001,0.001,0,0,0,0,0,0.001,0,0.001,0.001,0.001,0,0.023,0.001,0.001,0,0.024,0,0.001,0,0.001,0,0.001,0,15.996,0.352
00:39.7,4047,-0.355,-0.444,-0.591,-0.573,-0.503,-0.694,0.291,0.425,0.15,-0.121,0.753,0.63,0.776,0.526,-0.347,0.021,0.219,0.348,0.509,0.756,0.453,0.473,-0.523,0.546,0.662,0.794,0.944,1.228,1.626,1.236,0.89,0.026,0.283,0.814,0.8,0.404,0.3,0.805,0.642,0.136,0.001,0.046,0.545,0.518,0.01,0.01,0.089,0.556,0.906,0.001,0.001,0.082,0.009,0.002,0.002,0.005,0.414,0.578,0.001,0.104,0.002,0.222,0.228,0.001,0.165,0.002,0.001,0.001,0.001,0.745,0.022,-0.628,0.222,0,0.004,0.001,0.001,0,0.001,0,0.001,0,0.129,0.081,0,0,0.001,0.001,0,0,0.001,0.061,0.017,0.001,0,0,0.001,0,0,0.001,0,0,0.001,0,0,0.001,0.021,0,0.001,0,0.035,0,0,0.001,0.001,0,0,0,16.093,0.363
00:39.7,4048,-0.356,-0.444,-0.592,-0.571,-0.502,-0.696,0.293,0.422,0.157,-0.121,0.753,0.628,0.777,0.529,-0.342,0.001,0.219,0.349,0.508,0.756,0.453,0.473,-0.523,0.546,0.662,0.794,0.944,1.228,1.626,1.236,0.89,0.026,0.283,0.814,0.8,0.404,0.3,0.805,0.642,0.136,0.001,0.046,0.545,0.518,0.01,0.01,0.089,0.556,0.906,0.001,0.001,0.082,0.009,0.002,0.002,0.005,0.414,0.578,0.001,0.104,0.002,0.222,0.228,0.001,0.165,0.002,0.001,0.001,0.001,0.743,0.037,-0.636,0.204,0,0.005,0.001,0,0,0,0.001,0,0,0.137,0.081,0.001,0,0.001,0.005,0.001,0,0,0.062,0.017,0,0,0.001,0,0,0.001,0,0.001,0.001,0,0.001,0.001,0,0.02,0,0,0.001,0.038,0.001,0.001,0.001,0.001,0.001,0.001,0.001,16.093,0.384
00:39.7,4049,-0.355,-0.445,-0.593,-0.57,-0.501,-0.698,0.293,0.42,0.165,-0.12,0.753,0.626,0.776,0.532,-0.338,-0.02,0.219,0.349,0.508,0.756,0.453,0.473,-0.523,0.546,0.662,0.794,0.944,1.228,1.626,1.236,0.89,0.026,0.283,0.814,0.8,0.404,0.3,0.805,0.642,0.136,0.001,0.046,0.545,0.518,0.01,0.01,0.089,0.556,0.906,0.001,0.001,0.082,0.009,0.002,0.002,0.005,0.414,0.578,0.001,0.104,0.002,0.222,0.228,0.001,0.165,0.002,0.001,0.001,0.001,0.741,0.052,-0.643,0.188,0.001,0.007,0.001,0.001,0,0,0,0,0,0.134,0.083,0.001,0,0.001,0.012,0,0,0,0.063,0.015,0.001,0,0,0.001,0,0.001,0,0.001,0,0,0.001,0.001,0.001,0.021,0,0,0,0.034,0.001,0,0.001,0.001,0.001,0.001,0.001,16.093,0.387
00:39.7,4050,-0.354,-0.446,-0.594,-0.569,-0.499,-0.699,0.294,0.419,0.173,-0.118,0.753,0.624,0.773,0.536,-0.336,-0.041,0.22,0.35,0.507,0.756,0.453,0.473,-0.523,0.546,0.662,0.794,0.944,1.228,1.626,1.236,0.89,0.026,0.283,0.814,0.8,0.404,0.3,0.805,0.642,0.136,0.001,0.046,0.545,0.518,0.01,0.01,0.089,0.556,0.906,0.001,0.001,0.082,0.009,0.002,0.002,0.005,0.414,0.578,0.001,0.104,0.002,0.222,0.228,0.001,0.165,0.002,0.001,0.001,0.001,0.737,0.075,-0.649,0.173,0,0.006,0,0,0,0.001,0,0.001,0.001,0.136,0.089,0.001,0.001,0.001,0.013,0,0.001,0.001,0.065,0.017,0.001,0.001,0,0,0.001,0.001,0.001,0.001,0.001,0.001,0.001,0,0,0.021,0.001,0.001,0.001,0.027,0.001,0.001,0.001,0,0.001,0.001,0,16.093,0.399
00:39.8,4051,-0.352,-0.446,-0.595,-0.568,-0.498,-0.701,0.294,0.418,0.181,-0.115,0.752,0.624,0.769,0.54,-0.335,-0.063,0.221,0.351,0.506,0.757,0.453,0.473,-0.523,0.546,0.662,0.794,0.944,1.228,1.626,1.236,0.89,0.026,0.283,0.814,0.8,0.404,0.3,0.805,0.642,0.136,0.001,0.046,0.545,0.518,0.01,0.01,0.089,0.556,0.906,0.001,0.001,0.082,0.009,0.002,0.002,0.005,0.414,0.578,0.001,0.104,0.002,0.222,0.228,0.001,0.165,0.002,0.001,0.001,0.001,0.737,0.073,-0.655,0.147,0.001,0.006,0,0.001,0.001,0.001,0,0.001,0,0.14,0.093,0.001,0,0,0.017,0,0,0,0.067,0.015,0,0,0,0.001,0,0.001,0,0,0,0.001,0,0,0,0.022,0.001,0,0.001,0.023,0,0,0,0.001,0,0,0.001,16.093,0.396
00:39.8,4052,-0.349,-0.446,-0.597,-0.568,-0.497,-0.702,0.293,0.418,0.189,-0.112,0.751,0.623,0.764,0.544,-0.336,-0.083,0.221,0.351,0.505,0.757,0.453,0.473,-0.523,0.546,0.662,0.794,0.944,1.228,1.626,1.236,0.89,0.026,0.283,0.814,0.8,0.404,0.3,0.805,0.642,0.136,0.001,0.046,0.545,0.518,0.01,0.01,0.089,0.556,0.906,0.001,0.001,0.082,0.009,0.002,0.002,0.005,0.414,0.578,0.001,0.104,0.002,0.222,0.228,0.001,0.165,0.002,0.001,0.001,0.001,0.737,0.074,-0.663,0.113,0.001,0.006,0,0,0.001,0,0,0,0.001,0.137,0.099,0.001,0,0.001,0.029,0,0.001,0,0.068,0.016,0,0,0,0,0,0,0,0,0,0,0.001,0,0.001,0.022,0,0,0.001,0.023,0.001,0,0.001,0.001,0,0,0,16.093,0.412
00:39.8,4053,-0.347,-0.446,-0.598,-0.568,-0.497,-0.703,0.293,0.416,0.195,-0.108,0.751,0.622,0.758,0.549,-0.337,-0.101,0.221,0.351,0.503,0.758,0.453,0.473,-0.523,0.546,0.662,0.794,0.944,1.228,1.626,1.236,0.89,0.026,0.283,0.814,0.8,0.404,0.3,0.805,0.642,0.136,0.001,0.046,0.545,0.518,0.01,0.01,0.089,0.556,0.906,0.001,0.001,0.082,0.009,0.002,0.002,0.005,0.414,0.578,0.001,0.104,0.002,0.222,0.228,0.001,0.165,0.002,0.001,0.001,0.001,0.736,0.075,-0.667,0.089,0.001,0.009,0,0.001,0,0,0.001,0,0,0.137,0.1,0.001,0.001,0,0.037,0,0.001,0,0.07,0.015,0.001,0,0.001,0.001,0.001,0.001,0.001,0.001,0,0,0,0.001,0,0.022,0,0.001,0.001,0.015,0.001,0,0.001,0.001,0,0.001,0,16.093,0.425
00:39.8,4054,-0.346,-0.445,-0.6,-0.568,-0.497,-0.705,0.293,0.413,0.199,-0.103,0.751,0.621,0.753,0.553,-0.337,-0.116,0.221,0.351,0.502,0.758,0.453,0.473,-0.523,0.546,0.662,0.794,0.944,1.228,1.626,1.236,0.89,0.026,0.283,0.814,0.8,0.404,0.3,0.805,0.642,0.136,0.001,0.046,0.545,0.518,0.01,0.01,0.089,0.556,0.906,0.001,0.001,0.082,0.009,0.002,0.002,0.005,0.414,0.578,0.001,0.104,0.002,0.222,0.228,0.001,0.165,0.002,0.001,0.001,0.001,0.735,0.076,-0.672,0.059,0,0.009,0.001,0.001,0,0.001,0.001,0,0,0.14,0.1,0,0,0,0.038,0.001,0,0.001,0.068,0.011,0,0,0,0,0,0.001,0,0,0.001,0.001,0.001,0,0,0.021,0.001,0.001,0.001,0.018,0,0.001,0.001,0,0,0,0,16.093,0.42
00:39.8,4055,-0.345,-0.443,-0.602,-0.567,-0.498,-0.706,0.292,0.41,0.202,-0.098,0.751,0.621,0.748,0.558,-0.336,-0.128,0.221,0.352,0.501,0.759,0.375,0.535,-0.473,0.592,0.645,0.774,0.938,1.222,1.613,1.233,0.891,0.023,0.275,0.811,0.796,0.409,0.313,0.816,0.641,0.16,0.001,0.046,0.559,0.524,0.012,0.011,0.089,0.559,0.893,0.001,0.001,0.087,0.01,0.002,0.004,0.005,0.416,0.607,0.001,0.106,0.002,0.225,0.264,0.001,0.167,0.001,0.001,0.001,0.001,0.733,0.076,-0.675,0.036,0,0.01,0.001,0,0,0.001,0,0,0,0.143,0.104,0,0.001,0,0.031,0.001,0,0,0.068,0.016,0.001,0.001,0,0,0.001,0.001,0.001,0,0.001,0.001,0,0.001,0.001,0.021,0.001,0,0.001,0.015,0.001,0,0.001,0.001,0,0,0.001,16.157,0.427
00:39.8,4056,-0.345,-0.442,-0.605,-0.566,-0.5,-0.708,0.29,0.407,0.203,-0.094,0.751,0.621,0.743,0.563,-0.333,-0.137,0.22,0.352,0.5,0.76,0.369,0.539,-0.471,0.592,0.602,0.647,0.841,1.081,1.435,1.122,0.794,0.044,0.399,0.785,0.779,0.458,0.341,0.814,0.54,0.27,0.001,0.244,0.685,0.641,0.059,0.012,0.129,0.582,0.862,0.001,0.002,0.267,0.093,0.005,0.005,0.009,0.455,0.797,0.001,0.287,0.004,0.328,0.49,0.001,0.416,0.04,0.026,0.001,0.001,0.731,0.077,-0.677,0.013,0,0.01,0.001,0,0,0.001,0,0.001,0,0.143,0.104,0,0,0,0.027,0,0.001,0,0.072,0.015,0,0,0,0,0.001,0.001,0.001,0,0,0.001,0,0,0.001,0.02,0,0,0,0.023,0,0.001,0,0,0.001,0.001,0,17.396,0.426
00:39.8,4057,-0.346,-0.44,-0.607,-0.565,-0.5,-0.71,0.287,0.404,0.202,-0.09,0.752,0.621,0.74,0.569,-0.329,-0.145,0.219,0.353,0.499,0.76,0.364,0.545,-0.471,0.591,0.625,0.639,0.827,1.044,1.392,1.094,0.755,0.046,0.426,0.783,0.775,0.462,0.327,0.801,0.516,0.28,0.001,0.28,0.691,0.651,0.07,0.02,0.134,0.581,0.85,0.001,0.002,0.3,0.118,0.005,0.005,0.01,0.462,0.794,0.001,0.308,0.004,0.365,0.519,0.007,0.454,0.061,0.035,0.012,0.001,0.731,0.077,-0.677,0.013,0,0.01,0.001,0,0,0.001,0,0.001,0,0.143,0.104,0,0,0,0.027,0,0.001,0,0.072,0.015,0,0,0,0,0.001,0.001,0.001,0,0,0.001,0,0,0.001,0.02,0,0,0,0.023,0,0.001,0,0,0.001,0.001,0,17.534,0.426
00:39.8,4058,-0.347,-0.438,-0.609,-0.564,-0.5,-0.713,0.284,0.401,0.199,-0.086,0.753,0.621,0.736,0.575,-0.323,-0.153,0.219,0.354,0.498,0.761,0.36,0.548,-0.47,0.591,0.619,0.626,0.807,1.006,1.366,1.054,0.702,0.051,0.449,0.778,0.767,0.46,0.303,0.79,0.505,0.287,0.001,0.337,0.702,0.664,0.082,0.02,0.148,0.582,0.839,0.001,0.002,0.33,0.144,0.005,0.005,0.01,0.466,0.785,0.001,0.324,0.005,0.394,0.549,0.021,0.505,0.088,0.04,0.034,0.001,0.731,0.077,-0.677,0.013,0,0.01,0.001,0,0,0.001,0,0.001,0,0.143,0.104,0,0,0,0.027,0,0.001,0,0.072,0.015,0,0,0,0,0.001,0.001,0.001,0,0,0.001,0,0,0.001,0.02,0,0,0,0.023,0,0.001,0,0,0.001,0.001,0,17.655,0.426
00:39.8,4059,-0.348,-0.436,-0.61,-0.562,-0.499,-0.716,0.281,0.4,0.196,-0.084,0.754,0.621,0.733,0.58,-0.316,-0.161,0.219,0.354,0.497,0.761,0.355,0.553,-0.468,0.591,0.591,0.587,0.775,0.971,1.33,1.026,0.641,0.051,0.446,0.779,0.762,0.457,0.292,0.785,0.498,0.298,0.001,0.38,0.709,0.674,0.107,0.02,0.159,0.581,0.828,0.001,0.004,0.363,0.175,0.005,0.005,0.01,0.474,0.783,0.001,0.32,0.005,0.43,0.579,0.071,0.57,0.118,0.045,0.033,0.001,0.731,0.077,-0.677,0.013,0,0.01,0.001,0,0,0.001,0,0.001,0,0.143,0.104,0,0,0,0.027,0,0.001,0,0.072,0.015,0,0,0,0,0.001,0.001,0.001,0,0,0.001,0,0,0.001,0.02,0,0,0,0.023,0,0.001,0,0,0.001,0.001,0,17.741,0.426
00:39.8,4060,-0.349,-0.435,-0.612,-0.561,-0.497,-0.718,0.278,0.4,0.192,-0.083,0.756,0.621,0.729,0.585,-0.309,-0.173,0.219,0.355,0.496,0.762,0.348,0.56,-0.465,0.592,0.543,0.545,0.733,0.926,1.311,0.998,0.585,0.054,0.433,0.773,0.744,0.448,0.278,0.778,0.491,0.306,0.001,0.394,0.724,0.691,0.128,0.027,0.166,0.575,0.821,0.001,0.007,0.381,0.206,0.006,0.005,0.01,0.477,0.774,0.001,0.342,0.005,0.46,0.608,0.214,0.634,0.155,0.057,0.049,0.001,0.731,0.077,-0.677,0.013,0,0.01,0.001,0,0,0.001,0,0.001,0,0.143,0.104,0,0,0,0.027,0,0.001,0,0.072,0.015,0,0,0,0,0.001,0.001,0.001,0,0,0.001,0,0,0.001,0.02,0,0,0,0.023,0,0.001,0,0,0.001,0.001,0,17.866,0.426
00:39.9,4061,-0.349,-0.434,-0.613,-0.56,-0.496,-0.719,0.276,0.401,0.188,-0.082,0.757,0.62,0.725,0.59,-0.301,-0.188,0.219,0.355,0.495,0.762,0.343,0.564,-0.462,0.592,0.476,0.503,0.691,0.874,1.286,0.979,0.545,0.053,0.408,0.767,0.706,0.442,0.26,0.768,0.485,0.317,0.001,0.393,0.723,0.712,0.144,0.028,0.176,0.565,0.807,0.018,0.016,0.399,0.227,0.006,0.004,0.01,0.477,0.77,0.013,0.344,0.005,0.492,0.634,0.421,0.691,0.189,0.072,0.087,0.001,0.731,0.077,-0.677,0.013,0,0.01,0.001,0,0,0.001,0,0.001,0,0.143,0.104,0,0,0,0.027,0,0.001,0,0.072,0.015,0,0,0,0,0.001,0.001,0.001,0,0,0.001,0,0,0.001,0.02,0,0,0,0.023,0,0.001,0,0,0.001,0.001,0,17.985,0.426
00:39.9,4062,-0.35,-0.433,-0.615,-0.559,-0.496,-0.719,0.273,0.403,0.185,-0.083,0.757,0.621,0.719,0.595,-0.295,-0.206,0.22,0.355,0.494,0.762,0.336,0.569,-0.459,0.594,0.443,0.457,0.63,0.818,1.252,0.961,0.516,0.054,0.368,0.751,0.697,0.424,0.252,0.766,0.477,0.321,0.002,0.379,0.729,0.723,0.144,0.032,0.181,0.559,0.797,0.039,0.022,0.415,0.253,0.005,0.004,0.011,0.48,0.768,0.074,0.355,0.005,0.507,0.653,0.563,0.75,0.219,0.084,0.093,0.001,0.731,0.077,-0.677,0.013,0,0.01,0.001,0,0,0.001,0,0.001,0,0.143,0.104,0,0,0,0.027,0,0.001,0,0.072,0.015,0,0,0,0,0.001,0.001,0.001,0,0,0.001,0,0,0.001,0.02,0,0,0,0.023,0,0.001,0,0,0.001,0.001,0,18.034,0.426
00:39.9,4063,-0.351,-0.433,-0.615,-0.558,-0.496,-0.719,0.271,0.404,0.183,-0.085,0.757,0.621,0.712,0.598,-0.29,-0.227,0.221,0.355,0.493,0.763,0.333,0.572,-0.458,0.593,0.377,0.41,0.575,0.751,1.215,0.947,0.493,0.056,0.324,0.726,0.672,0.402,0.248,0.762,0.473,0.325,0.011,0.355,0.728,0.734,0.156,0.034,0.187,0.558,0.786,0.059,0.033,0.432,0.274,0.005,0.004,0.01,0.484,0.766,0.132,0.355,0.006,0.527,0.668,0.685,0.816,0.231,0.092,0.107,0.002,0.722,0.014,-0.672,-0.164,0,0.009,0.001,0.001,0.001,0.001,0,0.001,0,0.142,0.104,0.001,0,0.001,0.029,0.001,0,0.001,0.068,0.012,0.001,0.001,0,0,0,0,0,0,0,0,0,0,0,0.021,0.001,0.001,0,0.021,0,0.001,0.001,0,0.001,0,0,17.993,0.422
00:39.9,4064,-0.351,-0.432,-0.616,-0.557,-0.496,-0.72,0.268,0.405,0.182,-0.087,0.758,0.621,0.703,0.601,-0.287,-0.25,0.222,0.355,0.492,0.763,0.329,0.575,-0.458,0.592,0.341,0.376,0.536,0.701,1.194,0.935,0.48,0.056,0.278,0.703,0.653,0.377,0.243,0.759,0.468,0.327,0.006,0.319,0.719,0.739,0.148,0.034,0.189,0.554,0.784,0.079,0.048,0.441,0.281,0.004,0.004,0.01,0.487,0.768,0.168,0.365,0.006,0.538,0.672,0.788,0.839,0.249,0.107,0.139,0.002,0.722,0.014,-0.672,-0.164,0,0.009,0.001,0.001,0.001,0.001,0,0.001,0,0.142,0.104,0.001,0,0.001,0.029,0.001,0,0.001,0.068,0.012,0.001,0.001,0,0,0,0,0,0,0,0,0,0,0,0.021,0.001,0.001,0,0.021,0,0.001,0.001,0,0.001,0,0,17.914,0.422
00:39.9,4065,-0.352,-0.432,-0.617,-0.556,-0.495,-0.721,0.264,0.406,0.182,-0.089,0.758,0.62,0.694,0.602,-0.286,-0.272,0.224,0.355,0.491,0.763,0.328,0.577,-0.459,0.591,0.292,0.344,0.508,0.637,1.166,0.917,0.466,0.056,0.25,0.683,0.634,0.344,0.234,0.761,0.464,0.328,0.011,0.291,0.7,0.729,0.132,0.032,0.193,0.547,0.778,0.09,0.062,0.447,0.284,0.004,0.002,0.01,0.49,0.766,0.197,0.38,0.006,0.546,0.674,0.863,0.862,0.264,0.115,0.178,0.032,0.722,0.014,-0.672,-0.164,0,0.009,0.001,0.001,0.001,0.001,0,0.001,0,0.142,0.104,0.001,0,0.001,0.029,0.001,0,0.001,0.068,0.012,0.001,0.001,0,0,0,0,0,0,0,0,0,0,0,0.021,0.001,0.001,0,0.021,0,0.001,0.001,0,0.001,0,0,17.769,0.422
00:39.9,4066,-0.353,-0.431,-0.617,-0.556,-0.494,-0.721,0.261,0.409,0.183,-0.09,0.758,0.62,0.685,0.602,-0.288,-0.293,0.225,0.354,0.49,0.764,0.326,0.579,-0.46,0.589,0.242,0.314,0.484,0.542,1.132,0.908,0.458,0.056,0.184,0.659,0.597,0.322,0.227,0.761,0.462,0.331,0.011,0.264,0.674,0.718,0.117,0.033,0.194,0.546,0.775,0.112,0.074,0.452,0.288,0.002,0.004,0.01,0.496,0.769,0.217,0.392,0.006,0.554,0.68,0.923,0.858,0.271,0.121,0.205,0.055,0.722,0.014,-0.672,-0.164,0,0.009,0.001,0.001,0.001,0.001,0,0.001,0,0.142,0.104,0.001,0,0.001,0.029,0.001,0,0.001,0.068,0.012,0.001,0.001,0,0,0,0,0,0,0,0,0,0,0,0.021,0.001,0.001,0,0.021,0,0.001,0.001,0,0.001,0,0,17.5,0.422
00:39.9,4067,-0.356,-0.43,-0.617,-0.555,-0.493,-0.722,0.257,0.412,0.184,-0.091,0.757,0.62,0.676,0.601,-0.291,-0.312,0.226,0.354,0.489,0.765,0.326,0.579,-0.46,0.589,0.242,0.314,0.484,0.542,1.132,0.908,0.458,0.056,0.184,0.659,0.597,0.322,0.227,0.761,0.462,0.331,0.011,0.264,0.674,0.718,0.117,0.033,0.194,0.546,0.775,0.112,0.074,0.452,0.288,0.002,0.004,0.01,0.496,0.769,0.217,0.392,0.006,0.554,0.68,0.923,0.858,0.271,0.121,0.205,0.055,0.722,0.014,-0.672,-0.164,0,0.009,0.001,0.001,0.001,0.001,0,0.001,0,0.142,0.104,0.001,0,0.001,0.029,0.001,0,0.001,0.068,0.012,0.001,0.001,0,0,0,0,0,0,0,0,0,0,0,0.021,0.001,0.001,0,0.021,0,0.001,0.001,0,0.001,0,0,17.5,0.422
00:39.9,4068,-0.358,-0.43,-0.617,-0.554,-0.491,-0.722,0.254,0.415,0.186,-0.091,0.756,0.621,0.668,0.599,-0.296,-0.326,0.228,0.354,0.487,0.765,0.326,0.579,-0.46,0.589,0.242,0.314,0.484,0.542,1.132,0.908,0.458,0.056,0.184,0.659,0.597,0.322,0.227,0.761,0.462,0.331,0.011,0.264,0.674,0.718,0.117,0.033,0.194,0.546,0.775,0.112,0.074,0.452,0.288,0.002,0.004,0.01,0.496,0.769,0.217,0.392,0.006,0.554,0.68,0.923,0.858,0.271,0.121,0.205,0.055,0.722,0.014,-0.672,-0.164,0,0.009,0.001,0.001,0.001,0.001,0,0.001,0,0.142,0.104,0.001,0,0.001,0.029,0.001,0,0.001,0.068,0.012,0.001,0.001,0,0,0,0,0,0,0,0,0,0,0,0.021,0.001,0.001,0,0.021,0,0.001,0.001,0,0.001,0,0,17.5,0.422
00:39.9,4069,-0.361,-0.429,-0.616,-0.552,-0.489,-0.722,0.252,0.419,0.189,-0.091,0.755,0.622,0.662,0.599,-0.301,-0.337,0.229,0.354,0.485,0.766,0.326,0.579,-0.46,0.589,0.242,0.314,0.484,0.542,1.132,0.908,0.458,0.056,0.184,0.659,0.597,0.322,0.227,0.761,0.462,0.331,0.011,0.264,0.674,0.718,0.117,0.033,0.194,0.546,0.775,0.112,0.074,0.452,0.288,0.002,0.004,0.01,0.496,0.769,0.217,0.392,0.006,0.554,0.68,0.923,0.858,0.271,0.121,0.205,0.055,0.722,0.014,-0.672,-0.164,0,0.009,0.001,0.001,0.001,0.001,0,0.001,0,0.142,0.104,0.001,0,0.001,0.029,0.001,0,0.001,0.068,0.012,0.001,0.001,0,0,0,0,0,0,0,0,0,0,0,0.021,0.001,0.001,0,0.021,0,0.001,0.001,0,0.001,0,0,17.5,0.422
00:39.9,4070,-0.365,-0.429,-0.616,-0.551,-0.487,-0.722,0.25,0.423,0.191,-0.09,0.753,0.622,0.656,0.599,-0.304,-0.343,0.231,0.354,0.483,0.767,0.326,0.579,-0.46,0.589,0.242,0.314,0.484,0.542,1.132,0.908,0.458,0.056,0.184,0.659,0.597,0.322,0.227,0.761,0.462,0.331,0.011,0.264,0.674,0.718,0.117,0.033,0.194,0.546,0.775,0.112,0.074,0.452,0.288,0.002,0.004,0.01,0.496,0.769,0.217,0.392,0.006,0.554,0.68,0.923,0.858,0.271,0.121,0.205,0.055,0.706,-0.142,-0.646,-0.254,0.001,0,0.001,0.001,0,0,0.001,0.001,0,0.115,0.077,0,0,0.001,0.004,0,0,0,0.042,0.011,0.001,0,0,0.001,0.001,0,0,0,0.001,0,0,0.001,0.001,0.022,0,0,0.001,0.031,0,0.001,0,0,0.001,0,0,17.5,0.317
00:40.0,4071,-0.367,-0.429,-0.615,-0.55,-0.484,-0.722,0.248,0.427,0.193,-0.089,0.753,0.623,0.652,0.6,-0.307,-0.347,0.233,0.354,0.48,0.768,0.326,0.579,-0.46,0.589,0.242,0.314,0.484,0.542,1.132,0.908,0.458,0.056,0.184,0.659,0.597,0.322,0.227,0.761,0.462,0.331,0.011,0.264,0.674,0.718,0.117,0.033,0.194,0.546,0.775,0.112,0.074,0.452,0.288,0.002,0.004,0.01,0.496,0.769,0.217,0.392,0.006,0.554,0.68,0.923,0.858,0.271,0.121,0.205,0.055,0.703,-0.165,-0.642,-0.258,0,0,0,0.001,0.001,0.001,0.001,0,0.001,0.043,0.061,0,0.001,0,0.001,0.001,0,0,0.006,0.015,0.001,0,0,0,0.001,0,0,0,0,0,0.001,0,0,0.018,0,0.001,0.001,0.023,0,0.001,0.001,0.001,0,0.001,0,17.5,0.183
00:40.0,4072,-0.37,-0.43,-0.614,-0.549,-0.482,-0.722,0.247,0.43,0.195,-0.087,0.753,0.623,0.648,0.603,-0.308,-0.35,0.236,0.354,0.478,0.769,0.326,0.579,-0.46,0.589,0.242,0.314,0.484,0.542,1.132,0.908,0.458,0.056,0.184,0.659,0.597,0.322,0.227,0.761,0.462,0.331,0.011,0.264,0.674,0.718,0.117,0.033,0.194,0.546,0.775,0.112,0.074,0.452,0.288,0.002,0.004,0.01,0.496,0.769,0.217,0.392,0.006,0.554,0.68,0.923,0.858,0.271,0.121,0.205,0.055,0.7,-0.194,-0.635,-0.263,0,0,0,0.001,0,0,0.001,0.001,0,0.039,0.059,0.001,0,0.001,0,0.001,0,0,0.004,0.016,0.001,0,0.001,0.001,0,0.001,0,0.001,0.001,0,0.001,0.001,0.001,0.02,0.001,0,0,0.023,0.001,0.001,0,0,0,0.001,0,17.5,0.18
00:40.0,4073,-0.371,-0.431,-0.613,-0.548,-0.48,-0.722,0.246,0.433,0.196,-0.084,0.752,0.623,0.644,0.606,-0.309,-0.351,0.239,0.355,0.475,0.769,0.307,0.602,-0.452,0.582,0.204,0.3,0.471,0.527,1.106,0.9,0.455,0.057,0.149,0.636,0.584,0.315,0.23,0.763,0.463,0.332,0.018,0.243,0.658,0.712,0.123,0.032,0.195,0.546,0.773,0.115,0.077,0.455,0.294,0.002,0.002,0.009,0.497,0.769,0.233,0.402,0.006,0.557,0.679,0.946,0.85,0.274,0.121,0.2,0.063,0.698,-0.213,-0.63,-0.267,0,0,0.001,0.001,0.001,0,0,0.001,0,0.04,0.059,0.001,0.001,0,0.001,0,0.001,0,0.002,0.015,0,0.001,0.001,0,0.001,0.001,0,0,0.001,0,0.001,0.001,0,0.018,0.001,0,0,0.02,0.001,0.001,0,0.001,0.001,0,0.001,17.343,0.175
00:40.0,4074,-0.372,-0.432,-0.612,-0.548,-0.479,-0.722,0.245,0.436,0.198,-0.081,0.752,0.623,0.64,0.61,-0.309,-0.352,0.242,0.356,0.473,0.769,0.305,0.605,-0.451,0.581,0.004,0.105,0.25,0.227,0.944,0.788,0.424,0.059,0.001,0.375,0.444,0.15,0.133,0.766,0.459,0.346,0.038,0.055,0.51,0.564,0.021,0.007,0.21,0.549,0.767,0.148,0.15,0.331,0.209,0.001,0.002,0.012,0.514,0.779,0.361,0.448,0.007,0.573,0.689,1.083,0.944,0.299,0.133,0.286,0.165,0.695,-0.24,-0.621,-0.272,0,0.001,0,0,0.001,0,0,0,0,0.04,0.062,0.001,0,0.001,0,0.001,0,0,0.002,0.015,0,0,0,0.001,0,0.001,0,0,0.001,0,0,0,0,0.018,0.001,0,0.001,0.017,0.001,0,0.001,0.001,0.001,0.001,0,15.33,0.169
00:40.0,4075,-0.372,-0.433,-0.612,-0.548,-0.477,-0.722,0.244,0.438,0.199,-0.078,0.752,0.624,0.636,0.613,-0.308,-0.352,0.245,0.357,0.471,0.768,0.303,0.608,-0.449,0.58,0.001,0.056,0.222,0.16,0.908,0.783,0.422,0.06,0.001,0.337,0.419,0.105,0.104,0.751,0.458,0.347,0.04,0.013,0.464,0.537,0.01,0.002,0.215,0.548,0.767,0.16,0.158,0.302,0.173,0.001,0.004,0.007,0.515,0.783,0.374,0.441,0.007,0.578,0.691,1.087,0.956,0.302,0.134,0.294,0.19,0.695,-0.24,-0.621,-0.272,0,0.001,0,0,0.001,0,0,0,0,0.04,0.062,0.001,0,0.001,0,0.001,0,0,0.002,0.015,0,0,0,0.001,0,0.001,0,0,0.001,0,0,0,0,0.018,0.001,0,0.001,0.017,0.001,0,0.001,0.001,0.001,0.001,0,14.887,0.169
00:40.0,4076,-0.373,-0.434,-0.611,-0.548,-0.476,-0.722,0.243,0.44,0.199,-0.075,0.752,0.624,0.633,0.616,-0.308,-0.352,0.248,0.358,0.471,0.767,0.301,0.611,-0.448,0.579,0.001,0.04,0.162,0.125,0.885,0.791,0.419,0.059,0.001,0.314,0.402,0.095,0.077,0.728,0.457,0.347,0.042,0.009,0.419,0.501,0.001,0.002,0.216,0.547,0.767,0.168,0.168,0.263,0.143,0.001,0.001,0.007,0.516,0.785,0.383,0.457,0.006,0.581,0.692,1.095,0.985,0.306,0.137,0.299,0.21,0.695,-0.24,-0.621,-0.272,0,0.001,0,0,0.001,0,0,0,0,0.04,0.062,0.001,0,0.001,0,0.001,0,0,0.002,0.015,0,0,0,0.001,0,0.001,0,0,0.001,0,0,0,0,0.018,0.001,0,0.001,0.017,0.001,0,0.001,0.001,0.001,0.001,0,14.61,0.169
00:40.0,4077,-0.373,-0.434,-0.61,-0.547,-0.475,-0.722,0.242,0.442,0.199,-0.073,0.752,0.623,0.631,0.619,-0.308,-0.351,0.25,0.359,0.47,0.767,0.3,0.613,-0.447,0.578,0.001,0.012,0.12,0.072,0.867,0.794,0.411,0.06,0.001,0.284,0.391,0.065,0.056,0.713,0.458,0.348,0.04,0.001,0.364,0.473,0.001,0.001,0.203,0.548,0.766,0.167,0.179,0.237,0.096,0.001,0.001,0.006,0.519,0.785,0.394,0.46,0.007,0.581,0.691,1.111,0.999,0.309,0.142,0.305,0.231,0.695,-0.24,-0.621,-0.272,0,0.001,0,0,0.001,0,0,0,0,0.04,0.062,0.001,0,0.001,0,0.001,0,0,0.002,0.015,0,0,0,0.001,0,0.001,0,0,0.001,0,0,0,0,0.018,0.001,0,0.001,0.017,0.001,0,0.001,0.001,0.001,0.001,0,14.271,0.169
00:40.0,4078,-0.373,-0.435,-0.61,-0.547,-0.473,-0.722,0.24,0.444,0.199,-0.071,0.753,0.623,0.629,0.621,-0.309,-0.35,0.251,0.359,0.47,0.766,0.3,0.613,-0.447,0.578,0.001,0.012,0.12,0.072,0.867,0.794,0.411,0.06,0.001,0.284,0.391,0.065,0.056,0.713,0.458,0.348,0.04,0.001,0.364,0.473,0.001,0.001,0.203,0.548,0.766,0.167,0.179,0.237,0.096,0.001,0.001,0.006,0.519,0.785,0.394,0.46,0.007,0.581,0.691,1.111,0.999,0.309,0.142,0.305,0.231,0.695,-0.24,-0.621,-0.272,0,0.001,0,0,0.001,0,0,0,0,0.04,0.062,0.001,0,0.001,0,0.001,0,0,0.002,0.015,0,0,0,0.001,0,0.001,0,0,0.001,0,0,0,0,0.018,0.001,0,0.001,0.017,0.001,0,0.001,0.001,0.001,0.001,0,14.271,0.169
00:40.0,4079,-0.373,-0.435,-0.61,-0.547,-0.472,-0.722,0.238,0.447,0.199,-0.071,0.754,0.622,0.627,0.624,-0.309,-0.349,0.253,0.36,0.469,0.766,0.3,0.613,-0.447,0.578,0.001,0.012,0.12,0.072,0.867,0.794,0.411,0.06,0.001,0.284,0.391,0.065,0.056,0.713,0.458,0.348,0.04,0.001,0.364,0.473,0.001,0.001,0.203,0.548,0.766,0.167,0.179,0.237,0.096,0.001,0.001,0.006,0.519,0.785,0.394,0.46,0.007,0.581,0.691,1.111,0.999,0.309,0.142,0.305,0.231,0.695,-0.24,-0.621,-0.272,0,0.001,0,0,0.001,0,0,0,0,0.04,0.062,0.001,0,0.001,0,0.001,0,0,0.002,0.015,0,0,0,0.001,0,0.001,0,0,0.001,0,0,0,0,0.018,0.001,0,0.001,0.017,0.001,0,0.001,0.001,0.001,0.001,0,14.271,0.169
00:40.0,4080,-0.374,-0.435,-0.61,-0.547,-0.47,-0.722,0.237,0.45,0.199,-0.07,0.755,0.62,0.625,0.626,-0.31,-0.348,0.254,0.36,0.469,0.766,0.3,0.613,-0.447,0.578,0.001,0.012,0.12,0.072,0.867,0.794,0.411,0.06,0.001,0.284,0.391,0.065,0.056,0.713,0.458,0.348,0.04,0.001,0.364,0.473,0.001,0.001,0.203,0.548,0.766,0.167,0.179,0.237,0.096,0.001,0.001,0.006,0.519,0.785,0.394,0.46,0.007,0.581,0.691,1.111,0.999,0.309,0.142,0.305,0.231,0.695,-0.24,-0.621,-0.272,0,0.001,0,0,0.001,0,0,0,0,0.04,0.062,0.001,0,0.001,0,0.001,0,0,0.002,0.015,0,0,0,0.001,0,0.001,0,0,0.001,0,0,0,0,0.018,0.001,0,0.001,0.017,0.001,0,0.001,0.001,0.001,0.001,0,14.271,0.169
00:40.1,4081,-0.375,-0.434,-0.61,-0.547,-0.468,-0.722,0.235,0.453,0.198,-0.069,0.757,0.619,0.622,0.629,-0.31,-0.348,0.255,0.36,0.468,0.765,0.3,0.613,-0.447,0.578,0.001,0.012,0.12,0.072,0.867,0.794,0.411,0.06,0.001,0.284,0.391,0.065,0.056,0.713,0.458,0.348,0.04,0.001,0.364,0.473,0.001,0.001,0.203,0.548,0.766,0.167,0.179,0.237,0.096,0.001,0.001,0.006,0.519,0.785,0.394,0.46,0.007,0.581,0.691,1.111,0.999,0.309,0.142,0.305,0.231,0.69,-0.341,-0.571,-0.286,0,0,0,0.001,0,0,0,0,0,0.04,0.067,0,0,0.001,0,0.001,0,0,0.001,0.012,0,0,0.001,0,0,0,0,0,0,0,0,0,0.001,0.017,0,0,0.001,0.017,0.001,0,0.001,0,0,0,0,14.271,0.162
00:40.1,4082,-0.376,-0.434,-0.609,-0.547,-0.466,-0.721,0.233,0.457,0.197,-0.069,0.758,0.618,0.62,0.631,-0.311,-0.348,0.257,0.36,0.467,0.765,0.3,0.613,-0.447,0.578,0.001,0.012,0.12,0.072,0.867,0.794,0.411,0.06,0.001,0.284,0.391,0.065,0.056,0.713,0.458,0.348,0.04,0.001,0.364,0.473,0.001,0.001,0.203,0.548,0.766,0.167,0.179,0.237,0.096,0.001,0.001,0.006,0.519,0.785,0.394,0.46,0.007,0.581,0.691,1.111,0.999,0.309,0.142,0.305,0.231,0.691,-0.35,-0.566,-0.283,0.001,0.001,0,0.001,0.001,0.001,0,0.001,0,0.022,0.067,0,0.001,0.001,0.001,0,0,0,0,0.011,0.001,0.001,0,0,0,0.001,0,0.001,0.001,0.001,0,0.001,0.001,0.015,0.001,0,0,0.04,0,0,0,0.001,0.001,0,0,14.271,0.175
00:40.1,4083,-0.378,-0.434,-0.608,-0.546,-0.464,-0.721,0.231,0.46,0.196,-0.068,0.759,0.617,0.618,0.632,-0.311,-0.348,0.259,0.361,0.466,0.765,0.3,0.613,-0.447,0.578,0.001,0.012,0.12,0.072,0.867,0.794,0.411,0.06,0.001,0.284,0.391,0.065,0.056,0.713,0.458,0.348,0.04,0.001,0.364,0.473,0.001,0.001,0.203,0.548,0.766,0.167,0.179,0.237,0.096,0.001,0.001,0.006,0.519,0.785,0.394,0.46,0.007,0.581,0.691,1.111,0.999,0.309,0.142,0.305,0.231,0.693,-0.36,-0.56,-0.277,0.001,0.001,0.001,0,0.001,0.001,0,0.001,0,0.022,0.066,0.001,0.001,0.001,0,0.001,0.001,0.001,0,0.01,0,0,0,0,0.001,0.001,0.001,0,0,0.001,0,0,0,0.016,0.001,0.001,0,0.034,0.001,0,0.001,0,0.001,0.001,0.001,14.271,0.171
00:40.1,4084,-0.381,-0.435,-0.607,-0.545,-0.462,-0.721,0.23,0.462,0.195,-0.067,0.76,0.616,0.617,0.634,-0.312,-0.347,0.263,0.362,0.464,0.764,0.296,0.62,-0.439,0.579,0.001,0.001,0.083,0.04,0.845,0.792,0.411,0.059,0.001,0.244,0.368,0.048,0.043,0.709,0.457,0.348,0.045,0.001,0.316,0.437,0.001,0.001,0.195,0.548,0.764,0.176,0.179,0.21,0.09,0.001,0.001,0.006,0.52,0.786,0.396,0.462,0.007,0.582,0.692,1.121,1.004,0.311,0.145,0.311,0.249,0.693,-0.36,-0.56,-0.277,0.001,0.001,0.001,0,0.001,0.001,0,0.001,0,0.022,0.066,0.001,0.001,0.001,0,0.001,0.001,0.001,0,0.01,0,0,0,0,0.001,0.001,0.001,0,0,0.001,0,0,0,0.016,0.001,0.001,0,0.034,0.001,0,0.001,0,0.001,0.001,0.001,14.007,0.171
00:40.1,4085,-0.383,-0.435,-0.606,-0.544,-0.46,-0.722,0.228,0.465,0.194,-0.067,0.761,0.615,0.616,0.635,-0.313,-0.344,0.266,0.364,0.463,0.763,0.295,0.621,-0.438,0.579,0.001,0.001,0.001,0.001,0.611,0.731,0.394,0.06,0.001,0.12,0.168,0.009,0.002,0.56,0.451,0.35,0.066,0.001,0.231,0.254,0.001,0.001,0.09,0.554,0.758,0.2,0.201,0.037,0.002,0.001,0.001,0.004,0.526,0.783,0.413,0.513,0.005,0.589,0.709,1.164,1.067,0.321,0.155,0.339,0.364,0.693,-0.36,-0.56,-0.277,0.001,0.001,0.001,0,0.001,0.001,0,0.001,0,0.022,0.066,0.001,0.001,0.001,0,0.001,0.001,0.001,0,0.01,0,0,0,0,0.001,0.001,0.001,0,0,0.001,0,0,0,0.016,0.001,0.001,0,0.034,0.001,0,0.001,0,0.001,0.001,0.001,12.811,0.171
00:40.1,4086,-0.386,-0.435,-0.605,-0.543,-0.456,-0.723,0.225,0.467,0.193,-0.066,0.763,0.614,0.617,0.636,-0.315,-0.34,0.269,0.366,0.462,0.761,0.294,0.621,-0.437,0.58,0.001,0.001,0.001,0.001,0.604,0.723,0.389,0.06,0.001,0.111,0.156,0.007,0.001,0.524,0.448,0.349,0.068,0.001,0.236,0.255,0.001,0.001,0.079,0.554,0.758,0.205,0.209,0.032,0.001,0.001,0.001,0.004,0.527,0.779,0.416,0.502,0.004,0.592,0.714,1.167,1.081,0.326,0.161,0.342,0.374,0.693,-0.36,-0.56,-0.277,0.001,0.001,0.001,0,0.001,0.001,0,0.001,0,0.022,0.066,0.001,0.001,0.001,0,0.001,0.001,0.001,0,0.01,0,0,0,0,0.001,0.001,0.001,0,0,0.001,0,0,0,0.016,0.001,0.001,0,0.034,0.001,0,0.001,0,0.001,0.001,0.001,12.768,0.171
00:40.1,4087,-0.388,-0.436,-0.604,-0.542,-0.452,-0.724,0.223,0.471,0.194,-0.066,0.764,0.612,0.618,0.637,-0.316,-0.335,0.272,0.368,0.462,0.76,0.293,0.622,-0.436,0.581,0.001,0.001,0.001,0.001,0.584,0.692,0.385,0.059,0.001,0.104,0.15,0.005,0.001,0.471,0.446,0.349,0.068,0.001,0.225,0.241,0.001,0.001,0.071,0.554,0.756,0.205,0.211,0.028,0.001,0.001,0.001,0.002,0.526,0.777,0.427,0.495,0.004,0.597,0.719,1.167,1.092,0.33,0.164,0.346,0.386,0.693,-0.36,-0.56,-0.277,0.001,0.001,0.001,0,0.001,0.001,0,0.001,0,0.022,0.066,0.001,0.001,0.001,0,0.001,0.001,0.001,0,0.01,0,0,0,0,0.001,0.001,0.001,0,0,0.001,0,0,0,0.016,0.001,0.001,0,0.034,0.001,0,0.001,0,0.001,0.001,0.001,12.648,0.171
00:40.1,4088,-0.391,-0.436,-0.604,-0.541,-0.449,-0.724,0.22,0.475,0.196,-0.066,0.765,0.61,0.619,0.639,-0.317,-0.329,0.275,0.369,0.461,0.759,0.291,0.623,-0.434,0.581,0.001,0.001,0.001,0.001,0.565,0.67,0.38,0.057,0.001,0.103,0.143,0.002,0.007,0.446,0.442,0.349,0.07,0.001,0.226,0.219,0.001,0.001,0.076,0.554,0.755,0.208,0.216,0.024,0.001,0.001,0.001,0.004,0.526,0.774,0.424,0.496,0.004,0.6,0.723,1.175,1.101,0.333,0.168,0.355,0.391,0.693,-0.36,-0.56,-0.277,0.001,0.001,0.001,0,0.001,0.001,0,0.001,0,0.022,0.066,0.001,0.001,0.001,0,0.001,0.001,0.001,0,0.01,0,0,0,0,0.001,0.001,0.001,0,0,0.001,0,0,0,0.016,0.001,0.001,0,0.034,0.001,0,0.001,0,0.001,0.001,0.001,12.597,0.171
00:40.1,4089,-0.393,-0.436,-0.603,-0.541,-0.445,-0.725,0.218,0.479,0.197,-0.066,0.766,0.609,0.62,0.641,-0.318,-0.323,0.277,0.37,0.46,0.758,0.29,0.624,-0.433,0.582,0.001,0.001,0.001,0.001,0.541,0.647,0.375,0.057,0.001,0.106,0.144,0.001,0.001,0.409,0.441,0.35,0.073,0.001,0.225,0.189,0.001,0.001,0.066,0.554,0.756,0.205,0.223,0.018,0.001,0.001,0.001,0.004,0.526,0.773,0.424,0.503,0.002,0.602,0.724,1.177,1.101,0.337,0.171,0.358,0.399,0.693,-0.36,-0.56,-0.277,0.001,0.001,0.001,0,0.001,0.001,0,0.001,0,0.022,0.066,0.001,0.001,0.001,0,0.001,0.001,0.001,0,0.01,0,0,0,0,0.001,0.001,0.001,0,0,0.001,0,0,0,0.016,0.001,0.001,0,0.034,0.001,0,0.001,0,0.001,0.001,0.001,12.493,0.171
00:40.1,4090,-0.394,-0.436,-0.602,-0.541,-0.442,-0.725,0.216,0.483,0.199,-0.066,0.766,0.608,0.62,0.644,-0.317,-0.317,0.279,0.371,0.459,0.757,0.29,0.624,-0.433,0.582,0.001,0.001,0.001,0.001,0.541,0.647,0.375,0.057,0.001,0.106,0.144,0.001,0.001,0.409,0.441,0.35,0.073,0.001,0.225,0.189,0.001,0.001,0.066,0.554,0.756,0.205,0.223,0.018,0.001,0.001,0.001,0.004,0.526,0.773,0.424,0.503,0.002,0.602,0.724,1.177,1.101,0.337,0.171,0.358,0.399,0.702,-0.412,-0.534,-0.23,0,0,0,0,0,0.001,0.001,0.001,0,0.021,0.065,0.001,0.001,0,0,0,0,0.001,0.001,0.009,0.001,0.001,0,0,0,0.001,0,0.001,0,0,0,0.001,0.001,0.016,0.001,0.001,0.001,0.032,0,0,0,0.001,0.001,0.001,0,12.493,0.162
00:40.2,4091,-0.395,-0.437,-0.6,-0.541,-0.439,-0.724,0.214,0.486,0.199,-0.065,0.765,0.609,0.62,0.647,-0.316,-0.313,0.281,0.372,0.458,0.757,0.29,0.624,-0.433,0.582,0.001,0.001,0.001,0.001,0.541,0.647,0.375,0.057,0.001,0.106,0.144,0.001,0.001,0.409,0.441,0.35,0.073,0.001,0.225,0.189,0.001,0.001,0.066,0.554,0.756,0.205,0.223,0.018,0.001,0.001,0.001,0.004,0.526,0.773,0.424,0.503,0.002,0.602,0.724,1.177,1.101,0.337,0.171,0.358,0.399,0.703,-0.417,-0.532,-0.223,0,0.001,0.001,0,0.001,0,0,0.001,0,0.02,0.062,0.001,0.001,0.001,0.001,0.001,0,0,0,0.009,0,0,0.001,0,0.001,0,0.001,0,0,0,0.001,0,0,0.018,0.001,0.001,0,0.029,0,0.001,0,0,0.001,0.001,0,12.493,0.156
00:40.2,4092,-0.397,-0.438,-0.599,-0.541,-0.437,-0.724,0.213,0.489,0.199,-0.065,0.764,0.61,0.618,0.65,-0.314,-0.311,0.283,0.373,0.457,0.756,0.29,0.624,-0.433,0.582,0.001,0.001,0.001,0.001,0.541,0.647,0.375,0.057,0.001,0.106,0.144,0.001,0.001,0.409,0.441,0.35,0.073,0.001,0.225,0.189,0.001,0.001,0.066,0.554,0.756,0.205,0.223,0.018,0.001,0.001,0.001,0.004,0.526,0.773,0.424,0.503,0.002,0.602,0.724,1.177,1.101,0.337,0.171,0.358,0.399,0.703,-0.423,-0.529,-0.216,0,0,0,0.001,0.001,0,0.001,0,0,0.018,0.057,0.001,0.001,0,0.001,0.001,0.001,0,0.001,0.009,0,0,0.001,0,0.001,0.001,0.001,0.001,0,0,0,0.001,0,0.018,0,0.004,0.001,0.031,0.001,0.001,0.001,0.001,0,0.001,0,12.493,0.158
00:40.2,4093,-0.398,-0.438,-0.597,-0.541,-0.435,-0.724,0.212,0.491,0.2,-0.064,0.763,0.612,0.617,0.651,-0.313,-0.312,0.285,0.374,0.456,0.755,0.29,0.624,-0.433,0.582,0.001,0.001,0.001,0.001,0.541,0.647,0.375,0.057,0.001,0.106,0.144,0.001,0.001,0.409,0.441,0.35,0.073,0.001,0.225,0.189,0.001,0.001,0.066,0.554,0.756,0.205,0.223,0.018,0.001,0.001,0.001,0.004,0.526,0.773,0.424,0.503,0.002,0.602,0.724,1.177,1.101,0.337,0.171,0.358,0.399,0.704,-0.427,-0.526,-0.212,0,0,0.001,0.001,0.001,0,0,0,0,0.02,0.057,0,0.001,0,0,0,0,0,0.001,0.01,0.001,0.001,0.001,0.001,0.001,0,0.001,0.001,0,0,0.001,0.001,0,0.016,0,0.002,0,0.031,0,0.001,0,0,0,0,0,12.493,0.151
00:40.2,4094,-0.4,-0.439,-0.596,-0.54,-0.433,-0.725,0.21,0.493,0.2,-0.063,0.762,0.613,0.616,0.651,-0.314,-0.313,0.287,0.375,0.455,0.755,0.29,0.624,-0.433,0.582,0.001,0.001,0.001,0.001,0.541,0.647,0.375,0.057,0.001,0.106,0.144,0.001,0.001,0.409,0.441,0.35,0.073,0.001,0.225,0.189,0.001,0.001,0.066,0.554,0.756,0.205,0.223,0.018,0.001,0.001,0.001,0.004,0.526,0.773,0.424,0.503,0.002,0.602,0.724,1.177,1.101,0.337,0.171,0.358,0.399,0.704,-0.427,-0.526,-0.212,0,0,0.001,0.001,0.001,0,0,0,0,0.02,0.057,0,0.001,0,0,0,0,0,0.001,0.01,0.001,0.001,0.001,0.001,0.001,0,0.001,0.001,0,0,0.001,0.001,0,0.016,0,0.002,0,0.031,0,0.001,0,0,0,0,0,12.493,0.151
00:40.2,4095,-0.402,-0.44,-0.594,-0.54,-0.43,-0.726,0.208,0.495,0.201,-0.061,0.761,0.613,0.615,0.65,-0.316,-0.315,0.289,0.375,0.455,0.754,0.29,0.624,-0.433,0.582,0.001,0.001,0.001,0.001,0.541,0.647,0.375,0.057,0.001,0.106,0.144,0.001,0.001,0.409,0.441,0.35,0.073,0.001,0.225,0.189,0.001,0.001,0.066,0.554,0.756,0.205,0.223,0.018,0.001,0.001,0.001,0.004,0.526,0.773,0.424,0.503,0.002,0.602,0.724,1.177,1.101,0.337,0.171,0.358,0.399,0.704,-0.427,-0.526,-0.212,0,0,0.001,0.001,0.001,0,0,0,0,0.02,0.057,0,0.001,0,0,0,0,0,0.001,0.01,0.001,0.001,0.001,0.001,0.001,0,0.001,0.001,0,0,0.001,0.001,0,0.016,0,0.002,0,0.031,0,0.001,0,0,0,0,0,12.493,0.151
00:40.2,4096,-0.405,-0.44,-0.592,-0.54,-0.426,-0.727,0.205,0.498,0.201,-0.06,0.761,0.613,0.615,0.648,-0.318,-0.315,0.29,0.376,0.454,0.754,0.293,0.616,-0.443,0.582,0.001,0.001,0.001,0.001,0.529,0.63,0.37,0.057,0.001,0.104,0.136,0.001,0.001,0.375,0.44,0.346,0.071,0.001,0.228,0.173,0.001,0.001,0.06,0.553,0.755,0.21,0.226,0.009,0.001,0.001,0.001,0.002,0.526,0.773,0.425,0.497,0.002,0.606,0.728,1.178,1.11,0.339,0.172,0.355,0.403,0.704,-0.427,-0.526,-0.212,0,0,0.001,0.001,0.001,0,0,0,0,0.02,0.057,0,0.001,0,0,0,0,0,0.001,0.01,0.001,0.001,0.001,0.001,0.001,0,0.001,0.001,0,0,0.001,0.001,0,0.016,0,0.002,0,0.031,0,0.001,0,0,0,0,0,12.401,0.151
00:40.2,4097,-0.407,-0.441,-0.59,-0.54,-0.421,-0.728,0.202,0.501,0.202,-0.059,0.761,0.613,0.616,0.646,-0.322,-0.314,0.292,0.377,0.452,0.754,0.292,0.615,-0.443,0.583,0.001,0.001,0.001,0.001,0.332,0.437,0.331,0.04,0.001,0.096,0.096,0.001,0.001,0.063,0.383,0.33,0.074,0.001,0.2,0.081,0.001,0.001,0.022,0.504,0.731,0.209,0.2,0.001,0.001,0.001,0.001,0.001,0.502,0.759,0.454,0.465,0.001,0.673,0.781,1.197,1.172,0.4,0.211,0.353,0.425,0.704,-0.427,-0.526,-0.212,0,0,0.001,0.001,0.001,0,0,0,0,0.02,0.057,0,0.001,0,0,0,0,0,0.001,0.01,0.001,0.001,0.001,0.001,0.001,0,0.001,0.001,0,0,0.001,0.001,0,0.016,0,0.002,0,0.031,0,0.001,0,0,0,0,0,11.537,0.151
00:40.2,4098,-0.409,-0.441,-0.589,-0.54,-0.416,-0.729,0.199,0.505,0.203,-0.059,0.762,0.612,0.618,0.644,-0.327,-0.31,0.293,0.377,0.451,0.754,0.291,0.615,-0.443,0.584,0.001,0.001,0.001,0.001,0.283,0.414,0.314,0.037,0.001,0.098,0.094,0.001,0.001,0.049,0.376,0.321,0.074,0.001,0.198,0.065,0.001,0.001,0.015,0.497,0.728,0.208,0.193,0.001,0.001,0.001,0.001,0.001,0.502,0.756,0.46,0.453,0.001,0.687,0.796,1.195,1.184,0.413,0.212,0.352,0.418,0.704,-0.427,-0.526,-0.212,0,0,0.001,0.001,0.001,0,0,0,0,0.02,0.057,0,0.001,0,0,0,0,0,0.001,0.01,0.001,0.001,0.001,0.001,0.001,0,0.001,0.001,0,0,0.001,0.001,0,0.016,0,0.002,0,0.031,0,0.001,0,0,0,0,0,11.408,0.151
00:40.2,4099,-0.412,-0.441,-0.588,-0.539,-0.411,-0.73,0.196,0.509,0.205,-0.06,0.762,0.611,0.621,0.641,-0.333,-0.304,0.294,0.378,0.449,0.754,0.289,0.614,-0.442,0.586,0.001,0.001,0.001,0.001,0.259,0.374,0.294,0.034,0.001,0.094,0.072,0.001,0.001,0.04,0.354,0.314,0.072,0.001,0.192,0.063,0.001,0.001,0.011,0.486,0.72,0.195,0.183,0.001,0.001,0.001,0.001,0.001,0.501,0.757,0.468,0.446,0.001,0.709,0.807,1.201,1.19,0.43,0.215,0.347,0.404,0.704,-0.427,-0.526,-0.212,0,0,0.001,0.001,0.001,0,0,0,0,0.02,0.057,0,0.001,0,0,0,0,0,0.001,0.01,0.001,0.001,0.001,0.001,0.001,0,0.001,0.001,0,0,0.001,0.001,0,0.016,0,0.002,0,0.031,0,0.001,0,0,0,0,0,11.248,0.151
00:40.2,4100,-0.415,-0.441,-0.588,-0.537,-0.406,-0.73,0.193,0.514,0.206,-0.06,0.764,0.609,0.623,0.639,-0.34,-0.296,0.294,0.378,0.447,0.755,0.289,0.613,-0.443,0.587,0.001,0.001,0.001,0.001,0.223,0.379,0.259,0.029,0.001,0.094,0.057,0.001,0.001,0.035,0.337,0.303,0.071,0.001,0.192,0.046,0.001,0.001,0.009,0.464,0.713,0.193,0.179,0.001,0.001,0.001,0.001,0.001,0.505,0.759,0.465,0.427,0.001,0.736,0.822,1.203,1.206,0.452,0.215,0.349,0.385,0.704,-0.467,-0.474,-0.249,0,0.001,0,0,0.077,0.516,0.869,0.001,0,0.034,0.217,0.001,0,0.031,0.442,0.186,0.002,0.001,0.004,0,0,0.001,0.001,0.335,0.653,0,0.001,0.001,0,0,0.001,0,0.277,0.452,0,0.144,0,0.237,0.396,0,0.078,0.107,0.02,0.001,0,11.123,5.087
00:40.3,4101,-0.417,-0.442,-0.587,-0.535,-0.402,-0.731,0.191,0.518,0.206,-0.059,0.766,0.606,0.625,0.637,-0.348,-0.286,0.294,0.378,0.446,0.756,0.29,0.61,-0.446,0.587,0.001,0.001,0.001,0.001,0.217,0.346,0.252,0.026,0.001,0.087,0.05,0.001,0.001,0.033,0.299,0.299,0.07,0.001,0.176,0.045,0.001,0.001,0.001,0.441,0.706,0.193,0.168,0.001,0.001,0.001,0.001,0.001,0.502,0.769,0.468,0.42,0.001,0.762,0.83,1.201,1.219,0.475,0.215,0.341,0.358,0.704,-0.467,-0.474,-0.249,0,0.001,0,0,0.077,0.516,0.869,0.001,0,0.034,0.217,0.001,0,0.031,0.442,0.186,0.002,0.001,0.004,0,0,0.001,0.001,0.335,0.653,0,0.001,0.001,0,0,0.001,0,0.277,0.452,0,0.144,0,0.237,0.396,0,0.078,0.107,0.02,0.001,0,10.985,5.087
00:40.3,4102,-0.42,-0.443,-0.585,-0.534,-0.399,-0.73,0.19,0.521,0.207,-0.057,0.768,0.604,0.625,0.639,-0.355,-0.273,0.294,0.378,0.445,0.757,0.292,0.607,-0.45,0.586,0.001,0.001,0.001,0.001,0.184,0.309,0.236,0.023,0.001,0.065,0.044,0.001,0.001,0.037,0.274,0.291,0.068,0.001,0.175,0.042,0.001,0.001,0.001,0.403,0.701,0.173,0.153,0.001,0.001,0.001,0.001,0.001,0.496,0.773,0.48,0.408,0.001,0.792,0.838,1.198,1.219,0.501,0.215,0.338,0.335,0.704,-0.467,-0.474,-0.249,0,0.001,0,0,0.077,0.516,0.869,0.001,0,0.034,0.217,0.001,0,0.031,0.442,0.186,0.002,0.001,0.004,0,0,0.001,0.001,0.335,0.653,0,0.001,0.001,0,0,0.001,0,0.277,0.452,0,0.144,0,0.237,0.396,0,0.078,0.107,0.02,0.001,0,10.788,5.087
00:40.3,4103,-0.423,-0.446,-0.582,-0.532,-0.396,-0.729,0.188,0.525,0.206,-0.053,0.77,0.601,0.625,0.642,-0.358,-0.264,0.293,0.378,0.444,0.758,0.297,0.599,-0.459,0.585,0.001,0.001,0.001,0.001,0.15,0.267,0.225,0.022,0.001,0.05,0.039,0.001,0.001,0.038,0.227,0.282,0.06,0.001,0.151,0.042,0.001,0.001,0.001,0.371,0.692,0.162,0.133,0.001,0.001,0.001,0.001,0.001,0.477,0.779,0.484,0.392,0.001,0.825,0.849,1.194,1.227,0.535,0.215,0.332,0.288,0.704,-0.467,-0.474,-0.249,0,0.001,0,0,0.077,0.516,0.869,0.001,0,0.034,0.217,0.001,0,0.031,0.442,0.186,0.002,0.001,0.004,0,0,0.001,0.001,0.335,0.653,0,0.001,0.001,0,0,0.001,0,0.277,0.452,0,0.144,0,0.237,0.396,0,0.078,0.107,0.02,0.001,0,10.525,5.087
00:40.3,4104,-0.426,-0.449,-0.578,-0.532,-0.394,-0.728,0.186,0.53,0.204,-0.047,0.772,0.6,0.622,0.644,-0.357,-0.265,0.293,0.378,0.443,0.758,0.301,0.592,-0.468,0.583,0.001,0.001,0.001,0.001,0.125,0.242,0.208,0.015,0.001,0.051,0.023,0.001,0.001,0.035,0.2,0.272,0.053,0.001,0.117,0.045,0.001,0.001,0.006,0.32,0.68,0.148,0.11,0.001,0.001,0.001,0.001,0.001,0.454,0.788,0.48,0.385,0.001,0.855,0.862,1.187,1.221,0.573,0.212,0.333,0.247,0.704,-0.467,-0.474,-0.249,0,0.001,0,0,0.077,0.516,0.869,0.001,0,0.034,0.217,0.001,0,0.031,0.442,0.186,0.002,0.001,0.004,0,0,0.001,0.001,0.335,0.653,0,0.001,0.001,0,0,0.001,0,0.277,0.452,0,0.144,0,0.237,0.396,0,0.078,0.107,0.02,0.001,0,10.263,5.087
00:40.3,4105,-0.428,-0.453,-0.574,-0.532,-0.391,-0.726,0.184,0.535,0.199,-0.041,0.774,0.6,0.618,0.645,-0.356,-0.274,0.293,0.379,0.443,0.758,0.307,0.58,-0.479,0.582,0.001,0.001,0.001,0.001,0.109,0.2,0.186,0.01,0.001,0.04,0.012,0.001,0.001,0.021,0.159,0.25,0.046,0.001,0.104,0.039,0.001,0.001,0.009,0.249,0.667,0.128,0.083,0.001,0.001,0.001,0.001,0.001,0.422,0.795,0.476,0.37,0.001,0.899,0.883,1.198,1.209,0.63,0.212,0.33,0.203,0.704,-0.467,-0.474,-0.249,0,0.001,0,0,0.077,0.516,0.869,0.001,0,0.034,0.217,0.001,0,0.031,0.442,0.186,0.002,0.001,0.004,0,0,0.001,0.001,0.335,0.653,0,0.001,0.001,0,0,0.001,0,0.277,0.452,0,0.144,0,0.237,0.396,0,0.078,0.107,0.02,0.001,0,9.955,5.087
00:40.3,4106,-0.429,-0.456,-0.569,-0.533,-0.389,-0.723,0.182,0.541,0.192,-0.036,0.775,0.602,0.615,0.642,-0.358,-0.284,0.293,0.38,0.443,0.758,0.314,0.568,-0.492,0.58,0.001,0.001,0.001,0.001,0.085,0.166,0.166,0.006,0.001,0.029,0.007,0.001,0.001,0.017,0.11,0.219,0.026,0.001,0.07,0.033,0.001,0.001,0.001,0.175,0.636,0.099,0.06,0.001,0.001,0.001,0.001,0.001,0.379,0.819,0.466,0.341,0.001,0.924,0.902,1.21,1.194,0.712,0.211,0.32,0.153,0.704,-0.467,-0.474,-0.249,0,0.001,0,0,0.077,0.516,0.869,0.001,0,0.034,0.217,0.001,0,0.031,0.442,0.186,0.002,0.001,0.004,0,0,0.001,0.001,0.335,0.653,0,0.001,0.001,0,0,0.001,0,0.277,0.452,0,0.144,0,0.237,0.396,0,0.078,0.107,0.02,0.001,0,9.552,5.087
00:40.3,4107,-0.43,-0.461,-0.563,-0.534,-0.387,-0.721,0.181,0.545,0.185,-0.036,0.776,0.601,0.615,0.637,-0.361,-0.292,0.292,0.381,0.444,0.757,0.322,0.553,-0.508,0.577,0.001,0.001,0.001,0.001,0.078,0.121,0.143,0.002,0.001,0.005,0.007,0.001,0.001,0.009,0.093,0.198,0.018,0.001,0.012,0.028,0.001,0.001,0.001,0.148,0.56,0.084,0.034,0.001,0.001,0.001,0.001,0.001,0.331,0.835,0.438,0.294,0.001,0.908,0.952,1.197,1.187,0.767,0.211,0.317,0.083,0.704,-0.467,-0.474,-0.249,0,0.001,0,0,0.077,0.516,0.869,0.001,0,0.034,0.217,0.001,0,0.031,0.442,0.186,0.002,0.001,0.004,0,0,0.001,0.001,0.335,0.653,0,0.001,0.001,0,0,0.001,0,0.277,0.452,0,0.144,0,0.237,0.396,0,0.078,0.107,0.02,0.001,0,9.077,5.087
00:40.3,4108,-0.429,-0.466,-0.558,-0.536,-0.385,-0.72,0.182,0.548,0.184,-0.039,0.778,0.6,0.617,0.63,-0.365,-0.298,0.289,0.382,0.446,0.756,0.333,0.527,-0.535,0.569,0.001,0.001,0.001,0.001,0.074,0.079,0.121,0.002,0.001,0.001,0.001,0.001,0.001,0.001,0.096,0.175,0.004,0.001,0.001,0.031,0.001,0.001,0.001,0.131,0.496,0.07,0.01,0.001,0.001,0.001,0.001,0.001,0.3,0.821,0.402,0.253,0.001,0.863,0.987,1.187,1.154,0.794,0.219,0.308,0.037,0.727,-0.446,-0.426,-0.302,0,0.001,0.001,0.001,0.211,0.712,0.853,0.007,0.001,0.054,0.225,0.001,0,0.137,0.448,0.228,0.077,0,0.005,0.001,0.001,0.001,0.001,0.347,0.706,0.001,0.002,0.001,0,0.001,0,0,0.311,0.503,0.001,0.25,0,0.283,0.413,0,0.192,0.143,0.049,0,0,8.635,6.169
00:40.3,4109,-0.427,-0.47,-0.552,-0.539,-0.384,-0.718,0.182,0.552,0.192,-0.042,0.777,0.598,0.622,0.619,-0.371,-0.304,0.287,0.383,0.448,0.756,0.333,0.527,-0.535,0.569,0.001,0.001,0.001,0.001,0.074,0.079,0.121,0.002,0.001,0.001,0.001,0.001,0.001,0.001,0.096,0.175,0.004,0.001,0.001,0.031,0.001,0.001,0.001,0.131,0.496,0.07,0.01,0.001,0.001,0.001,0.001,0.001,0.3,0.821,0.402,0.253,0.001,0.863,0.987,1.187,1.154,0.794,0.219,0.308,0.037,0.728,-0.441,-0.433,-0.296,0.661,0.658,0.465,0.115,0.812,0.817,0.662,0.072,0.584,0.708,0.711,0.275,0.062,0.261,0.347,0.226,0.325,0.531,0.821,0.725,0.149,0.002,0.004,0.35,0.652,0.161,0.021,0.357,0.283,0.096,0.001,0.013,0.41,0.641,0.155,0.77,0.001,0.481,0.664,0.452,0.996,0.31,0.324,0.001,0.062,8.635,17.194
00:40.3,4110,-0.425,-0.475,-0.546,-0.543,-0.382,-0.715,0.183,0.556,0.201,-0.043,0.775,0.597,0.626,0.606,-0.379,-0.311,0.285,0.382,0.449,0.756,0.333,0.527,-0.535,0.569,0.001,0.001,0.001,0.001,0.074,0.079,0.121,0.002,0.001,0.001,0.001,0.001,0.001,0.001,0.096,0.175,0.004,0.001,0.001,0.031,0.001,0.001,0.001,0.131,0.496,0.07,0.01,0.001,0.001,0.001,0.001,0.001,0.3,0.821,0.402,0.253,0.001,0.863,0.987,1.187,1.154,0.794,0.219,0.308,0.037,0.728,-0.441,-0.433,-0.296,0.661,0.658,0.465,0.115,0.812,0.817,0.662,0.072,0.584,0.708,0.711,0.275,0.062,0.261,0.347,0.226,0.325,0.531,0.821,0.725,0.149,0.002,0.004,0.35,0.652,0.161,0.021,0.357,0.283,0.096,0.001,0.013,0.41,0.641,0.155,0.77,0.001,0.481,0.664,0.452,0.996,0.31,0.324,0.001,0.062,8.635,17.194
00:40.4,4111,-0.422,-0.48,-0.54,-0.547,-0.381,-0.712,0.182,0.561,0.207,-0.04,0.773,0.598,0.629,0.595,-0.388,-0.315,0.284,0.379,0.451,0.756,0.333,0.527,-0.535,0.569,0.001,0.001,0.001,0.001,0.074,0.079,0.121,0.002,0.001,0.001,0.001,0.001,0.001,0.001,0.096,0.175,0.004,0.001,0.001,0.031,0.001,0.001,0.001,0.131,0.496,0.07,0.01,0.001,0.001,0.001,0.001,0.001,0.3,0.821,0.402,0.253,0.001,0.863,0.987,1.187,1.154,0.794,0.219,0.308,0.037,0.728,-0.441,-0.433,-0.296,0.661,0.658,0.465,0.115,0.812,0.817,0.662,0.072,0.584,0.708,0.711,0.275,0.062,0.261,0.347,0.226,0.325,0.531,0.821,0.725,0.149,0.002,0.004,0.35,0.652,0.161,0.021,0.357,0.283,0.096,0.001,0.013,0.41,0.641,0.155,0.77,0.001,0.481,0.664,0.452,0.996,0.31,0.324,0.001,0.062,8.635,17.194
00:40.4,4112,-0.419,-0.484,-0.534,-0.552,-0.38,-0.709,0.182,0.565,0.205,-0.034,0.771,0.602,0.627,0.592,-0.401,-0.31,0.284,0.376,0.452,0.757,0.333,0.527,-0.535,0.569,0.001,0.001,0.001,0.001,0.074,0.079,0.121,0.002,0.001,0.001,0.001,0.001,0.001,0.001,0.096,0.175,0.004,0.001,0.001,0.031,0.001,0.001,0.001,0.131,0.496,0.07,0.01,0.001,0.001,0.001,0.001,0.001,0.3,0.821,0.402,0.253,0.001,0.863,0.987,1.187,1.154,0.794,0.219,0.308,0.037,0.728,-0.441,-0.433,-0.296,0.661,0.658,0.465,0.115,0.812,0.817,0.662,0.072,0.584,0.708,0.711,0.275,0.062,0.261,0.347,0.226,0.325,0.531,0.821,0.725,0.149,0.002,0.004,0.35,0.652,0.161,0.021,0.357,0.283,0.096,0.001,0.013,0.41,0.641,0.155,0.77,0.001,0.481,0.664,0.452,0.996,0.31,0.324,0.001,0.062,8.635,17.194
00:40.4,4113,-0.414,-0.488,-0.529,-0.557,-0.379,-0.708,0.182,0.568,0.196,-0.027,0.77,0.606,0.623,0.593,-0.414,-0.299,0.285,0.372,0.454,0.758,0.333,0.527,-0.535,0.569,0.001,0.001,0.001,0.001,0.074,0.079,0.121,0.002,0.001,0.001,0.001,0.001,0.001,0.001,0.096,0.175,0.004,0.001,0.001,0.031,0.001,0.001,0.001,0.131,0.496,0.07,0.01,0.001,0.001,0.001,0.001,0.001,0.3,0.821,0.402,0.253,0.001,0.863,0.987,1.187,1.154,0.794,0.219,0.308,0.037,0.728,-0.441,-0.433,-0.296,0.661,0.658,0.465,0.115,0.812,0.817,0.662,0.072,0.584,0.708,0.711,0.275,0.062,0.261,0.347,0.226,0.325,0.531,0.821,0.725,0.149,0.002,0.004,0.35,0.652,0.161,0.021,0.357,0.283,0.096,0.001,0.013,0.41,0.641,0.155,0.77,0.001,0.481,0.664,0.452,0.996,0.31,0.324,0.001,0.062,8.635,17.194
00:40.4,4114,-0.41,-0.491,-0.524,-0.562,-0.377,-0.707,0.181,0.57,0.181,-0.019,0.772,0.609,0.622,0.594,-0.425,-0.284,0.287,0.368,0.456,0.758,0.333,0.527,-0.535,0.569,0.001,0.001,0.001,0.001,0.074,0.079,0.121,0.002,0.001,0.001,0.001,0.001,0.001,0.001,0.096,0.175,0.004,0.001,0.001,0.031,0.001,0.001,0.001,0.131,0.496,0.07,0.01,0.001,0.001,0.001,0.001,0.001,0.3,0.821,0.402,0.253,0.001,0.863,0.987,1.187,1.154,0.794,0.219,0.308,0.037,0.728,-0.441,-0.433,-0.296,0.661,0.658,0.465,0.115,0.812,0.817,0.662,0.072,0.584,0.708,0.711,0.275,0.062,0.261,0.347,0.226,0.325,0.531,0.821,0.725,0.149,0.002,0.004,0.35,0.652,0.161,0.021,0.357,0.283,0.096,0.001,0.013,0.41,0.641,0.155,0.77,0.001,0.481,0.664,0.452,0.996,0.31,0.324,0.001,0.062,8.635,17.194
00:40.4,4115,-0.407,-0.494,-0.52,-0.565,-0.376,-0.708,0.179,0.57,0.165,-0.011,0.774,0.611,0.623,0.594,-0.432,-0.268,0.29,0.365,0.458,0.757,0.174,0.476,-0.574,0.643,0.001,0.001,0.001,0.001,0.076,0.078,0.123,0.002,0.001,0.001,0.001,0.001,0.001,0.001,0.093,0.165,0.002,0.001,0.001,0.031,0.001,0.001,0.001,0.131,0.491,0.065,0.009,0.001,0.001,0.001,0.001,0.001,0.302,0.819,0.403,0.249,0.001,0.857,0.993,1.179,1.145,0.801,0.22,0.311,0.035,0.728,-0.441,-0.433,-0.296,0.661,0.658,0.465,0.115,0.812,0.817,0.662,0.072,0.584,0.708,0.711,0.275,0.062,0.261,0.347,0.226,0.325,0.531,0.821,0.725,0.149,0.002,0.004,0.35,0.652,0.161,0.021,0.357,0.283,0.096,0.001,0.013,0.41,0.641,0.155,0.77,0.001,0.481,0.664,0.452,0.996,0.31,0.324,0.001,0.062,8.601,17.194
00:40.4,4116,-0.404,-0.497,-0.517,-0.568,-0.373,-0.711,0.175,0.57,0.154,-0.006,0.777,0.611,0.627,0.595,-0.435,-0.252,0.294,0.363,0.46,0.755,0.141,0.473,-0.573,0.654,0.001,0.001,0.001,0.001,0.073,0.001,0.055,0.001,0.001,0.001,0.001,0.001,0.001,0.009,0.094,0.009,0.006,0.001,0.001,0.001,0.001,0.001,0.042,0.1,0.188,0.026,0.048,0.001,0.001,0.001,0.001,0.001,0.271,0.302,0.027,0.129,0.001,0.558,0.535,0.449,1.042,0.277,0.084,0.089,0.212,0.687,-0.478,-0.443,-0.322,0.691,0.67,0.48,0.133,0.842,0.847,0.681,0.076,0.581,0.712,0.72,0.282,0.046,0.253,0.349,0.231,0.325,0.512,0.825,0.726,0.164,0.002,0.004,0.346,0.648,0.17,0.021,0.339,0.266,0.087,0.001,0.018,0.405,0.643,0.16,0.772,0.001,0.473,0.665,0.458,0.996,0.306,0.322,0.001,0.061,4.647,17.311
00:40.4,4117,-0.402,-0.499,-0.513,-0.571,-0.368,-0.715,0.171,0.569,0.147,-0.002,0.779,0.61,0.631,0.596,-0.436,-0.24,0.297,0.363,0.461,0.753,0.109,0.47,-0.573,0.663,0.001,0.001,0.001,0.001,0.089,0.001,0.04,0.001,0.001,0.001,0.001,0.001,0.001,0.002,0.104,0.01,0.001,0.001,0.001,0.001,0.001,0.001,0.032,0.085,0.187,0.01,0.055,0.001,0.001,0.001,0.001,0.001,0.261,0.269,0.001,0.107,0.001,0.491,0.441,0.281,0.985,0.176,0.039,0.048,0.14,0.681,-0.484,-0.438,-0.331,0.869,0.702,0.562,0.193,0.864,0.836,0.601,0.079,0.711,0.712,0.736,0.426,0.09,0.289,0.337,0.234,0.265,0.702,0.833,0.786,0.327,0.029,0.029,0.364,0.624,0.175,0.031,0.455,0.386,0.253,0.001,0.031,0.414,0.621,0.175,0.785,0.001,0.512,0.69,0.575,1.049,0.341,0.349,0.002,0.061,3.876,19.107
00:40.4,4118,-0.4,-0.501,-0.51,-0.573,-0.362,-0.721,0.167,0.567,0.146,0.001,0.78,0.608,0.632,0.596,-0.435,-0.237,0.298,0.364,0.463,0.751,0.067,0.464,-0.574,0.671,0.001,0.001,0.001,0.001,0.096,0.001,0.034,0.001,0.001,0.001,0.001,0.001,0.001,0.002,0.109,0.002,0.001,0.001,0.001,0.001,0.001,0.001,0.021,0.074,0.167,0.001,0.054,0.001,0.001,0.001,0.001,0.001,0.217,0.242,0.001,0.1,0.001,0.416,0.366,0.19,0.993,0.105,0.012,0.001,0.024,0.674,-0.491,-0.433,-0.341,0.868,0.697,0.554,0.193,0.856,0.813,0.578,0.076,0.714,0.706,0.729,0.421,0.099,0.299,0.331,0.23,0.263,0.718,0.834,0.795,0.353,0.05,0.042,0.363,0.624,0.183,0.04,0.469,0.413,0.284,0.002,0.028,0.411,0.615,0.173,0.802,0.001,0.525,0.7,0.619,1.084,0.354,0.364,0.001,0.07,3.25,19.344
00:40.4,4119,-0.399,-0.503,-0.507,-0.576,-0.355,-0.727,0.162,0.565,0.148,0.004,0.782,0.606,0.631,0.597,-0.433,-0.241,0.299,0.366,0.464,0.749,0.042,0.459,-0.573,0.677,0.001,0.001,0.001,0.001,0.11,0.001,0.027,0.001,0.001,0.011,0.001,0.001,0.001,0.001,0.109,0.001,0.001,0.001,0.001,0.001,0.001,0.001,0.011,0.055,0.125,0.001,0.037,0.001,0.001,0.001,0.001,0.001,0.189,0.219,0.001,0.051,0.001,0.266,0.295,0.115,0.864,0.028,0.001,0.001,0.001,0.669,-0.496,-0.429,-0.349,0.858,0.691,0.542,0.182,0.849,0.769,0.56,0.074,0.72,0.702,0.722,0.427,0.1,0.309,0.325,0.226,0.266,0.734,0.833,0.803,0.381,0.059,0.049,0.359,0.618,0.182,0.051,0.482,0.431,0.309,0.002,0.032,0.408,0.607,0.173,0.785,0.001,0.541,0.712,0.67,1.128,0.372,0.379,0.002,0.079,2.541,19.504
00:40.4,4120,-0.396,-0.505,-0.504,-0.578,-0.347,-0.733,0.158,0.564,0.152,0.008,0.782,0.604,0.628,0.597,-0.432,-0.249,0.298,0.369,0.465,0.747,0.005,0.452,-0.572,0.685,0.001,0.001,0.001,0.001,0.12,0.001,0.024,0.001,0.001,0.063,0.001,0.001,0.001,0.001,0.096,0.001,0.001,0.001,0.001,0.001,0.001,0.001,0.001,0.037,0.11,0.001,0.009,0.001,0.001,0.001,0.001,0.001,0.1,0.173,0.001,0.04,0.001,0.156,0.212,0.043,0.569,0.001,0.001,0.001,0.001,0.665,-0.5,-0.425,-0.356,0.856,0.686,0.53,0.161,0.835,0.742,0.546,0.073,0.722,0.7,0.718,0.427,0.104,0.313,0.311,0.222,0.267,0.741,0.834,0.811,0.403,0.068,0.054,0.354,0.607,0.19,0.057,0.49,0.444,0.331,0.002,0.035,0.411,0.607,0.197,0.784,0.001,0.559,0.724,0.718,1.159,0.38,0.385,0.002,0.084,1.783,19.645
00:40.5,4121,-0.394,-0.506,-0.501,-0.581,-0.339,-0.737,0.155,0.564,0.154,0.012,0.783,0.603,0.624,0.596,-0.433,-0.26,0.298,0.371,0.467,0.745,-0.02,0.446,-0.57,0.69,0.001,0.001,0.001,0.001,0.115,0.001,0.029,0.001,0.001,0.083,0.001,0.001,0.001,0.001,0.078,0.001,0.001,0,0.01,0.023,0.001,0.001,0.001,0.009,0.115,0.001,0.001,0.001,0.001,0.001,0.001,0.001,0.031,0.155,0.001,0.024,0.001,0.038,0.127,0.001,0.154,0.001,0.001,0.001,0.001,0.662,-0.501,-0.423,-0.362,0.853,0.681,0.516,0.15,0.811,0.706,0.53,0.073,0.72,0.698,0.713,0.422,0.114,0.319,0.3,0.219,0.271,0.746,0.835,0.814,0.418,0.067,0.063,0.347,0.598,0.204,0.063,0.492,0.462,0.342,0.002,0.038,0.416,0.604,0.212,0.789,0.002,0.579,0.734,0.757,1.179,0.386,0.392,0.002,0.094,1.021,19.733
00:40.5,4122,-0.392,-0.507,-0.499,-0.583,-0.329,-0.74,0.151,0.567,0.155,0.017,0.783,0.602,0.62,0.595,-0.436,-0.269,0.297,0.373,0.468,0.744,-0.02,0.446,-0.57,0.69,0.001,0.001,0.001,0.001,0.115,0.001,0.029,0.001,0.001,0.083,0.001,0.001,0.001,0.001,0.078,0.001,0.001,0,0.01,0.023,0.001,0.001,0.001,0.009,0.115,0.001,0.001,0.001,0.001,0.001,0.001,0.001,0.031,0.155,0.001,0.024,0.001,0.038,0.127,0.001,0.154,0.001,0.001,0.001,0.001,0.66,-0.501,-0.423,-0.366,0.851,0.676,0.503,0.144,0.797,0.685,0.514,0.072,0.72,0.697,0.711,0.416,0.117,0.315,0.297,0.22,0.275,0.747,0.836,0.821,0.426,0.077,0.068,0.337,0.587,0.22,0.065,0.496,0.468,0.353,0.002,0.039,0.416,0.602,0.221,0.791,0.002,0.596,0.746,0.774,1.192,0.393,0.396,0.002,0.101,1.021,19.784
00:40.5,4123,-0.39,-0.508,-0.496,-0.585,-0.316,-0.743,0.148,0.571,0.155,0.023,0.783,0.602,0.616,0.592,-0.44,-0.274,0.297,0.373,0.468,0.744,-0.02,0.446,-0.57,0.69,0.001,0.001,0.001,0.001,0.115,0.001,0.029,0.001,0.001,0.083,0.001,0.001,0.001,0.001,0.078,0.001,0.001,0,0.01,0.023,0.001,0.001,0.001,0.009,0.115,0.001,0.001,0.001,0.001,0.001,0.001,0.001,0.031,0.155,0.001,0.024,0.001,0.038,0.127,0.001,0.154,0.001,0.001,0.001,0.001,0.658,-0.501,-0.423,-0.371,0.849,0.672,0.496,0.121,0.779,0.664,0.505,0.072,0.719,0.695,0.709,0.421,0.115,0.317,0.293,0.217,0.274,0.75,0.838,0.823,0.437,0.079,0.073,0.333,0.58,0.221,0.071,0.499,0.471,0.354,0.002,0.039,0.422,0.602,0.225,0.791,0.001,0.6,0.753,0.802,1.203,0.398,0.4,0.002,0.107,1.021,19.794
00:40.5,4124,-0.389,-0.51,-0.494,-0.587,-0.301,-0.744,0.147,0.577,0.154,0.028,0.783,0.602,0.614,0.59,-0.446,-0.275,0.298,0.371,0.469,0.744,-0.02,0.446,-0.57,0.69,0.001,0.001,0.001,0.001,0.115,0.001,0.029,0.001,0.001,0.083,0.001,0.001,0.001,0.001,0.078,0.001,0.001,0,0.01,0.023,0.001,0.001,0.001,0.009,0.115,0.001,0.001,0.001,0.001,0.001,0.001,0.001,0.031,0.155,0.001,0.024,0.001,0.038,0.127,0.001,0.154,0.001,0.001,0.001,0.001,0.656,-0.501,-0.423,-0.374,0.845,0.668,0.487,0.112,0.763,0.64,0.499,0.071,0.72,0.695,0.709,0.411,0.112,0.32,0.288,0.216,0.269,0.75,0.839,0.823,0.436,0.074,0.078,0.332,0.58,0.223,0.073,0.499,0.476,0.368,0.002,0.04,0.426,0.602,0.231,0.788,0.002,0.606,0.759,0.823,1.216,0.402,0.4,0.002,0.104,1.021,19.779
00:40.5,4125,-0.388,-0.512,-0.492,-0.588,-0.286,-0.744,0.149,0.585,0.152,0.033,0.782,0.603,0.615,0.587,-0.451,-0.271,0.299,0.368,0.469,0.745,-0.02,0.446,-0.57,0.69,0.001,0.001,0.001,0.001,0.115,0.001,0.029,0.001,0.001,0.083,0.001,0.001,0.001,0.001,0.078,0.001,0.001,0,0.01,0.023,0.001,0.001,0.001,0.009,0.115,0.001,0.001,0.001,0.001,0.001,0.001,0.001,0.031,0.155,0.001,0.024,0.001,0.038,0.127,0.001,0.154,0.001,0.001,0.001,0.001,0.654,-0.501,-0.423,-0.377,0.838,0.663,0.484,0.106,0.746,0.615,0.488,0.071,0.72,0.694,0.705,0.403,0.11,0.322,0.288,0.217,0.265,0.751,0.84,0.822,0.441,0.079,0.078,0.335,0.581,0.226,0.078,0.501,0.48,0.368,0.002,0.042,0.427,0.601,0.234,0.79,0.002,0.608,0.758,0.833,1.215,0.407,0.399,0.002,0.105,1.021,19.74
00:40.5,4126,-0.387,-0.514,-0.49,-0.588,-0.273,-0.739,0.152,0.596,0.151,0.039,0.782,0.603,0.617,0.585,-0.455,-0.265,0.3,0.364,0.47,0.746,-0.02,0.446,-0.57,0.69,0.001,0.001,0.001,0.001,0.115,0.001,0.029,0.001,0.001,0.083,0.001,0.001,0.001,0.001,0.078,0.001,0.001,0,0.01,0.023,0.001,0.001,0.001,0.009,0.115,0.001,0.001,0.001,0.001,0.001,0.001,0.001,0.031,0.155,0.001,0.024,0.001,0.038,0.127,0.001,0.154,0.001,0.001,0.001,0.001,0.651,-0.502,-0.423,-0.38,0.83,0.661,0.476,0.101,0.729,0.597,0.484,0.068,0.718,0.692,0.702,0.396,0.106,0.322,0.284,0.219,0.261,0.752,0.841,0.822,0.44,0.084,0.078,0.335,0.584,0.227,0.083,0.502,0.482,0.372,0.001,0.043,0.431,0.6,0.232,0.789,0.001,0.613,0.758,0.834,1.211,0.403,0.397,0.002,0.105,1.021,19.668
00:40.5,4127,-0.386,-0.517,-0.487,-0.588,-0.265,-0.731,0.156,0.609,0.149,0.044,0.782,0.604,0.619,0.584,-0.457,-0.259,0.301,0.361,0.472,0.746,-0.02,0.446,-0.57,0.69,0.001,0.001,0.001,0.001,0.115,0.001,0.029,0.001,0.001,0.083,0.001,0.001,0.001,0.001,0.078,0.001,0.001,0,0.01,0.023,0.001,0.001,0.001,0.009,0.115,0.001,0.001,0.001,0.001,0.001,0.001,0.001,0.031,0.155,0.001,0.024,0.001,0.038,0.127,0.001,0.154,0.001,0.001,0.001,0.001,0.651,-0.502,-0.423,-0.38,0.83,0.661,0.476,0.101,0.729,0.597,0.484,0.068,0.718,0.692,0.702,0.396,0.106,0.322,0.284,0.219,0.261,0.752,0.841,0.822,0.44,0.084,0.078,0.335,0.584,0.227,0.083,0.502,0.482,0.372,0.001,0.043,0.431,0.6,0.232,0.789,0.001,0.613,0.758,0.834,1.211,0.403,0.397,0.002,0.105,1.021,19.668
00:40.5,4128,-0.386,-0.52,-0.485,-0.588,-0.262,-0.722,0.159,0.62,0.147,0.049,0.781,0.605,0.621,0.583,-0.458,-0.254,0.303,0.357,0.474,0.746,0.051,0.502,-0.585,0.635,0.001,0.001,0.001,0.001,0.107,0.001,0.017,0.001,0.001,0.085,0.001,0.001,0.001,0.001,0.049,0.001,0.001,0.001,0.01,0.029,0.001,0.001,0.001,0.004,0.101,0.001,0.001,0.001,0.001,0.001,0.001,0.001,0.009,0.104,0.001,0.015,0.001,0.001,0.06,0.001,0.001,0.001,0.001,0.001,0.001,0.651,-0.502,-0.423,-0.38,0.83,0.661,0.476,0.101,0.729,0.597,0.484,0.068,0.718,0.692,0.702,0.396,0.106,0.322,0.284,0.219,0.261,0.752,0.841,0.822,0.44,0.084,0.078,0.335,0.584,0.227,0.083,0.502,0.482,0.372,0.001,0.043,0.431,0.6,0.232,0.789,0.001,0.613,0.758,0.834,1.211,0.403,0.397,0.002,0.105,0.623,19.668
00:40.5,4129,-0.386,-0.523,-0.483,-0.587,-0.262,-0.712,0.162,0.631,0.143,0.054,0.78,0.606,0.623,0.582,-0.458,-0.251,0.305,0.355,0.476,0.745,0.073,0.508,-0.589,0.624,0.001,0.001,0.001,0.001,0.118,0.001,0.012,0.001,0.001,0.017,0.001,0.001,0.001,0.001,0.033,0.001,0.001,0.001,0.001,0.011,0.001,0.001,0.001,0.001,0.085,0.001,0.001,0.001,0.001,0.001,0.001,0.001,0.006,0.056,0.001,0.001,0.001,0.009,0.031,0.001,0.001,0.001,0.001,0.001,0.001,0.651,-0.502,-0.423,-0.38,0.83,0.661,0.476,0.101,0.729,0.597,0.484,0.068,0.718,0.692,0.702,0.396,0.106,0.322,0.284,0.219,0.261,0.752,0.841,0.822,0.44,0.084,0.078,0.335,0.584,0.227,0.083,0.502,0.482,0.372,0.001,0.043,0.431,0.6,0.232,0.789,0.001,0.613,0.758,0.834,1.211,0.403,0.397,0.002,0.105,0.413,19.668
